Dre Gene ID	Dre Protein ID	Dre Gene Name	Eel Gene ID	Eel Protein ID	Eel Gene Name
ENSDARP00000123357	ENSDARG00000063344	fam162a	ENSEEEP00000041799	ENSEEEG00000019770	FAM162A
ENSDARP00000113342	ENSDARG00000036008	caly	ENSEEEP00000052000	ENSEEEG00000024399	CALY
ENSDARP00000130235	ENSDARG00000104901	ostc	ENSEEEP00000039040	ENSEEEG00000018525	OSTC
ENSDARP00000067620	ENSDARG00000031836	vps37c	ENSEEEP00000005218	ENSEEEG00000002723	VPS37C
ENSDARP00000140695	ENSDARG00000103391	rab9b	ENSEEEP00000017581	ENSEEEG00000008684	RAB9B
ENSDARP00000117760	ENSDARG00000030463	tppp3	ENSEEEP00000045524	ENSEEEG00000021480	TPPP3
ENSDARP00000094174	ENSDARG00000070447	slc39a9	ENSEEEP00000010464	ENSEEEG00000005287	SLC39A9
ENSDARP00000052421	ENSDARG00000036109	mtx1b	ENSEEEP00000047473	ENSEEEG00000022338	mtx1b
ENSDARP00000047911	ENSDARG00000029612	gpkow	ENSEEEP00000004513	ENSEEEG00000002349	GPKOW
ENSDARP00000074797	ENSDARG00000057635	dync2i2	ENSEEEP00000044444	ENSEEEG00000020999	wdr34
ENSDARP00000012411	ENSDARG00000015793	creb3l1	ENSEEEP00000019315	ENSEEEG00000009385	CREB3L1
ENSDARP00000129339	ENSDARG00000044573	cdc42	ENSEEEP00000012720	ENSEEEG00000006360	CDC42
ENSDARP00000143739	ENSDARG00000076270	adamts13	ENSEEEP00000008348	ENSEEEG00000004355	
ENSDARP00000133725	ENSDARG00000100738	osmr	ENSEEEP00000055992	ENSEEEG00000025910	osmr
ENSDARP00000088293	ENSDARG00000067711	parvg	ENSEEEP00000006956	ENSEEEG00000003664	PARVG
ENSDARP00000133585	ENSDARG00000101806	or30bu1	ENSEEEP00000053959	ENSEEEG00000026668	or104-1
ENSDARP00000128763	ENSDARG00000078805	ap5b1	ENSEEEP00000061229	ENSEEEG00000026183	AP5B1
ENSDARP00000124126	ENSDARG00000058893	nhej1	ENSEEEP00000012435	ENSEEEG00000006244	NHEJ1
ENSDARP00000118767	ENSDARG00000088881	si:dkeyp-69b9.3	ENSEEEP00000026528	ENSEEEG00000012831	si:dkeyp-69b9.3
ENSDARP00000122708	ENSDARG00000039490	pitpnaa	ENSEEEP00000019758	ENSEEEG00000009665	pitpnaa
ENSDARP00000009303	ENSDARG00000020986	ctu1	ENSEEEP00000011774	ENSEEEG00000005926	ctu1
ENSDARP00000142917	ENSDARG00000098626	nitr12	ENSEEEP00000012922	ENSEEEG00000006485	
ENSDARP00000105933	ENSDARG00000089187	wfdc2	ENSEEEP00000018599	ENSEEEG00000009142	wfdc2
ENSDARP00000114359	ENSDARG00000003175	stx5al	ENSEEEP00000039739	ENSEEEG00000018840	stx5a
ENSDARP00000041576	ENSDARG00000033099	kif7	ENSEEEP00000034440	ENSEEEG00000016392	KIF7
ENSDARP00000131567	ENSDARG00000102175	hamp	ENSEEEP00000063752	ENSEEEG00000026891	HAMP
ENSDARP00000055610	ENSDARG00000038154	isca2	ENSEEEP00000012666	ENSEEEG00000006359	ISCA2
ENSDARP00000054842	ENSDARG00000037652	ints15	ENSEEEP00000025543	ENSEEEG00000012391	ints15
ENSDARP00000052085	ENSDARG00000035875	tmem54b	ENSEEEP00000031431	ENSEEEG00000015035	tmem54b
ENSDARP00000083057	ENSDARG00000057074	rpgrb	ENSEEEP00000057968	ENSEEEG00000026548	rpgrb
ENSDARP00000090421	ENSDARG00000075181	crfb16	ENSEEEP00000023169	ENSEEEG00000011235	crfb16
ENSDARP00000122316	ENSDARG00000077950	tor1	ENSEEEP00000012949	ENSEEEG00000025220	tor1
ENSDARP00000026766	ENSDARG00000003144	pxmp2	ENSEEEP00000043589	ENSEEEG00000020600	pxmp2
ENSDARP00000109245	ENSDARG00000016968	tmem214	ENSEEEP00000043793	ENSEEEG00000020691	TMEM214
ENSDARP00000107067	ENSDARG00000090063	fa2h	ENSEEEP00000034926	ENSEEEG00000016613	FA2H
ENSDARP00000043932	ENSDARG00000033789	ndufb7	ENSEEEP00000045099	ENSEEEG00000021294	NDUFB7
ENSDARP00000123927	ENSDARG00000017522	ctdp1	ENSEEEP00000041462	ENSEEEG00000019606	CTDP1
ENSDARP00000142417	ENSDARG00000045015	cyp27b1	ENSEEEP00000032485	ENSEEEG00000015460	CYP27B1
ENSDARP00000129176	ENSDARG00000045641	usp3	ENSEEEP00000002854	ENSEEEG00000001460	USP3
ENSDARP00000137373	ENSDARG00000103025	hmgcs1	ENSEEEP00000044248	ENSEEEG00000020904	HMGCS1
ENSDARP00000118703	ENSDARG00000052520	sgms2a	ENSEEEP00000023496	ENSEEEG00000011393	sgms2a
ENSDARP00000113168	ENSDARG00000018542	hapln4	ENSEEEP00000047674	ENSEEEG00000022435	HAPLN4
ENSDARP00000157677	ENSDARG00000074253	olig3	ENSEEEP00000018288	ENSEEEG00000008985	OLIG3
ENSDARP00000104039	ENSDARG00000062357	tafa1a	ENSEEEP00000023663	ENSEEEG00000011454	TAFA1
ENSDARP00000090253	ENSDARG00000068711	crfb4	ENSEEEP00000003043	ENSEEEG00000001728	EMB
ENSDARP00000105121	ENSDARG00000090854	lsm11	ENSEEEP00000035552	ENSEEEG00000016936	LSM11
ENSDARP00000073666	ENSDARG00000056683	cdk5	ENSEEEP00000001553	ENSEEEG00000001000	CDK5
ENSDARP00000123656	ENSDARG00000078567	lonrf1	ENSEEEP00000058908	ENSEEEG00000029076	lonrf1l
ENSDARP00000072928	ENSDARG00000029263	hoxb3a	ENSEEEP00000007588	ENSEEEG00000003961	hoxb3a
ENSDARP00000122329	ENSDARG00000042515	gpr176	ENSEEEP00000058534	ENSEEEG00000025737	GPR176
ENSDARP00000122107	ENSDARG00000036943	golph3l	ENSEEEP00000017693	ENSEEEG00000008736	GOLPH3L
ENSDARP00000129532	ENSDARG00000002355	shpk	ENSEEEP00000050437	ENSEEEG00000023713	shpk
ENSDARP00000119382	ENSDARG00000087798	pdyn	ENSEEEP00000062628	ENSEEEG00000027449	PDYN
ENSDARP00000136614	ENSDARG00000101106	si:ch73-109d9.3	ENSEEEP00000057524	ENSEEEG00000024679	si:ch73-109d9.3
ENSDARP00000124668	ENSDARG00000045443	agtr1b	ENSEEEP00000038814	ENSEEEG00000018414	agtr1b
ENSDARP00000141103	ENSDARG00000101085	ss18l2	ENSEEEP00000058374	ENSEEEG00000002167	SS18L2
ENSDARP00000024706	ENSDARG00000007250	use1	ENSEEEP00000057172	ENSEEEG00000026203	USE1
ENSDARP00000005897	ENSDARG00000006560	irf4a	ENSEEEP00000051484	ENSEEEG00000024171	irf4a
ENSDARP00000109087	ENSDARG00000063574	mtg2	ENSEEEP00000054223	ENSEEEG00000027276	MTG2
ENSDARP00000107936	ENSDARG00000086471	pkig	ENSEEEP00000050627	ENSEEEG00000023800	
ENSDARP00000094402	ENSDARG00000002377	mief2	ENSEEEP00000039131	ENSEEEG00000018587	MIEF2
ENSDARP00000123964	ENSDARG00000052129	boka	ENSEEEP00000053080	ENSEEEG00000027754	boka
ENSDARP00000127626	ENSDARG00000098029	ciroz	ENSEEEP00000058683	ENSEEEG00000026293	
ENSDARP00000077877	ENSDARG00000059773	srcin1a	ENSEEEP00000008712	ENSEEEG00000004521	SRCIN1
ENSDARP00000073739	ENSDARG00000056740	tmeff1b	ENSEEEP00000033582	ENSEEEG00000015976	tmeff1b
ENSDARP00000098832	ENSDARG00000077253	alkbh6	ENSEEEP00000046649	ENSEEEG00000021967	ALKBH6
ENSDARP00000130469	ENSDARG00000100694	tnnt2b	ENSEEEP00000014483	ENSEEEG00000007207	tnnt2b
ENSDARP00000112840	ENSDARG00000093799	setbp1	ENSEEEP00000053593	ENSEEEG00000027241	
ENSDARP00000004251	ENSDARG00000018871	henmt1	ENSEEEP00000004546	ENSEEEG00000002337	HENMT1
ENSDARP00000134216	ENSDARG00000102608	zgc:109986	ENSEEEP00000008378	ENSEEEG00000004371	zgc:109986
ENSDARP00000016733	ENSDARG00000003818	prkag1	ENSEEEP00000004840	ENSEEEG00000002461	prkag1
ENSDARP00000017340	ENSDARG00000019156	haus5	ENSEEEP00000037223	ENSEEEG00000017696	HAUS5
ENSDARP00000044114	ENSDARG00000034734	med6	ENSEEEP00000060704	ENSEEEG00000000536	MED6
ENSDARP00000132315	ENSDARG00000079283	si:ch211-247j9.1	ENSEEEP00000062959	ENSEEEG00000024869	si:ch211-247j9.1
ENSDARP00000118427	ENSDARG00000021913	ak9	ENSEEEP00000027149	ENSEEEG00000013102	
ENSDARP00000130726	ENSDARG00000105120	gab2	ENSEEEP00000043632	ENSEEEG00000020625	GAB2
ENSDARP00000116310	ENSDARG00000027141	ube2l3b	ENSEEEP00000018805	ENSEEEG00000009242	ube2l3b
ENSDARP00000127975	ENSDARG00000093111	si:ch211-209l18.2	ENSEEEP00000005823	ENSEEEG00000003088	
ENSDARP00000142379	ENSDARG00000039218	gpr101	ENSEEEP00000052085	ENSEEEG00000024430	gpr101
ENSDARP00000025545	ENSDARG00000020449	yipf3	ENSEEEP00000026281	ENSEEEG00000012702	YIPF3
ENSDARP00000056654	ENSDARG00000038792	klf17	ENSEEEP00000055485	ENSEEEG00000016038	klf17
ENSDARP00000074879	ENSDARG00000044015	gfra2b	ENSEEEP00000017314	ENSEEEG00000008553	gfra2b
ENSDARP00000143276	ENSDARG00000003206	chchd6a	ENSEEEP00000052031	ENSEEEG00000024413	chchd6a
ENSDARP00000124659	ENSDARG00000078686	arl8a	ENSEEEP00000064629	ENSEEEG00000015207	arl3l2
ENSDARP00000003814	ENSDARG00000009253	rtraf	ENSEEEP00000052735	ENSEEEG00000027592	RTRAF
ENSDARP00000114101	ENSDARG00000062549	acmsd	ENSEEEP00000048229	ENSEEEG00000022707	ACMSD
ENSDARP00000145630	ENSDARG00000037262	cdkn2a/b	ENSEEEP00000028020	ENSEEEG00000013484	CDKN2B
ENSDARP00000054688	ENSDARG00000037555	atoh8	ENSEEEP00000022774	ENSEEEG00000011043	ATOH8
ENSDARP00000056892	ENSDARG00000038976	pdcd7	ENSEEEP00000056510	ENSEEEG00000025762	PDCD7
ENSDARP00000093709	ENSDARG00000059351	hnrnpa3	ENSEEEP00000021336	ENSEEEG00000010394	HNRNPA3
ENSDARP00000028290	ENSDARG00000024219	cdk5rap2	ENSEEEP00000056536	ENSEEEG00000000255	CDK5RAP2
ENSDARP00000132430	ENSDARG00000102612	slc15a4	ENSEEEP00000015427	ENSEEEG00000007657	SLC15A4
ENSDARP00000120631	ENSDARG00000075818	dok2	ENSEEEP00000050734	ENSEEEG00000023837	DOK2
ENSDARP00000116348	ENSDARG00000055560	p2ry8	ENSEEEP00000047259	ENSEEEG00000022242	P2RY8
ENSDARP00000030499	ENSDARG00000024771	slc24a5	ENSEEEP00000032639	ENSEEEG00000015561	SLC24A5
ENSDARP00000136938	ENSDARG00000092855	srbd1	ENSEEEP00000021354	ENSEEEG00000010406	SRBD1
ENSDARP00000135162	ENSDARG00000100531	abhd14b	ENSEEEP00000014400	ENSEEEG00000007167	ABHD14B
ENSDARP00000072270	ENSDARG00000055445	slc22a15	ENSEEEP00000061194	ENSEEEG00000025351	SLC22A15
ENSDARP00000131054	ENSDARG00000098075	sh3bgrl3	ENSEEEP00000017349	ENSEEEG00000008574	SH3BGRL3
ENSDARP00000117940	ENSDARG00000069595	prr36a	ENSEEEP00000063264	ENSEEEG00000026210	si:ch211-214c7.4
ENSDARP00000118847	ENSDARG00000055901	steap4	ENSEEEP00000040500	ENSEEEG00000019184	steap4
ENSDARP00000045815	ENSDARG00000023111	plg	ENSEEEP00000030371	ENSEEEG00000014538	PLG
ENSDARP00000123498	ENSDARG00000040930	deptor	ENSEEEP00000026880	ENSEEEG00000012975	DEPTOR
ENSDARP00000143305	ENSDARG00000057227	matcap2	ENSEEEP00000001473	ENSEEEG00000000954	hyal2b
ENSDARP00000094997	ENSDARG00000043431	qtgal	ENSEEEP00000043395	ENSEEEG00000020506	B3GNTL1
ENSDARP00000123099	ENSDARG00000029905	phyhd1	ENSEEEP00000040012	ENSEEEG00000018972	PHYHD1
ENSDARP00000104107	ENSDARG00000077082	agtrap	ENSEEEP00000027558	ENSEEEG00000013283	AGTRAP
ENSDARP00000119233	ENSDARG00000077581	zzz3	ENSEEEP00000023966	ENSEEEG00000011639	ZZZ3
ENSDARP00000017949	ENSDARG00000018593	parp16	ENSEEEP00000017449	ENSEEEG00000008633	PARP16
ENSDARP00000069783	ENSDARG00000002509	zgc:153911	ENSEEEP00000009549	ENSEEEG00000004884	zgc:153911
ENSDARP00000059263	ENSDARG00000054031	mxd4	ENSEEEP00000037068	ENSEEEG00000017604	MXD4
ENSDARP00000117225	ENSDARG00000062987	tyw1	ENSEEEP00000054608	ENSEEEG00000025719	tyw1
ENSDARP00000058335	ENSDARG00000039880	arpp19b	ENSEEEP00000022847	ENSEEEG00000011084	arpp19b
ENSDARP00000115796	ENSDARG00000035860	rps28	ENSEEEP00000015990	ENSEEEG00000007915	RPS28
ENSDARP00000029079	ENSDARG00000023298	rps27.1	ENSEEEP00000010549	ENSEEEG00000005260	RPS27
ENSDARP00000116754	ENSDARG00000002219	si:dkey-103j14.5	ENSEEEP00000059538	ENSEEEG00000028874	si:dkey-103j14.5
ENSDARP00000103369	ENSDARG00000079391	mrpl42	ENSEEEP00000062811	ENSEEEG00000008265	mrpl42
ENSDARP00000058545	ENSDARG00000040021	ebag9	ENSEEEP00000052453	ENSEEEG00000024567	EBAG9
ENSDARP00000146252	ENSDARG00000013266	colec11	ENSEEEP00000003588	ENSEEEG00000001964	COLEC11
ENSDARP00000054091	ENSDARG00000037196	arid5b	ENSEEEP00000032254	ENSEEEG00000015386	ARID5B
ENSDARP00000109123	ENSDARG00000032264	mybl2b	ENSEEEP00000022825	ENSEEEG00000011075	mybl2b
ENSDARP00000136332	ENSDARG00000025325	ccsapa	ENSEEEP00000039487	ENSEEEG00000018756	ccsapa
ENSDARP00000099267	ENSDARG00000040643	ccr10	ENSEEEP00000062613	ENSEEEG00000028095	CCR10
ENSDARP00000004202	ENSDARG00000017422	apmap	ENSEEEP00000063449	ENSEEEG00000028636	APMAP
ENSDARP00000130272	ENSDARG00000063390	pvrl2l	ENSEEEP00000057790	ENSEEEG00000022513	pvrl2l
ENSDARP00000062698	ENSDARG00000042726	grb7	ENSEEEP00000001606	ENSEEEG00000001027	GRB7
ENSDARP00000129550	ENSDARG00000055472	nubp1	ENSEEEP00000045226	ENSEEEG00000021349	NUBP1
ENSDARP00000108848	ENSDARG00000088293	doc2b	ENSEEEP00000063771	ENSEEEG00000004454	DOC2B
ENSDARP00000141837	ENSDARG00000101050	tmc8	ENSEEEP00000046227	ENSEEEG00000021775	TMC8
ENSDARP00000069903	ENSDARG00000053383	rprma	ENSEEEP00000025494	ENSEEEG00000012376	rprma
ENSDARP00000073959	ENSDARG00000056921	ankk1	ENSEEEP00000033946	ENSEEEG00000016169	ankk1
ENSDARP00000114812	ENSDARG00000042057	trmt1l	ENSEEEP00000010112	ENSEEEG00000005125	TRMT1L
ENSDARP00000129811	ENSDARG00000088764	lyplal1	ENSEEEP00000014871	ENSEEEG00000007404	LYPLAL1
ENSDARP00000049146	ENSDARG00000033754	rbm48	ENSEEEP00000043687	ENSEEEG00000020652	RBM48
ENSDARP00000131636	ENSDARG00000021702	pdcd4a	ENSEEEP00000037084	ENSEEEG00000017612	pdcd4a
ENSDARP00000105424	ENSDARG00000009754	zc3h11a	ENSEEEP00000032514	ENSEEEG00000015502	zc3h11a
ENSDARP00000086448	ENSDARG00000063155	dcaf12	ENSEEEP00000031482	ENSEEEG00000015030	DCAF12
ENSDARP00000062855	ENSDARG00000042825	rnf169	ENSEEEP00000049936	ENSEEEG00000023475	
ENSDARP00000078619	ENSDARG00000060036	aimp1a	ENSEEEP00000001130	ENSEEEG00000000758	aimp1a
ENSDARP00000024846	ENSDARG00000020926	creb3l3l	ENSEEEP00000043484	ENSEEEG00000020559	creb3l3l
ENSDARP00000124595	ENSDARG00000019098	cd82a	ENSEEEP00000042020	ENSEEEG00000019855	cd82a
ENSDARP00000055324	ENSDARG00000037962	psmb7	ENSEEEP00000021255	ENSEEEG00000010340	PSMB7
ENSDARP00000091381	ENSDARG00000069245	matn3a	ENSEEEP00000030001	ENSEEEG00000014383	matn3a
ENSDARP00000041303	ENSDARG00000009350	atg3	ENSEEEP00000012469	ENSEEEG00000006247	ATG3
ENSDARP00000131340	ENSDARG00000100139	si:ch211-113d22.2	ENSEEEP00000028074	ENSEEEG00000013512	si:ch211-113d22.2
ENSDARP00000126936	ENSDARG00000076966	pagr1	ENSEEEP00000008166	ENSEEEG00000004256	PAGR1
ENSDARP00000131876	ENSDARG00000042252	eif4h	ENSEEEP00000049944	ENSEEEG00000023479	EIF4H
ENSDARP00000117816	ENSDARG00000018898	zfand5a	ENSEEEP00000029029	ENSEEEG00000013925	zfand5a
ENSDARP00000066582	ENSDARG00000004274	zgc:112496	ENSEEEP00000006695	ENSEEEG00000003549	zgc:112496
ENSDARP00000116491	ENSDARG00000018008	mdh1b	ENSEEEP00000006629	ENSEEEG00000003513	MDH1B
ENSDARP00000137947	ENSDARG00000103802	btbd8	ENSEEEP00000057451	ENSEEEG00000026836	
ENSDARP00000089712	ENSDARG00000052164	znf507	ENSEEEP00000042835	ENSEEEG00000020208	ZNF507
ENSDARP00000067842	ENSDARG00000046141	zgc:162025	ENSEEEP00000050765	ENSEEEG00000023850	zgc:162025
ENSDARP00000052382	ENSDARG00000036080	cd81a	ENSEEEP00000006200	ENSEEEG00000003307	cd81a
ENSDARP00000096934	ENSDARG00000071679	mydgf	ENSEEEP00000021261	ENSEEEG00000010363	MYDGF
ENSDARP00000119527	ENSDARG00000086457	tnfaip8l1	ENSEEEP00000021264	ENSEEEG00000010364	TNFAIP8L1
ENSDARP00000043068	ENSDARG00000032552	marchf5	ENSEEEP00000053743	ENSEEEG00000025034	march5
ENSDARP00000115422	ENSDARG00000013076	bmi1b	ENSEEEP00000026570	ENSEEEG00000012854	bmi1b
ENSDARP00000096296	ENSDARG00000071396	timm23a	ENSEEEP00000011707	ENSEEEG00000005894	timm23a
ENSDARP00000083002	ENSDARG00000061791	nyx	ENSEEEP00000015535	ENSEEEG00000007715	NYX
ENSDARP00000083038	ENSDARG00000011240	ift46	ENSEEEP00000031860	ENSEEEG00000015214	IFT46
ENSDARP00000081428	ENSDARG00000061185	naa60	ENSEEEP00000057566	ENSEEEG00000025677	nat15
ENSDARP00000090088	ENSDARG00000045857	cebpz	ENSEEEP00000019661	ENSEEEG00000009629	CEBPZ
ENSDARP00000070911	ENSDARG00000077299	yars2	ENSEEEP00000037395	ENSEEEG00000017777	YARS2
ENSDARP00000067396	ENSDARG00000033134	ndufaf7	ENSEEEP00000019697	ENSEEEG00000009632	NDUFAF7
ENSDARP00000119462	ENSDARG00000002994	itpkca	ENSEEEP00000005763	ENSEEEG00000003043	itpkca
ENSDARP00000078852	ENSDARG00000060124	timm17b	ENSEEEP00000004521	ENSEEEG00000002355	TIMM17B
ENSDARP00000067426	ENSDARG00000045874	yeats4	ENSEEEP00000020197	ENSEEEG00000009857	YEATS4
ENSDARP00000065984	ENSDARG00000044895	fmoda	ENSEEEP00000037771	ENSEEEG00000017956	fmoda
ENSDARP00000060904	ENSDARG00000041546	gypc	ENSEEEP00000059315	ENSEEEG00000028953	GYPC
ENSDARP00000067173	ENSDARG00000045691	zcrb1	ENSEEEP00000051446	ENSEEEG00000024149	ZCRB1
ENSDARP00000003198	ENSDARG00000017675	utp4	ENSEEEP00000031086	ENSEEEG00000014877	UTP4
ENSDARP00000125377	ENSDARG00000096118	ost4	ENSEEEP00000043759	ENSEEEG00000020686	OST4
ENSDARP00000137037	ENSDARG00000101715	arsg	ENSEEEP00000023812	ENSEEEG00000011549	ARSG
ENSDARP00000015151	ENSDARG00000022918	tbcc	ENSEEEP00000011696	ENSEEEG00000005889	TBCC
ENSDARP00000090057	ENSDARG00000068602	dalrd3	ENSEEEP00000045608	ENSEEEG00000021519	DALRD3
ENSDARP00000103670	ENSDARG00000079377	arhgef38	ENSEEEP00000062937	ENSEEEG00000022649	arhgef38
ENSDARP00000014595	ENSDARG00000016345	ncoa5	ENSEEEP00000015652	ENSEEEG00000007755	NCOA5
ENSDARP00000118480	ENSDARG00000091317	hunk	ENSEEEP00000057274	ENSEEEG00000028155	HUNK
ENSDARP00000015397	ENSDARG00000004034	arhgdig	ENSEEEP00000043579	ENSEEEG00000020590	ARHGDIG
ENSDARP00000006108	ENSDARG00000012467	spint1b	ENSEEEP00000014997	ENSEEEG00000007467	spint1b
ENSDARP00000088025	ENSDARG00000067566	sftpbb	ENSEEEP00000009210	ENSEEEG00000004732	sftpbb
ENSDARP00000025586	ENSDARG00000007383	kcnk6	ENSEEEP00000027005	ENSEEEG00000013043	KCNK6
ENSDARP00000075084	ENSDARG00000057887	nts	ENSEEEP00000011805	ENSEEEG00000005944	
ENSDARP00000117953	ENSDARG00000045378	pi15a	ENSEEEP00000020373	ENSEEEG00000009945	pi15a
ENSDARP00000123911	ENSDARG00000074156	sgca	ENSEEEP00000007373	ENSEEEG00000003870	SGCA
ENSDARP00000118262	ENSDARG00000058587	terb1	ENSEEEP00000014239	ENSEEEG00000007078	TERB1
ENSDARP00000003154	ENSDARG00000017860	rgs5b	ENSEEEP00000037169	ENSEEEG00000017661	rgs5b
ENSDARP00000106333	ENSDARG00000067507	kctd8	ENSEEEP00000033823	ENSEEEG00000016100	KCTD8
ENSDARP00000094710	ENSDARG00000070644	ttpal	ENSEEEP00000050628	ENSEEEG00000023801	TTPAL
ENSDARP00000111827	ENSDARG00000037935	aldh16a1	ENSEEEP00000034016	ENSEEEG00000016205	ALDH16A1
ENSDARP00000064109	ENSDARG00000043664	si:dkey-63b1.1	ENSEEEP00000022055	ENSEEEG00000010716	BDKRB2
ENSDARP00000140069	ENSDARG00000101047	rtcb	ENSEEEP00000003387	ENSEEEG00000001893	RTCB
ENSDARP00000140707	ENSDARG00000101217	fam78aa	ENSEEEP00000051434	ENSEEEG00000024140	fam78aa
ENSDARP00000113588	ENSDARG00000088402	rubcnl	ENSEEEP00000022895	ENSEEEG00000011112	RUBCNL
ENSDARP00000118478	ENSDARG00000052361	il15	ENSEEEP00000053182	ENSEEEG00000025294	ENY2
ENSDARP00000004144	ENSDARG00000004580	nmnat2	ENSEEEP00000009053	ENSEEEG00000004665	NMNAT2
ENSDARP00000007394	ENSDARG00000040352	crot	ENSEEEP00000006559	ENSEEEG00000003461	CROT
ENSDARP00000060821	ENSDARG00000095863	afp4	ENSEEEP00000033624	ENSEEEG00000015998	afp4
ENSDARP00000060053	ENSDARG00000040985	itgbl1	ENSEEEP00000004370	ENSEEEG00000002288	ITGBL1
ENSDARP00000124963	ENSDARG00000020610	tnnt2a	ENSEEEP00000057861	ENSEEEG00000023714	tnnt2a
ENSDARP00000088969	ENSDARG00000035471	si:dkey-220k22.1	ENSEEEP00000054609	ENSEEEG00000025909	si:dkey-220k22.1
ENSDARP00000095739	ENSDARG00000071143	si:dkey-208m12.2	ENSEEEP00000047285	ENSEEEG00000022257	
ENSDARP00000069090	ENSDARG00000052701	smpd2b	ENSEEEP00000061740	ENSEEEG00000007204	smpd2b
ENSDARP00000132705	ENSDARG00000100823	selenok	ENSEEEP00000002806	ENSEEEG00000001610	SELENOK
ENSDARP00000117032	ENSDARG00000038793	ccdc24	ENSEEEP00000033619	ENSEEEG00000015996	
ENSDARP00000032986	ENSDARG00000024189	pnocb	ENSEEEP00000062885	ENSEEEG00000026610	pnocb
ENSDARP00000119204	ENSDARG00000059459	si:ch211-283h6.4	ENSEEEP00000008864	ENSEEEG00000004574	C2orf68
ENSDARP00000061554	ENSDARG00000042000	si:ch211-63o20.7	ENSEEEP00000010701	ENSEEEG00000005417	si:ch211-63o20.7
ENSDARP00000109082	ENSDARG00000010601	mtmr10	ENSEEEP00000059978	ENSEEEG00000018401	MTMR10
ENSDARP00000121803	ENSDARG00000078474	myo15ab	ENSEEEP00000039136	ENSEEEG00000018590	
ENSDARP00000141866	ENSDARG00000098228	thrap3b	ENSEEEP00000045026	ENSEEEG00000021253	thrap3b
ENSDARP00000119578	ENSDARG00000009372	diras1b	ENSEEEP00000013217	ENSEEEG00000006624	diras1b
ENSDARP00000052350	ENSDARG00000036064	cnep1r1	ENSEEEP00000039405	ENSEEEG00000018718	CNEP1R1
ENSDARP00000132397	ENSDARG00000098934	rrp7a	ENSEEEP00000020709	ENSEEEG00000010102	RRP7A
ENSDARP00000026184	ENSDARG00000005772	tsr2	ENSEEEP00000011403	ENSEEEG00000005764	TSR2
ENSDARP00000150496	ENSDARG00000103226	dhcr7	ENSEEEP00000037857	ENSEEEG00000017999	DHCR7
ENSDARP00000124005	ENSDARG00000005271	zc3h12aa	ENSEEEP00000051024	ENSEEEG00000023957	ZC3H12A
ENSDARP00000017240	ENSDARG00000009748	dffb	ENSEEEP00000001228	ENSEEEG00000000834	dffb
ENSDARP00000020679	ENSDARG00000002194	rhd	ENSEEEP00000028553	ENSEEEG00000013716	rhd
ENSDARP00000136407	ENSDARG00000101222	lsm10	ENSEEEP00000045020	ENSEEEG00000021247	oscp1a
ENSDARP00000091287	ENSDARG00000069199	zgc:172120	ENSEEEP00000059746	ENSEEEG00000012218	
ENSDARP00000067792	ENSDARG00000016811	ints3	ENSEEEP00000057946	ENSEEEG00000009222	INTS3
ENSDARP00000113453	ENSDARG00000006370	atp6v1h	ENSEEEP00000020572	ENSEEEG00000010035	ATP6V1H
ENSDARP00000120586	ENSDARG00000075853	sh3kbp1	ENSEEEP00000046970	ENSEEEG00000022111	sh3kbp1
ENSDARP00000143008	ENSDARG00000093546	si:ch73-56d11.5	ENSEEEP00000011363	ENSEEEG00000005748	
ENSDARP00000113874	ENSDARG00000092463	rhbdd2	ENSEEEP00000036419	ENSEEEG00000017317	RHBDD2
ENSDARP00000051848	ENSDARG00000035741	slc25a11	ENSEEEP00000032041	ENSEEEG00000015285	SLC25A11
ENSDARP00000026870	ENSDARG00000007024	uox	ENSEEEP00000048078	ENSEEEG00000022644	uox
ENSDARP00000089895	ENSDARG00000094709	arl8	ENSEEEP00000002679	ENSEEEG00000001552	arl8
ENSDARP00000124782	ENSDARG00000068894	nrip1b	ENSEEEP00000019240	ENSEEEG00000009431	nrip1b
ENSDARP00000106626	ENSDARG00000088639	cdca9	ENSEEEP00000028214	ENSEEEG00000013572	cdca9
ENSDARP00000143740	ENSDARG00000069515	bbs10	ENSEEEP00000014224	ENSEEEG00000007068	bbs10
ENSDARP00000120799	ENSDARG00000022718	casp8ap2	ENSEEEP00000008963	ENSEEEG00000004624	CASP8AP2
ENSDARP00000049166	ENSDARG00000033144	psme2	ENSEEEP00000042962	ENSEEEG00000020279	PSME2
ENSDARP00000041786	ENSDARG00000021021	trim35-28	ENSEEEP00000060035	ENSEEEG00000027441	trim35-28
ENSDARP00000135563	ENSDARG00000099448	sh3d21	ENSEEEP00000013347	ENSEEEG00000006689	sh3d21
ENSDARP00000063942	ENSDARG00000043554	mrpl40	ENSEEEP00000031780	ENSEEEG00000015175	MRPL40
ENSDARP00000081436	ENSDARG00000061191	plekho1a	ENSEEEP00000029704	ENSEEEG00000014230	plekho1a
ENSDARP00000036199	ENSDARG00000025693	tmem9b	ENSEEEP00000030881	ENSEEEG00000014778	TMEM9
ENSDARP00000089398	ENSDARG00000068261	pros1	ENSEEEP00000025781	ENSEEEG00000012497	PROS1
ENSDARP00000048926	ENSDARG00000034309	cox10	ENSEEEP00000000799	ENSEEEG00000000543	COX10
ENSDARP00000148873	ENSDARG00000015921	pwp1	ENSEEEP00000021105	ENSEEEG00000010182	PWP1
ENSDARP00000085993	ENSDARG00000062951	meak7	ENSEEEP00000022505	ENSEEEG00000010921	MEAK7
ENSDARP00000018668	ENSDARG00000007804	gas6	ENSEEEP00000057470	ENSEEEG00000012494	GAS6
ENSDARP00000083758	ENSDARG00000060991	mief1	ENSEEEP00000049525	ENSEEEG00000023286	MIEF1
ENSDARP00000067487	ENSDARG00000045913	mrps10	ENSEEEP00000043740	ENSEEEG00000020679	MRPS10
ENSDARP00000147060	ENSDARG00000058005	hgd	ENSEEEP00000018491	ENSEEEG00000009069	HGD
ENSDARP00000118380	ENSDARG00000043635	cmc2	ENSEEEP00000036100	ENSEEEG00000017172	CMC2
ENSDARP00000022618	ENSDARG00000017658	gmppb	ENSEEEP00000021006	ENSEEEG00000010244	GMPPB
ENSDARP00000019404	ENSDARG00000045541	gcc1	ENSEEEP00000019414	ENSEEEG00000009511	GCC1
ENSDARP00000132264	ENSDARG00000101206	zgc:113363	ENSEEEP00000006800	ENSEEEG00000003590	zgc:113363
ENSDARP00000101713	ENSDARG00000079805	tagln3a	ENSEEEP00000032518	ENSEEEG00000015507	tagln3a
ENSDARP00000144467	ENSDARG00000107511	tgs1	ENSEEEP00000049103	ENSEEEG00000023076	PSD4
ENSDARP00000072235	ENSDARG00000055416	serpinb1	ENSEEEP00000022637	ENSEEEG00000010889	serpinb1l2
ENSDARP00000017489	ENSDARG00000003749	polb	ENSEEEP00000058194	ENSEEEG00000026603	POLB
ENSDARP00000137655	ENSDARG00000089681	btf3l4	ENSEEEP00000009186	ENSEEEG00000004723	BTF3L4
ENSDARP00000129279	ENSDARG00000078578	fam222bb	ENSEEEP00000003325	ENSEEEG00000001875	fam222bb
ENSDARP00000098900	ENSDARG00000078807	paxx	ENSEEEP00000019045	ENSEEEG00000009350	PAXX
ENSDARP00000060978	ENSDARG00000041602	mmadhca	ENSEEEP00000064469	ENSEEEG00000020832	zgc:92335
ENSDARP00000075256	ENSDARG00000058011	arxa	ENSEEEP00000018496	ENSEEEG00000009084	arxa
ENSDARP00000037642	ENSDARG00000027391	ccnd3	ENSEEEP00000017695	ENSEEEG00000008738	CCND3
ENSDARP00000066190	ENSDARG00000045025	ift52	ENSEEEP00000022817	ENSEEEG00000011071	IFT52
ENSDARP00000130916	ENSDARG00000103663	ninj1	ENSEEEP00000063635	ENSEEEG00000029090	NINJ1
ENSDARP00000052028	ENSDARG00000035852	cart3	ENSEEEP00000037287	ENSEEEG00000017720	cart3
ENSDARP00000018027	ENSDARG00000016721	sdha	ENSEEEP00000055235	ENSEEEG00000008572	sdha
ENSDARP00000064392	ENSDARG00000043857	ufm1	ENSEEEP00000030108	ENSEEEG00000014431	UFM1
ENSDARP00000127098	ENSDARG00000004167	zgc:110366	ENSEEEP00000037118	ENSEEEG00000017627	zgc:110366
ENSDARP00000104494	ENSDARG00000011246	krr1	ENSEEEP00000042918	ENSEEEG00000020250	KRR1
ENSDARP00000134854	ENSDARG00000102998	taf6	ENSEEEP00000014764	ENSEEEG00000007330	TAF6
ENSDARP00000113096	ENSDARG00000015998	wdhd1	ENSEEEP00000058320	ENSEEEG00000012642	WDHD1
ENSDARP00000076378	ENSDARG00000058960	otol1b	ENSEEEP00000025585	ENSEEEG00000012412	otol1b
ENSDARP00000090434	ENSDARG00000068820	h2az2a	ENSEEEP00000019093	ENSEEEG00000009332	h2az2a
ENSDARP00000063718	ENSDARG00000043404	rpp21	ENSEEEP00000034914	ENSEEEG00000016609	RPP21
ENSDARP00000128808	ENSDARG00000097648	si:dkey-35i13.1	ENSEEEP00000049939	ENSEEEG00000023478	si:dkey-35i13.1
ENSDARP00000139938	ENSDARG00000068822	purba	ENSEEEP00000019006	ENSEEEG00000009322	purba
ENSDARP00000027138	ENSDARG00000003449	pde10a	ENSEEEP00000059804	ENSEEEG00000010281	PDE10A
ENSDARP00000072198	ENSDARG00000055381	bambia	ENSEEEP00000049212	ENSEEEG00000023125	bambia
ENSDARP00000106769	ENSDARG00000091215	rpz2	ENSEEEP00000033639	ENSEEEG00000016010	rpz2
ENSDARP00000023216	ENSDARG00000006891	kcns3a	ENSEEEP00000049265	ENSEEEG00000023152	kcns3a
ENSDARP00000086696	ENSDARG00000058801	rev3l	ENSEEEP00000018397	ENSEEEG00000009036	
ENSDARP00000100237	ENSDARG00000077467	sox10	ENSEEEP00000032925	ENSEEEG00000015674	SOX10
ENSDARP00000002122	ENSDARG00000021346	pdhb	ENSEEEP00000015877	ENSEEEG00000007841	PDHB
ENSDARP00000085930	ENSDARG00000062919	tceanc2	ENSEEEP00000023567	ENSEEEG00000011425	TCEANC2
ENSDARP00000121268	ENSDARG00000008818	hsf1	ENSEEEP00000002236	ENSEEEG00000001357	HSF1
ENSDARP00000088271	ENSDARG00000078659	tmem176	ENSEEEP00000005220	ENSEEEG00000002725	tmem176
ENSDARP00000079349	ENSDARG00000060338	tyw2	ENSEEEP00000035546	ENSEEEG00000016933	TRMT12
ENSDARP00000124463	ENSDARG00000090778	ttll1	ENSEEEP00000063117	ENSEEEG00000020808	TTLL1
ENSDARP00000058495	ENSDARG00000002971	phc1	ENSEEEP00000054546	ENSEEEG00000023987	PHC1
ENSDARP00000114992	ENSDARG00000074754	ifi27.6	ENSEEEP00000024298	ENSEEEG00000011781	zgc:163080
ENSDARP00000138102	ENSDARG00000100223	gpa33a	ENSEEEP00000024610	ENSEEEG00000011929	GPA33
ENSDARP00000117451	ENSDARG00000005057	dimt1l	ENSEEEP00000022355	ENSEEEG00000010844	dimt1l
ENSDARP00000101753	ENSDARG00000016085	mbnl3	ENSEEEP00000041891	ENSEEEG00000019796	MBNL3
ENSDARP00000122662	ENSDARG00000075141	gprc5bb	ENSEEEP00000063214	ENSEEEG00000026316	gprc5bb
ENSDARP00000132485	ENSDARG00000101540	fgf3	ENSEEEP00000038536	ENSEEEG00000018294	FGF3
ENSDARP00000129664	ENSDARG00000044053	vsnl1b	ENSEEEP00000035494	ENSEEEG00000027468	vsnl1b
ENSDARP00000058784	ENSDARG00000040186	fam210ab	ENSEEEP00000038149	ENSEEEG00000018128	fam210ab
ENSDARP00000126719	ENSDARG00000079371	lrrc3ca	ENSEEEP00000044857	ENSEEEG00000021170	lrrc3ca
ENSDARP00000124450	ENSDARG00000063258	rfx5	ENSEEEP00000057904	ENSEEEG00000025056	phf21ab
ENSDARP00000123630	ENSDARG00000023678	ercc5	ENSEEEP00000027213	ENSEEEG00000013131	ercc5
ENSDARP00000006504	ENSDARG00000005561	gfm2	ENSEEEP00000014074	ENSEEEG00000006995	GFM2
ENSDARP00000068373	ENSDARG00000052103	dtymk	ENSEEEP00000009856	ENSEEEG00000005017	DTYMK
ENSDARP00000075234	ENSDARG00000058003	wfdc1	ENSEEEP00000031072	ENSEEEG00000014843	WFDC1
ENSDARP00000131493	ENSDARG00000104314	nrg1	ENSEEEP00000018059	ENSEEEG00000008856	NRG1
ENSDARP00000112329	ENSDARG00000090914	si:ch211-117k10.3	ENSEEEP00000023054	ENSEEEG00000011188	si:ch211-117k10.3
ENSDARP00000138125	ENSDARG00000099339	pacsin3	ENSEEEP00000038562	ENSEEEG00000018299	PACSIN3
ENSDARP00000121457	ENSDARG00000035148	orai2	ENSEEEP00000055134	ENSEEEG00000025403	ORAI2
ENSDARP00000136996	ENSDARG00000058354	selenot1a	ENSEEEP00000023776	ENSEEEG00000011524	selenot1a
ENSDARP00000110556	ENSDARG00000042332	plin2	ENSEEEP00000038898	ENSEEEG00000018453	PLIN2
ENSDARP00000101027	ENSDARG00000074772	ccl44	ENSEEEP00000030340	ENSEEEG00000014545	ccl44
ENSDARP00000053587	ENSDARG00000036903	irak1bp1	ENSEEEP00000053192	ENSEEEG00000028592	irak1bp1
ENSDARP00000128484	ENSDARG00000069339	tbc1d24	ENSEEEP00000009177	ENSEEEG00000004719	tbc1d24
ENSDARP00000045350	ENSDARG00000018321	lbx1a	ENSEEEP00000001017	ENSEEEG00000000691	lbx1a
ENSDARP00000145832	ENSDARG00000018618	cpsf6	ENSEEEP00000020179	ENSEEEG00000009854	CPSF6
ENSDARP00000094436	ENSDARG00000019556	clcn7	ENSEEEP00000052865	ENSEEEG00000020612	CLCN7
ENSDARP00000066371	ENSDARG00000045131	id4	ENSEEEP00000027125	ENSEEEG00000013092	ID4
ENSDARP00000042306	ENSDARG00000032653	sinhcaf	ENSEEEP00000058272	ENSEEEG00000018541	SINHCAF
ENSDARP00000057564	ENSDARG00000039390	sdhaf4	ENSEEEP00000001006	ENSEEEG00000000683	sdhaf4
ENSDARP00000072890	ENSDARG00000056015	hoxb13a	ENSEEEP00000007623	ENSEEEG00000003985	hoxb13a
ENSDARP00000146325	ENSDARG00000074363	si:ch211-259k16.3	ENSEEEP00000000820	ENSEEEG00000000554	TTC9
ENSDARP00000099046	ENSDARG00000079401	si:dkey-197c15.6	ENSEEEP00000042486	ENSEEEG00000020062	si:dkey-197c15.6
ENSDARP00000124517	ENSDARG00000078348	tcf20	ENSEEEP00000009618	ENSEEEG00000027777	tcf20
ENSDARP00000122397	ENSDARG00000039335	st6gal2a	ENSEEEP00000060231	ENSEEEG00000026001	st6gal2a
ENSDARP00000105049	ENSDARG00000087529	zgc:85936	ENSEEEP00000062837	ENSEEEG00000025572	
ENSDARP00000113790	ENSDARG00000033855	cnot9	ENSEEEP00000026509	ENSEEEG00000012825	CNOT9
ENSDARP00000054593	ENSDARG00000078042	il10rb	ENSEEEP00000003046	ENSEEEG00000001729	IL10RB
ENSDARP00000108838	ENSDARG00000038882	smc4	ENSEEEP00000025974	ENSEEEG00000012495	SMC4
ENSDARP00000050076	ENSDARG00000030097	sdcbp	ENSEEEP00000003269	ENSEEEG00000001841	SDCBP
ENSDARP00000100356	ENSDARG00000075528	lyrm9	ENSEEEP00000005937	ENSEEEG00000003156	eif2s1b
ENSDARP00000062524	ENSDARG00000042623	acbd3	ENSEEEP00000019871	ENSEEEG00000009692	ACBD3
ENSDARP00000122980	ENSDARG00000037002	zgc:152968	ENSEEEP00000012781	ENSEEEG00000006424	zgc:152968
ENSDARP00000054207	ENSDARG00000037261	mtap	ENSEEEP00000037051	ENSEEEG00000017597	mtap
ENSDARP00000117461	ENSDARG00000061916	tmem51b	ENSEEEP00000051474	ENSEEEG00000024165	tmem51b
ENSDARP00000154777	ENSDARG00000042319	cdca4	ENSEEEP00000055562	ENSEEEG00000028641	CDCA4
ENSDARP00000008544	ENSDARG00000017111	fam8a1a	ENSEEEP00000031525	ENSEEEG00000015082	fam8a1a
ENSDARP00000090237	ENSDARG00000068702	lysmd4	ENSEEEP00000036690	ENSEEEG00000017420	LYSMD4
ENSDARP00000123816	ENSDARG00000011886	pdca	ENSEEEP00000040715	ENSEEEG00000019297	pdca
ENSDARP00000041727	ENSDARG00000033999	cyp26a1	ENSEEEP00000032233	ENSEEEG00000015370	CYP26A1
ENSDARP00000067072	ENSDARG00000045612	lrrc10	ENSEEEP00000040137	ENSEEEG00000019032	LRRC10
ENSDARP00000104754	ENSDARG00000017199	elp2	ENSEEEP00000039173	ENSEEEG00000018613	ELP2
ENSDARP00000119705	ENSDARG00000078970	il7r	ENSEEEP00000058167	ENSEEEG00000026855	IL7R
ENSDARP00000129216	ENSDARG00000086283	cnsta	ENSEEEP00000028179	ENSEEEG00000013561	cnsta
ENSDARP00000048889	ENSDARG00000030530	slc22a2	ENSEEEP00000030446	ENSEEEG00000014585	slc22a2
ENSDARP00000122712	ENSDARG00000006065	znf385b	ENSEEEP00000010717	ENSEEEG00000005200	znf385b
ENSDARP00000091985	ENSDARG00000069503	cldn3c	ENSEEEP00000010723	ENSEEEG00000005429	cldnh
ENSDARP00000065227	ENSDARG00000044414	csmd1a	ENSEEEP00000018403	ENSEEEG00000009041	csmd1a
ENSDARP00000114415	ENSDARG00000074902	nol4la	ENSEEEP00000033855	ENSEEEG00000016120	nol4la
ENSDARP00000130752	ENSDARG00000005392	slc5a5	ENSEEEP00000035493	ENSEEEG00000016892	SLC5A5
ENSDARP00000068124	ENSDARG00000051921	slc30a5	ENSEEEP00000020799	ENSEEEG00000010139	SLC30A5
ENSDARP00000100990	ENSDARG00000076834	lrrc75a	ENSEEEP00000056961	ENSEEEG00000024647	si:ch211-214j8.12
ENSDARP00000126958	ENSDARG00000096651	gpr108	ENSEEEP00000061112	ENSEEEG00000025671	GPR108
ENSDARP00000080869	ENSDARG00000046007	tmcc2	ENSEEEP00000031813	ENSEEEG00000015193	TMCC2
ENSDARP00000099279	ENSDARG00000039062	morn4	ENSEEEP00000006342	ENSEEEG00000003374	MORN4
ENSDARP00000051002	ENSDARG00000051916	cdk7	ENSEEEP00000056805	ENSEEEG00000013356	CDK7
ENSDARP00000114114	ENSDARG00000094408	mfap4.11	ENSEEEP00000021682	ENSEEEG00000028221	MFAP4
ENSDARP00000149655	ENSDARG00000096095	buc	ENSEEEP00000000090	ENSEEEG00000000055	buc
ENSDARP00000104972	ENSDARG00000090473	si:ch211-269k10.5	ENSEEEP00000021501	ENSEEEG00000010479	si:ch211-269k10.5
ENSDARP00000080453	ENSDARG00000060785	pcnx4	ENSEEEP00000009454	ENSEEEG00000004825	PCNX4
ENSDARP00000111923	ENSDARG00000088492	cntrl	ENSEEEP00000051312	ENSEEEG00000024079	
ENSDARP00000002005	ENSDARG00000001210	arl14ep	ENSEEEP00000006260	ENSEEEG00000003336	ARL14EP
ENSDARP00000093912	ENSDARG00000070344	or90b2	ENSEEEP00000004578	ENSEEEG00000002389	si:dkeyp-3f10.16
ENSDARP00000037865	ENSDARG00000026338	styxl1	ENSEEEP00000036937	ENSEEEG00000017541	STYXL1
ENSDARP00000007647	ENSDARG00000009020	cnr1	ENSEEEP00000011934	ENSEEEG00000006016	CNR1
ENSDARP00000076823	ENSDARG00000059304	chchd2	ENSEEEP00000033559	ENSEEEG00000015966	CHCHD2
ENSDARP00000070742	ENSDARG00000054122	tmem30b	ENSEEEP00000016642	ENSEEEG00000008215	TMEM30B
ENSDARP00000140208	ENSDARG00000105153	ifitm5	ENSEEEP00000000663	ENSEEEG00000000470	IFITM5
ENSDARP00000048674	ENSDARG00000020015	mrps33	ENSEEEP00000037315	ENSEEEG00000017738	MRPS33
ENSDARP00000140841	ENSDARG00000099395	cables1	ENSEEEP00000060897	ENSEEEG00000006651	CABLES1
ENSDARP00000096598	ENSDARG00000057577	mbtps2	ENSEEEP00000035325	ENSEEEG00000016814	MBTPS2
ENSDARP00000054182	ENSDARG00000037244	gpr137	ENSEEEP00000030611	ENSEEEG00000014660	GPR137
ENSDARP00000111825	ENSDARG00000014148	med22	ENSEEEP00000031262	ENSEEEG00000014972	MED22
ENSDARP00000152656	ENSDARG00000001781	tspan11	ENSEEEP00000050286	ENSEEEG00000023650	TSPAN11
ENSDARP00000115290	ENSDARG00000076718	prkra	ENSEEEP00000023201	ENSEEEG00000011243	prkra
ENSDARP00000006324	ENSDARG00000017254	kcnk1b	ENSEEEP00000051353	ENSEEEG00000024098	kcnk1b
ENSDARP00000130128	ENSDARG00000101281	corin	ENSEEEP00000056631	ENSEEEG00000025805	CORIN
ENSDARP00000006207	ENSDARG00000016470	anxa5b	ENSEEEP00000016985	ENSEEEG00000007984	anxa5b
ENSDARP00000119281	ENSDARG00000069375	zgc:162608	ENSEEEP00000033953	ENSEEEG00000016176	zgc:162608
ENSDARP00000145938	ENSDARG00000109646	haus8	ENSEEEP00000024840	ENSEEEG00000012034	si:ch211-153a8.4
ENSDARP00000126401	ENSDARG00000024160	hao1	ENSEEEP00000019777	ENSEEEG00000009678	HAO1
ENSDARP00000130523	ENSDARG00000034178	cpsf1	ENSEEEP00000058869	ENSEEEG00000022064	CPSF1
ENSDARP00000120332	ENSDARG00000056334	mlh3	ENSEEEP00000041330	ENSEEEG00000019562	MLH3
ENSDARP00000123838	ENSDARG00000054218	gltpd2a	ENSEEEP00000023536	ENSEEEG00000011416	gltpd2a
ENSDARP00000153428	ENSDARG00000078571	wdr6	ENSEEEP00000045624	ENSEEEG00000021523	WDR6
ENSDARP00000121068	ENSDARG00000060089	btaf1	ENSEEEP00000012581	ENSEEEG00000005657	BTAF1
ENSDARP00000066782	ENSDARG00000045416	mppe1	ENSEEEP00000025908	ENSEEEG00000012544	MPPE1
ENSDARP00000135682	ENSDARG00000094204	elp1	ENSEEEP00000049126	ENSEEEG00000022903	ELP1
ENSDARP00000113435	ENSDARG00000022983	ccdc28a	ENSEEEP00000049382	ENSEEEG00000023207	CCDC28A
ENSDARP00000131783	ENSDARG00000005606	paxip1	ENSEEEP00000001523	ENSEEEG00000000981	PAXIP1
ENSDARP00000120269	ENSDARG00000041098	barx2	ENSEEEP00000012927	ENSEEEG00000006495	BARX2
ENSDARP00000121987	ENSDARG00000053087	mthfr	ENSEEEP00000006129	ENSEEEG00000003273	MTHFR
ENSDARP00000120082	ENSDARG00000075129	mrps11	ENSEEEP00000034447	ENSEEEG00000016395	mrps11
ENSDARP00000119902	ENSDARG00000062916	mrpl37	ENSEEEP00000023546	ENSEEEG00000011418	MRPL37
ENSDARP00000120170	ENSDARG00000006786	copz2	ENSEEEP00000007571	ENSEEEG00000003954	COPZ2
ENSDARP00000098138	ENSDARG00000076223	zgc:92744	ENSEEEP00000023773	ENSEEEG00000011521	SERP1
ENSDARP00000105990	ENSDARG00000086826	sult6b1	ENSEEEP00000006687	ENSEEEG00000003547	SULT6B1
ENSDARP00000093338	ENSDARG00000004771	ankrd10b	ENSEEEP00000049836	ENSEEEG00000023421	ankrd10b
ENSDARP00000108064	ENSDARG00000090309	ubxn1	ENSEEEP00000047994	ENSEEEG00000022609	UBXN1
ENSDARP00000120051	ENSDARG00000076939	znf451	ENSEEEP00000059140	ENSEEEG00000008981	ZNF451
ENSDARP00000119457	ENSDARG00000041530	ppih	ENSEEEP00000041061	ENSEEEG00000019439	PPIH
ENSDARP00000113745	ENSDARG00000043403	paox1	ENSEEEP00000003206	ENSEEEG00000001804	paox1
ENSDARP00000108894	ENSDARG00000063021	rpain	ENSEEEP00000050543	ENSEEEG00000023771	RPAIN
ENSDARP00000057676	ENSDARG00000039477	terb2	ENSEEEP00000039400	ENSEEEG00000018716	TERB2
ENSDARP00000089774	ENSDARG00000069432	plscr3b	ENSEEEP00000026910	ENSEEEG00000012989	plscr3b
ENSDARP00000078068	ENSDARG00000059841	exosc1	ENSEEEP00000063030	ENSEEEG00000026116	EXOSC1
ENSDARP00000139142	ENSDARG00000102554	fut9b.6	ENSEEEP00000032079	ENSEEEG00000015303	FUT9
ENSDARP00000157492	ENSDARG00000096961	si:dkeyp-47f9.4	ENSEEEP00000010431	ENSEEEG00000005275	zgc:103755
ENSDARP00000117009	ENSDARG00000090634	smim29	ENSEEEP00000028290	ENSEEEG00000013596	SMIM29
ENSDARP00000104010	ENSDARG00000079350	znf654	ENSEEEP00000027317	ENSEEEG00000013179	znf654
ENSDARP00000121043	ENSDARG00000020284	si:ch211-278j3.3	ENSEEEP00000008984	ENSEEEG00000004636	si:ch211-278j3.3
ENSDARP00000127315	ENSDARG00000091836	casp7	ENSEEEP00000012309	ENSEEEG00000006192	CASP7
ENSDARP00000127604	ENSDARG00000068629	cd151l	ENSEEEP00000002222	ENSEEEG00000001353	cd151l
ENSDARP00000035846	ENSDARG00000020913	ddx56	ENSEEEP00000045445	ENSEEEG00000021452	DDX56
ENSDARP00000145911	ENSDARG00000031494	prrc2a	ENSEEEP00000058445	ENSEEEG00000009124	PRRC2A
ENSDARP00000129413	ENSDARG00000070597	prelp	ENSEEEP00000037774	ENSEEEG00000017958	PRELP
ENSDARP00000095608	ENSDARG00000001303	psmb8a	ENSEEEP00000047930	ENSEEEG00000022568	psmb8a
ENSDARP00000152443	ENSDARG00000045484	dcp1b	ENSEEEP00000062797	ENSEEEG00000009918	DCP1B
ENSDARP00000157356	ENSDARG00000038290	thoc5	ENSEEEP00000040986	ENSEEEG00000019393	THOC5
ENSDARP00000011265	ENSDARG00000014479	ptf1a	ENSEEEP00000001494	ENSEEEG00000000965	PTF1A
ENSDARP00000081971	ENSDARG00000061398	epb41l4b	ENSEEEP00000042785	ENSEEEG00000020189	EPB41L4B
ENSDARP00000022612	ENSDARG00000015649	rap2c	ENSEEEP00000058169	ENSEEEG00000025200	RAP2C
ENSDARP00000147054	ENSDARG00000088560	slc38a12	ENSEEEP00000060945	ENSEEEG00000024897	TMEM104
ENSDARP00000142582	ENSDARG00000026137	sfxn5b	ENSEEEP00000047962	ENSEEEG00000022594	sfxn5b
ENSDARP00000144068	ENSDARG00000010083	rbfox3a	ENSEEEP00000017860	ENSEEEG00000008816	rbfox3a
ENSDARP00000048280	ENSDARG00000026548	cyp2u1	ENSEEEP00000023497	ENSEEEG00000011395	CYP2U1
ENSDARP00000018458	ENSDARG00000018491	pdia4	ENSEEEP00000035214	ENSEEEG00000016745	PDIA4
ENSDARP00000023732	ENSDARG00000086393	dbx1a	ENSEEEP00000051560	ENSEEEG00000024209	dbx1a
ENSDARP00000061774	ENSDARG00000042147	rbbp5	ENSEEEP00000032931	ENSEEEG00000015235	RBBP5
ENSDARP00000098425	ENSDARG00000074721	rassf9	ENSEEEP00000011807	ENSEEEG00000005946	RASSF9
ENSDARP00000127040	ENSDARG00000078878	mettl21ca	ENSEEEP00000027211	ENSEEEG00000013129	PTPN6
ENSDARP00000016362	ENSDARG00000013016	pole4	ENSEEEP00000030341	ENSEEEG00000014546	POLE4
ENSDARP00000030104	ENSDARG00000028539	morc2	ENSEEEP00000040872	ENSEEEG00000019110	MORC2
ENSDARP00000116202	ENSDARG00000086052	si:ch211-106k21.5	ENSEEEP00000015976	ENSEEEG00000007906	si:ch211-106k21.5
ENSDARP00000016722	ENSDARG00000019396	rergla	ENSEEEP00000037380	ENSEEEG00000017769	rergla
ENSDARP00000026575	ENSDARG00000016516	rbm8a	ENSEEEP00000033625	ENSEEEG00000016000	RBM8A
ENSDARP00000138276	ENSDARG00000095615	si:dkeyp-86h10.3	ENSEEEP00000030674	ENSEEEG00000014687	si:dkeyp-86h10.3
ENSDARP00000071497	ENSDARG00000054793	emc10	ENSEEEP00000002793	ENSEEEG00000001604	EMC10
ENSDARP00000011198	ENSDARG00000012848	arih2	ENSEEEP00000044705	ENSEEEG00000020950	ARIH2
ENSDARP00000011289	ENSDARG00000016765	scamp3	ENSEEEP00000013666	ENSEEEG00000006822	SCAMP3
ENSDARP00000136982	ENSDARG00000104089	p3h4	ENSEEEP00000050882	ENSEEEG00000023899	P3H4
ENSDARP00000112101	ENSDARG00000005284	fbxl15	ENSEEEP00000016038	ENSEEEG00000007946	FBXL15
ENSDARP00000027821	ENSDARG00000007943	gabpb2a	ENSEEEP00000050841	ENSEEEG00000023880	gabpb2a
ENSDARP00000111487	ENSDARG00000070437	rpl22	ENSEEEP00000017197	ENSEEEG00000008512	RPL22
ENSDARP00000065921	ENSDARG00000044852	wbp2nl	ENSEEEP00000062530	ENSEEEG00000002953	WBP2NL
ENSDARP00000108940	ENSDARG00000056741	senp3b	ENSEEEP00000026890	ENSEEEG00000012979	senp3b
ENSDARP00000069611	ENSDARG00000053133	b3gnt7l	ENSEEEP00000001236	ENSEEEG00000000842	b3gnt7l
ENSDARP00000100769	ENSDARG00000074271	get1	ENSEEEP00000015946	ENSEEEG00000007887	GET1
ENSDARP00000052331	ENSDARG00000036045	penkb	ENSEEEP00000003264	ENSEEEG00000001836	penkb
ENSDARP00000072885	ENSDARG00000056008	atp5mc1	ENSEEEP00000007635	ENSEEEG00000003992	ATP5MC1
ENSDARP00000058772	ENSDARG00000040177	rgs16	ENSEEEP00000014233	ENSEEEG00000007075	rgs16
ENSDARP00000102422	ENSDARG00000074548	zbtb17	ENSEEEP00000029976	ENSEEEG00000014362	ZBTB17
ENSDARP00000053637	ENSDARG00000036940	ctss1	ENSEEEP00000017763	ENSEEEG00000008768	ctss1
ENSDARP00000084846	ENSDARG00000062476	snapc5	ENSEEEP00000007637	ENSEEEG00000003993	SNAPC5
ENSDARP00000051613	ENSDARG00000035605	tchp	ENSEEEP00000043655	ENSEEEG00000020637	TCHP
ENSDARP00000090818	ENSDARG00000069009	si:ch211-147a11.3	ENSEEEP00000001231	ENSEEEG00000000839	c23h1orf174
ENSDARP00000076791	ENSDARG00000059276	hoxd4a	ENSEEEP00000021326	ENSEEEG00000010390	hoxd4a
ENSDARP00000133658	ENSDARG00000098837	tgm5l	ENSEEEP00000051744	ENSEEEG00000024297	tgm5l
ENSDARP00000139098	ENSDARG00000089976	spcs3	ENSEEEP00000036512	ENSEEEG00000017355	SPCS3
ENSDARP00000060627	ENSDARG00000041362	chmp7	ENSEEEP00000053033	ENSEEEG00000026736	CHMP7
ENSDARP00000148743	ENSDARG00000069708	cdc34a	ENSEEEP00000055149	ENSEEEG00000027695	cdc34a
ENSDARP00000005715	ENSDARG00000020529	hacl1	ENSEEEP00000056747	ENSEEEG00000014667	HACL1
ENSDARP00000090730	ENSDARG00000068967	zgc:153372	ENSEEEP00000060844	ENSEEEG00000016538	zgc:153372
ENSDARP00000066721	ENSDARG00000045373	pabpn1	ENSEEEP00000007613	ENSEEEG00000003977	pabpn1
ENSDARP00000064664	ENSDARG00000044047	slc18b1	ENSEEEP00000001863	ENSEEEG00000001173	SLC18B1
ENSDARP00000122373	ENSDARG00000089480	si:dkey-12j5.1	ENSEEEP00000040495	ENSEEEG00000019180	si:dkey-12j5.1
ENSDARP00000060303	ENSDARG00000041137	dhrs13a.3	ENSEEEP00000018961	ENSEEEG00000009298	dhrs13a.3
ENSDARP00000123111	ENSDARG00000016056	mhc1laa	ENSEEEP00000056864	ENSEEEG00000028715	
ENSDARP00000138794	ENSDARG00000010411	epn1a	ENSEEEP00000026314	ENSEEEG00000012735	EPN1
ENSDARP00000116088	ENSDARG00000093972	ftr79	ENSEEEP00000052699	ENSEEEG00000027801	ftr66
ENSDARP00000054875	ENSDARG00000037675	npm1b	ENSEEEP00000033785	ENSEEEG00000016088	npm1b
ENSDARP00000081052	ENSDARG00000061042	gabbr2	ENSEEEP00000054217	ENSEEEG00000018619	GABBR2
ENSDARP00000116059	ENSDARG00000054849	bcat2	ENSEEEP00000004365	ENSEEEG00000002274	BCAT2
ENSDARP00000004230	ENSDARG00000006754	mllt3	ENSEEEP00000035062	ENSEEEG00000016672	MLLT3
ENSDARP00000087584	ENSDARG00000063624	gfm1	ENSEEEP00000027034	ENSEEEG00000012450	gfm1
ENSDARP00000140978	ENSDARG00000104485	si:ch1073-224n8.1	ENSEEEP00000056950	ENSEEEG00000025613	si:ch1073-224n8.1
ENSDARP00000120035	ENSDARG00000053836	si:ch211-284o19.8	ENSEEEP00000026934	ENSEEEG00000012996	si:ch211-284o19.8
ENSDARP00000139649	ENSDARG00000098361	nudcd3	ENSEEEP00000045573	ENSEEEG00000021502	NUDCD3
ENSDARP00000129191	ENSDARG00000003900	gpr61l	ENSEEEP00000052160	ENSEEEG00000024453	gpr61l
ENSDARP00000138665	ENSDARG00000104726	ncbp2as2	ENSEEEP00000013955	ENSEEEG00000006937	si:ch211-162e15.3
ENSDARP00000015851	ENSDARG00000001621	nfyal	ENSEEEP00000028822	ENSEEEG00000013840	nfyal
ENSDARP00000081650	ENSDARG00000061260	si:dkey-202e22.2	ENSEEEP00000051517	ENSEEEG00000024189	si:dkey-202e22.2
ENSDARP00000071960	ENSDARG00000093235	mpst	ENSEEEP00000049529	ENSEEEG00000023290	TST
ENSDARP00000133347	ENSDARG00000075643	ifi35	ENSEEEP00000004381	ENSEEEG00000002299	IFI35
ENSDARP00000074153	ENSDARG00000057101	rnf180b	ENSEEEP00000014913	ENSEEEG00000007426	RNF180
ENSDARP00000134934	ENSDARG00000096804	si:dkey-219e21.4	ENSEEEP00000035425	ENSEEEG00000016872	si:dkey-219e21.4
ENSDARP00000078268	ENSDARG00000059911	bbs7	ENSEEEP00000032393	ENSEEEG00000015443	BBS7
ENSDARP00000134058	ENSDARG00000100116	mrps24	ENSEEEP00000045572	ENSEEEG00000021501	MRPS24
ENSDARP00000143528	ENSDARG00000061204	ddx20	ENSEEEP00000003999	ENSEEEG00000002137	DDX20
ENSDARP00000071271	ENSDARG00000054574	znhit1	ENSEEEP00000022860	ENSEEEG00000011094	ZNHIT1
ENSDARP00000061048	ENSDARG00000041706	vgll2a	ENSEEEP00000015041	ENSEEEG00000007483	vgll2a
ENSDARP00000144451	ENSDARG00000088898	caln1	ENSEEEP00000003362	ENSEEEG00000001889	CALN1
ENSDARP00000137345	ENSDARG00000104288	hfm1	ENSEEEP00000044990	ENSEEEG00000021237	hfm1
ENSDARP00000061587	ENSDARG00000042027	prrx1b	ENSEEEP00000010306	ENSEEEG00000005218	prrx1b
ENSDARP00000112787	ENSDARG00000075825	dlec1	ENSEEEP00000061781	ENSEEEG00000019747	pald1a
ENSDARP00000027699	ENSDARG00000012435	spic	ENSEEEP00000037305	ENSEEEG00000017733	SPIC
ENSDARP00000129621	ENSDARG00000089967	si:ch211-59o9.10	ENSEEEP00000045686	ENSEEEG00000021545	si:ch211-59o9.10
ENSDARP00000128926	ENSDARG00000069945	p2ry12	ENSEEEP00000051837	ENSEEEG00000024331	P2RY12
ENSDARP00000093909	ENSDARG00000070341	or90a1	ENSEEEP00000004590	ENSEEEG00000002392	or134-1
ENSDARP00000026288	ENSDARG00000003027	scnm1	ENSEEEP00000045401	ENSEEEG00000021430	SCNM1
ENSDARP00000109404	ENSDARG00000089769	hapln1a	ENSEEEP00000013853	ENSEEEG00000006886	hapln1a
ENSDARP00000138943	ENSDARG00000101474	snapc3	ENSEEEP00000045855	ENSEEEG00000021613	SNAPC3
ENSDARP00000091299	ENSDARG00000014329	npm1a	ENSEEEP00000002287	ENSEEEG00000001373	npm1a
ENSDARP00000092857	ENSDARG00000074806	afap1l2	ENSEEEP00000012264	ENSEEEG00000006174	AFAP1L2
ENSDARP00000101619	ENSDARG00000075098	wdr17	ENSEEEP00000036524	ENSEEEG00000017360	WDR17
ENSDARP00000105186	ENSDARG00000056950	epyc	ENSEEEP00000029270	ENSEEEG00000014028	OPTC
ENSDARP00000135216	ENSDARG00000099144	igfbp3	ENSEEEP00000063399	ENSEEEG00000028441	IGFBP3
ENSDARP00000028262	ENSDARG00000026035	ube2b	ENSEEEP00000058039	ENSEEEG00000028495	UBE2B
ENSDARP00000112978	ENSDARG00000070537	stmn2b	ENSEEEP00000031653	ENSEEEG00000015093	STMN2
ENSDARP00000069445	ENSDARG00000053003	slc35f1	ENSEEEP00000062631	ENSEEEG00000007477	SLC35F1
ENSDARP00000145653	ENSDARG00000117135	si:dkey-78l4.13	ENSEEEP00000047772	ENSEEEG00000022487	si:dkey-78l4.13
ENSDARP00000141398	ENSDARG00000094380	zzef1	ENSEEEP00000029468	ENSEEEG00000014110	ZZEF1
ENSDARP00000139157	ENSDARG00000102307	taf2	ENSEEEP00000024370	ENSEEEG00000011482	TAF2
ENSDARP00000085454	ENSDARG00000054753	col10a1a	ENSEEEP00000027461	ENSEEEG00000013242	col10a1a
ENSDARP00000122747	ENSDARG00000038541	ccr12a	ENSEEEP00000002653	ENSEEEG00000001531	ccr12a
ENSDARP00000102078	ENSDARG00000079056	dnaaf9	ENSEEEP00000043255	ENSEEEG00000020430	
ENSDARP00000122387	ENSDARG00000067889	gltpd2b	ENSEEEP00000025921	ENSEEEG00000012557	gltpd2b
ENSDARP00000152151	ENSDARG00000054255	dynlt2b	ENSEEEP00000054129	ENSEEEG00000025093	tctex1d2
ENSDARP00000100186	ENSDARG00000026170	hps1	ENSEEEP00000006337	ENSEEEG00000003372	HPS1
ENSDARP00000090620	ENSDARG00000039064	st3gal7	ENSEEEP00000006339	ENSEEEG00000003373	st3gal7
ENSDARP00000118096	ENSDARG00000045850	ccdc167	ENSEEEP00000033312	ENSEEEG00000015832	CCDC167
ENSDARP00000020711	ENSDARG00000010169	myd88	ENSEEEP00000022749	ENSEEEG00000011032	MYD88
ENSDARP00000123026	ENSDARG00000000540	asnsd1	ENSEEEP00000055170	ENSEEEG00000025159	asdurf
ENSDARP00000093437	ENSDARG00000070131	rpp25l	ENSEEEP00000020468	ENSEEEG00000009995	RPP25L
ENSDARP00000127667	ENSDARG00000097797	tomm6	ENSEEEP00000020061	ENSEEEG00000009810	TOMM6
ENSDARP00000135811	ENSDARG00000099651	bin3	ENSEEEP00000001895	ENSEEEG00000001190	BIN3
ENSDARP00000045597	ENSDARG00000053159	zgc:110626	ENSEEEP00000046639	ENSEEEG00000021961	zgc:110626
ENSDARP00000072334	ENSDARG00000055504	cd68	ENSEEEP00000035291	ENSEEEG00000016799	si:ch211-212k18.7
ENSDARP00000120505	ENSDARG00000086416	med11	ENSEEEP00000053682	ENSEEEG00000028682	MED11
ENSDARP00000127984	ENSDARG00000091658	sptssb	ENSEEEP00000025594	ENSEEEG00000012414	SPTSSB
ENSDARP00000132668	ENSDARG00000099336	mvda	ENSEEEP00000035042	ENSEEEG00000016660	mvda
ENSDARP00000127954	ENSDARG00000007494	st3gal8	ENSEEEP00000004464	ENSEEEG00000002324	st3gal8
ENSDARP00000115972	ENSDARG00000056162	nr2c2ap	ENSEEEP00000047695	ENSEEEG00000022450	NR2C2AP
ENSDARP00000067352	ENSDARG00000045824	zgc:101783	ENSEEEP00000045907	ENSEEEG00000021640	CBLL1
ENSDARP00000084051	ENSDARG00000054984	zbtb41	ENSEEEP00000035950	ENSEEEG00000017097	ZBTB41
ENSDARP00000117995	ENSDARG00000026281	lyrm1	ENSEEEP00000051068	ENSEEEG00000023979	LYRM1
ENSDARP00000015727	ENSDARG00000008832	neu1	ENSEEEP00000018550	ENSEEEG00000009113	NEU1
ENSDARP00000063273	ENSDARG00000043095	kctd6a	ENSEEEP00000015880	ENSEEEG00000007848	kctd6a
ENSDARP00000132683	ENSDARG00000099532	ubl3a	ENSEEEP00000057980	ENSEEEG00000002500	ubl3a
ENSDARP00000114807	ENSDARG00000091900	camkmt	ENSEEEP00000060869	ENSEEEG00000028255	
ENSDARP00000124247	ENSDARG00000095793	si:dkey-85n7.8	ENSEEEP00000024729	ENSEEEG00000011974	si:dkey-85n7.8
ENSDARP00000101496	ENSDARG00000079571	slc60a2b	ENSEEEP00000003147	ENSEEEG00000001783	MFSD4B
ENSDARP00000126050	ENSDARG00000096229	hrob	ENSEEEP00000006844	ENSEEEG00000003613	si:dkey-260c8.8
ENSDARP00000071281	ENSDARG00000068704	or41a3	ENSEEEP00000036362	ENSEEEG00000017291	or108-3
ENSDARP00000111624	ENSDARG00000089467	fam161b	ENSEEEP00000035595	ENSEEEG00000016950	FAM161B
ENSDARP00000085810	ENSDARG00000062872	mrs2	ENSEEEP00000020653	ENSEEEG00000010025	MRS2
ENSDARP00000134213	ENSDARG00000007278	ect2	ENSEEEP00000050695	ENSEEEG00000023822	ECT2
ENSDARP00000133226	ENSDARG00000103748	ovca2	ENSEEEP00000036365	ENSEEEG00000017293	OVCA2
ENSDARP00000086688	ENSDARG00000063249	mrpl9	ENSEEEP00000050854	ENSEEEG00000023888	MRPL9
ENSDARP00000088568	ENSDARG00000077906	ark2ca	ENSEEEP00000025480	ENSEEEG00000012367	rnf165a
ENSDARP00000004708	ENSDARG00000013333	ndufa10	ENSEEEP00000048125	ENSEEEG00000022660	NDUFA10
ENSDARP00000020280	ENSDARG00000012539	dnase1	ENSEEEP00000043543	ENSEEEG00000020580	dnase1
ENSDARP00000113326	ENSDARG00000016177	eif4enif1	ENSEEEP00000018054	ENSEEEG00000008891	EIF4ENIF1
ENSDARP00000024121	ENSDARG00000019496	esd	ENSEEEP00000022921	ENSEEEG00000011118	ESD
ENSDARP00000135107	ENSDARG00000075570	ide	ENSEEEP00000011022	ENSEEEG00000005006	IDE
ENSDARP00000032521	ENSDARG00000021200	nebl	ENSEEEP00000026529	ENSEEEG00000012830	NEBL
ENSDARP00000035112	ENSDARG00000023026	pkp2	ENSEEEP00000046962	ENSEEEG00000022106	PKP2
ENSDARP00000062551	ENSDARG00000042642	wtap	ENSEEEP00000019785	ENSEEEG00000009684	WTAP
ENSDARP00000125811	ENSDARG00000074060	map3k14a	ENSEEEP00000006823	ENSEEEG00000003601	map3k14a
ENSDARP00000111929	ENSDARG00000079165	galr1b	ENSEEEP00000059787	ENSEEEG00000028323	galr1b
ENSDARP00000125720	ENSDARG00000059768	gpatch8	ENSEEEP00000057818	ENSEEEG00000003600	GPATCH8
ENSDARP00000141617	ENSDARG00000100588	rpl36	ENSEEEP00000025030	ENSEEEG00000012147	rpl36
ENSDARP00000097166	ENSDARG00000071774	eef1e1	ENSEEEP00000033514	ENSEEEG00000015935	eef1e1
ENSDARP00000065547	ENSDARG00000044612	c1qb	ENSEEEP00000008104	ENSEEEG00000004224	C1QB
ENSDARP00000058305	ENSDARG00000039863	lifrb	ENSEEEP00000005752	ENSEEEG00000003035	lifrb
ENSDARP00000127276	ENSDARG00000058701	nos1apb	ENSEEEP00000037166	ENSEEEG00000017656	nos1apb
ENSDARP00000109870	ENSDARG00000086458	hdac10	ENSEEEP00000006886	ENSEEEG00000003633	HDAC10
ENSDARP00000123389	ENSDARG00000059365	nipal4	ENSEEEP00000038284	ENSEEEG00000018191	NIPAL4
ENSDARP00000105230	ENSDARG00000087897	macroh2a2	ENSEEEP00000008952	ENSEEEG00000004618	MACROH2A2
ENSDARP00000006732	ENSDARG00000020494	znf330	ENSEEEP00000025446	ENSEEEG00000012345	ZNF330
ENSDARP00000127201	ENSDARG00000003077	gpx9	ENSEEEP00000016033	ENSEEEG00000007944	gpx9
ENSDARP00000017469	ENSDARG00000077664	zgc:110239	ENSEEEP00000029262	ENSEEEG00000014024	zgc:110239
ENSDARP00000021458	ENSDARG00000006598	sgk2b	ENSEEEP00000042831	ENSEEEG00000020193	sgk2b
ENSDARP00000059618	ENSDARG00000040695	fkbp14	ENSEEEP00000030668	ENSEEEG00000014686	FKBP14
ENSDARP00000099080	ENSDARG00000076857	her3	ENSEEEP00000007792	ENSEEEG00000004077	her3
ENSDARP00000146726	ENSDARG00000078279	foxp3b	ENSEEEP00000034244	ENSEEEG00000016307	foxp3b
ENSDARP00000101346	ENSDARG00000076745	zgc:193811	ENSEEEP00000002137	ENSEEEG00000001308	zgc:193811
ENSDARP00000010427	ENSDARG00000007257	rab5ab	ENSEEEP00000056896	ENSEEEG00000027758	rab5ab
ENSDARP00000090385	ENSDARG00000058389	ccl19a.1	ENSEEEP00000018816	ENSEEEG00000009245	ccl19b
ENSDARP00000042367	ENSDARG00000031657	fahd1	ENSEEEP00000008779	ENSEEEG00000004543	FAHD1
ENSDARP00000073952	ENSDARG00000056914	emg1	ENSEEEP00000041633	ENSEEEG00000019695	EMG1
ENSDARP00000122850	ENSDARG00000035452	camkk1a	ENSEEEP00000056535	ENSEEEG00000005437	camkk1a
ENSDARP00000096554	ENSDARG00000071500	slx9	ENSEEEP00000027608	ENSEEEG00000013296	slx9
ENSDARP00000067607	ENSDARG00000030964	pde12	ENSEEEP00000021961	ENSEEEG00000010672	PDE12
ENSDARP00000126845	ENSDARG00000088556	si:dkey-1c7.2	ENSEEEP00000003849	ENSEEEG00000012186	
ENSDARP00000104805	ENSDARG00000023532	pinx1	ENSEEEP00000019472	ENSEEEG00000009545	PINX1
ENSDARP00000015775	ENSDARG00000008237	sars1	ENSEEEP00000052036	ENSEEEG00000024415	SARS1
ENSDARP00000141011	ENSDARG00000006639	lnpk	ENSEEEP00000046524	ENSEEEG00000021914	LNPK
ENSDARP00000070083	ENSDARG00000053574	fancd2	ENSEEEP00000060908	ENSEEEG00000024447	FANCD2
ENSDARP00000085363	ENSDARG00000062699	nkain4	ENSEEEP00000061439	ENSEEEG00000027452	NKAIN4
ENSDARP00000144490	ENSDARG00000012699	bbx	ENSEEEP00000018820	ENSEEEG00000009246	BBX
ENSDARP00000071510	ENSDARG00000054797	crdh	ENSEEEP00000029330	ENSEEEG00000014044	zgc:153441
ENSDARP00000130967	ENSDARG00000105012	utp23	ENSEEEP00000033929	ENSEEEG00000016160	UTP23
ENSDARP00000140053	ENSDARG00000052942	aspg	ENSEEEP00000044826	ENSEEEG00000021154	ASPG
ENSDARP00000081395	ENSDARG00000061180	vps45	ENSEEEP00000029699	ENSEEEG00000014207	VPS45
ENSDARP00000055741	ENSDARG00000038225	nras	ENSEEEP00000044709	ENSEEEG00000021105	NRAS
ENSDARP00000151486	ENSDARG00000021812	cherp	ENSEEEP00000020792	ENSEEEG00000010143	CHERP
ENSDARP00000112366	ENSDARG00000087319	tmem121b	ENSEEEP00000037357	ENSEEEG00000017757	tmem121b
ENSDARP00000066720	ENSDARG00000045372	ngdn	ENSEEEP00000007602	ENSEEEG00000003972	NGDN
ENSDARP00000113682	ENSDARG00000051981	stx3a	ENSEEEP00000064512	ENSEEEG00000003572	stx3a
ENSDARP00000060632	ENSDARG00000029556	kansl3	ENSEEEP00000045499	ENSEEEG00000021463	KANSL3
ENSDARP00000056766	ENSDARG00000038881	acaa2	ENSEEEP00000031832	ENSEEEG00000015176	ACAA2
ENSDARP00000090055	ENSDARG00000056330	mhc2dbb	ENSEEEP00000000882	ENSEEEG00000000601	SLA2
ENSDARP00000120241	ENSDARG00000041421	tafazzin	ENSEEEP00000020143	ENSEEEG00000009836	taz
ENSDARP00000055765	ENSDARG00000038242	zgc:113333	ENSEEEP00000009052	ENSEEEG00000004666	zgc:113333
ENSDARP00000031172	ENSDARG00000018743	scamp5a	ENSEEEP00000017452	ENSEEEG00000008635	scamp5a
ENSDARP00000089565	ENSDARG00000068344	mmab	ENSEEEP00000031950	ENSEEEG00000015245	MMAB
ENSDARP00000059447	ENSDARG00000040614	sestd1	ENSEEEP00000010223	ENSEEEG00000005066	SESTD1
ENSDARP00000118390	ENSDARG00000022730	aasdh	ENSEEEP00000040613	ENSEEEG00000019240	AASDH
ENSDARP00000111460	ENSDARG00000036999	disp3	ENSEEEP00000001870	ENSEEEG00000001175	DISP3
ENSDARP00000111211	ENSDARG00000089245	dusp23b	ENSEEEP00000021203	ENSEEEG00000010336	dusp23b
ENSDARP00000140678	ENSDARG00000099026	si:dkey-185m8.2	ENSEEEP00000000857	ENSEEEG00000000583	
ENSDARP00000031112	ENSDARG00000007682	ppdpfa	ENSEEEP00000033849	ENSEEEG00000016118	ppdpfa
ENSDARP00000139034	ENSDARG00000103735	elovl1b	ENSEEEP00000009197	ENSEEEG00000004727	elovl1b
ENSDARP00000122719	ENSDARG00000068366	si:dkey-154p10.3	ENSEEEP00000033766	ENSEEEG00000016083	si:dkey-154p10.3
ENSDARP00000124635	ENSDARG00000056934	hepacama	ENSEEEP00000033920	ENSEEEG00000016151	hepacama
ENSDARP00000107304	ENSDARG00000035771	mepceb	ENSEEEP00000005334	ENSEEEG00000002788	MEPCE
ENSDARP00000113379	ENSDARG00000031359	cmpk2	ENSEEEP00000059803	ENSEEEG00000025505	CMPK2
ENSDARP00000014011	ENSDARG00000014805	fhl5	ENSEEEP00000027429	ENSEEEG00000013231	FHL5
ENSDARP00000076279	ENSDARG00000058880	cldnj	ENSEEEP00000028915	ENSEEEG00000013880	cldnj
ENSDARP00000056452	ENSDARG00000038666	igfbp1b	ENSEEEP00000051613	ENSEEEG00000024220	igfbp1b
ENSDARP00000052640	ENSDARG00000036239	gatm	ENSEEEP00000054286	ENSEEEG00000018363	GATM
ENSDARP00000023177	ENSDARG00000021124	cfl1	ENSEEEP00000042116	ENSEEEG00000019875	cfl1
ENSDARP00000113006	ENSDARG00000078256	ovol1b	ENSEEEP00000010529	ENSEEEG00000005337	ovol1b
ENSDARP00000095300	ENSDARG00000060668	tm4sf1	ENSEEEP00000050896	ENSEEEG00000023907	TM4SF18
ENSDARP00000110624	ENSDARG00000031756	mef2aa	ENSEEEP00000048804	ENSEEEG00000022953	mef2aa
ENSDARP00000118971	ENSDARG00000087956	she	ENSEEEP00000023158	ENSEEEG00000011228	SHE
ENSDARP00000121609	ENSDARG00000070393	coq10a	ENSEEEP00000052070	ENSEEEG00000024423	COQ10A
ENSDARP00000068446	ENSDARG00000011973	slc35d1a	ENSEEEP00000014304	ENSEEEG00000007111	slc35d1a
ENSDARP00000095264	ENSDARG00000057986	ints8	ENSEEEP00000047036	ENSEEEG00000022138	INTS8
ENSDARP00000053156	ENSDARG00000036592	setd4	ENSEEEP00000050062	ENSEEEG00000023543	SETD4
ENSDARP00000109065	ENSDARG00000015887	b2ml	ENSEEEP00000001887	ENSEEEG00000001183	B2M
ENSDARP00000138757	ENSDARG00000099679	tent2	ENSEEEP00000028096	ENSEEEG00000013409	TENT2
ENSDARP00000128305	ENSDARG00000077116	ccnjl	ENSEEEP00000043777	ENSEEEG00000020693	CCNJL
ENSDARP00000077823	ENSDARG00000059743	tmem98	ENSEEEP00000027284	ENSEEEG00000013162	TMEM98
ENSDARP00000115520	ENSDARG00000007387	irf2a	ENSEEEP00000045858	ENSEEEG00000021615	irf2a
ENSDARP00000139380	ENSDARG00000100573	ckap2l	ENSEEEP00000019003	ENSEEEG00000009319	CKAP2L
ENSDARP00000138760	ENSDARG00000100850	rnf103	ENSEEEP00000019346	ENSEEEG00000009479	RNF103
ENSDARP00000135070	ENSDARG00000028333	nitr9	ENSEEEP00000042459	ENSEEEG00000020046	nitr13
ENSDARP00000128309	ENSDARG00000040608	gcnt7	ENSEEEP00000015706	ENSEEEG00000007766	GCNT7
ENSDARP00000118798	ENSDARG00000093768	prr18	ENSEEEP00000021058	ENSEEEG00000010271	prr18
ENSDARP00000124881	ENSDARG00000003069	btbd7	ENSEEEP00000059107	ENSEEEG00000011972	BTBD7
ENSDARP00000057420	ENSDARG00000039299	rdh14a	ENSEEEP00000049267	ENSEEEG00000023153	rdh14a
ENSDARP00000106995	ENSDARG00000004049	marcksa	ENSEEEP00000013938	ENSEEEG00000006927	marcksa
ENSDARP00000108258	ENSDARG00000069252	mixl1	ENSEEEP00000030007	ENSEEEG00000014388	MIXL1
ENSDARP00000119143	ENSDARG00000053496	gemin8	ENSEEEP00000060087	ENSEEEG00000028483	GEMIN8
ENSDARP00000084331	ENSDARG00000062293	qpctlb	ENSEEEP00000005765	ENSEEEG00000003045	qpctlb
ENSDARP00000116717	ENSDARG00000041350	ankrd39	ENSEEEP00000001375	ENSEEEG00000000908	ANKRD39
ENSDARP00000018653	ENSDARG00000003399	fgf8a	ENSEEEP00000001129	ENSEEEG00000000736	fgf8a
ENSDARP00000053202	ENSDARG00000036630	plp2b	ENSEEEP00000004585	ENSEEEG00000002393	plp2
ENSDARP00000135135	ENSDARG00000004757	ybx1	ENSEEEP00000041050	ENSEEEG00000019438	ybx1
ENSDARP00000058891	ENSDARG00000040257	slc38a11	ENSEEEP00000037100	ENSEEEG00000017618	SLC38A11
ENSDARP00000111660	ENSDARG00000086452	dthd1	ENSEEEP00000040899	ENSEEEG00000019372	dthd1
ENSDARP00000146274	ENSDARG00000114801	traj14	ENSEEEP00000010144	ENSEEEG00000005145	
ENSDARP00000005284	ENSDARG00000003113	ada	ENSEEEP00000050618	ENSEEEG00000023790	ADA
ENSDARP00000104233	ENSDARG00000016981	bcar3	ENSEEEP00000003208	ENSEEEG00000001806	BCAR3
ENSDARP00000126427	ENSDARG00000007918	ttc27	ENSEEEP00000058522	ENSEEEG00000011936	TTC27
ENSDARP00000013967	ENSDARG00000007734	stn1	ENSEEEP00000050079	ENSEEEG00000023553	STN1
ENSDARP00000104190	ENSDARG00000077323	thap4	ENSEEEP00000054602	ENSEEEG00000028307	THAP4
ENSDARP00000044682	ENSDARG00000007421	ftcd	ENSEEEP00000026506	ENSEEEG00000012824	FTCD
ENSDARP00000131046	ENSDARG00000104353	nop58	ENSEEEP00000022669	ENSEEEG00000011002	NOP58
ENSDARP00000123613	ENSDARG00000094133	wu:fc21g02	ENSEEEP00000058034	ENSEEEG00000028075	
ENSDARP00000057163	ENSDARG00000039136	cox16	ENSEEEP00000000937	ENSEEEG00000000628	
ENSDARP00000108471	ENSDARG00000030125	sox7	ENSEEEP00000038080	ENSEEEG00000018091	sox7
ENSDARP00000146237	ENSDARG00000090052	si:dkey-165a24.9	ENSEEEP00000015886	ENSEEEG00000007854	si:dkey-165a24.9
ENSDARP00000035665	ENSDARG00000025046	si:ch211-250m6.12	ENSEEEP00000060136	ENSEEEG00000028619	
ENSDARP00000073207	ENSDARG00000056279	ccdc157	ENSEEEP00000040404	ENSEEEG00000019133	
ENSDARP00000122990	ENSDARG00000060236	dok7b	ENSEEEP00000004854	ENSEEEG00000002536	DOK7
ENSDARP00000144135	ENSDARG00000024314	herpud1	ENSEEEP00000047584	ENSEEEG00000022401	HERPUD1
ENSDARP00000132615	ENSDARG00000105288	garre1	ENSEEEP00000062355	ENSEEEG00000002164	GARRE1
ENSDARP00000100481	ENSDARG00000076659	cdca7b	ENSEEEP00000011000	ENSEEEG00000005570	cdca7b
ENSDARP00000055224	ENSDARG00000037889	wnt9b	ENSEEEP00000056493	ENSEEEG00000003596	WNT9B
ENSDARP00000013605	ENSDARG00000017093	emc8	ENSEEEP00000036073	ENSEEEG00000017157	EMC8
ENSDARP00000154990	ENSDARG00000011152	rpp14	ENSEEEP00000015781	ENSEEEG00000007808	HTD2
ENSDARP00000134562	ENSDARG00000070041	plekhs1.2	ENSEEEP00000012302	ENSEEEG00000006187	
ENSDARP00000121334	ENSDARG00000046142	asgrl1	ENSEEEP00000050746	ENSEEEG00000023844	asgrl1
ENSDARP00000025759	ENSDARG00000012495	mphosph10	ENSEEEP00000038960	ENSEEEG00000018436	MPHOSPH10
ENSDARP00000095520	ENSDARG00000071026	mllt11	ENSEEEP00000050842	ENSEEEG00000023881	MLLT11
ENSDARP00000016634	ENSDARG00000016855	sf3b5	ENSEEEP00000007499	ENSEEEG00000003920	SF3B5
ENSDARP00000133919	ENSDARG00000099798	mon2	ENSEEEP00000061885	ENSEEEG00000019092	MON2
ENSDARP00000120902	ENSDARG00000078455	best4	ENSEEEP00000015974	ENSEEEG00000007905	BEST4
ENSDARP00000061522	ENSDARG00000041976	il17a/f3	ENSEEEP00000010745	ENSEEEG00000005440	il17a/f3
ENSDARP00000119811	ENSDARG00000075916	zgc:66472	ENSEEEP00000034603	ENSEEEG00000016460	ORC3
ENSDARP00000126690	ENSDARG00000074915	etaa1a	ENSEEEP00000035397	ENSEEEG00000016855	ETAA1
ENSDARP00000106581	ENSDARG00000089697	nfe2l2b	ENSEEEP00000055695	ENSEEEG00000028707	nfe2l2b
ENSDARP00000010637	ENSDARG00000002402	ercc3	ENSEEEP00000022616	ENSEEEG00000010980	ERCC3
ENSDARP00000027966	ENSDARG00000012248	rgma	ENSEEEP00000036688	ENSEEEG00000017417	RGMA
ENSDARP00000128967	ENSDARG00000070284	sft2d3	ENSEEEP00000023003	ENSEEEG00000011171	SFT2D3
ENSDARP00000103900	ENSDARG00000003251	zbtb22b	ENSEEEP00000047919	ENSEEEG00000022562	zbtb22b
ENSDARP00000137572	ENSDARG00000102624	kif22	ENSEEEP00000042957	ENSEEEG00000020274	KIF22
ENSDARP00000092263	ENSDARG00000069640	vegfc	ENSEEEP00000049985	ENSEEEG00000023489	VEGFC
ENSDARP00000093672	ENSDARG00000070229	zgc:158258	ENSEEEP00000026285	ENSEEEG00000012714	zgc:158258
ENSDARP00000145221	ENSDARG00000112993	efnb3a	ENSEEEP00000057418	ENSEEEG00000025644	efnb3a
ENSDARP00000128312	ENSDARG00000086626	im:7147486	ENSEEEP00000037042	ENSEEEG00000017592	ZFHX3
ENSDARP00000081474	ENSDARG00000061201	acsf2	ENSEEEP00000017809	ENSEEEG00000008638	ACSF2
ENSDARP00000121420	ENSDARG00000041394	dnajb1b	ENSEEEP00000053017	ENSEEEG00000027996	dnajb1b
ENSDARP00000099613	ENSDARG00000038574	scg2b	ENSEEEP00000062028	ENSEEEG00000026501	scg2b
ENSDARP00000045900	ENSDARG00000034897	rps10	ENSEEEP00000014416	ENSEEEG00000007178	rps10
ENSDARP00000038658	ENSDARG00000025073	rpl18a	ENSEEEP00000001414	ENSEEEG00000000927	RPL18A
ENSDARP00000107868	ENSDARG00000086265	bsnd	ENSEEEP00000049520	ENSEEEG00000023283	BSND
ENSDARP00000116139	ENSDARG00000014324	sh2d5	ENSEEEP00000026304	ENSEEEG00000012730	SH2D5
ENSDARP00000126041	ENSDARG00000058630	zgc:162472	ENSEEEP00000028372	ENSEEEG00000013642	zgc:162472
ENSDARP00000075419	ENSDARG00000058160	tnfaip2b	ENSEEEP00000009298	ENSEEEG00000004775	tnfaip2b
ENSDARP00000086071	ENSDARG00000062977	samd13	ENSEEEP00000048077	ENSEEEG00000022643	SAMD13
ENSDARP00000145705	ENSDARG00000088290	foxj1b	ENSEEEP00000020849	ENSEEEG00000010164	foxj1b
ENSDARP00000091993	ENSDARG00000069507	mettl27	ENSEEEP00000010823	ENSEEEG00000005484	mettl27
ENSDARP00000142744	ENSDARG00000077644	si:dkey-3k24.8	ENSEEEP00000024392	ENSEEEG00000011825	si:dkey-3k24.8
ENSDARP00000036246	ENSDARG00000028541	si:ch211-121a2.4	ENSEEEP00000049528	ENSEEEG00000023289	si:ch211-121a2.4
ENSDARP00000111735	ENSDARG00000016363	her8a	ENSEEEP00000024391	ENSEEEG00000011824	her8a
ENSDARP00000115603	ENSDARG00000092360	si:ch211-51h9.6	ENSEEEP00000031779	ENSEEEG00000015174	si:ch211-51h9.6
ENSDARP00000064031	ENSDARG00000043608	eif4ebp1	ENSEEEP00000054850	ENSEEEG00000029028	eif4ebp1
ENSDARP00000095891	ENSDARG00000071205	tmem170b	ENSEEEP00000056182	ENSEEEG00000025903	TMEM100
ENSDARP00000055439	ENSDARG00000055175	c1qtnf6a	ENSEEEP00000009408	ENSEEEG00000004810	c1qtnf6a
ENSDARP00000141333	ENSDARG00000101323	trnau1apa	ENSEEEP00000017355	ENSEEEG00000008575	trnau1apa
ENSDARP00000113277	ENSDARG00000079886	otulinb	ENSEEEP00000048898	ENSEEEG00000022997	otulinb
ENSDARP00000071206	ENSDARG00000054539	lrp10	ENSEEEP00000011857	ENSEEEG00000005973	LRP10
ENSDARP00000117888	ENSDARG00000076554	cdkn1a	ENSEEEP00000031815	ENSEEEG00000015194	CDKN1A
ENSDARP00000142434	ENSDARG00000075203	zgc:195212	ENSEEEP00000046229	ENSEEEG00000021777	
ENSDARP00000128199	ENSDARG00000076425	fbxl9	ENSEEEP00000015812	ENSEEEG00000007820	lrrc29
ENSDARP00000140292	ENSDARG00000104710	psip1a	ENSEEEP00000038631	ENSEEEG00000018337	HDGFL3
ENSDARP00000078219	ENSDARG00000079623	ubtd1b	ENSEEEP00000006709	ENSEEEG00000003553	ubtd1b
ENSDARP00000120363	ENSDARG00000044339	rp2	ENSEEEP00000000792	ENSEEEG00000000540	RP2
ENSDARP00000092335	ENSDARG00000062973	ttll7	ENSEEEP00000047235	ENSEEEG00000022235	TTLL7
ENSDARP00000118732	ENSDARG00000054723	pde4dip	ENSEEEP00000057618	ENSEEEG00000027507	si:ch211-242b18.1
ENSDARP00000146720	ENSDARG00000076241	txlnbb	ENSEEEP00000021221	ENSEEEG00000010337	txlnbb
ENSDARP00000121842	ENSDARG00000105787	or136-2	ENSEEEP00000004572	ENSEEEG00000002384	si:dkeyp-3f10.16
ENSDARP00000027770	ENSDARG00000011648	snrpd1	ENSEEEP00000028150	ENSEEEG00000013549	SNRPD1
ENSDARP00000128285	ENSDARG00000038278	ptgir	ENSEEEP00000043504	ENSEEEG00000020570	PTGIR
ENSDARP00000035017	ENSDARG00000022813	dnd1	ENSEEEP00000062863	ENSEEEG00000013898	dnd1
ENSDARP00000004889	ENSDARG00000002445	prdm1a	ENSEEEP00000054905	ENSEEEG00000025307	prdm1a
ENSDARP00000146689	ENSDARG00000046006	med20	ENSEEEP00000031808	ENSEEEG00000015191	med20
ENSDARP00000012241	ENSDARG00000003383	asb8	ENSEEEP00000018187	ENSEEEG00000008941	ASB8
ENSDARP00000072634	ENSDARG00000056247	bricd5	ENSEEEP00000018567	ENSEEEG00000009127	BRICD5
ENSDARP00000128498	ENSDARG00000060021	vcpkmt	ENSEEEP00000044808	ENSEEEG00000021150	VCPKMT
ENSDARP00000115735	ENSDARG00000042031	gorab	ENSEEEP00000052965	ENSEEEG00000028722	
ENSDARP00000141586	ENSDARG00000103470	polm	ENSEEEP00000045534	ENSEEEG00000021486	POLM
ENSDARP00000041467	ENSDARG00000031496	ap1ar	ENSEEEP00000033686	ENSEEEG00000016033	AP1AR
ENSDARP00000032177	ENSDARG00000057575	pnp4a	ENSEEEP00000016164	ENSEEEG00000008006	pnp4a
ENSDARP00000022655	ENSDARG00000101628	ascl1b	ENSEEEP00000040605	ENSEEEG00000019237	ascl1b
ENSDARP00000095367	ENSDARG00000070950	styk1a	ENSEEEP00000017109	ENSEEEG00000008475	styk1a
ENSDARP00000128208	ENSDARG00000088798	plcxd1.1	ENSEEEP00000009918	ENSEEEG00000005045	PLCXD1
ENSDARP00000034077	ENSDARG00000044975	krt94	ENSEEEP00000031148	ENSEEEG00000014922	si:ch211-156l18.7
ENSDARP00000138359	ENSDARG00000099600	si:dkey-93h22.7	ENSEEEP00000056916	ENSEEEG00000024867	si:dkey-93h22.7
ENSDARP00000095139	ENSDARG00000070849	rps15	ENSEEEP00000030274	ENSEEEG00000014512	rps15
ENSDARP00000132851	ENSDARG00000100261	map10	ENSEEEP00000063929	ENSEEEG00000026250	si:ch1073-266p11.2
ENSDARP00000063092	ENSDARG00000042975	auh	ENSEEEP00000041889	ENSEEEG00000019785	AUH
ENSDARP00000154190	ENSDARG00000054362	ccdc47	ENSEEEP00000032849	ENSEEEG00000015464	CCDC47
ENSDARP00000106526	ENSDARG00000043046	fbxl5	ENSEEEP00000006021	ENSEEEG00000003205	FBXL5
ENSDARP00000129948	ENSDARG00000039093	got1	ENSEEEP00000006310	ENSEEEG00000003358	GOT1
ENSDARP00000128192	ENSDARG00000045644	ca12	ENSEEEP00000002900	ENSEEEG00000001658	CA12
ENSDARP00000106872	ENSDARG00000088807	klhl22	ENSEEEP00000001333	ENSEEEG00000000877	IPP
ENSDARP00000132769	ENSDARG00000099705	foxred1	ENSEEEP00000022757	ENSEEEG00000011029	FOXRED1
ENSDARP00000107099	ENSDARG00000014746	rbfox1	ENSEEEP00000043106	ENSEEEG00000020330	RBFOX1
ENSDARP00000099918	ENSDARG00000074623	tbc1d31	ENSEEEP00000034198	ENSEEEG00000016286	TBC1D31
ENSDARP00000135500	ENSDARG00000100822	mapk15	ENSEEEP00000033244	ENSEEEG00000015805	MAPK15
ENSDARP00000121117	ENSDARG00000059109	si:dkeyp-113d7.1	ENSEEEP00000034888	ENSEEEG00000016593	si:dkeyp-113d7.1
ENSDARP00000053200	ENSDARG00000036625	polr2f	ENSEEEP00000032935	ENSEEEG00000015675	POLR2F
ENSDARP00000138489	ENSDARG00000101652	haus6	ENSEEEP00000038883	ENSEEEG00000018444	HAUS6
ENSDARP00000126444	ENSDARG00000024631	nlrc5	ENSEEEP00000053210	ENSEEEG00000022396	
ENSDARP00000026510	ENSDARG00000008131	sox1b	ENSEEEP00000053224	ENSEEEG00000026503	sox1b
ENSDARP00000134404	ENSDARG00000104111	mrps30	ENSEEEP00000047557	ENSEEEG00000022389	MRPS30
ENSDARP00000119746	ENSDARG00000057037	kcnk12l	ENSEEEP00000005769	ENSEEEG00000003049	kcnk12l
ENSDARP00000129427	ENSDARG00000071211	zgc:112255	ENSEEEP00000060393	ENSEEEG00000028330	c20h1orf50
ENSDARP00000078213	ENSDARG00000059887	eral1	ENSEEEP00000050476	ENSEEEG00000023729	ERAL1
ENSDARP00000148519	ENSDARG00000056112	pikfyve	ENSEEEP00000006400	ENSEEEG00000002340	PIKFYVE
ENSDARP00000054024	ENSDARG00000037155	si:dkey-78k11.9	ENSEEEP00000050082	ENSEEEG00000023555	si:dkey-78k11.9
ENSDARP00000022486	ENSDARG00000014591	ilf2	ENSEEEP00000032774	ENSEEEG00000015493	ILF2
ENSDARP00000043116	ENSDARG00000033551	fbxw4	ENSEEEP00000059041	ENSEEEG00000000785	fbxw4
ENSDARP00000115243	ENSDARG00000063244	lix1l	ENSEEEP00000047381	ENSEEEG00000022301	LIX1L
ENSDARP00000126325	ENSDARG00000000349	cfap300	ENSEEEP00000008118	ENSEEEG00000004234	CFAP300
ENSDARP00000121436	ENSDARG00000060946	pip5kl1	ENSEEEP00000004847	ENSEEEG00000002529	PIP5KL1
ENSDARP00000133559	ENSDARG00000104028	si:dkey-74k8.3	ENSEEEP00000035677	ENSEEEG00000016989	
ENSDARP00000091853	ENSDARG00000069438	neurl1aa	ENSEEEP00000050083	ENSEEEG00000023557	neurl1aa
ENSDARP00000142832	ENSDARG00000091111	tifa	ENSEEEP00000061599	ENSEEEG00000025514	si:ch211-15b10.6
ENSDARP00000055307	ENSDARG00000037955	pih1d1	ENSEEEP00000033934	ENSEEEG00000016156	BMT2
ENSDARP00000057761	ENSDARG00000039535	dapp1	ENSEEEP00000052898	ENSEEEG00000028301	DAPP1
ENSDARP00000124972	ENSDARG00000062727	cep290	ENSEEEP00000016069	ENSEEEG00000007958	CEP290
ENSDARP00000116525	ENSDARG00000077994	b4galt2	ENSEEEP00000033614	ENSEEEG00000015992	B4GALT2
ENSDARP00000012989	ENSDARG00000017657	zgc:112163	ENSEEEP00000063571	ENSEEEG00000027939	zgc:112163
ENSDARP00000029972	ENSDARG00000025593	plekhj1	ENSEEEP00000056016	ENSEEEG00000027809	PLEKHJ1
ENSDARP00000142266	ENSDARG00000105394	gemin6	ENSEEEP00000056648	ENSEEEG00000026549	GEMIN6
ENSDARP00000122829	ENSDARG00000038059	grb2b	ENSEEEP00000060388	ENSEEEG00000028535	grb2b
ENSDARP00000123314	ENSDARG00000094892	cenph	ENSEEEP00000022448	ENSEEEG00000010901	CENPH
ENSDARP00000052323	ENSDARG00000036040	atg13	ENSEEEP00000019111	ENSEEEG00000009375	ATG13
ENSDARP00000076314	ENSDARG00000058917	nnr	ENSEEEP00000023648	ENSEEEG00000011457	
ENSDARP00000140629	ENSDARG00000036235	zbtb3	ENSEEEP00000035550	ENSEEEG00000016935	ZBTB3
ENSDARP00000132856	ENSDARG00000103607	wtip	ENSEEEP00000003793	ENSEEEG00000002043	WTIP
ENSDARP00000017212	ENSDARG00000020895	bag1	ENSEEEP00000018303	ENSEEEG00000008992	BAG1
ENSDARP00000117814	ENSDARG00000056745	necab2	ENSEEEP00000047022	ENSEEEG00000022137	NECAB2
ENSDARP00000058942	ENSDARG00000040280	lratd2b	ENSEEEP00000034250	ENSEEEG00000016312	LRATD2
ENSDARP00000112504	ENSDARG00000091573	rap1gapl	ENSEEEP00000015293	ENSEEEG00000007602	si:ch1073-90m23.1
ENSDARP00000107908	ENSDARG00000077119	naxd	ENSEEEP00000037862	ENSEEEG00000017997	NAXD
ENSDARP00000128921	ENSDARG00000088171	ciartb	ENSEEEP00000002492	ENSEEEG00000001455	
ENSDARP00000105418	ENSDARG00000054827	ssuh2.4	ENSEEEP00000049555	ENSEEEG00000023299	ssuh2.2
ENSDARP00000115597	ENSDARG00000038855	chmp5a	ENSEEEP00000018346	ENSEEEG00000008994	chmp5a
ENSDARP00000101591	ENSDARG00000037109	pwp2h	ENSEEEP00000037719	ENSEEEG00000017927	pwp2h
ENSDARP00000103808	ENSDARG00000076755	ap5s1	ENSEEEP00000000089	ENSEEEG00000000056	AP5S1
ENSDARP00000127609	ENSDARG00000076767	pgfb	ENSEEEP00000035605	ENSEEEG00000016957	pgfb
ENSDARP00000120678	ENSDARG00000068168	hes2.2	ENSEEEP00000007808	ENSEEEG00000004087	HES2
ENSDARP00000150009	ENSDARG00000005186	sp4	ENSEEEP00000010972	ENSEEEG00000005546	SP4
ENSDARP00000061434	ENSDARG00000041921	hsbp1b	ENSEEEP00000031009	ENSEEEG00000014840	hsbp1b
ENSDARP00000115793	ENSDARG00000077653	rabl6b	ENSEEEP00000019059	ENSEEEG00000009357	rabl6b
ENSDARP00000048374	ENSDARG00000030106	stmn4	ENSEEEP00000059352	ENSEEEG00000025873	STMN4
ENSDARP00000124900	ENSDARG00000038938	itprid2	ENSEEEP00000012055	ENSEEEG00000006082	ERG
ENSDARP00000049108	ENSDARG00000031495	seta	ENSEEEP00000044448	ENSEEEG00000021002	SET
ENSDARP00000049374	ENSDARG00000034670	ube2e2	ENSEEEP00000004869	ENSEEEG00000002544	UBE2E2
ENSDARP00000143228	ENSDARG00000043781	psmb10	ENSEEEP00000006172	ENSEEEG00000003291	PSMB10
ENSDARP00000155944	ENSDARG00000071697	zgc:66433	ENSEEEP00000035678	ENSEEEG00000016990	zgc:66433
ENSDARP00000056895	ENSDARG00000038978	dnajb4	ENSEEEP00000023793	ENSEEEG00000011542	DNAJB4
ENSDARP00000021095	ENSDARG00000007989	nedd8	ENSEEEP00000063555	ENSEEEG00000028062	NEDD8
ENSDARP00000032736	ENSDARG00000028664	ahsa1a	ENSEEEP00000022790	ENSEEEG00000011055	ahsa1a
ENSDARP00000054439	ENSDARG00000037409	tmem144a	ENSEEEP00000031935	ENSEEEG00000015130	tmem144a
ENSDARP00000124484	ENSDARG00000077982	elf3	ENSEEEP00000031839	ENSEEEG00000015202	ELF3
ENSDARP00000023459	ENSDARG00000017983	rsph14	ENSEEEP00000016990	ENSEEEG00000008418	RSPH14
ENSDARP00000077498	ENSDARG00000019930	tal1	ENSEEEP00000036117	ENSEEEG00000017181	TAL1
ENSDARP00000099663	ENSDARG00000076991	dolk	ENSEEEP00000012983	ENSEEEG00000006527	DOLK
ENSDARP00000055236	ENSDARG00000037895	ramp2	ENSEEEP00000053690	ENSEEEG00000026108	RAMP2
ENSDARP00000116209	ENSDARG00000007988	masp2	ENSEEEP00000048001	ENSEEEG00000022616	MASP2
ENSDARP00000127387	ENSDARG00000045038	tekt3	ENSEEEP00000039848	ENSEEEG00000018894	TEKT3
ENSDARP00000027924	ENSDARG00000012555	ak5	ENSEEEP00000023953	ENSEEEG00000011634	AK5
ENSDARP00000074293	ENSDARG00000057234	chtopa	ENSEEEP00000001484	ENSEEEG00000000957	chtopa
ENSDARP00000062134	ENSDARG00000042379	tmem120ab	ENSEEEP00000025304	ENSEEEG00000012211	TMEM120A
ENSDARP00000100792	ENSDARG00000074471	vps39	ENSEEEP00000008606	ENSEEEG00000004176	VPS39
ENSDARP00000031688	ENSDARG00000027472	gphb5	ENSEEEP00000026340	ENSEEEG00000012755	GPHB5
ENSDARP00000069715	ENSDARG00000053222	asb5b	ENSEEEP00000036513	ENSEEEG00000017358	asb5b
ENSDARP00000014252	ENSDARG00000009447	atp5mc3b	ENSEEEP00000046523	ENSEEEG00000021912	atp5mc3b
ENSDARP00000138006	ENSDARG00000104752	si:ch211-93i7.4	ENSEEEP00000001731	ENSEEEG00000001105	COLEC10
ENSDARP00000127039	ENSDARG00000015989	zdhhc16b	ENSEEEP00000006784	ENSEEEG00000003577	zdhhc16b
ENSDARP00000046158	ENSDARG00000032885	si:ch211-226m7.4	ENSEEEP00000027629	ENSEEEG00000013307	si:ch211-226m7.4
ENSDARP00000032254	ENSDARG00000027418	trappc4	ENSEEEP00000043229	ENSEEEG00000020417	TRAPPC4
ENSDARP00000051663	ENSDARG00000035630	ypel1	ENSEEEP00000017987	ENSEEEG00000008863	YPEL1
ENSDARP00000153743	ENSDARG00000056550	tango2	ENSEEEP00000036854	ENSEEEG00000017497	TANGO2
ENSDARP00000075601	ENSDARG00000058302	sh3bgrl	ENSEEEP00000047971	ENSEEEG00000022601	SH3BGRL
ENSDARP00000095917	ENSDARG00000036912	edn1	ENSEEEP00000002117	ENSEEEG00000001300	EDN1
ENSDARP00000039846	ENSDARG00000033376	chchd4a	ENSEEEP00000051519	ENSEEEG00000024192	chchd4a
ENSDARP00000092749	ENSDARG00000032866	erh	ENSEEEP00000061317	ENSEEEG00000024991	ERH
ENSDARP00000146905	ENSDARG00000076657	plagl2	ENSEEEP00000061796	ENSEEEG00000027325	PLAGL2
ENSDARP00000063538	ENSDARG00000043283	prrg1	ENSEEEP00000040509	ENSEEEG00000019190	PRRG1
ENSDARP00000130877	ENSDARG00000104708	ddx24	ENSEEEP00000054577	ENSEEEG00000007868	DDX24
ENSDARP00000140246	ENSDARG00000102023	phf13	ENSEEEP00000053676	ENSEEEG00000026706	PHF13
ENSDARP00000004624	ENSDARG00000006174	lrrc23	ENSEEEP00000013721	ENSEEEG00000006839	LRRC23
ENSDARP00000129242	ENSDARG00000040284	si:dkey-79d12.5	ENSEEEP00000037218	ENSEEEG00000017693	si:dkey-79d12.5
ENSDARP00000017777	ENSDARG00000017605	rpp40	ENSEEEP00000016005	ENSEEEG00000007924	RPP40
ENSDARP00000109667	ENSDARG00000020447	tmtc4	ENSEEEP00000004268	ENSEEEG00000002206	TMTC4
ENSDARP00000071590	ENSDARG00000054847	xcr1a.1	ENSEEEP00000053750	ENSEEEG00000025318	xcr1a.1
ENSDARP00000117250	ENSDARG00000045864	lmod2b	ENSEEEP00000062292	ENSEEEG00000026187	lmod2b
ENSDARP00000101371	ENSDARG00000076853	areg	ENSEEEP00000061716	ENSEEEG00000002660	AREG
ENSDARP00000072361	ENSDARG00000055524	rnf7	ENSEEEP00000052961	ENSEEEG00000026482	RNF7
ENSDARP00000012078	ENSDARG00000010482	prg4a	ENSEEEP00000039766	ENSEEEG00000018853	prg4a
ENSDARP00000116469	ENSDARG00000077026	gpr141	ENSEEEP00000020541	ENSEEEG00000010026	GPR141
ENSDARP00000097547	ENSDARG00000077101	zbtb10	ENSEEEP00000031548	ENSEEEG00000015091	zbtb10
ENSDARP00000106089	ENSDARG00000042839	dph6	ENSEEEP00000025827	ENSEEEG00000012518	DPH6
ENSDARP00000110254	ENSDARG00000091555	ostf1	ENSEEEP00000005084	ENSEEEG00000002628	OSTF1
ENSDARP00000132024	ENSDARG00000097718	stard10	ENSEEEP00000008788	ENSEEEG00000004547	STARD10
ENSDARP00000133036	ENSDARG00000099667	snrpg	ENSEEEP00000063963	ENSEEEG00000027179	snrpg
ENSDARP00000098645	ENSDARG00000075905	si:ch211-266g18.9	ENSEEEP00000027432	ENSEEEG00000013237	si:ch211-266g18.9
ENSDARP00000057644	ENSDARG00000039459	qsox1	ENSEEEP00000055448	ENSEEEG00000025338	QSOX1
ENSDARP00000074623	ENSDARG00000057484	srsf2a	ENSEEEP00000042191	ENSEEEG00000019929	srsf2a
ENSDARP00000112519	ENSDARG00000078654	tpx2	ENSEEEP00000009746	ENSEEEG00000004957	TPX2
ENSDARP00000038323	ENSDARG00000024669	oser1	ENSEEEP00000004698	ENSEEEG00000002455	OSER1
ENSDARP00000020319	ENSDARG00000018921	lratd1	ENSEEEP00000000402	ENSEEEG00000000302	LRATD1
ENSDARP00000095378	ENSDARG00000070952	fam131ba	ENSEEEP00000015795	ENSEEEG00000007815	fam131ba
ENSDARP00000140737	ENSDARG00000104470	syngr2b	ENSEEEP00000055266	ENSEEEG00000027724	syngr2b
ENSDARP00000093678	ENSDARG00000008075	illr4	ENSEEEP00000059318	ENSEEEG00000027149	
ENSDARP00000098404	ENSDARG00000093498	macir	ENSEEEP00000042056	ENSEEEG00000019868	MACIR
ENSDARP00000141305	ENSDARG00000098460	ccl39.5	ENSEEEP00000006531	ENSEEEG00000003453	
ENSDARP00000076383	ENSDARG00000058962	txnl4b	ENSEEEP00000027219	ENSEEEG00000013135	TXNL4B
ENSDARP00000108941	ENSDARG00000077377	prima1	ENSEEEP00000024731	ENSEEEG00000011977	
ENSDARP00000113639	ENSDARG00000020527	nup62l	ENSEEEP00000016680	ENSEEEG00000008236	nup62l
ENSDARP00000033785	ENSDARG00000007398	lrrk1	ENSEEEP00000032072	ENSEEEG00000015290	CARMIL1
ENSDARP00000116578	ENSDARG00000092677	coa6	ENSEEEP00000043126	ENSEEEG00000020365	coa6
ENSDARP00000092673	ENSDARG00000069815	dnali1	ENSEEEP00000013775	ENSEEEG00000006863	DNALI1
ENSDARP00000054061	ENSDARG00000037174	nek12	ENSEEEP00000035215	ENSEEEG00000016753	nek12
ENSDARP00000121706	ENSDARG00000006604	nectin3b	ENSEEEP00000005774	ENSEEEG00000003054	nectin3b
ENSDARP00000001288	ENSDARG00000033450	nkap	ENSEEEP00000030225	ENSEEEG00000014490	NKAP
ENSDARP00000107676	ENSDARG00000002728	kiss1ra	ENSEEEP00000001546	ENSEEEG00000000891	kiss1ra
ENSDARP00000139397	ENSDARG00000105708	or42a4	ENSEEEP00000004831	ENSEEEG00000028543	or109-4
ENSDARP00000039450	ENSDARG00000058425	rab35b	ENSEEEP00000062617	ENSEEEG00000026028	RAB35
ENSDARP00000052861	ENSDARG00000036386	rbm4.1	ENSEEEP00000011873	ENSEEEG00000005976	rbm4.1
ENSDARP00000101599	ENSDARG00000017886	zbtb11	ENSEEEP00000011601	ENSEEEG00000005836	ZBTB11
ENSDARP00000090309	ENSDARG00000019707	spout1	ENSEEEP00000012935	ENSEEEG00000006447	SPOUT1
ENSDARP00000127073	ENSDARG00000055630	foxh1	ENSEEEP00000037685	ENSEEEG00000017920	FOXH1
ENSDARP00000154118	ENSDARG00000022176	iglon5	ENSEEEP00000043568	ENSEEEG00000020588	IGLON5
ENSDARP00000104922	ENSDARG00000090156	pttg1ipa	ENSEEEP00000046668	ENSEEEG00000021978	PTTG1IP
ENSDARP00000096134	ENSDARG00000052522	snx11	ENSEEEP00000060107	ENSEEEG00000025147	snx11
ENSDARP00000113972	ENSDARG00000094887	si:ch211-170d8.2	ENSEEEP00000050763	ENSEEEG00000023848	si:ch211-170d8.2
ENSDARP00000068063	ENSDARG00000051858	ccdc33	ENSEEEP00000003042	ENSEEEG00000001725	CCDC33
ENSDARP00000098526	ENSDARG00000078105	depdc5	ENSEEEP00000033038	ENSEEEG00000015720	depdc5
ENSDARP00000071305	ENSDARG00000054606	mrpl1	ENSEEEP00000001476	ENSEEEG00000000955	MRPL1
ENSDARP00000074845	ENSDARG00000057676	golga7	ENSEEEP00000016706	ENSEEEG00000008278	GOLGA7
ENSDARP00000139590	ENSDARG00000052016	cabp2a	ENSEEEP00000007417	ENSEEEG00000003894	cabp2a
ENSDARP00000055562	ENSDARG00000038112	si:dkeyp-59c12.1	ENSEEEP00000036430	ENSEEEG00000017320	si:dkeyp-59c12.1
ENSDARP00000073905	ENSDARG00000056873	and3	ENSEEEP00000042236	ENSEEEG00000019948	and3
ENSDARP00000001220	ENSDARG00000000656	psmb9a	ENSEEEP00000047976	ENSEEEG00000022604	psmb9a
ENSDARP00000104697	ENSDARG00000091009	si:ch211-28p3.4	ENSEEEP00000012307	ENSEEEG00000006189	si:ch211-28p3.4
ENSDARP00000063705	ENSDARG00000043396	fndc4a	ENSEEEP00000008987	ENSEEEG00000004638	fndc4a
ENSDARP00000102207	ENSDARG00000011299	blzf1	ENSEEEP00000027216	ENSEEEG00000013133	BLZF1
ENSDARP00000022497	ENSDARG00000012025	hs6st2	ENSEEEP00000041882	ENSEEEG00000019795	HS6ST2
ENSDARP00000014151	ENSDARG00000014692	znf622	ENSEEEP00000038081	ENSEEEG00000018087	ZNF622
ENSDARP00000033243	ENSDARG00000023989	pef1	ENSEEEP00000032819	ENSEEEG00000015634	PEF1
ENSDARP00000053472	ENSDARG00000036833	upp2	ENSEEEP00000043423	ENSEEEG00000020521	UPP2
ENSDARP00000143820	ENSDARG00000008735	atp6ap2	ENSEEEP00000023552	ENSEEEG00000011421	ATP6AP2
ENSDARP00000112899	ENSDARG00000015966	yaf2	ENSEEEP00000057380	ENSEEEG00000026735	YAF2
ENSDARP00000036397	ENSDARG00000026762	hycc1	ENSEEEP00000011004	ENSEEEG00000005571	FAM126A
ENSDARP00000022555	ENSDARG00000021201	noto	ENSEEEP00000000108	ENSEEEG00000000073	noto
ENSDARP00000124104	ENSDARG00000086189	mgp	ENSEEEP00000054666	ENSEEEG00000026815	MGP
ENSDARP00000130264	ENSDARG00000101385	f8	ENSEEEP00000009380	ENSEEEG00000004797	F8
ENSDARP00000109456	ENSDARG00000088251	igldcp	ENSEEEP00000006163	ENSEEEG00000003286	
ENSDARP00000017010	ENSDARG00000011026	zgc:92907	ENSEEEP00000053219	ENSEEEG00000019802	zgc:92907
ENSDARP00000064788	ENSDARG00000044125	txnb	ENSEEEP00000012113	ENSEEEG00000006106	TXN
ENSDARP00000106508	ENSDARG00000052104	atg4b	ENSEEEP00000063680	ENSEEEG00000004904	ATG4B
ENSDARP00000101854	ENSDARG00000008174	hoxb1a	ENSEEEP00000007583	ENSEEEG00000003958	hoxb1a
ENSDARP00000116770	ENSDARG00000075974	si:dkey-258f14.3	ENSEEEP00000014124	ENSEEEG00000007016	zgc:109949
ENSDARP00000008458	ENSDARG00000013533	hoxb4a	ENSEEEP00000007597	ENSEEEG00000003963	hoxb4a
ENSDARP00000017923	ENSDARG00000016412	agt	ENSEEEP00000007486	ENSEEEG00000003917	AGT
ENSDARP00000139196	ENSDARG00000103712	plpp7a	ENSEEEP00000051437	ENSEEEG00000024141	plpp7a
ENSDARP00000117055	ENSDARG00000039820	mea1	ENSEEEP00000062574	ENSEEEG00000025376	MEA1
ENSDARP00000152044	ENSDARG00000003127	zgc:123105	ENSEEEP00000040048	ENSEEEG00000018989	zgc:123105
ENSDARP00000131357	ENSDARG00000102379	sesn4	ENSEEEP00000041943	ENSEEEG00000019824	si:zfos-80g12.1
ENSDARP00000046637	ENSDARG00000056027	hoxb8a	ENSEEEP00000007612	ENSEEEG00000003979	hoxb8a
ENSDARP00000056720	ENSDARG00000038845	ldhd	ENSEEEP00000029178	ENSEEEG00000013931	LDHD
ENSDARP00000119718	ENSDARG00000022684	fkbp1aa	ENSEEEP00000004626	ENSEEEG00000002412	fkbp1aa
ENSDARP00000018064	ENSDARG00000007127	acat2	ENSEEEP00000019789	ENSEEEG00000009685	ACAT2
ENSDARP00000120165	ENSDARG00000009094	gata2b	ENSEEEP00000018107	ENSEEEG00000008899	gata2b
ENSDARP00000080411	ENSDARG00000060767	smg7	ENSEEEP00000009005	ENSEEEG00000004370	SMG7
ENSDARP00000056898	ENSDARG00000038980	txndc12	ENSEEEP00000023791	ENSEEEG00000011539	TXNDC12
ENSDARP00000150008	ENSDARG00000079280	dhrsx	ENSEEEP00000027306	ENSEEEG00000013167	DHRSX
ENSDARP00000049035	ENSDARG00000034048	zgc:92275	ENSEEEP00000007112	ENSEEEG00000003752	zgc:92275
ENSDARP00000122743	ENSDARG00000010681	tjap1	ENSEEEP00000026451	ENSEEEG00000012740	TJAP1
ENSDARP00000022783	ENSDARG00000006894	oprk1	ENSEEEP00000018359	ENSEEEG00000009011	OPRK1
ENSDARP00000034835	ENSDARG00000025899	pnx	ENSEEEP00000045378	ENSEEEG00000021415	pnx
ENSDARP00000073748	ENSDARG00000056743	cavin4b	ENSEEEP00000033585	ENSEEEG00000015979	cavin4b
ENSDARP00000130502	ENSDARG00000098441	nars2	ENSEEEP00000043627	ENSEEEG00000020621	NARS2
ENSDARP00000063007	ENSDARG00000042925	mfng	ENSEEEP00000044482	ENSEEEG00000021008	MFNG
ENSDARP00000034555	ENSDARG00000044562	cycsb	ENSEEEP00000046547	ENSEEEG00000021918	cycsb
ENSDARP00000006624	ENSDARG00000006316	rpl23a	ENSEEEP00000056226	ENSEEEG00000005541	rpl23a
ENSDARP00000090506	ENSDARG00000068856	f2rl1.1	ENSEEEP00000022321	ENSEEEG00000010834	f2rl1.1
ENSDARP00000124193	ENSDARG00000087178	scpp9	ENSEEEP00000052993	ENSEEEG00000026734	scpp9
ENSDARP00000115865	ENSDARG00000010977	rab34b	ENSEEEP00000010930	ENSEEEG00000005501	rab34b
ENSDARP00000088351	ENSDARG00000067752	pigl	ENSEEEP00000011845	ENSEEEG00000005966	PIGL
ENSDARP00000105943	ENSDARG00000059804	retreg3	ENSEEEP00000010497	ENSEEEG00000005308	RETREG3
ENSDARP00000124333	ENSDARG00000078210	tulp1b	ENSEEEP00000061273	ENSEEEG00000007195	tulp1b
ENSDARP00000058706	ENSDARG00000040137	jdp2a	ENSEEEP00000061428	ENSEEEG00000026493	jdp2a
ENSDARP00000023829	ENSDARG00000019861	fgl2a	ENSEEEP00000060043	ENSEEEG00000027522	fgl2a
ENSDARP00000070032	ENSDARG00000053509	kazald3	ENSEEEP00000060248	ENSEEEG00000008426	kazald3
ENSDARP00000141091	ENSDARG00000098118	trappc10	ENSEEEP00000007527	ENSEEEG00000003935	trappc10
ENSDARP00000157642	ENSDARG00000109862	htr1fa	ENSEEEP00000011415	ENSEEEG00000005769	HTR1F
ENSDARP00000124163	ENSDARG00000088929	ypel5	ENSEEEP00000015100	ENSEEEG00000007523	YPEL5
ENSDARP00000129179	ENSDARG00000078075	ilrun	ENSEEEP00000014425	ENSEEEG00000007182	ILRUN
ENSDARP00000134264	ENSDARG00000100899	si:ch211-241b2.5	ENSEEEP00000003529	ENSEEEG00000001949	si:ch211-241b2.5
ENSDARP00000099431	ENSDARG00000075347	chfr	ENSEEEP00000019400	ENSEEEG00000009484	CHFR
ENSDARP00000049044	ENSDARG00000030215	matn1	ENSEEEP00000038230	ENSEEEG00000018178	MATN1
ENSDARP00000107807	ENSDARG00000008306	rdh5	ENSEEEP00000015765	ENSEEEG00000007744	RDH5
ENSDARP00000063332	ENSDARG00000043135	pomca	ENSEEEP00000041905	ENSEEEG00000019801	pomca
ENSDARP00000119133	ENSDARG00000060215	cep85	ENSEEEP00000023784	ENSEEEG00000011530	CEP85
ENSDARP00000108605	ENSDARG00000089837	slc35d2	ENSEEEP00000020216	ENSEEEG00000009855	slc35d2
ENSDARP00000056302	ENSDARG00000038567	tsr3	ENSEEEP00000022257	ENSEEEG00000010806	TSR3
ENSDARP00000017502	ENSDARG00000020746	gfi1aa	ENSEEEP00000023623	ENSEEEG00000011445	GFI1
ENSDARP00000042726	ENSDARG00000029890	si:dkeyp-86f7.4	ENSEEEP00000022040	ENSEEEG00000010705	si:dkeyp-86f7.4
ENSDARP00000062590	ENSDARG00000042671	odr4	ENSEEEP00000040710	ENSEEEG00000019296	ODR4
ENSDARP00000016772	ENSDARG00000017687	dnajc5gb	ENSEEEP00000021343	ENSEEEG00000010399	dnajc5gb
ENSDARP00000096314	ENSDARG00000026611	socs3b	ENSEEEP00000011676	ENSEEEG00000005873	socs3b
ENSDARP00000139749	ENSDARG00000101387	camk2n1a	ENSEEEP00000016240	ENSEEEG00000008036	CAMK2N1
ENSDARP00000027609	ENSDARG00000003132	apip	ENSEEEP00000040621	ENSEEEG00000019247	APIP
ENSDARP00000111484	ENSDARG00000016570	prlra	ENSEEEP00000056098	ENSEEEG00000029119	prlra
ENSDARP00000138208	ENSDARG00000099814	fbxo46	ENSEEEP00000038388	ENSEEEG00000018228	FBXO46
ENSDARP00000013958	ENSDARG00000009544	cldnb	ENSEEEP00000010728	ENSEEEG00000005431	cldnb
ENSDARP00000109573	ENSDARG00000007760	spg21	ENSEEEP00000032293	ENSEEEG00000015398	SPG21
ENSDARP00000137474	ENSDARG00000103149	cog6	ENSEEEP00000056211	ENSEEEG00000019663	COG6
ENSDARP00000108493	ENSDARG00000037928	ddx42	ENSEEEP00000054374	ENSEEEG00000001260	DDX42
ENSDARP00000122353	ENSDARG00000039649	mtif3	ENSEEEP00000032510	ENSEEEG00000015498	MTIF3
ENSDARP00000129297	ENSDARG00000076462	ndnfl	ENSEEEP00000047347	ENSEEEG00000022287	ndnfl
ENSDARP00000113405	ENSDARG00000061174	znf740b	ENSEEEP00000054770	ENSEEEG00000025694	znf740b
ENSDARP00000022576	ENSDARG00000013438	sycp3	ENSEEEP00000045708	ENSEEEG00000021546	SYCP3
ENSDARP00000095305	ENSDARG00000070929	sox14	ENSEEEP00000007057	ENSEEEG00000003730	SOX14
ENSDARP00000019792	ENSDARG00000004130	mvk	ENSEEEP00000057496	ENSEEEG00000015244	MVK
ENSDARP00000063799	ENSDARG00000043457	gapdh	ENSEEEP00000044794	ENSEEEG00000019740	GAPDH
ENSDARP00000048830	ENSDARG00000030914	tmem120aa	ENSEEEP00000036927	ENSEEEG00000017495	TMEM120A
ENSDARP00000014260	ENSDARG00000013726	ap4b1	ENSEEEP00000054692	ENSEEEG00000010957	AP4B1
ENSDARP00000089171	ENSDARG00000075437	shc1	ENSEEEP00000023489	ENSEEEG00000011241	SHC1
ENSDARP00000111631	ENSDARG00000090086	rab11bb	ENSEEEP00000048785	ENSEEEG00000022947	rab11bb
ENSDARP00000116051	ENSDARG00000041702	rfx6	ENSEEEP00000015056	ENSEEEG00000007485	RFX6
ENSDARP00000102576	ENSDARG00000076406	ggcta	ENSEEEP00000028155	ENSEEEG00000013550	ggcta
ENSDARP00000124306	ENSDARG00000042041	tal2	ENSEEEP00000002542	ENSEEEG00000001468	TAL2
ENSDARP00000114283	ENSDARG00000093734	si:ch211-209a2.2	ENSEEEP00000008607	ENSEEEG00000004457	si:ch211-209a2.2
ENSDARP00000063856	ENSDARG00000043497	scrn2	ENSEEEP00000024716	ENSEEEG00000011964	SCRN2
ENSDARP00000111552	ENSDARG00000024844	max	ENSEEEP00000064373	ENSEEEG00000013517	MAX
ENSDARP00000115287	ENSDARG00000045542	lamtor4	ENSEEEP00000055185	ENSEEEG00000027562	LAMTOR4
ENSDARP00000098343	ENSDARG00000076541	clec3ba	ENSEEEP00000048991	ENSEEEG00000023024	clec3ba
ENSDARP00000030870	ENSDARG00000023396	atg5	ENSEEEP00000063077	ENSEEEG00000026030	ATG5
ENSDARP00000056168	ENSDARG00000038489	b3gnt7	ENSEEEP00000026456	ENSEEEG00000012799	B3GNT7
ENSDARP00000095491	ENSDARG00000092584	plex9.1	ENSEEEP00000061871	ENSEEEG00000024892	si:ch1073-385f13.3
ENSDARP00000009151	ENSDARG00000006816	gtf2f2b	ENSEEEP00000011434	ENSEEEG00000005776	gtf2f2b
ENSDARP00000052066	ENSDARG00000035862	insl3	ENSEEEP00000036900	ENSEEEG00000017523	
ENSDARP00000096258	ENSDARG00000071378	micos13	ENSEEEP00000047788	ENSEEEG00000022492	MICOS13
ENSDARP00000132072	ENSDARG00000101812	srcin1b	ENSEEEP00000001608	ENSEEEG00000001029	zgc:114120
ENSDARP00000072444	ENSDARG00000055589	s100t	ENSEEEP00000023160	ENSEEEG00000011230	s100t
ENSDARP00000093259	ENSDARG00000070046	eny2	ENSEEEP00000034116	ENSEEEG00000016239	ENY2
ENSDARP00000042157	ENSDARG00000032340	serhl	ENSEEEP00000041445	ENSEEEG00000019599	serhl
ENSDARP00000091551	ENSDARG00000041085	arpin	ENSEEEP00000045797	ENSEEEG00000021590	arpin
ENSDARP00000059027	ENSDARG00000040338	hvcn1	ENSEEEP00000051639	ENSEEEG00000024247	HVCN1
ENSDARP00000106435	ENSDARG00000062855	plekhg7	ENSEEEP00000014507	ENSEEEG00000007219	plekhg7
ENSDARP00000142268	ENSDARG00000060176	trmt10b	ENSEEEP00000034793	ENSEEEG00000016549	TRMT10B
ENSDARP00000083772	ENSDARG00000062083	dph7	ENSEEEP00000019042	ENSEEEG00000009349	DPH7
ENSDARP00000039045	ENSDARG00000021975	ginm1	ENSEEEP00000008993	ENSEEEG00000004641	GINM1
ENSDARP00000022481	ENSDARG00000005454	tacc3	ENSEEEP00000009527	ENSEEEG00000004873	TACC3
ENSDARP00000102008	ENSDARG00000076330	dusp12	ENSEEEP00000039374	ENSEEEG00000018703	DUSP12
ENSDARP00000079296	ENSDARG00000060316	cisha	ENSEEEP00000011997	ENSEEEG00000006051	CISH
ENSDARP00000101504	ENSDARG00000079158	thpo	ENSEEEP00000027523	ENSEEEG00000013270	SELENOF
ENSDARP00000040396	ENSDARG00000025350	prdx2	ENSEEEP00000057347	ENSEEEG00000026755	PRDX2
ENSDARP00000082230	ENSDARG00000061508	tgfbrap1	ENSEEEP00000059928	ENSEEEG00000018481	TGFBRAP1
ENSDARP00000027947	ENSDARG00000010149	atp5fa1	ENSEEEP00000020699	ENSEEEG00000010092	atp5fa1
ENSDARP00000121339	ENSDARG00000039887	c1qbp	ENSEEEP00000050540	ENSEEEG00000023762	hnrnpc
ENSDARP00000094043	ENSDARG00000070403	ntaq1	ENSEEEP00000034550	ENSEEEG00000016437	wdyhv1
ENSDARP00000143613	ENSDARG00000008866	cabp4	ENSEEEP00000014137	ENSEEEG00000007019	CABP4
ENSDARP00000113982	ENSDARG00000006939	tbx16l	ENSEEEP00000050489	ENSEEEG00000023735	TBX4
ENSDARP00000068557	ENSDARG00000003270	dhps	ENSEEEP00000037616	ENSEEEG00000017892	dhps
ENSDARP00000082673	ENSDARG00000002230	sypb	ENSEEEP00000004583	ENSEEEG00000002385	sypb
ENSDARP00000015953	ENSDARG00000007444	ift81	ENSEEEP00000042678	ENSEEEG00000020145	IFT81
ENSDARP00000093655	ENSDARG00000070222	fam43b	ENSEEEP00000003318	ENSEEEG00000001871	FAM43B
ENSDARP00000133597	ENSDARG00000036305	phf23b	ENSEEEP00000026918	ENSEEEG00000012994	phf23b
ENSDARP00000120263	ENSDARG00000052271	slc67a1	ENSEEEP00000062586	ENSEEEG00000006153	SLC22A18
ENSDARP00000075344	ENSDARG00000058090	cfap57	ENSEEEP00000022988	ENSEEEG00000011160	CFAP57
ENSDARP00000117497	ENSDARG00000022129	rbm4.3	ENSEEEP00000011881	ENSEEEG00000005981	rbm4.3
ENSDARP00000090542	ENSDARG00000052379	ccdc22	ENSEEEP00000024788	ENSEEEG00000012001	CCDC22
ENSDARP00000147222	ENSDARG00000073731	dok4	ENSEEEP00000057344	ENSEEEG00000016669	DOK4
ENSDARP00000013881	ENSDARG00000002847	fndc1	ENSEEEP00000019363	ENSEEEG00000009480	FNDC1
ENSDARP00000098423	ENSDARG00000078147	il10	ENSEEEP00000037779	ENSEEEG00000017960	IL10
ENSDARP00000023072	ENSDARG00000023031	hoxa2b	ENSEEEP00000030767	ENSEEEG00000014724	hoxa2b
ENSDARP00000077664	ENSDARG00000059689	mblac2	ENSEEEP00000046607	ENSEEEG00000021942	MBLAC2
ENSDARP00000006410	ENSDARG00000012788	foxa3	ENSEEEP00000026713	ENSEEEG00000012897	FOXA3
ENSDARP00000135944	ENSDARG00000067717	tomm7	ENSEEEP00000011006	ENSEEEG00000005572	TOMM7
ENSDARP00000015898	ENSDARG00000003701	cldng	ENSEEEP00000027315	ENSEEEG00000013177	cldng
ENSDARP00000049683	ENSDARG00000035005	bag2	ENSEEEP00000055812	ENSEEEG00000008982	BAG2
ENSDARP00000086537	ENSDARG00000063195	pxk	ENSEEEP00000015822	ENSEEEG00000007812	PXK
ENSDARP00000018076	ENSDARG00000018432	m6pr	ENSEEEP00000041603	ENSEEEG00000019680	M6PR
ENSDARP00000123178	ENSDARG00000061462	vwa7	ENSEEEP00000048653	ENSEEEG00000022890	VWA7
ENSDARP00000129430	ENSDARG00000058323	tmbim1a	ENSEEEP00000047714	ENSEEEG00000022460	tmbim1a
ENSDARP00000118587	ENSDARG00000094074	si:dkey-81h8.1	ENSEEEP00000047483	ENSEEEG00000022343	si:dkey-81h8.1
ENSDARP00000128680	ENSDARG00000097583	arfgap3	ENSEEEP00000043881	ENSEEEG00000020736	ARFGAP3
ENSDARP00000057685	ENSDARG00000039482	calhm2.1	ENSEEEP00000057040	ENSEEEG00000026437	calhm2.1
ENSDARP00000104269	ENSDARG00000078743	oxgr1a.2	ENSEEEP00000024409	ENSEEEG00000011840	oxgr1a.2
ENSDARP00000117669	ENSDARG00000093804	sst6.2	ENSEEEP00000048011	ENSEEEG00000022623	UTS2B
ENSDARP00000093359	ENSDARG00000070094	sytl1	ENSEEEP00000029257	ENSEEEG00000014023	SYTL1
ENSDARP00000060250	ENSDARG00000041113	wdr18	ENSEEEP00000063051	ENSEEEG00000005818	WDR18
ENSDARP00000005280	ENSDARG00000014474	yipf1	ENSEEEP00000016569	ENSEEEG00000008210	YIPF1
ENSDARP00000009775	ENSDARG00000015576	itprip	ENSEEEP00000050390	ENSEEEG00000023695	ITPRIP
ENSDARP00000117991	ENSDARG00000070702	s100v2	ENSEEEP00000053930	ENSEEEG00000025636	s100v2
ENSDARP00000152089	ENSDARG00000100968	si:ch211-1a19.3	ENSEEEP00000011538	ENSEEEG00000005817	si:ch211-1a19.3
ENSDARP00000129281	ENSDARG00000077468	si:ch73-206p6.1	ENSEEEP00000053765	ENSEEEG00000026417	si:ch73-206p6.1
ENSDARP00000048276	ENSDARG00000004173	copa	ENSEEEP00000013279	ENSEEEG00000006635	COPA
ENSDARP00000112801	ENSDARG00000077114	arhgef16	ENSEEEP00000041047	ENSEEEG00000019436	ARHGEF16
ENSDARP00000060521	ENSDARG00000041292	si:ch211-231m23.4	ENSEEEP00000043614	ENSEEEG00000020617	si:ch211-231m23.4
ENSDARP00000040803	ENSDARG00000032535	praf2	ENSEEEP00000056693	ENSEEEG00000027424	praf2
ENSDARP00000017054	ENSDARG00000009982	fam199x	ENSEEEP00000041307	ENSEEEG00000019550	FAM199X
ENSDARP00000070638	ENSDARG00000054026	mustn1a	ENSEEEP00000057547	ENSEEEG00000027509	mustn1a
ENSDARP00000069614	ENSDARG00000053138	lrrc47	ENSEEEP00000001251	ENSEEEG00000000853	LRRC47
ENSDARP00000007564	ENSDARG00000016089	bicral	ENSEEEP00000011694	ENSEEEG00000005888	BICRAL
ENSDARP00000053772	ENSDARG00000036995	lsm6	ENSEEEP00000035969	ENSEEEG00000017109	LSM6
ENSDARP00000074706	ENSDARG00000021351	nefma	ENSEEEP00000030495	ENSEEEG00000014609	nefma
ENSDARP00000132889	ENSDARG00000104823	znf648	ENSEEEP00000053171	ENSEEEG00000000622	znf648
ENSDARP00000095554	ENSDARG00000071040	smim8	ENSEEEP00000064053	ENSEEEG00000025743	smim8
ENSDARP00000137100	ENSDARG00000103124	slc35f4	ENSEEEP00000035606	ENSEEEG00000016958	SLC35F4
ENSDARP00000089472	ENSDARG00000068286	slc7a4	ENSEEEP00000010928	ENSEEEG00000005536	SLC7A4
ENSDARP00000066178	ENSDARG00000045016	npffl	ENSEEEP00000051569	ENSEEEG00000024213	npffl
ENSDARP00000026663	ENSDARG00000012453	rnls	ENSEEEP00000021536	ENSEEEG00000010492	RNLS
ENSDARP00000035433	ENSDARG00000002304	gins2	ENSEEEP00000036077	ENSEEEG00000017159	GINS2
ENSDARP00000100427	ENSDARG00000075463	mss51	ENSEEEP00000009173	ENSEEEG00000004718	mss51
ENSDARP00000105581	ENSDARG00000055294	atoh1a	ENSEEEP00000015688	ENSEEEG00000007767	atoh1a
ENSDARP00000088456	ENSDARG00000053716	zgc:153990	ENSEEEP00000060573	ENSEEEG00000026424	zgc:153990
ENSDARP00000049009	ENSDARG00000028899	tekt4	ENSEEEP00000012689	ENSEEEG00000006370	tekt4
ENSDARP00000020352	ENSDARG00000035329	capns1a	ENSEEEP00000038605	ENSEEEG00000018327	capns1b
ENSDARP00000105578	ENSDARG00000089983	si:ch73-109i22.2	ENSEEEP00000037282	ENSEEEG00000017719	si:ch73-109i22.2
ENSDARP00000004926	ENSDARG00000008502	pno1	ENSEEEP00000018311	ENSEEEG00000008995	PNO1
ENSDARP00000114051	ENSDARG00000024195	znf395b	ENSEEEP00000010706	ENSEEEG00000005419	znf395b
ENSDARP00000136054	ENSDARG00000103588	prrt2	ENSEEEP00000055838	ENSEEEG00000018235	prrt2
ENSDARP00000004503	ENSDARG00000003068	gorasp1a	ENSEEEP00000061478	ENSEEEG00000026021	gorasp1a
ENSDARP00000136432	ENSDARG00000057112	gpr25	ENSEEEP00000016511	ENSEEEG00000008182	gpr25
ENSDARP00000106394	ENSDARG00000091001	mycbp	ENSEEEP00000000993	ENSEEEG00000000670	mycbp
ENSDARP00000119209	ENSDARG00000092160	ferd3l	ENSEEEP00000010896	ENSEEEG00000005515	FERD3L
ENSDARP00000001807	ENSDARG00000000887	gtsf1	ENSEEEP00000009690	ENSEEEG00000004943	zgc:56699
ENSDARP00000105739	ENSDARG00000037176	ggh	ENSEEEP00000003292	ENSEEEG00000001850	GGH
ENSDARP00000127596	ENSDARG00000031809	rbm24b	ENSEEEP00000062970	ENSEEEG00000010498	rbm24b
ENSDARP00000106355	ENSDARG00000086302	proser1	ENSEEEP00000036645	ENSEEEG00000017400	PROSER1
ENSDARP00000137823	ENSDARG00000101378	nadsyn1	ENSEEEP00000038481	ENSEEEG00000018007	NADSYN1
ENSDARP00000119521	ENSDARG00000041400	ndufa3	ENSEEEP00000051171	ENSEEEG00000024023	ndufa3
ENSDARP00000066764	ENSDARG00000006010	bmi1a	ENSEEEP00000035186	ENSEEEG00000016741	bmi1a
ENSDARP00000087701	ENSDARG00000052900	zgc:153642	ENSEEEP00000029109	ENSEEEG00000013967	zgc:153642
ENSDARP00000070562	ENSDARG00000053959	cdc42ep2	ENSEEEP00000055539	ENSEEEG00000025253	CDC42EP2
ENSDARP00000127527	ENSDARG00000058351	tapbpl	ENSEEEP00000027099	ENSEEEG00000013085	TAPBPL
ENSDARP00000139775	ENSDARG00000001558	kifc1	ENSEEEP00000047917	ENSEEEG00000022560	KIFC1
ENSDARP00000128816	ENSDARG00000070951	hmga1b	ENSEEEP00000014408	ENSEEEG00000007173	hmga1b
ENSDARP00000082460	ENSDARG00000061602	ssx2ipb	ENSEEEP00000008504	ENSEEEG00000004426	ssx2ipb
ENSDARP00000130274	ENSDARG00000093253	slc33a2	ENSEEEP00000053012	ENSEEEG00000025030	MFSD3
ENSDARP00000101794	ENSDARG00000075621	birc5a	ENSEEEP00000011678	ENSEEEG00000005875	birc5a
ENSDARP00000006884	ENSDARG00000010948	kif11	ENSEEEP00000021725	ENSEEEG00000010564	KIF11
ENSDARP00000130607	ENSDARG00000102701	eva1ba	ENSEEEP00000063613	ENSEEEG00000025041	eva1ba
ENSDARP00000062853	ENSDARG00000042824	nfe2l2a	ENSEEEP00000062289	ENSEEEG00000026803	nfe2l2a
ENSDARP00000115178	ENSDARG00000058232	fbrsl1	ENSEEEP00000019344	ENSEEEG00000009471	fbrsl1
ENSDARP00000109003	ENSDARG00000089879	soul5l	ENSEEEP00000029414	ENSEEEG00000014063	ATG10
ENSDARP00000141095	ENSDARG00000101769	cysltr3	ENSEEEP00000012833	ENSEEEG00000006448	cysltr3
ENSDARP00000043344	ENSDARG00000030440	rsrp1	ENSEEEP00000028564	ENSEEEG00000013721	RSRP1
ENSDARP00000018583	ENSDARG00000005368	mcamb	ENSEEEP00000019693	ENSEEEG00000009640	mcamb
ENSDARP00000099219	ENSDARG00000074508	hap1	ENSEEEP00000031208	ENSEEEG00000014954	si:dkey-28e7.3
ENSDARP00000126941	ENSDARG00000079067	mms19	ENSEEEP00000006755	ENSEEEG00000003561	MMS19
ENSDARP00000118525	ENSDARG00000075917	cfap74	ENSEEEP00000002910	ENSEEEG00000001662	
ENSDARP00000028381	ENSDARG00000024895	fam50a	ENSEEEP00000058179	ENSEEEG00000024417	FAM50A
ENSDARP00000101116	ENSDARG00000071215	palm3	ENSEEEP00000022819	ENSEEEG00000011074	palm1b
ENSDARP00000051832	ENSDARG00000035735	gsx1	ENSEEEP00000032513	ENSEEEG00000015501	GSX1
ENSDARP00000122165	ENSDARG00000074807	tbrg4	ENSEEEP00000040488	ENSEEEG00000019177	TBRG4
ENSDARP00000095521	ENSDARG00000040884	mxi1	ENSEEEP00000020688	ENSEEEG00000010088	MXI1
ENSDARP00000061100	ENSDARG00000006094	igf2r	ENSEEEP00000032149	ENSEEEG00000014629	IGF2R
ENSDARP00000132783	ENSDARG00000104227	nop10	ENSEEEP00000011927	ENSEEEG00000006012	NOP10
ENSDARP00000122314	ENSDARG00000011602	cracd	ENSEEEP00000040619	ENSEEEG00000019246	CRACD
ENSDARP00000107457	ENSDARG00000058451	rpl6	ENSEEEP00000062448	ENSEEEG00000015200	rpl6
ENSDARP00000153583	ENSDARG00000012449	ccdc120a	ENSEEEP00000007024	ENSEEEG00000003704	si:ch211-169p10.1
ENSDARP00000118902	ENSDARG00000076703	zfand4	ENSEEEP00000017491	ENSEEEG00000008654	ZFAND4
ENSDARP00000125426	ENSDARG00000096110	zgc:123278	ENSEEEP00000049181	ENSEEEG00000023111	zgc:123278
ENSDARP00000063834	ENSDARG00000043483	otx5	ENSEEEP00000000400	ENSEEEG00000000293	otx5
ENSDARP00000003013	ENSDARG00000006859	nkain1	ENSEEEP00000039178	ENSEEEG00000018617	NKAIN1
ENSDARP00000015024	ENSDARG00000009886	rnf114	ENSEEEP00000043475	ENSEEEG00000020552	RNF114
ENSDARP00000140362	ENSDARG00000102997	rrn3	ENSEEEP00000029818	ENSEEEG00000013888	RRN3
ENSDARP00000116363	ENSDARG00000094882	illr2	ENSEEEP00000059888	ENSEEEG00000023927	si:ch73-86n18.1
ENSDARP00000035402	ENSDARG00000027938	rad18	ENSEEEP00000052166	ENSEEEG00000024458	RAD18
ENSDARP00000131680	ENSDARG00000101361	znf644a	ENSEEEP00000045008	ENSEEEG00000021240	znf644a
ENSDARP00000123989	ENSDARG00000052158	il23r	ENSEEEP00000014293	ENSEEEG00000007106	
ENSDARP00000094416	ENSDARG00000070538	hey1	ENSEEEP00000031549	ENSEEEG00000015092	HEY1
ENSDARP00000131246	ENSDARG00000094332	vgll4a	ENSEEEP00000058805	ENSEEEG00000026937	vgll4a
ENSDARP00000075769	ENSDARG00000058467	prpf40a	ENSEEEP00000063260	ENSEEEG00000012378	PRPF40A
ENSDARP00000135170	ENSDARG00000101143	vps37bb	ENSEEEP00000056922	ENSEEEG00000028351	VPS37B
ENSDARP00000134519	ENSDARG00000104702	cat	ENSEEEP00000000536	ENSEEEG00000000333	CAT
ENSDARP00000082476	ENSDARG00000061611	si:dkey-85k7.11	ENSEEEP00000032596	ENSEEEG00000015537	si:dkey-85k7.11
ENSDARP00000116571	ENSDARG00000061580	kctd7	ENSEEEP00000044961	ENSEEEG00000021219	KCTD7
ENSDARP00000099187	ENSDARG00000077341	ppp1r14c	ENSEEEP00000004115	ENSEEEG00000002188	PPP1R14C
ENSDARP00000061143	ENSDARG00000041720	arpc5la	ENSEEEP00000014163	ENSEEEG00000007034	arpc5la
ENSDARP00000116197	ENSDARG00000063661	nuak2	ENSEEEP00000062481	ENSEEEG00000015185	nuak2
ENSDARP00000079806	ENSDARG00000060522	rfk	ENSEEEP00000054063	ENSEEEG00000026933	RFK
ENSDARP00000118579	ENSDARG00000055412	mylk4b	ENSEEEP00000000266	ENSEEEG00000000190	mylk4a
ENSDARP00000093440	ENSDARG00000070132	aste1a	ENSEEEP00000020471	ENSEEEG00000009998	aste1a
ENSDARP00000039222	ENSDARG00000024443	gnpda2	ENSEEEP00000054059	ENSEEEG00000026290	GNPDA2
ENSDARP00000129510	ENSDARG00000089974	slc15a5	ENSEEEP00000040155	ENSEEEG00000019044	SLC15A5
ENSDARP00000036401	ENSDARG00000016200	trib3	ENSEEEP00000064333	ENSEEEG00000026517	TRIB3
ENSDARP00000013437	ENSDARG00000002264	mrpl41	ENSEEEP00000019039	ENSEEEG00000009348	MRPL41
ENSDARP00000031129	ENSDARG00000003084	spire2	ENSEEEP00000045185	ENSEEEG00000021331	SPIRE2
ENSDARP00000095301	ENSDARG00000040747	tm4sf4	ENSEEEP00000050918	ENSEEEG00000023911	TM4SF4
ENSDARP00000057912	ENSDARG00000003146	si:dkey-27m7.4	ENSEEEP00000016402	ENSEEEG00000008123	
ENSDARP00000019822	ENSDARG00000003968	larp6b	ENSEEEP00000051379	ENSEEEG00000024111	larp6b
ENSDARP00000109057	ENSDARG00000013667	tbck	ENSEEEP00000001091	ENSEEEG00000000707	TBCK
ENSDARP00000098278	ENSDARG00000075599	cdc25d	ENSEEEP00000012719	ENSEEEG00000006391	cdc25d
ENSDARP00000081663	ENSDARG00000061265	lmln	ENSEEEP00000022870	ENSEEEG00000011105	LMLN
ENSDARP00000152120	ENSDARG00000103203	vps28	ENSEEEP00000033283	ENSEEEG00000015808	VPS28
ENSDARP00000005892	ENSDARG00000016730	rfxank	ENSEEEP00000047696	ENSEEEG00000022452	RFXANK
ENSDARP00000073086	ENSDARG00000056178	dpt	ENSEEEP00000011596	ENSEEEG00000005835	DPT
ENSDARP00000114343	ENSDARG00000041575	trmt10c	ENSEEEP00000027217	ENSEEEG00000013134	TRMT10C
ENSDARP00000003036	ENSDARG00000007708	nsa2	ENSEEEP00000059771	ENSEEEG00000006508	NSA2
ENSDARP00000135402	ENSDARG00000101431	drc4	ENSEEEP00000036049	ENSEEEG00000017144	GAS8
ENSDARP00000108836	ENSDARG00000089110	cimip2c	ENSEEEP00000019337	ENSEEEG00000009474	FAM166C
ENSDARP00000119025	ENSDARG00000013051	zgc:158412	ENSEEEP00000030396	ENSEEEG00000014561	zgc:158412
ENSDARP00000130333	ENSDARG00000103648	znf536	ENSEEEP00000042837	ENSEEEG00000020210	ZNF536
ENSDARP00000124494	ENSDARG00000088693	dcst2	ENSEEEP00000008391	ENSEEEG00000004380	DCSTAMP
ENSDARP00000120969	ENSDARG00000063627	bop1	ENSEEEP00000059706	ENSEEEG00000003847	BOP1
ENSDARP00000072527	ENSDARG00000068407	six9	ENSEEEP00000033182	ENSEEEG00000015785	six9
ENSDARP00000026312	ENSDARG00000018383	frzb	ENSEEEP00000013229	ENSEEEG00000006629	FRZB
ENSDARP00000110342	ENSDARG00000087238	si:ch211-161h7.4	ENSEEEP00000041796	ENSEEEG00000019766	NSD3
ENSDARP00000065460	ENSDARG00000044569	cldn19	ENSEEEP00000022392	ENSEEEG00000010876	CLDN19
ENSDARP00000113353	ENSDARG00000059886	fam222ba	ENSEEEP00000056850	ENSEEEG00000023725	FAM222B
ENSDARP00000083076	ENSDARG00000061848	col15a1b	ENSEEEP00000055193	ENSEEEG00000025819	col15a1b
ENSDARP00000055858	ENSDARG00000027689	pold1	ENSEEEP00000002245	ENSEEEG00000000632	POLD1
ENSDARP00000109040	ENSDARG00000087483	si:dkey-226l10.6	ENSEEEP00000028393	ENSEEEG00000013655	
ENSDARP00000103215	ENSDARG00000074488	ifngr1l	ENSEEEP00000018286	ENSEEEG00000008984	ifngr1l
ENSDARP00000016595	ENSDARG00000007025	ttc9c	ENSEEEP00000047966	ENSEEEG00000022598	TTC9C
ENSDARP00000102441	ENSDARG00000079071	jam2b	ENSEEEP00000047184	ENSEEEG00000022211	jam2b
ENSDARP00000067174	ENSDARG00000045692	pphln1	ENSEEEP00000051447	ENSEEEG00000024151	PPHLN1
ENSDARP00000135882	ENSDARG00000105230	fgf4	ENSEEEP00000038535	ENSEEEG00000018293	FGF4
ENSDARP00000131747	ENSDARG00000104831	cep192	ENSEEEP00000020522	ENSEEEG00000010021	RPS6KL1
ENSDARP00000006532	ENSDARG00000020354	lmx1a	ENSEEEP00000056107	ENSEEEG00000025753	lmx1a
ENSDARP00000098192	ENSDARG00000076148	si:ch211-1a19.2	ENSEEEP00000011537	ENSEEEG00000005816	si:ch211-1a19.2
ENSDARP00000062555	ENSDARG00000042644	sod2	ENSEEEP00000019686	ENSEEEG00000009496	SOD2
ENSDARP00000027942	ENSDARG00000005500	dgcr6	ENSEEEP00000010400	ENSEEEG00000005266	dgcr6
ENSDARP00000113959	ENSDARG00000014309	spaw	ENSEEEP00000009243	ENSEEEG00000004736	spaw
ENSDARP00000043955	ENSDARG00000029848	zgc:161973	ENSEEEP00000044295	ENSEEEG00000020929	zgc:161973
ENSDARP00000122433	ENSDARG00000078138	si:ch211-202h22.8	ENSEEEP00000037542	ENSEEEG00000017858	LITAF
ENSDARP00000014990	ENSDARG00000013079	tubgcp2	ENSEEEP00000032090	ENSEEEG00000015300	TUBGCP2
ENSDARP00000081302	ENSDARG00000061138	senp7b	ENSEEEP00000057636	ENSEEEG00000022256	senp7b
ENSDARP00000123481	ENSDARG00000027777	tnfaip3	ENSEEEP00000059820	ENSEEEG00000008986	TNFAIP3
ENSDARP00000075371	ENSDARG00000058117	snap25b	ENSEEEP00000027854	ENSEEEG00000013403	snap25b
ENSDARP00000110979	ENSDARG00000090481	trarg1a	ENSEEEP00000052631	ENSEEEG00000024654	trarg1a
ENSDARP00000103000	ENSDARG00000075975	slc45a3	ENSEEEP00000023051	ENSEEEG00000011187	SLC45A3
ENSDARP00000095703	ENSDARG00000071116	eepd1	ENSEEEP00000001470	ENSEEEG00000000952	EEPD1
ENSDARP00000116091	ENSDARG00000037068	ikzf4	ENSEEEP00000018978	ENSEEEG00000009305	IKZF4
ENSDARP00000107156	ENSDARG00000061763	afg2b	ENSEEEP00000049000	ENSEEEG00000023028	SPATA5L1
ENSDARP00000003884	ENSDARG00000021107	sf3a2	ENSEEEP00000034877	ENSEEEG00000016587	SF3A2
ENSDARP00000142726	ENSDARG00000105643		ENSEEEP00000031172	ENSEEEG00000014931	ADGRG1
ENSDARP00000116102	ENSDARG00000093240	gmeb2	ENSEEEP00000024994	ENSEEEG00000012121	GMEB2
ENSDARP00000138808	ENSDARG00000005179	dglucy	ENSEEEP00000046280	ENSEEEG00000021795	DGLUCY
ENSDARP00000113351	ENSDARG00000070704	thap7	ENSEEEP00000001504	ENSEEEG00000000975	THAP7
ENSDARP00000076855	ENSDARG00000059327	gata2a	ENSEEEP00000009983	ENSEEEG00000005077	gata2a
ENSDARP00000022169	ENSDARG00000056023	hoxb9a	ENSEEEP00000007614	ENSEEEG00000003980	hoxb9a
ENSDARP00000128871	ENSDARG00000087530	wu:fe05a04	ENSEEEP00000054126	ENSEEEG00000029010	XAF1
ENSDARP00000018018	ENSDARG00000012777	nucks1b	ENSEEEP00000012883	ENSEEEG00000006475	nucks1b
ENSDARP00000136070	ENSDARG00000030896	foxq1a	ENSEEEP00000051476	ENSEEEG00000024167	foxq1a
ENSDARP00000091642	ENSDARG00000069360	ppp3r1b	ENSEEEP00000063765	ENSEEEG00000028649	ppp3r1b
ENSDARP00000139614	ENSDARG00000102746	tmem39a	ENSEEEP00000024592	ENSEEEG00000011922	TMEM39A
ENSDARP00000135625	ENSDARG00000033768	trappc13	ENSEEEP00000023351	ENSEEEG00000011279	TRAPPC13
ENSDARP00000018513	ENSDARG00000020708	mdkb	ENSEEEP00000023630	ENSEEEG00000011448	mdkb
ENSDARP00000019093	ENSDARG00000017569	reep3a	ENSEEEP00000062042	ENSEEEG00000028886	reep3a
ENSDARP00000098854	ENSDARG00000077866	nostrin	ENSEEEP00000050102	ENSEEEG00000023567	NOSTRIN
ENSDARP00000079663	ENSDARG00000060469	pik3r4	ENSEEEP00000049058	ENSEEEG00000023049	PIK3R4
ENSDARP00000144785	ENSDARG00000074670	matk	ENSEEEP00000021219	ENSEEEG00000010161	MATK
ENSDARP00000058944	ENSDARG00000040282	zgc:92590	ENSEEEP00000035655	ENSEEEG00000016330	ela3l
ENSDARP00000006375	ENSDARG00000008014	nudt17	ENSEEEP00000053533	ENSEEEG00000028568	NUDT17
ENSDARP00000026490	ENSDARG00000019566	neurod1	ENSEEEP00000054462	ENSEEEG00000006077	NEUROD1
ENSDARP00000011948	ENSDARG00000000489	upf3b	ENSEEEP00000030218	ENSEEEG00000014486	UPF3B
ENSDARP00000146853	ENSDARG00000020158	spag6	ENSEEEP00000041322	ENSEEEG00000019557	SPAG6
ENSDARP00000076765	ENSDARG00000059255	evx2	ENSEEEP00000021296	ENSEEEG00000010377	EVX2
ENSDARP00000118658	ENSDARG00000105413		ENSEEEP00000000342	ENSEEEG00000000246	
ENSDARP00000098560	ENSDARG00000079397	cerkl	ENSEEEP00000012042	ENSEEEG00000006060	CERKL
ENSDARP00000116931	ENSDARG00000093750	cd180	ENSEEEP00000020856	ENSEEEG00000010166	
ENSDARP00000105372	ENSDARG00000091481	foxc1a	ENSEEEP00000052799	ENSEEEG00000028435	foxc1a
ENSDARP00000094833	ENSDARG00000070688	ncalda	ENSEEEP00000027122	ENSEEEG00000013090	ncalda
ENSDARP00000035273	ENSDARG00000021838	rps23	ENSEEEP00000059298	ENSEEEG00000010666	rps23
ENSDARP00000138275	ENSDARG00000098574	srsf11	ENSEEEP00000006389	ENSEEEG00000003391	SRSF11
ENSDARP00000076941	ENSDARG00000059398	myef2	ENSEEEP00000058946	ENSEEEG00000015028	MYEF2
ENSDARP00000121180	ENSDARG00000057035	stoml3b	ENSEEEP00000036643	ENSEEEG00000017398	stoml3b
ENSDARP00000075985	ENSDARG00000045298	wipf2a	ENSEEEP00000036002	ENSEEEG00000017129	wipf2a
ENSDARP00000124604	ENSDARG00000060323	exoc5	ENSEEEP00000060913	ENSEEEG00000006405	EXOC5
ENSDARP00000124325	ENSDARG00000018881	apobec2a	ENSEEEP00000031838	ENSEEEG00000015201	apobec2a
ENSDARP00000140286	ENSDARG00000104860	si:ch211-128m15.3	ENSEEEP00000062835	ENSEEEG00000026078	si:ch211-128m15.3
ENSDARP00000017197	ENSDARG00000014103	dkk1a	ENSEEEP00000006392	ENSEEEG00000003389	dkk1a
ENSDARP00000147469	ENSDARG00000051925	cyb5r2	ENSEEEP00000028756	ENSEEEG00000013759	CYB5R2
ENSDARP00000116659	ENSDARG00000051975	cd99	ENSEEEP00000063612	ENSEEEG00000028894	cd99
ENSDARP00000119245	ENSDARG00000094681	hbl2	ENSEEEP00000026913	ENSEEEG00000012991	hbl4
ENSDARP00000040925	ENSDARG00000031819	eif4ebp2	ENSEEEP00000059044	ENSEEEG00000025703	EIF4EBP2
ENSDARP00000114989	ENSDARG00000069988	arid6	ENSEEEP00000028375	ENSEEEG00000013645	arid6
ENSDARP00000117133	ENSDARG00000058082	birc7	ENSEEEP00000052257	ENSEEEG00000024504	BIRC7
ENSDARP00000133222	ENSDARG00000011555	spag7	ENSEEEP00000032053	ENSEEEG00000015288	SPAG7
ENSDARP00000142119	ENSDARG00000079949	supt16h	ENSEEEP00000000674	ENSEEEG00000000306	SUPT16H
ENSDARP00000028693	ENSDARG00000022020	focad	ENSEEEP00000035051	ENSEEEG00000016638	FOCAD
ENSDARP00000103590	ENSDARG00000077822	si:dkey-6i22.5	ENSEEEP00000032026	ENSEEEG00000015281	si:dkey-6i22.5
ENSDARP00000134195	ENSDARG00000102076	spink2.1	ENSEEEP00000058241	ENSEEEG00000025139	spink2.1
ENSDARP00000052791	ENSDARG00000036337	cers3b	ENSEEEP00000014207	ENSEEEG00000007057	cers3b
ENSDARP00000128144	ENSDARG00000089255	cd59b	ENSEEEP00000022856	ENSEEEG00000011091	kcnj11l
ENSDARP00000120160	ENSDARG00000073893	dnase2	ENSEEEP00000042427	ENSEEEG00000020032	DNASE2
ENSDARP00000026137	ENSDARG00000010586	tex9	ENSEEEP00000038261	ENSEEEG00000018187	
ENSDARP00000040679	ENSDARG00000032261	rngtt	ENSEEEP00000011925	ENSEEEG00000006007	RNGTT
ENSDARP00000114695	ENSDARG00000077687	rp1	ENSEEEP00000058091	ENSEEEG00000026353	RP1
ENSDARP00000155446	ENSDARG00000090568	mrpl52	ENSEEEP00000011778	ENSEEEG00000005930	MRPL52
ENSDARP00000096007	ENSDARG00000058050	smyd3	ENSEEEP00000028183	ENSEEEG00000013563	SMYD3
ENSDARP00000095658	ENSDARG00000071087	slc35b4	ENSEEEP00000008550	ENSEEEG00000004434	SLC35B4
ENSDARP00000083401	ENSDARG00000061960	ube3b	ENSEEEP00000022293	ENSEEEG00000010733	ube3b
ENSDARP00000026640	ENSDARG00000006837	mycn	ENSEEEP00000043673	ENSEEEG00000020644	mycn
ENSDARP00000089349	ENSDARG00000008979	golga1	ENSEEEP00000056541	ENSEEEG00000011083	GOLGA1
ENSDARP00000091977	ENSDARG00000069497	sumf2	ENSEEEP00000010642	ENSEEEG00000005351	SUMF2
ENSDARP00000127620	ENSDARG00000015422	ppil1	ENSEEEP00000020047	ENSEEEG00000009805	PPIL1
ENSDARP00000132427	ENSDARG00000061713	tpd52	ENSEEEP00000031544	ENSEEEG00000015090	tpd52
ENSDARP00000084687	ENSDARG00000058000	cep350	ENSEEEP00000054622	ENSEEEG00000025464	march7
ENSDARP00000133699	ENSDARG00000095308	si:ch211-215c18.3	ENSEEEP00000031045	ENSEEEG00000014857	si:ch211-215c18.3
ENSDARP00000127660	ENSDARG00000089139	iftap	ENSEEEP00000038593	ENSEEEG00000018319	im:7145024
ENSDARP00000117737	ENSDARG00000090787	klhdc8b	ENSEEEP00000011872	ENSEEEG00000005963	KLHDC8B
ENSDARP00000060446	ENSDARG00000041237	med18	ENSEEEP00000044045	ENSEEEG00000020813	MED18
ENSDARP00000154032	ENSDARG00000095594	si:dkey-184a18.5	ENSEEEP00000060319	ENSEEEG00000015716	c17h5orf63
ENSDARP00000131462	ENSDARG00000059373	dnajc8	ENSEEEP00000025719	ENSEEEG00000012426	DNAJC8
ENSDARP00000098309	ENSDARG00000075092	si:dkey-52l18.4	ENSEEEP00000042998	ENSEEEG00000020298	si:dkey-52l18.4
ENSDARP00000122335	ENSDARG00000075173	si:ch1073-322p19.1	ENSEEEP00000000708	ENSEEEG00000000495	si:ch1073-322p19.1
ENSDARP00000045298	ENSDARG00000044565	ola1	ENSEEEP00000046497	ENSEEEG00000021904	OLA1
ENSDARP00000101410	ENSDARG00000078130	erich1	ENSEEEP00000042494	ENSEEEG00000020068	ERICH1
ENSDARP00000078874	ENSDARG00000005648	olfml2a	ENSEEEP00000014166	ENSEEEG00000007038	OLFML2A
ENSDARP00000143122	ENSDARG00000052059	paqr9	ENSEEEP00000053233	ENSEEEG00000026292	GPR182
ENSDARP00000142773	ENSDARG00000069430	tp53i11a	ENSEEEP00000054970	ENSEEEG00000026600	tp53i11a
ENSDARP00000104694	ENSDARG00000032876	trit1	ENSEEEP00000032474	ENSEEEG00000015481	TRIT1
ENSDARP00000013426	ENSDARG00000005780	npy8br	ENSEEEP00000055427	ENSEEEG00000000888	npy8br
ENSDARP00000145153	ENSDARG00000019081	dhdh.2	ENSEEEP00000034065	ENSEEEG00000016225	DHDH
ENSDARP00000074501	ENSDARG00000070601	rassf5	ENSEEEP00000037969	ENSEEEG00000018034	RASSF5
ENSDARP00000128698	ENSDARG00000074041	abca5	ENSEEEP00000033413	ENSEEEG00000015878	abca5
ENSDARP00000113979	ENSDARG00000056258	cdc27	ENSEEEP00000028671	ENSEEEG00000013492	CDC27
ENSDARP00000015781	ENSDARG00000011611	actr1b	ENSEEEP00000044923	ENSEEEG00000021167	actr1
ENSDARP00000012395	ENSDARG00000014995	jagn1b	ENSEEEP00000059080	ENSEEEG00000025465	jagn1b
ENSDARP00000113321	ENSDARG00000025576	mkln1	ENSEEEP00000050752	ENSEEEG00000023840	MKLN1
ENSDARP00000127760	ENSDARG00000096989	fam110c	ENSEEEP00000012085	ENSEEEG00000006096	fam110c
ENSDARP00000040811	ENSDARG00000034624	nuf2	ENSEEEP00000016477	ENSEEEG00000008163	NUF2
ENSDARP00000094560	ENSDARG00000070578	edn2	ENSEEEP00000029433	ENSEEEG00000014096	EDN2
ENSDARP00000076392	ENSDARG00000058968	haus1	ENSEEEP00000025476	ENSEEEG00000012364	HAUS1
ENSDARP00000138138	ENSDARG00000099981	si:ch1073-228h2.2	ENSEEEP00000033289	ENSEEEG00000015821	OARD1
ENSDARP00000105428	ENSDARG00000042727	exo5	ENSEEEP00000052639	ENSEEEG00000024658	EXO5
ENSDARP00000090285	ENSDARG00000038121	si:ch211-13k12.2	ENSEEEP00000063079	ENSEEEG00000025106	si:ch211-13k12.2
ENSDARP00000126891	ENSDARG00000076980	ppp1r16a	ENSEEEP00000037706	ENSEEEG00000017925	PPP1R16A
ENSDARP00000103524	ENSDARG00000074727	dnajc10	ENSEEEP00000015013	ENSEEEG00000006654	DNAJC10
ENSDARP00000081206	ENSDARG00000061103	slc19a3b	ENSEEEP00000026707	ENSEEEG00000012892	slc19a3b
ENSDARP00000117956	ENSDARG00000092141	si:dkeyp-100a1.6	ENSEEEP00000041070	ENSEEEG00000019442	si:dkeyp-100a1.6
ENSDARP00000122138	ENSDARG00000073963	si:ch211-258f14.2	ENSEEEP00000043143	ENSEEEG00000020370	si:ch211-258f14.2
ENSDARP00000091840	ENSDARG00000069435	cfap58	ENSEEEP00000050089	ENSEEEG00000023560	CFAP58
ENSDARP00000053992	ENSDARG00000077882	ccn5	ENSEEEP00000050584	ENSEEEG00000023783	CCN5
ENSDARP00000012323	ENSDARG00000013795	hps4	ENSEEEP00000050761	ENSEEEG00000023846	HPS4
ENSDARP00000073910	ENSDARG00000056877	vamp2	ENSEEEP00000017017	ENSEEEG00000008434	vamp2
ENSDARP00000073658	ENSDARG00000056672	abcb8	ENSEEEP00000001545	ENSEEEG00000000996	ABCB8
ENSDARP00000111802	ENSDARG00000090054	znf318	ENSEEEP00000031457	ENSEEEG00000015045	ZNF318
ENSDARP00000049169	ENSDARG00000032405	ckap4	ENSEEEP00000043863	ENSEEEG00000020730	
ENSDARP00000126999	ENSDARG00000045123	oplah	ENSEEEP00000037676	ENSEEEG00000017910	OPLAH
ENSDARP00000133706	ENSDARG00000100288	impg2b	ENSEEEP00000047283	ENSEEEG00000022254	impg2b
ENSDARP00000073517	ENSDARG00000056591	gucy1b2	ENSEEEP00000009990	ENSEEEG00000005079	gucy1b2
ENSDARP00000135200	ENSDARG00000102611	stmnd1	ENSEEEP00000059114	ENSEEEG00000025329	stmnd1
ENSDARP00000129859	ENSDARG00000089237	vsig10l	ENSEEEP00000043608	ENSEEEG00000020613	REN
ENSDARP00000012119	ENSDARG00000019117	parvb	ENSEEEP00000006946	ENSEEEG00000003645	PARVB
ENSDARP00000071665	ENSDARG00000054911	tmsb	ENSEEEP00000038189	ENSEEEG00000018155	tmsb4x
ENSDARP00000107830	ENSDARG00000090447	mtbp	ENSEEEP00000026923	ENSEEEG00000012992	MTBP
ENSDARP00000115361	ENSDARG00000056653	fhl1b	ENSEEEP00000020639	ENSEEEG00000010067	fhl1b
ENSDARP00000104265	ENSDARG00000075375	mfsd2al2	ENSEEEP00000004613	ENSEEEG00000002408	zgc:171501
ENSDARP00000095835	ENSDARG00000032256	txndc16	ENSEEEP00000026453	ENSEEEG00000012798	TXNDC16
ENSDARP00000009670	ENSDARG00000012021	kdsr	ENSEEEP00000020087	ENSEEEG00000009816	KDSR
ENSDARP00000118955	ENSDARG00000016481	ptpn2a	ENSEEEP00000020504	ENSEEEG00000010012	ptpn2a
ENSDARP00000142264	ENSDARG00000105380	fgl1	ENSEEEP00000042597	ENSEEEG00000020113	FGL1
ENSDARP00000058702	ENSDARG00000040133	ackr4b	ENSEEEP00000016270	ENSEEEG00000008046	ackr4b
ENSDARP00000104027	ENSDARG00000056024	eva1c	ENSEEEP00000062015	ENSEEEG00000028847	eva1c
ENSDARP00000009333	ENSDARG00000012656	atf6	ENSEEEP00000004577	ENSEEEG00000002388	ATF6
ENSDARP00000091924	ENSDARG00000027172	phactr2	ENSEEEP00000007492	ENSEEEG00000003919	PHACTR2
ENSDARP00000076061	ENSDARG00000058702	vax2	ENSEEEP00000000938	ENSEEEG00000000638	VAX2
ENSDARP00000047443	ENSDARG00000031954	rbck1	ENSEEEP00000015775	ENSEEEG00000007806	RBCK1
ENSDARP00000117146	ENSDARG00000017240	traf5	ENSEEEP00000050951	ENSEEEG00000023930	TRAF5
ENSDARP00000077225	ENSDARG00000059507	si:dkey-163m14.2	ENSEEEP00000022323	ENSEEEG00000010836	F2R
ENSDARP00000072986	ENSDARG00000056102	uxs1	ENSEEEP00000001773	ENSEEEG00000000651	UXS1
ENSDARP00000096471	ENSDARG00000026090	adprm	ENSEEEP00000014732	ENSEEEG00000007328	ADPRM
ENSDARP00000115748	ENSDARG00000007358	cxcr3.1	ENSEEEP00000061349	ENSEEEG00000025848	CXCR3
ENSDARP00000129661	ENSDARG00000003705	prnprs3	ENSEEEP00000040273	ENSEEEG00000019093	prnprs3
ENSDARP00000051532	ENSDARG00000011929	plp1b	ENSEEEP00000005922	ENSEEEG00000003147	plp1b
ENSDARP00000136414	ENSDARG00000098405	map3k1	ENSEEEP00000061039	ENSEEEG00000020908	MAP3K1
ENSDARP00000116117	ENSDARG00000060361	cep104	ENSEEEP00000001243	ENSEEEG00000000848	CEP104
ENSDARP00000013325	ENSDARG00000016769	sgtb	ENSEEEP00000023368	ENSEEEG00000011322	SGTB
ENSDARP00000121728	ENSDARG00000042157	ppil6	ENSEEEP00000027153	ENSEEEG00000013103	PPIL6
ENSDARP00000122948	ENSDARG00000079620	amigo1	ENSEEEP00000029149	ENSEEEG00000013983	AMIGO1
ENSDARP00000126605	ENSDARG00000078751	tpp2	ENSEEEP00000027203	ENSEEEG00000013124	TPP2
ENSDARP00000004327	ENSDARG00000003287	wdr12	ENSEEEP00000022641	ENSEEEG00000010992	WDR12
ENSDARP00000006420	ENSDARG00000012972	cfl1l	ENSEEEP00000046012	ENSEEEG00000021678	cfl1l
ENSDARP00000128761	ENSDARG00000097284	si:ch211-261d7.3	ENSEEEP00000035753	ENSEEEG00000017020	si:ch211-261d7.3
ENSDARP00000072702	ENSDARG00000055740	marchf9	ENSEEEP00000003098	ENSEEEG00000001755	march9
ENSDARP00000120633	ENSDARG00000059280	hoxd3a	ENSEEEP00000021328	ENSEEEG00000010392	hoxd3a
ENSDARP00000123896	ENSDARG00000077983	si:ch73-390b10.2	ENSEEEP00000002225	ENSEEEG00000001217	GPR89B
ENSDARP00000107652	ENSDARG00000025034	syngr3b	ENSEEEP00000039138	ENSEEEG00000018592	syngr3b
ENSDARP00000134590	ENSDARG00000099375	poldip3	ENSEEEP00000020712	ENSEEEG00000010103	POLDIP3
ENSDARP00000145974	ENSDARG00000056294	sbk1	ENSEEEP00000023649	ENSEEEG00000011458	SBK1
ENSDARP00000013664	ENSDARG00000021439	ncoa4	ENSEEEP00000026255	ENSEEEG00000012695	NCOA4
ENSDARP00000117574	ENSDARG00000092845	si:dkey-66g10.2	ENSEEEP00000051975	ENSEEEG00000024391	
ENSDARP00000066763	ENSDARG00000045402	commd3	ENSEEEP00000035181	ENSEEEG00000016740	COMMD3
ENSDARP00000074846	ENSDARG00000057680	foxj2	ENSEEEP00000026317	ENSEEEG00000012741	FOXJ2
ENSDARP00000121267	ENSDARG00000015749	hps3	ENSEEEP00000050873	ENSEEEG00000023891	HPS3
ENSDARP00000086332	ENSDARG00000063089	ccm2l	ENSEEEP00000058365	ENSEEEG00000026521	CCM2L
ENSDARP00000143863	ENSDARG00000105479	si:ch211-126c2.4	ENSEEEP00000041949	ENSEEEG00000019826	
ENSDARP00000067481	ENSDARG00000045909	dynlt1b	ENSEEEP00000059981	ENSEEEG00000025999	DYNLT1
ENSDARP00000102151	ENSDARG00000074074	rnf26	ENSEEEP00000057179	ENSEEEG00000009639	RNF26
ENSDARP00000051548	ENSDARG00000035559	tp53	ENSEEEP00000033982	ENSEEEG00000016191	TP53
ENSDARP00000113855	ENSDARG00000025891	shox	ENSEEEP00000047331	ENSEEEG00000022284	SHOX
ENSDARP00000091479	ENSDARG00000069286	ndufaf2	ENSEEEP00000024192	ENSEEEG00000011732	NDUFAF2
ENSDARP00000123395	ENSDARG00000058492	si:dkey-30c15.17	ENSEEEP00000014222	ENSEEEG00000007067	
ENSDARP00000072618	ENSDARG00000055760	srm	ENSEEEP00000047997	ENSEEEG00000022611	SRM
ENSDARP00000142982	ENSDARG00000091234	si:ch73-335l21.4	ENSEEEP00000004647	ENSEEEG00000002424	si:ch73-335l21.4
ENSDARP00000057100	ENSDARG00000039099	aep1	ENSEEEP00000049086	ENSEEEG00000023063	
ENSDARP00000107420	ENSDARG00000002991	cep135	ENSEEEP00000040626	ENSEEEG00000019248	CEP135
ENSDARP00000094013	ENSDARG00000056376	ankrd37	ENSEEEP00000003106	ENSEEEG00000001761	ANKRD37
ENSDARP00000090723	ENSDARG00000004706	syf2	ENSEEEP00000028662	ENSEEEG00000013722	SYF2
ENSDARP00000097717	ENSDARG00000089461	ciz1b	ENSEEEP00000051360	ENSEEEG00000024102	ciz1b
ENSDARP00000113301	ENSDARG00000003414	capslb	ENSEEEP00000005995	ENSEEEG00000003186	capslb
ENSDARP00000124014	ENSDARG00000042261	cdan1	ENSEEEP00000062182	ENSEEEG00000028117	CDAN1
ENSDARP00000060362	ENSDARG00000041182	rpl4	ENSEEEP00000007521	ENSEEEG00000003795	rpl4
ENSDARP00000073610	ENSDARG00000056640	rpia	ENSEEEP00000043298	ENSEEEG00000020452	RPIA
ENSDARP00000103596	ENSDARG00000075870	triobpa	ENSEEEP00000056903	ENSEEEG00000026952	
ENSDARP00000125388	ENSDARG00000046148	tnfaip8l2b	ENSEEEP00000045396	ENSEEEG00000021426	tnfaip8l2b
ENSDARP00000140607	ENSDARG00000104457	mpv17l	ENSEEEP00000029890	ENSEEEG00000014317	si:dkeyp-72e1.7
ENSDARP00000004163	ENSDARG00000003444	dhrs7	ENSEEEP00000009440	ENSEEEG00000004824	dhrs7
ENSDARP00000126975	ENSDARG00000043548	atg4da	ENSEEEP00000035784	ENSEEEG00000017030	atg4da
ENSDARP00000096360	ENSDARG00000071425	nat9	ENSEEEP00000060090	ENSEEEG00000025508	NAT9
ENSDARP00000134145	ENSDARG00000073978	crabp2a	ENSEEEP00000026866	ENSEEEG00000012971	crabp2a
ENSDARP00000098981	ENSDARG00000075800	calml4a	ENSEEEP00000038259	ENSEEEG00000018186	calml4a
ENSDARP00000116523	ENSDARG00000012553	rap1aa	ENSEEEP00000004047	ENSEEEG00000002151	rap1ab
ENSDARP00000052626	ENSDARG00000036227	npvf	ENSEEEP00000002778	ENSEEEG00000001595	npvf
ENSDARP00000019176	ENSDARG00000003635	mogat3b	ENSEEEP00000058204	ENSEEEG00000011092	mogat3b
ENSDARP00000139507	ENSDARG00000005626	si:ch211-133l11.10	ENSEEEP00000039488	ENSEEEG00000018758	si:ch211-133l11.10
ENSDARP00000136531	ENSDARG00000076435	abhd10a	ENSEEEP00000032515	ENSEEEG00000015503	abhd10a
ENSDARP00000109893	ENSDARG00000036678	trmt10a	ENSEEEP00000035071	ENSEEEG00000016677	TRMT10A
ENSDARP00000154152	ENSDARG00000090560	mfap5	ENSEEEP00000026305	ENSEEEG00000012729	MFAP5
ENSDARP00000052367	ENSDARG00000036076	heatr3	ENSEEEP00000003151	ENSEEEG00000001774	HEATR3
ENSDARP00000078816	ENSDARG00000060112	sybu	ENSEEEP00000057115	ENSEEEG00000024566	SYBU
ENSDARP00000087847	ENSDARG00000063731	rbm45	ENSEEEP00000023077	ENSEEEG00000011198	RBM45
ENSDARP00000065494	ENSDARG00000044588	emp2	ENSEEEP00000045218	ENSEEEG00000021347	EMP2
ENSDARP00000126789	ENSDARG00000026383	rasd2b	ENSEEEP00000043418	ENSEEEG00000020519	rasd2b
ENSDARP00000116628	ENSDARG00000011076	zgc:91968	ENSEEEP00000050828	ENSEEEG00000023871	zgc:91968
ENSDARP00000087205	ENSDARG00000059234	mrps27	ENSEEEP00000020529	ENSEEEG00000009941	mrps27
ENSDARP00000094783	ENSDARG00000055206	dtnbp1b	ENSEEEP00000018831	ENSEEEG00000009252	dtnbp1b
ENSDARP00000116343	ENSDARG00000029242	fbxo3	ENSEEEP00000028255	ENSEEEG00000013584	FBXO3
ENSDARP00000014501	ENSDARG00000013653	adgrl4	ENSEEEP00000047162	ENSEEEG00000022196	ADGRL4
ENSDARP00000015418	ENSDARG00000025495	nhlh2	ENSEEEP00000050453	ENSEEEG00000028756	NHLH2
ENSDARP00000010055	ENSDARG00000019230	rpl7a	ENSEEEP00000059316	ENSEEEG00000014979	RPL7A
ENSDARP00000122770	ENSDARG00000057928	mzt2b	ENSEEEP00000059606	ENSEEEG00000027418	mzt2b
ENSDARP00000023515	ENSDARG00000018953	gclm	ENSEEEP00000003071	ENSEEEG00000001742	GCLM
ENSDARP00000076305	ENSDARG00000058906	cldn10d	ENSEEEP00000012629	ENSEEEG00000006336	CLDN10
ENSDARP00000006123	ENSDARG00000006397	laptm4a	ENSEEEP00000030000	ENSEEEG00000014382	LAPTM4A
ENSDARP00000119095	ENSDARG00000056830	si:ch211-107m4.1	ENSEEEP00000030914	ENSEEEG00000014798	si:ch211-107m4.1
ENSDARP00000105288	ENSDARG00000091831	ddx27	ENSEEEP00000015832	ENSEEEG00000007816	DDX27
ENSDARP00000046711	ENSDARG00000029479	zgc:86609	ENSEEEP00000031225	ENSEEEG00000014956	zgc:86609
ENSDARP00000073605	ENSDARG00000056618	xk	ENSEEEP00000057661	ENSEEEG00000024964	XK
ENSDARP00000007431	ENSDARG00000020841	rbm7	ENSEEEP00000056249	ENSEEEG00000028815	rbm7
ENSDARP00000131118	ENSDARG00000104936	si:ch211-225h24.2	ENSEEEP00000012093	ENSEEEG00000006100	
ENSDARP00000126886	ENSDARG00000059079	vps25	ENSEEEP00000008163	ENSEEEG00000004255	VPS25
ENSDARP00000086549	ENSDARG00000063191	extl2	ENSEEEP00000058594	ENSEEEG00000026733	EXTL2
ENSDARP00000147919	ENSDARG00000016611	scrn3	ENSEEEP00000009675	ENSEEEG00000004932	SCRN3
ENSDARP00000130565	ENSDARG00000098857	lifra	ENSEEEP00000016029	ENSEEEG00000007940	lifra
ENSDARP00000091125	ENSDARG00000034768	phf3	ENSEEEP00000056522	ENSEEEG00000005600	PHF3
ENSDARP00000112479	ENSDARG00000069733	mavs	ENSEEEP00000005380	ENSEEEG00000002815	mavs
ENSDARP00000069513	ENSDARG00000053058	rps11	ENSEEEP00000006837	ENSEEEG00000003606	RPS11
ENSDARP00000016794	ENSDARG00000045172	minpp1b	ENSEEEP00000021292	ENSEEEG00000010376	minpp1b
ENSDARP00000013486	ENSDARG00000002952	smo	ENSEEEP00000029491	ENSEEEG00000014079	SMO
ENSDARP00000062349	ENSDARG00000042522	katnbl1	ENSEEEP00000021398	ENSEEEG00000010426	KATNBL1
ENSDARP00000138627	ENSDARG00000104179	rab11fip5a	ENSEEEP00000062855	ENSEEEG00000027313	
ENSDARP00000093501	ENSDARG00000075592	tnfaip8l2a	ENSEEEP00000062834	ENSEEEG00000028959	tnfaip8l2a
ENSDARP00000023564	ENSDARG00000014091	osr1	ENSEEEP00000054022	ENSEEEG00000027617	OSR1
ENSDARP00000120759	ENSDARG00000071347	aftphb	ENSEEEP00000060279	ENSEEEG00000028449	aftpha
ENSDARP00000052897	ENSDARG00000036412	lrrc71	ENSEEEP00000013675	ENSEEEG00000006827	si:ch211-81a5.5
ENSDARP00000057506	ENSDARG00000039350	ssbp1	ENSEEEP00000043165	ENSEEEG00000020375	SSBP1
ENSDARP00000057422	ENSDARG00000039302	terfa	ENSEEEP00000043859	ENSEEEG00000020728	
ENSDARP00000143218	ENSDARG00000003872	ccdc102a	ENSEEEP00000035222	ENSEEEG00000016676	CCDC102A
ENSDARP00000139419	ENSDARG00000104287	lto1	ENSEEEP00000038526	ENSEEEG00000018288	LTO1
ENSDARP00000133054	ENSDARG00000100392	rps18	ENSEEEP00000005985	ENSEEEG00000003153	RPS18
ENSDARP00000129617	ENSDARG00000059064	rassf3	ENSEEEP00000063891	ENSEEEG00000026697	RASSF3
ENSDARP00000144169	ENSDARG00000037954	tnnt1	ENSEEEP00000033955	ENSEEEG00000016168	TNNT1
ENSDARP00000017597	ENSDARG00000017781	hsd17b10	ENSEEEP00000011565	ENSEEEG00000005824	HSD17B10
ENSDARP00000033294	ENSDARG00000025254	s100a10b	ENSEEEP00000013321	ENSEEEG00000006673	s100a10a
ENSDARP00000154877	ENSDARG00000017246	prx	ENSEEEP00000060081	ENSEEEG00000027474	PRX
ENSDARP00000122064	ENSDARG00000095046	pold2	ENSEEEP00000040348	ENSEEEG00000019116	POLD2
ENSDARP00000105523	ENSDARG00000056541	nr0b1	ENSEEEP00000009989	ENSEEEG00000005078	NR0B1
ENSDARP00000064112	ENSDARG00000043666	abt1	ENSEEEP00000031196	ENSEEEG00000014948	ABT1
ENSDARP00000102801	ENSDARG00000031307	zic4	ENSEEEP00000009760	ENSEEEG00000004965	ZIC4
ENSDARP00000104801	ENSDARG00000071042	gjb7	ENSEEEP00000007917	ENSEEEG00000004133	cx28.8
ENSDARP00000102614	ENSDARG00000076611	fbxo21	ENSEEEP00000019587	ENSEEEG00000009594	FBXO21
ENSDARP00000055847	ENSDARG00000038293	zgc:103559	ENSEEEP00000010269	ENSEEEG00000005201	zgc:103559
ENSDARP00000068194	ENSDARG00000056165	si:ch211-215a10.4	ENSEEEP00000037831	ENSEEEG00000017977	si:ch211-215a10.4
ENSDARP00000114878	ENSDARG00000094345	si:dkey-261l7.2	ENSEEEP00000050282	ENSEEEG00000023649	si:dkey-261l7.2
ENSDARP00000109363	ENSDARG00000090581	wdr4	ENSEEEP00000023778	ENSEEEG00000011527	WDR4
ENSDARP00000067062	ENSDARG00000055317	c1ql4b	ENSEEEP00000021869	ENSEEEG00000010626	c1ql4b
ENSDARP00000133415	ENSDARG00000103542	vegfaa	ENSEEEP00000021483	ENSEEEG00000010467	vegfaa
ENSDARP00000116324	ENSDARG00000038876	zgc:101569	ENSEEEP00000042484	ENSEEEG00000020061	zgc:101569
ENSDARP00000017762	ENSDARG00000020761	arrdc2	ENSEEEP00000058781	ENSEEEG00000005735	ARRDC2
ENSDARP00000057610	ENSDARG00000039434	oprm1	ENSEEEP00000007506	ENSEEEG00000003922	OPRM1
ENSDARP00000017863	ENSDARG00000018241	mfap1	ENSEEEP00000040678	ENSEEEG00000019273	MFAP1
ENSDARP00000018013	ENSDARG00000020611	si:ch211-160d20.3	ENSEEEP00000033325	ENSEEEG00000015836	C19orf47
ENSDARP00000091195	ENSDARG00000069150	rit1	ENSEEEP00000057102	ENSEEEG00000027677	RIT1
ENSDARP00000067890	ENSDARG00000051731	faap24	ENSEEEP00000039719	ENSEEEG00000018834	FAAP24
ENSDARP00000146145	ENSDARG00000063411	lrrc73	ENSEEEP00000026294	ENSEEEG00000012721	LRRC73
ENSDARP00000067740	ENSDARG00000046079	cacng6b	ENSEEEP00000061302	ENSEEEG00000025416	cacng6b
ENSDARP00000139054	ENSDARG00000103071	si:ch211-244c8.4	ENSEEEP00000036397	ENSEEEG00000017307	si:ch211-244c8.4
ENSDARP00000088527	ENSDARG00000067851	lcn15	ENSEEEP00000047277	ENSEEEG00000022250	LCN15
ENSDARP00000010904	ENSDARG00000007941	hmx4	ENSEEEP00000029063	ENSEEEG00000013945	hmx4
ENSDARP00000114068	ENSDARG00000088260	gig2p	ENSEEEP00000038932	ENSEEEG00000018470	gig2p
ENSDARP00000130140	ENSDARG00000099182	ankrd55	ENSEEEP00000044275	ENSEEEG00000020917	ANKRD55
ENSDARP00000145176	ENSDARG00000008279	map2k7	ENSEEEP00000041293	ENSEEEG00000019536	MAP2K7
ENSDARP00000117276	ENSDARG00000056268	atxn7l2b	ENSEEEP00000029143	ENSEEEG00000013982	atxn7l2b
ENSDARP00000057611	ENSDARG00000039435	rgs17	ENSEEEP00000007510	ENSEEEG00000003925	RGS17
ENSDARP00000032153	ENSDARG00000025858	golm1	ENSEEEP00000007832	ENSEEEG00000004095	golm1
ENSDARP00000066263	ENSDARG00000045071	chad	ENSEEEP00000017827	ENSEEEG00000008801	CHAD
ENSDARP00000062683	ENSDARG00000042722	blnk	ENSEEEP00000012639	ENSEEEG00000006344	BLNK
ENSDARP00000138856	ENSDARG00000098916	krit1	ENSEEEP00000054786	ENSEEEG00000016144	krit1
ENSDARP00000132546	ENSDARG00000104097	tmem222b	ENSEEEP00000063866	ENSEEEG00000027979	tmem222b
ENSDARP00000127537	ENSDARG00000059916	hyal1	ENSEEEP00000014402	ENSEEEG00000007170	HYAL1
ENSDARP00000142222	ENSDARG00000100097	mafgb	ENSEEEP00000007532	ENSEEEG00000003938	mafgb
ENSDARP00000136182	ENSDARG00000104947	si:ch211-194m7.8	ENSEEEP00000029007	ENSEEEG00000013919	si:ch211-194m7.4
ENSDARP00000117348	ENSDARG00000094002	ccl34b.4	ENSEEEP00000064071	ENSEEEG00000007362	ccl34b.4
ENSDARP00000129962	ENSDARG00000100462	paqr7a	ENSEEEP00000017345	ENSEEEG00000008573	paqr7a
ENSDARP00000130756	ENSDARG00000096081	lrrc56	ENSEEEP00000049177	ENSEEEG00000023108	LRRC56
ENSDARP00000040408	ENSDARG00000030441	ppa1b	ENSEEEP00000001026	ENSEEEG00000000634	PPA1
ENSDARP00000052540	ENSDARG00000036180	ccnb2	ENSEEEP00000038358	ENSEEEG00000018221	CCNB2
ENSDARP00000102219	ENSDARG00000075565	lzts1	ENSEEEP00000050739	ENSEEEG00000023839	LZTS1
ENSDARP00000007832	ENSDARG00000012747	rer1	ENSEEEP00000001977	ENSEEEG00000001229	RER1
ENSDARP00000073006	ENSDARG00000056111	lmod1a	ENSEEEP00000052842	ENSEEEG00000025944	lmod1a
ENSDARP00000116948	ENSDARG00000038905	hectd3	ENSEEEP00000015921	ENSEEEG00000007753	HECTD3
ENSDARP00000084349	ENSDARG00000062289	edaradd	ENSEEEP00000053702	ENSEEEG00000025549	EDARADD
ENSDARP00000049330	ENSDARG00000030267	gtf3aa	ENSEEEP00000032508	ENSEEEG00000015497	gtf3aa
ENSDARP00000125967	ENSDARG00000063310	oxr1b	ENSEEEP00000008365	ENSEEEG00000004237	oxr1b
ENSDARP00000097712	ENSDARG00000079712	gal3st4	ENSEEEP00000024386	ENSEEEG00000011822	GAL3ST4
ENSDARP00000110970	ENSDARG00000087863	cd44a	ENSEEEP00000040617	ENSEEEG00000019245	
ENSDARP00000025936	ENSDARG00000019907	dscc1	ENSEEEP00000026867	ENSEEEG00000012974	dscc1
ENSDARP00000035368	ENSDARG00000027143	aptx	ENSEEEP00000008552	ENSEEEG00000004436	APTX
ENSDARP00000056648	ENSDARG00000038789	tmem53	ENSEEEP00000033768	ENSEEEG00000016084	TMEM53
ENSDARP00000121281	ENSDARG00000092934	si:dkey-32e6.3	ENSEEEP00000013726	ENSEEEG00000006843	si:dkey-32e6.3
ENSDARP00000090241	ENSDARG00000068708	ifrd1	ENSEEEP00000019226	ENSEEEG00000009260	ifrd1
ENSDARP00000138802	ENSDARG00000089781	ciz1a	ENSEEEP00000036213	ENSEEEG00000017226	ciz1a
ENSDARP00000107305	ENSDARG00000087704	gfra3	ENSEEEP00000029040	ENSEEEG00000013932	GFRA3
ENSDARP00000120622	ENSDARG00000008976	mdn1	ENSEEEP00000008965	ENSEEEG00000004626	MDN1
ENSDARP00000038022	ENSDARG00000028067	bnip3lb	ENSEEEP00000026775	ENSEEEG00000012921	bnip3lb
ENSDARP00000123550	ENSDARG00000016457	irf9	ENSEEEP00000043217	ENSEEEG00000020413	IRF9
ENSDARP00000129269	ENSDARG00000089698	atf7ip2	ENSEEEP00000045216	ENSEEEG00000021346	ATF7IP2
ENSDARP00000096341	ENSDARG00000021805	tle5	ENSEEEP00000054700	ENSEEEG00000027249	TLE5
ENSDARP00000097573	ENSDARG00000079385	si:ch211-235m3.5	ENSEEEP00000000627	ENSEEEG00000000445	si:ch211-235m3.5
ENSDARP00000124759	ENSDARG00000058943	cdcp1a	ENSEEEP00000048990	ENSEEEG00000023023	cdcp1a
ENSDARP00000108883	ENSDARG00000087438	spi2	ENSEEEP00000037306	ENSEEEG00000017735	spi2
ENSDARP00000152756	ENSDARG00000077295	akap6	ENSEEEP00000053490	ENSEEEG00000020970	AKAP6
ENSDARP00000014955	ENSDARG00000001897	man2b1	ENSEEEP00000045042	ENSEEEG00000021044	man2b1
ENSDARP00000128272	ENSDARG00000002002	lmcd1	ENSEEEP00000021000	ENSEEEG00000010240	lmcd1
ENSDARP00000062857	ENSDARG00000042827	adoa	ENSEEEP00000032253	ENSEEEG00000015385	adoa
ENSDARP00000005108	ENSDARG00000019774	zhx3b	ENSEEEP00000055592	ENSEEEG00000025902	ZHX3
ENSDARP00000115489	ENSDARG00000025847	sox12	ENSEEEP00000058955	ENSEEEG00000026500	SOX12
ENSDARP00000084974	ENSDARG00000057826	si:ch73-61d6.3	ENSEEEP00000035456	ENSEEEG00000016883	si:ch73-61d6.3
ENSDARP00000146072	ENSDARG00000091771	lysmd2	ENSEEEP00000041502	ENSEEEG00000019629	LYSMD2
ENSDARP00000139413	ENSDARG00000077407	rmp24	ENSEEEP00000012574	ENSEEEG00000006310	si:dkey-184p18.2
ENSDARP00000065364	ENSDARG00000044513	tpst1l	ENSEEEP00000011308	ENSEEEG00000005729	tpst1l
ENSDARP00000098917	ENSDARG00000079333	cd40lg	ENSEEEP00000058027	ENSEEEG00000026324	CD40LG
ENSDARP00000113704	ENSDARG00000040815	tsku	ENSEEEP00000043000	ENSEEEG00000020299	TSKU
ENSDARP00000131073	ENSDARG00000105185	snx7	ENSEEEP00000024118	ENSEEEG00000011700	SNX7
ENSDARP00000023401	ENSDARG00000016789	zgc:152891	ENSEEEP00000011314	ENSEEEG00000005731	zgc:152891
ENSDARP00000138238	ENSDARG00000099927	dpf1	ENSEEEP00000057713	ENSEEEG00000023690	DPF1
ENSDARP00000118882	ENSDARG00000029718	p2rx3b	ENSEEEP00000006787	ENSEEEG00000003581	p2rx3b
ENSDARP00000113970	ENSDARG00000069334	agfg2	ENSEEEP00000001618	ENSEEEG00000001036	zgc:114045
ENSDARP00000098621	ENSDARG00000079907	ptger4c	ENSEEEP00000024946	ENSEEEG00000012102	ptger4c
ENSDARP00000019928	ENSDARG00000009267	zgc:136439	ENSEEEP00000049409	ENSEEEG00000023223	zgc:136439
ENSDARP00000115766	ENSDARG00000017266	scml4	ENSEEEP00000029462	ENSEEEG00000014109	SCML4
ENSDARP00000090658	ENSDARG00000068939	xaf1	ENSEEEP00000042992	ENSEEEG00000020292	XAF1
ENSDARP00000115462	ENSDARG00000078997	dclk3	ENSEEEP00000053383	ENSEEEG00000007752	dclk3
ENSDARP00000124483	ENSDARG00000057317	nexn	ENSEEEP00000040520	ENSEEEG00000019193	NEXN
ENSDARP00000036492	ENSDARG00000026540	ppp4r2a	ENSEEEP00000017709	ENSEEEG00000008746	ppp4r2a
ENSDARP00000076107	ENSDARG00000058740	ube2r2	ENSEEEP00000031404	ENSEEEG00000015025	UBE2R2
ENSDARP00000151853	ENSDARG00000089569	pstpip2	ENSEEEP00000041957	ENSEEEG00000019828	PSTPIP2
ENSDARP00000122362	ENSDARG00000078387	si:dkey-92i15.4	ENSEEEP00000015371	ENSEEEG00000007632	si:dkey-92i15.4
ENSDARP00000140230	ENSDARG00000104618	grem1b	ENSEEEP00000046569	ENSEEEG00000021932	GREM1
ENSDARP00000076102	ENSDARG00000058728	nudt2	ENSEEEP00000031398	ENSEEEG00000015024	NUDT2
ENSDARP00000007948	ENSDARG00000017809	stard3	ENSEEEP00000050820	ENSEEEG00000023862	STARD3
ENSDARP00000022307	ENSDARG00000014956	diablob	ENSEEEP00000005777	ENSEEEG00000003056	diablob
ENSDARP00000014703	ENSDARG00000018048	zgc:171704	ENSEEEP00000032230	ENSEEEG00000015373	zgc:171704
ENSDARP00000114381	ENSDARG00000068125	nfu1	ENSEEEP00000010831	ENSEEEG00000005486	NFU1
ENSDARP00000019647	ENSDARG00000021509	tab2	ENSEEEP00000007008	ENSEEEG00000003695	TAB2
ENSDARP00000122168	ENSDARG00000075714	hoatz	ENSEEEP00000059936	ENSEEEG00000026268	si:dkey-27p23.3
ENSDARP00000038654	ENSDARG00000028192	cradd	ENSEEEP00000062020	ENSEEEG00000028445	CRADD
ENSDARP00000086446	ENSDARG00000063149	tmtc1	ENSEEEP00000008563	ENSEEEG00000004440	TMTC1
ENSDARP00000108294	ENSDARG00000087181	cbx7b	ENSEEEP00000023708	ENSEEEG00000011486	cbx7b
ENSDARP00000108367	ENSDARG00000091471	ect2l	ENSEEEP00000049378	ENSEEEG00000023206	ect2l
ENSDARP00000028016	ENSDARG00000019033	tmem59	ENSEEEP00000016572	ENSEEEG00000008212	TMEM59
ENSDARP00000115383	ENSDARG00000006062	akap1b	ENSEEEP00000025857	ENSEEEG00000012531	akap1b
ENSDARP00000064438	ENSDARG00000043884	nup43	ENSEEEP00000054731	ENSEEEG00000022295	NUP43
ENSDARP00000151663	ENSDARG00000054980	ebna1bp2	ENSEEEP00000059839	ENSEEEG00000011159	EBNA1BP2
ENSDARP00000073630	ENSDARG00000056649	htatsf1	ENSEEEP00000020648	ENSEEEG00000010070	HTATSF1
ENSDARP00000118809	ENSDARG00000042133	si:dkey-51e6.1	ENSEEEP00000055048	ENSEEEG00000029152	si:dkey-51e6.1
ENSDARP00000073839	ENSDARG00000056819	hoxa9b	ENSEEEP00000030765	ENSEEEG00000014722	hoxa9b
ENSDARP00000065642	ENSDARG00000074796	dbf4	ENSEEEP00000007945	ENSEEEG00000004145	dbf4
ENSDARP00000024767	ENSDARG00000008890	ctns	ENSEEEP00000030343	ENSEEEG00000014548	CTNS
ENSDARP00000140608	ENSDARG00000036755	prmt9	ENSEEEP00000020889	ENSEEEG00000010189	PRMT9
ENSDARP00000084919	ENSDARG00000006848	parp9	ENSEEEP00000047661	ENSEEEG00000022432	ACTA2
ENSDARP00000125927	ENSDARG00000053129	carhsp1	ENSEEEP00000043532	ENSEEEG00000020578	CARHSP1
ENSDARP00000090099	ENSDARG00000062042	mthfsd	ENSEEEP00000036050	ENSEEEG00000017146	MTHFSD
ENSDARP00000022888	ENSDARG00000015399	foxf1	ENSEEEP00000036052	ENSEEEG00000017147	FOXF1
ENSDARP00000142280	ENSDARG00000075727	map1lc3cl	ENSEEEP00000047981	ENSEEEG00000022602	map1lc3cl
ENSDARP00000069904	ENSDARG00000053405	sord	ENSEEEP00000039050	ENSEEEG00000018497	SORD
ENSDARP00000134969	ENSDARG00000099946	fam189a2	ENSEEEP00000026935	ENSEEEG00000013003	FAM189A2
ENSDARP00000004823	ENSDARG00000054929	zgc:110540	ENSEEEP00000039899	ENSEEEG00000018914	zgc:110540
ENSDARP00000017410	ENSDARG00000009250	etfb	ENSEEEP00000063712	ENSEEEG00000024927	ETFB
ENSDARP00000128595	ENSDARG00000062846	tmtc3	ENSEEEP00000016076	ENSEEEG00000007962	TMTC3
ENSDARP00000137031	ENSDARG00000096566	aplf	ENSEEEP00000062379	ENSEEEG00000025194	zgc:165656
ENSDARP00000142194	ENSDARG00000105498	si:ch211-220e11.3	ENSEEEP00000035336	ENSEEEG00000016828	TSC22D3
ENSDARP00000039615	ENSDARG00000034076	lrp11	ENSEEEP00000047382	ENSEEEG00000022303	LRP11
ENSDARP00000011600	ENSDARG00000015856	slc25a40	ENSEEEP00000007940	ENSEEEG00000004143	SLC25A40
ENSDARP00000119130	ENSDARG00000027547	tpgs1	ENSEEEP00000034885	ENSEEEG00000016591	TPGS1
ENSDARP00000085277	ENSDARG00000060977	zgc:153018	ENSEEEP00000047965	ENSEEEG00000022596	zgc:153018
ENSDARP00000098205	ENSDARG00000062307	ccdc61	ENSEEEP00000005760	ENSEEEG00000003041	CCDC61
ENSDARP00000094525	ENSDARG00000070575	fam131bb	ENSEEEP00000041619	ENSEEEG00000019687	fam131bb
ENSDARP00000118093	ENSDARG00000059424	rnf215	ENSEEEP00000019450	ENSEEEG00000009532	RNF215
ENSDARP00000059260	ENSDARG00000040490	dusp19a	ENSEEEP00000012063	ENSEEEG00000006090	dusp19a
ENSDARP00000122597	ENSDARG00000062753	naif1	ENSEEEP00000030964	ENSEEEG00000014811	NAIF1
ENSDARP00000121598	ENSDARG00000060911	si:ch211-126i22.5	ENSEEEP00000023043	ENSEEEG00000011184	si:ch211-126i22.5
ENSDARP00000123048	ENSDARG00000033852	mad1l1	ENSEEEP00000025702	ENSEEEG00000012405	MAD1L1
ENSDARP00000128481	ENSDARG00000075397	cipca	ENSEEEP00000053935	ENSEEEG00000025854	cipca
ENSDARP00000123121	ENSDARG00000079705	si:ch211-152p11.4	ENSEEEP00000039065	ENSEEEG00000018544	si:ch211-152p11.4
ENSDARP00000124838	ENSDARG00000089109	bcl2b	ENSEEEP00000020091	ENSEEEG00000009818	bcl2b
ENSDARP00000021993	ENSDARG00000016904	bckdk	ENSEEEP00000008649	ENSEEEG00000004484	BCKDK
ENSDARP00000064111	ENSDARG00000043665	glrx5	ENSEEEP00000022051	ENSEEEG00000010713	GLRX5
ENSDARP00000139136	ENSDARG00000098367	srp54	ENSEEEP00000008374	ENSEEEG00000004368	SRP54
ENSDARP00000103969	ENSDARG00000075730	dnph1	ENSEEEP00000026487	ENSEEEG00000012816	DNPH1
ENSDARP00000052418	ENSDARG00000036106	rgs18	ENSEEEP00000037419	ENSEEEG00000017792	RGS18
ENSDARP00000093996	ENSDARG00000070386	krtcap2	ENSEEEP00000024403	ENSEEEG00000011834	KRTCAP2
ENSDARP00000099793	ENSDARG00000011579	hoxb10a	ENSEEEP00000007617	ENSEEEG00000003982	hoxb10a
ENSDARP00000064545	ENSDARG00000043963	si:ch211-241j12.3	ENSEEEP00000007209	ENSEEEG00000001869	actr1
ENSDARP00000118528	ENSDARG00000044561	ccr7	ENSEEEP00000046548	ENSEEEG00000021923	CCR7
ENSDARP00000026082	ENSDARG00000020475	znrf1	ENSEEEP00000029017	ENSEEEG00000013924	ZNRF1
ENSDARP00000113431	ENSDARG00000058601	gdap1	ENSEEEP00000020376	ENSEEEG00000009947	GDAP1
ENSDARP00000119140	ENSDARG00000078485	snpha	ENSEEEP00000004632	ENSEEEG00000002417	snpha
ENSDARP00000101015	ENSDARG00000079110	cluap1	ENSEEEP00000023673	ENSEEEG00000011471	CLUAP1
ENSDARP00000025588	ENSDARG00000015158	slc50a1	ENSEEEP00000035534	ENSEEEG00000016927	SLC50A1
ENSDARP00000104949	ENSDARG00000079686	naa30	ENSEEEP00000035609	ENSEEEG00000016960	NAA30
ENSDARP00000040899	ENSDARG00000030881	baxb	ENSEEEP00000034019	ENSEEEG00000016208	baxb
ENSDARP00000156059	ENSDARG00000060093	dapk1	ENSEEEP00000006632	ENSEEEG00000003337	DAPK1
ENSDARP00000041191	ENSDARG00000033138	lyrm2	ENSEEEP00000047354	ENSEEEG00000022293	LYRM2
ENSDARP00000126784	ENSDARG00000075436	sytl2b	ENSEEEP00000021712	ENSEEEG00000010559	sytl2b
ENSDARP00000027408	ENSDARG00000007344	tcap	ENSEEEP00000018660	ENSEEEG00000009175	TCAP
ENSDARP00000026364	ENSDARG00000018529	lipf	ENSEEEP00000021559	ENSEEEG00000010496	lipf
ENSDARP00000125648	ENSDARG00000077540	f2rl1.2	ENSEEEP00000022310	ENSEEEG00000010827	f2rl1.2
ENSDARP00000114015	ENSDARG00000063144	shisa7b	ENSEEEP00000058317	ENSEEEG00000010902	shisa7b
ENSDARP00000123831	ENSDARG00000055054	bcl9l	ENSEEEP00000038225	ENSEEEG00000018176	BCL9L
ENSDARP00000107085	ENSDARG00000088019	si:ch211-114l13.12	ENSEEEP00000025135	ENSEEEG00000012185	
ENSDARP00000081358	ENSDARG00000061161	ube2j2	ENSEEEP00000003104	ENSEEEG00000001758	UBE2J2
ENSDARP00000153929	ENSDARG00000005355	larp6a	ENSEEEP00000004518	ENSEEEG00000002352	larp6a
ENSDARP00000108267	ENSDARG00000089717	qpct	ENSEEEP00000047791	ENSEEEG00000022415	QPCT
ENSDARP00000101046	ENSDARG00000033727	il12ba	ENSEEEP00000004468	ENSEEEG00000002321	il12ba
ENSDARP00000063151	ENSDARG00000043011	chst14	ENSEEEP00000040628	ENSEEEG00000019255	chst14
ENSDARP00000084079	ENSDARG00000006758	fam234b	ENSEEEP00000020715	ENSEEEG00000010107	fam234b
ENSDARP00000129235	ENSDARG00000075209	p4htmb	ENSEEEP00000060095	ENSEEEG00000026843	P4HTM
ENSDARP00000082816	ENSDARG00000061802	cnot2	ENSEEEP00000040102	ENSEEEG00000018890	CNOT2
ENSDARP00000060159	ENSDARG00000041062	calb2a	ENSEEEP00000047003	ENSEEEG00000022119	calb2a
ENSDARP00000094053	ENSDARG00000070407	abitram	ENSEEEP00000039159	ENSEEEG00000018610	ABITRAM
ENSDARP00000130867	ENSDARG00000102490	asb2b	ENSEEEP00000015909	ENSEEEG00000007871	asb2a.1
ENSDARP00000035977	ENSDARG00000028401	rhogc	ENSEEEP00000059573	ENSEEEG00000024801	rhogc
ENSDARP00000086520	ENSDARG00000063197	golga2	ENSEEEP00000055065	ENSEEEG00000028063	golga2
ENSDARP00000094421	ENSDARG00000045910	tmem181	ENSEEEP00000012942	ENSEEEG00000006501	TMEM181
ENSDARP00000047377	ENSDARG00000031649	sst6.1	ENSEEEP00000047998	ENSEEEG00000022614	cort
ENSDARP00000122642	ENSDARG00000093048	si:ch211-158d24.4	ENSEEEP00000022855	ENSEEEG00000011090	
ENSDARP00000135282	ENSDARG00000104537	cox7c	ENSEEEP00000045465	ENSEEEG00000021458	COX7C
ENSDARP00000136677	ENSDARG00000102145	ccdc77	ENSEEEP00000040269	ENSEEEG00000019089	CCDC77
ENSDARP00000116060	ENSDARG00000004132	usp19	ENSEEEP00000013757	ENSEEEG00000006854	USP19
ENSDARP00000017354	ENSDARG00000011693	ttc36	ENSEEEP00000000118	ENSEEEG00000000082	TTC36
ENSDARP00000144710	ENSDARG00000101989	thrap3a	ENSEEEP00000013351	ENSEEEG00000006694	thrap3a
ENSDARP00000099973	ENSDARG00000077637	mal2	ENSEEEP00000001724	ENSEEEG00000001103	MAL2
ENSDARP00000116435	ENSDARG00000077643	lypd6b	ENSEEEP00000055339	ENSEEEG00000022725	LYPD6B
ENSDARP00000113934	ENSDARG00000093279	si:dkey-11o1.3	ENSEEEP00000026569	ENSEEEG00000012856	ca15b
ENSDARP00000025104	ENSDARG00000010981	zdhhc3a	ENSEEEP00000052454	ENSEEEG00000024568	zdhhc3a
ENSDARP00000147345	ENSDARG00000003531	tcea1	ENSEEEP00000001075	ENSEEEG00000010032	TCEA1
ENSDARP00000103743	ENSDARG00000074265	dzip1l	ENSEEEP00000007051	ENSEEEG00000003721	DZIP1L
ENSDARP00000060713	ENSDARG00000041417	atp6ap1a	ENSEEEP00000020129	ENSEEEG00000009833	atp6ap1a
ENSDARP00000036480	ENSDARG00000021572	cgasa	ENSEEEP00000040178	ENSEEEG00000019056	CGAS
ENSDARP00000120146	ENSDARG00000021556	ubl3b	ENSEEEP00000059109	ENSEEEG00000024887	ubl3b
ENSDARP00000143556	ENSDARG00000015890	mafa	ENSEEEP00000036103	ENSEEEG00000017175	MAF
ENSDARP00000050686	ENSDARG00000035028	lpcat4	ENSEEEP00000011928	ENSEEEG00000006013	LPCAT4
ENSDARP00000117024	ENSDARG00000038900	acadm	ENSEEEP00000015631	ENSEEEG00000007745	ACADM
ENSDARP00000083707	ENSDARG00000062063	tab3	ENSEEEP00000040512	ENSEEEG00000019192	TAB3
ENSDARP00000138979	ENSDARG00000103264	si:dkey-25g12.4	ENSEEEP00000037019	ENSEEEG00000017578	si:dkey-25g12.4
ENSDARP00000114740	ENSDARG00000021982	sh3bp2	ENSEEEP00000039441	ENSEEEG00000018732	SH3BP2
ENSDARP00000120895	ENSDARG00000042033	ntmt2	ENSEEEP00000010276	ENSEEEG00000005199	mettl11b
ENSDARP00000135555	ENSDARG00000099104	rpl24	ENSEEEP00000054772	ENSEEEG00000028107	RPL24
ENSDARP00000069999	ENSDARG00000053479	gdf6a	ENSEEEP00000034119	ENSEEEG00000016243	gdf6a
ENSDARP00000098571	ENSDARG00000073891	gdf10b	ENSEEEP00000006436	ENSEEEG00000003405	gdf10b
ENSDARP00000138225	ENSDARG00000101521	si:ch1073-205c8.4	ENSEEEP00000034984	ENSEEEG00000016636	UBE2M
ENSDARP00000142176	ENSDARG00000004875	tmc6b	ENSEEEP00000046167	ENSEEEG00000021714	TMC6
ENSDARP00000096299	ENSDARG00000061417	nub1	ENSEEEP00000005595	ENSEEEG00000002944	NUB1
ENSDARP00000100833	ENSDARG00000073744	ip6k1	ENSEEEP00000021016	ENSEEEG00000010249	IP6K1
ENSDARP00000128458	ENSDARG00000061091	gtpbp6	ENSEEEP00000009977	ENSEEEG00000005053	GTPBP6
ENSDARP00000103644	ENSDARG00000074016	ptgfr	ENSEEEP00000009176	ENSEEEG00000004721	PTGFR
ENSDARP00000036949	ENSDARG00000017960	sfxn2	ENSEEEP00000011318	ENSEEEG00000005732	SFXN2
ENSDARP00000106399	ENSDARG00000013777	ppp1r13l	ENSEEEP00000030450	ENSEEEG00000014588	PPP1R13L
ENSDARP00000142738	ENSDARG00000105669	nfx1	ENSEEEP00000002656	ENSEEEG00000001529	NFX1
ENSDARP00000052351	ENSDARG00000036063	ppp1r11	ENSEEEP00000059682	ENSEEEG00000026067	PPP1R11
ENSDARP00000104615	ENSDARG00000012968	rhoub	ENSEEEP00000058787	ENSEEEG00000025066	rhoub
ENSDARP00000107236	ENSDARG00000088844	deaf1	ENSEEEP00000020425	ENSEEEG00000009969	DEAF1
ENSDARP00000127408	ENSDARG00000096722	si:dkey-16i5.8	ENSEEEP00000021021	ENSEEEG00000010252	si:dkey-16i5.8
ENSDARP00000150616	ENSDARG00000027916	fntb	ENSEEEP00000028067	ENSEEEG00000013459	fntb
ENSDARP00000023772	ENSDARG00000008803	marcksb	ENSEEEP00000027467	ENSEEEG00000013245	marcksb
ENSDARP00000126754	ENSDARG00000086166	si:ch211-286b5.9	ENSEEEP00000005286	ENSEEEG00000002761	
ENSDARP00000029934	ENSDARG00000024109	naa40	ENSEEEP00000049635	ENSEEEG00000023347	NAA40
ENSDARP00000154753	ENSDARG00000020289	pif1	ENSEEEP00000024943	ENSEEEG00000012098	PIF1
ENSDARP00000036773	ENSDARG00000026839	med21	ENSEEEP00000045994	ENSEEEG00000021673	MED21
ENSDARP00000137115	ENSDARG00000098904	pex1	ENSEEEP00000043683	ENSEEEG00000020649	PEX1
ENSDARP00000127247	ENSDARG00000075883	bub3	ENSEEEP00000043150	ENSEEEG00000020361	BUB3
ENSDARP00000114245	ENSDARG00000075958	si:dkey-266f7.9	ENSEEEP00000013247	ENSEEEG00000006638	si:dkey-266f7.9
ENSDARP00000099941	ENSDARG00000077596	phf24	ENSEEEP00000029110	ENSEEEG00000013968	PHF24
ENSDARP00000099327	ENSDARG00000075468	vwa1	ENSEEEP00000029576	ENSEEEG00000014170	VWA1
ENSDARP00000156696	ENSDARG00000103220	slc10a3	ENSEEEP00000016755	ENSEEEG00000008308	SLC10A3
ENSDARP00000092768	ENSDARG00000069852	lipt2	ENSEEEP00000049937	ENSEEEG00000023477	LIPT2
ENSDARP00000100864	ENSDARG00000074031	fastkd2	ENSEEEP00000006637	ENSEEEG00000003518	FASTKD2
ENSDARP00000096384	ENSDARG00000071437	ptprc	ENSEEEP00000018305	ENSEEEG00000008788	PTPRC
ENSDARP00000153053	ENSDARG00000003920	setb	ENSEEEP00000058042	ENSEEEG00000028648	setb
ENSDARP00000123538	ENSDARG00000088383	cox5aa	ENSEEEP00000039477	ENSEEEG00000018746	cox5aa
ENSDARP00000155545	ENSDARG00000012874	snap23.1	ENSEEEP00000049392	ENSEEEG00000027026	snap23.1
ENSDARP00000145783	ENSDARG00000099733	cirsr	ENSEEEP00000055487	ENSEEEG00000025844	CIR1
ENSDARP00000142360	ENSDARG00000074761	bicdl1	ENSEEEP00000057872	ENSEEEG00000027805	BICDL1
ENSDARP00000094117	ENSDARG00000070427	s100v1	ENSEEEP00000032229	ENSEEEG00000015372	s100v1
ENSDARP00000068039	ENSDARG00000031243	snai3	ENSEEEP00000041629	ENSEEEG00000019692	SNAI3
ENSDARP00000132576	ENSDARG00000098365	lrrc74b	ENSEEEP00000019676	ENSEEEG00000009634	LRRC74B
ENSDARP00000045893	ENSDARG00000018891	rnaseh2a	ENSEEEP00000059477	ENSEEEG00000003305	RNASEH2A
ENSDARP00000008451	ENSDARG00000025507	wdr24	ENSEEEP00000006686	ENSEEEG00000003544	WDR24
ENSDARP00000124664	ENSDARG00000075866	cdcp2	ENSEEEP00000023562	ENSEEEG00000011422	CDCP2
ENSDARP00000114307	ENSDARG00000079062	samd1b	ENSEEEP00000045052	ENSEEEG00000021261	samd1b
ENSDARP00000116595	ENSDARG00000021462	daw1	ENSEEEP00000026687	ENSEEEG00000012787	DAW1
ENSDARP00000128111	ENSDARG00000093931	rflnb	ENSEEEP00000052640	ENSEEEG00000024660	RFLNB
ENSDARP00000115633	ENSDARG00000035695	scxa	ENSEEEP00000007319	ENSEEEG00000003844	scxa
ENSDARP00000153423	ENSDARG00000013670	hyou1	ENSEEEP00000031412	ENSEEEG00000014308	HYOU1
ENSDARP00000004350	ENSDARG00000002487	noc3l	ENSEEEP00000038578	ENSEEEG00000018261	NOC3L
ENSDARP00000118556	ENSDARG00000055080	rbm4.2	ENSEEEP00000011876	ENSEEEG00000005977	rbm4.2
ENSDARP00000117091	ENSDARG00000059485	emb	ENSEEEP00000047555	ENSEEEG00000022387	sytl2a
ENSDARP00000066780	ENSDARG00000045414	elovl2	ENSEEEP00000033478	ENSEEEG00000015914	ELOVL2
ENSDARP00000143414	ENSDARG00000101660	sntg2	ENSEEEP00000019451	ENSEEEG00000009531	sntg2
ENSDARP00000127636	ENSDARG00000074906	znf831	ENSEEEP00000026310	ENSEEEG00000012734	
ENSDARP00000052661	ENSDARG00000036254	hoxa13b	ENSEEEP00000030757	ENSEEEG00000014718	hoxa13b
ENSDARP00000073893	ENSDARG00000056871	ap4m1	ENSEEEP00000045480	ENSEEEG00000021416	AP4M1
ENSDARP00000020595	ENSDARG00000009978	icn	ENSEEEP00000024410	ENSEEEG00000011837	icn
ENSDARP00000110037	ENSDARG00000076017	tmem69	ENSEEEP00000022404	ENSEEEG00000010880	TMEM69
ENSDARP00000001256	ENSDARG00000001656	psmb13a	ENSEEEP00000047970	ENSEEEG00000022573	psmb13a
ENSDARP00000045286	ENSDARG00000020231	mapre3a	ENSEEEP00000003646	ENSEEEG00000001988	mapre3a
ENSDARP00000070422	ENSDARG00000053840	ei24	ENSEEEP00000022636	ENSEEEG00000010972	EI24
ENSDARP00000091038	ENSDARG00000061062	nemp2	ENSEEEP00000049830	ENSEEEG00000023417	NEMP2
ENSDARP00000016376	ENSDARG00000015978	cox5ba	ENSEEEP00000044834	ENSEEEG00000021160	COX5B
ENSDARP00000062095	ENSDARG00000042345	si:dkeyp-55f12.3	ENSEEEP00000024721	ENSEEEG00000011968	si:dkeyp-55f12.3
ENSDARP00000062093	ENSDARG00000042341	tmem251	ENSEEEP00000024720	ENSEEEG00000011967	TMEM251
ENSDARP00000015462	ENSDARG00000002506	zgc:92818	ENSEEEP00000028052	ENSEEEG00000013499	C16orf87
ENSDARP00000117925	ENSDARG00000031681	atp6v0b	ENSEEEP00000033611	ENSEEEG00000015978	ATP6V0B
ENSDARP00000008690	ENSDARG00000005560	ywhah	ENSEEEP00000054680	ENSEEEG00000026398	YWHAH
ENSDARP00000100969	ENSDARG00000078315	spring1	ENSEEEP00000019641	ENSEEEG00000009618	SPRING1
ENSDARP00000094377	ENSDARG00000045900	agbl5	ENSEEEP00000043761	ENSEEEG00000020687	AGBL5
ENSDARP00000070007	ENSDARG00000053488	si:ch73-22a13.3	ENSEEEP00000033833	ENSEEEG00000016108	si:ch73-22a13.3
ENSDARP00000123170	ENSDARG00000040309	pxdc1b	ENSEEEP00000016272	ENSEEEG00000008047	pxdc1b
ENSDARP00000122262	ENSDARG00000018159	ano10b	ENSEEEP00000061126	ENSEEEG00000016616	ano10b
ENSDARP00000094120	ENSDARG00000000588	tamalin	ENSEEEP00000009682	ENSEEEG00000004935	grasp
ENSDARP00000137834	ENSDARG00000012860	tmprss4b	ENSEEEP00000037379	ENSEEEG00000017767	tmprss4b
ENSDARP00000112190	ENSDARG00000055653	nubp2	ENSEEEP00000009200	ENSEEEG00000004728	NUBP2
ENSDARP00000113724	ENSDARG00000029660	commd5	ENSEEEP00000041306	ENSEEEG00000019549	COMMD5
ENSDARP00000131768	ENSDARG00000099833	fbxo7	ENSEEEP00000003394	ENSEEEG00000001898	FBXO7
ENSDARP00000002263	ENSDARG00000010630	hoxb6a	ENSEEEP00000007603	ENSEEEG00000003973	hoxb6a
ENSDARP00000076844	ENSDARG00000059323	rpn1	ENSEEEP00000010048	ENSEEEG00000028537	RPN1
ENSDARP00000077909	ENSDARG00000071678	atcaya	ENSEEEP00000021249	ENSEEEG00000010356	prune2
ENSDARP00000114456	ENSDARG00000057568	nefla	ENSEEEP00000030497	ENSEEEG00000014611	neflb
ENSDARP00000046890	ENSDARG00000030872	cetp	ENSEEEP00000047581	ENSEEEG00000022399	cetp
ENSDARP00000112699	ENSDARG00000097473	sertad3	ENSEEEP00000059907	ENSEEEG00000029098	zgc:113340
ENSDARP00000100238	ENSDARG00000076239	adisspb	ENSEEEP00000063492	ENSEEEG00000028407	C20orf27
ENSDARP00000135280	ENSDARG00000099084	pcif1	ENSEEEP00000015109	ENSEEEG00000007486	PCIF1
ENSDARP00000124392	ENSDARG00000068156	chchd7	ENSEEEP00000003257	ENSEEEG00000001834	CHCHD7
ENSDARP00000121210	ENSDARG00000070668	cd4-1	ENSEEEP00000025471	ENSEEEG00000012358	cd4-1
ENSDARP00000072397	ENSDARG00000055554	wnt1	ENSEEEP00000018958	ENSEEEG00000009295	WNT1
ENSDARP00000105906	ENSDARG00000019746	rfng	ENSEEEP00000007345	ENSEEEG00000003798	RFNG
ENSDARP00000118271	ENSDARG00000088505	fam217ba	ENSEEEP00000018589	ENSEEEG00000009137	FAM217B
ENSDARP00000103775	ENSDARG00000075735	cxxc5b	ENSEEEP00000029839	ENSEEEG00000014300	cxxc5b
ENSDARP00000035812	ENSDARG00000090035	rtn4r	ENSEEEP00000019483	ENSEEEG00000009552	RTN4R
ENSDARP00000046208	ENSDARG00000094730	acbd7	ENSEEEP00000006538	ENSEEEG00000003452	DBI
ENSDARP00000091193	ENSDARG00000069147	pex11b	ENSEEEP00000064399	ENSEEEG00000024703	PEX11B
ENSDARP00000076660	ENSDARG00000059177	tax1bp3	ENSEEEP00000030335	ENSEEEG00000014543	TAX1BP3
ENSDARP00000049263	ENSDARG00000017794	sdr16c5b	ENSEEEP00000003261	ENSEEEG00000001835	sdr16c5b
ENSDARP00000017149	ENSDARG00000012840	alg9	ENSEEEP00000038956	ENSEEEG00000018480	alg9
ENSDARP00000127121	ENSDARG00000096749	ndufaf8	ENSEEEP00000011689	ENSEEEG00000005884	NDUFAF8
ENSDARP00000048394	ENSDARG00000032976	cmlc1	ENSEEEP00000051406	ENSEEEG00000024121	cmlc1
ENSDARP00000129537	ENSDARG00000076512	si:ch211-265g22.4	ENSEEEP00000030973	ENSEEEG00000014816	si:ch211-265g22.4
ENSDARP00000099952	ENSDARG00000017320	f11r.1	ENSEEEP00000031034	ENSEEEG00000014851	f11r.1
ENSDARP00000114070	ENSDARG00000055751	fosb	ENSEEEP00000061004	ENSEEEG00000015837	FOSB
ENSDARP00000076775	ENSDARG00000059263	hoxd12a	ENSEEEP00000021319	ENSEEEG00000010386	hoxd12a
ENSDARP00000059375	ENSDARG00000040571	ube4a	ENSEEEP00000019611	ENSEEEG00000009606	UBE4A
ENSDARP00000074090	ENSDARG00000057042	tm2d1	ENSEEEP00000036113	ENSEEEG00000017176	TM2D1
ENSDARP00000097554	ENSDARG00000074660	rilp	ENSEEEP00000019141	ENSEEEG00000009390	RILP
ENSDARP00000115652	ENSDARG00000074742	elmod3	ENSEEEP00000039965	ENSEEEG00000018950	
ENSDARP00000085284	ENSDARG00000062655	ydjc	ENSEEEP00000018792	ENSEEEG00000009241	YDJC
ENSDARP00000131338	ENSDARG00000104071	hikeshi	ENSEEEP00000024555	ENSEEEG00000011906	HIKESHI
ENSDARP00000014434	ENSDARG00000010610	sarm1	ENSEEEP00000019136	ENSEEEG00000009383	SARM1
ENSDARP00000013157	ENSDARG00000018162	ctnnal1	ENSEEEP00000039157	ENSEEEG00000018608	CTNNAL1
ENSDARP00000084633	ENSDARG00000062382	snapin	ENSEEEP00000001486	ENSEEEG00000000960	SNAPIN
ENSDARP00000058255	ENSDARG00000039828	zp3b	ENSEEEP00000014722	ENSEEEG00000007324	FOXN4
ENSDARP00000073908	ENSDARG00000056874	lygl1	ENSEEEP00000035679	ENSEEEG00000016991	lygl2
ENSDARP00000123743	ENSDARG00000078034	zgc:112001	ENSEEEP00000015074	ENSEEEG00000007501	zgc:112001
ENSDARP00000057618	ENSDARG00000039439	il22ra2	ENSEEEP00000008177	ENSEEEG00000004258	il22ra2
ENSDARP00000098233	ENSDARG00000077314	mblac1	ENSEEEP00000024394	ENSEEEG00000011827	MBLAC1
ENSDARP00000072200	ENSDARG00000055383	hapstr1a	ENSEEEP00000045198	ENSEEEG00000021341	C16orf72
ENSDARP00000084449	ENSDARG00000062335	nudt14	ENSEEEP00000059515	ENSEEEG00000025512	NUDT14
ENSDARP00000121787	ENSDARG00000090797	fam222aa	ENSEEEP00000054269	ENSEEEG00000025136	FAM222A
ENSDARP00000068559	ENSDARG00000052242	aff2	ENSEEEP00000035681	ENSEEEG00000016993	AFF2
ENSDARP00000132812	ENSDARG00000102221	hacd4	ENSEEEP00000059954	ENSEEEG00000027018	HACD4
ENSDARP00000143538	ENSDARG00000033380	gyg2	ENSEEEP00000027295	ENSEEEG00000013165	GYG2
ENSDARP00000130568	ENSDARG00000104691	cd79b	ENSEEEP00000026754	ENSEEEG00000012910	cd79b
ENSDARP00000112143	ENSDARG00000061314	ngrn	ENSEEEP00000053051	ENSEEEG00000027549	NGRN
ENSDARP00000093497	ENSDARG00000053828	ubxn11	ENSEEEP00000023777	ENSEEEG00000011525	UBXN11
ENSDARP00000120045	ENSDARG00000093026	si:ch211-222n4.2	ENSEEEP00000056724	ENSEEEG00000028333	si:ch211-222n4.2
ENSDARP00000127256	ENSDARG00000076997	stxbp4	ENSEEEP00000017839	ENSEEEG00000008810	ACTB
ENSDARP00000144166	ENSDARG00000061215	fam149b1	ENSEEEP00000047349	ENSEEEG00000022289	FAM149B1
ENSDARP00000081676	ENSDARG00000067975	atp5if1a	ENSEEEP00000024938	ENSEEEG00000012092	atp5if1a
ENSDARP00000137006	ENSDARG00000020730	smpd4	ENSEEEP00000030797	ENSEEEG00000014671	SMPD4
ENSDARP00000075886	ENSDARG00000058563	ubox5	ENSEEEP00000020230	ENSEEEG00000009879	UBOX5
ENSDARP00000041428	ENSDARG00000030078	glipr1b	ENSEEEP00000014217	ENSEEEG00000007062	glipr1b
ENSDARP00000098430	ENSDARG00000025187	six6a	ENSEEEP00000049299	ENSEEEG00000023173	six6a
ENSDARP00000130742	ENSDARG00000074322	olmf4l1	ENSEEEP00000029009	ENSEEEG00000013920	si:ch211-194m7.5
ENSDARP00000089414	ENSDARG00000068265	tomm5	ENSEEEP00000029979	ENSEEEG00000014367	tomm5
ENSDARP00000003389	ENSDARG00000001788	atp5po	ENSEEEP00000050378	ENSEEEG00000023686	atp5po
ENSDARP00000089411	ENSDARG00000068264	grhpra	ENSEEEP00000029992	ENSEEEG00000014369	grhpra
ENSDARP00000059226	ENSDARG00000051986	ndufs8a	ENSEEEP00000006779	ENSEEEG00000003573	ndufs8a
ENSDARP00000018811	ENSDARG00000014161	ercc4	ENSEEEP00000020903	ENSEEEG00000010194	ERCC4
ENSDARP00000066293	ENSDARG00000045087	cdk5r1b	ENSEEEP00000031504	ENSEEEG00000015069	cdk5r1b
ENSDARP00000068869	ENSDARG00000052512	tsga10	ENSEEEP00000043180	ENSEEEG00000020391	TSGA10
ENSDARP00000091908	ENSDARG00000069469	khdrbs2	ENSEEEP00000008222	ENSEEEG00000004295	KHDRBS2
ENSDARP00000155756	ENSDARG00000005590	mtf2	ENSEEEP00000024010	ENSEEEG00000011642	MTF2
ENSDARP00000092617	ENSDARG00000058454	dynll1	ENSEEEP00000057567	ENSEEEG00000026935	dynll1
ENSDARP00000153247	ENSDARG00000078694	phlpp1	ENSEEEP00000051524	ENSEEEG00000024190	PHLPP1
ENSDARP00000123820	ENSDARG00000074756	tfb2m	ENSEEEP00000028181	ENSEEEG00000013562	TFB2M
ENSDARP00000125711	ENSDARG00000071084	wipf1b	ENSEEEP00000046511	ENSEEEG00000021910	Fam101b
ENSDARP00000124413	ENSDARG00000058064	gjb1b	ENSEEEP00000022058	ENSEEEG00000010718	cx31.7
ENSDARP00000141005	ENSDARG00000099902	il17rc	ENSEEEP00000005250	ENSEEEG00000002744	il17rc
ENSDARP00000115589	ENSDARG00000074242	serbp1a	ENSEEEP00000062752	ENSEEEG00000007102	serbp1a
ENSDARP00000124794	ENSDARG00000059227	fabp1b.1	ENSEEEP00000020328	ENSEEEG00000009913	fabp1b.1
ENSDARP00000040189	ENSDARG00000033361	asl	ENSEEEP00000011244	ENSEEEG00000005564	asl
ENSDARP00000060744	ENSDARG00000041435	uba52	ENSEEEP00000048836	ENSEEEG00000022967	uba52
ENSDARP00000130314	ENSDARG00000102407	cep97	ENSEEEP00000024514	ENSEEEG00000011885	CEP97
ENSDARP00000116551	ENSDARG00000087107	cfap221	ENSEEEP00000024795	ENSEEEG00000012008	
ENSDARP00000124815	ENSDARG00000001939	b3gat3	ENSEEEP00000049632	ENSEEEG00000023346	B3GAT3
ENSDARP00000129318	ENSDARG00000091932	si:ch73-25f10.6	ENSEEEP00000039073	ENSEEEG00000018551	si:ch73-25f10.6
ENSDARP00000038728	ENSDARG00000023160	snrnp40	ENSEEEP00000039229	ENSEEEG00000018626	SNRNP40
ENSDARP00000107938	ENSDARG00000069373	crcp	ENSEEEP00000011306	ENSEEEG00000005728	CRCP
ENSDARP00000122490	ENSDARG00000017115	kctd10	ENSEEEP00000022074	ENSEEEG00000010721	KCTD10
ENSDARP00000119610	ENSDARG00000076074	dda1	ENSEEEP00000059697	ENSEEEG00000025717	dda1
ENSDARP00000116244	ENSDARG00000060884	nmur1a	ENSEEEP00000006875	ENSEEEG00000003626	nmur1a
ENSDARP00000013748	ENSDARG00000012306	syt13	ENSEEEP00000028256	ENSEEEG00000013585	SYT13
ENSDARP00000018251	ENSDARG00000007396	rnd3b	ENSEEEP00000048272	ENSEEEG00000022731	rnd3b
ENSDARP00000112936	ENSDARG00000069407	zgc:194990	ENSEEEP00000035454	ENSEEEG00000016881	zgc:194990
ENSDARP00000120776	ENSDARG00000091271	cenpt	ENSEEEP00000034945	ENSEEEG00000016626	
ENSDARP00000138497	ENSDARG00000090993	rnf4	ENSEEEP00000056964	ENSEEEG00000017243	RNF4
ENSDARP00000091739	ENSDARG00000069401	si:dkeyp-114g9.1	ENSEEEP00000015021	ENSEEEG00000007476	si:dkeyp-114g9.1
ENSDARP00000115500	ENSDARG00000079552	maml3	ENSEEEP00000044367	ENSEEEG00000020958	NKX2-4
ENSDARP00000134501	ENSDARG00000100835	rgs13b	ENSEEEP00000025194	ENSEEEG00000012216	RGS13
ENSDARP00000078265	ENSDARG00000059906	sdc4	ENSEEEP00000004702	ENSEEEG00000002457	SDC4
ENSDARP00000143162	ENSDARG00000012002	slc38a7	ENSEEEP00000007423	ENSEEEG00000003891	SLC38A7
ENSDARP00000095624	ENSDARG00000071070	pthlhb	ENSEEEP00000008614	ENSEEEG00000004468	pthlhb
ENSDARP00000055536	ENSDARG00000038095	socs1a	ENSEEEP00000045340	ENSEEEG00000021399	socs1a
ENSDARP00000085782	ENSDARG00000062868	eea1	ENSEEEP00000014407	ENSEEEG00000006978	EEA1
ENSDARP00000003051	ENSDARG00000007329	tbx16	ENSEEEP00000001297	ENSEEEG00000000873	tbx16
ENSDARP00000073973	ENSDARG00000001940	dnajc1	ENSEEEP00000026593	ENSEEEG00000012858	DNAJC1
ENSDARP00000045134	ENSDARG00000033949	fbxo16	ENSEEEP00000012228	ENSEEEG00000006160	FBXO16
ENSDARP00000125223	ENSDARG00000074564	tlcd3bb	ENSEEEP00000008169	ENSEEEG00000004257	tlcd3bb
ENSDARP00000007227	ENSDARG00000016307	mrpl46	ENSEEEP00000034448	ENSEEEG00000016397	MRPL46
ENSDARP00000135083	ENSDARG00000103732	plp1a	ENSEEEP00000017580	ENSEEEG00000008683	plp1a
ENSDARP00000087373	ENSDARG00000063553	rlf	ENSEEEP00000000884	ENSEEEG00000000602	
ENSDARP00000045055	ENSDARG00000030591	lrrc42	ENSEEEP00000016570	ENSEEEG00000008211	LRRC42
ENSDARP00000063716	ENSDARG00000043402	zgc:171480	ENSEEEP00000003202	ENSEEEG00000001802	zgc:171480
ENSDARP00000012858	ENSDARG00000015676	nmd3	ENSEEEP00000025609	ENSEEEG00000012422	NMD3
ENSDARP00000117381	ENSDARG00000075405	adck5	ENSEEEP00000054262	ENSEEEG00000022285	ADCK5
ENSDARP00000139806	ENSDARG00000018721	npnta	ENSEEEP00000058907	ENSEEEG00000011370	npnta
ENSDARP00000065823	ENSDARG00000044781	bace2	ENSEEEP00000015865	ENSEEEG00000007818	BACE2
ENSDARP00000125731	ENSDARG00000056630	angptl5	ENSEEEP00000008115	ENSEEEG00000004233	ANGPTL5
ENSDARP00000019360	ENSDARG00000005536	ubr7	ENSEEEP00000024724	ENSEEEG00000011970	ubr7
ENSDARP00000115736	ENSDARG00000022795	golt1ba	ENSEEEP00000021949	ENSEEEG00000010661	golt1ba
ENSDARP00000055617	ENSDARG00000063446	iba57	ENSEEEP00000058411	ENSEEEG00000028559	iba57
ENSDARP00000083972	ENSDARG00000062148	si:dkey-100n23.3	ENSEEEP00000059595	ENSEEEG00000008260	senp7
ENSDARP00000050398	ENSDARG00000090912	npc2.1	ENSEEEP00000053677	ENSEEEG00000027945	NPC2
ENSDARP00000121214	ENSDARG00000093289	si:dkey-9i23.14	ENSEEEP00000005224	ENSEEEG00000002728	si:dkey-9i23.14
ENSDARP00000067304	ENSDARG00000045785	rlig1	ENSEEEP00000016059	ENSEEEG00000007955	C12orf29
ENSDARP00000117703	ENSDARG00000091859	si:ch73-233m11.2	ENSEEEP00000037046	ENSEEEG00000017595	si:ch73-233m11.2
ENSDARP00000073799	ENSDARG00000056793	jazf1b	ENSEEEP00000030703	ENSEEEG00000014697	jazf1b
ENSDARP00000024527	ENSDARG00000019222	mrpl24	ENSEEEP00000050850	ENSEEEG00000023886	MRPL24
ENSDARP00000007865	ENSDARG00000004497	tspan33a	ENSEEEP00000029540	ENSEEEG00000014143	tspan33a
ENSDARP00000073353	ENSDARG00000056407	irf8	ENSEEEP00000036060	ENSEEEG00000017148	IRF8
ENSDARP00000106610	ENSDARG00000091678	ints12	ENSEEEP00000048090	ENSEEEG00000022648	INTS12
ENSDARP00000098474	ENSDARG00000077776	csnk2b	ENSEEEP00000057388	ENSEEEG00000024705	csnk2b
ENSDARP00000002532	ENSDARG00000006603	csrp1a	ENSEEEP00000014262	ENSEEEG00000007092	csrp1a
ENSDARP00000067540	ENSDARG00000045955	prlrb	ENSEEEP00000047531	ENSEEEG00000022374	prlrb
ENSDARP00000117810	ENSDARG00000045790	kics2	ENSEEEP00000008602	ENSEEEG00000004455	KICS2
ENSDARP00000094406	ENSDARG00000070536	creb5b	ENSEEEP00000030699	ENSEEEG00000014694	creb5b
ENSDARP00000101029	ENSDARG00000079241	wdr90	ENSEEEP00000010148	ENSEEEG00000005146	
ENSDARP00000145716	ENSDARG00000023903	atf2	ENSEEEP00000021262	ENSEEEG00000010355	ATF2
ENSDARP00000096293	ENSDARG00000007081	pias4a	ENSEEEP00000028969	ENSEEEG00000013886	pias4a
ENSDARP00000132009	ENSDARG00000104228	lypla1	ENSEEEP00000002701	ENSEEEG00000001511	LYPLA1
ENSDARP00000022709	ENSDARG00000018788	st8sia2	ENSEEEP00000036442	ENSEEEG00000017325	st8sia2
ENSDARP00000133028	ENSDARG00000102338	ptar1	ENSEEEP00000026955	ENSEEEG00000013012	PTAR1
ENSDARP00000020667	ENSDARG00000075963	mhc1uba	ENSEEEP00000007628	ENSEEEG00000024680	mhc1uba
ENSDARP00000026769	ENSDARG00000009950	edf1	ENSEEEP00000051442	ENSEEEG00000024144	EDF1
ENSDARP00000086969	ENSDARG00000063357	gpr45	ENSEEEP00000000631	ENSEEEG00000000448	GPR45
ENSDARP00000092529	ENSDARG00000069755	mtmr11	ENSEEEP00000033630	ENSEEEG00000016002	MTMR11
ENSDARP00000085142	ENSDARG00000062594	coq7	ENSEEEP00000046559	ENSEEEG00000021928	COQ7
ENSDARP00000117097	ENSDARG00000093997	si:dkey-9i23.15	ENSEEEP00000005226	ENSEEEG00000002731	tmem109
ENSDARP00000061662	ENSDARG00000042072	fbxl17	ENSEEEP00000019263	ENSEEEG00000009433	FBXL17
ENSDARP00000067113	ENSDARG00000096995	fbxl22	ENSEEEP00000002493	ENSEEEG00000001456	FBXL22
ENSDARP00000128704	ENSDARG00000025335	nek10	ENSEEEP00000004852	ENSEEEG00000002522	NEK10
ENSDARP00000120046	ENSDARG00000062964	si:dkey-246g23.2	ENSEEEP00000031010	ENSEEEG00000014841	si:dkey-246g23.2
ENSDARP00000032843	ENSDARG00000025212	ints11	ENSEEEP00000003271	ENSEEEG00000001818	INTS11
ENSDARP00000121440	ENSDARG00000093065	ubac2	ENSEEEP00000056792	ENSEEEG00000028046	UBAC2
ENSDARP00000032062	ENSDARG00000023768	slc60a1a	ENSEEEP00000023066	ENSEEEG00000011196	mfsd4aa
ENSDARP00000140448	ENSDARG00000100021	plaat1	ENSEEEP00000006368	ENSEEEG00000003385	PLAAT1
ENSDARP00000091879	ENSDARG00000069450	gja5b	ENSEEEP00000057428	ENSEEEG00000027370	gja5b
ENSDARP00000118761	ENSDARG00000077513	ppp1r3da	ENSEEEP00000018592	ENSEEEG00000009138	ppp1r3da
ENSDARP00000109774	ENSDARG00000087381	tcf23	ENSEEEP00000022650	ENSEEEG00000010998	tcf23
ENSDARP00000048858	ENSDARG00000013058	ascc2	ENSEEEP00000019434	ENSEEEG00000009521	ASCC2
ENSDARP00000111104	ENSDARG00000029472	afdna	ENSEEEP00000030280	ENSEEEG00000014513	afdna
ENSDARP00000128148	ENSDARG00000070040	zgc:162344	ENSEEEP00000031509	ENSEEEG00000015071	zgc:162344
ENSDARP00000127300	ENSDARG00000030116	susd6	ENSEEEP00000028105	ENSEEEG00000013526	susd6
ENSDARP00000153813	ENSDARG00000075898	spata7	ENSEEEP00000019398	ENSEEEG00000009501	SPATA7
ENSDARP00000019859	ENSDARG00000079271	dcxr	ENSEEEP00000007197	ENSEEEG00000003794	DCXR
ENSDARP00000122679	ENSDARG00000079933	si:dkey-5g14.1	ENSEEEP00000030052	ENSEEEG00000014400	SLC46A3
ENSDARP00000050602	ENSDARG00000030765	hadh	ENSEEEP00000023502	ENSEEEG00000011398	HADH
ENSDARP00000104418	ENSDARG00000078433	spc25	ENSEEEP00000050109	ENSEEEG00000023568	SPC25
ENSDARP00000094415	ENSDARG00000030278	idh3a	ENSEEEP00000002468	ENSEEEG00000000906	IDH3A
ENSDARP00000063532	ENSDARG00000043279	aqp12	ENSEEEP00000034913	ENSEEEG00000016608	aqp12
ENSDARP00000135519	ENSDARG00000104889	kpnb1	ENSEEEP00000034987	ENSEEEG00000016639	KPNB1
ENSDARP00000021916	ENSDARG00000017299	fabp4a	ENSEEEP00000031527	ENSEEEG00000015083	fabp11a
ENSDARP00000113837	ENSDARG00000058598	sox18	ENSEEEP00000029317	ENSEEEG00000014042	SOX18
ENSDARP00000107651	ENSDARG00000007247	ric8a	ENSEEEP00000043213	ENSEEEG00000020388	RIC8A
ENSDARP00000088198	ENSDARG00000010710	msi1b	ENSEEEP00000050742	ENSEEEG00000023841	MSI1
ENSDARP00000005126	ENSDARG00000004692	nabp1a	ENSEEEP00000002886	ENSEEEG00000001649	nabp1a
ENSDARP00000140159	ENSDARG00000101975	si:dkey-225f5.4	ENSEEEP00000007655	ENSEEEG00000004005	si:dkey-225f5.4
ENSDARP00000062849	ENSDARG00000042821	agps	ENSEEEP00000023029	ENSEEEG00000010447	AGPS
ENSDARP00000048752	ENSDARG00000030789	ddx18	ENSEEEP00000040196	ENSEEEG00000019022	DDX18
ENSDARP00000114229	ENSDARG00000056381	cfap97	ENSEEEP00000003105	ENSEEEG00000001760	CFAP97
ENSDARP00000052364	ENSDARG00000036073	cebpg	ENSEEEP00000058679	ENSEEEG00000027842	CEBPG
ENSDARP00000054876	ENSDARG00000037677	fgf24	ENSEEEP00000033782	ENSEEEG00000016056	fgf24
ENSDARP00000050864	ENSDARG00000035131	surf4l	ENSEEEP00000051358	ENSEEEG00000024100	SURF4
ENSDARP00000075873	ENSDARG00000058553	sprb	ENSEEEP00000010726	ENSEEEG00000005425	spra
ENSDARP00000087966	ENSDARG00000008153	serinc5	ENSEEEP00000027783	ENSEEEG00000013377	SERINC5
ENSDARP00000109497	ENSDARG00000042566	rps7	ENSEEEP00000019933	ENSEEEG00000009739	RPS7
ENSDARP00000025191	ENSDARG00000007727	rgl2	ENSEEEP00000042432	ENSEEEG00000020033	RGL2
ENSDARP00000095888	ENSDARG00000071203	sptssa	ENSEEEP00000009262	ENSEEEG00000004752	SPTSSA
ENSDARP00000029816	ENSDARG00000027749	hirip3	ENSEEEP00000005423	ENSEEEG00000002844	HIRIP3
ENSDARP00000010986	ENSDARG00000012347	nacad	ENSEEEP00000040486	ENSEEEG00000019172	nacad
ENSDARP00000130914	ENSDARG00000098647	ankdd1a	ENSEEEP00000032288	ENSEEEG00000015397	ANKDD1A
ENSDARP00000098410	ENSDARG00000078853	arhgef19	ENSEEEP00000030134	ENSEEEG00000014447	ARHGEF19
ENSDARP00000143654	ENSDARG00000060917	anln	ENSEEEP00000030590	ENSEEEG00000014564	ANLN
ENSDARP00000006811	ENSDARG00000007663	amph	ENSEEEP00000048896	ENSEEEG00000022993	AMPH
ENSDARP00000142908	ENSDARG00000077584	cln6a	ENSEEEP00000038258	ENSEEEG00000018185	cln6a
ENSDARP00000066962	ENSDARG00000045543	atp6v1f	ENSEEEP00000019185	ENSEEEG00000009402	ATP6V1F
ENSDARP00000154037	ENSDARG00000101018	ptdss2	ENSEEEP00000000859	ENSEEEG00000000524	PTDSS2
ENSDARP00000094247	ENSDARG00000070475	khdrbs1b	ENSEEEP00000018236	ENSEEEG00000008958	khdrbs1b
ENSDARP00000118079	ENSDARG00000079751	megf8	ENSEEEP00000042884	ENSEEEG00000020231	megf8
ENSDARP00000152388	ENSDARG00000078481	ogfod3	ENSEEEP00000031520	ENSEEEG00000015078	uts2r2
ENSDARP00000102458	ENSDARG00000074565	pusl1	ENSEEEP00000014210	ENSEEEG00000007058	PUSL1
ENSDARP00000148027	ENSDARG00000077419	nectin4a	ENSEEEP00000035077	ENSEEEG00000016680	nectin4a
ENSDARP00000078089	ENSDARG00000052633	si:ch211-106n13.3	ENSEEEP00000053447	ENSEEEG00000001535	
ENSDARP00000078516	ENSDARG00000060002	ogg1	ENSEEEP00000000611	ENSEEEG00000000432	OGG1
ENSDARP00000050752	ENSDARG00000032639	cd36	ENSEEEP00000052289	ENSEEEG00000024515	CD36
ENSDARP00000046780	ENSDARG00000032997	rnf185	ENSEEEP00000016138	ENSEEEG00000007986	RNF185
ENSDARP00000122681	ENSDARG00000089441	si:ch211-105c13.3	ENSEEEP00000023161	ENSEEEG00000011231	si:ch211-105c13.3
ENSDARP00000127594	ENSDARG00000074323	drc8	ENSEEEP00000028188	ENSEEEG00000013566	EFCAB2
ENSDARP00000018319	ENSDARG00000002571	tmod2	ENSEEEP00000015169	ENSEEEG00000007563	TMOD2
ENSDARP00000105957	ENSDARG00000090851	ciita	ENSEEEP00000045253	ENSEEEG00000021358	CIITA
ENSDARP00000036649	ENSDARG00000026902	cryzl1	ENSEEEP00000050060	ENSEEEG00000023542	CRYZL1
ENSDARP00000072160	ENSDARG00000055357	leo1	ENSEEEP00000015399	ENSEEEG00000007570	LEO1
ENSDARP00000122327	ENSDARG00000079637	alpk2	ENSEEEP00000028855	ENSEEEG00000013857	
ENSDARP00000080969	ENSDARG00000061006	cyb5d2	ENSEEEP00000055408	ENSEEEG00000028182	CYB5D2
ENSDARP00000003126	ENSDARG00000002760	gdf5	ENSEEEP00000004708	ENSEEEG00000002459	GDF5
ENSDARP00000030077	ENSDARG00000027403	zgpat	ENSEEEP00000009044	ENSEEEG00000004658	ZGPAT
ENSDARP00000053508	ENSDARG00000036855	plagx	ENSEEEP00000009795	ENSEEEG00000004985	plagx
ENSDARP00000107580	ENSDARG00000043624	slc66a1	ENSEEEP00000047322	ENSEEEG00000022275	SLC66A1
ENSDARP00000040277	ENSDARG00000031372	efna2a	ENSEEEP00000015449	ENSEEEG00000007666	efna2a
ENSDARP00000153566	ENSDARG00000007751	lmnl3	ENSEEEP00000034670	ENSEEEG00000016491	lmnl3
ENSDARP00000005794	ENSDARG00000010432	eaf2	ENSEEEP00000037864	ENSEEEG00000018002	EAF2
ENSDARP00000002609	ENSDARG00000010381	rnf2	ENSEEEP00000041729	ENSEEEG00000019736	RNF2
ENSDARP00000064865	ENSDARG00000044183	prkab1a	ENSEEEP00000029107	ENSEEEG00000013965	prkab1a
ENSDARP00000117221	ENSDARG00000076473	trim37	ENSEEEP00000044948	ENSEEEG00000021211	TRIM37
ENSDARP00000107429	ENSDARG00000088911	cbln17	ENSEEEP00000058985	ENSEEEG00000027968	cbln17
ENSDARP00000088395	ENSDARG00000067777	hspb11	ENSEEEP00000033014	ENSEEEG00000015723	zgc:158640
ENSDARP00000091709	ENSDARG00000069388	tmem88b	ENSEEEP00000063021	ENSEEEG00000028167	tmem88b
ENSDARP00000025821	ENSDARG00000004306	klhl18	ENSEEEP00000033600	ENSEEEG00000015981	KLHL18
ENSDARP00000018179	ENSDARG00000008407	tspan7	ENSEEEP00000026434	ENSEEEG00000012789	tspan7b
ENSDARP00000098929	ENSDARG00000063354	abtb1	ENSEEEP00000001366	ENSEEEG00000000901	ABTB1
ENSDARP00000079302	ENSDARG00000060320	dcaf5	ENSEEEP00000013981	ENSEEEG00000006949	DCAF5
ENSDARP00000074004	ENSDARG00000056985	tpte	ENSEEEP00000036739	ENSEEEG00000017429	tpte
ENSDARP00000113097	ENSDARG00000036754	hmgn3	ENSEEEP00000000133	ENSEEEG00000000095	HMGN3
ENSDARP00000138597	ENSDARG00000104125	ttc6	ENSEEEP00000008276	ENSEEEG00000004324	ogt.1
ENSDARP00000138468	ENSDARG00000104922	sstr1a	ENSEEEP00000008278	ENSEEEG00000004331	sstr1a
ENSDARP00000129667	ENSDARG00000090753	heatr4	ENSEEEP00000035903	ENSEEEG00000017079	
ENSDARP00000121110	ENSDARG00000071671	nudt22	ENSEEEP00000030913	ENSEEEG00000014796	NUDT22
ENSDARP00000073887	ENSDARG00000057027	rtn2b	ENSEEEP00000005772	ENSEEEG00000003053	rtn2b
ENSDARP00000063628	ENSDARG00000103866	nitr3r.1l	ENSEEEP00000005520	ENSEEEG00000002897	
ENSDARP00000015167	ENSDARG00000002385	atm	ENSEEEP00000032310	ENSEEEG00000015390	ATM
ENSDARP00000112635	ENSDARG00000028163	prg4b	ENSEEEP00000025294	ENSEEEG00000012269	prg4b
ENSDARP00000081199	ENSDARG00000061095	stk36	ENSEEEP00000030391	ENSEEEG00000014559	STK36
ENSDARP00000092960	ENSDARG00000012763	arl13b	ENSEEEP00000027321	ENSEEEG00000013181	ARL13B
ENSDARP00000058384	ENSDARG00000039915	bola1	ENSEEEP00000033637	ENSEEEG00000016007	BOLA1
ENSDARP00000146476	ENSDARG00000042799	atpaf1	ENSEEEP00000035994	ENSEEEG00000017125	ATPAF1
ENSDARP00000103640	ENSDARG00000022807	pitpnc1b	ENSEEEP00000026527	ENSEEEG00000012829	pitpnc1b
ENSDARP00000127210	ENSDARG00000028475	lin9	ENSEEEP00000030015	ENSEEEG00000014389	LIN9
ENSDARP00000070020	ENSDARG00000053505	fbxo22	ENSEEEP00000035334	ENSEEEG00000016826	FBXO22
ENSDARP00000136961	ENSDARG00000104938	ftsj3	ENSEEEP00000025063	ENSEEEG00000012159	FTSJ3
ENSDARP00000142458	ENSDARG00000087277	selenoj	ENSEEEP00000033664	ENSEEEG00000016021	selenoj
ENSDARP00000021216	ENSDARG00000005828	faima	ENSEEEP00000047662	ENSEEEG00000022434	faima
ENSDARP00000052321	ENSDARG00000017474	zgc:110699	ENSEEEP00000019118	ENSEEEG00000009377	zgc:110699
ENSDARP00000001845	ENSDARG00000031885	psmb12	ENSEEEP00000047974	ENSEEEG00000022603	psmb12
ENSDARP00000119567	ENSDARG00000045017	pdrg1	ENSEEEP00000062962	ENSEEEG00000025577	pdrg1
ENSDARP00000118870	ENSDARG00000006546	ak4	ENSEEEP00000041547	ENSEEEG00000019653	ak4
ENSDARP00000132931	ENSDARG00000100719	uraha	ENSEEEP00000035008	ENSEEEG00000016649	uraha
ENSDARP00000121328	ENSDARG00000116713	nppcl2	ENSEEEP00000023124	ENSEEEG00000011215	
ENSDARP00000087416	ENSDARG00000063563	creb3l2	ENSEEEP00000043169	ENSEEEG00000020384	CREB3L2
ENSDARP00000115481	ENSDARG00000094253	b3galt9	ENSEEEP00000025482	ENSEEEG00000012368	B3GALT9
ENSDARP00000054847	ENSDARG00000037654	pmm2	ENSEEEP00000025557	ENSEEEG00000012394	PMM2
ENSDARP00000121952	ENSDARG00000068199	pld3	ENSEEEP00000026951	ENSEEEG00000012903	PLD3
ENSDARP00000002156	ENSDARG00000016396	fam219aa	ENSEEEP00000031557	ENSEEEG00000015077	fam219aa
ENSDARP00000102393	ENSDARG00000079382	hdx	ENSEEEP00000003321	ENSEEEG00000001874	HDX
ENSDARP00000115348	ENSDARG00000062052	casp2	ENSEEEP00000041606	ENSEEEG00000019681	CASP2
ENSDARP00000056986	ENSDARG00000039034	marcksl1a	ENSEEEP00000058372	ENSEEEG00000025372	marcksl1a
ENSDARP00000037007	ENSDARG00000011042	pgbd5	ENSEEEP00000007460	ENSEEEG00000003912	PGBD5
ENSDARP00000117456	ENSDARG00000012610	saga	ENSEEEP00000058603	ENSEEEG00000011221	saga
ENSDARP00000141281	ENSDARG00000104103	rps6kc1	ENSEEEP00000053549	ENSEEEG00000004391	RPS6KC1
ENSDARP00000129270	ENSDARG00000075008	pask	ENSEEEP00000063893	ENSEEEG00000026225	PLEKHM1
ENSDARP00000005837	ENSDARG00000006413	rpl38	ENSEEEP00000024900	ENSEEEG00000012077	RPL38
ENSDARP00000002223	ENSDARG00000018002	eci1	ENSEEEP00000043556	ENSEEEG00000020586	ECI1
ENSDARP00000053875	ENSDARG00000037067	dnajc22	ENSEEEP00000018991	ENSEEEG00000009307	DNAJC22
ENSDARP00000113296	ENSDARG00000007795	cst3	ENSEEEP00000001850	ENSEEEG00000001170	CST3
ENSDARP00000079274	ENSDARG00000077573	tmprss13b	ENSEEEP00000037381	ENSEEEG00000017771	tmprss13b
ENSDARP00000134801	ENSDARG00000102765	lonp1	ENSEEEP00000055630	ENSEEEG00000012149	LONP1
ENSDARP00000082510	ENSDARG00000074226	zgc:158398	ENSEEEP00000040941	ENSEEEG00000019389	zgc:158398
ENSDARP00000093632	ENSDARG00000078473	nucks1a	ENSEEEP00000055230	ENSEEEG00000011185	nucks1a
ENSDARP00000126822	ENSDARG00000086184	fbxo48	ENSEEEP00000061758	ENSEEEG00000025800	FBXO48
ENSDARP00000058288	ENSDARG00000039850	dusp22b	ENSEEEP00000051487	ENSEEEG00000024173	dusp22b
ENSDARP00000022916	ENSDARG00000010831	churc1	ENSEEEP00000061650	ENSEEEG00000026943	CHURC1
ENSDARP00000113369	ENSDARG00000054799	rfc1	ENSEEEP00000013643	ENSEEEG00000006584	RFC1
ENSDARP00000124010	ENSDARG00000027222	adgrg1	ENSEEEP00000031176	ENSEEEG00000014934	ADGRG1
ENSDARP00000103275	ENSDARG00000077248	zgc:171459	ENSEEEP00000045900	ENSEEEG00000021636	zgc:171459
ENSDARP00000068400	ENSDARG00000052118	adamtsl5	ENSEEEP00000040690	ENSEEEG00000019282	ENPP2
ENSDARP00000117536	ENSDARG00000004866	mindy1	ENSEEEP00000050844	ENSEEEG00000023882	MINDY1
ENSDARP00000132754	ENSDARG00000101569	ppargc1b	ENSEEEP00000029688	ENSEEEG00000014222	PPARGC1B
ENSDARP00000125737	ENSDARG00000027599	fam221a	ENSEEEP00000016916	ENSEEEG00000008384	FAM221A
ENSDARP00000126919	ENSDARG00000095102	si:ch211-132g1.4	ENSEEEP00000024402	ENSEEEG00000011833	
ENSDARP00000134485	ENSDARG00000012388	cox4i1l	ENSEEEP00000014811	ENSEEEG00000007374	cox4i1l
ENSDARP00000101059	ENSDARG00000074507	rmdn1	ENSEEEP00000012285	ENSEEEG00000006182	RMDN1
ENSDARP00000033139	ENSDARG00000024295	slc11a2	ENSEEEP00000032361	ENSEEEG00000014636	SLC11A2
ENSDARP00000119866	ENSDARG00000092517	gpsm1a	ENSEEEP00000051411	ENSEEEG00000024124	gpsm1a
ENSDARP00000018746	ENSDARG00000007125	asb6	ENSEEEP00000023716	ENSEEEG00000011490	ASB6
ENSDARP00000141707	ENSDARG00000103692	p4ha3	ENSEEEP00000007066	ENSEEEG00000003723	P4HA3
ENSDARP00000109185	ENSDARG00000088091	pfn1	ENSEEEP00000022367	ENSEEEG00000010862	PFN1
ENSDARP00000114759	ENSDARG00000055570	gpr61	ENSEEEP00000029152	ENSEEEG00000013984	GPR61
ENSDARP00000128295	ENSDARG00000074667	akt1s1	ENSEEEP00000055453	ENSEEEG00000029148	AKT1S1
ENSDARP00000154756	ENSDARG00000004472	atat1	ENSEEEP00000039068	ENSEEEG00000018546	ATAT1
ENSDARP00000127965	ENSDARG00000096867	clmna	ENSEEEP00000033003	ENSEEEG00000015713	CLMN
ENSDARP00000083233	ENSDARG00000061889	ppcs	ENSEEEP00000054939	ENSEEEG00000027989	PPCS
ENSDARP00000093160	ENSDARG00000070012	sesn2	ENSEEEP00000038229	ENSEEEG00000018177	SESN2
ENSDARP00000117990	ENSDARG00000054696	psmb4	ENSEEEP00000029274	ENSEEEG00000014026	PSMB4
ENSDARP00000117738	ENSDARG00000031533	ap5m1	ENSEEEP00000035612	ENSEEEG00000016961	AP5M1
ENSDARP00000111103	ENSDARG00000091085	lepa	ENSEEEP00000021146	ENSEEEG00000010309	lepa
ENSDARP00000030536	ENSDARG00000011926	tpgs2	ENSEEEP00000031508	ENSEEEG00000015070	TPGS2
ENSDARP00000036300	ENSDARG00000022952	zgc:66448	ENSEEEP00000061350	ENSEEEG00000028871	
ENSDARP00000130315	ENSDARG00000102820	cib2	ENSEEEP00000002473	ENSEEEG00000001447	CIB2
ENSDARP00000010253	ENSDARG00000009871	snrpc	ENSEEEP00000014433	ENSEEEG00000007187	SNRPC
ENSDARP00000072127	ENSDARG00000042993	prss1	ENSEEEP00000036520	ENSEEEG00000017037	prss1
ENSDARP00000098692	ENSDARG00000025500	mtx1a	ENSEEEP00000032204	ENSEEEG00000015362	mtx1a
ENSDARP00000145592	ENSDARG00000059461	mepcea	ENSEEEP00000027667	ENSEEEG00000013330	MEPCE
ENSDARP00000033053	ENSDARG00000024894	tbx5a	ENSEEEP00000010672	ENSEEEG00000005398	tbx5a
ENSDARP00000031665	ENSDARG00000027249	btg1	ENSEEEP00000057977	ENSEEEG00000029036	BTG1
ENSDARP00000147375	ENSDARG00000062933	cmip	ENSEEEP00000021585	ENSEEEG00000010510	CMIP
ENSDARP00000117100	ENSDARG00000075314	zgc:174906	ENSEEEP00000043198	ENSEEEG00000020400	zgc:174906
ENSDARP00000114752	ENSDARG00000093366	acer3	ENSEEEP00000021780	ENSEEEG00000010594	ACER3
ENSDARP00000097404	ENSDARG00000037503	thoc2	ENSEEEP00000061173	ENSEEEG00000005252	THOC2
ENSDARP00000100602	ENSDARG00000078647	samsn1b	ENSEEEP00000019238	ENSEEEG00000009430	samsn1b
ENSDARP00000129696	ENSDARG00000044341	chst7	ENSEEEP00000036644	ENSEEEG00000017399	CHST7
ENSDARP00000096950	ENSDARG00000074849	rac1a	ENSEEEP00000032046	ENSEEEG00000015268	RAC1
ENSDARP00000094826	ENSDARG00000070686	cdipt	ENSEEEP00000003764	ENSEEEG00000002032	CDIPT
ENSDARP00000007438	ENSDARG00000009113	pigc	ENSEEEP00000024545	ENSEEEG00000011904	PIGC
ENSDARP00000038002	ENSDARG00000001882	kbtbd12	ENSEEEP00000019767	ENSEEEG00000009673	KBTBD12
ENSDARP00000061069	ENSDARG00000041665	mkrn1	ENSEEEP00000062148	ENSEEEG00000017755	MKRN1
ENSDARP00000042874	ENSDARG00000031278	si:ch73-193i2.2	ENSEEEP00000061509	ENSEEEG00000025340	si:ch73-193i2.2
ENSDARP00000124376	ENSDARG00000028688	exosc2	ENSEEEP00000010714	ENSEEEG00000005420	EXOSC2
ENSDARP00000122994	ENSDARG00000035859	angptl4	ENSEEEP00000036906	ENSEEEG00000017528	ANGPTL4
ENSDARP00000132724	ENSDARG00000057439	phf1	ENSEEEP00000042437	ENSEEEG00000020035	PHF1
ENSDARP00000075309	ENSDARG00000058062	magt1	ENSEEEP00000012279	ENSEEEG00000006166	MAGT1
ENSDARP00000067034	ENSDARG00000045594	shisal1a	ENSEEEP00000002601	ENSEEEG00000001500	shisal1a
ENSDARP00000062575	ENSDARG00000042659	thyn1	ENSEEEP00000023697	ENSEEEG00000011478	THYN1
ENSDARP00000126132	ENSDARG00000070228	cdk6	ENSEEEP00000043693	ENSEEEG00000020659	CDK6
ENSDARP00000108890	ENSDARG00000088546	myct1b	ENSEEEP00000053556	ENSEEEG00000027841	myct1b
ENSDARP00000064079	ENSDARG00000043640	cenpn	ENSEEEP00000036097	ENSEEEG00000017169	CENPN
ENSDARP00000129491	ENSDARG00000055172	si:ch211-256m1.8	ENSEEEP00000049527	ENSEEEG00000023288	
ENSDARP00000075634	ENSDARG00000058346	sass6	ENSEEEP00000024563	ENSEEEG00000011815	SASS6
ENSDARP00000056789	ENSDARG00000038901	tmem256	ENSEEEP00000002409	ENSEEEG00000001410	tmem256
ENSDARP00000120844	ENSDARG00000000423	si:ch73-314g15.3	ENSEEEP00000006259	ENSEEEG00000003335	si:ch73-314g15.3
ENSDARP00000045532	ENSDARG00000030981	tmem127	ENSEEEP00000020825	ENSEEEG00000010153	TMEM127
ENSDARP00000080636	ENSDARG00000029482	ush2a	ENSEEEP00000044043	ENSEEEG00000020807	USH2A
ENSDARP00000020932	ENSDARG00000015907	dcbld1	ENSEEEP00000015040	ENSEEEG00000007482	DCBLD1
ENSDARP00000011307	ENSDARG00000006003	mycla	ENSEEEP00000009530	ENSEEEG00000004876	mycla
ENSDARP00000067160	ENSDARG00000045680	tnpo3	ENSEEEP00000019156	ENSEEEG00000009397	TNPO3
ENSDARP00000115099	ENSDARG00000059763	gabrd	ENSEEEP00000002913	ENSEEEG00000001664	GABRD
ENSDARP00000078963	ENSDARG00000060197	atp2c1	ENSEEEP00000023293	ENSEEEG00000010065	ATP2C1
ENSDARP00000105811	ENSDARG00000077811	sox11a	ENSEEEP00000037016	ENSEEEG00000017575	sox11a
ENSDARP00000015008	ENSDARG00000017844	copz1	ENSEEEP00000043176	ENSEEEG00000020386	COPZ1
ENSDARP00000050406	ENSDARG00000056954	si:dkeyp-38g8.5	ENSEEEP00000029272	ENSEEEG00000014029	si:dkeyp-38g8.5
ENSDARP00000126429	ENSDARG00000062934	gpr12	ENSEEEP00000047218	ENSEEEG00000022231	GPR12
ENSDARP00000107198	ENSDARG00000051754	rpgrip1l	ENSEEEP00000008467	ENSEEEG00000004415	RPGRIP1L
ENSDARP00000085117	ENSDARG00000062579	kremen1	ENSEEEP00000046383	ENSEEEG00000021837	KREMEN1
ENSDARP00000081911	ENSDARG00000061378	smg8	ENSEEEP00000036942	ENSEEEG00000017544	smg8
ENSDARP00000132016	ENSDARG00000099654	marveld3	ENSEEEP00000042081	ENSEEEG00000019877	marveld3
ENSDARP00000113041	ENSDARG00000095347	si:dkeyp-72h1.1	ENSEEEP00000019296	ENSEEEG00000009450	si:dkeyp-72h1.1
ENSDARP00000156234	ENSDARG00000099522	si:ch73-252p3.1	ENSEEEP00000053808	ENSEEEG00000005073	
ENSDARP00000092035	ENSDARG00000044276	spp1	ENSEEEP00000039438	ENSEEEG00000018730	IRX2
ENSDARP00000136149	ENSDARG00000103435	sorbs1	ENSEEEP00000008258	ENSEEEG00000004319	SORBS1
ENSDARP00000126082	ENSDARG00000091962	rundc1	ENSEEEP00000012308	ENSEEEG00000006190	RUNDC1
ENSDARP00000094181	ENSDARG00000070453	gch1	ENSEEEP00000026111	ENSEEEG00000012647	GCH1
ENSDARP00000096709	ENSDARG00000075718	rpz5	ENSEEEP00000052879	ENSEEEG00000028498	rpz5
ENSDARP00000039266	ENSDARG00000026444	apoob	ENSEEEP00000028511	ENSEEEG00000013698	APOO
ENSDARP00000128677	ENSDARG00000074137	c2cd3	ENSEEEP00000007078	ENSEEEG00000003738	C2CD3
ENSDARP00000140260	ENSDARG00000098080	gnl2	ENSEEEP00000014782	ENSEEEG00000006870	GNL2
ENSDARP00000034175	ENSDARG00000023950	znhit3	ENSEEEP00000050519	ENSEEEG00000023757	ZNHIT3
ENSDARP00000091436	ENSDARG00000069269	wdr35	ENSEEEP00000049262	ENSEEEG00000023148	WDR35
ENSDARP00000111869	ENSDARG00000035309	entpd3	ENSEEEP00000024251	ENSEEEG00000011744	entpd3
ENSDARP00000117813	ENSDARG00000077151	cbln2b	ENSEEEP00000020295	ENSEEEG00000009907	cbln2b
ENSDARP00000139194	ENSDARG00000103533	clec14a	ENSEEEP00000008279	ENSEEEG00000004332	CLEC14A
ENSDARP00000090173	ENSDARG00000068661	or80a13	ENSEEEP00000002911	ENSEEEG00000025658	
ENSDARP00000118501	ENSDARG00000001975	hsd11b2	ENSEEEP00000045517	ENSEEEG00000021476	HSD11B2
ENSDARP00000112925	ENSDARG00000041947	styk1b	ENSEEEP00000051084	ENSEEEG00000023989	styk1b
ENSDARP00000087357	ENSDARG00000094258	commd9	ENSEEEP00000001410	ENSEEEG00000000926	COMMD9
ENSDARP00000137002	ENSDARG00000101291	txndc11	ENSEEEP00000063851	ENSEEEG00000016568	TXNDC11
ENSDARP00000033868	ENSDARG00000027046	scyl3	ENSEEEP00000059126	ENSEEEG00000012267	SCYL3
ENSDARP00000037207	ENSDARG00000028559	marchf5l	ENSEEEP00000044837	ENSEEEG00000021161	march5l
ENSDARP00000122898	ENSDARG00000057248	sclt1	ENSEEEP00000043905	ENSEEEG00000020747	
ENSDARP00000036626	ENSDARG00000045391	cd226	ENSEEEP00000020357	ENSEEEG00000009930	CD226
ENSDARP00000119493	ENSDARG00000095623	dpm2	ENSEEEP00000004842	ENSEEEG00000002527	DPM2
ENSDARP00000112564	ENSDARG00000077721	knop1	ENSEEEP00000012695	ENSEEEG00000006376	
ENSDARP00000070891	ENSDARG00000054271	cdkn1bb	ENSEEEP00000062461	ENSEEEG00000025958	cdkn1bb
ENSDARP00000151097	ENSDARG00000104149	rraga	ENSEEEP00000047941	ENSEEEG00000022579	RRAGA
ENSDARP00000128045	ENSDARG00000055288	prelid3a	ENSEEEP00000034201	ENSEEEG00000016290	PRELID3A
ENSDARP00000095989	ENSDARG00000029874	khk	ENSEEEP00000027809	ENSEEEG00000013382	KHK
ENSDARP00000135497	ENSDARG00000104297	cartl	ENSEEEP00000037275	ENSEEEG00000017715	cartl
ENSDARP00000141473	ENSDARG00000053019	rnft2	ENSEEEP00000019637	ENSEEEG00000009614	RNFT2
ENSDARP00000050911	ENSDARG00000035149	pex12	ENSEEEP00000008727	ENSEEEG00000004526	PEX12
ENSDARP00000121132	ENSDARG00000005176	zgc:101040	ENSEEEP00000057666	ENSEEEG00000027151	
ENSDARP00000087790	ENSDARG00000077830	borcs5	ENSEEEP00000016055	ENSEEEG00000007953	BORCS5
ENSDARP00000032739	ENSDARG00000023584	cdc7	ENSEEEP00000023593	ENSEEEG00000011427	CDC7
ENSDARP00000008364	ENSDARG00000019529	parp1	ENSEEEP00000030075	ENSEEEG00000014396	PARP1
ENSDARP00000058937	ENSDARG00000040277	fbxo32	ENSEEEP00000034246	ENSEEEG00000016293	FBXO32
ENSDARP00000127679	ENSDARG00000056057	grem2a	ENSEEEP00000039802	ENSEEEG00000018874	grem2a
ENSDARP00000064994	ENSDARG00000044267	sumo1	ENSEEEP00000022676	ENSEEEG00000011009	SUMO1
ENSDARP00000112838	ENSDARG00000092903	zgc:153317	ENSEEEP00000048999	ENSEEEG00000023027	C15orf48
ENSDARP00000107238	ENSDARG00000059097	nktr	ENSEEEP00000041259	ENSEEEG00000019513	NKTR
ENSDARP00000007964	ENSDARG00000015559	fstl1a	ENSEEEP00000050076	ENSEEEG00000023550	fstl1a
ENSDARP00000111036	ENSDARG00000091683	cnrip1a	ENSEEEP00000035321	ENSEEEG00000016817	cnrip1a
ENSDARP00000074674	ENSDARG00000057529	itpa	ENSEEEP00000056819	ENSEEEG00000011892	ITPA
ENSDARP00000056845	ENSDARG00000038941	ppp1r1c	ENSEEEP00000012059	ENSEEEG00000006087	PPP1R1C
ENSDARP00000142845	ENSDARG00000013526	svep1	ENSEEEP00000012108	ENSEEEG00000006104	SVEP1
ENSDARP00000110597	ENSDARG00000046081	bloc1s2	ENSEEEP00000049337	ENSEEEG00000023188	BLOC1S2
ENSDARP00000119955	ENSDARG00000075143	nanp	ENSEEEP00000009115	ENSEEEG00000004697	NANP
ENSDARP00000075078	ENSDARG00000070705	zgc:64022	ENSEEEP00000055898	ENSEEEG00000028485	zgc:64022
ENSDARP00000111198	ENSDARG00000091768	dclre1a	ENSEEEP00000012300	ENSEEEG00000006186	DCLRE1A
ENSDARP00000129079	ENSDARG00000059695	dusp28	ENSEEEP00000062912	ENSEEEG00000027953	dusp28
ENSDARP00000011778	ENSDARG00000009640	psmb1	ENSEEEP00000018297	ENSEEEG00000008988	psmb1
ENSDARP00000129833	ENSDARG00000042835	tfdp2	ENSEEEP00000049958	ENSEEEG00000023485	TFDP2
ENSDARP00000003103	ENSDARG00000003965	tlx1	ENSEEEP00000001010	ENSEEEG00000000686	TLX1
ENSDARP00000127337	ENSDARG00000079457	faap100	ENSEEEP00000017433	ENSEEEG00000008625	FAAP100
ENSDARP00000141596	ENSDARG00000103555	si:ch211-8c17.4	ENSEEEP00000055434	ENSEEEG00000024997	
ENSDARP00000130985	ENSDARG00000103929	ildr1a	ENSEEEP00000024595	ENSEEEG00000011924	ildr1a
ENSDARP00000004582	ENSDARG00000009488	gipc2	ENSEEEP00000023792	ENSEEEG00000011540	GIPC2
ENSDARP00000101688	ENSDARG00000073845	zgc:110843	ENSEEEP00000029837	ENSEEEG00000014298	zgc:110843
ENSDARP00000122067	ENSDARG00000055569	ghdc	ENSEEEP00000037572	ENSEEEG00000017867	GHDC
ENSDARP00000045751	ENSDARG00000032298	tbc1d20	ENSEEEP00000015771	ENSEEEG00000007805	TBC1D20
ENSDARP00000117977	ENSDARG00000056920	tmem88a	ENSEEEP00000016926	ENSEEEG00000008392	tmem88a
ENSDARP00000060728	ENSDARG00000041428	yrdc	ENSEEEP00000051156	ENSEEEG00000024017	YRDC
ENSDARP00000074257	ENSDARG00000031302	smap1	ENSEEEP00000000995	ENSEEEG00000000678	SMAP1
ENSDARP00000072363	ENSDARG00000055536	otub1a	ENSEEEP00000045300	ENSEEEG00000021380	otub1a
ENSDARP00000142894	ENSDARG00000105617	si:ch73-335l21.2	ENSEEEP00000004649	ENSEEEG00000002425	si:ch73-335l21.2
ENSDARP00000135176	ENSDARG00000100504	ppp1r27b	ENSEEEP00000012012	ENSEEEG00000006057	ppp1r27b
ENSDARP00000033675	ENSDARG00000021521	rgs14a	ENSEEEP00000026703	ENSEEEG00000012893	rgs14a
ENSDARP00000136117	ENSDARG00000093064	smim18	ENSEEEP00000017630	ENSEEEG00000008705	SMIM18
ENSDARP00000080281	ENSDARG00000006350	nkx1.2la	ENSEEEP00000006344	ENSEEEG00000003375	nkx1.2la
ENSDARP00000067377	ENSDARG00000045847	si:ch211-214j24.10	ENSEEEP00000002660	ENSEEEG00000001536	si:ch211-214j24.10
ENSDARP00000073586	ENSDARG00000038985	cdyl	ENSEEEP00000016003	ENSEEEG00000007922	cdyl
ENSDARP00000066676	ENSDARG00000045342	si:ch211-140b10.6	ENSEEEP00000055537	ENSEEEG00000026989	si:ch211-140b10.6
ENSDARP00000129777	ENSDARG00000006385	triobpb	ENSEEEP00000005851	ENSEEEG00000003109	triobpb
ENSDARP00000073854	ENSDARG00000056831	gng2	ENSEEEP00000062000	ENSEEEG00000026325	GNG2
ENSDARP00000005947	ENSDARG00000021370	actr6	ENSEEEP00000045872	ENSEEEG00000021556	ACTR6
ENSDARP00000065044	ENSDARG00000044304	prrc1	ENSEEEP00000033026	ENSEEEG00000015726	PRRC1
ENSDARP00000120882	ENSDARG00000070479	tspan13b	ENSEEEP00000037637	ENSEEEG00000017907	tspan13b
ENSDARP00000060048	ENSDARG00000040984	hspa13	ENSEEEP00000034786	ENSEEEG00000016541	HSPA13
ENSDARP00000093286	ENSDARG00000029615	zgc:77056	ENSEEEP00000052460	ENSEEEG00000024572	zgc:77056
ENSDARP00000016537	ENSDARG00000019342	chrnd	ENSEEEP00000047122	ENSEEEG00000022123	CHRND
ENSDARP00000008366	ENSDARG00000008953	pofut1	ENSEEEP00000023733	ENSEEEG00000011494	POFUT1
ENSDARP00000114888	ENSDARG00000074611	wdr37	ENSEEEP00000054311	ENSEEEG00000018466	WDR37
ENSDARP00000024304	ENSDARG00000016837	glipr2l	ENSEEEP00000040476	ENSEEEG00000019171	glipr2l
ENSDARP00000074864	ENSDARG00000057687	sbk3	ENSEEEP00000026308	ENSEEEG00000012733	sbk3
ENSDARP00000040064	ENSDARG00000029911	casc3	ENSEEEP00000007669	ENSEEEG00000004011	CASC3
ENSDARP00000034317	ENSDARG00000024141	cav3	ENSEEEP00000061098	ENSEEEG00000027286	CAV3
ENSDARP00000005231	ENSDARG00000020544	rem1	ENSEEEP00000016166	ENSEEEG00000008008	REM1
ENSDARP00000109370	ENSDARG00000035966	pgr	ENSEEEP00000048411	ENSEEEG00000022786	PGR
ENSDARP00000143150	ENSDARG00000099958		ENSEEEP00000004595	ENSEEEG00000002396	si:dkeyp-3f10.16
ENSDARP00000011293	ENSDARG00000015734	aicda	ENSEEEP00000026277	ENSEEEG00000012708	AICDA
ENSDARP00000120551	ENSDARG00000094037	si:dkey-76p14.2	ENSEEEP00000016165	ENSEEEG00000008007	c20h20orf96
ENSDARP00000050825	ENSDARG00000029307	rmc1	ENSEEEP00000034309	ENSEEEG00000016200	RMC1
ENSDARP00000034808	ENSDARG00000027813	nus1	ENSEEEP00000015025	ENSEEEG00000007478	NUS1
ENSDARP00000076084	ENSDARG00000058729	akirin2	ENSEEEP00000062690	ENSEEEG00000009498	AKIRIN2
ENSDARP00000129464	ENSDARG00000073962	ccdc32	ENSEEEP00000035776	ENSEEEG00000017027	CCDC32
ENSDARP00000086731	ENSDARG00000073784	fez2a	ENSEEEP00000052515	ENSEEEG00000024598	si:ch211-57i17.1
ENSDARP00000133169	ENSDARG00000004447	aplnr2	ENSEEEP00000028247	ENSEEEG00000013581	aplnr2
ENSDARP00000044124	ENSDARG00000030038	grcc10	ENSEEEP00000016179	ENSEEEG00000008015	C12orf57
ENSDARP00000113259	ENSDARG00000055190	slc17a5	ENSEEEP00000039233	ENSEEEG00000018633	SLC17A5
ENSDARP00000007430	ENSDARG00000011298	atf7a	ENSEEEP00000018186	ENSEEEG00000008940	atf7a
ENSDARP00000019097	ENSDARG00000014963	triap1	ENSEEEP00000025219	ENSEEEG00000012234	TRIAP1
ENSDARP00000137822	ENSDARG00000103578	gtf2b	ENSEEEP00000045046	ENSEEEG00000021249	GTF2B
ENSDARP00000047007	ENSDARG00000055759	efhd2	ENSEEEP00000055560	ENSEEEG00000026372	EFHD2
ENSDARP00000139422	ENSDARG00000104042	b4galt4	ENSEEEP00000032693	ENSEEEG00000015583	B4GALT4
ENSDARP00000045244	ENSDARG00000030716	ing4	ENSEEEP00000015794	ENSEEEG00000007813	ING4
ENSDARP00000039143	ENSDARG00000023290	fabp3	ENSEEEP00000015680	ENSEEEG00000007764	FABP3
ENSDARP00000066622	ENSDARG00000045301	st8sia3	ENSEEEP00000034130	ENSEEEG00000016250	ST8SIA3
ENSDARP00000101586	ENSDARG00000077639	intu	ENSEEEP00000034791	ENSEEEG00000016545	INTU
ENSDARP00000123802	ENSDARG00000077696	mindy4	ENSEEEP00000040524	ENSEEEG00000019196	si:dkey-30h22.11
ENSDARP00000098103	ENSDARG00000076058	gba1	ENSEEEP00000026837	ENSEEEG00000012886	GBA
ENSDARP00000016602	ENSDARG00000019732	mtch2	ENSEEEP00000028228	ENSEEEG00000013578	MTCH2
ENSDARP00000006445	ENSDARG00000010965	psma8	ENSEEEP00000019158	ENSEEEG00000009391	PSMA8
ENSDARP00000051473	ENSDARG00000035508	barhl1a	ENSEEEP00000051302	ENSEEEG00000024072	barhl1a
ENSDARP00000063417	ENSDARG00000043209	nsun5	ENSEEEP00000013342	ENSEEEG00000006685	NSUN5
ENSDARP00000075680	ENSDARG00000076972	plvapa	ENSEEEP00000038733	ENSEEEG00000018381	plvapa
ENSDARP00000120440	ENSDARG00000037266	myoz2b	ENSEEEP00000009100	ENSEEEG00000004687	myoz2b
ENSDARP00000133102	ENSDARG00000102501	hoxa5a	ENSEEEP00000002611	ENSEEEG00000001507	hoxa5a
ENSDARP00000122014	ENSDARG00000025757	tspan34b	ENSEEEP00000038989	ENSEEEG00000018500	tspan35
ENSDARP00000126028	ENSDARG00000011146	uqcrb	ENSEEEP00000054634	ENSEEEG00000008932	UQCRB
ENSDARP00000150259	ENSDARG00000069808	ostm1	ENSEEEP00000056374	ENSEEEG00000029151	OSTM1
ENSDARP00000085532	ENSDARG00000062749	ino80b	ENSEEEP00000034788	ENSEEEG00000016542	ino80b
ENSDARP00000153573	ENSDARG00000095283	si:dkeyp-2e4.3	ENSEEEP00000025188	ENSEEEG00000012213	
ENSDARP00000067632	ENSDARG00000046002	necap2	ENSEEEP00000047097	ENSEEEG00000022171	NECAP2
ENSDARP00000113558	ENSDARG00000095654	tns3.2	ENSEEEP00000001172	ENSEEEG00000000788	
ENSDARP00000130249	ENSDARG00000101445	klhl7	ENSEEEP00000025205	ENSEEEG00000012222	KLHL7
ENSDARP00000043172	ENSDARG00000029533	rpl18	ENSEEEP00000044946	ENSEEEG00000021210	rpl18
ENSDARP00000113430	ENSDARG00000095068	si:dkey-10h3.3	ENSEEEP00000058703	ENSEEEG00000024820	
ENSDARP00000113203	ENSDARG00000074034	arhgef49	ENSEEEP00000056204	ENSEEEG00000024871	
ENSDARP00000104679	ENSDARG00000015662	pla2g12b	ENSEEEP00000021257	ENSEEEG00000010360	PLA2G12B
ENSDARP00000115839	ENSDARG00000094336	si:dkeyp-82a1.6	ENSEEEP00000013326	ENSEEEG00000006676	si:dkeyp-82a1.6
ENSDARP00000134711	ENSDARG00000099738	ccr9b	ENSEEEP00000016283	ENSEEEG00000008055	ccr9b
ENSDARP00000003281	ENSDARG00000013144	atp1b1a	ENSEEEP00000057988	ENSEEEG00000026828	atp1b1a
ENSDARP00000152359	ENSDARG00000075172	fbxo25	ENSEEEP00000064172	ENSEEEG00000006097	FBXO25
ENSDARP00000110301	ENSDARG00000089207	ankrd27	ENSEEEP00000039715	ENSEEEG00000018831	ANKRD27
ENSDARP00000115728	ENSDARG00000012030	dnaaf1	ENSEEEP00000035054	ENSEEEG00000016668	DNAAF1
ENSDARP00000141813	ENSDARG00000098671	prelid1a	ENSEEEP00000019339	ENSEEEG00000009476	prelid1a
ENSDARP00000012359	ENSDARG00000004785	cops2	ENSEEEP00000034152	ENSEEEG00000016244	COPS2
ENSDARP00000141399	ENSDARG00000102878	mapre3b	ENSEEEP00000043796	ENSEEEG00000020695	mapre3b
ENSDARP00000105303	ENSDARG00000079143	si:ch73-278m9.1	ENSEEEP00000020204	ENSEEEG00000009865	si:ch73-278m9.1
ENSDARP00000002107	ENSDARG00000041689	usf1	ENSEEEP00000019514	ENSEEEG00000009548	USF1
ENSDARP00000134978	ENSDARG00000024687	polr3g	ENSEEEP00000046610	ENSEEEG00000021943	polr3g
ENSDARP00000128387	ENSDARG00000011466	afg1la	ENSEEEP00000035513	ENSEEEG00000016903	afg1la
ENSDARP00000119404	ENSDARG00000039008	zgc:85858	ENSEEEP00000052926	ENSEEEG00000028273	zgc:85858
ENSDARP00000131396	ENSDARG00000101703	zgc:158260	ENSEEEP00000047621	ENSEEEG00000022414	zgc:158260
ENSDARP00000106259	ENSDARG00000018460	mbnl2	ENSEEEP00000037089	ENSEEEG00000017616	MBNL2
ENSDARP00000003709	ENSDARG00000007409	ppifa	ENSEEEP00000000182	ENSEEEG00000000137	ppifa
ENSDARP00000116662	ENSDARG00000060113	znf395a	ENSEEEP00000011888	ENSEEEG00000005988	znf395a
ENSDARP00000126807	ENSDARG00000063268	slc35g1	ENSEEEP00000055186	ENSEEEG00000018253	slc35g1
ENSDARP00000135480	ENSDARG00000102995	rbm24a	ENSEEEP00000058071	ENSEEEG00000025973	rbm24a
ENSDARP00000104127	ENSDARG00000077021	calhm1a	ENSEEEP00000050388	ENSEEEG00000023692	CALHM1
ENSDARP00000025611	ENSDARG00000016081	cldn15la	ENSEEEP00000023153	ENSEEEG00000011223	cldn15la
ENSDARP00000065983	ENSDARG00000044894	zgc:113307	ENSEEEP00000037773	ENSEEEG00000017957	zgc:113307
ENSDARP00000127593	ENSDARG00000075725	cep152	ENSEEEP00000034159	ENSEEEG00000016265	CEP152
ENSDARP00000137169	ENSDARG00000101362	mibp	ENSEEEP00000021253	ENSEEEG00000010357	mibp
ENSDARP00000103276	ENSDARG00000074728	slc67a2	ENSEEEP00000005085	ENSEEEG00000002653	MFSD9
ENSDARP00000057809	ENSDARG00000039569	emx1	ENSEEEP00000000115	ENSEEEG00000000081	EMX1
ENSDARP00000068895	ENSDARG00000052535	ubxn10	ENSEEEP00000003282	ENSEEEG00000001848	UBXN10
ENSDARP00000131406	ENSDARG00000104251	prdm10	ENSEEEP00000040337	ENSEEEG00000018841	PRDM10
ENSDARP00000135590	ENSDARG00000098114	ctsa	ENSEEEP00000015626	ENSEEEG00000007635	CTSA
ENSDARP00000118498	ENSDARG00000000175	hoxb2a	ENSEEEP00000007585	ENSEEEG00000003959	hoxb2a
ENSDARP00000079496	ENSDARG00000060398	rft1	ENSEEEP00000018065	ENSEEEG00000008895	rft1
ENSDARP00000126523	ENSDARG00000045957	gpr65	ENSEEEP00000019418	ENSEEEG00000009514	GPR65
ENSDARP00000037018	ENSDARG00000028386	htatip2	ENSEEEP00000051557	ENSEEEG00000024208	HTATIP2
ENSDARP00000123352	ENSDARG00000008807	bokb	ENSEEEP00000044330	ENSEEEG00000020933	tlcd5a
ENSDARP00000093624	ENSDARG00000077092	elk4	ENSEEEP00000023064	ENSEEEG00000011193	ELK4
ENSDARP00000069184	ENSDARG00000052775	opn3	ENSEEEP00000009023	ENSEEEG00000004651	opn3
ENSDARP00000089585	ENSDARG00000044815	serinc4	ENSEEEP00000061313	ENSEEEG00000019279	SERINC4
ENSDARP00000072915	ENSDARG00000056030	hoxb7a	ENSEEEP00000007606	ENSEEEG00000003976	hoxb7a
ENSDARP00000121091	ENSDARG00000026180	prpf8	ENSEEEP00000056013	ENSEEEG00000009396	PRPF8
ENSDARP00000126878	ENSDARG00000016343	mettl21e	ENSEEEP00000027212	ENSEEEG00000013130	zgc:92518
ENSDARP00000139851	ENSDARG00000100047	ergic1	ENSEEEP00000017761	ENSEEEG00000008765	ERGIC1
ENSDARP00000118851	ENSDARG00000063572	perp	ENSEEEP00000018290	ENSEEEG00000008987	PERP
ENSDARP00000139885	ENSDARG00000103485	card14	ENSEEEP00000012032	ENSEEEG00000006065	CARD14
ENSDARP00000101673	ENSDARG00000076632	zdhhc12a	ENSEEEP00000031537	ENSEEEG00000015088	zdhhc12a
ENSDARP00000061405	ENSDARG00000041908	usp39	ENSEEEP00000009182	ENSEEEG00000004583	USP39
ENSDARP00000127324	ENSDARG00000096725	si:dkey-21c1.1	ENSEEEP00000060842	ENSEEEG00000026402	si:dkey-21c1.1
ENSDARP00000069982	ENSDARG00000053463	poglut1	ENSEEEP00000045848	ENSEEEG00000021608	POGLUT1
ENSDARP00000141671	ENSDARG00000099972	nup153	ENSEEEP00000033882	ENSEEEG00000016132	NUP153
ENSDARP00000096307	ENSDARG00000071406	tepsin	ENSEEEP00000011690	ENSEEEG00000005885	TEPSIN
ENSDARP00000032337	ENSDARG00000017739	ak5l	ENSEEEP00000051409	ENSEEEG00000024122	ak5l
ENSDARP00000094263	ENSDARG00000070484	zgc:195001	ENSEEEP00000002798	ENSEEEG00000001607	zgc:195001
ENSDARP00000053891	ENSDARG00000074266	si:ch1073-314i13.4	ENSEEEP00000011350	ENSEEEG00000005741	si:ch1073-314i13.4
ENSDARP00000117822	ENSDARG00000087983	igsf5a	ENSEEEP00000022521	ENSEEEG00000010932	igsf5a
ENSDARP00000136406	ENSDARG00000102349	cep55l	ENSEEEP00000057230	ENSEEEG00000024835	cep55l
ENSDARP00000121330	ENSDARG00000091872	ccdc117	ENSEEEP00000019048	ENSEEEG00000009351	si:ch211-102c2.7
ENSDARP00000153036	ENSDARG00000093125	ranbp2	ENSEEEP00000045473	ENSEEEG00000021379	RANBP2
ENSDARP00000050302	ENSDARG00000030733	b3gat2	ENSEEEP00000000990	ENSEEEG00000000673	B3GAT2
ENSDARP00000027139	ENSDARG00000019260	dhrs9	ENSEEEP00000011083	ENSEEEG00000005616	DHRS9
ENSDARP00000136796	ENSDARG00000087152	sowahd	ENSEEEP00000030197	ENSEEEG00000014477	SOWAHD
ENSDARP00000014490	ENSDARG00000003977	zgc:153896	ENSEEEP00000029997	ENSEEEG00000014381	zgc:153896
ENSDARP00000098514	ENSDARG00000077357	lrrc61	ENSEEEP00000002472	ENSEEEG00000001446	LRRC61
ENSDARP00000037789	ENSDARG00000029072	klf6a	ENSEEEP00000037909	ENSEEEG00000018010	klf6a
ENSDARP00000024420	ENSDARG00000004763	hhla2a.2	ENSEEEP00000036412	ENSEEEG00000017313	hhla2a.2
ENSDARP00000076790	ENSDARG00000059274	hoxd9a	ENSEEEP00000021324	ENSEEEG00000010389	hoxd9a
ENSDARP00000022759	ENSDARG00000018574	sf3b4	ENSEEEP00000050840	ENSEEEG00000023878	SF3B4
ENSDARP00000076483	ENSDARG00000059043	ntf3	ENSEEEP00000001893	ENSEEEG00000001188	NTF3
ENSDARP00000071406	ENSDARG00000054778	pogza	ENSEEEP00000029284	ENSEEEG00000014032	pogza
ENSDARP00000002502	ENSDARG00000073710	usp7	ENSEEEP00000045158	ENSEEEG00000020925	USP7
ENSDARP00000097989	ENSDARG00000077688	cpo	ENSEEEP00000041058	ENSEEEG00000019441	CPO
ENSDARP00000111153	ENSDARG00000011235	otx2b	ENSEEEP00000012721	ENSEEEG00000006390	otx2b
ENSDARP00000116172	ENSDARG00000060929	rnf220a	ENSEEEP00000004591	ENSEEEG00000002395	RNF220
ENSDARP00000127476	ENSDARG00000074468	prdm11	ENSEEEP00000022858	ENSEEEG00000011093	PRDM11
ENSDARP00000105139	ENSDARG00000089833	asb13b	ENSEEEP00000044695	ENSEEEG00000021104	asb13b
ENSDARP00000102850	ENSDARG00000068681	crfb1	ENSEEEP00000003041	ENSEEEG00000001726	
ENSDARP00000068397	ENSDARG00000052115	ehf	ENSEEEP00000023874	ENSEEEG00000011585	EHF
ENSDARP00000108272	ENSDARG00000077526	babam1	ENSEEEP00000030328	ENSEEEG00000014540	babam1
ENSDARP00000113661	ENSDARG00000056226	creb3l3a	ENSEEEP00000047821	ENSEEEG00000022509	creb3l3a
ENSDARP00000096681	ENSDARG00000071573	lsm5	ENSEEEP00000042959	ENSEEEG00000020277	LSM5
ENSDARP00000003782	ENSDARG00000014292	med15	ENSEEEP00000030594	ENSEEEG00000014633	MED15
ENSDARP00000112471	ENSDARG00000088709	tnfaip8l3	ENSEEEP00000038601	ENSEEEG00000018325	TNFAIP8L3
ENSDARP00000142775	ENSDARG00000078802	rnf111	ENSEEEP00000059226	ENSEEEG00000026903	RNF111
ENSDARP00000005214	ENSDARG00000018985	castor2	ENSEEEP00000059001	ENSEEEG00000024893	CASTOR2
ENSDARP00000091982	ENSDARG00000069501	abhd11	ENSEEEP00000010722	ENSEEEG00000005427	ABHD11
ENSDARP00000065850	ENSDARG00000044802	aadacl4	ENSEEEP00000027630	ENSEEEG00000013309	aadacl4
ENSDARP00000144527	ENSDARG00000088985	si:ch1073-228j22.2	ENSEEEP00000023198	ENSEEEG00000011247	SPSB2
ENSDARP00000065806	ENSDARG00000044769	kctd13	ENSEEEP00000005424	ENSEEEG00000002845	KCTD13
ENSDARP00000115040	ENSDARG00000045595	si:dkey-14k9.3	ENSEEEP00000054514	ENSEEEG00000028149	
ENSDARP00000103065	ENSDARG00000077161	drc12	ENSEEEP00000019718	ENSEEEG00000009648	CCDC153
ENSDARP00000142983	ENSDARG00000101706	csrp3	ENSEEEP00000051574	ENSEEEG00000024218	CSRP3
ENSDARP00000119402	ENSDARG00000024954	tmed4	ENSEEEP00000052054	ENSEEEG00000024420	TMED4
ENSDARP00000117918	ENSDARG00000035558	gps2	ENSEEEP00000033989	ENSEEEG00000016194	GPS2
ENSDARP00000123515	ENSDARG00000074895	tysnd1	ENSEEEP00000001066	ENSEEEG00000000712	TYSND1
ENSDARP00000064461	ENSDARG00000043899	psma6l	ENSEEEP00000000467	ENSEEEG00000000315	psma6l
ENSDARP00000105060	ENSDARG00000090751	zc3h3	ENSEEEP00000022993	ENSEEEG00000011163	ZC3H3
ENSDARP00000146778	ENSDARG00000052826	runx3	ENSEEEP00000061453	ENSEEEG00000013776	RUNX3
ENSDARP00000123934	ENSDARG00000038027	nol12	ENSEEEP00000000658	ENSEEEG00000000466	nol12
ENSDARP00000013803	ENSDARG00000002710	ncl	ENSEEEP00000026458	ENSEEEG00000012801	ncl
ENSDARP00000029690	ENSDARG00000025131	lbx2	ENSEEEP00000033693	ENSEEEG00000016036	LBX2
ENSDARP00000142706	ENSDARG00000010841	fshb	ENSEEEP00000054050	ENSEEEG00000003338	FSHB
ENSDARP00000068402	ENSDARG00000052121	rag2	ENSEEEP00000038592	ENSEEEG00000018318	RAG2
ENSDARP00000107117	ENSDARG00000089123	negaly6	ENSEEEP00000037234	ENSEEEG00000017698	negaly6
ENSDARP00000053866	ENSDARG00000037056	zte38	ENSEEEP00000023093	ENSEEEG00000011205	zte38
ENSDARP00000107015	ENSDARG00000087299	armc9	ENSEEEP00000026454	ENSEEEG00000012797	ARMC9
ENSDARP00000099771	ENSDARG00000079884	trim107	ENSEEEP00000051705	ENSEEEG00000024281	trim107
ENSDARP00000120058	ENSDARG00000021241	zgc:165604	ENSEEEP00000016894	ENSEEEG00000008376	zgc:165604
ENSDARP00000013291	ENSDARG00000019364	mbip	ENSEEEP00000045070	ENSEEEG00000021277	MBIP
ENSDARP00000015887	ENSDARG00000003151	skp1	ENSEEEP00000047043	ENSEEEG00000022141	SKP1
ENSDARP00000084830	ENSDARG00000062477	kiaa1549la	ENSEEEP00000014639	ENSEEEG00000007275	
ENSDARP00000083110	ENSDARG00000061845	pld7	ENSEEEP00000030605	ENSEEEG00000014655	pld7
ENSDARP00000074230	ENSDARG00000057173	ifit8	ENSEEEP00000016398	ENSEEEG00000008121	ifit8
ENSDARP00000111258	ENSDARG00000079522	si:ch211-184m13.4	ENSEEEP00000004135	ENSEEEG00000002194	si:ch211-184m13.4
ENSDARP00000072301	ENSDARG00000055474	dexi	ENSEEEP00000045259	ENSEEEG00000021362	DEXI
ENSDARP00000123291	ENSDARG00000070857	si:dkey-32e6.6	ENSEEEP00000013473	ENSEEEG00000006741	si:dkey-32e6.6
ENSDARP00000112549	ENSDARG00000021973	st13	ENSEEEP00000059887	ENSEEEG00000026364	st13
ENSDARP00000015280	ENSDARG00000003373	commd2	ENSEEEP00000050921	ENSEEEG00000023917	COMMD2
ENSDARP00000142336	ENSDARG00000105422	si:dkey-1k23.3	ENSEEEP00000023833	ENSEEEG00000011531	si:dkey-1k23.3
ENSDARP00000014999	ENSDARG00000017337	zgc:77929	ENSEEEP00000031146	ENSEEEG00000014919	C6orf120
ENSDARP00000114886	ENSDARG00000023900	casd1	ENSEEEP00000046077	ENSEEEG00000021675	CASD1
ENSDARP00000065447	ENSDARG00000044566	fabp6	ENSEEEP00000043776	ENSEEEG00000020692	FABP6
ENSDARP00000134509	ENSDARG00000101317	grinaa	ENSEEEP00000055651	ENSEEEG00000027585	grinaa
ENSDARP00000052536	ENSDARG00000020041	vps35l	ENSEEEP00000053047	ENSEEEG00000021193	VPS35L
ENSDARP00000040499	ENSDARG00000025299	tspan9a	ENSEEEP00000058536	ENSEEEG00000026508	tspan9a
ENSDARP00000136935	ENSDARG00000104701	map7d1b	ENSEEEP00000045029	ENSEEEG00000021254	map7d1b
ENSDARP00000128359	ENSDARG00000075526	pwwp2a	ENSEEEP00000043774	ENSEEEG00000020690	PWWP2A
ENSDARP00000021554	ENSDARG00000007764	klhdc10	ENSEEEP00000029359	ENSEEEG00000014047	KLHDC10
ENSDARP00000008455	ENSDARG00000005897	dera	ENSEEEP00000037414	ENSEEEG00000017787	DERA
ENSDARP00000078442	ENSDARG00000062902	si:dkey-220f10.4	ENSEEEP00000023820	ENSEEEG00000011557	si:dkey-220f10.4
ENSDARP00000091378	ENSDARG00000069241	ttc32	ENSEEEP00000030004	ENSEEEG00000014386	TTC32
ENSDARP00000102433	ENSDARG00000077546	zdhhc1	ENSEEEP00000045520	ENSEEEG00000021478	ZDHHC1
ENSDARP00000128736	ENSDARG00000093070	thumpd2	ENSEEEP00000016482	ENSEEEG00000008167	THUMPD2
ENSDARP00000105411	ENSDARG00000087920	nitr10a	ENSEEEP00000005663	ENSEEEG00000002986	si:ch211-248e11.2
ENSDARP00000132181	ENSDARG00000102433	sytl4	ENSEEEP00000035543	ENSEEEG00000016932	SYTL4
ENSDARP00000045808	ENSDARG00000034559	srpx2	ENSEEEP00000035542	ENSEEEG00000016931	SRPX2
ENSDARP00000103116	ENSDARG00000078026	zcchc24	ENSEEEP00000000172	ENSEEEG00000000131	ZCCHC24
ENSDARP00000093328	ENSDARG00000040033	trmt11	ENSEEEP00000052512	ENSEEEG00000024594	TRMT11
ENSDARP00000079444	ENSDARG00000060380	coq6	ENSEEEP00000035582	ENSEEEG00000016898	COQ6
ENSDARP00000109517	ENSDARG00000006219	gnl3	ENSEEEP00000010154	ENSEEEG00000005150	GNL3
ENSDARP00000115690	ENSDARG00000092359	si:dkeyp-113d7.10	ENSEEEP00000034889	ENSEEEG00000016594	si:dkeyp-113d7.10
ENSDARP00000094282	ENSDARG00000070491	hpcal4	ENSEEEP00000032483	ENSEEEG00000027266	HPCAL4
ENSDARP00000079066	ENSDARG00000060222	scn1ba	ENSEEEP00000023808	ENSEEEG00000011548	scn1ba
ENSDARP00000154204	ENSDARG00000077967	si:ch211-140m22.7	ENSEEEP00000023775	ENSEEEG00000011523	si:ch211-140m22.7
ENSDARP00000073858	ENSDARG00000056842	usp30	ENSEEEP00000043581	ENSEEEG00000020592	USP30
ENSDARP00000142967	ENSDARG00000033683	tpma	ENSEEEP00000035451	ENSEEEG00000016837	TPM1
ENSDARP00000053870	ENSDARG00000037062	dhh	ENSEEEP00000019195	ENSEEEG00000009331	DHH
ENSDARP00000070108	ENSDARG00000053580	htr1fb	ENSEEEP00000027313	ENSEEEG00000013175	HTR1F
ENSDARP00000086697	ENSDARG00000063252	prcc	ENSEEEP00000062774	ENSEEEG00000024778	PRCC
ENSDARP00000119861	ENSDARG00000015201	pcmt	ENSEEEP00000053263	ENSEEEG00000026181	pcmt
ENSDARP00000092583	ENSDARG00000027360	si:ch211-106h11.3	ENSEEEP00000056407	ENSEEEG00000027858	si:ch211-106h11.3
ENSDARP00000076389	ENSDARG00000000503	stx1b	ENSEEEP00000053351	ENSEEEG00000016619	STX1B
ENSDARP00000102849	ENSDARG00000074286	hint3	ENSEEEP00000052508	ENSEEEG00000024592	HINT3
ENSDARP00000107587	ENSDARG00000088195	si:ch211-168f7.5	ENSEEEP00000047967	ENSEEEG00000022600	si:ch211-168f7.5
ENSDARP00000031619	ENSDARG00000027658	irf10	ENSEEEP00000060857	ENSEEEG00000004141	irf10
ENSDARP00000099065	ENSDARG00000079602	calhm3	ENSEEEP00000050389	ENSEEEG00000023694	CALHM3
ENSDARP00000140973	ENSDARG00000104172	diabloa	ENSEEEP00000007009	ENSEEEG00000003696	diabloa
ENSDARP00000115016	ENSDARG00000077481	si:dkey-76k16.6	ENSEEEP00000001849	ENSEEEG00000001168	si:dkey-76k16.6
ENSDARP00000041992	ENSDARG00000029230	pnp4b	ENSEEEP00000049007	ENSEEEG00000023029	pnp4b
ENSDARP00000142338	ENSDARG00000089637	rnaseh2c	ENSEEEP00000035549	ENSEEEG00000016934	RNASEH2C
ENSDARP00000126712	ENSDARG00000086591	si:ch211-113a14.11	ENSEEEP00000058937	ENSEEEG00000026931	
ENSDARP00000134278	ENSDARG00000102356	scp2b	ENSEEEP00000060048	ENSEEEG00000026804	scp2b
ENSDARP00000007446	ENSDARG00000032970	cox4i1	ENSEEEP00000036068	ENSEEEG00000017154	COX4I1
ENSDARP00000149762	ENSDARG00000079773	nox5	ENSEEEP00000023717	ENSEEEG00000011466	NOX5
ENSDARP00000012488	ENSDARG00000002591	ruvbl1	ENSEEEP00000018078	ENSEEEG00000008896	RUVBL1
ENSDARP00000068236	ENSDARG00000103871	si:ch73-109d9.2	ENSEEEP00000007427	ENSEEEG00000003901	MYT1L
ENSDARP00000006482	ENSDARG00000011023	pdlim3a	ENSEEEP00000004288	ENSEEEG00000002265	pdlim3a
ENSDARP00000069747	ENSDARG00000036144	tssc4	ENSEEEP00000006210	ENSEEEG00000003314	
ENSDARP00000024817	ENSDARG00000004037	cog2	ENSEEEP00000007479	ENSEEEG00000003914	COG2
ENSDARP00000025373	ENSDARG00000007180	slc30a4	ENSEEEP00000048997	ENSEEEG00000023026	SLC30A4
ENSDARP00000060050	ENSDARG00000040982	fgf14	ENSEEEP00000004383	ENSEEEG00000002297	FGF14
ENSDARP00000044237	ENSDARG00000031776	fthl27	ENSEEEP00000033969	ENSEEEG00000016188	fthl31
ENSDARP00000016680	ENSDARG00000009153	pla2g1b	ENSEEEP00000029099	ENSEEEG00000013963	PLA2G1B
ENSDARP00000029203	ENSDARG00000076171	znf827	ENSEEEP00000035972	ENSEEEG00000017111	RUBCNL
ENSDARP00000145237	ENSDARG00000089077	rgs1	ENSEEEP00000037420	ENSEEEG00000017793	RGS1
ENSDARP00000014631	ENSDARG00000033418	gpatch1	ENSEEEP00000038257	ENSEEEG00000018121	GPATCH1
ENSDARP00000061036	ENSDARG00000041644	cltrn	ENSEEEP00000003136	ENSEEEG00000001776	si:dkey-194e6.1
ENSDARP00000154233	ENSDARG00000040178	havcr1	ENSEEEP00000043755	ENSEEEG00000020684	HAVCR1
ENSDARP00000119776	ENSDARG00000056847	gon4la	ENSEEEP00000053543	ENSEEEG00000027701	gon4l
ENSDARP00000105452	ENSDARG00000000729	daxx	ENSEEEP00000047924	ENSEEEG00000022564	DAXX
ENSDARP00000128495	ENSDARG00000029215	ube2z	ENSEEEP00000007645	ENSEEEG00000003995	UBE2Z
ENSDARP00000117853	ENSDARG00000076348	mylk3	ENSEEEP00000028048	ENSEEEG00000013493	mylk3
ENSDARP00000074800	ENSDARG00000057633	cxcr4a	ENSEEEP00000047755	ENSEEEG00000022477	cxcr4a
ENSDARP00000063571	ENSDARG00000043301	gtf3c6	ENSEEEP00000041635	ENSEEEG00000019696	GTF3C6
ENSDARP00000128453	ENSDARG00000042563	mis18bp1	ENSEEEP00000000320	ENSEEEG00000000235	MIS18BP1
ENSDARP00000051531	ENSDARG00000035552	agtr2	ENSEEEP00000064270	ENSEEEG00000027343	AGTR2
ENSDARP00000130451	ENSDARG00000103937	ndrg4	ENSEEEP00000029011	ENSEEEG00000013921	ndrg4
ENSDARP00000117049	ENSDARG00000013685	vsig8b	ENSEEEP00000023735	ENSEEEG00000011498	vsig8b
ENSDARP00000090832	ENSDARG00000039677	dsc2l	ENSEEEP00000000494	ENSEEEG00000000365	dsc2l
ENSDARP00000139309	ENSDARG00000101236	cep83	ENSEEEP00000019977	ENSEEEG00000009760	CEP83
ENSDARP00000135503	ENSDARG00000098445	ankrd53	ENSEEEP00000057789	ENSEEEG00000025122	si:ch211-1o7.2
ENSDARP00000140222	ENSDARG00000101719	pargl	ENSEEEP00000045751	ENSEEEG00000021568	pargl
ENSDARP00000118509	ENSDARG00000079725	dhx9	ENSEEEP00000009170	ENSEEEG00000004706	DHX9
ENSDARP00000123393	ENSDARG00000089138	si:ch1073-440b2.1	ENSEEEP00000041302	ENSEEEG00000019547	
ENSDARP00000071772	ENSDARG00000055014	si:dkey-33m11.8	ENSEEEP00000017103	ENSEEEG00000008051	si:dkey-33m11.8
ENSDARP00000110651	ENSDARG00000013236	dhcr24	ENSEEEP00000049524	ENSEEEG00000023284	DHCR24
ENSDARP00000108633	ENSDARG00000089204	smim13	ENSEEEP00000064617	ENSEEEG00000027524	SMIM13
ENSDARP00000141339	ENSDARG00000100263	si:ch211-161c3.5	ENSEEEP00000013419	ENSEEEG00000006722	C3orf18
ENSDARP00000136127	ENSDARG00000098280	rbm5	ENSEEEP00000012825	ENSEEEG00000006430	RBM5
ENSDARP00000061828	ENSDARG00000042182	drc1	ENSEEEP00000043988	ENSEEEG00000020781	DRC1
ENSDARP00000133033	ENSDARG00000103902	nde1	ENSEEEP00000060196	ENSEEEG00000028047	NDE1
ENSDARP00000111319	ENSDARG00000090618	malrd1	ENSEEEP00000002673	ENSEEEG00000001543	MALRD1
ENSDARP00000128742	ENSDARG00000076362	tmem260	ENSEEEP00000012716	ENSEEEG00000006388	
ENSDARP00000143725	ENSDARG00000043102	lxn	ENSEEEP00000025634	ENSEEEG00000012438	LXN
ENSDARP00000006173	ENSDARG00000005128	rnaseh2b	ENSEEEP00000038198	ENSEEEG00000018157	RNASEH2B
ENSDARP00000020123	ENSDARG00000011326	ankrd45	ENSEEEP00000009399	ENSEEEG00000004806	Ankrd45
ENSDARP00000119878	ENSDARG00000014039	tdrd15	ENSEEEP00000059246	ENSEEEG00000026513	si:dkeyp-93d12.1
ENSDARP00000134933	ENSDARG00000099306	fbxo2	ENSEEEP00000012773	ENSEEEG00000006417	zgc:175088
ENSDARP00000127549	ENSDARG00000090153	cyldl	ENSEEEP00000022992	ENSEEEG00000011161	INTS14
ENSDARP00000141219	ENSDARG00000073900	inka2	ENSEEEP00000004022	ENSEEEG00000002149	INKA2
ENSDARP00000029369	ENSDARG00000000767	spi1b	ENSEEEP00000006258	ENSEEEG00000003334	spi1b
ENSDARP00000106990	ENSDARG00000009557	wrap73	ENSEEEP00000001998	ENSEEEG00000001241	WRAP73
ENSDARP00000040792	ENSDARG00000039684	sirt5	ENSEEEP00000049559	ENSEEEG00000023292	SIRT5
ENSDARP00000099474	ENSDARG00000012820	nop56	ENSEEEP00000031496	ENSEEEG00000015063	NOP56
ENSDARP00000146674	ENSDARG00000074036	ky	ENSEEEP00000030997	ENSEEEG00000014834	KY
ENSDARP00000068202	ENSDARG00000051989	tmem187	ENSEEEP00000006781	ENSEEEG00000003580	TMEM187
ENSDARP00000110909	ENSDARG00000045371	prdm14	ENSEEEP00000007598	ENSEEEG00000003967	PRDM14
ENSDARP00000126109	ENSDARG00000070141	si:ch211-191i18.2	ENSEEEP00000029713	ENSEEEG00000014232	si:ch211-191i18.2
ENSDARP00000111839	ENSDARG00000051800	fnbp4	ENSEEEP00000040140	ENSEEEG00000019036	FNBP4
ENSDARP00000073348	ENSDARG00000056400	helt	ENSEEEP00000003034	ENSEEEG00000001719	helt
ENSDARP00000072603	ENSDARG00000055739	ribc1	ENSEEEP00000047993	ENSEEEG00000022608	RIBC1
ENSDARP00000120100	ENSDARG00000052122	rag1	ENSEEEP00000061062	ENSEEEG00000026963	RAG1
ENSDARP00000135671	ENSDARG00000099351	igfbp1a	ENSEEEP00000049581	ENSEEEG00000023310	igfbp1a
ENSDARP00000107557	ENSDARG00000090615	cd59a	ENSEEEP00000057290	ENSEEEG00000028320	cd59
ENSDARP00000111268	ENSDARG00000016088	rtn2a	ENSEEEP00000043511	ENSEEEG00000020574	rtn2a
ENSDARP00000140382	ENSDARG00000086892	erfl1	ENSEEEP00000057426	ENSEEEG00000020265	si:ch211-265g22.4
ENSDARP00000065680	ENSDARG00000015947	matn4	ENSEEEP00000004606	ENSEEEG00000002403	MATN2
ENSDARP00000132604	ENSDARG00000103466	ccl35.1	ENSEEEP00000064125	ENSEEEG00000027036	CCL20
ENSDARP00000089504	ENSDARG00000014731	cacybp	ENSEEEP00000009569	ENSEEEG00000004889	CACYBP
ENSDARP00000108333	ENSDARG00000087074	znf574	ENSEEEP00000007244	ENSEEEG00000003806	ZNF574
ENSDARP00000047833	ENSDARG00000008593	nbas	ENSEEEP00000041455	ENSEEEG00000019402	NBAS
ENSDARP00000110730	ENSDARG00000052859	chp1	ENSEEEP00000059802	ENSEEEG00000008320	chp1
ENSDARP00000121601	ENSDARG00000054352	lrrc9	ENSEEEP00000009482	ENSEEEG00000004840	LRRC9
ENSDARP00000106346	ENSDARG00000052124	accs	ENSEEEP00000038576	ENSEEEG00000018272	
ENSDARP00000142018	ENSDARG00000105281	p2ry1	ENSEEEP00000015052	ENSEEEG00000007489	P2RY1
ENSDARP00000065214	ENSDARG00000115301	lurap1	ENSEEEP00000031975	ENSEEEG00000015261	LURAP1
ENSDARP00000071978	ENSDARG00000055186	ccr9a	ENSEEEP00000033609	ENSEEEG00000015988	ccr9a
ENSDARP00000123066	ENSDARG00000070150	jtb	ENSEEEP00000053918	ENSEEEG00000026277	jtb
ENSDARP00000085408	ENSDARG00000062712	tmem264	ENSEEEP00000014038	ENSEEEG00000006979	tmem264
ENSDARP00000157278	ENSDARG00000024828	tmem134	ENSEEEP00000045861	ENSEEEG00000021617	tmem134
ENSDARP00000136841	ENSDARG00000100938	hint2	ENSEEEP00000047559	ENSEEEG00000022390	HINT2
ENSDARP00000113887	ENSDARG00000053318	dnaaf11	ENSEEEP00000038501	ENSEEEG00000018276	lrrc6
ENSDARP00000115965	ENSDARG00000012389	adar	ENSEEEP00000059443	ENSEEEG00000011947	ADAR
ENSDARP00000110329	ENSDARG00000091161	rpz	ENSEEEP00000033641	ENSEEEG00000016011	rpz
ENSDARP00000143268	ENSDARG00000014004	eif2b4	ENSEEEP00000051007	ENSEEEG00000023953	EIF2B4
ENSDARP00000027382	ENSDARG00000002959	gpr34b	ENSEEEP00000015533	ENSEEEG00000007713	gpr34b
ENSDARP00000064903	ENSDARG00000044204	endou	ENSEEEP00000021556	ENSEEEG00000010494	ENDOU
ENSDARP00000066948	ENSDARG00000045528	fgd6	ENSEEEP00000014256	ENSEEEG00000007089	FGD6
ENSDARP00000155383	ENSDARG00000062483	lyve1b	ENSEEEP00000019323	ENSEEEG00000009465	
ENSDARP00000069834	ENSDARG00000053323	zgc:112285	ENSEEEP00000011710	ENSEEEG00000005895	zgc:112285
ENSDARP00000128211	ENSDARG00000079124	mterf4	ENSEEEP00000012989	ENSEEEG00000006535	MTERF4
ENSDARP00000056285	ENSDARG00000038559	h1-0	ENSEEEP00000006699	ENSEEEG00000003551	H1-0
ENSDARP00000038848	ENSDARG00000024693	lysmd3	ENSEEEP00000062533	ENSEEEG00000025243	LYSMD3
ENSDARP00000031386	ENSDARG00000025233	lipt1	ENSEEEP00000041184	ENSEEEG00000019489	LIPT1
ENSDARP00000005174	ENSDARG00000007009	hoxa11b	ENSEEEP00000030760	ENSEEEG00000014719	hoxa11b
ENSDARP00000120933	ENSDARG00000026053	hltf	ENSEEEP00000009327	ENSEEEG00000004781	hltf
ENSDARP00000052659	ENSDARG00000000906	skap2	ENSEEEP00000030771	ENSEEEG00000014726	SKAP2
ENSDARP00000086709	ENSDARG00000063270	retreg2	ENSEEEP00000006626	ENSEEEG00000003511	retreg2
ENSDARP00000035373	ENSDARG00000022569	nkx6.1	ENSEEEP00000030484	ENSEEEG00000014599	nkx6.1
ENSDARP00000011386	ENSDARG00000017696	utp25	ENSEEEP00000049273	ENSEEEG00000023159	UTP25
ENSDARP00000079032	ENSDARG00000060210	d2hgdh	ENSEEEP00000056258	ENSEEEG00000018093	D2HGDH
ENSDARP00000137923	ENSDARG00000088247	si:ch1073-303k11.2	ENSEEEP00000009375	ENSEEEG00000004798	si:ch1073-303k11.2
ENSDARP00000135780	ENSDARG00000098663	fgf19	ENSEEEP00000038532	ENSEEEG00000018290	FGF19
ENSDARP00000008354	ENSDARG00000002190	chmp2bb	ENSEEEP00000059402	ENSEEEG00000026620	chmp2bb
ENSDARP00000071213	ENSDARG00000054540	imp4	ENSEEEP00000019417	ENSEEEG00000009363	IMP4
ENSDARP00000019054	ENSDARG00000020609	snap25a	ENSEEEP00000010904	ENSEEEG00000005459	snap25a
ENSDARP00000144959	ENSDARG00000035056	fgf13a	ENSEEEP00000057360	ENSEEEG00000024434	FGF13
ENSDARP00000112142	ENSDARG00000091692	havcr2	ENSEEEP00000043758	ENSEEEG00000020685	HAVCR2
ENSDARP00000117880	ENSDARG00000025326	myl12.2	ENSEEEP00000033684	ENSEEEG00000015991	
ENSDARP00000126680	ENSDARG00000073724	nlrx1	ENSEEEP00000019537	ENSEEEG00000009573	NLRX1
ENSDARP00000072577	ENSDARG00000055708	timm8b	ENSEEEP00000030615	ENSEEEG00000014664	TIMM8B
ENSDARP00000073347	ENSDARG00000056396	dusp22a	ENSEEEP00000036062	ENSEEEG00000017152	dusp22a
ENSDARP00000004018	ENSDARG00000009961	rundc3b	ENSEEEP00000007930	ENSEEEG00000004142	RUNDC3B
ENSDARP00000155974	ENSDARG00000079881	tcaim	ENSEEEP00000025903	ENSEEEG00000012547	TCAIM
ENSDARP00000125729	ENSDARG00000043510	vamp4	ENSEEEP00000024522	ENSEEEG00000011891	VAMP4
ENSDARP00000119897	ENSDARG00000038156	dusp11	ENSEEEP00000044790	ENSEEEG00000021141	DUSP11
ENSDARP00000069524	ENSDARG00000053070	gosr2	ENSEEEP00000006816	ENSEEEG00000003599	gosr2
ENSDARP00000152979	ENSDARG00000027078	cnppd1	ENSEEEP00000006618	ENSEEEG00000003507	CNPPD1
ENSDARP00000130135	ENSDARG00000042458	rfc4	ENSEEEP00000002918	ENSEEEG00000001660	RFC4
ENSDARP00000021771	ENSDARG00000009336	aif1l	ENSEEEP00000014069	ENSEEEG00000006994	AIF1L
ENSDARP00000118418	ENSDARG00000076247	dlk2	ENSEEEP00000026485	ENSEEEG00000012815	TNFRSF18
ENSDARP00000114303	ENSDARG00000075349	si:ch73-138n13.1	ENSEEEP00000059213	ENSEEEG00000026986	si:ch73-138n13.1
ENSDARP00000129857	ENSDARG00000070526	zc2hc1c	ENSEEEP00000043820	ENSEEEG00000020709	
ENSDARP00000059052	ENSDARG00000040350	rpp38	ENSEEEP00000006528	ENSEEEG00000003451	RPP38
ENSDARP00000012577	ENSDARG00000018787	efna1b	ENSEEEP00000035533	ENSEEEG00000016926	efna1b
ENSDARP00000116687	ENSDARG00000030650	r3hdml	ENSEEEP00000050645	ENSEEEG00000023806	R3HDML
ENSDARP00000139597	ENSDARG00000100336	pik3r6a	ENSEEEP00000043828	ENSEEEG00000020715	PIK3R6
ENSDARP00000137482	ENSDARG00000079765	si:ch211-112f3.4	ENSEEEP00000060653	ENSEEEG00000026990	si:ch211-112f3.4
ENSDARP00000123077	ENSDARG00000033973	mrps23	ENSEEEP00000017621	ENSEEEG00000008701	MRPS23
ENSDARP00000117387	ENSDARG00000052035	nxnl1	ENSEEEP00000049090	ENSEEEG00000023067	nxnl1
ENSDARP00000062873	ENSDARG00000042837	atp1b3b	ENSEEEP00000049962	ENSEEEG00000023487	atp1b3b
ENSDARP00000040700	ENSDARG00000022413	ing5a	ENSEEEP00000051831	ENSEEEG00000024327	ing5a
ENSDARP00000133449	ENSDARG00000104641	si:ch211-261d7.6	ENSEEEP00000054745	ENSEEEG00000028295	
ENSDARP00000118349	ENSDARG00000092660	cyp27c1	ENSEEEP00000022598	ENSEEEG00000010979	CYP27C1
ENSDARP00000073024	ENSDARG00000056130	neurog1	ENSEEEP00000061989	ENSEEEG00000025018	NEUROG1
ENSDARP00000128202	ENSDARG00000091377	gal	ENSEEEP00000037445	ENSEEEG00000017808	galn
ENSDARP00000133291	ENSDARG00000104278	slc2a8	ENSEEEP00000047279	ENSEEEG00000022252	SLC2A8
ENSDARP00000113816	ENSDARG00000090444	ponzr1	ENSEEEP00000001578	ENSEEEG00000001011	ponzr1
ENSDARP00000117235	ENSDARG00000074930	msmp2	ENSEEEP00000036989	ENSEEEG00000017563	msmp2
ENSDARP00000002745	ENSDARG00000020606	nfe2	ENSEEEP00000057131	ENSEEEG00000024905	NFE2
ENSDARP00000002874	ENSDARG00000008097	srsf9	ENSEEEP00000025221	ENSEEEG00000012236	SRSF9
ENSDARP00000126893	ENSDARG00000096577	adgre9	ENSEEEP00000057927	ENSEEEG00000026458	slc34a2a
ENSDARP00000063356	ENSDARG00000051923	ccnb1	ENSEEEP00000020772	ENSEEEG00000010134	CCNB1
ENSDARP00000135134	ENSDARG00000098942	rp9	ENSEEEP00000012575	ENSEEEG00000006312	rp9
ENSDARP00000123413	ENSDARG00000076904	loxl5b	ENSEEEP00000000254	ENSEEEG00000000155	loxl5b
ENSDARP00000052870	ENSDARG00000036394	pop7	ENSEEEP00000032645	ENSEEEG00000015566	POP7
ENSDARP00000121828	ENSDARG00000017590	nit2	ENSEEEP00000009996	ENSEEEG00000005080	NIT2
ENSDARP00000140385	ENSDARG00000101446	si:dkey-46i9.1	ENSEEEP00000050163	ENSEEEG00000023598	PCP4L1
ENSDARP00000115605	ENSDARG00000016095	htr6	ENSEEEP00000029533	ENSEEEG00000014144	HTR6
ENSDARP00000057641	ENSDARG00000039456	acbd6	ENSEEEP00000056313	ENSEEEG00000026295	ACBD6
ENSDARP00000025546	ENSDARG00000019835	nkx2.1	ENSEEEP00000045068	ENSEEEG00000021275	nkx2.1
ENSDARP00000011199	ENSDARG00000003303	stc1	ENSEEEP00000001953	ENSEEEG00000001220	STC1
ENSDARP00000079638	ENSDARG00000074050	efnb2b	ENSEEEP00000041049	ENSEEEG00000019437	efnb2b
ENSDARP00000117571	ENSDARG00000075929	si:dkey-219c10.4	ENSEEEP00000024135	ENSEEEG00000011704	si:dkey-219c10.4
ENSDARP00000067152	ENSDARG00000045671	ifng1r	ENSEEEP00000000139	ENSEEEG00000000098	ifng1r
ENSDARP00000024428	ENSDARG00000007723	efnb1	ENSEEEP00000064380	ENSEEEG00000027197	EFNB1
ENSDARP00000147988	ENSDARG00000105641	si:ch211-98n17.5	ENSEEEP00000044554	ENSEEEG00000021043	si:ch211-98n17.5
ENSDARP00000127643	ENSDARG00000079659	wdr53	ENSEEEP00000062296	ENSEEEG00000025382	WDR53
ENSDARP00000128518	ENSDARG00000097546	si:ch211-40k21.9	ENSEEEP00000035955	ENSEEEG00000017103	
ENSDARP00000004826	ENSDARG00000003207	mterf3	ENSEEEP00000018162	ENSEEEG00000008933	MTERF3
ENSDARP00000003705	ENSDARG00000008748	ube2na	ENSEEEP00000060592	ENSEEEG00000006953	ube2na
ENSDARP00000121461	ENSDARG00000060835	tecpr2	ENSEEEP00000004733	ENSEEEG00000002473	TECPR2
ENSDARP00000056733	ENSDARG00000038858	setd7	ENSEEEP00000001258	ENSEEEG00000000854	SETD7
ENSDARP00000122089	ENSDARG00000022623	fbxo44.1	ENSEEEP00000014088	ENSEEEG00000006996	si:dkey-147f3.4
ENSDARP00000126025	ENSDARG00000073718	apol	ENSEEEP00000063980	ENSEEEG00000026837	si:ch73-233k15.2
ENSDARP00000113365	ENSDARG00000062874	hcar1-3	ENSEEEP00000022151	ENSEEEG00000010760	hcar1-3
ENSDARP00000133214	ENSDARG00000056801	sufu	ENSEEEP00000035601	ENSEEEG00000016951	SUFU
ENSDARP00000123733	ENSDARG00000090764	bcas3	ENSEEEP00000039779	ENSEEEG00000018785	BCAS3
ENSDARP00000072847	ENSDARG00000004517	ppat	ENSEEEP00000040598	ENSEEEG00000019228	PPAT
ENSDARP00000139625	ENSDARG00000100256	minar1l	ENSEEEP00000013920	ENSEEEG00000006916	si:dkey-88e18.8
ENSDARP00000102071	ENSDARG00000075517	si:ch211-120k19.1	ENSEEEP00000044952	ENSEEEG00000021213	si:ch211-120k19.1
ENSDARP00000081844	ENSDARG00000061348	adat1	ENSEEEP00000057266	ENSEEEG00000006248	ADAT1
ENSDARP00000023050	ENSDARG00000002732	spon2b	ENSEEEP00000036268	ENSEEEG00000017247	spon2b
ENSDARP00000127713	ENSDARG00000097224	prr33	ENSEEEP00000014915	ENSEEEG00000007427	prr33
ENSDARP00000122777	ENSDARG00000069415	col17a1a	ENSEEEP00000043371	ENSEEEG00000020491	
ENSDARP00000010990	ENSDARG00000018817	bdnf	ENSEEEP00000054224	ENSEEEG00000017408	BDNF
ENSDARP00000038316	ENSDARG00000021595	lhfpl3	ENSEEEP00000052199	ENSEEEG00000024474	LHFPL3
ENSDARP00000054808	ENSDARG00000004726	trappc11	ENSEEEP00000028136	ENSEEEG00000013539	TRAPPC11
ENSDARP00000026470	ENSDARG00000077037	txlna	ENSEEEP00000018140	ENSEEEG00000008835	TXLNA
ENSDARP00000064645	ENSDARG00000044034	tmem86a	ENSEEEP00000063840	ENSEEEG00000027527	TMEM86A
ENSDARP00000010571	ENSDARG00000011801	wars2	ENSEEEP00000018989	ENSEEEG00000009310	WARS2
ENSDARP00000049398	ENSDARG00000028804	ankrd9	ENSEEEP00000004717	ENSEEEG00000002469	ANKRD9
ENSDARP00000055753	ENSDARG00000038235	pkdccb	ENSEEEP00000035765	ENSEEEG00000017022	pkdccb
ENSDARP00000087581	ENSDARG00000063626	ddx21	ENSEEEP00000013750	ENSEEEG00000006494	DDX21
ENSDARP00000069995	ENSDARG00000053480	aqp9b	ENSEEEP00000038164	ENSEEEG00000018122	aqp9b
ENSDARP00000144131	ENSDARG00000068678	drc9	ENSEEEP00000002184	ENSEEEG00000001336	IQCG
ENSDARP00000142933	ENSDARG00000067794	cabz01076234.2	ENSEEEP00000010149	ENSEEEG00000005148	cabz01076234.2
ENSDARP00000016089	ENSDARG00000005318	stam2	ENSEEEP00000031720	ENSEEEG00000015151	STAM2
ENSDARP00000133185	ENSDARG00000101102	tprn	ENSEEEP00000020704	ENSEEEG00000010100	tprn
ENSDARP00000070128	ENSDARG00000043492	irf1a	ENSEEEP00000012878	ENSEEEG00000006470	irf1a
ENSDARP00000106559	ENSDARG00000045308	pola1	ENSEEEP00000016683	ENSEEEG00000008268	POLA1
ENSDARP00000094348	ENSDARG00000060062	lrrc74a	ENSEEEP00000018985	ENSEEEG00000009308	
ENSDARP00000097767	ENSDARG00000075795	nol7	ENSEEEP00000000071	ENSEEEG00000000042	NOL7
ENSDARP00000107667	ENSDARG00000091799	fam217bb	ENSEEEP00000055268	ENSEEEG00000027735	fam217bb
ENSDARP00000058887	ENSDARG00000040254	hormad1	ENSEEEP00000045423	ENSEEEG00000021444	HORMAD1
ENSDARP00000122505	ENSDARG00000045567	phpt1	ENSEEEP00000031676	ENSEEEG00000015136	PHPT1
ENSDARP00000128647	ENSDARG00000078592	nomo	ENSEEEP00000018936	ENSEEEG00000009217	nomo
ENSDARP00000100393	ENSDARG00000079727	selenop2	ENSEEEP00000062895	ENSEEEG00000027546	selenop2
ENSDARP00000119631	ENSDARG00000025554	wdr83os	ENSEEEP00000026043	ENSEEEG00000012608	WDR83OS
ENSDARP00000125630	ENSDARG00000094886	si:dkey-266f7.5	ENSEEEP00000053367	ENSEEEG00000028011	
ENSDARP00000038063	ENSDARG00000033227	lect2.1	ENSEEEP00000012812	ENSEEEG00000006436	lect2.1
ENSDARP00000049899	ENSDARG00000033466	tagln2	ENSEEEP00000037336	ENSEEEG00000017748	TAGLN2
ENSDARP00000081418	ENSDARG00000061194	hectd2	ENSEEEP00000056993	ENSEEEG00000014888	HECTD2
ENSDARP00000109328	ENSDARG00000089645	si:ch1073-406l10.2	ENSEEEP00000008350	ENSEEEG00000004357	
ENSDARP00000143911	ENSDARG00000043912	mei4	ENSEEEP00000053555	ENSEEEG00000012174	MEI4
ENSDARP00000119070	ENSDARG00000036781	haus2	ENSEEEP00000035909	ENSEEEG00000017080	si:dkey-170l10.1
ENSDARP00000017995	ENSDARG00000021208	serpind1	ENSEEEP00000010331	ENSEEEG00000005229	SERPIND1
ENSDARP00000145264	ENSDARG00000099374	sp9	ENSEEEP00000009668	ENSEEEG00000004927	SP9
ENSDARP00000089057	ENSDARG00000068096	atf5a	ENSEEEP00000030385	ENSEEEG00000014557	atf5a
ENSDARP00000023337	ENSDARG00000011125	snrpb	ENSEEEP00000015843	ENSEEEG00000007833	SNRPB
ENSDARP00000014514	ENSDARG00000003927	cldn12	ENSEEEP00000055522	ENSEEEG00000025125	CLDN12
ENSDARP00000038879	ENSDARG00000028523	inip	ENSEEEP00000064299	ENSEEEG00000026008	INIP
ENSDARP00000102358	ENSDARG00000073896	gjc2	ENSEEEP00000038728	ENSEEEG00000018377	cx47.1
ENSDARP00000077716	ENSDARG00000052527	mul1	ENSEEEP00000003316	ENSEEEG00000001870	mul1b
ENSDARP00000110384	ENSDARG00000057437	apodb	ENSEEEP00000046919	ENSEEEG00000022085	apodb
ENSDARP00000079593	ENSDARG00000060442	tmem259	ENSEEEP00000051684	ENSEEEG00000024271	TMEM259
ENSDARP00000153915	ENSDARG00000079926	syt15	ENSEEEP00000011713	ENSEEEG00000005898	syt15
ENSDARP00000113004	ENSDARG00000054442	cbx1b	ENSEEEP00000064388	ENSEEEG00000025946	cbx1b
ENSDARP00000117841	ENSDARG00000019195	vps9d1	ENSEEEP00000058264	ENSEEEG00000027667	vps9d1
ENSDARP00000108475	ENSDARG00000087736	si:dkey-118k5.3	ENSEEEP00000019729	ENSEEEG00000009653	si:dkey-118k5.3
ENSDARP00000119684	ENSDARG00000001572	prf1.3	ENSEEEP00000034925	ENSEEEG00000016598	prf1.3
ENSDARP00000023687	ENSDARG00000020623	baxa	ENSEEEP00000055176	ENSEEEG00000003603	BAX
ENSDARP00000097824	ENSDARG00000007362	sft2d1	ENSEEEP00000061797	ENSEEEG00000029163	SFT2D1
ENSDARP00000002531	ENSDARG00000004151	rab23	ENSEEEP00000018284	ENSEEEG00000008983	RAB23
ENSDARP00000155685	ENSDARG00000058820	bin1b	ENSEEEP00000012406	ENSEEEG00000006228	bin1b
ENSDARP00000098601	ENSDARG00000009779	mcl1a	ENSEEEP00000017685	ENSEEEG00000008733	mcl1a
ENSDARP00000135128	ENSDARG00000104300	wipf1a	ENSEEEP00000063876	ENSEEEG00000025028	WIPF1
ENSDARP00000055133	ENSDARG00000037837	ogfr	ENSEEEP00000028309	ENSEEEG00000013606	OGFR
ENSDARP00000127110	ENSDARG00000088878	c1qtnf1	ENSEEEP00000017864	ENSEEEG00000008817	C1QTNF1
ENSDARP00000113133	ENSDARG00000054941	ldlrad4b	ENSEEEP00000038147	ENSEEEG00000018125	ldlrad4b
ENSDARP00000022142	ENSDARG00000008829	chga	ENSEEEP00000024447	ENSEEEG00000011857	tpm4b
ENSDARP00000107994	ENSDARG00000089572	tfpt	ENSEEEP00000051173	ENSEEEG00000024025	tfpt
ENSDARP00000053138	ENSDARG00000036577	atp6v0cb	ENSEEEP00000033479	ENSEEEG00000015890	ATP6V0C
ENSDARP00000157527	ENSDARG00000045483	lrtm2a	ENSEEEP00000020320	ENSEEEG00000009916	lrtm2a
ENSDARP00000123345	ENSDARG00000068709	fam174b	ENSEEEP00000036443	ENSEEEG00000017326	FAM174B
ENSDARP00000061584	ENSDARG00000042025	si:dkeyp-118h3.6	ENSEEEP00000000637	ENSEEEG00000000453	C2orf49
ENSDARP00000066603	ENSDARG00000045289	gpr137c	ENSEEEP00000052868	ENSEEEG00000012796	GPR137C
ENSDARP00000116801	ENSDARG00000095002	tnnc2.1	ENSEEEP00000015513	ENSEEEG00000007684	TNNC2
ENSDARP00000003494	ENSDARG00000010792	cdc25b	ENSEEEP00000000097	ENSEEEG00000000068	CDC25B
ENSDARP00000128064	ENSDARG00000089787	crebzf	ENSEEEP00000031900	ENSEEEG00000015231	CREBZF
ENSDARP00000131164	ENSDARG00000104495	pltp	ENSEEEP00000015334	ENSEEEG00000007548	PLTP
ENSDARP00000124621	ENSDARG00000053702	il2rgb	ENSEEEP00000058621	ENSEEEG00000025316	il2rgb
ENSDARP00000147936	ENSDARG00000011405	rps9	ENSEEEP00000015283	ENSEEEG00000007597	RPS9
ENSDARP00000112192	ENSDARG00000011434	ptger2a	ENSEEEP00000026462	ENSEEEG00000012800	ptger2a
ENSDARP00000135209	ENSDARG00000051914	slc14a2	ENSEEEP00000027708	ENSEEEG00000013327	SLC14A2
ENSDARP00000142637	ENSDARG00000045428	mcee	ENSEEEP00000038967	ENSEEEG00000018489	MCEE
ENSDARP00000096287	ENSDARG00000078164	znf576.2	ENSEEEP00000034253	ENSEEEG00000016318	
ENSDARP00000132528	ENSDARG00000102353	ddx47	ENSEEEP00000004657	ENSEEEG00000002428	DDX47
ENSDARP00000056722	ENSDARG00000038847	gins3	ENSEEEP00000055168	ENSEEEG00000025640	GINS3
ENSDARP00000005611	ENSDARG00000002564	syngr1a	ENSEEEP00000008939	ENSEEEG00000004615	SYNGR1
ENSDARP00000075478	ENSDARG00000058208	slc25a26	ENSEEEP00000023507	ENSEEEG00000011400	SLC25A26
ENSDARP00000077781	ENSDARG00000059725	hypk	ENSEEEP00000040687	ENSEEEG00000019277	HYPK
ENSDARP00000024277	ENSDARG00000016858	smad7	ENSEEEP00000006576	ENSEEEG00000003484	SMAD7
ENSDARP00000053000	ENSDARG00000036481	tcn2	ENSEEEP00000019056	ENSEEEG00000009354	TCN2
ENSDARP00000073053	ENSDARG00000056156	npdc1b	ENSEEEP00000040789	ENSEEEG00000019325	npdc1b
ENSDARP00000015671	ENSDARG00000017195	foxf2a	ENSEEEP00000051475	ENSEEEG00000024166	foxf2a
ENSDARP00000115873	ENSDARG00000074356	fxn	ENSEEEP00000021634	ENSEEEG00000010527	FXN
ENSDARP00000100184	ENSDARG00000080020	il13ra1	ENSEEEP00000013736	ENSEEEG00000006845	IL13RA1
ENSDARP00000131812	ENSDARG00000018958	nrarpb	ENSEEEP00000047275	ENSEEEG00000022249	nrarpb
ENSDARP00000130897	ENSDARG00000094300	nupr1a	ENSEEEP00000003759	ENSEEEG00000002029	nupr1a
ENSDARP00000140992	ENSDARG00000103146	nlrc3	ENSEEEP00000057902	ENSEEEG00000011464	NLRC3
ENSDARP00000012738	ENSDARG00000002298	ankrd22	ENSEEEP00000064444	ENSEEEG00000010501	HPRT1
ENSDARP00000020840	ENSDARG00000010596	slc7a6os	ENSEEEP00000031095	ENSEEEG00000014884	SLC7A6OS
ENSDARP00000119340	ENSDARG00000079889	phldb2a	ENSEEEP00000036411	ENSEEEG00000017311	
ENSDARP00000133669	ENSDARG00000098295	efna3b	ENSEEEP00000035532	ENSEEEG00000016924	efna3b
ENSDARP00000151039	ENSDARG00000039899	zbtb7a	ENSEEEP00000028588	ENSEEEG00000013728	ZBTB7A
ENSDARP00000079698	ENSDARG00000060484	selenoi	ENSEEEP00000004113	ENSEEEG00000002133	SELENOI
ENSDARP00000008347	ENSDARG00000021239	apaf1	ENSEEEP00000056605	ENSEEEG00000025015	APAF1
ENSDARP00000123431	ENSDARG00000038693	gng7	ENSEEEP00000058795	ENSEEEG00000028135	GNG7
ENSDARP00000007424	ENSDARG00000013576	gadd45bb	ENSEEEP00000013211	ENSEEEG00000006622	gadd45bb
ENSDARP00000129643	ENSDARG00000074590	wdpcp	ENSEEEP00000010058	ENSEEEG00000005103	
ENSDARP00000070951	ENSDARG00000054312	slc38a6	ENSEEEP00000049288	ENSEEEG00000023167	SLC38A6
ENSDARP00000041857	ENSDARG00000029415	mtx2	ENSEEEP00000046533	ENSEEEG00000021916	MTX2
ENSDARP00000130659	ENSDARG00000101942	si:dkey-260j18.2	ENSEEEP00000036892	ENSEEEG00000017518	si:dkey-260j18.2
ENSDARP00000127560	ENSDARG00000003313	eps8l1b	ENSEEEP00000060657	ENSEEEG00000028055	eps8l1b
ENSDARP00000047953	ENSDARG00000058221	ugcg	ENSEEEP00000022167	ENSEEEG00000010771	UGCG
ENSDARP00000029214	ENSDARG00000022139	ocstamp	ENSEEEP00000023463	ENSEEEG00000011376	OCSTAMP
ENSDARP00000081531	ENSDARG00000061223	ogfrl1	ENSEEEP00000000988	ENSEEEG00000000659	OGFRL1
ENSDARP00000010116	ENSDARG00000017388	gstt1b	ENSEEEP00000012967	ENSEEEG00000006519	gstt1b
ENSDARP00000126554	ENSDARG00000037891	mlx	ENSEEEP00000010452	ENSEEEG00000005285	MLX
ENSDARP00000122427	ENSDARG00000062177	dcbld2	ENSEEEP00000016658	ENSEEEG00000008248	DCBLD2
ENSDARP00000024085	ENSDARG00000038694	zgc:101744	ENSEEEP00000013218	ENSEEEG00000006625	zgc:101744
ENSDARP00000089483	ENSDARG00000068291	tmem208	ENSEEEP00000001978	ENSEEEG00000001232	TMEM208
ENSDARP00000033279	ENSDARG00000020473	hddc3	ENSEEEP00000040671	ENSEEEG00000019272	HDDC3
ENSDARP00000011083	ENSDARG00000020101	psmc2	ENSEEEP00000021813	ENSEEEG00000010534	PSMC2
ENSDARP00000131360	ENSDARG00000077817	cxxc4	ENSEEEP00000006631	ENSEEEG00000003514	CXXC4
ENSDARP00000114128	ENSDARG00000060534	sgpp1b	ENSEEEP00000064037	ENSEEEG00000025484	SGPP1
ENSDARP00000055499	ENSDARG00000038072	ptx4	ENSEEEP00000044244	ENSEEEG00000020902	PTX4
ENSDARP00000130189	ENSDARG00000101309	cp110	ENSEEEP00000053168	ENSEEEG00000025404	NCOA2
ENSDARP00000088447	ENSDARG00000009939	micu2	ENSEEEP00000046640	ENSEEEG00000021959	MICU2
ENSDARP00000077375	ENSDARG00000059575	uhmk1	ENSEEEP00000014253	ENSEEEG00000007085	UHMK1
ENSDARP00000073031	ENSDARG00000056134	c1qtnf5	ENSEEEP00000057242	ENSEEEG00000009636	C1QTNF5
ENSDARP00000085941	ENSDARG00000062929	fam83gb	ENSEEEP00000039146	ENSEEEG00000018597	FAM83G
ENSDARP00000114480	ENSDARG00000039150	lgmn	ENSEEEP00000000746	ENSEEEG00000000350	LGMN
ENSDARP00000055429	ENSDARG00000038028	ndufa6	ENSEEEP00000020725	ENSEEEG00000010115	NDUFA6
ENSDARP00000098710	ENSDARG00000077911	treh	ENSEEEP00000064587	ENSEEEG00000018108	TREH
ENSDARP00000107755	ENSDARG00000091548	stard9	ENSEEEP00000045102	ENSEEEG00000021297	
ENSDARP00000084112	ENSDARG00000062216	narfl	ENSEEEP00000009051	ENSEEEG00000004660	narfl
ENSDARP00000123708	ENSDARG00000058567	avp	ENSEEEP00000020228	ENSEEEG00000009876	oxt
ENSDARP00000124801	ENSDARG00000012603	eif3ja	ENSEEEP00000017447	ENSEEEG00000008632	eif3jb
ENSDARP00000098663	ENSDARG00000076639	esamb	ENSEEEP00000023491	ENSEEEG00000011389	esamb
ENSDARP00000064175	ENSDARG00000043705	mob3c	ENSEEEP00000009199	ENSEEEG00000004729	MOB3C
ENSDARP00000064471	ENSDARG00000043904	pnrc1	ENSEEEP00000011908	ENSEEEG00000006001	PNRC1
ENSDARP00000071121	ENSDARG00000054458	slmapa	ENSEEEP00000026505	ENSEEEG00000012362	slmapa
ENSDARP00000137311	ENSDARG00000103020	pecam1b	ENSEEEP00000011988	ENSEEEG00000006044	pecam1b
ENSDARP00000104933	ENSDARG00000033160	nr1d1	ENSEEEP00000007659	ENSEEEG00000004006	NR1D1
ENSDARP00000083980	ENSDARG00000013863	fam133b	ENSEEEP00000061255	ENSEEEG00000028164	FAM133B
ENSDARP00000138586	ENSDARG00000101455	si:ch211-284k5.2	ENSEEEP00000035272	ENSEEEG00000016783	si:ch211-284k5.2
ENSDARP00000128695	ENSDARG00000086336	si:ch211-157b11.12	ENSEEEP00000057653	ENSEEEG00000025527	si:ch211-157b11.12
ENSDARP00000098015	ENSDARG00000088140	hsd17b7	ENSEEEP00000014279	ENSEEEG00000007099	HSD17B7
ENSDARP00000142118	ENSDARG00000105322	klhdc7a	ENSEEEP00000057783	ENSEEEG00000025553	klhdc7a
ENSDARP00000010083	ENSDARG00000013734	polr3glb	ENSEEEP00000032124	ENSEEEG00000015325	polr3glb
ENSDARP00000073663	ENSDARG00000056678	trim47	ENSEEEP00000030060	ENSEEEG00000014407	TRIM47
ENSDARP00000026625	ENSDARG00000003961	parp3	ENSEEEP00000052158	ENSEEEG00000024451	PARP3
ENSDARP00000076902	ENSDARG00000059362	cavin1b	ENSEEEP00000042703	ENSEEEG00000020151	cavin1b
ENSDARP00000116465	ENSDARG00000058734	prdx1	ENSEEEP00000023107	ENSEEEG00000011207	PRDX1
ENSDARP00000033328	ENSDARG00000026406	anxa5a	ENSEEEP00000032400	ENSEEEG00000015449	anxa5a
ENSDARP00000067163	ENSDARG00000045681	irf5	ENSEEEP00000019175	ENSEEEG00000009399	IRF5
ENSDARP00000138165	ENSDARG00000023659	gabpb1	ENSEEEP00000048143	ENSEEEG00000022667	GABPB1
ENSDARP00000094044	ENSDARG00000070404	inka1b	ENSEEEP00000012513	ENSEEEG00000006278	inka1b
ENSDARP00000117544	ENSDARG00000092458	si:dkey-282h22.5	ENSEEEP00000047257	ENSEEEG00000022240	VAMP5
ENSDARP00000122998	ENSDARG00000055426	rwdd2b	ENSEEEP00000057992	ENSEEEG00000029113	RWDD2B
ENSDARP00000058247	ENSDARG00000039824	zgc:172182	ENSEEEP00000039162	ENSEEEG00000018614	zgc:172182
ENSDARP00000104833	ENSDARG00000057322	tmem47	ENSEEEP00000062473	ENSEEEG00000027472	TMEM47
ENSDARP00000092253	ENSDARG00000022614	ddx43	ENSEEEP00000064412	ENSEEEG00000019059	ddx43
ENSDARP00000039210	ENSDARG00000026068	trappc5	ENSEEEP00000041442	ENSEEEG00000019598	TRAPPC5
ENSDARP00000141525	ENSDARG00000036968	serpina10b	ENSEEEP00000015901	ENSEEEG00000007863	si:ch1073-416d2.3
ENSDARP00000001039	ENSDARG00000001249	pcgf1	ENSEEEP00000033703	ENSEEEG00000016039	PCGF1
ENSDARP00000025541	ENSDARG00000011400	tnnc1a	ENSEEEP00000020085	ENSEEEG00000009762	TNNC1
ENSDARP00000089134	ENSDARG00000068149	tprg1l	ENSEEEP00000002011	ENSEEEG00000001250	TPRG1L
ENSDARP00000070307	ENSDARG00000053744	dcdc2b	ENSEEEP00000048705	ENSEEEG00000022916	DCDC2B
ENSDARP00000133113	ENSDARG00000100916	uvssa	ENSEEEP00000017720	ENSEEEG00000008757	UVSSA
ENSDARP00000131103	ENSDARG00000099427	nkx1.2lb	ENSEEEP00000017718	ENSEEEG00000008755	nkx1.2lb
ENSDARP00000128832	ENSDARG00000069944	p2ry13	ENSEEEP00000051840	ENSEEEG00000024334	P2RY13
ENSDARP00000122260	ENSDARG00000019976	idi1	ENSEEEP00000061069	ENSEEEG00000026052	IDI1
ENSDARP00000067932	ENSDARG00000051763	sntb2	ENSEEEP00000045182	ENSEEEG00000021329	SNTB2
ENSDARP00000113719	ENSDARG00000076983	rnasel4	ENSEEEP00000019655	ENSEEEG00000024721	rnasel2
ENSDARP00000087565	ENSDARG00000063621	aadac	ENSEEEP00000051816	ENSEEEG00000024322	AADAC
ENSDARP00000126262	ENSDARG00000053395	cdkn2aipnl	ENSEEEP00000051773	ENSEEEG00000024309	CDKN2AIPNL
ENSDARP00000100483	ENSDARG00000079912	rapgefl1	ENSEEEP00000007674	ENSEEEG00000004015	RAPGEFL1
ENSDARP00000138176	ENSDARG00000101377	ccdc142	ENSEEEP00000017716	ENSEEEG00000008754	CCDC142
ENSDARP00000103392	ENSDARG00000079415	dnajc30b	ENSEEEP00000054715	ENSEEEG00000028846	
ENSDARP00000136707	ENSDARG00000099169	cxcl8b.3	ENSEEEP00000001571	ENSEEEG00000001008	
ENSDARP00000135787	ENSDARG00000102776	cxcl19	ENSEEEP00000034796	ENSEEEG00000016552	cxcl19
ENSDARP00000089506	ENSDARG00000068305	mrps14	ENSEEEP00000009570	ENSEEEG00000004890	MRPS14
ENSDARP00000098337	ENSDARG00000077317	snx29	ENSEEEP00000021010	ENSEEEG00000010199	SNX29
ENSDARP00000073615	ENSDARG00000056642	hdac9b	ENSEEEP00000029494	ENSEEEG00000014099	hdac9b
ENSDARP00000118274	ENSDARG00000056128	fastkd1	ENSEEEP00000054075	ENSEEEG00000018549	fastkd1
ENSDARP00000015577	ENSDARG00000013122	maf1a	ENSEEEP00000032519	ENSEEEG00000015506	MAF1
ENSDARP00000102296	ENSDARG00000075045	cxcl18b	ENSEEEP00000051998	ENSEEEG00000024398	
ENSDARP00000142412	ENSDARG00000079849	nrtn	ENSEEEP00000051374	ENSEEEG00000024108	
ENSDARP00000127717	ENSDARG00000062887	steap2	ENSEEEP00000020505	ENSEEEG00000010013	STEAP2
ENSDARP00000138527	ENSDARG00000045224	glipr1a	ENSEEEP00000042913	ENSEEEG00000020247	GLIPR1
ENSDARP00000127920	ENSDARG00000077618	rin3	ENSEEEP00000049398	ENSEEEG00000023214	RIN3
ENSDARP00000148577	ENSDARG00000101512	tmx4	ENSEEEP00000056750	ENSEEEG00000028133	TMX4
ENSDARP00000009087	ENSDARG00000013245	wbp1la	ENSEEEP00000061627	ENSEEEG00000028402	wbp1la
ENSDARP00000055854	ENSDARG00000038297	aspdh	ENSEEEP00000002414	ENSEEEG00000001404	ASPDH
ENSDARP00000079033	ENSDARG00000070097	selenos	ENSEEEP00000032141	ENSEEEG00000015331	SELENOS
ENSDARP00000008475	ENSDARG00000003229	gdf9	ENSEEEP00000048180	ENSEEEG00000022679	GDF9
ENSDARP00000063150	ENSDARG00000006617	napga	ENSEEEP00000015462	ENSEEEG00000007663	napga
ENSDARP00000059437	ENSDARG00000040607	rtf2	ENSEEEP00000015676	ENSEEEG00000007762	RTF2
ENSDARP00000092102	ENSDARG00000069552	atoh7	ENSEEEP00000014620	ENSEEEG00000007267	ATOH7
ENSDARP00000106916	ENSDARG00000045296	cops9	ENSEEEP00000046923	ENSEEEG00000022092	COPS9
ENSDARP00000138817	ENSDARG00000103718	chmp5b	ENSEEEP00000002481	ENSEEEG00000001452	CHMP5
ENSDARP00000140180	ENSDARG00000079125	sowahab	ENSEEEP00000048185	ENSEEEG00000022685	sowahab
ENSDARP00000099723	ENSDARG00000074379	knstrn	ENSEEEP00000024790	ENSEEEG00000012006	KNSTRN
ENSDARP00000116826	ENSDARG00000057075	lamtor3	ENSEEEP00000033432	ENSEEEG00000015880	LAMTOR3
ENSDARP00000144822	ENSDARG00000102291	eef1da	ENSEEEP00000003405	ENSEEEG00000001902	eef1da
ENSDARP00000052786	ENSDARG00000036338	vps11	ENSEEEP00000031819	ENSEEEG00000015126	VPS11
ENSDARP00000110535	ENSDARG00000087285	tmem182b	ENSEEEP00000039197	ENSEEEG00000018631	tmem182b
ENSDARP00000134435	ENSDARG00000101637	ccnd1	ENSEEEP00000038524	ENSEEEG00000018287	CCND1
ENSDARP00000119160	ENSDARG00000013434	hira	ENSEEEP00000036975	ENSEEEG00000017233	HIRA
ENSDARP00000136939	ENSDARG00000015552	phactr4a	ENSEEEP00000029445	ENSEEEG00000014097	phactr4a
ENSDARP00000153699	ENSDARG00000069089	agrp	ENSEEEP00000045491	ENSEEEG00000021464	AGRP
ENSDARP00000128801	ENSDARG00000071652	rrp8	ENSEEEP00000036763	ENSEEEG00000017449	RRP8
ENSDARP00000105583	ENSDARG00000041729	sntb1	ENSEEEP00000026928	ENSEEEG00000012999	SNTB1
ENSDARP00000087173	ENSDARG00000063445	snap47	ENSEEEP00000038719	ENSEEEG00000018373	SNAP47
ENSDARP00000096160	ENSDARG00000058995	jmjd4	ENSEEEP00000038723	ENSEEEG00000018374	JMJD4
ENSDARP00000112202	ENSDARG00000087921	plce1	ENSEEEP00000038434	ENSEEEG00000018256	plce1
ENSDARP00000076157	ENSDARG00000058780	slc9a2	ENSEEEP00000005096	ENSEEEG00000002658	SLC9A2
ENSDARP00000076347	ENSDARG00000058940	pierce1	ENSEEEP00000021610	ENSEEEG00000010519	si:ch211-248e11.2
ENSDARP00000073572	ENSDARG00000056601	plekha3	ENSEEEP00000009994	ENSEEEG00000005081	PLEKHA3
ENSDARP00000023917	ENSDARG00000004060	bhlhe40	ENSEEEP00000012641	ENSEEEG00000006346	BHLHE40
ENSDARP00000006549	ENSDARG00000016656	mgme1	ENSEEEP00000045870	ENSEEEG00000021622	MGME1
ENSDARP00000122029	ENSDARG00000038898	zgc:113691	ENSEEEP00000016568	ENSEEEG00000008209	zgc:113691
ENSDARP00000039217	ENSDARG00000026350	wasb	ENSEEEP00000055135	ENSEEEG00000016324	wasb
ENSDARP00000128994	ENSDARG00000076518	mettl1	ENSEEEP00000032509	ENSEEEG00000015495	METTL1
ENSDARP00000056771	ENSDARG00000079238	trim59	ENSEEEP00000025721	ENSEEEG00000012464	TRIM59
ENSDARP00000130273	ENSDARG00000103038	pik3r3a	ENSEEEP00000004886	ENSEEEG00000002550	pik3r3a
ENSDARP00000116609	ENSDARG00000009342	txndc5	ENSEEEP00000033594	ENSEEEG00000015974	TXNDC5
ENSDARP00000129592	ENSDARG00000002523	hsdl2	ENSEEEP00000023041	ENSEEEG00000011182	HSDL2
ENSDARP00000149196	ENSDARG00000004176	ulk4	ENSEEEP00000064476	ENSEEEG00000010276	ULK4
ENSDARP00000135911	ENSDARG00000099554	sec16b	ENSEEEP00000004200	ENSEEEG00000002218	ADAD2
ENSDARP00000049062	ENSDARG00000029370	ankrd6b	ENSEEEP00000047352	ENSEEEG00000022292	ankrd6b
ENSDARP00000068130	ENSDARG00000051926	plag1	ENSEEEP00000064568	ENSEEEG00000001831	PLAG1
ENSDARP00000117884	ENSDARG00000094894	tyrobp	ENSEEEP00000034251	ENSEEEG00000016314	tyrobp
ENSDARP00000054317	ENSDARG00000037334	dnaaf10	ENSEEEP00000018304	ENSEEEG00000008989	wdr92
ENSDARP00000072984	ENSDARG00000056087	ecrg4a	ENSEEEP00000063008	ENSEEEG00000028936	ecrg4a
ENSDARP00000009170	ENSDARG00000002391	tlcd1	ENSEEEP00000010935	ENSEEEG00000005545	TLCD1
ENSDARP00000137866	ENSDARG00000103831	ankrd13c	ENSEEEP00000006375	ENSEEEG00000003387	ANKRD13C
ENSDARP00000113024	ENSDARG00000078327	cep170bb	ENSEEEP00000056505	ENSEEEG00000026731	
ENSDARP00000111870	ENSDARG00000043066	nog2	ENSEEEP00000017682	ENSEEEG00000008729	NOG
ENSDARP00000115996	ENSDARG00000018272	wdr33	ENSEEEP00000023013	ENSEEEG00000011175	WDR33
ENSDARP00000064087	ENSDARG00000043644	vkorc1l1	ENSEEEP00000054760	ENSEEEG00000025808	VKORC1L1
ENSDARP00000072863	ENSDARG00000055989	tmem161b	ENSEEEP00000046553	ENSEEEG00000021905	TMEM161B
ENSDARP00000117117	ENSDARG00000077257	timd4	ENSEEEP00000014961	ENSEEEG00000007451	TIMD4
ENSDARP00000127972	ENSDARG00000070916	dnajc27	ENSEEEP00000041911	ENSEEEG00000019806	DNAJC27
ENSDARP00000044837	ENSDARG00000032849	ndrg1a	ENSEEEP00000039154	ENSEEEG00000016498	ndrg1a
ENSDARP00000105669	ENSDARG00000038977	slc25a24l	ENSEEEP00000023794	ENSEEEG00000011543	slc25a24l
ENSDARP00000059622	ENSDARG00000040698	plekha8	ENSEEEP00000030664	ENSEEEG00000014685	plekha8
ENSDARP00000130067	ENSDARG00000100292	cimip2b	ENSEEEP00000032954	ENSEEEG00000015690	FAM166B
ENSDARP00000132434	ENSDARG00000070985	mrps21	ENSEEEP00000054465	ENSEEEG00000025943	MRPS21
ENSDARP00000062535	ENSDARG00000042630	hebp2	ENSEEEP00000019793	ENSEEEG00000009687	HEBP2
ENSDARP00000126692	ENSDARG00000096603	bmb	ENSEEEP00000039717	ENSEEEG00000018833	bmb
ENSDARP00000112607	ENSDARG00000092285	cenpv	ENSEEEP00000011848	ENSEEEG00000005967	cenpv
ENSDARP00000085236	ENSDARG00000062636	fem1b	ENSEEEP00000064255	ENSEEEG00000028890	FEM1B
ENSDARP00000050870	ENSDARG00000035132	rgs3b	ENSEEEP00000051392	ENSEEEG00000024117	rgs3b
ENSDARP00000081470	ENSDARG00000061197	armc7	ENSEEEP00000017828	ENSEEEG00000008803	ARMC7
ENSDARP00000153216	ENSDARG00000087779	pum3	ENSEEEP00000041353	ENSEEEG00000019487	PUM3
ENSDARP00000052324	ENSDARG00000036041	f2	ENSEEEP00000024979	ENSEEEG00000012083	F2
ENSDARP00000098368	ENSDARG00000077926	nopchap1	ENSEEEP00000008922	ENSEEEG00000004606	si:dkey-48p11.3
ENSDARP00000045599	ENSDARG00000030494	hjv	ENSEEEP00000032131	ENSEEEG00000015328	HJV
ENSDARP00000109550	ENSDARG00000056627	cxcl14	ENSEEEP00000029653	ENSEEEG00000014199	CXCL14
ENSDARP00000075599	ENSDARG00000058297	timm13	ENSEEEP00000024273	ENSEEEG00000011773	TIMM13
ENSDARP00000122766	ENSDARG00000025338	hagh	ENSEEEP00000057012	ENSEEEG00000004550	HAGH
ENSDARP00000040032	ENSDARG00000016010	nup107	ENSEEEP00000052372	ENSEEEG00000024527	NUP107
ENSDARP00000131759	ENSDARG00000092998	si:ch211-202f5.3	ENSEEEP00000033140	ENSEEEG00000015768	si:ch211-202f5.3
ENSDARP00000084113	ENSDARG00000062204	sigirr	ENSEEEP00000003204	ENSEEEG00000001803	SIGIRR
ENSDARP00000038446	ENSDARG00000023299	snu13b	ENSEEEP00000059917	ENSEEEG00000015257	snu13b
ENSDARP00000134889	ENSDARG00000100170	pam	ENSEEEP00000063192	ENSEEEG00000019915	PAM
ENSDARP00000119580	ENSDARG00000007285	mrpl57	ENSEEEP00000041032	ENSEEEG00000019432	MRPL57
ENSDARP00000096454	ENSDARG00000071463	zgc:154125	ENSEEEP00000017592	ENSEEEG00000008692	
ENSDARP00000115722	ENSDARG00000052721	prim2	ENSEEEP00000008213	ENSEEEG00000004278	PRIM2
ENSDARP00000002797	ENSDARG00000015955	cldn3d	ENSEEEP00000010727	ENSEEEG00000005430	cldnc
ENSDARP00000054204	ENSDARG00000037259	ndufb6	ENSEEEP00000037057	ENSEEEG00000017600	NDUFB6
ENSDARP00000106624	ENSDARG00000020218	amfra	ENSEEEP00000008475	ENSEEEG00000004421	amfra
ENSDARP00000150339	ENSDARG00000101886	pdxdc1	ENSEEEP00000030009	ENSEEEG00000014321	PDXDC1
ENSDARP00000013064	ENSDARG00000004307	lypd6	ENSEEEP00000048260	ENSEEEG00000022726	LYPD6
ENSDARP00000067823	ENSDARG00000046133	b3galnt2	ENSEEEP00000019010	ENSEEEG00000009323	B3GALNT2
ENSDARP00000142010	ENSDARG00000098497	hrasa	ENSEEEP00000049180	ENSEEEG00000023109	HRAS
ENSDARP00000127960	ENSDARG00000086091	kcnn4	ENSEEEP00000037219	ENSEEEG00000017694	KCNN4
ENSDARP00000029558	ENSDARG00000023591	nrbf2b	ENSEEEP00000061384	ENSEEEG00000027126	nrbf2b
ENSDARP00000037758	ENSDARG00000026829	cotl1	ENSEEEP00000022507	ENSEEEG00000010923	COTL1
ENSDARP00000064832	ENSDARG00000044155	mafaa	ENSEEEP00000061231	ENSEEEG00000027431	mafaa
ENSDARP00000084022	ENSDARG00000062442	meiob	ENSEEEP00000018543	ENSEEEG00000009107	msrb1b
ENSDARP00000123992	ENSDARG00000045401	mllt10	ENSEEEP00000035179	ENSEEEG00000016739	mllt10
ENSDARP00000065361	ENSDARG00000044512	ca4c	ENSEEEP00000010940	ENSEEEG00000005548	ca4c
ENSDARP00000103685	ENSDARG00000076627	smg9	ENSEEEP00000037229	ENSEEEG00000017695	SMG9
ENSDARP00000061134	ENSDARG00000023117	gopc	ENSEEEP00000015033	ENSEEEG00000007481	gopc
ENSDARP00000059666	ENSDARG00000040730	wdr75	ENSEEEP00000049427	ENSEEEG00000023230	WDR75
ENSDARP00000013006	ENSDARG00000016302	upf1	ENSEEEP00000000106	ENSEEEG00000000063	UPF1
ENSDARP00000105066	ENSDARG00000089314	mapta	ENSEEEP00000014410	ENSEEEG00000007175	mapta
ENSDARP00000058254	ENSDARG00000039827	bbs5	ENSEEEP00000039158	ENSEEEG00000018562	bbs5
ENSDARP00000135997	ENSDARG00000054666	pgpep1	ENSEEEP00000053452	ENSEEEG00000027260	PGPEP1
ENSDARP00000136897	ENSDARG00000100721	si:ch211-175l6.2	ENSEEEP00000004696	ENSEEEG00000028696	trim35-13
ENSDARP00000042671	ENSDARG00000029088	guf1	ENSEEEP00000033646	ENSEEEG00000015858	GUF1
ENSDARP00000145316	ENSDARG00000007576	crybb1l1	ENSEEEP00000032352	ENSEEEG00000015421	crybb1l1
ENSDARP00000133400	ENSDARG00000101768	trgv3	ENSEEEP00000050105	ENSEEEG00000029093	
ENSDARP00000107134	ENSDARG00000032802	ktn1	ENSEEEP00000055350	ENSEEEG00000006385	KTN1
ENSDARP00000116332	ENSDARG00000088390	nme4	ENSEEEP00000062433	ENSEEEG00000018346	NME4
ENSDARP00000088526	ENSDARG00000067850	jund	ENSEEEP00000000127	ENSEEEG00000000093	JUND
ENSDARP00000115941	ENSDARG00000031698	mylk2	ENSEEEP00000009726	ENSEEEG00000004955	creb1a
ENSDARP00000121562	ENSDARG00000078701	prdm13	ENSEEEP00000024785	ENSEEEG00000011997	PRDM13
ENSDARP00000013072	ENSDARG00000007406	phox2a	ENSEEEP00000008069	ENSEEEG00000004207	PHOX2A
ENSDARP00000111582	ENSDARG00000091777	mapkap1	ENSEEEP00000041289	ENSEEEG00000019539	MAPKAP1
ENSDARP00000009190	ENSDARG00000007359	zgc:56596	ENSEEEP00000001886	ENSEEEG00000001182	UBL4A
ENSDARP00000100110	ENSDARG00000030350	mnx2b	ENSEEEP00000041768	ENSEEEG00000019752	mnx2b
ENSDARP00000138255	ENSDARG00000104891	si:dkey-109j17.5	ENSEEEP00000011806	ENSEEEG00000005945	si:dkey-109j17.5
ENSDARP00000132926	ENSDARG00000100439	zgc:153383	ENSEEEP00000020848	ENSEEEG00000010163	FAM177A1
ENSDARP00000138045	ENSDARG00000105061	si:ch73-261i21.5	ENSEEEP00000029792	ENSEEEG00000014272	si:ch73-261i21.5
ENSDARP00000120666	ENSDARG00000074776	tmem154	ENSEEEP00000015494	ENSEEEG00000007692	tmem154
ENSDARP00000077802	ENSDARG00000037883	prcp	ENSEEEP00000063928	ENSEEEG00000018111	PRCP
ENSDARP00000088044	ENSDARG00000077060	rbm6	ENSEEEP00000012455	ENSEEEG00000006254	rbm6
ENSDARP00000063695	ENSDARG00000043388	atraid	ENSEEEP00000051008	ENSEEEG00000023954	ATRAID
ENSDARP00000040190	ENSDARG00000091418	snx17	ENSEEEP00000051025	ENSEEEG00000023956	SNX17
ENSDARP00000095538	ENSDARG00000071032	pnkd	ENSEEEP00000047710	ENSEEEG00000022459	pnkd
ENSDARP00000021980	ENSDARG00000019302	mid1ip1b	ENSEEEP00000026437	ENSEEEG00000012790	mid1ip1b
ENSDARP00000137545	ENSDARG00000099593	r3hcc1	ENSEEEP00000028310	ENSEEEG00000013607	
ENSDARP00000006784	ENSDARG00000009470	hnf1a	ENSEEEP00000058913	ENSEEEG00000023849	HNF1A
ENSDARP00000125625	ENSDARG00000006031	abat	ENSEEEP00000043529	ENSEEEG00000020394	ABAT
ENSDARP00000136072	ENSDARG00000095459	si:ch211-191j22.3	ENSEEEP00000005768	ENSEEEG00000003048	si:ch211-191j22.3
ENSDARP00000092882	ENSDARG00000017798	bcor	ENSEEEP00000023547	ENSEEEG00000011419	BCOR
ENSDARP00000082680	ENSDARG00000061691	qpctla	ENSEEEP00000055253	ENSEEEG00000028811	qpctla
ENSDARP00000049792	ENSDARG00000042533	gstm.1	ENSEEEP00000029184	ENSEEEG00000013994	gstm.1
ENSDARP00000058788	ENSDARG00000040190	qdpra	ENSEEEP00000032468	ENSEEEG00000015476	qdpra
ENSDARP00000134335	ENSDARG00000093058	stmp1	ENSEEEP00000021938	ENSEEEG00000010659	STMP1
ENSDARP00000026717	ENSDARG00000005320	nipsnap1	ENSEEEP00000019668	ENSEEEG00000009625	NIPSNAP1
ENSDARP00000014604	ENSDARG00000006677	ripk1l	ENSEEEP00000051488	ENSEEEG00000024174	ripk1l
ENSDARP00000003302	ENSDARG00000042833	rffl	ENSEEEP00000049948	ENSEEEG00000023482	RFFL
ENSDARP00000128500	ENSDARG00000013240	sxph	ENSEEEP00000018056	ENSEEEG00000008892	zgc:172271
ENSDARP00000053595	ENSDARG00000036911	scamp1	ENSEEEP00000012955	ENSEEEG00000006511	SCAMP1
ENSDARP00000109153	ENSDARG00000088204	shisa8b	ENSEEEP00000023746	ENSEEEG00000011503	shisa8b
ENSDARP00000086168	ENSDARG00000063032	dok6	ENSEEEP00000020362	ENSEEEG00000009937	DOK6
ENSDARP00000003829	ENSDARG00000019791	prmt3	ENSEEEP00000051550	ENSEEEG00000024202	PRMT3
ENSDARP00000061273	ENSDARG00000041811	rps25	ENSEEEP00000022529	ENSEEEG00000010938	RPS25
ENSDARP00000002618	ENSDARG00000015070	pola2	ENSEEEP00000022425	ENSEEEG00000010866	pola2
ENSDARP00000060161	ENSDARG00000041065	hspb1	ENSEEEP00000000138	ENSEEEG00000000101	HSPB1
ENSDARP00000111763	ENSDARG00000089795	sertad4	ENSEEEP00000049276	ENSEEEG00000023162	SERTAD4
ENSDARP00000108576	ENSDARG00000041887	sf3a1	ENSEEEP00000040400	ENSEEEG00000019119	SF3A1
ENSDARP00000125087	ENSDARG00000045437	slc35b3	ENSEEEP00000033541	ENSEEEG00000015943	SLC35B3
ENSDARP00000124893	ENSDARG00000041295	lim2.5	ENSEEEP00000043610	ENSEEEG00000020616	LIM2
ENSDARP00000140912	ENSDARG00000101393	si:dkey-31g6.6	ENSEEEP00000012049	ENSEEEG00000006076	si:dkey-31g6.6
ENSDARP00000138592	ENSDARG00000101798	or94a1	ENSEEEP00000007020	ENSEEEG00000003698	si:dkeyp-3f10.17
ENSDARP00000073441	ENSDARG00000056480	cpvl	ENSEEEP00000058373	ENSEEEG00000014691	CPVL
ENSDARP00000119440	ENSDARG00000077371	kcnk15	ENSEEEP00000028312	ENSEEEG00000013608	KCNK15
ENSDARP00000015997	ENSDARG00000017775	atp5mc3a	ENSEEEP00000021274	ENSEEEG00000010367	atp5mc3b
ENSDARP00000016349	ENSDARG00000021120	ndc1	ENSEEEP00000016484	ENSEEEG00000007930	NDC1
ENSDARP00000142863	ENSDARG00000105562	batf2	ENSEEEP00000049629	ENSEEEG00000023336	si:dkey-23i12.7
ENSDARP00000107271	ENSDARG00000091127	klf15	ENSEEEP00000012684	ENSEEEG00000006368	KLF15
ENSDARP00000122569	ENSDARG00000042933	bloc1s6	ENSEEEP00000048992	ENSEEEG00000023021	BLOC1S6
ENSDARP00000051197	ENSDARG00000035333	mis18a	ENSEEEP00000029768	ENSEEEG00000014260	MIS18A
ENSDARP00000122841	ENSDARG00000057556	rpl17	ENSEEEP00000030490	ENSEEEG00000014601	rpl17
ENSDARP00000104126	ENSDARG00000075299	prxl2c	ENSEEEP00000063358	ENSEEEG00000027575	PRXL2C
ENSDARP00000140752	ENSDARG00000100481	smg6	ENSEEEP00000036372	ENSEEEG00000017297	SMG6
ENSDARP00000114360	ENSDARG00000092074	hcst	ENSEEEP00000034252	ENSEEEG00000016316	HCST
ENSDARP00000052697	ENSDARG00000001712	s100p	ENSEEEP00000050599	ENSEEEG00000023794	si:ch211-247n2.1
ENSDARP00000022653	ENSDARG00000016399	riok1	ENSEEEP00000026517	ENSEEEG00000012788	RIOK1
ENSDARP00000104170	ENSDARG00000039969	akirin1	ENSEEEP00000060273	ENSEEEG00000010473	AKIRIN1
ENSDARP00000038172	ENSDARG00000022438	cox6a1	ENSEEEP00000050747	ENSEEEG00000023845	cox6a1
ENSDARP00000086365	ENSDARG00000063126	gusb	ENSEEEP00000003755	ENSEEEG00000002023	GUSB
ENSDARP00000059973	ENSDARG00000040925	wnt10b	ENSEEEP00000061607	ENSEEEG00000028403	WNT10B
ENSDARP00000141692	ENSDARG00000101199	rbp4	ENSEEEP00000038403	ENSEEEG00000018239	RBP4
ENSDARP00000053283	ENSDARG00000036687	bcl9	ENSEEEP00000050066	ENSEEEG00000023546	BCL9
ENSDARP00000046994	ENSDARG00000034777	txn2	ENSEEEP00000050979	ENSEEEG00000023942	TXN2
ENSDARP00000123966	ENSDARG00000005230	ssr2	ENSEEEP00000037304	ENSEEEG00000017722	SSR2
ENSDARP00000016637	ENSDARG00000021184	rbfox1l	ENSEEEP00000060882	ENSEEEG00000025686	rbfox1l
ENSDARP00000104293	ENSDARG00000077227	fbxl6	ENSEEEP00000011534	ENSEEEG00000005814	
ENSDARP00000152742	ENSDARG00000028222	itgb8	ENSEEEP00000010922	ENSEEEG00000005522	itgb8
ENSDARP00000123937	ENSDARG00000027087	tgfb2	ENSEEEP00000014870	ENSEEEG00000007403	TGFB2
ENSDARP00000094210	ENSDARG00000070461	cdin1	ENSEEEP00000015608	ENSEEEG00000007741	CDIN1
ENSDARP00000128128	ENSDARG00000074829	rasip1	ENSEEEP00000026250	ENSEEEG00000012687	RASIP1
ENSDARP00000094435	ENSDARG00000070546	msgn1	ENSEEEP00000043746	ENSEEEG00000020681	msgn1
ENSDARP00000101952	ENSDARG00000076056	iyd	ENSEEEP00000004114	ENSEEEG00000002187	IYD
ENSDARP00000107905	ENSDARG00000091304	card19	ENSEEEP00000000365	ENSEEEG00000000271	card19
ENSDARP00000118471	ENSDARG00000069321	fam169b	ENSEEEP00000045791	ENSEEEG00000021587	fam169b
ENSDARP00000131320	ENSDARG00000040463	slc25a51b	ENSEEEP00000062664	ENSEEEG00000026616	slc25a51b
ENSDARP00000014240	ENSDARG00000039979	tecrl2b	ENSEEEP00000033777	ENSEEEG00000016080	tecrl2b
ENSDARP00000002507	ENSDARG00000069995	dpy19l1l	ENSEEEP00000024603	ENSEEEG00000011914	dpy19l1l
ENSDARP00000119870	ENSDARG00000059388	bdh1	ENSEEEP00000038891	ENSEEEG00000018448	BDH1
ENSDARP00000121587	ENSDARG00000031911	tns3.2	ENSEEEP00000057678	ENSEEEG00000000808	
ENSDARP00000038258	ENSDARG00000025808	taf5l	ENSEEEP00000061402	ENSEEEG00000027876	TAF5L
ENSDARP00000129778	ENSDARG00000030479	hmgb1b	ENSEEEP00000044969	ENSEEEG00000021224	hmgb1b
ENSDARP00000121308	ENSDARG00000002249	tbxas1	ENSEEEP00000007182	ENSEEEG00000003642	TBXAS1
ENSDARP00000022797	ENSDARG00000008022	kif18a	ENSEEEP00000036663	ENSEEEG00000017404	KIF18A
ENSDARP00000129844	ENSDARG00000062781	glsl	ENSEEEP00000045663	ENSEEEG00000021536	glsl
ENSDARP00000081481	ENSDARG00000061208	rab40c	ENSEEEP00000055347	ENSEEEG00000028941	RAB40C
ENSDARP00000113298	ENSDARG00000073781	si:dkey-17e16.9	ENSEEEP00000037990	ENSEEEG00000018041	si:dkey-17e16.9
ENSDARP00000066986	ENSDARG00000093007	mphosph6	ENSEEEP00000062764	ENSEEEG00000025731	MPHOSPH6
ENSDARP00000154940	ENSDARG00000060308	urb1	ENSEEEP00000015324	ENSEEEG00000007613	URB1
ENSDARP00000001156	ENSDARG00000000651	osgepl1	ENSEEEP00000049400	ENSEEEG00000023216	OSGEPL1
ENSDARP00000031533	ENSDARG00000028507	itgb4	ENSEEEP00000035449	ENSEEEG00000016876	itgb4
ENSDARP00000049098	ENSDARG00000025043	trip13	ENSEEEP00000021479	ENSEEEG00000010432	TRIP13
ENSDARP00000135830	ENSDARG00000100312	hoxa13a	ENSEEEP00000002603	ENSEEEG00000001502	hoxa13a
ENSDARP00000122119	ENSDARG00000086553	nlrc3l1	ENSEEEP00000010478	ENSEEEG00000005302	nlrc3l1
ENSDARP00000105420	ENSDARG00000035074	rtel1	ENSEEEP00000009043	ENSEEEG00000004656	rtel1
ENSDARP00000106577	ENSDARG00000086158	ccbe1	ENSEEEP00000008707	ENSEEEG00000004519	CCBE1
ENSDARP00000045149	ENSDARG00000008790	actr3b	ENSEEEP00000057022	ENSEEEG00000019121	ACTR3
ENSDARP00000133433	ENSDARG00000099365	evx1	ENSEEEP00000002598	ENSEEEG00000001499	EVX1
ENSDARP00000106946	ENSDARG00000091609	spink4	ENSEEEP00000037199	ENSEEEG00000017682	spink4
ENSDARP00000127061	ENSDARG00000043485	si:ch211-22i13.2	ENSEEEP00000016345	ENSEEEG00000008085	si:ch211-22i13.2
ENSDARP00000133272	ENSDARG00000104307	hoxa1a	ENSEEEP00000002623	ENSEEEG00000001513	hoxa1a
ENSDARP00000080475	ENSDARG00000060788	lrrc14b	ENSEEEP00000018158	ENSEEEG00000008931	LRRC14B
ENSDARP00000048822	ENSDARG00000032098	c8g	ENSEEEP00000035160	ENSEEEG00000016731	C8G
ENSDARP00000142669	ENSDARG00000105532	znf16l	ENSEEEP00000042447	ENSEEEG00000020041	znf16l
ENSDARP00000116407	ENSDARG00000070774	irgf1	ENSEEEP00000034594	ENSEEEG00000016453	IRGC
ENSDARP00000071727	ENSDARG00000054975	cxcr2	ENSEEEP00000015072	ENSEEEG00000007500	cxcr2
ENSDARP00000124394	ENSDARG00000063451	ccdc13	ENSEEEP00000055467	ENSEEEG00000025444	ccdc13
ENSDARP00000120441	ENSDARG00000055837	arhgef1	ENSEEEP00000043095	ENSEEEG00000020280	mre11a
ENSDARP00000038292	ENSDARG00000028066	diras1a	ENSEEEP00000051383	ENSEEEG00000024114	diras1a
ENSDARP00000034536	ENSDARG00000026871	uchl1	ENSEEEP00000016068	ENSEEEG00000007960	UCHL1
ENSDARP00000083939	ENSDARG00000062146	larp4b	ENSEEEP00000034683	ENSEEEG00000016440	LARP4B
ENSDARP00000121048	ENSDARG00000035427	surf6	ENSEEEP00000031318	ENSEEEG00000014997	SURF6
ENSDARP00000048045	ENSDARG00000030156	naglu	ENSEEEP00000001566	ENSEEEG00000001002	NAGLU
ENSDARP00000130583	ENSDARG00000040465	irf2b	ENSEEEP00000033337	ENSEEEG00000015844	IRF2
ENSDARP00000126646	ENSDARG00000019406	zgc:63470	ENSEEEP00000035433	ENSEEEG00000016875	C11orf68
ENSDARP00000005747	ENSDARG00000009657	fgfr1op2	ENSEEEP00000045985	ENSEEEG00000021667	FGFR1OP2
ENSDARP00000037286	ENSDARG00000028088	galk1	ENSEEEP00000011269	ENSEEEG00000005712	GALK1
ENSDARP00000060398	ENSDARG00000041203	drap1	ENSEEEP00000064331	ENSEEEG00000028014	DRAP1
ENSDARP00000122253	ENSDARG00000009885	sult3st1	ENSEEEP00000042207	ENSEEEG00000019940	sult3st1
ENSDARP00000119350	ENSDARG00000079632	pold4	ENSEEEP00000006797	ENSEEEG00000003589	si:dkey-28b4.7
ENSDARP00000150886	ENSDARG00000077368	slc30a6	ENSEEEP00000052934	ENSEEEG00000006454	SLC30A6
ENSDARP00000124389	ENSDARG00000058597	nt5c3a	ENSEEEP00000057784	ENSEEEG00000012644	NT5C3A
ENSDARP00000119275	ENSDARG00000014806	hacd2	ENSEEEP00000061370	ENSEEEG00000015154	HACD2
ENSDARP00000114485	ENSDARG00000007671	ghrb	ENSEEEP00000013829	ENSEEEG00000006880	ghrb
ENSDARP00000129470	ENSDARG00000097901	si:ch73-90p23.1	ENSEEEP00000043552	ENSEEEG00000020585	si:ch73-90p23.1
ENSDARP00000068045	ENSDARG00000051851	ctu2	ENSEEEP00000041613	ENSEEEG00000019678	CTU2
ENSDARP00000141758	ENSDARG00000077943	ints5	ENSEEEP00000048031	ENSEEEG00000022627	INTS5
ENSDARP00000129029	ENSDARG00000069673	chid1	ENSEEEP00000040996	ENSEEEG00000019412	CHID1
ENSDARP00000114157	ENSDARG00000114797	rab3b	ENSEEEP00000035993	ENSEEEG00000017124	RAB3B
ENSDARP00000144441	ENSDARG00000003217	urb2	ENSEEEP00000034607	ENSEEEG00000016462	URB2
ENSDARP00000136296	ENSDARG00000100280	znfx1	ENSEEEP00000015770	ENSEEEG00000007788	znfx1
ENSDARP00000067821	ENSDARG00000046132	dynlt3	ENSEEEP00000010002	ENSEEEG00000005083	DYNLT3
ENSDARP00000123087	ENSDARG00000068406	six5	ENSEEEP00000033180	ENSEEEG00000015784	six5
ENSDARP00000138803	ENSDARG00000102921	or80a7	ENSEEEP00000002912	ENSEEEG00000028770	
ENSDARP00000113154	ENSDARG00000037646	rgs11	ENSEEEP00000025519	ENSEEEG00000012196	RGS11
ENSDARP00000155968	ENSDARG00000095224	camkmt	ENSEEEP00000014775	ENSEEEG00000007353	camkmt
ENSDARP00000135525	ENSDARG00000098350	mxd3	ENSEEEP00000019342	ENSEEEG00000009478	MXD3
ENSDARP00000149208	ENSDARG00000092478	sdhaf1	ENSEEEP00000005766	ENSEEEG00000003046	SDHAF1
ENSDARP00000102275	ENSDARG00000075698	nkpd1	ENSEEEP00000026779	ENSEEEG00000012924	nkpd1
ENSDARP00000097546	ENSDARG00000077028	nat8l2	ENSEEEP00000015662	ENSEEEG00000007759	si:ch211-81n22.1
ENSDARP00000131990	ENSDARG00000099885	trim105	ENSEEEP00000019334	ENSEEEG00000009472	trim105
ENSDARP00000116055	ENSDARG00000036494	gstcd	ENSEEEP00000023467	ENSEEEG00000011375	GSTCD
ENSDARP00000057600	ENSDARG00000039424	snrpb2	ENSEEEP00000035296	ENSEEEG00000016798	SNRPB2
ENSDARP00000105913	ENSDARG00000071555	zgc:153675	ENSEEEP00000032979	ENSEEEG00000015703	zgc:153675
ENSDARP00000035513	ENSDARG00000028119	sumo3a	ENSEEEP00000044623	ENSEEEG00000021058	SUMO3
ENSDARP00000142642	ENSDARG00000036575	si:ch73-71d17.2	ENSEEEP00000035300	ENSEEEG00000016803	si:ch73-71d17.2
ENSDARP00000110236	ENSDARG00000078520	ikbip	ENSEEEP00000043865	ENSEEEG00000020733	DCTN2
ENSDARP00000093937	ENSDARG00000070362	gjb9b	ENSEEEP00000026481	ENSEEEG00000012813	cx28.6
ENSDARP00000107467	ENSDARG00000024651	snrpa1	ENSEEEP00000032152	ENSEEEG00000015333	SNRPA1
ENSDARP00000137146	ENSDARG00000098330	spef2	ENSEEEP00000012884	ENSEEEG00000006473	SPEF2
ENSDARP00000081675	ENSDARG00000061274	lss	ENSEEEP00000002846	ENSEEEG00000001629	LSS
ENSDARP00000085375	ENSDARG00000062695	ccdc126	ENSEEEP00000016918	ENSEEEG00000008387	CCDC126
ENSDARP00000131995	ENSDARG00000030166	hyi	ENSEEEP00000010167	ENSEEEG00000005157	HYI
ENSDARP00000134636	ENSDARG00000102615	fra10ac1	ENSEEEP00000038424	ENSEEEG00000018245	FRA10AC1
ENSDARP00000004270	ENSDARG00000013057	hoxb5a	ENSEEEP00000007599	ENSEEEG00000003969	hoxb5a
ENSDARP00000031340	ENSDARG00000022974	wdr13	ENSEEEP00000057706	ENSEEEG00000017685	WDR13
ENSDARP00000007507	ENSDARG00000020744	bdkrb1	ENSEEEP00000019430	ENSEEEG00000009516	BDKRB1
ENSDARP00000122604	ENSDARG00000005049	rab20	ENSEEEP00000037849	ENSEEEG00000017994	RAB20
ENSDARP00000124778	ENSDARG00000040568	nherf4a	ENSEEEP00000019540	ENSEEEG00000009579	pdzd3a
ENSDARP00000074719	ENSDARG00000057571	pgam2	ENSEEEP00000030500	ENSEEEG00000014613	PGAM2
ENSDARP00000062417	ENSDARG00000042555	dym	ENSEEEP00000006592	ENSEEEG00000003488	DYM
ENSDARP00000094186	ENSDARG00000035889	zbtb8b	ENSEEEP00000031451	ENSEEEG00000015046	zbtb8b
ENSDARP00000071033	ENSDARG00000054373	b3gnt3.2	ENSEEEP00000014121	ENSEEEG00000007014	B3GNT3
ENSDARP00000062337	ENSDARG00000042510	acot20	ENSEEEP00000028108	ENSEEEG00000013527	acot21
ENSDARP00000073936	ENSDARG00000056903	mrpl13	ENSEEEP00000026901	ENSEEEG00000012987	MRPL13
ENSDARP00000022826	ENSDARG00000004696	eefsec	ENSEEEP00000018082	ENSEEEG00000008897	EEFSEC
ENSDARP00000106191	ENSDARG00000015076	gja8b	ENSEEEP00000050072	ENSEEEG00000023549	gja8b
ENSDARP00000105358	ENSDARG00000010531	scamp4	ENSEEEP00000059173	ENSEEEG00000025899	SCAMP4
ENSDARP00000045108	ENSDARG00000029443	zgc:92242	ENSEEEP00000029842	ENSEEEG00000014301	zgc:92242
ENSDARP00000009817	ENSDARG00000096829	blvrb	ENSEEEP00000027016	ENSEEEG00000013046	BLVRB
ENSDARP00000106382	ENSDARG00000020607	emc3	ENSEEEP00000063416	ENSEEEG00000024412	EMC3
ENSDARP00000073711	ENSDARG00000056720	utp3	ENSEEEP00000009463	ENSEEEG00000004830	UTP3
ENSDARP00000034794	ENSDARG00000025332	rbm28	ENSEEEP00000021142	ENSEEEG00000010306	RBM28
ENSDARP00000013273	ENSDARG00000013478	rrp15	ENSEEEP00000014869	ENSEEEG00000007402	RRP15
ENSDARP00000032411	ENSDARG00000022183	gsto1	ENSEEEP00000050393	ENSEEEG00000023696	GSTO2
ENSDARP00000128953	ENSDARG00000097458	si:dkey-208m12.3	ENSEEEP00000047286	ENSEEEG00000022258	TNFSF8
ENSDARP00000052619	ENSDARG00000036222	npy	ENSEEEP00000016912	ENSEEEG00000008383	NPY
ENSDARP00000115268	ENSDARG00000088828	paqr8	ENSEEEP00000010709	ENSEEEG00000005421	PAQR8
ENSDARP00000137487	ENSDARG00000100515	dusp1	ENSEEEP00000017728	ENSEEEG00000008760	DUSP1
ENSDARP00000127301	ENSDARG00000061011	hlfb	ENSEEEP00000017841	ENSEEEG00000008811	hlfb
ENSDARP00000072874	ENSDARG00000055996	rps8a	ENSEEEP00000015967	ENSEEEG00000007884	rps8a
ENSDARP00000055151	ENSDARG00000037855	taf11	ENSEEEP00000022587	ENSEEEG00000010968	TAF11
ENSDARP00000102340	ENSDARG00000076799	rnd3a	ENSEEEP00000000721	ENSEEEG00000000497	rnd3a
ENSDARP00000129775	ENSDARG00000089860	atxn7l1	ENSEEEP00000055341	ENSEEEG00000028067	ATXN7L1
ENSDARP00000070415	ENSDARG00000053829	pax9	ENSEEEP00000045064	ENSEEEG00000021270	PAX9
ENSDARP00000114962	ENSDARG00000038097	pigq	ENSEEEP00000045450	ENSEEEG00000021407	PIGQ
ENSDARP00000151866	ENSDARG00000056794	arl3a	ENSEEEP00000058440	ENSEEEG00000028237	arl3a
ENSDARP00000080361	ENSDARG00000012184	zgc:162872	ENSEEEP00000000317	ENSEEEG00000000230	zgc:162872
ENSDARP00000082939	ENSDARG00000061784	arhgap25	ENSEEEP00000050347	ENSEEEG00000023672	ARHGAP25
ENSDARP00000012146	ENSDARG00000018459	msrb2	ENSEEEP00000035161	ENSEEEG00000016732	MSRB2
ENSDARP00000148544	ENSDARG00000079687	rnf10	ENSEEEP00000014174	ENSEEEG00000007040	RNF10
ENSDARP00000054709	ENSDARG00000037570	polr1d	ENSEEEP00000057111	ENSEEEG00000026257	POLR1D
ENSDARP00000106803	ENSDARG00000007086	aqp10a	ENSEEEP00000013231	ENSEEEG00000006561	aqp10a
ENSDARP00000136293	ENSDARG00000103046	rest	ENSEEEP00000055318	ENSEEEG00000024947	REST
ENSDARP00000129099	ENSDARG00000090145	tmem240b	ENSEEEP00000046897	ENSEEEG00000022074	tmem240b
ENSDARP00000048163	ENSDARG00000033539	paics	ENSEEEP00000040581	ENSEEEG00000019166	paics
ENSDARP00000112089	ENSDARG00000069423	tmie	ENSEEEP00000051432	ENSEEEG00000024138	TMIE
ENSDARP00000026669	ENSDARG00000005150	tbx20	ENSEEEP00000024544	ENSEEEG00000011899	TBX20
ENSDARP00000118027	ENSDARG00000002332	frmd6	ENSEEEP00000034598	ENSEEEG00000016456	FRMD6
ENSDARP00000118661	ENSDARG00000093100	tmprss12	ENSEEEP00000009192	ENSEEEG00000004725	tmprss12
ENSDARP00000115852	ENSDARG00000078280	nkx3-1	ENSEEEP00000001956	ENSEEEG00000001222	NKX3-1
ENSDARP00000118189	ENSDARG00000036816	pou2f2a	ENSEEEP00000044636	ENSEEEG00000021076	pou2f2a
ENSDARP00000038769	ENSDARG00000021033	herpud2	ENSEEEP00000024557	ENSEEEG00000011907	HERPUD2
ENSDARP00000090636	ENSDARG00000073743	slc25a37	ENSEEEP00000061445	ENSEEEG00000026858	SLC25A37
ENSDARP00000101157	ENSDARG00000078859	g0s2	ENSEEEP00000003844	ENSEEEG00000002057	G0S2
ENSDARP00000115000	ENSDARG00000004840	rassf1	ENSEEEP00000005331	ENSEEEG00000002787	RASSF1
ENSDARP00000136252	ENSDARG00000098868	xpo5	ENSEEEP00000014467	ENSEEEG00000007165	XPO5
ENSDARP00000011815	ENSDARG00000018281	cfap161	ENSEEEP00000013911	ENSEEEG00000006914	CFAP161
ENSDARP00000102301	ENSDARG00000076334	mrpl43	ENSEEEP00000011279	ENSEEEG00000005715	MRPL43
ENSDARP00000123404	ENSDARG00000005078	eif4e3	ENSEEEP00000055461	ENSEEEG00000028914	EIF4E3
ENSDARP00000130722	ENSDARG00000099900	twnk	ENSEEEP00000011278	ENSEEEG00000005713	twnk
ENSDARP00000141254	ENSDARG00000019438	rnf13	ENSEEEP00000058474	ENSEEEG00000003638	RNF13
ENSDARP00000067000	ENSDARG00000045565	noc4l	ENSEEEP00000056060	ENSEEEG00000015106	NOC4L
ENSDARP00000141533	ENSDARG00000102643	chmp1a	ENSEEEP00000054661	ENSEEEG00000008309	CHMP1A
ENSDARP00000007840	ENSDARG00000014101	pyroxd2	ENSEEEP00000006295	ENSEEEG00000003301	PYROXD2
ENSDARP00000049863	ENSDARG00000031600	rd3	ENSEEEP00000016349	ENSEEEG00000008088	RD3
ENSDARP00000122985	ENSDARG00000058379	otpb	ENSEEEP00000028151	ENSEEEG00000013548	otpb
ENSDARP00000112948	ENSDARG00000071558	fblim1	ENSEEEP00000047128	ENSEEEG00000022182	FBLIM1
ENSDARP00000088654	ENSDARG00000067925	sstr1b	ENSEEEP00000042445	ENSEEEG00000020040	sstr1b
ENSDARP00000034149	ENSDARG00000025285	panx1a	ENSEEEP00000015329	ENSEEEG00000007619	panx1a
ENSDARP00000075784	ENSDARG00000058470	mapk13	ENSEEEP00000047588	ENSEEEG00000022296	mapk13
ENSDARP00000134664	ENSDARG00000104654	leap2	ENSEEEP00000000081	ENSEEEG00000000052	LEAP2
ENSDARP00000048639	ENSDARG00000028976	pus3	ENSEEEP00000001582	ENSEEEG00000001012	PUS3
ENSDARP00000099961	ENSDARG00000074387	alkal1	ENSEEEP00000040531	ENSEEEG00000019198	ALKAL1
ENSDARP00000128968	ENSDARG00000097155	gdpgp1	ENSEEEP00000046044	ENSEEEG00000021694	GDPGP1
ENSDARP00000098976	ENSDARG00000062111	rxfp3.3a2	ENSEEEP00000000057	ENSEEEG00000000026	rxfp3.3b
ENSDARP00000056741	ENSDARG00000038863	babam2	ENSEEEP00000012270	ENSEEEG00000006175	BABAM2
ENSDARP00000113225	ENSDARG00000073870	gdpd2	ENSEEEP00000030018	ENSEEEG00000014392	gdpd2
ENSDARP00000131337	ENSDARG00000101300	ssna1	ENSEEEP00000020711	ENSEEEG00000010101	ssna1
ENSDARP00000012094	ENSDARG00000008678	snx3	ENSEEEP00000053177	ENSEEEG00000025965	SNX3
ENSDARP00000051692	ENSDARG00000035648	irx4a	ENSEEEP00000006861	ENSEEEG00000003625	irx4a
ENSDARP00000024965	ENSDARG00000007169	itgb1bp1	ENSEEEP00000035578	ENSEEEG00000016941	ITGB1BP1
ENSDARP00000123803	ENSDARG00000037473	cd79a	ENSEEEP00000043173	ENSEEEG00000020381	CD79A
ENSDARP00000124666	ENSDARG00000039959	gdnfa	ENSEEEP00000019828	ENSEEEG00000009703	gdnfa
ENSDARP00000012856	ENSDARG00000005462	kif4	ENSEEEP00000043592	ENSEEEG00000020603	kif4
ENSDARP00000116712	ENSDARG00000013492	zbtb34	ENSEEEP00000052885	ENSEEEG00000027580	ZBTB34
ENSDARP00000101972	ENSDARG00000013252	tmc5	ENSEEEP00000045463	ENSEEEG00000021457	tmc5
ENSDARP00000027181	ENSDARG00000002582	tbx15	ENSEEEP00000064396	ENSEEEG00000009312	TBX15
ENSDARP00000126905	ENSDARG00000062562	egln2	ENSEEEP00000019761	ENSEEEG00000009672	EGLN2
ENSDARP00000118910	ENSDARG00000070959	si:ch211-288g17.3	ENSEEEP00000060433	ENSEEEG00000027971	si:ch211-288g17.3
ENSDARP00000076889	ENSDARG00000059354	glmp	ENSEEEP00000005575	ENSEEEG00000002933	GLMP
ENSDARP00000009932	ENSDARG00000071037	pex13	ENSEEEP00000009815	ENSEEEG00000004983	PEX13
ENSDARP00000058776	ENSDARG00000040180	slc35a1	ENSEEEP00000051307	ENSEEEG00000024075	SLC35A1
ENSDARP00000122393	ENSDARG00000036994	tbc1d16	ENSEEEP00000011043	ENSEEEG00000005592	TBC1D16
ENSDARP00000156251	ENSDARG00000015015	tspan18b	ENSEEEP00000022654	ENSEEEG00000011000	tspan18b
ENSDARP00000136992	ENSDARG00000103484	pkdc	ENSEEEP00000024535	ENSEEEG00000011897	pkdc
ENSDARP00000150156	ENSDARG00000013251	hsf4	ENSEEEP00000048760	ENSEEEG00000022938	HSF4
ENSDARP00000113212	ENSDARG00000029724	pqbp1	ENSEEEP00000004514	ENSEEEG00000002353	PQBP1
ENSDARP00000023444	ENSDARG00000004527	pin4	ENSEEEP00000035211	ENSEEEG00000016752	PIN4
ENSDARP00000053762	ENSDARG00000036990	dctd	ENSEEEP00000018601	ENSEEEG00000009144	DCTD
ENSDARP00000123828	ENSDARG00000044567	ttc1	ENSEEEP00000043766	ENSEEEG00000020689	TTC1
ENSDARP00000005687	ENSDARG00000004059	galk2	ENSEEEP00000034109	ENSEEEG00000016218	GALK2
ENSDARP00000117098	ENSDARG00000018971	b3gnt5a	ENSEEEP00000050712	ENSEEEG00000023826	b3gnt5a
ENSDARP00000118626	ENSDARG00000071570	ccdc71	ENSEEEP00000015881	ENSEEEG00000007849	si:dkeyp-87e7.4
ENSDARP00000040668	ENSDARG00000017429	sphkap	ENSEEEP00000026410	ENSEEEG00000012782	sphkap
ENSDARP00000103105	ENSDARG00000077863	mettl22	ENSEEEP00000043120	ENSEEEG00000020357	METTL22
ENSDARP00000047669	ENSDARG00000031761	dab2	ENSEEEP00000039326	ENSEEEG00000018677	DAB2
ENSDARP00000073355	ENSDARG00000012577	waca	ENSEEEP00000049217	ENSEEEG00000023126	waca
ENSDARP00000135415	ENSDARG00000100782	f7l	ENSEEEP00000062276	ENSEEEG00000025930	F7
ENSDARP00000067732	ENSDARG00000046071	ark2n	ENSEEEP00000061296	ENSEEEG00000027581	C18orf25
ENSDARP00000022674	ENSDARG00000010097	f9a	ENSEEEP00000052107	ENSEEEG00000024440	f9a
ENSDARP00000124288	ENSDARG00000056077	dcst1	ENSEEEP00000032228	ENSEEEG00000015371	NME4
ENSDARP00000070818	ENSDARG00000054213	hectd1	ENSEEEP00000002497	ENSEEEG00000001458	HECTD1
ENSDARP00000069175	ENSDARG00000016548	eif5b	ENSEEEP00000041107	ENSEEEG00000019327	EIF5B
ENSDARP00000075572	ENSDARG00000006093	cdk15	ENSEEEP00000022687	ENSEEEG00000011014	CDK15
ENSDARP00000061750	ENSDARG00000042130	zp3a.2	ENSEEEP00000014248	ENSEEEG00000006856	zp2l2
ENSDARP00000061764	ENSDARG00000042138	selp	ENSEEEP00000025228	ENSEEEG00000012238	SELP
ENSDARP00000046765	ENSDARG00000031337	hoxa10b	ENSEEEP00000030762	ENSEEEG00000014720	hoxa10b
ENSDARP00000066779	ENSDARG00000045413	gcm2	ENSEEEP00000033482	ENSEEEG00000015915	GCM2
ENSDARP00000111843	ENSDARG00000090344	il19l	ENSEEEP00000037777	ENSEEEG00000017959	il19l
ENSDARP00000142891	ENSDARG00000006878	phf21aa	ENSEEEP00000019120	ENSEEEG00000009378	phf21aa
ENSDARP00000049372	ENSDARG00000030830	cmtr1	ENSEEEP00000012654	ENSEEEG00000006114	hhatla
ENSDARP00000073885	ENSDARG00000056859	spx	ENSEEEP00000021965	ENSEEEG00000010667	SPX
ENSDARP00000093929	ENSDARG00000070357	gja4	ENSEEEP00000032815	ENSEEEG00000015630	cx39.4
ENSDARP00000093933	ENSDARG00000070358	smim12	ENSEEEP00000032817	ENSEEEG00000015632	SMIM12
ENSDARP00000093298	ENSDARG00000037309	gatb	ENSEEEP00000015582	ENSEEEG00000007705	GATB
ENSDARP00000087815	ENSDARG00000063718	vps72a	ENSEEEP00000017684	ENSEEEG00000008731	vps72a
ENSDARP00000035567	ENSDARG00000025024	pnoca	ENSEEEP00000011867	ENSEEEG00000005975	pnoca
ENSDARP00000104195	ENSDARG00000024209	wasf2	ENSEEEP00000031613	ENSEEEG00000015122	WASF2
ENSDARP00000119770	ENSDARG00000057706	tm4sf21a	ENSEEEP00000036578	ENSEEEG00000017374	si:ch211-137i24.10
ENSDARP00000121545	ENSDARG00000063387	sec22c	ENSEEEP00000041231	ENSEEEG00000019511	SEC22C
ENSDARP00000006646	ENSDARG00000011360	nfatc2ip	ENSEEEP00000005468	ENSEEEG00000002869	nfatc2ip
ENSDARP00000078333	ENSDARG00000059933	plpp3	ENSEEEP00000055470	ENSEEEG00000028084	plpp3
ENSDARP00000062253	ENSDARG00000042456	mad2l2	ENSEEEP00000001265	ENSEEEG00000000859	MAD2L2
ENSDARP00000055540	ENSDARG00000038099	gskip	ENSEEEP00000062287	ENSEEEG00000026281	GSKIP
ENSDARP00000115147	ENSDARG00000014867	rpl8	ENSEEEP00000050337	ENSEEEG00000023665	RPL8
ENSDARP00000123464	ENSDARG00000088165	adorb1a	ENSEEEP00000030080	ENSEEEG00000014416	adorb1a
ENSDARP00000079373	ENSDARG00000060345	apoda.1	ENSEEEP00000013330	ENSEEEG00000006655	apoda.1
ENSDARP00000009879	ENSDARG00000015293	fam110a	ENSEEEP00000004602	ENSEEEG00000002404	FAM110A
ENSDARP00000059091	ENSDARG00000040374	tmem182a	ENSEEEP00000005082	ENSEEEG00000002652	tmem182a
ENSDARP00000068896	ENSDARG00000052537	cptp	ENSEEEP00000003280	ENSEEEG00000001847	CPTP
ENSDARP00000121331	ENSDARG00000038308	ykt6	ENSEEEP00000045437	ENSEEEG00000021449	YKT6
ENSDARP00000111752	ENSDARG00000091576	tmem216	ENSEEEP00000029790	ENSEEEG00000014270	TMEM216
ENSDARP00000056656	ENSDARG00000038794	zgc:113531	ENSEEEP00000033616	ENSEEEG00000015993	zgc:113531
ENSDARP00000139728	ENSDARG00000098838	sdr42e1	ENSEEEP00000003790	ENSEEEG00000002041	SDR42E1
ENSDARP00000115622	ENSDARG00000035633	tctn2	ENSEEEP00000018854	ENSEEEG00000009247	tctn2
ENSDARP00000071699	ENSDARG00000054949	mc2r	ENSEEEP00000038154	ENSEEEG00000018131	MC2R
ENSDARP00000128043	ENSDARG00000097487	pfn4	ENSEEEP00000008680	ENSEEEG00000004507	si:ch211-175f11.5
ENSDARP00000111629	ENSDARG00000069737	pou4f2	ENSEEEP00000020959	ENSEEEG00000010220	POU4F2
ENSDARP00000022592	ENSDARG00000011166	cahz	ENSEEEP00000001400	ENSEEEG00000000909	CA14
ENSDARP00000124425	ENSDARG00000014763	arf2a	ENSEEEP00000035476	ENSEEEG00000016869	arf2a
ENSDARP00000025585	ENSDARG00000004891	pex19	ENSEEEP00000013228	ENSEEEG00000006628	pex19
ENSDARP00000120922	ENSDARG00000003869	decr1	ENSEEEP00000049002	ENSEEEG00000023025	DECR1
ENSDARP00000075595	ENSDARG00000058319	cep76	ENSEEEP00000027128	ENSEEEG00000013094	CEP76
ENSDARP00000089728	ENSDARG00000068421	ttc9b	ENSEEEP00000033323	ENSEEEG00000015835	TTC9B
ENSDARP00000069093	ENSDARG00000052705	pkp1b	ENSEEEP00000014474	ENSEEEG00000007206	pkp1b
ENSDARP00000072887	ENSDARG00000056012	eve1	ENSEEEP00000007627	ENSEEEG00000003988	eve1
ENSDARP00000007196	ENSDARG00000004581	sel1l	ENSEEEP00000024371	ENSEEEG00000011102	SEL1L
ENSDARP00000134872	ENSDARG00000035147	lrwd1	ENSEEEP00000008631	ENSEEEG00000004478	LRWD1
ENSDARP00000128519	ENSDARG00000077530	ahctf1	ENSEEEP00000059076	ENSEEEG00000013427	AHCTF1
ENSDARP00000122343	ENSDARG00000079560	ptprh	ENSEEEP00000042487	ENSEEEG00000020063	
ENSDARP00000069984	ENSDARG00000053466	timmdc1	ENSEEEP00000037625	ENSEEEG00000017901	TIMMDC1
ENSDARP00000006074	ENSDARG00000017917	her7	ENSEEEP00000027665	ENSEEEG00000013325	her7
ENSDARP00000113371	ENSDARG00000075733	zyx	ENSEEEP00000041624	ENSEEEG00000019689	ZYX
ENSDARP00000141284	ENSDARG00000070800	zgc:109744	ENSEEEP00000011531	ENSEEEG00000005812	zgc:109744
ENSDARP00000115071	ENSDARG00000025436	msrb1a	ENSEEEP00000008768	ENSEEEG00000004539	msrb1a
ENSDARP00000113737	ENSDARG00000077285	scarf1	ENSEEEP00000061942	ENSEEEG00000009389	SCARF1
ENSDARP00000107882	ENSDARG00000046143	prkab1b	ENSEEEP00000050744	ENSEEEG00000023843	prkab1b
ENSDARP00000082792	ENSDARG00000077762	slc2a4rg	ENSEEEP00000051981	ENSEEEG00000024394	si:rp71-79p20.2
ENSDARP00000116272	ENSDARG00000092931	si:ch211-114c12.5	ENSEEEP00000033979	ENSEEEG00000016190	si:ch211-114c12.5
ENSDARP00000106317	ENSDARG00000010789	homer3b	ENSEEEP00000011312	ENSEEEG00000005730	homer3b
ENSDARP00000116409	ENSDARG00000038879	ift80	ENSEEEP00000061461	ENSEEEG00000012593	IFT80
ENSDARP00000019894	ENSDARG00000019692	colq	ENSEEEP00000053863	ENSEEEG00000014684	COLQ
ENSDARP00000104712	ENSDARG00000075281	tbc1d30	ENSEEEP00000001891	ENSEEEG00000001186	tbc1d30
ENSDARP00000142696	ENSDARG00000089961	si:cabz01007807.1	ENSEEEP00000050153	ENSEEEG00000023591	si:cabz01007807.1
ENSDARP00000075055	ENSDARG00000057859	hoxd10a	ENSEEEP00000021322	ENSEEEG00000010388	hoxd10a
ENSDARP00000138152	ENSDARG00000014005	lrrc45	ENSEEEP00000007186	ENSEEEG00000003778	LRRC45
ENSDARP00000115872	ENSDARG00000045481	gsap	ENSEEEP00000019994	ENSEEEG00000009774	gsap
ENSDARP00000042962	ENSDARG00000034375	chst11	ENSEEEP00000008702	ENSEEEG00000004517	CHST11
ENSDARP00000053151	ENSDARG00000036587	cbr1	ENSEEEP00000050063	ENSEEEG00000023544	cbr1
ENSDARP00000038991	ENSDARG00000023958	rnf181	ENSEEEP00000036857	ENSEEEG00000017500	RNF181
ENSDARP00000028837	ENSDARG00000026726	anxa1a	ENSEEEP00000049320	ENSEEEG00000023155	anxa1a
ENSDARP00000135308	ENSDARG00000103276	fcer1g	ENSEEEP00000062820	ENSEEEG00000028748	FCER1G
ENSDARP00000087984	ENSDARG00000067544	tcf15	ENSEEEP00000001694	ENSEEEG00000001082	TCF15
ENSDARP00000081878	ENSDARG00000061365	hepacam2	ENSEEEP00000043699	ENSEEEG00000020662	HEPACAM2
ENSDARP00000115153	ENSDARG00000093267	cngk	ENSEEEP00000014956	ENSEEEG00000007449	cngk
ENSDARP00000096983	ENSDARG00000071699	ids	ENSEEEP00000054927	ENSEEEG00000016992	ids
ENSDARP00000118062	ENSDARG00000062362	tpcn1	ENSEEEP00000004497	ENSEEEG00000002338	TPCN1
ENSDARP00000029445	ENSDARG00000025854	ddx51	ENSEEEP00000007964	ENSEEEG00000004101	DDX51
ENSDARP00000156507	ENSDARG00000013719	gtse1	ENSEEEP00000045886	ENSEEEG00000021630	GTSE1
ENSDARP00000141384	ENSDARG00000099358	hccsb	ENSEEEP00000023367	ENSEEEG00000011321	hccsb
ENSDARP00000094762	ENSDARG00000070674	psmd6	ENSEEEP00000016268	ENSEEEG00000008045	PSMD6
ENSDARP00000130393	ENSDARG00000102097	nfkbiz	ENSEEEP00000024524	ENSEEEG00000011887	NFKBIZ
ENSDARP00000079525	ENSDARG00000060413	si:ch211-157b11.8	ENSEEEP00000063584	ENSEEEG00000008904	si:ch211-157b11.8
ENSDARP00000120472	ENSDARG00000070625	enpp5	ENSEEEP00000059650	ENSEEEG00000026639	ENPP5
ENSDARP00000119449	ENSDARG00000079501	cracdlb	ENSEEEP00000043174	ENSEEEG00000020389	
ENSDARP00000118455	ENSDARG00000035550	cfap73	ENSEEEP00000004507	ENSEEEG00000002344	cfap73
ENSDARP00000117310	ENSDARG00000068601	atmin	ENSEEEP00000059397	ENSEEEG00000017168	ATMIN
ENSDARP00000117119	ENSDARG00000095415	rnf224	ENSEEEP00000033143	ENSEEEG00000015769	RNF224
ENSDARP00000116745	ENSDARG00000069279	elovl7a	ENSEEEP00000024039	ENSEEEG00000011663	elovl7a
ENSDARP00000144651	ENSDARG00000012672	gtf2e2	ENSEEEP00000017628	ENSEEEG00000008704	GTF2E2
ENSDARP00000134609	ENSDARG00000105239	ecm1b	ENSEEEP00000041531	ENSEEEG00000019642	ecm1b
ENSDARP00000121820	ENSDARG00000069958	sh2b3	ENSEEEP00000058287	ENSEEEG00000024943	SH2B3
ENSDARP00000140782	ENSDARG00000098911	ccdc34	ENSEEEP00000040255	ENSEEEG00000019084	zgc:153293
ENSDARP00000052365	ENSDARG00000036074	cebpa	ENSEEEP00000025572	ENSEEEG00000012403	CEBPA
ENSDARP00000142924	ENSDARG00000098379	si:dkey-38l22.2	ENSEEEP00000062180	ENSEEEG00000026261	c19h4orf54
ENSDARP00000143456	ENSDARG00000071445	myoz1b	ENSEEEP00000036827	ENSEEEG00000017488	myoz1b
ENSDARP00000138010	ENSDARG00000058486	caps2	ENSEEEP00000014213	ENSEEEG00000007060	
ENSDARP00000134360	ENSDARG00000098852	smdt1b	ENSEEEP00000038858	ENSEEEG00000018428	smdt1b
ENSDARP00000110994	ENSDARG00000011824	pbxip1b	ENSEEEP00000064213	ENSEEEG00000025268	pbxip1b
ENSDARP00000063862	ENSDARG00000043502	ccdc124	ENSEEEP00000035464	ENSEEEG00000016890	CCDC124
ENSDARP00000149943	ENSDARG00000038859	rgs20	ENSEEEP00000020556	ENSEEEG00000010034	RGS20
ENSDARP00000138073	ENSDARG00000038655	ajap1	ENSEEEP00000044138	ENSEEEG00000020856	AJAP1
ENSDARP00000106662	ENSDARG00000034313	ppp5c	ENSEEEP00000063694	ENSEEEG00000003432	PPP5C
ENSDARP00000086690	ENSDARG00000063250	spata2	ENSEEEP00000054401	ENSEEEG00000025169	SPATA2
ENSDARP00000154072	ENSDARG00000038609	mpz	ENSEEEP00000057674	ENSEEEG00000014705	CAPZA2
ENSDARP00000066379	ENSDARG00000045139	ca7	ENSEEEP00000039328	ENSEEEG00000018563	CA7
ENSDARP00000111075	ENSDARG00000010978	trmt1	ENSEEEP00000045625	ENSEEEG00000021353	TRMT1
ENSDARP00000062854	ENSDARG00000042826	egr2b	ENSEEEP00000032252	ENSEEEG00000015384	egr2b
ENSDARP00000154085	ENSDARG00000035873	fjx1	ENSEEEP00000023285	ENSEEEG00000011289	FJX1
ENSDARP00000038939	ENSDARG00000025679	comtb	ENSEEEP00000000599	ENSEEEG00000000388	comtb
ENSDARP00000111610	ENSDARG00000014244	rbmx	ENSEEEP00000052047	ENSEEEG00000024418	rbmx
ENSDARP00000133737	ENSDARG00000098226	smpd3	ENSEEEP00000028996	ENSEEEG00000013897	SMPD3
ENSDARP00000072648	ENSDARG00000055786	prss23	ENSEEEP00000055402	ENSEEEG00000027849	PRSS23
ENSDARP00000153411	ENSDARG00000076965	cep70	ENSEEEP00000044067	ENSEEEG00000020827	CEP70
ENSDARP00000148439	ENSDARG00000044290	rph3al	ENSEEEP00000008593	ENSEEEG00000004452	RPH3AL
ENSDARP00000091975	ENSDARG00000069494	tmem223	ENSEEEP00000010522	ENSEEEG00000005332	tmem223
ENSDARP00000136346	ENSDARG00000101808	si:ch211-271b14.1	ENSEEEP00000032528	ENSEEEG00000015510	si:ch211-271b14.1
ENSDARP00000106078	ENSDARG00000074246	rab14	ENSEEEP00000054849	ENSEEEG00000027159	RAB14
ENSDARP00000129472	ENSDARG00000078688	frs3	ENSEEEP00000020049	ENSEEEG00000009807	FRS3
ENSDARP00000027051	ENSDARG00000020596	miga1	ENSEEEP00000026246	ENSEEEG00000012685	MIGA1
ENSDARP00000100100	ENSDARG00000073844	si:dkey-85k7.10	ENSEEEP00000032600	ENSEEEG00000015539	si:dkey-85k7.10
ENSDARP00000051643	ENSDARG00000035618	coq5	ENSEEEP00000017357	ENSEEEG00000008534	COQ5
ENSDARP00000015681	ENSDARG00000004952	rsad2	ENSEEEP00000037009	ENSEEEG00000017569	RSAD2
ENSDARP00000116938	ENSDARG00000061985	rbm47	ENSEEEP00000016536	ENSEEEG00000008197	RBM47
ENSDARP00000127842	ENSDARG00000074698	sdsl	ENSEEEP00000027200	ENSEEEG00000013126	SDSL
ENSDARP00000142521	ENSDARG00000105350	histh1l2	ENSEEEP00000056764	ENSEEEG00000024859	histh1l
ENSDARP00000102003	ENSDARG00000078215	rbsn	ENSEEEP00000001159	ENSEEEG00000000780	RBSN
ENSDARP00000073730	ENSDARG00000056732	her4.1	ENSEEEP00000017149	ENSEEEG00000008492	her4.2
ENSDARP00000081901	ENSDARG00000061379	cmya5	ENSEEEP00000057226	ENSEEEG00000013394	UBE2O
ENSDARP00000109921	ENSDARG00000089156	egr3	ENSEEEP00000063004	ENSEEEG00000001192	EGR3
ENSDARP00000124692	ENSDARG00000035835	eef2k	ENSEEEP00000030143	ENSEEEG00000014201	EEF2K
ENSDARP00000117041	ENSDARG00000092483	iqcc	ENSEEEP00000048707	ENSEEEG00000022917	iqcc
ENSDARP00000142460	ENSDARG00000040917	cbfb	ENSEEEP00000057876	ENSEEEG00000022950	CBFB
ENSDARP00000063056	ENSDARG00000042948	dnajc5aa	ENSEEEP00000033842	ENSEEEG00000016112	dnajc5aa
ENSDARP00000066787	ENSDARG00000045420	epdr1	ENSEEEP00000050119	ENSEEEG00000023577	EPDR1
ENSDARP00000104703	ENSDARG00000090747	si:ch73-269m14.2	ENSEEEP00000047086	ENSEEEG00000022165	C5orf15
ENSDARP00000104731	ENSDARG00000040615	ilkap	ENSEEEP00000060094	ENSEEEG00000022049	ILKAP
ENSDARP00000115856	ENSDARG00000041092	pgpep1l	ENSEEEP00000045750	ENSEEEG00000021569	pgpep1l
ENSDARP00000135676	ENSDARG00000099155	tpst2	ENSEEEP00000044228	ENSEEEG00000020895	TPST2
ENSDARP00000021046	ENSDARG00000015765	iah1	ENSEEEP00000035579	ENSEEEG00000016945	IAH1
ENSDARP00000045696	ENSDARG00000031435	txna	ENSEEEP00000053310	ENSEEEG00000020954	txna
ENSDARP00000054590	ENSDARG00000037491	bmp15	ENSEEEP00000000078	ENSEEEG00000000048	BMP15
ENSDARP00000153898	ENSDARG00000035819	sirt3	ENSEEEP00000000073	ENSEEEG00000000040	SIRT3
ENSDARP00000023970	ENSDARG00000017143	brd9	ENSEEEP00000021392	ENSEEEG00000010419	BRD9
ENSDARP00000051973	ENSDARG00000035820	drd4b	ENSEEEP00000000061	ENSEEEG00000000029	drd4b
ENSDARP00000017636	ENSDARG00000018494	smn1	ENSEEEP00000033013	ENSEEEG00000015722	smn1
ENSDARP00000020688	ENSDARG00000014898	ncbp2	ENSEEEP00000050812	ENSEEEG00000023866	NCBP2
ENSDARP00000108648	ENSDARG00000094889	cplx4c	ENSEEEP00000000380	ENSEEEG00000000270	cplx4c
ENSDARP00000116688	ENSDARG00000076752	tmem67	ENSEEEP00000055569	ENSEEEG00000026004	TMEM67
ENSDARP00000086442	ENSDARG00000063145	tfam	ENSEEEP00000003585	ENSEEEG00000001963	TFAM
ENSDARP00000116730	ENSDARG00000037018	gab1	ENSEEEP00000011726	ENSEEEG00000005905	GAB1
ENSDARP00000049632	ENSDARG00000030803	zgc:110006	ENSEEEP00000013333	ENSEEEG00000006680	C21orf91
ENSDARP00000122503	ENSDARG00000045562	pus1	ENSEEEP00000031576	ENSEEEG00000015102	PUS1
ENSDARP00000103684	ENSDARG00000077567	angel1	ENSEEEP00000018979	ENSEEEG00000009302	ANGEL1
ENSDARP00000123672	ENSDARG00000045983	zbtb43	ENSEEEP00000041299	ENSEEEG00000019543	ZBTB43
ENSDARP00000099238	ENSDARG00000074869	si:ch1073-291c23.2	ENSEEEP00000013882	ENSEEEG00000006902	si:ch1073-291c23.2
ENSDARP00000088524	ENSDARG00000067848	nmrk2	ENSEEEP00000000282	ENSEEEG00000000205	NMRK2
ENSDARP00000095510	ENSDARG00000071017	nt5e	ENSEEEP00000025105	ENSEEEG00000012171	NT5E
ENSDARP00000063136	ENSDARG00000043004	si:dkeyp-117h8.4	ENSEEEP00000040606	ENSEEEG00000019236	si:dkeyp-117h8.4
ENSDARP00000131656	ENSDARG00000104413	rogdi	ENSEEEP00000034619	ENSEEEG00000016464	ROGDI
ENSDARP00000050244	ENSDARG00000007916	xpnpep3	ENSEEEP00000028259	ENSEEEG00000013586	XPNPEP3
ENSDARP00000069565	ENSDARG00000053101	prpf38b	ENSEEEP00000030981	ENSEEEG00000014823	PRPF38B
ENSDARP00000137653	ENSDARG00000103589	gata6	ENSEEEP00000013316	ENSEEEG00000006671	GATA6
ENSDARP00000118154	ENSDARG00000025949	irak1	ENSEEEP00000006739	ENSEEEG00000003563	IRAK1
ENSDARP00000058893	ENSDARG00000040258	si:ch73-340m8.2	ENSEEEP00000020449	ENSEEEG00000009981	si:ch73-340m8.2
ENSDARP00000151448	ENSDARG00000011410	aadat	ENSEEEP00000034776	ENSEEEG00000016510	AADAT
ENSDARP00000138079	ENSDARG00000100296	pja2	ENSEEEP00000033515	ENSEEEG00000015937	
ENSDARP00000127531	ENSDARG00000075826	msh4	ENSEEEP00000012710	ENSEEEG00000006383	MSH4
ENSDARP00000003956	ENSDARG00000044091	pitpnab	ENSEEEP00000036444	ENSEEEG00000017323	pitpnab
ENSDARP00000100984	ENSDARG00000073750	crygm2d18	ENSEEEP00000013795	ENSEEEG00000006865	
ENSDARP00000125013	ENSDARG00000069619	atf7ip	ENSEEEP00000041844	ENSEEEG00000019779	ATF7IP
ENSDARP00000116022	ENSDARG00000068893	mettl5	ENSEEEP00000038794	ENSEEEG00000018402	METTL5
ENSDARP00000129035	ENSDARG00000076248	ppp1r3db	ENSEEEP00000026324	ENSEEEG00000012747	ppp1r3db
ENSDARP00000030612	ENSDARG00000019877	rbks	ENSEEEP00000012314	ENSEEEG00000006179	RBKS
ENSDARP00000095384	ENSDARG00000070958	pex6	ENSEEEP00000050924	ENSEEEG00000023921	PEX6
ENSDARP00000079933	ENSDARG00000055781	ptger3	ENSEEEP00000060783	ENSEEEG00000005259	PTGER3
ENSDARP00000118023	ENSDARG00000093658	tm7sf3	ENSEEEP00000045990	ENSEEEG00000021670	TM7SF3
ENSDARP00000150469	ENSDARG00000052088	cxcr1	ENSEEEP00000015073	ENSEEEG00000007502	cxcr1
ENSDARP00000127270	ENSDARG00000096757	si:ch73-205h11.1	ENSEEEP00000039925	ENSEEEG00000018930	si:ch73-205h11.1
ENSDARP00000047133	ENSDARG00000032577	clcn6	ENSEEEP00000005978	ENSEEEG00000002452	CLCN6
ENSDARP00000010651	ENSDARG00000019207	gbgt1l5	ENSEEEP00000011250	ENSEEEG00000027711	
ENSDARP00000105713	ENSDARG00000042520	si:dkey-251i10.3	ENSEEEP00000032709	ENSEEEG00000015590	UTP14C
ENSDARP00000082579	ENSDARG00000061644	ensab	ENSEEEP00000045421	ENSEEEG00000021443	ensab
ENSDARP00000145468	ENSDARG00000070487	marc1	ENSEEEP00000047843	ENSEEEG00000022517	marc1
ENSDARP00000138487	ENSDARG00000103118	cib1	ENSEEEP00000008629	ENSEEEG00000004479	CIB1
ENSDARP00000049327	ENSDARG00000030804	fam120b	ENSEEEP00000031601	ENSEEEG00000015112	FAM120B
ENSDARP00000129096	ENSDARG00000075556	luzp1	ENSEEEP00000013305	ENSEEEG00000006663	LUZP1
ENSDARP00000055955	ENSDARG00000038359	enosf1	ENSEEEP00000053896	ENSEEEG00000001361	ENOSF1
ENSDARP00000124661	ENSDARG00000070127	nfxl1	ENSEEEP00000013395	ENSEEEG00000006699	NFXL1
ENSDARP00000122824	ENSDARG00000095879	wdr46	ENSEEEP00000001028	ENSEEEG00000000550	WDR46
ENSDARP00000131548	ENSDARG00000105068	si:ch1073-443f11.2	ENSEEEP00000034606	ENSEEEG00000016461	SMIM22
ENSDARP00000118055	ENSDARG00000088571	mtcl3a	ENSEEEP00000048691	ENSEEEG00000022910	si:ch211-151o1.4
ENSDARP00000156340	ENSDARG00000099499	ndufa4a	ENSEEEP00000003465	ENSEEEG00000001922	
ENSDARP00000110106	ENSDARG00000088316	lrrc69	ENSEEEP00000056507	ENSEEEG00000008909	lrrc69
ENSDARP00000115443	ENSDARG00000093448	mpc1	ENSEEEP00000012862	ENSEEEG00000006459	MPC1
ENSDARP00000119732	ENSDARG00000053344	adgrd1	ENSEEEP00000000435	ENSEEEG00000000319	ADGRD1
ENSDARP00000097497	ENSDARG00000057013	cadm3	ENSEEEP00000062954	ENSEEEG00000025888	cadm3
ENSDARP00000026028	ENSDARG00000021220	hmgcl	ENSEEEP00000042317	ENSEEEG00000019983	HMGCL
ENSDARP00000130662	ENSDARG00000102705	otud6b	ENSEEEP00000018121	ENSEEEG00000008912	OTUD6B
ENSDARP00000098592	ENSDARG00000075296	fam83c	ENSEEEP00000004727	ENSEEEG00000002474	FAM83C
ENSDARP00000097852	ENSDARG00000079738	znf219	ENSEEEP00000050162	ENSEEEG00000023597	ZNF219
ENSDARP00000149590	ENSDARG00000078752	rubcn	ENSEEEP00000006878	ENSEEEG00000003632	RUBCN
ENSDARP00000130704	ENSDARG00000098734	ccdc14	ENSEEEP00000022579	ENSEEEG00000010966	ccdc14
ENSDARP00000084443	ENSDARG00000062363	phex	ENSEEEP00000035345	ENSEEEG00000016824	PHEX
ENSDARP00000052029	ENSDARG00000035853	cdkn2aip	ENSEEEP00000054291	ENSEEEG00000026421	CDKN2AIP
ENSDARP00000110200	ENSDARG00000088347	sp1	ENSEEEP00000051717	ENSEEEG00000024284	SP1
ENSDARP00000060029	ENSDARG00000040965	zgc:101731	ENSEEEP00000038603	ENSEEEG00000018324	zgc:101731
ENSDARP00000150061	ENSDARG00000043211	ripk4	ENSEEEP00000013338	ENSEEEG00000006681	RIPK4
ENSDARP00000050220	ENSDARG00000030694	atp6v1e1b	ENSEEEP00000033866	ENSEEEG00000015843	atp6v1e1b
ENSDARP00000132310	ENSDARG00000104162	hoxa11a	ENSEEEP00000002605	ENSEEEG00000001503	hoxa11a
ENSDARP00000124118	ENSDARG00000062262	ednrab	ENSEEEP00000005786	ENSEEEG00000002855	ednrab
ENSDARP00000130226	ENSDARG00000103862	hoxa3a	ENSEEEP00000002614	ENSEEEG00000001510	hoxa4a
ENSDARP00000096613	ENSDARG00000025340	tusc2b	ENSEEEP00000005335	ENSEEEG00000002790	tusc2b
ENSDARP00000037518	ENSDARG00000022648	otud3	ENSEEEP00000029579	ENSEEEG00000014171	OTUD3
ENSDARP00000016693	ENSDARG00000001785	irx2a	ENSEEEP00000006865	ENSEEEG00000003628	irx2a
ENSDARP00000072759	ENSDARG00000055889	rbm12ba	ENSEEEP00000016356	ENSEEEG00000008095	zgc:153215
ENSDARP00000107713	ENSDARG00000016375	asns	ENSEEEP00000058555	ENSEEEG00000011852	ASNS
ENSDARP00000004006	ENSDARG00000014311	pgghg	ENSEEEP00000020421	ENSEEEG00000009955	PGGHG
ENSDARP00000139889	ENSDARG00000105013	hoxa9a	ENSEEEP00000002610	ENSEEEG00000001506	hoxa9a
ENSDARP00000013317	ENSDARG00000017107	nr2e1	ENSEEEP00000023941	ENSEEEG00000000656	NR2E1
ENSDARP00000069092	ENSDARG00000052703	cisd2	ENSEEEP00000038342	ENSEEEG00000018214	CISD2
ENSDARP00000117628	ENSDARG00000036456	anxa4	ENSEEEP00000027834	ENSEEEG00000013281	ANXA4
ENSDARP00000087736	ENSDARG00000063690	nrm	ENSEEEP00000006935	ENSEEEG00000003656	NRM
ENSDARP00000026854	ENSDARG00000008278	rcor2	ENSEEEP00000049637	ENSEEEG00000023349	RCOR2
ENSDARP00000104838	ENSDARG00000021195	st8sia6	ENSEEEP00000062541	ENSEEEG00000026712	st8sia6
ENSDARP00000104181	ENSDARG00000078500	dap3	ENSEEEP00000026649	ENSEEEG00000012878	DAP3
ENSDARP00000124274	ENSDARG00000086620	gckr	ENSEEEP00000020454	ENSEEEG00000009984	gckr
ENSDARP00000118990	ENSDARG00000063631	vit	ENSEEEP00000013892	ENSEEEG00000006904	VIT
ENSDARP00000146804	ENSDARG00000015876	npas1	ENSEEEP00000003867	ENSEEEG00000002067	NPAS1
ENSDARP00000126391	ENSDARG00000071460	si:ch211-234p6.5	ENSEEEP00000038670	ENSEEEG00000018355	
ENSDARP00000079916	ENSDARG00000060564	slc25a21	ENSEEEP00000061403	ENSEEEG00000021266	SLC25A21
ENSDARP00000055721	ENSDARG00000038213	slc35b1	ENSEEEP00000003473	ENSEEEG00000001929	SLC35B1
ENSDARP00000098507	ENSDARG00000079857	sanbr	ENSEEEP00000060240	ENSEEEG00000027774	
ENSDARP00000121630	ENSDARG00000069649	tmem160	ENSEEEP00000003871	ENSEEEG00000002071	TMEM160
ENSDARP00000009060	ENSDARG00000003592	surf1	ENSEEEP00000031317	ENSEEEG00000014996	SURF1
ENSDARP00000120266	ENSDARG00000020618	gatd3	ENSEEEP00000054011	ENSEEEG00000019320	gatd3a
ENSDARP00000065035	ENSDARG00000044298	phax	ENSEEEP00000060692	ENSEEEG00000025852	PHAX
ENSDARP00000153478	ENSDARG00000105631	si:cabz01076231.1	ENSEEEP00000035426	ENSEEEG00000016873	
ENSDARP00000091990	ENSDARG00000069504	il12b2	ENSEEEP00000013908	ENSEEEG00000006907	si:dkey-88e18.2
ENSDARP00000096514	ENSDARG00000071487	zgc:152948	ENSEEEP00000022946	ENSEEEG00000011135	zgc:152948
ENSDARP00000120917	ENSDARG00000061187	cbx5	ENSEEEP00000059106	ENSEEEG00000028519	CBX5
ENSDARP00000122151	ENSDARG00000074056	kctd1	ENSEEEP00000019138	ENSEEEG00000009388	KCTD1
ENSDARP00000041548	ENSDARG00000030335	zc3h10	ENSEEEP00000004759	ENSEEEG00000002490	ZC3H10
ENSDARP00000066620	ENSDARG00000045299	vmo1b	ENSEEEP00000059709	ENSEEEG00000011140	vmo1a
ENSDARP00000112550	ENSDARG00000008380	brd7	ENSEEEP00000041220	ENSEEEG00000019507	BRD7
ENSDARP00000131716	ENSDARG00000021899	b4galt7	ENSEEEP00000030571	ENSEEEG00000014644	B4GALT7
ENSDARP00000142056	ENSDARG00000077717	rpl29	ENSEEEP00000049867	ENSEEEG00000023440	rpl29
ENSDARP00000118783	ENSDARG00000011743	pigo	ENSEEEP00000032827	ENSEEEG00000015638	PIGO
ENSDARP00000126300	ENSDARG00000013174	nkd3	ENSEEEP00000018157	ENSEEEG00000008930	nkd3
ENSDARP00000114536	ENSDARG00000093469	znf653	ENSEEEP00000038994	ENSEEEG00000018501	ZNF653
ENSDARP00000118244	ENSDARG00000068100	tafa5l	ENSEEEP00000054814	ENSEEEG00000025936	tafa5l
ENSDARP00000006365	ENSDARG00000012892	ammecr1	ENSEEEP00000043584	ENSEEEG00000020596	AMMECR1
ENSDARP00000129750	ENSDARG00000020201	cdc73	ENSEEEP00000063553	ENSEEEG00000009502	CDC73
ENSDARP00000015036	ENSDARG00000012016	hpgd	ENSEEEP00000036661	ENSEEEG00000017405	HPGD
ENSDARP00000075918	ENSDARG00000058593	sri	ENSEEEP00000052962	ENSEEEG00000012653	sri
ENSDARP00000148100	ENSDARG00000100083	sugt1	ENSEEEP00000039919	ENSEEEG00000018926	SUGT1
ENSDARP00000107612	ENSDARG00000039365	cuedc2	ENSEEEP00000001205	ENSEEEG00000000817	CUEDC2
ENSDARP00000037484	ENSDARG00000027088	ptgdsb.1	ENSEEEP00000058151	ENSEEEG00000028119	
ENSDARP00000086911	ENSDARG00000063341	czib	ENSEEEP00000023012	ENSEEEG00000011169	CZIB
ENSDARP00000098162	ENSDARG00000078991	nat8	ENSEEEP00000036615	ENSEEEG00000017386	si:ch211-195e19.1
ENSDARP00000128308	ENSDARG00000042370	ptafr	ENSEEEP00000013299	ENSEEEG00000006662	ptafr
ENSDARP00000128409	ENSDARG00000096908	si:ch73-185c24.2	ENSEEEP00000017363	ENSEEEG00000008580	
ENSDARP00000122083	ENSDARG00000093957	si:dkey-251i10.2	ENSEEEP00000032724	ENSEEEG00000015595	si:dkey-251i10.2
ENSDARP00000137110	ENSDARG00000099741	mvb12a	ENSEEEP00000043192	ENSEEEG00000020395	mvb12a
ENSDARP00000064541	ENSDARG00000043960	rpf2	ENSEEEP00000003166	ENSEEEG00000001787	RPF2
ENSDARP00000093863	ENSDARG00000070320	exoc1l	ENSEEEP00000017780	ENSEEEG00000008783	si:dkey-245p14.4
ENSDARP00000052760	ENSDARG00000036316	rpl39	ENSEEEP00000030214	ENSEEEG00000014481	rpl39
ENSDARP00000073018	ENSDARG00000056127	polr2g	ENSEEEP00000046637	ENSEEEG00000021957	POLR2G
ENSDARP00000027076	ENSDARG00000014722	her1	ENSEEEP00000027666	ENSEEEG00000013326	her1
ENSDARP00000122623	ENSDARG00000093350	si:dkey-58f10.8	ENSEEEP00000020026	ENSEEEG00000009794	gadd45ba
ENSDARP00000015141	ENSDARG00000012295	bcs1l	ENSEEEP00000028328	ENSEEEG00000013618	BCS1L
ENSDARP00000116485	ENSDARG00000001771	otol1a	ENSEEEP00000023768	ENSEEEG00000011518	otol1a
ENSDARP00000088920	ENSDARG00000068030	apold1b	ENSEEEP00000050156	ENSEEEG00000023592	si:cabz01007802.1
ENSDARP00000065867	ENSDARG00000044813	vps33b	ENSEEEP00000040662	ENSEEEG00000019264	vps33b
ENSDARP00000101451	ENSDARG00000001829	zgc:112982	ENSEEEP00000028407	ENSEEEG00000013662	zgc:112982
ENSDARP00000003960	ENSDARG00000008224	vps35	ENSEEEP00000028039	ENSEEEG00000013488	VPS35
ENSDARP00000063397	ENSDARG00000043182	hhla2a.1	ENSEEEP00000036415	ENSEEEG00000017314	hhla2a.1
ENSDARP00000129013	ENSDARG00000091101	fabp10b	ENSEEEP00000017821	ENSEEEG00000008797	fabp10b
ENSDARP00000001793	ENSDARG00000000690	sypl2b	ENSEEEP00000062397	ENSEEEG00000024877	sypl2b
ENSDARP00000122045	ENSDARG00000061044	si:dkey-72l14.3	ENSEEEP00000044273	ENSEEEG00000020882	si:dkey-72l14.3
ENSDARP00000094398	ENSDARG00000045661	irf7	ENSEEEP00000049167	ENSEEEG00000023103	IRF7
ENSDARP00000010840	ENSDARG00000012244	ube2e3	ENSEEEP00000011201	ENSEEEG00000005669	UBE2E3
ENSDARP00000004738	ENSDARG00000016173	cct3	ENSEEEP00000058607	ENSEEEG00000016899	CCT3
ENSDARP00000022030	ENSDARG00000013371	isoc2	ENSEEEP00000026322	ENSEEEG00000012743	ISOC2
ENSDARP00000114013	ENSDARG00000060893	col8a2	ENSEEEP00000030365	ENSEEEG00000014552	COL4A5
ENSDARP00000110509	ENSDARG00000037930	rnf113a	ENSEEEP00000002104	ENSEEEG00000001278	rnf113a
ENSDARP00000102347	ENSDARG00000079486	fam20a	ENSEEEP00000007141	ENSEEEG00000003760	FAM20A
ENSDARP00000130556	ENSDARG00000071673	ctdspla	ENSEEEP00000041337	ENSEEEG00000019558	ctdspla
ENSDARP00000051530	ENSDARG00000035551	drc10	ENSEEEP00000054450	ENSEEEG00000025108	IQCD
ENSDARP00000119780	ENSDARG00000007976	si:ch211-220f16.2	ENSEEEP00000027318	ENSEEEG00000013176	
ENSDARP00000052328	ENSDARG00000036043	znf408	ENSEEEP00000024983	ENSEEEG00000012116	ZNF408
ENSDARP00000116823	ENSDARG00000023952	fam167ab	ENSEEEP00000019419	ENSEEEG00000009515	fam167ab
ENSDARP00000118646	ENSDARG00000045846	osgep	ENSEEEP00000002735	ENSEEEG00000001547	OSGEP
ENSDARP00000042122	ENSDARG00000034930	gja10b	ENSEEEP00000061572	ENSEEEG00000027618	gja10b
ENSDARP00000138726	ENSDARG00000102590	polr3h	ENSEEEP00000052294	ENSEEEG00000024516	POLR3H
ENSDARP00000142470	ENSDARG00000044669	hp1bp3	ENSEEEP00000026307	ENSEEEG00000012732	HP1BP3
ENSDARP00000144262	ENSDARG00000035676	ptp4a2b	ENSEEEP00000030374	ENSEEEG00000014553	ptp4a2b
ENSDARP00000075872	ENSDARG00000058551	popdc3	ENSEEEP00000044026	ENSEEEG00000020798	POPDC3
ENSDARP00000129170	ENSDARG00000078092	limd2	ENSEEEP00000061362	ENSEEEG00000027413	LIMD2
ENSDARP00000129246	ENSDARG00000075504	dtx3lb.2	ENSEEEP00000049900	ENSEEEG00000023457	dtx3lb.2
ENSDARP00000124599	ENSDARG00000075525	cln8	ENSEEEP00000029464	ENSEEEG00000014112	CLN8
ENSDARP00000093828	ENSDARG00000054789	lysmd1	ENSEEEP00000045398	ENSEEEG00000021428	LYSMD1
ENSDARP00000102748	ENSDARG00000078891	trappc14	ENSEEEP00000053582	ENSEEEG00000026652	map11
ENSDARP00000041348	ENSDARG00000030411	crygn2	ENSEEEP00000005591	ENSEEEG00000002942	crygn2
ENSDARP00000086538	ENSDARG00000063187	agpat5	ENSEEEP00000056307	ENSEEEG00000026595	AGPAT5
ENSDARP00000116032	ENSDARG00000078333	tmem234	ENSEEEP00000048702	ENSEEEG00000022915	TMEM234
ENSDARP00000014777	ENSDARG00000016774	plekho2	ENSEEEP00000054603	ENSEEEG00000027490	plekho2
ENSDARP00000150116	ENSDARG00000041223	antkmt	ENSEEEP00000037672	ENSEEEG00000017915	ANTKMT
ENSDARP00000016280	ENSDARG00000013472	nedd1	ENSEEEP00000045685	ENSEEEG00000021542	NEDD1
ENSDARP00000128503	ENSDARG00000016460	fut9a	ENSEEEP00000027419	ENSEEEG00000013228	fut9a
ENSDARP00000152114	ENSDARG00000040116	znf366	ENSEEEP00000020335	ENSEEEG00000009921	ZNF366
ENSDARP00000141176	ENSDARG00000103743	si:dkeyp-72e1.9	ENSEEEP00000028904	ENSEEEG00000013877	
ENSDARP00000122216	ENSDARG00000095743	sox11b	ENSEEEP00000056976	ENSEEEG00000026550	sox11b
ENSDARP00000130286	ENSDARG00000098013	si:ch211-130m23.5	ENSEEEP00000013828	ENSEEEG00000006879	si:ch211-130m23.5
ENSDARP00000134964	ENSDARG00000099974	ldb3b	ENSEEEP00000036820	ENSEEEG00000017481	ldb3b
ENSDARP00000127716	ENSDARG00000091465	plcxd1.2	ENSEEEP00000009921	ENSEEEG00000005046	si:dkey-66a8.7
ENSDARP00000116575	ENSDARG00000017842	syvn1	ENSEEEP00000030616	ENSEEEG00000014663	SYVN1
ENSDARP00000010686	ENSDARG00000005926	ak2	ENSEEEP00000030604	ENSEEEG00000014657	AK2
ENSDARP00000054663	ENSDARG00000037539	tnnc1b	ENSEEEP00000013513	ENSEEEG00000006742	tnnc1b
ENSDARP00000081908	ENSDARG00000061377	clxn	ENSEEEP00000043688	ENSEEEG00000020653	EFCAB1
ENSDARP00000082474	ENSDARG00000061610	ufsp1	ENSEEEP00000032601	ENSEEEG00000015541	ufsp1
ENSDARP00000058705	ENSDARG00000040135	fosaa	ENSEEEP00000043823	ENSEEEG00000020712	fosaa
ENSDARP00000050901	ENSDARG00000035146	polr2j	ENSEEEP00000008622	ENSEEEG00000004474	polr2j
ENSDARP00000101988	ENSDARG00000075346	tmem129	ENSEEEP00000022775	ENSEEEG00000011044	TMEM129
ENSDARP00000114718	ENSDARG00000070810	ccka	ENSEEEP00000021703	ENSEEEG00000010555	ccka
ENSDARP00000098172	ENSDARG00000077918	dnase2b	ENSEEEP00000048079	ENSEEEG00000022645	DNASE2B
ENSDARP00000126819	ENSDARG00000113935	pard3ba	ENSEEEP00000062339	ENSEEEG00000024719	
ENSDARP00000057253	ENSDARG00000039185	nfyba	ENSEEEP00000055405	ENSEEEG00000004480	nfyba
ENSDARP00000083450	ENSDARG00000055563	drosha	ENSEEEP00000049191	ENSEEEG00000023008	DROSHA
ENSDARP00000005855	ENSDARG00000011879	foxn1	ENSEEEP00000019125	ENSEEEG00000009380	FOXN1
ENSDARP00000148730	ENSDARG00000102762	pik3r5	ENSEEEP00000043831	ENSEEEG00000020717	PIK3R5
ENSDARP00000137856	ENSDARG00000103610	actr8	ENSEEEP00000002808	ENSEEEG00000001612	ACTR8
ENSDARP00000138492	ENSDARG00000086324	si:dkey-274m17.3	ENSEEEP00000035382	ENSEEEG00000016846	
ENSDARP00000023907	ENSDARG00000006137	star	ENSEEEP00000039961	ENSEEEG00000018947	STAR
ENSDARP00000138863	ENSDARG00000100698	eva1bb	ENSEEEP00000045024	ENSEEEG00000021251	eva1bb
ENSDARP00000013353	ENSDARG00000006524	supt6h	ENSEEEP00000010852	ENSEEEG00000005492	SUPT6H
ENSDARP00000105892	ENSDARG00000037318	ddost	ENSEEEP00000030047	ENSEEEG00000014371	DDOST
ENSDARP00000150576	ENSDARG00000099694	neurl1b	ENSEEEP00000017723	ENSEEEG00000008759	NEURL1B
ENSDARP00000058909	ENSDARG00000040266	sox19b	ENSEEEP00000024412	ENSEEEG00000011838	sox19b
ENSDARP00000095277	ENSDARG00000070918	si:ch211-284e20.8	ENSEEEP00000050847	ENSEEEG00000023884	si:ch211-284e20.8
ENSDARP00000096710	ENSDARG00000071585	stard15	ENSEEEP00000030733	ENSEEEG00000014708	stard15
ENSDARP00000133294	ENSDARG00000104693	il6st	ENSEEEP00000062060	ENSEEEG00000025681	il6st
ENSDARP00000126052	ENSDARG00000071213	rgl3a	ENSEEEP00000058402	ENSEEEG00000027510	rgl3a
ENSDARP00000120219	ENSDARG00000015757	tmem50a	ENSEEEP00000057475	ENSEEEG00000013717	TMEM50A
ENSDARP00000145322	ENSDARG00000094268	si:ch73-337l15.2	ENSEEEP00000009428	ENSEEEG00000004819	si:ch73-337l15.2
ENSDARP00000138623	ENSDARG00000103684	ap4e1	ENSEEEP00000021453	ENSEEEG00000010452	
ENSDARP00000022543	ENSDARG00000013705	ccm2	ENSEEEP00000019423	ENSEEEG00000009518	CCM2
ENSDARP00000023124	ENSDARG00000004160	reep3b	ENSEEEP00000032237	ENSEEEG00000015377	reep3b
ENSDARP00000121373	ENSDARG00000041141	cryba1a	ENSEEEP00000019008	ENSEEEG00000009304	cryba1a
ENSDARP00000098046	ENSDARG00000075126	si:ch73-337l15.1	ENSEEEP00000009434	ENSEEEG00000004822	TMEM8B
ENSDARP00000045328	ENSDARG00000033364	mgst3b	ENSEEEP00000028563	ENSEEEG00000013720	mgst3b
ENSDARP00000027547	ENSDARG00000015515	mc4r	ENSEEEP00000019740	ENSEEEG00000009660	MC4R
ENSDARP00000119957	ENSDARG00000059360	srsf3b	ENSEEEP00000031826	ENSEEEG00000015196	srsf3b
ENSDARP00000075631	ENSDARG00000058328	lsm7	ENSEEEP00000024349	ENSEEEG00000011778	LSM7
ENSDARP00000119853	ENSDARG00000055875	pag1	ENSEEEP00000057705	ENSEEEG00000025564	PAG1
ENSDARP00000130745	ENSDARG00000039963	fgfbp1a	ENSEEEP00000032402	ENSEEEG00000015450	fgfbp1b
ENSDARP00000112783	ENSDARG00000032651	ppp1r10	ENSEEEP00000037683	ENSEEEG00000017916	PPP1R10
ENSDARP00000103325	ENSDARG00000078318	tmod1	ENSEEEP00000037173	ENSEEEG00000017664	TMOD1
ENSDARP00000015417	ENSDARG00000013928	plekhb2	ENSEEEP00000005936	ENSEEEG00000028113	PLEKHB2
ENSDARP00000114697	ENSDARG00000077470	fam163aa	ENSEEEP00000035632	ENSEEEG00000016965	FAM163A
ENSDARP00000102994	ENSDARG00000079753	kiz	ENSEEEP00000047572	ENSEEEG00000022393	KIZ
ENSDARP00000094251	ENSDARG00000070480	agr2	ENSEEEP00000037664	ENSEEEG00000017908	AGR2
ENSDARP00000128491	ENSDARG00000075720	il2rb	ENSEEEP00000040415	ENSEEEG00000019142	IL2RB
ENSDARP00000071220	ENSDARG00000054543	samsn1a	ENSEEEP00000034781	ENSEEEG00000016540	samsn1a
ENSDARP00000041514	ENSDARG00000033320	sar1ab	ENSEEEP00000059427	ENSEEEG00000000701	sar1ab
ENSDARP00000124627	ENSDARG00000044605	stx12l	ENSEEEP00000017361	ENSEEEG00000008578	STX12
ENSDARP00000137626	ENSDARG00000100217	si:ch211-117l17.7	ENSEEEP00000025212	ENSEEEG00000012221	si:ch211-117l17.7
ENSDARP00000058626	ENSDARG00000040087	epb41l4a	ENSEEEP00000025233	ENSEEEG00000012240	EPB41L4A
ENSDARP00000136038	ENSDARG00000098802	map7d1a	ENSEEEP00000013357	ENSEEEG00000006695	map7d1b
ENSDARP00000045176	ENSDARG00000034256	cdk10	ENSEEEP00000055517	ENSEEEG00000021316	CDK10
ENSDARP00000128413	ENSDARG00000057504	si:dkey-202g17.3	ENSEEEP00000043509	ENSEEEG00000020573	
ENSDARP00000076211	ENSDARG00000058839	susd1	ENSEEEP00000002547	ENSEEEG00000001469	SUSD1
ENSDARP00000116169	ENSDARG00000060288	plpbp	ENSEEEP00000052066	ENSEEEG00000024421	PLPBP
ENSDARP00000111732	ENSDARG00000094673	rhoab	ENSEEEP00000062116	ENSEEEG00000020863	rhoab
ENSDARP00000107068	ENSDARG00000087333	scoca	ENSEEEP00000062822	ENSEEEG00000028204	scoca
ENSDARP00000140576	ENSDARG00000043031	ints10	ENSEEEP00000009363	ENSEEEG00000004795	INTS10
ENSDARP00000124076	ENSDARG00000038667	fggy	ENSEEEP00000021935	ENSEEEG00000010602	FGGY
ENSDARP00000000250	ENSDARG00000000241	slc40a1	ENSEEEP00000049416	ENSEEEG00000023227	SLC40A1
ENSDARP00000133905	ENSDARG00000099268	si:dkeyp-13d12.11	ENSEEEP00000048892	ENSEEEG00000022992	si:dkeyp-13d12.11
ENSDARP00000124789	ENSDARG00000021895	disc1	ENSEEEP00000046452	ENSEEEG00000021873	roraa
ENSDARP00000082921	ENSDARG00000061761	opa3	ENSEEEP00000062878	ENSEEEG00000026288	OPA3
ENSDARP00000108912	ENSDARG00000089302	hnrnpa0a	ENSEEEP00000029594	ENSEEEG00000014178	hnrnpa0b
ENSDARP00000136258	ENSDARG00000007141	psmc3	ENSEEEP00000060023	ENSEEEG00000013580	PSMC3
ENSDARP00000106673	ENSDARG00000058528	cnot10	ENSEEEP00000026721	ENSEEEG00000012566	CNOT10
ENSDARP00000075049	ENSDARG00000045316	map7d2b	ENSEEEP00000054195	ENSEEEG00000013658	ARGLU1
ENSDARP00000145163	ENSDARG00000075774	foxj3	ENSEEEP00000059247	ENSEEEG00000024161	FOXJ3
ENSDARP00000128138	ENSDARG00000017606	sys1	ENSEEEP00000014436	ENSEEEG00000027040	sys1
ENSDARP00000084146	ENSDARG00000062222	mxra8a	ENSEEEP00000016450	ENSEEEG00000008148	mxra8a
ENSDARP00000099674	ENSDARG00000079015	brca2	ENSEEEP00000055096	ENSEEEG00000027450	
ENSDARP00000139979	ENSDARG00000104035	ttc16	ENSEEEP00000047296	ENSEEEG00000022255	ttc16
ENSDARP00000067603	ENSDARG00000045989	arf4a	ENSEEEP00000022068	ENSEEEG00000010673	arf4a
ENSDARP00000076180	ENSDARG00000058800	rab25a	ENSEEEP00000050837	ENSEEEG00000023874	rab25a
ENSDARP00000102477	ENSDARG00000105071	nos1apa	ENSEEEP00000014246	ENSEEEG00000007081	nos1apa
ENSDARP00000122615	ENSDARG00000069766	caln2	ENSEEEP00000010841	ENSEEEG00000005489	caln2
ENSDARP00000130127	ENSDARG00000088124	adrb2a	ENSEEEP00000005017	ENSEEEG00000002610	adrb2a
ENSDARP00000139695	ENSDARG00000098980	si:ch211-153f2.3	ENSEEEP00000033927	ENSEEEG00000016157	si:ch211-153f2.3
ENSDARP00000127077	ENSDARG00000074334	si:dkey-1c7.1	ENSEEEP00000043382	ENSEEEG00000020498	
ENSDARP00000108478	ENSDARG00000027394	tmem276b	ENSEEEP00000006255	ENSEEEG00000003332	si:ch211-150g13.3
ENSDARP00000059573	ENSDARG00000040678	ccdc93	ENSEEEP00000040928	ENSEEEG00000019079	CCDC93
ENSDARP00000109113	ENSDARG00000037846	hm13	ENSEEEP00000020314	ENSEEEG00000009908	HM13
ENSDARP00000148470	ENSDARG00000069917	ska3	ENSEEEP00000049591	ENSEEEG00000023316	ska3
ENSDARP00000127715	ENSDARG00000042984	fpr1	ENSEEEP00000037075	ENSEEEG00000017608	fpr1
ENSDARP00000025933	ENSDARG00000008920	mrpl53	ENSEEEP00000031528	ENSEEEG00000015084	mrpl53
ENSDARP00000064968	ENSDARG00000092154	tex264a	ENSEEEP00000052152	ENSEEEG00000024449	tex264a
ENSDARP00000071579	ENSDARG00000054842	hsd17b14	ENSEEEP00000004305	ENSEEEG00000002258	HSD17B14
ENSDARP00000012444	ENSDARG00000076225	tha1	ENSEEEP00000011677	ENSEEEG00000005874	tha1
ENSDARP00000041769	ENSDARG00000032993	ccl34b.3	ENSEEEP00000058725	ENSEEEG00000007363	
ENSDARP00000111634	ENSDARG00000014373	ddx4	ENSEEEP00000044300	ENSEEEG00000020926	DDX4
ENSDARP00000121128	ENSDARG00000068457	tnnt3b	ENSEEEP00000012220	ENSEEEG00000006155	tnnt3a
ENSDARP00000141580	ENSDARG00000021555	prkn	ENSEEEP00000060530	ENSEEEG00000012670	PRKN
ENSDARP00000067039	ENSDARG00000045598	akr1b1.2	ENSEEEP00000061446	ENSEEEG00000010622	akr1b1.1
ENSDARP00000062440	ENSDARG00000042571	rnaseh1	ENSEEEP00000019908	ENSEEEG00000009735	rnaseh1
ENSDARP00000102733	ENSDARG00000077385	rgs19	ENSEEEP00000061527	ENSEEEG00000026283	RGS19
ENSDARP00000041393	ENSDARG00000034633	emc9	ENSEEEP00000053733	ENSEEEG00000025297	EMC9
ENSDARP00000143421	ENSDARG00000029011	xpnpep1	ENSEEEP00000020644	ENSEEEG00000009495	XPNPEP1
ENSDARP00000120475	ENSDARG00000095040	cbln7	ENSEEEP00000009120	ENSEEEG00000004698	
ENSDARP00000152879	ENSDARG00000069065	btg3	ENSEEEP00000004765	ENSEEEG00000002494	BTG3
ENSDARP00000101527	ENSDARG00000074734	msl1a	ENSEEEP00000007660	ENSEEEG00000004008	msl1a
ENSDARP00000018505	ENSDARG00000017272	eapp	ENSEEEP00000009253	ENSEEEG00000004749	EAPP
ENSDARP00000115089	ENSDARG00000062425	zgc:153521	ENSEEEP00000002890	ENSEEEG00000001652	C2orf69
ENSDARP00000149755	ENSDARG00000020187	gca	ENSEEEP00000041481	ENSEEEG00000019619	GCA
ENSDARP00000055147	ENSDARG00000037852	zgc:101663	ENSEEEP00000022561	ENSEEEG00000010956	zgc:101663
ENSDARP00000136567	ENSDARG00000103658	hivep1	ENSEEEP00000002118	ENSEEEG00000001301	HIVEP1
ENSDARP00000120037	ENSDARG00000032037	bet1l	ENSEEEP00000022850	ENSEEEG00000011087	BET1L
ENSDARP00000083512	ENSDARG00000061989	mpnd	ENSEEEP00000040494	ENSEEEG00000019179	MPND
ENSDARP00000099569	ENSDARG00000075337	lars2	ENSEEEP00000048985	ENSEEEG00000022937	LARS2
ENSDARP00000108265	ENSDARG00000043416	tnfaip2a	ENSEEEP00000019311	ENSEEEG00000009457	tnfaip2a
ENSDARP00000096703	ENSDARG00000071583	gtf3ab	ENSEEEP00000047438	ENSEEEG00000022314	gtf3ab
ENSDARP00000125093	ENSDARG00000058372	mcph1	ENSEEEP00000018396	ENSEEEG00000009034	MCPH1
ENSDARP00000071527	ENSDARG00000054804	anp32e	ENSEEEP00000029711	ENSEEEG00000014231	ANP32E
ENSDARP00000055766	ENSDARG00000038243	e4f1	ENSEEEP00000009056	ENSEEEG00000004667	E4F1
ENSDARP00000132244	ENSDARG00000097795	b3galt8	ENSEEEP00000040549	ENSEEEG00000019209	zgc:162952
ENSDARP00000051195	ENSDARG00000035330	taf1	ENSEEEP00000012331	ENSEEEG00000006011	taf1
ENSDARP00000121120	ENSDARG00000090472	ttll10	ENSEEEP00000030141	ENSEEEG00000014451	
ENSDARP00000132066	ENSDARG00000076312	myot	ENSEEEP00000048446	ENSEEEG00000022799	
ENSDARP00000112984	ENSDARG00000095675	ccdc141	ENSEEEP00000009950	ENSEEEG00000005064	
ENSDARP00000105600	ENSDARG00000114589	jam3a	ENSEEEP00000023703	ENSEEEG00000011483	jam3a
ENSDARP00000112758	ENSDARG00000005343	ccdc85al	ENSEEEP00000011819	ENSEEEG00000005955	ccdc85al
ENSDARP00000062428	ENSDARG00000042562	allc	ENSEEEP00000019965	ENSEEEG00000009756	ALLC
ENSDARP00000107880	ENSDARG00000090337	pprc1	ENSEEEP00000033859	ENSEEEG00000016123	pprc1
ENSDARP00000018012	ENSDARG00000005870	mmadhcb	ENSEEEP00000048261	ENSEEEG00000022727	MMADHC
ENSDARP00000060918	ENSDARG00000010316	qars1	ENSEEEP00000000528	ENSEEEG00000000275	QARS1
ENSDARP00000005204	ENSDARG00000052157	il12rb2	ENSEEEP00000014283	ENSEEEG00000007104	IL12RB2
ENSDARP00000156711	ENSDARG00000045878	nudt4b	ENSEEEP00000060417	ENSEEEG00000027271	nudt4b
ENSDARP00000089482	ENSDARG00000068289	eif3k	ENSEEEP00000036842	ENSEEEG00000017493	EIF3K
ENSDARP00000066624	ENSDARG00000045302	smpx	ENSEEEP00000047147	ENSEEEG00000022192	SMPX
ENSDARP00000115986	ENSDARG00000087020	si:ch73-334d15.2	ENSEEEP00000022336	ENSEEEG00000010843	si:ch73-334d15.2
ENSDARP00000125656	ENSDARG00000075664	si:ch1073-429i10.1	ENSEEEP00000036865	ENSEEEG00000017503	si:ch1073-429i10.1
ENSDARP00000072623	ENSDARG00000055763	tmem115	ENSEEEP00000044144	ENSEEEG00000020860	TMEM115
ENSDARP00000128777	ENSDARG00000060512	kbtbd3	ENSEEEP00000008043	ENSEEEG00000004197	KBTBD3
ENSDARP00000100146	ENSDARG00000077842	ajuba	ENSEEEP00000054907	ENSEEEG00000025916	AJUBA
ENSDARP00000095488	ENSDARG00000040439	rsl24d1	ENSEEEP00000042297	ENSEEEG00000019976	rsl24d1
ENSDARP00000064065	ENSDARG00000043631	bcas2	ENSEEEP00000046302	ENSEEEG00000021803	BCAS2
ENSDARP00000087595	ENSDARG00000063636	galnt11	ENSEEEP00000047873	ENSEEEG00000022519	GALNT11
ENSDARP00000076880	ENSDARG00000087393	prr11	ENSEEEP00000053622	ENSEEEG00000028685	evla
ENSDARP00000076657	ENSDARG00000059173	gdf2	ENSEEEP00000006439	ENSEEEG00000003407	GDF2
ENSDARP00000124677	ENSDARG00000076140	clcf1	ENSEEEP00000032001	ENSEEEG00000015273	CLCF1
ENSDARP00000116922	ENSDARG00000079983	agbl2	ENSEEEP00000040152	ENSEEEG00000019041	AGBL2
ENSDARP00000083458	ENSDARG00000061981	lap3	ENSEEEP00000016521	ENSEEEG00000008009	LAP3
ENSDARP00000017675	ENSDARG00000001912	drd4-rs	ENSEEEP00000019178	ENSEEEG00000009400	drd4-rs
ENSDARP00000115493	ENSDARG00000069495	tmem179bb	ENSEEEP00000010543	ENSEEEG00000005346	TMEM179B
ENSDARP00000008636	ENSDARG00000032117	ddx1	ENSEEEP00000043668	ENSEEEG00000020636	DDX1
ENSDARP00000001346	ENSDARG00000001057	bysl	ENSEEEP00000057353	ENSEEEG00000027743	BYSL
ENSDARP00000063319	ENSDARG00000043128	cldne	ENSEEEP00000063679	ENSEEEG00000026673	CLDN4
ENSDARP00000133091	ENSDARG00000104292	ccn2b	ENSEEEP00000017364	ENSEEEG00000008581	CCN3
ENSDARP00000113756	ENSDARG00000016393	arf2b	ENSEEEP00000057397	ENSEEEG00000027741	arf2b
ENSDARP00000131933	ENSDARG00000100342	zgc:158464	ENSEEEP00000034144	ENSEEEG00000016257	SHF
ENSDARP00000007836	ENSDARG00000007302	sh3gl3b	ENSEEEP00000045680	ENSEEEG00000021537	sh3gl3b
ENSDARP00000127932	ENSDARG00000089221	si:ch211-195o20.7	ENSEEEP00000042493	ENSEEEG00000020066	si:ch211-195o20.7
ENSDARP00000054557	ENSDARG00000037475	foxb2	ENSEEEP00000000338	ENSEEEG00000000244	foxb2
ENSDARP00000088874	ENSDARG00000018936	zcchc17	ENSEEEP00000039230	ENSEEEG00000018644	ZCCHC17
ENSDARP00000021450	ENSDARG00000012591	pdcd10b	ENSEEEP00000013201	ENSEEEG00000006615	pdcd10b
ENSDARP00000107396	ENSDARG00000055113	wu:fb30f12	ENSEEEP00000036953	ENSEEEG00000017551	pom121
ENSDARP00000128178	ENSDARG00000054572	wdr95	ENSEEEP00000044972	ENSEEEG00000021227	wdr95
ENSDARP00000092048	ENSDARG00000069529	zgc:153981	ENSEEEP00000000112	ENSEEEG00000000077	zgc:153981
ENSDARP00000106948	ENSDARG00000061498	dusp13a	ENSEEEP00000000104	ENSEEEG00000000071	dusp13a
ENSDARP00000023867	ENSDARG00000006818	urod	ENSEEEP00000046308	ENSEEEG00000021745	UROD
ENSDARP00000129015	ENSDARG00000028096	cldn23.1	ENSEEEP00000039436	ENSEEEG00000026272	cldn23a
ENSDARP00000052392	ENSDARG00000036090	pard6gb	ENSEEEP00000024438	ENSEEEG00000011856	pard6gb
ENSDARP00000113598	ENSDARG00000041616	b3gnt9	ENSEEEP00000047806	ENSEEEG00000022500	B3GNT9
ENSDARP00000106374	ENSDARG00000044514	st6gal1	ENSEEEP00000011321	ENSEEEG00000005734	ST6GAL1
ENSDARP00000118419	ENSDARG00000092650	si:ch211-223p8.8	ENSEEEP00000000117	ENSEEEG00000000083	si:ch211-223p8.8
ENSDARP00000054436	ENSDARG00000037408	tbc1d10c	ENSEEEP00000031962	ENSEEEG00000015247	TBC1D10C
ENSDARP00000045109	ENSDARG00000006110	chrd	ENSEEEP00000002112	ENSEEEG00000001292	CHRD
ENSDARP00000129280	ENSDARG00000079756	peak1	ENSEEEP00000048819	ENSEEEG00000022963	PEAK1
ENSDARP00000093472	ENSDARG00000070142	cart4	ENSEEEP00000029715	ENSEEEG00000014234	cart4
ENSDARP00000097423	ENSDARG00000000853	dstyk	ENSEEEP00000060140	ENSEEEG00000022000	DSTYK
ENSDARP00000139083	ENSDARG00000102199	im:6912630	ENSEEEP00000063581	ENSEEEG00000025025	SIKE1
ENSDARP00000005533	ENSDARG00000011272	uqcc2	ENSEEEP00000020058	ENSEEEG00000009809	UQCC2
ENSDARP00000114043	ENSDARG00000095328	si:ch211-191i18.4	ENSEEEP00000029717	ENSEEEG00000014235	si:ch211-191i18.4
ENSDARP00000069973	ENSDARG00000053452	pop5	ENSEEEP00000014168	ENSEEEG00000007039	POP5
ENSDARP00000068336	ENSDARG00000052074	si:ch211-122f10.4	ENSEEEP00000001979	ENSEEEG00000001234	si:ch211-122f10.4
ENSDARP00000142105	ENSDARG00000045200	dusp19b	ENSEEEP00000027236	ENSEEEG00000013146	dusp19b
ENSDARP00000123985	ENSDARG00000013961	slc31a1	ENSEEEP00000033420	ENSEEEG00000015882	SLC31A1
ENSDARP00000119941	ENSDARG00000016543	mrm3a	ENSEEEP00000003295	ENSEEEG00000001853	MRM3
ENSDARP00000112957	ENSDARG00000033967	trmt2b	ENSEEEP00000001143	ENSEEEG00000000766	TRMT2B
ENSDARP00000129343	ENSDARG00000038094	clec16a	ENSEEEP00000045295	ENSEEEG00000021366	CLEC16A
ENSDARP00000115896	ENSDARG00000039499	soul2	ENSEEEP00000039181	ENSEEEG00000018624	soul2
ENSDARP00000106985	ENSDARG00000053995	gpank1	ENSEEEP00000053085	ENSEEEG00000024845	GPANK1
ENSDARP00000063328	ENSDARG00000043134	cux1b	ENSEEEP00000051915	ENSEEEG00000024351	cux1b
ENSDARP00000006381	ENSDARG00000016463	trappc6b	ENSEEEP00000009781	ENSEEEG00000004968	trappc6b
ENSDARP00000005911	ENSDARG00000007449	slc25a39	ENSEEEP00000012472	ENSEEEG00000006200	SLC25A39
ENSDARP00000094239	ENSDARG00000070477	dnajc2	ENSEEEP00000064628	ENSEEEG00000022102	DNAJC2
ENSDARP00000102848	ENSDARG00000077928	cfap210	ENSEEEP00000039064	ENSEEEG00000018543	CCDC173
ENSDARP00000141963	ENSDARG00000102341	sugct	ENSEEEP00000010854	ENSEEEG00000005286	SUGCT
ENSDARP00000088304	ENSDARG00000067719	wwtr1	ENSEEEP00000055895	ENSEEEG00000025193	WWTR1
ENSDARP00000113500	ENSDARG00000061629	ndufaf5	ENSEEEP00000036780	ENSEEEG00000017461	NDUFAF5
ENSDARP00000149827	ENSDARG00000103422	usp10	ENSEEEP00000042090	ENSEEEG00000019881	USP10
ENSDARP00000094989	ENSDARG00000056739	tas1r1	ENSEEEP00000017128	ENSEEEG00000008474	TAS1R1
ENSDARP00000059548	ENSDARG00000040666	nifk	ENSEEEP00000024138	ENSEEEG00000011706	NIFK
ENSDARP00000127379	ENSDARG00000074121	dnmbp	ENSEEEP00000063411	ENSEEEG00000018923	DNMBP
ENSDARP00000049461	ENSDARG00000026484	rab15	ENSEEEP00000027949	ENSEEEG00000013452	RAB15
ENSDARP00000098216	ENSDARG00000078801	msantd1	ENSEEEP00000035085	ENSEEEG00000016689	MSANTD1
ENSDARP00000113627	ENSDARG00000058650	dpm3	ENSEEEP00000013255	ENSEEEG00000006645	dpm3
ENSDARP00000058889	ENSDARG00000040255	ephx2	ENSEEEP00000020474	ENSEEEG00000009997	EPHX2
ENSDARP00000083123	ENSDARG00000061854	lman2	ENSEEEP00000030587	ENSEEEG00000014650	LMAN2
ENSDARP00000032193	ENSDARG00000025605	nvl	ENSEEEP00000011063	ENSEEEG00000005606	NVL
ENSDARP00000127633	ENSDARG00000089689	tex26	ENSEEEP00000044971	ENSEEEG00000021225	fam78ab
ENSDARP00000144401	ENSDARG00000078915	mmp17a	ENSEEEP00000031568	ENSEEEG00000015096	mmp17a
ENSDARP00000029637	ENSDARG00000026842	acin1b	ENSEEEP00000011741	ENSEEEG00000005872	acin1b
ENSDARP00000093748	ENSDARG00000074591	eda	ENSEEEP00000060836	ENSEEEG00000028192	EDA
ENSDARP00000044096	ENSDARG00000027609	hpn	ENSEEEP00000042421	ENSEEEG00000020029	HPN
ENSDARP00000020367	ENSDARG00000010591	foxn4	ENSEEEP00000006620	ENSEEEG00000003508	FOXN4
ENSDARP00000120535	ENSDARG00000078285	pik3ap1	ENSEEEP00000008264	ENSEEEG00000004325	PIK3AP1
ENSDARP00000071111	ENSDARG00000054446	ccdc43	ENSEEEP00000032907	ENSEEEG00000015663	CCDC43
ENSDARP00000113328	ENSDARG00000008740	esf1	ENSEEEP00000036771	ENSEEEG00000017455	ESF1
ENSDARP00000118897	ENSDARG00000077143	znf526	ENSEEEP00000007189	ENSEEEG00000003789	ZNF526
ENSDARP00000102708	ENSDARG00000076780	acadsb	ENSEEEP00000043097	ENSEEEG00000020313	ACADSB
ENSDARP00000109399	ENSDARG00000014218	mecp2	ENSEEEP00000006746	ENSEEEG00000003570	MECP2
ENSDARP00000004716	ENSDARG00000021232	nkx2.7	ENSEEEP00000001955	ENSEEEG00000001221	nkx2.7
ENSDARP00000059731	ENSDARG00000040764	id1	ENSEEEP00000010580	ENSEEEG00000005369	ID1
ENSDARP00000116443	ENSDARG00000089836	mrps12	ENSEEEP00000059941	ENSEEEG00000027358	MRPS12
ENSDARP00000109706	ENSDARG00000091538	zranb3	ENSEEEP00000000296	ENSEEEG00000000150	ZRANB3
ENSDARP00000136955	ENSDARG00000100019	arhgap11a	ENSEEEP00000046576	ENSEEEG00000021935	arhgap11a
ENSDARP00000157213	ENSDARG00000060645	sirt7	ENSEEEP00000006393	ENSEEEG00000003393	SIRT7
ENSDARP00000081094	ENSDARG00000061057	zftraf1	ENSEEEP00000015642	ENSEEEG00000007751	CYHR1
ENSDARP00000107596	ENSDARG00000030608	rhogd	ENSEEEP00000047918	ENSEEEG00000022561	rhogc
ENSDARP00000112095	ENSDARG00000089075	si:ch73-173p19.1	ENSEEEP00000041228	ENSEEEG00000019510	si:ch73-173p19.1
ENSDARP00000116404	ENSDARG00000039497	ccdc85a	ENSEEEP00000039180	ENSEEEG00000018623	CCDC85A
ENSDARP00000066788	ENSDARG00000045421	stard3nl	ENSEEEP00000050116	ENSEEEG00000023573	STARD3NL
ENSDARP00000122996	ENSDARG00000093597	oip5	ENSEEEP00000048718	ENSEEEG00000022920	OIP5
ENSDARP00000072219	ENSDARG00000055398	foxc1b	ENSEEEP00000022338	ENSEEEG00000010845	foxc1b
ENSDARP00000114080	ENSDARG00000057166	lrmda	ENSEEEP00000016390	ENSEEEG00000008116	LRMDA
ENSDARP00000050216	ENSDARG00000030326	efna1a	ENSEEEP00000056007	ENSEEEG00000026328	efna1a
ENSDARP00000047012	ENSDARG00000030949	srprb	ENSEEEP00000051862	ENSEEEG00000024341	SRPRB
ENSDARP00000067153	ENSDARG00000045672	il26	ENSEEEP00000000152	ENSEEEG00000000115	
ENSDARP00000020953	ENSDARG00000016368	zbtb8os	ENSEEEP00000059327	ENSEEEG00000012215	ZBTB8OS
ENSDARP00000112275	ENSDARG00000007523	kmt2e	ENSEEEP00000053970	ENSEEEG00000024476	KMT2E
ENSDARP00000065502	ENSDARG00000044596	pgap2	ENSEEEP00000011470	ENSEEEG00000005796	PGAP2
ENSDARP00000022161	ENSDARG00000017427	phf20l1	ENSEEEP00000036164	ENSEEEG00000017197	PHF20L1
ENSDARP00000117350	ENSDARG00000002401	gale	ENSEEEP00000042492	ENSEEEG00000019995	GALE
ENSDARP00000028584	ENSDARG00000010032	cmtm7	ENSEEEP00000061179	ENSEEEG00000026646	CMTM7
ENSDARP00000044042	ENSDARG00000031346	rbm17	ENSEEEP00000014569	ENSEEEG00000007246	RBM17
ENSDARP00000154491	ENSDARG00000041839	tsc22d2	ENSEEEP00000035941	ENSEEEG00000017092	TSC22D2
ENSDARP00000095377	ENSDARG00000032277	rars2	ENSEEEP00000051359	ENSEEEG00000024085	RARS2
ENSDARP00000082010	ENSDARG00000061414	slx4	ENSEEEP00000019307	ENSEEEG00000009456	
ENSDARP00000023460	ENSDARG00000020840	mcrs1	ENSEEEP00000049966	ENSEEEG00000023486	MCRS1
ENSDARP00000135814	ENSDARG00000078223	ora4	ENSEEEP00000046888	ENSEEEG00000022070	ora4
ENSDARP00000091115	ENSDARG00000000516	ankar	ENSEEEP00000049405	ENSEEEG00000023220	ankar
ENSDARP00000152539	ENSDARG00000101557	scarb1	ENSEEEP00000063185	ENSEEEG00000020899	SCARB1
ENSDARP00000125028	ENSDARG00000003462	fech	ENSEEEP00000034147	ENSEEEG00000016253	FECH
ENSDARP00000132706	ENSDARG00000099441	cbx4	ENSEEEP00000012037	ENSEEEG00000006068	CBX4
ENSDARP00000076093	ENSDARG00000058725	rfesd	ENSEEEP00000031397	ENSEEEG00000015023	RFESD
ENSDARP00000057287	ENSDARG00000039211	zgc:77439	ENSEEEP00000024367	ENSEEEG00000011819	zgc:77439
ENSDARP00000069088	ENSDARG00000052700	si:dkey-162b23.4	ENSEEEP00000038355	ENSEEEG00000018215	SLC9B2
ENSDARP00000074483	ENSDARG00000057395	ssbp2a	ENSEEEP00000013824	ENSEEEG00000006875	si:ch211-130m23.3
ENSDARP00000121263	ENSDARG00000094005	perm1a	ENSEEEP00000061536	ENSEEEG00000026811	DLC1
ENSDARP00000004205	ENSDARG00000004261	tmed9	ENSEEEP00000056691	ENSEEEG00000027521	TMED9
ENSDARP00000126885	ENSDARG00000076251	irf3	ENSEEEP00000040166	ENSEEEG00000019051	IRF3
ENSDARP00000118184	ENSDARG00000075013	usp45	ENSEEEP00000024811	ENSEEEG00000012017	USP45
ENSDARP00000071815	ENSDARG00000055045	casp3b	ENSEEEP00000033341	ENSEEEG00000015846	casp3b
ENSDARP00000078125	ENSDARG00000059857	blvra	ENSEEEP00000037435	ENSEEEG00000017803	BLVRA
ENSDARP00000074848	ENSDARG00000057677	neu4	ENSEEEP00000051858	ENSEEEG00000024336	NEU4
ENSDARP00000108560	ENSDARG00000086618	psma3	ENSEEEP00000041148	ENSEEEG00000019468	PSMA3
ENSDARP00000057612	ENSDARG00000039436	il13ra2	ENSEEEP00000019999	ENSEEEG00000009778	IL13RA2
ENSDARP00000045658	ENSDARG00000031890	tcp11l1	ENSEEEP00000014632	ENSEEEG00000007269	TCP11L1
ENSDARP00000153337	ENSDARG00000087165	si:dkeyp-69c1.7	ENSEEEP00000008095	ENSEEEG00000004214	
ENSDARP00000096538	ENSDARG00000071496	zic6	ENSEEEP00000052091	ENSEEEG00000024432	zic6
ENSDARP00000072983	ENSDARG00000056119	eef1g	ENSEEEP00000035445	ENSEEEG00000016854	eef1g
ENSDARP00000118323	ENSDARG00000093738	pth1a	ENSEEEP00000015861	ENSEEEG00000007839	pth1a
ENSDARP00000050295	ENSDARG00000033175	snrpe	ENSEEEP00000026278	ENSEEEG00000012703	SNRPE
ENSDARP00000112866	ENSDARG00000037932	lin7b	ENSEEEP00000002126	ENSEEEG00000001296	LIN7B
ENSDARP00000094818	ENSDARG00000070683	dkk3b	ENSEEEP00000028622	ENSEEEG00000013752	dkk3b
ENSDARP00000122047	ENSDARG00000076618	tm2d3	ENSEEEP00000004523	ENSEEEG00000002356	TM2D3
ENSDARP00000063544	ENSDARG00000043288	impact	ENSEEEP00000038453	ENSEEEG00000018264	IMPACT
ENSDARP00000115189	ENSDARG00000004502	rcor3	ENSEEEP00000056081	ENSEEEG00000023926	RCOR3
ENSDARP00000115967	ENSDARG00000095750	fdxacb1	ENSEEEP00000038937	ENSEEEG00000018478	FDXACB1
ENSDARP00000067953	ENSDARG00000051783	rplp0	ENSEEEP00000003781	ENSEEEG00000002037	RPLP0
ENSDARP00000076780	ENSDARG00000059267	hoxd11a	ENSEEEP00000021320	ENSEEEG00000010387	hoxd11a
ENSDARP00000108447	ENSDARG00000062806	ttll9	ENSEEEP00000018587	ENSEEEG00000009134	TTLL9
ENSDARP00000076768	ENSDARG00000059256	hoxd13a	ENSEEEP00000021307	ENSEEEG00000010381	HOXD13
ENSDARP00000068562	ENSDARG00000052247	alkbh4	ENSEEEP00000008626	ENSEEEG00000004476	ALKBH4
ENSDARP00000055227	ENSDARG00000037892	psmc3ip	ENSEEEP00000010477	ENSEEEG00000005290	PSMC3IP
ENSDARP00000112133	ENSDARG00000086453	gja9b	ENSEEEP00000063255	ENSEEEG00000008800	cx52.9
ENSDARP00000117179	ENSDARG00000078598	si:ch1073-184j22.2	ENSEEEP00000023002	ENSEEEG00000011170	si:ch1073-184j22.2
ENSDARP00000105002	ENSDARG00000077081	slc38a10	ENSEEEP00000011687	ENSEEEG00000005883	SLC38A10
ENSDARP00000037263	ENSDARG00000028699	crkl	ENSEEEP00000030538	ENSEEEG00000014627	CRKL
ENSDARP00000045674	ENSDARG00000102035	slc52a2	ENSEEEP00000011530	ENSEEEG00000005811	slc52a2
ENSDARP00000126898	ENSDARG00000003085	stambpl1	ENSEEEP00000060749	ENSEEEG00000010505	stambpb
ENSDARP00000105748	ENSDARG00000077414	zgc:194312	ENSEEEP00000001583	ENSEEEG00000001013	zgc:194312
ENSDARP00000113867	ENSDARG00000035631	sdf2l1	ENSEEEP00000018791	ENSEEEG00000009239	SDF2L1
ENSDARP00000086116	ENSDARG00000063003	alkbh5	ENSEEEP00000039133	ENSEEEG00000018588	ALKBH5
ENSDARP00000107175	ENSDARG00000087392	si:ch73-160p18.3	ENSEEEP00000052771	ENSEEEG00000027985	FLNA
ENSDARP00000025779	ENSDARG00000018124	psmd3	ENSEEEP00000035759	ENSEEEG00000016673	PSMD3
ENSDARP00000003565	ENSDARG00000008542	yod1	ENSEEEP00000026283	ENSEEEG00000012711	YOD1
ENSDARP00000067677	ENSDARG00000046030	zgc:110339	ENSEEEP00000037443	ENSEEEG00000017807	
ENSDARP00000039716	ENSDARG00000020929	fam49ba	ENSEEEP00000057193	ENSEEEG00000016070	fam49ba
ENSDARP00000140088	ENSDARG00000102736	sars2	ENSEEEP00000053059	ENSEEEG00000017476	sars2
ENSDARP00000013120	ENSDARG00000014171	bloc1s1	ENSEEEP00000015766	ENSEEEG00000007803	bloc1s1
ENSDARP00000055278	ENSDARG00000077126	snrnp70	ENSEEEP00000002109	ENSEEEG00000001295	SNRNP70
ENSDARP00000040707	ENSDARG00000020749	caprin2	ENSEEEP00000039052	ENSEEEG00000018539	
ENSDARP00000112800	ENSDARG00000074476	odam	ENSEEEP00000038177	ENSEEEG00000018145	scpp9
ENSDARP00000136053	ENSDARG00000104837	nudc	ENSEEEP00000017320	ENSEEEG00000008562	NUDC
ENSDARP00000142060	ENSDARG00000105434	grxcr1a	ENSEEEP00000046554	ENSEEEG00000021926	grxcr1a
ENSDARP00000013020	ENSDARG00000008239	mocs3	ENSEEEP00000047609	ENSEEEG00000022409	MOCS3
ENSDARP00000138824	ENSDARG00000009685	ppa2	ENSEEEP00000048093	ENSEEEG00000022651	PPA2
ENSDARP00000108476	ENSDARG00000018508	zdhhc8b	ENSEEEP00000019425	ENSEEEG00000009519	zdhhc8b
ENSDARP00000093343	ENSDARG00000017504	shtn2	ENSEEEP00000000933	ENSEEEG00000000629	SHTN1
ENSDARP00000113169	ENSDARG00000076699	ipmka	ENSEEEP00000006412	ENSEEEG00000003400	ipmka
ENSDARP00000043594	ENSDARG00000030402	twist1a	ENSEEEP00000010894	ENSEEEG00000005512	twist1a
ENSDARP00000118018	ENSDARG00000063049	thtpa	ENSEEEP00000007625	ENSEEEG00000003984	THTPA
ENSDARP00000016775	ENSDARG00000015610	tubg1	ENSEEEP00000055664	ENSEEEG00000005321	TUBG1
ENSDARP00000096095	ENSDARG00000078301	zgc:162255	ENSEEEP00000031855	ENSEEEG00000015212	zgc:162255
ENSDARP00000152912	ENSDARG00000090427	efna4	ENSEEEP00000029090	ENSEEEG00000013955	DNAJC5
ENSDARP00000078713	ENSDARG00000060069	isoc1	ENSEEEP00000036806	ENSEEEG00000017469	ISOC1
ENSDARP00000058099	ENSDARG00000039754	xpc	ENSEEEP00000044328	ENSEEEG00000020943	XPC
ENSDARP00000119035	ENSDARG00000020984	slc16a10	ENSEEEP00000055021	ENSEEEG00000001785	SLC16A10
ENSDARP00000094278	ENSDARG00000019741	ccndx	ENSEEEP00000004233	ENSEEEG00000002234	ccndx
ENSDARP00000043217	ENSDARG00000033489	ube2j1	ENSEEEP00000061262	ENSEEEG00000028348	UBE2J1
ENSDARP00000033788	ENSDARG00000021681	asrgl1	ENSEEEP00000000956	ENSEEEG00000000649	ASRGL1
ENSDARP00000074019	ENSDARG00000057004	fgl1b	ENSEEEP00000036711	ENSEEEG00000017426	si:ch211-287a12.9
ENSDARP00000067289	ENSDARG00000045773	zgc:162634	ENSEEEP00000015860	ENSEEEG00000007838	PYURF
ENSDARP00000134695	ENSDARG00000042090	si:ch73-55i23.1	ENSEEEP00000059533	ENSEEEG00000026016	
ENSDARP00000116187	ENSDARG00000058226	ak3	ENSEEEP00000022163	ENSEEEG00000010770	AK3
ENSDARP00000098753	ENSDARG00000074505	mturn	ENSEEEP00000028157	ENSEEEG00000013552	MTURN
ENSDARP00000007809	ENSDARG00000004794	ccdc146	ENSEEEP00000019992	ENSEEEG00000009773	SHTN1
ENSDARP00000097622	ENSDARG00000067701	myoz3a	ENSEEEP00000060204	ENSEEEG00000025970	myoz3a
ENSDARP00000079466	ENSDARG00000060392	ash2l	ENSEEEP00000045343	ENSEEEG00000021385	ASH2L
ENSDARP00000096549	ENSDARG00000071499	cxcl32b.1	ENSEEEP00000014792	ENSEEEG00000007365	cxcl32b.1
ENSDARP00000065487	ENSDARG00000044584	tex261	ENSEEEP00000000925	ENSEEEG00000000623	tex261
ENSDARP00000087423	ENSDARG00000063559	pigx	ENSEEEP00000051824	ENSEEEG00000024325	PIGX
ENSDARP00000011510	ENSDARG00000018461	zgc:56095	ENSEEEP00000042664	ENSEEEG00000020072	zgc:56095
ENSDARP00000098896	ENSDARG00000075416	hscb	ENSEEEP00000019478	ENSEEEG00000009550	si:ch211-207k7.4
ENSDARP00000031181	ENSDARG00000025850	rps21	ENSEEEP00000060268	ENSEEEG00000025144	RPS21
ENSDARP00000130930	ENSDARG00000104325	plek	ENSEEEP00000060720	ENSEEEG00000008997	PLEK
ENSDARP00000109902	ENSDARG00000070416	zgc:162816	ENSEEEP00000023680	ENSEEEG00000011476	zgc:162816
ENSDARP00000128415	ENSDARG00000054128	im:7136021	ENSEEEP00000000304	ENSEEEG00000000224	KATNBL1
ENSDARP00000068351	ENSDARG00000052082	gabarapb	ENSEEEP00000053396	ENSEEEG00000013009	gabarapb
ENSDARP00000048976	ENSDARG00000031795	abcf1	ENSEEEP00000037803	ENSEEEG00000017928	ABCF1
ENSDARP00000129490	ENSDARG00000075619	cenpo	ENSEEEP00000021349	ENSEEEG00000010401	CENPO
ENSDARP00000128879	ENSDARG00000075354	espl1	ENSEEEP00000027935	ENSEEEG00000013446	ESPL1
ENSDARP00000112413	ENSDARG00000091509	atp6ap1la	ENSEEEP00000021959	ENSEEEG00000010671	atp6ap1la
ENSDARP00000151901	ENSDARG00000041483	paqr6	ENSEEEP00000042479	ENSEEEG00000020054	PAQR6
ENSDARP00000036899	ENSDARG00000022340	ufc1	ENSEEEP00000038914	ENSEEEG00000018464	UFC1
ENSDARP00000062065	ENSDARG00000042322	si:dkey-177p2.6	ENSEEEP00000022783	ENSEEEG00000011051	si:dkey-177p2.6
ENSDARP00000057298	ENSDARG00000039220	st6galnac5a	ENSEEEP00000023935	ENSEEEG00000011618	st6galnac5a
ENSDARP00000010591	ENSDARG00000005218	wrnip1	ENSEEEP00000000217	ENSEEEG00000000164	wrnip1
ENSDARP00000071557	ENSDARG00000054833	nucb1	ENSEEEP00000055308	ENSEEEG00000002238	NUCB1
ENSDARP00000092403	ENSDARG00000069703	efhb	ENSEEEP00000004986	ENSEEEG00000002592	EFHB
ENSDARP00000100925	ENSDARG00000077790	dcaf15	ENSEEEP00000038855	ENSEEEG00000018426	DCAF15
ENSDARP00000138323	ENSDARG00000020469	map3k7	ENSEEEP00000008945	ENSEEEG00000004586	MAP3K7
ENSDARP00000102247	ENSDARG00000043304	nop2	ENSEEEP00000041638	ENSEEEG00000019698	NOP2
ENSDARP00000156303	ENSDARG00000086712	si:dkeyp-97b10.3	ENSEEEP00000026058	ENSEEEG00000012620	si:dkeyp-97b10.3
ENSDARP00000153549	ENSDARG00000071592	aqp8a.2	ENSEEEP00000019386	ENSEEEG00000009497	aqp8a.2
ENSDARP00000055316	ENSDARG00000037960	lrrc17	ENSEEEP00000019981	ENSEEEG00000009769	LRRC17
ENSDARP00000100380	ENSDARG00000075265	plaua	ENSEEEP00000050502	ENSEEEG00000023745	plaua
ENSDARP00000098175	ENSDARG00000007526	ndufs2	ENSEEEP00000013170	ENSEEEG00000006464	NDUFS2
ENSDARP00000113240	ENSDARG00000042005	elp3	ENSEEEP00000010668	ENSEEEG00000005247	ELP3
ENSDARP00000133094	ENSDARG00000099771	gne	ENSEEEP00000053129	ENSEEEG00000007169	GNE
ENSDARP00000120432	ENSDARG00000077442	tubgcp5	ENSEEEP00000037471	ENSEEEG00000017418	TUBGCP5
ENSDARP00000114446	ENSDARG00000094793	ovch2	ENSEEEP00000028629	ENSEEEG00000013757	OVCH2
ENSDARP00000105219	ENSDARG00000091513	si:dkey-22o12.2	ENSEEEP00000019370	ENSEEEG00000009491	C3orf70
ENSDARP00000024931	ENSDARG00000011262	traip	ENSEEEP00000012542	ENSEEEG00000006280	TRAIP
ENSDARP00000115980	ENSDARG00000074168	tasor2	ENSEEEP00000044649	ENSEEEG00000021082	TASOR2
ENSDARP00000063391	ENSDARG00000043177	lsm1	ENSEEEP00000039849	ENSEEEG00000018895	LSM1
ENSDARP00000116829	ENSDARG00000061023	borcs6	ENSEEEP00000044174	ENSEEEG00000020875	si:dkey-72l14.4
ENSDARP00000065565	ENSDARG00000044628	dtd1	ENSEEEP00000012159	ENSEEEG00000006133	dtd1
ENSDARP00000124340	ENSDARG00000061774	mbd3a	ENSEEEP00000062467	ENSEEEG00000025408	mbd3a
ENSDARP00000145238	ENSDARG00000098669	exd1	ENSEEEP00000030802	ENSEEEG00000014736	EXD1
ENSDARP00000061188	ENSDARG00000041747	sspn	ENSEEEP00000045916	ENSEEEG00000021644	SSPN
ENSDARP00000118039	ENSDARG00000013763	rrbp1a	ENSEEEP00000056890	ENSEEEG00000029145	rrbp1b
ENSDARP00000138742	ENSDARG00000099652	xpot	ENSEEEP00000003369	ENSEEEG00000000992	XPOT
ENSDARP00000129284	ENSDARG00000074726	nrde2	ENSEEEP00000028196	ENSEEEG00000013567	NRDE2
ENSDARP00000144770	ENSDARG00000070069	pitx3	ENSEEEP00000008962	ENSEEEG00000004623	pitx3
ENSDARP00000130632	ENSDARG00000057688	ical1	ENSEEEP00000047759	ENSEEEG00000022479	ical1
ENSDARP00000032054	ENSDARG00000026149	slc46a1	ENSEEEP00000019127	ENSEEEG00000009381	SLC46A1
ENSDARP00000008262	ENSDARG00000018562	cope	ENSEEEP00000023899	ENSEEEG00000011546	COPE
ENSDARP00000096944	ENSDARG00000071684	rx1	ENSEEEP00000020809	ENSEEEG00000010149	rx1
ENSDARP00000066438	ENSDARG00000045190	ch25h	ENSEEEP00000030977	ENSEEEG00000014819	ch25h
ENSDARP00000101426	ENSDARG00000075682	orc6	ENSEEEP00000028041	ENSEEEG00000013490	ORC6
ENSDARP00000104508	ENSDARG00000028201	commd8	ENSEEEP00000033466	ENSEEEG00000015909	COMMD8
ENSDARP00000049153	ENSDARG00000031737	pthlha	ENSEEEP00000001418	ENSEEEG00000000933	pthlha
ENSDARP00000127807	ENSDARG00000097863	si:dkeyp-84f3.9	ENSEEEP00000063849	ENSEEEG00000025835	znf648
ENSDARP00000043506	ENSDARG00000058094	ciarta	ENSEEEP00000055245	ENSEEEG00000027612	ciarta
ENSDARP00000110718	ENSDARG00000045843	apex1	ENSEEEP00000002749	ENSEEEG00000001579	APEX1
ENSDARP00000117825	ENSDARG00000025914	si:dkey-190g11.3	ENSEEEP00000023058	ENSEEEG00000011189	si:dkey-190g11.3
ENSDARP00000135464	ENSDARG00000099768	si:ch211-272n13.3	ENSEEEP00000062051	ENSEEEG00000026694	
ENSDARP00000133297	ENSDARG00000099870	tnni4a	ENSEEEP00000003497	ENSEEEG00000001939	tnni4a
ENSDARP00000128720	ENSDARG00000097209	cox8b	ENSEEEP00000037440	ENSEEEG00000017806	Cox8b
ENSDARP00000094772	ENSDARG00000070677	fezf2	ENSEEEP00000035455	ENSEEEG00000016851	FEZF2
ENSDARP00000115695	ENSDARG00000086669	edn3b	ENSEEEP00000018578	ENSEEEG00000009132	edn3b
ENSDARP00000122139	ENSDARG00000059175	cep19	ENSEEEP00000051826	ENSEEEG00000024326	CEP19
ENSDARP00000014244	ENSDARG00000007065	mrps18b	ENSEEEP00000037696	ENSEEEG00000017923	MRPS18B
ENSDARP00000109086	ENSDARG00000089071	ushbp1	ENSEEEP00000030329	ENSEEEG00000014541	USHBP1
ENSDARP00000108620	ENSDARG00000088040	mdp1	ENSEEEP00000003137	ENSEEEG00000001777	si:dkeyp-27c8.2
ENSDARP00000098286	ENSDARG00000077313	slc46a3	ENSEEEP00000062832	ENSEEEG00000017395	SLC46A3
ENSDARP00000117224	ENSDARG00000037030	casz1	ENSEEEP00000058964	ENSEEEG00000022620	CASZ1
ENSDARP00000011398	ENSDARG00000006207	gpx1b	ENSEEEP00000052146	ENSEEEG00000024445	gpx1b
ENSDARP00000082748	ENSDARG00000061719	washc4	ENSEEEP00000039811	ENSEEEG00000018770	WASHC4
ENSDARP00000116789	ENSDARG00000058473	st6galnac3	ENSEEEP00000023934	ENSEEEG00000011617	st6galnac3
ENSDARP00000086140	ENSDARG00000063014	dbpa	ENSEEEP00000049304	ENSEEEG00000023176	dbpa
ENSDARP00000048468	ENSDARG00000001835	nalcn	ENSEEEP00000004349	ENSEEEG00000002286	NALCN
ENSDARP00000093865	ENSDARG00000070321	clrn2	ENSEEEP00000043089	ENSEEEG00000020343	CLRN2
ENSDARP00000117915	ENSDARG00000067718	si:dkey-3h3.3	ENSEEEP00000000095	ENSEEEG00000000067	si:dkey-3h3.3
ENSDARP00000126820	ENSDARG00000007467	ifit10	ENSEEEP00000030978	ENSEEEG00000014821	ifit9
ENSDARP00000131298	ENSDARG00000101609	si:dkey-109a10.2	ENSEEEP00000001696	ENSEEEG00000001083	CD200
ENSDARP00000136929	ENSDARG00000094760	si:dkey-125i10.3	ENSEEEP00000060736	ENSEEEG00000027210	CRTC2
ENSDARP00000080424	ENSDARG00000069278	trmt5	ENSEEEP00000049292	ENSEEEG00000023168	TRMT5
ENSDARP00000131820	ENSDARG00000099640	eed	ENSEEEP00000024547	ENSEEEG00000011894	EED
ENSDARP00000154878	ENSDARG00000057021	vps36	ENSEEEP00000036669	ENSEEEG00000017403	VPS36
ENSDARP00000115544	ENSDARG00000011371	zgc:64106	ENSEEEP00000031500	ENSEEEG00000015067	zgc:64106
ENSDARP00000124758	ENSDARG00000006079	gpr37l1a	ENSEEEP00000064627	ENSEEEG00000026996	gpr37l1a
ENSDARP00000114513	ENSDARG00000014462	rab3c	ENSEEEP00000023073	ENSEEEG00000011194	RAB3C
ENSDARP00000095092	ENSDARG00000043821	klf7b	ENSEEEP00000040075	ENSEEEG00000018997	klf7b
ENSDARP00000106824	ENSDARG00000087474	ccr6a	ENSEEEP00000019880	ENSEEEG00000009725	ccr6a
ENSDARP00000005048	ENSDARG00000004632	egln1b	ENSEEEP00000051253	ENSEEEG00000024055	egln1b
ENSDARP00000074147	ENSDARG00000057100	zwilch	ENSEEEP00000007622	ENSEEEG00000003978	ZWILCH
ENSDARP00000076519	ENSDARG00000059070	gars1	ENSEEEP00000041313	ENSEEEG00000019534	gars1
ENSDARP00000109985	ENSDARG00000087093	si:ch211-157c3.4	ENSEEEP00000044246	ENSEEEG00000020905	si:ch211-157c3.4
ENSDARP00000110971	ENSDARG00000044265	cdc37l1	ENSEEEP00000022162	ENSEEEG00000010768	CDC37L1
ENSDARP00000126818	ENSDARG00000096532	si:dkey-202c14.3	ENSEEEP00000007154	ENSEEEG00000003775	si:dkey-202c14.3
ENSDARP00000114249	ENSDARG00000031894	lef1	ENSEEEP00000018408	ENSEEEG00000009045	LEF1
ENSDARP00000116080	ENSDARG00000061373	znf142	ENSEEEP00000028325	ENSEEEG00000013617	znf142
ENSDARP00000117311	ENSDARG00000016207	zgc:112408	ENSEEEP00000028493	ENSEEEG00000013673	zgc:112408
ENSDARP00000019873	ENSDARG00000015557	zgc:100829	ENSEEEP00000059534	ENSEEEG00000025231	zgc:100829
ENSDARP00000143958	ENSDARG00000043019	exoc1	ENSEEEP00000040641	ENSEEEG00000019259	EXOC1
ENSDARP00000054734	ENSDARG00000037587	synpra	ENSEEEP00000016480	ENSEEEG00000008138	SYNPR
ENSDARP00000011707	ENSDARG00000007745	uqcrfs1	ENSEEEP00000000289	ENSEEEG00000000214	UQCRFS1
ENSDARP00000038591	ENSDARG00000027966	ap1s3b	ENSEEEP00000057528	ENSEEEG00000026887	AP1S3
ENSDARP00000134108	ENSDARG00000098130	bola3	ENSEEEP00000035097	ENSEEEG00000016696	BOLA3
ENSDARP00000017273	ENSDARG00000017127	pdzk1ip1	ENSEEEP00000061128	ENSEEEG00000025822	PDZK1IP1
ENSDARP00000034827	ENSDARG00000024324	arhgap1	ENSEEEP00000024912	ENSEEEG00000012079	ARHGAP1
ENSDARP00000141494	ENSDARG00000104170	42sp43	ENSEEEP00000035793	ENSEEEG00000017040	si:dkey-208k4.2
ENSDARP00000101896	ENSDARG00000098810	vstm2b	ENSEEEP00000000301	ENSEEEG00000000221	VSTM2B
ENSDARP00000058257	ENSDARG00000039830	gng5	ENSEEEP00000023757	ENSEEEG00000011508	gng5
ENSDARP00000011529	ENSDARG00000003058	cep43	ENSEEEP00000019886	ENSEEEG00000009727	fgfr1op
ENSDARP00000129202	ENSDARG00000038878	il12a	ENSEEEP00000053248	ENSEEEG00000027305	
ENSDARP00000064082	ENSDARG00000094992	otx1	ENSEEEP00000010055	ENSEEEG00000005101	OTX1
ENSDARP00000072629	ENSDARG00000055770	dffa	ENSEEEP00000048003	ENSEEEG00000022617	DFFA
ENSDARP00000105858	ENSDARG00000091058	sting1	ENSEEEP00000029069	ENSEEEG00000013947	STING1
ENSDARP00000129492	ENSDARG00000042989	si:dkeyp-84f3.5	ENSEEEP00000037074	ENSEEEG00000017607	si:dkeyp-84f3.5
ENSDARP00000049721	ENSDARG00000035043	pfdn5	ENSEEEP00000027939	ENSEEEG00000013448	PFDN5
ENSDARP00000039104	ENSDARG00000024479	pigk	ENSEEEP00000023946	ENSEEEG00000011623	PIGK
ENSDARP00000099506	ENSDARG00000017366	prdm4	ENSEEEP00000021825	ENSEEEG00000010611	PRDM4
ENSDARP00000126067	ENSDARG00000063719	usp8	ENSEEEP00000048145	ENSEEEG00000022668	USP8
ENSDARP00000065863	ENSDARG00000044812	ttc17	ENSEEEP00000040635	ENSEEEG00000019260	TTC17
ENSDARP00000063009	ENSDARG00000042927	mapre1a	ENSEEEP00000034235	ENSEEEG00000016303	mapre1a
ENSDARP00000117021	ENSDARG00000075813	asphd1	ENSEEEP00000005430	ENSEEEG00000002850	asphd1
ENSDARP00000071067	ENSDARG00000054414	spata17	ENSEEEP00000008815	ENSEEEG00000004556	SPATA17
ENSDARP00000025940	ENSDARG00000012066	dcn	ENSEEEP00000029266	ENSEEEG00000014022	DCN
ENSDARP00000131779	ENSDARG00000098103	tefb	ENSEEEP00000052277	ENSEEEG00000024512	tefb
ENSDARP00000138548	ENSDARG00000099609	tpbg1b	ENSEEEP00000017340	ENSEEEG00000008570	tpbga
ENSDARP00000084492	ENSDARG00000062347	mtus2a	ENSEEEP00000036628	ENSEEEG00000017370	
ENSDARP00000097837	ENSDARG00000074804	atxn7	ENSEEEP00000016276	ENSEEEG00000008049	ATXN7
ENSDARP00000120643	ENSDARG00000078221	plekha2	ENSEEEP00000044670	ENSEEEG00000021087	si:ch211-204d2.4
ENSDARP00000076185	ENSDARG00000058806	naxe	ENSEEEP00000050833	ENSEEEG00000023873	NAXE
ENSDARP00000118680	ENSDARG00000058961	ngfa	ENSEEEP00000022545	ENSEEEG00000010950	ngfa
ENSDARP00000139377	ENSDARG00000103173	stx8	ENSEEEP00000043845	ENSEEEG00000020722	STX8
ENSDARP00000086268	ENSDARG00000067979	gtf3c5	ENSEEEP00000007151	ENSEEEG00000003758	GTF3C5
ENSDARP00000024082	ENSDARG00000016706	atic	ENSEEEP00000041648	ENSEEEG00000019658	atic
ENSDARP00000135698	ENSDARG00000103364	cs	ENSEEEP00000057580	ENSEEEG00000024425	CS
ENSDARP00000116421	ENSDARG00000038306	tsc22d1	ENSEEEP00000055653	ENSEEEG00000028803	tsc22d1
ENSDARP00000060541	ENSDARG00000041306	mrps25	ENSEEEP00000001154	ENSEEEG00000000773	MRPS25
ENSDARP00000100433	ENSDARG00000055163	epoa	ENSEEEP00000032640	ENSEEEG00000015543	epoa
ENSDARP00000150261	ENSDARG00000098730	en1b	ENSEEEP00000039251	ENSEEEG00000018653	en1b
ENSDARP00000075336	ENSDARG00000058079	txndc17	ENSEEEP00000003304	ENSEEEG00000001859	TXNDC17
ENSDARP00000004845	ENSDARG00000017431	mindy2	ENSEEEP00000038349	ENSEEEG00000018217	MINDY2
ENSDARP00000105629	ENSDARG00000089009	frmpd1b	ENSEEEP00000007184	ENSEEEG00000003776	EPS15
ENSDARP00000020980	ENSDARG00000012177	rab4b	ENSEEEP00000064558	ENSEEEG00000025968	rab4b
ENSDARP00000142495	ENSDARG00000105416	adgrg4a	ENSEEEP00000051964	ENSEEEG00000024388	adgrg4b
ENSDARP00000011163	ENSDARG00000018569	tnfrsf1a	ENSEEEP00000044926	ENSEEEG00000021206	TNFRSF1A
ENSDARP00000100791	ENSDARG00000078492	swi5	ENSEEEP00000022081	ENSEEEG00000010727	SWI5
ENSDARP00000050356	ENSDARG00000051809	btr12	ENSEEEP00000050164	ENSEEEG00000023599	btr12
ENSDARP00000033890	ENSDARG00000021853	ntpcr	ENSEEEP00000046363	ENSEEEG00000021825	NTPCR
ENSDARP00000052926	ENSDARG00000076010	twist1b	ENSEEEP00000029436	ENSEEEG00000014093	twist1b
ENSDARP00000010296	ENSDARG00000010317	gpr183a	ENSEEEP00000009925	ENSEEEG00000005048	gpr183a
ENSDARP00000098975	ENSDARG00000078163	hpse2	ENSEEEP00000006334	ENSEEEG00000003368	HPSE2
ENSDARP00000115136	ENSDARG00000039338	gadd45gip1	ENSEEEP00000038981	ENSEEEG00000018495	GADD45GIP1
ENSDARP00000127287	ENSDARG00000042683	si:dkey-15j16.3	ENSEEEP00000016806	ENSEEEG00000026594	
ENSDARP00000055431	ENSDARG00000038030	rbx1	ENSEEEP00000049513	ENSEEEG00000023280	RBX1
ENSDARP00000044079	ENSDARG00000032963	her12	ENSEEEP00000017145	ENSEEEG00000008490	her12
ENSDARP00000025772	ENSDARG00000012946	syap1	ENSEEEP00000006012	ENSEEEG00000003202	SYAP1
ENSDARP00000066903	ENSDARG00000045490	ndufb2	ENSEEEP00000052216	ENSEEEG00000024480	NDUFB2
ENSDARP00000049975	ENSDARG00000032743	si:dkey-11p23.7	ENSEEEP00000020461	ENSEEEG00000009989	
ENSDARP00000102499	ENSDARG00000078894	hemk1	ENSEEEP00000011994	ENSEEEG00000006050	HEMK1
ENSDARP00000121477	ENSDARG00000043550	enkd1	ENSEEEP00000004855	ENSEEEG00000002537	ENKD1
ENSDARP00000099913	ENSDARG00000078479	mocs1	ENSEEEP00000057231	ENSEEEG00000006169	MOCS1
ENSDARP00000151627	ENSDARG00000031632	chst10	ENSEEEP00000039775	ENSEEEG00000018858	CHST10
ENSDARP00000115599	ENSDARG00000069723	zbbx	ENSEEEP00000032087	ENSEEEG00000015307	
ENSDARP00000115880	ENSDARG00000078918	comtd1a	ENSEEEP00000051593	ENSEEEG00000024227	COMTD1
ENSDARP00000084762	ENSDARG00000062450	rnf115a	ENSEEEP00000026850	ENSEEEG00000012963	RNF115
ENSDARP00000094011	ENSDARG00000026629	gmds	ENSEEEP00000061960	ENSEEEG00000010849	GMDS
ENSDARP00000120240	ENSDARG00000062467	stra6l	ENSEEEP00000037196	ENSEEEG00000017677	stra6l
ENSDARP00000116078	ENSDARG00000045675	mdm1	ENSEEEP00000000190	ENSEEEG00000000144	MDM1
ENSDARP00000106520	ENSDARG00000087745	lrrc38b	ENSEEEP00000027639	ENSEEEG00000013314	LRRC38
ENSDARP00000106586	ENSDARG00000035622	xbp1	ENSEEEP00000017375	ENSEEEG00000008589	XBP1
ENSDARP00000134965	ENSDARG00000104016	lgals4	ENSEEEP00000024307	ENSEEEG00000011784	LGALS4
ENSDARP00000105819	ENSDARG00000031046	nr1h5	ENSEEEP00000047323	ENSEEEG00000022276	nr1h5
ENSDARP00000133410	ENSDARG00000031774	pus7	ENSEEEP00000041091	ENSEEEG00000019428	PUS7
ENSDARP00000056360	ENSDARG00000033594	ido1	ENSEEEP00000001950	ENSEEEG00000001200	IDO1
ENSDARP00000127957	ENSDARG00000045554	snx20	ENSEEEP00000008033	ENSEEEG00000004192	SNX20
ENSDARP00000132081	ENSDARG00000103690	vipas39	ENSEEEP00000019217	ENSEEEG00000009420	VIPAS39
ENSDARP00000124088	ENSDARG00000003375	gng12a	ENSEEEP00000024909	ENSEEEG00000012078	gng12a
ENSDARP00000140437	ENSDARG00000100558	slbp	ENSEEEP00000056768	ENSEEEG00000028496	fndc4a
ENSDARP00000011338	ENSDARG00000006290	ndufs5	ENSEEEP00000030612	ENSEEEG00000014661	NDUFS5
ENSDARP00000009993	ENSDARG00000014138	acot8	ENSEEEP00000022807	ENSEEEG00000011064	ACOT8
ENSDARP00000067154	ENSDARG00000045673	il22	ENSEEEP00000000167	ENSEEEG00000000126	il22
ENSDARP00000103977	ENSDARG00000078924	tmco4	ENSEEEP00000029571	ENSEEEG00000014159	TMCO4
ENSDARP00000137838	ENSDARG00000105255	zbtb4	ENSEEEP00000035299	ENSEEEG00000016804	ZBTB4
ENSDARP00000129712	ENSDARG00000077356	sypl1	ENSEEEP00000043063	ENSEEEG00000020327	SYPL1
ENSDARP00000069319	ENSDARG00000052893	rx3	ENSEEEP00000008671	ENSEEEG00000004500	rx3
ENSDARP00000079830	ENSDARG00000060529	nkx6.3	ENSEEEP00000014675	ENSEEEG00000007302	nkx6.3
ENSDARP00000111337	ENSDARG00000012609	hpxa	ENSEEEP00000050493	ENSEEEG00000023740	hpxa
ENSDARP00000006629	ENSDARG00000017740	sec63	ENSEEEP00000023956	ENSEEEG00000011637	SEC63
ENSDARP00000137468	ENSDARG00000099213	glyr1	ENSEEEP00000035236	ENSEEEG00000016485	GLYR1
ENSDARP00000095196	ENSDARG00000040713	rbbp9	ENSEEEP00000062417	ENSEEEG00000028856	RBBP9
ENSDARP00000037308	ENSDARG00000027428	rpp30	ENSEEEP00000031068	ENSEEEG00000014870	RPP30
ENSDARP00000126158	ENSDARG00000028521	c1ql1l2	ENSEEEP00000032908	ENSEEEG00000015664	c1ql3b
ENSDARP00000152411	ENSDARG00000077157	synpo2b	ENSEEEP00000009096	ENSEEEG00000004684	synpo2b
ENSDARP00000114298	ENSDARG00000007597	bloc1s4	ENSEEEP00000024436	ENSEEEG00000011855	BLOC1S4
ENSDARP00000126729	ENSDARG00000070502	si:dkey-31e10.5	ENSEEEP00000024804	ENSEEEG00000012014	
ENSDARP00000149430	ENSDARG00000070272	casp10	ENSEEEP00000023204	ENSEEEG00000011250	CASP10
ENSDARP00000108208	ENSDARG00000026766	bcl2l10	ENSEEEP00000060616	ENSEEEG00000028832	bcl2l10
ENSDARP00000015326	ENSDARG00000020232	eif6	ENSEEEP00000004746	ENSEEEG00000002482	EIF6
ENSDARP00000007708	ENSDARG00000001777	nup155	ENSEEEP00000019605	ENSEEEG00000009580	NUP155
ENSDARP00000102878	ENSDARG00000075559	ppm1g	ENSEEEP00000031592	ENSEEEG00000015107	PPM1G
ENSDARP00000060033	ENSDARG00000040966	zgc:113149	ENSEEEP00000038598	ENSEEEG00000018323	zgc:113149
ENSDARP00000116699	ENSDARG00000058638	si:ch211-71m22.1	ENSEEEP00000026743	ENSEEEG00000012907	si:ch211-71m22.1
ENSDARP00000063995	ENSDARG00000043581	gadd45aa	ENSEEEP00000024910	ENSEEEG00000012080	gadd45aa
ENSDARP00000099409	ENSDARG00000078979	arhgef40	ENSEEEP00000050158	ENSEEEG00000023593	FBXW9
ENSDARP00000139310	ENSDARG00000105035	anapc2	ENSEEEP00000020731	ENSEEEG00000010109	ANAPC2
ENSDARP00000071970	ENSDARG00000055185	tm4sf5	ENSEEEP00000001101	ENSEEEG00000000738	TM4SF5
ENSDARP00000142977	ENSDARG00000089236	mettl15	ENSEEEP00000006272	ENSEEEG00000003341	METTL15
ENSDARP00000082925	ENSDARG00000061769	bmp10	ENSEEEP00000050350	ENSEEEG00000023675	BMP10
ENSDARP00000141208	ENSDARG00000078257	ora5	ENSEEEP00000019653	ENSEEEG00000009623	ora5
ENSDARP00000152294	ENSDARG00000088567	vps72b	ENSEEEP00000045418	ENSEEEG00000021441	vps72b
ENSDARP00000026694	ENSDARG00000005586	zbtb20	ENSEEEP00000056237	ENSEEEG00000028252	ZBTB20
ENSDARP00000117809	ENSDARG00000110046	igl3v1	ENSEEEP00000058949	ENSEEEG00000028793	
ENSDARP00000094326	ENSDARG00000062057	zgc:174945	ENSEEEP00000024806	ENSEEEG00000012016	RAC1
ENSDARP00000099863	ENSDARG00000077955	rnf6	ENSEEEP00000061030	ENSEEEG00000024699	RNF6
ENSDARP00000122851	ENSDARG00000024211	ifng1	ENSEEEP00000037638	ENSEEEG00000017884	ifng1
ENSDARP00000112298	ENSDARG00000059226	zbtb8a	ENSEEEP00000042322	ENSEEEG00000019989	ZBTB8A
ENSDARP00000061995	ENSDARG00000042272	tmem231	ENSEEEP00000012526	ENSEEEG00000006262	TMEM231
ENSDARP00000122207	ENSDARG00000062106	klf5b	ENSEEEP00000060818	ENSEEEG00000026434	KLF2
ENSDARP00000018770	ENSDARG00000005640	adat3	ENSEEEP00000049397	ENSEEEG00000023213	adat3
ENSDARP00000139404	ENSDARG00000101986	irf6	ENSEEEP00000025160	ENSEEEG00000012195	IRF6
ENSDARP00000119405	ENSDARG00000027159	fbxo28	ENSEEEP00000055851	ENSEEEG00000028644	FBXO28
ENSDARP00000092724	ENSDARG00000069832	sfxn4	ENSEEEP00000009758	ENSEEEG00000004963	SFXN4
ENSDARP00000118416	ENSDARG00000074305	si:ch73-257c13.2	ENSEEEP00000023944	ENSEEEG00000011627	METTL24
ENSDARP00000023819	ENSDARG00000017571	mccc2	ENSEEEP00000033040	ENSEEEG00000015725	MCCC2
ENSDARP00000005012	ENSDARG00000004598	or30bw1	ENSEEEP00000006112	ENSEEEG00000003263	Olfr68
ENSDARP00000124107	ENSDARG00000038681	mfap4.13	ENSEEEP00000006078	ENSEEEG00000028987	MFAP4
ENSDARP00000069085	ENSDARG00000052696	bdh2	ENSEEEP00000038390	ENSEEEG00000018225	BDH2
ENSDARP00000136678	ENSDARG00000103464	pggt1b	ENSEEEP00000015708	ENSEEEG00000007780	PGGT1B
ENSDARP00000015966	ENSDARG00000019253	rhag	ENSEEEP00000016335	ENSEEEG00000008059	RHAG
ENSDARP00000140918	ENSDARG00000078657	fndc10	ENSEEEP00000046889	ENSEEEG00000022071	FNDC10
ENSDARP00000041894	ENSDARG00000031216	ssu72	ENSEEEP00000046893	ENSEEEG00000022072	SSU72
ENSDARP00000033495	ENSDARG00000022213	uck2b	ENSEEEP00000023081	ENSEEEG00000011199	uck2b
ENSDARP00000118429	ENSDARG00000032197	klf12b	ENSEEEP00000009941	ENSEEEG00000005058	klf12b
ENSDARP00000040382	ENSDARG00000077880	si:ch211-255i20.3	ENSEEEP00000036262	ENSEEEG00000017245	si:ch211-255i20.3
ENSDARP00000028805	ENSDARG00000028442	cplane2	ENSEEEP00000012043	ENSEEEG00000006071	CPLANE2
ENSDARP00000150698	ENSDARG00000060679	kdm1a	ENSEEEP00000016581	ENSEEEG00000008207	KDM1A
ENSDARP00000121413	ENSDARG00000076360	coa1	ENSEEEP00000056097	ENSEEEG00000025562	rpl37
ENSDARP00000069990	ENSDARG00000053476	lipca	ENSEEEP00000038268	ENSEEEG00000018189	lipca
ENSDARP00000100697	ENSDARG00000076218	b3galt4	ENSEEEP00000001049	ENSEEEG00000000697	B3GALT4
ENSDARP00000131055	ENSDARG00000099617	sdr39u1	ENSEEEP00000027173	ENSEEEG00000013113	SDR39U1
ENSDARP00000042048	ENSDARG00000031915	hif1an	ENSEEEP00000001192	ENSEEEG00000000796	HIF1AN
ENSDARP00000124404	ENSDARG00000008363	mcl1b	ENSEEEP00000045419	ENSEEEG00000021442	mcl1b
ENSDARP00000063550	ENSDARG00000026499	ppm1e	ENSEEEP00000064201	ENSEEEG00000002232	PPM1E
ENSDARP00000149320	ENSDARG00000069980	lman1	ENSEEEP00000008681	ENSEEEG00000004506	LMAN1
ENSDARP00000109861	ENSDARG00000091619	mvb12ba	ENSEEEP00000041295	ENSEEEG00000019541	mvb12ba
ENSDARP00000089406	ENSDARG00000068262	vamp5	ENSEEEP00000060978	ENSEEEG00000025197	VAMP5
ENSDARP00000121362	ENSDARG00000008119	e2f6	ENSEEEP00000020094	ENSEEEG00000009819	si:ch211-195d17.2
ENSDARP00000054866	ENSDARG00000092609	aup1	ENSEEEP00000033798	ENSEEEG00000016094	AUP1
ENSDARP00000124840	ENSDARG00000061576	gldn	ENSEEEP00000032671	ENSEEEG00000015576	GLDN
ENSDARP00000128976	ENSDARG00000076970	dhrs12lb	ENSEEEP00000010647	ENSEEEG00000005374	si:ch211-165b10.3
ENSDARP00000023804	ENSDARG00000007582	olfcb1	ENSEEEP00000010415	ENSEEEG00000005263	CASD1
ENSDARP00000091710	ENSDARG00000017423	patl1	ENSEEEP00000039522	ENSEEEG00000018767	PATL1
ENSDARP00000121929	ENSDARG00000039005	trappc1	ENSEEEP00000005067	ENSEEEG00000002640	TRAPPC1
ENSDARP00000109282	ENSDARG00000091241	glt1d1	ENSEEEP00000015430	ENSEEEG00000007659	GLT1D1
ENSDARP00000083337	ENSDARG00000061921	gltpa	ENSEEEP00000043660	ENSEEEG00000020639	gltpa
ENSDARP00000090987	ENSDARG00000069066	nufip2	ENSEEEP00000035116	ENSEEEG00000016707	NUFIP2
ENSDARP00000098756	ENSDARG00000078850	plekhm2	ENSEEEP00000030066	ENSEEEG00000014408	PLEKHM2
ENSDARP00000119501	ENSDARG00000038107	sgcg	ENSEEEP00000043220	ENSEEEG00000020412	SGCG
ENSDARP00000102210	ENSDARG00000077265	wdr89	ENSEEEP00000024324	ENSEEEG00000011795	WDR89
ENSDARP00000026819	ENSDARG00000010905	mettl13	ENSEEEP00000024530	ENSEEEG00000011895	METTL13
ENSDARP00000120564	ENSDARG00000054288	zgc:63972	ENSEEEP00000014059	ENSEEEG00000006988	zgc:63972
ENSDARP00000133790	ENSDARG00000005823	slc39a10	ENSEEEP00000061242	ENSEEEG00000001624	SLC39A10
ENSDARP00000125217	ENSDARG00000075252	phrf1	ENSEEEP00000049170	ENSEEEG00000023105	PHRF1
ENSDARP00000132422	ENSDARG00000103988	mymk	ENSEEEP00000047300	ENSEEEG00000022264	MYMK
ENSDARP00000114107	ENSDARG00000094977	troap	ENSEEEP00000018646	ENSEEEG00000009167	
ENSDARP00000007240	ENSDARG00000016687	acadvl	ENSEEEP00000002570	ENSEEEG00000001057	ACADVL
ENSDARP00000137958	ENSDARG00000070390	flad1	ENSEEEP00000023526	ENSEEEG00000011410	FLAD1
ENSDARP00000123222	ENSDARG00000012932	mat2b	ENSEEEP00000038477	ENSEEEG00000018271	MAT2B
ENSDARP00000102772	ENSDARG00000078585	mon1a	ENSEEEP00000012543	ENSEEEG00000006296	MON1A
ENSDARP00000119491	ENSDARG00000076690	avpr2l	ENSEEEP00000037298	ENSEEEG00000017728	avpr2l
ENSDARP00000029000	ENSDARG00000024026	sdf2	ENSEEEP00000052928	ENSEEEG00000025203	SDF2
ENSDARP00000056033	ENSDARG00000038397	rpap2	ENSEEEP00000023620	ENSEEEG00000011444	RPAP2
ENSDARP00000136372	ENSDARG00000101034	zc3h12ab	ENSEEEP00000032936	ENSEEEG00000015680	ZC3H12A
ENSDARP00000123887	ENSDARG00000021086	znf367	ENSEEEP00000020175	ENSEEEG00000009851	ZNF367
ENSDARP00000063803	ENSDARG00000043460	nppcl	ENSEEEP00000041647	ENSEEEG00000019703	wu:fj39g12
ENSDARP00000052167	ENSDARG00000035942	hrh3	ENSEEEP00000028032	ENSEEEG00000013473	HRH3
ENSDARP00000132420	ENSDARG00000101280	vat1l	ENSEEEP00000035096	ENSEEEG00000016693	VAT1L
ENSDARP00000121982	ENSDARG00000089981	rnf146	ENSEEEP00000053799	ENSEEEG00000025755	RNF146
ENSDARP00000138353	ENSDARG00000101878	kdf1b	ENSEEEP00000017339	ENSEEEG00000008569	kdf1b
ENSDARP00000091586	ENSDARG00000039347	rps24	ENSEEEP00000000645	ENSEEEG00000000294	rps24
ENSDARP00000063395	ENSDARG00000043179	bag4	ENSEEEP00000053478	ENSEEEG00000029154	BAG4
ENSDARP00000149288	ENSDARG00000098377	tnfrsf11b	ENSEEEP00000036314	ENSEEEG00000017270	
ENSDARP00000124018	ENSDARG00000044056	ahi1	ENSEEEP00000041096	ENSEEEG00000019449	ahi1
ENSDARP00000151847	ENSDARG00000100304	chdh	ENSEEEP00000002813	ENSEEEG00000001615	CHDH
ENSDARP00000072649	ENSDARG00000055792	foxo4	ENSEEEP00000041945	ENSEEEG00000019825	FOXO4
ENSDARP00000108396	ENSDARG00000022261	pdzk1	ENSEEEP00000002282	ENSEEEG00000001371	PDZK1
ENSDARP00000144530	ENSDARG00000079917	rassf7a	ENSEEEP00000049172	ENSEEEG00000023106	rassf7a
ENSDARP00000127108	ENSDARG00000061473	tbkbp1	ENSEEEP00000064091	ENSEEEG00000006353	TBKBP1
ENSDARP00000115217	ENSDARG00000037929	strada	ENSEEEP00000002033	ENSEEEG00000001262	STRADA
ENSDARP00000006783	ENSDARG00000014106	cfl2	ENSEEEP00000008385	ENSEEEG00000004375	CFL2
ENSDARP00000025226	ENSDARG00000002240	psmb6	ENSEEEP00000002725	ENSEEEG00000001572	PSMB6
ENSDARP00000074317	ENSDARG00000057272	slc30a9	ENSEEEP00000046551	ENSEEEG00000021791	SLC30A9
ENSDARP00000061734	ENSDARG00000042123	nudt3b	ENSEEEP00000063467	ENSEEEG00000025714	nudt3b
ENSDARP00000022217	ENSDARG00000015394	thoc7	ENSEEEP00000016426	ENSEEEG00000008054	THOC7
ENSDARP00000007827	ENSDARG00000003411	foxa2	ENSEEEP00000047587	ENSEEEG00000022403	FOXA2
ENSDARP00000060808	ENSDARG00000041481	smg5	ENSEEEP00000054499	ENSEEEG00000020049	SMG5
ENSDARP00000120229	ENSDARG00000007657	ccnh	ENSEEEP00000046493	ENSEEEG00000021903	CCNH
ENSDARP00000013971	ENSDARG00000014008	cwc22	ENSEEEP00000056471	ENSEEEG00000005509	CWC22
ENSDARP00000138390	ENSDARG00000014303	vac14	ENSEEEP00000015841	ENSEEEG00000007831	VAC14
ENSDARP00000016213	ENSDARG00000004939	mtdhb	ENSEEEP00000052734	ENSEEEG00000011534	mtdhb
ENSDARP00000058907	ENSDARG00000040265	mpdu1b	ENSEEEP00000024405	ENSEEEG00000011830	mpdu1b
ENSDARP00000142524	ENSDARG00000105458	si:dkeyp-81f3.4	ENSEEEP00000051339	ENSEEEG00000024092	si:dkeyp-81f3.4
ENSDARP00000118162	ENSDARG00000078518	kazald2	ENSEEEP00000033790	ENSEEEG00000016091	kazald2
ENSDARP00000098769	ENSDARG00000078195	fhit	ENSEEEP00000010253	ENSEEEG00000005195	FHIT
ENSDARP00000136535	ENSDARG00000098074	trip4	ENSEEEP00000038750	ENSEEEG00000018387	TRIP4
ENSDARP00000077387	ENSDARG00000059583	rcc1l	ENSEEEP00000008615	ENSEEEG00000004464	RCC1L
ENSDARP00000121022	ENSDARG00000038566	gnptg	ENSEEEP00000017247	ENSEEEG00000008531	gnptg
ENSDARP00000114288	ENSDARG00000051824	tmeff2a	ENSEEEP00000002876	ENSEEEG00000001626	tmeff2a
ENSDARP00000115556	ENSDARG00000077607	dus2	ENSEEEP00000008516	ENSEEEG00000004427	DUS2
ENSDARP00000055693	ENSDARG00000038199	cdab	ENSEEEP00000011729	ENSEEEG00000005907	cdab
ENSDARP00000059034	ENSDARG00000028715	mindy3	ENSEEEP00000057827	ENSEEEG00000024970	MINDY3
ENSDARP00000153243	ENSDARG00000021378	phf21ab	ENSEEEP00000022941	ENSEEEG00000011100	phf21ab
ENSDARP00000050897	ENSDARG00000033735	ncf1	ENSEEEP00000008619	ENSEEEG00000004471	NCF1
ENSDARP00000060309	ENSDARG00000070083	atp5f1b	ENSEEEP00000011070	ENSEEEG00000005607	ATP5F1B
ENSDARP00000104523	ENSDARG00000043559	gle1	ENSEEEP00000031763	ENSEEEG00000015094	GLE1
ENSDARP00000119600	ENSDARG00000045580	lum	ENSEEEP00000029268	ENSEEEG00000014027	LUM
ENSDARP00000142812	ENSDARG00000036152	gas2b	ENSEEEP00000006250	ENSEEEG00000003331	gas2b
ENSDARP00000101096	ENSDARG00000078622	scpp5	ENSEEEP00000061759	ENSEEEG00000027561	
ENSDARP00000122656	ENSDARG00000027734	srsf5b	ENSEEEP00000055010	ENSEEEG00000013524	srsf5b
ENSDARP00000070677	ENSDARG00000054058	h1-10	ENSEEEP00000018168	ENSEEEG00000008935	H1-10
ENSDARP00000004506	ENSDARG00000011723	zgc:56556	ENSEEEP00000000478	ENSEEEG00000000342	C5orf22
ENSDARP00000091917	ENSDARG00000001470	mhc1zea	ENSEEEP00000059902	ENSEEEG00000003297	
ENSDARP00000091640	ENSDARG00000056152	fam3c	ENSEEEP00000019944	ENSEEEG00000009755	FAM3C
ENSDARP00000107224	ENSDARG00000000442	slc39a13	ENSEEEP00000006257	ENSEEEG00000003333	SLC39A13
ENSDARP00000075860	ENSDARG00000058548	popdc1	ENSEEEP00000061087	ENSEEEG00000025638	BVES
ENSDARP00000089751	ENSDARG00000077897	znf296	ENSEEEP00000033332	ENSEEEG00000015842	NBL1
ENSDARP00000089612	ENSDARG00000035872	hsd17b12b	ENSEEEP00000040629	ENSEEEG00000019253	hsd17b12b
ENSDARP00000124644	ENSDARG00000095826	smdt1a	ENSEEEP00000020720	ENSEEEG00000010111	SMDT1
ENSDARP00000084180	ENSDARG00000062237	nfs1	ENSEEEP00000016438	ENSEEEG00000008139	NFS1
ENSDARP00000102700	ENSDARG00000077979	tmem26a	ENSEEEP00000002447	ENSEEEG00000001433	tmem26a
ENSDARP00000027502	ENSDARG00000002077	mnat1	ENSEEEP00000049294	ENSEEEG00000023169	MNAT1
ENSDARP00000129264	ENSDARG00000023237	syne3	ENSEEEP00000027393	ENSEEEG00000013214	SYNE3
ENSDARP00000145063	ENSDARG00000030588	slc10a1	ENSEEEP00000004316	ENSEEEG00000002273	SLC10A1
ENSDARP00000126728	ENSDARG00000035175	schip1	ENSEEEP00000057871	ENSEEEG00000012624	schip1
ENSDARP00000141271	ENSDARG00000008765	tmed5	ENSEEEP00000063382	ENSEEEG00000027998	TMED5
ENSDARP00000002994	ENSDARG00000012927	tcea2	ENSEEEP00000029290	ENSEEEG00000014037	TCEA2
ENSDARP00000020778	ENSDARG00000017400	klf1	ENSEEEP00000022815	ENSEEEG00000011070	KLF1
ENSDARP00000124437	ENSDARG00000095885	si:ch211-158m24.12	ENSEEEP00000003927	ENSEEEG00000002100	
ENSDARP00000147854	ENSDARG00000099368	slc25a42	ENSEEEP00000057269	ENSEEEG00000025131	slc25a42
ENSDARP00000115444	ENSDARG00000045683	ccdc87	ENSEEEP00000051337	ENSEEEG00000024090	
ENSDARP00000153385	ENSDARG00000011273	tlx2	ENSEEEP00000033788	ENSEEEG00000016089	TLX2
ENSDARP00000126400	ENSDARG00000090793	misp3	ENSEEEP00000022818	ENSEEEG00000011072	
ENSDARP00000125764	ENSDARG00000077855	znrf2a	ENSEEEP00000028156	ENSEEEG00000013551	znrf2a
ENSDARP00000137858	ENSDARG00000104082	trps1	ENSEEEP00000033963	ENSEEEG00000016185	TRPS1
ENSDARP00000126995	ENSDARG00000062817	crym	ENSEEEP00000031985	ENSEEEG00000015263	CRYM
ENSDARP00000092184	ENSDARG00000060187	si:ch211-214c7.5	ENSEEEP00000041318	ENSEEEG00000019555	si:ch211-214c7.5
ENSDARP00000059966	ENSDARG00000057562	polr3c	ENSEEEP00000026858	ENSEEEG00000012964	POLR3C
ENSDARP00000090020	ENSDARG00000068587	rabggtb	ENSEEEP00000015619	ENSEEEG00000007672	RABGGTB
ENSDARP00000113831	ENSDARG00000023578	lpp	ENSEEEP00000010991	ENSEEEG00000005566	LPP
ENSDARP00000061140	ENSDARG00000020777	cep85l	ENSEEEP00000059626	ENSEEEG00000028960	CEP85L
ENSDARP00000154288	ENSDARG00000062573	znrf3	ENSEEEP00000057926	ENSEEEG00000008586	ZNRF3
ENSDARP00000069655	ENSDARG00000075421	pttg1	ENSEEEP00000005189	ENSEEEG00000002706	PTTG1
ENSDARP00000053266	ENSDARG00000036675	hnrnpa1b	ENSEEEP00000043157	ENSEEEG00000020377	hnrnpa1a
ENSDARP00000133042	ENSDARG00000103032	rap2b	ENSEEEP00000015049	ENSEEEG00000007488	RAP2B
ENSDARP00000090137	ENSDARG00000068641	taf10	ENSEEEP00000058454	ENSEEEG00000027572	TAF10
ENSDARP00000123163	ENSDARG00000003693	hars	ENSEEEP00000028916	ENSEEEG00000013558	hars
ENSDARP00000124000	ENSDARG00000061357	chst6	ENSEEEP00000045188	ENSEEEG00000021333	chst6
ENSDARP00000123084	ENSDARG00000075191	oacyl	ENSEEEP00000028857	ENSEEEG00000013859	oacyl
ENSDARP00000099552	ENSDARG00000063385	cenpe	ENSEEEP00000025773	ENSEEEG00000012491	
ENSDARP00000076687	ENSDARG00000055192	zgc:136930	ENSEEEP00000033607	ENSEEEG00000015986	zgc:136930
ENSDARP00000140837	ENSDARG00000099387	jpt1a	ENSEEEP00000044062	ENSEEEG00000020824	jpt1a
ENSDARP00000112954	ENSDARG00000020890	tmod4	ENSEEEP00000045416	ENSEEEG00000021435	TMOD4
ENSDARP00000037745	ENSDARG00000026655	tspo	ENSEEEP00000020057	ENSEEEG00000009808	TSPO
ENSDARP00000115487	ENSDARG00000031929	stard14	ENSEEEP00000030023	ENSEEEG00000014394	stard14
ENSDARP00000128252	ENSDARG00000038672	tcf7	ENSEEEP00000047060	ENSEEEG00000022150	TCF7
ENSDARP00000142553	ENSDARG00000086056	plekhg6	ENSEEEP00000044929	ENSEEEG00000021207	
ENSDARP00000089296	ENSDARG00000068217	stx2b	ENSEEEP00000000368	ENSEEEG00000000268	stx2b
ENSDARP00000109099	ENSDARG00000087048	tstd3	ENSEEEP00000024793	ENSEEEG00000012007	si:dkey-165n16.1
ENSDARP00000042258	ENSDARG00000029729	clybl	ENSEEEP00000004138	ENSEEEG00000002195	CLYBL
ENSDARP00000115812	ENSDARG00000052728	sltm	ENSEEEP00000038350	ENSEEEG00000018219	SLTM
ENSDARP00000083569	ENSDARG00000062009	gpr18	ENSEEEP00000009927	ENSEEEG00000005049	GPR18
ENSDARP00000115879	ENSDARG00000013528	mcm9	ENSEEEP00000015015	ENSEEEG00000007472	MCM9
ENSDARP00000138873	ENSDARG00000052856	khdrbs1a	ENSEEEP00000057590	ENSEEEG00000024846	khdrbs1a
ENSDARP00000085592	ENSDARG00000062785	adpgk2	ENSEEEP00000041125	ENSEEEG00000019460	adpgk2
ENSDARP00000027148	ENSDARG00000003193	rassf7b	ENSEEEP00000040604	ENSEEEG00000019235	rassf7b
ENSDARP00000130477	ENSDARG00000101619	micos10	ENSEEEP00000029527	ENSEEEG00000014140	micos10
ENSDARP00000113065	ENSDARG00000073914	fam163ba	ENSEEEP00000022078	ENSEEEG00000010726	fam163ba
ENSDARP00000105162	ENSDARG00000090664	moto	ENSEEEP00000032906	ENSEEEG00000015662	
ENSDARP00000130569	ENSDARG00000002060	brf2	ENSEEEP00000027534	ENSEEEG00000013277	BRF2
ENSDARP00000033049	ENSDARG00000022978	tmpob	ENSEEEP00000008612	ENSEEEG00000004467	tmpob
ENSDARP00000134941	ENSDARG00000104274	tmem200b	ENSEEEP00000017368	ENSEEEG00000008584	TMEM200B
ENSDARP00000076116	ENSDARG00000058746	ubap1	ENSEEEP00000031411	ENSEEEG00000015029	UBAP1
ENSDARP00000117864	ENSDARG00000015128	rpl27	ENSEEEP00000062637	ENSEEEG00000006193	RPL27
ENSDARP00000154872	ENSDARG00000053381	plpp1a	ENSEEEP00000041328	ENSEEEG00000019553	plpp1a
ENSDARP00000116312	ENSDARG00000068122	cfap77	ENSEEEP00000051304	ENSEEEG00000024073	CFAP77
ENSDARP00000149173	ENSDARG00000078817	ark2cb	ENSEEEP00000020608	ENSEEEG00000010053	rnf165b
ENSDARP00000121684	ENSDARG00000005980	sfswap	ENSEEEP00000054645	ENSEEEG00000015095	SFSWAP
ENSDARP00000055160	ENSDARG00000037860	cox6b2	ENSEEEP00000026235	ENSEEEG00000012686	cox6b2
ENSDARP00000016104	ENSDARG00000009534	wls	ENSEEEP00000024903	ENSEEEG00000012066	WLS
ENSDARP00000119465	ENSDARG00000054332	trim66	ENSEEEP00000029727	ENSEEEG00000014241	trim66
ENSDARP00000132487	ENSDARG00000101180	mcm7	ENSEEEP00000042225	ENSEEEG00000019897	MCM7
ENSDARP00000023984	ENSDARG00000010078	nup133	ENSEEEP00000038461	ENSEEEG00000017641	ATP13A2
ENSDARP00000003616	ENSDARG00000004713	mad2l1	ENSEEEP00000008203	ENSEEEG00000004284	MAD2L1
ENSDARP00000098269	ENSDARG00000080021	zmat3	ENSEEEP00000050598	ENSEEEG00000023792	ZMAT3
ENSDARP00000032279	ENSDARG00000026335	susd4	ENSEEEP00000047816	ENSEEEG00000022508	SUSD4
ENSDARP00000022188	ENSDARG00000012827	mettl3	ENSEEEP00000001113	ENSEEEG00000000744	METTL3
ENSDARP00000112726	ENSDARG00000094003	serp2	ENSEEEP00000011440	ENSEEEG00000005781	SERP2
ENSDARP00000102085	ENSDARG00000080006	tmem41b	ENSEEEP00000062918	ENSEEEG00000027922	TMEM41B
ENSDARP00000020860	ENSDARG00000001873	phgdh	ENSEEEP00000039053	ENSEEEG00000018538	PHGDH
ENSDARP00000061480	ENSDARG00000056765	ela2l	ENSEEEP00000027487	ENSEEEG00000013255	ela2l
ENSDARP00000065503	ENSDARG00000044597	ncbp3	ENSEEEP00000011467	ENSEEEG00000005786	NCBP3
ENSDARP00000135709	ENSDARG00000103594	npm3	ENSEEEP00000035575	ENSEEEG00000016942	NPM3
ENSDARP00000095483	ENSDARG00000031198	hmg20a	ENSEEEP00000048815	ENSEEEG00000022962	HMG20A
ENSDARP00000108616	ENSDARG00000087327	cbx8a	ENSEEEP00000011035	ENSEEEG00000005588	cbx8a
ENSDARP00000036885	ENSDARG00000021959	dmbx2	ENSEEEP00000011998	ENSEEEG00000006052	zgc:101100
ENSDARP00000100201	ENSDARG00000045935	immp1l	ENSEEEP00000051590	ENSEEEG00000024223	IMMP1L
ENSDARP00000103558	ENSDARG00000078640	fam117aa	ENSEEEP00000003476	ENSEEEG00000001932	fam117aa
ENSDARP00000066372	ENSDARG00000045132	vdac1	ENSEEEP00000047082	ENSEEEG00000022153	vdac1
ENSDARP00000024129	ENSDARG00000013931	eif3m	ENSEEEP00000000996	ENSEEEG00000000668	EIF3M
ENSDARP00000078446	ENSDARG00000059978	cplx4a	ENSEEEP00000008673	ENSEEEG00000004504	cplx4a
ENSDARP00000019685	ENSDARG00000014083	wdr82	ENSEEEP00000012010	ENSEEEG00000006055	wdr82
ENSDARP00000025789	ENSDARG00000005374	tubgcp4	ENSEEEP00000037308	ENSEEEG00000017732	TUBGCP4
ENSDARP00000072295	ENSDARG00000055477	pelo	ENSEEEP00000047945	ENSEEEG00000022578	PELO
ENSDARP00000126314	ENSDARG00000036186	mbpa	ENSEEEP00000055751	ENSEEEG00000005666	mbpa
ENSDARP00000135810	ENSDARG00000091574	suox	ENSEEEP00000049945	ENSEEEG00000023481	SUOX
ENSDARP00000039056	ENSDARG00000027200	gabarapl2	ENSEEEP00000012456	ENSEEEG00000006251	GABARAPL2
ENSDARP00000128166	ENSDARG00000097310	zgc:193812	ENSEEEP00000045656	ENSEEEG00000021534	zgc:193812
ENSDARP00000016622	ENSDARG00000005651	hrasb	ENSEEEP00000040602	ENSEEEG00000019231	hrasb
ENSDARP00000135827	ENSDARG00000104404	b4galt1l	ENSEEEP00000063653	ENSEEEG00000028060	b4galt1l
ENSDARP00000118293	ENSDARG00000074675	pan2	ENSEEEP00000009807	ENSEEEG00000004991	PAN2
ENSDARP00000027635	ENSDARG00000004301	rhogb	ENSEEEP00000011472	ENSEEEG00000027093	rhogb
ENSDARP00000060086	ENSDARG00000041005	or30bx1	ENSEEEP00000058780	ENSEEEG00000028575	
ENSDARP00000123129	ENSDARG00000091992	mrap	ENSEEEP00000049784	ENSEEEG00000023402	MRAP
ENSDARP00000123164	ENSDARG00000027738	si:ch211-13c6.2	ENSEEEP00000058758	ENSEEEG00000028524	cspp1a
ENSDARP00000116547	ENSDARG00000005842	cd9a	ENSEEEP00000057237	ENSEEEG00000006919	cd9a
ENSDARP00000100188	ENSDARG00000074160	paqr4b	ENSEEEP00000047938	ENSEEEG00000022577	paqr4b
ENSDARP00000066984	ENSDARG00000045553	hsd17b2	ENSEEEP00000008025	ENSEEEG00000004186	HSD17B2
ENSDARP00000073505	ENSDARG00000020952	naaladl1	ENSEEEP00000036765	ENSEEEG00000017442	si:ch211-214j8.1
ENSDARP00000126117	ENSDARG00000074533	slc25a38b	ENSEEEP00000063491	ENSEEEG00000026624	slc25a38b
ENSDARP00000137376	ENSDARG00000102245	tk1	ENSEEEP00000046247	ENSEEEG00000021784	TK1
ENSDARP00000128846	ENSDARG00000056896	ttc12	ENSEEEP00000033950	ENSEEEG00000016172	
ENSDARP00000080946	ENSDARG00000060992	rpusd2	ENSEEEP00000035771	ENSEEEG00000017024	RPUSD2
ENSDARP00000096676	ENSDARG00000071567	tstd1	ENSEEEP00000057280	ENSEEEG00000027676	tstd1
ENSDARP00000051528	ENSDARG00000035549	uprt	ENSEEEP00000056336	ENSEEEG00000000591	uprt
ENSDARP00000070468	ENSDARG00000053878	inpp5l	ENSEEEP00000014677	ENSEEEG00000007303	inpp5l
ENSDARP00000033600	ENSDARG00000021864	rplp1	ENSEEEP00000062230	ENSEEEG00000013353	rplp1
ENSDARP00000141451	ENSDARG00000069998	si:ch211-145b13.6	ENSEEEP00000009074	ENSEEEG00000004676	si:ch211-145b13.6
ENSDARP00000120515	ENSDARG00000011222	ccdc28b	ENSEEEP00000048708	ENSEEEG00000022918	CCDC28B
ENSDARP00000031559	ENSDARG00000026967	ap2s1	ENSEEEP00000043671	ENSEEEG00000020640	AP2S1
ENSDARP00000141922	ENSDARG00000100295	ccl39.3	ENSEEEP00000007742	ENSEEEG00000004052	
ENSDARP00000009713	ENSDARG00000030110	myod1	ENSEEEP00000014922	ENSEEEG00000007431	MYOD1
ENSDARP00000137233	ENSDARG00000099117	fxyd11	ENSEEEP00000042418	ENSEEEG00000020027	si:dkey-33i11.4
ENSDARP00000134894	ENSDARG00000088835	efs	ENSEEEP00000011673	ENSEEEG00000005871	EFS
ENSDARP00000091442	ENSDARG00000069270	si:dkey-182i3.11	ENSEEEP00000052431	ENSEEEG00000024562	si:dkey-182i3.11
ENSDARP00000114987	ENSDARG00000045557	socs2	ENSEEEP00000053404	ENSEEEG00000025046	SOCS2
ENSDARP00000055219	ENSDARG00000037884	rab30	ENSEEEP00000052897	ENSEEEG00000025278	RAB30
ENSDARP00000016471	ENSDARG00000007271	mynn	ENSEEEP00000056563	ENSEEEG00000029061	MYNN
ENSDARP00000101948	ENSDARG00000019581	uso1	ENSEEEP00000055643	ENSEEEG00000022642	USO1
ENSDARP00000118326	ENSDARG00000088276	si:ch211-190p8.2	ENSEEEP00000001521	ENSEEEG00000000987	H2BE1
ENSDARP00000148117	ENSDARG00000077400	rbm10	ENSEEEP00000001818	ENSEEEG00000001150	RBM10
ENSDARP00000029090	ENSDARG00000070584	clic5b	ENSEEEP00000026182	ENSEEEG00000012658	clic5b
ENSDARP00000123123	ENSDARG00000038557	anks3	ENSEEEP00000006680	ENSEEEG00000003542	ANKS3
ENSDARP00000137930	ENSDARG00000092136	cenpw	ENSEEEP00000052513	ENSEEEG00000024596	CENPW
ENSDARP00000098728	ENSDARG00000079216	dpep2	ENSEEEP00000056075	ENSEEEG00000025912	dpep2
ENSDARP00000120098	ENSDARG00000092346	nfil3-4	ENSEEEP00000025357	ENSEEEG00000012308	nfil3-4
ENSDARP00000135389	ENSDARG00000099461	asb10	ENSEEEP00000001518	ENSEEEG00000000986	ASB10
ENSDARP00000146826	ENSDARG00000087145	parp10	ENSEEEP00000045590	ENSEEEG00000021513	si:ch1073-296d18.1
ENSDARP00000119676	ENSDARG00000068969	zgc:153759	ENSEEEP00000011984	ENSEEEG00000006042	CD40
ENSDARP00000086133	ENSDARG00000063009	catip	ENSEEEP00000047708	ENSEEEG00000022457	CATIP
ENSDARP00000076448	ENSDARG00000059015	lim2.2	ENSEEEP00000025065	ENSEEEG00000012160	lim2.2
ENSDARP00000117479	ENSDARG00000062537	gng14	ENSEEEP00000037666	ENSEEEG00000017898	si:dkey-117i10.1
ENSDARP00000121489	ENSDARG00000043928	gpn1	ENSEEEP00000027777	ENSEEEG00000013375	GPN1
ENSDARP00000118503	ENSDARG00000038296	tmem86b	ENSEEEP00000002422	ENSEEEG00000001419	TMEM86B
ENSDARP00000136617	ENSDARG00000099177	dok1b	ENSEEEP00000018207	ENSEEEG00000008948	dok1b
ENSDARP00000058323	ENSDARG00000039871	rpz4	ENSEEEP00000021607	ENSEEEG00000010518	rpz4
ENSDARP00000113946	ENSDARG00000058020	fbxw9	ENSEEEP00000037670	ENSEEEG00000017914	FBXW9
ENSDARP00000073606	ENSDARG00000056620	grpr	ENSEEEP00000010076	ENSEEEG00000005092	grpr
ENSDARP00000036436	ENSDARG00000027957	fgf12a	ENSEEEP00000062106	ENSEEEG00000011237	fgf12a
ENSDARP00000118143	ENSDARG00000013023	nsun3	ENSEEEP00000027326	ENSEEEG00000013183	NSUN3
ENSDARP00000137654	ENSDARG00000102138	foxa1	ENSEEEP00000008256	ENSEEEG00000004320	FOXA1
ENSDARP00000020541	ENSDARG00000005924	serpina10a	ENSEEEP00000024782	ENSEEEG00000011999	serpina10a
ENSDARP00000093347	ENSDARG00000070085	mettl6	ENSEEEP00000049078	ENSEEEG00000023057	METTL6
ENSDARP00000129554	ENSDARG00000076798	si:ch211-261p9.4	ENSEEEP00000025019	ENSEEEG00000012137	si:ch211-261p9.4
ENSDARP00000130303	ENSDARG00000008188	sf1	ENSEEEP00000011866	ENSEEEG00000005974	SF1
ENSDARP00000110527	ENSDARG00000091349	plekhd1	ENSEEEP00000010471	ENSEEEG00000005296	PLEKHD1
ENSDARP00000133453	ENSDARG00000102874	immt	ENSEEEP00000019352	ENSEEEG00000009482	IMMT
ENSDARP00000055378	ENSDARG00000037995	gdf3	ENSEEEP00000019796	ENSEEEG00000009688	GDF3
ENSDARP00000012500	ENSDARG00000012281	neff1	ENSEEEP00000017961	ENSEEEG00000008695	zgc:65851
ENSDARP00000081763	ENSDARG00000061311	znf438	ENSEEEP00000059987	ENSEEEG00000002485	ZNF438
ENSDARP00000120194	ENSDARG00000010407	ppp4r4	ENSEEEP00000024777	ENSEEEG00000011998	PPP4R4
ENSDARP00000106283	ENSDARG00000089444	omgb	ENSEEEP00000025851	ENSEEEG00000012529	omgb
ENSDARP00000113372	ENSDARG00000079962	doc2g	ENSEEEP00000014138	ENSEEEG00000007023	doc2d
ENSDARP00000115368	ENSDARG00000038956	fdx1b	ENSEEEP00000005540	ENSEEEG00000002911	fdx1b
ENSDARP00000120869	ENSDARG00000002659	mapre1b	ENSEEEP00000057735	ENSEEEG00000026672	mapre1b
ENSDARP00000058577	ENSDARG00000070081	rspo3	ENSEEEP00000052514	ENSEEEG00000024597	RSPO3
ENSDARP00000140028	ENSDARG00000090389	ndufv3	ENSEEEP00000053427	ENSEEEG00000011522	naca
ENSDARP00000032834	ENSDARG00000023712	mao	ENSEEEP00000058824	ENSEEEG00000007647	mao
ENSDARP00000140259	ENSDARG00000099258	vps52	ENSEEEP00000006160	ENSEEEG00000003203	VPS52
ENSDARP00000032643	ENSDARG00000045352	cst14a.2	ENSEEEP00000041797	ENSEEEG00000019768	cst14a.1
ENSDARP00000133158	ENSDARG00000088740	hmgcll1	ENSEEEP00000017087	ENSEEEG00000008469	HMGCLL1
ENSDARP00000046921	ENSDARG00000034771	rab13	ENSEEEP00000010380	ENSEEEG00000005258	rab13
ENSDARP00000112910	ENSDARG00000074850	il12rb2l	ENSEEEP00000011654	ENSEEEG00000005861	il12rb2l
ENSDARP00000143955	ENSDARG00000061168	dhx34	ENSEEEP00000042489	ENSEEEG00000020064	DHX34
ENSDARP00000024474	ENSDARG00000006494	asb7	ENSEEEP00000053485	ENSEEEG00000027146	ASB7
ENSDARP00000003379	ENSDARG00000006981	cfap263	ENSEEEP00000034790	ENSEEEG00000016544	cfap263
ENSDARP00000115210	ENSDARG00000038302	ccar2	ENSEEEP00000062351	ENSEEEG00000021453	CCAR2
ENSDARP00000066862	ENSDARG00000045463	ralaa	ENSEEEP00000055216	ENSEEEG00000025612	ralaa
ENSDARP00000078040	ENSDARG00000075333	tbc1d25	ENSEEEP00000024843	ENSEEEG00000012035	TBC1D25
ENSDARP00000086543	ENSDARG00000063194	lin54	ENSEEEP00000023070	ENSEEEG00000011191	LIN54
ENSDARP00000106348	ENSDARG00000045351	mix23	ENSEEEP00000060645	ENSEEEG00000025361	ccdc58
ENSDARP00000090999	ENSDARG00000040674	ctdsp1	ENSEEEP00000043477	ENSEEEG00000020551	CTDSP1
ENSDARP00000034770	ENSDARG00000024398	get4	ENSEEEP00000045165	ENSEEEG00000021315	GET4
ENSDARP00000073091	ENSDARG00000056193	nme7	ENSEEEP00000033429	ENSEEEG00000015806	NME7
ENSDARP00000078790	ENSDARG00000060092	zgc:165481	ENSEEEP00000037460	ENSEEEG00000017812	zgc:165481
ENSDARP00000114024	ENSDARG00000032795	pgap6	ENSEEEP00000025143	ENSEEEG00000012187	PGAP6
ENSDARP00000082236	ENSDARG00000070780	rln3a	ENSEEEP00000011648	ENSEEEG00000005857	rln3a
ENSDARP00000142025	ENSDARG00000079008	fam189b	ENSEEEP00000055677	ENSEEEG00000005257	si:dkey-7f3.9
ENSDARP00000121321	ENSDARG00000005092	cep89	ENSEEEP00000037459	ENSEEEG00000017811	CEP89
ENSDARP00000107445	ENSDARG00000088263	zgc:174356	ENSEEEP00000046306	ENSEEEG00000021805	zgc:174356
ENSDARP00000023791	ENSDARG00000075827	f7i	ENSEEEP00000024805	ENSEEEG00000011945	f7i
ENSDARP00000110474	ENSDARG00000009252	napepld	ENSEEEP00000042910	ENSEEEG00000020245	NAPEPLD
ENSDARP00000015954	ENSDARG00000008886	msx1b	ENSEEEP00000052001	ENSEEEG00000024400	MSX2
ENSDARP00000121877	ENSDARG00000032039	mxd1	ENSEEEP00000059556	ENSEEEG00000028096	mxd1
ENSDARP00000051654	ENSDARG00000035625	snrnp27	ENSEEEP00000023580	ENSEEEG00000011429	SNRNP27
ENSDARP00000096205	ENSDARG00000071339	borcs8	ENSEEEP00000047698	ENSEEEG00000022453	BORCS8
ENSDARP00000127203	ENSDARG00000096777	cfap119	ENSEEEP00000011763	ENSEEEG00000005919	si:ch73-81k8.2
ENSDARP00000063156	ENSDARG00000043021	slc26a11	ENSEEEP00000026384	ENSEEEG00000012771	SLC26A11
ENSDARP00000128066	ENSDARG00000057787	itgae.2	ENSEEEP00000003445	ENSEEEG00000001923	itgae.2
ENSDARP00000123722	ENSDARG00000045555	sco2	ENSEEEP00000011076	ENSEEEG00000005613	sco2
ENSDARP00000128803	ENSDARG00000058782	ccdc162	ENSEEEP00000000103	ENSEEEG00000000065	
ENSDARP00000142883	ENSDARG00000089877	nicol1	ENSEEEP00000012127	ENSEEEG00000006118	C4orf48
ENSDARP00000020125	ENSDARG00000015780	ankrd46b	ENSEEEP00000021115	ENSEEEG00000010299	ankrd46b
ENSDARP00000025947	ENSDARG00000002601	irx7	ENSEEEP00000050559	ENSEEEG00000023777	irx7
ENSDARP00000139079	ENSDARG00000070939	znf740a	ENSEEEP00000032677	ENSEEEG00000015579	ZNF366
ENSDARP00000117687	ENSDARG00000077300	usp42	ENSEEEP00000057966	ENSEEEG00000027293	USP42
ENSDARP00000047174	ENSDARG00000019444	ssr4	ENSEEEP00000037281	ENSEEEG00000017718	SSR4
ENSDARP00000040826	ENSDARG00000033757	ncaph2	ENSEEEP00000011084	ENSEEEG00000005615	NCAPH2
ENSDARP00000114020	ENSDARG00000061527	nxt2	ENSEEEP00000035201	ENSEEEG00000016748	NXT2
ENSDARP00000104781	ENSDARG00000086661	tmem221	ENSEEEP00000057105	ENSEEEG00000028958	si:ch211-125m10.6
ENSDARP00000139599	ENSDARG00000098315	cyp1a	ENSEEEP00000009278	ENSEEEG00000004761	cyp1a
ENSDARP00000097506	ENSDARG00000076474	org	ENSEEEP00000025364	ENSEEEG00000012311	org
ENSDARP00000064193	ENSDARG00000043713	asf1bb	ENSEEEP00000058804	ENSEEEG00000028804	asf1bb
ENSDARP00000020173	ENSDARG00000019339	uxt	ENSEEEP00000031233	ENSEEEG00000014959	UXT
ENSDARP00000142166	ENSDARG00000032199	gpc3	ENSEEEP00000041873	ENSEEEG00000019792	GPC3
ENSDARP00000035103	ENSDARG00000056510	gstk1	ENSEEEP00000051090	ENSEEEG00000023990	gstk4
ENSDARP00000053545	ENSDARG00000036878	sh3bgrl2	ENSEEEP00000053927	ENSEEEG00000027615	SH3BGRL2
ENSDARP00000072778	ENSDARG00000055912	nipa2	ENSEEEP00000037878	ENSEEEG00000018005	NIPA2
ENSDARP00000134493	ENSDARG00000056650	zgc:113276	ENSEEEP00000010166	ENSEEEG00000005122	zgc:113276
ENSDARP00000107933	ENSDARG00000087227	oit3	ENSEEEP00000021260	ENSEEEG00000010362	OIT3
ENSDARP00000099035	ENSDARG00000071015	pbxip1a	ENSEEEP00000012958	ENSEEEG00000006512	pbxip1a
ENSDARP00000070899	ENSDARG00000054264	cog4	ENSEEEP00000035032	ENSEEEG00000016631	COG4
ENSDARP00000100262	ENSDARG00000073911	tmem255a	ENSEEEP00000030229	ENSEEEG00000014493	TMEM255A
ENSDARP00000063146	ENSDARG00000032087	sgsh	ENSEEEP00000026360	ENSEEEG00000012768	SGSH
ENSDARP00000115672	ENSDARG00000079777	map6d1	ENSEEEP00000028548	ENSEEEG00000013715	MAP6D1
ENSDARP00000047068	ENSDARG00000042894	tyms	ENSEEEP00000002221	ENSEEEG00000001289	TYMS
ENSDARP00000095527	ENSDARG00000058325	casp8	ENSEEEP00000042113	ENSEEEG00000019890	CASP8
ENSDARP00000096349	ENSDARG00000071418	gbx1	ENSEEEP00000001515	ENSEEEG00000000985	GBX1
ENSDARP00000142070	ENSDARG00000086879	lins1	ENSEEEP00000057922	ENSEEEG00000025237	lins1
ENSDARP00000101828	ENSDARG00000070917	kitlga	ENSEEEP00000016081	ENSEEEG00000007963	kitlga
ENSDARP00000132834	ENSDARG00000104221	sat2b	ENSEEEP00000014773	ENSEEEG00000007348	sat2b
ENSDARP00000131427	ENSDARG00000075824	virma	ENSEEEP00000053983	ENSEEEG00000020187	VIRMA
ENSDARP00000139131	ENSDARG00000102634	parn	ENSEEEP00000042750	ENSEEEG00000019946	PARN
ENSDARP00000132910	ENSDARG00000103522	si:zfos-943e10.1	ENSEEEP00000058291	ENSEEEG00000028321	si:zfos-943e10.1
ENSDARP00000117319	ENSDARG00000057648	dnttip2	ENSEEEP00000063229	ENSEEEG00000025653	DNTTIP2
ENSDARP00000042321	ENSDARG00000033609	map1lc3a	ENSEEEP00000053062	ENSEEEG00000025733	MAP1LC3A
ENSDARP00000114039	ENSDARG00000089799	si:ch73-41e3.7	ENSEEEP00000027221	ENSEEEG00000013136	si:ch73-41e3.7
ENSDARP00000104870	ENSDARG00000063522	bbs4	ENSEEEP00000037529	ENSEEEG00000017845	BBS4
ENSDARP00000142140	ENSDARG00000078541	cers3a	ENSEEEP00000063803	ENSEEEG00000014283	cers3a
ENSDARP00000089102	ENSDARG00000068126	nppc	ENSEEEP00000026464	ENSEEEG00000012804	NPPC
ENSDARP00000002180	ENSDARG00000012468	aacs	ENSEEEP00000019494	ENSEEEG00000009542	AACS
ENSDARP00000131618	ENSDARG00000101899	kncn	ENSEEEP00000026980	ENSEEEG00000013022	KNCN
ENSDARP00000038553	ENSDARG00000021582	dynlrb1	ENSEEEP00000059312	ENSEEEG00000002315	DYNLRB1
ENSDARP00000127888	ENSDARG00000079835	man2c1	ENSEEEP00000002925	ENSEEEG00000001663	MAN2C1
ENSDARP00000058019	ENSDARG00000053127	helb	ENSEEEP00000037422	ENSEEEG00000017794	HELB
ENSDARP00000121602	ENSDARG00000056624	vegfd	ENSEEEP00000010079	ENSEEEG00000005111	VEGFD
ENSDARP00000119966	ENSDARG00000071014	s100u	ENSEEEP00000054847	ENSEEEG00000024671	s100u
ENSDARP00000061735	ENSDARG00000042124	si:dkey-4e7.3	ENSEEEP00000040417	ENSEEEG00000019141	si:dkey-4e7.3
ENSDARP00000064602	ENSDARG00000057672	plpp5	ENSEEEP00000028064	ENSEEEG00000013505	PLPP5
ENSDARP00000125102	ENSDARG00000076569	ndp	ENSEEEP00000015398	ENSEEEG00000007645	NDP
ENSDARP00000014583	ENSDARG00000075325	mrpl16	ENSEEEP00000027223	ENSEEEG00000013137	MRPL16
ENSDARP00000054760	ENSDARG00000037607	nol4lb	ENSEEEP00000013636	ENSEEEG00000006812	nol4lb
ENSDARP00000114636	ENSDARG00000054968	cd40	ENSEEEP00000050556	ENSEEEG00000023776	CD40
ENSDARP00000135145	ENSDARG00000092464	si:dkeyp-20g2.1	ENSEEEP00000021449	ENSEEEG00000010450	
ENSDARP00000077314	ENSDARG00000059553	sympk	ENSEEEP00000009135	ENSEEEG00000004564	SYMPK
ENSDARP00000140587	ENSDARG00000104845	mipol1	ENSEEEP00000008253	ENSEEEG00000004317	MIPOL1
ENSDARP00000121650	ENSDARG00000093628	s100a11	ENSEEEP00000012964	ENSEEEG00000006516	S100A11
ENSDARP00000061852	ENSDARG00000054220	ap4s1	ENSEEEP00000002504	ENSEEEG00000001459	AP4S1
ENSDARP00000022189	ENSDARG00000009862	dcps	ENSEEEP00000022761	ENSEEEG00000011037	DCPS
ENSDARP00000055298	ENSDARG00000037946	prl	ENSEEEP00000033906	ENSEEEG00000016146	PRL
ENSDARP00000121121	ENSDARG00000025615	prr15la	ENSEEEP00000007562	ENSEEEG00000003950	prr15la
ENSDARP00000076961	ENSDARG00000059412	med1l	ENSEEEP00000057221	ENSEEEG00000007671	zgc:111976
ENSDARP00000054264	ENSDARG00000074451	mnd1	ENSEEEP00000015489	ENSEEEG00000007687	MND1
ENSDARP00000060003	ENSDARG00000040944	ntd5	ENSEEEP00000026533	ENSEEEG00000012833	ntd5
ENSDARP00000055920	ENSDARG00000040076	pycard	ENSEEEP00000023817	ENSEEEG00000011555	PYCARD
ENSDARP00000084189	ENSDARG00000062235	lrrc34	ENSEEEP00000046912	ENSEEEG00000022083	LRRC34
ENSDARP00000112517	ENSDARG00000093078	plscr3a	ENSEEEP00000054364	ENSEEEG00000016210	plscr3a
ENSDARP00000148779	ENSDARG00000090223	msl1b	ENSEEEP00000023840	ENSEEEG00000011571	msl1b
ENSDARP00000100491	ENSDARG00000078502	si:ch211-150o23.3	ENSEEEP00000058398	ENSEEEG00000025181	si:ch211-150o23.3
ENSDARP00000104580	ENSDARG00000015805	cgnl1	ENSEEEP00000037511	ENSEEEG00000017837	CGNL1
ENSDARP00000086117	ENSDARG00000063005	anapc7	ENSEEEP00000044472	ENSEEEG00000021010	ANAPC7
ENSDARP00000085270	ENSDARG00000062651	zc3hc1	ENSEEEP00000002829	ENSEEEG00000001621	ZC3HC1
ENSDARP00000134474	ENSDARG00000102402	pofut4	ENSEEEP00000017582	ENSEEEG00000008687	FUT11
ENSDARP00000093546	ENSDARG00000070170	si:ch211-225p5.8	ENSEEEP00000023815	ENSEEEG00000011553	si:ch211-225p5.8
ENSDARP00000109347	ENSDARG00000074378	junba	ENSEEEP00000020002	ENSEEEG00000009780	junba
ENSDARP00000102663	ENSDARG00000076250	rasef	ENSEEEP00000053280	ENSEEEG00000027727	RASEF
ENSDARP00000057760	ENSDARG00000039534	rrh	ENSEEEP00000033408	ENSEEEG00000015876	RRH
ENSDARP00000114322	ENSDARG00000052154	lix1	ENSEEEP00000051460	ENSEEEG00000024160	LIX1
ENSDARP00000038678	ENSDARG00000023484	rflna	ENSEEEP00000055650	ENSEEEG00000027355	RFLNA
ENSDARP00000133611	ENSDARG00000101175	mcu	ENSEEEP00000021272	ENSEEEG00000010365	MCU
ENSDARP00000119256	ENSDARG00000094833	coa5	ENSEEEP00000007084	ENSEEEG00000003742	COA5
ENSDARP00000123053	ENSDARG00000094542	hwa	ENSEEEP00000057765	ENSEEEG00000026819	hwa
ENSDARP00000132550	ENSDARG00000100712	si:dkey-19b23.12	ENSEEEP00000062382	ENSEEEG00000026541	si:dkey-19b23.12
ENSDARP00000100140	ENSDARG00000079013	dpy19l3	ENSEEEP00000042833	ENSEEEG00000020207	DPY19L3
ENSDARP00000027503	ENSDARG00000019951	sec62	ENSEEEP00000056895	ENSEEEG00000028399	SEC62
ENSDARP00000070582	ENSDARG00000053979	chmp2a	ENSEEEP00000023873	ENSEEEG00000011583	CHMP2A
ENSDARP00000134766	ENSDARG00000099528	dus3l	ENSEEEP00000009152	ENSEEEG00000004700	DUS3L
ENSDARP00000067516	ENSDARG00000053246	depdc7b	ENSEEEP00000037677	ENSEEEG00000017918	depdc7a
ENSDARP00000121838	ENSDARG00000017386	sobpb	ENSEEEP00000043801	ENSEEEG00000020699	sobpb
ENSDARP00000096054	ENSDARG00000071271	sac3d1	ENSEEEP00000024836	ENSEEEG00000012033	si:zfos-452g4.1
ENSDARP00000114306	ENSDARG00000094465	si:dkeyp-80c12.8	ENSEEEP00000057459	ENSEEEG00000026079	si:dkeyp-80c12.8
ENSDARP00000093335	ENSDARG00000004187	zgc:122979	ENSEEEP00000020865	ENSEEEG00000010175	zgc:122979
ENSDARP00000135512	ENSDARG00000103856	ptcd3	ENSEEEP00000020059	ENSEEEG00000009506	ptcd3
ENSDARP00000002264	ENSDARG00000003841	usb1	ENSEEEP00000057773	ENSEEEG00000026156	USB1
ENSDARP00000138121	ENSDARG00000099960	elovl1a	ENSEEEP00000026985	ENSEEEG00000013027	elovl1a
ENSDARP00000128215	ENSDARG00000091140	pik3r6b	ENSEEEP00000008677	ENSEEEG00000004505	pik3r6b
ENSDARP00000102229	ENSDARG00000076552	zgc:193801	ENSEEEP00000062708	ENSEEEG00000028225	zgc:193801
ENSDARP00000069300	ENSDARG00000092798	ppib	ENSEEEP00000037693	ENSEEEG00000017919	PPIB
ENSDARP00000010155	ENSDARG00000002986	gda	ENSEEEP00000029014	ENSEEEG00000013912	GDA
ENSDARP00000070141	ENSDARG00000053609	gatd1	ENSEEEP00000061230	ENSEEEG00000025634	GATD1
ENSDARP00000041805	ENSDARG00000004880	acsm3	ENSEEEP00000028636	ENSEEEG00000013718	ACSM3
ENSDARP00000141007	ENSDARG00000102115	ndufc2	ENSEEEP00000038100	ENSEEEG00000018104	ndufc2
ENSDARP00000075906	ENSDARG00000058578	ccdc106b	ENSEEEP00000013345	ENSEEEG00000006688	ccdc106b
ENSDARP00000148580	ENSDARG00000034693	mysm1	ENSEEEP00000024722	ENSEEEG00000011969	mysm1
ENSDARP00000120819	ENSDARG00000057652	dbpb	ENSEEEP00000026536	ENSEEEG00000012836	dbpb
ENSDARP00000142611	ENSDARG00000075492	ccdc160	ENSEEEP00000052796	ENSEEEG00000025115	ccdc160
ENSDARP00000157348	ENSDARG00000033447	nxph1	ENSEEEP00000048776	ENSEEEG00000022946	NXPH1
ENSDARP00000079877	ENSDARG00000060554	mmut	ENSEEEP00000025936	ENSEEEG00000012526	mut
ENSDARP00000116785	ENSDARG00000079148	nckap5l	ENSEEEP00000041256	ENSEEEG00000019527	NCKAP5L
ENSDARP00000021303	ENSDARG00000003017	ube2al	ENSEEEP00000024617	ENSEEEG00000011932	
ENSDARP00000154837	ENSDARG00000052518	stx4	ENSEEEP00000023824	ENSEEEG00000011559	STX4
ENSDARP00000091697	ENSDARG00000003382	cwc25	ENSEEEP00000023211	ENSEEEG00000011253	CWC25
ENSDARP00000015884	ENSDARG00000010108	bri3bp	ENSEEEP00000019453	ENSEEEG00000009535	BRI3BP
ENSDARP00000066573	ENSDARG00000045265	gsg1l2b	ENSEEEP00000014663	ENSEEEG00000007293	gsg1l2b
ENSDARP00000062165	ENSDARG00000114099		ENSEEEP00000014420	ENSEEEG00000007135	CCND1
ENSDARP00000135046	ENSDARG00000053380	fam189a1	ENSEEEP00000038498	ENSEEEG00000018279	FAM189A1
ENSDARP00000119906	ENSDARG00000075215	vezt	ENSEEEP00000014258	ENSEEEG00000007091	VEZT
ENSDARP00000010065	ENSDARG00000015922	stk17al	ENSEEEP00000002424	ENSEEEG00000001422	stk17al
ENSDARP00000139253	ENSDARG00000105010	lztfl1	ENSEEEP00000016291	ENSEEEG00000008058	LZTFL1
ENSDARP00000119947	ENSDARG00000044241	dram2b	ENSEEEP00000063715	ENSEEEG00000026447	dram2b
ENSDARP00000149322	ENSDARG00000042056	mau2	ENSEEEP00000050236	ENSEEEG00000023625	MAU2
ENSDARP00000012585	ENSDARG00000018263	pdia2	ENSEEEP00000025134	ENSEEEG00000012184	PDIA2
ENSDARP00000096250	ENSDARG00000071374	lrrtm2	ENSEEEP00000053138	ENSEEEG00000014815	LRRTM2
ENSDARP00000097751	ENSDARG00000074073	map6b	ENSEEEP00000008195	ENSEEEG00000004276	map6b
ENSDARP00000127893	ENSDARG00000074773	si:dkey-110g7.8	ENSEEEP00000007557	ENSEEEG00000003946	SUFU
ENSDARP00000095479	ENSDARG00000071004	abhd12	ENSEEEP00000056349	ENSEEEG00000021687	ABHD12
ENSDARP00000129262	ENSDARG00000097267	si:ch211-266k8.6	ENSEEEP00000044114	ENSEEEG00000020848	
ENSDARP00000117779	ENSDARG00000017034	sqor	ENSEEEP00000034025	ENSEEEG00000016177	sqor
ENSDARP00000056747	ENSDARG00000038868	en2b	ENSEEEP00000001533	ENSEEEG00000000993	en2b
ENSDARP00000095430	ENSDARG00000070986	sergef	ENSEEEP00000024586	ENSEEEG00000011920	SERGEF
ENSDARP00000021899	ENSDARG00000002666	kcnj1b	ENSEEEP00000022766	ENSEEEG00000011038	kcnj1b
ENSDARP00000127186	ENSDARG00000052515	calcoco2	ENSEEEP00000023827	ENSEEEG00000011561	CALCOCO2
ENSDARP00000127138	ENSDARG00000089871	jcada	ENSEEEP00000060661	ENSEEEG00000029064	jcada
ENSDARP00000122413	ENSDARG00000056092	si:dkey-12h9.6	ENSEEEP00000028682	ENSEEEG00000013777	si:dkey-12h9.6
ENSDARP00000039309	ENSDARG00000014058	rab36	ENSEEEP00000033059	ENSEEEG00000015734	RAB36
ENSDARP00000071850	ENSDARG00000055070	borcs7	ENSEEEP00000001424	ENSEEEG00000000936	borcs7
ENSDARP00000115482	ENSDARG00000034291	rpl37	ENSEEEP00000020870	ENSEEEG00000010180	rpl37
ENSDARP00000093820	ENSDARG00000074163	rasef2	ENSEEEP00000036162	ENSEEEG00000017196	zgc:162879
ENSDARP00000119103	ENSDARG00000090503	oma1	ENSEEEP00000024741	ENSEEEG00000011973	OMA1
ENSDARP00000120308	ENSDARG00000062702	ankmy1	ENSEEEP00000034890	ENSEEEG00000016596	ankmy1
ENSDARP00000136086	ENSDARG00000099485	m1ap	ENSEEEP00000018205	ENSEEEG00000008946	M1AP
ENSDARP00000029101	ENSDARG00000023722	hcrtr2	ENSEEEP00000017077	ENSEEEG00000008468	HCRTR2
ENSDARP00000106280	ENSDARG00000014536	pfdn1	ENSEEEP00000045066	ENSEEEG00000021271	PFDN1
ENSDARP00000121323	ENSDARG00000016319	c9	ENSEEEP00000039234	ENSEEEG00000018607	C9
ENSDARP00000011401	ENSDARG00000011764	ints13	ENSEEEP00000042801	ENSEEEG00000020146	INTS13
ENSDARP00000110908	ENSDARG00000089377	si:ch211-232p21.6	ENSEEEP00000027412	ENSEEEG00000013223	si:ch211-232p21.6
ENSDARP00000002837	ENSDARG00000013837	spo11	ENSEEEP00000014255	ENSEEEG00000007083	SPO11
ENSDARP00000069762	ENSDARG00000053262	atp1b4	ENSEEEP00000030232	ENSEEEG00000014496	ATP1B4
ENSDARP00000068664	ENSDARG00000031693	kif9	ENSEEEP00000052599	ENSEEEG00000024642	KIF9
ENSDARP00000146544	ENSDARG00000058237	ssbp3a	ENSEEEP00000023520	ENSEEEG00000011359	ssbp3a
ENSDARP00000109242	ENSDARG00000031246	hbegfb	ENSEEEP00000062176	ENSEEEG00000025972	hbegfb
ENSDARP00000075332	ENSDARG00000058076	snf8	ENSEEEP00000023836	ENSEEEG00000011564	SNF8
ENSDARP00000126688	ENSDARG00000010425	scara5	ENSEEEP00000006996	ENSEEEG00000003674	SCARA5
ENSDARP00000024849	ENSDARG00000012144	emc7b	ENSEEEP00000021394	ENSEEEG00000010424	EMC7
ENSDARP00000070240	ENSDARG00000053691	maea	ENSEEEP00000034394	ENSEEEG00000016358	MAEA
ENSDARP00000113584	ENSDARG00000076563	rarres3l	ENSEEEP00000048032	ENSEEEG00000022628	
ENSDARP00000096733	ENSDARG00000071594	timm21	ENSEEEP00000055606	ENSEEEG00000001590	TIMM21
ENSDARP00000114482	ENSDARG00000021115	spata6	ENSEEEP00000003068	ENSEEEG00000001740	SPATA6
ENSDARP00000041051	ENSDARG00000036483	c1ql3b	ENSEEEP00000036714	ENSEEEG00000017428	c1ql3b
ENSDARP00000011148	ENSDARG00000019778	rps6	ENSEEEP00000039639	ENSEEEG00000018809	rps6
ENSDARP00000094030	ENSDARG00000035677	bmp8a	ENSEEEP00000034516	ENSEEEG00000016421	bmp8a
ENSDARP00000054427	ENSDARG00000037405	zgc:112083	ENSEEEP00000008193	ENSEEEG00000004274	zgc:112083
ENSDARP00000058627	ENSDARG00000040085	ccsapb	ENSEEEP00000005231	ENSEEEG00000002736	ccsapb
ENSDARP00000100744	ENSDARG00000074866	ptpn5	ENSEEEP00000012204	ENSEEEG00000006152	PTPN5
ENSDARP00000010172	ENSDARG00000014761	mfsd6l	ENSEEEP00000008685	ENSEEEG00000004509	MFSD6L
ENSDARP00000149857	ENSDARG00000063358	micu1	ENSEEEP00000022147	ENSEEEG00000010395	MICU1
ENSDARP00000043451	ENSDARG00000030512	tsnaxip1	ENSEEEP00000048412	ENSEEEG00000022787	tsnaxip1
ENSDARP00000028333	ENSDARG00000027744	gadd45ba	ENSEEEP00000051381	ENSEEEG00000024113	gadd45ba
ENSDARP00000153791	ENSDARG00000043732	cops4	ENSEEEP00000023083	ENSEEEG00000011200	COPS4
ENSDARP00000119415	ENSDARG00000078114	si:ch73-237c6.1	ENSEEEP00000024849	ENSEEEG00000012038	CFP
ENSDARP00000007567	ENSDARG00000017385	b9d2	ENSEEEP00000005778	ENSEEEG00000003058	B9D2
ENSDARP00000088440	ENSDARG00000067805	ggcx	ENSEEEP00000036303	ENSEEEG00000017259	GGCX
ENSDARP00000155487	ENSDARG00000076584	patz1	ENSEEEP00000018053	ENSEEEG00000008890	PATZ1
ENSDARP00000113444	ENSDARG00000042823	spcs2	ENSEEEP00000056566	ENSEEEG00000025655	SPCS2
ENSDARP00000105359	ENSDARG00000017251	smtlb	ENSEEEP00000022939	ENSEEEG00000011054	smtlb
ENSDARP00000069635	ENSDARG00000019995	bmp4	ENSEEEP00000019197	ENSEEEG00000009409	BMP4
ENSDARP00000124910	ENSDARG00000079255	zgc:174935	ENSEEEP00000056678	ENSEEEG00000025456	zgc:174935
ENSDARP00000069682	ENSDARG00000053204	snx22	ENSEEEP00000037695	ENSEEEG00000017924	SNX22
ENSDARP00000078262	ENSDARG00000059903	hs3st3l	ENSEEEP00000021762	ENSEEEG00000027703	hs3st3l
ENSDARP00000033122	ENSDARG00000022659	snx4	ENSEEEP00000023121	ENSEEEG00000011127	SNX4
ENSDARP00000109240	ENSDARG00000090997	vegfba	ENSEEEP00000034723	ENSEEEG00000016507	vegfba
ENSDARP00000140915	ENSDARG00000079664	ddo	ENSEEEP00000000130	ENSEEEG00000000094	zgc:172341
ENSDARP00000064508	ENSDARG00000043932	stmn4l	ENSEEEP00000027768	ENSEEEG00000013370	stmn4l
ENSDARP00000097447	ENSDARG00000071877	dhrs7cb	ENSEEEP00000014657	ENSEEEG00000007288	dhrs7cb
ENSDARP00000017572	ENSDARG00000016526	gata3	ENSEEEP00000032262	ENSEEEG00000015389	GATA3
ENSDARP00000123396	ENSDARG00000012044	polr3gla	ENSEEEP00000047480	ENSEEEG00000022342	polr3gla
ENSDARP00000141919	ENSDARG00000102557	ftr87	ENSEEEP00000003411	ENSEEEG00000001904	ftr87
ENSDARP00000131824	ENSDARG00000103271	pla2g15	ENSEEEP00000034770	ENSEEEG00000016534	PLA2G15
ENSDARP00000136632	ENSDARG00000104591	tradv4.0.1	ENSEEEP00000056111	ENSEEEG00000025625	
ENSDARP00000107606	ENSDARG00000017037	ikbkg	ENSEEEP00000037274	ENSEEEG00000017714	IKBKG
ENSDARP00000073991	ENSDARG00000056966	nek7	ENSEEEP00000058734	ENSEEEG00000000459	NEK7
ENSDARP00000151007	ENSDARG00000094176	cdkn2d	ENSEEEP00000009535	ENSEEEG00000004881	CDKN2D
ENSDARP00000059836	ENSDARG00000040822	fundc1	ENSEEEP00000015385	ENSEEEG00000007638	FUNDC1
ENSDARP00000085316	ENSDARG00000062688	gpnmb	ENSEEEP00000017276	ENSEEEG00000008540	GPNMB
ENSDARP00000121643	ENSDARG00000094438	plac8.2	ENSEEEP00000023094	ENSEEEG00000011203	plac8.2
ENSDARP00000132809	ENSDARG00000073761	myo19	ENSEEEP00000057028	ENSEEEG00000023754	MYO19
ENSDARP00000138614	ENSDARG00000063412	cers1	ENSEEEP00000021269	ENSEEEG00000010366	CERS1
ENSDARP00000058875	ENSDARG00000040245	kpnb3	ENSEEEP00000024451	ENSEEEG00000011843	kpnb3
ENSDARP00000084132	ENSDARG00000062208	prrt1	ENSEEEP00000018546	ENSEEEG00000009110	PRRT1
ENSDARP00000137657	ENSDARG00000093170	mef2b	ENSEEEP00000047702	ENSEEEG00000022455	MEF2B
ENSDARP00000117288	ENSDARG00000077620	cdca7a	ENSEEEP00000009656	ENSEEEG00000004921	cdca7a
ENSDARP00000063643	ENSDARG00000043360	dph3	ENSEEEP00000064216	ENSEEEG00000026387	DPH3
ENSDARP00000143778	ENSDARG00000061458	phf14	ENSEEEP00000048868	ENSEEEG00000022948	PHF14
ENSDARP00000010992	ENSDARG00000004204	efhc2	ENSEEEP00000054397	ENSEEEG00000007641	EFHC2
ENSDARP00000053462	ENSDARG00000036820	mgll	ENSEEEP00000045632	ENSEEEG00000021528	MGLL
ENSDARP00000106731	ENSDARG00000088581	f10	ENSEEEP00000024913	ENSEEEG00000012023	F10
ENSDARP00000151017	ENSDARG00000069102	zgc:112962	ENSEEEP00000013328	ENSEEEG00000006677	zgc:112962
ENSDARP00000117903	ENSDARG00000043877	mmachc	ENSEEEP00000026286	ENSEEEG00000012715	MMACHC
ENSDARP00000064510	ENSDARG00000043933	il17a/f1	ENSEEEP00000027763	ENSEEEG00000013368	il17a/f1
ENSDARP00000066258	ENSDARG00000045067	kcnk1a	ENSEEEP00000008538	ENSEEEG00000004435	kcnk1a
ENSDARP00000013455	ENSDARG00000018658	aar2	ENSEEEP00000043027	ENSEEEG00000020312	AAR2
ENSDARP00000089342	ENSDARG00000068233	zgc:64051	ENSEEEP00000043311	ENSEEEG00000020459	zgc:64051
ENSDARP00000138735	ENSDARG00000057392	lrrc31	ENSEEEP00000063000	ENSEEEG00000027042	LRRC31
ENSDARP00000089247	ENSDARG00000051854	cdt1	ENSEEEP00000041412	ENSEEEG00000019584	CDT1
ENSDARP00000066052	ENSDARG00000044938	cbx2	ENSEEEP00000062806	ENSEEEG00000027295	CBX2
ENSDARP00000011779	ENSDARG00000009629	unc119b	ENSEEEP00000050766	ENSEEEG00000023851	unc119.1
ENSDARP00000042480	ENSDARG00000030887	phf23a	ENSEEEP00000034022	ENSEEEG00000016207	phf23a
ENSDARP00000048002	ENSDARG00000032389	tspan12	ENSEEEP00000044684	ENSEEEG00000021100	TSPAN12
ENSDARP00000013026	ENSDARG00000002311	fabp4b	ENSEEEP00000027094	ENSEEEG00000013042	fabp11b
ENSDARP00000117513	ENSDARG00000055638	ankrd33aa	ENSEEEP00000039988	ENSEEEG00000018960	ankrd33aa
ENSDARP00000021881	ENSDARG00000052625	fkbp1b	ENSEEEP00000025835	ENSEEEG00000012524	fkbp1aa
ENSDARP00000016467	ENSDARG00000071669	smyd5	ENSEEEP00000030992	ENSEEEG00000014800	SMYD5
ENSDARP00000153144	ENSDARG00000067813	zgc:171844	ENSEEEP00000008687	ENSEEEG00000004510	zgc:171844
ENSDARP00000009432	ENSDARG00000003757	cnpy1	ENSEEEP00000001535	ENSEEEG00000000995	cnpy1
ENSDARP00000118972	ENSDARG00000019116	ing1	ENSEEEP00000049851	ENSEEEG00000023430	ING1
ENSDARP00000131386	ENSDARG00000101543	washc5	ENSEEEP00000007997	ENSEEEG00000004162	WASHC5
ENSDARP00000138196	ENSDARG00000077826	efcc1	ENSEEEP00000004404	ENSEEEG00000002306	EFCC1
ENSDARP00000044646	ENSDARG00000033370	ppil3	ENSEEEP00000000256	ENSEEEG00000000172	PPIL3
ENSDARP00000127519	ENSDARG00000077987	zfat	ENSEEEP00000034181	ENSEEEG00000016267	ZFAT
ENSDARP00000122765	ENSDARG00000092746	si:ch211-150o23.2	ENSEEEP00000027899	ENSEEEG00000013434	si:ch211-150o23.2
ENSDARP00000138723	ENSDARG00000104037	si:dkey-74k8.4	ENSEEEP00000034395	ENSEEEG00000016375	si:dkey-74k8.4
ENSDARP00000098027	ENSDARG00000078066	elk1	ENSEEEP00000031234	ENSEEEG00000014960	ELK4
ENSDARP00000124165	ENSDARG00000003519	aprt	ENSEEEP00000053979	ENSEEEG00000027823	APRT
ENSDARP00000100410	ENSDARG00000078828	npb	ENSEEEP00000026358	ENSEEEG00000012763	npb
ENSDARP00000117834	ENSDARG00000043006	gnav1	ENSEEEP00000026351	ENSEEEG00000012761	gnav1
ENSDARP00000141836	ENSDARG00000099122	naa38	ENSEEEP00000054376	ENSEEEG00000025760	NAA38
ENSDARP00000063911	ENSDARG00000043531	jun	ENSEEEP00000036871	ENSEEEG00000017505	JUN
ENSDARP00000142480	ENSDARG00000001162	matr3l1.1	ENSEEEP00000029798	ENSEEEG00000014274	
ENSDARP00000121623	ENSDARG00000063375	pter	ENSEEEP00000036713	ENSEEEG00000017427	PTER
ENSDARP00000147014	ENSDARG00000029818	srsf5a	ENSEEEP00000013991	ENSEEEG00000006957	srsf5a
ENSDARP00000011821	ENSDARG00000016528	wdcp	ENSEEEP00000025833	ENSEEEG00000012523	WDCP
ENSDARP00000070540	ENSDARG00000053939	tgfa	ENSEEEP00000018044	ENSEEEG00000008883	TGFA
ENSDARP00000053606	ENSDARG00000036913	st6galnac6	ENSEEEP00000054809	ENSEEEG00000026467	st6galnac6
ENSDARP00000117034	ENSDARG00000026882	palm1a	ENSEEEP00000051660	ENSEEEG00000024258	palm1a
ENSDARP00000052991	ENSDARG00000036471	dand5	ENSEEEP00000052968	ENSEEEG00000009777	dand5
ENSDARP00000072407	ENSDARG00000055566	mastl	ENSEEEP00000007880	ENSEEEG00000004116	MASTL
ENSDARP00000053217	ENSDARG00000053315	tmprss3a	ENSEEEP00000023543	ENSEEEG00000011417	tmprss3a
ENSDARP00000128738	ENSDARG00000097071	si:ch211-66i15.4	ENSEEEP00000004532	ENSEEEG00000002365	si:ch211-66i15.4
ENSDARP00000016318	ENSDARG00000014209	odf3l2a	ENSEEEP00000038062	ENSEEEG00000018076	odf3l2a
ENSDARP00000115951	ENSDARG00000079244	pigw	ENSEEEP00000050513	ENSEEEG00000023751	PIGW
ENSDARP00000096305	ENSDARG00000071403	oaz1a	ENSEEEP00000025373	ENSEEEG00000012313	oaz1a
ENSDARP00000017787	ENSDARG00000018061	neil1	ENSEEEP00000002939	ENSEEEG00000001673	NEIL1
ENSDARP00000097753	ENSDARG00000078847	si:dkey-238o13.4	ENSEEEP00000025986	ENSEEEG00000012590	si:dkey-238o13.4
ENSDARP00000069534	ENSDARG00000053074	gipc3	ENSEEEP00000025076	ENSEEEG00000012162	GIPC3
ENSDARP00000119789	ENSDARG00000038556	zgc:112185	ENSEEEP00000006679	ENSEEEG00000003541	zgc:112185
ENSDARP00000109048	ENSDARG00000087641	cdh26.2	ENSEEEP00000002079	ENSEEEG00000001280	
ENSDARP00000134817	ENSDARG00000101115	med30	ENSEEEP00000039089	ENSEEEG00000018561	MED30
ENSDARP00000142396	ENSDARG00000104487	mthfs	ENSEEEP00000056701	ENSEEEG00000025471	mthfs
ENSDARP00000099572	ENSDARG00000078309	fam83b	ENSEEEP00000017072	ENSEEEG00000008467	fam83b
ENSDARP00000148142	ENSDARG00000013655	tpd52l2b	ENSEEEP00000013617	ENSEEEG00000006807	tpd52l2b
ENSDARP00000060852	ENSDARG00000041511	pex10	ENSEEEP00000006130	ENSEEEG00000003275	PEX10
ENSDARP00000008265	ENSDARG00000004015	adcyap1a	ENSEEEP00000002265	ENSEEEG00000001366	adcyap1a
ENSDARP00000062956	ENSDARG00000042892	paip1	ENSEEEP00000015973	ENSEEEG00000007904	PAIP1
ENSDARP00000115713	ENSDARG00000092758	caiap	ENSEEEP00000036845	ENSEEEG00000017489	caiap
ENSDARP00000124101	ENSDARG00000076121	smpd1	ENSEEEP00000036769	ENSEEEG00000017452	SMPD1
ENSDARP00000011194	ENSDARG00000026453	zgc:66474	ENSEEEP00000005493	ENSEEEG00000002878	pcyt1ba
ENSDARP00000076202	ENSDARG00000058818	rbm38	ENSEEEP00000058343	ENSEEEG00000027317	RBM38
ENSDARP00000095576	ENSDARG00000071048	ccn6	ENSEEEP00000027172	ENSEEEG00000013111	CCN6
ENSDARP00000059238	ENSDARG00000040474	snx10b	ENSEEEP00000030773	ENSEEEG00000014727	snx10b
ENSDARP00000007148	ENSDARG00000012790	tmem161a	ENSEEEP00000047716	ENSEEEG00000022458	TMEM161A
ENSDARP00000112772	ENSDARG00000059630	mlec	ENSEEEP00000050768	ENSEEEG00000023852	MLEC
ENSDARP00000034228	ENSDARG00000008165	caspa	ENSEEEP00000023819	ENSEEEG00000011556	caspa
ENSDARP00000152337	ENSDARG00000036117	mchr2b	ENSEEEP00000013322	ENSEEEG00000006674	MCHR2
ENSDARP00000111346	ENSDARG00000001244	srrm1	ENSEEEP00000044398	ENSEEEG00000020974	
ENSDARP00000115213	ENSDARG00000092158	cbx3b	ENSEEEP00000030776	ENSEEEG00000014728	cbx3b
ENSDARP00000120196	ENSDARG00000025754	ube2f	ENSEEEP00000058414	ENSEEEG00000012916	ube2f
ENSDARP00000133898	ENSDARG00000098820	ftr67	ENSEEEP00000003417	ENSEEEG00000025749	ftr67
ENSDARP00000129587	ENSDARG00000096905	otos2	ENSEEEP00000000729	ENSEEEG00000000503	
ENSDARP00000073983	ENSDARG00000056964	ilk	ENSEEEP00000025639	ENSEEEG00000012435	ILK
ENSDARP00000132969	ENSDARG00000098605	slx1b	ENSEEEP00000039145	ENSEEEG00000018598	slx1b
ENSDARP00000132334	ENSDARG00000103150	tradv2.0.2	ENSEEEP00000004667	ENSEEEG00000002435	tradv2.0.4
ENSDARP00000107407	ENSDARG00000000019	ube2h	ENSEEEP00000022334	ENSEEEG00000010839	UBE2H
ENSDARP00000099909	ENSDARG00000076411	cavin1a	ENSEEEP00000059046	ENSEEEG00000026262	cavin1a
ENSDARP00000099077	ENSDARG00000075909	slc35f3a	ENSEEEP00000008537	ENSEEEG00000004433	slc35f3a
ENSDARP00000093426	ENSDARG00000024561	nolc1	ENSEEEP00000022237	ENSEEEG00000010798	NOLC1
ENSDARP00000081582	ENSDARG00000061240	cbln4	ENSEEEP00000050554	ENSEEEG00000023775	CBLN4
ENSDARP00000126436	ENSDARG00000096457	si:dkey-118j18.2	ENSEEEP00000062539	ENSEEEG00000025467	si:dkey-118j18.2
ENSDARP00000134914	ENSDARG00000104173	tufm	ENSEEEP00000057836	ENSEEEG00000026342	TUFM
ENSDARP00000108908	ENSDARG00000087528	snip1	ENSEEEP00000013773	ENSEEEG00000006862	SNIP1
ENSDARP00000142082	ENSDARG00000105453	kcnk17	ENSEEEP00000012040	ENSEEEG00000006070	KCNK17
ENSDARP00000124898	ENSDARG00000087180	ubxn2a	ENSEEEP00000025825	ENSEEEG00000012517	UBXN2A
ENSDARP00000150473	ENSDARG00000068966	tnfrsf14	ENSEEEP00000055317	ENSEEEG00000011854	IGFBP7
ENSDARP00000070045	ENSDARG00000053527	snx24	ENSEEEP00000063302	ENSEEEG00000029135	SNX24
ENSDARP00000093077	ENSDARG00000031228	podxl	ENSEEEP00000050757	ENSEEEG00000023847	PODXL
ENSDARP00000023168	ENSDARG00000009494	xrcc1	ENSEEEP00000030213	ENSEEEG00000014482	XRCC1
ENSDARP00000076952	ENSDARG00000059404	rab43	ENSEEEP00000016483	ENSEEEG00000008168	RAB43
ENSDARP00000122056	ENSDARG00000034895	tgfb1b	ENSEEEP00000005782	ENSEEEG00000003059	tgfb1b
ENSDARP00000110078	ENSDARG00000037153	atp6ap1b	ENSEEEP00000050449	ENSEEEG00000023716	atp6ap1b
ENSDARP00000058026	ENSDARG00000039697	shtn1	ENSEEEP00000046064	ENSEEEG00000021707	SHTN1
ENSDARP00000105119	ENSDARG00000045066	entpd1	ENSEEEP00000008532	ENSEEEG00000004432	ENTPD1
ENSDARP00000140528	ENSDARG00000100055	tox2	ENSEEEP00000017742	ENSEEEG00000008762	TOX2
ENSDARP00000120614	ENSDARG00000025094	edem1	ENSEEEP00000012367	ENSEEEG00000006203	EDEM1
ENSDARP00000063916	ENSDARG00000043536	si:dkey-86e18.1	ENSEEEP00000063702	ENSEEEG00000028270	si:dkey-86e18.1
ENSDARP00000139252	ENSDARG00000005058	ncapd2	ENSEEEP00000028643	ENSEEEG00000013763	NCAPD2
ENSDARP00000091828	ENSDARG00000056005	dnajc18	ENSEEEP00000045096	ENSEEEG00000021293	DNAJC18
ENSDARP00000107373	ENSDARG00000004451	tnfrsfa	ENSEEEP00000013362	ENSEEEG00000006696	tnfrsfa
ENSDARP00000141610	ENSDARG00000103765	stpg1	ENSEEEP00000045030	ENSEEEG00000021255	STPG1
ENSDARP00000128726	ENSDARG00000074602	mrvi1	ENSEEEP00000031300	ENSEEEG00000014988	mrvi1
ENSDARP00000106038	ENSDARG00000086764	mdc1	ENSEEEP00000000225	ENSEEEG00000000160	MDC1
ENSDARP00000124470	ENSDARG00000095796	si:dkey-87o1.2	ENSEEEP00000041568	ENSEEEG00000019661	si:dkey-87o1.2
ENSDARP00000122906	ENSDARG00000069265	matn3b	ENSEEEP00000049254	ENSEEEG00000023146	matn3b
ENSDARP00000066928	ENSDARG00000045513	taf3	ENSEEEP00000062115	ENSEEEG00000027738	TAF3
ENSDARP00000150722	ENSDARG00000014914	lamp2	ENSEEEP00000062152	ENSEEEG00000027368	lamp2
ENSDARP00000152548	ENSDARG00000100804	st6galnac4	ENSEEEP00000012818	ENSEEEG00000006441	ST6GALNAC4
ENSDARP00000103164	ENSDARG00000069332	tmem72	ENSEEEP00000060956	ENSEEEG00000028017	
ENSDARP00000122078	ENSDARG00000038518	snap29	ENSEEEP00000010288	ENSEEEG00000005211	SNAP29
ENSDARP00000119630	ENSDARG00000068398	cep126	ENSEEEP00000057802	ENSEEEG00000026481	
ENSDARP00000009990	ENSDARG00000005220	pdcd6	ENSEEEP00000033399	ENSEEEG00000015864	PDCD6
ENSDARP00000017950	ENSDARG00000014190	sst2	ENSEEEP00000023214	ENSEEEG00000011254	sst2
ENSDARP00000133083	ENSDARG00000099979	tgfbr3	ENSEEEP00000001223	ENSEEEG00000000815	TGFBR3
ENSDARP00000119889	ENSDARG00000051957	selenom	ENSEEEP00000059161	ENSEEEG00000026666	SELENOM
ENSDARP00000114038	ENSDARG00000073705	rbfa	ENSEEEP00000034145	ENSEEEG00000016258	RBFA
ENSDARP00000094621	ENSDARG00000070598	eno4	ENSEEEP00000046054	ENSEEEG00000021701	ENO4
ENSDARP00000113648	ENSDARG00000058039	bhlhe22	ENSEEEP00000021928	ENSEEEG00000010653	BHLHE22
ENSDARP00000087506	ENSDARG00000063596	bud23	ENSEEEP00000051939	ENSEEEG00000024366	BUD23
ENSDARP00000114026	ENSDARG00000021985	ercc2	ENSEEEP00000052474	ENSEEEG00000024576	ERCC2
ENSDARP00000125210	ENSDARG00000096214	avpi1	ENSEEEP00000060948	ENSEEEG00000025176	
ENSDARP00000104347	ENSDARG00000075833	lyve1a	ENSEEEP00000031299	ENSEEEG00000014987	lyve1a
ENSDARP00000142309	ENSDARG00000040358	spred3	ENSEEEP00000042491	ENSEEEG00000020065	SPRED3
ENSDARP00000136523	ENSDARG00000102937	hspbp1	ENSEEEP00000040424	ENSEEEG00000019147	HSPBP1
ENSDARP00000099073	ENSDARG00000079610	akap9	ENSEEEP00000012889	ENSEEEG00000006479	akap9
ENSDARP00000026457	ENSDARG00000037813	zgc:113278	ENSEEEP00000056515	ENSEEEG00000026992	zgc:113278
ENSDARP00000033992	ENSDARG00000023002	dtl	ENSEEEP00000032505	ENSEEEG00000015496	DTL
ENSDARP00000114411	ENSDARG00000077614	mtres1	ENSEEEP00000061308	ENSEEEG00000026782	MTRES1
ENSDARP00000133381	ENSDARG00000036915	dolpp1	ENSEEEP00000012811	ENSEEEG00000006435	DOLPP1
ENSDARP00000066362	ENSDARG00000045127	fam53c	ENSEEEP00000014947	ENSEEEG00000007446	FAM53C
ENSDARP00000077082	ENSDARG00000076486	acp1	ENSEEEP00000012075	ENSEEEG00000006088	ACP1
ENSDARP00000034252	ENSDARG00000043173	cela1.3	ENSEEEP00000015603	ENSEEEG00000007734	CELA1
ENSDARP00000123428	ENSDARG00000060580	tasp1	ENSEEEP00000061909	ENSEEEG00000028427	TASP1
ENSDARP00000058570	ENSDARG00000040046	snai2	ENSEEEP00000022482	ENSEEEG00000010911	SNAI2
ENSDARP00000094648	ENSDARG00000056075	rca2.1	ENSEEEP00000050443	ENSEEEG00000023715	APOH
ENSDARP00000052419	ENSDARG00000036105	si:dkeyp-92c9.2	ENSEEEP00000050947	ENSEEEG00000023928	si:dkeyp-92c9.2
ENSDARP00000011133	ENSDARG00000018264	trim101	ENSEEEP00000013614	ENSEEEG00000006806	trim101
ENSDARP00000141846	ENSDARG00000102912	gpr184	ENSEEEP00000018655	ENSEEEG00000009172	gpr184
ENSDARP00000123681	ENSDARG00000094860	gpr3	ENSEEEP00000031612	ENSEEEG00000015120	gpr186
ENSDARP00000156867	ENSDARG00000091006	cobl	ENSEEEP00000062098	ENSEEEG00000003414	COBL
ENSDARP00000010975	ENSDARG00000002894	aven	ENSEEEP00000021384	ENSEEEG00000010420	AVEN
ENSDARP00000043075	ENSDARG00000031317	ppdpfb	ENSEEEP00000055684	ENSEEEG00000006808	ppdpfb
ENSDARP00000034733	ENSDARG00000023963	tpm4a	ENSEEEP00000034835	ENSEEEG00000016378	TPM2
ENSDARP00000058338	ENSDARG00000039882	ap3s2	ENSEEEP00000058313	ENSEEEG00000018344	AP3S2
ENSDARP00000021474	ENSDARG00000018010	crtap	ENSEEEP00000062376	ENSEEEG00000013913	CRTAP
ENSDARP00000008647	ENSDARG00000019300	ints7	ENSEEEP00000032550	ENSEEEG00000015509	INTS7
ENSDARP00000095514	ENSDARG00000071025	dytn	ENSEEEP00000042102	ENSEEEG00000019887	dytn
ENSDARP00000138793	ENSDARG00000099943	mapre2	ENSEEEP00000022266	ENSEEEG00000010810	MAPRE2
ENSDARP00000098584	ENSDARG00000074696	zgc:194621	ENSEEEP00000046901	ENSEEEG00000022078	
ENSDARP00000050862	ENSDARG00000035129	zgc:101858	ENSEEEP00000000293	ENSEEEG00000000213	zgc:101858
ENSDARP00000011008	ENSDARG00000010442	rnf11a	ENSEEEP00000059540	ENSEEEG00000026138	rnf11a
ENSDARP00000032601	ENSDARG00000027345	mpzl2b	ENSEEEP00000037351	ENSEEEG00000017753	mpzl2b
ENSDARP00000118611	ENSDARG00000093684	tmem238a	ENSEEEP00000013346	ENSEEEG00000006692	tmem238a
ENSDARP00000101657	ENSDARG00000074490	golm2	ENSEEEP00000038494	ENSEEEG00000018277	casc4
ENSDARP00000000069	ENSDARG00000000068	nherf1a	ENSEEEP00000033718	ENSEEEG00000016059	slc9a3r1a
ENSDARP00000117842	ENSDARG00000079167	si:ch211-230g15.5	ENSEEEP00000046898	ENSEEEG00000022076	COBLL1
ENSDARP00000070155	ENSDARG00000053620	ebi3	ENSEEEP00000038052	ENSEEEG00000018074	EBI3
ENSDARP00000018158	ENSDARG00000018190	get3	ENSEEEP00000062886	ENSEEEG00000026795	GET3
ENSDARP00000148987	ENSDARG00000078404	cdh26.1	ENSEEEP00000002080	ENSEEEG00000001282	cdh26.1
ENSDARP00000141878	ENSDARG00000101216	meaf6	ENSEEEP00000045033	ENSEEEG00000021256	MEAF6
ENSDARP00000111776	ENSDARG00000043970	lrpprc	ENSEEEP00000015006	ENSEEEG00000007376	LRPPRC
ENSDARP00000114441	ENSDARG00000005704	eps8l3b	ENSEEEP00000029200	ENSEEEG00000013995	eps8l3b
ENSDARP00000091417	ENSDARG00000069260	rec8b	ENSEEEP00000033375	ENSEEEG00000015862	rec8b
ENSDARP00000081460	ENSDARG00000061196	emilin2a	ENSEEEP00000016797	ENSEEEG00000008325	emilin2a
ENSDARP00000143886	ENSDARG00000088899	ralgapb	ENSEEEP00000017774	ENSEEEG00000008773	RALGAPB
ENSDARP00000031200	ENSDARG00000034326	ing3	ENSEEEP00000064014	ENSEEEG00000021101	ING3
ENSDARP00000119574	ENSDARG00000041570	mrpl39	ENSEEEP00000064295	ENSEEEG00000020379	MRPL39
ENSDARP00000138622	ENSDARG00000104458	rnasekb	ENSEEEP00000034368	ENSEEEG00000016357	rnasekb
ENSDARP00000099762	ENSDARG00000012138	sgce	ENSEEEP00000046285	ENSEEEG00000021730	SGCE
ENSDARP00000064418	ENSDARG00000090722	leg1.1	ENSEEEP00000033760	ENSEEEG00000016076	leg1.1
ENSDARP00000099084	ENSDARG00000079166	ace	ENSEEEP00000038787	ENSEEEG00000018398	ace
ENSDARP00000142939	ENSDARG00000005894	slc7a9	ENSEEEP00000037444	ENSEEEG00000017724	SLC7A9
ENSDARP00000131223	ENSDARG00000099273	zgc:103508	ENSEEEP00000034366	ENSEEEG00000016356	zgc:103508
ENSDARP00000138197	ENSDARG00000004328	lin28aa	ENSEEEP00000051160	ENSEEEG00000024019	LIN28A
ENSDARP00000105507	ENSDARG00000022904	skilb	ENSEEEP00000046903	ENSEEEG00000022080	skilb
ENSDARP00000068527	ENSDARG00000079854	scyl1	ENSEEEP00000027875	ENSEEEG00000013412	SCYL1
ENSDARP00000112326	ENSDARG00000089828	si:rp71-19m20.1	ENSEEEP00000045193	ENSEEEG00000021336	si:rp71-19m20.1
ENSDARP00000145727	ENSDARG00000100452	nop53	ENSEEEP00000032317	ENSEEEG00000015409	NOP53
ENSDARP00000055442	ENSDARG00000038040	tpk1	ENSEEEP00000044758	ENSEEEG00000021130	TPK1
ENSDARP00000038801	ENSDARG00000032326	mecr	ENSEEEP00000051192	ENSEEEG00000024027	MECR
ENSDARP00000007002	ENSDARG00000018049	sf3b2	ENSEEEP00000028414	ENSEEEG00000013571	SF3B2
ENSDARP00000116548	ENSDARG00000059442	smtnb	ENSEEEP00000008852	ENSEEEG00000004569	smtnb
ENSDARP00000114662	ENSDARG00000035080	hsf2bp	ENSEEEP00000024604	ENSEEEG00000011927	HSF2BP
ENSDARP00000131986	ENSDARG00000099953	si:dkey-202l22.3	ENSEEEP00000018653	ENSEEEG00000009170	PRLHR
ENSDARP00000067735	ENSDARG00000046074	stk11	ENSEEEP00000061124	ENSEEEG00000023616	STK11
ENSDARP00000119903	ENSDARG00000058053	serping1	ENSEEEP00000014145	ENSEEEG00000007024	SERPING1
ENSDARP00000126071	ENSDARG00000096327	cd164l2	ENSEEEP00000031610	ENSEEEG00000015119	
ENSDARP00000134458	ENSDARG00000100025	uqcc4	ENSEEEP00000057296	ENSEEEG00000028469	si:ch211-231f6.6
ENSDARP00000123623	ENSDARG00000052244	kiaa0232	ENSEEEP00000020864	ENSEEEG00000010174	zgc:158564
ENSDARP00000095297	ENSDARG00000070923	cav4b	ENSEEEP00000037269	ENSEEEG00000017712	zgc:158296
ENSDARP00000018976	ENSDARG00000008573	fam20b	ENSEEEP00000010319	ENSEEEG00000005225	FAM20B
ENSDARP00000009420	ENSDARG00000013861	armc1	ENSEEEP00000021925	ENSEEEG00000010651	ARMC1
ENSDARP00000106289	ENSDARG00000091833	sv2	ENSEEEP00000037738	ENSEEEG00000017938	sv2
ENSDARP00000045402	ENSDARG00000053868	etsrp	ENSEEEP00000023825	ENSEEEG00000011560	etv2
ENSDARP00000069196	ENSDARG00000077588	pdgfc	ENSEEEP00000026422	ENSEEEG00000012716	PDGFC
ENSDARP00000022273	ENSDARG00000002271	zfand5b	ENSEEEP00000023916	ENSEEEG00000011608	zfand5b
ENSDARP00000009619	ENSDARG00000009806	smfn	ENSEEEP00000022952	ENSEEEG00000011138	smfn
ENSDARP00000066367	ENSDARG00000045130	klhl11	ENSEEEP00000035858	ENSEEEG00000017059	KLHL11
ENSDARP00000117429	ENSDARG00000058058	igf3	ENSEEEP00000014156	ENSEEEG00000007028	igf3
ENSDARP00000148712	ENSDARG00000103914	si:ch73-52e5.2	ENSEEEP00000059278	ENSEEEG00000026626	THEM6
ENSDARP00000058289	ENSDARG00000039851	dhdds	ENSEEEP00000037151	ENSEEEG00000017647	DHDDS
ENSDARP00000113460	ENSDARG00000025948	mlh1	ENSEEEP00000016195	ENSEEEG00000008018	MLH1
ENSDARP00000114616	ENSDARG00000056656	tspan18a	ENSEEEP00000042016	ENSEEEG00000019854	tspan18a
ENSDARP00000040770	ENSDARG00000029500	rpl34	ENSEEEP00000062232	ENSEEEG00000026115	RPL34
ENSDARP00000135990	ENSDARG00000100260	them6	ENSEEEP00000000943	ENSEEEG00000000639	THEM6
ENSDARP00000122284	ENSDARG00000011553	atp5pb	ENSEEEP00000029206	ENSEEEG00000013996	ATP5PB
ENSDARP00000124176	ENSDARG00000007614	wwox	ENSEEEP00000039697	ENSEEEG00000018828	WWOX
ENSDARP00000105999	ENSDARG00000089383	il1fma	ENSEEEP00000010222	ENSEEEG00000005183	si:ch73-226l13.2
ENSDARP00000008047	ENSDARG00000004282	zgc:77375	ENSEEEP00000016486	ENSEEEG00000008170	zgc:77375
ENSDARP00000051669	ENSDARG00000035634	rfc5	ENSEEEP00000020285	ENSEEEG00000009898	RFC5
ENSDARP00000116241	ENSDARG00000053424	myl2b	ENSEEEP00000039580	ENSEEEG00000018784	MYL2
ENSDARP00000046856	ENSDARG00000033854	abrab	ENSEEEP00000039079	ENSEEEG00000018556	abrab
ENSDARP00000066545	ENSDARG00000045249	nif3l1	ENSEEEP00000039904	ENSEEEG00000018916	NIF3L1
ENSDARP00000066557	ENSDARG00000045257	decr2	ENSEEEP00000006659	ENSEEEG00000003534	DECR2
ENSDARP00000066929	ENSDARG00000045514	atp5f1c	ENSEEEP00000032239	ENSEEEG00000015374	ATP5F1C
ENSDARP00000124177	ENSDARG00000039626	nrgna	ENSEEEP00000010082	ENSEEEG00000005114	nrgna
ENSDARP00000138851	ENSDARG00000103127	gpn2	ENSEEEP00000013771	ENSEEEG00000006860	GPN2
ENSDARP00000066894	ENSDARG00000045485	rassf8b	ENSEEEP00000042907	ENSEEEG00000020243	rassf8b
ENSDARP00000041370	ENSDARG00000029250	poli	ENSEEEP00000019510	ENSEEEG00000009569	POLI
ENSDARP00000087580	ENSDARG00000063466	isy1	ENSEEEP00000016495	ENSEEEG00000008173	isy1
ENSDARP00000102816	ENSDARG00000074688	fbrs	ENSEEEP00000023875	ENSEEEG00000011586	fbrs
ENSDARP00000070224	ENSDARG00000060494	eprs1	ENSEEEP00000047386	ENSEEEG00000021877	EPRS1
ENSDARP00000007566	ENSDARG00000006408	hmgb3b	ENSEEEP00000042008	ENSEEEG00000019850	hmgb3b
ENSDARP00000041081	ENSDARG00000006944	gdpd3b	ENSEEEP00000039900	ENSEEEG00000018912	gdpd3b
ENSDARP00000150782	ENSDARG00000016999	lin28ab	ENSEEEP00000028355	ENSEEEG00000013629	LIN28A
ENSDARP00000094438	ENSDARG00000053240	kif6	ENSEEEP00000012102	ENSEEEG00000006086	KIF6
ENSDARP00000053945	ENSDARG00000037116	cxcl12a	ENSEEEP00000002955	ENSEEEG00000001685	cxcl12a
ENSDARP00000153136	ENSDARG00000059029	mmp28	ENSEEEP00000026617	ENSEEEG00000012873	MMP28
ENSDARP00000110708	ENSDARG00000003259	loxa	ENSEEEP00000036349	ENSEEEG00000017279	loxa
ENSDARP00000067130	ENSDARG00000053131	irak3	ENSEEEP00000037424	ENSEEEG00000017796	IRAK3
ENSDARP00000112736	ENSDARG00000021242	mvp	ENSEEEP00000007192	ENSEEEG00000002941	MVP
ENSDARP00000082073	ENSDARG00000061446	smap2	ENSEEEP00000048883	ENSEEEG00000022987	SMAP2
ENSDARP00000119398	ENSDARG00000058608	wsb2	ENSEEEP00000020348	ENSEEEG00000009927	WSB2
ENSDARP00000130410	ENSDARG00000102025	znf644b	ENSEEEP00000001241	ENSEEEG00000000846	znf644b
ENSDARP00000123522	ENSDARG00000023228	vsnl1a	ENSEEEP00000013059	ENSEEEG00000006572	vsnl1a
ENSDARP00000064402	ENSDARG00000043864	nptnb	ENSEEEP00000034083	ENSEEEG00000016233	nptnb
ENSDARP00000058734	ENSDARG00000040157	glt8d1	ENSEEEP00000056967	ENSEEEG00000005159	GLT8D1
ENSDARP00000108133	ENSDARG00000036558	col18a1a	ENSEEEP00000043555	ENSEEEG00000020577	col18a1a
ENSDARP00000142057	ENSDARG00000105363	si:ch211-207g17.3	ENSEEEP00000006451	ENSEEEG00000003413	CCR2
ENSDARP00000015825	ENSDARG00000018325	taf5	ENSEEEP00000043399	ENSEEEG00000020507	TAF5
ENSDARP00000136160	ENSDARG00000103642	pglyrp6	ENSEEEP00000039673	ENSEEEG00000018792	pglyrp6
ENSDARP00000098464	ENSDARG00000068814	spata2l	ENSEEEP00000025984	ENSEEEG00000012589	
ENSDARP00000108366	ENSDARG00000099715	si:dkey-152b24.7	ENSEEEP00000021603	ENSEEEG00000010515	si:dkey-152b24.6
ENSDARP00000133488	ENSDARG00000103545	dynlt5	ENSEEEP00000021164	ENSEEEG00000010319	tctex1d1
ENSDARP00000076869	ENSDARG00000059337	tgif1	ENSEEEP00000054457	ENSEEEG00000028590	TGIF1
ENSDARP00000055169	ENSDARG00000037865	cln3	ENSEEEP00000002730	ENSEEEG00000001577	CLN3
ENSDARP00000112534	ENSDARG00000074851	s1pr4	ENSEEEP00000021318	ENSEEEG00000010385	S1PR4
ENSDARP00000124147	ENSDARG00000031876	pard6ga	ENSEEEP00000034092	ENSEEEG00000016230	pard6ga
ENSDARP00000114765	ENSDARG00000036818	hyal3	ENSEEEP00000000124	ENSEEEG00000000088	HYAL3
ENSDARP00000132505	ENSDARG00000101704	lrrc24	ENSEEEP00000003421	ENSEEEG00000001909	lrrc24
ENSDARP00000115176	ENSDARG00000069781	rec114	ENSEEEP00000034079	ENSEEEG00000016232	REC114
ENSDARP00000116924	ENSDARG00000077622	si:ch211-263p13.7	ENSEEEP00000020997	ENSEEEG00000010236	si:ch211-263p13.7
ENSDARP00000016818	ENSDARG00000020642	gtdc1	ENSEEEP00000021404	ENSEEEG00000010431	GTDC1
ENSDARP00000114663	ENSDARG00000011493	dcun1d3	ENSEEEP00000051065	ENSEEEG00000023978	DCUN1D3
ENSDARP00000136708	ENSDARG00000098443	zfand6	ENSEEEP00000061315	ENSEEEG00000027681	ZFAND6
ENSDARP00000051565	ENSDARG00000035570	zgc:101016	ENSEEEP00000053503	ENSEEEG00000026791	C9orf85
ENSDARP00000015357	ENSDARG00000016238	arl6ip5b	ENSEEEP00000018132	ENSEEEG00000008919	arl6ip5b
ENSDARP00000012705	ENSDARG00000010619	themis	ENSEEEP00000033762	ENSEEEG00000016081	THEMIS
ENSDARP00000095121	ENSDARG00000028295	mkrn4	ENSEEEP00000014482	ENSEEEG00000007210	mkrn4
ENSDARP00000136398	ENSDARG00000101877	rbm34	ENSEEEP00000002341	ENSEEEG00000001390	RBM34
ENSDARP00000061015	ENSDARG00000041631	psme3ip1	ENSEEEP00000056448	ENSEEEG00000022388	PSME3IP1
ENSDARP00000025160	ENSDARG00000020454	psmd8	ENSEEEP00000042497	ENSEEEG00000020067	PSMD8
ENSDARP00000109783	ENSDARG00000007405	strap	ENSEEEP00000022094	ENSEEEG00000010738	STRAP
ENSDARP00000116664	ENSDARG00000038910	pccb	ENSEEEP00000009572	ENSEEEG00000004847	PCCB
ENSDARP00000125736	ENSDARG00000078605	ptger1a	ENSEEEP00000060471	ENSEEEG00000010977	ptger1a
ENSDARP00000109389	ENSDARG00000089901	si:ch211-261n11.8	ENSEEEP00000024433	ENSEEEG00000011853	
ENSDARP00000133666	ENSDARG00000102081	mprip	ENSEEEP00000014650	ENSEEEG00000007276	mprip
ENSDARP00000064149	ENSDARG00000043687	saysd1	ENSEEEP00000016178	ENSEEEG00000008014	si:ch211-59d15.9
ENSDARP00000113026	ENSDARG00000079575	aff3	ENSEEEP00000063319	ENSEEEG00000025067	ZBTB4
ENSDARP00000070145	ENSDARG00000053636	cracr2b	ENSEEEP00000037747	ENSEEEG00000017943	CRACR2B
ENSDARP00000125277	ENSDARG00000096003	atp5md	ENSEEEP00000043392	ENSEEEG00000020503	atp5md
ENSDARP00000141619	ENSDARG00000104581	tom1	ENSEEEP00000062671	ENSEEEG00000004511	tom1
ENSDARP00000092390	ENSDARG00000069696	lrif1	ENSEEEP00000048969	ENSEEEG00000023015	lrif1
ENSDARP00000142304	ENSDARG00000067517	ccdc15	ENSEEEP00000010077	ENSEEEG00000005109	CCDC15
ENSDARP00000145577	ENSDARG00000019990	cabp1a	ENSEEEP00000050774	ENSEEEG00000023853	cabp1a
ENSDARP00000045638	ENSDARG00000005547	rint1	ENSEEEP00000001233	ENSEEEG00000000395	RINT1
ENSDARP00000108530	ENSDARG00000055086	ggnbp2	ENSEEEP00000050512	ENSEEEG00000023748	GGNBP2
ENSDARP00000124379	ENSDARG00000022996	setx	ENSEEEP00000058726	ENSEEEG00000006433	SETX
ENSDARP00000088195	ENSDARG00000067656	kcmf1	ENSEEEP00000031348	ENSEEEG00000015005	KCMF1
ENSDARP00000109477	ENSDARG00000088277	susd5	ENSEEEP00000029000	ENSEEEG00000013911	SUSD5
ENSDARP00000072773	ENSDARG00000055897	zgc:154093	ENSEEEP00000052479	ENSEEEG00000024578	zgc:154093
ENSDARP00000143757	ENSDARG00000073918	rnf41l	ENSEEEP00000042782	ENSEEEG00000020186	rnf41l
ENSDARP00000154852	ENSDARG00000004343	nelfe	ENSEEEP00000018336	ENSEEEG00000009001	NELFE
ENSDARP00000011048	ENSDARG00000016011	gpcpd1	ENSEEEP00000025750	ENSEEEG00000012466	GPCPD1
ENSDARP00000134787	ENSDARG00000104907	ing2	ENSEEEP00000018553	ENSEEEG00000009116	ING2
ENSDARP00000133274	ENSDARG00000079188	nxph2b	ENSEEEP00000029784	ENSEEEG00000014268	nxph2b
ENSDARP00000127209	ENSDARG00000005236	srcap	ENSEEEP00000023877	ENSEEEG00000011589	DNAI7
ENSDARP00000139268	ENSDARG00000099064	tradv6.0.2	ENSEEEP00000061211	ENSEEEG00000025326	
ENSDARP00000098754	ENSDARG00000076420	dkk2	ENSEEEP00000001162	ENSEEEG00000000765	DKK2
ENSDARP00000015395	ENSDARG00000014357	amh	ENSEEEP00000025383	ENSEEEG00000012317	amh
ENSDARP00000057688	ENSDARG00000039486	bag3	ENSEEEP00000035736	ENSEEEG00000017009	BAG3
ENSDARP00000097881	ENSDARG00000079183	sod3b	ENSEEEP00000018551	ENSEEEG00000009115	sod3b
ENSDARP00000013949	ENSDARG00000013950	pdf	ENSEEEP00000025982	ENSEEEG00000012588	PDF
ENSDARP00000073029	ENSDARG00000056138	sf3b1	ENSEEEP00000040586	ENSEEEG00000019216	SF3B1
ENSDARP00000127658	ENSDARG00000052912	cfap92	ENSEEEP00000004400	ENSEEEG00000002305	si:dkey-57n24.6
ENSDARP00000130633	ENSDARG00000098375	polr1a	ENSEEEP00000020153	ENSEEEG00000009840	POLR1A
ENSDARP00000150431	ENSDARG00000076501	asxl2	ENSEEEP00000006019	ENSEEEG00000003206	ASXL2
ENSDARP00000058612	ENSDARG00000040080	fli1rs	ENSEEEP00000023829	ENSEEEG00000011562	fli1b
ENSDARP00000100022	ENSDARG00000018065	ntm	ENSEEEP00000027196	ENSEEEG00000013080	NTM
ENSDARP00000117165	ENSDARG00000062349	arhgap15	ENSEEEP00000021409	ENSEEEG00000010433	ARHGAP15
ENSDARP00000073020	ENSDARG00000056125	myct1a	ENSEEEP00000028449	ENSEEEG00000013679	myct1a
ENSDARP00000057773	ENSDARG00000039543	mrps6	ENSEEEP00000022241	ENSEEEG00000010801	MRPS6
ENSDARP00000131220	ENSDARG00000020946	auts2b	ENSEEEP00000008190	ENSEEEG00000004270	auts2b
ENSDARP00000066410	ENSDARG00000045167	dlgap5	ENSEEEP00000020880	ENSEEEG00000010185	naca
ENSDARP00000127653	ENSDARG00000014858	drd2l	ENSEEEP00000030205	ENSEEEG00000014480	drd2l
ENSDARP00000101923	ENSDARG00000076500	chgb	ENSEEEP00000059524	ENSEEEG00000012463	CHGB
ENSDARP00000089091	ENSDARG00000068123	gkap1	ENSEEEP00000063470	ENSEEEG00000001987	GKAP1
ENSDARP00000110023	ENSDARG00000061946	commd4	ENSEEEP00000003015	ENSEEEG00000001678	COMMD4
ENSDARP00000132970	ENSDARG00000099921	tbce	ENSEEEP00000002331	ENSEEEG00000001386	tbce
ENSDARP00000097865	ENSDARG00000078355	zc3h4	ENSEEEP00000052480	ENSEEEG00000024579	ZC3H4
ENSDARP00000105776	ENSDARG00000089920	mlip	ENSEEEP00000017068	ENSEEEG00000008466	mlip
ENSDARP00000095904	ENSDARG00000071208	wnt4	ENSEEEP00000012767	ENSEEEG00000006413	WNT4
ENSDARP00000086334	ENSDARG00000063100	psmd14	ENSEEEP00000030381	ENSEEEG00000014366	PSMD14
ENSDARP00000052341	ENSDARG00000036055	thap11	ENSEEEP00000034946	ENSEEEG00000016627	THAP11
ENSDARP00000119414	ENSDARG00000069342	zgc:153115	ENSEEEP00000028747	ENSEEEG00000013816	zgc:153115
ENSDARP00000118594	ENSDARG00000058679	zmat1	ENSEEEP00000055346	ENSEEEG00000004283	zmat1
ENSDARP00000137821	ENSDARG00000100435	sec22bb	ENSEEEP00000035147	ENSEEEG00000016726	sec22bb
ENSDARP00000122374	ENSDARG00000026664	uri1	ENSEEEP00000025979	ENSEEEG00000012587	URI1
ENSDARP00000013943	ENSDARG00000018553	ifih1	ENSEEEP00000050306	ENSEEEG00000023642	IFIH1
ENSDARP00000075535	ENSDARG00000058248	si:dkeyp-77h1.4	ENSEEEP00000000246	ENSEEEG00000000187	si:dkeyp-77h1.4
ENSDARP00000065673	ENSDARG00000044694	fyb1b	ENSEEEP00000028101	ENSEEEG00000013525	fybb
ENSDARP00000081305	ENSDARG00000061145	gfod2	ENSEEEP00000060766	ENSEEEG00000026580	GFOD2
ENSDARP00000094522	ENSDARG00000013729	srsf6a	ENSEEEP00000018133	ENSEEEG00000008920	srsf6a
ENSDARP00000127991	ENSDARG00000015263	adma	ENSEEEP00000031289	ENSEEEG00000014983	adma
ENSDARP00000108477	ENSDARG00000087426	adisspa	ENSEEEP00000039652	ENSEEEG00000018813	si:ch211-151p13.8
ENSDARP00000127918	ENSDARG00000076988	znf839	ENSEEEP00000035920	ENSEEEG00000017084	ZNF839
ENSDARP00000049060	ENSDARG00000029018	cdkn1ba	ENSEEEP00000001327	ENSEEEG00000000885	cdkn1ba
ENSDARP00000137162	ENSDARG00000099579	aldh18a1	ENSEEEP00000008512	ENSEEEG00000003644	ALDH18A1
ENSDARP00000140575	ENSDARG00000100741	cdc20	ENSEEEP00000026999	ENSEEEG00000013030	CDC20
ENSDARP00000062091	ENSDARG00000042344	trmt6	ENSEEEP00000025713	ENSEEEG00000012462	TRMT6
ENSDARP00000117618	ENSDARG00000040302	osgin2	ENSEEEP00000010363	ENSEEEG00000005249	OSGIN2
ENSDARP00000023547	ENSDARG00000003584	pla2g7	ENSEEEP00000013066	ENSEEEG00000006576	PLA2G7
ENSDARP00000076205	ENSDARG00000058819	nog1	ENSEEEP00000039780	ENSEEEG00000018861	NOG
ENSDARP00000002367	ENSDARG00000017994	tssk6	ENSEEEP00000044782	ENSEEEG00000021139	TSSK2
ENSDARP00000112837	ENSDARG00000040907	gcgb	ENSEEEP00000050229	ENSEEEG00000023621	gcgb
ENSDARP00000066627	ENSDARG00000045304	mtfr1	ENSEEEP00000021923	ENSEEEG00000010649	MTFR1
ENSDARP00000114278	ENSDARG00000075614	apoc4	ENSEEEP00000013033	ENSEEEG00000006565	APOC4
ENSDARP00000126089	ENSDARG00000019191	septin12	ENSEEEP00000062177	ENSEEEG00000020252	USP10
ENSDARP00000126938	ENSDARG00000096597	dmac2	ENSEEEP00000032325	ENSEEEG00000015412	dmac2
ENSDARP00000121698	ENSDARG00000027986	slc35d1b	ENSEEEP00000004828	ENSEEEG00000002516	slc35d1b
ENSDARP00000094101	ENSDARG00000023104	scaper	ENSEEEP00000033888	ENSEEEG00000015865	SCAPER
ENSDARP00000120361	ENSDARG00000076903	bend3	ENSEEEP00000049239	ENSEEEG00000023141	BEND3
ENSDARP00000125864	ENSDARG00000062664	oxnad1	ENSEEEP00000017277	ENSEEEG00000008542	OXNAD1
ENSDARP00000057314	ENSDARG00000039229	cep78	ENSEEEP00000001279	ENSEEEG00000000869	CEP78
ENSDARP00000091074	ENSDARG00000069109	znrd2	ENSEEEP00000062691	ENSEEEG00000026920	ZNRD2
ENSDARP00000117266	ENSDARG00000034883	acbd5a	ENSEEEP00000007878	ENSEEEG00000004115	acbd5a
ENSDARP00000116868	ENSDARG00000044695	ccdc80l2	ENSEEEP00000028111	ENSEEEG00000013528	ccdc80l2
ENSDARP00000129934	ENSDARG00000104047	misp	ENSEEEP00000051657	ENSEEEG00000024257	si:ch211-262i1.3
ENSDARP00000106596	ENSDARG00000088048	fgf18a	ENSEEEP00000029392	ENSEEEG00000014081	fgf18a
ENSDARP00000138207	ENSDARG00000100946	si:ch211-212k18.9	ENSEEEP00000039144	ENSEEEG00000018596	
ENSDARP00000053309	ENSDARG00000036704	tmem18	ENSEEEP00000006650	ENSEEEG00000003529	TMEM18
ENSDARP00000076041	ENSDARG00000058682	cd8b	ENSEEEP00000008219	ENSEEEG00000004292	cd8b
ENSDARP00000141446	ENSDARG00000102436	wizb	ENSEEEP00000039572	ENSEEEG00000018788	si:ch211-194b1.1
ENSDARP00000140632	ENSDARG00000104437	aip	ENSEEEP00000018549	ENSEEEG00000009114	AIP
ENSDARP00000008019	ENSDARG00000014866	hprt1l	ENSEEEP00000039681	ENSEEEG00000018819	hprt1l
ENSDARP00000126186	ENSDARG00000096428	wiza	ENSEEEP00000022594	ENSEEEG00000010975	si:dkey-217d24.6
ENSDARP00000100503	ENSDARG00000004906	stip1	ENSEEEP00000007033	ENSEEEG00000003357	STIP1
ENSDARP00000058964	ENSDARG00000040295	apoeb	ENSEEEP00000013030	ENSEEEG00000006563	apoeb
ENSDARP00000006812	ENSDARG00000009753	sf3b6	ENSEEEP00000013060	ENSEEEG00000006573	SF3B6
ENSDARP00000096124	ENSDARG00000071306	gip	ENSEEEP00000023839	ENSEEEG00000011569	GIP
ENSDARP00000123554	ENSDARG00000092882	katnip	ENSEEEP00000051064	ENSEEEG00000023976	
ENSDARP00000093573	ENSDARG00000070178	zp3d.2	ENSEEEP00000052936	ENSEEEG00000028582	zp3d.2
ENSDARP00000108943	ENSDARG00000007349	dmrt1	ENSEEEP00000005795	ENSEEEG00000003068	DMRT1
ENSDARP00000149440	ENSDARG00000000018	nrf1	ENSEEEP00000001633	ENSEEEG00000001046	NRF1
ENSDARP00000136702	ENSDARG00000077998	nitr3a	ENSEEEP00000003863	ENSEEEG00000001207	
ENSDARP00000127727	ENSDARG00000097543	cbx6b	ENSEEEP00000007258	ENSEEEG00000003814	cbx6b
ENSDARP00000106752	ENSDARG00000016918	ace2	ENSEEEP00000010240	ENSEEEG00000005187	ACE2
ENSDARP00000076399	ENSDARG00000058978	zgc:113423	ENSEEEP00000023422	ENSEEEG00000011351	zgc:113423
ENSDARP00000033245	ENSDARG00000027740	adcyap1b	ENSEEEP00000016794	ENSEEEG00000008321	adcyap1b
ENSDARP00000121365	ENSDARG00000028949	zbtb26	ENSEEEP00000000303	ENSEEEG00000000226	ZBTB26
ENSDARP00000066505	ENSDARG00000045230	cox6b1	ENSEEEP00000051061	ENSEEEG00000023973	cox6b1
ENSDARP00000100010	ENSDARG00000075034	raver2	ENSEEEP00000012197	ENSEEEG00000006149	RAVER2
ENSDARP00000022647	ENSDARG00000013382	cwc15	ENSEEEP00000059714	ENSEEEG00000010036	CWC15
ENSDARP00000122706	ENSDARG00000037963	nek6	ENSEEEP00000021206	ENSEEEG00000010267	NEK6
ENSDARP00000131149	ENSDARG00000060005	mtrf1l	ENSEEEP00000046036	ENSEEEG00000021688	MTRF1L
ENSDARP00000131506	ENSDARG00000088650	tsnare1	ENSEEEP00000049080	ENSEEEG00000023060	
ENSDARP00000003412	ENSDARG00000011488	sirt2	ENSEEEP00000033081	ENSEEEG00000015419	SIRT2
ENSDARP00000120704	ENSDARG00000055314	mcmbp	ENSEEEP00000035750	ENSEEEG00000017012	MCMBP
ENSDARP00000094552	ENSDARG00000053934	hdhd3	ENSEEEP00000018037	ENSEEEG00000008882	HDHD3
ENSDARP00000120648	ENSDARG00000095300	mxra7	ENSEEEP00000057335	ENSEEEG00000028471	mxra7
ENSDARP00000142505	ENSDARG00000105460	si:ch73-54f23.4	ENSEEEP00000055043	ENSEEEG00000024784	si:ch73-54f23.4
ENSDARP00000121705	ENSDARG00000040303	nbn	ENSEEEP00000010371	ENSEEEG00000005255	NBN
ENSDARP00000128288	ENSDARG00000089553	cldn23l	ENSEEEP00000010481	ENSEEEG00000005306	si:dkey-221l4.11
ENSDARP00000015108	ENSDARG00000011785	tbx6	ENSEEEP00000039882	ENSEEEG00000018911	TBX6
ENSDARP00000037614	ENSDARG00000023151	ucp1	ENSEEEP00000034384	ENSEEEG00000016369	ucp1
ENSDARP00000113701	ENSDARG00000059835	zfyve27	ENSEEEP00000012778	ENSEEEG00000006412	ZFYVE27
ENSDARP00000128121	ENSDARG00000074326	mcm8	ENSEEEP00000020075	ENSEEEG00000009694	mcm8
ENSDARP00000109919	ENSDARG00000057857	arfrp1	ENSEEEP00000017800	ENSEEEG00000008789	ARFRP1
ENSDARP00000115161	ENSDARG00000062873	slc2a11l	ENSEEEP00000036063	ENSEEEG00000017153	slc2a11l
ENSDARP00000133419	ENSDARG00000074644	spock1	ENSEEEP00000030574	ENSEEEG00000014635	SPOCK1
ENSDARP00000113995	ENSDARG00000092134	rad54b	ENSEEEP00000042780	ENSEEEG00000020185	rad54b
ENSDARP00000136671	ENSDARG00000098221	st8sia1	ENSEEEP00000014515	ENSEEEG00000007223	ST8SIA1
ENSDARP00000071856	ENSDARG00000055106	znf148	ENSEEEP00000023141	ENSEEEG00000011219	ZNF148
ENSDARP00000069449	ENSDARG00000053010	lpcat2	ENSEEEP00000046188	ENSEEEG00000021756	LPCAT2
ENSDARP00000116633	ENSDARG00000069106	fam89b	ENSEEEP00000058547	ENSEEEG00000026689	FAM89B
ENSDARP00000131115	ENSDARG00000103662	sst3b	ENSEEEP00000008917	ENSEEEG00000004601	SSTR3
ENSDARP00000094574	ENSDARG00000016138	nme6	ENSEEEP00000051002	ENSEEEG00000023952	NME6
ENSDARP00000060225	ENSDARG00000018671	si:ch211-262i1.4	ENSEEEP00000051656	ENSEEEG00000024256	si:ch211-262i1.4
ENSDARP00000019311	ENSDARG00000006915	arl8ba	ENSEEEP00000012316	ENSEEEG00000006128	arl8ba
ENSDARP00000132129	ENSDARG00000099424	lcat	ENSEEEP00000034769	ENSEEEG00000016521	LCAT
ENSDARP00000084834	ENSDARG00000062471	tafa4b	ENSEEEP00000011568	ENSEEEG00000011467	TAFA3
ENSDARP00000121830	ENSDARG00000061437	inpp5f	ENSEEEP00000035737	ENSEEEG00000017011	INPP5F
ENSDARP00000065841	ENSDARG00000044797	cd8a	ENSEEEP00000008220	ENSEEEG00000004294	CD8A
ENSDARP00000107677	ENSDARG00000038835	ppid	ENSEEEP00000032492	ENSEEEG00000015492	PPID
ENSDARP00000096423	ENSDARG00000071449	fam234a	ENSEEEP00000061238	ENSEEEG00000023970	FAM234A
ENSDARP00000116630	ENSDARG00000045747	cped1	ENSEEEP00000044689	ENSEEEG00000021103	cped1
ENSDARP00000106362	ENSDARG00000013968	psap	ENSEEEP00000055086	ENSEEEG00000010803	PSAP
ENSDARP00000108816	ENSDARG00000088044	si:ch73-139j3.4	ENSEEEP00000058691	ENSEEEG00000004364	si:ch73-139j3.4
ENSDARP00000150333	ENSDARG00000068021	ece2a	ENSEEEP00000053305	ENSEEEG00000025787	ece2a
ENSDARP00000101860	ENSDARG00000075461	kmt5c	ENSEEEP00000012992	ENSEEEG00000006536	KMT5C
ENSDARP00000137571	ENSDARG00000102741	sumo2b	ENSEEEP00000044058	ENSEEEG00000020771	SUMO2
ENSDARP00000150708	ENSDARG00000104846	atg10	ENSEEEP00000045114	ENSEEEG00000021305	ATG10
ENSDARP00000116870	ENSDARG00000058658	si:dkey-178e17.3	ENSEEEP00000010285	ENSEEEG00000005209	si:dkey-178e17.3
ENSDARP00000005394	ENSDARG00000012563	pdss2	ENSEEEP00000049237	ENSEEEG00000023139	PDSS2
ENSDARP00000129921	ENSDARG00000101859	mnta	ENSEEEP00000062681	ENSEEEG00000024747	mnta
ENSDARP00000099679	ENSDARG00000073813	scly	ENSEEEP00000010590	ENSEEEG00000005213	SCLY
ENSDARP00000021896	ENSDARG00000008472	apex2	ENSEEEP00000048970	ENSEEEG00000023016	APEX2
ENSDARP00000092020	ENSDARG00000069521	vps29	ENSEEEP00000007162	ENSEEEG00000003777	VPS29
ENSDARP00000074163	ENSDARG00000057110	slc25a1a	ENSEEEP00000006445	ENSEEEG00000003408	slc25a1a
ENSDARP00000033509	ENSDARG00000075650	vps26c	ENSEEEP00000025942	ENSEEEG00000012571	VPS26C
ENSDARP00000058727	ENSDARG00000040152	nek4	ENSEEEP00000010208	ENSEEEG00000005180	NEK4
ENSDARP00000066804	ENSDARG00000045427	si:dkey-96n2.3	ENSEEEP00000033437	ENSEEEG00000015892	GPR17
ENSDARP00000065754	ENSDARG00000069525	gpn3	ENSEEEP00000007167	ENSEEEG00000003781	GPN3
ENSDARP00000058969	ENSDARG00000040300	gtpbp10	ENSEEEP00000010351	ENSEEEG00000005241	GTPBP10
ENSDARP00000114371	ENSDARG00000022763	hpcal1	ENSEEEP00000018615	ENSEEEG00000009153	HPCAL1
ENSDARP00000006940	ENSDARG00000015123	dnase1l4.1	ENSEEEP00000050258	ENSEEEG00000023632	dnase1l4.1
ENSDARP00000137974	ENSDARG00000053568	pstpip1b	ENSEEEP00000034635	ENSEEEG00000016474	pstpip1b
ENSDARP00000048094	ENSDARG00000034060	elac2	ENSEEEP00000064077	ENSEEEG00000019386	ELAC2
ENSDARP00000120516	ENSDARG00000095007		ENSEEEP00000034940	ENSEEEG00000016623	sinhcafl
ENSDARP00000130970	ENSDARG00000100231	ccdc135	ENSEEEP00000034746	ENSEEEG00000016500	ccdc135
ENSDARP00000092634	ENSDARG00000069795	zgc:154058	ENSEEEP00000062161	ENSEEEG00000027228	zgc:154058
ENSDARP00000019931	ENSDARG00000015869	slc22a16	ENSEEEP00000023867	ENSEEEG00000011581	SLC22A16
ENSDARP00000002108	ENSDARG00000004956	zmat2	ENSEEEP00000014940	ENSEEEG00000007442	ZMAT2
ENSDARP00000112151	ENSDARG00000054374	alg13	ENSEEEP00000042014	ENSEEEG00000019852	ALG13
ENSDARP00000119074	ENSDARG00000076135	mmrn2a	ENSEEEP00000011461	ENSEEEG00000005790	mmrn2a
ENSDARP00000129956	ENSDARG00000101630	si:dkey-8l13.5	ENSEEEP00000020394	ENSEEEG00000009954	si:dkey-8l13.5
ENSDARP00000075074	ENSDARG00000057882	arpc3	ENSEEEP00000007177	ENSEEEG00000003783	ARPC3
ENSDARP00000132479	ENSDARG00000109710	tradv10.0.2	ENSEEEP00000005941	ENSEEEG00000003159	
ENSDARP00000064512	ENSDARG00000043934	il17a/f2	ENSEEEP00000027757	ENSEEEG00000013362	il17a/f2
ENSDARP00000114649	ENSDARG00000020866	apoa4b.2	ENSEEEP00000013028	ENSEEEG00000006562	apoa4a
ENSDARP00000076814	ENSDARG00000059298	spcs1	ENSEEEP00000010195	ENSEEEG00000005177	spcs1
ENSDARP00000083509	ENSDARG00000061992	dot1l	ENSEEEP00000025388	ENSEEEG00000012320	DOT1L
ENSDARP00000088818	ENSDARG00000067984	gas1b	ENSEEEP00000039137	ENSEEEG00000018591	gas1b
ENSDARP00000141347	ENSDARG00000103145	cdk2ap2	ENSEEEP00000018545	ENSEEEG00000009109	CDK2AP2
ENSDARP00000016138	ENSDARG00000010487	sae1	ENSEEEP00000052481	ENSEEEG00000024580	SAE1
ENSDARP00000091825	ENSDARG00000069428	slbp2	ENSEEEP00000014945	ENSEEEG00000007444	slbp2
ENSDARP00000047451	ENSDARG00000031775	ube2s	ENSEEEP00000026540	ENSEEEG00000012839	UBE2S
ENSDARP00000139130	ENSDARG00000079296	gcga	ENSEEEP00000026309	ENSEEEG00000012725	gcga
ENSDARP00000072692	ENSDARG00000055838	mettl16	ENSEEEP00000052653	ENSEEEG00000024664	METTL16
ENSDARP00000124100	ENSDARG00000037008	bscl2	ENSEEEP00000006934	ENSEEEG00000003655	BSCL2
ENSDARP00000033740	ENSDARG00000028321	synj2bp	ENSEEEP00000013994	ENSEEEG00000006960	SYNJ2BP
ENSDARP00000140522	ENSDARG00000101868	dennd1b	ENSEEEP00000045972	ENSEEEG00000021659	IRF7
ENSDARP00000055170	ENSDARG00000005414	grapa	ENSEEEP00000010989	ENSEEEG00000005563	grapa
ENSDARP00000135397	ENSDARG00000103583	si:ch211-106g8.17	ENSEEEP00000061679	ENSEEEG00000025335	tradv36.2.12
ENSDARP00000154108	ENSDARG00000043684	bpnt1	ENSEEEP00000016171	ENSEEEG00000008011	BPNT1
ENSDARP00000118592	ENSDARG00000021154	zgc:92040	ENSEEEP00000039879	ENSEEEG00000018910	zgc:92040
ENSDARP00000101271	ENSDARG00000078261	nphp3	ENSEEEP00000033442	ENSEEEG00000015894	nphp3
ENSDARP00000096919	ENSDARG00000071670	tma7	ENSEEEP00000057297	ENSEEEG00000025168	
ENSDARP00000142576	ENSDARG00000095705	cdpf1	ENSEEEP00000001329	ENSEEEG00000000887	CDPF1
ENSDARP00000093941	ENSDARG00000063882	cox19	ENSEEEP00000042937	ENSEEEG00000020261	COX19
ENSDARP00000028819	ENSDARG00000022048	tlr4bb	ENSEEEP00000030853	ENSEEEG00000014761	tlr4al
ENSDARP00000043865	ENSDARG00000004576	plk4	ENSEEEP00000012632	ENSEEEG00000006341	PLK4
ENSDARP00000119156	ENSDARG00000075612	ercc6	ENSEEEP00000002957	ENSEEEG00000001686	ERCC6
ENSDARP00000121190	ENSDARG00000092170	apoc1	ENSEEEP00000013031	ENSEEEG00000006564	apoc1
ENSDARP00000056711	ENSDARG00000038834	etfdh	ENSEEEP00000032537	ENSEEEG00000015499	ETFDH
ENSDARP00000085122	ENSDARG00000062585	brat1	ENSEEEP00000024454	ENSEEEG00000011860	BRAT1
ENSDARP00000111416	ENSDARG00000044282	smc5	ENSEEEP00000023984	ENSEEEG00000011620	SMC5
ENSDARP00000128691	ENSDARG00000038465	stmn3	ENSEEEP00000017836	ENSEEEG00000008795	STMN3
ENSDARP00000116763	ENSDARG00000028379	trub2	ENSEEEP00000018036	ENSEEEG00000008881	TRUB2
ENSDARP00000121677	ENSDARG00000020509	srd5a1	ENSEEEP00000039022	ENSEEEG00000018461	SRD5A1
ENSDARP00000060824	ENSDARG00000041492	si:ch211-196f5.2	ENSEEEP00000033373	ENSEEEG00000015860	si:ch211-196f5.2
ENSDARP00000009441	ENSDARG00000013802	pcid2	ENSEEEP00000024951	ENSEEEG00000012089	PCID2
ENSDARP00000115567	ENSDARG00000036773	s100s	ENSEEEP00000012970	ENSEEEG00000006520	s100s
ENSDARP00000048437	ENSDARG00000034988	asb4	ENSEEEP00000046591	ENSEEEG00000021941	ASB4
ENSDARP00000125073	ENSDARG00000061621	them4	ENSEEEP00000041566	ENSEEEG00000019660	THEM4
ENSDARP00000064211	ENSDARG00000043728	srek1ip1	ENSEEEP00000023096	ENSEEEG00000011206	SREK1IP1
ENSDARP00000126907	ENSDARG00000089549	baalcb	ENSEEEP00000051001	ENSEEEG00000023951	baalcb
ENSDARP00000109375	ENSDARG00000012403	ercc6l2	ENSEEEP00000016819	ENSEEEG00000008335	ercc6l2
ENSDARP00000131263	ENSDARG00000104197	ptpn22	ENSEEEP00000041988	ENSEEEG00000019842	ptpn12
ENSDARP00000145129	ENSDARG00000010732	xrcc4	ENSEEEP00000045135	ENSEEEG00000021308	XRCC4
ENSDARP00000064209	ENSDARG00000043727	cwc27	ENSEEEP00000023100	ENSEEEG00000011208	CWC27
ENSDARP00000129625	ENSDARG00000095819	amer3	ENSEEEP00000033280	ENSEEEG00000015817	si:dkey-231j24.3
ENSDARP00000123104	ENSDARG00000074170	fbxo4	ENSEEEP00000043427	ENSEEEG00000020525	FBXO4
ENSDARP00000129692	ENSDARG00000070922	cnbpb	ENSEEEP00000055733	ENSEEEG00000008175	cnbpb
ENSDARP00000087478	ENSDARG00000063588	uba5	ENSEEEP00000056880	ENSEEEG00000015901	UBA5
ENSDARP00000013509	ENSDARG00000013005	opcml	ENSEEEP00000027080	ENSEEEG00000013075	OPCML
ENSDARP00000043801	ENSDARG00000034825	uspl1	ENSEEEP00000004768	ENSEEEG00000002497	USPL1
ENSDARP00000072786	ENSDARG00000055917	nipa1	ENSEEEP00000037880	ENSEEEG00000018006	NIPA2
ENSDARP00000108376	ENSDARG00000076800	tnfrsf18	ENSEEEP00000004201	ENSEEEG00000002220	tnfrsf18
ENSDARP00000084502	ENSDARG00000062355	axdnd1	ENSEEEP00000035640	ENSEEEG00000016970	AXDND1
ENSDARP00000124976	ENSDARG00000073866	tdp1	ENSEEEP00000011766	ENSEEEG00000005727	TDP1
ENSDARP00000118932	ENSDARG00000035914	tmem167a	ENSEEEP00000045121	ENSEEEG00000021306	TMEM167A
ENSDARP00000127157	ENSDARG00000056050	kctd17	ENSEEEP00000023245	ENSEEEG00000011272	KCTD17
ENSDARP00000132258	ENSDARG00000004714	tcf12	ENSEEEP00000037506	ENSEEEG00000017827	TCF12
ENSDARP00000010071	ENSDARG00000009745	fbxw2	ENSEEEP00000039134	ENSEEEG00000018589	FBXW2
ENSDARP00000070897	ENSDARG00000054253	sobpa	ENSEEEP00000049232	ENSEEEG00000023135	sobpa
ENSDARP00000005238	ENSDARG00000009681	med27	ENSEEEP00000044497	ENSEEEG00000021021	MED27
ENSDARP00000141954	ENSDARG00000100583	hid1b	ENSEEEP00000048487	ENSEEEG00000022805	HID1
ENSDARP00000028787	ENSDARG00000022939	ino80e	ENSEEEP00000053763	ENSEEEG00000025927	ino80e
ENSDARP00000124148	ENSDARG00000095821	si:dkey-122a22.2	ENSEEEP00000008386	ENSEEEG00000004377	si:dkey-122a22.2
ENSDARP00000112600	ENSDARG00000033957	trmt44	ENSEEEP00000039059	ENSEEEG00000018540	TRMT44
ENSDARP00000095090	ENSDARG00000070830	zgc:136858	ENSEEEP00000046326	ENSEEEG00000021808	zgc:136858
ENSDARP00000101039	ENSDARG00000079847	epn1b	ENSEEEP00000017135	ENSEEEG00000008485	zgc:194578
ENSDARP00000101881	ENSDARG00000074836	setmar	ENSEEEP00000020205	ENSEEEG00000009866	setmar
ENSDARP00000059419	ENSDARG00000055955	lcp2a	ENSEEEP00000014935	ENSEEEG00000007439	lcp2a
ENSDARP00000010454	ENSDARG00000074248	tmem237b	ENSEEEP00000018694	ENSEEEG00000009196	tmem237b
ENSDARP00000129699	ENSDARG00000027867	paplna	ENSEEEP00000017136	ENSEEEG00000008486	paplna
ENSDARP00000116695	ENSDARG00000035571	abhd17b	ENSEEEP00000064085	ENSEEEG00000027466	ABHD17B
ENSDARP00000079687	ENSDARG00000054251	slc66a3	ENSEEEP00000049227	ENSEEEG00000023133	SLC66A3
ENSDARP00000131114	ENSDARG00000098679	nup85	ENSEEEP00000001447	ENSEEEG00000000945	NUP85
ENSDARP00000104905	ENSDARG00000090108	dbndd1	ENSEEEP00000039657	ENSEEEG00000018815	si:ch1073-174d20.1
ENSDARP00000020361	ENSDARG00000005643	gcat	ENSEEEP00000016321	ENSEEEG00000008048	GCAT
ENSDARP00000038309	ENSDARG00000005574	vsx2	ENSEEEP00000035930	ENSEEEG00000017086	VSX2
ENSDARP00000042254	ENSDARG00000031343	rab6bb	ENSEEEP00000030114	ENSEEEG00000020809	rab6bb
ENSDARP00000098356	ENSDARG00000078754	gra	ENSEEEP00000056083	ENSEEEG00000025027	
ENSDARP00000051620	ENSDARG00000035608	pgam5	ENSEEEP00000019515	ENSEEEG00000009571	PGAM5
ENSDARP00000014272	ENSDARG00000020798	necap1	ENSEEEP00000017133	ENSEEEG00000008482	NECAP1
ENSDARP00000001291	ENSDARG00000024032	coch	ENSEEEP00000003532	ENSEEEG00000001946	COCH
ENSDARP00000128983	ENSDARG00000008377	epn2	ENSEEEP00000010966	ENSEEEG00000005562	EPN2
ENSDARP00000076422	ENSDARG00000059001	pim2	ENSEEEP00000031290	ENSEEEG00000014982	PIM2
ENSDARP00000064462	ENSDARG00000043898	timm10b	ENSEEEP00000025625	ENSEEEG00000012433	timm10b
ENSDARP00000088110	ENSDARG00000067606	rsph4a	ENSEEEP00000009263	ENSEEEG00000004754	RSPH4A
ENSDARP00000124218	ENSDARG00000010130	smpdl3b	ENSEEEP00000044229	ENSEEEG00000020896	SMPDL3B
ENSDARP00000118542	ENSDARG00000069282	bbc3	ENSEEEP00000054019	ENSEEEG00000028366	BBC3
ENSDARP00000008075	ENSDARG00000020237	mc1r	ENSEEEP00000035867	ENSEEEG00000017060	MC1R
ENSDARP00000100661	ENSDARG00000077850	lgals3a	ENSEEEP00000013996	ENSEEEG00000006961	lgals3a
ENSDARP00000066444	ENSDARG00000057417	nudt13	ENSEEEP00000058057	ENSEEEG00000017975	NUDT13
ENSDARP00000015972	ENSDARG00000009553	gng3	ENSEEEP00000006931	ENSEEEG00000003654	GNG3
ENSDARP00000117585	ENSDARG00000036772	pygo2	ENSEEEP00000012971	ENSEEEG00000006522	PYGO2
ENSDARP00000124312	ENSDARG00000087536	znf407	ENSEEEP00000057126	ENSEEEG00000027553	ZNF407
ENSDARP00000125663	ENSDARG00000028389	rab44	ENSEEEP00000061074	ENSEEEG00000026082	MIA3
ENSDARP00000108995	ENSDARG00000089564	mdfi	ENSEEEP00000060461	ENSEEEG00000025322	MDFI
ENSDARP00000068054	ENSDARG00000051857	tes	ENSEEEP00000015787	ENSEEEG00000007809	TES
ENSDARP00000085041	ENSDARG00000062558	rspry1	ENSEEEP00000047569	ENSEEEG00000022391	RSPRY1
ENSDARP00000113792	ENSDARG00000075624	bend5	ENSEEEP00000055848	ENSEEEG00000025293	
ENSDARP00000133021	ENSDARG00000103834	rbm14b	ENSEEEP00000028529	ENSEEEG00000013703	rbm14b
ENSDARP00000014732	ENSDARG00000005891	cyb5r3	ENSEEEP00000036521	ENSEEEG00000017318	cyb5r3
ENSDARP00000115490	ENSDARG00000043814	st6galnac1.1	ENSEEEP00000042194	ENSEEEG00000019932	st6galnac1.1
ENSDARP00000120825	ENSDARG00000004627	panx3	ENSEEEP00000027071	ENSEEEG00000013071	PANX3
ENSDARP00000008913	ENSDARG00000005565	entpd8	ENSEEEP00000018026	ENSEEEG00000008878	ENTPD8
ENSDARP00000156382	ENSDARG00000052606	dpp9	ENSEEEP00000007354	ENSEEEG00000003283	DPP9
ENSDARP00000095064	ENSDARG00000043835	rab3ab	ENSEEEP00000046432	ENSEEEG00000021851	rab3ab
ENSDARP00000132751	ENSDARG00000068208	def8	ENSEEEP00000053826	ENSEEEG00000017065	DEF8
ENSDARP00000064514	ENSDARG00000043938	lrrc57	ENSEEEP00000027748	ENSEEEG00000013359	LRRC57
ENSDARP00000077501	ENSDARG00000059629	asphd2	ENSEEEP00000050776	ENSEEEG00000023855	ASPHD2
ENSDARP00000056961	ENSDARG00000039020	fbxo5	ENSEEEP00000046039	ENSEEEG00000021689	FBXO5
ENSDARP00000140493	ENSDARG00000099315	nsdhl	ENSEEEP00000017590	ENSEEEG00000008690	NSDHL
ENSDARP00000107215	ENSDARG00000087225	si:ch73-361p23.3	ENSEEEP00000061511	ENSEEEG00000028545	tnfrsf9a
ENSDARP00000104545	ENSDARG00000091656	lsm8	ENSEEEP00000008362	ENSEEEG00000004363	LSM8
ENSDARP00000012097	ENSDARG00000019144	rab4a	ENSEEEP00000005229	ENSEEEG00000002685	RAB4A
ENSDARP00000047569	ENSDARG00000033436	mboat7	ENSEEEP00000051092	ENSEEEG00000023992	MBOAT7
ENSDARP00000114949	ENSDARG00000090577	rassf11	ENSEEEP00000055214	ENSEEEG00000028218	rassf8a
ENSDARP00000122480	ENSDARG00000074384	slc12a8	ENSEEEP00000023144	ENSEEEG00000011224	SLC12A8
ENSDARP00000059353	ENSDARG00000040559	rad1	ENSEEEP00000052483	ENSEEEG00000024582	RAD1
ENSDARP00000124002	ENSDARG00000087195	rorc	ENSEEEP00000041563	ENSEEEG00000019651	RORC
ENSDARP00000117043	ENSDARG00000089919	si:ch211-161h7.8	ENSEEEP00000044375	ENSEEEG00000020963	si:ch211-161h7.8
ENSDARP00000133228	ENSDARG00000098883	stac3	ENSEEEP00000029951	ENSEEEG00000014347	STAC3
ENSDARP00000013189	ENSDARG00000019223	arglu1a	ENSEEEP00000021413	ENSEEEG00000010436	arglu1a
ENSDARP00000146075	ENSDARG00000077656	arfgef3	ENSEEEP00000045305	ENSEEEG00000021384	ARFGEF3
ENSDARP00000068994	ENSDARG00000052615	tnmd	ENSEEEP00000046105	ENSEEEG00000021726	TNMD
ENSDARP00000116593	ENSDARG00000079434	tmem131l	ENSEEEP00000015476	ENSEEEG00000007674	NPHS1
ENSDARP00000006227	ENSDARG00000010673	trim16	ENSEEEP00000048512	ENSEEEG00000022829	
ENSDARP00000101061	ENSDARG00000078458	ppp1r37	ENSEEEP00000048550	ENSEEEG00000022835	PPP1R37
ENSDARP00000053925	ENSDARG00000037100	ankrd10a	ENSEEEP00000024605	ENSEEEG00000011931	ankrd10a
ENSDARP00000119695	ENSDARG00000042850	nphs2	ENSEEEP00000035636	ENSEEEG00000016969	NPHS2
ENSDARP00000061519	ENSDARG00000041974	brk1	ENSEEEP00000020203	ENSEEEG00000009864	BRK1
ENSDARP00000090904	ENSDARG00000069038	si:ch211-242e8.1	ENSEEEP00000020396	ENSEEEG00000009957	si:ch211-242e8.1
ENSDARP00000081585	ENSDARG00000010862	amt	ENSEEEP00000000845	ENSEEEG00000000290	amt
ENSDARP00000110025	ENSDARG00000019516	sp7	ENSEEEP00000017871	ENSEEEG00000008822	SP7
ENSDARP00000142787	ENSDARG00000077537	nudt19	ENSEEEP00000037248	ENSEEEG00000017706	NUDT19
ENSDARP00000074985	ENSDARG00000069912	hmga2	ENSEEEP00000037429	ENSEEEG00000017800	HMGA2
ENSDARP00000156744	ENSDARG00000010794	tfeb	ENSEEEP00000055047	ENSEEEG00000018574	TFEB
ENSDARP00000142435	ENSDARG00000105398	dnajc14	ENSEEEP00000049975	ENSEEEG00000023492	dnajc14
ENSDARP00000073471	ENSDARG00000056509	pdik1l	ENSEEEP00000052805	ENSEEEG00000025592	PDIK1L
ENSDARP00000151645	ENSDARG00000052390	tmed8	ENSEEEP00000053521	ENSEEEG00000027346	TMED8
ENSDARP00000129595	ENSDARG00000045408	tagln	ENSEEEP00000064161	ENSEEEG00000028478	TAGLN
ENSDARP00000041904	ENSDARG00000029039	zdhhc23a	ENSEEEP00000043052	ENSEEEG00000020322	zdhhc23a
ENSDARP00000067513	ENSDARG00000045930	rbpms2a	ENSEEEP00000056369	ENSEEEG00000026440	rbpms2a
ENSDARP00000083959	ENSDARG00000062147	otc	ENSEEEP00000038275	ENSEEEG00000018174	OTC
ENSDARP00000073621	ENSDARG00000056648	ext2	ENSEEEP00000042010	ENSEEEG00000019846	EXT2
ENSDARP00000102293	ENSDARG00000074435	ttc19	ENSEEEP00000031050	ENSEEEG00000014865	TTC19
ENSDARP00000120079	ENSDARG00000034700	vegfab	ENSEEEP00000051329	ENSEEEG00000024087	vegfab
ENSDARP00000056521	ENSDARG00000023933	skila	ENSEEEP00000034206	ENSEEEG00000016292	skila
ENSDARP00000134575	ENSDARG00000098348	znf326	ENSEEEP00000025867	ENSEEEG00000012535	PHF13
ENSDARP00000102992	ENSDARG00000078247	vip	ENSEEEP00000046056	ENSEEEG00000021696	VIP
ENSDARP00000064887	ENSDARG00000044194	tcta	ENSEEEP00000004204	ENSEEEG00000002221	TCTA
ENSDARP00000136419	ENSDARG00000055229	ncs1a	ENSEEEP00000033947	ENSEEEG00000016162	ncs1a
ENSDARP00000112831	ENSDARG00000036056	vrk3	ENSEEEP00000034935	ENSEEEG00000016618	VRK3
ENSDARP00000109432	ENSDARG00000086075	ttc3	ENSEEEP00000025946	ENSEEEG00000012572	TTC3
ENSDARP00000092037	ENSDARG00000069527	ube2g1b	ENSEEEP00000007180	ENSEEEG00000003787	ube2g1b
ENSDARP00000038743	ENSDARG00000021141	plekhf2	ENSEEEP00000049044	ENSEEEG00000023044	PLEKHF2
ENSDARP00000005702	ENSDARG00000020467	safb	ENSEEEP00000032971	ENSEEEG00000015699	SAFB
ENSDARP00000062108	ENSDARG00000027538	noxred1	ENSEEEP00000062354	ENSEEEG00000016862	NOXRED1
ENSDARP00000056137	ENSDARG00000038467	igsf8	ENSEEEP00000017872	ENSEEEG00000008823	IGSF8
ENSDARP00000107670	ENSDARG00000020759	elf1	ENSEEEP00000046098	ENSEEEG00000021724	ELF1
ENSDARP00000019118	ENSDARG00000003845	chm	ENSEEEP00000000408	ENSEEEG00000000265	CHM
ENSDARP00000072803	ENSDARG00000055926	foxi3a	ENSEEEP00000014934	ENSEEEG00000007438	foxi3a
ENSDARP00000129275	ENSDARG00000002795	meis3	ENSEEEP00000033093	ENSEEEG00000015746	MEIS3
ENSDARP00000126304	ENSDARG00000060915	fbxl16	ENSEEEP00000042891	ENSEEEG00000020236	FBXL16
ENSDARP00000136622	ENSDARG00000094018	rnf214	ENSEEEP00000037337	ENSEEEG00000017749	rnf214
ENSDARP00000122061	ENSDARG00000001447	mier1b	ENSEEEP00000004811	ENSEEEG00000002510	mier1b
ENSDARP00000142732	ENSDARG00000056722	cd99l2	ENSEEEP00000063341	ENSEEEG00000027715	CD99L2
ENSDARP00000122053	ENSDARG00000077515	letm2	ENSEEEP00000028053	ENSEEEG00000013500	LETM2
ENSDARP00000142925	ENSDARG00000105570	crestin	ENSEEEP00000061498	ENSEEEG00000029089	
ENSDARP00000156982	ENSDARG00000041493	ipo4	ENSEEEP00000033302	ENSEEEG00000015671	IPO4
ENSDARP00000091424	ENSDARG00000069262	erich3	ENSEEEP00000027788	ENSEEEG00000013383	cdyl
ENSDARP00000010183	ENSDARG00000005108	oclna	ENSEEEP00000044842	ENSEEEG00000021163	oclna
ENSDARP00000054407	ENSDARG00000037390	gsg1l	ENSEEEP00000042888	ENSEEEG00000020235	gsg1l
ENSDARP00000145285	ENSDARG00000078784	mgaa	ENSEEEP00000008244	ENSEEEG00000004309	E2F8
ENSDARP00000139414	ENSDARG00000102178	emilin2b	ENSEEEP00000002342	ENSEEEG00000001391	emilin2b
ENSDARP00000070200	ENSDARG00000053652	ndufaf6	ENSEEEP00000049041	ENSEEEG00000023043	NDUFAF6
ENSDARP00000090522	ENSDARG00000076137	cldn26	ENSEEEP00000017637	ENSEEEG00000008707	si:dkey-98f17.3
ENSDARP00000060310	ENSDARG00000041145	paqr5a	ENSEEEP00000022736	ENSEEEG00000011027	paqr5a
ENSDARP00000011344	ENSDARG00000016443	eif3c	ENSEEEP00000039874	ENSEEEG00000018909	eif3c
ENSDARP00000068216	ENSDARG00000052000	cav2	ENSEEEP00000055945	ENSEEEG00000028462	CAV2
ENSDARP00000131210	ENSDARG00000102592	tradv17.0	ENSEEEP00000005946	ENSEEEG00000003163	tradv17.0
ENSDARP00000018598	ENSDARG00000021398	mul2	ENSEEEP00000057856	ENSEEEG00000007240	mul1a
ENSDARP00000127861	ENSDARG00000094836	si:ch211-195b15.8	ENSEEEP00000033564	ENSEEEG00000015970	si:ch211-195b15.8
ENSDARP00000091811	ENSDARG00000069422	nhp2	ENSEEEP00000014933	ENSEEEG00000007437	NHP2
ENSDARP00000105688	ENSDARG00000037017	ube4b	ENSEEEP00000048301	ENSEEEG00000022728	UBE4B
ENSDARP00000131910	ENSDARG00000104315	fhl3b	ENSEEEP00000045034	ENSEEEG00000021257	fhl3b
ENSDARP00000075363	ENSDARG00000058105	rpl36a	ENSEEEP00000014584	ENSEEEG00000007249	rpl36a
ENSDARP00000081546	ENSDARG00000061228	pfdn4	ENSEEEP00000050547	ENSEEEG00000023766	PFDN4
ENSDARP00000072990	ENSDARG00000045515	kin	ENSEEEP00000032219	ENSEEEG00000015366	KIN
ENSDARP00000028062	ENSDARG00000018107	rab3da	ENSEEEP00000016688	ENSEEEG00000008272	rab3da
ENSDARP00000118304	ENSDARG00000079625	atr	ENSEEEP00000033278	ENSEEEG00000015815	ATR
ENSDARP00000060156	ENSDARG00000041060	lgals9l3	ENSEEEP00000024768	ENSEEEG00000011996	lgals9l3
ENSDARP00000124654	ENSDARG00000060120	glyctk	ENSEEEP00000064252	ENSEEEG00000025609	GLYCTK
ENSDARP00000005582	ENSDARG00000015325	u2af1	ENSEEEP00000018437	ENSEEEG00000009049	u2af1
ENSDARP00000095950	ENSDARG00000071233	p4htma	ENSEEEP00000052449	ENSEEEG00000024564	P4HTM
ENSDARP00000093315	ENSDARG00000036584	st8sia5	ENSEEEP00000020877	ENSEEEG00000025134	ST8SIA5
ENSDARP00000151602	ENSDARG00000071450	tdrd5	ENSEEEP00000035634	ENSEEEG00000016967	tdrd5
ENSDARP00000010432	ENSDARG00000020164	efnb2a	ENSEEEP00000056066	ENSEEEG00000010437	efnb2a
ENSDARP00000122934	ENSDARG00000079043	eslec	ENSEEEP00000025022	ENSEEEG00000012140	eslec
ENSDARP00000010658	ENSDARG00000008706	paip2b	ENSEEEP00000005206	ENSEEEG00000026134	PAIP2B
ENSDARP00000140434	ENSDARG00000104223	lmbrd1	ENSEEEP00000051318	ENSEEEG00000024058	LMBRD1
ENSDARP00000008022	ENSDARG00000011885	mrpl19	ENSEEEP00000064567	ENSEEEG00000025782	MRPL19
ENSDARP00000095266	ENSDARG00000070913	sox2	ENSEEEP00000028998	ENSEEEG00000013908	SOX2
ENSDARP00000118997	ENSDARG00000056665	nsun2	ENSEEEP00000038890	ENSEEEG00000018419	NSUN2
ENSDARP00000115004	ENSDARG00000074628	si:dkey-10o6.2	ENSEEEP00000022108	ENSEEEG00000010743	si:dkey-10o6.2
ENSDARP00000110552	ENSDARG00000087226	kbtbd2	ENSEEEP00000026714	ENSEEEG00000012899	KBTBD2
ENSDARP00000121276	ENSDARG00000057590	si:ch1073-396h14.1	ENSEEEP00000032984	ENSEEEG00000015705	si:ch1073-396h14.1
ENSDARP00000126627	ENSDARG00000090142	si:dkey-94l16.4	ENSEEEP00000014635	ENSEEEG00000007272	
ENSDARP00000003433	ENSDARG00000002897	si:ch211-160o17.2	ENSEEEP00000063561	ENSEEEG00000028018	si:ch211-160o17.2
ENSDARP00000123244	ENSDARG00000055349	pknox2	ENSEEEP00000027065	ENSEEEG00000013067	PKNOX2
ENSDARP00000096234	ENSDARG00000026926	rom1b	ENSEEEP00000027881	ENSEEEG00000013424	rom1b
ENSDARP00000092355	ENSDARG00000069681	pcgf6	ENSEEEP00000047435	ENSEEEG00000022322	pcgf6
ENSDARP00000018714	ENSDARG00000007217	wdr55	ENSEEEP00000000300	ENSEEEG00000000218	WDR55
ENSDARP00000122576	ENSDARG00000057751	zbtb47a	ENSEEEP00000043919	ENSEEEG00000020753	zbtb47a
ENSDARP00000121810	ENSDARG00000042270	arsa	ENSEEEP00000014450	ENSEEEG00000007199	ARSA
ENSDARP00000111311	ENSDARG00000044766	mitd1	ENSEEEP00000007105	ENSEEEG00000003750	MITD1
ENSDARP00000132363	ENSDARG00000101892	si:ch73-54f23.2	ENSEEEP00000004327	ENSEEEG00000002280	ino80e
ENSDARP00000125904	ENSDARG00000044549	zgc:112416	ENSEEEP00000018659	ENSEEEG00000009174	
ENSDARP00000155105	ENSDARG00000054259	nat10	ENSEEEP00000022126	ENSEEEG00000010747	NAT10
ENSDARP00000120430	ENSDARG00000026236	zgc:56585	ENSEEEP00000012874	ENSEEEG00000006469	zgc:56585
ENSDARP00000091810	ENSDARG00000069421	grpel2	ENSEEEP00000014930	ENSEEEG00000007436	GRPEL2
ENSDARP00000003344	ENSDARG00000007186	ppp1r8a	ENSEEEP00000060175	ENSEEEG00000029022	ppp1r8a
ENSDARP00000106878	ENSDARG00000116990	taar12f	ENSEEEP00000060449	ENSEEEG00000028041	
ENSDARP00000040864	ENSDARG00000017910	pdss1	ENSEEEP00000007838	ENSEEEG00000004094	PDSS1
ENSDARP00000101926	ENSDARG00000077962	gltpb	ENSEEEP00000020473	ENSEEEG00000010000	gltpb
ENSDARP00000129379	ENSDARG00000090543	tmem138	ENSEEEP00000037750	ENSEEEG00000017946	TMEM138
ENSDARP00000104248	ENSDARG00000075161	defbl1	ENSEEEP00000005804	ENSEEEG00000003074	defbl1
ENSDARP00000115190	ENSDARG00000002731	sdc2	ENSEEEP00000015891	ENSEEEG00000007858	SDC2
ENSDARP00000143210	ENSDARG00000042810	or64d1	ENSEEEP00000054624	ENSEEEG00000026411	
ENSDARP00000008668	ENSDARG00000004774	wdr36	ENSEEEP00000031304	ENSEEEG00000014953	WDR36
ENSDARP00000112094	ENSDARG00000039400	polr1c	ENSEEEP00000047437	ENSEEEG00000022323	POLR1C
ENSDARP00000095107	ENSDARG00000070833	lin52	ENSEEEP00000035947	ENSEEEG00000017095	LIN52
ENSDARP00000119708	ENSDARG00000074662	cntf	ENSEEEP00000018517	ENSEEEG00000009098	CNTF
ENSDARP00000100216	ENSDARG00000076283	snrpd3l	ENSEEEP00000037933	ENSEEEG00000018023	snrpd3l
ENSDARP00000014157	ENSDARG00000011727	b9d1	ENSEEEP00000010963	ENSEEEG00000005553	B9D1
ENSDARP00000128127	ENSDARG00000076094	klhl30	ENSEEEP00000010610	ENSEEEG00000005378	KLHL30
ENSDARP00000118357	ENSDARG00000069329	drgx	ENSEEEP00000002962	ENSEEEG00000001687	DRGX
ENSDARP00000062829	ENSDARG00000105827	or62c1	ENSEEEP00000049854	ENSEEEG00000023432	
ENSDARP00000132646	ENSDARG00000058996	jam2a	ENSEEEP00000054891	ENSEEEG00000020378	jam2a
ENSDARP00000131473	ENSDARG00000099642	dcun1d1	ENSEEEP00000028706	ENSEEEG00000013769	DCUN1D1
ENSDARP00000106482	ENSDARG00000055389	sona	ENSEEEP00000054701	ENSEEEG00000028660	SRRM1
ENSDARP00000018877	ENSDARG00000019507	mcm5	ENSEEEP00000016262	ENSEEEG00000008042	MCM5
ENSDARP00000002547	ENSDARG00000009087	cd74a	ENSEEEP00000055587	ENSEEEG00000014768	cd74a
ENSDARP00000108054	ENSDARG00000008480	trmt61a	ENSEEEP00000009711	ENSEEEG00000004950	TRMT61A
ENSDARP00000154574	ENSDARG00000091584	si:ch73-217n20.1	ENSEEEP00000024973	ENSEEEG00000012109	si:ch73-217n20.1
ENSDARP00000142650	ENSDARG00000036036	mdka	ENSEEEP00000020498	ENSEEEG00000010009	mdka
ENSDARP00000074109	ENSDARG00000057060	tvp23b	ENSEEEP00000020719	ENSEEEG00000010106	tvp23b
ENSDARP00000132548	ENSDARG00000098825	farsa	ENSEEEP00000039443	ENSEEEG00000018724	FARSA
ENSDARP00000041053	ENSDARG00000031757	tmc4	ENSEEEP00000054127	ENSEEEG00000023993	tmc4
ENSDARP00000069326	ENSDARG00000041372	qng1	ENSEEEP00000003643	ENSEEEG00000001984	C9orf64
ENSDARP00000133518	ENSDARG00000070801	opa1	ENSEEEP00000014122	ENSEEEG00000005403	OPA1
ENSDARP00000132763	ENSDARG00000101669	elmod2	ENSEEEP00000055744	ENSEEEG00000016368	elmod2
ENSDARP00000014099	ENSDARG00000006553	rras	ENSEEEP00000033562	ENSEEEG00000015969	RRAS
ENSDARP00000117308	ENSDARG00000039354	ska1	ENSEEEP00000036067	ENSEEEG00000017155	SKA1
ENSDARP00000038892	ENSDARG00000028017	tp53inp1	ENSEEEP00000049037	ENSEEEG00000023040	TP53INP1
ENSDARP00000061300	ENSDARG00000041828	si:dkeyp-28d2.4	ENSEEEP00000048526	ENSEEEG00000022833	
ENSDARP00000023938	ENSDARG00000007323	chmp4bb	ENSEEEP00000003653	ENSEEEG00000001996	chmp4bb
ENSDARP00000092693	ENSDARG00000069823	proca1	ENSEEEP00000007126	ENSEEEG00000003759	
ENSDARP00000099148	ENSDARG00000078645	camkk2	ENSEEEP00000053840	ENSEEEG00000018022	si:ch73-62l21.1
ENSDARP00000092407	ENSDARG00000039406	prom2	ENSEEEP00000047522	ENSEEEG00000022367	PROM2
ENSDARP00000126242	ENSDARG00000096252	artna	ENSEEEP00000012463	ENSEEEG00000006260	artna
ENSDARP00000078381	ENSDARG00000059951	pld6	ENSEEEP00000016690	ENSEEEG00000008274	PLD6
ENSDARP00000114457	ENSDARG00000062244	setd2	ENSEEEP00000027597	ENSEEEG00000013290	SETD2
ENSDARP00000038400	ENSDARG00000028327	gmfb	ENSEEEP00000060640	ENSEEEG00000028152	GMFB
ENSDARP00000114872	ENSDARG00000094504	plekha1b	ENSEEEP00000057404	ENSEEEG00000021345	plekha1b
ENSDARP00000119170	ENSDARG00000008931	renbp	ENSEEEP00000004407	ENSEEEG00000002287	RENBP
ENSDARP00000119497	ENSDARG00000093367	si:ch1073-272j17.3	ENSEEEP00000026274	ENSEEEG00000012706	
ENSDARP00000108126	ENSDARG00000075149	nagpa	ENSEEEP00000049038	ENSEEEG00000023041	NAGPA
ENSDARP00000114968	ENSDARG00000056784	aire	ENSEEEP00000044037	ENSEEEG00000020805	AIRE
ENSDARP00000012786	ENSDARG00000018441	heg1	ENSEEEP00000023150	ENSEEEG00000011225	HEG1
ENSDARP00000082874	ENSDARG00000061747	dipk2b	ENSEEEP00000064615	ENSEEEG00000027905	DIPK2B
ENSDARP00000025996	ENSDARG00000020448	adi1	ENSEEEP00000017255	ENSEEEG00000008533	ADI1
ENSDARP00000122091	ENSDARG00000052923	zgc:113162	ENSEEEP00000055428	ENSEEEG00000029103	zgc:113162
ENSDARP00000142149	ENSDARG00000098164	aipl2	ENSEEEP00000045927	ENSEEEG00000021624	aipl2
ENSDARP00000116702	ENSDARG00000058990	slc35a2	ENSEEEP00000060453	ENSEEEG00000028299	SLC35A2
ENSDARP00000123443	ENSDARG00000090592	taar10b	ENSEEEP00000063025	ENSEEEG00000028994	TAAR1
ENSDARP00000084036	ENSDARG00000036295	golga7ba	ENSEEEP00000012835	ENSEEEG00000006428	golga7ba
ENSDARP00000120613	ENSDARG00000046090	dhrs11a	ENSEEEP00000050505	ENSEEEG00000023747	dhrs11a
ENSDARP00000141058	ENSDARG00000098529	ccne2	ENSEEEP00000049036	ENSEEEG00000023039	CCNE2
ENSDARP00000108885	ENSDARG00000019572	taf7	ENSEEEP00000046074	ENSEEEG00000021664	TAF7
ENSDARP00000007824	ENSDARG00000020311	cnih1	ENSEEEP00000014000	ENSEEEG00000006963	CNIH1
ENSDARP00000141857	ENSDARG00000103747	cav1	ENSEEEP00000064632	ENSEEEG00000027897	CAV1
ENSDARP00000122371	ENSDARG00000068232	cbln12	ENSEEEP00000040391	ENSEEEG00000019127	cbln12
ENSDARP00000127878	ENSDARG00000097093	cnp4l	ENSEEEP00000004809	ENSEEEG00000002509	NPPC
ENSDARP00000076258	ENSDARG00000058865	endog	ENSEEEP00000044504	ENSEEEG00000021025	ENDOG
ENSDARP00000149215	ENSDARG00000103746	mapkbp1	ENSEEEP00000008231	ENSEEEG00000004301	
ENSDARP00000047623	ENSDARG00000034600	tmem165	ENSEEEP00000057238	ENSEEEG00000026469	TMEM165
ENSDARP00000109895	ENSDARG00000078707	sema7a	ENSEEEP00000003026	ENSEEEG00000001715	SEMA7A
ENSDARP00000076379	ENSDARG00000058964	themis2	ENSEEEP00000044218	ENSEEEG00000020891	THEMIS2
ENSDARP00000043665	ENSDARG00000034222	hs1bp3	ENSEEEP00000018932	ENSEEEG00000009284	HS1BP3
ENSDARP00000088108	ENSDARG00000067605	napaa	ENSEEEP00000009552	ENSEEEG00000004774	napaa
ENSDARP00000075407	ENSDARG00000058147	dnajc5b	ENSEEEP00000021676	ENSEEEG00000010541	DNAJC5B
ENSDARP00000057468	ENSDARG00000010154	vstm4a	ENSEEEP00000002967	ENSEEEG00000001690	vstm4a
ENSDARP00000135516	ENSDARG00000104188	fam83fb	ENSEEEP00000008307	ENSEEEG00000004339	fam83fb
ENSDARP00000021737	ENSDARG00000006782	rb1	ENSEEEP00000060286	ENSEEEG00000004262	RB1
ENSDARP00000094784	ENSDARG00000053896	slc30a1b	ENSEEEP00000006029	ENSEEEG00000003208	slc30a1b
ENSDARP00000094017	ENSDARG00000070394	uroc1	ENSEEEP00000063540	ENSEEEG00000010375	UROC1
ENSDARP00000043171	ENSDARG00000078785	tmem258	ENSEEEP00000037760	ENSEEEG00000017951	TMEM258
ENSDARP00000122154	ENSDARG00000045658	msrb3	ENSEEEP00000037437	ENSEEEG00000017802	MSRB3
ENSDARP00000127663	ENSDARG00000089131	il17rel	ENSEEEP00000045561	ENSEEEG00000021496	il17rel
ENSDARP00000062550	ENSDARG00000042641	cyp51	ENSEEEP00000035082	ENSEEEG00000016683	cyp51
ENSDARP00000138100	ENSDARG00000102636	trmt9b	ENSEEEP00000027385	ENSEEEG00000013210	trmt9b
ENSDARP00000082703	ENSDARG00000061692	yjefn3	ENSEEEP00000062638	ENSEEEG00000022466	NAXE
ENSDARP00000104600	ENSDARG00000078676	myrf	ENSEEEP00000029501	ENSEEEG00000014130	MYRF
ENSDARP00000141151	ENSDARG00000094214	zbed4l2	ENSEEEP00000009554	ENSEEEG00000004886	si:dkeyp-117b8.4
ENSDARP00000056800	ENSDARG00000038909	msl2a	ENSEEEP00000009585	ENSEEEG00000004893	msl2a
ENSDARP00000128588	ENSDARG00000091222	si:dkey-190l8.2	ENSEEEP00000035224	ENSEEEG00000016759	CNR2
ENSDARP00000128200	ENSDARG00000069441	lpar6b	ENSEEEP00000008476	ENSEEEG00000004422	lpar6b
ENSDARP00000140806	ENSDARG00000098209	simc1	ENSEEEP00000061735	ENSEEEG00000000822	si:ch211-199b20.3
ENSDARP00000074434	ENSDARG00000010244	rpl22l1	ENSEEEP00000046851	ENSEEEG00000022057	rpl22l1
ENSDARP00000141690	ENSDARG00000104018	mtpn	ENSEEEP00000003416	ENSEEEG00000001906	MTPN
ENSDARP00000003084	ENSDARG00000019250	fancf	ENSEEEP00000003299	ENSEEEG00000001857	FANCF
ENSDARP00000022291	ENSDARG00000014626	dlx3b	ENSEEEP00000038797	ENSEEEG00000018403	dlx3b
ENSDARP00000097436	ENSDARG00000071872	zdhhc15b	ENSEEEP00000018876	ENSEEEG00000009256	zdhhc15b
ENSDARP00000046359	ENSDARG00000019709	rhoua	ENSEEEP00000005143	ENSEEEG00000002681	rhoua
ENSDARP00000069631	ENSDARG00000053155	alg3	ENSEEEP00000061378	ENSEEEG00000007242	ALG3
ENSDARP00000025170	ENSDARG00000006044	usta	ENSEEEP00000057798	ENSEEEG00000011584	usta
ENSDARP00000094804	ENSDARG00000070681	c1qtnf12	ENSEEEP00000041248	ENSEEEG00000019524	C1QTNF12
ENSDARP00000128928	ENSDARG00000074393	sh3yl1	ENSEEEP00000033451	ENSEEEG00000015903	SH3YL1
ENSDARP00000122434	ENSDARG00000027129	tmem218	ENSEEEP00000018252	ENSEEEG00000008968	TMEM218
ENSDARP00000063577	ENSDARG00000043307	srd5a3	ENSEEEP00000040653	ENSEEEG00000019266	srd5a3
ENSDARP00000099280	ENSDARG00000076609	si:ch211-199g17.9	ENSEEEP00000016376	ENSEEEG00000008110	si:ch211-199g17.9
ENSDARP00000007237	ENSDARG00000018623	rad54l	ENSEEEP00000012481	ENSEEEG00000006263	RAD54L
ENSDARP00000120005	ENSDARG00000069122	si:ch211-216l23.2	ENSEEEP00000047550	ENSEEEG00000022384	si:ch211-216l23.2
ENSDARP00000120376	ENSDARG00000088891	slc23a3	ENSEEEP00000038783	ENSEEEG00000018397	SLC23A3
ENSDARP00000123248	ENSDARG00000020455	si:ch211-171h4.3	ENSEEEP00000049325	ENSEEEG00000023186	si:ch211-171h4.3
ENSDARP00000003525	ENSDARG00000017193	cnn1a	ENSEEEP00000016718	ENSEEEG00000008276	cnn1b
ENSDARP00000109291	ENSDARG00000040553	tmem97	ENSEEEP00000052488	ENSEEEG00000024584	TMEM97
ENSDARP00000016277	ENSDARG00000018106	eif2b3	ENSEEEP00000022382	ENSEEEG00000010870	EIF2B3
ENSDARP00000013575	ENSDARG00000004724	tcea3	ENSEEEP00000013540	ENSEEEG00000006769	TCEA3
ENSDARP00000155550	ENSDARG00000000568	ell	ENSEEEP00000058294	ENSEEEG00000012323	ELL
ENSDARP00000133743	ENSDARG00000070161	vamp3	ENSEEEP00000030112	ENSEEEG00000014435	VAMP3
ENSDARP00000127610	ENSDARG00000090969	cbln18	ENSEEEP00000050402	ENSEEEG00000023702	cbln18
ENSDARP00000037794	ENSDARG00000024465	mrps18a	ENSEEEP00000051328	ENSEEEG00000024083	MRPS18A
ENSDARP00000137371	ENSDARG00000098437	si:ch211-9d9.8	ENSEEEP00000063452	ENSEEEG00000027310	
ENSDARP00000121802	ENSDARG00000040556	ift20	ENSEEEP00000052486	ENSEEEG00000024583	IFT20
ENSDARP00000070099	ENSDARG00000053569	sox3	ENSEEEP00000026074	ENSEEEG00000012627	SOX3
ENSDARP00000153106	ENSDARG00000093022	selenoh	ENSEEEP00000006174	ENSEEEG00000003293	SELENOH
ENSDARP00000064232	ENSDARG00000043740	efcab11	ENSEEEP00000011286	ENSEEEG00000005721	EFCAB11
ENSDARP00000137083	ENSDARG00000055538	avl9	ENSEEEP00000026677	ENSEEEG00000012810	AVL9
ENSDARP00000139372	ENSDARG00000069114	unc93b1	ENSEEEP00000007382	ENSEEEG00000003871	UNC93B1
ENSDARP00000086779	ENSDARG00000063292	ssuh2rs1	ENSEEEP00000005857	ENSEEEG00000003111	ssuh2rs1
ENSDARP00000065237	ENSDARG00000017425	crocc2	ENSEEEP00000055667	ENSEEEG00000028929	CROCC2
ENSDARP00000103658	ENSDARG00000073786	cmbl	ENSEEEP00000002443	ENSEEEG00000001430	CMBL
ENSDARP00000002813	ENSDARG00000057143	nradd	ENSEEEP00000027599	ENSEEEG00000013294	nradd
ENSDARP00000137582	ENSDARG00000103114	ndufa4l2a	ENSEEEP00000029954	ENSEEEG00000014349	ndufa4l2a
ENSDARP00000055674	ENSDARG00000038185	gh1	ENSEEEP00000022735	ENSEEEG00000011022	gh1
ENSDARP00000090527	ENSDARG00000074703	ccdc97	ENSEEEP00000010847	ENSEEEG00000005491	CCDC97
ENSDARP00000098972	ENSDARG00000096073	col19a1	ENSEEEP00000051326	ENSEEEG00000024081	
ENSDARP00000117092	ENSDARG00000035607	ankle2	ENSEEEP00000019762	ENSEEEG00000009577	ANKLE2
ENSDARP00000048035	ENSDARG00000029112	gem	ENSEEEP00000042777	ENSEEEG00000020184	GEM
ENSDARP00000066759	ENSDARG00000045399	cct5	ENSEEEP00000064626	ENSEEEG00000001432	CCT5
ENSDARP00000122149	ENSDARG00000020427	nceh1a	ENSEEEP00000009677	ENSEEEG00000004896	nceh1a
ENSDARP00000115164	ENSDARG00000059028	srrd	ENSEEEP00000023283	ENSEEEG00000011288	SRRD
ENSDARP00000091094	ENSDARG00000069116	timm10	ENSEEEP00000059117	ENSEEEG00000026248	TIMM10
ENSDARP00000114222	ENSDARG00000061948	amotl2b	ENSEEEP00000044031	ENSEEEG00000020801	amotl2b
ENSDARP00000083130	ENSDARG00000061852	olfml3a	ENSEEEP00000041246	ENSEEEG00000019522	olfml3a
ENSDARP00000100891	ENSDARG00000073773	tti2	ENSEEEP00000024515	ENSEEEG00000011886	TTI2
ENSDARP00000130182	ENSDARG00000061940	htr4	ENSEEEP00000029782	ENSEEEG00000014266	HTR4
ENSDARP00000133858	ENSDARG00000100633	zgc:114200	ENSEEEP00000043024	ENSEEEG00000020311	zgc:114200
ENSDARP00000115242	ENSDARG00000095268	cd34	ENSEEEP00000004529	ENSEEEG00000002362	si:dkey-261h17.1
ENSDARP00000017163	ENSDARG00000007892	pdcd2	ENSEEEP00000005136	ENSEEEG00000002677	PDCD2
ENSDARP00000131853	ENSDARG00000102956	mmp17b	ENSEEEP00000058952	ENSEEEG00000027438	mmp17b
ENSDARP00000121390	ENSDARG00000000779	scfd1	ENSEEEP00000057444	ENSEEEG00000001975	SCFD1
ENSDARP00000003222	ENSDARG00000006040	cyp20a1	ENSEEEP00000018603	ENSEEEG00000009120	CYP20A1
ENSDARP00000092475	ENSDARG00000076169	pold3	ENSEEEP00000005809	ENSEEEG00000003079	pold3
ENSDARP00000090524	ENSDARG00000068870	fance	ENSEEEP00000014484	ENSEEEG00000007211	FANCE
ENSDARP00000065995	ENSDARG00000044899	tmem183a	ENSEEEP00000039100	ENSEEEG00000018570	TMEM183A
ENSDARP00000098580	ENSDARG00000003527	mak16	ENSEEEP00000024541	ENSEEEG00000011888	MAK16
ENSDARP00000052502	ENSDARG00000036158	nudcd1	ENSEEEP00000012404	ENSEEEG00000006233	NUDCD1
ENSDARP00000066106	ENSDARG00000044972	bcap31	ENSEEEP00000031295	ENSEEEG00000014986	BCAP31
ENSDARP00000053284	ENSDARG00000036684	ndufa7	ENSEEEP00000007563	ENSEEEG00000003951	ndufa7
ENSDARP00000010211	ENSDARG00000014994	tbp	ENSEEEP00000005112	ENSEEEG00000002646	TBP
ENSDARP00000096665	ENSDARG00000071560	dlx4b	ENSEEEP00000038798	ENSEEEG00000018404	dlx4b
ENSDARP00000106483	ENSDARG00000012496	si:ch211-213o11.11	ENSEEEP00000019900	ENSEEEG00000009731	GPR62
ENSDARP00000122707	ENSDARG00000076013	mab21l3	ENSEEEP00000055237	ENSEEEG00000021697	
ENSDARP00000054077	ENSDARG00000037188	rpa2	ENSEEEP00000044225	ENSEEEG00000020892	RPA2
ENSDARP00000155065	ENSDARG00000045398	mtrr	ENSEEEP00000002465	ENSEEEG00000001441	MTRR
ENSDARP00000104766	ENSDARG00000090812	taar14g	ENSEEEP00000024886	ENSEEEG00000012067	
ENSDARP00000136487	ENSDARG00000103907	sgo1	ENSEEEP00000025599	ENSEEEG00000012420	SGO1
ENSDARP00000133600	ENSDARG00000045929	oaz2a	ENSEEEP00000037786	ENSEEEG00000017961	oaz2a
ENSDARP00000003749	ENSDARG00000019503	zgc:103759	ENSEEEP00000061144	ENSEEEG00000024755	zgc:103759
ENSDARP00000122687	ENSDARG00000057105	nle1	ENSEEEP00000006444	ENSEEEG00000003406	NLE1
ENSDARP00000023098	ENSDARG00000015918	dlat	ENSEEEP00000008826	ENSEEEG00000004425	DLAT
ENSDARP00000071887	ENSDARG00000055115	dtnbp1a	ENSEEEP00000033716	ENSEEEG00000016057	dtnbp1a
ENSDARP00000155678	ENSDARG00000008439	atxn10	ENSEEEP00000002175	ENSEEEG00000001330	ATXN10
ENSDARP00000115135	ENSDARG00000069780	pus7l	ENSEEEP00000051450	ENSEEEG00000024155	PUS7L
ENSDARP00000074315	ENSDARG00000057263	zgc:173729	ENSEEEP00000043403	ENSEEEG00000020511	
ENSDARP00000141970	ENSDARG00000101890	pigr	ENSEEEP00000043681	ENSEEEG00000020648	PIGR
ENSDARP00000098697	ENSDARG00000076566	kank3	ENSEEEP00000007561	ENSEEEG00000003948	KANK3
ENSDARP00000103031	ENSDARG00000078546	cars2	ENSEEEP00000024651	ENSEEEG00000011938	CARS2
ENSDARP00000128147	ENSDARG00000097947	mespbb	ENSEEEP00000061932	ENSEEEG00000027941	mespba
ENSDARP00000101246	ENSDARG00000073837	senp2	ENSEEEP00000046685	ENSEEEG00000021987	SENP2
ENSDARP00000126371	ENSDARG00000012833	foxn3	ENSEEEP00000056520	ENSEEEG00000025086	FOXN3
ENSDARP00000129304	ENSDARG00000090386	polr1g	ENSEEEP00000046584	ENSEEEG00000021938	cd3eap
ENSDARP00000130471	ENSDARG00000099118	trappc9	ENSEEEP00000044536	ENSEEEG00000021003	TRAPPC9
ENSDARP00000060560	ENSDARG00000041323	csdc2a	ENSEEEP00000022958	ENSEEEG00000011143	csdc2a
ENSDARP00000130231	ENSDARG00000099752	si:dkey-19b23.7	ENSEEEP00000000793	ENSEEEG00000000541	si:dkey-19b23.7
ENSDARP00000045627	ENSDARG00000034420	irx6a	ENSEEEP00000010491	ENSEEEG00000005310	irx6a
ENSDARP00000074525	ENSDARG00000057414	phb	ENSEEEP00000033538	ENSEEEG00000015951	PHB
ENSDARP00000130680	ENSDARG00000102024	chmp6b	ENSEEEP00000060686	ENSEEEG00000025675	chmp6b
ENSDARP00000033132	ENSDARG00000025607	ifnphi1	ENSEEEP00000005938	ENSEEEG00000003157	pdcd10a
ENSDARP00000003107	ENSDARG00000007385	cct7	ENSEEEP00000062823	ENSEEEG00000008955	CCT7
ENSDARP00000038993	ENSDARG00000027529	hmox1a	ENSEEEP00000016243	ENSEEEG00000008040	hmox1a
ENSDARP00000114941	ENSDARG00000033259	dis3l2	ENSEEEP00000004794	ENSEEEG00000002383	dis3l2
ENSDARP00000060254	ENSDARG00000025977	blmh	ENSEEEP00000046733	ENSEEEG00000021947	BLMH
ENSDARP00000115401	ENSDARG00000094265	si:dkey-183n20.15	ENSEEEP00000027891	ENSEEEG00000013429	si:dkey-183n20.15
ENSDARP00000111958	ENSDARG00000086933	tnni3k	ENSEEEP00000027786	ENSEEEG00000013381	tnni3k
ENSDARP00000013392	ENSDARG00000003984	ltn1	ENSEEEP00000006426	ENSEEEG00000003404	LTN1
ENSDARP00000151538	ENSDARG00000063157	mapk8ip2	ENSEEEP00000014452	ENSEEEG00000007200	MAPK8IP2
ENSDARP00000084963	ENSDARG00000062517	fam110d	ENSEEEP00000037154	ENSEEEG00000017648	si:ch211-107n13.1
ENSDARP00000030382	ENSDARG00000027899	sem1	ENSEEEP00000046744	ENSEEEG00000022013	sem1
ENSDARP00000110201	ENSDARG00000061770	abcd4	ENSEEEP00000022202	ENSEEEG00000010660	ABCD4
ENSDARP00000126625	ENSDARG00000096645	si:ch211-131k2.2	ENSEEEP00000038799	ENSEEEG00000018405	si:ch211-131k2.2
ENSDARP00000129097	ENSDARG00000097236	svip	ENSEEEP00000003305	ENSEEEG00000001860	svip
ENSDARP00000119231	ENSDARG00000078790	lrrc18a	ENSEEEP00000002971	ENSEEEG00000001694	lrrc18a
ENSDARP00000052929	ENSDARG00000036438	ndufv1	ENSEEEP00000015457	ENSEEEG00000007653	NDUFV1
ENSDARP00000017550	ENSDARG00000003750	pfas	ENSEEEP00000027796	ENSEEEG00000012917	PFAS
ENSDARP00000110941	ENSDARG00000090642	ccdc92ba	ENSEEEP00000054989	ENSEEEG00000028939	si:dkey-54n8.4
ENSDARP00000042894	ENSDARG00000005112	cdh17	ENSEEEP00000042772	ENSEEEG00000020180	CDH17
ENSDARP00000005591	ENSDARG00000017078	mespaa	ENSEEEP00000034463	ENSEEEG00000016407	
ENSDARP00000065238	ENSDARG00000044420	dnajc19	ENSEEEP00000029001	ENSEEEG00000013910	DNAJC19
ENSDARP00000117556	ENSDARG00000027584	ttpa	ENSEEEP00000017272	ENSEEEG00000008537	TTPA
ENSDARP00000150497	ENSDARG00000008235	cog5	ENSEEEP00000053196	ENSEEEG00000001347	COG5
ENSDARP00000147536	ENSDARG00000038805	pigp	ENSEEEP00000059948	ENSEEEG00000012573	PIGP
ENSDARP00000050830	ENSDARG00000055078	chac2	ENSEEEP00000009493	ENSEEEG00000004845	CHAC2
ENSDARP00000114719	ENSDARG00000027657	crhb	ENSEEEP00000021655	ENSEEEG00000010533	crhb
ENSDARP00000135909	ENSDARG00000103754	aspm	ENSEEEP00000016846	ENSEEEG00000008349	SFI1
ENSDARP00000121232	ENSDARG00000045275	klhl14	ENSEEEP00000022210	ENSEEEG00000010786	KLHL14
ENSDARP00000139338	ENSDARG00000099915	p2ry2.1	ENSEEEP00000026075	ENSEEEG00000012628	P2RY4
ENSDARP00000075481	ENSDARG00000058212	ndnl2	ENSEEEP00000020342	ENSEEEG00000009924	ndnl2
ENSDARP00000055675	ENSDARG00000038186	rdm1	ENSEEEP00000022691	ENSEEEG00000011017	zgc:103564
ENSDARP00000135819	ENSDARG00000010400	lrrfip2	ENSEEEP00000016180	ENSEEEG00000008003	LRRFIP2
ENSDARP00000019234	ENSDARG00000012915	ech1	ENSEEEP00000063583	ENSEEEG00000015750	ech1
ENSDARP00000127109	ENSDARG00000078083	armc5	ENSEEEP00000028902	ENSEEEG00000013873	ARMC5
ENSDARP00000037227	ENSDARG00000025972	mcts1	ENSEEEP00000030493	ENSEEEG00000014603	MCTS1
ENSDARP00000026447	ENSDARG00000012432	fam76b	ENSEEEP00000020563	ENSEEEG00000010037	FAM76B
ENSDARP00000115431	ENSDARG00000008849	ptprq	ENSEEEP00000032781	ENSEEEG00000015614	PTPRQ
ENSDARP00000042594	ENSDARG00000031388	dctn2	ENSEEEP00000018199	ENSEEEG00000008944	DCTN2
ENSDARP00000051525	ENSDARG00000035546	jmjd7	ENSEEEP00000053301	ENSEEEG00000004297	JMJD7
ENSDARP00000099595	ENSDARG00000077396	tlcd2	ENSEEEP00000052675	ENSEEEG00000024668	TLCD2
ENSDARP00000065324	ENSDARG00000044484	cdc23	ENSEEEP00000001791	ENSEEEG00000000994	CDC23
ENSDARP00000072844	ENSDARG00000055974	tpmt.1	ENSEEEP00000015896	ENSEEEG00000007860	tpmt.1
ENSDARP00000134317	ENSDARG00000102300	ca9	ENSEEEP00000043022	ENSEEEG00000020310	CA9
ENSDARP00000100035	ENSDARG00000078916	chrdl2	ENSEEEP00000005814	ENSEEEG00000003081	CHRDL2
ENSDARP00000142109	ENSDARG00000056519	shtn3	ENSEEEP00000029823	ENSEEEG00000014285	si:dkey-280e21.3
ENSDARP00000012919	ENSDARG00000076574	si:ch211-171h4.6	ENSEEEP00000049334	ENSEEEG00000023187	si:ch73-160i9.3
ENSDARP00000132358	ENSDARG00000099724	relt	ENSEEEP00000049905	ENSEEEG00000023462	RELT
ENSDARP00000115562	ENSDARG00000053876	klhl26	ENSEEEP00000046388	ENSEEEG00000021842	KLHL26
ENSDARP00000009555	ENSDARG00000016607	echdc2	ENSEEEP00000017123	ENSEEEG00000008477	ECHDC2
ENSDARP00000067511	ENSDARG00000045928	psma4	ENSEEEP00000037788	ENSEEEG00000017962	PSMA4
ENSDARP00000072688	ENSDARG00000086493	mtnr1bb	ENSEEEP00000025623	ENSEEEG00000012430	mtnr1bb
ENSDARP00000020574	ENSDARG00000018738	zw10	ENSEEEP00000008869	ENSEEEG00000004568	ZW10
ENSDARP00000055576	ENSDARG00000038123	myl9a	ENSEEEP00000024019	ENSEEEG00000011650	myl9a
ENSDARP00000051526	ENSDARG00000097302	tbpl2	ENSEEEP00000008221	ENSEEEG00000004293	TBPL2
ENSDARP00000065336	ENSDARG00000044491	kif20a	ENSEEEP00000001513	ENSEEEG00000000982	KIF20A
ENSDARP00000103816	ENSDARG00000045039	kcnj16a	ENSEEEP00000021833	ENSEEEG00000010620	KCNJ16
ENSDARP00000012354	ENSDARG00000004392	hdr	ENSEEEP00000049406	ENSEEEG00000023221	hdr
ENSDARP00000065287	ENSDARG00000058162	pcyt1ba	ENSEEEP00000016719	ENSEEEG00000008273	pcyt1ba
ENSDARP00000102172	ENSDARG00000079276	ube2ql1	ENSEEEP00000028834	ENSEEEG00000013845	UBE2QL1
ENSDARP00000015246	ENSDARG00000012899	ddx49	ENSEEEP00000063257	ENSEEEG00000021843	DDX49
ENSDARP00000134616	ENSDARG00000102060	cstpp1	ENSEEEP00000034660	ENSEEEG00000016480	C11orf49
ENSDARP00000026471	ENSDARG00000019355	coa7	ENSEEEP00000017045	ENSEEEG00000008450	COA7
ENSDARP00000110243	ENSDARG00000068745	map4l	ENSEEEP00000058408	ENSEEEG00000022023	map4l
ENSDARP00000111637	ENSDARG00000055027	pomt2	ENSEEEP00000035951	ENSEEEG00000017099	POMT2
ENSDARP00000093277	ENSDARG00000023330	anp32b	ENSEEEP00000048045	ENSEEEG00000022640	anp32b
ENSDARP00000004153	ENSDARG00000012450	vmp1	ENSEEEP00000006312	ENSEEEG00000003353	VMP1
ENSDARP00000132059	ENSDARG00000102105	dad1	ENSEEEP00000043680	ENSEEEG00000020643	DAD1
ENSDARP00000075469	ENSDARG00000058218	fam151a	ENSEEEP00000023272	ENSEEEG00000011283	FAM151A
ENSDARP00000074579	ENSDARG00000057452	ston2	ENSEEEP00000011283	ENSEEEG00000005718	ston2
ENSDARP00000132818	ENSDARG00000100237	tradv23.1.2	ENSEEEP00000054098	ENSEEEG00000026516	
ENSDARP00000133722	ENSDARG00000101169	grap2b	ENSEEEP00000008300	ENSEEEG00000004335	grap2b
ENSDARP00000055486	ENSDARG00000038064	chmp3	ENSEEEP00000058220	ENSEEEG00000028622	chmp3
ENSDARP00000109050	ENSDARG00000035519	histh1l1	ENSEEEP00000049399	ENSEEEG00000023215	histh1l
ENSDARP00000097371	ENSDARG00000015239	prpf19	ENSEEEP00000050651	ENSEEEG00000023811	PRPF19
ENSDARP00000093542	ENSDARG00000011055	fbxo9	ENSEEEP00000045290	ENSEEEG00000021367	FBXO9
ENSDARP00000118433	ENSDARG00000036100	eya3	ENSEEEP00000058208	ENSEEEG00000027719	EYA3
ENSDARP00000112264	ENSDARG00000017710	ppp1r14ab	ENSEEEP00000052425	ENSEEEG00000024558	ppp1r14ab
ENSDARP00000140433	ENSDARG00000102340	ptn	ENSEEEP00000003422	ENSEEEG00000001910	PTN
ENSDARP00000112873	ENSDARG00000019060	snx12	ENSEEEP00000060337	ENSEEEG00000007382	SNX12
ENSDARP00000089361	ENSDARG00000056281	cyb561a3a	ENSEEEP00000049404	ENSEEEG00000023219	CYB561A3
ENSDARP00000129603	ENSDARG00000086369	si:ch211-167j9.5	ENSEEEP00000052490	ENSEEEG00000024585	si:ch211-167j9.5
ENSDARP00000129030	ENSDARG00000086980	mbd6	ENSEEEP00000045953	ENSEEEG00000021652	MBD6
ENSDARP00000000004	ENSDARG00000000001	slc35a5	ENSEEEP00000010631	ENSEEEG00000005387	SLC35A5
ENSDARP00000066896	ENSDARG00000045486	pawr	ENSEEEP00000061555	ENSEEEG00000024987	PAWR
ENSDARP00000091926	ENSDARG00000069476	spint2	ENSEEEP00000052424	ENSEEEG00000024557	SPINT2
ENSDARP00000070509	ENSDARG00000053912	fbl	ENSEEEP00000023853	ENSEEEG00000011575	FBL
ENSDARP00000140879	ENSDARG00000103433	rpl14	ENSEEEP00000061280	ENSEEEG00000012421	RPL14
ENSDARP00000082456	ENSDARG00000005867	gon4lb	ENSEEEP00000035316	ENSEEEG00000016810	gon4l
ENSDARP00000127859	ENSDARG00000087193	prrg2	ENSEEEP00000033560	ENSEEEG00000015965	PRRG2
ENSDARP00000139675	ENSDARG00000096562	wu:fj29h11	ENSEEEP00000014627	ENSEEEG00000007265	wu:fj29h11
ENSDARP00000070483	ENSDARG00000053890	tmem62	ENSEEEP00000010775	ENSEEEG00000005455	TMEM62
ENSDARP00000135701	ENSDARG00000103211	si:dkey-19b23.8	ENSEEEP00000014768	ENSEEEG00000007346	si:dkey-19b23.8
ENSDARP00000125766	ENSDARG00000096382	neu3.1	ENSEEEP00000005816	ENSEEEG00000003083	neu3.1
ENSDARP00000078063	ENSDARG00000059836	ddit3	ENSEEEP00000055719	ENSEEEG00000021651	DDIT3
ENSDARP00000139580	ENSDARG00000101510	cetn2	ENSEEEP00000017598	ENSEEEG00000008694	cetn2
ENSDARP00000079150	ENSDARG00000060256	alkbh8	ENSEEEP00000023850	ENSEEEG00000011574	ALKBH8
ENSDARP00000101672	ENSDARG00000078140	cimip5	ENSEEEP00000048854	ENSEEEG00000022977	si:dkey-18j18.3
ENSDARP00000132233	ENSDARG00000092106	si:ch211-214p13.8	ENSEEEP00000040979	ENSEEEG00000019406	si:ch211-214p13.8
ENSDARP00000017217	ENSDARG00000008785	dldh	ENSEEEP00000018723	ENSEEEG00000009082	dldh
ENSDARP00000115449	ENSDARG00000037554	arhgef3l	ENSEEEP00000015755	ENSEEEG00000007797	arhgef3l
ENSDARP00000139755	ENSDARG00000104563	kcnk9	ENSEEEP00000044438	ENSEEEG00000020990	KCNK9
ENSDARP00000005644	ENSDARG00000014313	atp5pf	ENSEEEP00000043152	ENSEEEG00000020376	ATP5PF
ENSDARP00000043750	ENSDARG00000029609	macrod1	ENSEEEP00000027895	ENSEEEG00000013428	MACROD1
ENSDARP00000126702	ENSDARG00000089243	r3hcc1l	ENSEEEP00000012843	ENSEEEG00000006450	R3HCC1L
ENSDARP00000052788	ENSDARG00000036335	c1galt1c1	ENSEEEP00000030494	ENSEEEG00000014607	c1galt1c1
ENSDARP00000052386	ENSDARG00000036084	itln2	ENSEEEP00000039470	ENSEEEG00000018741	
ENSDARP00000008399	ENSDARG00000006642	drg2	ENSEEEP00000010732	ENSEEEG00000005422	DRG2
ENSDARP00000017411	ENSDARG00000017355	rsph9	ENSEEEP00000051327	ENSEEEG00000024082	RSPH9
ENSDARP00000125799	ENSDARG00000059128	uqcrh	ENSEEEP00000059211	ENSEEEG00000006274	uqcrh
ENSDARP00000137303	ENSDARG00000102887	abhd4	ENSEEEP00000043663	ENSEEEG00000020641	abhd4
ENSDARP00000075289	ENSDARG00000058041	ndufa8	ENSEEEP00000024092	ENSEEEG00000011679	NDUFA8
ENSDARP00000053404	ENSDARG00000010279	scamp2	ENSEEEP00000062923	ENSEEEG00000025006	SCAMP2
ENSDARP00000084629	ENSDARG00000062379	slc35a4	ENSEEEP00000030864	ENSEEEG00000014769	SLC35A4
ENSDARP00000091772	ENSDARG00000069409	gkup	ENSEEEP00000061215	ENSEEEG00000016754	CACNA1C
ENSDARP00000069405	ENSDARG00000052975	ubqln4	ENSEEEP00000021600	ENSEEEG00000010514	UBQLN4
ENSDARP00000005989	ENSDARG00000021343	wsb1	ENSEEEP00000024750	ENSEEEG00000011983	WSB1
ENSDARP00000073037	ENSDARG00000056141	coq10b	ENSEEEP00000062784	ENSEEEG00000026254	COQ10B
ENSDARP00000084356	ENSDARG00000062302	znf652	ENSEEEP00000033532	ENSEEEG00000015945	ZNF652
ENSDARP00000141942	ENSDARG00000062116	ctdsplb	ENSEEEP00000043953	ENSEEEG00000020759	ctdsplb
ENSDARP00000071521	ENSDARG00000054794	plcxd3	ENSEEEP00000037963	ENSEEEG00000018032	PLCXD3
ENSDARP00000012869	ENSDARG00000005246	asb3	ENSEEEP00000034587	ENSEEEG00000016446	ASB3
ENSDARP00000119181	ENSDARG00000061354	foxred2	ENSEEEP00000016239	ENSEEEG00000008035	FOXRED2
ENSDARP00000152422	ENSDARG00000075284	kansl1l	ENSEEEP00000038399	ENSEEEG00000018236	KANSL1L
ENSDARP00000023792	ENSDARG00000010318	srpx	ENSEEEP00000038216	ENSEEEG00000018172	SRPX
ENSDARP00000132902	ENSDARG00000104242	dcp2	ENSEEEP00000043019	ENSEEEG00000020309	DCP2
ENSDARP00000110314	ENSDARG00000007630	mkrn2	ENSEEEP00000055532	ENSEEEG00000014624	MKRN2
ENSDARP00000150216	ENSDARG00000075687	anapc1	ENSEEEP00000046193	ENSEEEG00000021720	ANAPC1
ENSDARP00000072766	ENSDARG00000055899	lzic	ENSEEEP00000048313	ENSEEEG00000022754	LZIC
ENSDARP00000142395	ENSDARG00000088615	ltb4r2a	ENSEEEP00000023449	ENSEEEG00000011360	ltb4r2a
ENSDARP00000024649	ENSDARG00000011049	slc17a9b	ENSEEEP00000053736	ENSEEEG00000006800	slc17a9b
ENSDARP00000033750	ENSDARG00000023861	dnase1l1l	ENSEEEP00000033741	ENSEEEG00000016051	dnase1l1l
ENSDARP00000050124	ENSDARG00000029043	nup42	ENSEEEP00000035084	ENSEEEG00000016686	NUP42
ENSDARP00000091974	ENSDARG00000034605	zgc:153169	ENSEEEP00000005069	ENSEEEG00000002641	IMPA1
ENSDARP00000105350	ENSDARG00000086655	mkrn2os.1	ENSEEEP00000030535	ENSEEEG00000014625	mkrn2os.1
ENSDARP00000099088	ENSDARG00000017235	eif5a	ENSEEEP00000053720	ENSEEEG00000028145	EIF5A
ENSDARP00000120270	ENSDARG00000105748	nmnat1	ENSEEEP00000048311	ENSEEEG00000022753	NMNAT1
ENSDARP00000108304	ENSDARG00000087857	si:ch211-180a12.2	ENSEEEP00000052759	ENSEEEG00000027951	si:ch211-180a12.2
ENSDARP00000102615	ENSDARG00000073728	gal3st3	ENSEEEP00000033086	ENSEEEG00000015742	gal3st3
ENSDARP00000138590	ENSDARG00000061841	tiparp	ENSEEEP00000033023	ENSEEEG00000015727	TIPARP
ENSDARP00000156947	ENSDARG00000074758	csde1	ENSEEEP00000049649	ENSEEEG00000023042	CSDE1
ENSDARP00000096200	ENSDARG00000071336	mif	ENSEEEP00000061976	ENSEEEG00000026775	MIF
ENSDARP00000102009	ENSDARG00000075380	kri1	ENSEEEP00000016216	ENSEEEG00000008024	KRI1
ENSDARP00000118753	ENSDARG00000016074	cryz	ENSEEEP00000023262	ENSEEEG00000011278	CRYZ
ENSDARP00000076047	ENSDARG00000042114	bin1a	ENSEEEP00000038777	ENSEEEG00000018365	bin1a
ENSDARP00000113889	ENSDARG00000093008	adgrf3b	ENSEEEP00000060451	ENSEEEG00000026444	TAAR1
ENSDARP00000050965	ENSDARG00000035181	slc25a46	ENSEEEP00000031184	ENSEEEG00000014940	SLC25A46
ENSDARP00000115156	ENSDARG00000039255	klhl21	ENSEEEP00000064508	ENSEEEG00000025764	KLHL21
ENSDARP00000142991	ENSDARG00000078055	acd	ENSEEEP00000034928	ENSEEEG00000016615	acd
ENSDARP00000093302	ENSDARG00000070061	gfer	ENSEEEP00000056056	ENSEEEG00000028104	GFER
ENSDARP00000124870	ENSDARG00000037589	gid8b	ENSEEEP00000033840	ENSEEEG00000016105	gid8a
ENSDARP00000117778	ENSDARG00000016505	apbb1ip	ENSEEEP00000007826	ENSEEEG00000004090	APBB1IP
ENSDARP00000115463	ENSDARG00000052188	znf541	ENSEEEP00000009555	ENSEEEG00000004887	ZNF541
ENSDARP00000115821	ENSDARG00000062511	golga3	ENSEEEP00000053783	ENSEEEG00000009696	GOLGA3
ENSDARP00000114273	ENSDARG00000037980	elob	ENSEEEP00000058065	ENSEEEG00000028725	elob
ENSDARP00000081297	ENSDARG00000061140	colec12	ENSEEEP00000013440	ENSEEEG00000006726	COLEC12
ENSDARP00000127246	ENSDARG00000096760	gall	ENSEEEP00000011712	ENSEEEG00000005897	si:rp71-1c10.8
ENSDARP00000104599	ENSDARG00000086245	si:dkeyp-121d2.7	ENSEEEP00000058257	ENSEEEG00000025138	si:dkeyp-121d2.7
ENSDARP00000141634	ENSDARG00000101060	gcna	ENSEEEP00000017607	ENSEEEG00000008697	gcna
ENSDARP00000023845	ENSDARG00000014871	syngr3a	ENSEEEP00000010699	ENSEEEG00000005414	syngr3a
ENSDARP00000034439	ENSDARG00000027915	zc2hc1a	ENSEEEP00000018413	ENSEEEG00000009046	ZC2HC1A
ENSDARP00000078783	ENSDARG00000060101	trappc12	ENSEEEP00000017680	ENSEEEG00000008543	TRAPPC12
ENSDARP00000062982	ENSDARG00000042905	rpl10a	ENSEEEP00000014603	ENSEEEG00000007214	RPL10A
ENSDARP00000113601	ENSDARG00000078611	lrriq3	ENSEEEP00000027781	ENSEEEG00000013378	LRRIQ3
ENSDARP00000072515	ENSDARG00000055679	mto1	ENSEEEP00000048184	ENSEEEG00000022684	MTO1
ENSDARP00000023771	ENSDARG00000014854	reep1	ENSEEEP00000012588	ENSEEEG00000006313	REEP1
ENSDARP00000094663	ENSDARG00000070623	med10	ENSEEEP00000028836	ENSEEEG00000013846	MED10
ENSDARP00000061746	ENSDARG00000042139	fpgt	ENSEEEP00000027782	ENSEEEG00000013379	FPGT
ENSDARP00000055736	ENSDARG00000038222	tyw3	ENSEEEP00000023257	ENSEEEG00000011277	TYW3
ENSDARP00000131539	ENSDARG00000103980	ets2	ENSEEEP00000025649	ENSEEEG00000012445	ETS2
ENSDARP00000106414	ENSDARG00000087229	exoc7	ENSEEEP00000020667	ENSEEEG00000009139	exoc7
ENSDARP00000094070	ENSDARG00000039346	ndufa5	ENSEEEP00000043110	ENSEEEG00000020352	NDUFA5
ENSDARP00000092039	ENSDARG00000054829	pik3c3	ENSEEEP00000012177	ENSEEEG00000006139	PIK3C3
ENSDARP00000146510	ENSDARG00000061749	htr3b	ENSEEEP00000008881	ENSEEEG00000004579	HTR3B
ENSDARP00000095079	ENSDARG00000070826	bpgm	ENSEEEP00000046458	ENSEEEG00000021875	BPGM
ENSDARP00000101611	ENSDARG00000076828	zgc:194101	ENSEEEP00000006192	ENSEEEG00000003304	
ENSDARP00000127790	ENSDARG00000097415	lrrc53	ENSEEEP00000023270	ENSEEEG00000011281	
ENSDARP00000137079	ENSDARG00000010300	traf3ip1	ENSEEEP00000025445	ENSEEEG00000012347	TRAF3IP1
ENSDARP00000133285	ENSDARG00000100345	tradv24.0.3	ENSEEEP00000060132	ENSEEEG00000027584	tradv14.0
ENSDARP00000017853	ENSDARG00000019752	rom1a	ENSEEEP00000006292	ENSEEEG00000003348	rom1a
ENSDARP00000111840	ENSDARG00000017316	bag5	ENSEEEP00000009733	ENSEEEG00000004951	BAG5
ENSDARP00000114490	ENSDARG00000079307	tmem269	ENSEEEP00000041166	ENSEEEG00000019484	si:dkey-205h13.1
ENSDARP00000097599	ENSDARG00000077054	gask1b	ENSEEEP00000026597	ENSEEEG00000012861	GASK1B
ENSDARP00000147038	ENSDARG00000043077	nisch	ENSEEEP00000016297	ENSEEEG00000008053	NISCH
ENSDARP00000052200	ENSDARG00000035963	cfap184	ENSEEEP00000054393	ENSEEEG00000025816	cfap184
ENSDARP00000135268	ENSDARG00000075886	vwa5b2	ENSEEEP00000017158	ENSEEEG00000008499	VWA5B2
ENSDARP00000000956	ENSDARG00000001734	fkbp8	ENSEEEP00000025523	ENSEEEG00000012388	FKBP8
ENSDARP00000086480	ENSDARG00000063161	ppwd1	ENSEEEP00000023110	ENSEEEG00000011211	PPWD1
ENSDARP00000100492	ENSDARG00000042296	dlx5a	ENSEEEP00000046748	ENSEEEG00000022016	dlx5a
ENSDARP00000136822	ENSDARG00000103507	n4bp2l2	ENSEEEP00000026816	ENSEEEG00000012938	n4bp2l2
ENSDARP00000102864	ENSDARG00000074308	lrrc75ba	ENSEEEP00000001432	ENSEEEG00000000940	lrrc75ba
ENSDARP00000118462	ENSDARG00000070589	mrpl35	ENSEEEP00000012568	ENSEEEG00000006309	MRPL35
ENSDARP00000061335	ENSDARG00000041858	ren	ENSEEEP00000004260	ENSEEEG00000002172	REN
ENSDARP00000145331	ENSDARG00000054748	cuedc1b	ENSEEEP00000024738	ENSEEEG00000011981	cuedc1b
ENSDARP00000116881	ENSDARG00000054950	eef2kmt	ENSEEEP00000042502	ENSEEEG00000020060	eef2kmt
ENSDARP00000123385	ENSDARG00000004396	b3gnt5b	ENSEEEP00000027457	ENSEEEG00000013244	b3gnt5b
ENSDARP00000120176	ENSDARG00000041998	zgc:113337	ENSEEEP00000053380	ENSEEEG00000019407	zgc:113337
ENSDARP00000093553	ENSDARG00000042291	dlx6a	ENSEEEP00000046746	ENSEEEG00000022015	dlx6a
ENSDARP00000117811	ENSDARG00000052375	zgc:66455	ENSEEEP00000036174	ENSEEEG00000017208	zp3f.2
ENSDARP00000156644	ENSDARG00000075217	tdrd12	ENSEEEP00000039586	ENSEEEG00000018791	TDRD12
ENSDARP00000117627	ENSDARG00000070423	zgc:153157	ENSEEEP00000045391	ENSEEEG00000021423	INAFM2
ENSDARP00000130652	ENSDARG00000100388	abhd5b	ENSEEEP00000025662	ENSEEEG00000012452	ABHD5
ENSDARP00000137299	ENSDARG00000100742	reep5	ENSEEEP00000042996	ENSEEEG00000020293	REEP5
ENSDARP00000102869	ENSDARG00000075345	si:ch211-76l23.7	ENSEEEP00000042531	ENSEEEG00000020081	C16orf89
ENSDARP00000108809	ENSDARG00000088736	si:ch211-250n8.1	ENSEEEP00000021812	ENSEEEG00000010607	
ENSDARP00000012691	ENSDARG00000002165	psme1	ENSEEEP00000014999	ENSEEEG00000007469	PSME1
ENSDARP00000120358	ENSDARG00000094857	dio2	ENSEEEP00000058859	ENSEEEG00000024936	dio2
ENSDARP00000156938	ENSDARG00000014623	si:ch211-212d10.1	ENSEEEP00000047724	ENSEEEG00000022468	si:ch211-212d10.1
ENSDARP00000100787	ENSDARG00000077764	faah	ENSEEEP00000009906	ENSEEEG00000005038	FAAH
ENSDARP00000030390	ENSDARG00000021497	gpr132a	ENSEEEP00000035522	ENSEEEG00000016918	gpr132a
ENSDARP00000130461	ENSDARG00000101606	rims2a	ENSEEEP00000008392	ENSEEEG00000004381	rims2a
ENSDARP00000109359	ENSDARG00000086685	trim63b	ENSEEEP00000045526	ENSEEEG00000021483	trim63b
ENSDARP00000133314	ENSDARG00000098235	actr5	ENSEEEP00000029956	ENSEEEG00000014351	ACTR5
ENSDARP00000142023	ENSDARG00000105117	sdad1	ENSEEEP00000034541	ENSEEEG00000016408	SDAD1
ENSDARP00000138311	ENSDARG00000103772	tradv24.0.4	ENSEEEP00000055496	ENSEEEG00000028885	tradv36.2.12
ENSDARP00000138345	ENSDARG00000104542	ppt2b	ENSEEEP00000035620	ENSEEEG00000016868	ppt2
ENSDARP00000126136	ENSDARG00000096242	si:ch211-76l23.4	ENSEEEP00000042887	ENSEEEG00000020234	si:ch211-76l23.4
ENSDARP00000065254	ENSDARG00000044433	sned1	ENSEEEP00000055572	ENSEEEG00000005384	SNED1
ENSDARP00000108281	ENSDARG00000087558	si:ch73-105b23.1	ENSEEEP00000058864	ENSEEEG00000025261	si:ch73-105b23.1
ENSDARP00000073472	ENSDARG00000056517	thoc3	ENSEEEP00000029824	ENSEEEG00000014288	THOC3
ENSDARP00000139184	ENSDARG00000099980	bpifcl	ENSEEEP00000029963	ENSEEEG00000014355	bpifcl
ENSDARP00000123907	ENSDARG00000076943	lhfpl4b	ENSEEEP00000005859	ENSEEEG00000003112	lhfpl4b
ENSDARP00000057956	ENSDARG00000039650	itm2cb	ENSEEEP00000003073	ENSEEEG00000001744	itm2cb
ENSDARP00000111675	ENSDARG00000086391	cald1b	ENSEEEP00000046463	ENSEEEG00000021880	cald1b
ENSDARP00000147522	ENSDARG00000038024	ift70	ENSEEEP00000042848	ENSEEEG00000020091	flr
ENSDARP00000124142	ENSDARG00000079945	pjvk	ENSEEEP00000046686	ENSEEEG00000021988	PJVK
ENSDARP00000035859	ENSDARG00000022995	clic4	ENSEEEP00000044385	ENSEEEG00000020959	CLIC4
ENSDARP00000114512	ENSDARG00000012688	eif1	ENSEEEP00000055400	ENSEEEG00000016079	eif1
ENSDARP00000131093	ENSDARG00000101341	fam174c	ENSEEEP00000051592	ENSEEEG00000024226	si:ch211-262i1.6
ENSDARP00000101684	ENSDARG00000075033	gtpbp8	ENSEEEP00000055199	ENSEEEG00000024674	GTPBP8
ENSDARP00000032650	ENSDARG00000010384	lpar5a	ENSEEEP00000003075	ENSEEEG00000001745	lpar5a
ENSDARP00000057589	ENSDARG00000039412	dmrta2	ENSEEEP00000002626	ENSEEEG00000001514	DMRTA2
ENSDARP00000021078	ENSDARG00000019335	hes6	ENSEEEP00000024850	ENSEEEG00000012040	her13
ENSDARP00000141403	ENSDARG00000101644	arhgef17	ENSEEEP00000049903	ENSEEEG00000023460	ARHGEF17
ENSDARP00000131024	ENSDARG00000103478	nsun6	ENSEEEP00000002684	ENSEEEG00000001553	NSUN6
ENSDARP00000128225	ENSDARG00000009480	pdcl	ENSEEEP00000007762	ENSEEEG00000004061	PDCL
ENSDARP00000029247	ENSDARG00000037633	leng1	ENSEEEP00000051096	ENSEEEG00000023994	LENG1
ENSDARP00000055833	ENSDARG00000008403	phospho1	ENSEEEP00000033527	ENSEEEG00000015942	PHOSPHO1
ENSDARP00000026757	ENSDARG00000012051	mettl21a	ENSEEEP00000025795	ENSEEEG00000012504	METTL21A
ENSDARP00000124731	ENSDARG00000089413	mbpb	ENSEEEP00000053505	ENSEEEG00000028180	mbpb
ENSDARP00000134987	ENSDARG00000067723	tank	ENSEEEP00000050185	ENSEEEG00000023603	TANK
ENSDARP00000130245	ENSDARG00000102787	fam193a	ENSEEEP00000037076	ENSEEEG00000017605	FAM193A
ENSDARP00000141946	ENSDARG00000095259	tmem119a	ENSEEEP00000049455	ENSEEEG00000023245	tmem119a
ENSDARP00000055786	ENSDARG00000038281	natd1	ENSEEEP00000033524	ENSEEEG00000015941	NATD1
ENSDARP00000099022	ENSDARG00000076509	polr2d	ENSEEEP00000060228	ENSEEEG00000026922	POLR2D
ENSDARP00000026087	ENSDARG00000079578	rbpms2b	ENSEEEP00000042813	ENSEEEG00000020201	rbpms2b
ENSDARP00000113712	ENSDARG00000036214	dazl	ENSEEEP00000017282	ENSEEEG00000008546	DAZL
ENSDARP00000135876	ENSDARG00000089212	htr3a	ENSEEEP00000008883	ENSEEEG00000004581	HTR3A
ENSDARP00000122383	ENSDARG00000092834	si:ch211-191d15.2	ENSEEEP00000049453	ENSEEEG00000023244	si:ch211-191d15.2
ENSDARP00000017350	ENSDARG00000008068	tma16	ENSEEEP00000018669	ENSEEEG00000009183	TMA16
ENSDARP00000086016	ENSDARG00000062960	armc10	ENSEEEP00000043483	ENSEEEG00000020557	armc10
ENSDARP00000100986	ENSDARG00000079128	becn1	ENSEEEP00000047561	ENSEEEG00000022381	BECN1
ENSDARP00000095210	ENSDARG00000070892	si:ch211-262h13.5	ENSEEEP00000050835	ENSEEEG00000023872	si:ch211-262h13.5
ENSDARP00000125252	ENSDARG00000111901	taar20c1	ENSEEEP00000054838	ENSEEEG00000029149	
ENSDARP00000043856	ENSDARG00000034043	irx5a	ENSEEEP00000007083	ENSEEEG00000003740	irx5a
ENSDARP00000058324	ENSDARG00000039872	lamtor2	ENSEEEP00000061644	ENSEEEG00000026486	LAMTOR2
ENSDARP00000096178	ENSDARG00000013351	cirbpb	ENSEEEP00000047725	ENSEEEG00000022469	cirbpb
ENSDARP00000118937	ENSDARG00000045228	stub1	ENSEEEP00000051045	ENSEEEG00000023968	STUB1
ENSDARP00000082031	ENSDARG00000061436	col6a2	ENSEEEP00000024021	ENSEEEG00000011479	COL6A2
ENSDARP00000023642	ENSDARG00000016854	neurod2	ENSEEEP00000047863	ENSEEEG00000022530	NEUROD2
ENSDARP00000106281	ENSDARG00000023214	mob2a	ENSEEEP00000034334	ENSEEEG00000016343	mob2b
ENSDARP00000072528	ENSDARG00000055705	f5	ENSEEEP00000010626	ENSEEEG00000005385	F5
ENSDARP00000014304	ENSDARG00000007108	lipia	ENSEEEP00000009260	ENSEEEG00000004748	lipia
ENSDARP00000058063	ENSDARG00000039726	zgc:123321	ENSEEEP00000031071	ENSEEEG00000014873	zgc:123321
ENSDARP00000071703	ENSDARG00000054963	alg1	ENSEEEP00000042511	ENSEEEG00000020079	alg1
ENSDARP00000008601	ENSDARG00000014657	casp23	ENSEEEP00000042532	ENSEEEG00000020083	casp23
ENSDARP00000124988	ENSDARG00000042637	tert	ENSEEEP00000035184	ENSEEEG00000016694	TERT
ENSDARP00000118021	ENSDARG00000010784	ppp1r12a	ENSEEEP00000029965	ENSEEEG00000014354	PPP1R12A
ENSDARP00000046529	ENSDARG00000034215	rab42a	ENSEEEP00000028610	ENSEEEG00000013745	rab42a
ENSDARP00000119995	ENSDARG00000013222	slc35a3a	ENSEEEP00000035129	ENSEEEG00000016715	slc35a3a
ENSDARP00000118843	ENSDARG00000078050	phf19	ENSEEEP00000044626	ENSEEEG00000021032	PHF19
ENSDARP00000029759	ENSDARG00000022951	pth2	ENSEEEP00000061729	ENSEEEG00000027443	pth2
ENSDARP00000137010	ENSDARG00000098786	rangrf	ENSEEEP00000053363	ENSEEEG00000025739	RANGRF
ENSDARP00000098767	ENSDARG00000077828	slc29a3	ENSEEEP00000060396	ENSEEEG00000025097	SLC29A3
ENSDARP00000043001	ENSDARG00000029663	rab1ab	ENSEEEP00000005041	ENSEEEG00000002621	rab1aa
ENSDARP00000114928	ENSDARG00000036051	irx4b	ENSEEEP00000037725	ENSEEEG00000017933	irx4b
ENSDARP00000072599	ENSDARG00000055743	ankrd54	ENSEEEP00000016228	ENSEEEG00000008033	ANKRD54
ENSDARP00000119118	ENSDARG00000002988	tnnt2d	ENSEEEP00000046479	ENSEEEG00000021889	tnnt2d
ENSDARP00000027370	ENSDARG00000018073	mrps22	ENSEEEP00000015984	ENSEEEG00000007903	MRPS22
ENSDARP00000065879	ENSDARG00000022218	uck1	ENSEEEP00000040016	ENSEEEG00000018976	UCK1
ENSDARP00000087184	ENSDARG00000063457	wash1	ENSEEEP00000032750	ENSEEEG00000015603	wash1
ENSDARP00000089244	ENSDARG00000068194	klf9	ENSEEEP00000034981	ENSEEEG00000016634	KLF9
ENSDARP00000065396	ENSDARG00000044540	fkbp2	ENSEEEP00000004166	ENSEEEG00000002208	FKBP2
ENSDARP00000066630	ENSDARG00000045306	slc51a	ENSEEEP00000018122	ENSEEEG00000008911	SLC51A
ENSDARP00000110924	ENSDARG00000086342	zgc:101566	ENSEEEP00000034539	ENSEEEG00000016431	zgc:101566
ENSDARP00000143883	ENSDARG00000068759	si:ch211-244o22.2	ENSEEEP00000016617	ENSEEEG00000008229	
ENSDARP00000073569	ENSDARG00000056594	irx1b	ENSEEEP00000037724	ENSEEEG00000017931	irx1b
ENSDARP00000069087	ENSDARG00000052697	arb2a	ENSEEEP00000030179	ENSEEEG00000014470	FAM172A
ENSDARP00000053570	ENSDARG00000036897	sgms2b	ENSEEEP00000008890	ENSEEEG00000004588	sgms2b
ENSDARP00000005578	ENSDARG00000012234	psme3	ENSEEEP00000023931	ENSEEEG00000011614	PSME3
ENSDARP00000022233	ENSDARG00000009299	dusp8a	ENSEEEP00000063991	ENSEEEG00000024847	dusp8a
ENSDARP00000137946	ENSDARG00000099969	zgc:152863	ENSEEEP00000000144	ENSEEEG00000000109	zgc:152863
ENSDARP00000123109	ENSDARG00000034396	mars1	ENSEEEP00000056450	ENSEEEG00000021584	MARS1
ENSDARP00000008665	ENSDARG00000016541	sash3	ENSEEEP00000030498	ENSEEEG00000014612	SASH3
ENSDARP00000090162	ENSDARG00000068655	dnlz	ENSEEEP00000040015	ENSEEEG00000018977	DNLZ
ENSDARP00000106239	ENSDARG00000055443	zcchc7	ENSEEEP00000055882	ENSEEEG00000025556	
ENSDARP00000005519	ENSDARG00000033056	zgc:171927	ENSEEEP00000038596	ENSEEEG00000018321	zgc:171927
ENSDARP00000006318	ENSDARG00000017340	uts2b	ENSEEEP00000030110	ENSEEEG00000014434	uts2b
ENSDARP00000124229	ENSDARG00000030786	mpi	ENSEEEP00000037573	ENSEEEG00000017871	MPI
ENSDARP00000040327	ENSDARG00000029406	h2ax	ENSEEEP00000029833	ENSEEEG00000014296	H2AX
ENSDARP00000112333	ENSDARG00000052480	pdcd11	ENSEEEP00000043389	ENSEEEG00000020497	PDCD11
ENSDARP00000123818	ENSDARG00000027381	ccdc171	ENSEEEP00000058130	ENSEEEG00000026375	
ENSDARP00000089407	ENSDARG00000068263	csf1b	ENSEEEP00000004059	ENSEEEG00000002153	csf1b
ENSDARP00000113968	ENSDARG00000060395	si:dkey-127k13.1	ENSEEEP00000032887	ENSEEEG00000015656	si:dkey-127k13.1
ENSDARP00000065263	ENSDARG00000044437	cdca5	ENSEEEP00000006280	ENSEEEG00000003346	CDCA5
ENSDARP00000087664	ENSDARG00000063663	clp1	ENSEEEP00000032167	ENSEEEG00000015342	CLP1
ENSDARP00000124702	ENSDARG00000093773	plex9.2	ENSEEEP00000057247	ENSEEEG00000024934	plex9.2
ENSDARP00000034534	ENSDARG00000027236	rs1a	ENSEEEP00000052220	ENSEEEG00000024483	RS1
ENSDARP00000079770	ENSDARG00000060515	zdhhc9	ENSEEEP00000030496	ENSEEEG00000014610	ZDHHC9
ENSDARP00000055778	ENSDARG00000038248	ggact.2	ENSEEEP00000038211	ENSEEEG00000018170	
ENSDARP00000057154	ENSDARG00000039130	cdkn3	ENSEEEP00000014002	ENSEEEG00000006966	CDKN3
ENSDARP00000127828	ENSDARG00000087761	or63b1	ENSEEEP00000049848	ENSEEEG00000023428	or120-1
ENSDARP00000147336	ENSDARG00000096554	si:dkey-25o16.4	ENSEEEP00000048043	ENSEEEG00000022637	si:dkey-25o16.4
ENSDARP00000127758	ENSDARG00000075980	tmem125b	ENSEEEP00000064592	ENSEEEG00000025708	TMEM125
ENSDARP00000129213	ENSDARG00000017579	si:ch211-195b15.7	ENSEEEP00000033552	ENSEEEG00000015957	si:ch211-195b15.7
ENSDARP00000105871	ENSDARG00000078509	socs4	ENSEEEP00000026104	ENSEEEG00000012640	SOCS4
ENSDARP00000153130	ENSDARG00000077405	psip1b	ENSEEEP00000014365	ENSEEEG00000007141	
ENSDARP00000114087	ENSDARG00000039263	zbtb48	ENSEEEP00000041239	ENSEEEG00000019516	ZBTB48
ENSDARP00000119478	ENSDARG00000055052	map2	ENSEEEP00000038405	ENSEEEG00000018242	
ENSDARP00000115732	ENSDARG00000074719	rab38c	ENSEEEP00000014818	ENSEEEG00000007378	rab38c
ENSDARP00000122657	ENSDARG00000071010	tuft1b	ENSEEEP00000012978	ENSEEEG00000006525	PFDN4
ENSDARP00000001459	ENSDARG00000001169	hsd17b8	ENSEEEP00000034047	ENSEEEG00000016219	HSD17B8
ENSDARP00000129539	ENSDARG00000092825	si:dkey-42p14.3	ENSEEEP00000018739	ENSEEEG00000009210	si:dkey-42p14.3
ENSDARP00000123267	ENSDARG00000077751	nol9	ENSEEEP00000041235	ENSEEEG00000019514	NOL9
ENSDARP00000126922	ENSDARG00000037245	trmo	ENSEEEP00000048044	ENSEEEG00000022638	TRMO
ENSDARP00000120615	ENSDARG00000078415	lrrc3	ENSEEEP00000043580	ENSEEEG00000020597	LRRC3
ENSDARP00000101916	ENSDARG00000077859	ndufaf4	ENSEEEP00000010866	ENSEEEG00000005498	NDUFAF4
ENSDARP00000138054	ENSDARG00000100048	tradv25.0.4	ENSEEEP00000060413	ENSEEEG00000027776	
ENSDARP00000101746	ENSDARG00000077393	tradv27.0	ENSEEEP00000052971	ENSEEEG00000026149	
ENSDARP00000064632	ENSDARG00000044023	nkl.4	ENSEEEP00000044539	ENSEEEG00000021034	
ENSDARP00000119009	ENSDARG00000068219	b3gnt2l	ENSEEEP00000054647	ENSEEEG00000020126	st8sia6
ENSDARP00000096435	ENSDARG00000045273	tmem204	ENSEEEP00000061997	ENSEEEG00000029032	TMEM204
ENSDARP00000051606	ENSDARG00000035596	iscua	ENSEEEP00000049451	ENSEEEG00000023242	ISCU
ENSDARP00000112627	ENSDARG00000075783	hmgxb4a	ENSEEEP00000016222	ENSEEEG00000008031	hmgxb4a
ENSDARP00000136990	ENSDARG00000090728	tnfrsf9b	ENSEEEP00000053481	ENSEEEG00000028947	CD40
ENSDARP00000140121	ENSDARG00000102119	si:ch73-359m17.2	ENSEEEP00000025635	ENSEEEG00000012425	si:ch211-215k15.4
ENSDARP00000015662	ENSDARG00000010445	trabd	ENSEEEP00000024873	ENSEEEG00000025354	TRABD
ENSDARP00000129226	ENSDARG00000079479	gpr4	ENSEEEP00000046583	ENSEEEG00000021937	GPR4
ENSDARP00000067058	ENSDARG00000045608	tafa5b	ENSEEEP00000061425	ENSEEEG00000017160	tafa5b
ENSDARP00000030264	ENSDARG00000026178	ube3d	ENSEEEP00000058334	ENSEEEG00000022880	UBE3D
ENSDARP00000130849	ENSDARG00000103300	tradv23.1.4	ENSEEEP00000062659	ENSEEEG00000028713	
ENSDARP00000157333	ENSDARG00000086670	ice2	ENSEEEP00000000702	ENSEEEG00000000483	ICE2
ENSDARP00000059307	ENSDARG00000093622	spc24	ENSEEEP00000016217	ENSEEEG00000008027	SPC24
ENSDARP00000057587	ENSDARG00000039411	cep68	ENSEEEP00000005026	ENSEEEG00000002615	CEP68
ENSDARP00000085602	ENSDARG00000062795	abcb7	ENSEEEP00000062716	ENSEEEG00000005801	ABCB7
ENSDARP00000072582	ENSDARG00000055719	ino80c	ENSEEEP00000042762	ENSEEEG00000020176	INO80C
ENSDARP00000131929	ENSDARG00000078166	etaa1b	ENSEEEP00000022373	ENSEEEG00000010867	etaa1b
ENSDARP00000117599	ENSDARG00000073801	si:dkeyp-104h9.5	ENSEEEP00000004607	ENSEEEG00000002406	si:dkeyp-104h9.5
ENSDARP00000137988	ENSDARG00000061918	cplx2b	ENSEEEP00000029826	ENSEEEG00000014289	CPLX2
ENSDARP00000030625	ENSDARG00000026635	asb1	ENSEEEP00000025437	ENSEEEG00000012334	ASB1
ENSDARP00000112111	ENSDARG00000089326	arhgap20	ENSEEEP00000063497	ENSEEEG00000029109	
ENSDARP00000085869	ENSDARG00000062892	foxe3	ENSEEEP00000035125	ENSEEEG00000016713	FOXE1
ENSDARP00000124273	ENSDARG00000074540	gpr63	ENSEEEP00000010864	ENSEEEG00000005497	GPR63
ENSDARP00000120829	ENSDARG00000002127	stam	ENSEEEP00000013427	ENSEEEG00000006712	STAM
ENSDARP00000136942	ENSDARG00000102118	slf1	ENSEEEP00000030169	ENSEEEG00000014464	SLF1
ENSDARP00000106182	ENSDARG00000086300	si:ch211-236d3.4	ENSEEEP00000010236	ENSEEEG00000005190	FAM107A
ENSDARP00000111748	ENSDARG00000044541	ppp1r14ba	ENSEEEP00000057379	ENSEEEG00000002207	ppp1r14ba
ENSDARP00000142979	ENSDARG00000007244	acp2	ENSEEEP00000013506	ENSEEEG00000006752	ACP2
ENSDARP00000069243	ENSDARG00000014945	znf598	ENSEEEP00000010694	ENSEEEG00000005413	ZNF598
ENSDARP00000133301	ENSDARG00000100971	fxyd6	ENSEEEP00000018639	ENSEEEG00000009163	fxyd6
ENSDARP00000123438	ENSDARG00000077086	ankrd34ba	ENSEEEP00000054300	ENSEEEG00000026045	TICAM1
ENSDARP00000113686	ENSDARG00000061066	c2cd2l	ENSEEEP00000029831	ENSEEEG00000014295	C2CD2L
ENSDARP00000128924	ENSDARG00000038968	ccr6b	ENSEEEP00000052840	ENSEEEG00000028260	ccr6b
ENSDARP00000116493	ENSDARG00000077813	si:dkey-34f9.3	ENSEEEP00000025413	ENSEEEG00000012330	si:dkey-34f9.3
ENSDARP00000088015	ENSDARG00000067560	gtf2h3	ENSEEEP00000049601	ENSEEEG00000023319	GTF2H3
ENSDARP00000059475	ENSDARG00000040620	psmg1	ENSEEEP00000025647	ENSEEEG00000012444	PSMG1
ENSDARP00000103134	ENSDARG00000078155	inavaa	ENSEEEP00000014608	ENSEEEG00000007259	inavaa
ENSDARP00000108373	ENSDARG00000090449	sp100.3	ENSEEEP00000028733	ENSEEEG00000013806	
ENSDARP00000095322	ENSDARG00000070932	hcrt	ENSEEEP00000014094	ENSEEEG00000007000	
ENSDARP00000123332	ENSDARG00000059044	epm2a	ENSEEEP00000006075	ENSEEEG00000003244	EPM2A
ENSDARP00000106996	ENSDARG00000086070	fgf20b	ENSEEEP00000042350	ENSEEEG00000020008	fgf20b
ENSDARP00000016540	ENSDARG00000014340	rab11al	ENSEEEP00000021582	ENSEEEG00000010508	rab11al
ENSDARP00000102619	ENSDARG00000078266	twist2	ENSEEEP00000025411	ENSEEEG00000012328	TWIST2
ENSDARP00000037156	ENSDARG00000022418	faf1	ENSEEEP00000002532	ENSEEEG00000001084	FAF1
ENSDARP00000054025	ENSDARG00000037158	rcc1	ENSEEEP00000013524	ENSEEEG00000006762	RCC1
ENSDARP00000128919	ENSDARG00000029431	prr5l	ENSEEEP00000036074	ENSEEEG00000017158	si:ch211-147k10.5
ENSDARP00000140871	ENSDARG00000102783	slc25a35	ENSEEEP00000039132	ENSEEEG00000018586	SLC25A35
ENSDARP00000134367	ENSDARG00000100255	si:ch73-29l19.1	ENSEEEP00000010540	ENSEEEG00000005345	
ENSDARP00000128537	ENSDARG00000059701	flii	ENSEEEP00000054324	ENSEEEG00000005410	FLII
ENSDARP00000142877	ENSDARG00000090892	or71at1	ENSEEEP00000063384	ENSEEEG00000028500	or117-1
ENSDARP00000116120	ENSDARG00000058133	foxd2	ENSEEEP00000035124	ENSEEEG00000016712	FOXD2
ENSDARP00000027516	ENSDARG00000004979	elovl5	ENSEEEP00000045260	ENSEEEG00000021361	ELOVL5
ENSDARP00000118901	ENSDARG00000024276	pcbp4	ENSEEEP00000020938	ENSEEEG00000010210	PCBP4
ENSDARP00000141158	ENSDARG00000011515	orai1a	ENSEEEP00000001411	ENSEEEG00000000924	orai1a
ENSDARP00000095278	ENSDARG00000091851	tsen2	ENSEEEP00000030540	ENSEEEG00000014628	TSEN2
ENSDARP00000124123	ENSDARG00000053021	grsf1	ENSEEEP00000003189	ENSEEEG00000001796	GRSF1
ENSDARP00000104886	ENSDARG00000042115	tmem198aa	ENSEEEP00000038684	ENSEEEG00000018361	tmem198a
ENSDARP00000060244	ENSDARG00000041108	ctsh	ENSEEEP00000035049	ENSEEEG00000016665	CTSH
ENSDARP00000052348	ENSDARG00000036061	ogfod1	ENSEEEP00000034927	ENSEEEG00000016581	OGFOD1
ENSDARP00000043340	ENSDARG00000029179	foxd1	ENSEEEP00000031046	ENSEEEG00000014859	foxd1
ENSDARP00000117450	ENSDARG00000005799	smim14	ENSEEEP00000013858	ENSEEEG00000006892	SMIM14
ENSDARP00000024495	ENSDARG00000016139	mkks	ENSEEEP00000018149	ENSEEEG00000008926	MKKS
ENSDARP00000059284	ENSDARG00000040505	yif1b	ENSEEEP00000030514	ENSEEEG00000014600	YIF1B
ENSDARP00000119939	ENSDARG00000094725	si:ch211-284e13.5	ENSEEEP00000061603	ENSEEEG00000025210	si:ch211-284e13.5
ENSDARP00000122568	ENSDARG00000092473	coa8	ENSEEEP00000009739	ENSEEEG00000004958	COA8
ENSDARP00000021768	ENSDARG00000007496	ufl1	ENSEEEP00000010858	ENSEEEG00000005485	UFL1
ENSDARP00000127409	ENSDARG00000074852	myo15b	ENSEEEP00000034580	ENSEEEG00000016441	DOP1A
ENSDARP00000119520	ENSDARG00000044776	clic3	ENSEEEP00000034318	ENSEEEG00000016339	CLIC4
ENSDARP00000116817	ENSDARG00000093349	si:ch211-141e20.2	ENSEEEP00000060050	ENSEEEG00000026161	
ENSDARP00000128942	ENSDARG00000097871	si:ch1073-145m9.1	ENSEEEP00000052494	ENSEEEG00000024587	tmem185
ENSDARP00000091561	ENSDARG00000031203	commd1	ENSEEEP00000036169	ENSEEEG00000017203	COMMD1
ENSDARP00000132400	ENSDARG00000100826	hif1al	ENSEEEP00000000263	ENSEEEG00000000163	hif1al
ENSDARP00000025538	ENSDARG00000014817	ranbp1	ENSEEEP00000019832	ENSEEEG00000009700	RANBP1
ENSDARP00000029466	ENSDARG00000028131	hccsa.1	ENSEEEP00000037186	ENSEEEG00000017674	hccsb
ENSDARP00000040954	ENSDARG00000021250	slc25a48	ENSEEEP00000029829	ENSEEEG00000014291	SLC25A48
ENSDARP00000073523	ENSDARG00000056561	asb11	ENSEEEP00000061938	ENSEEEG00000018167	asb11
ENSDARP00000120778	ENSDARG00000062707	plat	ENSEEEP00000005244	ENSEEEG00000002691	PLAT
ENSDARP00000014968	ENSDARG00000011825	cetn3	ENSEEEP00000004279	ENSEEEG00000002260	CETN3
ENSDARP00000127896	ENSDARG00000052827	top3a	ENSEEEP00000010635	ENSEEEG00000005375	TOP3A
ENSDARP00000070860	ENSDARG00000054222	fbxl8	ENSEEEP00000034856	ENSEEEG00000016579	Fbxl8
ENSDARP00000009876	ENSDARG00000010823	memo1	ENSEEEP00000053787	ENSEEEG00000027489	MEMO1
ENSDARP00000097551	ENSDARG00000079144	bcl2l11	ENSEEEP00000046201	ENSEEEG00000021764	BCL2L11
ENSDARP00000067646	ENSDARG00000046013	rasl11a	ENSEEEP00000021528	ENSEEEG00000010489	RASL11A
ENSDARP00000112961	ENSDARG00000039892	gnpnat1	ENSEEEP00000026101	ENSEEEG00000012638	GNPNAT1
ENSDARP00000083921	ENSDARG00000062135	sytl5	ENSEEEP00000038210	ENSEEEG00000018168	SYTL5
ENSDARP00000093395	ENSDARG00000070107	six7	ENSEEEP00000033110	ENSEEEG00000015754	six7
ENSDARP00000100899	ENSDARG00000074730	pkmyt1	ENSEEEP00000047926	ENSEEEG00000022566	PKMYT1
ENSDARP00000069022	ENSDARG00000052638	fam210b	ENSEEEP00000036301	ENSEEEG00000017264	fam210b
ENSDARP00000097627	ENSDARG00000077499	plekho1b	ENSEEEP00000049098	ENSEEEG00000023074	plekho1b
ENSDARP00000078007	ENSDARG00000059816	zgc:136864	ENSEEEP00000056222	ENSEEEG00000028944	zgc:136864
ENSDARP00000091469	ENSDARG00000069280	tsen15	ENSEEEP00000061554	ENSEEEG00000028390	TSEN15
ENSDARP00000133632	ENSDARG00000101963	tmem141	ENSEEEP00000042598	ENSEEEG00000020114	TMEM141
ENSDARP00000095170	ENSDARG00000070866	tmem11	ENSEEEP00000060729	ENSEEEG00000029004	TMEM11
ENSDARP00000099059	ENSDARG00000045166	bhlha15	ENSEEEP00000059310	ENSEEEG00000026902	BHLHA15
ENSDARP00000030228	ENSDARG00000028276	si:ch211-196h16.12	ENSEEEP00000010441	ENSEEEG00000005278	si:ch211-196h16.12
ENSDARP00000126509	ENSDARG00000009194	col16a1	ENSEEEP00000048886	ENSEEEG00000022988	
ENSDARP00000100354	ENSDARG00000079860	ppp1r16b	ENSEEEP00000036307	ENSEEEG00000017266	PPP1R16B
ENSDARP00000028338	ENSDARG00000057699	styx	ENSEEEP00000026097	ENSEEEG00000012634	STYX
ENSDARP00000089980	ENSDARG00000055945	asph	ENSEEEP00000017280	ENSEEEG00000008541	
ENSDARP00000122476	ENSDARG00000062060	gmeb1	ENSEEEP00000028615	ENSEEEG00000013747	GMEB1
ENSDARP00000120708	ENSDARG00000095904	prpf31	ENSEEEP00000051114	ENSEEEG00000023997	PRPF31
ENSDARP00000113484	ENSDARG00000059048	mpzl1l	ENSEEEP00000025646	ENSEEEG00000012443	mpzl1l
ENSDARP00000138816	ENSDARG00000102960	vps54	ENSEEEP00000010430	ENSEEEG00000005024	VPS54
ENSDARP00000142793	ENSDARG00000105584	slc8b1	ENSEEEP00000012233	ENSEEEG00000006165	SLC8B1
ENSDARP00000138584	ENSDARG00000105677	or55a3	ENSEEEP00000058637	ENSEEEG00000026306	
ENSDARP00000005474	ENSDARG00000015824	lemd3	ENSEEEP00000037470	ENSEEEG00000017804	LEMD3
ENSDARP00000048632	ENSDARG00000034518	trdmt1	ENSEEEP00000020257	ENSEEEG00000009889	TRDMT1
ENSDARP00000098863	ENSDARG00000079462	ptges3l	ENSEEEP00000005406	ENSEEEG00000002830	si:ch211-131k2.3
ENSDARP00000106622	ENSDARG00000007231	ryk	ENSEEEP00000010639	ENSEEEG00000005386	RYK
ENSDARP00000023063	ENSDARG00000002589	mylpfb	ENSEEEP00000048328	ENSEEEG00000022708	mylpfb
ENSDARP00000040031	ENSDARG00000031366	rtn4ip1	ENSEEEP00000062862	ENSEEEG00000020949	RTN4IP1
ENSDARP00000124012	ENSDARG00000069981	cspg5a	ENSEEEP00000023902	ENSEEEG00000011600	cspg5a
ENSDARP00000078271	ENSDARG00000059908	ccdc86	ENSEEEP00000006196	ENSEEEG00000003306	si:ch211-217k17.7
ENSDARP00000130538	ENSDARG00000102087	pop1	ENSEEEP00000053295	ENSEEEG00000014926	POP1
ENSDARP00000097691	ENSDARG00000076634	capn10	ENSEEEP00000016953	ENSEEEG00000008402	CAPN10
ENSDARP00000123563	ENSDARG00000054292	si:ch211-14a17.11	ENSEEEP00000040865	ENSEEEG00000019361	C14orf119
ENSDARP00000078952	ENSDARG00000060177	vcpip1	ENSEEEP00000015331	ENSEEEG00000007620	VCPIP1
ENSDARP00000122877	ENSDARG00000054718	or71as1	ENSEEEP00000002630	ENSEEEG00000001518	or118-1
ENSDARP00000018694	ENSDARG00000013741	lancl1	ENSEEEP00000040489	ENSEEEG00000019176	LANCL1
ENSDARP00000115590	ENSDARG00000092044	si:dkey-22f5.9	ENSEEEP00000014633	ENSEEEG00000007270	
ENSDARP00000017784	ENSDARG00000012325	zgc:110269	ENSEEEP00000033260	ENSEEEG00000015812	zgc:110269
ENSDARP00000057376	ENSDARG00000039269	arg2	ENSEEEP00000048851	ENSEEEG00000022975	ARG2
ENSDARP00000102784	ENSDARG00000074501	tnip2	ENSEEEP00000054221	ENSEEEG00000027193	TNIP2
ENSDARP00000081875	ENSDARG00000061363	gfod1	ENSEEEP00000049174	ENSEEEG00000023107	GFOD1
ENSDARP00000130247	ENSDARG00000104451	slc39a7	ENSEEEP00000005899	ENSEEEG00000003132	SLC39A7
ENSDARP00000073057	ENSDARG00000056160	hspd1	ENSEEEP00000040664	ENSEEEG00000019252	hspd1
ENSDARP00000112717	ENSDARG00000071052	si:dkey-150i13.2	ENSEEEP00000020147	ENSEEEG00000009841	si:dkey-150i13.2
ENSDARP00000120242	ENSDARG00000036775	dtd2	ENSEEEP00000035956	ENSEEEG00000017104	DTD2
ENSDARP00000116534	ENSDARG00000031616	g6pc1a.1	ENSEEEP00000005393	ENSEEEG00000002716	g6pca.1
ENSDARP00000090555	ENSDARG00000068886	mrpl14	ENSEEEP00000053252	ENSEEEG00000008001	MRPL14
ENSDARP00000071545	ENSDARG00000054821	nubpl	ENSEEEP00000035960	ENSEEEG00000017106	NUBPL
ENSDARP00000064797	ENSDARG00000002192	aspn	ENSEEEP00000016327	ENSEEEG00000008075	ASPN
ENSDARP00000098475	ENSDARG00000068461	aopep	ENSEEEP00000025176	ENSEEEG00000012206	AOPEP
ENSDARP00000107078	ENSDARG00000069420	trim23	ENSEEEP00000023248	ENSEEEG00000011212	TRIM23
ENSDARP00000121836	ENSDARG00000055655	birc5b	ENSEEEP00000030885	ENSEEEG00000014782	birc5b
ENSDARP00000119775	ENSDARG00000075676	fndc7b	ENSEEEP00000054993	ENSEEEG00000027529	
ENSDARP00000139882	ENSDARG00000101076	irx3a	ENSEEEP00000003770	ENSEEEG00000002035	irx3a
ENSDARP00000003641	ENSDARG00000009212	ppiaa	ENSEEEP00000024501	ENSEEEG00000011874	ppiaa
ENSDARP00000060124	ENSDARG00000041032	or40a1	ENSEEEP00000063747	ENSEEEG00000028436	or107-1
ENSDARP00000124800	ENSDARG00000095937	tmem265	ENSEEEP00000042343	ENSEEEG00000020004	tmem265
ENSDARP00000117529	ENSDARG00000057610	cdkn2c	ENSEEEP00000001660	ENSEEEG00000001064	CDKN2C
ENSDARP00000113543	ENSDARG00000037713	pcnp	ENSEEEP00000040504	ENSEEEG00000019186	PCNP
ENSDARP00000093404	ENSDARG00000070116	nit1	ENSEEEP00000033114	ENSEEEG00000015757	NIT1
ENSDARP00000106221	ENSDARG00000006567	dus4l	ENSEEEP00000002555	ENSEEEG00000001475	DUS4L
ENSDARP00000028820	ENSDARG00000026990	klhl6	ENSEEEP00000013193	ENSEEEG00000006613	KLHL6
ENSDARP00000016196	ENSDARG00000013075	mrpl11	ENSEEEP00000058517	ENSEEEG00000020002	MRPL11
ENSDARP00000109917	ENSDARG00000086633	or42d1	ENSEEEP00000002917	ENSEEEG00000001666	or109-4
ENSDARP00000064312	ENSDARG00000043797	cdc5l	ENSEEEP00000020150	ENSEEEG00000009839	CDC5L
ENSDARP00000025514	ENSDARG00000011072	ddx11	ENSEEEP00000032737	ENSEEEG00000015601	DDX11
ENSDARP00000124195	ENSDARG00000036650	cdadc1	ENSEEEP00000048957	ENSEEEG00000023010	CDADC1
ENSDARP00000064800	ENSDARG00000044132	ogna	ENSEEEP00000016323	ENSEEEG00000008072	ogna
ENSDARP00000114241	ENSDARG00000041033	or71al2	ENSEEEP00000056300	ENSEEEG00000025919	zgc:152857
ENSDARP00000054735	ENSDARG00000037588	bhlhe23	ENSEEEP00000013603	ENSEEEG00000006798	bhlhe23
ENSDARP00000041959	ENSDARG00000032575	ywhaz	ENSEEEP00000050302	ENSEEEG00000023656	ywhaz
ENSDARP00000124125	ENSDARG00000010655	ppm1kb	ENSEEEP00000044354	ENSEEEG00000020951	PPM1K
ENSDARP00000120497	ENSDARG00000055731	si:dkeyp-69e1.8	ENSEEEP00000016221	ENSEEEG00000008030	si:dkeyp-69e1.8
ENSDARP00000138858	ENSDARG00000038414	b3galt6	ENSEEEP00000014153	ENSEEEG00000007029	B3GALT6
ENSDARP00000134586	ENSDARG00000007743	il15l	ENSEEEP00000052422	ENSEEEG00000024555	CMC1
ENSDARP00000068927	ENSDARG00000052565	cenpi	ENSEEEP00000035496	ENSEEEG00000016902	CENPI
ENSDARP00000072365	ENSDARG00000055530	sertad2b	ENSEEEP00000004988	ENSEEEG00000002596	sertad2b
ENSDARP00000104531	ENSDARG00000030547	rnd1a	ENSEEEP00000060274	ENSEEEG00000027838	rnd1a
ENSDARP00000148801	ENSDARG00000068103	cfap45	ENSEEEP00000048573	ENSEEEG00000022860	CFAP45
ENSDARP00000017640	ENSDARG00000002707	her11	ENSEEEP00000042349	ENSEEEG00000020007	her11
ENSDARP00000103794	ENSDARG00000074908	col6a1	ENSEEEP00000024040	ENSEEEG00000011664	col6a1
ENSDARP00000072044	ENSDARG00000055250	ccnp	ENSEEEP00000029991	ENSEEEG00000014374	ccnp
ENSDARP00000064804	ENSDARG00000044135	cenpp	ENSEEEP00000016322	ENSEEEG00000008070	CENPP
ENSDARP00000125741	ENSDARG00000076820	xkr8.2	ENSEEEP00000055679	ENSEEEG00000023972	xkr8.3
ENSDARP00000129102	ENSDARG00000042815	alkal2b	ENSEEEP00000033454	ENSEEEG00000015904	alkal2b
ENSDARP00000121427	ENSDARG00000020149	acoxl	ENSEEEP00000046216	ENSEEEG00000021767	ACOXL
ENSDARP00000124246	ENSDARG00000008384	hdac6	ENSEEEP00000006529	ENSEEEG00000003118	HDAC6
ENSDARP00000076055	ENSDARG00000058693	cast	ENSEEEP00000008227	ENSEEEG00000004298	PGLS
ENSDARP00000123627	ENSDARG00000008796	her5	ENSEEEP00000042348	ENSEEEG00000020006	her5
ENSDARP00000047081	ENSDARG00000028628	gdap1l1	ENSEEEP00000057215	ENSEEEG00000026089	GDAP1L1
ENSDARP00000138743	ENSDARG00000103432	exosc4	ENSEEEP00000023232	ENSEEEG00000011262	EXOSC4
ENSDARP00000112169	ENSDARG00000032746	tnfsf10l3	ENSEEEP00000012614	ENSEEEG00000006328	tnfsf10l3
ENSDARP00000008680	ENSDARG00000004680	dnajb6a	ENSEEEP00000050930	ENSEEEG00000023923	dnajb6b
ENSDARP00000115063	ENSDARG00000058460	cacng3a	ENSEEEP00000062326	ENSEEEG00000027757	cacng3a
ENSDARP00000053935	ENSDARG00000037108	pfdn6	ENSEEEP00000042345	ENSEEEG00000020005	PFDN6
ENSDARP00000103460	ENSDARG00000077130	bcl10	ENSEEEP00000000158	ENSEEEG00000000122	BCL10
ENSDARP00000051255	ENSDARG00000035377	fgf5	ENSEEEP00000001116	ENSEEEG00000000748	FGF5
ENSDARP00000114803	ENSDARG00000079315	lpxn	ENSEEEP00000038140	ENSEEEG00000018123	LPXN
ENSDARP00000076298	ENSDARG00000006292	cfap91	ENSEEEP00000040988	ENSEEEG00000019408	maats1
ENSDARP00000102804	ENSDARG00000044143	nol8	ENSEEEP00000056210	ENSEEEG00000028981	
ENSDARP00000128961	ENSDARG00000078001	kbtbd7	ENSEEEP00000013253	ENSEEEG00000006643	kbtbd7
ENSDARP00000112935	ENSDARG00000038870	slu7	ENSEEEP00000003975	ENSEEEG00000002125	SLU7
ENSDARP00000091948	ENSDARG00000069482	traf1	ENSEEEP00000044627	ENSEEEG00000021072	TRAF1
ENSDARP00000076947	ENSDARG00000059400	tmem167b	ENSEEEP00000014151	ENSEEEG00000007027	TMEM167B
ENSDARP00000117583	ENSDARG00000035136	selenow1	ENSEEEP00000009877	ENSEEEG00000005021	selenow1
ENSDARP00000124202	ENSDARG00000060862	atxn1b	ENSEEEP00000033710	ENSEEEG00000016053	atxn1b
ENSDARP00000098001	ENSDARG00000075263	ankrd1a	ENSEEEP00000046033	ENSEEEG00000021683	ankrd1a
ENSDARP00000089462	ENSDARG00000040635	rnf11b	ENSEEEP00000062331	ENSEEEG00000026629	rnf11b
ENSDARP00000104364	ENSDARG00000074809	zgc:194392	ENSEEEP00000033455	ENSEEEG00000015905	c13h1orf115
ENSDARP00000116647	ENSDARG00000057296	cbln1	ENSEEEP00000030562	ENSEEEG00000014639	CBLN1
ENSDARP00000116963	ENSDARG00000071549	ecm2	ENSEEEP00000016354	ENSEEEG00000008077	ECM2
ENSDARP00000110906	ENSDARG00000020387	nipsnap3a	ENSEEEP00000049161	ENSEEEG00000023099	nipsnap3a
ENSDARP00000120938	ENSDARG00000052072	dnajb9a	ENSEEEP00000046541	ENSEEEG00000021919	dnajb9a
ENSDARP00000065337	ENSDARG00000044488	pak1ip1	ENSEEEP00000016868	ENSEEEG00000008357	PAK1IP1
ENSDARP00000072093	ENSDARG00000055305	ret	ENSEEEP00000035875	ENSEEEG00000017064	ret
ENSDARP00000040442	ENSDARG00000032263	xndc1	ENSEEEP00000012611	ENSEEEG00000006326	zgc:110224
ENSDARP00000096591	ENSDARG00000071518	krt222	ENSEEEP00000044956	ENSEEEG00000021215	
ENSDARP00000070033	ENSDARG00000053518	adhfe1	ENSEEEP00000015349	ENSEEEG00000007623	adhfe1
ENSDARP00000059251	ENSDARG00000040485	gsdmeb	ENSEEEP00000031193	ENSEEEG00000014945	gsdmeb
ENSDARP00000081096	ENSDARG00000061061	dpagt1	ENSEEEP00000029830	ENSEEEG00000014292	DPAGT1
ENSDARP00000054076	ENSDARG00000037186	tpbg	ENSEEEP00000048628	ENSEEEG00000022881	tpbgb
ENSDARP00000058442	ENSDARG00000039949	fibina	ENSEEEP00000003354	ENSEEEG00000001884	fibina
ENSDARP00000122309	ENSDARG00000059046	psmd5	ENSEEEP00000020885	ENSEEEG00000010186	PSMD5
ENSDARP00000133803	ENSDARG00000055548	npat	ENSEEEP00000061628	ENSEEEG00000000225	NPAT
ENSDARP00000094932	ENSDARG00000070743	tmem45a	ENSEEEP00000010539	ENSEEEG00000005344	TMEM45A
ENSDARP00000047357	ENSDARG00000030133	fkbp6	ENSEEEP00000005797	ENSEEEG00000027465	FKBP6
ENSDARP00000021565	ENSDARG00000002967	pdap1b	ENSEEEP00000010423	ENSEEEG00000005272	pdap1b
ENSDARP00000149302	ENSDARG00000102417	psmd7	ENSEEEP00000056440	ENSEEEG00000025363	PSMD7
ENSDARP00000111224	ENSDARG00000004851	hinfp	ENSEEEP00000029827	ENSEEEG00000014290	HINFP
ENSDARP00000058512	ENSDARG00000039996	xkr8.3	ENSEEEP00000051062	ENSEEEG00000023974	xkr8.3
ENSDARP00000100992	ENSDARG00000078310	cecr2	ENSEEEP00000044752	ENSEEEG00000021126	CECR2
ENSDARP00000126244	ENSDARG00000071198	cep20	ENSEEEP00000053976	ENSEEEG00000026197	fopnl
ENSDARP00000015461	ENSDARG00000017084	bud31	ENSEEEP00000056144	ENSEEEG00000026967	BUD31
ENSDARP00000004932	ENSDARG00000014196	myl1	ENSEEEP00000038407	ENSEEEG00000018243	MYL1
ENSDARP00000140290	ENSDARG00000099840	lpar1	ENSEEEP00000056477	ENSEEEG00000027059	LPAR1
ENSDARP00000044234	ENSDARG00000032221	phactr4b	ENSEEEP00000013519	ENSEEEG00000006761	phactr4b
ENSDARP00000118377	ENSDARG00000035810	rgcc	ENSEEEP00000013248	ENSEEEG00000006639	RGCC
ENSDARP00000129207	ENSDARG00000070717	slc25a18	ENSEEEP00000044751	ENSEEEG00000021125	slc25a18
ENSDARP00000018197	ENSDARG00000017441	mylz3	ENSEEEP00000040501	ENSEEEG00000019181	mylz3
ENSDARP00000140201	ENSDARG00000103413	rtbdn	ENSEEEP00000006283	ENSEEEG00000003343	zgc:109949
ENSDARP00000073775	ENSDARG00000056768	rprml	ENSEEEP00000018656	ENSEEEG00000009173	RPRML
ENSDARP00000057378	ENSDARG00000039270	vti1b	ENSEEEP00000048848	ENSEEEG00000022974	VTI1B
ENSDARP00000004923	ENSDARG00000008032	sart3	ENSEEEP00000049448	ENSEEEG00000023238	SART3
ENSDARP00000131822	ENSDARG00000104773	junbb	ENSEEEP00000050781	ENSEEEG00000023857	junbb
ENSDARP00000021469	ENSDARG00000016231	bcap29	ENSEEEP00000002561	ENSEEEG00000001476	BCAP29
ENSDARP00000071026	ENSDARG00000054363	si:zfos-464b6.2	ENSEEEP00000063331	ENSEEEG00000016348	si:zfos-464b6.2
ENSDARP00000068086	ENSDARG00000051888	ist1	ENSEEEP00000001474	ENSEEEG00000000953	IST1
ENSDARP00000089190	ENSDARG00000040503	sb:cb81	ENSEEEP00000054488	ENSEEEG00000027099	sb:cb81
ENSDARP00000115476	ENSDARG00000055525	lgalslb	ENSEEEP00000004983	ENSEEEG00000002594	lgalslb
ENSDARP00000116369	ENSDARG00000075715	tmem236	ENSEEEP00000013383	ENSEEEG00000006706	si:dkey-32m20.1
ENSDARP00000128424	ENSDARG00000034982	zcchc8	ENSEEEP00000049544	ENSEEEG00000023278	ZCCHC8
ENSDARP00000152769	ENSDARG00000069160	tafa5a	ENSEEEP00000045581	ENSEEEG00000021505	tafa5a
ENSDARP00000114412	ENSDARG00000037383	pax5	ENSEEEP00000063281	ENSEEEG00000003768	PAX5
ENSDARP00000109873	ENSDARG00000030155	ssbp3b	ENSEEEP00000027759	ENSEEEG00000013364	ssbp3b
ENSDARP00000119960	ENSDARG00000091757	adgrf6	ENSEEEP00000062399	ENSEEEG00000028228	si:dkey-259j3.5
ENSDARP00000073559	ENSDARG00000056583	ndufs6	ENSEEEP00000037729	ENSEEEG00000017934	NDUFS6
ENSDARP00000014797	ENSDARG00000007407	barx1	ENSEEEP00000032014	ENSEEEG00000015277	BARX1
ENSDARP00000013568	ENSDARG00000002670	atg14	ENSEEEP00000008214	ENSEEEG00000004291	ATG14
ENSDARP00000140792	ENSDARG00000099106	afmid	ENSEEEP00000046253	ENSEEEG00000021787	AFMID
ENSDARP00000015031	ENSDARG00000012390	kcnk5b	ENSEEEP00000014979	ENSEEEG00000007457	kcnk5b
ENSDARP00000104953	ENSDARG00000070165	tnfrsf1b	ENSEEEP00000049780	ENSEEEG00000023400	TNFRSF1B
ENSDARP00000027941	ENSDARG00000007566	appbp2	ENSEEEP00000052497	ENSEEEG00000024588	APPBP2
ENSDARP00000100259	ENSDARG00000079393	tmprss15	ENSEEEP00000009270	ENSEEEG00000004755	tmprss15
ENSDARP00000080008	ENSDARG00000060601	rgs7bpa	ENSEEEP00000037961	ENSEEEG00000018030	rgs7bpa
ENSDARP00000138823	ENSDARG00000040727	tfb1m	ENSEEEP00000011924	ENSEEEG00000006010	TFB1M
ENSDARP00000127211	ENSDARG00000074270	si:ch211-214e3.5	ENSEEEP00000010962	ENSEEEG00000005557	si:ch211-214e3.5
ENSDARP00000123161	ENSDARG00000062421	pex2	ENSEEEP00000018498	ENSEEEG00000009086	PEX2
ENSDARP00000002079	ENSDARG00000004308	fam8a1b	ENSEEEP00000033708	ENSEEEG00000016050	fam8a1b
ENSDARP00000033828	ENSDARG00000026712	rab5c	ENSEEEP00000014091	ENSEEEG00000006989	rab5c
ENSDARP00000029427	ENSDARG00000025404	ube2g2	ENSEEEP00000061925	ENSEEEG00000024956	UBE2G2
ENSDARP00000040012	ENSDARG00000019096	myl7	ENSEEEP00000049772	ENSEEEG00000023396	MYL7
ENSDARP00000004404	ENSDARG00000017126	ilvbl	ENSEEEP00000043650	ENSEEEG00000020147	ILVBL
ENSDARP00000042272	ENSDARG00000030095	ccdc78	ENSEEEP00000051037	ENSEEEG00000023963	CCDC78
ENSDARP00000126735	ENSDARG00000031540	tmem200a	ENSEEEP00000013012	ENSEEEG00000006555	TMEM200A
ENSDARP00000107917	ENSDARG00000090396	si:cabz01074946.1	ENSEEEP00000003872	ENSEEEG00000002072	
ENSDARP00000115571	ENSDARG00000094922	ungb	ENSEEEP00000039520	ENSEEEG00000018737	UNG
ENSDARP00000122210	ENSDARG00000062506	zc3h18	ENSEEEP00000021036	ENSEEEG00000010263	ZC3H18
ENSDARP00000057289	ENSDARG00000039213	prpf38a	ENSEEEP00000017920	ENSEEEG00000008841	PRPF38A
ENSDARP00000086155	ENSDARG00000063019	panx2	ENSEEEP00000024865	ENSEEEG00000012050	PANX2
ENSDARP00000080083	ENSDARG00000060620	lig4	ENSEEEP00000024668	ENSEEEG00000011951	LIG4
ENSDARP00000086301	ENSDARG00000013721	g6pc1a.2	ENSEEEP00000005191	ENSEEEG00000002705	g6pca.2
ENSDARP00000062374	ENSDARG00000042536	tmem81	ENSEEEP00000033412	ENSEEEG00000015879	si:dkey-48j7.3
ENSDARP00000058586	ENSDARG00000040059	gbp	ENSEEEP00000049028	ENSEEEG00000023035	gbp
ENSDARP00000143997	ENSDARG00000074424	ibtk	ENSEEEP00000048658	ENSEEEG00000022885	IBTK
ENSDARP00000153873	ENSDARG00000018890	snrpa	ENSEEEP00000048605	ENSEEEG00000022870	SNRPA
ENSDARP00000122697	ENSDARG00000029292	zgc:55943	ENSEEEP00000056431	ENSEEEG00000027203	zgc:55943
ENSDARP00000057296	ENSDARG00000039222	mpl	ENSEEEP00000017816	ENSEEEG00000008792	mpl
ENSDARP00000093366	ENSDARG00000070092	kcnv1	ENSEEEP00000049027	ENSEEEG00000023034	kcnv1
ENSDARP00000121222	ENSDARG00000034457	si:ch211-163l21.7	ENSEEEP00000014609	ENSEEEG00000007263	si:ch211-163l21.7
ENSDARP00000001315	ENSDARG00000001313	g2e3	ENSEEEP00000053914	ENSEEEG00000002446	G2E3
ENSDARP00000028109	ENSDARG00000002267	dcaf13	ENSEEEP00000008400	ENSEEEG00000004383	DCAF13
ENSDARP00000053025	ENSDARG00000036500	pabir2	ENSEEEP00000051943	ENSEEEG00000024372	fam122b
ENSDARP00000025816	ENSDARG00000026017	xpnpep2	ENSEEEP00000030543	ENSEEEG00000014614	XPNPEP2
ENSDARP00000019818	ENSDARG00000005541	wif1	ENSEEEP00000037482	ENSEEEG00000017819	WIF1
ENSDARP00000142474	ENSDARG00000088346	miip	ENSEEEP00000049781	ENSEEEG00000023401	MIIP
ENSDARP00000085144	ENSDARG00000062598	ltc4s	ENSEEEP00000050723	ENSEEEG00000023830	LTC4S
ENSDARP00000004281	ENSDARG00000015997	slc61a1	ENSEEEP00000041428	ENSEEEG00000019591	MFSD5
ENSDARP00000091671	ENSDARG00000069376	tnfsf12	ENSEEEP00000000796	ENSEEEG00000000546	tnfsf12
ENSDARP00000106185	ENSDARG00000029766	nr1i2	ENSEEEP00000041060	ENSEEEG00000019417	nr1i2
ENSDARP00000124872	ENSDARG00000089456	men1	ENSEEEP00000035111	ENSEEEG00000016703	MEN1
ENSDARP00000074624	ENSDARG00000057491	n4bp1	ENSEEEP00000030570	ENSEEEG00000014642	N4BP1
ENSDARP00000141166	ENSDARG00000100773	zmynd19	ENSEEEP00000042601	ENSEEEG00000020116	ZMYND19
ENSDARP00000052422	ENSDARG00000078308	spry2	ENSEEEP00000036876	ENSEEEG00000017510	SPRY2
ENSDARP00000112428	ENSDARG00000068006	gck	ENSEEEP00000049790	ENSEEEG00000023397	GCK
ENSDARP00000056456	ENSDARG00000003732	mitfa	ENSEEEP00000007844	ENSEEEG00000004103	mitfa
ENSDARP00000151403	ENSDARG00000095241	mybl2a	ENSEEEP00000018268	ENSEEEG00000008975	mybl2a
ENSDARP00000120879	ENSDARG00000061804	nhsl3	ENSEEEP00000055665	ENSEEEG00000027144	
ENSDARP00000011866	ENSDARG00000006797	nt5dc1	ENSEEEP00000010868	ENSEEEG00000005502	NT5DC1
ENSDARP00000117503	ENSDARG00000060252	mogs	ENSEEEP00000024934	ENSEEEG00000012091	MOGS
ENSDARP00000116833	ENSDARG00000020228	usf2	ENSEEEP00000054267	ENSEEEG00000027050	USF2
ENSDARP00000096586	ENSDARG00000000212	krt97	ENSEEEP00000054282	ENSEEEG00000025954	krt97
ENSDARP00000110861	ENSDARG00000007755	skic8	ENSEEEP00000038889	ENSEEEG00000018343	WDR61
ENSDARP00000123502	ENSDARG00000068650	atosb	ENSEEEP00000053567	ENSEEEG00000027590	FAM214B
ENSDARP00000142342	ENSDARG00000105477	si:dkey-88n24.12	ENSEEEP00000058163	ENSEEEG00000026384	
ENSDARP00000047019	ENSDARG00000004325	casp9	ENSEEEP00000050572	ENSEEEG00000023785	CASP9
ENSDARP00000153880	ENSDARG00000059322	topbp1	ENSEEEP00000014847	ENSEEEG00000007392	TOPBP1
ENSDARP00000109412	ENSDARG00000055565	cacnb2b	ENSEEEP00000013379	ENSEEEG00000006702	cacnb2b
ENSDARP00000078028	ENSDARG00000074989	sparcl1	ENSEEEP00000037253	ENSEEEG00000017614	sparcl1
ENSDARP00000145988	ENSDARG00000070432	ino80	ENSEEEP00000057597	ENSEEEG00000013268	INO80
ENSDARP00000115826	ENSDARG00000057743	si:dkey-10f21.4	ENSEEEP00000037182	ENSEEEG00000017670	tlcd4a
ENSDARP00000001565	ENSDARG00000001578	echs1	ENSEEEP00000004974	ENSEEEG00000002588	ECHS1
ENSDARP00000124189	ENSDARG00000091931	gpatch4	ENSEEEP00000036874	ENSEEEG00000017509	GPATCH4
ENSDARP00000136847	ENSDARG00000104976	teni.2	ENSEEEP00000015067	ENSEEEG00000007498	teni.1
ENSDARP00000025634	ENSDARG00000007711	rab3il1	ENSEEEP00000037656	ENSEEEG00000017878	NDE1
ENSDARP00000117076	ENSDARG00000094377	samd10b	ENSEEEP00000052356	ENSEEEG00000024533	SAMD10
ENSDARP00000115049	ENSDARG00000040131	zfyve26	ENSEEEP00000048845	ENSEEEG00000022971	ZFYVE26
ENSDARP00000041113	ENSDARG00000031511	psmb2	ENSEEEP00000015168	ENSEEEG00000007564	PSMB2
ENSDARP00000100039	ENSDARG00000079306	rlim	ENSEEEP00000057414	ENSEEEG00000025400	RNF6
ENSDARP00000052168	ENSDARG00000035944	sync	ENSEEEP00000053757	ENSEEEG00000015468	SYNC
ENSDARP00000016228	ENSDARG00000008969	fgb	ENSEEEP00000025021	ENSEEEG00000012138	FGB
ENSDARP00000103094	ENSDARG00000079947	gfi1b	ENSEEEP00000007330	ENSEEEG00000003850	GFI1B
ENSDARP00000017335	ENSDARG00000015126	gorasp2	ENSEEEP00000009737	ENSEEEG00000004956	GORASP2
ENSDARP00000116818	ENSDARG00000060430	zfyve28	ENSEEEP00000012488	ENSEEEG00000006270	TAFA3
ENSDARP00000106387	ENSDARG00000086740	phyh	ENSEEEP00000015071	ENSEEEG00000007499	PHYH
ENSDARP00000120324	ENSDARG00000013505	ube2kb	ENSEEEP00000009338	ENSEEEG00000004792	ube2ka
ENSDARP00000057598	ENSDARG00000039422	fuom	ENSEEEP00000004961	ENSEEEG00000002584	fuom
ENSDARP00000017790	ENSDARG00000013095	gclc	ENSEEEP00000059570	ENSEEEG00000021342	GCLC
ENSDARP00000116104	ENSDARG00000086805	itprid1	ENSEEEP00000059305	ENSEEEG00000028137	
ENSDARP00000074756	ENSDARG00000057598	s100b	ENSEEEP00000063012	ENSEEEG00000025742	S100B
ENSDARP00000043297	ENSDARG00000031683	fosab	ENSEEEP00000017315	ENSEEEG00000008561	fosab
ENSDARP00000017380	ENSDARG00000009607	ccnc	ENSEEEP00000059099	ENSEEEG00000024059	CCNC
ENSDARP00000094107	ENSDARG00000070426	chac1	ENSEEEP00000027508	ENSEEEG00000013267	CHAC1
ENSDARP00000100701	ENSDARG00000075805	si:dkey-219c3.2	ENSEEEP00000004074	ENSEEEG00000002169	taf4a
ENSDARP00000126216	ENSDARG00000054010	scaf1	ENSEEEP00000054285	ENSEEEG00000025374	SCAF1
ENSDARP00000094638	ENSDARG00000070607	mrpl36	ENSEEEP00000037734	ENSEEEG00000017936	mrpl36
ENSDARP00000153029	ENSDARG00000007693	nfkbiab	ENSEEEP00000027626	ENSEEEG00000013274	nfkbiab
ENSDARP00000096474	ENSDARG00000040008	neurod6a	ENSEEEP00000020225	ENSEEEG00000009875	neurod6a
ENSDARP00000060656	ENSDARG00000041376	rmi1	ENSEEEP00000055875	ENSEEEG00000025610	RMI1
ENSDARP00000136540	ENSDARG00000102477	stard4	ENSEEEP00000028362	ENSEEEG00000013637	STARD4
ENSDARP00000078363	ENSDARG00000059944	c1qtnf2	ENSEEEP00000003962	ENSEEEG00000002122	C1QTNF2
ENSDARP00000122683	ENSDARG00000063026	mlc1	ENSEEEP00000024862	ENSEEEG00000012044	MLC1
ENSDARP00000055960	ENSDARG00000038360	thg1l	ENSEEEP00000049164	ENSEEEG00000023101	THG1L
ENSDARP00000007713	ENSDARG00000020217	cpsf4	ENSEEEP00000010417	ENSEEEG00000005271	CPSF4
ENSDARP00000121735	ENSDARG00000018069	rdh12	ENSEEEP00000053719	ENSEEEG00000022973	RDH12
ENSDARP00000058503	ENSDARG00000086739	si:ch1073-513e17.1	ENSEEEP00000017183	ENSEEEG00000008510	si:ch1073-513e17.1
ENSDARP00000142197	ENSDARG00000063030	mesd	ENSEEEP00000029240	ENSEEEG00000014014	MESD
ENSDARP00000113436	ENSDARG00000030161	ppp1r14bb	ENSEEEP00000053817	ENSEEEG00000027068	ppp1r14bb
ENSDARP00000059477	ENSDARG00000040621	lrrc32	ENSEEEP00000025643	ENSEEEG00000012441	LRRC32
ENSDARP00000119816	ENSDARG00000044545	zgc:77262	ENSEEEP00000004149	ENSEEEG00000002200	zgc:77262
ENSDARP00000028001	ENSDARG00000002330	lhx8a	ENSEEEP00000023252	ENSEEEG00000011274	lhx8a
ENSDARP00000127024	ENSDARG00000079266	foxe1	ENSEEEP00000048040	ENSEEEG00000022635	FOXE1
ENSDARP00000125714	ENSDARG00000038151	zgc:92360	ENSEEEP00000008263	ENSEEEG00000004009	ADAP2
ENSDARP00000126143	ENSDARG00000056307	znf706	ENSEEEP00000050305	ENSEEEG00000023657	ZNF706
ENSDARP00000055185	ENSDARG00000037867	atp5mf	ENSEEEP00000010408	ENSEEEG00000005269	atp5mf
ENSDARP00000126600	ENSDARG00000033597	api5	ENSEEEP00000036070	ENSEEEG00000017156	API5
ENSDARP00000058490	ENSDARG00000039980	ppt1	ENSEEEP00000017173	ENSEEEG00000008453	PPT1
ENSDARP00000138229	ENSDARG00000063129	kcnmb3	ENSEEEP00000027423	ENSEEEG00000013233	si:ch211-38m6.7
ENSDARP00000102289	ENSDARG00000076466	maml1	ENSEEEP00000050722	ENSEEEG00000023829	MAML1
ENSDARP00000130557	ENSDARG00000100794	mmp13b	ENSEEEP00000057186	ENSEEEG00000012934	mmp13b
ENSDARP00000153051	ENSDARG00000077089	blm	ENSEEEP00000035037	ENSEEEG00000016662	BLM
ENSDARP00000038331	ENSDARG00000025478	gipr	ENSEEEP00000045554	ENSEEEG00000021492	gipr
ENSDARP00000114357	ENSDARG00000059549	akap10	ENSEEEP00000010487	ENSEEEG00000005032	AKAP10
ENSDARP00000089819	ENSDARG00000036489	maf1b	ENSEEEP00000064262	ENSEEEG00000013028	MAF1
ENSDARP00000075036	ENSDARG00000057833	gulp1b	ENSEEEP00000055737	ENSEEEG00000021990	gulp1a
ENSDARP00000104309	ENSDARG00000075549	cdh5	ENSEEEP00000043546	ENSEEEG00000020584	CDH5
ENSDARP00000104413	ENSDARG00000016815	dnai7	ENSEEEP00000028876	ENSEEEG00000013868	casc1
ENSDARP00000094499	ENSDARG00000033928	ndfip2	ENSEEEP00000036879	ENSEEEG00000017513	NDFIP2
ENSDARP00000105322	ENSDARG00000032919	chchd3a	ENSEEEP00000001716	ENSEEEG00000001097	chchd3a
ENSDARP00000117284	ENSDARG00000069184	ubtd2	ENSEEEP00000040685	ENSEEEG00000019276	UBTD2
ENSDARP00000146614	ENSDARG00000059672	arhgap36	ENSEEEP00000021706	ENSEEEG00000010554	arhgap36
ENSDARP00000102398	ENSDARG00000076815	eif3s10	ENSEEEP00000044608	ENSEEEG00000021059	eif3s10
ENSDARP00000060133	ENSDARG00000041040	piga	ENSEEEP00000038202	ENSEEEG00000018164	PIGA
ENSDARP00000010866	ENSDARG00000020133	jdp2b	ENSEEEP00000057744	ENSEEEG00000024692	jdp2b
ENSDARP00000076504	ENSDARG00000059056	ft1	ENSEEEP00000062687	ENSEEEG00000027181	FUT9
ENSDARP00000117309	ENSDARG00000062056	elmod1	ENSEEEP00000005894	ENSEEEG00000003127	ELMOD1
ENSDARP00000137095	ENSDARG00000030871	siah1	ENSEEEP00000062592	ENSEEEG00000028080	SIAH1
ENSDARP00000094731	ENSDARG00000070658	zbtb12.2	ENSEEEP00000058999	ENSEEEG00000025917	zbtb12.1
ENSDARP00000056666	ENSDARG00000038802	cenpl	ENSEEEP00000022019	ENSEEEG00000010694	CENPL
ENSDARP00000078154	ENSDARG00000059871	shrprbck1r	ENSEEEP00000026986	ENSEEEG00000013023	SHARPIN
ENSDARP00000117082	ENSDARG00000074652	smtna	ENSEEEP00000051673	ENSEEEG00000024263	smtna
ENSDARP00000101899	ENSDARG00000079699	foxd7	ENSEEEP00000016220	ENSEEEG00000008029	zgc:162612
ENSDARP00000136300	ENSDARG00000103699	ptpn13	ENSEEEP00000034634	ENSEEEG00000016469	PTPN13
ENSDARP00000127987	ENSDARG00000071259	fbxo34	ENSEEEP00000056787	ENSEEEG00000025660	fbxo34
ENSDARP00000127876	ENSDARG00000097753	slirp	ENSEEEP00000047137	ENSEEEG00000022186	SLIRP
ENSDARP00000130380	ENSDARG00000102973	cmtm8a	ENSEEEP00000026189	ENSEEEG00000012660	cmtm8a
ENSDARP00000091049	ENSDARG00000069099	tmco1	ENSEEEP00000013451	ENSEEEG00000006730	TMCO1
ENSDARP00000123219	ENSDARG00000035595	ficd	ENSEEEP00000054558	ENSEEEG00000024952	FICD
ENSDARP00000072590	ENSDARG00000055737	ube3a	ENSEEEP00000039289	ENSEEEG00000018565	UBE3A
ENSDARP00000014497	ENSDARG00000011818	batf	ENSEEEP00000017307	ENSEEEG00000008557	BATF
ENSDARP00000117524	ENSDARG00000045926	crabp1a	ENSEEEP00000038982	ENSEEEG00000018474	crabp1a
ENSDARP00000108933	ENSDARG00000062561	adck1	ENSEEEP00000047141	ENSEEEG00000022188	ADCK1
ENSDARP00000113683	ENSDARG00000070455	tmem245	ENSEEEP00000042752	ENSEEEG00000020173	TMEM245
ENSDARP00000022102	ENSDARG00000018524	midn	ENSEEEP00000059224	ENSEEEG00000025001	MIDN
ENSDARP00000088418	ENSDARG00000067795	ifngr2	ENSEEEP00000057808	ENSEEEG00000028615	1700015E13Rik
ENSDARP00000119212	ENSDARG00000060861	dars2	ENSEEEP00000022005	ENSEEEG00000010563	DARS2
ENSDARP00000112695	ENSDARG00000019062	arpc5b	ENSEEEP00000063041	ENSEEEG00000028043	arpc5b
ENSDARP00000098845	ENSDARG00000075858	nalf1a	ENSEEEP00000024670	ENSEEEG00000011952	fam155a
ENSDARP00000157432	ENSDARG00000014676	bckdhb	ENSEEEP00000048673	ENSEEEG00000022898	BCKDHB
ENSDARP00000098457	ENSDARG00000079611	sema4c	ENSEEEP00000056615	ENSEEEG00000026464	SEMA4C
ENSDARP00000013539	ENSDARG00000013461	supt7l	ENSEEEP00000012322	ENSEEEG00000006198	SUPT7L
ENSDARP00000039828	ENSDARG00000037810	adtrp1	ENSEEEP00000018269	ENSEEEG00000008976	adtrp1
ENSDARP00000068087	ENSDARG00000051889	dhodh	ENSEEEP00000001468	ENSEEEG00000000951	DHODH
ENSDARP00000129182	ENSDARG00000054542	il12bb	ENSEEEP00000040688	ENSEEEG00000019278	il12bb
ENSDARP00000099173	ENSDARG00000053386	wdr27	ENSEEEP00000018141	ENSEEEG00000008923	WDR27
ENSDARP00000096379	ENSDARG00000004402	elovl6	ENSEEEP00000012708	ENSEEEG00000006382	ELOVL6
ENSDARP00000130000	ENSDARG00000102493	ticam1	ENSEEEP00000012774	ENSEEEG00000006419	ticam1
ENSDARP00000122514	ENSDARG00000075726	dhrs7b	ENSEEEP00000033516	ENSEEEG00000015936	DHRS7B
ENSDARP00000119105	ENSDARG00000019526	agfg1b	ENSEEEP00000033256	ENSEEEG00000015811	agfg1b
ENSDARP00000030232	ENSDARG00000027799	ucmaa	ENSEEEP00000015075	ENSEEEG00000007503	ucmaa
ENSDARP00000122802	ENSDARG00000095915		ENSEEEP00000062590	ENSEEEG00000025366	GUF1
ENSDARP00000018348	ENSDARG00000003517	impa1	ENSEEEP00000046094	ENSEEEG00000021721	IMPA1
ENSDARP00000129572	ENSDARG00000039521	ssx2ipa	ENSEEEP00000000253	ENSEEEG00000000192	ssx2ipa
ENSDARP00000052568	ENSDARG00000036194	pitx2	ENSEEEP00000012707	ENSEEEG00000006380	PITX2
ENSDARP00000066897	ENSDARG00000045487	rps16	ENSEEEP00000029973	ENSEEEG00000014359	RPS16
ENSDARP00000058585	ENSDARG00000070108	dek	ENSEEEP00000049026	ENSEEEG00000023033	DEK
ENSDARP00000009052	ENSDARG00000012194	scp2a	ENSEEEP00000023067	ENSEEEG00000011176	scp2a
ENSDARP00000067338	ENSDARG00000045815	mcm10	ENSEEEP00000015077	ENSEEEG00000007505	MCM10
ENSDARP00000138935	ENSDARG00000100536	nkrf	ENSEEEP00000026092	ENSEEEG00000012636	NKRF
ENSDARP00000136181	ENSDARG00000076117	stard5	ENSEEEP00000029228	ENSEEEG00000014005	STARD5
ENSDARP00000141486	ENSDARG00000098764	musk	ENSEEEP00000004932	ENSEEEG00000002571	MUSK
ENSDARP00000108781	ENSDARG00000087413	bean1	ENSEEEP00000056898	ENSEEEG00000020582	BEAN1
ENSDARP00000085164	ENSDARG00000062612	dhx37	ENSEEEP00000023256	ENSEEEG00000011275	DHX37
ENSDARP00000010800	ENSDARG00000014017	rrm1	ENSEEEP00000012288	ENSEEEG00000005807	RRM1
ENSDARP00000018924	ENSDARG00000020077	nol10	ENSEEEP00000018738	ENSEEEG00000008867	NOL10
ENSDARP00000051490	ENSDARG00000035521	sfrp1a	ENSEEEP00000049389	ENSEEEG00000023202	sfrp1a
ENSDARP00000033960	ENSDARG00000021849	si:dkey-256h2.1	ENSEEEP00000009099	ENSEEEG00000004685	si:dkey-256h2.1
ENSDARP00000130224	ENSDARG00000102908	il16	ENSEEEP00000060014	ENSEEEG00000025232	IL16
ENSDARP00000035484	ENSDARG00000026185	yju2	ENSEEEP00000058786	ENSEEEG00000025141	YJU2
ENSDARP00000012950	ENSDARG00000011170	ndrg2	ENSEEEP00000050143	ENSEEEG00000023590	NDRG2
ENSDARP00000153600	ENSDARG00000078947	sdccag8	ENSEEEP00000015356	ENSEEEG00000007628	SDCCAG8
ENSDARP00000157241	ENSDARG00000059059	emsy	ENSEEEP00000053441	ENSEEEG00000012440	EMSY
ENSDARP00000046002	ENSDARG00000034160	slc4a1ap	ENSEEEP00000062318	ENSEEEG00000006197	SLC4A1AP
ENSDARP00000150575	ENSDARG00000019941	sgta	ENSEEEP00000051541	ENSEEEG00000024200	SGTA
ENSDARP00000071629	ENSDARG00000068640	rsf1b.1	ENSEEEP00000019153	ENSEEEG00000009395	rsf1b.1
ENSDARP00000020340	ENSDARG00000004336	exoc4	ENSEEEP00000064625	ENSEEEG00000000959	EXOC4
ENSDARP00000074763	ENSDARG00000057606	arl4ca	ENSEEEP00000010735	ENSEEEG00000028899	arl4ca
ENSDARP00000122022	ENSDARG00000036212	tbc1d5	ENSEEEP00000001434	ENSEEEG00000000932	TBC1D5
ENSDARP00000085044	ENSDARG00000023600	sh3gl2a	ENSEEEP00000000487	ENSEEEG00000022634	sh3gl2a
ENSDARP00000022894	ENSDARG00000033965	nup58	ENSEEEP00000018174	ENSEEEG00000008918	NUP58
ENSDARP00000129023	ENSDARG00000070673	ptgr2	ENSEEEP00000010789	ENSEEEG00000005463	ptgr2
ENSDARP00000129614	ENSDARG00000077052	tnrc18	ENSEEEP00000000004	ENSEEEG00000000003	TNRC18
ENSDARP00000113146	ENSDARG00000003867	cdk20	ENSEEEP00000006720	ENSEEEG00000003560	CDK20
ENSDARP00000063600	ENSDARG00000043322	gsx2	ENSEEEP00000041468	ENSEEEG00000019610	GSX2
ENSDARP00000144915	ENSDARG00000055138	zgc:110410	ENSEEEP00000033706	ENSEEEG00000016047	zgc:110410
ENSDARP00000128679	ENSDARG00000089887	mmp20a	ENSEEEP00000000699	ENSEEEG00000000345	mmp20a
ENSDARP00000116403	ENSDARG00000053279	apln	ENSEEEP00000062827	ENSEEEG00000025040	apln
ENSDARP00000142240	ENSDARG00000052482	arhgef11	ENSEEEP00000018480	ENSEEEG00000009067	ARHGEF11
ENSDARP00000014849	ENSDARG00000007276	ela3l	ENSEEEP00000035873	ENSEEEG00000026965	ela3l
ENSDARP00000125734	ENSDARG00000096322	uts2r4	ENSEEEP00000007626	ENSEEEG00000003987	uts2r4
ENSDARP00000047652	ENSDARG00000034718	tfpia	ENSEEEP00000009637	ENSEEEG00000004911	tfpia
ENSDARP00000131172	ENSDARG00000104541	msh6	ENSEEEP00000046345	ENSEEEG00000021816	MSH6
ENSDARP00000098786	ENSDARG00000078547	si:ch211-264f5.2	ENSEEEP00000024390	ENSEEEG00000011823	si:ch211-264f5.2
ENSDARP00000129487	ENSDARG00000045797	uqcc6	ENSEEEP00000057149	ENSEEEG00000026383	c12h12orf73
ENSDARP00000126361	ENSDARG00000071055	znf512b	ENSEEEP00000052354	ENSEEEG00000024532	ZNF512B
ENSDARP00000143406	ENSDARG00000013965	cul2	ENSEEEP00000012200	ENSEEEG00000005706	CUL2
ENSDARP00000039012	ENSDARG00000039997	ptp4a3a	ENSEEEP00000036243	ENSEEEG00000017232	ptp4a3b
ENSDARP00000088385	ENSDARG00000009169	mob1ba	ENSEEEP00000003214	ENSEEEG00000001798	mob1ba
ENSDARP00000126621	ENSDARG00000090698	lrrc52	ENSEEEP00000017131	ENSEEEG00000008483	si:dkey-52j6.3
ENSDARP00000099826	ENSDARG00000077726	nocta	ENSEEEP00000003954	ENSEEEG00000002119	nocta
ENSDARP00000110027	ENSDARG00000089868	si:ch211-112c15.8	ENSEEEP00000062203	ENSEEEG00000025643	si:ch211-112c15.8
ENSDARP00000123809	ENSDARG00000086215	gpr156	ENSEEEP00000041081	ENSEEEG00000019446	GPR156
ENSDARP00000139016	ENSDARG00000098141	supt3h	ENSEEEP00000020308	ENSEEEG00000009846	SUPT3H
ENSDARP00000018028	ENSDARG00000013845	ttc14	ENSEEEP00000036297	ENSEEEG00000017262	TTC14
ENSDARP00000123534	ENSDARG00000090890	cmklr1	ENSEEEP00000060507	ENSEEEG00000027162	CMKLR1
ENSDARP00000031983	ENSDARG00000028614	mospd1	ENSEEEP00000051945	ENSEEEG00000024375	MOSPD1
ENSDARP00000058035	ENSDARG00000039701	emx2	ENSEEEP00000044621	ENSEEEG00000021069	EMX2
ENSDARP00000119411	ENSDARG00000030006	slc6a7	ENSEEEP00000011498	ENSEEEG00000005803	SLC6A7
ENSDARP00000045614	ENSDARG00000032704	qrsl1	ENSEEEP00000044329	ENSEEEG00000020873	QRSL1
ENSDARP00000053533	ENSDARG00000036868	tbpl1	ENSEEEP00000014104	ENSEEEG00000007006	TBPL1
ENSDARP00000090521	ENSDARG00000068868	nap1l4b	ENSEEEP00000038414	ENSEEEG00000018208	nap1l4b
ENSDARP00000008831	ENSDARG00000009466	rgs9bp	ENSEEEP00000052602	ENSEEEG00000024644	RGS9BP
ENSDARP00000113117	ENSDARG00000079616	cramp1	ENSEEEP00000033509	ENSEEEG00000015931	CRAMP1
ENSDARP00000141827	ENSDARG00000075446	naa25	ENSEEEP00000022248	ENSEEEG00000010778	NAA25
ENSDARP00000100382	ENSDARG00000078983	fam118b	ENSEEEP00000043808	ENSEEEG00000020703	FAM118B
ENSDARP00000109782	ENSDARG00000089432	si:ch211-212k18.15	ENSEEEP00000042535	ENSEEEG00000020085	si:ch211-212k18.15
ENSDARP00000102905	ENSDARG00000063069	gripap1	ENSEEEP00000000586	ENSEEEG00000000415	GRIPAP1
ENSDARP00000020118	ENSDARG00000007098	itm2ba	ENSEEEP00000018504	ENSEEEG00000009093	itm2ba
ENSDARP00000128651	ENSDARG00000077057	esco1	ENSEEEP00000055257	ENSEEEG00000028413	
ENSDARP00000105998	ENSDARG00000091079	malsu1	ENSEEEP00000005395	ENSEEEG00000002823	RAMP3
ENSDARP00000065817	ENSDARG00000044775	fut7	ENSEEEP00000055578	ENSEEEG00000028928	FUT7
ENSDARP00000133937	ENSDARG00000098344	rab18b	ENSEEEP00000057633	ENSEEEG00000029077	rab18b
ENSDARP00000101711	ENSDARG00000077176	zgc:174888	ENSEEEP00000026563	ENSEEEG00000012849	zgc:174888
ENSDARP00000142630	ENSDARG00000088428	si:ch211-189a15.5	ENSEEEP00000043544	ENSEEEG00000020581	si:ch211-189a15.5
ENSDARP00000138535	ENSDARG00000100383	il10ra	ENSEEEP00000018638	ENSEEEG00000009162	IL10RA
ENSDARP00000117785	ENSDARG00000043843	akap7	ENSEEEP00000053734	ENSEEEG00000025267	AKAP7
ENSDARP00000057732	ENSDARG00000039513	actmap	ENSEEEP00000048608	ENSEEEG00000022872	C19orf54
ENSDARP00000055658	ENSDARG00000038176	cyb561	ENSEEEP00000054444	ENSEEEG00000017365	cyb561
ENSDARP00000060954	ENSDARG00000041576	nudt18	ENSEEEP00000022624	ENSEEEG00000010990	NUDT18
ENSDARP00000011878	ENSDARG00000015747	aarsd1	ENSEEEP00000005168	ENSEEEG00000002688	aarsd1
ENSDARP00000136438	ENSDARG00000104875	bspry	ENSEEEP00000053552	ENSEEEG00000020117	BSPRY
ENSDARP00000057499	ENSDARG00000039345	drg1	ENSEEEP00000036193	ENSEEEG00000017189	DRG1
ENSDARP00000008206	ENSDARG00000094080	or30bt1	ENSEEEP00000054435	ENSEEEG00000026233	or103-1
ENSDARP00000141317	ENSDARG00000076564	hspg2	ENSEEEP00000057795	ENSEEEG00000019486	HSPG2
ENSDARP00000071857	ENSDARG00000059060	lgalsla	ENSEEEP00000009851	ENSEEEG00000005014	lgalsla
ENSDARP00000103714	ENSDARG00000077571	zgc:174862	ENSEEEP00000056438	ENSEEEG00000025904	OSER1
ENSDARP00000116692	ENSDARG00000039152	fbxo36b	ENSEEEP00000059991	ENSEEEG00000028346	fbxo36b
ENSDARP00000065012	ENSDARG00000044278	synprb	ENSEEEP00000012516	ENSEEEG00000006258	synprb
ENSDARP00000120955	ENSDARG00000078434	znf692	ENSEEEP00000059010	ENSEEEG00000025712	
ENSDARP00000015974	ENSDARG00000011000	gtf2a1	ENSEEEP00000021294	ENSEEEG00000010374	GTF2A1
ENSDARP00000140065	ENSDARG00000008861	tfap2e	ENSEEEP00000015173	ENSEEEG00000007566	TFAP2E
ENSDARP00000021989	ENSDARG00000016964	mcur1	ENSEEEP00000052604	ENSEEEG00000024645	MCUR1
ENSDARP00000117613	ENSDARG00000069169	cerk	ENSEEEP00000032346	ENSEEEG00000015416	CERK
ENSDARP00000028571	ENSDARG00000028546	ndufs1	ENSEEEP00000042076	ENSEEEG00000019771	NDUFS1
ENSDARP00000094767	ENSDARG00000053728	ttll3	ENSEEEP00000020167	ENSEEEG00000009848	ttll3
ENSDARP00000023637	ENSDARG00000006811	sult1st6	ENSEEEP00000048175	ENSEEEG00000022677	sult1st6
ENSDARP00000121211	ENSDARG00000017741	g3bp1	ENSEEEP00000029848	ENSEEEG00000014297	G3BP1
ENSDARP00000110890	ENSDARG00000091221	ttc34	ENSEEEP00000059910	ENSEEEG00000007801	ttc34
ENSDARP00000140082	ENSDARG00000101438	lonp2	ENSEEEP00000030579	ENSEEEG00000014648	LONP2
ENSDARP00000101285	ENSDARG00000078986	mplkip	ENSEEEP00000064263	ENSEEEG00000028337	MPLKIP
ENSDARP00000132386	ENSDARG00000101432	rab11fip2	ENSEEEP00000044624	ENSEEEG00000021070	RAB11FIP2
ENSDARP00000144458	ENSDARG00000099108	clic6	ENSEEEP00000029913	ENSEEEG00000014326	CLIC6
ENSDARP00000139154	ENSDARG00000101331	tekt1	ENSEEEP00000042985	ENSEEEG00000020291	TEKT1
ENSDARP00000119883	ENSDARG00000022891	zgc:175214	ENSEEEP00000043375	ENSEEEG00000020496	zgc:175214
ENSDARP00000108490	ENSDARG00000040712	adprh	ENSEEEP00000048191	ENSEEEG00000022690	ADPRH
ENSDARP00000036411	ENSDARG00000019459	elf2a	ENSEEEP00000058510	ENSEEEG00000028394	elf2a
ENSDARP00000054336	ENSDARG00000034975	gpr157	ENSEEEP00000030963	ENSEEEG00000014809	GPR157
ENSDARP00000025864	ENSDARG00000010738	zgc:101716	ENSEEEP00000008406	ENSEEEG00000004386	zgc:101716
ENSDARP00000072975	ENSDARG00000056085	mob4	ENSEEEP00000022403	ENSEEEG00000010877	mob4
ENSDARP00000005597	ENSDARG00000011837	zgc:100846	ENSEEEP00000045847	ENSEEEG00000021607	C9orf72
ENSDARP00000094631	ENSDARG00000011506	lpcat1	ENSEEEP00000006859	ENSEEEG00000003624	LPCAT1
ENSDARP00000023215	ENSDARG00000020250	rhoj	ENSEEEP00000050990	ENSEEEG00000023944	RHOJ
ENSDARP00000120732	ENSDARG00000006308	ptpn18	ENSEEEP00000000527	ENSEEEG00000000380	ptpn18
ENSDARP00000072302	ENSDARG00000055479	mmp20b	ENSEEEP00000000957	ENSEEEG00000000564	mmp20b
ENSDARP00000020000	ENSDARG00000008858	cyp7b1	ENSEEEP00000025852	ENSEEEG00000012461	CYP7B1
ENSDARP00000043545	ENSDARG00000032985	mrpl27	ENSEEEP00000051611	ENSEEEG00000024235	MRPL27
ENSDARP00000127725	ENSDARG00000086450	tdg.2	ENSEEEP00000054350	ENSEEEG00000020740	tdg.2
ENSDARP00000026992	ENSDARG00000018902	pes	ENSEEEP00000017971	ENSEEEG00000008854	pes
ENSDARP00000093481	ENSDARG00000058644	dnajb2	ENSEEEP00000064138	ENSEEEG00000026749	DNAJB2
ENSDARP00000121564	ENSDARG00000054942	lgals2a	ENSEEEP00000042478	ENSEEEG00000020057	lgals2a
ENSDARP00000122244	ENSDARG00000092787	si:dkey-88p24.11	ENSEEEP00000056411	ENSEEEG00000028455	
ENSDARP00000095418	ENSDARG00000040163	prim1	ENSEEEP00000013599	ENSEEEG00000006796	prim1
ENSDARP00000040265	ENSDARG00000029830	myf6	ENSEEEP00000029975	ENSEEEG00000014363	MYF6
ENSDARP00000124053	ENSDARG00000061024	rabggta	ENSEEEP00000006044	ENSEEEG00000003219	RABGGTA
ENSDARP00000123940	ENSDARG00000076913	eme1	ENSEEEP00000051609	ENSEEEG00000024234	EME1
ENSDARP00000118301	ENSDARG00000068152	malt3	ENSEEEP00000035005	ENSEEEG00000016645	malt3
ENSDARP00000135094	ENSDARG00000109654	cmklr1l1	ENSEEEP00000005256	ENSEEEG00000002746	CMKLR1
ENSDARP00000102969	ENSDARG00000079915	pot1	ENSEEEP00000018754	ENSEEEG00000009215	POT1
ENSDARP00000127983	ENSDARG00000097485	cfap99	ENSEEEP00000012482	ENSEEEG00000006268	CFAP99
ENSDARP00000015168	ENSDARG00000010255	bin2b	ENSEEEP00000053081	ENSEEEG00000018712	bin2b
ENSDARP00000145058	ENSDARG00000060865	scai	ENSEEEP00000063994	ENSEEEG00000018705	SCAI
ENSDARP00000056641	ENSDARG00000038787	tmub1	ENSEEEP00000030888	ENSEEEG00000014785	TMUB1
ENSDARP00000107243	ENSDARG00000091003	il34	ENSEEEP00000030583	ENSEEEG00000014649	IL34
ENSDARP00000075271	ENSDARG00000091348	rtn3	ENSEEEP00000035119	ENSEEEG00000016705	RTN3
ENSDARP00000025270	ENSDARG00000013004	tdg.1	ENSEEEP00000043882	ENSEEEG00000020741	tdg.1
ENSDARP00000129655	ENSDARG00000013892	sorl1	ENSEEEP00000035203	ENSEEEG00000016484	SORL1
ENSDARP00000112959	ENSDARG00000053558	rtkn2	ENSEEEP00000012478	ENSEEEG00000006266	rtkn2a
ENSDARP00000120504	ENSDARG00000022260	fez2b	ENSEEEP00000051292	ENSEEEG00000024065	si:ch211-57i17.1
ENSDARP00000136310	ENSDARG00000005513	naca	ENSEEEP00000059962	ENSEEEG00000006759	naca
ENSDARP00000072961	ENSDARG00000056078	rftn2	ENSEEEP00000040696	ENSEEEG00000019284	RFTN2
ENSDARP00000099149	ENSDARG00000078613	vhll	ENSEEEP00000037483	ENSEEEG00000017821	vhll
ENSDARP00000009325	ENSDARG00000005595	adgb	ENSEEEP00000023895	ENSEEEG00000011598	
ENSDARP00000110325	ENSDARG00000090230	tmem108	ENSEEEP00000014854	ENSEEEG00000007395	TMEM108
ENSDARP00000128747	ENSDARG00000091734	traf3ip2l	ENSEEEP00000010396	ENSEEEG00000005264	
ENSDARP00000118422	ENSDARG00000053575	gpat2	ENSEEEP00000037492	ENSEEEG00000017826	GPAT2
ENSDARP00000059012	ENSDARG00000076568	sec61b	ENSEEEP00000040139	ENSEEEG00000019034	SEC61B
ENSDARP00000064596	ENSDARG00000044001	lgals3b	ENSEEEP00000009258	ENSEEEG00000004751	lgals3b
ENSDARP00000128573	ENSDARG00000045019	aamp	ENSEEEP00000049419	ENSEEEG00000023229	AAMP
ENSDARP00000018463	ENSDARG00000003808	aqp3a	ENSEEEP00000007968	ENSEEEG00000004158	aqp3a
ENSDARP00000058031	ENSDARG00000039699	fam204a	ENSEEEP00000044629	ENSEEEG00000021071	FAM204A
ENSDARP00000010347	ENSDARG00000009438	myog	ENSEEEP00000038977	ENSEEEG00000018490	MYOG
ENSDARP00000022305	ENSDARG00000015471	chd1l	ENSEEEP00000010485	ENSEEEG00000005270	CHD1L
ENSDARP00000047856	ENSDARG00000008805	orc3	ENSEEEP00000019380	ENSEEEG00000009493	ORC3
ENSDARP00000132105	ENSDARG00000102607	pmpca	ENSEEEP00000046811	ENSEEEG00000021976	PMPCA
ENSDARP00000022528	ENSDARG00000019404	atp5f1d	ENSEEEP00000062109	ENSEEEG00000022471	ATP5F1D
ENSDARP00000022396	ENSDARG00000019532	fads2	ENSEEEP00000007227	ENSEEEG00000003733	fads2
ENSDARP00000122693	ENSDARG00000053082	thada	ENSEEEP00000022083	ENSEEEG00000010728	THADA
ENSDARP00000020465	ENSDARG00000016156	fam53b	ENSEEEP00000007915	ENSEEEG00000004131	FAM53B
ENSDARP00000080136	ENSDARG00000060646	senp5	ENSEEEP00000050817	ENSEEEG00000023867	SENP5
ENSDARP00000048854	ENSDARG00000034105	mtus1b	ENSEEEP00000049079	ENSEEEG00000023058	mtus1b
ENSDARP00000131889	ENSDARG00000103117	tmprss4a	ENSEEEP00000018636	ENSEEEG00000009159	
ENSDARP00000032745	ENSDARG00000026835	slc25a32b	ENSEEEP00000006233	ENSEEEG00000003328	slc25a32b
ENSDARP00000094034	ENSDARG00000070399	alg2	ENSEEEP00000040141	ENSEEEG00000019037	ALG2
ENSDARP00000068720	ENSDARG00000052386	cldnd1b	ENSEEEP00000006716	ENSEEEG00000003557	cldnd1a
ENSDARP00000055779	ENSDARG00000034427	jpt2	ENSEEEP00000055924	ENSEEEG00000027868	JPT2
ENSDARP00000121369	ENSDARG00000041361	ttk	ENSEEEP00000048679	ENSEEEG00000022901	TTK
ENSDARP00000110366	ENSDARG00000089742	fam161a	ENSEEEP00000061846	ENSEEEG00000025670	CCDC148
ENSDARP00000061326	ENSDARG00000041848	rh50	ENSEEEP00000003742	ENSEEEG00000002025	rh50
ENSDARP00000109289	ENSDARG00000007277	myf5	ENSEEEP00000029977	ENSEEEG00000014364	MYF5
ENSDARP00000125000	ENSDARG00000060951	polg	ENSEEEP00000046169	ENSEEEG00000021749	POLG
ENSDARP00000143566	ENSDARG00000054224	ipo11	ENSEEEP00000037957	ENSEEEG00000018026	IPO11
ENSDARP00000025917	ENSDARG00000002949	ppp6c	ENSEEEP00000039380	ENSEEEG00000018707	PPP6C
ENSDARP00000117789	ENSDARG00000067741	itpkcb	ENSEEEP00000062128	ENSEEEG00000026026	itpkcb
ENSDARP00000029924	ENSDARG00000024311	nsmce4a	ENSEEEP00000047528	ENSEEEG00000022372	NSMCE4A
ENSDARP00000125025	ENSDARG00000051890	hp	ENSEEEP00000001467	ENSEEEG00000000950	hp
ENSDARP00000124168	ENSDARG00000070798	pmvk	ENSEEEP00000016556	ENSEEEG00000008202	PMVK
ENSDARP00000073961	ENSDARG00000056932	tfip11	ENSEEEP00000013592	ENSEEEG00000006780	TFIP11
ENSDARP00000115216	ENSDARG00000061896	slco2a1	ENSEEEP00000010656	ENSEEEG00000005392	SLCO2A1
ENSDARP00000155766	ENSDARG00000005314	calhm1b	ENSEEEP00000058020	ENSEEEG00000020495	CALHM1
ENSDARP00000047727	ENSDARG00000030759	melk	ENSEEEP00000024088	ENSEEEG00000011683	MELK
ENSDARP00000140867	ENSDARG00000100157	tamm41	ENSEEEP00000030632	ENSEEEG00000014672	TAMM41
ENSDARP00000019194	ENSDARG00000014361	tmbim4	ENSEEEP00000061223	ENSEEEG00000026862	tmbim4
ENSDARP00000114797	ENSDARG00000001733	gulp1a	ENSEEEP00000009642	ENSEEEG00000004914	gulp1a
ENSDARP00000053680	ENSDARG00000036965	rnf24	ENSEEEP00000056957	ENSEEEG00000027810	RNF24
ENSDARP00000029074	ENSDARG00000020741	fga	ENSEEEP00000025017	ENSEEEG00000012136	fga
ENSDARP00000123412	ENSDARG00000077075	fastk	ENSEEEP00000030887	ENSEEEG00000014783	FASTK
ENSDARP00000089128	ENSDARG00000068143	slc39a6	ENSEEEP00000052859	ENSEEEG00000012555	SLC39A6
ENSDARP00000142145	ENSDARG00000103730	vgll4b	ENSEEEP00000063284	ENSEEEG00000028706	vgll4b
ENSDARP00000095869	ENSDARG00000071197	usp40	ENSEEEP00000000378	ENSEEEG00000000263	USP40
ENSDARP00000128760	ENSDARG00000027825	naa50	ENSEEEP00000047157	ENSEEEG00000022195	NAA50
ENSDARP00000116242	ENSDARG00000026224	fanci	ENSEEEP00000046194	ENSEEEG00000021759	FANCI
ENSDARP00000112176	ENSDARG00000088981	tmem220	ENSEEEP00000040445	ENSEEEG00000019158	TMEM220
ENSDARP00000139496	ENSDARG00000100722	si:ch211-160f23.7	ENSEEEP00000001565	ENSEEEG00000001006	si:ch211-160f23.7
ENSDARP00000120624	ENSDARG00000029445	eif1b	ENSEEEP00000020220	ENSEEEG00000009871	EIF1B
ENSDARP00000132982	ENSDARG00000102792	si:ch211-106f21.1	ENSEEEP00000039446	ENSEEEG00000018734	si:ch211-106f21.1
ENSDARP00000005503	ENSDARG00000016613	mcat	ENSEEEP00000000326	ENSEEEG00000000240	MCAT
ENSDARP00000016439	ENSDARG00000003655	tmem59l	ENSEEEP00000005496	ENSEEEG00000002877	TMEM59L
ENSDARP00000087316	ENSDARG00000063509	lrrc58b	ENSEEEP00000058244	ENSEEEG00000025589	lrrc58a
ENSDARP00000060017	ENSDARG00000040955	dharma	ENSEEEP00000034124	ENSEEEG00000016246	dharma
ENSDARP00000066976	ENSDARG00000045549	bik	ENSEEEP00000000339	ENSEEEG00000000245	bik
ENSDARP00000032543	ENSDARG00000030448	sppl2	ENSEEEP00000032778	ENSEEEG00000015387	sppl2
ENSDARP00000099162	ENSDARG00000077307	tmem201	ENSEEEP00000048537	ENSEEEG00000022837	TMEM201
ENSDARP00000048920	ENSDARG00000006545	rgp1	ENSEEEP00000012185	ENSEEEG00000006145	RGP1
ENSDARP00000130032	ENSDARG00000099363	lhb	ENSEEEP00000045309	ENSEEEG00000021389	lhb
ENSDARP00000151100	ENSDARG00000094587	si:dkey-35m8.1	ENSEEEP00000010492	ENSEEEG00000005313	si:dkey-35m8.1
ENSDARP00000138158	ENSDARG00000098408	stbd1	ENSEEEP00000053155	ENSEEEG00000026598	STBD1
ENSDARP00000022617	ENSDARG00000013414	lin7a	ENSEEEP00000052172	ENSEEEG00000024462	LIN7A
ENSDARP00000093036	ENSDARG00000058366	si:dkey-222f8.3	ENSEEEP00000036542	ENSEEEG00000017362	si:dkey-222f8.3
ENSDARP00000110758	ENSDARG00000014624	si:dkeyp-94g1.1	ENSEEEP00000010667	ENSEEEG00000005404	
ENSDARP00000138201	ENSDARG00000104771	timm44	ENSEEEP00000012746	ENSEEEG00000006225	TIMM44
ENSDARP00000118508	ENSDARG00000074441	gp1bb	ENSEEEP00000023243	ENSEEEG00000011271	GP1BB
ENSDARP00000134109	ENSDARG00000103553	sf3b3	ENSEEEP00000030627	ENSEEEG00000014658	SF3B3
ENSDARP00000068947	ENSDARG00000013860	ptpmt1	ENSEEEP00000036954	ENSEEEG00000017553	PTPMT1
ENSDARP00000137716	ENSDARG00000098862	plpp4	ENSEEEP00000045319	ENSEEEG00000021391	PLPP4
ENSDARP00000068606	ENSDARG00000005154	aspa	ENSEEEP00000010538	ENSEEEG00000005343	ASPA
ENSDARP00000128756	ENSDARG00000097055	vps37d	ENSEEEP00000009285	ENSEEEG00000004767	si:ch211-284f22.3
ENSDARP00000124120	ENSDARG00000061472	gba2	ENSEEEP00000012190	ENSEEEG00000006146	GBA2
ENSDARP00000076262	ENSDARG00000058871	zgc:171857	ENSEEEP00000018272	ENSEEEG00000008977	zgc:171857
ENSDARP00000065599	ENSDARG00000044642	sc5d	ENSEEEP00000008973	ENSEEEG00000004630	SC5D
ENSDARP00000062079	ENSDARG00000042337	chrac1	ENSEEEP00000046772	ENSEEEG00000022025	CHRAC1
ENSDARP00000111873	ENSDARG00000089862	si:dkey-16j16.4	ENSEEEP00000012319	ENSEEEG00000006196	si:dkey-16j16.4
ENSDARP00000081257	ENSDARG00000061124	srpra	ENSEEEP00000043809	ENSEEEG00000020705	SRPRA
ENSDARP00000136154	ENSDARG00000101260	gpatch2	ENSEEEP00000053968	ENSEEEG00000026092	serbp1b
ENSDARP00000109160	ENSDARG00000089042	foxb1a	ENSEEEP00000001110	ENSEEEG00000000745	foxb1a
ENSDARP00000096172	ENSDARG00000071325	cbarpb	ENSEEEP00000047736	ENSEEEG00000022472	CBARP
ENSDARP00000117700	ENSDARG00000052567	tmem35	ENSEEEP00000057894	ENSEEEG00000027944	tmem35
ENSDARP00000078992	ENSDARG00000060196	lhpp	ENSEEEP00000007913	ENSEEEG00000004128	LHPP
ENSDARP00000044153	ENSDARG00000032242	tnnt2c	ENSEEEP00000036544	ENSEEEG00000017363	tnnt2c
ENSDARP00000111133	ENSDARG00000087793	tp53i13	ENSEEEP00000000987	ENSEEEG00000000672	si:dkey-54n8.2
ENSDARP00000132589	ENSDARG00000098392	ly6pge	ENSEEEP00000047545	ENSEEEG00000022382	ly6pge
ENSDARP00000055563	ENSDARG00000038113	rprd1b	ENSEEEP00000023868	ENSEEEG00000011582	RPRD1B
ENSDARP00000116237	ENSDARG00000029157	med23	ENSEEEP00000063353	ENSEEEG00000018052	MED23
ENSDARP00000125622	ENSDARG00000096310	taf1c	ENSEEEP00000007789	ENSEEEG00000004074	wu:fj64h06
ENSDARP00000031228	ENSDARG00000023028	cdv3	ENSEEEP00000064590	ENSEEEG00000028742	CDV3
ENSDARP00000142784	ENSDARG00000105581	msmp1	ENSEEEP00000062656	ENSEEEG00000026886	MSMP
ENSDARP00000116860	ENSDARG00000007769	sult5a1	ENSEEEP00000001462	ENSEEEG00000000881	sult5a1
ENSDARP00000018980	ENSDARG00000007320	rpl7	ENSEEEP00000050899	ENSEEEG00000023909	rpl7
ENSDARP00000151054	ENSDARG00000005098	prc2	ENSEEEP00000054856	ENSEEEG00000016018	zgc:86764
ENSDARP00000118808	ENSDARG00000031891	tbx1	ENSEEEP00000027056	ENSEEEG00000013061	tbx1
ENSDARP00000138619	ENSDARG00000100789	plgrkt	ENSEEEP00000062570	ENSEEEG00000026065	PLGRKT
ENSDARP00000136924	ENSDARG00000104023	mag	ENSEEEP00000002652	ENSEEEG00000001530	MAG
ENSDARP00000122801	ENSDARG00000057184	zgc:55781	ENSEEEP00000046084	ENSEEEG00000021718	C7orf25
ENSDARP00000078372	ENSDARG00000059963	polk	ENSEEEP00000007972	ENSEEEG00000004160	POLK
ENSDARP00000036613	ENSDARG00000021905	derl1	ENSEEEP00000033689	ENSEEEG00000016028	DERL1
ENSDARP00000057465	ENSDARG00000039328	ccndbp1	ENSEEEP00000053238	ENSEEEG00000017589	ccndbp1
ENSDARP00000138995	ENSDARG00000103762	rln1	ENSEEEP00000028359	ENSEEEG00000013632	
ENSDARP00000136248	ENSDARG00000098907	abraxas2	ENSEEEP00000054005	ENSEEEG00000017110	ABRAXAS2
ENSDARP00000138693	ENSDARG00000078073	nudt5	ENSEEEP00000029550	ENSEEEG00000014154	NUDT5
ENSDARP00000105556	ENSDARG00000068214	ccni	ENSEEEP00000007778	ENSEEEG00000004069	CCNI
ENSDARP00000019450	ENSDARG00000004114	tti1	ENSEEEP00000023864	ENSEEEG00000011579	TTI1
ENSDARP00000065816	ENSDARG00000044774	pou5f3	ENSEEEP00000034311	ENSEEEG00000016337	pou5f3
ENSDARP00000103741	ENSDARG00000078929	abhd16a	ENSEEEP00000006732	ENSEEEG00000003555	ABHD16A
ENSDARP00000097722	ENSDARG00000078077	dph2	ENSEEEP00000052606	ENSEEEG00000024646	DPH2
ENSDARP00000139006	ENSDARG00000102180	shroom3	ENSEEEP00000007770	ENSEEEG00000004064	SHROOM3
ENSDARP00000090664	ENSDARG00000068940	atp5meb	ENSEEEP00000002782	ENSEEEG00000001600	atp5mea
ENSDARP00000120899	ENSDARG00000052575	arl13a	ENSEEEP00000035505	ENSEEEG00000016905	arl13a
ENSDARP00000006320	ENSDARG00000019398	psma6a	ENSEEEP00000020921	ENSEEEG00000010167	psma6b
ENSDARP00000143779	ENSDARG00000099139	fbxw5	ENSEEEP00000042658	ENSEEEG00000020136	FBXW5
ENSDARP00000121388	ENSDARG00000092653	si:dkey-1h24.6	ENSEEEP00000024679	ENSEEEG00000011955	
ENSDARP00000004469	ENSDARG00000017602	ccng2	ENSEEEP00000060558	ENSEEEG00000028458	CCNG2
ENSDARP00000130442	ENSDARG00000028448	edem2	ENSEEEP00000052359	ENSEEEG00000024535	EDEM2
ENSDARP00000046933	ENSDARG00000023583	coq9	ENSEEEP00000034474	ENSEEEG00000016411	COQ9
ENSDARP00000136256	ENSDARG00000091926	casp22	ENSEEEP00000055183	ENSEEEG00000025381	casp22
ENSDARP00000089913	ENSDARG00000005821	ncf2	ENSEEEP00000052613	ENSEEEG00000024649	NCF2
ENSDARP00000010728	ENSDARG00000013598	tnfb	ENSEEEP00000041517	ENSEEEG00000019634	tnfb
ENSDARP00000024644	ENSDARG00000015674	msx3	ENSEEEP00000004957	ENSEEEG00000002582	msx3
ENSDARP00000105068	ENSDARG00000039576	fstl1b	ENSEEEP00000041093	ENSEEEG00000019448	fstl1b
ENSDARP00000114109	ENSDARG00000018744	prl2	ENSEEEP00000051525	ENSEEEG00000024191	prl2
ENSDARP00000094918	ENSDARG00000001969	txlng	ENSEEEP00000008999	ENSEEEG00000004535	TXLNG
ENSDARP00000116374	ENSDARG00000078435	anapc13	ENSEEEP00000058741	ENSEEEG00000027087	ANAPC13
ENSDARP00000096230	ENSDARG00000071360	morn2	ENSEEEP00000062023	ENSEEEG00000025984	MORN2
ENSDARP00000140019	ENSDARG00000104733	coq4	ENSEEEP00000042606	ENSEEEG00000020118	COQ4
ENSDARP00000141709	ENSDARG00000104169	znf638	ENSEEEP00000042537	ENSEEEG00000020086	znf638
ENSDARP00000136758	ENSDARG00000103167	si:dkey-245n4.2	ENSEEEP00000007966	ENSEEEG00000004157	si:dkey-245n4.2
ENSDARP00000064656	ENSDARG00000044039	stx11a	ENSEEEP00000001350	ENSEEEG00000000897	STX11
ENSDARP00000136434	ENSDARG00000037967	si:dkey-16l2.16	ENSEEEP00000028649	ENSEEEG00000013768	si:dkey-16l2.16
ENSDARP00000095605	ENSDARG00000071062	hps5	ENSEEEP00000037698	ENSEEEG00000017921	HPS5
ENSDARP00000076098	ENSDARG00000058731	slc2a6	ENSEEEP00000044638	ENSEEEG00000021077	SLC2A6
ENSDARP00000115546	ENSDARG00000040237	mef2d	ENSEEEP00000060523	ENSEEEG00000017522	MEF2D
ENSDARP00000115028	ENSDARG00000043662	cnih2	ENSEEEP00000021179	ENSEEEG00000010327	CNIH2
ENSDARP00000079733	ENSDARG00000060500	l2hgdh	ENSEEEP00000014024	ENSEEEG00000006971	L2HGDH
ENSDARP00000110920	ENSDARG00000086183	vkorc1	ENSEEEP00000042470	ENSEEEG00000020052	VKORC1
ENSDARP00000127459	ENSDARG00000029036	rab32a	ENSEEEP00000023898	ENSEEEG00000011601	rab32a
ENSDARP00000155619	ENSDARG00000025670	fstl3	ENSEEEP00000047753	ENSEEEG00000022476	FSTL3
ENSDARP00000078554	ENSDARG00000060018	si:ch1073-44g3.1	ENSEEEP00000007246	ENSEEEG00000003808	si:ch1073-44g3.1
ENSDARP00000127555	ENSDARG00000091792	akap12a	ENSEEEP00000001352	ENSEEEG00000000898	akap12a
ENSDARP00000119429	ENSDARG00000023110	mapk7	ENSEEEP00000042726	ENSEEEG00000020076	MAPK7
ENSDARP00000092351	ENSDARG00000069675	her8.2	ENSEEEP00000024852	ENSEEEG00000012041	her8.2
ENSDARP00000059559	ENSDARG00000035023	khdc4	ENSEEEP00000008905	ENSEEEG00000004598	KHDC4
ENSDARP00000126377	ENSDARG00000087663	prr35	ENSEEEP00000051034	ENSEEEG00000023961	si:ch211-248l17.3
ENSDARP00000100735	ENSDARG00000063088	si:dkey-211g8.6	ENSEEEP00000014740	ENSEEEG00000007333	si:dkey-211g8.6
ENSDARP00000102707	ENSDARG00000025518	f8a	ENSEEEP00000041904	ENSEEEG00000019789	zgc:101679
ENSDARP00000035010	ENSDARG00000026109	slc48a1b	ENSEEEP00000059241	ENSEEEG00000028202	slc48a1b
ENSDARP00000096439	ENSDARG00000071454	crp1	ENSEEEP00000051033	ENSEEEG00000023960	crp1
ENSDARP00000138645	ENSDARG00000104068	gstp1.2	ENSEEEP00000048172	ENSEEEG00000022676	GSTP1
ENSDARP00000098095	ENSDARG00000067797	spi1a	ENSEEEP00000063433	ENSEEEG00000001886	spi1a
ENSDARP00000064196	ENSDARG00000043716	cldn5a	ENSEEEP00000022020	ENSEEEG00000010693	cldn5a
ENSDARP00000142615	ENSDARG00000097876	si:dkey-40g16.5	ENSEEEP00000034632	ENSEEEG00000016473	si:dkey-40g16.5
ENSDARP00000128113	ENSDARG00000051823	hyal4	ENSEEEP00000037815	ENSEEEG00000017967	HYAL4
ENSDARP00000137317	ENSDARG00000103187	syce2	ENSEEEP00000039418	ENSEEEG00000018722	SYCE2
ENSDARP00000127887	ENSDARG00000097256	pln2	ENSEEEP00000053548	ENSEEEG00000026805	si:ch211-270g19.5
ENSDARP00000144094	ENSDARG00000087893	rnf216	ENSEEEP00000000008	ENSEEEG00000000006	RNF216
ENSDARP00000105750	ENSDARG00000004199	spam1	ENSEEEP00000037792	ENSEEEG00000017963	spam1
ENSDARP00000138123	ENSDARG00000104178	trir	ENSEEEP00000050797	ENSEEEG00000023863	TRIR
ENSDARP00000112164	ENSDARG00000086484	fbxw10	ENSEEEP00000021771	ENSEEEG00000010589	
ENSDARP00000118895	ENSDARG00000078317	si:dkey-175m17.7	ENSEEEP00000063046	ENSEEEG00000002130	si:dkey-175m17.7
ENSDARP00000093905	ENSDARG00000070337	hoxc1a	ENSEEEP00000043144	ENSEEEG00000020372	
ENSDARP00000137547	ENSDARG00000095152	si:ch211-255i3.4	ENSEEEP00000013486	ENSEEEG00000006746	si:ch211-255i3.4
ENSDARP00000133221	ENSDARG00000101635	dact1	ENSEEEP00000008209	ENSEEEG00000004288	DACT1
ENSDARP00000002953	ENSDARG00000005673	f3b	ENSEEEP00000035714	ENSEEEG00000017002	F3
ENSDARP00000075733	ENSDARG00000058413	rnaset2l	ENSEEEP00000052412	ENSEEEG00000024553	rnaset2l
ENSDARP00000105419	ENSDARG00000045733	ciapin1	ENSEEEP00000034470	ENSEEEG00000016409	CIAPIN1
ENSDARP00000143382	ENSDARG00000032218	acss3	ENSEEEP00000061318	ENSEEEG00000024463	ACSS3
ENSDARP00000122750	ENSDARG00000068507	crybb1	ENSEEEP00000004056	ENSEEEG00000002144	crybb1
ENSDARP00000097435	ENSDARG00000071871	glod5	ENSEEEP00000053049	ENSEEEG00000027351	glod5
ENSDARP00000121973	ENSDARG00000026908	tmed2	ENSEEEP00000049571	ENSEEEG00000023308	TMED2
ENSDARP00000125007	ENSDARG00000027803	sbds	ENSEEEP00000028909	ENSEEEG00000013878	SBDS
ENSDARP00000124248	ENSDARG00000038153	lgals2b	ENSEEEP00000007620	ENSEEEG00000003986	lgals2b
ENSDARP00000124114	ENSDARG00000036894	aimp1b	ENSEEEP00000039740	ENSEEEG00000018843	aimp1b
ENSDARP00000127551	ENSDARG00000094695	si:dkey-204f11.64	ENSEEEP00000045312	ENSEEEG00000021387	si:ch211-286b5.5
ENSDARP00000014757	ENSDARG00000030781	acads	ENSEEEP00000004089	ENSEEEG00000002165	ACADS
ENSDARP00000113218	ENSDARG00000062418	ttl	ENSEEEP00000064198	ENSEEEG00000025385	TTL
ENSDARP00000114500	ENSDARG00000028894	mrgbp	ENSEEEP00000024830	ENSEEEG00000012031	MRGBP
ENSDARP00000072840	ENSDARG00000055966	cflara	ENSEEEP00000013522	ENSEEEG00000006760	cflara
ENSDARP00000022360	ENSDARG00000006487	anp32a	ENSEEEP00000017985	ENSEEEG00000008862	anp32a
ENSDARP00000020323	ENSDARG00000009864	ddx55	ENSEEEP00000022166	ENSEEEG00000010631	DDX55
ENSDARP00000097545	ENSDARG00000079973	pus10	ENSEEEP00000035906	ENSEEEG00000017062	PUS10
ENSDARP00000131048	ENSDARG00000015356	fcho1	ENSEEEP00000038153	ENSEEEG00000018126	FCHO1
ENSDARP00000037144	ENSDARG00000021866	upk1a	ENSEEEP00000008409	ENSEEEG00000004388	UPK1A
ENSDARP00000115588	ENSDARG00000095590	spp2	ENSEEEP00000016734	ENSEEEG00000008294	SPP2
ENSDARP00000128108	ENSDARG00000037066	lgals8a	ENSEEEP00000032398	ENSEEEG00000015448	lgals8a
ENSDARP00000121862	ENSDARG00000070340	hoxc5a	ENSEEEP00000043130	ENSEEEG00000020367	hoxc5a
ENSDARP00000023480	ENSDARG00000008540	sox21b	ENSEEEP00000056531	ENSEEEG00000025687	sox21b
ENSDARP00000120940	ENSDARG00000088601	si:dkey-175m17.6	ENSEEEP00000003983	ENSEEEG00000002129	si:dkey-175m17.6
ENSDARP00000111817	ENSDARG00000056725	hmgb3a	ENSEEEP00000024157	ENSEEEG00000011717	hmgb3a
ENSDARP00000052906	ENSDARG00000093003	acy3.1	ENSEEEP00000006717	ENSEEEG00000003558	acy3.2
ENSDARP00000120347	ENSDARG00000093269	si:ch73-62b13.1	ENSEEEP00000005989	ENSEEEG00000003182	si:ch73-62b13.1
ENSDARP00000129398	ENSDARG00000070339	hoxc3a	ENSEEEP00000043140	ENSEEEG00000020371	
ENSDARP00000077013	ENSDARG00000013397	bnip2	ENSEEEP00000001123	ENSEEEG00000000752	BNIP2
ENSDARP00000127994	ENSDARG00000087985	znf365	ENSEEEP00000059339	ENSEEEG00000006256	ZNF365
ENSDARP00000107685	ENSDARG00000071013	arl6ip6	ENSEEEP00000041790	ENSEEEG00000019762	arl6ip6
ENSDARP00000141939	ENSDARG00000098247	det1	ENSEEEP00000011962	ENSEEEG00000006026	det1
ENSDARP00000090833	ENSDARG00000069013	prdx4	ENSEEEP00000042989	ENSEEEG00000020254	PRDX4
ENSDARP00000131401	ENSDARG00000102048	slc25a43	ENSEEEP00000026242	ENSEEEG00000012688	SLC25A43
ENSDARP00000041006	ENSDARG00000033655	stmn1b	ENSEEEP00000013485	ENSEEEG00000006744	stmn1b
ENSDARP00000118448	ENSDARG00000045574	lrmp	ENSEEEP00000028871	ENSEEEG00000013866	lrmp
ENSDARP00000022891	ENSDARG00000007786	tmx2b	ENSEEEP00000007348	ENSEEEG00000003860	tmx2b
ENSDARP00000150760	ENSDARG00000006691	rpl12	ENSEEEP00000031820	ENSEEEG00000015168	rpl12
ENSDARP00000123643	ENSDARG00000076448	serpinf2a	ENSEEEP00000040895	ENSEEEG00000019368	serpinf2a
ENSDARP00000122372	ENSDARG00000092556	si:ch211-214j8.12	ENSEEEP00000035983	ENSEEEG00000017117	si:ch211-214j8.12
ENSDARP00000025466	ENSDARG00000013475	cct4	ENSEEEP00000035927	ENSEEEG00000017085	CCT4
ENSDARP00000131247	ENSDARG00000099031	scn4ba	ENSEEEP00000018624	ENSEEEG00000009156	scn4ba
ENSDARP00000112552	ENSDARG00000034907	paqr7b	ENSEEEP00000013478	ENSEEEG00000006743	paqr7b
ENSDARP00000117177	ENSDARG00000112021	si:dkey-4c23.4	ENSEEEP00000057042	ENSEEEG00000028447	
ENSDARP00000116125	ENSDARG00000014059	cldn5b	ENSEEEP00000004104	ENSEEEG00000002179	cldn5b
ENSDARP00000118196	ENSDARG00000069632	emp1a	ENSEEEP00000041910	ENSEEEG00000019808	EMP1
ENSDARP00000092311	ENSDARG00000058369	mex3b	ENSEEEP00000052866	ENSEEEG00000026091	MEX3B
ENSDARP00000088098	ENSDARG00000067601	arfgap2	ENSEEEP00000033168	ENSEEEG00000015744	ARFGAP2
ENSDARP00000094129	ENSDARG00000070433	vps18	ENSEEEP00000027628	ENSEEEG00000013305	VPS18
ENSDARP00000148805	ENSDARG00000102144	eef1akmt2	ENSEEEP00000035975	ENSEEEG00000017113	eef1akmt2
ENSDARP00000057462	ENSDARG00000039325	pmepa1	ENSEEEP00000036323	ENSEEEG00000017275	PMEPA1
ENSDARP00000118682	ENSDARG00000087910	dact3a	ENSEEEP00000036787	ENSEEEG00000017464	dact3a
ENSDARP00000131607	ENSDARG00000036695	calcoco1a	ENSEEEP00000056907	ENSEEEG00000025488	calcoco1a
ENSDARP00000001399	ENSDARG00000000760	znf511	ENSEEEP00000004954	ENSEEEG00000002580	ZNF511
ENSDARP00000038815	ENSDARG00000027182	rnf25	ENSEEEP00000028650	ENSEEEG00000013770	RNF25
ENSDARP00000014390	ENSDARG00000012072	dmac2l	ENSEEEP00000027468	ENSEEEG00000013246	DMAC2L
ENSDARP00000052121	ENSDARG00000035904	crabp1b	ENSEEEP00000044602	ENSEEEG00000021052	crabp1b
ENSDARP00000136747	ENSDARG00000099291	lsr	ENSEEEP00000002664	ENSEEEG00000001537	LSR
ENSDARP00000112638	ENSDARG00000036785	si:ch211-226m16.2	ENSEEEP00000004489	ENSEEEG00000002336	hrct1
ENSDARP00000118645	ENSDARG00000068926	si:ch211-137a8.2	ENSEEEP00000034118	ENSEEEG00000016242	
ENSDARP00000109882	ENSDARG00000056862	cep63	ENSEEEP00000010808	ENSEEEG00000005474	CEP63
ENSDARP00000064654	ENSDARG00000044038	zbtb2a	ENSEEEP00000001357	ENSEEEG00000000900	zbtb2b
ENSDARP00000020101	ENSDARG00000009505	prelid3b	ENSEEEP00000059337	ENSEEEG00000027928	PRELID3B
ENSDARP00000064613	ENSDARG00000044011	xkrx	ENSEEEP00000035508	ENSEEEG00000016906	XKRX
ENSDARP00000067443	ENSDARG00000045885	scaf11	ENSEEEP00000014343	ENSEEEG00000007129	SCAF11
ENSDARP00000148744	ENSDARG00000088036	zfta	ENSEEEP00000035120	ENSEEEG00000016710	si:dkey-106g10.7
ENSDARP00000131742	ENSDARG00000097772	si:ch211-185a18.2	ENSEEEP00000059281	ENSEEEG00000026334	si:ch211-185a18.2
ENSDARP00000055046	ENSDARG00000037777	stk16	ENSEEEP00000041769	ENSEEEG00000019753	STK16
ENSDARP00000053010	ENSDARG00000036493	si:ch73-174h16.4	ENSEEEP00000053467	ENSEEEG00000013031	si:ch73-174h16.4
ENSDARP00000095783	ENSDARG00000071164	alkbh1	ENSEEEP00000047133	ENSEEEG00000022184	ALKBH1
ENSDARP00000111519	ENSDARG00000070348	hoxc10a	ENSEEEP00000043113	ENSEEEG00000020354	hoxc10a
ENSDARP00000094132	ENSDARG00000070434	rhov	ENSEEEP00000027631	ENSEEEG00000013308	RHOV
ENSDARP00000058406	ENSDARG00000039931	slc25a33	ENSEEEP00000062766	ENSEEEG00000022838	SLC25A33
ENSDARP00000127737	ENSDARG00000075057	prorp	ENSEEEP00000027496	ENSEEEG00000013266	psma6a
ENSDARP00000114403	ENSDARG00000045075	tmem106a	ENSEEEP00000023942	ENSEEEG00000011624	TMEM106A
ENSDARP00000093913	ENSDARG00000070346	hoxc8a	ENSEEEP00000043121	ENSEEEG00000020360	hoxc8a
ENSDARP00000021253	ENSDARG00000012485	aurka	ENSEEEP00000028376	ENSEEEG00000013646	AURKA
ENSDARP00000093906	ENSDARG00000070338	hoxc4a	ENSEEEP00000043135	ENSEEEG00000020368	hoxc4a
ENSDARP00000153749	ENSDARG00000028786	chst12a	ENSEEEP00000000045	ENSEEEG00000000021	chst12a
ENSDARP00000118700	ENSDARG00000053571	adob	ENSEEEP00000012457	ENSEEEG00000006255	adob
ENSDARP00000075023	ENSDARG00000096594	lratb.1	ENSEEEP00000025009	ENSEEEG00000012130	lratb.1
ENSDARP00000089387	ENSDARG00000068256	rwdd	ENSEEEP00000040833	ENSEEEG00000019343	rwdd
ENSDARP00000096469	ENSDARG00000071468	mrpl54	ENSEEEP00000032962	ENSEEEG00000015695	MRPL54
ENSDARP00000107797	ENSDARG00000070343	hoxc6a	ENSEEEP00000043129	ENSEEEG00000020364	hoxc6a
ENSDARP00000140562	ENSDARG00000103101	ndufc1	ENSEEEP00000003947	ENSEEEG00000002113	si:ch211-235e9.6
ENSDARP00000049686	ENSDARG00000033382	grifin	ENSEEEP00000000047	ENSEEEG00000000023	lgals2b
ENSDARP00000065658	ENSDARG00000044684	rbp4l	ENSEEEP00000033644	ENSEEEG00000016012	rbp4l
ENSDARP00000139504	ENSDARG00000104660	lratb.1	ENSEEEP00000025012	ENSEEEG00000012132	si:ch73-132f6.5
ENSDARP00000101990	ENSDARG00000074910	crtc2	ENSEEEP00000062759	ENSEEEG00000029025	CRTC2
ENSDARP00000122164	ENSDARG00000033345	cntln	ENSEEEP00000048034	ENSEEEG00000022630	
ENSDARP00000102907	ENSDARG00000079796	ldah	ENSEEEP00000033462	ENSEEEG00000015908	LDAH
ENSDARP00000124191	ENSDARG00000046127	tk2	ENSEEEP00000043533	ENSEEEG00000020571	TK2
ENSDARP00000108572	ENSDARG00000042660	fam32a	ENSEEEP00000032961	ENSEEEG00000015694	FAM32A
ENSDARP00000064553	ENSDARG00000043972	ppp2r3c	ENSEEEP00000027477	ENSEEEG00000013235	PPP2R3C
ENSDARP00000053684	ENSDARG00000036967	smox	ENSEEEP00000024940	ENSEEEG00000012097	SMOX
ENSDARP00000105244	ENSDARG00000092809	hoxc9a	ENSEEEP00000043114	ENSEEEG00000020358	hoxc9a
ENSDARP00000090496	ENSDARG00000019160	sh3bp5la	ENSEEEP00000041574	ENSEEEG00000019665	sh3bp5la
ENSDARP00000026381	ENSDARG00000017821	gata5	ENSEEEP00000014133	ENSEEEG00000007020	GATA5
ENSDARP00000036893	ENSDARG00000037267	zgc:158263	ENSEEEP00000041208	ENSEEEG00000019501	zgc:158263
ENSDARP00000120578	ENSDARG00000044102	znf593	ENSEEEP00000042247	ENSEEEG00000019954	ZNF593
ENSDARP00000093921	ENSDARG00000070352	hoxc12a	ENSEEEP00000061733	ENSEEEG00000028081	hoxc12a
ENSDARP00000127079	ENSDARG00000091535	ccser2b	ENSEEEP00000063020	ENSEEEG00000024811	ccser2b
ENSDARP00000085591	ENSDARG00000062788	irg1l	ENSEEEP00000011630	ENSEEEG00000005849	irg1l
ENSDARP00000031455	ENSDARG00000021891	zbtb7b	ENSEEEP00000008909	ENSEEEG00000004599	ZBTB7B
ENSDARP00000141501	ENSDARG00000041915	stum	ENSEEEP00000049812	ENSEEEG00000023411	STUM
ENSDARP00000127705	ENSDARG00000097082	im:7152348	ENSEEEP00000010798	ENSEEEG00000005470	im:7152348
ENSDARP00000123378	ENSDARG00000075245	wdr11	ENSEEEP00000045345	ENSEEEG00000021398	WDR11
ENSDARP00000111351	ENSDARG00000004082	gja2	ENSEEEP00000020582	ENSEEEG00000010044	cx39.9
ENSDARP00000007735	ENSDARG00000070723	ndufa9a	ENSEEEP00000015262	ENSEEEG00000007590	ndufa9a
ENSDARP00000068967	ENSDARG00000052594	nkiras2	ENSEEEP00000058977	ENSEEEG00000025600	nkiras2
ENSDARP00000051538	ENSDARG00000035553	gjb1a	ENSEEEP00000020573	ENSEEEG00000010040	cx27.5
ENSDARP00000102840	ENSDARG00000079369	sgpp1a	ENSEEEP00000050894	ENSEEEG00000023906	si:ch211-212g7.6
ENSDARP00000138850	ENSDARG00000101900	xrn2	ENSEEEP00000019609	ENSEEEG00000009608	XRN2
ENSDARP00000113568	ENSDARG00000058154	znf385c	ENSEEEP00000024989	ENSEEEG00000012119	ZNF385C
ENSDARP00000114599	ENSDARG00000043157	dnajb13	ENSEEEP00000019140	ENSEEEG00000009387	DNAJB13
ENSDARP00000080154	ENSDARG00000060656	si:ch211-10a23.2	ENSEEEP00000048837	ENSEEEG00000022968	si:ch211-10a23.2
ENSDARP00000129942	ENSDARG00000098284	ctxn1	ENSEEEP00000012354	ENSEEEG00000006217	CTXN1
ENSDARP00000105790	ENSDARG00000091388	si:ch73-380l3.5	ENSEEEP00000043609	ENSEEEG00000020614	
ENSDARP00000124918	ENSDARG00000007377	odc1	ENSEEEP00000018879	ENSEEEG00000009262	ODC1
ENSDARP00000109705	ENSDARG00000035514	adam28	ENSEEEP00000048881	ENSEEEG00000022983	ADAM28
ENSDARP00000063831	ENSDARG00000043480	rbbp8	ENSEEEP00000034871	ENSEEEG00000016585	rbbp8
ENSDARP00000002453	ENSDARG00000005945	sart1	ENSEEEP00000003968	ENSEEEG00000002033	SART1
ENSDARP00000099979	ENSDARG00000077431	usf3	ENSEEEP00000047167	ENSEEEG00000022198	USF3
ENSDARP00000124651	ENSDARG00000074985	aurkaip1	ENSEEEP00000048545	ENSEEEG00000022840	AURKAIP1
ENSDARP00000025618	ENSDARG00000001930	klhl15	ENSEEEP00000060068	ENSEEEG00000027813	KLHL15
ENSDARP00000092432	ENSDARG00000076280	ppp1r1b	ENSEEEP00000050785	ENSEEEG00000023860	ppp1r1b
ENSDARP00000130443	ENSDARG00000101127	map1lc3b	ENSEEEP00000011968	ENSEEEG00000006036	map1lc3b
ENSDARP00000052711	ENSDARG00000036293	gnb1l	ENSEEEP00000027049	ENSEEEG00000013060	GNB1L
ENSDARP00000088636	ENSDARG00000052419	ankrd12	ENSEEEP00000062013	ENSEEEG00000028523	ANKRD12
ENSDARP00000035289	ENSDARG00000027131	tmem169a	ENSEEEP00000013533	ENSEEEG00000006764	tmem169a
ENSDARP00000110351	ENSDARG00000087828	si:dkey-211g8.9	ENSEEEP00000014738	ENSEEEG00000007331	si:dkey-211g8.9
ENSDARP00000131179	ENSDARG00000069893	sphk2	ENSEEEP00000051140	ENSEEEG00000024012	SPHK2
ENSDARP00000112846	ENSDARG00000053858	crip1	ENSEEEP00000010825	ENSEEEG00000005480	crip1
ENSDARP00000143247	ENSDARG00000079278	zgc:174877	ENSEEEP00000019135	ENSEEEG00000009386	
ENSDARP00000126339	ENSDARG00000091280	si:ch211-66k16.27	ENSEEEP00000051497	ENSEEEG00000028044	
ENSDARP00000110477	ENSDARG00000006008	dct	ENSEEEP00000041776	ENSEEEG00000019274	DCT
ENSDARP00000101209	ENSDARG00000074469	amigo3	ENSEEEP00000020996	ENSEEEG00000010237	AMIGO3
ENSDARP00000115081	ENSDARG00000040959	rabl3	ENSEEEP00000040725	ENSEEEG00000019301	RABL3
ENSDARP00000109190	ENSDARG00000075177	ribc2	ENSEEEP00000044756	ENSEEEG00000021128	RIBC2
ENSDARP00000016305	ENSDARG00000008395	snupn	ENSEEEP00000048811	ENSEEEG00000022957	SNUPN
ENSDARP00000098883	ENSDARG00000074904	si:ch211-253b8.5	ENSEEEP00000056247	ENSEEEG00000025287	FAM219A
ENSDARP00000126559	ENSDARG00000044136	rab3gap2	ENSEEEP00000043726	ENSEEEG00000019717	RAB3GAP2
ENSDARP00000090939	ENSDARG00000069048	serpinf1	ENSEEEP00000040897	ENSEEEG00000019370	SERPINF1
ENSDARP00000136025	ENSDARG00000101936	tmem106ba	ENSEEEP00000002668	ENSEEEG00000001540	tmem106ba
ENSDARP00000128473	ENSDARG00000087752	rfwd3	ENSEEEP00000059633	ENSEEEG00000027624	RFWD3
ENSDARP00000133663	ENSDARG00000099143	fnta	ENSEEEP00000032603	ENSEEEG00000015535	FNTA
ENSDARP00000058963	ENSDARG00000015866	apoa2	ENSEEEP00000059688	ENSEEEG00000025901	APOA2
ENSDARP00000089635	ENSDARG00000017105	vaspb	ENSEEEP00000014324	ENSEEEG00000007117	vaspb
ENSDARP00000115283	ENSDARG00000087640	nsfl1c	ENSEEEP00000037137	ENSEEEG00000017638	NSFL1C
ENSDARP00000125055	ENSDARG00000078425	oat	ENSEEEP00000007900	ENSEEEG00000004117	OAT
ENSDARP00000033200	ENSDARG00000026907	slc48a1a	ENSEEEP00000060361	ENSEEEG00000024701	slc48a1a
ENSDARP00000089045	ENSDARG00000068088	tcnba	ENSEEEP00000061107	ENSEEEG00000003686	
ENSDARP00000035814	ENSDARG00000027196	si:dkey-16l2.17	ENSEEEP00000028728	ENSEEEG00000013778	si:dkey-16l2.17
ENSDARP00000012720	ENSDARG00000006468	grap2a	ENSEEEP00000042472	ENSEEEG00000020053	grap2a
ENSDARP00000072456	ENSDARG00000044098	egr2a	ENSEEEP00000012453	ENSEEEG00000006253	EGR2
ENSDARP00000144881	ENSDARG00000103977	terf2ip	ENSEEEP00000020998	ENSEEEG00000010238	
ENSDARP00000131974	ENSDARG00000101461	emp3b	ENSEEEP00000037139	ENSEEEG00000017643	emp3b
ENSDARP00000090494	ENSDARG00000068851	rnf183	ENSEEEP00000041577	ENSEEEG00000019669	RNF183
ENSDARP00000091014	ENSDARG00000076487	haao	ENSEEEP00000022138	ENSEEEG00000010732	HAAO
ENSDARP00000134827	ENSDARG00000015352	lsg1	ENSEEEP00000056977	ENSEEEG00000011669	LSG1
ENSDARP00000057094	ENSDARG00000039096	si:dkey-24p1.1	ENSEEEP00000002645	ENSEEEG00000001527	si:dkey-24p1.1
ENSDARP00000126206	ENSDARG00000090625	bcl2l12	ENSEEEP00000028621	ENSEEEG00000013751	si:ch73-248e21.1
ENSDARP00000076693	ENSDARG00000059212	ciao1	ENSEEEP00000020834	ENSEEEG00000010156	CIAO1
ENSDARP00000149053	ENSDARG00000075340	med1	ENSEEEP00000062715	ENSEEEG00000022536	MED1
ENSDARP00000051678	ENSDARG00000075083	prkdc	ENSEEEP00000052660	ENSEEEG00000024659	PRKDC
ENSDARP00000119244	ENSDARG00000012829	asah2	ENSEEEP00000005109	ENSEEEG00000002581	asah2
ENSDARP00000121255	ENSDARG00000071196	cavin2b	ENSEEEP00000052711	ENSEEEG00000027174	cavin2b
ENSDARP00000118704	ENSDARG00000093990	gzm3.3	ENSEEEP00000040729	ENSEEEG00000019303	
ENSDARP00000092387	ENSDARG00000069698	lrguk	ENSEEEP00000021988	ENSEEEG00000010678	lrguk
ENSDARP00000059357	ENSDARG00000028973	tekt2	ENSEEEP00000014736	ENSEEEG00000007327	TEKT2
ENSDARP00000062517	ENSDARG00000042620	gstr	ENSEEEP00000035917	ENSEEEG00000017081	gstr
ENSDARP00000079389	ENSDARG00000077532	pign	ENSEEEP00000020035	ENSEEEG00000009128	PIGN
ENSDARP00000054366	ENSDARG00000037361	kdelr2b	ENSEEEP00000008734	ENSEEEG00000004529	kdelr2b
ENSDARP00000098274	ENSDARG00000074697	npdc1a	ENSEEEP00000034304	ENSEEEG00000016336	npdc1a
ENSDARP00000094368	ENSDARG00000038012	fam83fa	ENSEEEP00000042469	ENSEEEG00000020051	fam83fb
ENSDARP00000122774	ENSDARG00000010059	itpkb	ENSEEEP00000049798	ENSEEEG00000023395	ITPKB
ENSDARP00000089243	ENSDARG00000068193	tmem44	ENSEEEP00000024055	ENSEEEG00000011668	TMEM44
ENSDARP00000010322	ENSDARG00000012789	plek2	ENSEEEP00000048834	ENSEEEG00000022966	PLEK2
ENSDARP00000064802	ENSDARG00000044134	iars2	ENSEEEP00000044145	ENSEEEG00000020831	IARS2
ENSDARP00000089210	ENSDARG00000015057	ube2d4	ENSEEEP00000026457	ENSEEEG00000012605	ube2d4
ENSDARP00000052513	ENSDARG00000036164	cars1	ENSEEEP00000046398	ENSEEEG00000021516	CARS1
ENSDARP00000018579	ENSDARG00000019881	bsg	ENSEEEP00000047756	ENSEEEG00000022478	bsg
ENSDARP00000076487	ENSDARG00000059049	zgc:174904	ENSEEEP00000002177	ENSEEEG00000001332	zgc:174904
ENSDARP00000108089	ENSDARG00000014690	rps4x	ENSEEEP00000021796	ENSEEEG00000010561	rps4x
ENSDARP00000013902	ENSDARG00000015385	ndufs3	ENSEEEP00000036946	ENSEEEG00000017547	NDUFS3
ENSDARP00000031031	ENSDARG00000037879	lfng	ENSEEEP00000000050	ENSEEEG00000000024	LFNG
ENSDARP00000107433	ENSDARG00000015088	dnajb11	ENSEEEP00000040722	ENSEEEG00000019291	dnajb11
ENSDARP00000064200	ENSDARG00000043720	cdc45	ENSEEEP00000021921	ENSEEEG00000010633	CDC45
ENSDARP00000103396	ENSDARG00000061213	rabep2	ENSEEEP00000002982	ENSEEEG00000001698	RABEP2
ENSDARP00000141227	ENSDARG00000102234	si:ch211-71n6.4	ENSEEEP00000033078	ENSEEEG00000015740	si:ch211-71n6.4
ENSDARP00000121555	ENSDARG00000042112	dio1	ENSEEEP00000053664	ENSEEEG00000025761	DIO1
ENSDARP00000053379	ENSDARG00000036764	hax1	ENSEEEP00000013014	ENSEEEG00000006556	HAX1
ENSDARP00000113245	ENSDARG00000054301	kti12	ENSEEEP00000024265	ENSEEEG00000011767	kti12
ENSDARP00000094979	ENSDARG00000070769	foxg1a	ENSEEEP00000004693	ENSEEEG00000002450	foxg1a
ENSDARP00000008711	ENSDARG00000020814	faimb	ENSEEEP00000038561	ENSEEEG00000018304	faimb
ENSDARP00000114854	ENSDARG00000067608	zswim7	ENSEEEP00000064006	ENSEEEG00000025779	ZSWIM7
ENSDARP00000140104	ENSDARG00000103443	seraf	ENSEEEP00000002672	ENSEEEG00000001546	VWDE
ENSDARP00000121437	ENSDARG00000003695	vdac3	ENSEEEP00000005019	ENSEEEG00000002561	zgc:56235
ENSDARP00000072849	ENSDARG00000055976	pecr	ENSEEEP00000013539	ENSEEEG00000006768	PECR
ENSDARP00000066392	ENSDARG00000092546	pdap1a	ENSEEEP00000064496	ENSEEEG00000027690	pdap1a
ENSDARP00000101365	ENSDARG00000074071	mrnip	ENSEEEP00000059375	ENSEEEG00000027173	
ENSDARP00000122941	ENSDARG00000074858	stard7	ENSEEEP00000036198	ENSEEEG00000017219	STARD7
ENSDARP00000094802	ENSDARG00000062305	rims3	ENSEEEP00000024398	ENSEEEG00000011832	RIMS3
ENSDARP00000137907	ENSDARG00000079672	efl1	ENSEEEP00000053667	ENSEEEG00000016497	EFL1
ENSDARP00000062581	ENSDARG00000042663	si:dkeyp-70f9.7	ENSEEEP00000058511	ENSEEEG00000028336	
ENSDARP00000013993	ENSDARG00000015790	atp1b3a	ENSEEEP00000033233	ENSEEEG00000015741	atp1b3b
ENSDARP00000129789	ENSDARG00000076379	nsmce2	ENSEEEP00000033665	ENSEEEG00000016022	NSMCE2
ENSDARP00000117905	ENSDARG00000016427	fignl1	ENSEEEP00000010011	ENSEEEG00000005088	FIGNL1
ENSDARP00000135472	ENSDARG00000101622	mrps7	ENSEEEP00000040442	ENSEEEG00000019157	MRPS7
ENSDARP00000019433	ENSDARG00000011334	ncaldb	ENSEEEP00000050317	ENSEEEG00000023659	ncaldb
ENSDARP00000149973	ENSDARG00000003189	psmd1	ENSEEEP00000029516	ENSEEEG00000014126	PSMD1
ENSDARP00000035108	ENSDARG00000010051	ufd1l	ENSEEEP00000021486	ENSEEEG00000010184	ufd1l
ENSDARP00000119081	ENSDARG00000078267	si:dkey-181m9.8	ENSEEEP00000046096	ENSEEEG00000021723	si:dkey-181m9.8
ENSDARP00000138654	ENSDARG00000076532	si:ch211-222l21.1	ENSEEEP00000049795	ENSEEEG00000023406	CDV3
ENSDARP00000059211	ENSDARG00000040455	unc50	ENSEEEP00000006390	ENSEEEG00000003390	UNC50
ENSDARP00000014124	ENSDARG00000004251	dhfr	ENSEEEP00000035986	ENSEEEG00000017120	dhfr
ENSDARP00000117113	ENSDARG00000075014	sqstm1	ENSEEEP00000050660	ENSEEEG00000023814	SQSTM1
ENSDARP00000094176	ENSDARG00000070449	tspan5b	ENSEEEP00000051127	ENSEEEG00000024009	tspan5b
ENSDARP00000104936	ENSDARG00000040065	gja5a	ENSEEEP00000059995	ENSEEEG00000026722	gja5a
ENSDARP00000118552	ENSDARG00000037871	wipi2	ENSEEEP00000061246	ENSEEEG00000000012	WIPI2
ENSDARP00000103840	ENSDARG00000074842	snx8a	ENSEEEP00000000257	ENSEEEG00000000030	snx8a
ENSDARP00000079686	ENSDARG00000060471	gcnt3	ENSEEEP00000001137	ENSEEEG00000000760	gcnt3
ENSDARP00000053859	ENSDARG00000006474	saxo2	ENSEEEP00000034679	ENSEEEG00000016495	SAXO2
ENSDARP00000111894	ENSDARG00000090301	usp48	ENSEEEP00000051538	ENSEEEG00000024198	USP48
ENSDARP00000042375	ENSDARG00000029569	snapc1a	ENSEEEP00000050891	ENSEEEG00000023905	snapc1a
ENSDARP00000062422	ENSDARG00000042559	tnni1c	ENSEEEP00000032730	ENSEEEG00000015597	tnni1c
ENSDARP00000002697	ENSDARG00000005371	gprc6a	ENSEEEP00000021482	ENSEEEG00000010466	GPRC6A
ENSDARP00000053879	ENSDARG00000037070	tmem242	ENSEEEP00000032390	ENSEEEG00000015444	TMEM242
ENSDARP00000011701	ENSDARG00000007413	arid2	ENSEEEP00000055502	ENSEEEG00000007126	ARID2
ENSDARP00000118141	ENSDARG00000078417	plxdc1	ENSEEEP00000042931	ENSEEEG00000020257	PLXDC1
ENSDARP00000127423	ENSDARG00000015144	sh2d4bb	ENSEEEP00000010927	ENSEEEG00000005534	sh2d4bb
ENSDARP00000040752	ENSDARG00000030573	nudt1	ENSEEEP00000000346	ENSEEEG00000000247	NUDT1
ENSDARP00000098303	ENSDARG00000077810	otud4	ENSEEEP00000001736	ENSEEEG00000001112	
ENSDARP00000083898	ENSDARG00000062129	mxra8b	ENSEEEP00000048548	ENSEEEG00000022841	mxra8b
ENSDARP00000057381	ENSDARG00000039273	fbln5	ENSEEEP00000048823	ENSEEEG00000022964	FBLN5
ENSDARP00000003188	ENSDARG00000015611	rasl11b	ENSEEEP00000052691	ENSEEEG00000026477	RASL11B
ENSDARP00000149629	ENSDARG00000075025	cdc123	ENSEEEP00000029577	ENSEEEG00000014161	CDC123
ENSDARP00000113432	ENSDARG00000002533	adora2b	ENSEEEP00000056741	ENSEEEG00000027889	ADORA2B
ENSDARP00000105010	ENSDARG00000091762	zbtb40	ENSEEEP00000019838	ENSEEEG00000009709	zbtb40
ENSDARP00000124821	ENSDARG00000006242	ptp4a1	ENSEEEP00000031124	ENSEEEG00000014879	PTP4A1
ENSDARP00000106379	ENSDARG00000089766	nrg3b	ENSEEEP00000052777	ENSEEEG00000028141	
ENSDARP00000117101	ENSDARG00000069249	aftpha	ENSEEEP00000053469	ENSEEEG00000026433	aftpha
ENSDARP00000102057	ENSDARG00000073867	rex1bd	ENSEEEP00000005470	ENSEEEG00000002872	REX1BD
ENSDARP00000030727	ENSDARG00000023858	ccdc174	ENSEEEP00000020156	ENSEEEG00000009842	CCDC174
ENSDARP00000149939	ENSDARG00000032482	si:dkey-40c11.2	ENSEEEP00000007956	ENSEEEG00000004151	si:dkey-40c11.2
ENSDARP00000128948	ENSDARG00000075368	mrm2	ENSEEEP00000000364	ENSEEEG00000000264	mrm2
ENSDARP00000118202	ENSDARG00000042784	gdf7	ENSEEEP00000033467	ENSEEEG00000015910	GDF7
ENSDARP00000121219	ENSDARG00000010962	fkbp7	ENSEEEP00000009658	ENSEEEG00000004922	FKBP7
ENSDARP00000131257	ENSDARG00000101713	scn2b	ENSEEEP00000018619	ENSEEEG00000009155	SCN2B
ENSDARP00000100671	ENSDARG00000078381	trip11	ENSEEEP00000048803	ENSEEEG00000022934	TRIP11
ENSDARP00000009582	ENSDARG00000012929	eif2d	ENSEEEP00000003690	ENSEEEG00000002008	EIF2D
ENSDARP00000156921	ENSDARG00000016233	sdr16c5a	ENSEEEP00000023237	ENSEEEG00000011267	sdr16c5a
ENSDARP00000060634	ENSDARG00000041363	dctn3	ENSEEEP00000048681	ENSEEEG00000022905	dctn3
ENSDARP00000057699	ENSDARG00000039493	naa20	ENSEEEP00000019564	ENSEEEG00000009578	NAA20
ENSDARP00000072556	ENSDARG00000028086	zbtb2b	ENSEEEP00000028323	ENSEEEG00000013616	zbtb2b
ENSDARP00000122758	ENSDARG00000036560	gpr185b	ENSEEEP00000043336	ENSEEEG00000020467	gpr185b
ENSDARP00000093332	ENSDARG00000079308	tor3a	ENSEEEP00000013119	ENSEEEG00000006594	TOR3A
ENSDARP00000135950	ENSDARG00000103926	inpp5e	ENSEEEP00000046826	ENSEEEG00000022042	INPP5E
ENSDARP00000014003	ENSDARG00000015709	hsd17b12a	ENSEEEP00000039267	ENSEEEG00000018628	hsd17b12a
ENSDARP00000024102	ENSDARG00000020258	ewsr1a	ENSEEEP00000051663	ENSEEEG00000024259	ewsr1a
ENSDARP00000116331	ENSDARG00000009472	med19b	ENSEEEP00000007343	ENSEEEG00000003857	med19b
ENSDARP00000113796	ENSDARG00000111995	taar16g	ENSEEEP00000023048	ENSEEEG00000011183	TAAR1
ENSDARP00000156956	ENSDARG00000045023	lhfpl5a	ENSEEEP00000013978	ENSEEEG00000006952	lhfpl5a
ENSDARP00000138173	ENSDARG00000100809	g6fl	ENSEEEP00000006751	ENSEEEG00000003569	g6fl
ENSDARP00000019643	ENSDARG00000031422	igfbp2b	ENSEEEP00000023596	ENSEEEG00000011438	igfbp2b
ENSDARP00000136863	ENSDARG00000079446	tafa3a	ENSEEEP00000052239	ENSEEEG00000024493	tafa3a
ENSDARP00000129100	ENSDARG00000097193	si:dkey-28n18.9	ENSEEEP00000020157	ENSEEEG00000009843	si:dkey-28n18.9
ENSDARP00000136347	ENSDARG00000100133	cnmd	ENSEEEP00000039920	ENSEEEG00000018928	CNMD
ENSDARP00000091872	ENSDARG00000040064	acp6	ENSEEEP00000050348	ENSEEEG00000023673	ACP6
ENSDARP00000131241	ENSDARG00000100317	ahsa1b	ENSEEEP00000035530	ENSEEEG00000016921	ahsa1b
ENSDARP00000096966	ENSDARG00000012013	cpa6	ENSEEEP00000033838	ENSEEEG00000016110	CPA6
ENSDARP00000075468	ENSDARG00000058202	pex16	ENSEEEP00000033073	ENSEEEG00000015735	PEX16
ENSDARP00000048870	ENSDARG00000033140	desi1a	ENSEEEP00000028267	ENSEEEG00000013589	desi1a
ENSDARP00000059297	ENSDARG00000040513	zgc:92313	ENSEEEP00000042874	ENSEEEG00000020227	zgc:92313
ENSDARP00000129952	ENSDARG00000090788	cstf2	ENSEEEP00000035527	ENSEEEG00000016914	CSTF2
ENSDARP00000021652	ENSDARG00000005359	sucla2	ENSEEEP00000018475	ENSEEEG00000008991	SUCLA2
ENSDARP00000115113	ENSDARG00000093214	si:ch211-284e13.9	ENSEEEP00000020298	ENSEEEG00000009910	si:ch211-284e13.12
ENSDARP00000124710	ENSDARG00000062834	ecsit	ENSEEEP00000035121	ENSEEEG00000016711	ECSIT
ENSDARP00000054136	ENSDARG00000025348	igfbp5b	ENSEEEP00000023594	ENSEEEG00000011435	igfbp5b
ENSDARP00000148541	ENSDARG00000061778	fmn2b	ENSEEEP00000062436	ENSEEEG00000028280	FMN2
ENSDARP00000116849	ENSDARG00000063573	vps41	ENSEEEP00000015188	ENSEEEG00000007410	VPS41
ENSDARP00000142430	ENSDARG00000105343	klhl33	ENSEEEP00000050133	ENSEEEG00000023585	KLHL33
ENSDARP00000107225	ENSDARG00000086654	cbln11	ENSEEEP00000057516	ENSEEEG00000023583	cbln11
ENSDARP00000072446	ENSDARG00000055591	pipox	ENSEEEP00000052532	ENSEEEG00000024605	PIPOX
ENSDARP00000108827	ENSDARG00000044923	ube2wa	ENSEEEP00000058024	ENSEEEG00000026431	ube2w
ENSDARP00000100111	ENSDARG00000079233	e2f2	ENSEEEP00000001655	ENSEEEG00000001060	si:ch211-160f23.5
ENSDARP00000110341	ENSDARG00000089567	patl2	ENSEEEP00000047937	ENSEEEG00000022575	PATL2
ENSDARP00000051698	ENSDARG00000035652	sat1a.1	ENSEEEP00000043011	ENSEEEG00000020302	SAT1
ENSDARP00000128237	ENSDARG00000078111	ap5z1	ENSEEEP00000053142	ENSEEEG00000000014	AP5Z1
ENSDARP00000025309	ENSDARG00000021399	yipf2	ENSEEEP00000008829	ENSEEEG00000004541	YIPF2
ENSDARP00000140698	ENSDARG00000100947	mafk	ENSEEEP00000000562	ENSEEEG00000000410	MAFK
ENSDARP00000125629	ENSDARG00000096271	fam171b	ENSEEEP00000043585	ENSEEEG00000020598	
ENSDARP00000139313	ENSDARG00000100990	nme3	ENSEEEP00000033488	ENSEEEG00000015920	NME3
ENSDARP00000055339	ENSDARG00000037968	fus	ENSEEEP00000028787	ENSEEEG00000013831	FUS
ENSDARP00000055427	ENSDARG00000038025	cbx7a	ENSEEEP00000028264	ENSEEEG00000013588	cbx7a
ENSDARP00000117899	ENSDARG00000016651	znf106a	ENSEEEP00000034209	ENSEEEG00000016294	znf106a
ENSDARP00000140091	ENSDARG00000096331	si:ch73-248e21.7	ENSEEEP00000057154	ENSEEEG00000024804	NUP62
ENSDARP00000140921	ENSDARG00000098391	psmg3	ENSEEEP00000000385	ENSEEEG00000000281	PSMG3
ENSDARP00000032298	ENSDARG00000027465	rmnd1	ENSEEEP00000001580	ENSEEEG00000000911	RMND1
ENSDARP00000144139	ENSDARG00000092155	apoc2	ENSEEEP00000029311	ENSEEEG00000014043	apoc2
ENSDARP00000054058	ENSDARG00000037144	cpb2	ENSEEEP00000016739	ENSEEEG00000008298	CPB2
ENSDARP00000153845	ENSDARG00000074111	bcdin3d	ENSEEEP00000050263	ENSEEEG00000023637	BCDIN3D
ENSDARP00000125861	ENSDARG00000004459	unc119c	ENSEEEP00000059519	ENSEEEG00000026962	unc119.2
ENSDARP00000006875	ENSDARG00000020676	dpp3	ENSEEEP00000062762	ENSEEEG00000002020	DPP3
ENSDARP00000019154	ENSDARG00000006775	cass4	ENSEEEP00000031714	ENSEEEG00000015149	CASS4
ENSDARP00000077740	ENSDARG00000059712	slc19a2	ENSEEEP00000038556	ENSEEEG00000018301	SLC19A2
ENSDARP00000031607	ENSDARG00000022007	spef1	ENSEEEP00000004938	ENSEEEG00000002575	zgc:66426
ENSDARP00000125759	ENSDARG00000060609	cd109	ENSEEEP00000019393	ENSEEEG00000009367	CD109
ENSDARP00000013960	ENSDARG00000013539	ikzf1	ENSEEEP00000010198	ENSEEEG00000005094	IKZF1
ENSDARP00000002932	ENSDARG00000004588	sox4a	ENSEEEP00000037739	ENSEEEG00000017939	sox4a
ENSDARP00000007503	ENSDARG00000009743	efhc1	ENSEEEP00000044894	ENSEEEG00000021188	EFHC1
ENSDARP00000147330	ENSDARG00000061375	sgpl1	ENSEEEP00000035882	ENSEEEG00000017070	SGPL1
ENSDARP00000146239	ENSDARG00000045065	vti1a	ENSEEEP00000040461	ENSEEEG00000019163	VTI1A
ENSDARP00000020552	ENSDARG00000016867	rnf128a	ENSEEEP00000059513	ENSEEEG00000025837	rnf128a
ENSDARP00000142523	ENSDARG00000105443	si:ch211-63p21.8	ENSEEEP00000060535	ENSEEEG00000027923	si:ch211-63p21.8
ENSDARP00000038588	ENSDARG00000021607	negr1	ENSEEEP00000010395	ENSEEEG00000005262	NEGR1
ENSDARP00000052239	ENSDARG00000035987	psmg2	ENSEEEP00000050318	ENSEEEG00000023662	PSMG2
ENSDARP00000074782	ENSDARG00000057624	cops5	ENSEEEP00000061336	ENSEEEG00000009892	COPS5
ENSDARP00000106401	ENSDARG00000043865	timm9	ENSEEEP00000041160	ENSEEEG00000019481	timm9
ENSDARP00000108595	ENSDARG00000044550	hif1al2	ENSEEEP00000003752	ENSEEEG00000002026	hif1al2
ENSDARP00000121892	ENSDARG00000018096	scap	ENSEEEP00000056375	ENSEEEG00000009925	SCAP
ENSDARP00000093650	ENSDARG00000095577	cybrd1	ENSEEEP00000056092	ENSEEEG00000024704	CYBRD1
ENSDARP00000019728	ENSDARG00000011247	rnpc3	ENSEEEP00000027750	ENSEEEG00000013361	RNPC3
ENSDARP00000033575	ENSDARG00000025866	ankdd1b	ENSEEEP00000007983	ENSEEEG00000004166	ANKDD1B
ENSDARP00000043625	ENSDARG00000032571	il20ra	ENSEEEP00000038004	ENSEEEG00000018050	il20ra
ENSDARP00000092894	ENSDARG00000069910	gtf2f2a	ENSEEEP00000027817	ENSEEEG00000013391	gtf2f2a
ENSDARP00000096057	ENSDARG00000071272	ncoa6	ENSEEEP00000053376	ENSEEEG00000013440	NCOA6
ENSDARP00000061715	ENSDARG00000042106	mnx2a	ENSEEEP00000038314	ENSEEEG00000018207	mnx2a
ENSDARP00000141567	ENSDARG00000102578	mif4gdb	ENSEEEP00000059176	ENSEEEG00000027386	mif4gda
ENSDARP00000069979	ENSDARG00000053459	rybpb	ENSEEEP00000059525	ENSEEEG00000026113	rybpb
ENSDARP00000072512	ENSDARG00000055656	nherf4b	ENSEEEP00000028755	ENSEEEG00000013818	pdzd3a
ENSDARP00000121737	ENSDARG00000059982	poc5	ENSEEEP00000007988	ENSEEEG00000004170	POC5
ENSDARP00000113288	ENSDARG00000058502	olah	ENSEEEP00000014721	ENSEEEG00000007323	olah
ENSDARP00000052801	ENSDARG00000036344	calb2b	ENSEEEP00000007402	ENSEEEG00000003881	calb2b
ENSDARP00000007599	ENSDARG00000004363	lhfpl6	ENSEEEP00000054579	ENSEEEG00000024677	LHFPL6
ENSDARP00000122756	ENSDARG00000004869	penka	ENSEEEP00000023235	ENSEEEG00000011265	penka
ENSDARP00000141503	ENSDARG00000099918	arl4aa	ENSEEEP00000002694	ENSEEEG00000001560	arl4aa
ENSDARP00000141564	ENSDARG00000035505	nelfb	ENSEEEP00000042631	ENSEEEG00000020125	NELFB
ENSDARP00000046049	ENSDARG00000031981	pcbd1	ENSEEEP00000035878	ENSEEEG00000017069	PCBD1
ENSDARP00000043937	ENSDARG00000030092	tram2	ENSEEEP00000044907	ENSEEEG00000021195	TRAM2
ENSDARP00000081583	ENSDARG00000003903	hapln2	ENSEEEP00000030759	ENSEEEG00000014715	HAPLN2
ENSDARP00000115706	ENSDARG00000079372	si:ch211-264f5.6	ENSEEEP00000044542	ENSEEEG00000021036	si:ch211-264f5.6
ENSDARP00000129560	ENSDARG00000078748	si:ch211-137a8.4	ENSEEEP00000034115	ENSEEEG00000016240	si:ch211-137a8.4
ENSDARP00000135262	ENSDARG00000100419	ints1	ENSEEEP00000000770	ENSEEEG00000000479	INTS1
ENSDARP00000129959	ENSDARG00000104244	twsg1a	ENSEEEP00000053232	ENSEEEG00000023097	TWSG1
ENSDARP00000029170	ENSDARG00000024381	msto1	ENSEEEP00000005573	ENSEEEG00000002931	MSTO1
ENSDARP00000116167	ENSDARG00000076534	si:ch211-14a17.10	ENSEEEP00000016387	ENSEEEG00000008114	si:ch211-14a17.10
ENSDARP00000115441	ENSDARG00000045776	cnbpa	ENSEEEP00000059777	ENSEEEG00000025213	cnbpa
ENSDARP00000134597	ENSDARG00000105187	gcshb	ENSEEEP00000029554	ENSEEEG00000014158	gcshb
ENSDARP00000036580	ENSDARG00000058522	shq1	ENSEEEP00000008331	ENSEEEG00000004346	SHQ1
ENSDARP00000071555	ENSDARG00000054823	id3	ENSEEEP00000010783	ENSEEEG00000005462	ID3
ENSDARP00000089478	ENSDARG00000012378	naa35	ENSEEEP00000003158	ENSEEEG00000001786	NAA35
ENSDARP00000069642	ENSDARG00000053166	chic1	ENSEEEP00000056164	ENSEEEG00000027792	CHIC1
ENSDARP00000085674	ENSDARG00000062831	si:ch73-22o12.1	ENSEEEP00000058443	ENSEEEG00000003579	si:ch73-22o12.1
ENSDARP00000128389	ENSDARG00000097630	rbis	ENSEEEP00000033522	ENSEEEG00000015940	si:ch211-282b22.1
ENSDARP00000039864	ENSDARG00000030139	sdhdb	ENSEEEP00000056213	ENSEEEG00000026227	sdhdb
ENSDARP00000136176	ENSDARG00000103799	kars1	ENSEEEP00000030784	ENSEEEG00000014203	KARS1
ENSDARP00000098008	ENSDARG00000036292	cdx4	ENSEEEP00000026257	ENSEEEG00000012696	CDX4
ENSDARP00000047158	ENSDARG00000029722	hmgb2a	ENSEEEP00000053756	ENSEEEG00000024994	hmgb2a
ENSDARP00000027695	ENSDARG00000008292	eif2s3	ENSEEEP00000002434	ENSEEEG00000001406	eif2s3
ENSDARP00000089132	ENSDARG00000068144	nmba	ENSEEEP00000024267	ENSEEEG00000011768	nmbb
ENSDARP00000128120	ENSDARG00000097615	si:ch211-108d22.2	ENSEEEP00000013241	ENSEEEG00000006636	
ENSDARP00000129286	ENSDARG00000090685	slc35d4	ENSEEEP00000034866	ENSEEEG00000016583	TMEM241
ENSDARP00000108364	ENSDARG00000088833	si:ch211-237i5.4	ENSEEEP00000026044	ENSEEEG00000012610	tpbgl
ENSDARP00000033361	ENSDARG00000022303	higd1a	ENSEEEP00000064042	ENSEEEG00000029120	HIGD1A
ENSDARP00000031014	ENSDARG00000024478	mpc2b	ENSEEEP00000010616	ENSEEEG00000005381	MPC2
ENSDARP00000082574	ENSDARG00000061641	ankrd34bb	ENSEEEP00000035987	ENSEEEG00000017121	ankrd34bb
ENSDARP00000030566	ENSDARG00000058287	gpalpp1	ENSEEEP00000027799	ENSEEEG00000013387	GPALPP1
ENSDARP00000125104	ENSDARG00000067920	rab8a	ENSEEEP00000062833	ENSEEEG00000023636	RAB8A
ENSDARP00000133119	ENSDARG00000104105	ttf2	ENSEEEP00000043966	ENSEEEG00000020766	TTF2
ENSDARP00000113849	ENSDARG00000018918	rad17	ENSEEEP00000061456	ENSEEEG00000017126	RAD17
ENSDARP00000133690	ENSDARG00000098785	glrx3	ENSEEEP00000009376	ENSEEEG00000004783	GLRX3
ENSDARP00000143752	ENSDARG00000062865	mrasb	ENSEEEP00000054707	ENSEEEG00000027873	MRAS
ENSDARP00000074379	ENSDARG00000057303	galnt7	ENSEEEP00000059827	ENSEEEG00000017423	GALNT7
ENSDARP00000022060	ENSDARG00000006038	aebp2	ENSEEEP00000002575	ENSEEEG00000001484	AEBP2
ENSDARP00000039659	ENSDARG00000019353	sparc	ENSEEEP00000029964	ENSEEEG00000014307	SPARC
ENSDARP00000075118	ENSDARG00000057910	mrps34	ENSEEEP00000033484	ENSEEEG00000015917	MRPS34
ENSDARP00000107001	ENSDARG00000060001	mettl9	ENSEEEP00000056267	ENSEEEG00000028034	METTL9
ENSDARP00000120545	ENSDARG00000041910	znf512	ENSEEEP00000049462	ENSEEEG00000023208	ZNF512
ENSDARP00000092887	ENSDARG00000092693	tpt1	ENSEEEP00000027820	ENSEEEG00000013398	TPT1
ENSDARP00000092040	ENSDARG00000091385	zgc:165409	ENSEEEP00000047348	ENSEEEG00000022288	
ENSDARP00000126123	ENSDARG00000017617	alg6	ENSEEEP00000039596	ENSEEEG00000018763	ALG6
ENSDARP00000126698	ENSDARG00000040510	ca15b	ENSEEEP00000054018	ENSEEEG00000020239	ca15b
ENSDARP00000027005	ENSDARG00000004930	lmo7a	ENSEEEP00000011395	ENSEEEG00000005671	LMO7
ENSDARP00000048536	ENSDARG00000002826	cep57l1	ENSEEEP00000023912	ENSEEEG00000011606	CEP57L1
ENSDARP00000121336	ENSDARG00000038658	cavin4a	ENSEEEP00000054757	ENSEEEG00000028030	cavin4a
ENSDARP00000075369	ENSDARG00000058114	bpnt2	ENSEEEP00000023233	ENSEEEG00000011263	BPNT2
ENSDARP00000117036	ENSDARG00000095378	gdf10a	ENSEEEP00000003593	ENSEEEG00000001956	gdf10a
ENSDARP00000035581	ENSDARG00000008503	glcci1a	ENSEEEP00000024414	ENSEEEG00000011839	glcci1a
ENSDARP00000067372	ENSDARG00000051931	edc3	ENSEEEP00000046636	ENSEEEG00000021958	EDC3
ENSDARP00000139109	ENSDARG00000101999	cog3	ENSEEEP00000039645	ENSEEEG00000018807	COG3
ENSDARP00000086159	ENSDARG00000063018	fam78ba	ENSEEEP00000021154	ENSEEEG00000010314	fam78ba
ENSDARP00000038901	ENSDARG00000026701	gtf2h1	ENSEEEP00000037720	ENSEEEG00000017929	GTF2H1
ENSDARP00000089620	ENSDARG00000031044	lipg	ENSEEEP00000037905	ENSEEEG00000018000	LIPG
ENSDARP00000088544	ENSDARG00000067859	sspo	ENSEEEP00000049648	ENSEEEG00000023353	scospondin
ENSDARP00000102162	ENSDARG00000074892	pde6d	ENSEEEP00000032534	ENSEEEG00000015512	PDE6D
ENSDARP00000141588	ENSDARG00000099799	si:dkey-11f4.16	ENSEEEP00000054857	ENSEEEG00000028963	
ENSDARP00000094260	ENSDARG00000045880	gas2l3	ENSEEEP00000058389	ENSEEEG00000027671	GAS2L3
ENSDARP00000129193	ENSDARG00000010782	ppt2a.2	ENSEEEP00000042794	ENSEEEG00000020183	zgc:66024
ENSDARP00000118828	ENSDARG00000078773	tmem70	ENSEEEP00000050879	ENSEEEG00000023900	TMEM70
ENSDARP00000093339	ENSDARG00000070084	phf10	ENSEEEP00000031618	ENSEEEG00000015121	PHF10
ENSDARP00000113709	ENSDARG00000003446	ippk	ENSEEEP00000016447	ENSEEEG00000008100	IPPK
ENSDARP00000118581	ENSDARG00000045359	elocb	ENSEEEP00000050880	ENSEEEG00000023901	elocb
ENSDARP00000013712	ENSDARG00000020024	fam151b	ENSEEEP00000035989	ENSEEEG00000017122	FAM151B
ENSDARP00000128466	ENSDARG00000087596	si:ch73-95l15.5	ENSEEEP00000042803	ENSEEEG00000020195	si:ch73-95l15.5
ENSDARP00000023878	ENSDARG00000019595	senp8	ENSEEEP00000038741	ENSEEEG00000018384	SENP8
ENSDARP00000022096	ENSDARG00000006773	elovl4a	ENSEEEP00000048685	ENSEEEG00000022907	elovl4a
ENSDARP00000055816	ENSDARG00000038270	pigg	ENSEEEP00000055826	ENSEEEG00000015532	PIGG
ENSDARP00000013774	ENSDARG00000021022	ift57	ENSEEEP00000025924	ENSEEEG00000012559	IFT57
ENSDARP00000112865	ENSDARG00000042069	pebp1	ENSEEEP00000063053	ENSEEEG00000028693	pebp1
ENSDARP00000151679	ENSDARG00000023302	gpbar1	ENSEEEP00000015090	ENSEEEG00000007514	gpbar1
ENSDARP00000058935	ENSDARG00000040274	scamp5b	ENSEEEP00000034234	ENSEEEG00000016301	scamp5b
ENSDARP00000146148	ENSDARG00000086778	pdgfba	ENSEEEP00000025766	ENSEEEG00000012483	pdgfba
ENSDARP00000121682	ENSDARG00000074909	dcaf17	ENSEEEP00000064021	ENSEEEG00000018406	DCAF17
ENSDARP00000127728	ENSDARG00000062553	bach1a	ENSEEEP00000042138	ENSEEEG00000019903	bach1a
ENSDARP00000063149	ENSDARG00000043009	fam43a	ENSEEEP00000024062	ENSEEEG00000011670	FAM43A
ENSDARP00000025726	ENSDARG00000009511	tnfa	ENSEEEP00000017739	ENSEEEG00000008761	tnfa
ENSDARP00000050176	ENSDARG00000069601	snx30	ENSEEEP00000005144	ENSEEEG00000002590	SNX30
ENSDARP00000089271	ENSDARG00000056477	ccdc125	ENSEEEP00000035990	ENSEEEG00000017123	CCDC125
ENSDARP00000003665	ENSDARG00000017359	mettl8	ENSEEEP00000038801	ENSEEEG00000018407	METTL8
ENSDARP00000127202	ENSDARG00000079549	cdc42ep1a	ENSEEEP00000055164	ENSEEEG00000025439	cdc42ep1a
ENSDARP00000133615	ENSDARG00000003835	stom	ENSEEEP00000007371	ENSEEEG00000003869	STOM
ENSDARP00000135570	ENSDARG00000102923	senp6a	ENSEEEP00000062181	ENSEEEG00000012225	senp6a
ENSDARP00000090148	ENSDARG00000028784	si:dkey-24p1.6	ENSEEEP00000019128	ENSEEEG00000009379	si:dkey-24p1.6
ENSDARP00000072712	ENSDARG00000055854	nr4a3	ENSEEEP00000040136	ENSEEEG00000019029	NR4A3
ENSDARP00000069075	ENSDARG00000052688	paqr5b	ENSEEEP00000017912	ENSEEEG00000008824	paqr5b
ENSDARP00000124672	ENSDARG00000042793	tpp1	ENSEEEP00000034292	ENSEEEG00000015948	TPP1
ENSDARP00000142632	ENSDARG00000076934	dync2i1	ENSEEEP00000026998	ENSEEEG00000013035	pld7
ENSDARP00000064218	ENSDARG00000043734	trmu	ENSEEEP00000032315	ENSEEEG00000015408	TRMU
ENSDARP00000127535	ENSDARG00000089458	rp1l1a	ENSEEEP00000020446	ENSEEEG00000009979	
ENSDARP00000129706	ENSDARG00000056804	il4i1	ENSEEEP00000034628	ENSEEEG00000016471	si:dkey-40g16.6
ENSDARP00000104159	ENSDARG00000075206	si:dkey-100n19.2	ENSEEEP00000020444	ENSEEEG00000009978	c13h8orf74
ENSDARP00000139712	ENSDARG00000102075	rnf122	ENSEEEP00000024568	ENSEEEG00000011916	RNF122
ENSDARP00000134373	ENSDARG00000102893	atg7	ENSEEEP00000003806	ENSEEEG00000002036	ATG7
ENSDARP00000116939	ENSDARG00000075043	gprin3b	ENSEEEP00000034379	ENSEEEG00000016367	si:dkeyp-123h10.2
ENSDARP00000091650	ENSDARG00000069363	zgc:153142	ENSEEEP00000048289	ENSEEEG00000022741	C10orf53
ENSDARP00000117930	ENSDARG00000086112	si:ch211-266i6.3	ENSEEEP00000045369	ENSEEEG00000021411	si:ch211-266i6.3
ENSDARP00000150117	ENSDARG00000079452	rbm46	ENSEEEP00000025005	ENSEEEG00000012127	RBM46
ENSDARP00000053002	ENSDARG00000036482	hexim1	ENSEEEP00000063477	ENSEEEG00000028745	HEXIM1
ENSDARP00000142236	ENSDARG00000074848	smim7	ENSEEEP00000046376	ENSEEEG00000021831	SMIM7
ENSDARP00000093952	ENSDARG00000090190	bcam	ENSEEEP00000029308	ENSEEEG00000014041	BCAM
ENSDARP00000105253	ENSDARG00000043359	rmnd5b	ENSEEEP00000007321	ENSEEEG00000003813	RMND5B
ENSDARP00000109941	ENSDARG00000005481	nfkbiaa	ENSEEEP00000020925	ENSEEEG00000010201	nfkbiaa
ENSDARP00000123096	ENSDARG00000056530	cpamd8	ENSEEEP00000005469	ENSEEEG00000002870	CPAMD8
ENSDARP00000119028	ENSDARG00000061690	nxpe3	ENSEEEP00000010615	ENSEEEG00000005379	NXPE3
ENSDARP00000135850	ENSDARG00000104199	si:dkey-43p13.5	ENSEEEP00000000832	ENSEEEG00000000563	si:dkey-43p13.5
ENSDARP00000075548	ENSDARG00000058254	si:ch211-213d14.1	ENSEEEP00000006967	ENSEEEG00000003670	si:ch211-213d14.1
ENSDARP00000032176	ENSDARG00000012039	ift56	ENSEEEP00000041710	ENSEEEG00000019733	TTC26
ENSDARP00000068605	ENSDARG00000052290	rab33ba	ENSEEEP00000063627	ENSEEEG00000027250	rab33ba
ENSDARP00000124029	ENSDARG00000026811	extl3	ENSEEEP00000018957	ENSEEEG00000009291	EXTL3
ENSDARP00000121272	ENSDARG00000076092	slc31a2	ENSEEEP00000056710	ENSEEEG00000025199	SLC31A2
ENSDARP00000133233	ENSDARG00000101980	bmper	ENSEEEP00000026086	ENSEEEG00000012591	BMPER
ENSDARP00000021126	ENSDARG00000018944	hoga1	ENSEEEP00000012196	ENSEEEG00000006148	HOGA1
ENSDARP00000074793	ENSDARG00000057632	ppp1r42	ENSEEEP00000020275	ENSEEEG00000009900	PPP1R42
ENSDARP00000095097	ENSDARG00000030177	uchl3	ENSEEEP00000011168	ENSEEEG00000005665	UCHL3
ENSDARP00000134031	ENSDARG00000098206	ptrh1	ENSEEEP00000047526	ENSEEEG00000022371	PTRH1
ENSDARP00000117314	ENSDARG00000077737	spsb3a	ENSEEEP00000033481	ENSEEEG00000015916	spsb3a
ENSDARP00000110313	ENSDARG00000089821	si:dkey-9k7.3	ENSEEEP00000042540	ENSEEEG00000020088	si:dkey-9k7.3
ENSDARP00000120463	ENSDARG00000024299	c1qtnf4	ENSEEEP00000036944	ENSEEEG00000017545	c1qtnf4
ENSDARP00000124441	ENSDARG00000079997	si:zfos-223e1.2	ENSEEEP00000019588	ENSEEEG00000009599	
ENSDARP00000122711	ENSDARG00000006863	cfap65	ENSEEEP00000063010	ENSEEEG00000018205	
ENSDARP00000007963	ENSDARG00000015149	wasa	ENSEEEP00000031402	ENSEEEG00000015026	wasa
ENSDARP00000070746	ENSDARG00000054136	tektl1	ENSEEEP00000042807	ENSEEEG00000020198	CCDC105
ENSDARP00000130550	ENSDARG00000098224	tlcd4b	ENSEEEP00000039014	ENSEEEG00000018516	tlcd4b
ENSDARP00000076503	ENSDARG00000059057	atpv0e2	ENSEEEP00000024823	ENSEEEG00000012025	atpv0e2
ENSDARP00000111972	ENSDARG00000035167	mrpl48	ENSEEEP00000019129	ENSEEEG00000009382	MRPL48
ENSDARP00000130610	ENSDARG00000103092	grem2b	ENSEEEP00000021820	ENSEEEG00000010609	grem2b
ENSDARP00000013350	ENSDARG00000001859	dbx1b	ENSEEEP00000034452	ENSEEEG00000016396	dbx1b
ENSDARP00000002041	ENSDARG00000000804	rassf6	ENSEEEP00000004929	ENSEEEG00000002570	RASSF6
ENSDARP00000075390	ENSDARG00000058140	odad4	ENSEEEP00000025938	ENSEEEG00000012568	ttc25
ENSDARP00000132886	ENSDARG00000101655	sstr5	ENSEEEP00000037541	ENSEEEG00000017857	SSTR5
ENSDARP00000124736	ENSDARG00000027070	acbd4	ENSEEEP00000031934	ENSEEEG00000015240	ACBD4
ENSDARP00000056277	ENSDARG00000020718	slc25a22a	ENSEEEP00000007293	ENSEEEG00000003828	slc25a22a
ENSDARP00000052804	ENSDARG00000036345	cmtr2	ENSEEEP00000007394	ENSEEEG00000003880	CMTR2
ENSDARP00000123183	ENSDARG00000019181	rpsa	ENSEEEP00000041704	ENSEEEG00000019731	rpsa
ENSDARP00000007716	ENSDARG00000011841	atp5l	ENSEEEP00000060610	ENSEEEG00000027649	atp5l
ENSDARP00000082979	ENSDARG00000061794	jam3b	ENSEEEP00000009046	ENSEEEG00000004653	jam3b
ENSDARP00000103183	ENSDARG00000052343	spata18	ENSEEEP00000040009	ENSEEEG00000018971	SPATA18
ENSDARP00000053220	ENSDARG00000036637	arl11	ENSEEEP00000048965	ENSEEEG00000023012	ARL11
ENSDARP00000107627	ENSDARG00000043470	rsph3	ENSEEEP00000044049	ENSEEEG00000020814	RSPH3
ENSDARP00000013327	ENSDARG00000030703	otx2a	ENSEEEP00000036179	ENSEEEG00000017211	otx2a
ENSDARP00000122050	ENSDARG00000040816	uts2r3	ENSEEEP00000045174	ENSEEEG00000021326	uts2r3
ENSDARP00000127440	ENSDARG00000077900	si:ch211-141o9.10	ENSEEEP00000022763	ENSEEEG00000011036	si:ch211-141o9.10
ENSDARP00000072074	ENSDARG00000055270	msrab	ENSEEEP00000060160	ENSEEEG00000028375	si:ch1073-358c10.1
ENSDARP00000081530	ENSDARG00000061231	tinagl1	ENSEEEP00000046782	ENSEEEG00000022030	TINAGL1
ENSDARP00000094755	ENSDARG00000070670	crip2	ENSEEEP00000010863	ENSEEEG00000005488	CRIP2
ENSDARP00000135213	ENSDARG00000101220	polrmt	ENSEEEP00000047765	ENSEEEG00000022483	POLRMT
ENSDARP00000115654	ENSDARG00000076495	vwc2	ENSEEEP00000010234	ENSEEEG00000005186	VWC2
ENSDARP00000120140	ENSDARG00000039203	mffb	ENSEEEP00000023227	ENSEEEG00000011261	MFF
ENSDARP00000052749	ENSDARG00000027903	adamtsl3	ENSEEEP00000034678	ENSEEEG00000016494	ADAMTSL3
ENSDARP00000001953	ENSDARG00000074425	si:busm1-57f23.1	ENSEEEP00000004926	ENSEEEG00000002568	si:busm1-57f23.1
ENSDARP00000137892	ENSDARG00000102266	isg20l2	ENSEEEP00000030702	ENSEEEG00000014696	ISG20L2
ENSDARP00000123741	ENSDARG00000006169	lrrk2	ENSEEEP00000003360	ENSEEEG00000001888	LRRK2
ENSDARP00000109770	ENSDARG00000054451	loxl1	ENSEEEP00000058976	ENSEEEG00000016282	LOXL1
ENSDARP00000055251	ENSDARG00000037909	timm29	ENSEEEP00000008830	ENSEEEG00000004562	TIMM29
ENSDARP00000113494	ENSDARG00000036636	ebpl	ENSEEEP00000048966	ENSEEEG00000023013	EBPL
ENSDARP00000139596	ENSDARG00000069692	col7a1l	ENSEEEP00000021997	ENSEEEG00000010683	
ENSDARP00000124874	ENSDARG00000075435	akap11	ENSEEEP00000011463	ENSEEEG00000005791	AKAP11
ENSDARP00000090608	ENSDARG00000041339	zgc:92380	ENSEEEP00000015087	ENSEEEG00000007511	zgc:92380
ENSDARP00000100297	ENSDARG00000079313	pelp1	ENSEEEP00000024176	ENSEEEG00000011728	AP1G2
ENSDARP00000032532	ENSDARG00000057026	ran	ENSEEEP00000031951	ENSEEEG00000015230	ran
ENSDARP00000133484	ENSDARG00000102744	mgst3a	ENSEEEP00000026282	ENSEEEG00000012712	mgst3a
ENSDARP00000134596	ENSDARG00000102599	tgoln2	ENSEEEP00000060304	ENSEEEG00000026895	tgoln2
ENSDARP00000124989	ENSDARG00000071192	gja1a	ENSEEEP00000056718	ENSEEEG00000027516	gja1a
ENSDARP00000117013	ENSDARG00000092124	cox14	ENSEEEP00000050264	ENSEEEG00000023638	COX14
ENSDARP00000135372	ENSDARG00000069111	ikzf2	ENSEEEP00000054236	ENSEEEG00000023138	IKZF2
ENSDARP00000088500	ENSDARG00000067838	riox1	ENSEEEP00000018931	ENSEEEG00000009261	RIOX1
ENSDARP00000139838	ENSDARG00000058206	si:ch211-153b23.5	ENSEEEP00000061962	ENSEEEG00000003469	si:ch211-153b23.5
ENSDARP00000082317	ENSDARG00000061543	ccdc85b	ENSEEEP00000042321	ENSEEEG00000019988	CCDC85B
ENSDARP00000052644	ENSDARG00000007744	tsr1	ENSEEEP00000001008	ENSEEEG00000000685	TSR1
ENSDARP00000129402	ENSDARG00000016161	ccdc170	ENSEEEP00000001651	ENSEEEG00000001058	CCDC170
ENSDARP00000062365	ENSDARG00000042534	rsrc2	ENSEEEP00000049551	ENSEEEG00000023298	RSRC2
ENSDARP00000127016	ENSDARG00000089943	npy2rl	ENSEEEP00000025002	ENSEEEG00000012126	npy2rl
ENSDARP00000010772	ENSDARG00000017010	scamp2l	ENSEEEP00000038738	ENSEEEG00000018382	scamp2l
ENSDARP00000068138	ENSDARG00000051934	kxd1	ENSEEEP00000046638	ENSEEEG00000021960	KXD1
ENSDARP00000127320	ENSDARG00000075721	zdhhc6	ENSEEEP00000040453	ENSEEEG00000019159	ZDHHC6
ENSDARP00000091500	ENSDARG00000069298	osbpl9	ENSEEEP00000013171	ENSEEEG00000006606	OSBPL9
ENSDARP00000118747	ENSDARG00000105792	or70a13	ENSEEEP00000064090	ENSEEEG00000019373	or115-15
ENSDARP00000134329	ENSDARG00000040478	lrp2bp	ENSEEEP00000032608	ENSEEEG00000015544	LRP2BP
ENSDARP00000082852	ENSDARG00000061738	marchf2	ENSEEEP00000058565	ENSEEEG00000026969	march2
ENSDARP00000110372	ENSDARG00000088799	xxylt1	ENSEEEP00000050494	ENSEEEG00000023742	XXYLT1
ENSDARP00000109556	ENSDARG00000044820	cstf1	ENSEEEP00000031709	ENSEEEG00000015147	CSTF1
ENSDARP00000044858	ENSDARG00000015538	znf207a	ENSEEEP00000058757	ENSEEEG00000004566	znf207a
ENSDARP00000073678	ENSDARG00000056473	chaf1b	ENSEEEP00000050358	ENSEEEG00000023681	CHAF1B
ENSDARP00000047211	ENSDARG00000028971	cpsf2	ENSEEEP00000018855	ENSEEEG00000009248	CPSF2
ENSDARP00000009826	ENSDARG00000008049	si:dkey-42i9.4	ENSEEEP00000011964	ENSEEEG00000006035	
ENSDARP00000095260	ENSDARG00000022509	cox4i2	ENSEEEP00000063607	ENSEEEG00000026546	GSTO1
ENSDARP00000067056	ENSDARG00000045606	alkbh3	ENSEEEP00000039272	ENSEEEG00000018659	ALKBH3
ENSDARP00000139899	ENSDARG00000099545	snx25	ENSEEEP00000033262	ENSEEEG00000015562	SNX25
ENSDARP00000122199	ENSDARG00000040725	zgc:114130	ENSEEEP00000049998	ENSEEEG00000023505	zgc:114130
ENSDARP00000157494	ENSDARG00000104094	grk3	ENSEEEP00000062568	ENSEEEG00000002142	GRK3
ENSDARP00000094265	ENSDARG00000070485	cenps	ENSEEEP00000044880	ENSEEEG00000021182	cenps
ENSDARP00000072173	ENSDARG00000055360	llph	ENSEEEP00000052181	ENSEEEG00000024465	LLPH
ENSDARP00000117902	ENSDARG00000001971	cthrc1b	ENSEEEP00000055404	ENSEEEG00000026533	cthrc1b
ENSDARP00000115337	ENSDARG00000052578	c6ast4	ENSEEEP00000036818	ENSEEEG00000017480	c6ast3
ENSDARP00000147067	ENSDARG00000075539	snphb	ENSEEEP00000014112	ENSEEEG00000007009	snphb
ENSDARP00000140243	ENSDARG00000100114	sf3a3	ENSEEEP00000028346	ENSEEEG00000013624	SF3A3
ENSDARP00000122836	ENSDARG00000074626	pidd1	ENSEEEP00000007299	ENSEEEG00000003839	PIDD1
ENSDARP00000115155	ENSDARG00000074967	zgc:162698	ENSEEEP00000061772	ENSEEEG00000018331	TMEM87A
ENSDARP00000130402	ENSDARG00000078604	tbc1d10b	ENSEEEP00000032143	ENSEEEG00000015313	TBC1D10B
ENSDARP00000122798	ENSDARG00000025595	agmo	ENSEEEP00000002708	ENSEEEG00000001564	AGMO
ENSDARP00000086597	ENSDARG00000063212	prmt2	ENSEEEP00000015134	ENSEEEG00000007539	EBPL
ENSDARP00000042477	ENSDARG00000031248	enkur	ENSEEEP00000001839	ENSEEEG00000001163	ENKUR
ENSDARP00000115814	ENSDARG00000016724	nkapd1	ENSEEEP00000034627	ENSEEEG00000016470	zgc:162339
ENSDARP00000100784	ENSDARG00000076008	umad1	ENSEEEP00000060495	ENSEEEG00000025937	UMAD1
ENSDARP00000099958	ENSDARG00000055510	ypel3	ENSEEEP00000057135	ENSEEEG00000028895	YPEL3
ENSDARP00000141900	ENSDARG00000103759	fahd2a	ENSEEEP00000037486	ENSEEEG00000017823	FAHD2A
ENSDARP00000033334	ENSDARG00000026616	zgc:113425	ENSEEEP00000001261	ENSEEEG00000000858	zgc:113425
ENSDARP00000117835	ENSDARG00000035434	zmat5	ENSEEEP00000039355	ENSEEEG00000018693	ZMAT5
ENSDARP00000109781	ENSDARG00000070463	e2f3	ENSEEEP00000001789	ENSEEEG00000001138	E2F3
ENSDARP00000003357	ENSDARG00000007971	cks1b	ENSEEEP00000013242	ENSEEEG00000006634	CKS1B
ENSDARP00000129296	ENSDARG00000052741	card11	ENSEEEP00000000036	ENSEEEG00000000018	CARD11
ENSDARP00000017858	ENSDARG00000003021	hdac8	ENSEEEP00000021807	ENSEEEG00000010605	hdac8
ENSDARP00000031745	ENSDARG00000026052	ccdc3a	ENSEEEP00000010345	ENSEEEG00000005237	ccdc3a
ENSDARP00000123441	ENSDARG00000088023	si:dkey-26c10.5	ENSEEEP00000025809	ENSEEEG00000012510	si:dkey-26c10.5
ENSDARP00000062703	ENSDARG00000042728	plaa	ENSEEEP00000053257	ENSEEEG00000019650	PLAA
ENSDARP00000097397	ENSDARG00000071860	nrn1a	ENSEEEP00000061225	ENSEEEG00000028544	nrn1a
ENSDARP00000139710	ENSDARG00000099533	zgc:113279	ENSEEEP00000006976	ENSEEEG00000003675	zgc:113279
ENSDARP00000114720	ENSDARG00000006869	stx17	ENSEEEP00000040127	ENSEEEG00000019027	STX17
ENSDARP00000134740	ENSDARG00000103714	rab6a	ENSEEEP00000019126	ENSEEEG00000009370	rab6a
ENSDARP00000070516	ENSDARG00000053917	alg10	ENSEEEP00000064595	ENSEEEG00000025996	alg10
ENSDARP00000109562	ENSDARG00000053447	ppp4r2b	ENSEEEP00000008347	ENSEEEG00000004352	ppp4r2b
ENSDARP00000013307	ENSDARG00000015010	odad1	ENSEEEP00000049797	ENSEEEG00000023407	ccdc114
ENSDARP00000094955	ENSDARG00000044332	zranb2	ENSEEEP00000010393	ENSEEEG00000005261	ZRANB2
ENSDARP00000015592	ENSDARG00000002613	rpa3	ENSEEEP00000054252	ENSEEEG00000025441	RPA3
ENSDARP00000123524	ENSDARG00000039616	cenpk	ENSEEEP00000028125	ENSEEEG00000013537	cenpk
ENSDARP00000089126	ENSDARG00000068141	tnfsf11	ENSEEEP00000011455	ENSEEEG00000005787	TNFSF11
ENSDARP00000127988	ENSDARG00000077785	atf5b	ENSEEEP00000006981	ENSEEEG00000003678	atf5b
ENSDARP00000018865	ENSDARG00000007697	fabp7a	ENSEEEP00000026050	ENSEEEG00000012613	fabp7a
ENSDARP00000150553	ENSDARG00000096045	srr	ENSEEEP00000032312	ENSEEEG00000015407	
ENSDARP00000006153	ENSDARG00000004436	cibar1	ENSEEEP00000018000	ENSEEEG00000008871	fam92a1
ENSDARP00000117438	ENSDARG00000077029	bub1	ENSEEEP00000051405	ENSEEEG00000024118	bub1
ENSDARP00000103889	ENSDARG00000079900	shroom4	ENSEEEP00000049702	ENSEEEG00000023367	SCAF11
ENSDARP00000139704	ENSDARG00000103511	zfand2a	ENSEEEP00000000862	ENSEEEG00000000588	ZFAND2A
ENSDARP00000071634	ENSDARG00000054890	rgra	ENSEEEP00000001383	ENSEEEG00000000914	rgra
ENSDARP00000155980	ENSDARG00000014941	tprkb	ENSEEEP00000032311	ENSEEEG00000015406	TPRKB
ENSDARP00000083347	ENSDARG00000061923	amotl2a	ENSEEEP00000010811	ENSEEEG00000005477	amotl2a
ENSDARP00000050331	ENSDARG00000025826	gna12a	ENSEEEP00000053349	ENSEEEG00000026258	gna12a
ENSDARP00000111412	ENSDARG00000056995	snai1a	ENSEEEP00000054777	ENSEEEG00000024878	snai1a
ENSDARP00000136148	ENSDARG00000100887	si:dkey-11f4.20	ENSEEEP00000043978	ENSEEEG00000020774	
ENSDARP00000122539	ENSDARG00000079488	zgc:195282	ENSEEEP00000024090	ENSEEEG00000011684	zgc:195282
ENSDARP00000144076	ENSDARG00000056525	bcar1	ENSEEEP00000048747	ENSEEEG00000022931	BCAR1
ENSDARP00000060997	ENSDARG00000041617	nme5	ENSEEEP00000004347	ENSEEEG00000002250	nme5
ENSDARP00000039986	ENSDARG00000024654	pgm3	ENSEEEP00000051259	ENSEEEG00000024054	PGM3
ENSDARP00000135613	ENSDARG00000102964	axin1	ENSEEEP00000000908	ENSEEEG00000000608	AXIN1
ENSDARP00000129048	ENSDARG00000088178	tp53inp2a	ENSEEEP00000022115	ENSEEEG00000010746	
ENSDARP00000080616	ENSDARG00000060846	cabp7b	ENSEEEP00000039353	ENSEEEG00000018692	cabp7b
ENSDARP00000118699	ENSDARG00000092260	si:ch73-290k24.6	ENSEEEP00000004116	ENSEEEG00000002189	si:ch73-290k24.6
ENSDARP00000122187	ENSDARG00000079784	tmem71	ENSEEEP00000025929	ENSEEEG00000012561	si:ch211-235o23.1
ENSDARP00000042866	ENSDARG00000029783	dedd	ENSEEEP00000014430	ENSEEEG00000007186	DEDD
ENSDARP00000059953	ENSDARG00000040911	meox2a	ENSEEEP00000056970	ENSEEEG00000026381	meox2a
ENSDARP00000113893	ENSDARG00000034146	ccnk	ENSEEEP00000040558	ENSEEEG00000019212	CCNK
ENSDARP00000055871	ENSDARG00000038309	dnajc15	ENSEEEP00000011449	ENSEEEG00000005784	DNAJC15
ENSDARP00000064845	ENSDARG00000044169	prelid1b	ENSEEEP00000057077	ENSEEEG00000025680	PRELID1
ENSDARP00000146160	ENSDARG00000009724	rpn2	ENSEEEP00000025286	ENSEEEG00000011136	RPN2
ENSDARP00000119854	ENSDARG00000039340	tmem209	ENSEEEP00000054071	ENSEEEG00000001759	TMEM209
ENSDARP00000046980	ENSDARG00000019845	pdlim1	ENSEEEP00000035887	ENSEEEG00000017072	PDLIM1
ENSDARP00000106947	ENSDARG00000038010	rac2	ENSEEEP00000056319	ENSEEEG00000019943	RAC2
ENSDARP00000150386	ENSDARG00000099546	kynu	ENSEEEP00000007605	ENSEEEG00000003940	KYNU
ENSDARP00000036002	ENSDARG00000001807	tnfrsf21	ENSEEEP00000026805	ENSEEEG00000012932	TNFRSF21
ENSDARP00000113335	ENSDARG00000019924	cmpk	ENSEEEP00000021157	ENSEEEG00000010315	CMPK1
ENSDARP00000022550	ENSDARG00000023323	ywhaqb	ENSEEEP00000004139	ENSEEEG00000002186	ywhaqb
ENSDARP00000131512	ENSDARG00000105287	mpp1	ENSEEEP00000060999	ENSEEEG00000020485	MPP1
ENSDARP00000148933	ENSDARG00000070822	cnp	ENSEEEP00000058865	ENSEEEG00000025380	CNP
ENSDARP00000115913	ENSDARG00000094578	epsti1	ENSEEEP00000011451	ENSEEEG00000005785	EPSTI1
ENSDARP00000138499	ENSDARG00000099888	snn	ENSEEEP00000055152	ENSEEEG00000027949	SNN
ENSDARP00000059193	ENSDARG00000040440	snrpd2	ENSEEEP00000031750	ENSEEEG00000015163	SNRPD2
ENSDARP00000013624	ENSDARG00000013938	psmb3	ENSEEEP00000038548	ENSEEEG00000018300	PSMB3
ENSDARP00000111714	ENSDARG00000090297	ldlrad2	ENSEEEP00000051522	ENSEEEG00000024193	ldlrad2
ENSDARP00000086283	ENSDARG00000063076	atrip	ENSEEEP00000016462	ENSEEEG00000008151	ATRIP
ENSDARP00000098875	ENSDARG00000016117	exd2	ENSEEEP00000002537	ENSEEEG00000001444	exd2
ENSDARP00000015815	ENSDARG00000021991	erlin1	ENSEEEP00000004937	ENSEEEG00000002302	ERLIN2
ENSDARP00000132585	ENSDARG00000099344	pla2g10	ENSEEEP00000000959	ENSEEEG00000000635	zgc:92162
ENSDARP00000099599	ENSDARG00000073820	zgc:174917	ENSEEEP00000047849	ENSEEEG00000022523	PHAF1
ENSDARP00000119308	ENSDARG00000013794	klf11b	ENSEEEP00000036641	ENSEEEG00000017396	klf11b
ENSDARP00000106489	ENSDARG00000016951	neurog3	ENSEEEP00000035884	ENSEEEG00000017071	NEUROG3
ENSDARP00000062744	ENSDARG00000042751	riok3	ENSEEEP00000034863	ENSEEEG00000016342	RIOK3
ENSDARP00000121947	ENSDARG00000015592	c1ql2	ENSEEEP00000005515	ENSEEEG00000002884	C1QL2
ENSDARP00000069948	ENSDARG00000053254	mylpfa	ENSEEEP00000032321	ENSEEEG00000015339	mylpfa
ENSDARP00000016755	ENSDARG00000006341	tas1r3	ENSEEEP00000049825	ENSEEEG00000023408	TAS1R3
ENSDARP00000036087	ENSDARG00000025017	znf488	ENSEEEP00000003598	ENSEEEG00000001968	PRDM8
ENSDARP00000140272	ENSDARG00000105113	galr2b	ENSEEEP00000000877	ENSEEEG00000000594	galr2a
ENSDARP00000037150	ENSDARG00000024047	tmem38a	ENSEEEP00000046380	ENSEEEG00000021834	TMEM38A
ENSDARP00000119637	ENSDARG00000010294	fmodb	ENSEEEP00000056860	ENSEEEG00000002005	OPTC
ENSDARP00000067004	ENSDARG00000045568	bcat1	ENSEEEP00000058619	ENSEEEG00000013864	bcat1
ENSDARP00000081884	ENSDARG00000061368	klf13	ENSEEEP00000001178	ENSEEEG00000000798	KLF13
ENSDARP00000127037	ENSDARG00000077533	eif3f	ENSEEEP00000025001	ENSEEEG00000012037	EIF3F
ENSDARP00000105487	ENSDARG00000091652	xrn1	ENSEEEP00000033042	ENSEEEG00000015724	XRN1
ENSDARP00000128133	ENSDARG00000097420	si:ch73-250a16.5	ENSEEEP00000005522	ENSEEEG00000002899	si:ch73-250a16.5
ENSDARP00000011140	ENSDARG00000020822	ift22	ENSEEEP00000028762	ENSEEEG00000013821	IFT22
ENSDARP00000069214	ENSDARG00000027887	zfyve21	ENSEEEP00000039260	ENSEEEG00000018657	ZFYVE21
ENSDARP00000141791	ENSDARG00000028228	zbtb18	ENSEEEP00000054796	ENSEEEG00000026981	ZBTB18
ENSDARP00000048049	ENSDARG00000030176	zgc:92429	ENSEEEP00000010575	ENSEEEG00000005366	zgc:92429
ENSDARP00000125804	ENSDARG00000079700	b3galt1a	ENSEEEP00000050094	ENSEEEG00000023561	B3GALT1
ENSDARP00000101000	ENSDARG00000078643	vtcn1	ENSEEEP00000019320	ENSEEEG00000009461	VTCN1
ENSDARP00000028630	ENSDARG00000004171	rabac1	ENSEEEP00000007159	ENSEEEG00000003779	RABAC1
ENSDARP00000102405	ENSDARG00000075222	amer2	ENSEEEP00000063474	ENSEEEG00000028642	AMER2
ENSDARP00000122155	ENSDARG00000075641	steap3	ENSEEEP00000005526	ENSEEEG00000002901	STEAP3
ENSDARP00000065131	ENSDARG00000056244	zgc:171740	ENSEEEP00000009047	ENSEEEG00000004663	zgc:171740
ENSDARP00000058379	ENSDARG00000039910	rbm42	ENSEEEP00000016780	ENSEEEG00000008319	RBM42
ENSDARP00000117605	ENSDARG00000037199	zgc:101851	ENSEEEP00000053075	ENSEEEG00000027514	C2orf76
ENSDARP00000139123	ENSDARG00000104782	oaz1b	ENSEEEP00000022149	ENSEEEG00000010757	oaz1b
ENSDARP00000099969	ENSDARG00000045870	plekha5	ENSEEEP00000002615	ENSEEEG00000001494	plekha5
ENSDARP00000003452	ENSDARG00000005948	ankmy2a	ENSEEEP00000007658	ENSEEEG00000004004	ankmy2a
ENSDARP00000097945	ENSDARG00000014477	sstr3a	ENSEEEP00000042209	ENSEEEG00000019942	SSTR3
ENSDARP00000133580	ENSDARG00000030602	rps19	ENSEEEP00000029301	ENSEEEG00000014039	RPS19
ENSDARP00000115818	ENSDARG00000003281	pik3ip1	ENSEEEP00000048938	ENSEEEG00000023004	PIK3IP1
ENSDARP00000118574	ENSDARG00000005034	crppa	ENSEEEP00000007644	ENSEEEG00000003998	CRPPA
ENSDARP00000146363	ENSDARG00000076733	bard1	ENSEEEP00000049245	ENSEEEG00000023142	bard1
ENSDARP00000032505	ENSDARG00000018602	rab5aa	ENSEEEP00000001463	ENSEEEG00000000949	rab5aa
ENSDARP00000130751	ENSDARG00000076781	trim45	ENSEEEP00000060959	ENSEEEG00000009458	TRIM45
ENSDARP00000147532	ENSDARG00000101110	lyrm4b	ENSEEEP00000010186	ENSEEEG00000005173	LYRM4
ENSDARP00000113187	ENSDARG00000068380	foxg1c	ENSEEEP00000031737	ENSEEEG00000015162	foxg1c
ENSDARP00000130213	ENSDARG00000104039	errfi1a	ENSEEEP00000029170	ENSEEEG00000013991	errfi1a
ENSDARP00000068661	ENSDARG00000052341	sgcb	ENSEEEP00000040010	ENSEEEG00000018973	SGCB
ENSDARP00000027919	ENSDARG00000008434	bcl2l1	ENSEEEP00000057913	ENSEEEG00000027672	BCL2L1
ENSDARP00000134744	ENSDARG00000102398	cnn1b	ENSEEEP00000039013	ENSEEEG00000018513	cnn1b
ENSDARP00000086017	ENSDARG00000062959	zgc:158785	ENSEEEP00000052903	ENSEEEG00000016488	zgc:158785
ENSDARP00000136280	ENSDARG00000091247	fars2	ENSEEEP00000010185	ENSEEEG00000005172	FARS2
ENSDARP00000094523	ENSDARG00000074466	gdpd3a	ENSEEEP00000058673	ENSEEEG00000001676	gdpd3a
ENSDARP00000129197	ENSDARG00000012271	pacc1	ENSEEEP00000034199	ENSEEEG00000016289	PACC1
ENSDARP00000120887	ENSDARG00000054239	ghrl	ENSEEEP00000020137	ENSEEEG00000009831	GHRL
ENSDARP00000152640	ENSDARG00000038894	tmx3a	ENSEEEP00000056454	ENSEEEG00000027593	tmx3a
ENSDARP00000123136	ENSDARG00000076838	apom	ENSEEEP00000041505	ENSEEEG00000019631	ube2g1b
ENSDARP00000011823	ENSDARG00000015355	fosl1a	ENSEEEP00000042316	ENSEEEG00000019987	fosl1a
ENSDARP00000023287	ENSDARG00000017927	gjd6	ENSEEEP00000034664	ENSEEEG00000016487	cx36.7
ENSDARP00000136794	ENSDARG00000099453	elof1	ENSEEEP00000039009	ENSEEEG00000018512	ELOF1
ENSDARP00000018978	ENSDARG00000015759	tspan6	ENSEEEP00000035538	ENSEEEG00000016929	tspan7
ENSDARP00000098864	ENSDARG00000074889	mutyh	ENSEEEP00000027737	ENSEEEG00000013352	MUTYH
ENSDARP00000067261	ENSDARG00000045754	mettl25	ENSEEEP00000050272	ENSEEEG00000023641	mettl25
ENSDARP00000115777	ENSDARG00000069134	vwc2l	ENSEEEP00000049243	ENSEEEG00000023140	VWC2L
ENSDARP00000093386	ENSDARG00000015224	cd2ap	ENSEEEP00000026794	ENSEEEG00000012931	CD2AP
ENSDARP00000134885	ENSDARG00000089033	mettl25b	ENSEEEP00000030694	ENSEEEG00000014692	rrnad1
ENSDARP00000093998	ENSDARG00000070387	nudt7	ENSEEEP00000046148	ENSEEEG00000021746	NUDT7
ENSDARP00000119950	ENSDARG00000000142	tmem267	ENSEEEP00000004923	ENSEEEG00000002566	TMEM267
ENSDARP00000138101	ENSDARG00000101242	zcchc14	ENSEEEP00000054542	ENSEEEG00000028966	ZNF503
ENSDARP00000123807	ENSDARG00000090152	anapc10	ENSEEEP00000001706	ENSEEEG00000001090	anapc10
ENSDARP00000090566	ENSDARG00000068892	sostdc1a	ENSEEEP00000007649	ENSEEEG00000004001	sostdc1a
ENSDARP00000110858	ENSDARG00000042492	si:dkey-250d21.1	ENSEEEP00000045365	ENSEEEG00000021409	si:dkey-250d21.1
ENSDARP00000106800	ENSDARG00000088612	si:ch211-153b23.7	ENSEEEP00000047850	ENSEEEG00000022524	si:ch211-153b23.7
ENSDARP00000108190	ENSDARG00000018426	aldh7a1	ENSEEEP00000032883	ENSEEEG00000015619	ALDH7A1
ENSDARP00000147317	ENSDARG00000043475	tagapb	ENSEEEP00000028712	ENSEEEG00000013796	TAGAP
ENSDARP00000130255	ENSDARG00000099101	gch2	ENSEEEP00000035667	ENSEEEG00000016983	gch2
ENSDARP00000119374	ENSDARG00000045755	ccdc59	ENSEEEP00000064579	ENSEEEG00000023643	CCDC59
ENSDARP00000139060	ENSDARG00000104992	epgn	ENSEEEP00000039812	ENSEEEG00000018876	
ENSDARP00000129600	ENSDARG00000025311	cuzd1.2	ENSEEEP00000023621	ENSEEEG00000011437	cuzd1.2
ENSDARP00000009901	ENSDARG00000018145	mid1ip1l	ENSEEEP00000061431	ENSEEEG00000016925	mid1ip1l
ENSDARP00000055337	ENSDARG00000037966	thoc6	ENSEEEP00000028640	ENSEEEG00000013761	THOC6
ENSDARP00000131700	ENSDARG00000101170	rab42b	ENSEEEP00000013447	ENSEEEG00000006729	rab42b
ENSDARP00000066654	ENSDARG00000030999	mybl1	ENSEEEP00000058075	ENSEEEG00000010531	MYBL1
ENSDARP00000095601	ENSDARG00000071060	naa10	ENSEEEP00000052341	ENSEEEG00000024528	NAA10
ENSDARP00000124705	ENSDARG00000060023	ncapg2	ENSEEEP00000058900	ENSEEEG00000022861	NCAPG2
ENSDARP00000107136	ENSDARG00000089724	cyld2	ENSEEEP00000022118	ENSEEEG00000010748	cyldb
ENSDARP00000079654	ENSDARG00000013853	lmo4a	ENSEEEP00000031721	ENSEEEG00000015152	lmo4a
ENSDARP00000109366	ENSDARG00000088619	rexo4	ENSEEEP00000042916	ENSEEEG00000020249	REXO4
ENSDARP00000018034	ENSDARG00000014358	optc	ENSEEEP00000036484	ENSEEEG00000017336	OPTC
ENSDARP00000108100	ENSDARG00000089691	ism2a	ENSEEEP00000047041	ENSEEEG00000022146	ism2a
ENSDARP00000078547	ENSDARG00000060012	f2r	ENSEEEP00000013823	ENSEEEG00000006874	F2R
ENSDARP00000107079	ENSDARG00000088079	tmed6	ENSEEEP00000046150	ENSEEEG00000021747	tmed6
ENSDARP00000128812	ENSDARG00000063519	plekhb1	ENSEEEP00000019078	ENSEEEG00000009368	
ENSDARP00000093139	ENSDARG00000070006	rcn1	ENSEEEP00000060348	ENSEEEG00000028727	rcn1
ENSDARP00000058792	ENSDARG00000040192	nenf	ENSEEEP00000059530	ENSEEEG00000026664	NENF
ENSDARP00000074016	ENSDARG00000043586	fas	ENSEEEP00000060730	ENSEEEG00000027247	CD40
ENSDARP00000076355	ENSDARG00000058944	si:dkey-8e10.3	ENSEEEP00000000672	ENSEEEG00000000461	si:dkey-8e10.3
ENSDARP00000116402	ENSDARG00000031952	mb	ENSEEEP00000009481	ENSEEEG00000004841	MB
ENSDARP00000026207	ENSDARG00000002204	hspb9l	ENSEEEP00000033632	ENSEEEG00000016004	HSPB11
ENSDARP00000078444	ENSDARG00000059983	zufsp	ENSEEEP00000062883	ENSEEEG00000009897	zufsp
ENSDARP00000127228	ENSDARG00000022660	armc2	ENSEEEP00000058387	ENSEEEG00000011609	ARMC2
ENSDARP00000022320	ENSDARG00000011175	atp6v1d	ENSEEEP00000026381	ENSEEEG00000012603	ATP6V1D
ENSDARP00000072319	ENSDARG00000055493	hic1	ENSEEEP00000001012	ENSEEEG00000000688	HIC1
ENSDARP00000090653	ENSDARG00000014796	wnt11	ENSEEEP00000045358	ENSEEEG00000021404	WNT11
ENSDARP00000098626	ENSDARG00000075323	srfbp1	ENSEEEP00000057315	ENSEEEG00000024825	SRFBP1
ENSDARP00000010895	ENSDARG00000024101	adra1d	ENSEEEP00000024942	ENSEEEG00000012100	ADRA1D
ENSDARP00000152576	ENSDARG00000029944	parpbp	ENSEEEP00000028940	ENSEEEG00000013885	PARPBP
ENSDARP00000149080	ENSDARG00000095288	rusc2	ENSEEEP00000034335	ENSEEEG00000016333	RUSC2
ENSDARP00000124412	ENSDARG00000061865	ddx10	ENSEEEP00000009697	ENSEEEG00000004683	DDX10
ENSDARP00000107660	ENSDARG00000021032	foxd3	ENSEEEP00000039602	ENSEEEG00000018803	foxd3
ENSDARP00000119803	ENSDARG00000026247	insyn1	ENSEEEP00000034180	ENSEEEG00000016276	INSYN1
ENSDARP00000127401	ENSDARG00000037618	ddit4	ENSEEEP00000058844	ENSEEEG00000026960	DDIT4
ENSDARP00000126616	ENSDARG00000037358	polr3e	ENSEEEP00000021418	ENSEEEG00000010097	POLR3E
ENSDARP00000102543	ENSDARG00000077084	col28a1a	ENSEEEP00000024426	ENSEEEG00000011848	col28a1b
ENSDARP00000120939	ENSDARG00000094191	nup37	ENSEEEP00000028943	ENSEEEG00000013887	NUP37
ENSDARP00000027372	ENSDARG00000020758	tmem178a	ENSEEEP00000063476	ENSEEEG00000027848	tmem178
ENSDARP00000022921	ENSDARG00000008305	hand2	ENSEEEP00000036673	ENSEEEG00000017411	HAND2
ENSDARP00000136768	ENSDARG00000100372	alad	ENSEEEP00000053397	ENSEEEG00000020138	ALAD
ENSDARP00000059954	ENSDARG00000040910	ildr1b	ENSEEEP00000010121	ENSEEEG00000005135	ildr1b
ENSDARP00000121491	ENSDARG00000098651	si:dkey-21e2.7	ENSEEEP00000047771	ENSEEEG00000022486	
ENSDARP00000063763	ENSDARG00000043436	c1ql1	ENSEEEP00000000479	ENSEEEG00000000356	c1ql1
ENSDARP00000129656	ENSDARG00000074062	si:dkey-234i14.15	ENSEEEP00000005913	ENSEEEG00000003141	
ENSDARP00000101884	ENSDARG00000075343	csf1a	ENSEEEP00000036466	ENSEEEG00000017334	
ENSDARP00000065466	ENSDARG00000002758	dedd1	ENSEEEP00000007161	ENSEEEG00000003780	dedd1
ENSDARP00000081172	ENSDARG00000079843	si:dkey-234i14.9	ENSEEEP00000063889	ENSEEEG00000026155	
ENSDARP00000137350	ENSDARG00000100677	tmem205	ENSEEEP00000039004	ENSEEEG00000018511	TMEM205
ENSDARP00000006694	ENSDARG00000006395	rbm25b	ENSEEEP00000026431	ENSEEEG00000012786	rbm25b
ENSDARP00000059230	ENSDARG00000040469	enpp6	ENSEEEP00000033334	ENSEEEG00000015839	ENPP6
ENSDARP00000121575	ENSDARG00000026736	il11ra	ENSEEEP00000004919	ENSEEEG00000002565	il11ra
ENSDARP00000146224	ENSDARG00000070734	dyrk4	ENSEEEP00000015250	ENSEEEG00000007588	dyrk4
ENSDARP00000142177	ENSDARG00000069977	myg1	ENSEEEP00000019826	ENSEEEG00000009702	MYG1
ENSDARP00000121524	ENSDARG00000061100	nars1	ENSEEEP00000060106	ENSEEEG00000005638	NARS1
ENSDARP00000098019	ENSDARG00000078741	zgc:172136	ENSEEEP00000051346	ENSEEEG00000024094	FRMD1
ENSDARP00000112617	ENSDARG00000030844	klf11a	ENSEEEP00000020968	ENSEEEG00000010223	klf11a
ENSDARP00000113766	ENSDARG00000062055	rnf38	ENSEEEP00000024211	ENSEEEG00000011690	RNF38
ENSDARP00000009264	ENSDARG00000019122	he1.2	ENSEEEP00000060685	ENSEEEG00000025824	
ENSDARP00000038227	ENSDARG00000026369	dbi	ENSEEEP00000057807	ENSEEEG00000028732	DBI
ENSDARP00000094654	ENSDARG00000070617	vhl	ENSEEEP00000020123	ENSEEEG00000009827	vhl
ENSDARP00000057385	ENSDARG00000039279	golga5	ENSEEEP00000048740	ENSEEEG00000022932	GOLGA5
ENSDARP00000003320	ENSDARG00000002685	fam113	ENSEEEP00000057484	ENSEEEG00000023360	fam113
ENSDARP00000117667	ENSDARG00000093945	vma21	ENSEEEP00000058698	ENSEEEG00000028357	VMA21
ENSDARP00000101312	ENSDARG00000073959	pmch	ENSEEEP00000028936	ENSEEEG00000013884	pmchl
ENSDARP00000094655	ENSDARG00000070618	tatdn2	ENSEEEP00000020124	ENSEEEG00000009830	tatdn2
ENSDARP00000050069	ENSDARG00000032780	pigf	ENSEEEP00000035669	ENSEEEG00000016985	PIGF
ENSDARP00000123693	ENSDARG00000003061	cd276	ENSEEEP00000034170	ENSEEEG00000016270	cd276
ENSDARP00000017449	ENSDARG00000094132	igf1	ENSEEEP00000028930	ENSEEEG00000013869	IGF1
ENSDARP00000152847	ENSDARG00000053646	adrb3a	ENSEEEP00000003145	ENSEEEG00000001782	adrb3a
ENSDARP00000088244	ENSDARG00000067673	snapc4	ENSEEEP00000028574	ENSEEEG00000013724	SNAPC4
ENSDARP00000032142	ENSDARG00000025953	rhoq	ENSEEEP00000035670	ENSEEEG00000016986	RHOQ
ENSDARP00000120553	ENSDARG00000086362	pou6f2	ENSEEEP00000015227	ENSEEEG00000007579	POU6F2
ENSDARP00000096118	ENSDARG00000013335	anxa6	ENSEEEP00000020438	ENSEEEG00000006868	ANXA6
ENSDARP00000123232	ENSDARG00000011549	c1ql4a	ENSEEEP00000030875	ENSEEEG00000014775	c1ql4a
ENSDARP00000102075	ENSDARG00000074771	ifngr1	ENSEEEP00000035824	ENSEEEG00000017051	
ENSDARP00000141730	ENSDARG00000013360	sh3gl3a	ENSEEEP00000034663	ENSEEEG00000016486	sh3gl3a
ENSDARP00000029462	ENSDARG00000022788	cops7a	ENSEEEP00000025424	ENSEEEG00000012336	COPS7A
ENSDARP00000008391	ENSDARG00000007477	fbxo8	ENSEEEP00000036670	ENSEEEG00000017410	FBXO8
ENSDARP00000140519	ENSDARG00000103137	rmi2	ENSEEEP00000061963	ENSEEEG00000027894	RMI2
ENSDARP00000115890	ENSDARG00000002764	miox	ENSEEEP00000032636	ENSEEEG00000015560	MIOX
ENSDARP00000073429	ENSDARG00000056464	fitm1l	ENSEEEP00000016008	ENSEEEG00000007925	fitm1l
ENSDARP00000109509	ENSDARG00000089232	prr14	ENSEEEP00000053497	ENSEEEG00000026280	prr14
ENSDARP00000132038	ENSDARG00000100232	glis2b	ENSEEEP00000045672	ENSEEEG00000021538	glis2b
ENSDARP00000105610	ENSDARG00000087693	atox1	ENSEEEP00000029970	ENSEEEG00000014358	atox1
ENSDARP00000132458	ENSDARG00000100020	pim1	ENSEEEP00000055296	ENSEEEG00000028589	PIM1
ENSDARP00000141072	ENSDARG00000098191	si:dkey-16l2.20	ENSEEEP00000032359	ENSEEEG00000015425	si:dkey-16l2.20
ENSDARP00000114811	ENSDARG00000015930	rwdd1	ENSEEEP00000020259	ENSEEEG00000009890	RWDD1
ENSDARP00000122282	ENSDARG00000076296	triqk	ENSEEEP00000018001	ENSEEEG00000008872	TRIQK
ENSDARP00000114455	ENSDARG00000062080	shc2	ENSEEEP00000005458	ENSEEEG00000002864	shc2
ENSDARP00000124074	ENSDARG00000044685	nr0b2a	ENSEEEP00000029661	ENSEEEG00000014208	nr0b2a
ENSDARP00000133769	ENSDARG00000093563	si:ch211-225b11.4	ENSEEEP00000048940	ENSEEEG00000023005	si:ch211-225b11.4
ENSDARP00000124194	ENSDARG00000075618	slc36a1	ENSEEEP00000030350	ENSEEEG00000014375	SLC36A1
ENSDARP00000122964	ENSDARG00000070110	opn5	ENSEEEP00000026786	ENSEEEG00000012930	OPN5
ENSDARP00000123790	ENSDARG00000015543	s100a1	ENSEEEP00000062940	ENSEEEG00000026165	S100A1
ENSDARP00000101166	ENSDARG00000073957	tox3	ENSEEEP00000064459	ENSEEEG00000023201	TOX3
ENSDARP00000111034	ENSDARG00000003941	rrs1	ENSEEEP00000054724	ENSEEEG00000010532	RRS1
ENSDARP00000071604	ENSDARG00000054856	cskmt	ENSEEEP00000049679	ENSEEEG00000023361	cskmt
ENSDARP00000149704	ENSDARG00000068140	si:dkey-24l11.2	ENSEEEP00000024263	ENSEEEG00000011764	si:dkey-24l11.2
ENSDARP00000126649	ENSDARG00000079131	atxn7l3b	ENSEEEP00000048645	ENSEEEG00000022887	ATXN7L3
ENSDARP00000006133	ENSDARG00000011462	otub1b	ENSEEEP00000056491	ENSEEEG00000026013	otub1b
ENSDARP00000130720	ENSDARG00000103483	litaf	ENSEEEP00000061000	ENSEEEG00000028028	LITAF
ENSDARP00000070780	ENSDARG00000054155	pcna	ENSEEEP00000028033	ENSEEEG00000013487	PCNA
ENSDARP00000102334	ENSDARG00000077799	egr4	ENSEEEP00000005243	ENSEEEG00000002741	EGR4
ENSDARP00000007305	ENSDARG00000013014	or6at1	ENSEEEP00000040907	ENSEEEG00000019380	or101-1
ENSDARP00000078539	ENSDARG00000060007	n4bp3	ENSEEEP00000007324	ENSEEEG00000003846	N4BP3
ENSDARP00000100461	ENSDARG00000010423	npsn	ENSEEEP00000062921	ENSEEEG00000029141	npsn
ENSDARP00000115088	ENSDARG00000012627	cdc34b	ENSEEEP00000015287	ENSEEEG00000007600	cdc34b
ENSDARP00000154236	ENSDARG00000098290	unc80	ENSEEEP00000038545	ENSEEEG00000018295	UNC80
ENSDARP00000148113	ENSDARG00000078366		ENSEEEP00000017793	ENSEEEG00000008790	C5orf49
ENSDARP00000075472	ENSDARG00000058200	plcxd2	ENSEEEP00000011262	ENSEEEG00000005710	PLCXD2
ENSDARP00000106416	ENSDARG00000087927	nudt9	ENSEEEP00000002737	ENSEEEG00000001578	NUDT9
ENSDARP00000011011	ENSDARG00000021257	eif3d	ENSEEEP00000008936	ENSEEEG00000004609	EIF3D
ENSDARP00000115403	ENSDARG00000092240	si:ch211-243a20.3	ENSEEEP00000041851	ENSEEEG00000019784	si:ch211-243a20.3
ENSDARP00000122878	ENSDARG00000055283	id2a	ENSEEEP00000035234	ENSEEEG00000016762	id2a
ENSDARP00000145954	ENSDARG00000027140	nup160	ENSEEEP00000002796	ENSEEEG00000001601	NUP160
ENSDARP00000143878	ENSDARG00000061292	pi15b	ENSEEEP00000050872	ENSEEEG00000023896	pi15b
ENSDARP00000116815	ENSDARG00000074843	phldb2b	ENSEEEP00000018896	ENSEEEG00000009271	
ENSDARP00000014904	ENSDARG00000002213	invs	ENSEEEP00000057542	ENSEEEG00000028196	INVS
ENSDARP00000094142	ENSDARG00000052334	ociad1	ENSEEEP00000040096	ENSEEEG00000019012	OCIAD1
ENSDARP00000017229	ENSDARG00000003153	nudt21	ENSEEEP00000048756	ENSEEEG00000022936	NUDT21
ENSDARP00000124217	ENSDARG00000007960	hnrnpaba	ENSEEEP00000004254	ENSEEEG00000002245	hnrnpaba
ENSDARP00000059203	ENSDARG00000006447	slc19a3a	ENSEEEP00000000630	ENSEEEG00000000447	slc19a3a
ENSDARP00000100335	ENSDARG00000079229	znf414	ENSEEEP00000042638	ENSEEEG00000020133	ZNF414
ENSDARP00000130365	ENSDARG00000102365	eloa	ENSEEEP00000018111	ENSEEEG00000008905	eloa
ENSDARP00000007173	ENSDARG00000025174	zgc:103482	ENSEEEP00000013798	ENSEEEG00000006864	zgc:103482
ENSDARP00000043959	ENSDARG00000030020	agfg1a	ENSEEEP00000008020	ENSEEEG00000004183	agfg1a
ENSDARP00000128855	ENSDARG00000089586	ncam3	ENSEEEP00000016770	ENSEEEG00000008315	
ENSDARP00000121990	ENSDARG00000025269	pdcd6ip	ENSEEEP00000015634	ENSEEEG00000007746	pdcd6ip
ENSDARP00000110231	ENSDARG00000042544	degs2	ENSEEEP00000034298	ENSEEEG00000016334	DEGS2
ENSDARP00000003571	ENSDARG00000020261	rab2a	ENSEEEP00000045178	ENSEEEG00000021325	RAB2A
ENSDARP00000114939	ENSDARG00000092394	dcun1d4	ENSEEEP00000040091	ENSEEEG00000018982	DCUN1D4
ENSDARP00000051806	ENSDARG00000057867	lasp1	ENSEEEP00000059903	ENSEEEG00000015887	LASP1
ENSDARP00000049223	ENSDARG00000028937	taf1b	ENSEEEP00000020958	ENSEEEG00000010218	TAF1B
ENSDARP00000116459	ENSDARG00000038720	zp3f.1	ENSEEEP00000040894	ENSEEEG00000019367	zp3f.1
ENSDARP00000146002	ENSDARG00000035650	evla	ENSEEEP00000034300	ENSEEEG00000016335	evlb
ENSDARP00000099275	ENSDARG00000029859	armh1	ENSEEEP00000027724	ENSEEEG00000013349	ARMH1
ENSDARP00000017258	ENSDARG00000019008	erp44	ENSEEEP00000040117	ENSEEEG00000019008	ERP44
ENSDARP00000009882	ENSDARG00000010878	cdkn1ca	ENSEEEP00000039496	ENSEEEG00000018761	cdkn1ca
ENSDARP00000006223	ENSDARG00000013842	tbc1d19	ENSEEEP00000041429	ENSEEEG00000019589	TBC1D19
ENSDARP00000114588	ENSDARG00000078582	myo16	ENSEEEP00000040412	ENSEEEG00000019140	MYO16
ENSDARP00000133491	ENSDARG00000102827	ubfd1	ENSEEEP00000001099	ENSEEEG00000000733	UBFD1
ENSDARP00000129056	ENSDARG00000079834	kdf1a	ENSEEEP00000063838	ENSEEEG00000027409	kdf1a
ENSDARP00000122063	ENSDARG00000061951	golgb1	ENSEEEP00000052186	ENSEEEG00000024467	GOLGB1
ENSDARP00000115969	ENSDARG00000095019	lmo2	ENSEEEP00000022648	ENSEEEG00000010997	LMO2
ENSDARP00000033545	ENSDARG00000004460	desi2	ENSEEEP00000037014	ENSEEEG00000017573	DESI2
ENSDARP00000037632	ENSDARG00000023927	dnajc24	ENSEEEP00000014508	ENSEEEG00000007220	DNAJC24
ENSDARP00000114804	ENSDARG00000057973	dph1	ENSEEEP00000001043	ENSEEEG00000000694	DPH1
ENSDARP00000155680	ENSDARG00000075972	csrnp2	ENSEEEP00000000069	ENSEEEG00000000039	CSRNP2
ENSDARP00000110413	ENSDARG00000074955	nup98	ENSEEEP00000040966	ENSEEEG00000019383	NUP98
ENSDARP00000123101	ENSDARG00000014953	cnih3	ENSEEEP00000061730	ENSEEEG00000013120	CNIH3
ENSDARP00000041750	ENSDARG00000031680	ercc1	ENSEEEP00000040762	ENSEEEG00000019317	ERCC1
ENSDARP00000045396	ENSDARG00000029290	stx11b.1	ENSEEEP00000022292	ENSEEEG00000010818	stx11b.1
ENSDARP00000020170	ENSDARG00000007886	slc35b2	ENSEEEP00000028701	ENSEEEG00000013788	SLC35B2
ENSDARP00000069386	ENSDARG00000052948	nppal	ENSEEEP00000004608	ENSEEEG00000002407	nppal
ENSDARP00000068197	ENSDARG00000001880	stx3b	ENSEEEP00000031891	ENSEEEG00000015224	stx3a
ENSDARP00000146481	ENSDARG00000099973	mia2	ENSEEEP00000027417	ENSEEEG00000013225	mia2
ENSDARP00000129219	ENSDARG00000097208	si:ch1073-281m9.1	ENSEEEP00000039274	ENSEEEG00000018660	C11orf96
ENSDARP00000092374	ENSDARG00000057328	cth1	ENSEEEP00000061693	ENSEEEG00000026351	cth1
ENSDARP00000026092	ENSDARG00000015551	fth1a	ENSEEEP00000034661	ENSEEEG00000016476	FTH1
ENSDARP00000115296	ENSDARG00000002353	tagapa	ENSEEEP00000034194	ENSEEEG00000016285	tagapa
ENSDARP00000099735	ENSDARG00000075829	kiss1	ENSEEEP00000036460	ENSEEEG00000017331	
ENSDARP00000131236	ENSDARG00000104996	tmem203	ENSEEEP00000020703	ENSEEEG00000010099	TMEM203
ENSDARP00000131599	ENSDARG00000102583	il4r.1	ENSEEEP00000057316	ENSEEEG00000000769	
ENSDARP00000127173	ENSDARG00000073747	si:dkey-1j5.4	ENSEEEP00000027184	ENSEEEG00000013118	si:dkey-1j5.4
ENSDARP00000091921	ENSDARG00000056248	si:dkey-183i3.5	ENSEEEP00000009910	ENSEEEG00000005040	si:dkey-183i3.5
ENSDARP00000106524	ENSDARG00000090818	cacfd1	ENSEEEP00000042912	ENSEEEG00000020246	CACFD1
ENSDARP00000141505	ENSDARG00000103318	mrpl3	ENSEEEP00000002286	ENSEEEG00000001320	MRPL3
ENSDARP00000114970	ENSDARG00000028661	cntfr	ENSEEEP00000004917	ENSEEEG00000002563	CNTFR
ENSDARP00000080930	ENSDARG00000060987	zgc:154077	ENSEEEP00000015247	ENSEEEG00000007586	C12orf4
ENSDARP00000106640	ENSDARG00000014180	ildr2	ENSEEEP00000010120	ENSEEEG00000005134	ILDR2
ENSDARP00000142540	ENSDARG00000086996	si:ch73-234b20.5	ENSEEEP00000056197	ENSEEEG00000027378	si:ch73-234b20.5
ENSDARP00000084401	ENSDARG00000062314	rasl10a	ENSEEEP00000026925	ENSEEEG00000012997	RASL10A
ENSDARP00000146210	ENSDARG00000040890	fdps	ENSEEEP00000026602	ENSEEEG00000012857	FDPS
ENSDARP00000132139	ENSDARG00000099380	rpl13	ENSEEEP00000029548	ENSEEEG00000014153	rpl13
ENSDARP00000116682	ENSDARG00000001767	slc29a2	ENSEEEP00000022977	ENSEEEG00000011152	SLC29A2
ENSDARP00000089118	ENSDARG00000068138	ch25hl1.2	ENSEEEP00000024260	ENSEEEG00000011763	ch25hl1.2
ENSDARP00000128167	ENSDARG00000060569	tmem229b	ENSEEEP00000013302	ENSEEEG00000006664	TMEM229B
ENSDARP00000115456	ENSDARG00000013542	lpgat1	ENSEEEP00000032572	ENSEEEG00000015526	LPGAT1
ENSDARP00000118047	ENSDARG00000025549	ndufaf1	ENSEEEP00000048721	ENSEEEG00000022923	NDUFAF1
ENSDARP00000140965	ENSDARG00000101534	rab3db	ENSEEEP00000039002	ENSEEEG00000018507	rab3db
ENSDARP00000120251	ENSDARG00000078875	adm2b	ENSEEEP00000032634	ENSEEEG00000015559	adm2b
ENSDARP00000115385	ENSDARG00000070452	saraf	ENSEEEP00000037237	ENSEEEG00000017700	SARAF
ENSDARP00000121696	ENSDARG00000036070	polr1h	ENSEEEP00000052946	ENSEEEG00000018697	polr1h
ENSDARP00000114921	ENSDARG00000040948	olig1	ENSEEEP00000040763	ENSEEEG00000019318	olig1
ENSDARP00000104135	ENSDARG00000071011	cdk5r2a	ENSEEEP00000041689	ENSEEEG00000019722	cdk5r2a
ENSDARP00000099178	ENSDARG00000076391	npm2a	ENSEEEP00000003143	ENSEEEG00000001781	npm2a
ENSDARP00000018280	ENSDARG00000075713	shox2	ENSEEEP00000022327	ENSEEEG00000010837	SHOX2
ENSDARP00000101763	ENSDARG00000077387	drc5	ENSEEEP00000028708	ENSEEEG00000013792	TCTE1
ENSDARP00000137905	ENSDARG00000090834	epor	ENSEEEP00000058504	ENSEEEG00000026570	EPOR
ENSDARP00000121443	ENSDARG00000061735	hnrnpm	ENSEEEP00000035104	ENSEEEG00000016654	HNRNPM
ENSDARP00000008287	ENSDARG00000003865	pard6b	ENSEEEP00000036483	ENSEEEG00000017340	PARD6B
ENSDARP00000123390	ENSDARG00000043442	mala.2	ENSEEEP00000013702	ENSEEEG00000006832	MAL
ENSDARP00000062723	ENSDARG00000054250	crbn	ENSEEEP00000020115	ENSEEEG00000009825	CRBN
ENSDARP00000008672	ENSDARG00000004574	gtf3c2	ENSEEEP00000042148	ENSEEEG00000019910	GTF3C2
ENSDARP00000119733	ENSDARG00000070454	pla2g12a	ENSEEEP00000018483	ENSEEEG00000009080	PLA2G12A
ENSDARP00000070606	ENSDARG00000054007	ppp1r2	ENSEEEP00000026679	ENSEEEG00000012889	ppp1r2
ENSDARP00000132994	ENSDARG00000104370	esm1	ENSEEEP00000034767	ENSEEEG00000016532	ESM1
ENSDARP00000132511	ENSDARG00000104576	si:ch211-152c8.5	ENSEEEP00000010187	ENSEEEG00000005174	PPP1R3G
ENSDARP00000115377	ENSDARG00000094107	ttf1.6	ENSEEEP00000051306	ENSEEEG00000024074	ttf1.3
ENSDARP00000116412	ENSDARG00000089790	efna5a	ENSEEEP00000019236	ENSEEEG00000009428	efna5b
ENSDARP00000137045	ENSDARG00000098780	nsmce1	ENSEEEP00000001157	ENSEEEG00000000777	NSMCE1
ENSDARP00000009248	ENSDARG00000003200	foxm1	ENSEEEP00000051222	ENSEEEG00000024042	FOXM1
ENSDARP00000018303	ENSDARG00000019636	yif1a	ENSEEEP00000042314	ENSEEEG00000019986	YIF1A
ENSDARP00000124268	ENSDARG00000012057	mtnr1al	ENSEEEP00000030510	ENSEEEG00000014617	mtnr1al
ENSDARP00000020242	ENSDARG00000010454	guca1aa	ENSEEEP00000052188	ENSEEEG00000024468	GUCA1A
ENSDARP00000141476	ENSDARG00000104130	rbm26	ENSEEEP00000019687	ENSEEEG00000009638	RBM26
ENSDARP00000015118	ENSDARG00000002403	nusap1	ENSEEEP00000048719	ENSEEEG00000022921	nusap1
ENSDARP00000023934	ENSDARG00000011921	txnl1	ENSEEEP00000062286	ENSEEEG00000007919	txnl1
ENSDARP00000090466	ENSDARG00000068833	dclre1b	ENSEEEP00000054454	ENSEEEG00000008244	dclre1b
ENSDARP00000119549	ENSDARG00000013681	shisa10.1	ENSEEEP00000060012	ENSEEEG00000025534	si:dkey-42i9.6
ENSDARP00000148057	ENSDARG00000010565	aqp4	ENSEEEP00000011235	ENSEEEG00000005692	AQP4
ENSDARP00000016900	ENSDARG00000008811	cmtm3	ENSEEEP00000043500	ENSEEEG00000020567	CMTM3
ENSDARP00000067628	ENSDARG00000045999	saa	ENSEEEP00000063394	ENSEEEG00000001235	saa
ENSDARP00000101777	ENSDARG00000075694	adora1b	ENSEEEP00000013959	ENSEEEG00000006939	adora1a
ENSDARP00000120885	ENSDARG00000010347	acer1	ENSEEEP00000034535	ENSEEEG00000016429	ACER1
ENSDARP00000101197	ENSDARG00000079329	cop1	ENSEEEP00000058144	ENSEEEG00000004994	COP1
ENSDARP00000110882	ENSDARG00000088933	golt1a	ENSEEEP00000036457	ENSEEEG00000017330	GOLT1A
ENSDARP00000110578	ENSDARG00000008947	rtf1	ENSEEEP00000048730	ENSEEEG00000022928	RTF1
ENSDARP00000062382	ENSDARG00000042539	ywhaqa	ENSEEEP00000020953	ENSEEEG00000010207	ywhaqa
ENSDARP00000121521	ENSDARG00000035579	si:dkey-174n20.1	ENSEEEP00000048941	ENSEEEG00000023006	si:dkey-174n20.1
ENSDARP00000008500	ENSDARG00000003205	ngly1	ENSEEEP00000047088	ENSEEEG00000022154	NGLY1
ENSDARP00000142486	ENSDARG00000019658	pou2f2b	ENSEEEP00000007176	ENSEEEG00000003784	pou2f2a
ENSDARP00000052445	ENSDARG00000053773	vgll2b	ENSEEEP00000002869	ENSEEEG00000001640	vgll2b
ENSDARP00000120384	ENSDARG00000093423	swsap1	ENSEEEP00000038997	ENSEEEG00000018503	SWSAP1
ENSDARP00000003173	ENSDARG00000004280	seh1l	ENSEEEP00000050342	ENSEEEG00000023666	SEH1L
ENSDARP00000111856	ENSDARG00000023815	uvrag	ENSEEEP00000028765	ENSEEEG00000013781	UVRAG
ENSDARP00000090374	ENSDARG00000094277	mrpl44	ENSEEEP00000007996	ENSEEEG00000004179	MRPL44
ENSDARP00000117976	ENSDARG00000052713	lrrtm1	ENSEEEP00000038569	ENSEEEG00000018307	LRRTM1
ENSDARP00000073121	ENSDARG00000056204	zgc:113436	ENSEEEP00000030415	ENSEEEG00000014573	zgc:113436
ENSDARP00000125628	ENSDARG00000044949	rnf8	ENSEEEP00000028710	ENSEEEG00000013793	RNF8
ENSDARP00000115087	ENSDARG00000020292	tafa3b	ENSEEEP00000003296	ENSEEEG00000001854	TAFA2
ENSDARP00000113242	ENSDARG00000040291	cadm4	ENSEEEP00000056524	ENSEEEG00000014036	CADM4
ENSDARP00000126238	ENSDARG00000089858	cobll1a	ENSEEEP00000018237	ENSEEEG00000008959	
ENSDARP00000139942	ENSDARG00000095515	entr1	ENSEEEP00000028567	ENSEEEG00000013723	entr1
ENSDARP00000129001	ENSDARG00000076110	nwd1	ENSEEEP00000051418	ENSEEEG00000024130	NWD1
ENSDARP00000029568	ENSDARG00000026387	pip4p1b	ENSEEEP00000024826	ENSEEEG00000012026	pip4p1b
ENSDARP00000124565	ENSDARG00000040249	tlr18	ENSEEEP00000030673	ENSEEEG00000014677	tlr18
ENSDARP00000069247	ENSDARG00000052833	zfand3	ENSEEEP00000023770	ENSEEEG00000011520	ZFAND3
ENSDARP00000141127	ENSDARG00000099985	ccn1l2	ENSEEEP00000026817	ENSEEEG00000012901	ccn1l1
ENSDARP00000085784	ENSDARG00000062864	gk5	ENSEEEP00000032998	ENSEEEG00000015711	GK5
ENSDARP00000093111	ENSDARG00000006621	pspc1	ENSEEEP00000024366	ENSEEEG00000011818	PSPC1
ENSDARP00000072078	ENSDARG00000055276	rel	ENSEEEP00000035898	ENSEEEG00000017073	REL
ENSDARP00000105921	ENSDARG00000089646	ctdspl3	ENSEEEP00000055162	ENSEEEG00000014489	ctdspl3
ENSDARP00000043880	ENSDARG00000030563	zgc:77880	ENSEEEP00000024829	ENSEEEG00000012030	zgc:77880
ENSDARP00000029067	ENSDARG00000003938	rpa1	ENSEEEP00000001444	ENSEEEG00000000741	RPA1
ENSDARP00000140537	ENSDARG00000100607	zbtb38	ENSEEEP00000062915	ENSEEEG00000003266	zbtb38
ENSDARP00000137094	ENSDARG00000103253	zgc:112023	ENSEEEP00000022571	ENSEEEG00000010962	zgc:112023
ENSDARP00000015055	ENSDARG00000014013	lbr	ENSEEEP00000027176	ENSEEEG00000013109	LBR
ENSDARP00000125931	ENSDARG00000091598	si:ch73-91k6.2	ENSEEEP00000044050	ENSEEEG00000020815	si:ch73-91k6.2
ENSDARP00000025205	ENSDARG00000016154	zfp36l1a	ENSEEEP00000057947	ENSEEEG00000026918	zfp36l1a
ENSDARP00000041503	ENSDARG00000030839	tescb	ENSEEEP00000039350	ENSEEEG00000018691	tescb
ENSDARP00000112620	ENSDARG00000061548	si:ch211-145o7.3	ENSEEEP00000042313	ENSEEEG00000019985	si:ch211-145o7.3
ENSDARP00000038262	ENSDARG00000024681	pane1	ENSEEEP00000009476	ENSEEEG00000004839	pane1
ENSDARP00000060764	ENSDARG00000052958	nppb	ENSEEEP00000004615	ENSEEEG00000002409	NPPB
ENSDARP00000093421	ENSDARG00000070121	rhoh	ENSEEEP00000017890	ENSEEEG00000008831	RHOH
ENSDARP00000017491	ENSDARG00000008490	ltv1	ENSEEEP00000035817	ENSEEEG00000017049	ltv1
ENSDARP00000100182	ENSDARG00000079684	taf6l	ENSEEEP00000042393	ENSEEEG00000020018	TAF6L
ENSDARP00000134388	ENSDARG00000102512	kdm8	ENSEEEP00000001161	ENSEEEG00000000781	KDM8
ENSDARP00000068913	ENSDARG00000036125	nitr13	ENSEEEP00000054031	ENSEEEG00000028372	nitr13
ENSDARP00000091698	ENSDARG00000069382	mxtx1	ENSEEEP00000014045	ENSEEEG00000006982	mxtx1
ENSDARP00000132700	ENSDARG00000103614	pemt	ENSEEEP00000005071	ENSEEEG00000002643	PEMT
ENSDARP00000106086	ENSDARG00000087094	foxa	ENSEEEP00000060568	ENSEEEG00000026180	foxa
ENSDARP00000102435	ENSDARG00000073931		ENSEEEP00000015233	ENSEEEG00000007581	otulina
ENSDARP00000094644	ENSDARG00000070611	zgc:152986	ENSEEEP00000020112	ENSEEEG00000009824	zgc:152986
ENSDARP00000074419	ENSDARG00000057331	kcnk7	ENSEEEP00000042404	ENSEEEG00000020020	KCNK7
ENSDARP00000140148	ENSDARG00000015653	tnip1	ENSEEEP00000056487	ENSEEEG00000006748	TNIP1
ENSDARP00000099363	ENSDARG00000076914	lacc1	ENSEEEP00000011443	ENSEEEG00000005782	lacc1
ENSDARP00000067150	ENSDARG00000045669	si:dkey-39a18.1	ENSEEEP00000037583	ENSEEEG00000017875	si:dkey-39a18.1
ENSDARP00000035419	ENSDARG00000022410	rrp12	ENSEEEP00000005510	ENSEEEG00000001993	RRP12
ENSDARP00000127496	ENSDARG00000040479	cga	ENSEEEP00000019360	ENSEEEG00000009452	CGA
ENSDARP00000128266	ENSDARG00000079783	isg20	ENSEEEP00000045976	ENSEEEG00000021661	ISG20
ENSDARP00000105266	ENSDARG00000079932	zgc:152830	ENSEEEP00000037484	ENSEEEG00000017820	zgc:152830
ENSDARP00000036715	ENSDARG00000028058	traf6	ENSEEEP00000039538	ENSEEEG00000018776	TRAF6
ENSDARP00000108691	ENSDARG00000052960	nppa	ENSEEEP00000004618	ENSEEEG00000002411	
ENSDARP00000113517	ENSDARG00000076548	si:dkey-266m15.5	ENSEEEP00000032633	ENSEEEG00000015558	si:dkey-266m15.5
ENSDARP00000038596	ENSDARG00000022000	traf3	ENSEEEP00000004709	ENSEEEG00000002463	TRAF3
ENSDARP00000082342	ENSDARG00000061553	pgap4	ENSEEEP00000013767	ENSEEEG00000006857	PGAP4
ENSDARP00000013430	ENSDARG00000015221	nsrp1	ENSEEEP00000058033	ENSEEEG00000027160	NSRP1
ENSDARP00000124185	ENSDARG00000033662	scd	ENSEEEP00000010981	ENSEEEG00000005352	SCD
ENSDARP00000094994	ENSDARG00000031434	rcor1	ENSEEEP00000004714	ENSEEEG00000002466	RCOR1
ENSDARP00000067910	ENSDARG00000051748	ccnd2a	ENSEEEP00000015181	ENSEEEG00000007568	ccnd2a
ENSDARP00000107719	ENSDARG00000090253	zgc:113223	ENSEEEP00000051413	ENSEEEG00000024125	zgc:113223
ENSDARP00000129461	ENSDARG00000077479	msh5	ENSEEEP00000060514	ENSEEEG00000012879	msh5
ENSDARP00000017102	ENSDARG00000013659	brox	ENSEEEP00000044091	ENSEEEG00000020836	BROX
ENSDARP00000009700	ENSDARG00000016725	gadd45gb.1	ENSEEEP00000013827	ENSEEEG00000006878	gadd45gb.1
ENSDARP00000010978	ENSDARG00000009351	fgf6a	ENSEEEP00000056926	ENSEEEG00000025480	FGF6
ENSDARP00000127971	ENSDARG00000070710	prss60.3	ENSEEEP00000017534	ENSEEEG00000008631	CTRL
ENSDARP00000143589	ENSDARG00000095034	zgc:162928	ENSEEEP00000013640	ENSEEEG00000006814	C8orf34
ENSDARP00000079744	ENSDARG00000060501	dpcd	ENSEEEP00000027845	ENSEEEG00000013408	DPCD
ENSDARP00000013620	ENSDARG00000013784	zgc:77158	ENSEEEP00000015242	ENSEEEG00000007585	zgc:77158
ENSDARP00000126147	ENSDARG00000071159	sft2d2b	ENSEEEP00000022572	ENSEEEG00000010963	sft2d2b
ENSDARP00000131904	ENSDARG00000069996	dnajb14	ENSEEEP00000018623	ENSEEEG00000009154	DNAJB14
ENSDARP00000069571	ENSDARG00000053106	cep44	ENSEEEP00000036667	ENSEEEG00000017409	cep44
ENSDARP00000136128	ENSDARG00000020328	plekha6	ENSEEEP00000036447	ENSEEEG00000017282	PLEKHA6
ENSDARP00000097862	ENSDARG00000051749	tigara	ENSEEEP00000015222	ENSEEEG00000007571	tigara
ENSDARP00000070369	ENSDARG00000053805	trub1	ENSEEEP00000012257	ENSEEEG00000006168	TRUB1
ENSDARP00000142785	ENSDARG00000069459	si:dkey-6n21.13	ENSEEEP00000024320	ENSEEEG00000011790	si:dkey-6n21.13
ENSDARP00000153012	ENSDARG00000078497	timeless	ENSEEEP00000018340	ENSEEEG00000009006	TIMELESS
ENSDARP00000124866	ENSDARG00000070442	si:ch211-113g11.6	ENSEEEP00000000249	ENSEEEG00000000189	si:ch211-113g11.6
ENSDARP00000050473	ENSDARG00000021305	slc30a2	ENSEEEP00000055960	ENSEEEG00000019909	SLC30A2
ENSDARP00000057884	ENSDARG00000039615	fgf8b	ENSEEEP00000027841	ENSEEEG00000013407	fgf8b
ENSDARP00000138986	ENSDARG00000103676	si:dkey-90l8.3	ENSEEEP00000026836	ENSEEEG00000012951	si:dkey-90l8.3
ENSDARP00000098968	ENSDARG00000078959	tpcn3	ENSEEEP00000013909	ENSEEEG00000006861	tpcn3
ENSDARP00000094508	ENSDARG00000070568	atad5a	ENSEEEP00000062849	ENSEEEG00000005820	atad5a
ENSDARP00000059013	ENSDARG00000034403	zgc:173443	ENSEEEP00000043194	ENSEEEG00000020399	hp
ENSDARP00000056100	ENSDARG00000052789	azin1a	ENSEEEP00000020430	ENSEEEG00000009972	azin1a
ENSDARP00000057879	ENSDARG00000039613	poll	ENSEEEP00000027848	ENSEEEG00000013410	POLL
ENSDARP00000004827	ENSDARG00000012726	calhm5.2	ENSEEEP00000020249	ENSEEEG00000009888	calhm5.2
ENSDARP00000026849	ENSDARG00000014532	aida	ENSEEEP00000044112	ENSEEEG00000020843	AIDA
ENSDARP00000063788	ENSDARG00000043453	rps5	ENSEEEP00000026799	ENSEEEG00000016853	RPS5
ENSDARP00000096969	ENSDARG00000015315	psmc5	ENSEEEP00000049345	ENSEEEG00000023161	PSMC5
ENSDARP00000017536	ENSDARG00000017884	bgna	ENSEEEP00000014524	ENSEEEG00000007191	bgna
ENSDARP00000073546	ENSDARG00000056587	cyp2r1	ENSEEEP00000041658	ENSEEEG00000019710	CYP2R1
ENSDARP00000053813	ENSDARG00000005448	mtfmt	ENSEEEP00000037481	ENSEEEG00000017817	MTFMT
ENSDARP00000117124	ENSDARG00000095774	emd	ENSEEEP00000060887	ENSEEEG00000028130	EMD
ENSDARP00000122848	ENSDARG00000089570	ccdc169	ENSEEEP00000012328	ENSEEEG00000006204	
ENSDARP00000116974	ENSDARG00000039098	ca8	ENSEEEP00000045171	ENSEEEG00000021324	CA8
ENSDARP00000118616	ENSDARG00000041724	glipr2	ENSEEEP00000031672	ENSEEEG00000015134	glipr2
ENSDARP00000129351	ENSDARG00000097804	lypc	ENSEEEP00000035386	ENSEEEG00000016849	
ENSDARP00000018938	ENSDARG00000020084	tg	ENSEEEP00000036180	ENSEEEG00000017213	
ENSDARP00000091761	ENSDARG00000056590	calca	ENSEEEP00000041660	ENSEEEG00000019711	calca
ENSDARP00000117453	ENSDARG00000010331	radx	ENSEEEP00000058494	ENSEEEG00000027635	radx
ENSDARP00000099781	ENSDARG00000079055	tarbp1	ENSEEEP00000051347	ENSEEEG00000024095	si:dkey-85a20.4
ENSDARP00000048865	ENSDARG00000029291	ipmkb	ENSEEEP00000003597	ENSEEEG00000001969	ipmkb
ENSDARP00000059755	ENSDARG00000040778	ralba	ENSEEEP00000040159	ENSEEEG00000019049	RALB
ENSDARP00000103653	ENSDARG00000079175	si:ch211-79k12.1	ENSEEEP00000037251	ENSEEEG00000017709	si:ch211-79k12.1
ENSDARP00000021632	ENSDARG00000003902	ctsl.1	ENSEEEP00000002871	ENSEEEG00000001641	ctsl.1
ENSDARP00000124516	ENSDARG00000012953	mob1bb	ENSEEEP00000063391	ENSEEEG00000025524	mob1bb
ENSDARP00000133546	ENSDARG00000098526	gpr75	ENSEEEP00000017910	ENSEEEG00000008837	GPR75
ENSDARP00000107952	ENSDARG00000052471	taf1a	ENSEEEP00000044149	ENSEEEG00000020862	TAF1A
ENSDARP00000139076	ENSDARG00000105218	ompa	ENSEEEP00000000930	ENSEEEG00000000630	ompa
ENSDARP00000123525	ENSDARG00000001825	cfap43	ENSEEEP00000053728	ENSEEEG00000026224	
ENSDARP00000073432	ENSDARG00000056475	trnau1apb	ENSEEEP00000015997	ENSEEEG00000007920	trnau1apb
ENSDARP00000124569	ENSDARG00000095807	msmbl	ENSEEEP00000045503	ENSEEEG00000021466	
ENSDARP00000114907	ENSDARG00000097938	asb5a	ENSEEEP00000012744	ENSEEEG00000006408	asb5a
ENSDARP00000061350	ENSDARG00000041869	tnfrsf19	ENSEEEP00000043205	ENSEEEG00000020404	TNFRSF19
ENSDARP00000024581	ENSDARG00000035719	arl5c	ENSEEEP00000033422	ENSEEEG00000015883	arl5c
ENSDARP00000143336	ENSDARG00000060238	uacab	ENSEEEP00000042739	ENSEEEG00000020165	uacab
ENSDARP00000094256	ENSDARG00000053857	ccdc187	ENSEEEP00000048302	ENSEEEG00000022747	ccdc187
ENSDARP00000110072	ENSDARG00000088167	sh2d7	ENSEEEP00000002475	ENSEEEG00000001449	sh2d7
ENSDARP00000019206	ENSDARG00000032049	enah	ENSEEEP00000053907	ENSEEEG00000013106	ENAH
ENSDARP00000131983	ENSDARG00000099812	prrt4b	ENSEEEP00000018211	ENSEEEG00000008951	prrt4b
ENSDARP00000033537	ENSDARG00000038576	ube2d1b	ENSEEEP00000003589	ENSEEEG00000001966	ube2d1b
ENSDARP00000091498	ENSDARG00000069293	ahsg2	ENSEEEP00000035944	ENSEEEG00000017094	ahsg2
ENSDARP00000141000	ENSDARG00000103619	si:ch73-238c9.1	ENSEEEP00000051390	ENSEEEG00000024116	si:ch73-238c9.1
ENSDARP00000060504	ENSDARG00000008184	mia3	ENSEEEP00000044127	ENSEEEG00000020855	MIA3
ENSDARP00000037070	ENSDARG00000021974	sfr1	ENSEEEP00000004360	ENSEEEG00000002293	SFR1
ENSDARP00000118596	ENSDARG00000035435	m17	ENSEEEP00000039348	ENSEEEG00000018690	m17
ENSDARP00000057540	ENSDARG00000039374	apool	ENSEEEP00000003605	ENSEEEG00000001972	APOOL
ENSDARP00000099567	ENSDARG00000059760	wdtc1	ENSEEEP00000029628	ENSEEEG00000014181	WDTC1
ENSDARP00000080625	ENSDARG00000060860	pstpip1a	ENSEEEP00000024230	ENSEEEG00000011747	pstpip1a
ENSDARP00000060005	ENSDARG00000040946	olig2	ENSEEEP00000040764	ENSEEEG00000019319	OLIG2
ENSDARP00000110688	ENSDARG00000025766	dtx3	ENSEEEP00000063393	ENSEEEG00000028556	dtx3
ENSDARP00000015776	ENSDARG00000019274	rasd1	ENSEEEP00000005086	ENSEEEG00000002645	RASD1
ENSDARP00000091231	ENSDARG00000069168	si:dkey-73n10.1	ENSEEEP00000030840	ENSEEEG00000014751	si:dkey-73n10.1
ENSDARP00000009785	ENSDARG00000004311	ldlrap1a	ENSEEEP00000037807	ENSEEEG00000017969	ldlrap1a
ENSDARP00000100359	ENSDARG00000074004	stac	ENSEEEP00000042257	ENSEEEG00000019959	STAC
ENSDARP00000110046	ENSDARG00000016513	setd3	ENSEEEP00000047025	ENSEEEG00000022126	SETD3
ENSDARP00000064375	ENSDARG00000043848	sod1	ENSEEEP00000064239	ENSEEEG00000026047	SOD1
ENSDARP00000116268	ENSDARG00000077544	toe1	ENSEEEP00000053764	ENSEEEG00000021732	TOE1
ENSDARP00000107896	ENSDARG00000077093	scaf4a	ENSEEEP00000030154	ENSEEEG00000014458	scaf4a
ENSDARP00000090762	ENSDARG00000068983	btbd9	ENSEEEP00000015085	ENSEEEG00000007507	BTBD9
ENSDARP00000082077	ENSDARG00000061450	tesk2	ENSEEEP00000053662	ENSEEEG00000021729	TESK2
ENSDARP00000154776	ENSDARG00000045958	egfl6	ENSEEEP00000026835	ENSEEEG00000012950	EGFL6
ENSDARP00000054236	ENSDARG00000037284	ptges3a	ENSEEEP00000009105	ENSEEEG00000004692	ptges3a
ENSDARP00000140832	ENSDARG00000098589	cyb5a	ENSEEEP00000057544	ENSEEEG00000025116	CYB5A
ENSDARP00000054083	ENSDARG00000037191	ttr	ENSEEEP00000000695	ENSEEEG00000000474	ttr
ENSDARP00000121731	ENSDARG00000094514	si:dkey-7l6.3	ENSEEEP00000058830	ENSEEEG00000027484	AIRE
ENSDARP00000025441	ENSDARG00000009740	ppp1r7	ENSEEEP00000032982	ENSEEEG00000015655	ppp1r7
ENSDARP00000108300	ENSDARG00000091625	si:dkeyp-67f1.2	ENSEEEP00000044783	ENSEEEG00000021124	si:dkeyp-67f1.2
ENSDARP00000090093	ENSDARG00000026322	dhrs13a.1	ENSEEEP00000018934	ENSEEEG00000009200	dhrs13a.1
ENSDARP00000084847	ENSDARG00000062478	ackr3a	ENSEEEP00000043987	ENSEEEG00000020780	ackr3a
ENSDARP00000109267	ENSDARG00000090679	si:ch211-79k12.2	ENSEEEP00000061820	ENSEEEG00000026841	si:ch211-79k12.2
ENSDARP00000002061	ENSDARG00000018961	gtpbp4	ENSEEEP00000059168	ENSEEEG00000012567	GTPBP4
ENSDARP00000066197	ENSDARG00000045027	rab9a	ENSEEEP00000026838	ENSEEEG00000012952	RAB9A
ENSDARP00000089270	ENSDARG00000044807	dck	ENSEEEP00000055488	ENSEEEG00000020242	DCK
ENSDARP00000121529	ENSDARG00000074079	klhdc3l	ENSEEEP00000040157	ENSEEEG00000019047	si:dkey-3d4.3
ENSDARP00000036121	ENSDARG00000028367	sult2st3	ENSEEEP00000011393	ENSEEEG00000005757	sult2st3
ENSDARP00000115740	ENSDARG00000033987	rsrc1	ENSEEEP00000060476	ENSEEEG00000026232	RSRC1
ENSDARP00000024330	ENSDARG00000009040	si:ch73-141c7.1	ENSEEEP00000000341	ENSEEEG00000000248	si:ch73-141c7.1
ENSDARP00000068814	ENSDARG00000052465	dusp10	ENSEEEP00000044154	ENSEEEG00000020864	DUSP10
ENSDARP00000114499	ENSDARG00000077240	cd247l	ENSEEEP00000024634	ENSEEEG00000011941	CD247
ENSDARP00000126587	ENSDARG00000096631	med9	ENSEEEP00000005089	ENSEEEG00000002655	MED9
ENSDARP00000020452	ENSDARG00000005619	nek2	ENSEEEP00000016416	ENSEEEG00000008096	NEK2
ENSDARP00000103945	ENSDARG00000079353	si:ch211-165d12.4	ENSEEEP00000044437	ENSEEEG00000020992	
ENSDARP00000134950	ENSDARG00000104904	si:ch73-221f6.1	ENSEEEP00000016384	ENSEEEG00000008113	
ENSDARP00000104753	ENSDARG00000014274	rfc2	ENSEEEP00000010158	ENSEEEG00000005052	RFC2
ENSDARP00000115167	ENSDARG00000087564	nek11	ENSEEEP00000020416	ENSEEEG00000009964	FAM107A
ENSDARP00000020968	ENSDARG00000043236	ccna1	ENSEEEP00000012356	ENSEEEG00000006207	CCNA1
ENSDARP00000124931	ENSDARG00000076011	ppm1ka	ENSEEEP00000001697	ENSEEEG00000001086	PPM1K
ENSDARP00000013210	ENSDARG00000018627	arl5a	ENSEEEP00000025309	ENSEEEG00000012271	ARL5A
ENSDARP00000090756	ENSDARG00000068978	glo1	ENSEEEP00000023766	ENSEEEG00000011516	GLO1
ENSDARP00000116160	ENSDARG00000009134	hlx1	ENSEEEP00000044158	ENSEEEG00000020865	hlx1
ENSDARP00000025090	ENSDARG00000006196	sav1	ENSEEEP00000027649	ENSEEEG00000013319	SAV1
ENSDARP00000110487	ENSDARG00000031316	six6b	ENSEEEP00000050565	ENSEEEG00000023779	six6b
ENSDARP00000091392	ENSDARG00000019765	zgc:158803	ENSEEEP00000009474	ENSEEEG00000004837	zgc:158803
ENSDARP00000048109	ENSDARG00000031983	six4b	ENSEEEP00000050567	ENSEEEG00000023782	six4b
ENSDARP00000126471	ENSDARG00000096445	plb1	ENSEEEP00000015102	ENSEEEG00000007526	
ENSDARP00000117302	ENSDARG00000074204	commd6	ENSEEEP00000061811	ENSEEEG00000027632	commd6
ENSDARP00000052395	ENSDARG00000036092	sdhaf3	ENSEEEP00000057991	ENSEEEG00000025305	SDHAF3
ENSDARP00000121978	ENSDARG00000069543	galt	ENSEEEP00000040002	ENSEEEG00000002548	GALT
ENSDARP00000055258	ENSDARG00000037913	nmrk1	ENSEEEP00000044439	ENSEEEG00000020994	NMRK1
ENSDARP00000035128	ENSDARG00000027930	naprt	ENSEEEP00000044167	ENSEEEG00000020870	NAPRT
ENSDARP00000141795	ENSDARG00000101787	zgc:162592	ENSEEEP00000029539	ENSEEEG00000014148	zgc:162592
ENSDARP00000116381	ENSDARG00000018846	dgat2	ENSEEEP00000028816	ENSEEEG00000013828	DGAT2
ENSDARP00000124022	ENSDARG00000061383	serpinf2b	ENSEEEP00000001492	ENSEEEG00000000946	serpinf2b
ENSDARP00000030237	ENSDARG00000021569	gdap2	ENSEEEP00000019061	ENSEEEG00000009358	GDAP2
ENSDARP00000017328	ENSDARG00000014499	nutf2l	ENSEEEP00000047052	ENSEEEG00000022152	nutf2l
ENSDARP00000100113	ENSDARG00000075765	si:ch1073-287p18.1	ENSEEEP00000044171	ENSEEEG00000020872	C8orf82
ENSDARP00000106202	ENSDARG00000087556	pacrg	ENSEEEP00000055510	ENSEEEG00000010989	PACRG
ENSDARP00000070190	ENSDARG00000053644	got1l1	ENSEEEP00000003140	ENSEEEG00000001779	GOT1L1
ENSDARP00000118541	ENSDARG00000053656	lypla2	ENSEEEP00000018145	ENSEEEG00000008908	LYPLA2
ENSDARP00000092348	ENSDARG00000089640	si:dkey-117n7.5	ENSEEEP00000022004	ENSEEEG00000010686	
ENSDARP00000113509	ENSDARG00000045548	lepb	ENSEEEP00000018209	ENSEEEG00000008949	lepb
ENSDARP00000153850	ENSDARG00000079102	si:dkey-38k9.5	ENSEEEP00000038199	ENSEEEG00000018161	PRRG1
ENSDARP00000149331	ENSDARG00000078535	lrrcc1	ENSEEEP00000000904	ENSEEEG00000000606	LRRCC1
ENSDARP00000138902	ENSDARG00000099774	cyb5b	ENSEEEP00000029535	ENSEEEG00000014146	CYB5B
ENSDARP00000107038	ENSDARG00000087241	ucn3l	ENSEEEP00000022006	ENSEEEG00000010689	ucn3l
ENSDARP00000074299	ENSDARG00000057241	tnfsf10	ENSEEEP00000053470	ENSEEEG00000027422	TNFSF10
ENSDARP00000051778	ENSDARG00000044373	atg4c	ENSEEEP00000022589	ENSEEEG00000010970	ATG4C
ENSDARP00000023457	ENSDARG00000003576	klhl32	ENSEEEP00000020247	ENSEEEG00000009885	KLHL32
ENSDARP00000130043	ENSDARG00000087186	zhx3a	ENSEEEP00000022428	ENSEEEG00000010890	si:ch211-232b12.5
ENSDARP00000105011	ENSDARG00000091835	si:ch73-264p11.1	ENSEEEP00000053955	ENSEEEG00000025443	si:ch73-264p11.1
ENSDARP00000095947	ENSDARG00000010113	ndufb8	ENSEEEP00000011346	ENSEEEG00000005740	ndufb8
ENSDARP00000125623	ENSDARG00000087762	rab27b	ENSEEEP00000022967	ENSEEEG00000011146	rab27b
ENSDARP00000056678	ENSDARG00000038812	e2f5	ENSEEEP00000000921	ENSEEEG00000000620	E2F5
ENSDARP00000130203	ENSDARG00000105040	dipk1c	ENSEEEP00000010192	ENSEEEG00000005178	DIPK1C
ENSDARP00000033056	ENSDARG00000021579	orc5	ENSEEEP00000052196	ENSEEEG00000024470	ORC5
ENSDARP00000146420	ENSDARG00000099631	cmtm6	ENSEEEP00000020453	ENSEEEG00000009983	CMTM6
ENSDARP00000098757	ENSDARG00000075754	mri1	ENSEEEP00000009472	ENSEEEG00000004835	MRI1
ENSDARP00000113034	ENSDARG00000069386	mtg1	ENSEEEP00000009009	ENSEEEG00000004646	MTG1
ENSDARP00000026566	ENSDARG00000027469	hsd17b1	ENSEEEP00000000331	ENSEEEG00000000239	HSD17B1
ENSDARP00000063782	ENSDARG00000043448	itm2ca	ENSEEEP00000036881	ENSEEEG00000017514	itm2ca
ENSDARP00000067391	ENSDARG00000045858	tigarb	ENSEEEP00000051204	ENSEEEG00000024034	tigarb
ENSDARP00000098098	ENSDARG00000074415	zgc:171482	ENSEEEP00000005762	ENSEEEG00000003042	zgc:171482
ENSDARP00000116973	ENSDARG00000078729	ackr4a	ENSEEEP00000000927	ENSEEEG00000000626	ackr4a
ENSDARP00000063624	ENSDARG00000043342	gpx3	ENSEEEP00000013424	ENSEEEG00000006718	GPX3
ENSDARP00000100394	ENSDARG00000074521	map6a	ENSEEEP00000028958	ENSEEEG00000013891	map6a
ENSDARP00000104851	ENSDARG00000019228	mogat2	ENSEEEP00000028928	ENSEEEG00000013843	MOGAT2
ENSDARP00000114374	ENSDARG00000032431	mpv17	ENSEEEP00000042141	ENSEEEG00000019906	MPV17
ENSDARP00000066577	ENSDARG00000045268	tectb	ENSEEEP00000040425	ENSEEEG00000019148	TECTB
ENSDARP00000063824	ENSDARG00000056004	sprn	ENSEEEP00000058311	ENSEEEG00000025060	sprn
ENSDARP00000009428	ENSDARG00000006600	lsm14aa	ENSEEEP00000007568	ENSEEEG00000003953	lsm14aa
ENSDARP00000116263	ENSDARG00000043447	gpr55a	ENSEEEP00000036878	ENSEEEG00000017512	gpr55a
ENSDARP00000138642	ENSDARG00000086309	erlec1	ENSEEEP00000017905	ENSEEEG00000008834	ERLEC1
ENSDARP00000073458	ENSDARG00000056504	frg1	ENSEEEP00000005062	ENSEEEG00000002635	frg1
ENSDARP00000148167	ENSDARG00000032317	tox	ENSEEEP00000045168	ENSEEEG00000021323	TOX
ENSDARP00000098613	ENSDARG00000076437	zgc:163143	ENSEEEP00000044442	ENSEEEG00000020996	zgc:163143
ENSDARP00000119626	ENSDARG00000070565	adap2	ENSEEEP00000011576	ENSEEEG00000005823	ADAP2
ENSDARP00000011713	ENSDARG00000015236	pycr3	ENSEEEP00000044290	ENSEEEG00000020927	PYCR3
ENSDARP00000124362	ENSDARG00000042851	srp9	ENSEEEP00000053304	ENSEEEG00000028752	SRP9
ENSDARP00000056073	ENSDARG00000038422	entpd4	ENSEEEP00000001967	ENSEEEG00000001224	ENTPD4
ENSDARP00000115921	ENSDARG00000070555	ldlrad4a	ENSEEEP00000000079	ENSEEEG00000000046	ldlrad4a
ENSDARP00000062358	ENSDARG00000042527	unga	ENSEEEP00000049622	ENSEEEG00000023329	unga
ENSDARP00000062735	ENSDARG00000042747	coasy	ENSEEEP00000001568	ENSEEEG00000001007	COASY
ENSDARP00000003150	ENSDARG00000005015	tspy	ENSEEEP00000029459	ENSEEEG00000014106	tspy
ENSDARP00000121442	ENSDARG00000014490	tac1	ENSEEEP00000024429	ENSEEEG00000011851	TAC1
ENSDARP00000129483	ENSDARG00000090980	apof	ENSEEEP00000009336	ENSEEEG00000004791	APOF
ENSDARP00000122894	ENSDARG00000054103	ripply1	ENSEEEP00000038197	ENSEEEG00000018160	RIPPLY1
ENSDARP00000004474	ENSDARG00000018809	abhd3	ENSEEEP00000020867	ENSEEEG00000010176	abhd3
ENSDARP00000129633	ENSDARG00000079702	wdr81	ENSEEEP00000001503	ENSEEEG00000000970	WDR81
ENSDARP00000109932	ENSDARG00000051760	igl4v10	ENSEEEP00000058988	ENSEEEG00000026167	
ENSDARP00000126187	ENSDARG00000005510	gdf6b	ENSEEEP00000012433	ENSEEEG00000026954	gdf6b
ENSDARP00000042703	ENSDARG00000030053	eef1db	ENSEEEP00000044303	ENSEEEG00000020928	eef1db
ENSDARP00000058382	ENSDARG00000039913	tmem147	ENSEEEP00000011388	ENSEEEG00000005755	TMEM147
ENSDARP00000126101	ENSDARG00000015153	wdr91	ENSEEEP00000022965	ENSEEEG00000011142	WDR91
ENSDARP00000062897	ENSDARG00000042854	ephx1	ENSEEEP00000060696	ENSEEEG00000001176	ephx5
ENSDARP00000119003	ENSDARG00000033020	ppcdc	ENSEEEP00000048153	ENSEEEG00000022669	PPCDC
ENSDARP00000069002	ENSDARG00000052624	spryd7a	ENSEEEP00000050023	ENSEEEG00000023517	spryd7a
ENSDARP00000111302	ENSDARG00000011570	pou6f1	ENSEEEP00000052101	ENSEEEG00000024439	POU6F1
ENSDARP00000116918	ENSDARG00000035573	zgc:86811	ENSEEEP00000036271	ENSEEEG00000017249	AK6
ENSDARP00000140869	ENSDARG00000098486	tollip	ENSEEEP00000007519	ENSEEEG00000003932	TOLLIP
ENSDARP00000115566	ENSDARG00000074691	mms22l	ENSEEEP00000020239	ENSEEEG00000009874	MMS22L
ENSDARP00000126062	ENSDARG00000061081	arpp21	ENSEEEP00000015640	ENSEEEG00000007750	ARPP21
ENSDARP00000060989	ENSDARG00000041607	eif4ebp3l	ENSEEEP00000063905	ENSEEEG00000025913	eif4ebp3l
ENSDARP00000113417	ENSDARG00000012682	pfn2a	ENSEEEP00000006885	ENSEEEG00000003637	PFN2
ENSDARP00000014299	ENSDARG00000021046	rhbdd1	ENSEEEP00000031177	ENSEEEG00000014935	RHBDD1
ENSDARP00000007535	ENSDARG00000040251	ctsk	ENSEEEP00000000212	ENSEEEG00000000158	CTSK
ENSDARP00000075486	ENSDARG00000058260	cip2a	ENSEEEP00000011260	ENSEEEG00000005705	CIP2A
ENSDARP00000129870	ENSDARG00000097110	fxyd7	ENSEEEP00000037247	ENSEEEG00000017705	fxyd7
ENSDARP00000063088	ENSDARG00000042970	gng8	ENSEEEP00000010176	ENSEEEG00000005162	GNG8
ENSDARP00000150807	ENSDARG00000044900	prlhr2a	ENSEEEP00000014644	ENSEEEG00000007280	prlhr2a
ENSDARP00000090874	ENSDARG00000069028	rxfp3.3a1	ENSEEEP00000042741	ENSEEEG00000020166	rxfp3.3a3
ENSDARP00000012036	ENSDARG00000009436	ubxn7	ENSEEEP00000032872	ENSEEEG00000015652	UBXN7
ENSDARP00000055565	ENSDARG00000038114	xpa	ENSEEEP00000037230	ENSEEEG00000017692	XPA
ENSDARP00000052107	ENSDARG00000035895	fndc5b	ENSEEEP00000037812	ENSEEEG00000017970	fndc5b
ENSDARP00000123168	ENSDARG00000083189	arhgap19	ENSEEEP00000050086	ENSEEEG00000023556	arhgap19
ENSDARP00000097850	ENSDARG00000078600	ldlrad3	ENSEEEP00000062778	ENSEEEG00000025619	LDLRAD3
ENSDARP00000065182	ENSDARG00000044387	cldn2	ENSEEEP00000038195	ENSEEEG00000018159	CLDN2
ENSDARP00000040291	ENSDARG00000027649	cpsf3	ENSEEEP00000020892	ENSEEEG00000010171	CPSF3
ENSDARP00000070715	ENSDARG00000054096	rbm41	ENSEEEP00000038194	ENSEEEG00000018158	RBM41
ENSDARP00000039877	ENSDARG00000031261	sap30bp	ENSEEEP00000057684	ENSEEEG00000016844	SAP30BP
ENSDARP00000067930	ENSDARG00000051761	trim44	ENSEEEP00000023288	ENSEEEG00000011290	TRIM44
ENSDARP00000018933	ENSDARG00000020417	emx3	ENSEEEP00000030569	ENSEEEG00000014643	emx3
ENSDARP00000107548	ENSDARG00000091640	rhno1	ENSEEEP00000063142	ENSEEEG00000025087	si:ch73-352p4.5
ENSDARP00000142897	ENSDARG00000057353	ehbp1l1a	ENSEEEP00000042410	ENSEEEG00000020023	ehbp1l1a
ENSDARP00000088708	ENSDARG00000060578	si:dkey-226m8.10	ENSEEEP00000031441	ENSEEEG00000015040	si:dkey-226m8.10
ENSDARP00000061678	ENSDARG00000042087	dmap1	ENSEEEP00000040556	ENSEEEG00000019208	DMAP1
ENSDARP00000056253	ENSDARG00000092810	stap2a	ENSEEEP00000015081	ENSEEEG00000007508	stap2a
ENSDARP00000137629	ENSDARG00000102778	fgf17	ENSEEEP00000026988	ENSEEEG00000012960	FGF17
ENSDARP00000098684	ENSDARG00000076179	ngef	ENSEEEP00000036875	ENSEEEG00000017507	NGEF
ENSDARP00000027131	ENSDARG00000020031	cldn11a	ENSEEEP00000014298	ENSEEEG00000007109	cldn11a
ENSDARP00000099489	ENSDARG00000074601	cbln2a	ENSEEEP00000050856	ENSEEEG00000023889	cbln2a
ENSDARP00000110262	ENSDARG00000039430	msl2b	ENSEEEP00000042146	ENSEEEG00000019911	msl2b
ENSDARP00000135507	ENSDARG00000099527	nkiras1	ENSEEEP00000048467	ENSEEEG00000022812	NKIRAS1
ENSDARP00000100036	ENSDARG00000077883	fam83d	ENSEEEP00000022429	ENSEEEG00000010892	FAM83D
ENSDARP00000043659	ENSDARG00000034823	copg2	ENSEEEP00000053778	ENSEEEG00000010710	COPG2
ENSDARP00000140285	ENSDARG00000104084	si:dkey-191g9.7	ENSEEEP00000008997	ENSEEEG00000004644	si:dkey-191g9.7
ENSDARP00000126245	ENSDARG00000096234	tac4	ENSEEEP00000044443	ENSEEEG00000020998	
ENSDARP00000126774	ENSDARG00000070495	si:ch211-243g6.3	ENSEEEP00000024819	ENSEEEG00000012022	FRMD7
ENSDARP00000056995	ENSDARG00000039041	sfrp5	ENSEEEP00000005764	ENSEEEG00000003044	SFRP5
ENSDARP00000112109	ENSDARG00000087832	bcl3	ENSEEEP00000019302	ENSEEEG00000009455	BCL3
ENSDARP00000019621	ENSDARG00000014927	uts1	ENSEEEP00000042140	ENSEEEG00000019904	uts1
ENSDARP00000024667	ENSDARG00000008637	mttp	ENSEEEP00000037211	ENSEEEG00000017690	
ENSDARP00000124380	ENSDARG00000010756	nod2	ENSEEEP00000049332	ENSEEEG00000023185	NOD2
ENSDARP00000135714	ENSDARG00000099793	cspg5b	ENSEEEP00000002307	ENSEEEG00000001382	cspg5b
ENSDARP00000147485	ENSDARG00000063051	bap1	ENSEEEP00000005278	ENSEEEG00000002755	BAP1
ENSDARP00000076204	ENSDARG00000058824	mrpl4	ENSEEEP00000031144	ENSEEEG00000014914	MRPL4
ENSDARP00000055413	ENSDARG00000073858	pex26	ENSEEEP00000051213	ENSEEEG00000024040	pex26
ENSDARP00000140168	ENSDARG00000023988	dctn4	ENSEEEP00000013403	ENSEEEG00000006707	DCTN4
ENSDARP00000115378	ENSDARG00000114229	si:ch211-221n20.7	ENSEEEP00000057722	ENSEEEG00000028807	LIN54
ENSDARP00000130260	ENSDARG00000102412	eci2	ENSEEEP00000058488	ENSEEEG00000005185	ECI2
ENSDARP00000084860	ENSDARG00000062487	si:dkey-6n6.1	ENSEEEP00000014527	ENSEEEG00000007230	si:dkey-6n6.1
ENSDARP00000130507	ENSDARG00000035715	marcksl1b	ENSEEEP00000061608	ENSEEEG00000028948	marcksl1b
ENSDARP00000072922	ENSDARG00000056080	si:dkey-191g9.5	ENSEEEP00000008996	ENSEEEG00000004643	si:dkey-191g9.5
ENSDARP00000155939	ENSDARG00000105099	golga7bb	ENSEEEP00000005802	ENSEEEG00000003050	GOLGA7B
ENSDARP00000110163	ENSDARG00000079020	gcfc2	ENSEEEP00000004158	ENSEEEG00000002205	GCFC2
ENSDARP00000122639	ENSDARG00000011956	dlx4a	ENSEEEP00000044456	ENSEEEG00000021001	dlx4a
ENSDARP00000011354	ENSDARG00000011418	sigmar1	ENSEEEP00000040000	ENSEEEG00000018966	SIGMAR1
ENSDARP00000063816	ENSDARG00000043467	ndufb11	ENSEEEP00000014577	ENSEEEG00000007248	NDUFB11
ENSDARP00000029675	ENSDARG00000024933	spast	ENSEEEP00000036698	ENSEEEG00000017258	SPAST
ENSDARP00000128834	ENSDARG00000097465	trmt61b	ENSEEEP00000042270	ENSEEEG00000019965	TRMT61B
ENSDARP00000094467	ENSDARG00000035985	fam210aa	ENSEEEP00000000094	ENSEEEG00000000061	fam210aa
ENSDARP00000103078	ENSDARG00000076994	adgra2	ENSEEEP00000014658	ENSEEEG00000007283	ADGRA2
ENSDARP00000100942	ENSDARG00000056239	tmem45b	ENSEEEP00000010217	ENSEEEG00000005166	TMEM45B
ENSDARP00000069031	ENSDARG00000052648	hs3st4	ENSEEEP00000001167	ENSEEEG00000000789	hs3st4
ENSDARP00000011451	ENSDARG00000036190	txnl4a	ENSEEEP00000047046	ENSEEEG00000022148	TXNL4A
ENSDARP00000029689	ENSDARG00000028581	jkamp	ENSEEEP00000027351	ENSEEEG00000013199	JKAMP
ENSDARP00000135127	ENSDARG00000091512	nfrkb	ENSEEEP00000010229	ENSEEEG00000005184	NFRKB
ENSDARP00000077475	ENSDARG00000059616	hs3st2	ENSEEEP00000001170	ENSEEEG00000000792	HS3ST2
ENSDARP00000076688	ENSDARG00000059131	spdya	ENSEEEP00000042265	ENSEEEG00000019962	SPDYA
ENSDARP00000113862	ENSDARG00000042470	s1pr3a	ENSEEEP00000054976	ENSEEEG00000028172	s1pr3a
ENSDARP00000075278	ENSDARG00000058032	tpk2	ENSEEEP00000014530	ENSEEEG00000007231	tpk2
ENSDARP00000025832	ENSDARG00000015722	kctd5a	ENSEEEP00000054872	ENSEEEG00000025452	kctd5a
ENSDARP00000092182	ENSDARG00000036499	zgc:162171	ENSEEEP00000010659	ENSEEEG00000005399	zgc:162171
ENSDARP00000072745	ENSDARG00000055885	tex10	ENSEEEP00000016365	ENSEEEG00000008102	TEX10
ENSDARP00000115280	ENSDARG00000021324	nsun4	ENSEEEP00000024930	ENSEEEG00000012082	NSUN4
ENSDARP00000119367	ENSDARG00000007808	zdhhc16a	ENSEEEP00000005687	ENSEEEG00000003000	zdhhc16a
ENSDARP00000137848	ENSDARG00000100363	dcun1d5	ENSEEEP00000050144	ENSEEEG00000023587	DCUN1D5
ENSDARP00000023281	ENSDARG00000011079	wdr3	ENSEEEP00000062474	ENSEEEG00000009325	WDR3
ENSDARP00000078867	ENSDARG00000060130	dusp3b	ENSEEEP00000044458	ENSEEEG00000021007	dusp3b
ENSDARP00000004236	ENSDARG00000007867	dazap2	ENSEEEP00000057026	ENSEEEG00000025891	DAZAP2
ENSDARP00000114438	ENSDARG00000078125	rusc1	ENSEEEP00000026606	ENSEEEG00000012867	rusc1
ENSDARP00000100307	ENSDARG00000036549	agpat3	ENSEEEP00000050032	ENSEEEG00000023524	AGPAT3
ENSDARP00000127451	ENSDARG00000074169	gpam	ENSEEEP00000040357	ENSEEEG00000018943	GPAM
ENSDARP00000058383	ENSDARG00000039914	gapdhs	ENSEEEP00000042399	ENSEEEG00000019984	GAPDHS
ENSDARP00000113809	ENSDARG00000042526	sebox	ENSEEEP00000007733	ENSEEEG00000004048	SEBOX
ENSDARP00000127934	ENSDARG00000068637	si:ch211-281l24.3	ENSEEEP00000061888	ENSEEEG00000025172	
ENSDARP00000092299	ENSDARG00000078508	kcp	ENSEEEP00000060726	ENSEEEG00000015536	NOTCH3
ENSDARP00000019390	ENSDARG00000009783	slc49a4	ENSEEEP00000038946	ENSEEEG00000018477	SLC49A4
ENSDARP00000113850	ENSDARG00000069018	cyp7a1	ENSEEEP00000045167	ENSEEEG00000021322	CYP7A1
ENSDARP00000121919	ENSDARG00000058672	nuggc.3	ENSEEEP00000010566	ENSEEEG00000005362	
ENSDARP00000154533	ENSDARG00000033771	hspbap1	ENSEEEP00000038928	ENSEEEG00000018473	HSPBAP1
ENSDARP00000092180	ENSDARG00000036501	rab39bb	ENSEEEP00000010663	ENSEEEG00000028601	rab39ba
ENSDARP00000126821	ENSDARG00000076236	lrrc18b	ENSEEEP00000005421	ENSEEEG00000002841	lrrc18b
ENSDARP00000141194	ENSDARG00000101062	fdft1	ENSEEEP00000044466	ENSEEEG00000021012	FDFT1
ENSDARP00000142831	ENSDARG00000105626	adad2	ENSEEEP00000049675	ENSEEEG00000023359	ADAD2
ENSDARP00000094153	ENSDARG00000014050	ngfb	ENSEEEP00000030529	ENSEEEG00000014623	ngfb
ENSDARP00000141554	ENSDARG00000097877	ppp1r3f	ENSEEEP00000029452	ENSEEEG00000014102	
ENSDARP00000099100	ENSDARG00000078803	gas2l1	ENSEEEP00000026232	ENSEEEG00000012683	GAS2L1
ENSDARP00000113843	ENSDARG00000012796	hnmt	ENSEEEP00000015193	ENSEEEG00000007572	HNMT
ENSDARP00000080163	ENSDARG00000060661	klf8	ENSEEEP00000060370	ENSEEEG00000025068	KLF8
ENSDARP00000151883	ENSDARG00000076920	znf335	ENSEEEP00000034278	ENSEEEG00000015899	ZNF335
ENSDARP00000127891	ENSDARG00000038709	myadmb	ENSEEEP00000027178	ENSEEEG00000013115	MYADM
ENSDARP00000080852	ENSDARG00000078649	il21r.2	ENSEEEP00000001656	ENSEEEG00000001059	apoda.2
ENSDARP00000114291	ENSDARG00000094160	dleu7	ENSEEEP00000050027	ENSEEEG00000023520	si:ch73-160h15.3
ENSDARP00000104564	ENSDARG00000088078	usp18	ENSEEEP00000051209	ENSEEEG00000024037	usp18
ENSDARP00000073184	ENSDARG00000025302	dixdc1a	ENSEEEP00000035235	ENSEEEG00000016764	dixdc1a
ENSDARP00000128044	ENSDARG00000097752	si:rp71-77l1.2	ENSEEEP00000054226	ENSEEEG00000026976	
ENSDARP00000093674	ENSDARG00000076571	sp5a	ENSEEEP00000051806	ENSEEEG00000024317	sp5a
ENSDARP00000127801	ENSDARG00000069961	il21r.1	ENSEEEP00000001658	ENSEEEG00000001062	il21r.1
ENSDARP00000123370	ENSDARG00000075846	kcnip2	ENSEEEP00000056402	ENSEEEG00000013569	
ENSDARP00000127415	ENSDARG00000041896	dnajc5ga	ENSEEEP00000042132	ENSEEEG00000019900	dnajc5ga
ENSDARP00000069096	ENSDARG00000052712	suclg1	ENSEEEP00000038338	ENSEEEG00000018209	SUCLG1
ENSDARP00000091714	ENSDARG00000029100	chchd1	ENSEEEP00000016968	ENSEEEG00000008409	CHCHD1
ENSDARP00000130665	ENSDARG00000103067	adgrd2	ENSEEEP00000056259	ENSEEEG00000013033	
ENSDARP00000100846	ENSDARG00000076490	ankrd40	ENSEEEP00000008697	ENSEEEG00000004513	ANKRD40
ENSDARP00000135304	ENSDARG00000098952	gata4	ENSEEEP00000044485	ENSEEEG00000021014	GATA4
ENSDARP00000127630	ENSDARG00000055400	si:dkey-56f14.7	ENSEEEP00000037245	ENSEEEG00000017704	si:dkey-56f14.7
ENSDARP00000128485	ENSDARG00000086847	irgq1	ENSEEEP00000020209	ENSEEEG00000009869	irgq1
ENSDARP00000109565	ENSDARG00000086060	hmcn2	ENSEEEP00000058531	ENSEEEG00000024731	
ENSDARP00000051585	ENSDARG00000035578	hs3st1l2	ENSEEEP00000019094	ENSEEEG00000009371	hs3st1l2
ENSDARP00000119473	ENSDARG00000095322	fkbpl	ENSEEEP00000036482	ENSEEEG00000017339	FKBPL
ENSDARP00000111810	ENSDARG00000030241	vbp1	ENSEEEP00000010666	ENSEEEG00000005402	VBP1
ENSDARP00000073820	ENSDARG00000036473	snapc2	ENSEEEP00000024334	ENSEEEG00000011797	SNAPC2
ENSDARP00000147881	ENSDARG00000060349	wasf1	ENSEEEP00000044515	ENSEEEG00000021029	WASF1
ENSDARP00000076404	ENSDARG00000044601	rtn4a	ENSEEEP00000012492	ENSEEEG00000006275	rtn4a
ENSDARP00000089386	ENSDARG00000068255	nanos3	ENSEEEP00000045304	ENSEEEG00000021386	NANOS3
ENSDARP00000062907	ENSDARG00000042864	rpl7l1	ENSEEEP00000054365	ENSEEEG00000026631	RPL7L1
ENSDARP00000111927	ENSDARG00000033451	atpsckmt	ENSEEEP00000059295	ENSEEEG00000025987	atpsckmt
ENSDARP00000040404	ENSDARG00000006766	snd1	ENSEEEP00000053514	ENSEEEG00000011898	SND1
ENSDARP00000045035	ENSDARG00000030087	nfkbib	ENSEEEP00000053262	ENSEEEG00000027663	NFKBIB
ENSDARP00000047079	ENSDARG00000034572	gpr143	ENSEEEP00000038843	ENSEEEG00000018421	GPR143
ENSDARP00000118059	ENSDARG00000092290	haspin	ENSEEEP00000062329	ENSEEEG00000024175	
ENSDARP00000063778	ENSDARG00000043446	efhd1	ENSEEEP00000000569	ENSEEEG00000000396	EFHD1
ENSDARP00000157249	ENSDARG00000070553	rnmt	ENSEEEP00000000110	ENSEEEG00000000072	RNMT
ENSDARP00000113883	ENSDARG00000055099	fam184b	ENSEEEP00000053566	ENSEEEG00000028418	FAM184B
ENSDARP00000052745	ENSDARG00000052649	ube2ia	ENSEEEP00000001692	ENSEEEG00000001067	ube2ia
ENSDARP00000125727	ENSDARG00000018757	klf5l	ENSEEEP00000038187	ENSEEEG00000018152	klf5l
ENSDARP00000108929	ENSDARG00000086222	nat16	ENSEEEP00000024337	ENSEEEG00000011798	nat16
ENSDARP00000126942	ENSDARG00000043443	kcnj13	ENSEEEP00000000592	ENSEEEG00000000426	KCNJ13
ENSDARP00000126906	ENSDARG00000035832	pyyb	ENSEEEP00000049356	ENSEEEG00000023193	pyyb
ENSDARP00000122141	ENSDARG00000009285	rpl15	ENSEEEP00000062775	ENSEEEG00000025669	rpl15
ENSDARP00000155806	ENSDARG00000061235	alg5	ENSEEEP00000012390	ENSEEEG00000006226	ALG5
ENSDARP00000114642	ENSDARG00000092856	si:ch211-210c8.7	ENSEEEP00000052097	ENSEEEG00000024436	si:ch211-210c8.7
ENSDARP00000005262	ENSDARG00000006392	exosc9	ENSEEEP00000016060	ENSEEEG00000007954	EXOSC9
ENSDARP00000129456	ENSDARG00000079502	gal3st2	ENSEEEP00000000621	ENSEEEG00000000433	GAL3ST2
ENSDARP00000035895	ENSDARG00000033161	sst1.2	ENSEEEP00000031194	ENSEEEG00000014944	sst1.2
ENSDARP00000113845	ENSDARG00000021806	zfp36l2	ENSEEEP00000035802	ENSEEEG00000017042	ZFP36L2
ENSDARP00000114074	ENSDARG00000076891	rfxap	ENSEEEP00000012360	ENSEEEG00000006221	RFXAP
ENSDARP00000090929	ENSDARG00000069044	agpat4	ENSEEEP00000051486	ENSEEEG00000024172	AGPAT4
ENSDARP00000123073	ENSDARG00000075817	mettl24	ENSEEEP00000023865	ENSEEEG00000011578	METTL24
ENSDARP00000064900	ENSDARG00000012275	katnal2	ENSEEEP00000039994	ENSEEEG00000018962	KATNAL2
ENSDARP00000104632	ENSDARG00000088073	fam110b	ENSEEEP00000045164	ENSEEEG00000021320	FAM110B
ENSDARP00000109858	ENSDARG00000069956	pdlim2	ENSEEEP00000014661	ENSEEEG00000007290	pdlim2
ENSDARP00000058842	ENSDARG00000040224	krcp	ENSEEEP00000049672	ENSEEEG00000023355	krcp
ENSDARP00000109010	ENSDARG00000037432	haus7	ENSEEEP00000013042	ENSEEEG00000006567	HAUS7
ENSDARP00000133970	ENSDARG00000104835	map3k4	ENSEEEP00000051468	ENSEEEG00000024112	MAP3K4
ENSDARP00000105072	ENSDARG00000089225	ro60	ENSEEEP00000019429	ENSEEEG00000009508	RO60
ENSDARP00000123215	ENSDARG00000092610	lamp1b	ENSEEEP00000010110	ENSEEEG00000005128	lamp1b
ENSDARP00000111627	ENSDARG00000018257	ncoa1	ENSEEEP00000052596	ENSEEEG00000024638	NCOA1
ENSDARP00000060478	ENSDARG00000041257	smtnl1	ENSEEEP00000036333	ENSEEEG00000017280	SMTNL1
ENSDARP00000142757	ENSDARG00000020053	nkd1	ENSEEEP00000049314	ENSEEEG00000023180	NKD1
ENSDARP00000060202	ENSDARG00000021143	rtn1b	ENSEEEP00000061655	ENSEEEG00000023768	rtn1b
ENSDARP00000059790	ENSDARG00000040799	sst1.1	ENSEEEP00000031197	ENSEEEG00000014946	sst1.1
ENSDARP00000064771	ENSDARG00000044114	cyb561d2	ENSEEEP00000005327	ENSEEEG00000002784	CYB561D2
ENSDARP00000128396	ENSDARG00000097187	si:ch211-153l6.6	ENSEEEP00000024136	ENSEEEG00000011705	si:ch211-153l6.6
ENSDARP00000122799	ENSDARG00000071413	mier2	ENSEEEP00000063131	ENSEEEG00000002851	mettl27
ENSDARP00000099481	ENSDARG00000079059	retreg1	ENSEEEP00000000838	ENSEEEG00000000523	RETREG1
ENSDARP00000104104	ENSDARG00000074588	mettl18	ENSEEEP00000057614	ENSEEEG00000024714	METTL18
ENSDARP00000017331	ENSDARG00000004427	dpy30	ENSEEEP00000036723	ENSEEEG00000017434	DPY30
ENSDARP00000138186	ENSDARG00000073872	tpst1	ENSEEEP00000052400	ENSEEEG00000024546	TPST1
ENSDARP00000006201	ENSDARG00000005423	pgam1a	ENSEEEP00000012717	ENSEEEG00000006381	pgam1b
ENSDARP00000017232	ENSDARG00000014849	pih1d2	ENSEEEP00000035241	ENSEEEG00000025551	pih1d2
ENSDARP00000127635	ENSDARG00000089892	cd44b	ENSEEEP00000025323	ENSEEEG00000012281	
ENSDARP00000090275	ENSDARG00000068726	masp1	ENSEEEP00000031222	ENSEEEG00000014950	MASP1
ENSDARP00000116279	ENSDARG00000020887	armc1l	ENSEEEP00000009846	ENSEEEG00000005012	armc1l
ENSDARP00000118435	ENSDARG00000054867	hibch	ENSEEEP00000049344	ENSEEEG00000023166	HIBCH
ENSDARP00000079489	ENSDARG00000060394	mtfr2	ENSEEEP00000009852	ENSEEEG00000005015	MTFR2
ENSDARP00000084667	ENSDARG00000062429	trim109	ENSEEEP00000026608	ENSEEEG00000012868	trim109
ENSDARP00000022641	ENSDARG00000019706	zar1	ENSEEEP00000043718	ENSEEEG00000020665	ZAR1
ENSDARP00000127773	ENSDARG00000034227	si:dkey-243i1.1	ENSEEEP00000001725	ENSEEEG00000001104	
ENSDARP00000128722	ENSDARG00000090872	si:dkey-276j7.1	ENSEEEP00000000142	ENSEEEG00000000105	si:dkey-276j7.1
ENSDARP00000090626	ENSDARG00000068923	umodl1	ENSEEEP00000028960	ENSEEEG00000013892	CD200R1L
ENSDARP00000066423	ENSDARG00000045175	pofut2	ENSEEEP00000049280	ENSEEEG00000023147	POFUT2
ENSDARP00000016954	ENSDARG00000018643	igf2a	ENSEEEP00000040353	ENSEEEG00000019117	IGF2
ENSDARP00000124707	ENSDARG00000074428	hhat	ENSEEEP00000022007	ENSEEEG00000010688	HHAT
ENSDARP00000117803	ENSDARG00000061728	acot13	ENSEEEP00000053825	ENSEEEG00000028817	ACOT13
ENSDARP00000081630	ENSDARG00000061257	zgc:153240	ENSEEEP00000020180	ENSEEEG00000009856	C17orf75
ENSDARP00000113473	ENSDARG00000059610	gpr146	ENSEEEP00000001874	ENSEEEG00000001178	GPR146
ENSDARP00000026367	ENSDARG00000014966	ccdc82	ENSEEEP00000040578	ENSEEEG00000019220	CCDC82
ENSDARP00000074395	ENSDARG00000057321	tut1	ENSEEEP00000049358	ENSEEEG00000023196	tut1
ENSDARP00000070486	ENSDARG00000074661	gper1	ENSEEEP00000001875	ENSEEEG00000001179	GPER1
ENSDARP00000069272	ENSDARG00000052855	ctso	ENSEEEP00000012799	ENSEEEG00000006431	CTSO
ENSDARP00000107435	ENSDARG00000091135	rd3l	ENSEEEP00000050532	ENSEEEG00000023767	si:ch211-253p18.5
ENSDARP00000062402	ENSDARG00000055757	tmem9	ENSEEEP00000029448	ENSEEEG00000014098	TMEM9
ENSDARP00000045123	ENSDARG00000032296	pomp	ENSEEEP00000040576	ENSEEEG00000019207	POMP
ENSDARP00000019940	ENSDARG00000009131	slc10a4	ENSEEEP00000043720	ENSEEEG00000020666	SLC10A4
ENSDARP00000042819	ENSDARG00000029388	si:dkey-90m5.4	ENSEEEP00000043722	ENSEEEG00000020667	si:dkey-90m5.4
ENSDARP00000025863	ENSDARG00000002754	pdcd2l	ENSEEEP00000014831	ENSEEEG00000007386	pdcd2l
ENSDARP00000127472	ENSDARG00000086254	hhla2b.2	ENSEEEP00000011259	ENSEEEG00000005704	hhla2b.2
ENSDARP00000149114	ENSDARG00000087717	tmprss5	ENSEEEP00000035255	ENSEEEG00000016766	tmprss5
ENSDARP00000018901	ENSDARG00000016514	gtf2h2	ENSEEEP00000036283	ENSEEEG00000017253	gtf2h2
ENSDARP00000022446	ENSDARG00000016122	ptrhd1	ENSEEEP00000062173	ENSEEEG00000027697	PTRHD1
ENSDARP00000002269	ENSDARG00000020465	ewsr1b	ENSEEEP00000026218	ENSEEEG00000012675	ewsr1b
ENSDARP00000023623	ENSDARG00000017562	banp	ENSEEEP00000014830	ENSEEEG00000007385	BANP
ENSDARP00000142679	ENSDARG00000076402	nat16l	ENSEEEP00000024339	ENSEEEG00000011799	nat16l
ENSDARP00000152971	ENSDARG00000009953	med14	ENSEEEP00000047654	ENSEEEG00000022365	MED14
ENSDARP00000067387	ENSDARG00000045854	fgf23	ENSEEEP00000051201	ENSEEEG00000024031	FGF23
ENSDARP00000106302	ENSDARG00000005115	calub	ENSEEEP00000032591	ENSEEEG00000015534	calub
ENSDARP00000108203	ENSDARG00000032114	slain2	ENSEEEP00000060565	ENSEEEG00000020670	SLAIN2
ENSDARP00000122885	ENSDARG00000037836	igfals	ENSEEEP00000002006	ENSEEEG00000001246	IGFALS
ENSDARP00000057878	ENSDARG00000027572	as3mt	ENSEEEP00000027860	ENSEEEG00000013414	AS3MT
ENSDARP00000062924	ENSDARG00000042873	slc25a27	ENSEEEP00000059658	ENSEEEG00000024636	SLC25A27
ENSDARP00000123920	ENSDARG00000073742	prss59.2	ENSEEEP00000056567	ENSEEEG00000027769	prss59.1
ENSDARP00000089757	ENSDARG00000068438	gucd1	ENSEEEP00000023565	ENSEEEG00000011424	GUCD1
ENSDARP00000077862	ENSDARG00000057352	slc25a29	ENSEEEP00000018560	ENSEEEG00000009123	SLC25A29
ENSDARP00000136467	ENSDARG00000101707	si:ch211-156b7.4	ENSEEEP00000050403	ENSEEEG00000023703	si:ch211-156b7.4
ENSDARP00000140852	ENSDARG00000104285	armh3	ENSEEEP00000051351	ENSEEEG00000024064	ARMH3
ENSDARP00000062930	ENSDARG00000042876	abracl	ENSEEEP00000059868	ENSEEEG00000024634	abracl
ENSDARP00000078311	ENSDARG00000059923	slc25a47a	ENSEEEP00000037630	ENSEEEG00000017903	slc25a47b
ENSDARP00000106111	ENSDARG00000091557	mmp19	ENSEEEP00000018357	ENSEEEG00000009012	MMP19
ENSDARP00000069025	ENSDARG00000052642	shisa9b	ENSEEEP00000002008	ENSEEEG00000001247	shisa9b
ENSDARP00000108197	ENSDARG00000010160	rps15a	ENSEEEP00000020178	ENSEEEG00000009852	RPS15A
ENSDARP00000118446	ENSDARG00000091631	si:ch211-197h24.6	ENSEEEP00000016360	ENSEEEG00000008099	si:ch211-197h24.6
ENSDARP00000071098	ENSDARG00000054433	yipf6	ENSEEEP00000059008	ENSEEEG00000025624	YIPF6
ENSDARP00000146738	ENSDARG00000046098	ebp	ENSEEEP00000058285	ENSEEEG00000028440	ebp
ENSDARP00000067385	ENSDARG00000045853	rad51ap1	ENSEEEP00000064068	ENSEEEG00000026514	RAD51AP1
ENSDARP00000124457	ENSDARG00000077264	wdr43	ENSEEEP00000042291	ENSEEEG00000019967	wdr43
ENSDARP00000045478	ENSDARG00000036505	syt4	ENSEEEP00000010669	ENSEEEG00000005405	SYT4
ENSDARP00000134971	ENSDARG00000104914	muc5f	ENSEEEP00000007512	ENSEEEG00000003927	muc5f
ENSDARP00000069254	ENSDARG00000052842	ppifb	ENSEEEP00000033095	ENSEEEG00000015747	ppifb
ENSDARP00000126473	ENSDARG00000042857	si:ch211-246m6.4	ENSEEEP00000061662	ENSEEEG00000029046	si:ch211-246m6.4
ENSDARP00000109950	ENSDARG00000004636	ccdc9	ENSEEEP00000001726	ENSEEEG00000001107	CCDC9
ENSDARP00000128488	ENSDARG00000054055	ostn	ENSEEEP00000003224	ENSEEEG00000001814	OSTN
ENSDARP00000121717	ENSDARG00000092954	mrpl34	ENSEEEP00000016600	ENSEEEG00000008221	MRPL34
ENSDARP00000052403	ENSDARG00000011851	map2k5	ENSEEEP00000042756	ENSEEEG00000020174	MAP2K5
ENSDARP00000032448	ENSDARG00000026577	cdk2	ENSEEEP00000018427	ENSEEEG00000009035	CDK2
ENSDARP00000073209	ENSDARG00000056277	or92a7	ENSEEEP00000059201	ENSEEEG00000028102	
ENSDARP00000120348	ENSDARG00000031348	mc5ra	ENSEEEP00000000125	ENSEEEG00000000087	mc5ra
ENSDARP00000031737	ENSDARG00000035338	tppp2	ENSEEEP00000037332	ENSEEEG00000017746	TPPP2
ENSDARP00000140728	ENSDARG00000102463	cox18	ENSEEEP00000033530	ENSEEEG00000015947	COX18
ENSDARP00000118058	ENSDARG00000043285	zbtb21	ENSEEEP00000058688	ENSEEEG00000024821	ZBTB21
ENSDARP00000071623	ENSDARG00000054878	six2b	ENSEEEP00000035813	ENSEEEG00000017047	six2b
ENSDARP00000018567	ENSDARG00000009771	ppme1	ENSEEEP00000010268	ENSEEEG00000005198	PPME1
ENSDARP00000031650	ENSDARG00000045592	tnni2a.1	ENSEEEP00000014842	ENSEEEG00000007391	tnni2a.1
ENSDARP00000115065	ENSDARG00000087198	cthrc1a	ENSEEEP00000000159	ENSEEEG00000000121	cthrc1a
ENSDARP00000038349	ENSDARG00000021547	vrk2	ENSEEEP00000034644	ENSEEEG00000016477	VRK2
ENSDARP00000028718	ENSDARG00000026183	polr2eb	ENSEEEP00000048765	ENSEEEG00000022939	POLR2E
ENSDARP00000128017	ENSDARG00000068719	gmnc	ENSEEEP00000003226	ENSEEEG00000001815	GMNC
ENSDARP00000122385	ENSDARG00000038228	selenow2a	ENSEEEP00000003425	ENSEEEG00000001911	selenow2a
ENSDARP00000124383	ENSDARG00000005841	tnni2a.2	ENSEEEP00000014846	ENSEEEG00000007393	tnni2a.2
ENSDARP00000003498	ENSDARG00000007885	fancl	ENSEEEP00000034734	ENSEEEG00000016481	FANCL
ENSDARP00000111270	ENSDARG00000068431	si:ch211-195h23.3	ENSEEEP00000042850	ENSEEEG00000020214	
ENSDARP00000106121	ENSDARG00000043287	atg101	ENSEEEP00000028962	ENSEEEG00000013894	ATG101
ENSDARP00000124648	ENSDARG00000002720	utp15	ENSEEEP00000013899	ENSEEEG00000006901	UTP15
ENSDARP00000089830	ENSDARG00000068478	gpx4a	ENSEEEP00000060574	ENSEEEG00000025118	gpx4a
ENSDARP00000006492	ENSDARG00000020363	snrnp25	ENSEEEP00000002015	ENSEEEG00000001253	SNRNP25
ENSDARP00000062934	ENSDARG00000042877	heca	ENSEEEP00000052589	ENSEEEG00000024632	HECA
ENSDARP00000122101	ENSDARG00000068919	rad51c	ENSEEEP00000004238	ENSEEEG00000002237	RAD51C
ENSDARP00000056004	ENSDARG00000038386	ascl1a	ENSEEEP00000029004	ENSEEEG00000013916	ascl1a
ENSDARP00000055128	ENSDARG00000037835	polr3k	ENSEEEP00000002017	ENSEEEG00000001255	POLR3K
ENSDARP00000012236	ENSDARG00000071694	ndc80	ENSEEEP00000016121	ENSEEEG00000007974	NDC80
ENSDARP00000065168	ENSDARG00000044381	siah2l	ENSEEEP00000055353	ENSEEEG00000026150	siah2l
ENSDARP00000113359	ENSDARG00000039082	zgc:123010	ENSEEEP00000006177	ENSEEEG00000003295	zgc:123010
ENSDARP00000142682	ENSDARG00000105529	vgf	ENSEEEP00000024340	ENSEEEG00000011800	vgf
ENSDARP00000128464	ENSDARG00000076118	cdip1	ENSEEEP00000002018	ENSEEEG00000001256	CDIP1
ENSDARP00000117758	ENSDARG00000076066	marchf6	ENSEEEP00000020467	ENSEEEG00000009679	march6
ENSDARP00000152546	ENSDARG00000007818	palm1b	ENSEEEP00000014350	ENSEEEG00000007134	palm1b
ENSDARP00000105649	ENSDARG00000013307	rpl19	ENSEEEP00000047910	ENSEEEG00000022557	RPL19
ENSDARP00000132213	ENSDARG00000101160	apoa4a	ENSEEEP00000013259	ENSEEEG00000006630	apoa4a
ENSDARP00000127769	ENSDARG00000059473	kank4	ENSEEEP00000022089	ENSEEEG00000010736	
ENSDARP00000136600	ENSDARG00000102934	noa1	ENSEEEP00000033493	ENSEEEG00000015923	NOA1
ENSDARP00000139497	ENSDARG00000104138	igfbp7	ENSEEEP00000058158	ENSEEEG00000028650	IGFBP7
ENSDARP00000034094	ENSDARG00000013771	ctss2.2	ENSEEEP00000000183	ENSEEEG00000000099	ctss2.1
ENSDARP00000142664	ENSDARG00000105549	ric3a	ENSEEEP00000041646	ENSEEEG00000019701	
ENSDARP00000135314	ENSDARG00000034504	lmo1	ENSEEEP00000029719	ENSEEEG00000014227	LMO1
ENSDARP00000124289	ENSDARG00000040253	onecutl	ENSEEEP00000000083	ENSEEEG00000000053	onecutl
ENSDARP00000152526	ENSDARG00000078824	si:ch211-66e2.3	ENSEEEP00000007426	ENSEEEG00000003900	
ENSDARP00000020703	ENSDARG00000015460	racgap1	ENSEEEP00000052088	ENSEEEG00000024429	RACGAP1
ENSDARP00000128257	ENSDARG00000011581	si:dkey-23k10.5	ENSEEEP00000040498	ENSEEEG00000019183	
ENSDARP00000151595	ENSDARG00000091579	si:ch211-66e2.5	ENSEEEP00000007429	ENSEEEG00000003902	si:ch211-66e2.5
ENSDARP00000100321	ENSDARG00000008155	sms	ENSEEEP00000010457	ENSEEEG00000005205	SMS
ENSDARP00000115010	ENSDARG00000020594	txlnba	ENSEEEP00000052584	ENSEEEG00000024629	TXLNB
ENSDARP00000018669	ENSDARG00000009273	ppm1da	ENSEEEP00000001732	ENSEEEG00000001109	ppm1da
ENSDARP00000019981	ENSDARG00000012871	npepl1	ENSEEEP00000037398	ENSEEEG00000017768	NPEPL1
ENSDARP00000007655	ENSDARG00000010270	fezf1	ENSEEEP00000040749	ENSEEEG00000019314	FEZF1
ENSDARP00000093629	ENSDARG00000051756	pdhx	ENSEEEP00000056405	ENSEEEG00000012283	PDHX
ENSDARP00000098731	ENSDARG00000075677	mrpl17	ENSEEEP00000043274	ENSEEEG00000020440	MRPL17
ENSDARP00000014473	ENSDARG00000017811	si:ch211-210c8.6	ENSEEEP00000052094	ENSEEEG00000024433	si:ch211-210c8.6
ENSDARP00000142210	ENSDARG00000101235	ccdc166	ENSEEEP00000010713	ENSEEEG00000005423	CCDC166
ENSDARP00000082836	ENSDARG00000075159	meltf	ENSEEEP00000032069	ENSEEEG00000015295	MELTF
ENSDARP00000141067	ENSDARG00000003219	bin2a	ENSEEEP00000052095	ENSEEEG00000024435	bin2a
ENSDARP00000156490	ENSDARG00000042508	ubr3	ENSEEEP00000051851	ENSEEEG00000024324	UBR3
ENSDARP00000142911	ENSDARG00000056803	ap1s1	ENSEEEP00000024359	ENSEEEG00000011803	AP1S1
ENSDARP00000104898	ENSDARG00000089791	slc25a32a	ENSEEEP00000000189	ENSEEEG00000000143	slc25a32a
ENSDARP00000095054	ENSDARG00000070809	znf516	ENSEEEP00000011163	ENSEEEG00000005662	ZNF516
ENSDARP00000058523	ENSDARG00000032237	anapc4	ENSEEEP00000043742	ENSEEEG00000020673	ANAPC4
ENSDARP00000117939	ENSDARG00000044365	angptl3	ENSEEEP00000022613	ENSEEEG00000010983	ANGPTL3
ENSDARP00000071885	ENSDARG00000055120	ctsba	ENSEEEP00000041174	ENSEEEG00000019435	ctsba
ENSDARP00000098102	ENSDARG00000077870	taf9	ENSEEEP00000044384	ENSEEEG00000020968	taf9
ENSDARP00000101307	ENSDARG00000075798	usp38	ENSEEEP00000011714	ENSEEEG00000005893	USP38
ENSDARP00000073367	ENSDARG00000056414	usp1	ENSEEEP00000022615	ENSEEEG00000010984	USP1
ENSDARP00000051711	ENSDARG00000027612	gatad1	ENSEEEP00000055908	ENSEEEG00000028057	GATAD1
ENSDARP00000071046	ENSDARG00000006497	rtn1a	ENSEEEP00000009492	ENSEEEG00000004842	rtn1a
ENSDARP00000128143	ENSDARG00000079024	rps6kl1	ENSEEEP00000019001	ENSEEEG00000009318	TCP11L2
ENSDARP00000113033	ENSDARG00000037476	sorbs3	ENSEEEP00000014665	ENSEEEG00000007295	SORBS3
ENSDARP00000112207	ENSDARG00000088708	ngfra	ENSEEEP00000003427	ENSEEEG00000001912	ngfra
ENSDARP00000103607	ENSDARG00000078674	hspb9	ENSEEEP00000012556	ENSEEEG00000006305	HSPB9
ENSDARP00000041364	ENSDARG00000033971	prrx1a	ENSEEEP00000041746	ENSEEEG00000019743	prrx1a
ENSDARP00000041069	ENSDARG00000032319	mest	ENSEEEP00000022878	ENSEEEG00000011050	MEST
ENSDARP00000111169	ENSDARG00000090468	ppp1r3aa	ENSEEEP00000058498	ENSEEEG00000028850	ppp1r3aa
ENSDARP00000138483	ENSDARG00000100242	dph5	ENSEEEP00000059104	ENSEEEG00000015348	DPH5
ENSDARP00000091516	ENSDARG00000040991	cttnbp2	ENSEEEP00000045720	ENSEEEG00000021553	CTTNBP2
ENSDARP00000070419	ENSDARG00000053833	mtnr1ba	ENSEEEP00000047081	ENSEEEG00000022162	mtnr1ba
ENSDARP00000011360	ENSDARG00000013453	tdrd9	ENSEEEP00000009511	ENSEEEG00000004853	TDRD9
ENSDARP00000139304	ENSDARG00000099281	si:dkey-112e7.2	ENSEEEP00000019273	ENSEEEG00000009440	
ENSDARP00000136060	ENSDARG00000101029	si:ch73-347e22.4	ENSEEEP00000013152	ENSEEEG00000006609	MTUS1
ENSDARP00000091972	ENSDARG00000007175	recql	ENSEEEP00000029189	ENSEEEG00000013926	RECQL
ENSDARP00000009453	ENSDARG00000007279	yipf5	ENSEEEP00000060740	ENSEEEG00000026665	YIPF5
ENSDARP00000118467	ENSDARG00000074223	mdfic	ENSEEEP00000019294	ENSEEEG00000009447	MDFIC
ENSDARP00000154984	ENSDARG00000029069	tnni2a.4	ENSEEEP00000057531	ENSEEEG00000007412	tnni2a.4
ENSDARP00000128446	ENSDARG00000097855	si:ch211-3o3.9	ENSEEEP00000049354	ENSEEEG00000023192	C2orf88
ENSDARP00000061496	ENSDARG00000041960	olfm4.2	ENSEEEP00000018996	ENSEEEG00000009313	si:ch211-173a9.6
ENSDARP00000108040	ENSDARG00000053449	pyya	ENSEEEP00000012554	ENSEEEG00000006303	pyya
ENSDARP00000063250	ENSDARG00000043081	ctsz	ENSEEEP00000037434	ENSEEEG00000017784	CTSZ
ENSDARP00000093185	ENSDARG00000006251	ell2	ENSEEEP00000062257	ENSEEEG00000015017	ELL2
ENSDARP00000126780	ENSDARG00000043445	si:ch211-152f2.3	ENSEEEP00000059660	ENSEEEG00000028290	IFNGR1
ENSDARP00000133853	ENSDARG00000102004	apoea	ENSEEEP00000013154	ENSEEEG00000006610	apoea
ENSDARP00000090326	ENSDARG00000068755	exosc8	ENSEEEP00000012421	ENSEEEG00000006234	EXOSC8
ENSDARP00000128190	ENSDARG00000039661	slc36a4	ENSEEEP00000047085	ENSEEEG00000022164	SLC36A4
ENSDARP00000021751	ENSDARG00000014333	ormdl1	ENSEEEP00000063216	ENSEEEG00000025803	ORMDL1
ENSDARP00000001250	ENSDARG00000000476	pms1	ENSEEEP00000049387	ENSEEEG00000023210	PMS1
ENSDARP00000055261	ENSDARG00000037916	cdk5r1a	ENSEEEP00000004564	ENSEEEG00000002382	cdk5r1a
ENSDARP00000091365	ENSDARG00000069242	pdia5	ENSEEEP00000039776	ENSEEEG00000018531	PDIA5
ENSDARP00000009601	ENSDARG00000020102	kctd16b	ENSEEEP00000011607	ENSEEEG00000005840	kctd16b
ENSDARP00000129760	ENSDARG00000097824	smco4	ENSEEEP00000000153	ENSEEEG00000000116	SMCO4
ENSDARP00000134816	ENSDARG00000089767	rnf130	ENSEEEP00000012804	ENSEEEG00000006432	RNF130
ENSDARP00000049587	ENSDARG00000036140	crybgx	ENSEEEP00000042805	ENSEEEG00000020190	crybgx
ENSDARP00000124877	ENSDARG00000088342	tmem145	ENSEEEP00000043269	ENSEEEG00000020438	TMEM145
ENSDARP00000109526	ENSDARG00000090036	rhobtb3	ENSEEEP00000031394	ENSEEEG00000015022	si:dkey-6b12.5
ENSDARP00000080080	ENSDARG00000060633	usp16	ENSEEEP00000000553	ENSEEEG00000000398	USP16
ENSDARP00000037864	ENSDARG00000028106	glrx	ENSEEEP00000031392	ENSEEEG00000015018	GLRX
ENSDARP00000017792	ENSDARG00000017445	eif3i	ENSEEEP00000017887	ENSEEEG00000008829	EIF3I
ENSDARP00000046715	ENSDARG00000030905	cited2	ENSEEEP00000052580	ENSEEEG00000024628	CITED2
ENSDARP00000016699	ENSDARG00000017708	lrrc40	ENSEEEP00000032056	ENSEEEG00000015284	LRRC40
ENSDARP00000109981	ENSDARG00000052617	raver1	ENSEEEP00000010275	ENSEEEG00000005206	raver1
ENSDARP00000070635	ENSDARG00000054032	rab24	ENSEEEP00000053281	ENSEEEG00000029044	RAB24
ENSDARP00000146310	ENSDARG00000068480	map7d2a	ENSEEEP00000036598	ENSEEEG00000017379	
ENSDARP00000067993	ENSDARG00000051816	aass	ENSEEEP00000040717	ENSEEEG00000019065	AASS
ENSDARP00000137960	ENSDARG00000102602	si:ch211-220m17.4	ENSEEEP00000027723	ENSEEEG00000013348	GUCA2A
ENSDARP00000034858	ENSDARG00000024598	homezb	ENSEEEP00000011665	ENSEEEG00000005864	homezb
ENSDARP00000098661	ENSDARG00000079399	si:ch211-132p1.2	ENSEEEP00000012809	ENSEEEG00000006434	F2RL3
ENSDARP00000020383	ENSDARG00000002174	itfg2	ENSEEEP00000039039	ENSEEEG00000018530	ITFG2
ENSDARP00000147428	ENSDARG00000069031	plac8l1	ENSEEEP00000057701	ENSEEEG00000005844	PLAC8L1
ENSDARP00000031354	ENSDARG00000022570	nmur3	ENSEEEP00000027719	ENSEEEG00000013329	nmur3
ENSDARP00000122762	ENSDARG00000005865	or91a1	ENSEEEP00000035266	ENSEEEG00000016776	
ENSDARP00000083040	ENSDARG00000073899	nemp1	ENSEEEP00000009837	ENSEEEG00000005008	NEMP1
ENSDARP00000078719	ENSDARG00000060072	abi3a	ENSEEEP00000012540	ENSEEEG00000006294	abi3a
ENSDARP00000114378	ENSDARG00000092970	tmsb2	ENSEEEP00000005344	ENSEEEG00000002797	tmsb2
ENSDARP00000126723	ENSDARG00000091150	mki67	ENSEEEP00000062859	ENSEEEG00000027477	mki67
ENSDARP00000132954	ENSDARG00000101061	eif2a	ENSEEEP00000058297	ENSEEEG00000023596	EIF2A
ENSDARP00000097730	ENSDARG00000073686	heatr6	ENSEEEP00000040647	ENSEEEG00000019241	HEATR6
ENSDARP00000025069	ENSDARG00000004470	prkcsh	ENSEEEP00000010594	ENSEEEG00000005274	PRKCSH
ENSDARP00000109547	ENSDARG00000087625	olfm4.1	ENSEEEP00000018990	ENSEEEG00000009311	si:ch211-173a9.6
ENSDARP00000021861	ENSDARG00000021097	nelfcd	ENSEEEP00000037614	ENSEEEG00000017805	NELFCD
ENSDARP00000103616	ENSDARG00000075854	gjb10	ENSEEEP00000042305	ENSEEEG00000019979	cx34.4
ENSDARP00000073803	ENSDARG00000056795	serpine1	ENSEEEP00000024365	ENSEEEG00000011813	SERPINE1
ENSDARP00000117673	ENSDARG00000077291	rps2	ENSEEEP00000055663	ENSEEEG00000004527	RPS2
ENSDARP00000070784	ENSDARG00000054152	nmbr	ENSEEEP00000052578	ENSEEEG00000024627	NMBR
ENSDARP00000062916	ENSDARG00000042866	gjb3	ENSEEEP00000042308	ENSEEEG00000019981	cx35.4
ENSDARP00000100294	ENSDARG00000079985	nrip2	ENSEEEP00000058753	ENSEEEG00000028191	NRIP2
ENSDARP00000129230	ENSDARG00000053311	tespa1	ENSEEEP00000044609	ENSEEEG00000021066	tespa1
ENSDARP00000092713	ENSDARG00000115234	crygm2b	ENSEEEP00000008491	ENSEEEG00000004245	
ENSDARP00000069975	ENSDARG00000053455	dnaaf19	ENSEEEP00000012539	ENSEEEG00000006293	CCDC103
ENSDARP00000124281	ENSDARG00000012640	cideb	ENSEEEP00000011666	ENSEEEG00000005866	CIDEB
ENSDARP00000112446	ENSDARG00000016871	smarce1	ENSEEEP00000004536	ENSEEEG00000002366	SMARCE1
ENSDARP00000098546	ENSDARG00000079816	rhbdd3	ENSEEEP00000026212	ENSEEEG00000012673	RHBDD3
ENSDARP00000119186	ENSDARG00000062430	gpd2	ENSEEEP00000058614	ENSEEEG00000022777	gpd2
ENSDARP00000068744	ENSDARG00000052408	mgat2	ENSEEEP00000025039	ENSEEEG00000012150	MGAT2
ENSDARP00000060443	ENSDARG00000041232	rps29	ENSEEEP00000025040	ENSEEEG00000012151	RPS29
ENSDARP00000133281	ENSDARG00000102690	rims2b	ENSEEEP00000000277	ENSEEEG00000000197	
ENSDARP00000090111	ENSDARG00000038432	actr10	ENSEEEP00000025280	ENSEEEG00000012261	ACTR10
ENSDARP00000120338	ENSDARG00000019113	mob3a	ENSEEEP00000036971	ENSEEEG00000017559	MOB3A
ENSDARP00000093211	ENSDARG00000070029	ehhadh	ENSEEEP00000043590	ENSEEEG00000020602	EHHADH
ENSDARP00000016128	ENSDARG00000017982	cyp39a1	ENSEEEP00000040565	ENSEEEG00000019215	cyp39a1
ENSDARP00000014696	ENSDARG00000006011	klhl42	ENSEEEP00000039030	ENSEEEG00000018526	KLHL42
ENSDARP00000127405	ENSDARG00000021869	rcan2	ENSEEEP00000040572	ENSEEEG00000019217	RCAN2
ENSDARP00000069977	ENSDARG00000053457	rpl23	ENSEEEP00000012535	ENSEEEG00000006287	RPL23
ENSDARP00000120953	ENSDARG00000078658	supt20	ENSEEEP00000013126	ENSEEEG00000006261	supt20
ENSDARP00000061333	ENSDARG00000041870	ift172	ENSEEEP00000040670	ENSEEEG00000019225	IFT172
ENSDARP00000093124	ENSDARG00000020834	si:dkey-230p4.1	ENSEEEP00000045243	ENSEEEG00000021351	si:dkey-230p4.1
ENSDARP00000094231	ENSDARG00000070471	tarbp2	ENSEEEP00000044607	ENSEEEG00000021065	TARBP2
ENSDARP00000056088	ENSDARG00000089966	si:zfos-1505d6.3	ENSEEEP00000061303	ENSEEEG00000026106	zp2l2
ENSDARP00000075713	ENSDARG00000058409	hce2l1	ENSEEEP00000045196	ENSEEEG00000021252	hce2l1
ENSDARP00000069981	ENSDARG00000053460	si:dkey-283b1.7	ENSEEEP00000056400	ENSEEEG00000006286	si:dkey-283b1.7
ENSDARP00000122495	ENSDARG00000076119	emid1	ENSEEEP00000034050	ENSEEEG00000016222	COL26A1
ENSDARP00000041841	ENSDARG00000028889	ndufb10	ENSEEEP00000008740	ENSEEEG00000004530	NDUFB10
ENSDARP00000129769	ENSDARG00000038768	mrpl12	ENSEEEP00000030738	ENSEEEG00000014709	MRPL12
ENSDARP00000023892	ENSDARG00000002215	rtca	ENSEEEP00000032142	ENSEEEG00000015293	RTCA
ENSDARP00000076602	ENSDARG00000078328	sec22a	ENSEEEP00000039796	ENSEEEG00000018870	SEC22A
ENSDARP00000115692	ENSDARG00000054137	adgrg6	ENSEEEP00000052573	ENSEEEG00000024625	adgrg6
ENSDARP00000119793	ENSDARG00000004925	immp2l	ENSEEEP00000045984	ENSEEEG00000021665	IMMP2L
ENSDARP00000121032	ENSDARG00000020960	hgs	ENSEEEP00000030647	ENSEEEG00000013851	HGS
ENSDARP00000146885	ENSDARG00000013732	vta1	ENSEEEP00000052574	ENSEEEG00000024626	VTA1
ENSDARP00000150921	ENSDARG00000021135	dhrs4	ENSEEEP00000058326	ENSEEEG00000005869	dhrs4
ENSDARP00000156407	ENSDARG00000060758	nphs1	ENSEEEP00000037025	ENSEEEG00000017583	NPHS1
ENSDARP00000113476	ENSDARG00000054473	tinf2	ENSEEEP00000011667	ENSEEEG00000005867	TINF2
ENSDARP00000106477	ENSDARG00000030153	gnptab	ENSEEEP00000038991	ENSEEEG00000018468	THOP1
ENSDARP00000140381	ENSDARG00000102975	nsg2	ENSEEEP00000006999	ENSEEEG00000003688	NSG2
ENSDARP00000157053	ENSDARG00000069003	pcyox1l	ENSEEEP00000029645	ENSEEEG00000014195	PCYOX1L
ENSDARP00000062115	ENSDARG00000042357	cldnk	ENSEEEP00000052791	ENSEEEG00000025211	cldnk
ENSDARP00000021426	ENSDARG00000008732	zgc:66479	ENSEEEP00000044605	ENSEEEG00000021063	zgc:66479
ENSDARP00000066998	ENSDARG00000045563	washc3	ENSEEEP00000059782	ENSEEEG00000028806	WASHC3
ENSDARP00000016139	ENSDARG00000002168	tra2b	ENSEEEP00000010168	ENSEEEG00000005158	tra2b
ENSDARP00000144854	ENSDARG00000052215	btr02	ENSEEEP00000028775	ENSEEEG00000013827	btr02
ENSDARP00000066996	ENSDARG00000045561	dram1	ENSEEEP00000038995	ENSEEEG00000018502	DRAM1
ENSDARP00000017428	ENSDARG00000019038	sgsm3	ENSEEEP00000016974	ENSEEEG00000007892	SGSM3
ENSDARP00000128949	ENSDARG00000086228	si:dkey-120c6.5	ENSEEEP00000028764	ENSEEEG00000013822	si:dkey-120c6.5
ENSDARP00000010750	ENSDARG00000002128	cwf19l1	ENSEEEP00000039020	ENSEEEG00000018510	CWF19L1
ENSDARP00000087775	ENSDARG00000009242	fev	ENSEEEP00000011649	ENSEEEG00000005856	FEV
ENSDARP00000074070	ENSDARG00000026986	rexo1	ENSEEEP00000062598	ENSEEEG00000006048	REXO1
ENSDARP00000111335	ENSDARG00000041925	cryba2b	ENSEEEP00000011642	ENSEEEG00000005855	cryba2b
ENSDARP00000010074	ENSDARG00000009074	cbr4	ENSEEEP00000062756	ENSEEEG00000028424	CBR4
ENSDARP00000036330	ENSDARG00000027079	znf804a	ENSEEEP00000054146	ENSEEEG00000026087	ZNF804A
ENSDARP00000093162	ENSDARG00000070011	hce2l2	ENSEEEP00000045001	ENSEEEG00000021234	hce2l2
ENSDARP00000093207	ENSDARG00000070028	tmem41aa	ENSEEEP00000043591	ENSEEEG00000020605	tmem41aa
ENSDARP00000132661	ENSDARG00000087633	si:dkey-11o18.5	ENSEEEP00000031679	ENSEEEG00000015137	
ENSDARP00000123606	ENSDARG00000008218	znf410	ENSEEEP00000025452	ENSEEEG00000012352	ZNF410
ENSDARP00000148726	ENSDARG00000096755	si:ch211-202p1.5	ENSEEEP00000052572	ENSEEEG00000024624	si:ch211-202p1.5
ENSDARP00000118967	ENSDARG00000019950	carf	ENSEEEP00000040236	ENSEEEG00000019076	CARF
ENSDARP00000124085	ENSDARG00000095897	atp5f1e	ENSEEEP00000039845	ENSEEEG00000018891	atp5f1e
ENSDARP00000002844	ENSDARG00000005191	ahcy	ENSEEEP00000040072	ENSEEEG00000018907	AHCY
ENSDARP00000017897	ENSDARG00000016255	chmp4ba	ENSEEEP00000039855	ENSEEEG00000018896	chmp4ba
ENSDARP00000033355	ENSDARG00000012222	nup35	ENSEEEP00000045540	ENSEEEG00000021491	NUP35
ENSDARP00000098491	ENSDARG00000076401	cacng3b	ENSEEEP00000038163	ENSEEEG00000018137	cacng3b
ENSDARP00000118006	ENSDARG00000021252	cct6a	ENSEEEP00000040645	ENSEEEG00000019256	cct6a
ENSDARP00000017582	ENSDARG00000015889	zc3h15	ENSEEEP00000023327	ENSEEEG00000011268	ZC3H15
ENSDARP00000114828	ENSDARG00000000369	prkag3b	ENSEEEP00000040109	ENSEEEG00000018996	prkag3b
ENSDARP00000093768	ENSDARG00000037919	rbbp6	ENSEEEP00000038174	ENSEEEG00000018142	RBBP6
ENSDARP00000107366	ENSDARG00000041904	ankzf1	ENSEEEP00000044976	ENSEEEG00000021231	ankzf1
ENSDARP00000070414	ENSDARG00000053831	vtnb	ENSEEEP00000040316	ENSEEEG00000019111	vtnb
ENSDARP00000113461	ENSDARG00000009839	fam117bb	ENSEEEP00000059330	ENSEEEG00000028767	fam117bb
ENSDARP00000104431	ENSDARG00000073935	wnt6b	ENSEEEP00000011991	ENSEEEG00000006046	wnt6b
ENSDARP00000135865	ENSDARG00000079688	tnrc6a	ENSEEEP00000055521	ENSEEEG00000006322	TNRC6A
ENSDARP00000100167	ENSDARG00000077858	asip1	ENSEEEP00000056387	ENSEEEG00000029128	asip1
ENSDARP00000069494	ENSDARG00000053047	eif2s2	ENSEEEP00000040115	ENSEEEG00000019016	EIF2S2
ENSDARP00000012558	ENSDARG00000014915	ndufab1b	ENSEEEP00000012603	ENSEEEG00000006323	ndufab1b
ENSDARP00000005740	ENSDARG00000020122	endou2	ENSEEEP00000062353	ENSEEEG00000009993	endou2
ENSDARP00000114964	ENSDARG00000070057	si:dkey-69o16.5	ENSEEEP00000061116	ENSEEEG00000026345	si:dkey-69o16.5
ENSDARP00000093072	ENSDARG00000095070	cd28	ENSEEEP00000058426	ENSEEEG00000024675	CD28
ENSDARP00000113540	ENSDARG00000060192	rpusd1	ENSEEEP00000012604	ENSEEEG00000006324	RPUSD1
ENSDARP00000058564	ENSDARG00000040039	pttg1ipb	ENSEEEP00000044640	ENSEEEG00000021079	PTTG1IP
ENSDARP00000127802	ENSDARG00000074362	zgc:165582	ENSEEEP00000028739	ENSEEEG00000013810	si:dkey-88e12.3
ENSDARP00000059326	ENSDARG00000040538	spsb4b	ENSEEEP00000037133	ENSEEEG00000017639	spsb4b
ENSDARP00000078434	ENSDARG00000059972	raly	ENSEEEP00000040130	ENSEEEG00000019028	RALY
ENSDARP00000121571	ENSDARG00000007171	aig1	ENSEEEP00000052570	ENSEEEG00000024622	AIG1
ENSDARP00000005680	ENSDARG00000017155	wnt10a	ENSEEEP00000011949	ENSEEEG00000005863	WNT10A
ENSDARP00000127393	ENSDARG00000041944	adat2	ENSEEEP00000052567	ENSEEEG00000024621	ADAT2
ENSDARP00000117870	ENSDARG00000002877	reps1	ENSEEEP00000036741	ENSEEEG00000017424	REPS1
ENSDARP00000102874	ENSDARG00000078602	ptger1c	ENSEEEP00000063044	ENSEEEG00000028032	ptger1c
ENSDARP00000111941	ENSDARG00000091650	igflr1	ENSEEEP00000058644	ENSEEEG00000026898	igflr1
ENSDARP00000002605	ENSDARG00000003573	dctn5	ENSEEEP00000012613	ENSEEEG00000006325	DCTN5
ENSDARP00000128606	ENSDARG00000003970	trim35-13	ENSEEEP00000042710	ENSEEEG00000020149	trim35-13
ENSDARP00000065142	ENSDARG00000044362	unc119a2	ENSEEEP00000040296	ENSEEEG00000019103	UNC119B
ENSDARP00000055268	ENSDARG00000037921	gng13b	ENSEEEP00000012617	ENSEEEG00000006329	GNG13
ENSDARP00000011791	ENSDARG00000015540	psen2	ENSEEEP00000036724	ENSEEEG00000017435	psen2
ENSDARP00000131373	ENSDARG00000077249	gmip	ENSEEEP00000043115	ENSEEEG00000020355	GMIP
ENSDARP00000070471	ENSDARG00000053875	cryba1b	ENSEEEP00000040290	ENSEEEG00000019102	cryba1b
ENSDARP00000099541	ENSDARG00000075121	hbegfa	ENSEEEP00000003987	ENSEEEG00000002132	hbegfa
ENSDARP00000131166	ENSDARG00000077915	lmx1al	ENSEEEP00000043128	ENSEEEG00000020363	lmx1al
ENSDARP00000154096	ENSDARG00000060207	traf7	ENSEEEP00000012711	ENSEEEG00000006339	TRAF7
ENSDARP00000098740	ENSDARG00000038429	csrnp1b	ENSEEEP00000059514	ENSEEEG00000026498	csrnp1b
ENSDARP00000058957	ENSDARG00000029931	atp13a1	ENSEEEP00000061516	ENSEEEG00000020422	ATP13A1
ENSDARP00000034658	ENSDARG00000022564	zgc:56106	ENSEEEP00000022675	ENSEEEG00000011011	C11orf58
ENSDARP00000137221	ENSDARG00000103251	sh3pxd2b	ENSEEEP00000014238	ENSEEEG00000007056	SH3PXD2B
ENSDARP00000062080	ENSDARG00000042338	lpar2a	ENSEEEP00000044098	ENSEEEG00000020789	lpar2a
ENSDARP00000055503	ENSDARG00000038075	cyc1	ENSEEEP00000040146	ENSEEEG00000019031	CYC1
ENSDARP00000129711	ENSDARG00000098017	pet100	ENSEEEP00000044126	ENSEEEG00000020854	PET100
ENSDARP00000110504	ENSDARG00000010434	clu	ENSEEEP00000036752	ENSEEEG00000017446	CLU
ENSDARP00000059507	ENSDARG00000040644	pxylp1	ENSEEEP00000037148	ENSEEEG00000017644	PXYLP1
ENSDARP00000010070	ENSDARG00000007092	xab2	ENSEEEP00000044740	ENSEEEG00000021116	XAB2
ENSDARP00000036831	ENSDARG00000022437	cd81b	ENSEEEP00000022674	ENSEEEG00000011007	cd81a
ENSDARP00000114587	ENSDARG00000079499	stk32a	ENSEEEP00000059743	ENSEEEG00000026269	stk32a
ENSDARP00000009277	ENSDARG00000032129	gtf2f1	ENSEEEP00000015715	ENSEEEG00000007782	GTF2F1
ENSDARP00000064006	ENSDARG00000043587	srd5a2a	ENSEEEP00000036726	ENSEEEG00000017437	srd5a2a
ENSDARP00000105488	ENSDARG00000039116	nr5a5	ENSEEEP00000045490	ENSEEEG00000021138	nr5a5
ENSDARP00000055247	ENSDARG00000037906	alkbh7	ENSEEEP00000015722	ENSEEEG00000007789	ALKBH7
ENSDARP00000023925	ENSDARG00000013973	pex3	ENSEEEP00000052564	ENSEEEG00000024620	PEX3
ENSDARP00000054802	ENSDARG00000037628	trpt1	ENSEEEP00000029502	ENSEEEG00000014131	TRPT1
ENSDARP00000070383	ENSDARG00000070261	crlf3	ENSEEEP00000061684	ENSEEEG00000006489	CRLF3
ENSDARP00000132041	ENSDARG00000063095	ctsf	ENSEEEP00000029515	ENSEEEG00000014133	CTSF
ENSDARP00000090230	ENSDARG00000068698	psenen	ENSEEEP00000041485	ENSEEEG00000019617	psenen
ENSDARP00000027281	ENSDARG00000008060	scara3	ENSEEEP00000036755	ENSEEEG00000017447	SCARA3
ENSDARP00000032715	ENSDARG00000028048	rdh8a	ENSEEEP00000045745	ENSEEEG00000021566	rdh8a
ENSDARP00000120873	ENSDARG00000094675	trarg1b	ENSEEEP00000040085	ENSEEEG00000019005	trarg1b
ENSDARP00000076638	ENSDARG00000059166	slc22a13b	ENSEEEP00000023375	ENSEEEG00000011325	slc22a13b
ENSDARP00000078145	ENSDARG00000059866	cactin	ENSEEEP00000006998	ENSEEEG00000003687	CACTIN
ENSDARP00000115103	ENSDARG00000017173	si:dkey-29p10.4	ENSEEEP00000022664	ENSEEEG00000011006	si:dkey-29p10.4
ENSDARP00000079957	ENSDARG00000077236	hspb6	ENSEEEP00000041479	ENSEEEG00000019615	HSPB6
ENSDARP00000055509	ENSDARG00000038076	romo1	ENSEEEP00000059208	ENSEEEG00000024989	ROMO1
ENSDARP00000070545	ENSDARG00000053950	lin37	ENSEEEP00000041478	ENSEEEG00000019612	LIN37
ENSDARP00000055510	ENSDARG00000038074	ergic3	ENSEEEP00000040172	ENSEEEG00000019046	ERGIC3
ENSDARP00000022066	ENSDARG00000020265	angptl6	ENSEEEP00000042327	ENSEEEG00000019992	ANGPTL6
ENSDARP00000129474	ENSDARG00000079808	si:ch73-208g10.1	ENSEEEP00000058324	ENSEEEG00000021612	icam5
ENSDARP00000101147	ENSDARG00000077309	si:ch211-209f23.6	ENSEEEP00000028059	ENSEEEG00000013503	
ENSDARP00000038241	ENSDARG00000022232	ppan	ENSEEEP00000042325	ENSEEEG00000019975	ppan
ENSDARP00000030117	ENSDARG00000021753	ccdc25	ENSEEEP00000036764	ENSEEEG00000017448	CCDC25
ENSDARP00000127948	ENSDARG00000014929	p2ry11	ENSEEEP00000059421	ENSEEEG00000019973	P2RY11
ENSDARP00000027672	ENSDARG00000016889	eif3g	ENSEEEP00000042282	ENSEEEG00000019968	EIF3G
ENSDARP00000122927	ENSDARG00000006025	tp53i11b	ENSEEEP00000022660	ENSEEEG00000011005	tp53i11b
ENSDARP00000013243	ENSDARG00000030756	dnmt1	ENSEEEP00000042018	ENSEEEG00000019242	DNMT1
ENSDARP00000129411	ENSDARG00000097725	si:dkey-96g2.1	ENSEEEP00000002164	ENSEEEG00000001323	prss1
ENSDARP00000027550	ENSDARG00000007823	atf3	ENSEEEP00000050052	ENSEEEG00000023538	ATF3
ENSDARP00000128719	ENSDARG00000077473	mych	ENSEEEP00000040175	ENSEEEG00000019057	mych
ENSDARP00000126142	ENSDARG00000096248	ighd	ENSEEEP00000015703	ENSEEEG00000007777	
ENSDARP00000116394	ENSDARG00000026070	cd82b	ENSEEEP00000022657	ENSEEEG00000011003	cd82b
ENSDARP00000121111	ENSDARG00000042577	batf3	ENSEEEP00000050050	ENSEEEG00000026566	BATF3
ENSDARP00000030404	ENSDARG00000024471	nsl1	ENSEEEP00000050047	ENSEEEG00000023536	NSL1
ENSDARP00000014980	ENSDARG00000014554	ppp1r3cb	ENSEEEP00000058798	ENSEEEG00000026179	ppp1r3cb
ENSDARP00000119099	ENSDARG00000069729	mpg	ENSEEEP00000002311	ENSEEEG00000001385	MPG
ENSDARP00000002535	ENSDARG00000014685	esco2	ENSEEEP00000036767	ENSEEEG00000017450	ESCO2
ENSDARP00000039240	ENSDARG00000010918	nprl3	ENSEEEP00000002717	ENSEEEG00000001387	NPRL3
ENSDARP00000007817	ENSDARG00000016864	farsb	ENSEEEP00000000785	ENSEEEG00000000468	FARSB
ENSDARP00000109892	ENSDARG00000040070	coil	ENSEEEP00000010326	ENSEEEG00000005233	COIL
ENSDARP00000100779	ENSDARG00000079078	si:ch211-5k11.8	ENSEEEP00000002750	ENSEEEG00000001580	
ENSDARP00000153516	ENSDARG00000010035	engase	ENSEEEP00000060814	ENSEEEG00000016212	ENGASE
ENSDARP00000145784	ENSDARG00000040072	scpep1	ENSEEEP00000010460	ENSEEEG00000005238	SCPEP1
ENSDARP00000128469	ENSDARG00000018393	kank2	ENSEEEP00000062009	ENSEEEG00000027033	KANK2
ENSDARP00000126003	ENSDARG00000096342	ighv5-5	ENSEEEP00000056067	ENSEEEG00000027950	
ENSDARP00000013651	ENSDARG00000007221	pbk	ENSEEEP00000036770	ENSEEEG00000017454	PBK
ENSDARP00000068589	ENSDARG00000052279	osgn1	ENSEEEP00000058875	ENSEEEG00000024757	osgn1
ENSDARP00000125817	ENSDARG00000096241	ighv7-1	ENSEEEP00000054566	ENSEEEG00000025349	
ENSDARP00000126319	ENSDARG00000113309	ighv9-2	ENSEEEP00000052793	ENSEEEG00000027172	ighv6-1
ENSDARP00000126004	ENSDARG00000096424	ighv2-2	ENSEEEP00000015121	ENSEEEG00000007534	
ENSDARP00000126008	ENSDARG00000096280	ight	ENSEEEP00000062644	ENSEEEG00000025455	si:ch211-132g1.3
ENSDARP00000126270	ENSDARG00000096395	ighv11-1	ENSEEEP00000016884	ENSEEEG00000008365	ighv6-1
ENSDARP00000108008	ENSDARG00000091092	zcchc10	ENSEEEP00000059414	ENSEEEG00000028788	ZCCHC10
ENSDARP00000126267	ENSDARG00000096350	ighv1-2	ENSEEEP00000015159	ENSEEEG00000007557	ighv6-1
ENSDARP00000125854	ENSDARG00000096316	ighv10-1	ENSEEEP00000015140	ENSEEEG00000007546	ighv6-1
ENSDARP00000100232	ENSDARG00000075530	pigu	ENSEEEP00000057498	ENSEEEG00000000208	pigu
ENSDARP00000140922	ENSDARG00000096355	ighm	ENSEEEP00000015700	ENSEEEG00000007774	SYT10
ENSDARP00000125884	ENSDARG00000001857	aff4	ENSEEEP00000044192	ENSEEEG00000020881	AFF4
ENSDARP00000114452	ENSDARG00000094181	shroom1	ENSEEEP00000044185	ENSEEEG00000020879	shroom1
ENSDARP00000109832	ENSDARG00000073988	mntb	ENSEEEP00000040063	ENSEEEG00000018993	mntb
ENSDARP00000157644	ENSDARG00000001804	zgc:112148	ENSEEEP00000048519	ENSEEEG00000022831	zgc:112148
ENSDARP00000127484	ENSDARG00000062947	amn	ENSEEEP00000048515	ENSEEEG00000022830	AMN
ENSDARP00000128638	ENSDARG00000006522	otop2	ENSEEEP00000048507	ENSEEEG00000022827	otop2
ENSDARP00000038723	ENSDARG00000025428	socs3a	ENSEEEP00000048433	ENSEEEG00000022793	socs3a
ENSDARP00000111119	ENSDARG00000032327	usp36	ENSEEEP00000047330	ENSEEEG00000022281	USP36
ENSDARP00000116173	ENSDARG00000086490	sun2	ENSEEEP00000021776	ENSEEEG00000010591	
ENSDARP00000109030	ENSDARG00000089291	cenpx	ENSEEEP00000037528	ENSEEEG00000017844	cenpx
ENSDARP00000100228	ENSDARG00000089260	dus1l	ENSEEEP00000034061	ENSEEEG00000016224	DUS1L
ENSDARP00000050532	ENSDARG00000033046	ccni2	ENSEEEP00000043783	ENSEEEG00000020694	ccni2
ENSDARP00000128119	ENSDARG00000052426	si:ch211-256e16.3	ENSEEEP00000007707	ENSEEEG00000004039	si:ch211-256e16.3
ENSDARP00000127404	ENSDARG00000007774	vash2	ENSEEEP00000050017	ENSEEEG00000023514	VASH2
ENSDARP00000062413	ENSDARG00000042553	pex7	ENSEEEP00000036864	ENSEEEG00000017466	PEX7
ENSDARP00000129329	ENSDARG00000011083	si:dkey-42l23.2	ENSEEEP00000061907	ENSEEEG00000026964	si:dkey-42l23.2
ENSDARP00000127835	ENSDARG00000100690	si:ch211-256e16.11	ENSEEEP00000053243	ENSEEEG00000027265	
ENSDARP00000002357	ENSDARG00000013441	hey2	ENSEEEP00000036903	ENSEEEG00000017526	HEY2
ENSDARP00000128404	ENSDARG00000059914	sdr42e2	ENSEEEP00000036597	ENSEEEG00000017378	sdr42e2
ENSDARP00000090198	ENSDARG00000068680	ctrl	ENSEEEP00000007683	ENSEEEG00000004024	CTRL
ENSDARP00000143126	ENSDARG00000100752	rab21	ENSEEEP00000043344	ENSEEEG00000020472	RAB21
ENSDARP00000052178	ENSDARG00000035952	cdr2a	ENSEEEP00000036600	ENSEEEG00000017380	cdr2a
ENSDARP00000068618	ENSDARG00000052300	mfsd13al	ENSEEEP00000036612	ENSEEEG00000017383	zgc:171489
ENSDARP00000129154	ENSDARG00000086459	si:ch211-165g14.1	ENSEEEP00000036617	ENSEEEG00000017387	si:ch211-165g14.1
ENSDARP00000050728	ENSDARG00000034957	hddc2	ENSEEEP00000036905	ENSEEEG00000017527	HDDC2
ENSDARP00000057639	ENSDARG00000039453	dhrs7ca	ENSEEEP00000047250	ENSEEEG00000022238	dhrs7ca
ENSDARP00000033311	ENSDARG00000016743	angel2	ENSEEEP00000053936	ENSEEEG00000023512	angel2
ENSDARP00000126122	ENSDARG00000096276	ighv6-1	ENSEEEP00000008187	ENSEEEG00000004269	
ENSDARP00000143232	ENSDARG00000105744	ptprr	ENSEEEP00000043665	ENSEEEG00000020462	PTPRR
ENSDARP00000125929	ENSDARG00000096394	ighv4-3	ENSEEEP00000059244	ENSEEEG00000028820	
ENSDARP00000092027	ENSDARG00000014366	luc7l3	ENSEEEP00000016332	ENSEEEG00000008078	LUC7L3
ENSDARP00000110256	ENSDARG00000088972	si:dkey-238d18.4	ENSEEEP00000008398	ENSEEEG00000004384	si:dkey-238d18.4
ENSDARP00000125704	ENSDARG00000044328	ankrd46a	ENSEEEP00000043654	ENSEEEG00000020635	ankrd46a
ENSDARP00000140027	ENSDARG00000014531	atg4a	ENSEEEP00000055276	ENSEEEG00000020632	ATG4A
ENSDARP00000127973	ENSDARG00000059556	recql5	ENSEEEP00000037591	ENSEEEG00000017881	RECQL5
ENSDARP00000134397	ENSDARG00000040650	gps1	ENSEEEP00000034214	ENSEEEG00000016227	GPS1
ENSDARP00000062401	ENSDARG00000042548	tpd52l1	ENSEEEP00000036909	ENSEEEG00000017530	TPD52L1
ENSDARP00000044095	ENSDARG00000030560	helz	ENSEEEP00000008888	ENSEEEG00000004054	HELZ
ENSDARP00000068688	ENSDARG00000052360	cacng1b	ENSEEEP00000008893	ENSEEEG00000004590	cacng1b
ENSDARP00000017103	ENSDARG00000017454	nup50	ENSEEEP00000060608	ENSEEEG00000028902	NUP50
ENSDARP00000099217	ENSDARG00000074669	cacng4b	ENSEEEP00000008895	ENSEEEG00000004591	cacng4b
ENSDARP00000133662	ENSDARG00000068830	kiaa0930	ENSEEEP00000044224	ENSEEEG00000020890	zgc:172139
ENSDARP00000008898	ENSDARG00000018903	aimp2	ENSEEEP00000008896	ENSEEEG00000004592	AIMP2
ENSDARP00000118487	ENSDARG00000068257	kcne4	ENSEEEP00000033985	ENSEEEG00000016192	KCNE4
ENSDARP00000002746	ENSDARG00000013839	aldh3b1	ENSEEEP00000008435	ENSEEEG00000004287	aldh3b1
ENSDARP00000126088	ENSDARG00000060400	gpr185a	ENSEEEP00000043631	ENSEEEG00000020623	gpr185a
ENSDARP00000129615	ENSDARG00000091712	si:dkey-238d18.5	ENSEEEP00000053504	ENSEEEG00000027994	
ENSDARP00000080840	ENSDARG00000060944	rnf217	ENSEEEP00000036918	ENSEEEG00000017532	RNF217
ENSDARP00000098121	ENSDARG00000076324	lmtk2	ENSEEEP00000008916	ENSEEEG00000004602	LMTK2
ENSDARP00000129141	ENSDARG00000074086	tecpr1b	ENSEEEP00000008923	ENSEEEG00000004604	tecpr1b
ENSDARP00000046972	ENSDARG00000034240	capza1a	ENSEEEP00000052223	ENSEEEG00000024482	capza1a
ENSDARP00000126299	ENSDARG00000023940	si:ch73-362m14.4	ENSEEEP00000043625	ENSEEEG00000020622	si:ch73-362m14.4
ENSDARP00000108026	ENSDARG00000086332	bri3	ENSEEEP00000008925	ENSEEEG00000004608	BRI3
ENSDARP00000153223	ENSDARG00000069427	nkain2	ENSEEEP00000036922	ENSEEEG00000017534	NKAIN2
ENSDARP00000034738	ENSDARG00000013210	htr2cl2	ENSEEEP00000043623	ENSEEEG00000020620	htr2cl2
ENSDARP00000116965	ENSDARG00000020679	clpp	ENSEEEP00000008439	ENSEEEG00000004404	CLPP
ENSDARP00000041676	ENSDARG00000029353	serpine2	ENSEEEP00000034169	ENSEEEG00000016271	SERPINE2
ENSDARP00000128663	ENSDARG00000077080	gprc5ba	ENSEEEP00000037566	ENSEEEG00000017865	gprc5ba
ENSDARP00000115343	ENSDARG00000037783	proza	ENSEEEP00000037561	ENSEEEG00000017861	proza
ENSDARP00000104686	ENSDARG00000008020	med31	ENSEEEP00000040860	ENSEEEG00000019355	MED31
ENSDARP00000091815	ENSDARG00000041779	trdn	ENSEEEP00000036924	ENSEEEG00000017535	
ENSDARP00000071853	ENSDARG00000076602	prss59	ENSEEEP00000034177	ENSEEEG00000016273	PRSS16
ENSDARP00000113994	ENSDARG00000094392	si:dkey-229d11.5	ENSEEEP00000055203	ENSEEEG00000028045	
ENSDARP00000016784	ENSDARG00000021383	naalad2	ENSEEEP00000002848	ENSEEEG00000001437	naalad2
ENSDARP00000119471	ENSDARG00000020979	ripor3	ENSEEEP00000004824	ENSEEEG00000002518	RIPOR3
ENSDARP00000119657	ENSDARG00000077547	tmlhe	ENSEEEP00000040596	ENSEEEG00000019227	TMLHE
ENSDARP00000069597	ENSDARG00000053122	clvs2	ENSEEEP00000036926	ENSEEEG00000017537	CLVS2
ENSDARP00000069581	ENSDARG00000053119	smpdl3a	ENSEEEP00000036932	ENSEEEG00000017538	SMPDL3A
ENSDARP00000059532	ENSDARG00000040657	wipi1	ENSEEEP00000034571	ENSEEEG00000016442	WIPI1
ENSDARP00000007628	ENSDARG00000016484	dkc1	ENSEEEP00000043322	ENSEEEG00000020192	DKC1
ENSDARP00000068337	ENSDARG00000052073	blcap	ENSEEEP00000004818	ENSEEEG00000002514	BLCAP
ENSDARP00000129061	ENSDARG00000078868	tmem74b	ENSEEEP00000004815	ENSEEEG00000002512	TMEM74B
ENSDARP00000069577	ENSDARG00000053110	pkib	ENSEEEP00000036935	ENSEEEG00000017540	pkib
ENSDARP00000133267	ENSDARG00000022652	psmf1	ENSEEEP00000004812	ENSEEEG00000002511	PSMF1
ENSDARP00000090750	ENSDARG00000068973	pdlim4	ENSEEEP00000049980	ENSEEEG00000023496	PDLIM4
ENSDARP00000140535	ENSDARG00000099936	nlrc3l	ENSEEEP00000002966	ENSEEEG00000001689	nlrc3l
ENSDARP00000054604	ENSDARG00000037501	aasdhppt	ENSEEEP00000003011	ENSEEEG00000001711	AASDHPPT
ENSDARP00000123862	ENSDARG00000038593	rspo4	ENSEEEP00000004808	ENSEEEG00000002507	RSPO4
ENSDARP00000127826	ENSDARG00000018040	msantd4	ENSEEEP00000003035	ENSEEEG00000001713	MSANTD4
ENSDARP00000069555	ENSDARG00000053097	hsf2	ENSEEEP00000061450	ENSEEEG00000017747	HSF2
ENSDARP00000129512	ENSDARG00000038583	abraa	ENSEEEP00000004792	ENSEEEG00000002502	abraa
ENSDARP00000070154	ENSDARG00000053619	sra1	ENSEEEP00000049630	ENSEEEG00000023338	SRA1
ENSDARP00000077256	ENSDARG00000059523	rims4	ENSEEEP00000004790	ENSEEEG00000002501	RIMS4
ENSDARP00000130065	ENSDARG00000099430	atg16l1	ENSEEEP00000046797	ENSEEEG00000021915	ATG16L1
ENSDARP00000027118	ENSDARG00000013078	ywhaba	ENSEEEP00000004786	ENSEEEG00000002495	ywhaba
ENSDARP00000131265	ENSDARG00000102241	zgc:136410	ENSEEEP00000059297	ENSEEEG00000027075	
ENSDARP00000061260	ENSDARG00000041799	gja1b	ENSEEEP00000014881	ENSEEEG00000007407	cx43
ENSDARP00000139736	ENSDARG00000105131	cog1	ENSEEEP00000034597	ENSEEEG00000016455	COG1
ENSDARP00000137788	ENSDARG00000103740	fundc2	ENSEEEP00000043575	ENSEEEG00000020589	FUNDC2
ENSDARP00000133727	ENSDARG00000098242	brcc3	ENSEEEP00000043547	ENSEEEG00000020583	BRCC3
ENSDARP00000141763	ENSDARG00000100774	cmc4	ENSEEEP00000043561	ENSEEEG00000020587	CMC4
ENSDARP00000091787	ENSDARG00000076789	gja13.2	ENSEEEP00000014886	ENSEEEG00000007408	cx32.2
ENSDARP00000001240	ENSDARG00000001557	tomm34	ENSEEEP00000004764	ENSEEEG00000002493	TOMM34
ENSDARP00000091780	ENSDARG00000069411	gja11	ENSEEEP00000014893	ENSEEEG00000007418	cx34.5
ENSDARP00000122813	ENSDARG00000041734	tbc1d32	ENSEEEP00000014897	ENSEEEG00000007421	TBC1D32
ENSDARP00000061246	ENSDARG00000041787	gja13.1	ENSEEEP00000063729	ENSEEEG00000007415	cx32.3
ENSDARP00000061250	ENSDARG00000041792	gja12.2	ENSEEEP00000014890	ENSEEEG00000007413	cx28.1
ENSDARP00000061255	ENSDARG00000041797	gja12.1	ENSEEEP00000059144	ENSEEEG00000026049	cx28.9
ENSDARP00000061172	ENSDARG00000041736	hsdl1	ENSEEEP00000014895	ENSEEEG00000007419	HSDL1
ENSDARP00000139166	ENSDARG00000038378	sagb	ENSEEEP00000058047	ENSEEEG00000022040	sagb
ENSDARP00000056318	ENSDARG00000038577	cox6c	ENSEEEP00000004761	ENSEEEG00000002492	cox6c
ENSDARP00000145842	ENSDARG00000114141		ENSEEEP00000025149	ENSEEEG00000012191	
ENSDARP00000132772	ENSDARG00000099541		ENSEEEP00000046723	ENSEEEG00000022003	DEPDC1B
ENSDARP00000144783	ENSDARG00000112053		ENSEEEP00000055309	ENSEEEG00000024818	fto
ENSDARP00000131887	ENSDARG00000110705		ENSEEEP00000043272	ENSEEEG00000020439	srsf7a
ENSDARP00000103823	ENSDARG00000074264		ENSEEEP00000019328	ENSEEEG00000009467	TMEM186
ENSDARP00000134070	ENSDARG00000099719		ENSEEEP00000044111	ENSEEEG00000020845	cdkn1d
ENSDARP00000154513	ENSDARG00000110475		ENSEEEP00000022832	ENSEEEG00000011078	C4orf47
ENSDARP00000155223	ENSDARG00000114595		ENSEEEP00000011809	ENSEEEG00000005948	cep170ab
ENSDARP00000146749	ENSDARG00000110887		ENSEEEP00000008147	ENSEEEG00000004246	CCDC90B
ENSDARP00000146115	ENSDARG00000114480		ENSEEEP00000059812	ENSEEEG00000027339	cdc42ep4a
ENSDARP00000149966	ENSDARG00000115363		ENSEEEP00000042587	ENSEEEG00000020109	mtus1a
ENSDARP00000147142	ENSDARG00000110721	etfbkmt	ENSEEEP00000053889	ENSEEEG00000025745	etfbkmt
ENSDARP00000129972	ENSDARG00000101462		ENSEEEP00000024637	ENSEEEG00000011944	SETDB2
ENSDARP00000132891	ENSDARG00000100290	sphk1	ENSEEEP00000022534	ENSEEEG00000010939	SPHK1
ENSDARP00000154626	ENSDARG00000114397		ENSEEEP00000014341	ENSEEEG00000007128	ODF3B
ENSDARP00000081313	ENSDARG00000061147	zfp64	ENSEEEP00000050516	ENSEEEG00000023755	ZFP64
ENSDARP00000138344	ENSDARG00000097691	pclaf	ENSEEEP00000041804	ENSEEEG00000019772	pclaf
ENSDARP00000147433	ENSDARG00000115216		ENSEEEP00000021508	ENSEEEG00000010483	snap91b
ENSDARP00000151932	ENSDARG00000110843		ENSEEEP00000029689	ENSEEEG00000014223	MORN3
ENSDARP00000135403	ENSDARG00000100651		ENSEEEP00000005385	ENSEEEG00000002819	PDCL3
ENSDARP00000086527	ENSDARG00000110182		ENSEEEP00000014815	ENSEEEG00000007372	BEND7
ENSDARP00000078120	ENSDARG00000115064	alkbh2	ENSEEEP00000049614	ENSEEEG00000023328	ALKBH2
ENSDARP00000150597	ENSDARG00000114340		ENSEEEP00000060673	ENSEEEG00000027718	RABIF
ENSDARP00000139558	ENSDARG00000102733		ENSEEEP00000011935	ENSEEEG00000006015	EMC4
ENSDARP00000145735	ENSDARG00000111414		ENSEEEP00000054950	ENSEEEG00000027007	zgc:172270
ENSDARP00000145126	ENSDARG00000109650		ENSEEEP00000061016	ENSEEEG00000023796	asb13a.1
ENSDARP00000107779	ENSDARG00000089331	urahb	ENSEEEP00000039582	ENSEEEG00000018790	urahb
ENSDARP00000152000	ENSDARG00000115604		ENSEEEP00000036371	ENSEEEG00000017296	XKR9
ENSDARP00000155448	ENSDARG00000110613		ENSEEEP00000027241	ENSEEEG00000013148	PNPLA4
ENSDARP00000059306	ENSDARG00000040523	smpd2a	ENSEEEP00000018130	ENSEEEG00000008916	smpd2a
ENSDARP00000132527	ENSDARG00000105053	dbx2	ENSEEEP00000041810	ENSEEEG00000019775	pnx
ENSDARP00000140126	ENSDARG00000098859	nop14	ENSEEEP00000000583	ENSEEEG00000000391	NOP14
ENSDARP00000147339	ENSDARG00000111361		ENSEEEP00000027352	ENSEEEG00000013200	
ENSDARP00000145283	ENSDARG00000112872		ENSEEEP00000020671	ENSEEEG00000010083	RILPL2
ENSDARP00000149993	ENSDARG00000101908	rab3ip	ENSEEEP00000057575	ENSEEEG00000020398	rab3ip
ENSDARP00000149850	ENSDARG00000115842	metrn	ENSEEEP00000051036	ENSEEEG00000023962	metrn
ENSDARP00000105155	ENSDARG00000088356	tmem117	ENSEEEP00000041854	ENSEEEG00000019786	TMEM117
ENSDARP00000149427	ENSDARG00000109337	nanos1	ENSEEEP00000033687	ENSEEEG00000016035	NANOS1
ENSDARP00000112432	ENSDARG00000087303	cebpd	ENSEEEP00000022270	ENSEEEG00000010813	cebpd
ENSDARP00000148293	ENSDARG00000110318	mbd1b	ENSEEEP00000055280	ENSEEEG00000025519	mbd1b
ENSDARP00000133721	ENSDARG00000103603		ENSEEEP00000046433	ENSEEEG00000021863	
ENSDARP00000149172	ENSDARG00000114736	gpx1a	ENSEEEP00000020198	ENSEEEG00000009861	gpx1a
ENSDARP00000044424	ENSDARG00000010940		ENSEEEP00000042542	ENSEEEG00000020089	
ENSDARP00000132803	ENSDARG00000104348	fgf2	ENSEEEP00000053466	ENSEEEG00000028387	FGF2
ENSDARP00000155959	ENSDARG00000088123	znf217	ENSEEEP00000050525	ENSEEEG00000023759	ZNF217
ENSDARP00000145912	ENSDARG00000110756		ENSEEEP00000035094	ENSEEEG00000016692	CLEC3A
ENSDARP00000126254	ENSDARG00000086169	rskrb	ENSEEEP00000040835	ENSEEEG00000019344	rskrb
ENSDARP00000131814	ENSDARG00000098733	pxdn	ENSEEEP00000017767	ENSEEEG00000008770	EPX
ENSDARP00000067557	ENSDARG00000045968	spg11	ENSEEEP00000041026	ENSEEEG00000019427	SPG11
ENSDARP00000132205	ENSDARG00000015835	eif4e2rs1	ENSEEEP00000013292	ENSEEEG00000006659	eif4e2rs1
ENSDARP00000009683	ENSDARG00000019265	zbtb39	ENSEEEP00000001562	ENSEEEG00000001004	ZBTB39
ENSDARP00000140482	ENSDARG00000101631	etfa	ENSEEEP00000033339	ENSEEEG00000015150	ETFA
ENSDARP00000135205	ENSDARG00000101618	ube2c	ENSEEEP00000015022	ENSEEEG00000007359	ube2c
ENSDARP00000127581	ENSDARG00000077098	trim65	ENSEEEP00000048502	ENSEEEG00000022823	TRIM65
ENSDARP00000132405	ENSDARG00000101967	sult4a1	ENSEEEP00000010267	ENSEEEG00000005197	SULT4A1
ENSDARP00000140152	ENSDARG00000099961	bnip3	ENSEEEP00000010020	ENSEEEG00000005089	BNIP3
ENSDARP00000155976	ENSDARG00000109783	igsf11	ENSEEEP00000018849	ENSEEEG00000009257	IGSF11
ENSDARP00000108647	ENSDARG00000088999	mettl4	ENSEEEP00000002268	ENSEEEG00000001367	METTL4
ENSDARP00000143798	ENSDARG00000052368	cltb	ENSEEEP00000058115	ENSEEEG00000026208	CLTB
ENSDARP00000136802	ENSDARG00000102305	svbp	ENSEEEP00000054500	ENSEEEG00000026068	SVBP
ENSDARP00000136241	ENSDARG00000099997	cox20	ENSEEEP00000052788	ENSEEEG00000026048	COX20
ENSDARP00000156332	ENSDARG00000110178	lyl1	ENSEEEP00000009524	ENSEEEG00000004871	lyl1
ENSDARP00000105159	ENSDARG00000086616	ccr8.2	ENSEEEP00000005912	ENSEEEG00000003140	CCR8
ENSDARP00000131109	ENSDARG00000101150		ENSEEEP00000064118	ENSEEEG00000028964	RAB19
ENSDARP00000034453	ENSDARG00000021566		ENSEEEP00000045865	ENSEEEG00000021620	OTOP1
ENSDARP00000157398	ENSDARG00000111631		ENSEEEP00000046664	ENSEEEG00000021977	
ENSDARP00000153860	ENSDARG00000116863		ENSEEEP00000059625	ENSEEEG00000027513	si:ch1073-303k11.2
ENSDARP00000145932	ENSDARG00000110500		ENSEEEP00000031803	ENSEEEG00000015188	
ENSDARP00000101125	ENSDARG00000079000	tp53bp1	ENSEEEP00000060910	ENSEEEG00000029054	TP53BP1
ENSDARP00000155189	ENSDARG00000075709	ndufb3	ENSEEEP00000015092	ENSEEEG00000007518	NDUFB3
ENSDARP00000133390	ENSDARG00000104765	chek1	ENSEEEP00000008052	ENSEEEG00000004126	CHEK1
ENSDARP00000102288	ENSDARG00000076111		ENSEEEP00000041935	ENSEEEG00000019820	GXYLT1
ENSDARP00000099037	ENSDARG00000075616	polr2k	ENSEEEP00000058801	ENSEEEG00000025593	POLR2K
ENSDARP00000142403	ENSDARG00000032601	macrod2	ENSEEEP00000023762	ENSEEEG00000011511	macrod2
ENSDARP00000141625	ENSDARG00000103453	zfpl1	ENSEEEP00000006279	ENSEEEG00000003345	ZFPL1
ENSDARP00000131925	ENSDARG00000110838		ENSEEEP00000003064	ENSEEEG00000026461	AGBL4
ENSDARP00000100420	ENSDARG00000077559	ncoa7a	ENSEEEP00000029580	ENSEEEG00000014172	ncoa7a
ENSDARP00000106703	ENSDARG00000074752	hlfa	ENSEEEP00000061002	ENSEEEG00000029017	hlfa
ENSDARP00000103646	ENSDARG00000079957	eloal	ENSEEEP00000059391	ENSEEEG00000021330	eloal
ENSDARP00000155281	ENSDARG00000111759	ccdc62	ENSEEEP00000045902	ENSEEEG00000021637	BICDL1
ENSDARP00000131830	ENSDARG00000098561	zgc:194202	ENSEEEP00000019026	ENSEEEG00000009340	zgc:194202
ENSDARP00000140196	ENSDARG00000101952	pigv	ENSEEEP00000013758	ENSEEEG00000006850	PIGV
ENSDARP00000075790	ENSDARG00000058476	stc1l	ENSEEEP00000006804	ENSEEEG00000003578	stc1l
ENSDARP00000139602	ENSDARG00000099722	zgc:153993	ENSEEEP00000038538	ENSEEEG00000018296	zgc:153993
ENSDARP00000062940	ENSDARG00000042881	nthl1	ENSEEEP00000038588	ENSEEEG00000018316	NTHL1
ENSDARP00000138092	ENSDARG00000102021		ENSEEEP00000029487	ENSEEEG00000014123	C14orf28
ENSDARP00000143388	ENSDARG00000090421		ENSEEEP00000051930	ENSEEEG00000024365	SH2B2
ENSDARP00000091573	ENSDARG00000074314	skic3	ENSEEEP00000030031	ENSEEEG00000014395	TTC37
ENSDARP00000157373	ENSDARG00000112256	rpp25b	ENSEEEP00000033445	ENSEEEG00000015897	rpp25b
ENSDARP00000098809	ENSDARG00000077440		ENSEEEP00000033821	ENSEEEG00000016099	SYDE1
ENSDARP00000144982	ENSDARG00000115946		ENSEEEP00000023761	ENSEEEG00000011509	SRRM4
ENSDARP00000056120	ENSDARG00000038456	mrps35	ENSEEEP00000056628	ENSEEEG00000026061	MRPS35
ENSDARP00000104299	ENSDARG00000078447	tctn1	ENSEEEP00000051640	ENSEEEG00000024248	TCTN1
ENSDARP00000149387	ENSDARG00000114203	timm8a	ENSEEEP00000031159	ENSEEEG00000014920	TIMM8A
ENSDARP00000137671	ENSDARG00000101602	preb	ENSEEEP00000014875	ENSEEEG00000007405	PREB
ENSDARP00000133283	ENSDARG00000104566	foxi1	ENSEEEP00000055028	ENSEEEG00000026589	FOXI1
ENSDARP00000149999	ENSDARG00000115863		ENSEEEP00000062733	ENSEEEG00000009081	CASP6
ENSDARP00000097662	ENSDARG00000079922	klf4	ENSEEEP00000062722	ENSEEEG00000025289	KLF4
ENSDARP00000146605	ENSDARG00000113716		ENSEEEP00000025475	ENSEEEG00000012363	TIMD4
ENSDARP00000067651	ENSDARG00000046019	snai1b	ENSEEEP00000027920	ENSEEEG00000013443	snai1b
ENSDARP00000134033	ENSDARG00000101848	dydc2	ENSEEEP00000055717	ENSEEEG00000016102	AKT1S1
ENSDARP00000048497	ENSDARG00000079790	plpp1l	ENSEEEP00000019212	ENSEEEG00000009418	plpp1l
ENSDARP00000063641	ENSDARG00000043357	tbl2	ENSEEEP00000013307	ENSEEEG00000006667	TBL2
ENSDARP00000137441	ENSDARG00000102680		ENSEEEP00000031526	ENSEEEG00000015081	
ENSDARP00000103159	ENSDARG00000078761	rmdn2	ENSEEEP00000009034	ENSEEEG00000004655	RMDN2
ENSDARP00000076250	ENSDARG00000058857	zgc:112052	ENSEEEP00000022522	ENSEEEG00000010933	C19orf12
ENSDARP00000122453	ENSDARG00000059387	fgf7	ENSEEEP00000049261	ENSEEEG00000023150	FGF7
ENSDARP00000085529	ENSDARG00000062758		ENSEEEP00000028811	ENSEEEG00000013836	
ENSDARP00000146732	ENSDARG00000114670		ENSEEEP00000014755	ENSEEEG00000007338	ube2c
ENSDARP00000118619	ENSDARG00000069726	glis3	ENSEEEP00000060739	ENSEEEG00000024695	GLIS3
ENSDARP00000069325	ENSDARG00000052899		ENSEEEP00000029108	ENSEEEG00000013966	
ENSDARP00000135674	ENSDARG00000103102		ENSEEEP00000003415	ENSEEEG00000001905	FAM180A
ENSDARP00000105440	ENSDARG00000088672	zmp:0000000936	ENSEEEP00000003061	ENSEEEG00000001737	zmp:0000000936
ENSDARP00000108315	ENSDARG00000088222	fam78ab	ENSEEEP00000032765	ENSEEEG00000015612	fam78ab
ENSDARP00000138895	ENSDARG00000099116	nagk	ENSEEEP00000018214	ENSEEEG00000008950	NAGK
ENSDARP00000054822	ENSDARG00000037640	aurkb	ENSEEEP00000017479	ENSEEEG00000008649	AURKB
ENSDARP00000149044	ENSDARG00000116680	zgc:56235	ENSEEEP00000022539	ENSEEEG00000010823	VDAC3
ENSDARP00000042491	ENSDARG00000033861	sepsecs	ENSEEEP00000038701	ENSEEEG00000018368	SEPSECS
ENSDARP00000108179	ENSDARG00000091321		ENSEEEP00000061699	ENSEEEG00000025771	
ENSDARP00000140543	ENSDARG00000105231	kmt5aa	ENSEEEP00000045941	ENSEEEG00000021649	kmt5aa
ENSDARP00000051775	ENSDARG00000035699	srp19	ENSEEEP00000018712	ENSEEEG00000009204	SRP19
ENSDARP00000156965	ENSDARG00000115520	eif4ea	ENSEEEP00000014566	ENSEEEG00000007244	eif4ea
ENSDARP00000076241	ENSDARG00000058869		ENSEEEP00000041558	ENSEEEG00000019656	NEK3
ENSDARP00000149145	ENSDARG00000101762	fah	ENSEEEP00000029781	ENSEEEG00000014251	FAH
ENSDARP00000102467	ENSDARG00000076373	vopp1b	ENSEEEP00000015384	ENSEEEG00000007639	VOPP1
ENSDARP00000151871	ENSDARG00000114419	dap	ENSEEEP00000018426	ENSEEEG00000009054	DAP
ENSDARP00000132214	ENSDARG00000061031	dner	ENSEEEP00000026400	ENSEEEG00000012780	DNER
ENSDARP00000140413	ENSDARG00000105008	gpr171	ENSEEEP00000000135	ENSEEEG00000000097	GPR171
ENSDARP00000133230	ENSDARG00000045888	acat1	ENSEEEP00000022497	ENSEEEG00000010918	ACAT1
ENSDARP00000150812	ENSDARG00000112049	cldn15a	ENSEEEP00000005773	ENSEEEG00000003038	cldn15a
ENSDARP00000141630	ENSDARG00000099645	zgc:153184	ENSEEEP00000041474	ENSEEEG00000019613	zgc:153184
ENSDARP00000141169	ENSDARG00000101776	syt12	ENSEEEP00000000260	ENSEEEG00000000194	SYT12
ENSDARP00000157676	ENSDARG00000108298		ENSEEEP00000020633	ENSEEEG00000009765	RIC1
ENSDARP00000134007	ENSDARG00000098583	wbp1	ENSEEEP00000057900	ENSEEEG00000027508	WBP1
ENSDARP00000129087	ENSDARG00000028306	prph	ENSEEEP00000049897	ENSEEEG00000023454	PRPH
ENSDARP00000120692	ENSDARG00000079508	fam114a2	ENSEEEP00000038278	ENSEEEG00000018195	FAM114A2
ENSDARP00000138083	ENSDARG00000101888		ENSEEEP00000050956	ENSEEEG00000023929	OSCP1
ENSDARP00000138978	ENSDARG00000099362	ano1b	ENSEEEP00000057004	ENSEEEG00000026810	ANO1
ENSDARP00000116886	ENSDARG00000017843	srsf1b	ENSEEEP00000040707	ENSEEEG00000019292	srsf1b
ENSDARP00000067763	ENSDARG00000074715	stk17a	ENSEEEP00000015412	ENSEEEG00000007648	STK17A
ENSDARP00000134233	ENSDARG00000104841		ENSEEEP00000040438	ENSEEEG00000019155	JMJD8
ENSDARP00000141181	ENSDARG00000036282	rnaset2	ENSEEEP00000018745	ENSEEEG00000009213	rnaset2
ENSDARP00000143282	ENSDARG00000105863		ENSEEEP00000053884	ENSEEEG00000025825	
ENSDARP00000148464	ENSDARG00000100635	chia.1	ENSEEEP00000032170	ENSEEEG00000015220	chia.1
ENSDARP00000146585	ENSDARG00000116249		ENSEEEP00000020104	ENSEEEG00000009801	MOB1A
ENSDARP00000145766	ENSDARG00000111939	atf4a	ENSEEEP00000009509	ENSEEEG00000004858	atf4a
ENSDARP00000132623	ENSDARG00000102758		ENSEEEP00000024615	ENSEEEG00000011918	GGH
ENSDARP00000108924	ENSDARG00000086903	gig2o	ENSEEEP00000030397	ENSEEEG00000014562	gig2o
ENSDARP00000104873	ENSDARG00000086271	acyp2	ENSEEEP00000053953	ENSEEEG00000026814	ACYP2
ENSDARP00000151067	ENSDARG00000109823	pdxp	ENSEEEP00000045136	ENSEEEG00000021309	PDXP
ENSDARP00000135151	ENSDARG00000099913	snrnp35	ENSEEEP00000045938	ENSEEEG00000021648	SNRNP35
ENSDARP00000082563	ENSDARG00000061638	dcakd	ENSEEEP00000016498	ENSEEEG00000008176	DCAKD
ENSDARP00000148590	ENSDARG00000116039	pnmt	ENSEEEP00000047857	ENSEEEG00000022527	
ENSDARP00000148848	ENSDARG00000101285	anapc15	ENSEEEP00000008057	ENSEEEG00000004203	ANAPC15
ENSDARP00000065804	ENSDARG00000044767	tspan10	ENSEEEP00000047317	ENSEEEG00000022246	TSPAN10
ENSDARP00000033310	ENSDARG00000022512	zgc:109913	ENSEEEP00000056251	ENSEEEG00000027119	zgc:109913
ENSDARP00000105651	ENSDARG00000088232	shisa2b	ENSEEEP00000047178	ENSEEEG00000022207	shisa2b
ENSDARP00000132439	ENSDARG00000100498		ENSEEEP00000037540	ENSEEEG00000017856	zgc:77748
ENSDARP00000134792	ENSDARG00000100264	thumpd1	ENSEEEP00000042199	ENSEEEG00000019936	THUMPD1
ENSDARP00000149216	ENSDARG00000116871		ENSEEEP00000050875	ENSEEEG00000023897	si:ch211-214c7.4
ENSDARP00000132768	ENSDARG00000103983	slc30a10	ENSEEEP00000024105	ENSEEEG00000011694	SLC30A10
ENSDARP00000145590	ENSDARG00000115408	msrb1b	ENSEEEP00000018537	ENSEEEG00000009105	msrb1b
ENSDARP00000110039	ENSDARG00000089463	dhx58	ENSEEEP00000016761	ENSEEEG00000007964	DHX58
ENSDARP00000142305	ENSDARG00000032929	cryba1l1	ENSEEEP00000032376	ENSEEEG00000015423	cryba1l1
ENSDARP00000119375	ENSDARG00000070122	stk11ip	ENSEEEP00000049466	ENSEEEG00000023249	LRRC32
ENSDARP00000140311	ENSDARG00000100475	fgf10b	ENSEEEP00000062531	ENSEEEG00000003117	fgf10b
ENSDARP00000081081	ENSDARG00000061049	rnf182	ENSEEEP00000000732	ENSEEEG00000000505	RNF182
ENSDARP00000146640	ENSDARG00000116690		ENSEEEP00000047786	ENSEEEG00000022491	si:dkey-78l4.13
ENSDARP00000131684	ENSDARG00000099761	vox	ENSEEEP00000012690	ENSEEEG00000006371	vox
ENSDARP00000151303	ENSDARG00000110240	kctd14	ENSEEEP00000050014	ENSEEEG00000023513	KCTD14
ENSDARP00000147803	ENSDARG00000109289	mrps15	ENSEEEP00000050964	ENSEEEG00000023936	MRPS15
ENSDARP00000055394	ENSDARG00000038006	osr2	ENSEEEP00000031119	ENSEEEG00000014907	OSR2
ENSDARP00000139772	ENSDARG00000103312		ENSEEEP00000062986	ENSEEEG00000025850	
ENSDARP00000145679	ENSDARG00000114063	parm1	ENSEEEP00000055064	ENSEEEG00000026649	parm1
ENSDARP00000058092	ENSDARG00000039750	ldlrap1b	ENSEEEP00000028533	ENSEEEG00000013704	ldlrap1b
ENSDARP00000111214	ENSDARG00000063211	exoc8	ENSEEEP00000008442	ENSEEEG00000004405	EXOC8
ENSDARP00000157019	ENSDARG00000116802	nanos2	ENSEEEP00000013859	ENSEEEG00000006893	NANOS2
ENSDARP00000152761	ENSDARG00000110836	tmem14ca	ENSEEEP00000033501	ENSEEEG00000015924	tmem14ca
ENSDARP00000145423	ENSDARG00000116896		ENSEEEP00000050743	ENSEEEG00000023842	TMEM233
ENSDARP00000130845	ENSDARG00000100339	arf4b	ENSEEEP00000033915	ENSEEEG00000016150	arf4b
ENSDARP00000101629	ENSDARG00000079160	srxn1	ENSEEEP00000001690	ENSEEEG00000001081	
ENSDARP00000114200	ENSDARG00000092716		ENSEEEP00000018969	ENSEEEG00000009301	VASH1
ENSDARP00000055527	ENSDARG00000038089		ENSEEEP00000043109	ENSEEEG00000020351	TMEM114
ENSDARP00000107444	ENSDARG00000069327	nkx3.3	ENSEEEP00000006308	ENSEEEG00000003355	nkx3.3
ENSDARP00000157360	ENSDARG00000109561		ENSEEEP00000057588	ENSEEEG00000012374	
ENSDARP00000136447	ENSDARG00000098660		ENSEEEP00000017199	ENSEEEG00000008514	TSTD2
ENSDARP00000028875	ENSDARG00000030213	sap30l	ENSEEEP00000061254	ENSEEEG00000026014	SAP30L
ENSDARP00000136624	ENSDARG00000102111	zbtb49	ENSEEEP00000045856	ENSEEEG00000021614	ZBTB49
ENSDARP00000146517	ENSDARG00000114338	tpbg1a	ENSEEEP00000056799	ENSEEEG00000014204	tpbgl
ENSDARP00000153311	ENSDARG00000112136		ENSEEEP00000037636	ENSEEEG00000017906	AGO3
ENSDARP00000138882	ENSDARG00000102888	gpr39	ENSEEEP00000040270	ENSEEEG00000019087	GPR39
ENSDARP00000144515	ENSDARG00000106564	eys	ENSEEEP00000057888	ENSEEEG00000028614	
ENSDARP00000103811	ENSDARG00000075165	zc3h6	ENSEEEP00000046291	ENSEEEG00000021800	ZC3H6
ENSDARP00000033367	ENSDARG00000052374	faf2	ENSEEEP00000026215	ENSEEEG00000012669	FAF2
ENSDARP00000085057	ENSDARG00000062552	lpar6a	ENSEEEP00000041552	ENSEEEG00000019655	lpar6a
ENSDARP00000130390	ENSDARG00000103720	zgc:162730	ENSEEEP00000049997	ENSEEEG00000023504	zgc:162730
ENSDARP00000101492	ENSDARG00000079089	fbxw8	ENSEEEP00000019612	ENSEEEG00000009607	FBXW8
ENSDARP00000070453	ENSDARG00000053859	ism2b	ENSEEEP00000058289	ENSEEEG00000019108	ism2b
ENSDARP00000126075	ENSDARG00000009653	lhfpl2a	ENSEEEP00000001509	ENSEEEG00000000978	lhfpl2a
ENSDARP00000144118	ENSDARG00000106914	pth4	ENSEEEP00000031837	ENSEEEG00000015199	
ENSDARP00000141852	ENSDARG00000100642	plppr1	ENSEEEP00000004955	ENSEEEG00000002579	PLPPR1
ENSDARP00000008507	ENSDARG00000002798	cog8	ENSEEEP00000034756	ENSEEEG00000016523	cog8
ENSDARP00000111201	ENSDARG00000086539		ENSEEEP00000030281	ENSEEEG00000014518	
ENSDARP00000076958	ENSDARG00000059411	impa2	ENSEEEP00000015424	ENSEEEG00000007652	IMPA2
ENSDARP00000131573	ENSDARG00000102861	lmf1	ENSEEEP00000005061	ENSEEEG00000002632	LMF1
ENSDARP00000053701	ENSDARG00000036974	ripply3	ENSEEEP00000025949	ENSEEEG00000012574	RIPPLY3
ENSDARP00000041626	ENSDARG00000029252	ssb	ENSEEEP00000009794	ENSEEEG00000004982	SSB
ENSDARP00000151677	ENSDARG00000111295		ENSEEEP00000063208	ENSEEEG00000000269	eps8l1a
ENSDARP00000149885	ENSDARG00000113965		ENSEEEP00000000156	ENSEEEG00000000119	
ENSDARP00000130248	ENSDARG00000098935	bxdc2	ENSEEEP00000034161	ENSEEEG00000016262	bxdc2
ENSDARP00000130758	ENSDARG00000098135	stk40	ENSEEEP00000059042	ENSEEEG00000023925	STK40
ENSDARP00000133012	ENSDARG00000102798	mcm2	ENSEEEP00000063975	ENSEEEG00000023589	MCM2
ENSDARP00000101913	ENSDARG00000076861	tmem79b	ENSEEEP00000036157	ENSEEEG00000017193	tmem79b
ENSDARP00000152771	ENSDARG00000112781		ENSEEEP00000028734	ENSEEEG00000013807	PHF13
ENSDARP00000153775	ENSDARG00000103007	rps3	ENSEEEP00000050010	ENSEEEG00000023509	RPS3
ENSDARP00000097746	ENSDARG00000076559	rb1cc1	ENSEEEP00000022548	ENSEEEG00000010917	RB1CC1
ENSDARP00000036702	ENSDARG00000023713	aqp1a.1	ENSEEEP00000023671	ENSEEEG00000011469	aqp1a.1
ENSDARP00000070385	ENSDARG00000053810	hnrnpc	ENSEEEP00000019508	ENSEEEG00000009568	hnrnpc
ENSDARP00000138993	ENSDARG00000104077	fcer1gl	ENSEEEP00000061880	ENSEEEG00000026822	fcer1gl
ENSDARP00000002982	ENSDARG00000007130	mrto4	ENSEEEP00000028387	ENSEEEG00000013650	MRTO4
ENSDARP00000074522	ENSDARG00000057408		ENSEEEP00000046829	ENSEEEG00000022046	
ENSDARP00000139323	ENSDARG00000103951	tspan34a	ENSEEEP00000016687	ENSEEEG00000008271	tspan34
ENSDARP00000140940	ENSDARG00000098507	lyar	ENSEEEP00000045859	ENSEEEG00000021616	LYAR
ENSDARP00000090879	ENSDARG00000058988		ENSEEEP00000025652	ENSEEEG00000012447	KCNJ15
ENSDARP00000074306	ENSDARG00000057245	im:7138535	ENSEEEP00000008787	ENSEEEG00000004546	im:7138535
ENSDARP00000157587	ENSDARG00000110160		ENSEEEP00000007657	ENSEEEG00000004000	SBSPON
ENSDARP00000130142	ENSDARG00000091760	cwf19l2	ENSEEEP00000002999	ENSEEEG00000001703	CWF19L2
ENSDARP00000139789	ENSDARG00000100529	sh3bp5a	ENSEEEP00000028159	ENSEEEG00000013553	sh3bp5a
ENSDARP00000152319	ENSDARG00000117093	dipk1b	ENSEEEP00000057019	ENSEEEG00000028343	DIPK1B
ENSDARP00000134426	ENSDARG00000103783	cyyr1	ENSEEEP00000039668	ENSEEEG00000018820	CYYR1
ENSDARP00000152249	ENSDARG00000016112	bbs12	ENSEEEP00000017257	ENSEEEG00000008536	bbs12
ENSDARP00000148715	ENSDARG00000109742		ENSEEEP00000037545	ENSEEEG00000017859	GPR139
ENSDARP00000088151	ENSDARG00000067630	zgc:154075	ENSEEEP00000016012	ENSEEEG00000007928	zgc:154075
ENSDARP00000145949	ENSDARG00000115463	tomt	ENSEEEP00000008056	ENSEEEG00000004202	tomt
ENSDARP00000152852	ENSDARG00000116898	rln3b	ENSEEEP00000061656	ENSEEEG00000028934	rln3b
ENSDARP00000132222	ENSDARG00000100597	ubxn4	ENSEEEP00000048284	ENSEEEG00000022738	UBXN4
ENSDARP00000132798	ENSDARG00000099619		ENSEEEP00000059112	ENSEEEG00000019928	GTF3C1
ENSDARP00000135273	ENSDARG00000100141		ENSEEEP00000033027	ENSEEEG00000015729	
ENSDARP00000130339	ENSDARG00000105208	tm6sf2a	ENSEEEP00000048703	ENSEEEG00000022912	zgc:85843
ENSDARP00000154692	ENSDARG00000104474	il6r	ENSEEEP00000016879	ENSEEEG00000008367	IL6R
ENSDARP00000148448	ENSDARG00000115174	im:6904045	ENSEEEP00000047254	ENSEEEG00000022239	im:6904045
ENSDARP00000153104	ENSDARG00000112329		ENSEEEP00000003287	ENSEEEG00000001849	ZMYND12
ENSDARP00000019506	ENSDARG00000010248	wdr54	ENSEEEP00000007963	ENSEEEG00000004155	WDR54
ENSDARP00000088088	ENSDARG00000067596	fancb	ENSEEEP00000026863	ENSEEEG00000012969	FANCB
ENSDARP00000150398	ENSDARG00000004405	snx10a	ENSEEEP00000002683	ENSEEEG00000001519	snx10a
ENSDARP00000144553	ENSDARG00000107442		ENSEEEP00000036775	ENSEEEG00000017457	SLC35D3
ENSDARP00000109636	ENSDARG00000086100	cd302	ENSEEEP00000050159	ENSEEEG00000023594	CD302
ENSDARP00000152977	ENSDARG00000111877	bcl7ba	ENSEEEP00000013310	ENSEEEG00000006668	bcl7ba
ENSDARP00000143918	ENSDARG00000108401		ENSEEEP00000021786	ENSEEEG00000010597	WARS1
ENSDARP00000089195	ENSDARG00000068179	trib2	ENSEEEP00000025816	ENSEEEG00000012514	TRIB2
ENSDARP00000156225	ENSDARG00000024548	cryba4	ENSEEEP00000004001	ENSEEEG00000002143	CRYBA4
ENSDARP00000059892	ENSDARG00000040861	tcf25	ENSEEEP00000035814	ENSEEEG00000016702	TCF25
ENSDARP00000149263	ENSDARG00000110496	ppp1r14d	ENSEEEP00000045406	ENSEEEG00000021432	zgc:162989
ENSDARP00000111760	ENSDARG00000090401		ENSEEEP00000042559	ENSEEEG00000020098	
ENSDARP00000141306	ENSDARG00000102858	sc:d189	ENSEEEP00000027823	ENSEEEG00000013400	zgc:172122
ENSDARP00000139274	ENSDARG00000104439	cldnd1a	ENSEEEP00000037271	ENSEEEG00000017713	cldnd1a
ENSDARP00000032207	ENSDARG00000026454	mis12	ENSEEEP00000009660	ENSEEEG00000004923	MIS12
ENSDARP00000004700	ENSDARG00000013044	ndufv2	ENSEEEP00000048245	ENSEEEG00000022716	NDUFV2
ENSDARP00000106821	ENSDARG00000089888	daglb	ENSEEEP00000008751	ENSEEEG00000004532	DAGLB
ENSDARP00000148548	ENSDARG00000112165	rabepk	ENSEEEP00000033301	ENSEEEG00000015828	RABEPK
ENSDARP00000059871	ENSDARG00000068916	ppp1r35	ENSEEEP00000012982	ENSEEEG00000006526	PPP1R35
ENSDARP00000090605	ENSDARG00000068912	zgc:153012	ENSEEEP00000057383	ENSEEEG00000028977	zgc:153012
ENSDARP00000067775	ENSDARG00000046106	rab10	ENSEEEP00000010771	ENSEEEG00000005448	RAB10
ENSDARP00000156476	ENSDARG00000110771		ENSEEEP00000000389	ENSEEEG00000000285	mef2ab
ENSDARP00000104715	ENSDARG00000069157	tmem135	ENSEEEP00000025107	ENSEEEG00000012164	TMEM135
ENSDARP00000153338	ENSDARG00000114038	ska2	ENSEEEP00000016947	ENSEEEG00000008401	SKA2
ENSDARP00000068467	ENSDARG00000052176	shfl	ENSEEEP00000045731	ENSEEEG00000021558	SHFL
ENSDARP00000124755	ENSDARG00000060521	rbm27	ENSEEEP00000013839	ENSEEEG00000006885	rbm27
ENSDARP00000157367	ENSDARG00000112433		ENSEEEP00000053465	ENSEEEG00000027407	
ENSDARP00000090549	ENSDARG00000068883	tspan13a	ENSEEEP00000007711	ENSEEEG00000004013	tspan13a
ENSDARP00000151749	ENSDARG00000115755		ENSEEEP00000053748	ENSEEEG00000025542	LRRFIP2
ENSDARP00000135252	ENSDARG00000104924	myoz3b	ENSEEEP00000040289	ENSEEEG00000019101	myoz3a
ENSDARP00000004325	ENSDARG00000016594	haus4	ENSEEEP00000016119	ENSEEEG00000007976	haus4
ENSDARP00000066578	ENSDARG00000045269	pts	ENSEEEP00000014671	ENSEEEG00000007297	PTS
ENSDARP00000140497	ENSDARG00000113864	selenot2	ENSEEEP00000036257	ENSEEEG00000017242	selenot2
ENSDARP00000138194	ENSDARG00000103193		ENSEEEP00000030795	ENSEEEG00000014716	
ENSDARP00000157384	ENSDARG00000110376	psmb11a	ENSEEEP00000059288	ENSEEEG00000019387	psmb11a
ENSDARP00000062705	ENSDARG00000042732	peds1b	ENSEEEP00000001644	ENSEEEG00000001053	tmem189
ENSDARP00000054056	ENSDARG00000037172	ddrgk1	ENSEEEP00000016123	ENSEEEG00000007977	DDRGK1
ENSDARP00000067661	ENSDARG00000046021		ENSEEEP00000024980	ENSEEEG00000012114	
ENSDARP00000092988	ENSDARG00000069941	tdp2a	ENSEEEP00000049009	ENSEEEG00000023030	tdp2a
ENSDARP00000132295	ENSDARG00000105093		ENSEEEP00000004895	ENSEEEG00000002555	DNAI3
ENSDARP00000020080	ENSDARG00000032705	foxg1b	ENSEEEP00000004250	ENSEEEG00000002243	foxg1d
ENSDARP00000134554	ENSDARG00000098332	zgc:112970	ENSEEEP00000015873	ENSEEEG00000007844	
ENSDARP00000138398	ENSDARG00000104408	zgc:152774	ENSEEEP00000019027	ENSEEEG00000009339	zgc:152774
ENSDARP00000145509	ENSDARG00000116793		ENSEEEP00000013674	ENSEEEG00000006826	NDUFA12
ENSDARP00000139058	ENSDARG00000104344	ccdc127a	ENSEEEP00000008098	ENSEEEG00000004217	ccdc127a
ENSDARP00000071808	ENSDARG00000055043	depdc7a	ENSEEEP00000002693	ENSEEEG00000001558	depdc7a
ENSDARP00000132549	ENSDARG00000100660	si:ch73-252i11.1	ENSEEEP00000011146	ENSEEEG00000005656	si:ch73-252i11.1
ENSDARP00000135240	ENSDARG00000099002	creb5a	ENSEEEP00000002584	ENSEEEG00000001492	creb5a
ENSDARP00000136737	ENSDARG00000099744	gap43	ENSEEEP00000041193	ENSEEEG00000019495	GAP43
ENSDARP00000138406	ENSDARG00000101676		ENSEEEP00000029486	ENSEEEG00000014121	KLHL28
ENSDARP00000023608	ENSDARG00000003934	nxnl2	ENSEEEP00000026963	ENSEEEG00000013015	NXNL2
ENSDARP00000140635	ENSDARG00000103044		ENSEEEP00000036145	ENSEEEG00000017178	ASS1
ENSDARP00000139662	ENSDARG00000098203	apcdd1	ENSEEEP00000050208	ENSEEEG00000023613	APCDD1
ENSDARP00000132347	ENSDARG00000102645	usp47	ENSEEEP00000062134	ENSEEEG00000016329	USP47
ENSDARP00000068663	ENSDARG00000052344	tbl3	ENSEEEP00000040399	ENSEEEG00000019130	TBL3
ENSDARP00000150714	ENSDARG00000110763	mrps31	ENSEEEP00000036583	ENSEEEG00000017376	MRPS31
ENSDARP00000021876	ENSDARG00000037833	mitfb	ENSEEEP00000001828	ENSEEEG00000001154	mitfb
ENSDARP00000071563	ENSDARG00000038866	trappc8	ENSEEEP00000001013	ENSEEEG00000000589	TRAPPC8
ENSDARP00000106876	ENSDARG00000087782	rnf152	ENSEEEP00000000093	ENSEEEG00000000060	RNF152
ENSDARP00000156170	ENSDARG00000111436		ENSEEEP00000018789	ENSEEEG00000009237	
ENSDARP00000139937	ENSDARG00000103049		ENSEEEP00000055356	ENSEEEG00000028656	
ENSDARP00000139657	ENSDARG00000102513		ENSEEEP00000035699	ENSEEEG00000016997	SLC25A45
ENSDARP00000139962	ENSDARG00000099564	atoh1b	ENSEEEP00000041541	ENSEEEG00000019648	atoh1b
ENSDARP00000056900	ENSDARG00000038981	zgc:153615	ENSEEEP00000023785	ENSEEEG00000011532	zgc:153615
ENSDARP00000057052	ENSDARG00000039070	pnhd	ENSEEEP00000048182	ENSEEEG00000022683	im:7138239
ENSDARP00000060416	ENSDARG00000041215	cetn4	ENSEEEP00000017248	ENSEEEG00000008523	cetn4
ENSDARP00000053501	ENSDARG00000036852		ENSEEEP00000007714	ENSEEEG00000004043	DXO
ENSDARP00000136017	ENSDARG00000103403	sar1b	ENSEEEP00000064165	ENSEEEG00000024306	SAR1B
ENSDARP00000147048	ENSDARG00000116262	inha	ENSEEEP00000049469	ENSEEEG00000023253	INHA
ENSDARP00000132873	ENSDARG00000101919	foxj1a	ENSEEEP00000047466	ENSEEEG00000022334	foxj1a
ENSDARP00000141096	ENSDARG00000099908		ENSEEEP00000056178	ENSEEEG00000024686	MTFP1
ENSDARP00000101025	ENSDARG00000077839	dhx30	ENSEEEP00000000165	ENSEEEG00000000108	DHX30
ENSDARP00000150005	ENSDARG00000109471		ENSEEEP00000024694	ENSEEEG00000011958	SAAL1
ENSDARP00000151298	ENSDARG00000115355	selenop	ENSEEEP00000043434	ENSEEEG00000020532	
ENSDARP00000141943	ENSDARG00000100923		ENSEEEP00000042617	ENSEEEG00000020123	
ENSDARP00000110455	ENSDARG00000086737	tmem68	ENSEEEP00000049105	ENSEEEG00000023077	TMEM68
ENSDARP00000152477	ENSDARG00000112481		ENSEEEP00000001106	ENSEEEG00000000743	CFAP299
ENSDARP00000107045	ENSDARG00000063285	ube2t	ENSEEEP00000023354	ENSEEEG00000011314	UBE2T
ENSDARP00000142299	ENSDARG00000099397	cfap410	ENSEEEP00000061268	ENSEEEG00000027037	cfap410
ENSDARP00000143880	ENSDARG00000105976		ENSEEEP00000031634	ENSEEEG00000015127	IAPP
ENSDARP00000145357	ENSDARG00000111235	nrsn1	ENSEEEP00000016864	ENSEEEG00000008354	NRSN1
ENSDARP00000154225	ENSDARG00000114336	timp2a	ENSEEEP00000011332	ENSEEEG00000005738	timp2a
ENSDARP00000104670	ENSDARG00000089112	zmp:0000000951	ENSEEEP00000008407	ENSEEEG00000004387	zmp:0000000951
ENSDARP00000156095	ENSDARG00000112427	scn4bb	ENSEEEP00000037376	ENSEEEG00000017759	scn4bb
ENSDARP00000148264	ENSDARG00000110532	gadd45ab	ENSEEEP00000063469	ENSEEEG00000028772	gadd45ab
ENSDARP00000152731	ENSDARG00000116628	ly97.3	ENSEEEP00000016310	ENSEEEG00000008063	ly97.3
ENSDARP00000144712	ENSDARG00000116395	ramp1	ENSEEEP00000040084	ENSEEEG00000019006	RAMP1
ENSDARP00000131415	ENSDARG00000099804		ENSEEEP00000026293	ENSEEEG00000012722	
ENSDARP00000145495	ENSDARG00000112751	zmp:0000001333	ENSEEEP00000049603	ENSEEEG00000023321	zmp:0000001333
ENSDARP00000112046	ENSDARG00000088805	nes	ENSEEEP00000058877	ENSEEEG00000026539	NES
ENSDARP00000110209	ENSDARG00000088463		ENSEEEP00000008741	ENSEEEG00000004229	CLPB
ENSDARP00000139724	ENSDARG00000111667	ela2	ENSEEEP00000028365	ENSEEEG00000013271	ela2
ENSDARP00000148008	ENSDARG00000115449		ENSEEEP00000049097	ENSEEEG00000023071	mrap2a
ENSDARP00000155406	ENSDARG00000109360		ENSEEEP00000037353	ENSEEEG00000017613	ppp4r1l
ENSDARP00000140142	ENSDARG00000098208	fn3krp	ENSEEEP00000058273	ENSEEEG00000028392	FN3KRP
ENSDARP00000110569	ENSDARG00000086944	tcf24	ENSEEEP00000020279	ENSEEEG00000009903	TCF24
ENSDARP00000136096	ENSDARG00000104674	cct2	ENSEEEP00000043689	ENSEEEG00000020259	CCT2
ENSDARP00000136136	ENSDARG00000102505	trim32	ENSEEEP00000033279	ENSEEEG00000015816	TRIM32
ENSDARP00000131077	ENSDARG00000102511	cript	ENSEEEP00000035668	ENSEEEG00000016984	CRIPT
ENSDARP00000111934	ENSDARG00000116188	gar1	ENSEEEP00000014586	ENSEEEG00000007250	GAR1
ENSDARP00000154635	ENSDARG00000076836	gpx4b	ENSEEEP00000048769	ENSEEEG00000022942	gpx4b
ENSDARP00000102894	ENSDARG00000078576	setd5	ENSEEEP00000005319	ENSEEEG00000002779	setd5
ENSDARP00000102069	ENSDARG00000075467	shisa3	ENSEEEP00000056833	ENSEEEG00000026200	SHISA3
ENSDARP00000148542	ENSDARG00000115864		ENSEEEP00000025793	ENSEEEG00000012503	cbx6a
ENSDARP00000137980	ENSDARG00000104516		ENSEEEP00000025998	ENSEEEG00000012595	POLR3D
ENSDARP00000131304	ENSDARG00000100751		ENSEEEP00000031572	ENSEEEG00000015099	SYNDIG1
ENSDARP00000150299	ENSDARG00000114515	ap1s2	ENSEEEP00000008637	ENSEEEG00000004443	AP1S2
ENSDARP00000147937	ENSDARG00000111765	hmx1	ENSEEEP00000029061	ENSEEEG00000013943	HMX1
ENSDARP00000153308	ENSDARG00000112094		ENSEEEP00000022777	ENSEEEG00000011045	RELL2
ENSDARP00000143684	ENSDARG00000113356	cxcr3.2	ENSEEEP00000061561	ENSEEEG00000027708	cxcr3.2
ENSDARP00000142030	ENSDARG00000100308		ENSEEEP00000018203	ENSEEEG00000008945	
ENSDARP00000106969	ENSDARG00000006288	prdm5	ENSEEEP00000060121	ENSEEEG00000003370	PRDM5
ENSDARP00000137327	ENSDARG00000103042	ddah1	ENSEEEP00000030081	ENSEEEG00000014417	DDAH1
ENSDARP00000140402	ENSDARG00000101982	spryd3	ENSEEEP00000043247	ENSEEEG00000020407	SPRYD3
ENSDARP00000145543	ENSDARG00000111742		ENSEEEP00000010367	ENSEEEG00000005254	NINJ2
ENSDARP00000155507	ENSDARG00000112385	kcnk18	ENSEEEP00000046203	ENSEEEG00000021763	KCNK18
ENSDARP00000149480	ENSDARG00000109881		ENSEEEP00000052194	ENSEEEG00000024471	SDE2
ENSDARP00000046820	ENSDARG00000029710	lrrc30a	ENSEEEP00000000932	ENSEEEG00000000631	
ENSDARP00000104009	ENSDARG00000074949	c1qtnf7	ENSEEEP00000002214	ENSEEEG00000001350	C1QTNF7
ENSDARP00000144665	ENSDARG00000111551	ghrh	ENSEEEP00000025395	ENSEEEG00000012325	
ENSDARP00000133257	ENSDARG00000099637	szl	ENSEEEP00000041809	ENSEEEG00000019774	szl
ENSDARP00000146412	ENSDARG00000111714	zgc:112271	ENSEEEP00000039147	ENSEEEG00000018599	BOLA2
ENSDARP00000084917	ENSDARG00000062515	tecpr1a	ENSEEEP00000019852	ENSEEEG00000009715	tecpr1a
ENSDARP00000155183	ENSDARG00000112138		ENSEEEP00000023007	ENSEEEG00000011172	samd10a
ENSDARP00000151859	ENSDARG00000116511	npas4l	ENSEEEP00000014039	ENSEEEG00000006980	npas4l
ENSDARP00000075715	ENSDARG00000058419	gcn1	ENSEEEP00000011755	ENSEEEG00000003834	GCN1
ENSDARP00000056912	ENSDARG00000070414	si:dkey-61f9.1	ENSEEEP00000021498	ENSEEEG00000010477	
ENSDARP00000140731	ENSDARG00000102265	smarcal1	ENSEEEP00000044505	ENSEEEG00000020918	SMARCAL1
ENSDARP00000057961	ENSDARG00000039657	fank1	ENSEEEP00000036633	ENSEEEG00000017391	FANK1
ENSDARP00000145041	ENSDARG00000115045	tagln3b	ENSEEEP00000028680	ENSEEEG00000013780	TAGLN3
ENSDARP00000093050	ENSDARG00000076839	ftr86	ENSEEEP00000050400	ENSEEEG00000023700	trim8b
ENSDARP00000153290	ENSDARG00000034667		ENSEEEP00000033343	ENSEEEG00000015721	LIPG
ENSDARP00000040270	ENSDARG00000031749	c3ar1	ENSEEEP00000025238	ENSEEEG00000012246	CMKLR1
ENSDARP00000109436	ENSDARG00000025220	sppl3	ENSEEEP00000057546	ENSEEEG00000028250	SPPL3
ENSDARP00000069193	ENSDARG00000052783	cdc42ep3	ENSEEEP00000009032	ENSEEEG00000004654	CDC42EP3
ENSDARP00000068705	ENSDARG00000052371	higd2a	ENSEEEP00000056105	ENSEEEG00000028969	higd2a
ENSDARP00000151288	ENSDARG00000116334	tmem17	ENSEEEP00000040153	ENSEEEG00000019043	TMEM17
ENSDARP00000140435	ENSDARG00000099399	thrsp	ENSEEEP00000038098	ENSEEEG00000018103	THRSP
ENSDARP00000087721	ENSDARG00000063686	atp23	ENSEEEP00000011121	ENSEEEG00000005642	ATP23
ENSDARP00000145811	ENSDARG00000110657		ENSEEEP00000016746	ENSEEEG00000008303	ZNF521
ENSDARP00000133448	ENSDARG00000028586	gpr135	ENSEEEP00000027350	ENSEEEG00000013197	GPR135
ENSDARP00000151785	ENSDARG00000111116		ENSEEEP00000062505	ENSEEEG00000028976	BCL2L13
ENSDARP00000049102	ENSDARG00000115698		ENSEEEP00000061410	ENSEEEG00000027696	
ENSDARP00000155656	ENSDARG00000115868	sp5l	ENSEEEP00000039968	ENSEEEG00000018951	sp5l
ENSDARP00000083605	ENSDARG00000062025	cpox	ENSEEEP00000040507	ENSEEEG00000019188	cpox
ENSDARP00000133698	ENSDARG00000101080	pwwp2b	ENSEEEP00000036499	ENSEEEG00000017346	PWWP2B
ENSDARP00000112232	ENSDARG00000086310	cabcoco1	ENSEEEP00000000184	ENSEEEG00000000141	otub1b
ENSDARP00000038511	ENSDARG00000001259	gas2a	ENSEEEP00000003302	ENSEEEG00000001858	gas2a
ENSDARP00000148144	ENSDARG00000111156	gpc5b	ENSEEEP00000053636	ENSEEEG00000025741	KLHL18
ENSDARP00000076818	ENSDARG00000025601	trim35-14	ENSEEEP00000003431	ENSEEEG00000001917	trim35-14
ENSDARP00000150941	ENSDARG00000111342		ENSEEEP00000022872	ENSEEEG00000011106	
ENSDARP00000154638	ENSDARG00000114825		ENSEEEP00000019491	ENSEEEG00000009559	SCARF2
ENSDARP00000152905	ENSDARG00000058949	spina	ENSEEEP00000056545	ENSEEEG00000026644	spina
ENSDARP00000088485	ENSDARG00000067831	tbata	ENSEEEP00000016444	ENSEEEG00000008144	KATNBL1
ENSDARP00000152612	ENSDARG00000110103		ENSEEEP00000063084	ENSEEEG00000028122	FANCA
ENSDARP00000101364	ENSDARG00000076978	pmchl	ENSEEEP00000062360	ENSEEEG00000025009	pmchl
ENSDARP00000156172	ENSDARG00000112931	ndufaf3	ENSEEEP00000047232	ENSEEEG00000022233	NDUFAF3
ENSDARP00000136449	ENSDARG00000099516	mettl23	ENSEEEP00000047429	ENSEEEG00000022320	METTL23
ENSDARP00000134179	ENSDARG00000101560	psma1	ENSEEEP00000003246	ENSEEEG00000001825	psma1
ENSDARP00000130368	ENSDARG00000103052	pcyox1	ENSEEEP00000036234	ENSEEEG00000017230	PCYOX1
ENSDARP00000140109	ENSDARG00000104871	zgc:92045	ENSEEEP00000017494	ENSEEEG00000008653	LEPROTL1
ENSDARP00000107791	ENSDARG00000090255	phlpp2	ENSEEEP00000042071	ENSEEEG00000019872	PHLPP2
ENSDARP00000058568	ENSDARG00000040045	cldn1	ENSEEEP00000051633	ENSEEEG00000024243	CLDN1
ENSDARP00000152999	ENSDARG00000109484		ENSEEEP00000045428	ENSEEEG00000021447	BMT2
ENSDARP00000100281	ENSDARG00000073711	mmrn2b	ENSEEEP00000036219	ENSEEEG00000017228	mmrn2b
ENSDARP00000089848	ENSDARG00000101423	cyp2y3	ENSEEEP00000004655	ENSEEEG00000002405	cyp2y3
ENSDARP00000105559	ENSDARG00000089519	fbln7	ENSEEEP00000046281	ENSEEEG00000021785	FBLN7
ENSDARP00000132529	ENSDARG00000098742	lrtm1	ENSEEEP00000013969	ENSEEEG00000006944	LRTM1
ENSDARP00000137843	ENSDARG00000100985	zbtb7c	ENSEEEP00000006569	ENSEEEG00000003475	ZBTB7C
ENSDARP00000103270	ENSDARG00000074530		ENSEEEP00000046336	ENSEEEG00000021813	KCNK12
ENSDARP00000107762	ENSDARG00000089661		ENSEEEP00000024652	ENSEEEG00000011946	ifi44g
ENSDARP00000155666	ENSDARG00000112966		ENSEEEP00000019499	ENSEEEG00000009563	tor4ab
ENSDARP00000157271	ENSDARG00000110801		ENSEEEP00000044713	ENSEEEG00000021107	WNT16
ENSDARP00000148102	ENSDARG00000110361		ENSEEEP00000046353	ENSEEEG00000021818	
ENSDARP00000060967	ENSDARG00000041589	adprhl1	ENSEEEP00000025497	ENSEEEG00000012344	adprhl1
ENSDARP00000136027	ENSDARG00000104296	fam131ab	ENSEEEP00000000179	ENSEEEG00000000136	zgc:165508
ENSDARP00000060838	ENSDARG00000041502	tgfb1a	ENSEEEP00000004598	ENSEEEG00000002400	tgfb1a
ENSDARP00000068745	ENSDARG00000052423	ppp1r12c	ENSEEEP00000053223	ENSEEEG00000018970	PPP1R12C
ENSDARP00000149928	ENSDARG00000114128		ENSEEEP00000062211	ENSEEEG00000027675	rgn
ENSDARP00000151245	ENSDARG00000101324	apoa1b	ENSEEEP00000004862	ENSEEEG00000002540	apoa1b
ENSDARP00000151046	ENSDARG00000062790	tacc2	ENSEEEP00000047541	ENSEEEG00000022378	NASP
ENSDARP00000153941	ENSDARG00000116927	ciao2b	ENSEEEP00000039368	ENSEEEG00000018689	CIAO2B
ENSDARP00000130686	ENSDARG00000098716	parp11	ENSEEEP00000031581	ENSEEEG00000015105	PARP11
ENSDARP00000124832	ENSDARG00000095817	znhit6	ENSEEEP00000030077	ENSEEEG00000014414	ZNHIT6
ENSDARP00000130345	ENSDARG00000103277	cyp24a1	ENSEEEP00000015663	ENSEEEG00000007760	CYP24A1
ENSDARP00000057222	ENSDARG00000039162	rhebl1	ENSEEEP00000004262	ENSEEEG00000002247	RHEBL1
ENSDARP00000155481	ENSDARG00000112337	mindy4b	ENSEEEP00000056228	ENSEEEG00000027637	MINDY4B
ENSDARP00000112153	ENSDARG00000086374	isg15	ENSEEEP00000043593	ENSEEEG00000020604	isg15
ENSDARP00000064011	ENSDARG00000043589	ca4a	ENSEEEP00000003726	ENSEEEG00000002021	ca4a
ENSDARP00000068084	ENSDARG00000051886	ankrd11	ENSEEEP00000064483	ENSEEEG00000025099	
ENSDARP00000082775	ENSDARG00000061717	cytip	ENSEEEP00000062524	ENSEEEG00000028800	CYTIP
ENSDARP00000151605	ENSDARG00000114237	bcl2l16	ENSEEEP00000026840	ENSEEEG00000012954	bcl2l16
ENSDARP00000150582	ENSDARG00000101680	arl1	ENSEEEP00000003486	ENSEEEG00000001931	ARL1
ENSDARP00000023604	ENSDARG00000006345	med17	ENSEEEP00000015302	ENSEEEG00000007605	med17
ENSDARP00000112336	ENSDARG00000087545	fbxo42	ENSEEEP00000056707	ENSEEEG00000022177	FBXO42
ENSDARP00000111990	ENSDARG00000091128	lrrc75bb	ENSEEEP00000053150	ENSEEEG00000028174	lrrc75bb
ENSDARP00000097977	ENSDARG00000074100	zgc:163014	ENSEEEP00000035404	ENSEEEG00000016865	zgc:163014
ENSDARP00000149345	ENSDARG00000075301	gsdf	ENSEEEP00000064031	ENSEEEG00000016379	
ENSDARP00000013733	ENSDARG00000011945	slc35e1	ENSEEEP00000061508	ENSEEEG00000024810	SLC35E1
ENSDARP00000150592	ENSDARG00000110995		ENSEEEP00000020666	ENSEEEG00000010082	kmt5ab
ENSDARP00000152081	ENSDARG00000116313		ENSEEEP00000015674	ENSEEEG00000007763	
ENSDARP00000105375	ENSDARG00000116649	ube2e1	ENSEEEP00000014892	ENSEEEG00000007414	UBE2E1
ENSDARP00000149780	ENSDARG00000109715	sncgb	ENSEEEP00000036215	ENSEEEG00000017222	sncgb
ENSDARP00000098853	ENSDARG00000078076	nab2	ENSEEEP00000049976	ENSEEEG00000023493	NAB2
ENSDARP00000132154	ENSDARG00000054036	rnf34b	ENSEEEP00000029677	ENSEEEG00000014215	rnf34b
ENSDARP00000103185	ENSDARG00000073723	zgc:194679	ENSEEEP00000006593	ENSEEEG00000003493	zgc:194679
ENSDARP00000100713	ENSDARG00000074914		ENSEEEP00000036782	ENSEEEG00000017462	DMPK
ENSDARP00000150231	ENSDARG00000043511	prdx6	ENSEEEP00000023633	ENSEEEG00000011433	PRDX6
ENSDARP00000076150	ENSDARG00000058774		ENSEEEP00000003244	ENSEEEG00000001826	
ENSDARP00000140355	ENSDARG00000104374	smchd1	ENSEEEP00000002321	ENSEEEG00000001380	SMCHD1
ENSDARP00000144641	ENSDARG00000058828	ccdc51	ENSEEEP00000050252	ENSEEEG00000023629	CCDC51
ENSDARP00000136021	ENSDARG00000100952	wu:fj16a03	ENSEEEP00000022158	ENSEEEG00000010766	wu:fj16a03
ENSDARP00000055877	ENSDARG00000038312	rcl1	ENSEEEP00000039948	ENSEEEG00000018935	RCL1
ENSDARP00000138307	ENSDARG00000103744	hacd1	ENSEEEP00000020367	ENSEEEG00000009939	HACD1
ENSDARP00000103059	ENSDARG00000076464	lamtor1	ENSEEEP00000002986	ENSEEEG00000001701	LAMTOR1
ENSDARP00000051776	ENSDARG00000035700	zgc:101664	ENSEEEP00000060732	ENSEEEG00000026220	zgc:101664
ENSDARP00000149265	ENSDARG00000015638	gemin2	ENSEEEP00000027397	ENSEEEG00000013206	GEMIN2
ENSDARP00000133024	ENSDARG00000098899	zmp:0000001082	ENSEEEP00000059766	ENSEEEG00000007992	ITGAM
ENSDARP00000050482	ENSDARG00000029930	spdef	ENSEEEP00000053255	ENSEEEG00000007181	SPDEF
ENSDARP00000152274	ENSDARG00000033993	slc19a1	ENSEEEP00000049488	ENSEEEG00000023264	SLC19A1
ENSDARP00000004016	ENSDARG00000011404	fen1	ENSEEEP00000032875	ENSEEEG00000015649	FEN1
ENSDARP00000145115	ENSDARG00000021550	rad23b	ENSEEEP00000058841	ENSEEEG00000010777	RAD23B
ENSDARP00000156678	ENSDARG00000114294		ENSEEEP00000041448	ENSEEEG00000019601	
ENSDARP00000010424	ENSDARG00000019646	twist3	ENSEEEP00000001841	ENSEEEG00000001164	
ENSDARP00000154371	ENSDARG00000110608		ENSEEEP00000044325	ENSEEEG00000020942	psmg4
ENSDARP00000137477	ENSDARG00000103591	dkk3a	ENSEEEP00000034276	ENSEEEG00000016323	dkk3a
ENSDARP00000149984	ENSDARG00000112674	si:ch73-127m5.3	ENSEEEP00000001917	ENSEEEG00000001201	si:ch73-127m5.3
ENSDARP00000111755	ENSDARG00000088631		ENSEEEP00000052920	ENSEEEG00000010335	
ENSDARP00000134976	ENSDARG00000101406	rplp2a	ENSEEEP00000004515	ENSEEEG00000002351	RPLP2
ENSDARP00000134715	ENSDARG00000100549		ENSEEEP00000022168	ENSEEEG00000010767	TMEM38B
ENSDARP00000134661	ENSDARG00000090039	reck	ENSEEEP00000049162	ENSEEEG00000023088	RECK
ENSDARP00000054821	ENSDARG00000037639	nkx3-2	ENSEEEP00000017470	ENSEEEG00000008645	NKX3-2
ENSDARP00000134066	ENSDARG00000100892	cfap53	ENSEEEP00000007894	ENSEEEG00000004124	CFAP53
ENSDARP00000149671	ENSDARG00000111333	cd7al	ENSEEEP00000012932	ENSEEEG00000006502	cd7al
ENSDARP00000132192	ENSDARG00000105011	pigb	ENSEEEP00000000608	ENSEEEG00000000390	PIGB
ENSDARP00000101721	ENSDARG00000074456	setd9	ENSEEEP00000045141	ENSEEEG00000021310	SETD9
ENSDARP00000084981	ENSDARG00000062530		ENSEEEP00000002564	ENSEEEG00000001479	ASTE1
ENSDARP00000132196	ENSDARG00000103525	ythdc2	ENSEEEP00000036038	ENSEEEG00000017008	YTHDC2
ENSDARP00000126974	ENSDARG00000021557	wdr45b	ENSEEEP00000015160	ENSEEEG00000007545	WDR45B
ENSDARP00000134212	ENSDARG00000101984	pde6gb	ENSEEEP00000000210	ENSEEEG00000000153	pde6gb
ENSDARP00000077969	ENSDARG00000052747	gpatch3	ENSEEEP00000018925	ENSEEEG00000009282	GPATCH3
ENSDARP00000146523	ENSDARG00000112260	sncga	ENSEEEP00000011456	ENSEEEG00000005788	sncga
ENSDARP00000108736	ENSDARG00000090617	ctif	ENSEEEP00000053673	ENSEEEG00000003479	CTIF
ENSDARP00000139018	ENSDARG00000104517	uqcr10	ENSEEEP00000063436	ENSEEEG00000028056	UQCR10
ENSDARP00000136273	ENSDARG00000102127		ENSEEEP00000025642	ENSEEEG00000012439	NHLRC3
ENSDARP00000152353	ENSDARG00000109510	lsm12b	ENSEEEP00000007797	ENSEEEG00000004079	lsm12b
ENSDARP00000138380	ENSDARG00000099746	rgs3a	ENSEEEP00000062303	ENSEEEG00000025023	rgs3a
ENSDARP00000104423	ENSDARG00000078442		ENSEEEP00000043290	ENSEEEG00000020448	
ENSDARP00000152039	ENSDARG00000111091	ccdc69	ENSEEEP00000030567	ENSEEEG00000014641	ccdc69
ENSDARP00000108758	ENSDARG00000087012	si:dkey-30g5.2	ENSEEEP00000029788	ENSEEEG00000014267	
ENSDARP00000157103	ENSDARG00000109820	npas3	ENSEEEP00000009275	ENSEEEG00000004757	NPAS3
ENSDARP00000151862	ENSDARG00000110744	cytl1	ENSEEEP00000042718	ENSEEEG00000020158	CYTL1
ENSDARP00000131293	ENSDARG00000100528	map1lc3c	ENSEEEP00000056373	ENSEEEG00000027778	MAP1LC3C
ENSDARP00000131946	ENSDARG00000008852	elp4	ENSEEEP00000059478	ENSEEEG00000024228	ELP4
ENSDARP00000135125	ENSDARG00000099458	ddx46	ENSEEEP00000002788	ENSEEEG00000001161	DDX46
ENSDARP00000077232	ENSDARG00000059510	coq2	ENSEEEP00000046839	ENSEEEG00000022050	COQ2
ENSDARP00000101767	ENSDARG00000077306	cutc	ENSEEEP00000028280	ENSEEEG00000013583	CUTC
ENSDARP00000103118	ENSDARG00000087243	zgc:100918	ENSEEEP00000062842	ENSEEEG00000001180	RAB7A
ENSDARP00000098101	ENSDARG00000079679	cep112	ENSEEEP00000001346	ENSEEEG00000000836	CEP112
ENSDARP00000133300	ENSDARG00000098108	dusp2	ENSEEEP00000049889	ENSEEEG00000023450	DUSP2
ENSDARP00000133374	ENSDARG00000103523	nudt6	ENSEEEP00000009589	ENSEEEG00000004895	NUDT6
ENSDARP00000037025	ENSDARG00000026764	ahsg1	ENSEEEP00000050838	ENSEEEG00000023876	ahsg1
ENSDARP00000144688	ENSDARG00000107065		ENSEEEP00000001905	ENSEEEG00000001195	PEBP4
ENSDARP00000140850	ENSDARG00000100846	fgf21	ENSEEEP00000063340	ENSEEEG00000029015	
ENSDARP00000150249	ENSDARG00000110522		ENSEEEP00000023333	ENSEEEG00000011305	acp5b
ENSDARP00000148549	ENSDARG00000113803	prkrip1	ENSEEEP00000009283	ENSEEEG00000004760	PRKRIP1
ENSDARP00000024424	ENSDARG00000019442		ENSEEEP00000024855	ENSEEEG00000012043	amotl1
ENSDARP00000095906	ENSDARG00000071209	oprl1	ENSEEEP00000029279	ENSEEEG00000014031	OPRL1
ENSDARP00000018594	ENSDARG00000018334	rpl35	ENSEEEP00000042972	ENSEEEG00000020284	RPL35
ENSDARP00000102064	ENSDARG00000079302	and2	ENSEEEP00000000865	ENSEEEG00000000592	and2
ENSDARP00000146427	ENSDARG00000052387	pou2f3	ENSEEEP00000009701	ENSEEEG00000004946	POU2F3
ENSDARP00000156353	ENSDARG00000109022		ENSEEEP00000019817	ENSEEEG00000009637	WDR70
ENSDARP00000057864	ENSDARG00000039601	ier3ip1	ENSEEEP00000062140	ENSEEEG00000027594	ier3ip1
ENSDARP00000150435	ENSDARG00000116835	park7	ENSEEEP00000028442	ENSEEEG00000013675	PARK7
ENSDARP00000086821	ENSDARG00000063333	nup210	ENSEEEP00000018358	ENSEEEG00000008993	NUP210
ENSDARP00000119135	ENSDARG00000079474	si:ch211-80m8.2	ENSEEEP00000018332	ENSEEEG00000009004	MSANTD2
ENSDARP00000152926	ENSDARG00000114796		ENSEEEP00000005577	ENSEEEG00000002927	JMY
ENSDARP00000105963	ENSDARG00000090292	ralyl	ENSEEEP00000055459	ENSEEEG00000000600	ralyl
ENSDARP00000102976	ENSDARG00000078835	mrpl58	ENSEEEP00000015202	ENSEEEG00000007562	MRPL58
ENSDARP00000003598	ENSDARG00000004211	ccdc106a	ENSEEEP00000059642	ENSEEEG00000019671	ccdc106a
ENSDARP00000077060	ENSDARG00000068065		ENSEEEP00000001188	ENSEEEG00000000806	
ENSDARP00000105069	ENSDARG00000104859		ENSEEEP00000062259	ENSEEEG00000024861	
ENSDARP00000061571	ENSDARG00000042014	cyp11c1	ENSEEEP00000010428	ENSEEEG00000004639	cyp11c1
ENSDARP00000048448	ENSDARG00000033579	mtrf1	ENSEEEP00000047680	ENSEEEG00000022442	MTRF1
ENSDARP00000130266	ENSDARG00000090820	slc2a10	ENSEEEP00000063166	ENSEEEG00000015764	SLC2A10
ENSDARP00000131999	ENSDARG00000098573	sgcd	ENSEEEP00000040719	ENSEEEG00000026925	SGCD
ENSDARP00000151075	ENSDARG00000110114		ENSEEEP00000053040	ENSEEEG00000028549	
ENSDARP00000091981	ENSDARG00000069499	spag1b	ENSEEEP00000005614	ENSEEEG00000002957	ywhae2
ENSDARP00000135138	ENSDARG00000099195	ier2a	ENSEEEP00000015928	ENSEEEG00000007881	ier2a
ENSDARP00000130504	ENSDARG00000102892	h1m	ENSEEEP00000031752	ENSEEEG00000015167	
ENSDARP00000145929	ENSDARG00000116151	asz1	ENSEEEP00000045705	ENSEEEG00000021551	ASZ1
ENSDARP00000087374	ENSDARG00000063539	slc25a15a	ENSEEEP00000041595	ENSEEEG00000019675	slc25a15a
ENSDARP00000143781	ENSDARG00000070843	arid3a	ENSEEEP00000046042	ENSEEEG00000021693	ARID3A
ENSDARP00000052267	ENSDARG00000036005	pitpnb	ENSEEEP00000000434	ENSEEEG00000000318	PITPNB
ENSDARP00000135599	ENSDARG00000100028	pole2	ENSEEEP00000000250	ENSEEEG00000000140	POLE2
ENSDARP00000156533	ENSDARG00000112811		ENSEEEP00000011750	ENSEEEG00000005913	
ENSDARP00000134809	ENSDARG00000102387	slc39a14	ENSEEEP00000058138	ENSEEEG00000021846	SLC39A14
ENSDARP00000088237	ENSDARG00000059719	fam169aa	ENSEEEP00000028595	ENSEEEG00000013736	fam169aa
ENSDARP00000124284	ENSDARG00000038917	rad50	ENSEEEP00000063125	ENSEEEG00000006900	rad50
ENSDARP00000140479	ENSDARG00000098359	il17rd	ENSEEEP00000021875	ENSEEEG00000010627	IL17RD
ENSDARP00000131741	ENSDARG00000102865	carnmt1	ENSEEEP00000049221	ENSEEEG00000023129	CARNMT1
ENSDARP00000011930	ENSDARG00000006712	wipf2b	ENSEEEP00000033745	ENSEEEG00000016071	wipf2b
ENSDARP00000155511	ENSDARG00000110226	ltap1	ENSEEEP00000015373	ENSEEEG00000007634	C1orf43
ENSDARP00000105686	ENSDARG00000089538	rnf166	ENSEEEP00000064025	ENSEEEG00000025705	RNF166
ENSDARP00000032037	ENSDARG00000026072	pdcd5	ENSEEEP00000035016	ENSEEEG00000016650	PDCD5
ENSDARP00000149337	ENSDARG00000115271	zgc:171772	ENSEEEP00000002593	ENSEEEG00000001471	RPL37A
ENSDARP00000153102	ENSDARG00000070941	igfbp6a	ENSEEEP00000032690	ENSEEEG00000015581	igfbp6a
ENSDARP00000132740	ENSDARG00000099479		ENSEEEP00000004890	ENSEEEG00000002553	RETREG3
ENSDARP00000146467	ENSDARG00000109850		ENSEEEP00000022337	ENSEEEG00000010840	CGRRF1
ENSDARP00000153965	ENSDARG00000116789		ENSEEEP00000024134	ENSEEEG00000011703	PALMD
ENSDARP00000153121	ENSDARG00000113367	insig2	ENSEEEP00000041024	ENSEEEG00000019419	INSIG2
ENSDARP00000132176	ENSDARG00000103978	sh3bp5b	ENSEEEP00000049074	ENSEEEG00000023055	sh3bp5b
ENSDARP00000140544	ENSDARG00000104076	rnf126	ENSEEEP00000048278	ENSEEEG00000022724	RNF126
ENSDARP00000147939	ENSDARG00000012945	tnfsf13b	ENSEEEP00000056042	ENSEEEG00000026125	tnfsf13b
ENSDARP00000053793	ENSDARG00000037009	banf1	ENSEEEP00000006929	ENSEEEG00000003653	BANF1
ENSDARP00000133334	ENSDARG00000105004		ENSEEEP00000056872	ENSEEEG00000027152	
ENSDARP00000146994	ENSDARG00000117032		ENSEEEP00000011941	ENSEEEG00000006009	slmapb
ENSDARP00000087116	ENSDARG00000063436	rph3aa	ENSEEEP00000021828	ENSEEEG00000010616	rph3aa
ENSDARP00000133296	ENSDARG00000104848	cdkal1	ENSEEEP00000059377	ENSEEEG00000006021	CDKAL1
ENSDARP00000110969	ENSDARG00000090195	mtx3	ENSEEEP00000027810	ENSEEEG00000013390	MTX3
ENSDARP00000017606	ENSDARG00000079323	rgmb	ENSEEEP00000060624	ENSEEEG00000027947	RGMB
ENSDARP00000143594	ENSDARG00000106258		ENSEEEP00000045296	ENSEEEG00000021381	SGCZ
ENSDARP00000071274	ENSDARG00000054584		ENSEEEP00000048554	ENSEEEG00000022845	
ENSDARP00000103777	ENSDARG00000079730	fuz	ENSEEEP00000038063	ENSEEEG00000018078	FUZ
ENSDARP00000139201	ENSDARG00000101098		ENSEEEP00000025548	ENSEEEG00000012395	LAMP5
ENSDARP00000132859	ENSDARG00000101636	prorsd1	ENSEEEP00000025549	ENSEEEG00000012396	prorsd1
ENSDARP00000150556	ENSDARG00000111698	tnfsf18	ENSEEEP00000014766	ENSEEEG00000007343	
ENSDARP00000145690	ENSDARG00000022399	ntmt1	ENSEEEP00000033901	ENSEEEG00000016143	NTMT1
ENSDARP00000155804	ENSDARG00000116608	pitx1	ENSEEEP00000011869	ENSEEEG00000005971	PITX1
ENSDARP00000140411	ENSDARG00000099260		ENSEEEP00000007715	ENSEEEG00000004044	PITPNC1
ENSDARP00000144850	ENSDARG00000110729		ENSEEEP00000022519	ENSEEEG00000010930	pcp4a
ENSDARP00000153589	ENSDARG00000110174		ENSEEEP00000048728	ENSEEEG00000022930	CFDP1
ENSDARP00000131274	ENSDARG00000104316		ENSEEEP00000023448	ENSEEEG00000011368	SPATS2
ENSDARP00000137014	ENSDARG00000089505	bod1l1	ENSEEEP00000017478	ENSEEEG00000008647	TSC22D3
ENSDARP00000144987	ENSDARG00000114787		ENSEEEP00000022688	ENSEEEG00000011015	PPP1R15B
ENSDARP00000150837	ENSDARG00000113700	tmem106bb	ENSEEEP00000031886	ENSEEEG00000015229	tmem106bb
ENSDARP00000145310	ENSDARG00000113801		ENSEEEP00000030220	ENSEEEG00000014487	PTTG1IP
ENSDARP00000130957	ENSDARG00000103123		ENSEEEP00000053932	ENSEEEG00000029146	NYAP1
ENSDARP00000133531	ENSDARG00000099438		ENSEEEP00000024808	ENSEEEG00000012015	trpn1
ENSDARP00000147271	ENSDARG00000112759	si:ch211-122l24.6	ENSEEEP00000057878	ENSEEEG00000027752	si:ch211-122l24.6
ENSDARP00000151192	ENSDARG00000102055	hadhb	ENSEEEP00000059098	ENSEEEG00000001287	HADHB
ENSDARP00000088487	ENSDARG00000067832	tle2c	ENSEEEP00000016366	ENSEEEG00000008104	tle2c
ENSDARP00000151146	ENSDARG00000115862	vapal	ENSEEEP00000049599	ENSEEEG00000023318	VAPA
ENSDARP00000130160	ENSDARG00000068082	wbp4	ENSEEEP00000047678	ENSEEEG00000022441	WBP4
ENSDARP00000100789	ENSDARG00000077288	si:ch211-188c16.1	ENSEEEP00000002078	ENSEEEG00000001279	si:ch211-188c16.1
ENSDARP00000099342	ENSDARG00000074995	eif2b5	ENSEEEP00000004467	ENSEEEG00000002322	EIF2B5
ENSDARP00000151452	ENSDARG00000112977		ENSEEEP00000062263	ENSEEEG00000020628	synpo2lb
ENSDARP00000125769	ENSDARG00000052428	si:dkey-43k4.3	ENSEEEP00000060298	ENSEEEG00000029126	si:dkey-43k4.3
ENSDARP00000140190	ENSDARG00000100513	rps27l	ENSEEEP00000001273	ENSEEEG00000000849	RPS27L
ENSDARP00000034051	ENSDARG00000024940	rnf144b	ENSEEEP00000008102	ENSEEEG00000004221	RNF144B
ENSDARP00000074168	ENSDARG00000057114	hpf1	ENSEEEP00000044804	ENSEEEG00000021147	HPF1
ENSDARP00000154656	ENSDARG00000110217	gig2e	ENSEEEP00000058579	ENSEEEG00000027291	
ENSDARP00000011145	ENSDARG00000004948	bccip	ENSEEEP00000048508	ENSEEEG00000022826	BCCIP
ENSDARP00000033758	ENSDARG00000024431	ets1	ENSEEEP00000048700	ENSEEEG00000022896	ETS1
ENSDARP00000131063	ENSDARG00000101753		ENSEEEP00000030953	ENSEEEG00000014806	
ENSDARP00000088239	ENSDARG00000067669	zglp1	ENSEEEP00000009528	ENSEEEG00000004874	zglp1
ENSDARP00000136378	ENSDARG00000100954	wars1	ENSEEEP00000037627	ENSEEEG00000017897	WARS1
ENSDARP00000082020	ENSDARG00000061416	c2cd4a	ENSEEEP00000029847	ENSEEEG00000014305	c2cd4a
ENSDARP00000141952	ENSDARG00000099383	dnajb1a	ENSEEEP00000032075	ENSEEEG00000015299	dnajb1a
ENSDARP00000068915	ENSDARG00000052553	lig3	ENSEEEP00000008580	ENSEEEG00000004349	LIG3
ENSDARP00000064693	ENSDARG00000044072		ENSEEEP00000021293	ENSEEEG00000010354	TATDN3
ENSDARP00000145134	ENSDARG00000116805	arl6ip4	ENSEEEP00000020120	ENSEEEG00000009829	ARL6IP4
ENSDARP00000103037	ENSDARG00000074371	tirap	ENSEEEP00000043811	ENSEEEG00000020706	TIRAP
ENSDARP00000131706	ENSDARG00000099279	ift27	ENSEEEP00000008938	ENSEEEG00000004614	IFT27
ENSDARP00000104151	ENSDARG00000102482	zgc:165573	ENSEEEP00000038474	ENSEEEG00000018270	zgc:165573
ENSDARP00000150821	ENSDARG00000112644		ENSEEEP00000001951	ENSEEEG00000001219	st6galnac
ENSDARP00000111831	ENSDARG00000086896	fubp3	ENSEEEP00000036108	ENSEEEG00000017174	FUBP3
ENSDARP00000139560	ENSDARG00000102948	crb3a	ENSEEEP00000030804	ENSEEEG00000014737	crb3a
ENSDARP00000076697	ENSDARG00000059209	abhd13	ENSEEEP00000034191	ENSEEEG00000016284	abhd13
ENSDARP00000149366	ENSDARG00000109320		ENSEEEP00000014359	ENSEEEG00000007138	E2F4
ENSDARP00000143429	ENSDARG00000112142		ENSEEEP00000050636	ENSEEEG00000023804	tmem54a
ENSDARP00000151290	ENSDARG00000060600	capn15	ENSEEEP00000059667	ENSEEEG00000018153	CAPN15
ENSDARP00000102382	ENSDARG00000016212	nup214	ENSEEEP00000032769	ENSEEEG00000015615	NUP214
ENSDARP00000088236	ENSDARG00000067668	cep57	ENSEEEP00000056354	ENSEEEG00000004555	CEP57
ENSDARP00000135365	ENSDARG00000114162		ENSEEEP00000024465	ENSEEEG00000011864	
ENSDARP00000155929	ENSDARG00000110618	gstt2	ENSEEEP00000047630	ENSEEEG00000022418	gstt2
ENSDARP00000150980	ENSDARG00000115349	nat14	ENSEEEP00000060448	ENSEEEG00000028385	NAT14
ENSDARP00000150813	ENSDARG00000111060	tnfaip6	ENSEEEP00000008601	ENSEEEG00000004456	TNFAIP6
ENSDARP00000153199	ENSDARG00000116696		ENSEEEP00000029944	ENSEEEG00000014342	SPEN
ENSDARP00000134856	ENSDARG00000103994	ppiab	ENSEEEP00000045761	ENSEEEG00000021573	ppiab
ENSDARP00000153807	ENSDARG00000116803	nitr8	ENSEEEP00000042456	ENSEEEG00000020045	nitr8
ENSDARP00000146942	ENSDARG00000111102	camk2n2b	ENSEEEP00000046979	ENSEEEG00000022116	CAMK2N2
ENSDARP00000139993	ENSDARG00000077732	alyref	ENSEEEP00000047183	ENSEEEG00000022212	ALYREF
ENSDARP00000135050	ENSDARG00000100828		ENSEEEP00000009101	ENSEEEG00000004688	
ENSDARP00000101177	ENSDARG00000074528	prtfdc1a	ENSEEEP00000001908	ENSEEEG00000001167	unm_sa821
ENSDARP00000148794	ENSDARG00000110465		ENSEEEP00000014102	ENSEEEG00000007005	fkbp1ab
ENSDARP00000049225	ENSDARG00000014727	acox1	ENSEEEP00000007350	ENSEEEG00000003842	ACOX1
ENSDARP00000103522	ENSDARG00000075108	slc9d1	ENSEEEP00000025726	ENSEEEG00000012415	TMCO3
ENSDARP00000025519	ENSDARG00000019367	tgfb3	ENSEEEP00000043965	ENSEEEG00000020765	TGFB3
ENSDARP00000138633	ENSDARG00000078118	sinhcafl	ENSEEEP00000059718	ENSEEEG00000027322	sinhcafl
ENSDARP00000104378	ENSDARG00000074571	gpaa1	ENSEEEP00000023433	ENSEEEG00000011270	GPAA1
ENSDARP00000107370	ENSDARG00000090899	sycn.3	ENSEEEP00000010173	ENSEEEG00000005161	sycn.1
ENSDARP00000140581	ENSDARG00000101171		ENSEEEP00000057582	ENSEEEG00000025520	SAMD14
ENSDARP00000064310	ENSDARG00000043795	arhgdia	ENSEEEP00000056671	ENSEEEG00000029041	ARHGDIA
ENSDARP00000157538	ENSDARG00000112124		ENSEEEP00000027334	ENSEEEG00000013187	
ENSDARP00000133678	ENSDARG00000102224		ENSEEEP00000002278	ENSEEEG00000001369	ponzr2
ENSDARP00000076841	ENSDARG00000059315	ora3.1	ENSEEEP00000011094	ENSEEEG00000005608	ora3
ENSDARP00000138961	ENSDARG00000101873	dtwd2	ENSEEEP00000028369	ENSEEEG00000013640	DTWD2
ENSDARP00000144736	ENSDARG00000107526	smkr1	ENSEEEP00000001906	ENSEEEG00000001196	SMKR1
ENSDARP00000152423	ENSDARG00000110584		ENSEEEP00000021120	ENSEEEG00000010304	si:dkey-5i3.5
ENSDARP00000149209	ENSDARG00000114026		ENSEEEP00000000387	ENSEEEG00000000282	
ENSDARP00000154522	ENSDARG00000115990		ENSEEEP00000048456	ENSEEEG00000022806	TACO1
ENSDARP00000105840	ENSDARG00000087456	ndufb1	ENSEEEP00000018860	ENSEEEG00000009259	NDUFB1
ENSDARP00000149921	ENSDARG00000114747	si:ch211-175m2.5	ENSEEEP00000055881	ENSEEEG00000026778	si:ch211-175m2.5
ENSDARP00000133679	ENSDARG00000100420	tpcn2	ENSEEEP00000055927	ENSEEEG00000018286	tpcn2
ENSDARP00000070289	ENSDARG00000053771	apbb3	ENSEEEP00000062172	ENSEEEG00000027891	APBB3
ENSDARP00000157105	ENSDARG00000115421	hemk2	ENSEEEP00000039513	ENSEEEG00000018764	N6AMT1
ENSDARP00000080338	ENSDARG00000060741	syt17	ENSEEEP00000028858	ENSEEEG00000013860	ARRB2
ENSDARP00000145284	ENSDARG00000113257	zmp:0000000930	ENSEEEP00000008100	ENSEEEG00000004219	zmp:0000000930
ENSDARP00000110866	ENSDARG00000016775	aqr	ENSEEEP00000018673	ENSEEEG00000008519	AQR
ENSDARP00000151307	ENSDARG00000007040	tmigd1	ENSEEEP00000040843	ENSEEEG00000019349	tmigd1
ENSDARP00000150186	ENSDARG00000110626		ENSEEEP00000014007	ENSEEEG00000006968	nudt4a
ENSDARP00000135368	ENSDARG00000101084		ENSEEEP00000032263	ENSEEEG00000015382	
ENSDARP00000153088	ENSDARG00000111971	selenou1a	ENSEEEP00000060520	ENSEEEG00000027547	selenou1a
ENSDARP00000134116	ENSDARG00000102202	phospho2	ENSEEEP00000009799	ENSEEEG00000004987	PHOSPHO2
ENSDARP00000145143	ENSDARG00000117020	epd	ENSEEEP00000017189	ENSEEEG00000008495	epd
ENSDARP00000137879	ENSDARG00000101831	irx1a	ENSEEEP00000051283	ENSEEEG00000024062	irx1a
ENSDARP00000153544	ENSDARG00000112083		ENSEEEP00000022307	ENSEEEG00000010821	stxbp6l
ENSDARP00000128376	ENSDARG00000088801	fgd5a	ENSEEEP00000062737	ENSEEEG00000026050	fgd5a
ENSDARP00000155387	ENSDARG00000115987	srp14	ENSEEEP00000057631	ENSEEEG00000026317	SRP14
ENSDARP00000104032	ENSDARG00000079713	ccl27b	ENSEEEP00000026984	ENSEEEG00000013025	
ENSDARP00000150096	ENSDARG00000110963	trib1	ENSEEEP00000017999	ENSEEEG00000008870	TRIB1
ENSDARP00000110966	ENSDARG00000040990	usp37	ENSEEEP00000027600	ENSEEEG00000013261	USP37
ENSDARP00000141641	ENSDARG00000105247		ENSEEEP00000061975	ENSEEEG00000025807	
ENSDARP00000111782	ENSDARG00000030408	rps26l	ENSEEEP00000056043	ENSEEEG00000002358	RPS26
ENSDARP00000143696	ENSDARG00000101813	nap1l1	ENSEEEP00000020991	ENSEEEG00000009988	NAP1L1
ENSDARP00000135354	ENSDARG00000103362	zgc:158376	ENSEEEP00000034978	ENSEEEG00000016633	zgc:158376
ENSDARP00000140618	ENSDARG00000100331	smim10l3	ENSEEEP00000000972	ENSEEEG00000000661	SMIM10
ENSDARP00000153836	ENSDARG00000117001		ENSEEEP00000061714	ENSEEEG00000008609	SLC2A9
ENSDARP00000150875	ENSDARG00000114829	sostdc1b	ENSEEEP00000032168	ENSEEEG00000015344	sostdc1b
ENSDARP00000137828	ENSDARG00000099274	atxn3	ENSEEEP00000015882	ENSEEEG00000007826	atxn3
ENSDARP00000068125	ENSDARG00000051920	nsmaf	ENSEEEP00000003337	ENSEEEG00000001865	NSMAF
ENSDARP00000131744	ENSDARG00000111391	si:ch211-117n7.7	ENSEEEP00000009202	ENSEEEG00000029075	si:ch211-117n7.7
ENSDARP00000107806	ENSDARG00000009851	wdr41	ENSEEEP00000052548	ENSEEEG00000024613	WDR41
ENSDARP00000145565	ENSDARG00000111747	bloc1s5	ENSEEEP00000058435	ENSEEEG00000025559	bloc1s5
ENSDARP00000130126	ENSDARG00000074431	ddb1	ENSEEEP00000002205	ENSEEEG00000001345	DDB1
ENSDARP00000131544	ENSDARG00000100461		ENSEEEP00000003090	ENSEEEG00000001739	
ENSDARP00000145593	ENSDARG00000116828		ENSEEEP00000046727	ENSEEEG00000022005	RAD52
ENSDARP00000090213	ENSDARG00000038305	vgll3	ENSEEEP00000011430	ENSEEEG00000005773	VGLL3
ENSDARP00000022858	ENSDARG00000006963	cse1l	ENSEEEP00000008811	ENSEEEG00000004407	CSE1L
ENSDARP00000150062	ENSDARG00000115108	cfap90	ENSEEEP00000039061	ENSEEEG00000018542	C5orf49
ENSDARP00000140934	ENSDARG00000101369		ENSEEEP00000006165	ENSEEEG00000003287	CASS4
ENSDARP00000138373	ENSDARG00000091563	snw1	ENSEEEP00000039540	ENSEEEG00000018751	SNW1
ENSDARP00000082671	ENSDARG00000116998	slc25a17	ENSEEEP00000059739	ENSEEEG00000011392	SLC25A17
ENSDARP00000133069	ENSDARG00000058605	vsig10	ENSEEEP00000020356	ENSEEEG00000009933	VSIG10
ENSDARP00000136435	ENSDARG00000090943		ENSEEEP00000015281	ENSEEEG00000007576	
ENSDARP00000133424	ENSDARG00000103935	rab27a	ENSEEEP00000055379	ENSEEEG00000025709	RAB27A
ENSDARP00000101021	ENSDARG00000076386	epdl1	ENSEEEP00000037294	ENSEEEG00000017723	epdl1
ENSDARP00000051667	ENSDARG00000035632	ccl19a.2	ENSEEEP00000032823	ENSEEEG00000015636	ccl19b
ENSDARP00000135669	ENSDARG00000100104	anxa14	ENSEEEP00000057529	ENSEEEG00000028359	anxa14
ENSDARP00000067585	ENSDARG00000045978	chchd6b	ENSEEEP00000051694	ENSEEEG00000024277	chchd6b
ENSDARP00000127775	ENSDARG00000046157	zgc:114188	ENSEEEP00000041518	ENSEEEG00000019592	RPS17
ENSDARP00000022906	ENSDARG00000014565	eif4e1b	ENSEEEP00000032663	ENSEEEG00000015573	EIF4E1B
ENSDARP00000151781	ENSDARG00000104637	fam219b	ENSEEEP00000063572	ENSEEEG00000028921	FAM219B
ENSDARP00000107220	ENSDARG00000038585	eif4e2	ENSEEEP00000016945	ENSEEEG00000008399	EIF4E2
ENSDARP00000131639	ENSDARG00000017813	pigs	ENSEEEP00000040711	ENSEEEG00000019293	PIGS
ENSDARP00000131835	ENSDARG00000102810	samd1a	ENSEEEP00000032066	ENSEEEG00000015296	samd1a
ENSDARP00000134588	ENSDARG00000103638		ENSEEEP00000007006	ENSEEEG00000003693	nectin3b
ENSDARP00000150635	ENSDARG00000113507		ENSEEEP00000037514	ENSEEEG00000017839	POLR2M
ENSDARP00000138932	ENSDARG00000103255	il23a	ENSEEEP00000009812	ENSEEEG00000004995	RAMP2
ENSDARP00000011783	ENSDARG00000011724	marveld1	ENSEEEP00000005756	ENSEEEG00000003037	MARVELD1
ENSDARP00000130151	ENSDARG00000102274	aaas	ENSEEEP00000029662	ENSEEEG00000014185	AAAS
ENSDARP00000152533	ENSDARG00000114525	lim2.1	ENSEEEP00000027328	ENSEEEG00000013178	lim2.1
ENSDARP00000136215	ENSDARG00000103716	mhc2dga	ENSEEEP00000055275	ENSEEEG00000011900	zgc:123107
ENSDARP00000137889	ENSDARG00000104049	crebl2	ENSEEEP00000033165	ENSEEEG00000015775	CREBL2
ENSDARP00000078614	ENSDARG00000060035	rnf32	ENSEEEP00000019467	ENSEEEG00000009544	RNF32
ENSDARP00000157224	ENSDARG00000109275	pdx1	ENSEEEP00000047454	ENSEEEG00000022328	PDX1
ENSDARP00000148018	ENSDARG00000009390	npl	ENSEEEP00000035153	ENSEEEG00000016727	NPL
ENSDARP00000149062	ENSDARG00000100359		ENSEEEP00000018945	ENSEEEG00000009288	AREL1
ENSDARP00000148941	ENSDARG00000109386		ENSEEEP00000021173	ENSEEEG00000010323	MRPL49
ENSDARP00000109699	ENSDARG00000088663	lman2lb	ENSEEEP00000043305	ENSEEEG00000020456	lman2lb
ENSDARP00000149916	ENSDARG00000110598		ENSEEEP00000042556	ENSEEEG00000020095	
ENSDARP00000130807	ENSDARG00000099298	xrcc5	ENSEEEP00000044133	ENSEEEG00000020811	FANCB
ENSDARP00000147856	ENSDARG00000110730	malb	ENSEEEP00000003114	ENSEEEG00000001767	malb
ENSDARP00000154162	ENSDARG00000113511	tmem119b	ENSEEEP00000039556	ENSEEEG00000018783	tmem119b
ENSDARP00000149383	ENSDARG00000114549	fis1	ENSEEEP00000004098	ENSEEEG00000002177	FIS1
ENSDARP00000136695	ENSDARG00000097660	trappc2	ENSEEEP00000058850	ENSEEEG00000027220	trappc2
ENSDARP00000150713	ENSDARG00000114882		ENSEEEP00000024202	ENSEEEG00000011736	FXYD6
ENSDARP00000066555	ENSDARG00000045254	zmp:0000000624	ENSEEEP00000006663	ENSEEEG00000003536	zmp:0000000624
ENSDARP00000151276	ENSDARG00000113449		ENSEEEP00000008645	ENSEEEG00000004482	DYNLRB2
ENSDARP00000135379	ENSDARG00000102772	klhdc3	ENSEEEP00000014040	ENSEEEG00000006981	KLHDC3
ENSDARP00000145209	ENSDARG00000110206		ENSEEEP00000051558	ENSEEEG00000024831	
ENSDARP00000132748	ENSDARG00000102587	mios	ENSEEEP00000010766	ENSEEEG00000005450	MIOS
ENSDARP00000132530	ENSDARG00000101441	lima1a	ENSEEEP00000043203	ENSEEEG00000020401	lima1a
ENSDARP00000111155	ENSDARG00000087767		ENSEEEP00000064489	ENSEEEG00000026813	
ENSDARP00000097344	ENSDARG00000058631		ENSEEEP00000060859	ENSEEEG00000025750	
ENSDARP00000032706	ENSDARG00000025309	dpf3	ENSEEEP00000027656	ENSEEEG00000013322	DPF3
ENSDARP00000017168	ENSDARG00000001817	zmp:0000000521	ENSEEEP00000059035	ENSEEEG00000028456	zmp:0000000521
ENSDARP00000139581	ENSDARG00000101366	cmklr2	ENSEEEP00000023222	ENSEEEG00000011258	gpr1
ENSDARP00000151225	ENSDARG00000107444	hrh2a	ENSEEEP00000019060	ENSEEEG00000009359	hrh2a
ENSDARP00000134022	ENSDARG00000101063		ENSEEEP00000043047	ENSEEEG00000020321	
ENSDARP00000062174	ENSDARG00000042401	derl2	ENSEEEP00000009655	ENSEEEG00000004916	DERL2
ENSDARP00000111696	ENSDARG00000091326	cep120	ENSEEEP00000016620	ENSEEEG00000008086	CEP120
ENSDARP00000091384	ENSDARG00000069244	si:ch211-244b2.3	ENSEEEP00000014513	ENSEEEG00000007221	si:ch211-244b2.3
ENSDARP00000012019	ENSDARG00000016754	tbca	ENSEEEP00000052555	ENSEEEG00000024615	TBCA
ENSDARP00000004968	ENSDARG00000020483	lta	ENSEEEP00000041506	ENSEEEG00000019632	RAB21
ENSDARP00000126273	ENSDARG00000089886	si:dkey-19e4.5	ENSEEEP00000005316	ENSEEEG00000002775	si:dkey-19e4.5
ENSDARP00000154899	ENSDARG00000112895	tgif2	ENSEEEP00000051722	ENSEEEG00000024287	TGIF2
ENSDARP00000155339	ENSDARG00000114518		ENSEEEP00000052874	ENSEEEG00000017775	LMO3
ENSDARP00000062701	ENSDARG00000042725	cebpb	ENSEEEP00000001640	ENSEEEG00000001051	CEBPB
ENSDARP00000148516	ENSDARG00000110032		ENSEEEP00000000327	ENSEEEG00000000241	SAMD5
ENSDARP00000101005	ENSDARG00000074782	adgrg3	ENSEEEP00000037852	ENSEEEG00000017995	ADGRG3
ENSDARP00000131047	ENSDARG00000100875	gan	ENSEEEP00000056820	ENSEEEG00000010506	GAN
ENSDARP00000015169	ENSDARG00000019772	si:ch1073-280e3.1	ENSEEEP00000050396	ENSEEEG00000023693	si:ch1073-280e3.1
ENSDARP00000016880	ENSDARG00000020043	cnot8	ENSEEEP00000040736	ENSEEEG00000019307	CNOT8
ENSDARP00000139479	ENSDARG00000098694	slc16a2	ENSEEEP00000009411	ENSEEEG00000004799	SLC16A2
ENSDARP00000058563	ENSDARG00000040041	mcm4	ENSEEEP00000063760	ENSEEEG00000010819	MCM4
ENSDARP00000091188	ENSDARG00000069143	map3k7cl	ENSEEEP00000025051	ENSEEEG00000012156	MAP3K7CL
ENSDARP00000102176	ENSDARG00000074014	plaat1l	ENSEEEP00000020464	ENSEEEG00000009994	zgc:194275
ENSDARP00000136238	ENSDARG00000103791	nme2b.1	ENSEEEP00000034949	ENSEEEG00000016628	
ENSDARP00000141850	ENSDARG00000103135	stoml2	ENSEEEP00000032904	ENSEEEG00000015641	STOML2
ENSDARP00000155393	ENSDARG00000109687	rem2	ENSEEEP00000054925	ENSEEEG00000017774	REM2
ENSDARP00000137551	ENSDARG00000102474	dusp16	ENSEEEP00000033167	ENSEEEG00000015777	DUSP16
ENSDARP00000083406	ENSDARG00000061956	sytl2a	ENSEEEP00000031905	ENSEEEG00000015233	sytl2a
ENSDARP00000082215	ENSDARG00000061505	mrps9	ENSEEEP00000039185	ENSEEEG00000018498	MRPS9
ENSDARP00000124728	ENSDARG00000006206	pou4f3	ENSEEEP00000013842	ENSEEEG00000006888	POU4F3
ENSDARP00000078258	ENSDARG00000059899		ENSEEEP00000014437	ENSEEEG00000007190	
ENSDARP00000140878	ENSDARG00000043249	irf1b	ENSEEEP00000049932	ENSEEEG00000023472	irf1b
ENSDARP00000155000	ENSDARG00000116141	nog3	ENSEEEP00000017850	ENSEEEG00000008814	nog3
ENSDARP00000109406	ENSDARG00000090064	tmem179ab	ENSEEEP00000044888	ENSEEEG00000021189	TMEM179
ENSDARP00000130615	ENSDARG00000103727	tfr2	ENSEEEP00000013341	ENSEEEG00000006682	TFR2
ENSDARP00000070556	ENSDARG00000053953	myadml2	ENSEEEP00000047532	ENSEEEG00000022375	MYADML2
ENSDARP00000154609	ENSDARG00000114870		ENSEEEP00000026237	ENSEEEG00000012681	
ENSDARP00000141570	ENSDARG00000099322		ENSEEEP00000044103	ENSEEEG00000020839	SLC37A3
ENSDARP00000033381	ENSDARG00000021997	cfap206	ENSEEEP00000037999	ENSEEEG00000018043	cfap206
ENSDARP00000073880	ENSDARG00000056855	gatc	ENSEEEP00000043601	ENSEEEG00000020610	gatc
ENSDARP00000154165	ENSDARG00000116600		ENSEEEP00000047008	ENSEEEG00000022129	
ENSDARP00000131892	ENSDARG00000101139	agpat2	ENSEEEP00000053730	ENSEEEG00000026867	AGPAT2
ENSDARP00000141273	ENSDARG00000110098		ENSEEEP00000012934	ENSEEEG00000006503	znf207b
ENSDARP00000135256	ENSDARG00000102657	lman2la	ENSEEEP00000042498	ENSEEEG00000020071	lman2la
ENSDARP00000110311	ENSDARG00000090632	crlf2	ENSEEEP00000047328	ENSEEEG00000022282	
ENSDARP00000091083	ENSDARG00000069113	dbn1	ENSEEEP00000044087	ENSEEEG00000020838	DBN1
ENSDARP00000154016	ENSDARG00000115057	dnase1l1	ENSEEEP00000011970	ENSEEEG00000006037	DNASE1L1
ENSDARP00000014491	ENSDARG00000018283	cyba	ENSEEEP00000035052	ENSEEEG00000016667	CYBA
ENSDARP00000004160	ENSDARG00000019487	tmx1	ENSEEEP00000034592	ENSEEEG00000016451	TMX1
ENSDARP00000027014	ENSDARG00000018825	tmem248	ENSEEEP00000008591	ENSEEEG00000004451	TMEM248
ENSDARP00000112037	ENSDARG00000088255	smoc1	ENSEEEP00000010483	ENSEEEG00000005304	smoc1
ENSDARP00000101048	ENSDARG00000077782	acer2	ENSEEEP00000038867	ENSEEEG00000018433	ACER2
ENSDARP00000133225	ENSDARG00000101670	kntc1	ENSEEEP00000049504	ENSEEEG00000023275	KNTC1
ENSDARP00000130094	ENSDARG00000104792	dntt	ENSEEEP00000012665	ENSEEEG00000006348	DNTT
ENSDARP00000153362	ENSDARG00000113319	rmp64	ENSEEEP00000038894	ENSEEEG00000018450	NEPRO
ENSDARP00000151964	ENSDARG00000115248		ENSEEEP00000020665	ENSEEEG00000010078	CDK2AP1
ENSDARP00000039876	ENSDARG00000032627	scyl2	ENSEEEP00000055631	ENSEEEG00000007217	SCYL2
ENSDARP00000063661	ENSDARG00000043371	mdh2	ENSEEEP00000018030	ENSEEEG00000008419	MDH2
ENSDARP00000089043	ENSDARG00000068086	psmb11b	ENSEEEP00000006326	ENSEEEG00000003364	psmb11b
ENSDARP00000103414	ENSDARG00000079472		ENSEEEP00000042981	ENSEEEG00000020287	F2RL2
ENSDARP00000019152	ENSDARG00000013933		ENSEEEP00000039680	ENSEEEG00000018823	XRCC2
ENSDARP00000136064	ENSDARG00000099824	nots	ENSEEEP00000042753	ENSEEEG00000020102	nots
ENSDARP00000131503	ENSDARG00000102831	fam193b	ENSEEEP00000062160	ENSEEEG00000019639	FAM193B
ENSDARP00000154475	ENSDARG00000116466		ENSEEEP00000048300	ENSEEEG00000022746	tnfrsf9a
ENSDARP00000132708	ENSDARG00000102483	numa1	ENSEEEP00000058439	ENSEEEG00000025485	
ENSDARP00000101535	ENSDARG00000077039	esama	ENSEEEP00000018334	ENSEEEG00000009005	esama
ENSDARP00000103306	ENSDARG00000077804	hgsnat	ENSEEEP00000043840	ENSEEEG00000020721	HGSNAT
ENSDARP00000020042	ENSDARG00000021112	c1d	ENSEEEP00000057628	ENSEEEG00000025224	C1D
ENSDARP00000152811	ENSDARG00000111852	si:dkey-172h23.2	ENSEEEP00000034458	ENSEEEG00000016404	
ENSDARP00000145645	ENSDARG00000042737	slc52a3-1	ENSEEEP00000001684	ENSEEEG00000001075	SLC52A3
ENSDARP00000080227	ENSDARG00000060688	trim69	ENSEEEP00000028031	ENSEEEG00000013486	TRIM69
ENSDARP00000100247	ENSDARG00000077155	tmem116	ENSEEEP00000046490	ENSEEEG00000021901	si:ch211-157p22.10
ENSDARP00000109062	ENSDARG00000086931		ENSEEEP00000047836	ENSEEEG00000022516	
ENSDARP00000148396	ENSDARG00000117134	rasd3	ENSEEEP00000034897	ENSEEEG00000016600	rasd3
ENSDARP00000135123	ENSDARG00000100791	tril	ENSEEEP00000002583	ENSEEEG00000001491	TRIL
ENSDARP00000137423	ENSDARG00000059150	tmem107	ENSEEEP00000017480	ENSEEEG00000008651	tmem107
ENSDARP00000156918	ENSDARG00000038348	pigh	ENSEEEP00000027633	ENSEEEG00000013310	PIGH
ENSDARP00000136881	ENSDARG00000098959		ENSEEEP00000005345	ENSEEEG00000002773	
ENSDARP00000134253	ENSDARG00000105023	selplg	ENSEEEP00000049458	ENSEEEG00000023246	SELPLG
ENSDARP00000147104	ENSDARG00000115805		ENSEEEP00000027917	ENSEEEG00000013441	GGT7
ENSDARP00000103689	ENSDARG00000075400	fbxo33	ENSEEEP00000062297	ENSEEEG00000027864	FBXO33
ENSDARP00000106696	ENSDARG00000088083	sik3	ENSEEEP00000062294	ENSEEEG00000019502	SIK3
ENSDARP00000088453	ENSDARG00000067814	zmp:0000001127	ENSEEEP00000023788	ENSEEEG00000011535	
ENSDARP00000139168	ENSDARG00000100060	exosc7	ENSEEEP00000007420	ENSEEEG00000003897	EXOSC7
ENSDARP00000131339	ENSDARG00000104717	tbxa2r	ENSEEEP00000025087	ENSEEEG00000012163	TBXA2R
ENSDARP00000059549	ENSDARG00000040668	lrrc51	ENSEEEP00000002988	ENSEEEG00000001702	LRRC51
ENSDARP00000132899	ENSDARG00000101379	mfsd1	ENSEEEP00000025632	ENSEEEG00000012431	MFSD1
ENSDARP00000136343	ENSDARG00000098913	faslg	ENSEEEP00000036817	ENSEEEG00000017479	FASLG
ENSDARP00000132000	ENSDARG00000104069	rnf170	ENSEEEP00000056356	ENSEEEG00000025725	RNF170
ENSDARP00000076682	ENSDARG00000039687	zgc:194221	ENSEEEP00000055182	ENSEEEG00000028022	mettl27
ENSDARP00000053125	ENSDARG00000036567	aanat1	ENSEEEP00000062786	ENSEEEG00000024899	aanat1
ENSDARP00000104514	ENSDARG00000090072		ENSEEEP00000041117	ENSEEEG00000019455	KRTCAP3
ENSDARP00000087356	ENSDARG00000063518	zgc:153913	ENSEEEP00000051632	ENSEEEG00000024242	zgc:153913
ENSDARP00000137543	ENSDARG00000103002	nptna	ENSEEEP00000036181	ENSEEEG00000017212	nptna
ENSDARP00000135434	ENSDARG00000103957	aamdc	ENSEEEP00000054568	ENSEEEG00000027261	AAMDC
ENSDARP00000099089	ENSDARG00000075857	pgs1	ENSEEEP00000011675	ENSEEEG00000005868	PGS1
ENSDARP00000101515	ENSDARG00000079979	fam89a	ENSEEEP00000056274	ENSEEEG00000028880	FAM89A
ENSDARP00000133956	ENSDARG00000105114	crebrf	ENSEEEP00000029621	ENSEEEG00000014166	CREBRF
ENSDARP00000151248	ENSDARG00000116275	rnasel3	ENSEEEP00000063463	ENSEEEG00000024819	
ENSDARP00000102579	ENSDARG00000078922	minar2	ENSEEEP00000036792	ENSEEEG00000017468	MINAR2
ENSDARP00000133068	ENSDARG00000100487	nploc4	ENSEEEP00000001782	ENSEEEG00000000454	NPLOC4
ENSDARP00000146205	ENSDARG00000041332	tmem33	ENSEEEP00000032380	ENSEEEG00000015437	TMEM33
ENSDARP00000141712	ENSDARG00000104367	casp20	ENSEEEP00000042103	ENSEEEG00000019888	casp20
ENSDARP00000152680	ENSDARG00000114631		ENSEEEP00000033772	ENSEEEG00000016085	si:dkey-70p6.1
ENSDARP00000104692	ENSDARG00000089303		ENSEEEP00000038660	ENSEEEG00000018348	SNORC
ENSDARP00000134463	ENSDARG00000103017	xkr5a	ENSEEEP00000044915	ENSEEEG00000021200	xkr5a
ENSDARP00000105996	ENSDARG00000086756	si:ch73-167i17.6	ENSEEEP00000034773	ENSEEEG00000016537	RGS9BP
ENSDARP00000068385	ENSDARG00000052110	mboat4	ENSEEEP00000046859	ENSEEEG00000022061	MBOAT4
ENSDARP00000138317	ENSDARG00000052400	gpr6	ENSEEEP00000044513	ENSEEEG00000021028	GPR6
ENSDARP00000064364	ENSDARG00000043842	si:ch73-111k22.2	ENSEEEP00000008418	ENSEEEG00000004392	C1orf198
ENSDARP00000136034	ENSDARG00000100872	otud1	ENSEEEP00000033424	ENSEEEG00000015886	OTUD1
ENSDARP00000146008	ENSDARG00000110186		ENSEEEP00000007424	ENSEEEG00000003899	POT1
ENSDARP00000076900	ENSDARG00000059361	slc39a4	ENSEEEP00000011103	ENSEEEG00000005628	SLC39A4
ENSDARP00000137249	ENSDARG00000098231	hhex	ENSEEEP00000020607	ENSEEEG00000010054	HHEX
ENSDARP00000133165	ENSDARG00000102877		ENSEEEP00000044327	ENSEEEG00000020944	BPHL
ENSDARP00000110799	ENSDARG00000058318	c1qtnf9	ENSEEEP00000028687	ENSEEEG00000013782	c1qtnf9
ENSDARP00000139159	ENSDARG00000102953	ints4	ENSEEEP00000050018	ENSEEEG00000023515	INTS4
ENSDARP00000144927	ENSDARG00000114508	tmem101	ENSEEEP00000007788	ENSEEEG00000004075	TMEM101
ENSDARP00000132842	ENSDARG00000109423		ENSEEEP00000061688	ENSEEEG00000028412	
ENSDARP00000151126	ENSDARG00000016044	gins4	ENSEEEP00000057011	ENSEEEG00000029039	GINS4
ENSDARP00000156145	ENSDARG00000113405		ENSEEEP00000022864	ENSEEEG00000011098	si:dkey-27p18.7
ENSDARP00000138230	ENSDARG00000102206	stc2b	ENSEEEP00000029560	ENSEEEG00000014160	stc2b
ENSDARP00000148458	ENSDARG00000115133	si:dkey-111e8.4	ENSEEEP00000020013	ENSEEEG00000009786	si:dkey-111e8.4
ENSDARP00000138577	ENSDARG00000101800		ENSEEEP00000043013	ENSEEEG00000020305	PSTK
ENSDARP00000130256	ENSDARG00000103736	gramd2aa	ENSEEEP00000038743	ENSEEEG00000018385	gramd2aa
ENSDARP00000035047	ENSDARG00000026834	cdr2l	ENSEEEP00000047179	ENSEEEG00000022208	CDR2L
ENSDARP00000139817	ENSDARG00000103288	pdpr	ENSEEEP00000034964	ENSEEEG00000016546	PDPR
ENSDARP00000087679	ENSDARG00000104596		ENSEEEP00000009417	ENSEEEG00000004817	gtf2a1l
ENSDARP00000083594	ENSDARG00000062021	ccdc181	ENSEEEP00000040505	ENSEEEG00000019187	ccdc181
ENSDARP00000139933	ENSDARG00000098249	asmt	ENSEEEP00000015683	ENSEEEG00000007749	calb2b
ENSDARP00000139285	ENSDARG00000100466	nrl	ENSEEEP00000025249	ENSEEEG00000012250	NRL
ENSDARP00000139813	ENSDARG00000102896	jmjd6	ENSEEEP00000047428	ENSEEEG00000022317	JMJD6
ENSDARP00000148457	ENSDARG00000105033		ENSEEEP00000027826	ENSEEEG00000013402	bsg
ENSDARP00000141315	ENSDARG00000100151	appl2	ENSEEEP00000037628	ENSEEEG00000017770	appl2
ENSDARP00000063985	ENSDARG00000045959	csf3r	ENSEEEP00000050966	ENSEEEG00000023938	CSF3R
ENSDARP00000139236	ENSDARG00000105118	zgc:171566	ENSEEEP00000050121	ENSEEEG00000023578	GGH
ENSDARP00000143071	ENSDARG00000103369	taldo1	ENSEEEP00000002216	ENSEEEG00000001349	TALDO1
ENSDARP00000149466	ENSDARG00000116727	tmem200cb	ENSEEEP00000050196	ENSEEEG00000023611	TMEM200C
ENSDARP00000036535	ENSDARG00000025468	bnip3la	ENSEEEP00000057869	ENSEEEG00000028292	bnip3la
ENSDARP00000132404	ENSDARG00000102503		ENSEEEP00000047405	ENSEEEG00000022310	slc9a3r1b
ENSDARP00000077389	ENSDARG00000059581	mbd5	ENSEEEP00000020547	ENSEEEG00000010030	MBD5
ENSDARP00000059000	ENSDARG00000040319	c5ar1	ENSEEEP00000033381	ENSEEEG00000015867	C5AR1
ENSDARP00000151894	ENSDARG00000114719		ENSEEEP00000046437	ENSEEEG00000021864	
ENSDARP00000153602	ENSDARG00000116581	ptger2b	ENSEEEP00000022787	ENSEEEG00000011052	ptger2b
ENSDARP00000152472	ENSDARG00000116495	pafah1b3	ENSEEEP00000056128	ENSEEEG00000003827	PAFAH1B3
ENSDARP00000059187	ENSDARG00000040432	klf2b	ENSEEEP00000050782	ENSEEEG00000023858	klf2b
ENSDARP00000148476	ENSDARG00000110047	tsfm	ENSEEEP00000021568	ENSEEEG00000010502	TSFM
ENSDARP00000152566	ENSDARG00000104045	tlr22	ENSEEEP00000040587	ENSEEEG00000019226	tlr22
ENSDARP00000070561	ENSDARG00000053973	fetub	ENSEEEP00000054152	ENSEEEG00000023879	FETUB
ENSDARP00000150848	ENSDARG00000088002	wu:fc23c09	ENSEEEP00000029253	ENSEEEG00000014021	wu:fc23c09
ENSDARP00000134700	ENSDARG00000061832	sntg1	ENSEEEP00000022483	ENSEEEG00000010912	SNTG1
ENSDARP00000068532	ENSDARG00000111530		ENSEEEP00000005405	ENSEEEG00000002828	CFAP100
ENSDARP00000104113	ENSDARG00000079652	caap1	ENSEEEP00000022974	ENSEEEG00000011150	CAAP1
ENSDARP00000145596	ENSDARG00000115947		ENSEEEP00000001809	ENSEEEG00000001145	si:ch211-107o10.3
ENSDARP00000155050	ENSDARG00000112492		ENSEEEP00000020659	ENSEEEG00000010077	MTRFR
ENSDARP00000080925	ENSDARG00000060983	smyd4	ENSEEEP00000036359	ENSEEEG00000017289	SMYD4
ENSDARP00000091013	ENSDARG00000069082	mrm3b	ENSEEEP00000040837	ENSEEEG00000019345	mrm3b
ENSDARP00000147584	ENSDARG00000109632	tlcd5b	ENSEEEP00000009672	ENSEEEG00000004930	tlcd5b
ENSDARP00000130181	ENSDARG00000103305		ENSEEEP00000000107	ENSEEEG00000000075	P2RY14
ENSDARP00000148566	ENSDARG00000104635	mhc2dgb	ENSEEEP00000056041	ENSEEEG00000005539	mhc2dab
ENSDARP00000130902	ENSDARG00000099716	tas2r203	ENSEEEP00000055680	ENSEEEG00000028563	drd1b
ENSDARP00000065506	ENSDARG00000044600	plppr2b	ENSEEEP00000038984	ENSEEEG00000018494	plppr2b
ENSDARP00000152510	ENSDARG00000111810	lhfpl4a	ENSEEEP00000005324	ENSEEEG00000002781	lhfpl4a
ENSDARP00000156146	ENSDARG00000117059		ENSEEEP00000014911	ENSEEEG00000007424	rgs7bpb
ENSDARP00000143947	ENSDARG00000106245		ENSEEEP00000003561	ENSEEEG00000001952	
ENSDARP00000110803	ENSDARG00000086378	gig2q	ENSEEEP00000026299	ENSEEEG00000012726	
ENSDARP00000137118	ENSDARG00000095901	col18a1b	ENSEEEP00000053334	ENSEEEG00000028279	MMP15
ENSDARP00000155960	ENSDARG00000116617	spaca4l	ENSEEEP00000035379	ENSEEEG00000016842	spaca4l
ENSDARP00000147007	ENSDARG00000004647	spice1	ENSEEEP00000047176	ENSEEEG00000022205	spice1
ENSDARP00000043156	ENSDARG00000033587		ENSEEEP00000009393	ENSEEEG00000004804	
ENSDARP00000030506	ENSDARG00000022560	clcnk	ENSEEEP00000029968	ENSEEEG00000014356	clcnk
ENSDARP00000106568	ENSDARG00000091595		ENSEEEP00000044079	ENSEEEG00000020835	
ENSDARP00000131861	ENSDARG00000104508	slc10a7	ENSEEEP00000001742	ENSEEEG00000001118	SLC10A7
ENSDARP00000132098	ENSDARG00000104789	dele1	ENSEEEP00000009594	ENSEEEG00000004899	TTC23
ENSDARP00000055706	ENSDARG00000054562	her15.1	ENSEEEP00000062484	ENSEEEG00000026568	her12
ENSDARP00000153735	ENSDARG00000104715		ENSEEEP00000044068	ENSEEEG00000020828	RUBCNL
ENSDARP00000156588	ENSDARG00000011999	ybey	ENSEEEP00000027490	ENSEEEG00000013258	YBEY
ENSDARP00000134732	ENSDARG00000023627	ggps1	ENSEEEP00000019017	ENSEEEG00000009330	GGPS1
ENSDARP00000141390	ENSDARG00000101785	laptm5	ENSEEEP00000038232	ENSEEEG00000018179	LAPTM5
ENSDARP00000013603	ENSDARG00000004864	foxr1	ENSEEEP00000009694	ENSEEEG00000004944	FOXR1
ENSDARP00000145069	ENSDARG00000111641		ENSEEEP00000004816	ENSEEEG00000002513	zdhhc12b
ENSDARP00000065255	ENSDARG00000044431	ppig	ENSEEEP00000009809	ENSEEEG00000004993	PPIG
ENSDARP00000140736	ENSDARG00000105254		ENSEEEP00000037598	ENSEEEG00000017888	RAB37
ENSDARP00000053204	ENSDARG00000036628	cd74b	ENSEEEP00000040529	ENSEEEG00000019197	cd74b
ENSDARP00000138607	ENSDARG00000098790	sowahca	ENSEEEP00000015695	ENSEEEG00000007770	SOWAHC
ENSDARP00000089381	ENSDARG00000018312	rell1	ENSEEEP00000040831	ENSEEEG00000019342	RELL1
ENSDARP00000139063	ENSDARG00000100813	nudt12	ENSEEEP00000018710	ENSEEEG00000009197	NUDT12
ENSDARP00000156081	ENSDARG00000114552	siva1	ENSEEEP00000046130	ENSEEEG00000021737	siva1
ENSDARP00000101635	ENSDARG00000068590	naa80	ENSEEEP00000000141	ENSEEEG00000000104	NAA80
ENSDARP00000136410	ENSDARG00000100409	camlg	ENSEEEP00000003016	ENSEEEG00000001712	CAMLG
ENSDARP00000151138	ENSDARG00000110599		ENSEEEP00000027331	ENSEEEG00000013185	noctb
ENSDARP00000151848	ENSDARG00000110386		ENSEEEP00000028740	ENSEEEG00000013811	ARL16
ENSDARP00000102764	ENSDARG00000076862	gask1a	ENSEEEP00000024255	ENSEEEG00000011758	GASK1A
ENSDARP00000138604	ENSDARG00000100287	sla1b	ENSEEEP00000036177	ENSEEEG00000017210	SLA
ENSDARP00000146997	ENSDARG00000109961	mrpl22	ENSEEEP00000040726	ENSEEEG00000019302	MRPL22
ENSDARP00000011927	ENSDARG00000010332	zgc:56231	ENSEEEP00000003236	ENSEEEG00000001817	zgc:56231
ENSDARP00000147777	ENSDARG00000116237		ENSEEEP00000019374	ENSEEEG00000009492	tmem41ab
ENSDARP00000078292	ENSDARG00000059917	ccnj	ENSEEEP00000012634	ENSEEEG00000006331	CCNJ
ENSDARP00000138738	ENSDARG00000103320	lclat1	ENSEEEP00000024101	ENSEEEG00000011691	LCLAT1
ENSDARP00000134529	ENSDARG00000101186		ENSEEEP00000041206	ENSEEEG00000019500	TMEM25
ENSDARP00000105643	ENSDARG00000088246	thoc1	ENSEEEP00000022567	ENSEEEG00000010910	THOC1
ENSDARP00000148039	ENSDARG00000109382	med7	ENSEEEP00000022034	ENSEEEG00000010701	MED7
ENSDARP00000109449	ENSDARG00000087421	serbp1b	ENSEEEP00000060526	ENSEEEG00000002520	serbp1b
ENSDARP00000130386	ENSDARG00000098149	uts2d	ENSEEEP00000025213	ENSEEEG00000012231	uts2d
ENSDARP00000051482	ENSDARG00000035515	tm2d2	ENSEEEP00000063361	ENSEEEG00000020453	TM2D2
ENSDARP00000104211	ENSDARG00000008030	myl9b	ENSEEEP00000055516	ENSEEEG00000025663	myl9b
ENSDARP00000153081	ENSDARG00000114869	vsig8a	ENSEEEP00000024342	ENSEEEG00000011801	vsig8a
ENSDARP00000109454	ENSDARG00000023174	fez1	ENSEEEP00000018338	ENSEEEG00000009007	FEZ1
ENSDARP00000140751	ENSDARG00000098700	il1b	ENSEEEP00000044701	ENSEEEG00000021108	IL1B
ENSDARP00000110864	ENSDARG00000089705	abcf3	ENSEEEP00000041102	ENSEEEG00000019403	ABCF3
ENSDARP00000141485	ENSDARG00000104696	apooa	ENSEEEP00000056975	ENSEEEG00000020316	apooa
ENSDARP00000145847	ENSDARG00000112431		ENSEEEP00000021922	ENSEEEG00000010646	RELN
ENSDARP00000139150	ENSDARG00000101185		ENSEEEP00000003242	ENSEEEG00000001824	RIC3
ENSDARP00000154685	ENSDARG00000101259	hgh1	ENSEEEP00000007415	ENSEEEG00000003896	HGH1
ENSDARP00000130382	ENSDARG00000102288		ENSEEEP00000057002	ENSEEEG00000027231	
ENSDARP00000058992	ENSDARG00000040314	psph	ENSEEEP00000033574	ENSEEEG00000015971	psph
ENSDARP00000151948	ENSDARG00000112510		ENSEEEP00000052592	ENSEEEG00000024635	TMEM199
ENSDARP00000156011	ENSDARG00000009949	fndc4b	ENSEEEP00000053203	ENSEEEG00000025855	fndc4a
ENSDARP00000053105	ENSDARG00000036548	s1pr2	ENSEEEP00000040521	ENSEEEG00000019194	S1PR2
ENSDARP00000109341	ENSDARG00000089357	miga2	ENSEEEP00000059279	ENSEEEG00000006437	MIGA2
ENSDARP00000139437	ENSDARG00000105014	mre11a	ENSEEEP00000052927	ENSEEEG00000012047	mre11a
ENSDARP00000140643	ENSDARG00000099495	si:ch73-309g22.1	ENSEEEP00000000122	ENSEEEG00000000085	si:ch73-309g22.1
ENSDARP00000081872	ENSDARG00000061372	cog7	ENSEEEP00000023643	ENSEEEG00000011451	COG7
ENSDARP00000149881	ENSDARG00000112670	smim20	ENSEEEP00000041539	ENSEEEG00000019643	SMIM20
ENSDARP00000090311	ENSDARG00000068738	cox5b2	ENSEEEP00000053320	ENSEEEG00000026310	cox5b2
ENSDARP00000137713	ENSDARG00000101687		ENSEEEP00000055500	ENSEEEG00000023358	MAP1B
ENSDARP00000099895	ENSDARG00000077553	rap2aa	ENSEEEP00000037083	ENSEEEG00000017611	rap2aa
ENSDARP00000130836	ENSDARG00000003846	mrpl21	ENSEEEP00000007435	ENSEEEG00000003906	MRPL21
ENSDARP00000137535	ENSDARG00000101264	trim35-12	ENSEEEP00000028786	ENSEEEG00000028600	trim35-12
ENSDARP00000145791	ENSDARG00000110612		ENSEEEP00000002585	ENSEEEG00000001481	RGS20
ENSDARP00000151499	ENSDARG00000109902	tmem254	ENSEEEP00000060925	ENSEEEG00000027356	TMEM254
ENSDARP00000156461	ENSDARG00000115501	shisa6b	ENSEEEP00000057209	ENSEEEG00000027332	SHISA6
ENSDARP00000099944	ENSDARG00000075606		ENSEEEP00000058126	ENSEEEG00000028092	RNF5
ENSDARP00000019910	ENSDARG00000010350	c1ql3a	ENSEEEP00000020492	ENSEEEG00000010005	c1ql3a
ENSDARP00000043430	ENSDARG00000030022	nup188	ENSEEEP00000062410	ENSEEEG00000006530	NUP188
ENSDARP00000046598	ENSDARG00000055973	zar1l	ENSEEEP00000061442	ENSEEEG00000011079	ZAR1L
ENSDARP00000154012	ENSDARG00000004017	spag1a	ENSEEEP00000045606	ENSEEEG00000021518	spag1a
ENSDARP00000138976	ENSDARG00000103383	dnah9	ENSEEEP00000015097	ENSEEEG00000007520	DNAH9
ENSDARP00000141932	ENSDARG00000104363		ENSEEEP00000013210	ENSEEEG00000006621	CARTPT
ENSDARP00000153402	ENSDARG00000068582	rnf44	ENSEEEP00000026199	ENSEEEG00000012665	rnf165b
ENSDARP00000067116	ENSDARG00000041875	ube2v1	ENSEEEP00000032826	ENSEEEG00000015591	ube2v1
ENSDARP00000147170	ENSDARG00000112856		ENSEEEP00000047186	ENSEEEG00000022213	METTL21C
ENSDARP00000108775	ENSDARG00000088862	stxbp6	ENSEEEP00000018758	ENSEEEG00000009211	STXBP6
ENSDARP00000102457	ENSDARG00000077174	qsox2	ENSEEEP00000057990	ENSEEEG00000024127	QSOX2
ENSDARP00000131844	ENSDARG00000103752	dusp26	ENSEEEP00000045793	ENSEEEG00000021588	DUSP26
ENSDARP00000147488	ENSDARG00000110877		ENSEEEP00000057447	ENSEEEG00000026643	NRTN
ENSDARP00000098788	ENSDARG00000076277		ENSEEEP00000038173	ENSEEEG00000018144	
ENSDARP00000056864	ENSDARG00000038954	ctnnbip1	ENSEEEP00000063755	ENSEEEG00000027660	CTNNBIP1
ENSDARP00000078103	ENSDARG00000059853	manbal	ENSEEEP00000056596	ENSEEEG00000024805	MANBAL
ENSDARP00000103731	ENSDARG00000116193		ENSEEEP00000018192	ENSEEEG00000008943	
ENSDARP00000137520	ENSDARG00000104795	cxcl8a	ENSEEEP00000016547	ENSEEEG00000008201	cxcl8a
ENSDARP00000141688	ENSDARG00000019588	chico	ENSEEEP00000064231	ENSEEEG00000026117	TLE5
ENSDARP00000028710	ENSDARG00000023272	tfap2d	ENSEEEP00000033008	ENSEEEG00000015715	TFAP2D
ENSDARP00000089201	ENSDARG00000068181	dpep1	ENSEEEP00000001312	ENSEEEG00000000878	DPEP1
ENSDARP00000110623	ENSDARG00000087759	cnih4	ENSEEEP00000052516	ENSEEEG00000024599	CNIH4
ENSDARP00000129920	ENSDARG00000101959	etv1	ENSEEEP00000002695	ENSEEEG00000001561	ETV1
ENSDARP00000130510	ENSDARG00000098992	zgc:114119	ENSEEEP00000015904	ENSEEEG00000007867	zgc:114119
ENSDARP00000066871	ENSDARG00000026417	ccr12b.2	ENSEEEP00000015391	ENSEEEG00000007642	ccr12b.2
ENSDARP00000137429	ENSDARG00000098286		ENSEEEP00000063485	ENSEEEG00000028996	
ENSDARP00000034327	ENSDARG00000014488	ca2	ENSEEEP00000033593	ENSEEEG00000015946	CA2
ENSDARP00000105877	ENSDARG00000089434	etv7	ENSEEEP00000054144	ENSEEEG00000011311	ETV7
ENSDARP00000149335	ENSDARG00000102332	spint1a	ENSEEEP00000045407	ENSEEEG00000021433	spint1a
ENSDARP00000086702	ENSDARG00000063254	r3hdm4	ENSEEEP00000046328	ENSEEEG00000021810	R3HDM4
ENSDARP00000011002	ENSDARG00000015851	pnn	ENSEEEP00000027365	ENSEEEG00000013205	PNN
ENSDARP00000151939	ENSDARG00000060695	znf346	ENSEEEP00000061463	ENSEEEG00000024955	ZNF346
ENSDARP00000138579	ENSDARG00000103290	apbb2a	ENSEEEP00000056688	ENSEEEG00000025775	
ENSDARP00000152484	ENSDARG00000115161		ENSEEEP00000032378	ENSEEEG00000015436	
ENSDARP00000138762	ENSDARG00000101530	prr16	ENSEEEP00000015872	ENSEEEG00000007843	PRR16
ENSDARP00000152560	ENSDARG00000008662	fign	ENSEEEP00000060638	ENSEEEG00000026274	FIGN
ENSDARP00000151739	ENSDARG00000059774	dub	ENSEEEP00000062178	ENSEEEG00000025052	dub
ENSDARP00000140520	ENSDARG00000104043	gng10	ENSEEEP00000039952	ENSEEEG00000018944	GNG10
ENSDARP00000042440	ENSDARG00000035095	tdgf1	ENSEEEP00000025240	ENSEEEG00000012248	tdgf1
ENSDARP00000135049	ENSDARG00000101297	tmem266	ENSEEEP00000031663	ENSEEEG00000015132	TMEM266
ENSDARP00000134726	ENSDARG00000100555	aqp11	ENSEEEP00000050030	ENSEEEG00000023526	AQP11
ENSDARP00000118215	ENSDARG00000078335	amot	ENSEEEP00000038201	ENSEEEG00000018163	AMOT
ENSDARP00000104602	ENSDARG00000024416	polr1f	ENSEEEP00000010899	ENSEEEG00000005516	twistnb
ENSDARP00000148364	ENSDARG00000116895		ENSEEEP00000000168	ENSEEEG00000000127	GJD4
ENSDARP00000103084	ENSDARG00000018653	acot7	ENSEEEP00000007803	ENSEEEG00000004085	ACOT7
ENSDARP00000135219	ENSDARG00000103600	st8sia4	ENSEEEP00000042165	ENSEEEG00000019917	ST8SIA4
ENSDARP00000058410	ENSDARG00000039934	hlcs	ENSEEEP00000025950	ENSEEEG00000012575	HLCS
ENSDARP00000149041	ENSDARG00000109482		ENSEEEP00000039774	ENSEEEG00000018857	
ENSDARP00000154373	ENSDARG00000117069		ENSEEEP00000046382	ENSEEEG00000021836	INF2
ENSDARP00000104064	ENSDARG00000074341	hykk.2	ENSEEEP00000059355	ENSEEEG00000028926	hykk.1
ENSDARP00000104575	ENSDARG00000017891	tcp1	ENSEEEP00000045106	ENSEEEG00000021285	TCP1
ENSDARP00000144784	ENSDARG00000024728	hdhd2	ENSEEEP00000039986	ENSEEEG00000018959	HDHD2
ENSDARP00000155315	ENSDARG00000115592		ENSEEEP00000054035	ENSEEEG00000024718	gdf10b
ENSDARP00000128514	ENSDARG00000032896	xgb	ENSEEEP00000045410	ENSEEEG00000021437	xgb
ENSDARP00000141353	ENSDARG00000101527	il1rl1	ENSEEEP00000003056	ENSEEEG00000001733	il1rl1
ENSDARP00000137800	ENSDARG00000102249	pepd	ENSEEEP00000004310	ENSEEEG00000002182	PEPD
ENSDARP00000154541	ENSDARG00000109258		ENSEEEP00000037854	ENSEEEG00000017996	SKA1
ENSDARP00000142565	ENSDARG00000036793	ttll5	ENSEEEP00000043957	ENSEEEG00000020762	TTLL5
ENSDARP00000138362	ENSDARG00000100332		ENSEEEP00000023462	ENSEEEG00000011374	trhrb
ENSDARP00000106218	ENSDARG00000088439	gm2a	ENSEEEP00000030565	ENSEEEG00000014640	GM2A
ENSDARP00000149914	ENSDARG00000113261		ENSEEEP00000049766	ENSEEEG00000023391	
ENSDARP00000151621	ENSDARG00000101481	rbp5	ENSEEEP00000010561	ENSEEEG00000005359	RBP5
ENSDARP00000053621	ENSDARG00000036929	rnf139	ENSEEEP00000007208	ENSEEEG00000003797	RNF139
ENSDARP00000157611	ENSDARG00000114067	tspan17	ENSEEEP00000013370	ENSEEEG00000013729	TSPAN17
ENSDARP00000152587	ENSDARG00000116081	dhrs13b.2	ENSEEEP00000052587	ENSEEEG00000024631	dhrs13b.1
ENSDARP00000094123	ENSDARG00000070431	fip1l1b	ENSEEEP00000051139	ENSEEEG00000024010	fip1l1b
ENSDARP00000115878	ENSDARG00000068050	agbl4	ENSEEEP00000003065	ENSEEEG00000001732	AGBL4
ENSDARP00000152617	ENSDARG00000107912		ENSEEEP00000063603	ENSEEEG00000021024	FIG4
ENSDARP00000131845	ENSDARG00000104568		ENSEEEP00000001133	ENSEEEG00000000749	
ENSDARP00000102690	ENSDARG00000078272	cabp7a	ENSEEEP00000019495	ENSEEEG00000009560	CABP7
ENSDARP00000152467	ENSDARG00000112332		ENSEEEP00000045475	ENSEEEG00000021460	cep170ab
ENSDARP00000131237	ENSDARG00000102267	znf750	ENSEEEP00000064115	ENSEEEG00000027236	znf750
ENSDARP00000142357	ENSDARG00000105321	aspscr1	ENSEEEP00000046066	ENSEEEG00000021708	ASPSCR1
ENSDARP00000133844	ENSDARG00000078214	mybbp1a	ENSEEEP00000059560	ENSEEEG00000008299	MYBBP1A
ENSDARP00000153487	ENSDARG00000109215	ephb1	ENSEEEP00000056727	ENSEEEG00000016351	EPHB1
ENSDARP00000140510	ENSDARG00000098777	prdm1b	ENSEEEP00000025597	ENSEEEG00000012416	crybg2
ENSDARP00000110955	ENSDARG00000090965	ripk3	ENSEEEP00000051496	ENSEEEG00000024182	RIPK3
ENSDARP00000145731	ENSDARG00000111509	dtwd1	ENSEEEP00000049260	ENSEEEG00000023149	DTWD1
ENSDARP00000150042	ENSDARG00000113371		ENSEEEP00000004207	ENSEEEG00000002223	
ENSDARP00000130158	ENSDARG00000102675		ENSEEEP00000006880	ENSEEEG00000003635	kcnh5b
ENSDARP00000106094	ENSDARG00000090418	wdsub1	ENSEEEP00000064240	ENSEEEG00000008158	WDSUB1
ENSDARP00000053182	ENSDARG00000036613	tab1	ENSEEEP00000009405	ENSEEEG00000004625	TAB1
ENSDARP00000031098	ENSDARG00000021984	ndufa2	ENSEEEP00000028124	ENSEEEG00000013532	NDUFA2
ENSDARP00000140275	ENSDARG00000104031	mrpl33	ENSEEEP00000012317	ENSEEEG00000006195	MRPL33
ENSDARP00000155576	ENSDARG00000116065		ENSEEEP00000021737	ENSEEEG00000010568	
ENSDARP00000134004	ENSDARG00000104483	gipc1	ENSEEEP00000032076	ENSEEEG00000015301	GIPC1
ENSDARP00000037833	ENSDARG00000025372	admp	ENSEEEP00000048179	ENSEEEG00000022682	admp
ENSDARP00000146428	ENSDARG00000011094	ccna2	ENSEEEP00000032386	ENSEEEG00000015439	CCNA2
ENSDARP00000157063	ENSDARG00000111035		ENSEEEP00000008097	ENSEEEG00000004215	
ENSDARP00000003841	ENSDARG00000025703	dmgdh	ENSEEEP00000006503	ENSEEEG00000003103	DMGDH
ENSDARP00000137682	ENSDARG00000098739	h2af1al	ENSEEEP00000024636	ENSEEEG00000011943	h2az2a
ENSDARP00000132414	ENSDARG00000103608	zgc:153431	ENSEEEP00000006742	ENSEEEG00000003566	
ENSDARP00000109558	ENSDARG00000038191	smtla	ENSEEEP00000048762	ENSEEEG00000022922	smtla
ENSDARP00000103293	ENSDARG00000074750	qser1	ENSEEEP00000002702	ENSEEEG00000001563	QSER1
ENSDARP00000027964	ENSDARG00000020371	g6pc3	ENSEEEP00000007800	ENSEEEG00000004084	G6PC3
ENSDARP00000062425	ENSDARG00000042561	lpar2b	ENSEEEP00000043133	ENSEEEG00000020263	LPAR2
ENSDARP00000132876	ENSDARG00000099720	evlb	ENSEEEP00000025495	ENSEEEG00000012375	evlb
ENSDARP00000136668	ENSDARG00000103284	ncstn	ENSEEEP00000035237	ENSEEEG00000016695	NCSTN
ENSDARP00000085077	ENSDARG00000062568	mrpl2	ENSEEEP00000014033	ENSEEEG00000006972	mrpl2
ENSDARP00000057735	ENSDARG00000039517	c8b	ENSEEEP00000002028	ENSEEEG00000001143	C8B
ENSDARP00000152916	ENSDARG00000106760	golim4a	ENSEEEP00000032120	ENSEEEG00000015323	FAM107A
ENSDARP00000111012	ENSDARG00000091754		ENSEEEP00000043151	ENSEEEG00000020374	CHCHD5
ENSDARP00000133369	ENSDARG00000068729	eif2ak2	ENSEEEP00000008821	ENSEEEG00000004560	EIF2AK2
ENSDARP00000149428	ENSDARG00000111290	erg28	ENSEEEP00000043954	ENSEEEG00000020760	pmp22b
ENSDARP00000092507	ENSDARG00000017315	larp7	ENSEEEP00000038915	ENSEEEG00000018463	LARP7
ENSDARP00000099588	ENSDARG00000074933	polg2	ENSEEEP00000007735	ENSEEEG00000028881	POLG2
ENSDARP00000151142	ENSDARG00000112731	ambp	ENSEEEP00000022131	ENSEEEG00000010751	AMBP
ENSDARP00000148619	ENSDARG00000116170		ENSEEEP00000018250	ENSEEEG00000008936	ARPC4
ENSDARP00000137981	ENSDARG00000098855	oxsm	ENSEEEP00000011112	ENSEEEG00000005637	OXSM
ENSDARP00000140363	ENSDARG00000101037	asf1ba	ENSEEEP00000064421	ENSEEEG00000028190	asf1ba
ENSDARP00000144889	ENSDARG00000114022		ENSEEEP00000054468	ENSEEEG00000008614	WDR1
ENSDARP00000147264	ENSDARG00000116118	msx1a	ENSEEEP00000042720	ENSEEEG00000020159	msx1a
ENSDARP00000043225	ENSDARG00000030758	guca1c	ENSEEEP00000038097	ENSEEEG00000018102	GUCA1C
ENSDARP00000132369	ENSDARG00000098584		ENSEEEP00000050223	ENSEEEG00000023622	NDUFA13
ENSDARP00000138168	ENSDARG00000099739		ENSEEEP00000041538	ENSEEEG00000019640	DDX41
ENSDARP00000056744	ENSDARG00000038865	acox3	ENSEEEP00000042025	ENSEEEG00000019745	ACOX3
ENSDARP00000137921	ENSDARG00000099865	hnrnpabb	ENSEEEP00000038490	ENSEEEG00000018275	hnrnpabb
ENSDARP00000146421	ENSDARG00000114167	chmp2ba	ENSEEEP00000011427	ENSEEEG00000005772	chmp2ba
ENSDARP00000105445	ENSDARG00000086786	slc75a1	ENSEEEP00000046831	ENSEEEG00000022045	mfsd10
ENSDARP00000149983	ENSDARG00000112436		ENSEEEP00000004213	ENSEEEG00000002227	RPUSD4
ENSDARP00000157571	ENSDARG00000042245	myl13	ENSEEEP00000051424	ENSEEEG00000024135	myl13
ENSDARP00000157015	ENSDARG00000112041		ENSEEEP00000019551	ENSEEEG00000009584	SHISA4
ENSDARP00000026224	ENSDARG00000005085	ggctb	ENSEEEP00000043465	ENSEEEG00000020546	ggctb
ENSDARP00000135421	ENSDARG00000035120	gldc	ENSEEEP00000046854	ENSEEEG00000022056	GLDC
ENSDARP00000150252	ENSDARG00000079741		ENSEEEP00000039172	ENSEEEG00000018616	CSRNP3
ENSDARP00000147464	ENSDARG00000114968	cfap144	ENSEEEP00000015282	ENSEEEG00000007599	FAM183A
ENSDARP00000141917	ENSDARG00000099690	vaspa	ENSEEEP00000036772	ENSEEEG00000017456	vaspa
ENSDARP00000148482	ENSDARG00000113538		ENSEEEP00000043332	ENSEEEG00000020465	zgc:109889
ENSDARP00000108972	ENSDARG00000086848	atad3	ENSEEEP00000056158	ENSEEEG00000022086	ATAD3A
ENSDARP00000142254	ENSDARG00000038207	aldh4a1	ENSEEEP00000028278	ENSEEEG00000013371	ALDH4A1
ENSDARP00000135636	ENSDARG00000100534	irak4	ENSEEEP00000041903	ENSEEEG00000019799	IRAK4
ENSDARP00000098858	ENSDARG00000079482		ENSEEEP00000040454	ENSEEEG00000019161	GID4
ENSDARP00000147107	ENSDARG00000110967		ENSEEEP00000052451	ENSEEEG00000024565	
ENSDARP00000143438	ENSDARG00000107486		ENSEEEP00000025119	ENSEEEG00000012180	si:dkeyp-75b4.9
ENSDARP00000152758	ENSDARG00000113559		ENSEEEP00000060631	ENSEEEG00000027605	zgc:174895
ENSDARP00000131017	ENSDARG00000102318	il6	ENSEEEP00000011011	ENSEEEG00000005573	IL6
ENSDARP00000137861	ENSDARG00000105009	ddah2	ENSEEEP00000035387	ENSEEEG00000016850	DDAH2
ENSDARP00000137608	ENSDARG00000099664	selenof	ENSEEEP00000045161	ENSEEEG00000029087	SELENOF
ENSDARP00000079717	ENSDARG00000060489	mrpl32	ENSEEEP00000008096	ENSEEEG00000004216	MRPL32
ENSDARP00000141748	ENSDARG00000099889	styxl2	ENSEEEP00000024632	ENSEEEG00000011939	dusp27
ENSDARP00000109589	ENSDARG00000089327		ENSEEEP00000027341	ENSEEEG00000013193	CRTAM
ENSDARP00000157370	ENSDARG00000101954	hoxc6b	ENSEEEP00000032627	ENSEEEG00000015554	hoxc6b
ENSDARP00000100778	ENSDARG00000078056		ENSEEEP00000032956	ENSEEEG00000015691	RNF208
ENSDARP00000136981	ENSDARG00000101057	srsf7b	ENSEEEP00000001980	ENSEEEG00000001233	srsf7b
ENSDARP00000148912	ENSDARG00000014506	tmem126a	ENSEEEP00000031896	ENSEEEG00000015226	tmem126a
ENSDARP00000144422	ENSDARG00000107053		ENSEEEP00000048622	ENSEEEG00000022875	NAT9
ENSDARP00000000952	ENSDARG00000000529	ofd1	ENSEEEP00000026854	ENSEEEG00000012965	OFD1
ENSDARP00000012519	ENSDARG00000013009	ubiad1	ENSEEEP00000003575	ENSEEEG00000001958	UBIAD1
ENSDARP00000037928	ENSDARG00000024831	crhbp	ENSEEEP00000052535	ENSEEEG00000024609	CRHBP
ENSDARP00000134093	ENSDARG00000101915	pin1	ENSEEEP00000063762	ENSEEEG00000027328	PIN1
ENSDARP00000026821	ENSDARG00000011463	procb	ENSEEEP00000000278	ENSEEEG00000000171	procb
ENSDARP00000141912	ENSDARG00000086842	dap1b	ENSEEEP00000058263	ENSEEEG00000021057	dap1b
ENSDARP00000147825	ENSDARG00000112663		ENSEEEP00000023917	ENSEEEG00000011604	hoxb1b
ENSDARP00000139434	ENSDARG00000103340	clic1	ENSEEEP00000062188	ENSEEEG00000025449	CLIC1
ENSDARP00000137975	ENSDARG00000104343		ENSEEEP00000016173	ENSEEEG00000008000	PPIC
ENSDARP00000077450	ENSDARG00000059606	cenatac	ENSEEEP00000009691	ENSEEEG00000004942	ccdc84
ENSDARP00000152281	ENSDARG00000062936	ndnf	ENSEEEP00000006336	ENSEEEG00000003371	NDNF
ENSDARP00000156813	ENSDARG00000106873		ENSEEEP00000013377	ENSEEEG00000006705	
ENSDARP00000145993	ENSDARG00000098586	zgc:194887	ENSEEEP00000046464	ENSEEEG00000021882	zgc:194887
ENSDARP00000157207	ENSDARG00000114690		ENSEEEP00000012396	ENSEEEG00000006230	TEFM
ENSDARP00000140903	ENSDARG00000105195	dnajc21	ENSEEEP00000028381	ENSEEEG00000013649	DNAJC21
ENSDARP00000089069	ENSDARG00000068104		ENSEEEP00000048599	ENSEEEG00000022869	
ENSDARP00000119435	ENSDARG00000094579	b4galnt2.1	ENSEEEP00000007702	ENSEEEG00000004034	b4galnt2.2
ENSDARP00000150198	ENSDARG00000112627		ENSEEEP00000007268	ENSEEEG00000003819	CSF2RB
ENSDARP00000142007	ENSDARG00000104758	zgc:194981	ENSEEEP00000006396	ENSEEEG00000003395	zgc:194981
ENSDARP00000147337	ENSDARG00000113926	tmem177	ENSEEEP00000040097	ENSEEEG00000019013	TMEM177
ENSDARP00000143663	ENSDARG00000077298	gas1a	ENSEEEP00000006654	ENSEEEG00000003531	gas1a
ENSDARP00000132032	ENSDARG00000101465	orc2	ENSEEEP00000046331	ENSEEEG00000021798	ORC2
ENSDARP00000093249	ENSDARG00000070043	dars1	ENSEEEP00000015653	ENSEEEG00000007587	DARS1
ENSDARP00000146006	ENSDARG00000114178		ENSEEEP00000012630	ENSEEEG00000006340	si:busm1-52i16.2
ENSDARP00000140007	ENSDARG00000103021	fadd	ENSEEEP00000038543	ENSEEEG00000018298	FADD
ENSDARP00000124804	ENSDARG00000053365	rpl31	ENSEEEP00000013055	ENSEEEG00000006570	RPL31
ENSDARP00000157303	ENSDARG00000112575		ENSEEEP00000044796	ENSEEEG00000021143	casp3l
ENSDARP00000157216	ENSDARG00000111209		ENSEEEP00000034429	ENSEEEG00000016390	TCF21
ENSDARP00000155395	ENSDARG00000112961		ENSEEEP00000036159	ENSEEEG00000017195	CTXN1
ENSDARP00000152984	ENSDARG00000115275	ubn1	ENSEEEP00000026201	ENSEEEG00000012667	UBN1
ENSDARP00000132942	ENSDARG00000100904		ENSEEEP00000009622	ENSEEEG00000004908	cd82a
ENSDARP00000154952	ENSDARG00000115557	cox7b	ENSEEEP00000054174	ENSEEEG00000027808	COX7B
ENSDARP00000077390	ENSDARG00000059582	sowahcb	ENSEEEP00000022386	ENSEEEG00000010872	sowahcb
ENSDARP00000107781	ENSDARG00000013822	anapc16	ENSEEEP00000033669	ENSEEEG00000016023	ANAPC16
ENSDARP00000132384	ENSDARG00000100465	clrn3	ENSEEEP00000049759	ENSEEEG00000023387	CLRN3
ENSDARP00000101160	ENSDARG00000074560	si:ch211-269c21.2	ENSEEEP00000004081	ENSEEEG00000002171	CHST8
ENSDARP00000025704	ENSDARG00000102497		ENSEEEP00000060432	ENSEEEG00000027843	
ENSDARP00000155172	ENSDARG00000112125		ENSEEEP00000016635	ENSEEEG00000008237	ccl20l
ENSDARP00000131956	ENSDARG00000100185		ENSEEEP00000046722	ENSEEEG00000022002	elovl7b
ENSDARP00000095747	ENSDARG00000071152	pick1	ENSEEEP00000062314	ENSEEEG00000013594	PICK1
ENSDARP00000134724	ENSDARG00000101082	eif3s6ip	ENSEEEP00000039394	ENSEEEG00000018704	eif3s6ip
ENSDARP00000137378	ENSDARG00000104276		ENSEEEP00000053284	ENSEEEG00000002488	EIF2AK4
ENSDARP00000076825	ENSDARG00000059305	tmem37	ENSEEEP00000050429	ENSEEEG00000023709	TMEM37
ENSDARP00000022538	ENSDARG00000006990	creld1b	ENSEEEP00000044414	ENSEEEG00000020978	creld1b
ENSDARP00000070273	ENSDARG00000053711		ENSEEEP00000046274	ENSEEEG00000021794	GPR68
ENSDARP00000141581	ENSDARG00000098273	zbtb14	ENSEEEP00000000084	ENSEEEG00000000054	ZBTB14
ENSDARP00000138094	ENSDARG00000105286	ddx54	ENSEEEP00000010691	ENSEEEG00000005409	DDX54
ENSDARP00000134019	ENSDARG00000102247		ENSEEEP00000052246	ENSEEEG00000024496	
ENSDARP00000044125	ENSDARG00000020655	insm2	ENSEEEP00000055526	ENSEEEG00000025440	INSM2
ENSDARP00000146680	ENSDARG00000111450		ENSEEEP00000019887	ENSEEEG00000009728	
ENSDARP00000070002	ENSDARG00000053485	aldh6a1	ENSEEEP00000035437	ENSEEEG00000016870	ALDH6A1
ENSDARP00000132607	ENSDARG00000103099	ears2	ENSEEEP00000057029	ENSEEEG00000016576	EARS2
ENSDARP00000069117	ENSDARG00000067981	steep1	ENSEEEP00000000076	ENSEEEG00000000045	STEEP1
ENSDARP00000151463	ENSDARG00000116058	rhoac	ENSEEEP00000001815	ENSEEEG00000001146	rhoaa
ENSDARP00000055159	ENSDARG00000037859	il11a	ENSEEEP00000026256	ENSEEEG00000012692	il11a
ENSDARP00000144415	ENSDARG00000107989	fam163bb	ENSEEEP00000047305	ENSEEEG00000022267	FAM163B
ENSDARP00000120378	ENSDARG00000093286		ENSEEEP00000062773	ENSEEEG00000027688	ankrd34c
ENSDARP00000154789	ENSDARG00000116806	ppp1r27a	ENSEEEP00000047193	ENSEEEG00000022217	PPP1R27
ENSDARP00000066377	ENSDARG00000045137		ENSEEEP00000011224	ENSEEEG00000005685	GPR21
ENSDARP00000144367	ENSDARG00000105882		ENSEEEP00000033380	ENSEEEG00000015866	
ENSDARP00000099701	ENSDARG00000078653	ralbp1	ENSEEEP00000016440	ENSEEEG00000008137	RALBP1
ENSDARP00000108261	ENSDARG00000089192	zmp:0000001267	ENSEEEP00000018910	ENSEEEG00000009276	zmp:0000001267
ENSDARP00000141629	ENSDARG00000099022	faua	ENSEEEP00000025045	ENSEEEG00000012154	faua
ENSDARP00000133287	ENSDARG00000098401	fam136a	ENSEEEP00000062497	ENSEEEG00000028531	fam136a
ENSDARP00000150681	ENSDARG00000115402	lmo4b	ENSEEEP00000027102	ENSEEEG00000013086	lmo4b
ENSDARP00000103343	ENSDARG00000074554	tspan31	ENSEEEP00000003092	ENSEEEG00000001753	TSPAN31
ENSDARP00000053207	ENSDARG00000036629	rps14	ENSEEEP00000040525	ENSEEEG00000019195	RPS14
ENSDARP00000157621	ENSDARG00000041294	noxo1a	ENSEEEP00000040452	ENSEEEG00000019160	noxo1a
ENSDARP00000097884	ENSDARG00000073985	pctp	ENSEEEP00000064484	ENSEEEG00000026912	PCTP
ENSDARP00000138699	ENSDARG00000099280	utp20	ENSEEEP00000003470	ENSEEEG00000001926	UTP20
ENSDARP00000155616	ENSDARG00000115610	ccl25a	ENSEEEP00000048188	ENSEEEG00000022688	ccl25a
ENSDARP00000068166	ENSDARG00000051956	isca1	ENSEEEP00000049703	ENSEEEG00000023368	ISCA1
ENSDARP00000138716	ENSDARG00000101627	ssr1	ENSEEEP00000060801	ENSEEEG00000023096	SSR1
ENSDARP00000144871	ENSDARG00000111880	psmb5	ENSEEEP00000040952	ENSEEEG00000019394	PSMB5
ENSDARP00000108905	ENSDARG00000089908	si:ch211-265o23.1	ENSEEEP00000014497	ENSEEEG00000007216	DEPDC4
ENSDARP00000132177	ENSDARG00000100136	dcp1a	ENSEEEP00000064381	ENSEEEG00000024910	DCP1A
ENSDARP00000062884	ENSDARG00000042845	oxt	ENSEEEP00000035506	ENSEEEG00000016825	oxt
ENSDARP00000034146	ENSDARG00000026892	gpatch11	ENSEEEP00000008819	ENSEEEG00000004558	GPATCH11
ENSDARP00000086649	ENSDARG00000063242	ttc13	ENSEEEP00000008428	ENSEEEG00000004395	TTC13
ENSDARP00000131513	ENSDARG00000100562		ENSEEEP00000038235	ENSEEEG00000018180	SDC3
ENSDARP00000112208	ENSDARG00000089368	hopx	ENSEEEP00000007338	ENSEEEG00000003855	HOPX
ENSDARP00000143823	ENSDARG00000108475	otos	ENSEEEP00000046922	ENSEEEG00000022091	OTOS
ENSDARP00000149250	ENSDARG00000109643		ENSEEEP00000048436	ENSEEEG00000022794	TMEM235
ENSDARP00000017839	ENSDARG00000019484	zdhhc7	ENSEEEP00000034771	ENSEEEG00000016528	ZDHHC7
ENSDARP00000138262	ENSDARG00000100591	sox32	ENSEEEP00000057656	ENSEEEG00000001567	sox32
ENSDARP00000059799	ENSDARG00000040803	lactb	ENSEEEP00000031656	ENSEEEG00000015129	LACTB
ENSDARP00000055977	ENSDARG00000020891	parlb	ENSEEEP00000057255	ENSEEEG00000021876	parla
ENSDARP00000088981	ENSDARG00000068064	sirt1	ENSEEEP00000035306	ENSEEEG00000016808	SIRT1
ENSDARP00000155951	ENSDARG00000112384		ENSEEEP00000013731	ENSEEEG00000006842	rpl9
ENSDARP00000003488	ENSDARG00000007531	zcchc9	ENSEEEP00000005813	ENSEEEG00000003082	ZCCHC9
ENSDARP00000147680	ENSDARG00000113961	nudt15	ENSEEEP00000062261	ENSEEEG00000026581	NUDT15
ENSDARP00000148462	ENSDARG00000110051		ENSEEEP00000024229	ENSEEEG00000011745	RCN2
ENSDARP00000156370	ENSDARG00000111259		ENSEEEP00000019005	ENSEEEG00000009317	GNG4
ENSDARP00000081101	ENSDARG00000061060	stpg2	ENSEEEP00000016194	ENSEEEG00000008020	STPG2
ENSDARP00000090872	ENSDARG00000069027	admb	ENSEEEP00000019963	ENSEEEG00000009761	
ENSDARP00000138310	ENSDARG00000102687	nbl1	ENSEEEP00000064467	ENSEEEG00000027836	NBL1
ENSDARP00000036819	ENSDARG00000024277	pigm	ENSEEEP00000043408	ENSEEEG00000020517	PIGM
ENSDARP00000068874	ENSDARG00000038891		ENSEEEP00000003946	ENSEEEG00000001920	si:dkey-33m11.8
ENSDARP00000140116	ENSDARG00000104839	mansc1	ENSEEEP00000060169	ENSEEEG00000028074	MANSC1
ENSDARP00000152579	ENSDARG00000107760		ENSEEEP00000058231	ENSEEEG00000025939	
ENSDARP00000139290	ENSDARG00000098654	rftn1b	ENSEEEP00000005660	ENSEEEG00000002981	RFTN1
ENSDARP00000156414	ENSDARG00000109976		ENSEEEP00000024680	ENSEEEG00000011953	cart1
ENSDARP00000151995	ENSDARG00000115282	tsnax	ENSEEEP00000046461	ENSEEEG00000021878	tsnax
ENSDARP00000153949	ENSDARG00000115636		ENSEEEP00000037478	ENSEEEG00000017815	
ENSDARP00000154705	ENSDARG00000116172		ENSEEEP00000007285	ENSEEEG00000003831	CNFN
ENSDARP00000007584	ENSDARG00000006840	gnmt	ENSEEEP00000012024	ENSEEEG00000006063	GNMT
ENSDARP00000111381	ENSDARG00000087188	nfil3-6	ENSEEEP00000055140	ENSEEEG00000027485	nfil3-6
ENSDARP00000136130	ENSDARG00000102558	pde6ha.2	ENSEEEP00000009636	ENSEEEG00000004910	
ENSDARP00000148649	ENSDARG00000112032		ENSEEEP00000010080	ENSEEEG00000005112	HEPACAM
ENSDARP00000144471	ENSDARG00000098289	vstm2lb	ENSEEEP00000023861	ENSEEEG00000011577	VSTM2L
ENSDARP00000011955	ENSDARG00000013302	gpx8	ENSEEEP00000001431	ENSEEEG00000000939	gpx8
ENSDARP00000076009	ENSDARG00000040036	tcf19l	ENSEEEP00000055968	ENSEEEG00000022514	TIMD4
ENSDARP00000027911	ENSDARG00000016016	dbnlb	ENSEEEP00000026023	ENSEEEG00000012602	dbnlb
ENSDARP00000137616	ENSDARG00000099598		ENSEEEP00000022845	ENSEEEG00000011082	gsg1l2b
ENSDARP00000102613	ENSDARG00000074757	arv1	ENSEEEP00000008436	ENSEEEG00000004401	ARV1
ENSDARP00000088481	ENSDARG00000067829	ppargc1a	ENSEEEP00000007442	ENSEEEG00000003907	PPARGC1A
ENSDARP00000153886	ENSDARG00000111257		ENSEEEP00000018407	ENSEEEG00000009044	PKIA
ENSDARP00000155696	ENSDARG00000111497		ENSEEEP00000005820	ENSEEEG00000003084	WDR73
ENSDARP00000123903	ENSDARG00000091511	gpx7	ENSEEEP00000010365	ENSEEEG00000005250	GPX7
ENSDARP00000113067	ENSDARG00000079257	gemin5	ENSEEEP00000040732	ENSEEEG00000019305	GEMIN5
ENSDARP00000151346	ENSDARG00000112969	tspan15	ENSEEEP00000060858	ENSEEEG00000025445	TSPAN15
ENSDARP00000106592	ENSDARG00000052377	psmd12	ENSEEEP00000040039	ENSEEEG00000018979	PSMD12
ENSDARP00000130940	ENSDARG00000103296	nup54	ENSEEEP00000034396	ENSEEEG00000016279	NUP54
ENSDARP00000141935	ENSDARG00000099844		ENSEEEP00000033064	ENSEEEG00000015736	GNAZ
ENSDARP00000149277	ENSDARG00000114425	med8	ENSEEEP00000061015	ENSEEEG00000008607	MED8
ENSDARP00000102486	ENSDARG00000075163	cxcl20	ENSEEEP00000001602	ENSEEEG00000001024	cxcl20
ENSDARP00000009789	ENSDARG00000003860	cbx3a	ENSEEEP00000002767	ENSEEEG00000001557	cbx3a
ENSDARP00000148717	ENSDARG00000116734	kctd6b	ENSEEEP00000011960	ENSEEEG00000006032	kctd6b
ENSDARP00000030673	ENSDARG00000023508	ankrd49	ENSEEEP00000024858	ENSEEEG00000012046	ANKRD49
ENSDARP00000130840	ENSDARG00000104441	hspb7	ENSEEEP00000029972	ENSEEEG00000014360	HSPB7
ENSDARP00000061539	ENSDARG00000070957	mfsd1l	ENSEEEP00000009224	ENSEEEG00000004738	im:7160594
ENSDARP00000135029	ENSDARG00000099586		ENSEEEP00000041630	ENSEEEG00000019693	GTSF1
ENSDARP00000056332	ENSDARG00000038587		ENSEEEP00000063705	ENSEEEG00000025777	MEP1B
ENSDARP00000152468	ENSDARG00000112451		ENSEEEP00000043756	ENSEEEG00000020683	PHF19
ENSDARP00000149835	ENSDARG00000109701	il17c	ENSEEEP00000021035	ENSEEEG00000010262	
ENSDARP00000133983	ENSDARG00000100505	ddx52	ENSEEEP00000040554	ENSEEEG00000019129	DDX52
ENSDARP00000089080	ENSDARG00000017255	tmed1b	ENSEEEP00000062364	ENSEEEG00000028446	tmed1b
ENSDARP00000136191	ENSDARG00000100440	fastkd3	ENSEEEP00000002476	ENSEEEG00000001450	FASTKD3
ENSDARP00000098947	ENSDARG00000079475	nckipsd	ENSEEEP00000047221	ENSEEEG00000022194	NCKIPSD
ENSDARP00000157440	ENSDARG00000115070	si:dkeyp-74b6.2	ENSEEEP00000051509	ENSEEEG00000024188	si:dkeyp-74b6.2
ENSDARP00000140002	ENSDARG00000099425		ENSEEEP00000008918	ENSEEEG00000004589	cfi
ENSDARP00000152166	ENSDARG00000112601		ENSEEEP00000004834	ENSEEEG00000002524	
ENSDARP00000140866	ENSDARG00000100657	egfl7	ENSEEEP00000058505	ENSEEEG00000005506	EGFL7
ENSDARP00000122421	ENSDARG00000077853	ttll2	ENSEEEP00000030314	ENSEEEG00000014531	PPEF1
ENSDARP00000149109	ENSDARG00000089369	fdxr	ENSEEEP00000056721	ENSEEEG00000022820	FDXR
ENSDARP00000140609	ENSDARG00000100378	si:dkey-83h2.3	ENSEEEP00000054535	ENSEEEG00000000069	
ENSDARP00000050344	ENSDARG00000030254	cbln9	ENSEEEP00000026886	ENSEEEG00000012981	
ENSDARP00000131094	ENSDARG00000052190	fdx2	ENSEEEP00000063646	ENSEEEG00000028980	fdx2
ENSDARP00000147935	ENSDARG00000113250	zgc:77058	ENSEEEP00000063638	ENSEEEG00000027550	si:ch1073-44g3.1
ENSDARP00000154801	ENSDARG00000117155	ppp1r12b	ENSEEEP00000023430	ENSEEEG00000011350	SFR1
ENSDARP00000150301	ENSDARG00000105018	lrrc20	ENSEEEP00000059139	ENSEEEG00000024403	lrrc20
ENSDARP00000139345	ENSDARG00000105301	sox8a	ENSEEEP00000002592	ENSEEEG00000001493	sox8a
ENSDARP00000018087	ENSDARG00000017121	mafba	ENSEEEP00000059230	ENSEEEG00000025951	mafba
ENSDARP00000131770	ENSDARG00000074684	ugl	ENSEEEP00000001276	ENSEEEG00000000862	mlsl
ENSDARP00000155002	ENSDARG00000111946		ENSEEEP00000052198	ENSEEEG00000024473	PSPN
ENSDARP00000108059	ENSDARG00000086314		ENSEEEP00000051441	ENSEEEG00000024145	ACKR2
ENSDARP00000145160	ENSDARG00000113183		ENSEEEP00000013564	ENSEEEG00000006784	
ENSDARP00000146307	ENSDARG00000109717	si:ch73-236j9.2	ENSEEEP00000003461	ENSEEEG00000001928	SLC35E2B
ENSDARP00000006228	ENSDARG00000015657	ppp1r3c2b	ENSEEEP00000026004	ENSEEEG00000012598	zgc:77112
ENSDARP00000131915	ENSDARG00000103125	tsc2	ENSEEEP00000038585	ENSEEEG00000014271	tsc2
ENSDARP00000132804	ENSDARG00000099596	btd	ENSEEEP00000028164	ENSEEEG00000013555	BTD
ENSDARP00000033510	ENSDARG00000018192	ubr5	ENSEEEP00000061100	ENSEEEG00000009804	UBR5
ENSDARP00000122973	ENSDARG00000092488	khnyn	ENSEEEP00000014685	ENSEEEG00000007304	KHNYN
ENSDARP00000144350	ENSDARG00000107296	insyn2aa	ENSEEEP00000049757	ENSEEEG00000023384	INSYN2A
ENSDARP00000110352	ENSDARG00000089361	tfpil	ENSEEEP00000026965	ENSEEEG00000013016	wu:fb59d01
ENSDARP00000108103	ENSDARG00000087131	ifnlr1	ENSEEEP00000020008	ENSEEEG00000009784	adamtsl7
ENSDARP00000018250	ENSDARG00000001937		ENSEEEP00000010501	ENSEEEG00000005311	
ENSDARP00000126156	ENSDARG00000052351	si:dkey-156n14.3	ENSEEEP00000055252	ENSEEEG00000027017	si:dkey-156n14.3
ENSDARP00000147372	ENSDARG00000109673	zgc:153284	ENSEEEP00000061376	ENSEEEG00000025378	SH3BGRL3
ENSDARP00000032799	ENSDARG00000024920	tlcd5a	ENSEEEP00000033683	ENSEEEG00000016032	tlcd5a
ENSDARP00000135949	ENSDARG00000101316	ppp4r1	ENSEEEP00000049576	ENSEEEG00000023110	PPP4R1
ENSDARP00000062506	ENSDARG00000042608	ica1	ENSEEEP00000010725	ENSEEEG00000005408	ICA1
ENSDARP00000141752	ENSDARG00000098414	ninl	ENSEEEP00000009276	ENSEEEG00000004759	NINL
ENSDARP00000152720	ENSDARG00000036245	wipf3	ENSEEEP00000002572	ENSEEEG00000001483	WIPF3
ENSDARP00000105492	ENSDARG00000090976	nabp2	ENSEEEP00000050045	ENSEEEG00000023535	NABP2
ENSDARP00000024051	ENSDARG00000009160	kmo	ENSEEEP00000009017	ENSEEEG00000004650	KMO
ENSDARP00000147794	ENSDARG00000109545		ENSEEEP00000060323	ENSEEEG00000024794	cryabb
ENSDARP00000141421	ENSDARG00000102828	mfsd11	ENSEEEP00000047450	ENSEEEG00000022325	MFSD11
ENSDARP00000108581	ENSDARG00000090524	f2rl2	ENSEEEP00000013819	ENSEEEG00000006873	F2RL2
ENSDARP00000109078	ENSDARG00000086753	bbln	ENSEEEP00000061940	ENSEEEG00000027666	BBLN
ENSDARP00000153588	ENSDARG00000053298	nkx2.2a	ENSEEEP00000047580	ENSEEEG00000022398	nkx2.2a
ENSDARP00000153780	ENSDARG00000112162		ENSEEEP00000055514	ENSEEEG00000013738	ANKRD31
ENSDARP00000106101	ENSDARG00000087751		ENSEEEP00000004624	ENSEEEG00000026745	
ENSDARP00000132603	ENSDARG00000105182	ntan1	ENSEEEP00000022706	ENSEEEG00000011024	NTAN1
ENSDARP00000057982	ENSDARG00000039667	mrpl38	ENSEEEP00000048501	ENSEEEG00000022822	MRPL38
ENSDARP00000154639	ENSDARG00000116483		ENSEEEP00000058205	ENSEEEG00000026537	
ENSDARP00000135941	ENSDARG00000059700	agmat	ENSEEEP00000061764	ENSEEEG00000002126	AGMAT
ENSDARP00000138671	ENSDARG00000102491	gpr142	ENSEEEP00000000162	ENSEEEG00000000117	GPR142
ENSDARP00000130661	ENSDARG00000098944	nme9	ENSEEEP00000044597	ENSEEEG00000021056	NME8
ENSDARP00000155908	ENSDARG00000109686	si:ch211-59p23.1	ENSEEEP00000032932	ENSEEEG00000015677	si:ch211-59p23.1
ENSDARP00000139035	ENSDARG00000104906	mtr	ENSEEEP00000033763	ENSEEEG00000015234	MTR
ENSDARP00000135627	ENSDARG00000104945	sncb	ENSEEEP00000062415	ENSEEEG00000027222	SNCB
ENSDARP00000153777	ENSDARG00000112909		ENSEEEP00000054231	ENSEEEG00000027955	ZNF462
ENSDARP00000145906	ENSDARG00000110586		ENSEEEP00000009713	ENSEEEG00000004945	LETMD1
ENSDARP00000063503	ENSDARG00000043260	xylb	ENSEEEP00000005637	ENSEEEG00000002955	XYLB
ENSDARP00000141462	ENSDARG00000101104		ENSEEEP00000063288	ENSEEEG00000025017	fam111.2
ENSDARP00000148370	ENSDARG00000116995		ENSEEEP00000030844	ENSEEEG00000014753	si:dkey-228d14.5
ENSDARP00000148517	ENSDARG00000114274	rasd2a	ENSEEEP00000028746	ENSEEEG00000013815	RASD2
ENSDARP00000138509	ENSDARG00000103763	l3hypdh	ENSEEEP00000027501	ENSEEEG00000013262	L3HYPDH
ENSDARP00000138466	ENSDARG00000098600	pithd1	ENSEEEP00000018114	ENSEEEG00000008906	PITHD1
ENSDARP00000076893	ENSDARG00000059357	sarnp	ENSEEEP00000057208	ENSEEEG00000026621	SARNP
ENSDARP00000150620	ENSDARG00000113312	sco1	ENSEEEP00000040374	ENSEEEG00000019123	SCO1
ENSDARP00000131068	ENSDARG00000019451	pcsk2	ENSEEEP00000018362	ENSEEEG00000009002	PCSK2
ENSDARP00000102999	ENSDARG00000077120	arid5a	ENSEEEP00000056432	ENSEEEG00000027392	ARID5A
ENSDARP00000150912	ENSDARG00000109502	phf21b	ENSEEEP00000044258	ENSEEEG00000020910	PHF21B
ENSDARP00000156907	ENSDARG00000102430	opn6a	ENSEEEP00000013932	ENSEEEG00000006924	
ENSDARP00000146630	ENSDARG00000114019	mul3	ENSEEEP00000055045	ENSEEEG00000025489	mul3
ENSDARP00000108128	ENSDARG00000091556	tnfsf13	ENSEEEP00000002707	ENSEEEG00000001565	TNFSF13
ENSDARP00000024594	ENSDARG00000011020	hnrnpa1a	ENSEEEP00000032665	ENSEEEG00000015563	HNRNPA3
ENSDARP00000066289	ENSDARG00000009624	uts2r1	ENSEEEP00000004320	ENSEEEG00000002277	UTS2R
ENSDARP00000085589	ENSDARG00000073753	tacc1	ENSEEEP00000028072	ENSEEEG00000013511	TACC1
ENSDARP00000135746	ENSDARG00000105003	scn1bb	ENSEEEP00000007219	ENSEEEG00000003802	scn1bb
ENSDARP00000131276	ENSDARG00000102591	btr30	ENSEEEP00000034975	ENSEEEG00000016632	btr30
ENSDARP00000137009	ENSDARG00000100986		ENSEEEP00000045770	ENSEEEG00000021577	INHBC
ENSDARP00000139702	ENSDARG00000098398	parp14rs3	ENSEEEP00000048280	ENSEEEG00000022736	
ENSDARP00000070803	ENSDARG00000054172	pgrmc1	ENSEEEP00000038277	ENSEEEG00000018194	PGRMC1
ENSDARP00000063286	ENSDARG00000043105	qtrt1	ENSEEEP00000014727	ENSEEEG00000007318	QTRT1
ENSDARP00000146327	ENSDARG00000090900	apnl	ENSEEEP00000022862	ENSEEEG00000011096	
ENSDARP00000103873	ENSDARG00000008560	brap	ENSEEEP00000022272	ENSEEEG00000010807	BRAP
ENSDARP00000146666	ENSDARG00000116387	hapln3	ENSEEEP00000054328	ENSEEEG00000020104	hapln3
ENSDARP00000141928	ENSDARG00000102894		ENSEEEP00000022937	ENSEEEG00000011131	
ENSDARP00000124141	ENSDARG00000052708	tnni1b	ENSEEEP00000064003	ENSEEEG00000007212	tnni1a
ENSDARP00000156090	ENSDARG00000053963	npm2b	ENSEEEP00000044221	ENSEEEG00000020889	npm2b
ENSDARP00000099139	ENSDARG00000075984		ENSEEEP00000060596	ENSEEEG00000027379	
ENSDARP00000147218	ENSDARG00000115856		ENSEEEP00000037757	ENSEEEG00000017948	TCEANC
ENSDARP00000137346	ENSDARG00000110509		ENSEEEP00000024094	ENSEEEG00000011685	MORN5
ENSDARP00000037906	ENSDARG00000025889	usp14	ENSEEEP00000022461	ENSEEEG00000010814	USP14
ENSDARP00000091375	ENSDARG00000074665	cdk14	ENSEEEP00000043871	ENSEEEG00000020734	CDK14
ENSDARP00000138906	ENSDARG00000104669	slc35c1	ENSEEEP00000007520	ENSEEEG00000003933	SLC35C1
ENSDARP00000149418	ENSDARG00000113477		ENSEEEP00000023948	ENSEEEG00000011630	SOST
ENSDARP00000137549	ENSDARG00000103868	e2f1	ENSEEEP00000023841	ENSEEEG00000011570	E2F1
ENSDARP00000131937	ENSDARG00000104943	mad2l1bp	ENSEEEP00000058928	ENSEEEG00000027403	MAD2L1BP
ENSDARP00000110018	ENSDARG00000089428	rab12	ENSEEEP00000064210	ENSEEEG00000024872	RAB12
ENSDARP00000137385	ENSDARG00000102419	azi2	ENSEEEP00000029575	ENSEEEG00000014169	AZI2
ENSDARP00000138598	ENSDARG00000101592		ENSEEEP00000055780	ENSEEEG00000026848	COL22A1
ENSDARP00000101819	ENSDARG00000079608		ENSEEEP00000000794	ENSEEEG00000000542	SGPP2
ENSDARP00000091190	ENSDARG00000045465	lancl2	ENSEEEP00000015381	ENSEEEG00000007637	LANCL2
ENSDARP00000141258	ENSDARG00000099753	zgc:63863	ENSEEEP00000011108	ENSEEEG00000005633	zgc:63863
ENSDARP00000140380	ENSDARG00000102890	clrn1	ENSEEEP00000058624	ENSEEEG00000028294	CLRN1
ENSDARP00000111339	ENSDARG00000087950		ENSEEEP00000050851	ENSEEEG00000023885	AATF
ENSDARP00000088030	ENSDARG00000041006	st3gal4	ENSEEEP00000043816	ENSEEEG00000020707	st3gal4
ENSDARP00000039092	ENSDARG00000028517	hbp1	ENSEEEP00000008528	ENSEEEG00000004429	HBP1
ENSDARP00000130863	ENSDARG00000101172		ENSEEEP00000000344	ENSEEEG00000000249	TMEM200C
ENSDARP00000137913	ENSDARG00000103134	zgc:65873	ENSEEEP00000056651	ENSEEEG00000027138	C1orf52
ENSDARP00000138849	ENSDARG00000102891	ppp1r26	ENSEEEP00000010893	ENSEEEG00000005513	PPP1R26
ENSDARP00000100142	ENSDARG00000076393	tmem65	ENSEEEP00000007213	ENSEEEG00000003799	TMEM65
ENSDARP00000144998	ENSDARG00000116732		ENSEEEP00000026804	ENSEEEG00000012935	EXOSC2
ENSDARP00000139864	ENSDARG00000099329	macroh2a1	ENSEEEP00000007044	ENSEEEG00000003719	MACROH2A1
ENSDARP00000133018	ENSDARG00000103679	bmp16	ENSEEEP00000060303	ENSEEEG00000028465	bmp16
ENSDARP00000138187	ENSDARG00000104864	klhdc2	ENSEEEP00000014100	ENSEEEG00000006821	KLHDC2
ENSDARP00000139445	ENSDARG00000098769	slitrk6	ENSEEEP00000014198	ENSEEEG00000007052	SLITRK6
ENSDARP00000145035	ENSDARG00000114884		ENSEEEP00000016353	ENSEEEG00000008091	RND2
ENSDARP00000132488	ENSDARG00000099008	egflam	ENSEEEP00000033848	ENSEEEG00000016101	EGFLAM
ENSDARP00000138086	ENSDARG00000055622	zgc:153345	ENSEEEP00000018033	ENSEEEG00000008880	zgc:153345
ENSDARP00000143203	ENSDARG00000089354	tspan4a	ENSEEEP00000002210	ENSEEEG00000001346	tspan4a
ENSDARP00000144192	ENSDARG00000088817	wdr59	ENSEEEP00000034745	ENSEEEG00000016513	WDR59
ENSDARP00000098966	ENSDARG00000078829	ccdc149a	ENSEEEP00000012733	ENSEEEG00000006401	ccdc149a
ENSDARP00000042511	ENSDARG00000110980		ENSEEEP00000005437	ENSEEEG00000002853	pitpnbl
ENSDARP00000141313	ENSDARG00000100043		ENSEEEP00000054902	ENSEEEG00000028508	VPS13B
ENSDARP00000146655	ENSDARG00000115335	ubald2	ENSEEEP00000047461	ENSEEEG00000022332	UBALD2
ENSDARP00000136364	ENSDARG00000099129	phlda1	ENSEEEP00000021064	ENSEEEG00000010273	PHLDA1
ENSDARP00000152410	ENSDARG00000076371		ENSEEEP00000031991	ENSEEEG00000015267	shroom2a
ENSDARP00000115932	ENSDARG00000010941	pomgnt2	ENSEEEP00000024258	ENSEEEG00000011760	POMGNT2
ENSDARP00000141076	ENSDARG00000099151	wbp11	ENSEEEP00000009641	ENSEEEG00000004915	WBP11
ENSDARP00000130148	ENSDARG00000038300	rnf34a	ENSEEEP00000001416	ENSEEEG00000000930	rnf34a
ENSDARP00000145309	ENSDARG00000113474	nherf2	ENSEEEP00000038614	ENSEEEG00000018320	nherf2
ENSDARP00000133499	ENSDARG00000099252	ipcef1	ENSEEEP00000032362	ENSEEEG00000015426	NSUN3
ENSDARP00000149321	ENSDARG00000089563	sfrp2l	ENSEEEP00000008048	ENSEEEG00000004201	sfrp2l
ENSDARP00000013553	ENSDARG00000006544	c1qtnf6b	ENSEEEP00000062850	ENSEEEG00000028785	c1qtnf6b
ENSDARP00000146592	ENSDARG00000106560		ENSEEEP00000020282	ENSEEEG00000009906	MCMDC2
ENSDARP00000097450	ENSDARG00000071881	arl9	ENSEEEP00000007337	ENSEEEG00000003854	ARL9
ENSDARP00000132468	ENSDARG00000099851		ENSEEEP00000047707	ENSEEEG00000022456	GPR180
ENSDARP00000134442	ENSDARG00000100613		ENSEEEP00000036502	ENSEEEG00000017349	msx1a
ENSDARP00000141518	ENSDARG00000098861	si:dkey-71b5.6	ENSEEEP00000025463	ENSEEEG00000012356	
ENSDARP00000136480	ENSDARG00000098537	spata22	ENSEEEP00000010495	ENSEEEG00000005314	SPATA22
ENSDARP00000090375	ENSDARG00000068784	vsir	ENSEEEP00000039445	ENSEEEG00000018733	VSIR
ENSDARP00000154183	ENSDARG00000043417	eipr1	ENSEEEP00000017745	ENSEEEG00000008763	EIPR1
ENSDARP00000150260	ENSDARG00000117130	arl10	ENSEEEP00000058007	ENSEEEG00000027463	ARL10
ENSDARP00000136455	ENSDARG00000102226	gpr19	ENSEEEP00000033159	ENSEEEG00000015772	GPR19
ENSDARP00000137244	ENSDARG00000098485		ENSEEEP00000002881	ENSEEEG00000001645	npnta
ENSDARP00000062263	ENSDARG00000075768	sdhb	ENSEEEP00000047076	ENSEEEG00000022160	SDHB
ENSDARP00000076797	ENSDARG00000059287	mak	ENSEEEP00000033487	ENSEEEG00000015919	MAK
ENSDARP00000132075	ENSDARG00000008461	anapc5	ENSEEEP00000001428	ENSEEEG00000000935	ANAPC5
ENSDARP00000055742	ENSDARG00000038226		ENSEEEP00000016437	ENSEEEG00000008132	COQ7
ENSDARP00000112440	ENSDARG00000086107		ENSEEEP00000009157	ENSEEEG00000004710	MTERF1
ENSDARP00000138203	ENSDARG00000098867		ENSEEEP00000016933	ENSEEEG00000008381	PRDM15
ENSDARP00000053493	ENSDARG00000036846	anks4b	ENSEEEP00000007708	ENSEEEG00000004040	ANKS4B
ENSDARP00000149737	ENSDARG00000109693		ENSEEEP00000015945	ENSEEEG00000007886	sh3bgr
ENSDARP00000157046	ENSDARG00000112898	st3gal2	ENSEEEP00000030643	ENSEEEG00000014681	ST3GAL2
ENSDARP00000037712	ENSDARG00000022970	tm9sf1	ENSEEEP00000032889	ENSEEEG00000015654	tm9sf1
ENSDARP00000152903	ENSDARG00000116139	cdx1b	ENSEEEP00000027268	ENSEEEG00000013156	cdx1b
ENSDARP00000114151	ENSDARG00000092602		ENSEEEP00000054816	ENSEEEG00000025102	
ENSDARP00000150059	ENSDARG00000115648		ENSEEEP00000009223	ENSEEEG00000004737	MAP9
ENSDARP00000132221	ENSDARG00000103139		ENSEEEP00000038451	ENSEEEG00000018262	
ENSDARP00000104495	ENSDARG00000089663	lsm3	ENSEEEP00000050120	ENSEEEG00000023576	LSM3
ENSDARP00000088660	ENSDARG00000067927	eva1aa	ENSEEEP00000044881	ENSEEEG00000021183	EVA1A
ENSDARP00000153135	ENSDARG00000111685		ENSEEEP00000040862	ENSEEEG00000019358	RNF40
ENSDARP00000102830	ENSDARG00000069361	spa17	ENSEEEP00000054492	ENSEEEG00000025979	SPA17
ENSDARP00000108189	ENSDARG00000088100		ENSEEEP00000007400	ENSEEEG00000003883	KCNIP4
ENSDARP00000153383	ENSDARG00000090548		ENSEEEP00000015854	ENSEEEG00000007835	kcnip1b
ENSDARP00000053796	ENSDARG00000037012	slc3a2b	ENSEEEP00000006927	ENSEEEG00000003651	slc3a2b
ENSDARP00000076579	ENSDARG00000059121	efemp1	ENSEEEP00000014302	ENSEEEG00000006965	EFEMP1
ENSDARP00000091169	ENSDARG00000069135	ppp1r15a	ENSEEEP00000038862	ENSEEEG00000018431	PPP1R15A
ENSDARP00000130604	ENSDARG00000101814	lpar3	ENSEEEP00000008478	ENSEEEG00000004417	LPAR3
ENSDARP00000139945	ENSDARG00000104791		ENSEEEP00000033554	ENSEEEG00000015961	
ENSDARP00000131050	ENSDARG00000102987	capn7	ENSEEEP00000049068	ENSEEEG00000023054	CAPN7
ENSDARP00000143176	ENSDARG00000104632	si:cabz01085950.1	ENSEEEP00000027088	ENSEEEG00000013078	RERG
ENSDARP00000131159	ENSDARG00000101913		ENSEEEP00000041194	ENSEEEG00000019496	mpzl3
ENSDARP00000131827	ENSDARG00000100674		ENSEEEP00000063989	ENSEEEG00000025627	UBE2O
ENSDARP00000148494	ENSDARG00000110910	f3a	ENSEEEP00000053231	ENSEEEG00000011306	f3a
ENSDARP00000004133	ENSDARG00000110357	txndc15	ENSEEEP00000011882	ENSEEEG00000005982	TXNDC15
ENSDARP00000151607	ENSDARG00000113982		ENSEEEP00000062153	ENSEEEG00000028704	
ENSDARP00000157590	ENSDARG00000112031		ENSEEEP00000045694	ENSEEEG00000021547	bida
ENSDARP00000078105	ENSDARG00000059854		ENSEEEP00000014741	ENSEEEG00000007334	RNF182
ENSDARP00000077572	ENSDARG00000059658	mrm1	ENSEEEP00000044667	ENSEEEG00000021092	MRM1
ENSDARP00000107825	ENSDARG00000091187		ENSEEEP00000044108	ENSEEEG00000020842	uimc1
ENSDARP00000149542	ENSDARG00000113187		ENSEEEP00000046989	ENSEEEG00000022117	si:ch73-23l24.1
ENSDARP00000149904	ENSDARG00000025421	tdrd3	ENSEEEP00000006447	ENSEEEG00000003397	TDRD3
ENSDARP00000140556	ENSDARG00000104735	nkx6.2	ENSEEEP00000036310	ENSEEEG00000017267	nkx6.2
ENSDARP00000089603	ENSDARG00000068367	nfkbie	ENSEEEP00000028703	ENSEEEG00000013789	NFKBIE
ENSDARP00000108925	ENSDARG00000088157	smoc2	ENSEEEP00000039430	ENSEEEG00000018726	SMOC2
ENSDARP00000059016	ENSDARG00000003157	nfkbil1	ENSEEEP00000051648	ENSEEEG00000024253	SDHAF1
ENSDARP00000102498	ENSDARG00000009484	arf1	ENSEEEP00000004963	ENSEEEG00000002560	ARF1
ENSDARP00000040421	ENSDARG00000013430	bhmt	ENSEEEP00000005793	ENSEEEG00000002951	bhmt
ENSDARP00000152488	ENSDARG00000115540	cacng4a	ENSEEEP00000040064	ENSEEEG00000018992	cacng4a
ENSDARP00000107125	ENSDARG00000091072	cib3	ENSEEEP00000050251	ENSEEEG00000023628	CIB3
ENSDARP00000027867	ENSDARG00000023495	ift74	ENSEEEP00000047361	ENSEEEG00000022298	IFT74
ENSDARP00000152357	ENSDARG00000113281		ENSEEEP00000059783	ENSEEEG00000026732	ARL6
ENSDARP00000130764	ENSDARG00000099542		ENSEEEP00000049710	ENSEEEG00000023371	
ENSDARP00000010091	ENSDARG00000010514	cxcr5	ENSEEEP00000038224	ENSEEEG00000018175	CXCR5
ENSDARP00000022134	ENSDARG00000016733	psat1	ENSEEEP00000049691	ENSEEEG00000023348	PSAT1
ENSDARP00000141875	ENSDARG00000101452		ENSEEEP00000046389	ENSEEEG00000021841	SUSD2
ENSDARP00000069657	ENSDARG00000053179	cttnbp2nla	ENSEEEP00000061142	ENSEEEG00000024452	cttnbp2nla
ENSDARP00000156534	ENSDARG00000111310	eif1axb	ENSEEEP00000028394	ENSEEEG00000013657	eif1axb
ENSDARP00000074651	ENSDARG00000057513	mdm4	ENSEEEP00000038953	ENSEEEG00000018483	MDM4
ENSDARP00000132540	ENSDARG00000099088	edar	ENSEEEP00000025624	ENSEEEG00000012432	EDAR
ENSDARP00000042927	ENSDARG00000032650	fcsk	ENSEEEP00000053901	ENSEEEG00000000636	fuk
ENSDARP00000134443	ENSDARG00000109660		ENSEEEP00000025148	ENSEEEG00000012166	cfhl1
ENSDARP00000151122	ENSDARG00000114554	cdx1a	ENSEEEP00000030909	ENSEEEG00000014791	cdx1a
ENSDARP00000144043	ENSDARG00000017636	rnf167	ENSEEEP00000032153	ENSEEEG00000015294	RNF167
ENSDARP00000089192	ENSDARG00000068176	uqcc1	ENSEEEP00000004722	ENSEEEG00000002468	UQCC1
ENSDARP00000143689	ENSDARG00000107576	insyn2ab	ENSEEEP00000035976	ENSEEEG00000017114	INSYN2A
ENSDARP00000151238	ENSDARG00000114760	asip2b	ENSEEEP00000028745	ENSEEEG00000013814	asip2b
ENSDARP00000140656	ENSDARG00000104467	bglapl	ENSEEEP00000009515	ENSEEEG00000004863	
ENSDARP00000156266	ENSDARG00000111593		ENSEEEP00000030091	ENSEEEG00000014398	RAB41
ENSDARP00000063441	ENSDARG00000053530	cyp4f3	ENSEEEP00000063753	ENSEEEG00000016095	
ENSDARP00000150735	ENSDARG00000114245	plbd2	ENSEEEP00000022831	ENSEEEG00000010868	PLBD2
ENSDARP00000110079	ENSDARG00000029232		ENSEEEP00000042847	ENSEEEG00000020212	
ENSDARP00000145483	ENSDARG00000110298	mbd4	ENSEEEP00000044419	ENSEEEG00000020980	mbd4
ENSDARP00000151667	ENSDARG00000110502	zgc:113090	ENSEEEP00000032411	ENSEEEG00000015454	zgc:113090
ENSDARP00000131434	ENSDARG00000101661	ulk3	ENSEEEP00000007260	ENSEEEG00000003815	ULK3
ENSDARP00000134988	ENSDARG00000102963	sirt6	ENSEEEP00000004297	ENSEEEG00000002268	SIRT6
ENSDARP00000106043	ENSDARG00000069706	prmt6	ENSEEEP00000011051	ENSEEEG00000005597	PRMT6
ENSDARP00000140045	ENSDARG00000036924	tatdn1	ENSEEEP00000007198	ENSEEEG00000003736	TATDN1
ENSDARP00000130733	ENSDARG00000103148	nectin4b	ENSEEEP00000035073	ENSEEEG00000016678	nectin4b
ENSDARP00000068474	ENSDARG00000052182	rbfox2	ENSEEEP00000009513	ENSEEEG00000004860	RBFOX2
ENSDARP00000111362	ENSDARG00000090544		ENSEEEP00000007031	ENSEEEG00000003711	
ENSDARP00000109752	ENSDARG00000063614	skor2	ENSEEEP00000039976	ENSEEEG00000018955	SKOR2
ENSDARP00000104769	ENSDARG00000089800	prr7	ENSEEEP00000044086	ENSEEEG00000020837	PRR7
ENSDARP00000011566	ENSDARG00000020085	slc33a1	ENSEEEP00000020624	ENSEEEG00000010062	slc33a1
ENSDARP00000157372	ENSDARG00000113693		ENSEEEP00000055352	ENSEEEG00000011047	sorbs2b
ENSDARP00000088022	ENSDARG00000067564	zgc:153044	ENSEEEP00000046487	ENSEEEG00000021900	zgc:153044
ENSDARP00000156236	ENSDARG00000112364		ENSEEEP00000003666	ENSEEEG00000002001	
ENSDARP00000153042	ENSDARG00000059020	thap1	ENSEEEP00000064258	ENSEEEG00000027844	THAP1
ENSDARP00000053481	ENSDARG00000036844	tsen54	ENSEEEP00000047469	ENSEEEG00000022336	TSEN54
ENSDARP00000034195	ENSDARG00000022690	chic2	ENSEEEP00000051144	ENSEEEG00000024013	CHIC2
ENSDARP00000140089	ENSDARG00000045530	si:ch211-244b2.4	ENSEEEP00000014514	ENSEEEG00000007222	si:ch211-244b2.4
ENSDARP00000147399	ENSDARG00000113609		ENSEEEP00000043577	ENSEEEG00000020594	TMEM164
ENSDARP00000060097	ENSDARG00000041011	gemin7	ENSEEEP00000048413	ENSEEEG00000022788	GEMIN7
ENSDARP00000137948	ENSDARG00000099004		ENSEEEP00000029909	ENSEEEG00000014325	rcan1a
ENSDARP00000147114	ENSDARG00000111119	pbld	ENSEEEP00000009016	ENSEEEG00000004649	PBLD
ENSDARP00000021266	ENSDARG00000013828	snx13	ENSEEEP00000010885	ENSEEEG00000005496	SNX13
ENSDARP00000150084	ENSDARG00000111822		ENSEEEP00000043447	ENSEEEG00000020537	RAMP3
ENSDARP00000118875	ENSDARG00000087601	gpr153	ENSEEEP00000007795	ENSEEEG00000004080	GPR153
ENSDARP00000154595	ENSDARG00000111388		ENSEEEP00000003412	ENSEEEG00000001903	UPF2
ENSDARP00000137324	ENSDARG00000103034		ENSEEEP00000005654	ENSEEEG00000002642	
ENSDARP00000015726	ENSDARG00000020176	zbtb22a	ENSEEEP00000055696	ENSEEEG00000027755	zbtb22a
ENSDARP00000136166	ENSDARG00000011958	ctnnbl1	ENSEEEP00000023854	ENSEEEG00000011573	CTNNBL1
ENSDARP00000128034	ENSDARG00000069968	pcsk7	ENSEEEP00000051781	ENSEEEG00000024298	PCSK7
ENSDARP00000154968	ENSDARG00000112483	rnf168	ENSEEEP00000050408	ENSEEEG00000023705	RNF168
ENSDARP00000154732	ENSDARG00000111676		ENSEEEP00000027557	ENSEEEG00000013282	DRAXIN
ENSDARP00000155717	ENSDARG00000004727		ENSEEEP00000016644	ENSEEEG00000008241	CMSS1
ENSDARP00000151512	ENSDARG00000110653	ermp1	ENSEEEP00000002687	ENSEEEG00000001555	ERMP1
ENSDARP00000149996	ENSDARG00000090219	wdr45	ENSEEEP00000006725	ENSEEEG00000003110	WDR45
ENSDARP00000013777	ENSDARG00000001950	ak1	ENSEEEP00000032863	ENSEEEG00000015642	AK1
ENSDARP00000144922	ENSDARG00000113087		ENSEEEP00000015971	ENSEEEG00000007898	
ENSDARP00000017026	ENSDARG00000009825	mmp23bb	ENSEEEP00000050254	ENSEEEG00000023630	mmp23bb
ENSDARP00000070955	ENSDARG00000054307	zgc:77151	ENSEEEP00000058938	ENSEEEG00000027384	zgc:77151
ENSDARP00000056094	ENSDARG00000038439	fabp10a	ENSEEEP00000020025	ENSEEEG00000009791	fabp10a
ENSDARP00000155900	ENSDARG00000112416		ENSEEEP00000003492	ENSEEEG00000001938	
ENSDARP00000149985	ENSDARG00000110481	si:ch73-42p12.2	ENSEEEP00000057612	ENSEEEG00000027728	si:ch73-42p12.2
ENSDARP00000151123	ENSDARG00000114387		ENSEEEP00000058196	ENSEEEG00000025866	CNFN
ENSDARP00000154807	ENSDARG00000114776		ENSEEEP00000008639	ENSEEEG00000004483	ZRSR2
ENSDARP00000147665	ENSDARG00000109769	tp53inp2b	ENSEEEP00000054015	ENSEEEG00000028764	TP53INP2
ENSDARP00000134321	ENSDARG00000102867	srfb	ENSEEEP00000036505	ENSEEEG00000017352	srfb
ENSDARP00000137374	ENSDARG00000102761	zbtb42	ENSEEEP00000062593	ENSEEEG00000025384	zbtb42
ENSDARP00000087654	ENSDARG00000063670	gtf2a1l	ENSEEEP00000059151	ENSEEEG00000028263	dtnbp1b
ENSDARP00000069627	ENSDARG00000053152	pcmtd1	ENSEEEP00000022485	ENSEEEG00000010913	PCMTD1
ENSDARP00000104596	ENSDARG00000090234	bmf1	ENSEEEP00000004738	ENSEEEG00000002481	bmf1
ENSDARP00000129880	ENSDARG00000099025		ENSEEEP00000063443	ENSEEEG00000028168	USF3
ENSDARP00000109776	ENSDARG00000087489	fam124b	ENSEEEP00000063942	ENSEEEG00000028230	FAM124B
ENSDARP00000149054	ENSDARG00000098194		ENSEEEP00000005309	ENSEEEG00000002771	SLC39A11
ENSDARP00000099049	ENSDARG00000075948	slco4a1	ENSEEEP00000014127	ENSEEEG00000007015	SLCO4A1
ENSDARP00000151203	ENSDARG00000111989	dnajc9	ENSEEEP00000037829	ENSEEEG00000028245	DNAJC9
ENSDARP00000134395	ENSDARG00000103672	cirbpa	ENSEEEP00000053591	ENSEEEG00000023620	cirbpa
ENSDARP00000154526	ENSDARG00000115452	mrps16	ENSEEEP00000061338	ENSEEEG00000027267	MRPS16
ENSDARP00000140056	ENSDARG00000113460	alox5ap	ENSEEEP00000004767	ENSEEEG00000002496	ALOX5AP
ENSDARP00000131064	ENSDARG00000101914	metrnla	ENSEEEP00000036619	ENSEEEG00000017390	metrnla
ENSDARP00000115392	ENSDARG00000094590	c2cd5	ENSEEEP00000032720	ENSEEEG00000015592	C2CD5
ENSDARP00000141898	ENSDARG00000101611	zgc:162895	ENSEEEP00000043450	ENSEEEG00000020539	HUS1
ENSDARP00000152305	ENSDARG00000110731		ENSEEEP00000002299	ENSEEEG00000001379	hrh2b
ENSDARP00000130052	ENSDARG00000104186	fbxo43	ENSEEEP00000014998	ENSEEEG00000007468	FBXO43
ENSDARP00000150948	ENSDARG00000110016	msc	ENSEEEP00000026039	ENSEEEG00000012607	MSC
ENSDARP00000147381	ENSDARG00000114472	ctxn3	ENSEEEP00000041190	ENSEEEG00000019492	CTXN3
ENSDARP00000134419	ENSDARG00000098311	si:zfos-932h1.3	ENSEEEP00000002650	ENSEEEG00000001509	si:zfos-932h1.3
ENSDARP00000148900	ENSDARG00000116393		ENSEEEP00000017750	ENSEEEG00000008767	
ENSDARP00000152184	ENSDARG00000103163	tomm20a	ENSEEEP00000063926	ENSEEEG00000029129	tomm20b
ENSDARP00000135836	ENSDARG00000103285		ENSEEEP00000032801	ENSEEEG00000015625	CCDC134
ENSDARP00000141440	ENSDARG00000101279	ndr2	ENSEEEP00000054536	ENSEEEG00000028949	ndr1
ENSDARP00000058679	ENSDARG00000040121	psma2a	ENSEEEP00000008092	ENSEEEG00000004213	PSMA2
ENSDARP00000142335	ENSDARG00000077934	tmbim6	ENSEEEP00000029171	ENSEEEG00000013992	tegt
ENSDARP00000009149	ENSDARG00000007955	iars1	ENSEEEP00000005058	ENSEEEG00000002625	IARS1
ENSDARP00000099031	ENSDARG00000078606	fsaf1	ENSEEEP00000008461	ENSEEEG00000004416	zgc:194224
ENSDARP00000125998	ENSDARG00000016080	nob1	ENSEEEP00000034753	ENSEEEG00000016518	NOB1
ENSDARP00000145094	ENSDARG00000101308	smug1	ENSEEEP00000054178	ENSEEEG00000027786	SMUG1
ENSDARP00000134844	ENSDARG00000100248	c1r	ENSEEEP00000010554	ENSEEEG00000005353	C1R
ENSDARP00000155202	ENSDARG00000100322	pofut3	ENSEEEP00000005603	ENSEEEG00000002949	FUT10
ENSDARP00000154644	ENSDARG00000112929		ENSEEEP00000033807	ENSEEEG00000016086	zgc:100920
ENSDARP00000152343	ENSDARG00000111280		ENSEEEP00000055261	ENSEEEG00000026752	EOLA1
ENSDARP00000132766	ENSDARG00000104817	pyroxd1	ENSEEEP00000031629	ENSEEEG00000015108	PYROXD1
ENSDARP00000139211	ENSDARG00000102020	pnpla3	ENSEEEP00000010321	ENSEEEG00000005203	PNPLA3
ENSDARP00000130348	ENSDARG00000102110		ENSEEEP00000000632	ENSEEEG00000000449	CCPG1
ENSDARP00000145673	ENSDARG00000111755		ENSEEEP00000061519	ENSEEEG00000026667	
ENSDARP00000153794	ENSDARG00000107534	erich2	ENSEEEP00000009783	ENSEEEG00000004978	erich2
ENSDARP00000155503	ENSDARG00000115994		ENSEEEP00000043501	ENSEEEG00000020568	CKLF
ENSDARP00000140765	ENSDARG00000103198	mrps2	ENSEEEP00000010891	ENSEEEG00000005511	MRPS2
ENSDARP00000068779	ENSDARG00000052437	mia	ENSEEEP00000038873	ENSEEEG00000018441	mia
ENSDARP00000150717	ENSDARG00000100199	si:ch1073-185p12.2	ENSEEEP00000035247	ENSEEEG00000016767	stx5a
ENSDARP00000148647	ENSDARG00000115189	uts2rl	ENSEEEP00000031523	ENSEEEG00000015080	uts2r5
ENSDARP00000131424	ENSDARG00000103241		ENSEEEP00000063026	ENSEEEG00000025058	
ENSDARP00000104465	ENSDARG00000087611		ENSEEEP00000060251	ENSEEEG00000025044	tmem268
ENSDARP00000134749	ENSDARG00000100862	gprc5c	ENSEEEP00000000177	ENSEEEG00000000135	GPRC5C
ENSDARP00000103750	ENSDARG00000079530	si:dkey-17m8.1	ENSEEEP00000041575	ENSEEEG00000019666	si:dkey-17m8.1
ENSDARP00000141174	ENSDARG00000102421	acp7	ENSEEEP00000046454	ENSEEEG00000021865	ACP7
ENSDARP00000076621	ENSDARG00000110269		ENSEEEP00000045862	ENSEEEG00000021618	TMEM107
ENSDARP00000150251	ENSDARG00000114241	cited4b	ENSEEEP00000013398	ENSEEEG00000006711	cited4b
ENSDARP00000005954	ENSDARG00000002970	ss18	ENSEEEP00000011229	ENSEEEG00000005689	SS18
ENSDARP00000138796	ENSDARG00000103817	tmem42b	ENSEEEP00000061867	ENSEEEG00000028805	tmem42b
ENSDARP00000135886	ENSDARG00000070151	nfyc	ENSEEEP00000029748	ENSEEEG00000014242	NFYC
ENSDARP00000149703	ENSDARG00000007207	cnpy2	ENSEEEP00000049987	ENSEEEG00000023498	cnpy2
ENSDARP00000146744	ENSDARG00000109634		ENSEEEP00000023636	ENSEEEG00000011450	PLPP6
ENSDARP00000152454	ENSDARG00000114159	tmem196a	ENSEEEP00000010901	ENSEEEG00000005518	tmem196b
ENSDARP00000154591	ENSDARG00000100274	wdr7	ENSEEEP00000064265	ENSEEEG00000001942	WDR7
ENSDARP00000155665	ENSDARG00000109640		ENSEEEP00000047100	ENSEEEG00000022173	fgfbp3
ENSDARP00000140899	ENSDARG00000100252	capzb	ENSEEEP00000056044	ENSEEEG00000022063	UBE2Q1
ENSDARP00000151881	ENSDARG00000101621		ENSEEEP00000043362	ENSEEEG00000020488	ly97.3
ENSDARP00000096080	ENSDARG00000027491	uros	ENSEEEP00000007973	ENSEEEG00000004161	UROS
ENSDARP00000064678	ENSDARG00000026246	adora3a.2	ENSEEEP00000060860	ENSEEEG00000026168	adora4a
ENSDARP00000115822	ENSDARG00000039516	c8a	ENSEEEP00000002049	ENSEEEG00000001264	C8A
ENSDARP00000098515	ENSDARG00000076638		ENSEEEP00000021581	ENSEEEG00000010507	MEX3B
ENSDARP00000153891	ENSDARG00000111379		ENSEEEP00000042878	ENSEEEG00000020229	pax10
ENSDARP00000132097	ENSDARG00000099431	med24	ENSEEEP00000044844	ENSEEEG00000021155	MED24
ENSDARP00000112407	ENSDARG00000089181	adad1	ENSEEEP00000017221	ENSEEEG00000008521	ADAD1
ENSDARP00000146013	ENSDARG00000113591		ENSEEEP00000030259	ENSEEEG00000014507	GZMA
ENSDARP00000134838	ENSDARG00000062592	myl10	ENSEEEP00000057169	ENSEEEG00000006672	myl10
ENSDARP00000109154	ENSDARG00000090833	igfbp6b	ENSEEEP00000000066	ENSEEEG00000000036	igfbp6b
ENSDARP00000007208	ENSDARG00000004051		ENSEEEP00000003267	ENSEEEG00000001838	CYP7B1
ENSDARP00000134520	ENSDARG00000101188	rab11fip5b	ENSEEEP00000047954	ENSEEEG00000022586	
ENSDARP00000137337	ENSDARG00000079107	clec11a	ENSEEEP00000056473	ENSEEEG00000026707	
ENSDARP00000141981	ENSDARG00000100181	lamp1a	ENSEEEP00000025426	ENSEEEG00000012337	lamp1a
ENSDARP00000122571	ENSDARG00000014201	otpa	ENSEEEP00000052554	ENSEEEG00000024614	otpa
ENSDARP00000150081	ENSDARG00000117179		ENSEEEP00000032816	ENSEEEG00000015629	
ENSDARP00000050978	ENSDARG00000035193	fam81b	ENSEEEP00000030049	ENSEEEG00000014399	fam81b
ENSDARP00000130484	ENSDARG00000101478	plppr2a	ENSEEEP00000039021	ENSEEEG00000018519	plppr2a
ENSDARP00000137555	ENSDARG00000103813	ate1	ENSEEEP00000045701	ENSEEEG00000021549	ATE1
ENSDARP00000100524	ENSDARG00000074984		ENSEEEP00000059319	ENSEEEG00000019682	CCDC69
ENSDARP00000135201	ENSDARG00000104959	dnajc17	ENSEEEP00000046396	ENSEEEG00000021844	DNAJC17
ENSDARP00000142065	ENSDARG00000103845	zgc:55733	ENSEEEP00000050140	ENSEEEG00000023588	zgc:55733
ENSDARP00000135455	ENSDARG00000101717	sox17	ENSEEEP00000002716	ENSEEEG00000001570	SOX17
ENSDARP00000138830	ENSDARG00000101453		ENSEEEP00000044366	ENSEEEG00000020957	
ENSDARP00000146675	ENSDARG00000114879		ENSEEEP00000041540	ENSEEEG00000019645	ptpn18
ENSDARP00000099404	ENSDARG00000079483		ENSEEEP00000045796	ENSEEEG00000021589	
ENSDARP00000151638	ENSDARG00000112667	tp53rk	ENSEEEP00000003826	ENSEEEG00000002051	TP53RK
ENSDARP00000144935	ENSDARG00000074927	bub1bb	ENSEEEP00000045400	ENSEEEG00000021429	bub1bb
ENSDARP00000141218	ENSDARG00000109924		ENSEEEP00000003489	ENSEEEG00000001937	tnnt2e
ENSDARP00000026878	ENSDARG00000002231	plpp2a	ENSEEEP00000064415	ENSEEEG00000025664	plpp2a
ENSDARP00000088095	ENSDARG00000021004	c5	ENSEEEP00000051344	ENSEEEG00000024086	C5
ENSDARP00000134745	ENSDARG00000098544	ncdn	ENSEEEP00000015174	ENSEEEG00000007567	NCDN
ENSDARP00000140734	ENSDARG00000104709	sprtn	ENSEEEP00000008438	ENSEEEG00000004403	SPRTN
ENSDARP00000139936	ENSDARG00000103510		ENSEEEP00000059384	ENSEEEG00000025914	
ENSDARP00000132832	ENSDARG00000105048		ENSEEEP00000061405	ENSEEEG00000002099	
ENSDARP00000144013	ENSDARG00000117068		ENSEEEP00000031971	ENSEEEG00000015255	zgc:113229
ENSDARP00000146681	ENSDARG00000112495	mmp21	ENSEEEP00000007970	ENSEEEG00000004159	mmp21
ENSDARP00000144405	ENSDARG00000005791	rpl28	ENSEEEP00000007746	ENSEEEG00000004053	rpl28
ENSDARP00000154694	ENSDARG00000023820	faxdc2	ENSEEEP00000007048	ENSEEEG00000003725	FAXDC2
ENSDARP00000153946	ENSDARG00000112583		ENSEEEP00000028638	ENSEEEG00000013760	
ENSDARP00000055809	ENSDARG00000058044	rab1ba	ENSEEEP00000056529	ENSEEEG00000020028	rab1aa
ENSDARP00000130227	ENSDARG00000098983	ghitm	ENSEEEP00000042950	ENSEEEG00000020270	GHITM
ENSDARP00000105587	ENSDARG00000089248		ENSEEEP00000023787	ENSEEEG00000011533	AMZ2
ENSDARP00000140156	ENSDARG00000089310	gc	ENSEEEP00000005576	ENSEEEG00000002926	gc
ENSDARP00000035603	ENSDARG00000028725	adra1aa	ENSEEEP00000020783	ENSEEEG00000010130	ADRA1D
ENSDARP00000053781	ENSDARG00000056175	scrt2	ENSEEEP00000001689	ENSEEEG00000001079	SCRT2
ENSDARP00000140676	ENSDARG00000100585	coa3a	ENSEEEP00000008161	ENSEEEG00000004253	coa3a
ENSDARP00000146941	ENSDARG00000110579		ENSEEEP00000047958	ENSEEEG00000022591	GPR174
ENSDARP00000155054	ENSDARG00000115887		ENSEEEP00000009063	ENSEEEG00000004670	wu:fc75a09
ENSDARP00000132235	ENSDARG00000098432	paf1	ENSEEEP00000000941	ENSEEEG00000000625	PAF1
ENSDARP00000155606	ENSDARG00000110488		ENSEEEP00000018534	ENSEEEG00000009104	NEURL2
ENSDARP00000129549	ENSDARG00000007722	nudt8	ENSEEEP00000050399	ENSEEEG00000023699	nudt8
ENSDARP00000059955	ENSDARG00000040912	kdelr3	ENSEEEP00000032818	ENSEEEG00000015633	KDELR3
ENSDARP00000150802	ENSDARG00000111840	cxcl18a.1	ENSEEEP00000039153	ENSEEEG00000018604	cxcl18a.1
ENSDARP00000151474	ENSDARG00000069333		ENSEEEP00000034362	ENSEEEG00000016354	zgc:77439
ENSDARP00000067038	ENSDARG00000045596	rassf8a	ENSEEEP00000046356	ENSEEEG00000021819	RASSF8
ENSDARP00000150878	ENSDARG00000103537	ttll12	ENSEEEP00000010327	ENSEEEG00000005230	TTLL12
ENSDARP00000153975	ENSDARG00000020820	srp68	ENSEEEP00000007734	ENSEEEG00000003888	SRP68
ENSDARP00000109827	ENSDARG00000086724	im:7151449	ENSEEEP00000017519	ENSEEEG00000008666	im:7151449
ENSDARP00000111286	ENSDARG00000088258		ENSEEEP00000063190	ENSEEEG00000028023	MOSMO
ENSDARP00000067665	ENSDARG00000046022	tmed7	ENSEEEP00000015727	ENSEEEG00000007790	TMED7
ENSDARP00000134497	ENSDARG00000098686	tmprss2	ENSEEEP00000055724	ENSEEEG00000010924	TMPRSS2
ENSDARP00000147483	ENSDARG00000099313	naga	ENSEEEP00000051335	ENSEEEG00000024088	NAGA
ENSDARP00000025305	ENSDARG00000006300	psmd9	ENSEEEP00000049605	ENSEEEG00000023324	psmd9
ENSDARP00000134763	ENSDARG00000098420		ENSEEEP00000054714	ENSEEEG00000008756	SNTA1
ENSDARP00000154757	ENSDARG00000102898	mtf1	ENSEEEP00000051153	ENSEEEG00000024015	MTF1
ENSDARP00000131155	ENSDARG00000103770		ENSEEEP00000033699	ENSEEEG00000016041	ARMC6
ENSDARP00000145625	ENSDARG00000111801		ENSEEEP00000032117	ENSEEEG00000015320	
ENSDARP00000138638	ENSDARG00000100370		ENSEEEP00000004051	ENSEEEG00000002162	
ENSDARP00000065207	ENSDARG00000044402	nop16	ENSEEEP00000063580	ENSEEEG00000027176	NOP16
ENSDARP00000156792	ENSDARG00000071469	znf618	ENSEEEP00000057916	ENSEEEG00000026938	ZNF618
ENSDARP00000018399	ENSDARG00000004525	zgc:63882	ENSEEEP00000004904	ENSEEEG00000002558	C1orf35
ENSDARP00000148543	ENSDARG00000110709	zdhhc21	ENSEEEP00000039151	ENSEEEG00000018602	ZDHHC21
ENSDARP00000147525	ENSDARG00000116937	clmpa	ENSEEEP00000022954	ENSEEEG00000011141	clmpa
ENSDARP00000133397	ENSDARG00000103027	clns1a	ENSEEEP00000050029	ENSEEEG00000023523	CLNS1A
ENSDARP00000015026	ENSDARG00000014139	srp72	ENSEEEP00000007297	ENSEEEG00000003821	SRP72
ENSDARP00000133797	ENSDARG00000104505		ENSEEEP00000008634	ENSEEEG00000004481	RCCD1
ENSDARP00000141429	ENSDARG00000101616	arfgap1	ENSEEEP00000032544	ENSEEEG00000015522	ARFGAP1
ENSDARP00000148836	ENSDARG00000110147	bkgd	ENSEEEP00000010533	ENSEEEG00000005323	C11orf54
ENSDARP00000151382	ENSDARG00000111240	dhrs13a.2	ENSEEEP00000019071	ENSEEEG00000009362	dhrs13a.2
ENSDARP00000087219	ENSDARG00000087937	cdk4	ENSEEEP00000032522	ENSEEEG00000015505	CDK4
ENSDARP00000098871	ENSDARG00000077985	kiss2	ENSEEEP00000022003	ENSEEEG00000010687	kiss2
ENSDARP00000146953	ENSDARG00000060109	aggf1	ENSEEEP00000052539	ENSEEEG00000024610	aggf1
ENSDARP00000040264	ENSDARG00000029581	tbc1d7	ENSEEEP00000044312	ENSEEEG00000020937	TBC1D7
ENSDARP00000138674	ENSDARG00000099194		ENSEEEP00000060435	ENSEEEG00000026141	
ENSDARP00000149604	ENSDARG00000108136		ENSEEEP00000014476	ENSEEEG00000007205	DCAF1
ENSDARP00000135760	ENSDARG00000104090	june	ENSEEEP00000047314	ENSEEEG00000022272	june
ENSDARP00000139802	ENSDARG00000098745	tfec	ENSEEEP00000019304	ENSEEEG00000009453	TFEC
ENSDARP00000005521	ENSDARG00000016391	calcoco1b	ENSEEEP00000032612	ENSEEEG00000015545	calcoco1b
ENSDARP00000150987	ENSDARG00000098834	sox4b	ENSEEEP00000016613	ENSEEEG00000008225	sox4b
ENSDARP00000059139	ENSDARG00000040401	slc25a20	ENSEEEP00000047148	ENSEEEG00000022189	SLC25A20
ENSDARP00000040239	ENSDARG00000032353	tiprl	ENSEEEP00000025968	ENSEEEG00000012580	TIPRL
ENSDARP00000142180	ENSDARG00000060756	abhd6a	ENSEEEP00000027698	ENSEEEG00000013341	abhd6a
ENSDARP00000149274	ENSDARG00000008238	manba	ENSEEEP00000036604	ENSEEEG00000017381	MANBA
ENSDARP00000148361	ENSDARG00000110700		ENSEEEP00000019030	ENSEEEG00000009342	COX7A2
ENSDARP00000130427	ENSDARG00000101161	orc4	ENSEEEP00000020499	ENSEEEG00000010007	ORC4
ENSDARP00000002411	ENSDARG00000020948	gmcl1	ENSEEEP00000036275	ENSEEEG00000017236	gmcl1
ENSDARP00000150022	ENSDARG00000088225		ENSEEEP00000006348	ENSEEEG00000003378	STRADB
ENSDARP00000141388	ENSDARG00000101347		ENSEEEP00000025155	ENSEEEG00000012193	WDR77
ENSDARP00000146986	ENSDARG00000113009		ENSEEEP00000006922	ENSEEEG00000003648	
ENSDARP00000107201	ENSDARG00000090904		ENSEEEP00000014157	ENSEEEG00000007030	obi1
ENSDARP00000133823	ENSDARG00000105077	hdhd5	ENSEEEP00000040264	ENSEEEG00000019088	HDHD5
ENSDARP00000151253	ENSDARG00000111740	adm2a	ENSEEEP00000038003	ENSEEEG00000018047	adm2a
ENSDARP00000063869	ENSDARG00000043509	rpl11	ENSEEEP00000018108	ENSEEEG00000008901	rpl11
ENSDARP00000139836	ENSDARG00000098909	shc3	ENSEEEP00000006564	ENSEEEG00000003470	shc3
ENSDARP00000157265	ENSDARG00000102210		ENSEEEP00000019051	ENSEEEG00000009353	KCNIP1
ENSDARP00000097841	ENSDARG00000086405	mterf2	ENSEEEP00000005993	ENSEEEG00000003184	mterf2
ENSDARP00000146525	ENSDARG00000030340	guk1a	ENSEEEP00000059332	ENSEEEG00000025734	guk1a
ENSDARP00000067808	ENSDARG00000046124	rab11fip1a	ENSEEEP00000014646	ENSEEEG00000007281	RAB11FIP1
ENSDARP00000100545	ENSDARG00000075229	slc46a2	ENSEEEP00000004965	ENSEEEG00000002586	SLC46A2
ENSDARP00000134516	ENSDARG00000104290	ripk2	ENSEEEP00000028736	ENSEEEG00000013808	RIPK2
ENSDARP00000035566	ENSDARG00000021909	vstm2a	ENSEEEP00000015392	ENSEEEG00000007643	VSTM2A
ENSDARP00000110316	ENSDARG00000032584	thnsl2	ENSEEEP00000035512	ENSEEEG00000016909	THNSL2
ENSDARP00000093157	ENSDARG00000038473	ube2d3	ENSEEEP00000036585	ENSEEEG00000016979	ube2d3
ENSDARP00000103048	ENSDARG00000112294		ENSEEEP00000036701	ENSEEEG00000017414	THSD1
ENSDARP00000139987	ENSDARG00000098749	tbcd	ENSEEEP00000038255	ENSEEEG00000017425	TBCD
ENSDARP00000100615	ENSDARG00000074740	arhgap18	ENSEEEP00000010032	ENSEEEG00000004811	ARHGAP18
ENSDARP00000155556	ENSDARG00000113017		ENSEEEP00000029942	ENSEEEG00000014341	TMEM82
ENSDARP00000088637	ENSDARG00000067913	ints9	ENSEEEP00000018980	ENSEEEG00000009300	INTS9
ENSDARP00000157480	ENSDARG00000114182	mkxb	ENSEEEP00000013895	ENSEEEG00000006905	mkxb
ENSDARP00000097988	ENSDARG00000077549	aifm2	ENSEEEP00000009284	ENSEEEG00000004763	AIFM2
ENSDARP00000041067	ENSDARG00000032769	slc38a9	ENSEEEP00000044402	ENSEEEG00000020946	SLC38A9
ENSDARP00000100795	ENSDARG00000078882	slc22a31	ENSEEEP00000040946	ENSEEEG00000019391	slc22a31
ENSDARP00000151228	ENSDARG00000113503	si:ch73-106k19.8	ENSEEEP00000056449	ENSEEEG00000024930	si:dkey-103j14.5
ENSDARP00000138199	ENSDARG00000113743		ENSEEEP00000063850	ENSEEEG00000026809	GMNN
ENSDARP00000147527	ENSDARG00000112749		ENSEEEP00000051872	ENSEEEG00000024339	
ENSDARP00000130593	ENSDARG00000104686	hsf5	ENSEEEP00000000544	ENSEEEG00000000404	
ENSDARP00000134072	ENSDARG00000101340	cst7	ENSEEEP00000031574	ENSEEEG00000015101	CST7
ENSDARP00000065847	ENSDARG00000044801	wdr38	ENSEEEP00000042976	ENSEEEG00000020286	tmprss4b
ENSDARP00000112019	ENSDARG00000087646	runx1	ENSEEEP00000029915	ENSEEEG00000014327	RUNX1
ENSDARP00000072883	ENSDARG00000056007	cyb5d1	ENSEEEP00000004040	ENSEEEG00000002159	CYB5D1
ENSDARP00000149148	ENSDARG00000109468	stc2a	ENSEEEP00000026632	ENSEEEG00000012880	stc2a
ENSDARP00000138972	ENSDARG00000104246		ENSEEEP00000030911	ENSEEEG00000014793	EXOSC3
ENSDARP00000155776	ENSDARG00000110666		ENSEEEP00000019456	ENSEEEG00000009538	CREB5
ENSDARP00000156230	ENSDARG00000109451		ENSEEEP00000044820	ENSEEEG00000021157	
ENSDARP00000153581	ENSDARG00000112724	cd83	ENSEEEP00000049046	ENSEEEG00000023046	CD83
ENSDARP00000155949	ENSDARG00000109732		ENSEEEP00000044475	ENSEEEG00000021013	PDGFA
ENSDARP00000099124	ENSDARG00000078962	duoxa	ENSEEEP00000017437	ENSEEEG00000008626	DUOX2
ENSDARP00000027230	ENSDARG00000020699	slc9a8	ENSEEEP00000043439	ENSEEEG00000020324	SLC9A8
ENSDARP00000153528	ENSDARG00000114885	pxmp4	ENSEEEP00000059750	ENSEEEG00000028097	PXMP4
ENSDARP00000097707	ENSDARG00000079848	gmps	ENSEEEP00000021613	ENSEEEG00000010080	GMPS
ENSDARP00000110213	ENSDARG00000087993	bada	ENSEEEP00000004152	ENSEEEG00000002202	bada
ENSDARP00000076524	ENSDARG00000059075	nip7	ENSEEEP00000059594	ENSEEEG00000028166	NIP7
ENSDARP00000126258	ENSDARG00000088030	rpl35a	ENSEEEP00000061929	ENSEEEG00000025597	rpl35a
ENSDARP00000151473	ENSDARG00000115222		ENSEEEP00000055090	ENSEEEG00000005915	MARF1
ENSDARP00000145586	ENSDARG00000110191		ENSEEEP00000025659	ENSEEEG00000012451	si:ch211-69g19.2
ENSDARP00000139230	ENSDARG00000103923	tfap4	ENSEEEP00000058927	ENSEEEG00000027907	TFAP4
ENSDARP00000156222	ENSDARG00000116024		ENSEEEP00000057489	ENSEEEG00000027657	
ENSDARP00000154814	ENSDARG00000111357	tnfsf14a	ENSEEEP00000014763	ENSEEEG00000007341	TNFSF14
ENSDARP00000157138	ENSDARG00000116951		ENSEEEP00000016857	ENSEEEG00000008351	
ENSDARP00000096028	ENSDARG00000071261	zmp:0000001139	ENSEEEP00000053385	ENSEEEG00000026170	STK33
ENSDARP00000155914	ENSDARG00000109950	prop1	ENSEEEP00000021390	ENSEEEG00000010423	prop1
ENSDARP00000014981	ENSDARG00000001929	pink1	ENSEEEP00000003966	ENSEEEG00000002120	PINK1
ENSDARP00000134473	ENSDARG00000101350	arhgap28	ENSEEEP00000000424	ENSEEEG00000000311	ARHGAP28
ENSDARP00000151778	ENSDARG00000115935		ENSEEEP00000016827	ENSEEEG00000008338	HSD17B3
ENSDARP00000150643	ENSDARG00000116457	zmp:0000001088	ENSEEEP00000003372	ENSEEEG00000001877	zmp:0000001088
ENSDARP00000059212	ENSDARG00000012948		ENSEEEP00000045523	ENSEEEG00000021479	ASB18
ENSDARP00000133247	ENSDARG00000099464	tafa2	ENSEEEP00000011140	ENSEEEG00000005652	TAFA3
ENSDARP00000135217	ENSDARG00000101020		ENSEEEP00000044421	ENSEEEG00000020981	KHDRBS3
ENSDARP00000151441	ENSDARG00000111076		ENSEEEP00000009316	ENSEEEG00000004786	
ENSDARP00000134495	ENSDARG00000098508		ENSEEEP00000015063	ENSEEEG00000007493	rhot1a
ENSDARP00000157419	ENSDARG00000111398	si:dkey-30c15.2	ENSEEEP00000014244	ENSEEEG00000007082	si:dkey-30c15.2
ENSDARP00000003991	ENSDARG00000020898	cyb5r4	ENSEEEP00000018713	ENSEEEG00000009205	CYB5R4
ENSDARP00000067733	ENSDARG00000046072	snx16	ENSEEEP00000015299	ENSEEEG00000007607	SNX16
ENSDARP00000155025	ENSDARG00000091503		ENSEEEP00000020724	ENSEEEG00000010114	FADS6
ENSDARP00000151488	ENSDARG00000115308		ENSEEEP00000017622	ENSEEEG00000008700	zgc:171517
ENSDARP00000147175	ENSDARG00000111184		ENSEEEP00000063055	ENSEEEG00000025098	gsc
ENSDARP00000034520	ENSDARG00000113692		ENSEEEP00000022493	ENSEEEG00000010920	si:dkey-13a21.4
ENSDARP00000134944	ENSDARG00000037320	fam131c	ENSEEEP00000029958	ENSEEEG00000014352	FAM131C
ENSDARP00000150674	ENSDARG00000116344		ENSEEEP00000006774	ENSEEEG00000003575	MLLT11
ENSDARP00000148573	ENSDARG00000111983	sb:cb470	ENSEEEP00000028773	ENSEEEG00000013826	sb:cb470
ENSDARP00000098869	ENSDARG00000079811	micall1a	ENSEEEP00000025681	ENSEEEG00000012456	micall1a
ENSDARP00000154075	ENSDARG00000112776		ENSEEEP00000005827	ENSEEEG00000003073	TTC29
ENSDARP00000068362	ENSDARG00000052089		ENSEEEP00000041431	ENSEEEG00000019594	CCKAR
ENSDARP00000108910	ENSDARG00000086033	tspan5a	ENSEEEP00000056138	ENSEEEG00000025632	tspan5a
ENSDARP00000111625	ENSDARG00000090462	mrpl20	ENSEEEP00000047071	ENSEEEG00000022156	MRPL20
ENSDARP00000061632	ENSDARG00000042054	zgc:171971	ENSEEEP00000003580	ENSEEEG00000001961	zgc:171971
ENSDARP00000006400	ENSDARG00000012671	inhbaa	ENSEEEP00000010420	ENSEEEG00000005273	inhbaa
ENSDARP00000135413	ENSDARG00000102211	csf3a	ENSEEEP00000057910	ENSEEEG00000027216	csf3a
ENSDARP00000140129	ENSDARG00000098239	zgc:85932	ENSEEEP00000036822	ENSEEEG00000017482	zgc:85932
ENSDARP00000147033	ENSDARG00000102251	pdzph1	ENSEEEP00000041928	ENSEEEG00000019814	pdzph1
ENSDARP00000155230	ENSDARG00000116416		ENSEEEP00000044065	ENSEEEG00000020826	zgc:174863
ENSDARP00000150264	ENSDARG00000112572	srsf10a	ENSEEEP00000020027	ENSEEEG00000009796	
ENSDARP00000135569	ENSDARG00000103144	ppp1r21	ENSEEEP00000009452	ENSEEEG00000004827	PPP1R21
ENSDARP00000142256	ENSDARG00000105467	si:cabz01093077.1	ENSEEEP00000059722	ENSEEEG00000024829	si:cabz01093077.1
ENSDARP00000073397	ENSDARG00000056439	marchf4b	ENSEEEP00000044252	ENSEEEG00000020907	march4
ENSDARP00000059116	ENSDARG00000040387	mmd	ENSEEEP00000064393	ENSEEEG00000025491	MMD
ENSDARP00000063241	ENSDARG00000043079		ENSEEEP00000003567	ENSEEEG00000001951	MMP23B
ENSDARP00000154307	ENSDARG00000115549	nceh1b.2	ENSEEEP00000042158	ENSEEEG00000019913	nceh1b.1
ENSDARP00000107727	ENSDARG00000087962	rpap3	ENSEEEP00000011117	ENSEEEG00000005627	RPAP3
ENSDARP00000142049	ENSDARG00000105432	minar1	ENSEEEP00000029801	ENSEEEG00000014277	MINAR1
ENSDARP00000070266	ENSDARG00000099950	cldn8.3	ENSEEEP00000000436	ENSEEEG00000000323	cldn8.3
ENSDARP00000059479	ENSDARG00000040623	fosl2	ENSEEEP00000012260	ENSEEEG00000006171	FOSL2
ENSDARP00000033176	ENSDARG00000025320	col21a1	ENSEEEP00000017143	ENSEEEG00000008488	COL21A1
ENSDARP00000002470	ENSDARG00000003642	zfyve19	ENSEEEP00000045402	ENSEEEG00000021431	ZFYVE19
ENSDARP00000131940	ENSDARG00000098860	tlcd3a	ENSEEEP00000031246	ENSEEEG00000014964	TLCD3A
ENSDARP00000095248	ENSDARG00000077777	tmsb4x	ENSEEEP00000063392	ENSEEEG00000026175	tmsb4x
ENSDARP00000112450	ENSDARG00000089390	pnpla2	ENSEEEP00000007311	ENSEEEG00000003840	PNPLA2
ENSDARP00000085160	ENSDARG00000062632	duox	ENSEEEP00000017426	ENSEEEG00000008592	duox
ENSDARP00000100763	ENSDARG00000077107	oafb	ENSEEEP00000009705	ENSEEEG00000004947	oafb
ENSDARP00000111428	ENSDARG00000091124	rps19bp1	ENSEEEP00000009507	ENSEEEG00000004855	RPS19BP1
ENSDARP00000103004	ENSDARG00000079964	dlx2a	ENSEEEP00000039597	ENSEEEG00000018798	DLX2
ENSDARP00000141621	ENSDARG00000101696	hycc2	ENSEEEP00000043449	ENSEEEG00000020538	zgc:158316
ENSDARP00000132493	ENSDARG00000098687	pygo1	ENSEEEP00000053336	ENSEEEG00000028086	PYGO1
ENSDARP00000149475	ENSDARG00000090873	ccl34a.4	ENSEEEP00000016657	ENSEEEG00000008239	ccl34a.3
ENSDARP00000011033	ENSDARG00000013125	dlx1a	ENSEEEP00000039598	ENSEEEG00000018800	dlx1a
ENSDARP00000135550	ENSDARG00000002196	bach1b	ENSEEEP00000025050	ENSEEEG00000012155	bach1b
ENSDARP00000150842	ENSDARG00000111510		ENSEEEP00000012664	ENSEEEG00000006357	
ENSDARP00000150654	ENSDARG00000116593		ENSEEEP00000017290	ENSEEEG00000008551	
ENSDARP00000103393	ENSDARG00000073789	samd9l	ENSEEEP00000002421	ENSEEEG00000001420	zmp:0000000735
ENSDARP00000073251	ENSDARG00000056339	stk31	ENSEEEP00000031802	ENSEEEG00000015186	STK31
ENSDARP00000106982	ENSDARG00000040306	otomp	ENSEEEP00000038104	ENSEEEG00000018106	otomp
ENSDARP00000153357	ENSDARG00000108535		ENSEEEP00000009292	ENSEEEG00000004768	TAF3
ENSDARP00000133181	ENSDARG00000098696	rela	ENSEEEP00000035430	ENSEEEG00000016874	RELA
ENSDARP00000025350	ENSDARG00000036359	riox2	ENSEEEP00000025963	ENSEEEG00000012579	RIOX2
ENSDARP00000024291	ENSDARG00000015964	cldn33b	ENSEEEP00000031988	ENSEEEG00000015264	zgc:153311
ENSDARP00000086615	ENSDARG00000063215	lrrc3b	ENSEEEP00000025196	ENSEEEG00000012217	LRRC3B
ENSDARP00000138761	ENSDARG00000101901	zgc:193711	ENSEEEP00000038864	ENSEEEG00000018432	zgc:193711
ENSDARP00000093415	ENSDARG00000070119	ctc1	ENSEEEP00000013335	ENSEEEG00000006679	ctc1
ENSDARP00000131968	ENSDARG00000103933	fancm	ENSEEEP00000037634	ENSEEEG00000017905	
ENSDARP00000133964	ENSDARG00000104768	akap17a	ENSEEEP00000015692	ENSEEEG00000007768	AKAP17A
ENSDARP00000144174	ENSDARG00000059294	marco	ENSEEEP00000041037	ENSEEEG00000019434	marco
ENSDARP00000154908	ENSDARG00000112922	slc66a2	ENSEEEP00000059171	ENSEEEG00000027094	SLC66A2
ENSDARP00000145077	ENSDARG00000116331	gjb8	ENSEEEP00000062942	ENSEEEG00000010042	gjb8
ENSDARP00000129412	ENSDARG00000036308	nod1	ENSEEEP00000043841	ENSEEEG00000020563	NOD1
ENSDARP00000140996	ENSDARG00000100203		ENSEEEP00000017399	ENSEEEG00000008606	
ENSDARP00000054780	ENSDARG00000037613	lgals8b	ENSEEEP00000063005	ENSEEEG00000006030	lgals8b
ENSDARP00000156239	ENSDARG00000077022	fam131aa	ENSEEEP00000027528	ENSEEEG00000013273	FAM131A
ENSDARP00000089702	ENSDARG00000056605	wbp2	ENSEEEP00000048503	ENSEEEG00000022825	WBP2
ENSDARP00000146124	ENSDARG00000113454		ENSEEEP00000007315	ENSEEEG00000003841	
ENSDARP00000107292	ENSDARG00000086706	bmerb1	ENSEEEP00000011769	ENSEEEG00000005923	BMERB1
ENSDARP00000138340	ENSDARG00000102546	cdk11b	ENSEEEP00000003550	ENSEEEG00000001930	cdk11b
ENSDARP00000156852	ENSDARG00000007429	ndor1	ENSEEEP00000033919	ENSEEEG00000016145	NDOR1
ENSDARP00000090050	ENSDARG00000068596	cnot11	ENSEEEP00000013050	ENSEEEG00000006569	CNOT11
ENSDARP00000141877	ENSDARG00000105046	ccnf	ENSEEEP00000052829	ENSEEEG00000021364	CCNF
ENSDARP00000149876	ENSDARG00000117144		ENSEEEP00000016917	ENSEEEG00000008386	zgc:172339
ENSDARP00000154115	ENSDARG00000115545	clec19a	ENSEEEP00000028862	ENSEEEG00000013863	CLEC19A
ENSDARP00000134221	ENSDARG00000099678		ENSEEEP00000023495	ENSEEEG00000011394	
ENSDARP00000152747	ENSDARG00000111638		ENSEEEP00000024243	ENSEEEG00000011752	
ENSDARP00000076218	ENSDARG00000058830	zdhhc3b	ENSEEEP00000036022	ENSEEEG00000017136	zdhhc3b
ENSDARP00000134194	ENSDARG00000087573	hdac11	ENSEEEP00000058818	ENSEEEG00000026701	HDAC11
ENSDARP00000134291	ENSDARG00000098792	znrf2b	ENSEEEP00000058996	ENSEEEG00000028552	znrf2b
ENSDARP00000090302	ENSDARG00000068732	spry4	ENSEEEP00000011238	ENSEEEG00000005695	SPRY4
ENSDARP00000136266	ENSDARG00000101240		ENSEEEP00000038859	ENSEEEG00000018429	
ENSDARP00000003969	ENSDARG00000018904	cstf3	ENSEEEP00000002604	ENSEEEG00000001218	CSTF3
ENSDARP00000077265	ENSDARG00000059529	kiaa0895l	ENSEEEP00000001254	ENSEEEG00000000732	KIAA0895L
ENSDARP00000060526	ENSDARG00000041300	drc3	ENSEEEP00000040460	ENSEEEG00000019162	DRC3
ENSDARP00000149230	ENSDARG00000045277	rdh12l	ENSEEEP00000019298	ENSEEEG00000009449	rdh12l
ENSDARP00000130234	ENSDARG00000105028		ENSEEEP00000037056	ENSEEEG00000017598	
ENSDARP00000025246	ENSDARG00000012113	airim	ENSEEEP00000011762	ENSEEEG00000005918	c19h1orf109
ENSDARP00000103153	ENSDARG00000002701	rasl12	ENSEEEP00000032309	ENSEEEG00000015405	RASL12
ENSDARP00000149005	ENSDARG00000103922	bod1	ENSEEEP00000006871	ENSEEEG00000003630	bod1
ENSDARP00000147460	ENSDARG00000109362		ENSEEEP00000045988	ENSEEEG00000021669	TMEM60
ENSDARP00000137761	ENSDARG00000100497	hic2	ENSEEEP00000027026	ENSEEEG00000013050	HIC2
ENSDARP00000135265	ENSDARG00000100031		ENSEEEP00000051638	ENSEEEG00000024246	TADA1
ENSDARP00000152113	ENSDARG00000111213	prokr1b	ENSEEEP00000018317	ENSEEEG00000008998	prokr1b
ENSDARP00000153624	ENSDARG00000102885	rsu1	ENSEEEP00000020488	ENSEEEG00000010004	RSU1
ENSDARP00000136633	ENSDARG00000103647	gpc5a	ENSEEEP00000057746	ENSEEEG00000027991	gpc5a
ENSDARP00000144759	ENSDARG00000109745		ENSEEEP00000035444	ENSEEEG00000016880	BBOF1
ENSDARP00000134727	ENSDARG00000101844	mibp2	ENSEEEP00000048984	ENSEEEG00000023020	mibp2
ENSDARP00000141689	ENSDARG00000105154	creg1	ENSEEEP00000024635	ENSEEEG00000011942	CREG1
ENSDARP00000133273	ENSDARG00000102859		ENSEEEP00000013618	ENSEEEG00000006791	NEMF
ENSDARP00000137586	ENSDARG00000102252	usp34	ENSEEEP00000062070	ENSEEEG00000017138	USP34
ENSDARP00000144644	ENSDARG00000107130		ENSEEEP00000032864	ENSEEEG00000015650	eng
ENSDARP00000109538	ENSDARG00000089086	mustn1b	ENSEEEP00000007954	ENSEEEG00000004150	mustn1b
ENSDARP00000096049	ENSDARG00000020863	trim25l	ENSEEEP00000056927	ENSEEEG00000028241	trim25l
ENSDARP00000151801	ENSDARG00000116520		ENSEEEP00000035081	ENSEEEG00000016685	
ENSDARP00000154018	ENSDARG00000110059	snx15	ENSEEEP00000004102	ENSEEEG00000002178	SNX15
ENSDARP00000146123	ENSDARG00000103670	cmc1	ENSEEEP00000029573	ENSEEEG00000014168	CMC1
ENSDARP00000023671	ENSDARG00000010764	dhrs12la	ENSEEEP00000034167	ENSEEEG00000016199	flj13639
ENSDARP00000136706	ENSDARG00000103725	znf341	ENSEEEP00000023838	ENSEEEG00000011568	ZNF341
ENSDARP00000145054	ENSDARG00000109719		ENSEEEP00000021496	ENSEEEG00000010474	CNR2
ENSDARP00000069429	ENSDARG00000052988	xcr1b.1	ENSEEEP00000060217	ENSEEEG00000028726	xcr1b.1
ENSDARP00000036723	ENSDARG00000021885	cacul1	ENSEEEP00000035298	ENSEEEG00000016802	CACUL1
ENSDARP00000151000	ENSDARG00000113440		ENSEEEP00000051174	ENSEEEG00000024026	MRPL51
ENSDARP00000106052	ENSDARG00000091413		ENSEEEP00000031248	ENSEEEG00000014966	TIMM22
ENSDARP00000136874	ENSDARG00000046024	pym1	ENSEEEP00000023452	ENSEEEG00000011371	PYM1
ENSDARP00000087123	ENSDARG00000079771	pea15	ENSEEEP00000043087	ENSEEEG00000020337	PEA15
ENSDARP00000147008	ENSDARG00000112177		ENSEEEP00000043836	ENSEEEG00000020720	ITLN1
ENSDARP00000156705	ENSDARG00000113246	zmp:0000001145	ENSEEEP00000047044	ENSEEEG00000022147	
ENSDARP00000120009	ENSDARG00000070148	cygb2	ENSEEEP00000022528	ENSEEEG00000010928	cygb2
ENSDARP00000145312	ENSDARG00000091367	prpf6	ENSEEEP00000062100	ENSEEEG00000024534	PRPF6
ENSDARP00000144440	ENSDARG00000106989	znf821	ENSEEEP00000042040	ENSEEEG00000019862	znf821
ENSDARP00000032159	ENSDARG00000026767	nol11	ENSEEEP00000011078	ENSEEEG00000005614	NOL11
ENSDARP00000130517	ENSDARG00000012504	rlbp1a	ENSEEEP00000032529	ENSEEEG00000015513	rlbp1a
ENSDARP00000039036	ENSDARG00000025074	slc25a10b	ENSEEEP00000054419	ENSEEEG00000008332	slc25a10
ENSDARP00000155641	ENSDARG00000113453		ENSEEEP00000005799	ENSEEEG00000003071	HNRNPD
ENSDARP00000077520	ENSDARG00000059642	mtmr14	ENSEEEP00000005354	ENSEEEG00000002789	MTMR14
ENSDARP00000151574	ENSDARG00000067918	elp5	ENSEEEP00000026921	ENSEEEG00000012995	ELP5
ENSDARP00000106551	ENSDARG00000086977	atxn1l	ENSEEEP00000057960	ENSEEEG00000019861	ATXN1L
ENSDARP00000150098	ENSDARG00000112390		ENSEEEP00000030258	ENSEEEG00000014506	
ENSDARP00000133328	ENSDARG00000100389		ENSEEEP00000000783	ENSEEEG00000025953	ca4a
ENSDARP00000139314	ENSDARG00000104259		ENSEEEP00000005065	ENSEEEG00000002638	RAB26
ENSDARP00000140711	ENSDARG00000102257	soul3	ENSEEEP00000016723	ENSEEEG00000008287	soul3
ENSDARP00000145626	ENSDARG00000115013		ENSEEEP00000060349	ENSEEEG00000025005	
ENSDARP00000056187	ENSDARG00000038505	polr2h	ENSEEEP00000026444	ENSEEEG00000012795	POLR2H
ENSDARP00000156940	ENSDARG00000075331	golga4	ENSEEEP00000046327	ENSEEEG00000021806	GOLGA4
ENSDARP00000148686	ENSDARG00000116539	ndr1	ENSEEEP00000014946	ENSEEEG00000007430	ndr1
ENSDARP00000151756	ENSDARG00000099005		ENSEEEP00000004956	ENSEEEG00000002583	
ENSDARP00000147603	ENSDARG00000115925	htr2b	ENSEEEP00000029557	ENSEEEG00000014149	HTR2B
ENSDARP00000152421	ENSDARG00000113607	bend4	ENSEEEP00000062419	ENSEEEG00000027917	BEND4
ENSDARP00000136011	ENSDARG00000101239	hsd17b4	ENSEEEP00000015842	ENSEEEG00000007800	HSD17B4
ENSDARP00000132110	ENSDARG00000098079	rab3gap1	ENSEEEP00000048366	ENSEEEG00000022744	RAB3GAP1
ENSDARP00000144331	ENSDARG00000090844		ENSEEEP00000058471	ENSEEEG00000026460	il1rl2
ENSDARP00000128301	ENSDARG00000027984	gstz1	ENSEEEP00000035410	ENSEEEG00000016867	GSTZ1
ENSDARP00000063437	ENSDARG00000053520	tex47	ENSEEEP00000058599	ENSEEEG00000028758	
ENSDARP00000139756	ENSDARG00000104291		ENSEEEP00000034825	ENSEEEG00000016573	GPR151
ENSDARP00000082157	ENSDARG00000061481	zgc:163022	ENSEEEP00000011018	ENSEEEG00000005579	wu:fj05g07
ENSDARP00000135284	ENSDARG00000101334	ctsc	ENSEEEP00000061497	ENSEEEG00000028201	CTSC
ENSDARP00000124679	ENSDARG00000062280	hace1	ENSEEEP00000053880	ENSEEEG00000020787	HACE1
ENSDARP00000143774	ENSDARG00000043137	cdca8	ENSEEEP00000011757	ENSEEEG00000005916	CDCA8
ENSDARP00000067582	ENSDARG00000045976	sidt2	ENSEEEP00000014034	ENSEEEG00000006958	SIDT2
ENSDARP00000098907	ENSDARG00000079584	zgc:194930	ENSEEEP00000053827	ENSEEEG00000026382	zgc:194930
ENSDARP00000139884	ENSDARG00000099728	zgc:56622	ENSEEEP00000022515	ENSEEEG00000010926	zgc:56622
ENSDARP00000100254	ENSDARG00000075555	adamts17	ENSEEEP00000029811	ENSEEEG00000014279	ADAMTS17
ENSDARP00000138952	ENSDARG00000105000	c2cd2	ENSEEEP00000016937	ENSEEEG00000008396	C2CD2
ENSDARP00000146352	ENSDARG00000114675		ENSEEEP00000009797	ENSEEEG00000004986	
ENSDARP00000135212	ENSDARG00000052954	rab25b	ENSEEEP00000021583	ENSEEEG00000010509	rab25b
ENSDARP00000156654	ENSDARG00000106529	dut	ENSEEEP00000032631	ENSEEEG00000015556	DUT
ENSDARP00000071677	ENSDARG00000054930	tpra1	ENSEEEP00000051704	ENSEEEG00000024278	TPRA1
ENSDARP00000103321	ENSDARG00000077516	recql4	ENSEEEP00000064064	ENSEEEG00000005625	recql4
ENSDARP00000103891	ENSDARG00000077427	gpr20	ENSEEEP00000037498	ENSEEEG00000017833	GPR20
ENSDARP00000147475	ENSDARG00000114683	ccn1l1	ENSEEEP00000031741	ENSEEEG00000015155	ccn1l1
ENSDARP00000097803	ENSDARG00000035391	ptcd2	ENSEEEP00000029615	ENSEEEG00000014188	PTCD2
ENSDARP00000077967	ENSDARG00000059805	slc25a38a	ENSEEEP00000052273	ENSEEEG00000024509	slc25a38a
ENSDARP00000017647	ENSDARG00000007624	gins1	ENSEEEP00000009268	ENSEEEG00000004750	GINS1
ENSDARP00000147377	ENSDARG00000100186	clcc1	ENSEEEP00000008452	ENSEEEG00000004412	ALOX5
ENSDARP00000099260	ENSDARG00000075936	sugp1	ENSEEEP00000050242	ENSEEEG00000023627	SUGP1
ENSDARP00000135840	ENSDARG00000099238	rasd4	ENSEEEP00000047210	ENSEEEG00000025828	rasd4
ENSDARP00000110007	ENSDARG00000061509	tbx3b	ENSEEEP00000043303	ENSEEEG00000020455	tbx3b
ENSDARP00000109990	ENSDARG00000055064	prdx5	ENSEEEP00000039728	ENSEEEG00000029060	tmem176
ENSDARP00000105980	ENSDARG00000086150	wrap53	ENSEEEP00000032716	ENSEEEG00000015571	WRAP53
ENSDARP00000135960	ENSDARG00000098588	gchfr	ENSEEEP00000060620	ENSEEEG00000025405	GCHFR
ENSDARP00000155719	ENSDARG00000109963	tcerg1l	ENSEEEP00000009386	ENSEEEG00000004800	TCERG1L
ENSDARP00000140889	ENSDARG00000098832	fam168a	ENSEEEP00000062479	ENSEEEG00000023458	FAM168A
ENSDARP00000144590	ENSDARG00000108781		ENSEEEP00000019433	ENSEEEG00000009523	C14orf132
ENSDARP00000104114	ENSDARG00000074185	pcsk9	ENSEEEP00000049508	ENSEEEG00000023199	PCSK9
ENSDARP00000140824	ENSDARG00000103087	cldn18	ENSEEEP00000044983	ENSEEEG00000021236	CLDN18
ENSDARP00000135091	ENSDARG00000079657	si:dkey-53k12.1	ENSEEEP00000028055	ENSEEEG00000013501	
ENSDARP00000138588	ENSDARG00000103843	spag8	ENSEEEP00000020764	ENSEEEG00000010131	SPAG8
ENSDARP00000149057	ENSDARG00000037229	denr	ENSEEEP00000045873	ENSEEEG00000021595	DENR
ENSDARP00000140557	ENSDARG00000100514	cfap20	ENSEEEP00000011110	ENSEEEG00000005636	CFAP20
ENSDARP00000149566	ENSDARG00000113461		ENSEEEP00000035315	ENSEEEG00000016812	SNRPF
ENSDARP00000070795	ENSDARG00000054164	mrps17	ENSEEEP00000038280	ENSEEEG00000018196	mrps17
ENSDARP00000092790	ENSDARG00000078383	mcrip1	ENSEEEP00000047188	ENSEEEG00000022214	MCRIP1
ENSDARP00000140454	ENSDARG00000101023	msx2b	ENSEEEP00000007000	ENSEEEG00000003689	msx2b
ENSDARP00000109897	ENSDARG00000090861		ENSEEEP00000007713	ENSEEEG00000004041	SLC25A17
ENSDARP00000137807	ENSDARG00000099389	cdo1	ENSEEEP00000015731	ENSEEEG00000007791	CDO1
ENSDARP00000154240	ENSDARG00000115672		ENSEEEP00000049602	ENSEEEG00000023320	
ENSDARP00000044127	ENSDARG00000034916	hat1	ENSEEEP00000039617	ENSEEEG00000018801	HAT1
ENSDARP00000119905	ENSDARG00000093689		ENSEEEP00000040302	ENSEEEG00000019105	REG3A
ENSDARP00000139520	ENSDARG00000099319		ENSEEEP00000056610	ENSEEEG00000028789	FBXO11
ENSDARP00000006800	ENSDARG00000020298	btg2	ENSEEEP00000054956	ENSEEEG00000029053	BTG2
ENSDARP00000141614	ENSDARG00000099168	lrrc30b	ENSEEEP00000050195	ENSEEEG00000023610	lrrc30a
ENSDARP00000153661	ENSDARG00000112476	surf2	ENSEEEP00000036210	ENSEEEG00000017224	SURF2
ENSDARP00000133871	ENSDARG00000100376	amdhd2	ENSEEEP00000040431	ENSEEEG00000019153	amdhd2
ENSDARP00000145881	ENSDARG00000116870		ENSEEEP00000048225	ENSEEEG00000022706	tmem163a
ENSDARP00000151324	ENSDARG00000113329		ENSEEEP00000060757	ENSEEEG00000027045	
ENSDARP00000062786	ENSDARG00000042777	ndufa11	ENSEEEP00000051375	ENSEEEG00000024109	ndufa11
ENSDARP00000148691	ENSDARG00000110119	scmh1	ENSEEEP00000013391	ENSEEEG00000006708	SCMH1
ENSDARP00000100660	ENSDARG00000007901	crnkl1	ENSEEEP00000019580	ENSEEEG00000009593	CRNKL1
ENSDARP00000141025	ENSDARG00000104312		ENSEEEP00000006969	ENSEEEG00000003672	POU2AF1
ENSDARP00000007850	ENSDARG00000005559	pou4f1	ENSEEEP00000014158	ENSEEEG00000007031	POU4F1
ENSDARP00000059483	ENSDARG00000040628	cldn8.2	ENSEEEP00000000416	ENSEEEG00000000309	zgc:110333
ENSDARP00000056560	ENSDARG00000038729	s100z	ENSEEEP00000058254	ENSEEEG00000026523	S100Z
ENSDARP00000154536	ENSDARG00000113946	pvalb9	ENSEEEP00000008897	ENSEEEG00000004593	pvalb8
ENSDARP00000142354	ENSDARG00000098181	zgc:113184	ENSEEEP00000049978	ENSEEEG00000023494	zgc:113184
ENSDARP00000154323	ENSDARG00000109763		ENSEEEP00000059622	ENSEEEG00000026889	KCNIP3
ENSDARP00000153720	ENSDARG00000116449		ENSEEEP00000064002	ENSEEEG00000005758	SRSF4
ENSDARP00000061676	ENSDARG00000054313	zp3f.2	ENSEEEP00000044503	ENSEEEG00000021020	zp3f.2
ENSDARP00000104986	ENSDARG00000089922	dsn1	ENSEEEP00000043983	ENSEEEG00000020777	DSN1
ENSDARP00000027542	ENSDARG00000002510	dmbx1b	ENSEEEP00000009899	ENSEEEG00000005029	dmbx1b
ENSDARP00000070807	ENSDARG00000054191	pgk1	ENSEEEP00000038263	ENSEEEG00000018166	pgk1
ENSDARP00000143278	ENSDARG00000099184	map2k6	ENSEEEP00000022038	ENSEEEG00000010623	map2k6
ENSDARP00000148081	ENSDARG00000116666		ENSEEEP00000031268	ENSEEEG00000014975	
ENSDARP00000155751	ENSDARG00000110991	znf276	ENSEEEP00000021686	ENSEEEG00000010548	ZNF276
ENSDARP00000145044	ENSDARG00000114769	cnpy4	ENSEEEP00000021826	ENSEEEG00000010606	CNPY4
ENSDARP00000133696	ENSDARG00000100084		ENSEEEP00000049266	ENSEEEG00000023151	SECISBP2L
ENSDARP00000150494	ENSDARG00000090971	cc2d2a	ENSEEEP00000002204	ENSEEEG00000001322	CC2D2A
ENSDARP00000034076	ENSDARG00000026024	mospd2	ENSEEEP00000026878	ENSEEEG00000012973	MOSPD2
ENSDARP00000148103	ENSDARG00000111207		ENSEEEP00000020395	ENSEEEG00000009956	AKIP1
ENSDARP00000016309	ENSDARG00000012632	zgc:92749	ENSEEEP00000007980	ENSEEEG00000004165	zgc:92749
ENSDARP00000105690	ENSDARG00000074996	tbrg1	ENSEEEP00000048593	ENSEEEG00000022862	TBRG1
ENSDARP00000088158	ENSDARG00000043012	napgb	ENSEEEP00000048231	ENSEEEG00000022709	napgb
ENSDARP00000135440	ENSDARG00000008243	cct8	ENSEEEP00000025069	ENSEEEG00000012157	CCT8
ENSDARP00000143258	ENSDARG00000108788		ENSEEEP00000001510	ENSEEEG00000000979	ARSB
ENSDARP00000131818	ENSDARG00000105123	zer1	ENSEEEP00000053273	ENSEEEG00000013579	ZER1
ENSDARP00000050970	ENSDARG00000035188	rab14l	ENSEEEP00000058627	ENSEEEG00000025270	rab14l
ENSDARP00000152670	ENSDARG00000116315	nitr14b	ENSEEEP00000019927	ENSEEEG00000009743	
ENSDARP00000128007	ENSDARG00000097346	ten1	ENSEEEP00000007386	ENSEEEG00000003873	ten1
ENSDARP00000036965	ENSDARG00000023062	ccn1	ENSEEEP00000030079	ENSEEEG00000014415	CCN1
ENSDARP00000149442	ENSDARG00000113547		ENSEEEP00000063558	ENSEEEG00000019633	SLC39A8
ENSDARP00000141776	ENSDARG00000075288	nitr4a	ENSEEEP00000042452	ENSEEEG00000020043	
ENSDARP00000135163	ENSDARG00000101270	klhl8	ENSEEEP00000034451	ENSEEEG00000016398	KLHL8
ENSDARP00000131199	ENSDARG00000100198	sncaip	ENSEEEP00000015884	ENSEEEG00000007851	SNCAIP
ENSDARP00000140998	ENSDARG00000100908	lcor	ENSEEEP00000012199	ENSEEEG00000006151	LCOR
ENSDARP00000104954	ENSDARG00000087805		ENSEEEP00000031989	ENSEEEG00000015265	
ENSDARP00000118617	ENSDARG00000112889	rab38b	ENSEEEP00000002167	ENSEEEG00000001325	RAB38
ENSDARP00000155829	ENSDARG00000111991		ENSEEEP00000047956	ENSEEEG00000022588	P2RY10
ENSDARP00000157628	ENSDARG00000115377		ENSEEEP00000014938	ENSEEEG00000007440	
ENSDARP00000151963	ENSDARG00000115167		ENSEEEP00000042600	ENSEEEG00000020115	sapcd2
ENSDARP00000147703	ENSDARG00000010844	kras	ENSEEEP00000061018	ENSEEEG00000028570	KRAS
ENSDARP00000157470	ENSDARG00000109669	ptgdsa	ENSEEEP00000061021	ENSEEEG00000010750	ptgdsa
ENSDARP00000137300	ENSDARG00000103132	dnaaf2	ENSEEEP00000014119	ENSEEEG00000007013	DNAAF2
ENSDARP00000009186	ENSDARG00000004161	ik	ENSEEEP00000028469	ENSEEEG00000013544	IK
ENSDARP00000132774	ENSDARG00000104647	surf4	ENSEEEP00000036206	ENSEEEG00000017198	SURF4
ENSDARP00000074839	ENSDARG00000075564	fam13a	ENSEEEP00000026977	ENSEEEG00000012943	FAM13A
ENSDARP00000098751	ENSDARG00000112516		ENSEEEP00000049051	ENSEEEG00000023048	SNRNP48
ENSDARP00000139612	ENSDARG00000103927		ENSEEEP00000043709	ENSEEEG00000020664	
ENSDARP00000108434	ENSDARG00000088343	prrt4a	ENSEEEP00000021119	ENSEEEG00000010303	PRRT4
ENSDARP00000150310	ENSDARG00000116936		ENSEEEP00000061479	ENSEEEG00000025185	atad5b
ENSDARP00000157656	ENSDARG00000093818		ENSEEEP00000058631	ENSEEEG00000024789	ch25hl3
ENSDARP00000149968	ENSDARG00000112957		ENSEEEP00000032620	ENSEEEG00000015549	
ENSDARP00000138183	ENSDARG00000101024	nufip1	ENSEEEP00000047688	ENSEEEG00000022448	nufip1
ENSDARP00000004795	ENSDARG00000028198	ube2v2	ENSEEEP00000022479	ENSEEEG00000010905	UBE2V2
ENSDARP00000136125	ENSDARG00000100709	agxt2	ENSEEEP00000028405	ENSEEEG00000013651	AGXT2
ENSDARP00000145450	ENSDARG00000115428		ENSEEEP00000061394	ENSEEEG00000026740	TMEM43
ENSDARP00000147232	ENSDARG00000113969	supt4h1	ENSEEEP00000000532	ENSEEEG00000000394	SUPT4H1
ENSDARP00000145797	ENSDARG00000115027		ENSEEEP00000053963	ENSEEEG00000028165	ptx3a
ENSDARP00000105475	ENSDARG00000086691	dnajc12	ENSEEEP00000035312	ENSEEEG00000016811	DNAJC12
ENSDARP00000148036	ENSDARG00000114062	spryd4	ENSEEEP00000013537	ENSEEEG00000006766	SPRYD4
ENSDARP00000156857	ENSDARG00000016649	akr7a3	ENSEEEP00000028392	ENSEEEG00000013654	akr7a3
ENSDARP00000097458	ENSDARG00000076679	rai1	ENSEEEP00000030098	ENSEEEG00000014425	RAI1
ENSDARP00000145356	ENSDARG00000112217		ENSEEEP00000011785	ENSEEEG00000005931	SHISAL2A
ENSDARP00000146557	ENSDARG00000019810	nfe2l3	ENSEEEP00000002776	ENSEEEG00000001593	NFE2L3
ENSDARP00000155486	ENSDARG00000115717	pigbos1	ENSEEEP00000054429	ENSEEEG00000027437	
ENSDARP00000131447	ENSDARG00000101089	gart	ENSEEEP00000039499	ENSEEEG00000018757	GART
ENSDARP00000016047	ENSDARG00000009170	ctr9	ENSEEEP00000031305	ENSEEEG00000014989	CTR9
ENSDARP00000098351	ENSDARG00000079639		ENSEEEP00000032762	ENSEEEG00000015610	PRRC2B
ENSDARP00000102376	ENSDARG00000075113	nanog	ENSEEEP00000032895	ENSEEEG00000015658	nanog
ENSDARP00000062726	ENSDARG00000042742	stx6	ENSEEEP00000036120	ENSEEEG00000017182	STX6
ENSDARP00000131963	ENSDARG00000099693		ENSEEEP00000017190	ENSEEEG00000008513	
ENSDARP00000131796	ENSDARG00000099301	cdc37	ENSEEEP00000034821	ENSEEEG00000016572	CDC37
ENSDARP00000003450	ENSDARG00000113944		ENSEEEP00000054089	ENSEEEG00000026450	
ENSDARP00000141283	ENSDARG00000103543	gngt2b	ENSEEEP00000007784	ENSEEEG00000004071	
ENSDARP00000111414	ENSDARG00000088219	zmp:0000000924	ENSEEEP00000031604	ENSEEEG00000015114	
ENSDARP00000090946	ENSDARG00000069056	ranbp3b	ENSEEEP00000048196	ENSEEEG00000022692	ranbp3b
ENSDARP00000146449	ENSDARG00000030753	prrg4	ENSEEEP00000000952	ENSEEEG00000000645	PRRG4
ENSDARP00000100542	ENSDARG00000074790	rab5if	ENSEEEP00000062904	ENSEEEG00000028370	rab5if
ENSDARP00000139770	ENSDARG00000069608	palm2akap2	ENSEEEP00000004960	ENSEEEG00000002585	
ENSDARP00000148277	ENSDARG00000109508		ENSEEEP00000037370	ENSEEEG00000017764	
ENSDARP00000133750	ENSDARG00000100467	fkrp	ENSEEEP00000019409	ENSEEEG00000009507	FKRP
ENSDARP00000136479	ENSDARG00000101961	abhd18	ENSEEEP00000041509	ENSEEEG00000019635	ABHD18
ENSDARP00000139970	ENSDARG00000098439	nr1h3	ENSEEEP00000043116	ENSEEEG00000028386	NR1H3
ENSDARP00000154693	ENSDARG00000112485	tspan4b	ENSEEEP00000028623	ENSEEEG00000013753	tspan4b
ENSDARP00000051892	ENSDARG00000035763	stx18	ENSEEEP00000042736	ENSEEEG00000020160	STX18
ENSDARP00000097864	ENSDARG00000057940	dido1	ENSEEEP00000023388	ENSEEEG00000011335	fybb
ENSDARP00000103787	ENSDARG00000075851	oafa	ENSEEEP00000053536	ENSEEEG00000027512	oafa
ENSDARP00000147017	ENSDARG00000110772		ENSEEEP00000042809	ENSEEEG00000020200	TIPIN
ENSDARP00000135575	ENSDARG00000103985	spry1	ENSEEEP00000009480	ENSEEEG00000004834	SPRY1
ENSDARP00000079822	ENSDARG00000060549	ecel1	ENSEEEP00000008846	ENSEEEG00000004559	ECEL1
ENSDARP00000107754	ENSDARG00000026400	rad51d	ENSEEEP00000008581	ENSEEEG00000004450	RAD51D
ENSDARP00000130956	ENSDARG00000099161	dnaaf4	ENSEEEP00000000654	ENSEEEG00000000463	DNAAF4
ENSDARP00000106338	ENSDARG00000087040	rhbdl1	ENSEEEP00000006697	ENSEEEG00000003550	RHBDL1
ENSDARP00000068393	ENSDARG00000052114	crtc3	ENSEEEP00000056921	ENSEEEG00000025035	CRTC3
ENSDARP00000138425	ENSDARG00000098972	mrps16	ENSEEEP00000029167	ENSEEEG00000013989	MRPS16
ENSDARP00000143656	ENSDARG00000112422		ENSEEEP00000021348	ENSEEEG00000010400	tp53i3
ENSDARP00000033414	ENSDARG00000015879	pax8	ENSEEEP00000042569	ENSEEEG00000020078	PAX8
ENSDARP00000093287	ENSDARG00000037079	cfap36	ENSEEEP00000025399	ENSEEEG00000012326	CFAP36
ENSDARP00000154261	ENSDARG00000020794	neurod6b	ENSEEEP00000054255	ENSEEEG00000027066	neurod6b
ENSDARP00000157027	ENSDARG00000115005		ENSEEEP00000028011	ENSEEEG00000013483	
ENSDARP00000139720	ENSDARG00000105237	mcc	ENSEEEP00000039931	ENSEEEG00000018925	MCC
ENSDARP00000130532	ENSDARG00000103200	gpr107	ENSEEEP00000033926	ENSEEEG00000016155	GPR107
ENSDARP00000132658	ENSDARG00000098059	fkbp3	ENSEEEP00000025044	ENSEEEG00000012153	FKBP3
ENSDARP00000068499	ENSDARG00000020976	ubald1b	ENSEEEP00000060163	ENSEEEG00000027461	ubald1b
ENSDARP00000149847	ENSDARG00000100482	pmt	ENSEEEP00000059037	ENSEEEG00000009346	pmt
ENSDARP00000079164	ENSDARG00000060263	pecam1a	ENSEEEP00000047195	ENSEEEG00000022221	PECAM1
ENSDARP00000135504	ENSDARG00000087013	cubn	ENSEEEP00000020447	ENSEEEG00000009911	CUBN
ENSDARP00000134057	ENSDARG00000103940	frrs1l	ENSEEEP00000042749	ENSEEEG00000020171	FRRS1L
ENSDARP00000156942	ENSDARG00000111611		ENSEEEP00000048869	ENSEEEG00000022981	zmat4b
ENSDARP00000153892	ENSDARG00000116497	phyhip	ENSEEEP00000026002	ENSEEEG00000012597	PHYHIP
ENSDARP00000143857	ENSDARG00000106991		ENSEEEP00000052254	ENSEEEG00000024502	LEAP2
ENSDARP00000100037	ENSDARG00000079636	fam177a1	ENSEEEP00000063844	ENSEEEG00000025920	FAM177A1
ENSDARP00000109055	ENSDARG00000086708		ENSEEEP00000033743	ENSEEEG00000016068	
ENSDARP00000105575	ENSDARG00000063437	wnt9a	ENSEEEP00000038669	ENSEEEG00000018353	WNT9A
ENSDARP00000094893	ENSDARG00000029331	atxn7l3a	ENSEEEP00000002158	ENSEEEG00000001319	ATXN7L3
ENSDARP00000130698	ENSDARG00000100385	slc25a19	ENSEEEP00000040441	ENSEEEG00000019156	SLC25A19
ENSDARP00000065233	ENSDARG00000031150	gba3	ENSEEEP00000007430	ENSEEEG00000003904	GBA3
ENSDARP00000133244	ENSDARG00000101306	mrpl15	ENSEEEP00000002706	ENSEEEG00000001566	MRPL15
ENSDARP00000144721	ENSDARG00000113228	arl3b	ENSEEEP00000011307	ENSEEEG00000005725	arl3b
ENSDARP00000056559	ENSDARG00000038728	ch25hl2	ENSEEEP00000052533	ENSEEEG00000024606	ch25hl2
ENSDARP00000068757	ENSDARG00000052427	bicdl2	ENSEEEP00000038880	ENSEEEG00000018442	BICDL2
ENSDARP00000009395	ENSDARG00000008010	foxl2l	ENSEEEP00000048529	ENSEEEG00000022834	zgc:194189
ENSDARP00000144256	ENSDARG00000088514	and1	ENSEEEP00000046924	ENSEEEG00000022093	and1
ENSDARP00000146312	ENSDARG00000113303		ENSEEEP00000015157	ENSEEEG00000007556	
ENSDARP00000028581	ENSDARG00000021789	myoc	ENSEEEP00000024521	ENSEEEG00000011890	MYOC
ENSDARP00000152441	ENSDARG00000078703	unm_hu7910	ENSEEEP00000003283	ENSEEEG00000001844	unm_hu7910
ENSDARP00000148639	ENSDARG00000115266	imp3	ENSEEEP00000020993	ENSEEEG00000010233	IMP3
ENSDARP00000135683	ENSDARG00000101693		ENSEEEP00000000409	ENSEEEG00000000305	STK19
ENSDARP00000113922	ENSDARG00000028082	mapkapk5	ENSEEEP00000046902	ENSEEEG00000022058	MAPKAPK5
ENSDARP00000130485	ENSDARG00000104448	lrr1	ENSEEEP00000014116	ENSEEEG00000007011	zgc:77287
ENSDARP00000154946	ENSDARG00000113438	cd38	ENSEEEP00000025894	ENSEEEG00000012541	
ENSDARP00000051296	ENSDARG00000035388	tmem174	ENSEEEP00000031044	ENSEEEG00000014858	TMEM174
ENSDARP00000156977	ENSDARG00000101645	myrfl	ENSEEEP00000043208	ENSEEEG00000020403	MYRFL
ENSDARP00000138639	ENSDARG00000102618	utp18	ENSEEEP00000034969	ENSEEEG00000016629	UTP18
ENSDARP00000144045	ENSDARG00000098465	si:ch73-366l1.5	ENSEEEP00000060410	ENSEEEG00000025898	
ENSDARP00000135150	ENSDARG00000098355	atp5pd	ENSEEEP00000041185	ENSEEEG00000019491	ATP5PD
ENSDARP00000149118	ENSDARG00000111869		ENSEEEP00000047914	ENSEEEG00000022559	kctd12b
ENSDARP00000101249	ENSDARG00000077645	gpr78b	ENSEEEP00000039069	ENSEEEG00000018547	gpr78b
ENSDARP00000135916	ENSDARG00000102167	ppox	ENSEEEP00000023887	ENSEEEG00000011580	PPOX
ENSDARP00000090024	ENSDARG00000068589	vimr1	ENSEEEP00000000738	ENSEEEG00000000509	vimr1
ENSDARP00000153155	ENSDARG00000111021		ENSEEEP00000030880	ENSEEEG00000014777	zgc:153867
ENSDARP00000151597	ENSDARG00000111701	lbh	ENSEEEP00000061031	ENSEEEG00000028893	LBH
ENSDARP00000103682	ENSDARG00000076299	emilin3b	ENSEEEP00000043028	ENSEEEG00000020314	EMILIN3
ENSDARP00000140172	ENSDARG00000099481	ttc8	ENSEEEP00000016096	ENSEEEG00000007880	TTC8
ENSDARP00000151332	ENSDARG00000057736	ano10a	ENSEEEP00000054199	ENSEEEG00000011770	ano10a
ENSDARP00000140790	ENSDARG00000098989		ENSEEEP00000046470	ENSEEEG00000021891	ZNF800
ENSDARP00000099555	ENSDARG00000077760	ascc1	ENSEEEP00000033661	ENSEEEG00000016020	ASCC1
ENSDARP00000134173	ENSDARG00000100152		ENSEEEP00000037665	ENSEEEG00000017911	
ENSDARP00000090537	ENSDARG00000068876	zgc:153031	ENSEEEP00000005999	ENSEEEG00000003187	zgc:153031
ENSDARP00000097987	ENSDARG00000079788	fam171a1	ENSEEEP00000054361	ENSEEEG00000003277	FAM171A1
ENSDARP00000136785	ENSDARG00000101079		ENSEEEP00000060203	ENSEEEG00000028303	HECTD4
ENSDARP00000059399	ENSDARG00000040582	c18h3orf33	ENSEEEP00000020623	ENSEEEG00000010059	C3orf33
ENSDARP00000149524	ENSDARG00000112444	nupr1b	ENSEEEP00000062290	ENSEEEG00000025255	nupr1b
ENSDARP00000140245	ENSDARG00000102442	folr	ENSEEEP00000008058	ENSEEEG00000004204	folr
ENSDARP00000100961	ENSDARG00000077677	pdgfd	ENSEEEP00000054411	ENSEEEG00000027189	PDGFD
ENSDARP00000130801	ENSDARG00000102333	fcf1	ENSEEEP00000018967	ENSEEEG00000009294	FCF1
ENSDARP00000136645	ENSDARG00000101985	socs9	ENSEEEP00000000947	ENSEEEG00000000643	socs9
ENSDARP00000043402	ENSDARG00000005713	ethe1	ENSEEEP00000060428	ENSEEEG00000014478	ETHE1
ENSDARP00000021983	ENSDARG00000008623	cops3	ENSEEEP00000058709	ENSEEEG00000002690	COPS3
ENSDARP00000103398	ENSDARG00000078388	glis2a	ENSEEEP00000019022	ENSEEEG00000009335	glis2a
ENSDARP00000097913	ENSDARG00000079697	zgc:194908	ENSEEEP00000030051	ENSEEEG00000014401	zgc:194908
ENSDARP00000147365	ENSDARG00000109262		ENSEEEP00000030109	ENSEEEG00000014432	MYPN
ENSDARP00000132436	ENSDARG00000104280	bnip1b	ENSEEEP00000055294	ENSEEEG00000026385	bnip1b
ENSDARP00000141240	ENSDARG00000100981		ENSEEEP00000028713	ENSEEEG00000013795	CCDC39
