Eel Gene ID	Eel Protein ID	Eel Gene Name	Pka Gene ID	Pka Protein ID	Pka Gene Name
ENSEEEP00000014221	ENSEEEG00000007066		ENSPKIP00000020473	ENSPKIG00000005238	
ENSEEEP00000038873	ENSEEEG00000018441	mia	ENSPKIP00000026917	ENSPKIG00000009197	mia
ENSEEEP00000035334	ENSEEEG00000016826	FBXO22	ENSPKIP00000025517	ENSPKIG00000008362	fbxo22
ENSEEEP00000008687	ENSEEEG00000004510	zgc:171844	ENSPKIP00000022326	ENSPKIG00000006377	pik3r6a
ENSEEEP00000036932	ENSEEEG00000017538	SMPDL3A	ENSPKIP00000033694	ENSPKIG00000013305	smpdl3a
ENSEEEP00000025375	ENSEEEG00000012315	ZBTB1	ENSPKIP00000019399	ENSPKIG00000004589	zbtb1
ENSEEEP00000040500	ENSEEEG00000019184	steap4	ENSPKIP00000006452	ENSPKIG00000022725	steap4
ENSEEEP00000002424	ENSEEEG00000001422	stk17al	ENSPKIP00000001287	ENSPKIG00000019636	stk17al
ENSEEEP00000056407	ENSEEEG00000027858	si:ch211-106h11.3	ENSPKIP00000023731	ENSPKIG00000007248	si:ch211-106h11.3
ENSEEEP00000040726	ENSEEEG00000019302	MRPL22	ENSPKIP00000028071	ENSPKIG00000009864	mrpl22
ENSEEEP00000022573	ENSEEEG00000010964	TBX19	ENSPKIP00000005651	ENSPKIG00000022234	tbx19
ENSEEEP00000050512	ENSEEEG00000023748	GGNBP2	ENSPKIP00000038757	ENSPKIG00000016390	ggnbp2
ENSEEEP00000002793	ENSEEEG00000001604	EMC10	ENSPKIP00000004090	ENSPKIG00000021320	emc10
ENSEEEP00000047002	ENSEEEG00000022124	CD6	ENSPKIP00000019375	ENSPKIG00000004573	
ENSEEEP00000014224	ENSEEEG00000007068	bbs10	ENSPKIP00000016109	ENSPKIG00000002580	BBS10
ENSEEEP00000014218	ENSEEEG00000007061	her6	ENSPKIP00000018071	ENSPKIG00000003768	her6
ENSEEEP00000004523	ENSEEEG00000002356	TM2D3	ENSPKIP00000002015	ENSPKIG00000020067	tm2d3
ENSEEEP00000061388	ENSEEEG00000025969	thbs3b	ENSPKIP00000022632	ENSPKIG00000006557	
ENSEEEP00000064161	ENSEEEG00000028478	TAGLN	ENSPKIP00000026391	ENSPKIG00000008895	tagln
ENSEEEP00000050979	ENSEEEG00000023942	TXN2	ENSPKIP00000023710	ENSPKIG00000007230	txn2
ENSEEEP00000060300	ENSEEEG00000015766	PISD	ENSPKIP00000040125	ENSPKIG00000017188	PISD
ENSEEEP00000039990	ENSEEEG00000018961	SCFD2	ENSPKIP00000017638	ENSPKIG00000003465	scfd2
ENSEEEP00000053262	ENSEEEG00000027663	NFKBIB	ENSPKIP00000012341	ENSPKIG00000000163	nfkbib
ENSEEEP00000008049	ENSEEEG00000004198	rfx4	ENSPKIP00000009776	ENSPKIG00000024742	rfx4
ENSEEEP00000038880	ENSEEEG00000018442	BICDL2	ENSPKIP00000027064	ENSPKIG00000009277	bicdl2
ENSEEEP00000015928	ENSEEEG00000007881	ier2a	ENSPKIP00000019344	ENSPKIG00000004550	ier2a
ENSEEEP00000047193	ENSEEEG00000022217	PPP1R27	ENSPKIP00000023541	ENSPKIG00000007133	ppp1r27a
ENSEEEP00000039124	ENSEEEG00000018580	FIS1	ENSPKIP00000023023	ENSPKIG00000006754	FIS1
ENSEEEP00000007713	ENSEEEG00000004041	SLC25A17	ENSPKIP00000037097	ENSPKIG00000015399	
ENSEEEP00000029228	ENSEEEG00000014005	STARD5	ENSPKIP00000003761	ENSPKIG00000021124	stard5
ENSEEEP00000004746	ENSEEEG00000002482	EIF6	ENSPKIP00000007423	ENSPKIG00000023303	EIF6
ENSEEEP00000038905	ENSEEEG00000018447	TOMM40L	ENSPKIP00000027160	ENSPKIG00000009333	TOMM40L
ENSEEEP00000030911	ENSEEEG00000014793	EXOSC3	ENSPKIP00000012050	ENSPKIG00000025606	exosc3
ENSEEEP00000050513	ENSEEEG00000023751	PIGW	ENSPKIP00000038846	ENSPKIG00000016463	pigw
ENSEEEP00000033140	ENSEEEG00000015768	si:ch211-202f5.3	ENSPKIP00000040152	ENSPKIG00000017236	si:ch211-202f5.3
ENSEEEP00000036924	ENSEEEG00000017535		ENSPKIP00000033498	ENSPKIG00000013171	
ENSEEEP00000022575	ENSEEEG00000010965	IQCB1	ENSPKIP00000015178	ENSPKIG00000001976	iqcb1
ENSEEEP00000007714	ENSEEEG00000004043	DXO	ENSPKIP00000037017	ENSPKIG00000015371	DXO
ENSEEEP00000033143	ENSEEEG00000015769	RNF224	ENSPKIP00000040257	ENSPKIG00000017299	rnf224
ENSEEEP00000052691	ENSEEEG00000026477	RASL11B	ENSPKIP00000017704	ENSPKIG00000003511	rasl11b
ENSEEEP00000039125	ENSEEEG00000018583	ARHGEF15	ENSPKIP00000021756	ENSPKIG00000006030	arhgef15b
ENSEEEP00000030913	ENSEEEG00000014796	NUDT22	ENSPKIP00000035163	ENSPKIG00000014224	nudt22
ENSEEEP00000036922	ENSEEEG00000017534	NKAIN2	ENSPKIP00000033328	ENSPKIG00000013082	nkain2
ENSEEEP00000047188	ENSEEEG00000022214	MCRIP1	ENSPKIP00000022132	ENSPKIG00000006258	MCRIP1
ENSEEEP00000040719	ENSEEEG00000026925	SGCD	ENSPKIP00000027941	ENSPKIG00000009791	sgcd
ENSEEEP00000038914	ENSEEEG00000018464	UFC1	ENSPKIP00000027216	ENSPKIG00000009366	ufc1
ENSEEEP00000036918	ENSEEEG00000017532	RNF217	ENSPKIP00000033248	ENSPKIG00000013026	rnf217
ENSEEEP00000046653	ENSEEEG00000021969	capns1a	ENSPKIP00000036830	ENSPKIG00000015255	capns1b
ENSEEEP00000053363	ENSEEEG00000025739	RANGRF	ENSPKIP00000015055	ENSPKIG00000001893	rangrf
ENSEEEP00000022579	ENSEEEG00000010966	ccdc14	ENSPKIP00000012043	ENSPKIG00000025623	CCDC14
ENSEEEP00000039681	ENSEEEG00000018819	hprt1l	ENSPKIP00000028617	ENSPKIG00000010177	hprt1l
ENSEEEP00000047183	ENSEEEG00000022212	ALYREF	ENSPKIP00000023445	ENSPKIG00000007070	
ENSEEEP00000014213	ENSEEEG00000007060		ENSPKIP00000001121	ENSPKIG00000019532	
ENSEEEP00000060806	ENSEEEG00000014880	ANKRA2	ENSPKIP00000000973	ENSPKIG00000019426	ankra2
ENSEEEP00000008036	ENSEEEG00000004195	RIC8B	ENSPKIP00000009722	ENSPKIG00000024699	ric8b
ENSEEEP00000039132	ENSEEEG00000018586	SLC25A35	ENSPKIP00000015004	ENSPKIG00000001860	slc25a35
ENSEEEP00000057827	ENSEEEG00000024970	MINDY3	ENSPKIP00000010759	ENSPKIG00000025352	mindy3
ENSEEEP00000008697	ENSEEEG00000004513	ANKRD40	ENSPKIP00000023700	ENSPKIG00000007226	ankrd40
ENSEEEP00000056736	ENSEEEG00000004801	MED25	ENSPKIP00000003351	ENSPKIG00000020895	med25
ENSEEEP00000046649	ENSEEEG00000021967	ALKBH6	ENSPKIP00000037009	ENSPKIG00000015358	alkbh6
ENSEEEP00000033396	ENSEEEG00000015778	PRPF4	ENSPKIP00000040224	ENSPKIG00000017259	prpf4
ENSEEEP00000056671	ENSEEEG00000029041	ARHGDIA	ENSPKIP00000022065	ENSPKIG00000006214	arhgdia
ENSEEEP00000015722	ENSEEEG00000007789	ALKBH7	ENSPKIP00000020146	ENSPKIG00000005035	alkbh7
ENSEEEP00000056727	ENSEEEG00000016351	EPHB1	ENSPKIP00000030719	ENSPKIG00000011477	EPHB1
ENSEEEP00000037337	ENSEEEG00000017749	rnf214	ENSPKIP00000036598	ENSPKIG00000015107	
ENSEEEP00000036909	ENSEEEG00000017530	TPD52L1	ENSPKIP00000033135	ENSPKIG00000012956	tpd52l1
ENSEEEP00000039134	ENSEEEG00000018589	FBXW2	ENSPKIP00000009509	ENSPKIG00000024600	fbxw2
ENSEEEP00000038937	ENSEEEG00000018478	FDXACB1	ENSPKIP00000027264	ENSPKIG00000009407	fdxacb1
ENSEEEP00000007182	ENSEEEG00000003642	TBXAS1	ENSPKIP00000038977	ENSPKIG00000016505	tbxas1
ENSEEEP00000047179	ENSEEEG00000022208	CDR2L	ENSPKIP00000021914	ENSPKIG00000006128	CDR2L
ENSEEEP00000040009	ENSEEEG00000018971	SPATA18	ENSPKIP00000019232	ENSPKIG00000004474	spata18
ENSEEEP00000006498	ENSEEEG00000028026		ENSPKIP00000003683	ENSPKIG00000021082	
ENSEEEP00000039697	ENSEEEG00000018828	WWOX	ENSPKIP00000013255	ENSPKIG00000000751	wwox
ENSEEEP00000035160	ENSEEEG00000016731	C8G	ENSPKIP00000010478	ENSPKIG00000025185	c8g
ENSEEEP00000040010	ENSEEEG00000018973	SGCB	ENSPKIP00000019173	ENSPKIG00000004440	sgcb
ENSEEEP00000004759	ENSEEEG00000002490	ZC3H10	ENSPKIP00000023581	ENSPKIG00000007158	zc3h10
ENSEEEP00000063653	ENSEEEG00000028060	b4galt1l	ENSPKIP00000012058	ENSPKIG00000025614	b4galt1l
ENSEEEP00000038956	ENSEEEG00000018480	alg9	ENSPKIP00000027354	ENSPKIG00000009438	alg9
ENSEEEP00000037340	ENSEEEG00000017752	PAFAH1B2	ENSPKIP00000012055	ENSPKIG00000025616	pafah1b2
ENSEEEP00000001273	ENSEEEG00000000849	RPS27L	ENSPKIP00000024570	ENSPKIG00000007763	rps27l
ENSEEEP00000063232	ENSEEEG00000027820	CDC26	ENSPKIP00000040281	ENSPKIG00000017309	cdc26
ENSEEEP00000046640	ENSEEEG00000021959	MICU2	ENSPKIP00000034258	ENSPKIG00000013649	micu2
ENSEEEP00000004761	ENSEEEG00000002492	cox6c	ENSPKIP00000006853	ENSPKIG00000022977	cox6c
ENSEEEP00000036905	ENSEEEG00000017527	HDDC2	ENSPKIP00000033065	ENSPKIG00000012901	hddc2
ENSEEEP00000035161	ENSEEEG00000016732	MSRB2	ENSPKIP00000023217	ENSPKIG00000006931	
ENSEEEP00000055318	ENSEEEG00000024947	REST	ENSPKIP00000012066	ENSPKIG00000025685	rest
ENSEEEP00000033420	ENSEEEG00000015882	SLC31A1	ENSPKIP00000001344	ENSPKIG00000019675	SLC31A1
ENSEEEP00000033493	ENSEEEG00000015923	NOA1	ENSPKIP00000012073	ENSPKIG00000025654	noa1
ENSEEEP00000004764	ENSEEEG00000002493	TOMM34	ENSPKIP00000006822	ENSPKIG00000022953	tomm34
ENSEEEP00000040091	ENSEEEG00000018982	DCUN1D4	ENSPKIP00000019128	ENSPKIG00000004419	dcun1d4
ENSEEEP00000053031	ENSEEEG00000025417	ATP6V1G1	ENSPKIP00000040344	ENSPKIG00000017345	atp6v1g1
ENSEEEP00000036903	ENSEEEG00000017526	HEY2	ENSPKIP00000033012	ENSPKIG00000012879	hey2
ENSEEEP00000008035	ENSEEEG00000004193	si:dkey-103i16.6	ENSPKIP00000009647	ENSPKIG00000024674	si:dkey-103i16.6
ENSEEEP00000045294	ENSEEEG00000028269	si:ch211-51c14.1	ENSPKIP00000018023	ENSPKIG00000003741	si:ch211-51c14.1
ENSEEEP00000015715	ENSEEEG00000007782	GTF2F1	ENSPKIP00000018737	ENSPKIG00000004185	gtf2f1
ENSEEEP00000004786	ENSEEEG00000002495	ywhaba	ENSPKIP00000023751	ENSPKIG00000007244	YWHAB
ENSEEEP00000057028	ENSEEEG00000023754	MYO19	ENSPKIP00000038901	ENSPKIG00000016488	myo19
ENSEEEP00000031077	ENSEEEG00000014862	btf3	ENSPKIP00000000192	ENSPKIG00000018952	btf3
ENSEEEP00000031046	ENSEEEG00000014859	foxd1	ENSPKIP00000001249	ENSPKIG00000019613	foxd1
ENSEEEP00000047036	ENSEEEG00000022138	INTS8	ENSPKIP00000019653	ENSPKIG00000004704	ints8
ENSEEEP00000004790	ENSEEEG00000002501	RIMS4	ENSPKIP00000030044	ENSPKIG00000011049	rims4
ENSEEEP00000058028	ENSEEEG00000028503	TMEM263	ENSPKIP00000009629	ENSPKIG00000024668	tmem263
ENSEEEP00000014584	ENSEEEG00000007249	rpl36a	ENSPKIP00000034450	ENSPKIG00000013772	rpl36a
ENSEEEP00000030992	ENSEEEG00000014800	SMYD5	ENSPKIP00000019666	ENSPKIG00000004723	smyd5
ENSEEEP00000031044	ENSEEEG00000014858	TMEM174	ENSPKIP00000001270	ENSPKIG00000019625	tmem174
ENSEEEP00000040096	ENSEEEG00000019012	OCIAD1	ENSPKIP00000018942	ENSPKIG00000004311	OCIAD1
ENSEEEP00000005989	ENSEEEG00000003182	si:ch73-62b13.1	ENSPKIP00000009582	ENSPKIG00000024642	si:ch73-62b13.1
ENSEEEP00000004792	ENSEEEG00000002502	abraa	ENSPKIP00000030007	ENSPKIG00000011038	abraa
ENSEEEP00000015705	ENSEEEG00000007778		ENSPKIP00000007483	ENSPKIG00000023355	
ENSEEEP00000053636	ENSEEEG00000025741	KLHL18	ENSPKIP00000015902	ENSPKIG00000002441	gpc5b
ENSEEEP00000005183	ENSEEEG00000002701		ENSPKIP00000005378	ENSPKIG00000022068	
ENSEEEP00000008713	ENSEEEG00000004522		ENSPKIP00000036597	ENSPKIG00000015111	
ENSEEEP00000005993	ENSEEEG00000003184	mterf2	ENSPKIP00000012836	ENSPKIG00000000498	mterf2
ENSEEEP00000022598	ENSEEEG00000010979	CYP27C1	ENSPKIP00000040488	ENSPKIG00000017426	cyp27c1
ENSEEEP00000058158	ENSEEEG00000028650	IGFBP7	ENSPKIP00000012128	ENSPKIG00000000031	igfbp7
ENSEEEP00000015700	ENSEEEG00000007774	SYT10	ENSPKIP00000033326	ENSPKIG00000013057	
ENSEEEP00000033530	ENSEEEG00000015947	COX18	ENSPKIP00000012142	ENSPKIG00000000041	cox18
ENSEEEP00000051781	ENSEEEG00000024298	PCSK7	ENSPKIP00000026307	ENSPKIG00000008783	pcsk7
ENSEEEP00000001178	ENSEEEG00000000798	KLF13	ENSPKIP00000013760	ENSPKIG00000001074	klf13
ENSEEEP00000036864	ENSEEEG00000017466	PEX7	ENSPKIP00000032935	ENSPKIG00000012811	pex7
ENSEEEP00000005999	ENSEEEG00000003187	zgc:153031	ENSPKIP00000009553	ENSPKIG00000024624	zgc:153031
ENSEEEP00000037381	ENSEEEG00000017771	tmprss13b	ENSPKIP00000010544	ENSPKIG00000025227	tmprss13a
ENSEEEP00000022616	ENSEEEG00000010980	ERCC3	ENSPKIP00000014245	ENSPKIG00000001319	ercc3
ENSEEEP00000012992	ENSEEEG00000006536	KMT5C	ENSPKIP00000003044	ENSPKIG00000020704	
ENSEEEP00000060375	ENSEEEG00000026927		ENSPKIP00000024916	ENSPKIG00000007983	
ENSEEEP00000039715	ENSEEEG00000018831	ANKRD27	ENSPKIP00000002653	ENSPKIG00000020433	ankrd27
ENSEEEP00000030997	ENSEEEG00000014834	KY	ENSPKIP00000027581	ENSPKIG00000009583	ky
ENSEEEP00000055663	ENSEEEG00000004527	RPS2	ENSPKIP00000012242	ENSPKIG00000000106	rps2
ENSEEEP00000053667	ENSEEEG00000016497	EFL1	ENSPKIP00000011433	ENSPKIG00000018456	efl1
ENSEEEP00000004808	ENSEEEG00000002507	RSPO4	ENSPKIP00000021376	ENSPKIG00000005816	rspo4
ENSEEEP00000050519	ENSEEEG00000023757	ZNHIT3	ENSPKIP00000039004	ENSPKIG00000016556	znhit3
ENSEEEP00000020320	ENSEEEG00000009916	lrtm2a	ENSPKIP00000012839	ENSPKIG00000000499	lrtm2a
ENSEEEP00000015121	ENSEEEG00000007534		ENSPKIP00000020713	ENSPKIG00000005393	ighv2-2
ENSEEEP00000008257	ENSEEEG00000004314	DMTF1	ENSPKIP00000035953	ENSPKIG00000014686	dmtf1
ENSEEEP00000050540	ENSEEEG00000023762	hnrnpc	ENSPKIP00000040385	ENSPKIG00000017376	c1qbp
ENSEEEP00000047044	ENSEEEG00000022147		ENSPKIP00000041603	ENSPKIG00000018091	
ENSEEEP00000007521	ENSEEEG00000003795	rpl4	ENSPKIP00000037493	ENSPKIG00000015644	rpl4
ENSEEEP00000004812	ENSEEEG00000002511	PSMF1	ENSPKIP00000021343	ENSPKIG00000005797	psmf1
ENSEEEP00000040703	ENSEEEG00000019288	RARS1	ENSPKIP00000027703	ENSPKIG00000009639	rars1
ENSEEEP00000039234	ENSEEEG00000018607	C9	ENSPKIP00000017440	ENSPKIG00000003353	c9
ENSEEEP00000050543	ENSEEEG00000023771	RPAIN	ENSPKIP00000040334	ENSPKIG00000017333	rpain
ENSEEEP00000022641	ENSEEEG00000010992	WDR12	ENSPKIP00000026341	ENSPKIG00000008839	WDR12
ENSEEEP00000047046	ENSEEEG00000022148	TXNL4A	ENSPKIP00000016533	ENSPKIG00000002824	txnl4a
ENSEEEP00000063452	ENSEEEG00000027310		ENSPKIP00000011434	ENSPKIG00000018529	
ENSEEEP00000004815	ENSEEEG00000002512	TMEM74B	ENSPKIP00000021325	ENSPKIG00000005780	tmem74b
ENSEEEP00000008740	ENSEEEG00000004530	NDUFB10	ENSPKIP00000012260	ENSPKIG00000000114	ndufb10
ENSEEEP00000004818	ENSEEEG00000002514	BLCAP	ENSPKIP00000021302	ENSPKIG00000005765	blcap
ENSEEEP00000047052	ENSEEEG00000022152	nutf2l	ENSPKIP00000016607	ENSPKIG00000002859	nutf2l
ENSEEEP00000035174	ENSEEEG00000016737	SKIDA1	ENSPKIP00000029564	ENSPKIG00000010764	SKIDA1
ENSEEEP00000040698	ENSEEEG00000019281	UBLCP1	ENSPKIP00000040583	ENSPKIG00000017480	ublcp1
ENSEEEP00000059981	ENSEEEG00000025999	DYNLT1	ENSPKIP00000008461	ENSPKIG00000023942	dynlt1b
ENSEEEP00000022650	ENSEEEG00000010998	tcf23	ENSPKIP00000036514	ENSPKIG00000015058	tcf23
ENSEEEP00000048182	ENSEEEG00000022683	im:7138239	ENSPKIP00000012151	ENSPKIG00000000043	pnhd
ENSEEEP00000035178	ENSEEEG00000016738	MLLT10	ENSPKIP00000022832	ENSPKIG00000006615	mllt10
ENSEEEP00000008261	ENSEEEG00000004323	tmem243b	ENSPKIP00000035876	ENSPKIG00000014653	tmem243a
ENSEEEP00000036775	ENSEEEG00000017457	SLC35D3	ENSPKIP00000032835	ENSPKIG00000012776	SLC35D3
ENSEEEP00000000138	ENSEEEG00000000101	HSPB1	ENSPKIP00000040112	ENSPKIG00000017205	hspb1
ENSEEEP00000020204	ENSEEEG00000009865	si:ch73-278m9.1	ENSPKIP00000001157	ENSPKIG00000019565	si:ch73-278m9.1
ENSEEEP00000006348	ENSEEEG00000003378	STRADB	ENSPKIP00000028302	ENSPKIG00000009985	STRADB
ENSEEEP00000004824	ENSEEEG00000002518	RIPOR3	ENSPKIP00000021151	ENSPKIG00000005666	ripor3
ENSEEEP00000001123	ENSEEEG00000000752	BNIP2	ENSPKIP00000025023	ENSPKIG00000008039	bnip2
ENSEEEP00000036770	ENSEEEG00000017454	PBK	ENSPKIP00000038064	ENSPKIG00000016007	pbk
ENSEEEP00000008262	ENSEEEG00000004326	MEIG1	ENSPKIP00000010335	ENSPKIG00000025091	meig1
ENSEEEP00000040685	ENSEEEG00000019276	UBTD2	ENSPKIP00000040645	ENSPKIG00000017530	ubtd2
ENSEEEP00000008888	ENSEEEG00000004054	HELZ	ENSPKIP00000021958	ENSPKIG00000006157	helz
ENSEEEP00000042850	ENSEEEG00000020214		ENSPKIP00000033636	ENSPKIG00000013276	
ENSEEEP00000036767	ENSEEEG00000017450	ESCO2	ENSPKIP00000038126	ENSPKIG00000016038	esco2
ENSEEEP00000047088	ENSEEEG00000022154	NGLY1	ENSPKIP00000028343	ENSPKIG00000010026	ngly1
ENSEEEP00000008766	ENSEEEG00000004537		ENSPKIP00000012223	ENSPKIG00000000096	
ENSEEEP00000001110	ENSEEEG00000000745	foxb1a	ENSPKIP00000025104	ENSPKIG00000008092	FOXB1
ENSEEEP00000022669	ENSEEEG00000011002	NOP58	ENSPKIP00000017819	ENSPKIG00000003585	nop58
ENSEEEP00000004834	ENSEEEG00000002524		ENSPKIP00000017126	ENSPKIG00000003174	
ENSEEEP00000036764	ENSEEEG00000017448	CCDC25	ENSPKIP00000038158	ENSPKIG00000016058	ccdc25
ENSEEEP00000020197	ENSEEEG00000009857	YEATS4	ENSPKIP00000006310	ENSPKIG00000022638	yeats4
ENSEEEP00000039717	ENSEEEG00000018833	bmb	ENSPKIP00000025998	ENSPKIG00000008649	bmb
ENSEEEP00000057189	ENSEEEG00000002762	AIFM1	ENSPKIP00000017409	ENSPKIG00000003320	aifm1
ENSEEEP00000036755	ENSEEEG00000017447	SCARA3	ENSPKIP00000038194	ENSPKIG00000016074	scara3
ENSEEEP00000008768	ENSEEEG00000004539	msrb1a	ENSPKIP00000012168	ENSPKIG00000000059	MSRB1
ENSEEEP00000035181	ENSEEEG00000016740	COMMD3	ENSPKIP00000029609	ENSPKIG00000010783	commd3
ENSEEEP00000039719	ENSEEEG00000018834	FAAP24	ENSPKIP00000002899	ENSPKIG00000020612	faap24
ENSEEEP00000036752	ENSEEEG00000017446	CLU	ENSPKIP00000038242	ENSPKIG00000016099	clu
ENSEEEP00000000532	ENSEEEG00000000394	SUPT4H1	ENSPKIP00000039783	ENSPKIG00000017008	supt4h1
ENSEEEP00000024692	ENSEEEG00000011956		ENSPKIP00000014885	ENSPKIG00000001797	
ENSEEEP00000008779	ENSEEEG00000004543	FAHD1	ENSPKIP00000012152	ENSPKIG00000000050	fahd1
ENSEEEP00000000544	ENSEEEG00000000404		ENSPKIP00000039756	ENSPKIG00000016994	
ENSEEEP00000022676	ENSEEEG00000011009	SUMO1	ENSPKIP00000026229	ENSPKIG00000008789	sumo1
ENSEEEP00000059920	ENSEEEG00000029037		ENSPKIP00000039708	ENSPKIG00000016965	RNF43
ENSEEEP00000054361	ENSEEEG00000003277	FAM171A1	ENSPKIP00000010835	ENSPKIG00000025391	fam171a1
ENSEEEP00000019687	ENSEEEG00000009638	RBM26	ENSPKIP00000001390	ENSPKIG00000019670	rbm26
ENSEEEP00000008292	ENSEEEG00000004330	HSPA14	ENSPKIP00000010381	ENSPKIG00000025116	hspa14
ENSEEEP00000022687	ENSEEEG00000011014	CDK15	ENSPKIP00000017628	ENSPKIG00000003440	cdk15
ENSEEEP00000031023	ENSEEEG00000014844	MED12	ENSPKIP00000017647	ENSPKIG00000003413	med12
ENSEEEP00000058126	ENSEEEG00000028092	RNF5	ENSPKIP00000031963	ENSPKIG00000012249	RNF5
ENSEEEP00000035214	ENSEEEG00000016745	PDIA4	ENSPKIP00000014573	ENSPKIG00000001611	pdia4
ENSEEEP00000007622	ENSEEEG00000003978	ZWILCH	ENSPKIP00000024372	ENSPKIG00000007647	zwilch
ENSEEEP00000017190	ENSEEEG00000008513		ENSPKIP00000012021	ENSPKIG00000025608	
ENSEEEP00000042801	ENSEEEG00000020146	INTS13	ENSPKIP00000000660	ENSPKIG00000019221	ints13
ENSEEEP00000040645	ENSEEEG00000019256	cct6a	ENSPKIP00000021859	ENSPKIG00000006077	cct6a
ENSEEEP00000014157	ENSEEEG00000007030	obi1	ENSPKIP00000017861	ENSPKIG00000003620	
ENSEEEP00000033515	ENSEEEG00000015937		ENSPKIP00000011177	ENSPKIG00000025586	pja2
ENSEEEP00000007637	ENSEEEG00000003993	SNAPC5	ENSPKIP00000024451	ENSPKIG00000007703	SNAPC5
ENSEEEP00000057012	ENSEEEG00000004550	HAGH	ENSPKIP00000012144	ENSPKIG00000000005	hagh
ENSEEEP00000042907	ENSEEEG00000020243	rassf8b	ENSPKIP00000000965	ENSPKIG00000019425	RASSF8
ENSEEEP00000019555	ENSEEEG00000009587	smad6b	ENSPKIP00000037684	ENSPKIG00000015767	smad6b
ENSEEEP00000036741	ENSEEEG00000017424	REPS1	ENSPKIP00000038353	ENSPKIG00000016141	reps1
ENSEEEP00000031037	ENSEEEG00000014852	MARS2	ENSPKIP00000004225	ENSPKIG00000021425	mars2
ENSEEEP00000042910	ENSEEEG00000020245	NAPEPLD	ENSPKIP00000002800	ENSPKIG00000020551	napepld
ENSEEEP00000012492	ENSEEEG00000006275	rtn4a	ENSPKIP00000004256	ENSPKIG00000021443	rtn4a
ENSEEEP00000042913	ENSEEEG00000020247	GLIPR1	ENSPKIP00000016481	ENSPKIG00000002790	GLIPR1
ENSEEEP00000008299	ENSEEEG00000004337	CDNF	ENSPKIP00000010459	ENSPKIG00000025160	cdnf
ENSEEEP00000022706	ENSEEEG00000011024	NTAN1	ENSPKIP00000006241	ENSPKIG00000022597	NTAN1
ENSEEEP00000034679	ENSEEEG00000016495	SAXO2	ENSPKIP00000011664	ENSPKIG00000018629	saxo2
ENSEEEP00000057479	ENSEEEG00000025834	SNORC	ENSPKIP00000019248	ENSPKIG00000004493	
ENSEEEP00000042918	ENSEEEG00000020250	KRR1	ENSPKIP00000001293	ENSPKIG00000019635	krr1
ENSEEEP00000059211	ENSEEEG00000006274	uqcrh	ENSPKIP00000025887	ENSPKIG00000008557	uqcrh
ENSEEEP00000040254	ENSEEEG00000018887	CTRL	ENSPKIP00000022706	ENSPKIG00000006600	ctrb.1
ENSEEEP00000034678	ENSEEEG00000016494	ADAMTSL3	ENSPKIP00000001762	ENSPKIG00000019919	adamtsl3
ENSEEEP00000039335	ENSEEEG00000018679	ATG12	ENSPKIP00000007736	ENSPKIG00000023519	hspb15
ENSEEEP00000008359	ENSEEEG00000004340	TYMP	ENSPKIP00000034645	ENSPKIG00000013893	TYMP
ENSEEEP00000021064	ENSEEEG00000010273	PHLDA1	ENSPKIP00000001361	ENSPKIG00000019691	phlda1
ENSEEEP00000008362	ENSEEEG00000004363	LSM8	ENSPKIP00000021863	ENSPKIG00000006092	LSM8
ENSEEEP00000059936	ENSEEEG00000026268	si:dkey-27p23.3	ENSPKIP00000027689	ENSPKIG00000009642	hoatz
ENSEEEP00000051816	ENSEEEG00000024322	AADAC	ENSPKIP00000028731	ENSPKIG00000010255	aadac
ENSEEEP00000058691	ENSEEEG00000004364	si:ch73-139j3.4	ENSPKIP00000030490	ENSPKIG00000011326	
ENSEEEP00000029615	ENSEEEG00000014188	PTCD2	ENSPKIP00000001713	ENSPKIG00000019896	ptcd2
ENSEEEP00000039228	ENSEEEG00000018642	BTG4	ENSPKIP00000020072	ENSPKIG00000004973	btg4
ENSEEEP00000013122	ENSEEEG00000006595	cldni	ENSPKIP00000039421	ENSPKIG00000016776	cldni
ENSEEEP00000012481	ENSEEEG00000006263	RAD54L	ENSPKIP00000038368	ENSPKIG00000016172	rad54l
ENSEEEP00000009270	ENSEEEG00000004755	tmprss15	ENSPKIP00000000605	ENSPKIG00000019201	tmprss15
ENSEEEP00000040611	ENSEEEG00000019233	NIPSNAP2	ENSPKIP00000042037	ENSPKIG00000018371	NIPSNAP2
ENSEEEP00000034664	ENSEEEG00000016487	cx36.7	ENSPKIP00000000346	ENSPKIG00000019048	gjd6
ENSEEEP00000054226	ENSEEEG00000026976		ENSPKIP00000020124	ENSPKIG00000005024	
ENSEEEP00000008187	ENSEEEG00000004269		ENSPKIP00000010915	ENSPKIG00000025445	
ENSEEEP00000000702	ENSEEEG00000000483	ICE2	ENSPKIP00000014093	ENSPKIG00000001276	ice2
ENSEEEP00000019896	ENSEEEG00000009726	AAGAB	ENSPKIP00000037809	ENSPKIG00000015838	aagab
ENSEEEP00000029605	ENSEEEG00000014182	TTC33	ENSPKIP00000002001	ENSPKIG00000020064	ttc33
ENSEEEP00000034661	ENSEEEG00000016476	FTH1	ENSPKIP00000042077	ENSPKIG00000018417	fth1b
ENSEEEP00000054681	ENSEEEG00000026442		ENSPKIP00000026692	ENSPKIG00000009069	
ENSEEEP00000045096	ENSEEEG00000021293	DNAJC18	ENSPKIP00000034840	ENSPKIG00000014018	dnajc18
ENSEEEP00000010082	ENSEEEG00000005114	nrgna	ENSPKIP00000040121	ENSPKIG00000017217	NRGN
ENSEEEP00000040596	ENSEEEG00000019227	TMLHE	ENSPKIP00000025798	ENSPKIG00000008528	tmlhe
ENSEEEP00000028811	ENSEEEG00000013836		ENSPKIP00000034565	ENSPKIG00000013833	
ENSEEEP00000002860	ENSEEEG00000001635	tnfsf10l4	ENSPKIP00000017677	ENSPKIG00000003496	
ENSEEEP00000010080	ENSEEEG00000005112	HEPACAM	ENSPKIP00000040157	ENSPKIG00000017231	hepacama
ENSEEEP00000009260	ENSEEEG00000004748	lipia	ENSPKIP00000000515	ENSPKIG00000019149	lipia
ENSEEEP00000053038	ENSEEEG00000028468		ENSPKIP00000032443	ENSPKIG00000012543	
ENSEEEP00000006528	ENSEEEG00000003451	RPP38	ENSPKIP00000012080	ENSPKIG00000025652	rpp38
ENSEEEP00000007030	ENSEEEG00000003709	zgc:153311	ENSPKIP00000005317	ENSPKIG00000022037	
ENSEEEP00000010077	ENSEEEG00000005109	CCDC15	ENSPKIP00000040192	ENSPKIG00000017258	ccdc15
ENSEEEP00000007032	ENSEEEG00000003713		ENSPKIP00000034116	ENSPKIG00000013577	
ENSEEEP00000052849	ENSEEEG00000026899		ENSPKIP00000037106	ENSPKIG00000015427	
ENSEEEP00000006538	ENSEEEG00000003452	DBI	ENSPKIP00000012091	ENSPKIG00000000006	acbd7
ENSEEEP00000040578	ENSEEEG00000019220	CCDC82	ENSPKIP00000000768	ENSPKIG00000019291	ccdc82
ENSEEEP00000019909	ENSEEEG00000009736	C15orf61	ENSPKIP00000037867	ENSPKIG00000015892	zgc:162898
ENSEEEP00000034621	ENSEEEG00000016466	nmbb	ENSPKIP00000015226	ENSPKIG00000002011	
ENSEEEP00000013130	ENSEEEG00000006604	paqr4a	ENSPKIP00000039540	ENSPKIG00000016863	paqr4a
ENSEEEP00000055540	ENSEEEG00000026273		ENSPKIP00000035361	ENSPKIG00000014350	ighv7-1
ENSEEEP00000040576	ENSEEEG00000019207	POMP	ENSPKIP00000037160	ENSPKIG00000015452	pomp
ENSEEEP00000053652	ENSEEEG00000026729		ENSPKIP00000035369	ENSPKIG00000014357	
ENSEEEP00000013131	ENSEEEG00000006605	prf1.1	ENSPKIP00000039556	ENSPKIG00000016879	prf1.1
ENSEEEP00000051837	ENSEEEG00000024331	P2RY12	ENSPKIP00000028802	ENSPKIG00000010302	p2ry12
ENSEEEP00000029847	ENSEEEG00000014305	c2cd4a	ENSPKIP00000025248	ENSPKIG00000008197	c2cd4a
ENSEEEP00000040255	ENSEEEG00000019084	zgc:153293	ENSPKIP00000002260	ENSPKIG00000020230	
ENSEEEP00000045066	ENSEEEG00000021271	PFDN1	ENSPKIP00000041748	ENSPKIG00000018180	pfdn1
ENSEEEP00000013911	ENSEEEG00000006914	CFAP161	ENSPKIP00000003621	ENSPKIG00000021050	cfap161
ENSEEEP00000053690	ENSEEEG00000026108	RAMP2	ENSPKIP00000012934	ENSPKIG00000000544	ramp2
ENSEEEP00000009042	ENSEEEG00000004657	HAGHL	ENSPKIP00000012077	ENSPKIG00000025653	HAGHL
ENSEEEP00000051840	ENSEEEG00000024334	P2RY13	ENSPKIP00000028815	ENSPKIG00000010310	p2ry13
ENSEEEP00000064118	ENSEEEG00000028964	RAB19	ENSPKIP00000013182	ENSPKIG00000000707	RAB19
ENSEEEP00000058494	ENSEEEG00000027635	radx	ENSPKIP00000035468	ENSPKIG00000014388	radx
ENSEEEP00000051841	ENSEEEG00000024335	GPR87	ENSPKIP00000028825	ENSPKIG00000010320	GPR87
ENSEEEP00000013908	ENSEEEG00000006907	si:dkey-88e18.2	ENSPKIP00000000719	ENSPKIG00000019280	
ENSEEEP00000040264	ENSEEEG00000019088	HDHD5	ENSPKIP00000013055	ENSPKIG00000000633	hdhd5
ENSEEEP00000020623	ENSEEEG00000010059	C3orf33	ENSPKIP00000009753	ENSPKIG00000024734	c18h3orf33
ENSEEEP00000006559	ENSEEEG00000003461	CROT	ENSPKIP00000012123	ENSPKIG00000000024	crot
ENSEEEP00000064210	ENSEEEG00000024872	RAB12	ENSPKIP00000025895	ENSPKIG00000008579	rab12
ENSEEEP00000009051	ENSEEEG00000004660	narfl	ENSPKIP00000014995	ENSPKIG00000001845	narfl
ENSEEEP00000008435	ENSEEEG00000004287	aldh3b1	ENSPKIP00000020654	ENSPKIG00000005351	aldh3b1
ENSEEEP00000040269	ENSEEEG00000019089	CCDC77	ENSPKIP00000013018	ENSPKIG00000000604	ccdc77
ENSEEEP00000062172	ENSEEEG00000027891	APBB3	ENSPKIP00000001019	ENSPKIG00000019465	apbb3
ENSEEEP00000013899	ENSEEEG00000006901	UTP15	ENSPKIP00000000908	ENSPKIG00000019386	utp15
ENSEEEP00000062051	ENSEEEG00000026694		ENSPKIP00000021932	ENSPKIG00000006142	
ENSEEEP00000051858	ENSEEEG00000024336	NEU4	ENSPKIP00000028856	ENSPKIG00000010329	neu4
ENSEEEP00000020624	ENSEEEG00000010062	slc33a1	ENSPKIP00000009716	ENSPKIG00000024720	slc33a1
ENSEEEP00000016750	ENSEEEG00000008305	si:ch211-272n13.3	ENSPKIP00000021956	ENSPKIG00000006161	si:ch211-272n13.3
ENSEEEP00000007564	ENSEEEG00000027156		ENSPKIP00000031988	ENSPKIG00000011086	
ENSEEEP00000009052	ENSEEEG00000004666	zgc:113333	ENSPKIP00000012060	ENSPKIG00000025680	zgc:113333
ENSEEEP00000060435	ENSEEEG00000026141		ENSPKIP00000011928	ENSPKIG00000018338	
ENSEEEP00000008439	ENSEEEG00000004404	CLPP	ENSPKIP00000020622	ENSPKIG00000005333	clpp
ENSEEEP00000027268	ENSEEEG00000013156	cdx1b	ENSPKIP00000002526	ENSPKIG00000020387	
ENSEEEP00000008893	ENSEEEG00000004590	cacng1b	ENSPKIP00000024785	ENSPKIG00000007902	cacng1b
ENSEEEP00000040273	ENSEEEG00000019093	prnprs3	ENSPKIP00000013173	ENSPKIG00000000706	prnprs3
ENSEEEP00000009056	ENSEEEG00000004667	E4F1	ENSPKIP00000015118	ENSPKIG00000001942	e4f1
ENSEEEP00000008895	ENSEEEG00000004591	cacng4b	ENSPKIP00000021865	ENSPKIG00000006093	cacng4a
ENSEEEP00000056116	ENSEEEG00000026578	TMED3	ENSPKIP00000003820	ENSPKIG00000021163	tmed3
ENSEEEP00000001809	ENSEEEG00000001145	si:ch211-107o10.3	ENSPKIP00000002673	ENSPKIG00000020473	si:ch211-107o10.3
ENSEEEP00000008563	ENSEEEG00000004440	TMTC1	ENSPKIP00000016873	ENSPKIG00000003001	tmtc1
ENSEEEP00000008896	ENSEEEG00000004592	AIMP2	ENSPKIP00000037378	ENSPKIG00000015584	aimp2
ENSEEEP00000008897	ENSEEEG00000004593	pvalb8	ENSPKIP00000017852	ENSPKIG00000003615	pvalb9
ENSEEEP00000048245	ENSEEEG00000022716	NDUFV2	ENSPKIP00000026179	ENSPKIG00000008753	ndufv2
ENSEEEP00000024862	ENSEEEG00000012044	MLC1	ENSPKIP00000012596	ENSPKIG00000000319	mlc1
ENSEEEP00000028687	ENSEEEG00000013782	c1qtnf9	ENSPKIP00000003994	ENSPKIG00000021279	c1qtnf9
ENSEEEP00000062296	ENSEEEG00000025382	WDR53	ENSPKIP00000028878	ENSPKIG00000010346	wdr53
ENSEEEP00000051862	ENSEEEG00000024341	SRPRB	ENSPKIP00000033448	ENSPKIG00000013147	srprb
ENSEEEP00000062013	ENSEEEG00000028523	ANKRD12	ENSPKIP00000026253	ENSPKIG00000008814	ankrd12
ENSEEEP00000060726	ENSEEEG00000015536	NOTCH3	ENSPKIP00000025841	ENSPKIG00000008551	
ENSEEEP00000029232	ENSEEEG00000014007	CHMP1B	ENSPKIP00000035233	ENSPKIG00000014262	chmp1b
ENSEEEP00000039348	ENSEEEG00000018690	m17	ENSPKIP00000007791	ENSPKIG00000023554	
ENSEEEP00000051866	ENSEEEG00000024343	PIK3IP1	ENSPKIP00000035250	ENSPKIG00000014275	COL26A1
ENSEEEP00000024865	ENSEEEG00000012050	PANX2	ENSPKIP00000040960	ENSPKIG00000017709	PANX
ENSEEEP00000012631	ENSEEEG00000006342	cldn10a	ENSPKIP00000021860	ENSPKIG00000006085	cldn10a
ENSEEEP00000039350	ENSEEEG00000018691	tescb	ENSPKIP00000032514	ENSPKIG00000012583	tesca
ENSEEEP00000012630	ENSEEEG00000006340	si:busm1-52i16.2	ENSPKIP00000010956	ENSPKIG00000025468	cldn10e
ENSEEEP00000008923	ENSEEEG00000004604	tecpr1b	ENSPKIP00000017557	ENSPKIG00000003402	tecpr1a
ENSEEEP00000039355	ENSEEEG00000018693	ZMAT5	ENSPKIP00000007983	ENSPKIG00000023667	zmat5
ENSEEEP00000036544	ENSEEEG00000017363	tnnt2c	ENSPKIP00000009619	ENSPKIG00000024654	tnnt2c
ENSEEEP00000021054	ENSEEEG00000009806	MORF4L1	ENSPKIP00000038543	ENSPKIG00000016253	morf4l1
ENSEEEP00000024873	ENSEEEG00000025354	TRABD	ENSPKIP00000041052	ENSPKIG00000017773	trabd
ENSEEEP00000048278	ENSEEEG00000022724	RNF126	ENSPKIP00000009391	ENSPKIG00000024521	rnf126
ENSEEEP00000036542	ENSEEEG00000017362	si:dkey-222f8.3	ENSPKIP00000010870	ENSPKIG00000025413	
ENSEEEP00000012624	ENSEEEG00000006333	DZIP1	ENSPKIP00000021732	ENSPKIG00000005997	dzip1
ENSEEEP00000040525	ENSEEEG00000019195	RPS14	ENSPKIP00000000942	ENSPKIG00000019412	rps14
ENSEEEP00000039376	ENSEEEG00000018696	ARPC5L	ENSPKIP00000024593	ENSPKIG00000007786	ARPC5L
ENSEEEP00000056336	ENSEEEG00000000591	uprt	ENSPKIP00000005782	ENSPKIG00000022317	uprt
ENSEEEP00000008925	ENSEEEG00000004608	BRI3	ENSPKIP00000017488	ENSPKIG00000003380	bri3
ENSEEEP00000028680	ENSEEEG00000013780	TAGLN3	ENSPKIP00000024590	ENSPKIG00000007784	tagln3a
ENSEEEP00000011601	ENSEEEG00000005836	ZBTB11	ENSPKIP00000028763	ENSPKIG00000010269	zbtb11
ENSEEEP00000024898	ENSEEEG00000012060	selenoo1	ENSPKIP00000041095	ENSPKIG00000017791	selenoo1
ENSEEEP00000036521	ENSEEEG00000017318	cyb5r3	ENSPKIP00000009837	ENSPKIG00000024781	cyb5r3
ENSEEEP00000001975	ENSEEEG00000001158	KATNB1	ENSPKIP00000007246	ENSPKIG00000023208	KATNB1
ENSEEEP00000010540	ENSEEEG00000005345		ENSPKIP00000034213	ENSPKIG00000013628	
ENSEEEP00000011596	ENSEEEG00000005835	DPT	ENSPKIP00000016630	ENSPKIG00000002873	dpt
ENSEEEP00000010539	ENSEEEG00000005344	TMEM45A	ENSPKIP00000005757	ENSPKIG00000022308	tmem45a
ENSEEEP00000028676	ENSEEEG00000013706	acot9.2	ENSPKIP00000031637	ENSPKIG00000011966	acot9.2
ENSEEEP00000057988	ENSEEEG00000026828	atp1b1a	ENSPKIP00000020460	ENSPKIG00000005219	ATP1B1
ENSEEEP00000004507	ENSEEEG00000002344	cfap73	ENSPKIP00000020285	ENSPKIG00000005116	
ENSEEEP00000013316	ENSEEEG00000006671	GATA6	ENSPKIP00000022636	ENSPKIG00000006558	gata6
ENSEEEP00000054450	ENSEEEG00000025108	IQCD	ENSPKIP00000002491	ENSPKIG00000020368	drc10
ENSEEEP00000022334	ENSEEEG00000010839	UBE2H	ENSPKIP00000026354	ENSPKIG00000008867	ube2h
ENSEEEP00000021613	ENSEEEG00000010080	GMPS	ENSPKIP00000009695	ENSPKIG00000024697	gmps
ENSEEEP00000032633	ENSEEEG00000015558	si:dkey-266m15.5	ENSPKIP00000010842	ENSPKIG00000025397	si:dkey-266m15.5
ENSEEEP00000004497	ENSEEEG00000002338	TPCN1	ENSPKIP00000011860	ENSPKIG00000018355	tpcn1
ENSEEEP00000008602	ENSEEEG00000004455	KICS2	ENSPKIP00000003538	ENSPKIG00000021002	kics2
ENSEEEP00000028507	ENSEEEG00000013695	CHODL	ENSPKIP00000037278	ENSPKIG00000015517	chodl
ENSEEEP00000010485	ENSEEEG00000005270	CHD1L	ENSPKIP00000005560	ENSPKIG00000022166	chd1l
ENSEEEP00000032636	ENSEEEG00000015560	MIOX	ENSPKIP00000033983	ENSPKIG00000013486	miox
ENSEEEP00000059035	ENSEEEG00000028456	zmp:0000000521	ENSPKIP00000029843	ENSPKIG00000010931	zmp:0000000521
ENSEEEP00000040289	ENSEEEG00000019101	myoz3a	ENSPKIP00000000754	ENSPKIG00000019303	myoz3b
ENSEEEP00000028503	ENSEEEG00000013694	LYZ	ENSPKIP00000037341	ENSPKIG00000015560	
ENSEEEP00000008829	ENSEEEG00000004541	YIPF2	ENSPKIP00000020382	ENSPKIG00000005186	yipf2
ENSEEEP00000057498	ENSEEEG00000000208	pigu	ENSPKIP00000020554	ENSPKIG00000005277	pigu
ENSEEEP00000040286	ENSEEEG00000019100	rgs14a	ENSPKIP00000000677	ENSPKIG00000019254	
ENSEEEP00000008830	ENSEEEG00000004562	TIMM29	ENSPKIP00000020362	ENSPKIG00000005175	timm29
ENSEEEP00000044758	ENSEEEG00000021130	TPK1	ENSPKIP00000009507	ENSPKIG00000024582	tpk1
ENSEEEP00000057791	ENSEEEG00000026692	SEC61G	ENSPKIP00000022775	ENSPKIG00000006649	sec61g
ENSEEEP00000011262	ENSEEEG00000005710	PLCXD2	ENSPKIP00000001038	ENSPKIG00000019482	plcxd2
ENSEEEP00000053955	ENSEEEG00000025443	si:ch73-264p11.1	ENSPKIP00000011714	ENSPKIG00000018697	
ENSEEEP00000040872	ENSEEEG00000019110	MORC2	ENSPKIP00000025507	ENSPKIG00000008356	morc2
ENSEEEP00000004297	ENSEEEG00000002268	SIRT6	ENSPKIP00000030023	ENSPKIG00000011041	sirt6
ENSEEEP00000051915	ENSEEEG00000024351	cux1b	ENSPKIP00000029277	ENSPKIG00000010559	cux1b
ENSEEEP00000011260	ENSEEEG00000005705	CIP2A	ENSPKIP00000001137	ENSPKIG00000019528	cip2a
ENSEEEP00000028420	ENSEEEG00000013663	lipib	ENSPKIP00000037390	ENSPKIG00000015595	lipib
ENSEEEP00000033429	ENSEEEG00000015806	NME7	ENSPKIP00000020594	ENSPKIG00000005301	nme7
ENSEEEP00000041504	ENSEEEG00000019626	DGKQ	ENSPKIP00000030439	ENSPKIG00000011257	DGKQ
ENSEEEP00000016496	ENSEEEG00000008174	rxfp3.2b	ENSPKIP00000000184	ENSPKIG00000018949	rxfp3.2b
ENSEEEP00000010396	ENSEEEG00000005264		ENSPKIP00000005446	ENSPKIG00000022120	traf3ip2l
ENSEEEP00000028407	ENSEEEG00000013662	zgc:112982	ENSPKIP00000032150	ENSPKIG00000012358	
ENSEEEP00000009701	ENSEEEG00000004946	POU2F3	ENSPKIP00000040571	ENSPKIG00000017470	pou2f3
ENSEEEP00000010395	ENSEEEG00000005262	NEGR1	ENSPKIP00000004819	ENSPKIG00000021762	negr1
ENSEEEP00000063558	ENSEEEG00000019633	SLC39A8	ENSPKIP00000030562	ENSPKIG00000011365	SLC39A8
ENSEEEP00000014091	ENSEEEG00000006989	rab5c	ENSPKIP00000014024	ENSPKIG00000001237	rab5c
ENSEEEP00000009694	ENSEEEG00000004944	FOXR1	ENSPKIP00000041443	ENSPKIG00000017997	foxr1
ENSEEEP00000010393	ENSEEEG00000005261	ZRANB2	ENSPKIP00000004780	ENSPKIG00000021734	zranb2
ENSEEEP00000010167	ENSEEEG00000005157	HYI	ENSPKIP00000038106	ENSPKIG00000016026	hyi
ENSEEEP00000054195	ENSEEEG00000013658	ARGLU1	ENSPKIP00000000467	ENSPKIG00000019101	MAP7D2
ENSEEEP00000016440	ENSEEEG00000008137	RALBP1	ENSPKIP00000026386	ENSPKIG00000008882	ralbp1
ENSEEEP00000012469	ENSEEEG00000006247	ATG3	ENSPKIP00000017003	ENSPKIG00000003083	atg3
ENSEEEP00000009691	ENSEEEG00000004942	ccdc84	ENSPKIP00000041390	ENSPKIG00000017953	cenatac
ENSEEEP00000017399	ENSEEEG00000008606		ENSPKIP00000032192	ENSPKIG00000012385	
ENSEEEP00000041509	ENSEEEG00000019635	ABHD18	ENSPKIP00000021771	ENSPKIG00000006009	abhd18
ENSEEEP00000028394	ENSEEEG00000013657	eif1axb	ENSPKIP00000000368	ENSPKIG00000019062	eif1axb
ENSEEEP00000060783	ENSEEEG00000005259	PTGER3	ENSPKIP00000004735	ENSPKIG00000021722	ptger3
ENSEEEP00000061015	ENSEEEG00000008607	MED8	ENSPKIP00000038164	ENSPKIG00000016056	MED8
ENSEEEP00000055405	ENSEEEG00000004480	nfyba	ENSPKIP00000039023	ENSPKIG00000016560	NFYB
ENSEEEP00000032720	ENSEEEG00000015592	C2CD5	ENSPKIP00000027685	ENSPKIG00000009586	c2cd5
ENSEEEP00000058875	ENSEEEG00000024757	osgn1	ENSPKIP00000020488	ENSPKIG00000005252	osgn1
ENSEEEP00000012435	ENSEEEG00000006244	NHEJ1	ENSPKIP00000013748	ENSPKIG00000001066	nhej1
ENSEEEP00000062160	ENSEEEG00000019639	FAM193B	ENSPKIP00000024554	ENSPKIG00000007761	fam193b
ENSEEEP00000008702	ENSEEEG00000004517	CHST11	ENSPKIP00000039127	ENSPKIG00000016614	chst11
ENSEEEP00000040175	ENSEEEG00000019057	mych	ENSPKIP00000020299	ENSPKIG00000005134	mych
ENSEEEP00000001978	ENSEEEG00000001232	TMEM208	ENSPKIP00000007267	ENSPKIG00000023228	tmem208
ENSEEEP00000001979	ENSEEEG00000001234	si:ch211-122f10.4	ENSPKIP00000016516	ENSPKIG00000002800	si:ch211-122f10.4
ENSEEEP00000041538	ENSEEEG00000019640	DDX41	ENSPKIP00000024483	ENSPKIG00000007704	DDX41
ENSEEEP00000064231	ENSEEEG00000026117	TLE5	ENSPKIP00000025937	ENSPKIG00000008606	TLE5
ENSEEEP00000063394	ENSEEEG00000001235	saa	ENSPKIP00000011552	ENSPKIG00000018589	saa
ENSEEEP00000010376	ENSEEEG00000005093	cthl	ENSPKIP00000004621	ENSPKIG00000021646	cthl
ENSEEEP00000040172	ENSEEEG00000019046	ERGIC3	ENSPKIP00000020112	ENSPKIG00000004998	ergic3
ENSEEEP00000032730	ENSEEEG00000015597	tnni1c	ENSPKIP00000033822	ENSPKIG00000013352	tnni1d
ENSEEEP00000012406	ENSEEEG00000006228	bin1b	ENSPKIP00000013982	ENSPKIG00000001205	bin1b
ENSEEEP00000009672	ENSEEEG00000004930	tlcd5b	ENSPKIP00000040666	ENSPKIG00000017542	tlcd5b
ENSEEEP00000041540	ENSEEEG00000019645	ptpn18	ENSPKIP00000024366	ENSPKIG00000007642	DOK3
ENSEEEP00000058786	ENSEEEG00000025141	YJU2	ENSPKIP00000040282	ENSPKIG00000017199	YJU2
ENSEEEP00000056807	ENSEEEG00000025786	SDHAF2	ENSPKIP00000041597	ENSPKIG00000018087	SDHAF2
ENSEEEP00000053171	ENSEEEG00000000622	znf648	ENSPKIP00000020539	ENSPKIG00000005276	znf648
ENSEEEP00000009667	ENSEEEG00000004926	mcama	ENSPKIP00000041628	ENSPKIG00000018102	mcama
ENSEEEP00000041541	ENSEEEG00000019648	atoh1b	ENSPKIP00000024293	ENSPKIG00000007605	
ENSEEEP00000001993	ENSEEEG00000001243	CPSF7	ENSPKIP00000041533	ENSPKIG00000018054	CPSF7
ENSEEEP00000009660	ENSEEEG00000004923	MIS12	ENSPKIP00000041812	ENSPKIG00000018214	mis12
ENSEEEP00000001997	ENSEEEG00000001244	POLR2L	ENSPKIP00000041408	ENSPKIG00000017973	polr2l
ENSEEEP00000053445	ENSEEEG00000024870		ENSPKIP00000041718	ENSPKIG00000018171	
ENSEEEP00000009655	ENSEEEG00000004916	DERL2	ENSPKIP00000041842	ENSPKIG00000018226	derl2
ENSEEEP00000059208	ENSEEEG00000024989	ROMO1	ENSPKIP00000020283	ENSPKIG00000005121	romo1
ENSEEEP00000009996	ENSEEEG00000005080	NIT2	ENSPKIP00000006058	ENSPKIG00000022495	nit2
ENSEEEP00000002000	ENSEEEG00000001245	DAGLA	ENSPKIP00000041222	ENSPKIG00000017841	dagla
ENSEEEP00000040146	ENSEEEG00000019031	CYC1	ENSPKIP00000020009	ENSPKIG00000004950	cyc1
ENSEEEP00000016357	ENSEEEG00000008097	DYNLRB2	ENSPKIP00000015680	ENSPKIG00000002313	
ENSEEEP00000063469	ENSEEEG00000028772	gadd45ab	ENSPKIP00000020466	ENSPKIG00000005239	gadd45aa
ENSEEEP00000040130	ENSEEEG00000019028	RALY	ENSPKIP00000019935	ENSPKIG00000004894	raly
ENSEEEP00000043776	ENSEEEG00000020692	FABP6	ENSPKIP00000027086	ENSPKIG00000009298	fabp6
ENSEEEP00000004192	ENSEEEG00000002215	DR1	ENSPKIP00000020295	ENSPKIG00000005128	dr1
ENSEEEP00000058115	ENSEEEG00000026208	CLTB	ENSPKIP00000006551	ENSPKIG00000022782	cltb
ENSEEEP00000043774	ENSEEEG00000020690	PWWP2A	ENSPKIP00000041588	ENSPKIG00000018078	pwwp2a
ENSEEEP00000056105	ENSEEEG00000028969	higd2a	ENSPKIP00000006707	ENSPKIG00000022878	higd2a
ENSEEEP00000009977	ENSEEEG00000005053	GTPBP6	ENSPKIP00000006094	ENSPKIG00000022514	gtpbp6
ENSEEEP00000032737	ENSEEEG00000015601	DDX11	ENSPKIP00000016114	ENSPKIG00000002544	ddx11
ENSEEEP00000043766	ENSEEEG00000020689	TTC1	ENSPKIP00000026990	ENSPKIG00000009242	ttc1
ENSEEEP00000026215	ENSEEEG00000012669	FAF2	ENSPKIP00000006499	ENSPKIG00000022745	faf2
ENSEEEP00000009566	ENSEEEG00000004821	RABEP1	ENSPKIP00000041939	ENSPKIG00000018273	rabep1
ENSEEEP00000043755	ENSEEEG00000020684	HAVCR1	ENSPKIP00000041422	ENSPKIG00000017984	
ENSEEEP00000007393	ENSEEEG00000003879		ENSPKIP00000001093	ENSPKIG00000019508	
ENSEEEP00000032750	ENSEEEG00000015603	wash1	ENSPKIP00000033503	ENSPKIG00000013178	wash1
ENSEEEP00000056387	ENSEEEG00000029128	asip1	ENSPKIP00000019754	ENSPKIG00000004798	asip1
ENSEEEP00000007394	ENSEEEG00000003880	CMTR2	ENSPKIP00000008102	ENSPKIG00000023749	cmtr2
ENSEEEP00000014961	ENSEEEG00000007451	TIMD4	ENSPKIP00000041284	ENSPKIG00000017892	timd4
ENSEEEP00000035325	ENSEEEG00000016814	MBTPS2	ENSPKIP00000032492	ENSPKIG00000012564	mbtps2
ENSEEEP00000026199	ENSEEEG00000012665	rnf165b	ENSPKIP00000006397	ENSPKIG00000022693	rnf44
ENSEEEP00000040072	ENSEEEG00000018907	AHCY	ENSPKIP00000019719	ENSPKIG00000004778	ahcy
ENSEEEP00000056991	ENSEEEG00000028940		ENSPKIP00000026842	ENSPKIG00000009156	
ENSEEEP00000033223	ENSEEEG00000015794	zgc:172121	ENSPKIP00000016537	ENSPKIG00000002811	zgc:172121
ENSEEEP00000016761	ENSEEEG00000007964	DHX58	ENSPKIP00000002172	ENSPKIG00000020140	dhx58
ENSEEEP00000039855	ENSEEEG00000018896	chmp4ba	ENSPKIP00000019671	ENSPKIG00000004747	
ENSEEEP00000039845	ENSEEEG00000018891	atp5f1e	ENSPKIP00000017920	ENSPKIG00000003652	atp5f1e
ENSEEEP00000033220	ENSEEEG00000015792	bivm	ENSPKIP00000016488	ENSPKIG00000002784	bivm
ENSEEEP00000055696	ENSEEEG00000027755	zbtb22a	ENSPKIP00000002054	ENSPKIG00000020092	zbtb22a
ENSEEEP00000064617	ENSEEEG00000027524	SMIM13	ENSPKIP00000018046	ENSPKIG00000003755	smim13
ENSEEEP00000009918	ENSEEEG00000005045	PLCXD1	ENSPKIP00000006165	ENSPKIG00000022548	plcxd1.1
ENSEEEP00000014947	ENSEEEG00000007446	FAM53C	ENSPKIP00000041121	ENSPKIG00000017801	fam53c
ENSEEEP00000058660	ENSEEEG00000024741	si:ch211-201h21.5	ENSPKIP00000016436	ENSPKIG00000002759	si:ch211-201h21.5
ENSEEEP00000043680	ENSEEEG00000020643	DAD1	ENSPKIP00000035986	ENSPKIG00000014730	
ENSEEEP00000012159	ENSEEEG00000006133	dtd1	ENSPKIP00000022216	ENSPKIG00000006316	dtd1
ENSEEEP00000014945	ENSEEEG00000007444	slbp2	ENSPKIP00000026175	ENSPKIG00000008757	slbp2
ENSEEEP00000037548	ENSEEEG00000017850	GTF2A2	ENSPKIP00000013931	ENSPKIG00000001173	gtf2a2
ENSEEEP00000014940	ENSEEEG00000007442	ZMAT2	ENSPKIP00000041068	ENSPKIG00000017778	zmat2
ENSEEEP00000014935	ENSEEEG00000007439	lcp2a	ENSPKIP00000041039	ENSPKIG00000017751	lcp2a
ENSEEEP00000037532	ENSEEEG00000017846	RAB8B	ENSPKIP00000013623	ENSPKIG00000000981	rab8b
ENSEEEP00000064165	ENSEEEG00000024306	SAR1B	ENSPKIP00000040374	ENSPKIG00000017353	sar1b
ENSEEEP00000014933	ENSEEEG00000007437	NHP2	ENSPKIP00000022384	ENSPKIG00000006410	nhp2
ENSEEEP00000008922	ENSEEEG00000004606	si:dkey-48p11.3	ENSPKIP00000039587	ENSPKIG00000016894	nopchap1
ENSEEEP00000014930	ENSEEEG00000007436	GRPEL2	ENSPKIP00000040916	ENSPKIG00000017691	grpel2
ENSEEEP00000051773	ENSEEEG00000024309	CDKN2AIPNL	ENSPKIP00000029643	ENSPKIG00000010812	cdkn2aipnl
ENSEEEP00000058039	ENSEEEG00000028495	UBE2B	ENSPKIP00000019668	ENSPKIG00000004732	ube2b
ENSEEEP00000039556	ENSEEEG00000018783	tmem119b	ENSPKIP00000040333	ENSPKIG00000017340	tmem119b
ENSEEEP00000007423	ENSEEEG00000003891	SLC38A7	ENSPKIP00000016363	ENSPKIG00000002694	slc38a7
ENSEEEP00000047043	ENSEEEG00000022141	SKP1	ENSPKIP00000019570	ENSPKIG00000004682	skp1
ENSEEEP00000043290	ENSEEEG00000020448		ENSPKIP00000017394	ENSPKIG00000003330	
ENSEEEP00000047060	ENSEEEG00000022150	TCF7	ENSPKIP00000019503	ENSPKIG00000004591	tcf7
ENSEEEP00000043289	ENSEEEG00000020447	foxl2b	ENSPKIP00000022064	ENSPKIG00000006191	FOXL2
ENSEEEP00000009410	ENSEEEG00000004778	NUP88	ENSPKIP00000042013	ENSPKIG00000018374	nup88
ENSEEEP00000060337	ENSEEEG00000007382	SNX12	ENSPKIP00000014413	ENSPKIG00000001487	SNX12
ENSEEEP00000007435	ENSEEEG00000003906	MRPL21	ENSPKIP00000032036	ENSPKIG00000012297	mrpl21
ENSEEEP00000010983	ENSEEEG00000005210	AQP8	ENSPKIP00000011959	ENSPKIG00000025640	aqp8a.1
ENSEEEP00000047082	ENSEEEG00000022153	vdac1	ENSPKIP00000019154	ENSPKIG00000004438	vdac1
ENSEEEP00000051939	ENSEEEG00000024366	BUD23	ENSPKIP00000034747	ENSPKIG00000013949	bud23
ENSEEEP00000047086	ENSEEEG00000022165	C5orf15	ENSPKIP00000040859	ENSPKIG00000017660	C5orf15
ENSEEEP00000010663	ENSEEEG00000028601	rab39ba	ENSPKIP00000003177	ENSPKIG00000020795	rab39ba
ENSEEEP00000014818	ENSEEEG00000007378	rab38c	ENSPKIP00000013469	ENSPKIG00000000898	rab38c
ENSEEEP00000040460	ENSEEEG00000019162	DRC3	ENSPKIP00000039241	ENSPKIG00000016622	drc3
ENSEEEP00000032787	ENSEEEG00000015621		ENSPKIP00000014983	ENSPKIG00000001847	
ENSEEEP00000040454	ENSEEEG00000019161	GID4	ENSPKIP00000016609	ENSPKIG00000002850	GID4
ENSEEEP00000025979	ENSEEEG00000012587	URI1	ENSPKIP00000018993	ENSPKIG00000004345	uri1
ENSEEEP00000040452	ENSEEEG00000019160	noxo1a	ENSPKIP00000016523	ENSPKIG00000002815	noxo1a
ENSEEEP00000025982	ENSEEEG00000012588	PDF	ENSPKIP00000019242	ENSPKIG00000004491	pdf
ENSEEEP00000032672	ENSEEEG00000015575	GNPDA1	ENSPKIP00000008963	ENSPKIG00000024252	gnpda1
ENSEEEP00000017422	ENSEEEG00000008620	PLAAT1	ENSPKIP00000008481	ENSPKIG00000023953	
ENSEEEP00000025984	ENSEEEG00000012589		ENSPKIP00000002782	ENSPKIG00000020541	
ENSEEEP00000011792	ENSEEEG00000005929	MTIF2	ENSPKIP00000004374	ENSPKIG00000021512	mtif2
ENSEEEP00000025986	ENSEEEG00000012590	si:dkey-238o13.4	ENSPKIP00000019282	ENSPKIG00000004510	
ENSEEEP00000059017	ENSEEEG00000024370	STX1A	ENSPKIP00000029087	ENSPKIG00000010459	stx1a
ENSEEEP00000011769	ENSEEEG00000005923	BMERB1	ENSPKIP00000030606	ENSPKIG00000011394	
ENSEEEP00000058264	ENSEEEG00000027667	vps9d1	ENSPKIP00000019377	ENSPKIG00000004558	vps9d1
ENSEEEP00000028124	ENSEEEG00000013532	NDUFA2	ENSPKIP00000002715	ENSPKIG00000020504	ndufa2
ENSEEEP00000024989	ENSEEEG00000012119	ZNF385C	ENSPKIP00000002292	ENSPKIG00000020227	ZNF385C
ENSEEEP00000040399	ENSEEEG00000019130	TBL3	ENSPKIP00000012311	ENSPKIG00000000136	tbl3
ENSEEEP00000061688	ENSEEEG00000028412		ENSPKIP00000007727	ENSPKIG00000023516	
ENSEEEP00000058977	ENSEEEG00000025600	nkiras2	ENSPKIP00000014265	ENSPKIG00000001394	nkiras2
ENSEEEP00000028469	ENSEEEG00000013544	IK	ENSPKIP00000002795	ENSPKIG00000020532	ik
ENSEEEP00000056322	ENSEEEG00000024932	OSGEPL1	ENSPKIP00000006791	ENSPKIG00000022927	
ENSEEEP00000062463	ENSEEEG00000027896	RNF130	ENSPKIP00000001975	ENSPKIG00000020049	
ENSEEEP00000030085	ENSEEEG00000014419	CDH13	ENSPKIP00000017199	ENSPKIG00000003185	cdh13
ENSEEEP00000052811	ENSEEEG00000027903	gcsha	ENSPKIP00000014944	ENSPKIG00000001825	gcshb
ENSEEEP00000036644	ENSEEEG00000017399	CHST7	ENSPKIP00000006432	ENSPKIG00000022718	chst7
ENSEEEP00000007507	ENSEEEG00000003924	F10	ENSPKIP00000031356	ENSPKIG00000011863	
ENSEEEP00000009285	ENSEEEG00000004767	si:ch211-284f22.3	ENSPKIP00000011276	ENSPKIG00000018440	vps37d
ENSEEEP00000007509	ENSEEEG00000003926		ENSPKIP00000021619	ENSPKIG00000005949	
ENSEEEP00000009283	ENSEEEG00000004760	PRKRIP1	ENSPKIP00000011304	ENSPKIG00000018451	prkrip1
ENSEEEP00000030087	ENSEEEG00000014421		ENSPKIP00000001539	ENSPKIG00000019793	
ENSEEEP00000025330	ENSEEEG00000012287	MLYCD	ENSPKIP00000017380	ENSPKIG00000003317	mlycd
ENSEEEP00000057633	ENSEEEG00000029077	rab18b	ENSPKIP00000028010	ENSPKIG00000009825	rab18a
ENSEEEP00000041289	ENSEEEG00000019539	MAPKAP1	ENSPKIP00000031481	ENSPKIG00000011942	mapkap1
ENSEEEP00000055090	ENSEEEG00000005915	MARF1	ENSPKIP00000030566	ENSPKIG00000011344	MARF1
ENSEEEP00000041295	ENSEEEG00000019541	mvb12ba	ENSPKIP00000036954	ENSPKIG00000015326	mvb12ba
ENSEEEP00000005102	ENSEEEG00000002634	SSR3	ENSPKIP00000009572	ENSPKIG00000024635	ssr3
ENSEEEP00000031009	ENSEEEG00000014840	hsbp1b	ENSPKIP00000005113	ENSPKIG00000021926	hsbp1a
ENSEEEP00000031010	ENSEEEG00000014841	si:dkey-246g23.2	ENSPKIP00000017626	ENSPKIG00000003451	si:dkey-246g23.2
ENSEEEP00000007260	ENSEEEG00000003815	ULK3	ENSPKIP00000001845	ENSPKIG00000019963	ulk3
ENSEEEP00000007517	ENSEEEG00000003931		ENSPKIP00000002706	ENSPKIG00000020500	
ENSEEEP00000033023	ENSEEEG00000015727	TIPARP	ENSPKIP00000009549	ENSPKIG00000024616	tiparp
ENSEEEP00000007519	ENSEEEG00000003932	TOLLIP	ENSPKIP00000011826	ENSPKIG00000018751	tollip
ENSEEEP00000041299	ENSEEEG00000019543	ZBTB43	ENSPKIP00000009673	ENSPKIG00000024691	ZBTB43
ENSEEEP00000031072	ENSEEEG00000014843	WFDC1	ENSPKIP00000017684	ENSPKIG00000003498	wfdc1
ENSEEEP00000033027	ENSEEEG00000015729		ENSPKIP00000009506	ENSPKIG00000024595	
ENSEEEP00000060508	ENSEEEG00000027854		ENSPKIP00000001774	ENSPKIG00000019928	
ENSEEEP00000053357	ENSEEEG00000005585		ENSPKIP00000025653	ENSPKIG00000008414	
ENSEEEP00000007520	ENSEEEG00000003933	SLC35C1	ENSPKIP00000011516	ENSPKIG00000018572	slc35c1
ENSEEEP00000007269	ENSEEEG00000003820	cplx3a	ENSPKIP00000001741	ENSPKIG00000019916	CPLX3
ENSEEEP00000025583	ENSEEEG00000012411		ENSPKIP00000010517	ENSPKIG00000025209	
ENSEEEP00000040941	ENSEEEG00000019389	zgc:158398	ENSPKIP00000040180	ENSPKIG00000017229	
ENSEEEP00000025585	ENSEEEG00000012412	otol1b	ENSPKIP00000028348	ENSPKIG00000010027	otol1b
ENSEEEP00000031086	ENSEEEG00000014877	UTP4	ENSPKIP00000017730	ENSPKIG00000003525	utp4
ENSEEEP00000011043	ENSEEEG00000005592	TBC1D16	ENSPKIP00000018901	ENSPKIG00000004277	tbc1d16
ENSEEEP00000025594	ENSEEEG00000012414	SPTSSB	ENSPKIP00000028322	ENSPKIG00000010016	sptssb
ENSEEEP00000033286	ENSEEEG00000015731	ccnl1a	ENSPKIP00000009483	ENSPKIG00000024570	ccnl1a
ENSEEEP00000028496	ENSEEEG00000013691	MFAP3	ENSPKIP00000028245	ENSPKIG00000009965	MFAP3
ENSEEEP00000039931	ENSEEEG00000018925	MCC	ENSPKIP00000037864	ENSPKIG00000015886	mcc
ENSEEEP00000037471	ENSEEEG00000017418	TUBGCP5	ENSPKIP00000006542	ENSPKIG00000022759	tubgcp5
ENSEEEP00000025609	ENSEEEG00000012422	NMD3	ENSPKIP00000028227	ENSPKIG00000009928	nmd3
ENSEEEP00000040986	ENSEEEG00000019393	THOC5	ENSPKIP00000009787	ENSPKIG00000024752	thoc5
ENSEEEP00000010521	ENSEEEG00000005328	PLEKHH3	ENSPKIP00000000645	ENSPKIG00000019216	si:ch211-18i17.2
ENSEEEP00000020671	ENSEEEG00000010083	RILPL2	ENSPKIP00000014253	ENSPKIG00000001387	rilpl2
ENSEEEP00000039948	ENSEEEG00000018935	RCL1	ENSPKIP00000003586	ENSPKIG00000021022	rcl1
ENSEEEP00000035237	ENSEEEG00000016695	NCSTN	ENSPKIP00000024332	ENSPKIG00000007630	ncstn
ENSEEEP00000020665	ENSEEEG00000010078	CDK2AP1	ENSPKIP00000014489	ENSPKIG00000001531	CDK2AP1
ENSEEEP00000055664	ENSEEEG00000005321	TUBG1	ENSPKIP00000000584	ENSPKIG00000019181	tubg1
ENSEEEP00000020659	ENSEEEG00000010077	MTRFR	ENSPKIP00000014530	ENSPKIG00000001571	mtrfr
ENSEEEP00000039953	ENSEEEG00000018945	DNAJC25	ENSPKIP00000012321	ENSPKIG00000000156	dnajc25
ENSEEEP00000010497	ENSEEEG00000005308	RETREG3	ENSPKIP00000000520	ENSPKIG00000019157	retreg3
ENSEEEP00000040374	ENSEEEG00000019123	SCO1	ENSPKIP00000036032	ENSPKIG00000014753	sco1
ENSEEEP00000033371	ENSEEEG00000015853	VEPH1	ENSPKIP00000009426	ENSPKIG00000024540	veph1
ENSEEEP00000056516	ENSEEEG00000018949	YTHDC1	ENSPKIP00000011415	ENSPKIG00000018497	ythdc1
ENSEEEP00000010477	ENSEEEG00000005290	PSMC3IP	ENSPKIP00000000501	ENSPKIG00000019135	psmc3ip
ENSEEEP00000026632	ENSEEEG00000012880	stc2a	ENSPKIP00000023438	ENSPKIG00000007067	STC2
ENSEEEP00000037614	ENSEEEG00000017805	NELFCD	ENSPKIP00000018277	ENSPKIG00000003887	nelfcd
ENSEEEP00000044439	ENSEEEG00000020994	NMRK1	ENSPKIP00000012408	ENSPKIG00000000213	nmrk1
ENSEEEP00000026633	ENSEEEG00000012882	nkx2.5	ENSPKIP00000016655	ENSPKIG00000002891	nkx2.5
ENSEEEP00000020120	ENSEEEG00000009829	ARL6IP4	ENSPKIP00000015025	ENSPKIG00000001878	arl6ip4
ENSEEEP00000010452	ENSEEEG00000005285	MLX	ENSPKIP00000000451	ENSPKIG00000019108	mlx
ENSEEEP00000040996	ENSEEEG00000019412	CHID1	ENSPKIP00000000523	ENSPKIG00000019161	chid1
ENSEEEP00000033381	ENSEEEG00000015867	C5AR1	ENSPKIP00000031815	ENSPKIG00000012154	c5ar1
ENSEEEP00000020118	ENSEEEG00000009823	mthfd2	ENSPKIP00000015102	ENSPKIG00000001917	mthfd2
ENSEEEP00000061230	ENSEEEG00000025634	GATD1	ENSPKIP00000031918	ENSPKIG00000012226	gatd1
ENSEEEP00000013955	ENSEEEG00000006937	si:ch211-162e15.3	ENSPKIP00000010497	ENSPKIG00000025200	ncbp2as2
ENSEEEP00000058536	ENSEEEG00000026508	tspan9a	ENSPKIP00000018930	ENSPKIG00000004300	tspan9a
ENSEEEP00000040304	ENSEEEG00000019106	rcvrna	ENSPKIP00000036166	ENSPKIG00000014789	rcvrna
ENSEEEP00000063898	ENSEEEG00000028818	APH1B	ENSPKIP00000012658	ENSPKIG00000000382	aph1b
ENSEEEP00000040302	ENSEEEG00000019105	REG3A	ENSPKIP00000022385	ENSPKIG00000006414	
ENSEEEP00000020033	ENSEEEG00000009800	DGUOK	ENSPKIP00000015312	ENSPKIG00000002079	dguok
ENSEEEP00000026703	ENSEEEG00000012893	rgs14a	ENSPKIP00000004296	ENSPKIG00000021463	rgs14a
ENSEEEP00000034808	ENSEEEG00000016561	exosc6	ENSPKIP00000005292	ENSPKIG00000022020	exosc6
ENSEEEP00000034810	ENSEEEG00000016563	TMPPE	ENSPKIP00000016056	ENSPKIG00000002552	tmppe
ENSEEEP00000024731	ENSEEEG00000011977		ENSPKIP00000020494	ENSPKIG00000005254	prima1
ENSEEEP00000060204	ENSEEEG00000025970	myoz3a	ENSPKIP00000028792	ENSPKIG00000010295	myoz3a
ENSEEEP00000024729	ENSEEEG00000011974	si:dkey-85n7.8	ENSPKIP00000020723	ENSPKIG00000005392	
ENSEEEP00000060945	ENSEEEG00000024897	TMEM104	ENSPKIP00000006895	ENSPKIG00000022994	slc38a12
ENSEEEP00000050272	ENSEEEG00000023641	mettl25	ENSPKIP00000001272	ENSPKIG00000019624	mettl25
ENSEEEP00000035620	ENSEEEG00000016868	ppt2	ENSPKIP00000030842	ENSPKIG00000011551	ppt2b
ENSEEEP00000061254	ENSEEEG00000026014	SAP30L	ENSPKIP00000028317	ENSPKIG00000010010	SAP30L
ENSEEEP00000024724	ENSEEEG00000011970	ubr7	ENSPKIP00000020813	ENSPKIG00000005459	UBR7
ENSEEEP00000059468	ENSEEEG00000025716	HAND1	ENSPKIP00000028337	ENSPKIG00000010023	HAND1
ENSEEEP00000033106	ENSEEEG00000015753	MRPL47	ENSPKIP00000032551	ENSPKIG00000012608	mrpl47
ENSEEEP00000041091	ENSEEEG00000019428	PUS7	ENSPKIP00000023387	ENSPKIG00000007013	pus7
ENSEEEP00000012874	ENSEEEG00000006469	zgc:56585	ENSPKIP00000028391	ENSPKIG00000010053	zgc:56585
ENSEEEP00000033103	ENSEEEG00000015751	ndufb5	ENSPKIP00000013772	ENSPKIG00000001082	ndufb5
ENSEEEP00000064579	ENSEEEG00000023643	CCDC59	ENSPKIP00000001305	ENSPKIG00000019649	ccdc59
ENSEEEP00000024721	ENSEEEG00000011968	si:dkeyp-55f12.3	ENSPKIP00000031882	ENSPKIG00000012200	si:dkeyp-55f12.3
ENSEEEP00000024720	ENSEEEG00000011967	TMEM251	ENSPKIP00000031910	ENSPKIG00000012219	tmem251
ENSEEEP00000025938	ENSEEEG00000012568	ttc25	ENSPKIP00000002432	ENSPKIG00000020316	odad4
ENSEEEP00000007527	ENSEEEG00000003935	trappc10	ENSPKIP00000016520	ENSPKIG00000002787	trappc10
ENSEEEP00000057433	ENSEEEG00000028671		ENSPKIP00000039110	ENSPKIG00000016607	
ENSEEEP00000037434	ENSEEEG00000017784	CTSZ	ENSPKIP00000018341	ENSPKIG00000003935	ctsz
ENSEEEP00000010267	ENSEEEG00000005197	SULT4A1	ENSPKIP00000040788	ENSPKIG00000017612	sult4a1
ENSEEEP00000058865	ENSEEEG00000025380	CNP	ENSPKIP00000002462	ENSPKIG00000020351	CNP
ENSEEEP00000062805	ENSEEEG00000027997	TRADD	ENSPKIP00000015009	ENSPKIG00000001865	tradd
ENSEEEP00000034856	ENSEEEG00000016579	Fbxl8	ENSPKIP00000014989	ENSPKIG00000001851	fbxl8
ENSEEEP00000053168	ENSEEEG00000025404	NCOA2	ENSPKIP00000028654	ENSPKIG00000010213	
ENSEEEP00000022749	ENSEEEG00000011032	MYD88	ENSPKIP00000031201	ENSPKIG00000011777	myd88
ENSEEEP00000024447	ENSEEEG00000011857	tpm4b	ENSPKIP00000008284	ENSPKIG00000023847	chga
ENSEEEP00000034927	ENSEEEG00000016581	OGFOD1	ENSPKIP00000014860	ENSPKIG00000001772	ogfod1
ENSEEEP00000010321	ENSEEEG00000005203	PNPLA3	ENSPKIP00000040856	ENSPKIG00000017653	pnpla3
ENSEEEP00000037398	ENSEEEG00000017768	NPEPL1	ENSPKIP00000018396	ENSPKIG00000003963	npepl1
ENSEEEP00000007532	ENSEEEG00000003938	mafgb	ENSPKIP00000028722	ENSPKIG00000010251	MAFG
ENSEEEP00000022708	ENSEEEG00000010714	KIF23	ENSPKIP00000039036	ENSPKIG00000016508	kif23
ENSEEEP00000037375	ENSEEEG00000017766	stx16	ENSPKIP00000018442	ENSPKIG00000004007	stx16
ENSEEEP00000046066	ENSEEEG00000021708	ASPSCR1	ENSPKIP00000028881	ENSPKIG00000010341	aspscr1
ENSEEEP00000050289	ENSEEEG00000023654	ANKRD16	ENSPKIP00000011075	ENSPKIG00000025531	ankrd16
ENSEEEP00000037371	ENSEEEG00000017765	APCDD1L	ENSPKIP00000018479	ENSPKIG00000004030	apcdd1l
ENSEEEP00000062663	ENSEEEG00000017763	VAPB	ENSPKIP00000018519	ENSPKIG00000004051	vapb
ENSEEEP00000026799	ENSEEEG00000016853	RPS5	ENSPKIP00000030860	ENSPKIG00000011575	rps5
ENSEEEP00000010327	ENSEEEG00000005230	TTLL12	ENSPKIP00000001043	ENSPKIG00000019466	ttll12
ENSEEEP00000044050	ENSEEEG00000020815	si:ch73-91k6.2	ENSPKIP00000038346	ENSPKIG00000016164	si:ch73-91k6.2
ENSEEEP00000008667	ENSEEEG00000004501	GTF2IRD1	ENSPKIP00000000022	ENSPKIG00000018845	gtf2ird1
ENSEEEP00000044049	ENSEEEG00000020814	RSPH3	ENSPKIP00000003828	ENSPKIG00000021155	rsph3
ENSEEEP00000055672	ENSEEEG00000027656	RAB22A	ENSPKIP00000018607	ENSPKIG00000004103	rab22a
ENSEEEP00000062953	ENSEEEG00000025933	DTX2	ENSPKIP00000000200	ENSPKIG00000018963	dtx2
ENSEEEP00000034928	ENSEEEG00000016615	acd	ENSPKIP00000002900	ENSPKIG00000020614	
ENSEEEP00000034935	ENSEEEG00000016618	VRK3	ENSPKIP00000003173	ENSPKIG00000020774	vrk3
ENSEEEP00000003726	ENSEEEG00000002021	ca4a	ENSPKIP00000039199	ENSPKIG00000016649	ca4a
ENSEEEP00000035387	ENSEEEG00000016850	DDAH2	ENSPKIP00000030997	ENSPKIG00000011667	ddah2
ENSEEEP00000010345	ENSEEEG00000005237	ccdc3a	ENSPKIP00000025253	ENSPKIG00000008193	ccdc3a
ENSEEEP00000007048	ENSEEEG00000003725	FAXDC2	ENSPKIP00000028535	ENSPKIG00000010140	faxdc2
ENSEEEP00000035386	ENSEEEG00000016849		ENSPKIP00000031019	ENSPKIG00000011689	
ENSEEEP00000031950	ENSEEEG00000015245	MMAB	ENSPKIP00000010182	ENSPKIG00000025003	mmab
ENSEEEP00000034940	ENSEEEG00000016623	sinhcafl	ENSPKIP00000014163	ENSPKIG00000001329	
ENSEEEP00000010347	ENSEEEG00000005239	OPTN	ENSPKIP00000012768	ENSPKIG00000000456	optn
ENSEEEP00000062188	ENSEEEG00000025449	CLIC1	ENSPKIP00000031052	ENSPKIG00000011700	clic1
ENSEEEP00000034945	ENSEEEG00000016626		ENSPKIP00000015322	ENSPKIG00000002084	
ENSEEEP00000059945	ENSEEEG00000028978		ENSPKIP00000012365	ENSPKIG00000000180	
ENSEEEP00000007044	ENSEEEG00000003719	MACROH2A1	ENSPKIP00000028661	ENSPKIG00000010198	macroh2a1
ENSEEEP00000034946	ENSEEEG00000016627	THAP11	ENSPKIP00000013977	ENSPKIG00000001208	thap11
ENSEEEP00000013796	ENSEEEG00000006866	GAB3	ENSPKIP00000033675	ENSPKIG00000013301	
ENSEEEP00000010367	ENSEEEG00000005254	NINJ2	ENSPKIP00000012383	ENSPKIG00000000198	ninj2
ENSEEEP00000035379	ENSEEEG00000016842	spaca4l	ENSPKIP00000031071	ENSPKIG00000011715	spaca4l
ENSEEEP00000057496	ENSEEEG00000015244	MVK	ENSPKIP00000010169	ENSPKIG00000024989	mvk
ENSEEEP00000011869	ENSEEEG00000005971	PITX1	ENSPKIP00000028744	ENSPKIG00000010273	pitx1
ENSEEEP00000035032	ENSEEEG00000016631	COG4	ENSPKIP00000016256	ENSPKIG00000002644	cog4
ENSEEEP00000008580	ENSEEEG00000004349	LIG3	ENSPKIP00000029789	ENSPKIG00000010887	lig3
ENSEEEP00000032534	ENSEEEG00000015512	PDE6D	ENSPKIP00000010689	ENSPKIG00000025307	PDE6D
ENSEEEP00000054269	ENSEEEG00000025136	FAM222A	ENSPKIP00000010149	ENSPKIG00000024978	FAM222A
ENSEEEP00000060415	ENSEEEG00000028112	PCBD2	ENSPKIP00000040206	ENSPKIG00000017256	
ENSEEEP00000046227	ENSEEEG00000021775	TMC8	ENSPKIP00000029159	ENSPKIG00000010517	tmc8
ENSEEEP00000003755	ENSEEEG00000002023	GUSB	ENSPKIP00000039150	ENSPKIG00000016604	gusb
ENSEEEP00000011882	ENSEEEG00000005982	TXNDC15	ENSPKIP00000028794	ENSPKIG00000010296	txndc15
ENSEEEP00000061880	ENSEEEG00000026822	fcer1gl	ENSPKIP00000037676	ENSPKIG00000015761	
ENSEEEP00000025635	ENSEEEG00000012425	si:ch211-215k15.4	ENSPKIP00000000680	ENSPKIG00000019259	
ENSEEEP00000053437	ENSEEEG00000027016	ST3GAL1	ENSPKIP00000015943	ENSPKIG00000002472	st3gal1l
ENSEEEP00000056037	ENSEEEG00000026032		ENSPKIP00000037368	ENSPKIG00000015575	
ENSEEEP00000044421	ENSEEEG00000020981	KHDRBS3	ENSPKIP00000015884	ENSPKIG00000002433	KHDRBS3
ENSEEEP00000040048	ENSEEEG00000018989	zgc:123105	ENSPKIP00000000422	ENSPKIG00000019097	zgc:123105
ENSEEEP00000046247	ENSEEEG00000021784	TK1	ENSPKIP00000024576	ENSPKIG00000007773	tk1
ENSEEEP00000034905	ENSEEEG00000016603	POP7	ENSPKIP00000027248	ENSPKIG00000009391	
ENSEEEP00000046253	ENSEEEG00000021787	AFMID	ENSPKIP00000029344	ENSPKIG00000010623	afmid
ENSEEEP00000034901	ENSEEEG00000016595	ISYNA1	ENSPKIP00000041226	ENSPKIG00000017847	ISYNA1
ENSEEEP00000034885	ENSEEEG00000016591	TPGS1	ENSPKIP00000027337	ENSPKIG00000009451	tpgs1
ENSEEEP00000011654	ENSEEEG00000005861	il12rb2l	ENSPKIP00000020050	ENSPKIG00000004960	
ENSEEEP00000054760	ENSEEEG00000025808	VKORC1L1	ENSPKIP00000039064	ENSPKIG00000016585	vkorc1l1
ENSEEEP00000025721	ENSEEEG00000012464	TRIM59	ENSPKIP00000027964	ENSPKIG00000009803	trim59
ENSEEEP00000056016	ENSEEEG00000027809	PLEKHJ1	ENSPKIP00000027378	ENSPKIG00000009464	plekhj1
ENSEEEP00000003759	ENSEEEG00000002029	nupr1a	ENSPKIP00000039051	ENSPKIG00000016570	nupr1a
ENSEEEP00000002412	ENSEEEG00000001413		ENSPKIP00000018638	ENSPKIG00000004122	
ENSEEEP00000034877	ENSEEEG00000016587	SF3A2	ENSPKIP00000027415	ENSPKIG00000009487	sf3a2
ENSEEEP00000035054	ENSEEEG00000016668	DNAAF1	ENSPKIP00000015793	ENSPKIG00000002381	
ENSEEEP00000053238	ENSEEEG00000017589	ccndbp1	ENSPKIP00000019411	ENSPKIG00000004582	ccndbp1
ENSEEEP00000055780	ENSEEEG00000026848	COL22A1	ENSPKIP00000015480	ENSPKIG00000002191	
ENSEEEP00000002410	ENSEEEG00000001411	EPHX4	ENSPKIP00000018562	ENSPKIG00000004083	ephx4
ENSEEEP00000062834	ENSEEEG00000028959	tnfaip8l2a	ENSPKIP00000013112	ENSPKIG00000000668	tnfaip8l2a
ENSEEEP00000003781	ENSEEEG00000002037	RPLP0	ENSPKIP00000038494	ENSPKIG00000016238	rplp0
ENSEEEP00000017685	ENSEEEG00000008733	mcl1a	ENSPKIP00000013199	ENSPKIG00000000726	mcl1a
ENSEEEP00000057268	ENSEEEG00000028334	ensaa	ENSPKIP00000013224	ENSPKIG00000000739	ensaa
ENSEEEP00000061280	ENSEEEG00000012421	RPL14	ENSPKIP00000008555	ENSPKIG00000024000	rpl14
ENSEEEP00000035222	ENSEEEG00000016676	CCDC102A	ENSPKIP00000006969	ENSPKIG00000023041	ccdc102a
ENSEEEP00000036323	ENSEEEG00000017275	PMEPA1	ENSPKIP00000019614	ENSPKIG00000004698	pmepa1
ENSEEEP00000044438	ENSEEEG00000020990	KCNK9	ENSPKIP00000015465	ENSPKIG00000002180	kcnk9
ENSEEEP00000062617	ENSEEEG00000026028	RAB35	ENSPKIP00000010315	ENSPKIG00000025079	rab35b
ENSEEEP00000031176	ENSEEEG00000014934	ADGRG1	ENSPKIP00000018029	ENSPKIG00000003742	adgrg1
ENSEEEP00000025599	ENSEEEG00000012420	SGO1	ENSPKIP00000027722	ENSPKIG00000009664	
ENSEEEP00000059337	ENSEEEG00000027928	PRELID3B	ENSPKIP00000017887	ENSPKIG00000003635	prelid3b
ENSEEEP00000054562	ENSEEEG00000025797	ADIPOR2	ENSPKIP00000012660	ENSPKIG00000000379	adipor2
ENSEEEP00000031172	ENSEEEG00000014931	ADGRG1	ENSPKIP00000017947	ENSPKIG00000003679	
ENSEEEP00000009282	ENSEEEG00000004765		ENSPKIP00000001478	ENSPKIG00000019761	
ENSEEEP00000037878	ENSEEEG00000018005	NIPA2	ENSPKIP00000006745	ENSPKIG00000022900	nipa2
ENSEEEP00000041228	ENSEEEG00000019510	si:ch73-173p19.1	ENSPKIP00000039020	ENSPKIG00000016510	si:ch73-173p19.1
ENSEEEP00000044536	ENSEEEG00000021003	TRAPPC9	ENSPKIP00000015434	ENSPKIG00000001998	trappc9
ENSEEEP00000015063	ENSEEEG00000007493	rhot1a	ENSPKIP00000018978	ENSPKIG00000004337	
ENSEEEP00000025597	ENSEEEG00000012416	crybg2	ENSPKIP00000005684	ENSPKIG00000022263	
ENSEEEP00000025974	ENSEEEG00000012495	SMC4	ENSPKIP00000027792	ENSPKIG00000009665	smc4
ENSEEEP00000037880	ENSEEEG00000018006	NIPA2	ENSPKIP00000006796	ENSPKIG00000022922	nipa1
ENSEEEP00000013748	ENSEEEG00000006849	AMER1	ENSPKIP00000033382	ENSPKIG00000013117	amer1
ENSEEEP00000036307	ENSEEEG00000017266	PPP1R16B	ENSPKIP00000017582	ENSPKIG00000003423	ppp1r16b
ENSEEEP00000012611	ENSEEEG00000006326	zgc:110224	ENSPKIP00000036487	ENSPKIG00000015037	xndc1
ENSEEEP00000001253	ENSEEEG00000000852	BARHL2	ENSPKIP00000017941	ENSPKIG00000003671	barhl2
ENSEEEP00000029577	ENSEEEG00000014161	CDC123	ENSPKIP00000025440	ENSPKIG00000008296	cdc123
ENSEEEP00000013747	ENSEEEG00000006848	asb12a	ENSPKIP00000033358	ENSPKIG00000013105	asb12a
ENSEEEP00000025681	ENSEEEG00000012456	micall1a	ENSPKIP00000015961	ENSPKIG00000002483	micall1a
ENSEEEP00000031639	ENSEEEG00000015109	TPM1	ENSPKIP00000014753	ENSPKIG00000001712	
ENSEEEP00000060298	ENSEEEG00000029126	si:dkey-43k4.3	ENSPKIP00000015881	ENSPKIG00000002426	si:dkey-43k4.3
ENSEEEP00000012584	ENSEEEG00000006320	trpc2b	ENSPKIP00000036564	ENSPKIG00000015065	trpc2b
ENSEEEP00000041231	ENSEEEG00000019511	SEC22C	ENSPKIP00000030111	ENSPKIG00000011092	sec22c
ENSEEEP00000029550	ENSEEEG00000014154	NUDT5	ENSPKIP00000011011	ENSPKIG00000025499	nudt5
ENSEEEP00000036301	ENSEEEG00000017264	fam210b	ENSPKIP00000017523	ENSPKIG00000003397	
ENSEEEP00000063572	ENSEEEG00000028921	FAM219B	ENSPKIP00000001296	ENSPKIG00000019629	fam219b
ENSEEEP00000043660	ENSEEEG00000020639	gltpa	ENSPKIP00000010122	ENSPKIG00000024961	gltpa
ENSEEEP00000015052	ENSEEEG00000007489	P2RY1	ENSPKIP00000028537	ENSPKIG00000010153	p2ry1
ENSEEEP00000043655	ENSEEEG00000020637	TCHP	ENSPKIP00000010095	ENSPKIG00000024941	tchp
ENSEEEP00000022741	ENSEEEG00000011028	DDB2	ENSPKIP00000017830	ENSPKIG00000003594	ddb2
ENSEEEP00000031095	ENSEEEG00000014884	SLC7A6OS	ENSPKIP00000017907	ENSPKIG00000003646	slc7a6os
ENSEEEP00000029540	ENSEEEG00000014143	tspan33a	ENSPKIP00000026204	ENSPKIG00000008773	tspan33a
ENSEEEP00000041259	ENSEEEG00000019513	NKTR	ENSPKIP00000030220	ENSPKIG00000011161	nktr
ENSEEEP00000059812	ENSEEEG00000027339	cdc42ep4a	ENSPKIP00000031570	ENSPKIG00000012005	CDC42EP4
ENSEEEP00000061867	ENSEEEG00000028805	tmem42b	ENSPKIP00000035278	ENSPKIG00000014304	tmem42a
ENSEEEP00000063255	ENSEEEG00000008800	cx52.9	ENSPKIP00000013130	ENSPKIG00000000689	gja9b
ENSEEEP00000008581	ENSEEEG00000004450	RAD51D	ENSPKIP00000029850	ENSPKIG00000010933	rad51d
ENSEEEP00000019187	ENSEEEG00000009403	HTR5A	ENSPKIP00000000549	ENSPKIG00000019172	CHRM1
ENSEEEP00000000993	ENSEEEG00000000670	mycbp	ENSPKIP00000013178	ENSPKIG00000000699	MYCBP
ENSEEEP00000022745	ENSEEEG00000011030	KBTBD4	ENSPKIP00000017929	ENSPKIG00000003656	kbtbd4
ENSEEEP00000008591	ENSEEEG00000004451	TMEM248	ENSPKIP00000029892	ENSPKIG00000010961	tmem248
ENSEEEP00000054584	ENSEEEG00000011587	ARHGEF26	ENSPKIP00000028381	ENSPKIG00000010036	ARHGEF26
ENSEEEP00000022746	ENSEEEG00000011031	RAPSN	ENSPKIP00000017956	ENSPKIG00000003675	rapsn
ENSEEEP00000008593	ENSEEEG00000004452	RPH3AL	ENSPKIP00000029936	ENSPKIG00000010995	rph3al
ENSEEEP00000029491	ENSEEEG00000014079	SMO	ENSPKIP00000026283	ENSPKIG00000008815	smo
ENSEEEP00000055539	ENSEEEG00000025253	CDC42EP2	ENSPKIP00000020161	ENSPKIG00000005041	cdc42ep2
ENSEEEP00000045619	ENSEEEG00000021524	IGHMBP2	ENSPKIP00000000798	ENSPKIG00000019306	ighmbp2
ENSEEEP00000045033	ENSEEEG00000021256	MEAF6	ENSPKIP00000020944	ENSPKIG00000005531	meaf6
ENSEEEP00000056249	ENSEEEG00000028815	rbm7	ENSPKIP00000039194	ENSPKIG00000016648	rbm7
ENSEEEP00000012288	ENSEEEG00000005807	RRM1	ENSPKIP00000036614	ENSPKIG00000015120	rrm1
ENSEEEP00000012927	ENSEEEG00000006495	BARX2	ENSPKIP00000039170	ENSPKIG00000016634	barx2
ENSEEEP00000045030	ENSEEEG00000021255	STPG1	ENSPKIP00000017765	ENSPKIG00000003521	stpg1
ENSEEEP00000063771	ENSEEEG00000004454	DOC2B	ENSPKIP00000032862	ENSPKIG00000012781	doc2b
ENSEEEP00000050947	ENSEEEG00000023928	si:dkeyp-92c9.2	ENSPKIP00000018356	ENSPKIG00000003949	si:dkeyp-92c9.2
ENSEEEP00000031886	ENSEEEG00000015229	tmem106bb	ENSPKIP00000030737	ENSPKIG00000011479	tmem106bb
ENSEEEP00000045861	ENSEEEG00000021617	tmem134	ENSPKIP00000009854	ENSPKIG00000024793	tmem134
ENSEEEP00000051550	ENSEEEG00000024202	PRMT3	ENSPKIP00000006564	ENSPKIG00000022779	prmt3
ENSEEEP00000053825	ENSEEEG00000028817	ACOT13	ENSPKIP00000022568	ENSPKIG00000006508	acot13
ENSEEEP00000009152	ENSEEEG00000004700	DUS3L	ENSPKIP00000041529	ENSPKIG00000018035	dus3l
ENSEEEP00000023375	ENSEEEG00000011325	slc22a13b	ENSPKIP00000031459	ENSPKIG00000011916	slc22a13b
ENSEEEP00000054528	ENSEEEG00000027296	C6orf62	ENSPKIP00000011536	ENSPKIG00000018571	zgc:111986
ENSEEEP00000031656	ENSEEEG00000015129	LACTB	ENSPKIP00000025482	ENSPKIG00000008344	lactb
ENSEEEP00000035771	ENSEEEG00000017024	RPUSD2	ENSPKIP00000006917	ENSPKIG00000023017	rpusd2
ENSEEEP00000037093	ENSEEEG00000017585	FABP2	ENSPKIP00000019208	ENSPKIG00000004467	FABP2
ENSEEEP00000045029	ENSEEEG00000021254	map7d1b	ENSPKIP00000020442	ENSPKIG00000005222	MAP7D1
ENSEEEP00000005912	ENSEEEG00000003140	CCR8	ENSPKIP00000011329	ENSPKIG00000018468	CCR8
ENSEEEP00000058440	ENSEEEG00000028237	arl3a	ENSPKIP00000041432	ENSPKIG00000017974	ARL3
ENSEEEP00000025659	ENSEEEG00000012451	si:ch211-69g19.2	ENSPKIP00000026959	ENSPKIG00000009213	
ENSEEEP00000031658	ENSEEEG00000015131	NRG4	ENSPKIP00000025553	ENSPKIG00000008381	
ENSEEEP00000053219	ENSEEEG00000019802	zgc:92907	ENSPKIP00000003544	ENSPKIG00000021007	zgc:92907
ENSEEEP00000035775	ENSEEEG00000017025	pcmtl	ENSPKIP00000006902	ENSPKIG00000022992	pcmtl
ENSEEEP00000045647	ENSEEEG00000021526	AGK	ENSPKIP00000008322	ENSPKIG00000023869	agk
ENSEEEP00000045855	ENSEEEG00000021613	SNAPC3	ENSPKIP00000033225	ENSPKIG00000013017	snapc3
ENSEEEP00000063318	ENSEEEG00000027570	ADGRV1	ENSPKIP00000032705	ENSPKIG00000012593	adgrv1
ENSEEEP00000063850	ENSEEEG00000026809	GMNN	ENSPKIP00000022587	ENSPKIG00000006536	gmnn
ENSEEEP00000037024	ENSEEEG00000017584	DMRTA1	ENSPKIP00000022136	ENSPKIG00000006264	DMRTA1
ENSEEEP00000008734	ENSEEEG00000004529	kdelr2b	ENSPKIP00000024478	ENSPKIG00000007721	kdelr2b
ENSEEEP00000034246	ENSEEEG00000016293	FBXO32	ENSPKIP00000037229	ENSPKIG00000015472	fbxo32
ENSEEEP00000014869	ENSEEEG00000007402	RRP15	ENSPKIP00000012105	ENSPKIG00000000018	rrp15
ENSEEEP00000026751	ENSEEEG00000012905		ENSPKIP00000003868	ENSPKIG00000021191	ACYP2
ENSEEEP00000035496	ENSEEEG00000016902	CENPI	ENSPKIP00000013769	ENSPKIG00000001063	cenpi
ENSEEEP00000060523	ENSEEEG00000017522	MEF2D	ENSPKIP00000028766	ENSPKIG00000010252	mef2d
ENSEEEP00000058169	ENSEEEG00000025200	RAP2C	ENSPKIP00000003570	ENSPKIG00000021020	rap2c
ENSEEEP00000060486	ENSEEEG00000028709		ENSPKIP00000022082	ENSPKIG00000006226	
ENSEEEP00000045026	ENSEEEG00000021253	thrap3b	ENSPKIP00000020330	ENSPKIG00000005150	thrap3a
ENSEEEP00000008905	ENSEEEG00000004598	KHDC4	ENSPKIP00000030403	ENSPKIG00000011269	khdc4
ENSEEEP00000012717	ENSEEEG00000006381	pgam1b	ENSPKIP00000038086	ENSPKIG00000016019	pgam1b
ENSEEEP00000007492	ENSEEEG00000003919	PHACTR2	ENSPKIP00000021695	ENSPKIG00000005983	phactr2
ENSEEEP00000023950	ENSEEEG00000011632	MEOX1	ENSPKIP00000014363	ENSPKIG00000001445	meox1
ENSEEEP00000017017	ENSEEEG00000008434	vamp2	ENSPKIP00000001313	ENSPKIG00000019641	vamp2
ENSEEEP00000030179	ENSEEEG00000014470	FAM172A	ENSPKIP00000032096	ENSPKIG00000012314	arb2a
ENSEEEP00000014057	ENSEEEG00000006983	TSPAN14	ENSPKIP00000011646	ENSPKIG00000018636	tspan14
ENSEEEP00000049345	ENSEEEG00000023161	PSMC5	ENSPKIP00000039146	ENSPKIG00000016599	psmc5
ENSEEEP00000000107	ENSEEEG00000000075	P2RY14	ENSPKIP00000036008	ENSPKIG00000014742	P2RY14
ENSEEEP00000048034	ENSEEEG00000022630		ENSPKIP00000033483	ENSPKIG00000013170	cntln
ENSEEEP00000025725	ENSEEEG00000012453	PEX5	ENSPKIP00000026793	ENSPKIG00000009099	pex5
ENSEEEP00000045161	ENSEEEG00000029087	SELENOF	ENSPKIP00000017464	ENSPKIG00000003365	selenof
ENSEEEP00000012719	ENSEEEG00000006391	cdc25d	ENSPKIP00000038044	ENSPKIG00000015992	cdc25d
ENSEEEP00000008909	ENSEEEG00000004599	ZBTB7B	ENSPKIP00000030332	ENSPKIG00000011228	zbtb7b
ENSEEEP00000004733	ENSEEEG00000002473	TECPR2	ENSPKIP00000026445	ENSPKIG00000008929	tecpr2
ENSEEEP00000035778	ENSEEEG00000017028	prlh2r	ENSPKIP00000006839	ENSPKIG00000022971	prlh2r
ENSEEEP00000046331	ENSEEEG00000021798	ORC2	ENSPKIP00000017950	ENSPKIG00000003680	orc2
ENSEEEP00000012421	ENSEEEG00000006234	EXOSC8	ENSPKIP00000007317	ENSPKIG00000023257	exosc8
ENSEEEP00000014870	ENSEEEG00000007403	TGFB2	ENSPKIP00000033076	ENSPKIG00000012907	tgfb2
ENSEEEP00000008751	ENSEEEG00000004532	DAGLB	ENSPKIP00000024436	ENSPKIG00000007674	daglb
ENSEEEP00000059722	ENSEEEG00000024829	si:cabz01093077.1	ENSPKIP00000032758	ENSPKIG00000012731	si:cabz01093077.1
ENSEEEP00000029359	ENSEEEG00000014047	KLHDC10	ENSPKIP00000023566	ENSPKIG00000007124	klhdc10
ENSEEEP00000045164	ENSEEEG00000021320	FAM110B	ENSPKIP00000028928	ENSPKIG00000010377	FAM110B
ENSEEEP00000024913	ENSEEEG00000012023	F10	ENSPKIP00000027810	ENSPKIG00000009705	f10
ENSEEEP00000045020	ENSEEEG00000021247	oscp1a	ENSPKIP00000018014	ENSPKIG00000003728	lsm10
ENSEEEP00000006451	ENSEEEG00000003413	CCR2	ENSPKIP00000032744	ENSPKIG00000012712	ccr2
ENSEEEP00000007499	ENSEEEG00000003920	SF3B5	ENSPKIP00000021793	ENSPKIG00000006057	sf3b5
ENSEEEP00000035601	ENSEEEG00000016951	SUFU	ENSPKIP00000026537	ENSPKIG00000008960	sufu
ENSEEEP00000045167	ENSEEEG00000021322	CYP7A1	ENSPKIP00000021171	ENSPKIG00000005680	cyp7a1
ENSEEEP00000034607	ENSEEEG00000016462	URB2	ENSPKIP00000021334	ENSPKIG00000005787	urb2
ENSEEEP00000007506	ENSEEEG00000003922	OPRM1	ENSPKIP00000021813	ENSPKIG00000006065	oprm1
ENSEEEP00000040185	ENSEEEG00000019060		ENSPKIP00000032202	ENSPKIG00000012387	RNF222
ENSEEEP00000059001	ENSEEEG00000024893	CASTOR2	ENSPKIP00000033032	ENSPKIG00000012878	castor2
ENSEEEP00000062098	ENSEEEG00000003414	COBL	ENSPKIP00000032600	ENSPKIG00000012618	cobl
ENSEEEP00000030169	ENSEEEG00000014464	SLF1	ENSPKIP00000031745	ENSPKIG00000012081	slf1
ENSEEEP00000031879	ENSEEEG00000015217	ripor2	ENSPKIP00000022660	ENSPKIG00000006575	ripor2
ENSEEEP00000014875	ENSEEEG00000007405	PREB	ENSPKIP00000008005	ENSPKIG00000023669	preb
ENSEEEP00000032932	ENSEEEG00000015677	si:ch211-59p23.1	ENSPKIP00000006189	ENSPKIG00000022568	si:ch211-59p23.1
ENSEEEP00000050408	ENSEEEG00000023705	RNF168	ENSPKIP00000036025	ENSPKIG00000014751	RNF168
ENSEEEP00000041313	ENSEEEG00000019534	gars1	ENSPKIP00000036240	ENSPKIG00000014863	gars1
ENSEEEP00000062533	ENSEEEG00000025243	LYSMD3	ENSPKIP00000021163	ENSPKIG00000005668	lysmd3
ENSEEEP00000041882	ENSEEEG00000019795	HS6ST2	ENSPKIP00000003701	ENSPKIG00000021099	hs6st2
ENSEEEP00000042308	ENSEEEG00000019981	cx35.4	ENSPKIP00000030550	ENSPKIG00000011373	gjb3
ENSEEEP00000014045	ENSEEEG00000006982	mxtx1	ENSPKIP00000025321	ENSPKIG00000008236	mxtx2
ENSEEEP00000059766	ENSEEEG00000007992	ITGAM	ENSPKIP00000024769	ENSPKIG00000007889	
ENSEEEP00000045168	ENSEEEG00000021323	TOX	ENSPKIP00000028103	ENSPKIG00000009875	tox
ENSEEEP00000062415	ENSEEEG00000027222	SNCB	ENSPKIP00000006163	ENSPKIG00000022552	sncb
ENSEEEP00000042305	ENSEEEG00000019979	cx34.4	ENSPKIP00000030537	ENSPKIG00000011362	gjb10
ENSEEEP00000046610	ENSEEEG00000021943	polr3g	ENSPKIP00000032760	ENSPKIG00000012724	
ENSEEEP00000013640	ENSEEEG00000006814	C8orf34	ENSPKIP00000023858	ENSPKIG00000007285	zgc:162928
ENSEEEP00000057418	ENSEEEG00000025644	efnb3a	ENSPKIP00000013504	ENSPKIG00000000923	efnb3b
ENSEEEP00000061362	ENSEEEG00000027413	LIMD2	ENSPKIP00000039664	ENSPKIG00000016934	limd2
ENSEEEP00000045657	ENSEEEG00000021535	DENND11	ENSPKIP00000008362	ENSPKIG00000023887	dennd11
ENSEEEP00000004738	ENSEEEG00000002481	bmf1	ENSPKIP00000017006	ENSPKIG00000003103	
ENSEEEP00000034201	ENSEEEG00000016290	PRELID3A	ENSPKIP00000037274	ENSPKIG00000015520	prelid3a
ENSEEEP00000007510	ENSEEEG00000003925	RGS17	ENSPKIP00000021842	ENSPKIG00000006080	rgs17
ENSEEEP00000008615	ENSEEEG00000004464	RCC1L	ENSPKIP00000033075	ENSPKIG00000012917	rcc1l
ENSEEEP00000045171	ENSEEEG00000021324	CA8	ENSPKIP00000027956	ENSPKIG00000009787	ca8
ENSEEEP00000035822	ENSEEEG00000017032	IVD	ENSPKIP00000006726	ENSPKIG00000022883	ivd
ENSEEEP00000013712	ENSEEEG00000006838	shisa2a	ENSPKIP00000033218	ENSPKIG00000013013	shisa2a
ENSEEEP00000046607	ENSEEEG00000021942	MBLAC2	ENSPKIP00000032790	ENSPKIG00000012746	mblac2
ENSEEEP00000012390	ENSEEEG00000006226	ALG5	ENSPKIP00000007349	ENSPKIG00000023274	alg5
ENSEEEP00000014040	ENSEEEG00000006981	KLHDC3	ENSPKIP00000007174	ENSPKIG00000023175	klhdc3
ENSEEEP00000016879	ENSEEEG00000008367	IL6R	ENSPKIP00000020003	ENSPKIG00000004910	
ENSEEEP00000022528	ENSEEEG00000010928	cygb2	ENSPKIP00000024475	ENSPKIG00000007709	cygb2
ENSEEEP00000020059	ENSEEEG00000009506	ptcd3	ENSPKIP00000021039	ENSPKIG00000005592	ptcd3
ENSEEEP00000022534	ENSEEEG00000010939	SPHK1	ENSPKIP00000024333	ENSPKIG00000007627	sphk1
ENSEEEP00000016868	ENSEEEG00000008357	PAK1IP1	ENSPKIP00000025028	ENSPKIG00000008048	pak1ip1
ENSEEEP00000033844	ENSEEEG00000016115	UQCR11	ENSPKIP00000011444	ENSPKIG00000018517	UQCR11
ENSEEEP00000034198	ENSEEEG00000016286	TBC1D31	ENSPKIP00000011705	ENSPKIG00000018687	tbc1d31
ENSEEEP00000014039	ENSEEEG00000006980	npas4l	ENSPKIP00000007138	ENSPKIG00000023152	npas4l
ENSEEEP00000050403	ENSEEEG00000023703	si:ch211-156b7.4	ENSPKIP00000010699	ENSPKIG00000025318	si:ch211-156b7.4
ENSEEEP00000045691	ENSEEEG00000021540	WEE2	ENSPKIP00000008423	ENSPKIG00000023916	wee2
ENSEEEP00000042291	ENSEEEG00000019967	wdr43	ENSPKIP00000006804	ENSPKIG00000022935	wdr43
ENSEEEP00000050402	ENSEEEG00000023702	cbln18	ENSPKIP00000026430	ENSPKIG00000008925	cbln18
ENSEEEP00000045178	ENSEEEG00000021325	RAB2A	ENSPKIP00000021328	ENSPKIG00000005764	rab2a
ENSEEEP00000061461	ENSEEEG00000012593	IFT80	ENSPKIP00000027560	ENSPKIG00000009568	ift80
ENSEEEP00000014248	ENSEEEG00000006856	zp2l2	ENSPKIP00000041772	ENSPKIG00000018176	
ENSEEEP00000008619	ENSEEEG00000004471	NCF1	ENSPKIP00000033150	ENSPKIG00000012970	ncf1
ENSEEEP00000056822	ENSEEEG00000001581	HBB	ENSPKIP00000004625	ENSPKIG00000021654	hbba1
ENSEEEP00000010460	ENSEEEG00000005238	SCPEP1	ENSPKIP00000025748	ENSPKIG00000008480	scpep1
ENSEEEP00000050400	ENSEEEG00000023700	trim8b	ENSPKIP00000013289	ENSPKIG00000000776	
ENSEEEP00000041322	ENSEEEG00000019557	SPAG6	ENSPKIP00000029768	ENSPKIG00000010880	spag6
ENSEEEP00000062467	ENSEEEG00000025408	mbd3a	ENSPKIP00000011524	ENSPKIG00000018562	mbd3a
ENSEEEP00000063989	ENSEEEG00000025627	UBE2O	ENSPKIP00000024252	ENSPKIG00000007569	UBE2O
ENSEEEP00000061268	ENSEEEG00000027037	cfap410	ENSPKIP00000028826	ENSPKIG00000010319	cfap410
ENSEEEP00000041873	ENSEEEG00000019792	GPC3	ENSPKIP00000003768	ENSPKIG00000021129	gpc3
ENSEEEP00000050399	ENSEEEG00000023699	nudt8	ENSPKIP00000013265	ENSPKIG00000000764	nudt8
ENSEEEP00000036585	ENSEEEG00000016979	ube2d3	ENSPKIP00000038804	ENSPKIG00000016413	UBE2D3
ENSEEEP00000039617	ENSEEEG00000018801	HAT1	ENSPKIP00000042009	ENSPKIG00000018808	hat1
ENSEEEP00000020180	ENSEEEG00000009856	C17orf75	ENSPKIP00000021746	ENSPKIG00000006019	zgc:153240
ENSEEEP00000030049	ENSEEEG00000014399	fam81b	ENSPKIP00000031341	ENSPKIG00000011858	fam81b
ENSEEEP00000008622	ENSEEEG00000004474	polr2j	ENSPKIP00000033221	ENSPKIG00000013014	
ENSEEEP00000064603	ENSEEEG00000027857	CSPG4	ENSPKIP00000040240	ENSPKIG00000017283	
ENSEEEP00000005017	ENSEEEG00000002610	adrb2a	ENSPKIP00000022677	ENSPKIG00000006595	ADRB2
ENSEEEP00000051557	ENSEEEG00000024208	HTATIP2	ENSPKIP00000006607	ENSPKIG00000022813	htatip2
ENSEEEP00000016917	ENSEEEG00000008386	zgc:172339	ENSPKIP00000001728	ENSPKIG00000019902	si:dkey-85k7.10
ENSEEEP00000048043	ENSEEEG00000022637	si:dkey-25o16.4	ENSPKIP00000033844	ENSPKIG00000013381	si:dkey-25o16.4
ENSEEEP00000013700	ENSEEEG00000006833	LAS1L	ENSPKIP00000033081	ENSPKIG00000012906	las1l
ENSEEEP00000008626	ENSEEEG00000004476	ALKBH4	ENSPKIP00000033258	ENSPKIG00000013042	alkbh4
ENSEEEP00000024923	ENSEEEG00000012085		ENSPKIP00000027770	ENSPKIG00000009688	
ENSEEEP00000033339	ENSEEEG00000015150	ETFA	ENSPKIP00000025683	ENSPKIG00000008451	etfa
ENSEEEP00000008631	ENSEEEG00000004478	LRWD1	ENSPKIP00000033294	ENSPKIG00000013065	lrwd1
ENSEEEP00000052796	ENSEEEG00000025115	ccdc160	ENSPKIP00000003817	ENSPKIG00000021159	ccdc160
ENSEEEP00000022726	ENSEEEG00000010861	PSMC6	ENSPKIP00000005394	ENSPKIG00000022084	psmc6
ENSEEEP00000050396	ENSEEEG00000023693	si:ch1073-280e3.1	ENSPKIP00000013144	ENSPKIG00000000677	si:ch1073-280e3.1
ENSEEEP00000020178	ENSEEEG00000009852	RPS15A	ENSPKIP00000001621	ENSPKIG00000019847	rps15a
ENSEEEP00000048044	ENSEEEG00000022638	TRMO	ENSPKIP00000033995	ENSPKIG00000013505	trmo
ENSEEEP00000025784	ENSEEEG00000012498	LPCAT3	ENSPKIP00000026401	ENSPKIG00000008908	lpcat3
ENSEEEP00000041337	ENSEEEG00000019558	ctdspla	ENSPKIP00000036111	ENSPKIG00000014795	ctdsplb
ENSEEEP00000014033	ENSEEEG00000006972	mrpl2	ENSPKIP00000006973	ENSPKIG00000023043	mrpl2
ENSEEEP00000022974	ENSEEEG00000011150	CAAP1	ENSPKIP00000021894	ENSPKIG00000006115	CAAP1
ENSEEEP00000002750	ENSEEEG00000001580		ENSPKIP00000004639	ENSPKIG00000021665	si:ch211-5k11.8
ENSEEEP00000039598	ENSEEEG00000018800	dlx1a	ENSPKIP00000041974	ENSPKIG00000018771	dlx1a
ENSEEEP00000012778	ENSEEEG00000006412	ZFYVE27	ENSPKIP00000037812	ENSPKIG00000015847	zfyve27
ENSEEEP00000062786	ENSEEEG00000024899	aanat1	ENSPKIP00000024192	ENSPKIG00000007540	AANAT
ENSEEEP00000012360	ENSEEEG00000006221	RFXAP	ENSPKIP00000007427	ENSPKIG00000023321	rfxap
ENSEEEP00000039597	ENSEEEG00000018798	DLX2	ENSPKIP00000021326	ENSPKIG00000005783	dlx2b
ENSEEEP00000014024	ENSEEEG00000006971	L2HGDH	ENSPKIP00000016584	ENSPKIG00000002823	l2hgdh
ENSEEEP00000009159	ENSEEEG00000004711		ENSPKIP00000040723	ENSPKIG00000017576	
ENSEEEP00000012358	ENSEEEG00000006219	SERTM1	ENSPKIP00000007445	ENSPKIG00000023327	SERTM1
ENSEEEP00000053284	ENSEEEG00000002488	EIF2AK4	ENSPKIP00000016578	ENSPKIG00000002734	EIF2AK4
ENSEEEP00000024951	ENSEEEG00000012089	PCID2	ENSPKIP00000027725	ENSPKIG00000009646	pcid2
ENSEEEP00000030031	ENSEEEG00000014395	TTC37	ENSPKIP00000031154	ENSPKIG00000011621	skic3
ENSEEEP00000012356	ENSEEEG00000006207	CCNA1	ENSPKIP00000007460	ENSPKIG00000023339	ccna1
ENSEEEP00000041866	ENSEEEG00000019790	PHF6	ENSPKIP00000003877	ENSPKIG00000021203	phf6
ENSEEEP00000012889	ENSEEEG00000006479	akap9	ENSPKIP00000040775	ENSPKIG00000017609	
ENSEEEP00000007930	ENSEEEG00000004142	RUNDC3B	ENSPKIP00000012230	ENSPKIG00000000093	rundc3b
ENSEEEP00000045694	ENSEEEG00000021547	bida	ENSPKIP00000040899	ENSPKIG00000017685	
ENSEEEP00000052516	ENSEEEG00000024599	CNIH4	ENSPKIP00000012076	ENSPKIG00000025684	cnih4
ENSEEEP00000043601	ENSEEEG00000020610	gatc	ENSPKIP00000009959	ENSPKIG00000024856	GATC
ENSEEEP00000035835	ENSEEEG00000017056	ITPKA	ENSPKIP00000006693	ENSPKIG00000022868	itpka
ENSEEEP00000034181	ENSEEEG00000016267	ZFAT	ENSPKIP00000004135	ENSPKIG00000021355	zfat
ENSEEEP00000030881	ENSEEEG00000014778	TMEM9	ENSPKIP00000033329	ENSPKIG00000013090	tmem9b
ENSEEEP00000025802	ENSEEEG00000012502	tpi1b	ENSPKIP00000026313	ENSPKIG00000008843	tpi1b
ENSEEEP00000062505	ENSEEEG00000028976	BCL2L13	ENSPKIP00000040867	ENSPKIG00000017671	bcl2l13
ENSEEEP00000045463	ENSEEEG00000021457	tmc5	ENSPKIP00000028587	ENSPKIG00000010157	tmc5
ENSEEEP00000033838	ENSEEEG00000016110	CPA6	ENSPKIP00000024018	ENSPKIG00000007430	cpa6
ENSEEEP00000046553	ENSEEEG00000021905	TMEM161B	ENSPKIP00000021536	ENSPKIG00000005884	tmem161b
ENSEEEP00000007940	ENSEEEG00000004143	SLC25A40	ENSPKIP00000012267	ENSPKIG00000000115	slc25a40
ENSEEEP00000042750	ENSEEEG00000019946	PARN	ENSPKIP00000006629	ENSPKIG00000022807	parn
ENSEEEP00000008649	ENSEEEG00000004484	BCKDK	ENSPKIP00000033342	ENSPKIG00000013099	bckdk
ENSEEEP00000045705	ENSEEEG00000021551	ASZ1	ENSPKIP00000011098	ENSPKIG00000025541	asz1
ENSEEEP00000010428	ENSEEEG00000004639	cyp11c1	ENSPKIP00000030115	ENSPKIG00000011095	cyp11c1
ENSEEEP00000022337	ENSEEEG00000010840	CGRRF1	ENSPKIP00000005205	ENSPKIG00000021984	cgrrf1
ENSEEEP00000012861	ENSEEEG00000006455		ENSPKIP00000030577	ENSPKIG00000011341	
ENSEEEP00000035082	ENSEEEG00000016683	cyp51	ENSPKIP00000040826	ENSPKIG00000017630	cyp51
ENSEEEP00000025806	ENSEEEG00000012507	LENG8	ENSPKIP00000031710	ENSPKIG00000012086	leng8
ENSEEEP00000030759	ENSEEEG00000014715	HAPLN2	ENSPKIP00000029026	ENSPKIG00000010436	hapln2
ENSEEEP00000055925	ENSEEEG00000024670		ENSPKIP00000027485	ENSPKIG00000009533	
ENSEEEP00000051574	ENSEEEG00000024218	CSRP3	ENSPKIP00000007383	ENSPKIG00000023291	csrp3
ENSEEEP00000043589	ENSEEEG00000020600	pxmp2	ENSPKIP00000009923	ENSPKIG00000024833	pxmp2
ENSEEEP00000031653	ENSEEEG00000015093	STMN2	ENSPKIP00000011477	ENSPKIG00000018549	STMN2
ENSEEEP00000052514	ENSEEEG00000024597	RSPO3	ENSPKIP00000001967	ENSPKIG00000020046	rspo3
ENSEEEP00000026058	ENSEEEG00000012620	si:dkeyp-97b10.3	ENSPKIP00000027449	ENSPKIG00000009505	si:dkeyp-97b10.3
ENSEEEP00000018396	ENSEEEG00000009034	MCPH1	ENSPKIP00000037208	ENSPKIG00000015473	mcph1
ENSEEEP00000007945	ENSEEEG00000004145	dbf4	ENSPKIP00000012281	ENSPKIG00000000131	dbf4
ENSEEEP00000043581	ENSEEEG00000020592	USP30	ENSPKIP00000010374	ENSPKIG00000025113	usp30
ENSEEEP00000032069	ENSEEEG00000015295	MELTF	ENSPKIP00000032002	ENSPKIG00000012270	meltf
ENSEEEP00000010326	ENSEEEG00000005233	COIL	ENSPKIP00000025834	ENSPKIG00000008553	
ENSEEEP00000041769	ENSEEEG00000019753	STK16	ENSPKIP00000015256	ENSPKIG00000002035	stk16
ENSEEEP00000002717	ENSEEEG00000001387	NPRL3	ENSPKIP00000003449	ENSPKIG00000020940	nprl3
ENSEEEP00000051943	ENSEEEG00000024372	fam122b	ENSPKIP00000009708	ENSPKIG00000024715	pabir2
ENSEEEP00000052513	ENSEEEG00000024596	CENPW	ENSPKIP00000001944	ENSPKIG00000020036	
ENSEEEP00000025809	ENSEEEG00000012510	si:dkey-26c10.5	ENSPKIP00000010256	ENSPKIG00000025039	si:dkey-26c10.5
ENSEEEP00000007350	ENSEEEG00000003842	ACOX1	ENSPKIP00000023995	ENSPKIG00000007125	acox1
ENSEEEP00000056307	ENSEEEG00000026595	AGPAT5	ENSPKIP00000037313	ENSPKIG00000015542	agpat5
ENSEEEP00000042270	ENSEEEG00000019965	TRMT61B	ENSPKIP00000006847	ENSPKIG00000022965	trmt61b
ENSEEEP00000041768	ENSEEEG00000019752	mnx2b	ENSPKIP00000015311	ENSPKIG00000002066	mnx2a
ENSEEEP00000052512	ENSEEEG00000024594	TRMT11	ENSPKIP00000033007	ENSPKIG00000012868	trmt11
ENSEEEP00000051945	ENSEEEG00000024375	MOSPD1	ENSPKIP00000003991	ENSPKIG00000021269	mospd1
ENSEEEP00000057871	ENSEEEG00000012624	schip1	ENSPKIP00000027323	ENSPKIG00000009436	schip1
ENSEEEP00000042265	ENSEEEG00000019962	SPDYA	ENSPKIP00000037871	ENSPKIG00000015895	spdya
ENSEEEP00000045927	ENSEEEG00000021624	aipl2	ENSPKIP00000013988	ENSPKIG00000001206	aipl2
ENSEEEP00000055643	ENSEEEG00000022642	USO1	ENSPKIP00000034446	ENSPKIG00000013731	uso1
ENSEEEP00000029257	ENSEEEG00000014023	SYTL1	ENSPKIP00000005434	ENSPKIG00000022115	sytl1
ENSEEEP00000011498	ENSEEEG00000005803	SLC6A7	ENSPKIP00000036769	ENSPKIG00000015197	slc6a7
ENSEEEP00000034745	ENSEEEG00000016513	WDR59	ENSPKIP00000022094	ENSPKIG00000006208	wdr59
ENSEEEP00000018383	ENSEEEG00000009026	Gsta3	ENSPKIP00000037343	ENSPKIG00000015561	
ENSEEEP00000055134	ENSEEEG00000025403	ORAI2	ENSPKIP00000033389	ENSPKIG00000013121	orai2
ENSEEEP00000052508	ENSEEEG00000024592	HINT3	ENSPKIP00000033067	ENSPKIG00000012913	hint3
ENSEEEP00000026089	ENSEEEG00000012522	trpv6	ENSPKIP00000010227	ENSPKIG00000025030	trpv6
ENSEEEP00000008727	ENSEEEG00000004526	PEX12	ENSPKIP00000033428	ENSPKIG00000013143	pex12
ENSEEEP00000044441	ENSEEEG00000027369	kcnk3b	ENSPKIP00000003557	ENSPKIG00000021013	kcnk3a
ENSEEEP00000032056	ENSEEEG00000015284	LRRC40	ENSPKIP00000004421	ENSPKIG00000021522	lrrc40
ENSEEEP00000046493	ENSEEEG00000021903	CCNH	ENSPKIP00000015012	ENSPKIG00000001858	ccnh
ENSEEEP00000018380	ENSEEEG00000009024	POLH	ENSPKIP00000003908	ENSPKIG00000021220	polh
ENSEEEP00000034753	ENSEEEG00000016518	NOB1	ENSPKIP00000002395	ENSPKIG00000020293	nob1
ENSEEEP00000034145	ENSEEEG00000016258	RBFA	ENSPKIP00000004082	ENSPKIG00000021329	rbfa
ENSEEEP00000038490	ENSEEEG00000018275	hnrnpabb	ENSPKIP00000000125	ENSPKIG00000018904	HNRNPAB
ENSEEEP00000064625	ENSEEEG00000000959	EXOC4	ENSPKIP00000021200	ENSPKIG00000005678	exoc4
ENSEEEP00000045450	ENSEEEG00000021407	PIGQ	ENSPKIP00000001423	ENSPKIG00000019710	pigq
ENSEEEP00000047843	ENSEEEG00000022517	marc1	ENSPKIP00000038587	ENSPKIG00000016301	MTARC2
ENSEEEP00000045720	ENSEEEG00000021553	CTTNBP2	ENSPKIP00000011090	ENSPKIG00000025537	cttnbp2
ENSEEEP00000014000	ENSEEEG00000006963	CNIH1	ENSPKIP00000033894	ENSPKIG00000013438	cnih1
ENSEEEP00000005062	ENSEEEG00000002635	frg1	ENSPKIP00000008871	ENSPKIG00000024189	frg1
ENSEEEP00000050752	ENSEEEG00000023840	MKLN1	ENSPKIP00000021421	ENSPKIG00000005833	mkln1
ENSEEEP00000029262	ENSEEEG00000014024	zgc:110239	ENSPKIP00000005497	ENSPKIG00000022146	zgc:110239
ENSEEEP00000049790	ENSEEEG00000023397	GCK	ENSPKIP00000000446	ENSPKIG00000019104	gck
ENSEEEP00000041648	ENSEEEG00000019658	atic	ENSPKIP00000015478	ENSPKIG00000002172	atic
ENSEEEP00000034756	ENSEEEG00000016523	cog8	ENSPKIP00000002421	ENSPKIG00000020319	cog8
ENSEEEP00000026674	ENSEEEG00000012888		ENSPKIP00000005732	ENSPKIG00000022282	
ENSEEEP00000055522	ENSEEEG00000025125	CLDN12	ENSPKIP00000012566	ENSPKIG00000000315	cldn12
ENSEEEP00000042257	ENSEEEG00000019959	STAC	ENSPKIP00000012799	ENSPKIG00000000478	stac
ENSEEEP00000005231	ENSEEEG00000002736	ccsapb	ENSPKIP00000021213	ENSPKIG00000005706	ccsapb
ENSEEEP00000059594	ENSEEEG00000028166	NIP7	ENSPKIP00000002458	ENSPKIG00000020345	nip7
ENSEEEP00000005229	ENSEEEG00000002685	RAB4A	ENSPKIP00000021150	ENSPKIG00000005672	rab4a
ENSEEEP00000034771	ENSEEEG00000016528	ZDHHC7	ENSPKIP00000002514	ENSPKIG00000020376	zdhhc7
ENSEEEP00000060640	ENSEEEG00000028152	GMFB	ENSPKIP00000015435	ENSPKIG00000002165	gmfb
ENSEEEP00000038477	ENSEEEG00000018271	MAT2B	ENSPKIP00000042019	ENSPKIG00000018369	mat2b
ENSEEEP00000029999	ENSEEEG00000014315	NOL6	ENSPKIP00000030639	ENSPKIG00000011418	nol6
ENSEEEP00000057282	ENSEEEG00000028547	SP7	ENSPKIP00000040744	ENSPKIG00000017587	
ENSEEEP00000030702	ENSEEEG00000014696	ISG20L2	ENSPKIP00000029202	ENSPKIG00000010547	ISG20L2
ENSEEEP00000034773	ENSEEEG00000016537	RGS9BP	ENSPKIP00000008289	ENSPKIG00000023851	si:ch73-167i17.6
ENSEEEP00000007997	ENSEEEG00000004162	WASHC5	ENSPKIP00000036943	ENSPKIG00000015294	washc5
ENSEEEP00000013996	ENSEEEG00000006961	lgals3a	ENSPKIP00000015395	ENSPKIG00000002138	lgals3a
ENSEEEP00000036604	ENSEEEG00000017381	MANBA	ENSPKIP00000038965	ENSPKIG00000016493	manba
ENSEEEP00000002283	ENSEEEG00000001370	tlx3b	ENSPKIP00000008431	ENSPKIG00000023925	tlx3b
ENSEEEP00000030694	ENSEEEG00000014692	rrnad1	ENSPKIP00000029251	ENSPKIG00000010567	mettl25b
ENSEEEP00000056800	ENSEEEG00000027391	MMGT1	ENSPKIP00000004071	ENSPKIG00000021318	
ENSEEEP00000034964	ENSEEEG00000016546	PDPR	ENSPKIP00000002140	ENSPKIG00000020136	pdpr
ENSEEEP00000038474	ENSEEEG00000018270	zgc:165573	ENSPKIP00000021333	ENSPKIG00000005788	
ENSEEEP00000005143	ENSEEEG00000002681	rhoua	ENSPKIP00000021092	ENSPKIG00000005635	rhoua
ENSEEEP00000035084	ENSEEEG00000016686	NUP42	ENSPKIP00000005905	ENSPKIG00000022387	nup42
ENSEEEP00000013795	ENSEEEG00000006865		ENSPKIP00000005049	ENSPKIG00000021887	
ENSEEEP00000002287	ENSEEEG00000001373	npm1a	ENSPKIP00000008462	ENSPKIG00000023943	npm1a
ENSEEEP00000042252	ENSEEEG00000019958	MTFR1L	ENSPKIP00000012954	ENSPKIG00000000553	mtfr1l
ENSEEEP00000051590	ENSEEEG00000024223	IMMP1L	ENSPKIP00000007686	ENSPKIG00000023482	immp1l
ENSEEEP00000062775	ENSEEEG00000025669	rpl15	ENSPKIP00000028046	ENSPKIG00000009854	rpl15
ENSEEEP00000005136	ENSEEEG00000002677	PDCD2	ENSPKIP00000025040	ENSPKIG00000008058	pdcd2
ENSEEEP00000002294	ENSEEEG00000001376	kcnip1b	ENSPKIP00000008518	ENSPKIG00000023974	kcnip1b
ENSEEEP00000056283	ENSEEEG00000011831	SPATA20	ENSPKIP00000004218	ENSPKIG00000021415	spata20
ENSEEEP00000046074	ENSEEEG00000021664	TAF7	ENSPKIP00000014046	ENSPKIG00000001246	taf7
ENSEEEP00000013994	ENSEEEG00000006960	SYNJ2BP	ENSPKIP00000015365	ENSPKIG00000002119	synj2bp
ENSEEEP00000005112	ENSEEEG00000002646	TBP	ENSPKIP00000025072	ENSPKIG00000008077	tbp
ENSEEEP00000012835	ENSEEEG00000006428	golga7ba	ENSPKIP00000037720	ENSPKIG00000015794	golga7ba
ENSEEEP00000048467	ENSEEEG00000022812	NKIRAS1	ENSPKIP00000028026	ENSPKIG00000009837	nkiras1
ENSEEEP00000050757	ENSEEEG00000023847	PODXL	ENSPKIP00000021355	ENSPKIG00000005801	
ENSEEEP00000005069	ENSEEEG00000002641	IMPA1	ENSPKIP00000019674	ENSPKIG00000004744	zgc:153169
ENSEEEP00000003573	ENSEEEG00000001896	casp3a	ENSPKIP00000007657	ENSPKIG00000023466	casp3a
ENSEEEP00000031549	ENSEEEG00000015092	HEY1	ENSPKIP00000011447	ENSPKIG00000018533	hey1
ENSEEEP00000029274	ENSEEEG00000014026	PSMB4	ENSPKIP00000009921	ENSPKIG00000024828	psmb4
ENSEEEP00000059478	ENSEEEG00000024228	ELP4	ENSPKIP00000007612	ENSPKIG00000023421	elp4
ENSEEEP00000014892	ENSEEEG00000007414	UBE2E1	ENSPKIP00000029162	ENSPKIG00000010516	
ENSEEEP00000013991	ENSEEEG00000006957	srsf5a	ENSPKIP00000015296	ENSPKIG00000002054	srsf5a
ENSEEEP00000035184	ENSEEEG00000016694	TERT	ENSPKIP00000005810	ENSPKIG00000022342	tert
ENSEEEP00000042249	ENSEEEG00000019955	selenon	ENSPKIP00000013004	ENSPKIG00000000584	selenon
ENSEEEP00000047816	ENSEEEG00000022508	SUSD4	ENSPKIP00000015986	ENSPKIG00000002487	susd4
ENSEEEP00000007386	ENSEEEG00000003873	ten1	ENSPKIP00000023299	ENSPKIG00000006975	ten1
ENSEEEP00000029284	ENSEEEG00000014032	pogza	ENSPKIP00000009898	ENSPKIG00000024815	
ENSEEEP00000005041	ENSEEEG00000002621	rab1aa	ENSPKIP00000019635	ENSPKIG00000004714	rab1ab
ENSEEEP00000031548	ENSEEEG00000015091	zbtb10	ENSPKIP00000023073	ENSPKIG00000006844	zbtb10
ENSEEEP00000042247	ENSEEEG00000019954	ZNF593	ENSPKIP00000013070	ENSPKIG00000000619	znf593
ENSEEEP00000047814	ENSEEEG00000022506		ENSPKIP00000038438	ENSPKIG00000016217	
ENSEEEP00000047811	ENSEEEG00000022502	si:ch211-202f3.3	ENSPKIP00000038371	ENSPKIG00000016175	
ENSEEEP00000031544	ENSEEEG00000015090	tpd52	ENSPKIP00000023115	ENSPKIG00000006872	tpd52
ENSEEEP00000005189	ENSEEEG00000002706	PTTG1	ENSPKIP00000022423	ENSPKIG00000006435	
ENSEEEP00000002311	ENSEEEG00000001385	MPG	ENSPKIP00000003391	ENSPKIG00000020918	mpg
ENSEEEP00000048653	ENSEEEG00000022890	VWA7	ENSPKIP00000031205	ENSPKIG00000011785	vwa7
ENSEEEP00000036615	ENSEEEG00000017386	si:ch211-195e19.1	ENSPKIP00000013258	ENSPKIG00000000758	nat8
ENSEEEP00000031533	ENSEEEG00000015087	ZNF704	ENSPKIP00000011412	ENSPKIG00000018510	znf704
ENSEEEP00000046105	ENSEEEG00000021726	TNMD	ENSPKIP00000004085	ENSPKIG00000021331	tnmd
ENSEEEP00000045750	ENSEEEG00000021569	pgpep1l	ENSPKIP00000034875	ENSPKIG00000014042	pgpep1l
ENSEEEP00000035886	ENSEEEG00000017067	RPAP1	ENSPKIP00000006451	ENSPKIG00000022720	rpap1
ENSEEEP00000028346	ENSEEEG00000013624	SF3A3	ENSPKIP00000019652	ENSPKIG00000004719	sf3a3
ENSEEEP00000012843	ENSEEEG00000006450	R3HCC1L	ENSPKIP00000037688	ENSPKIG00000015770	r3hcc1l
ENSEEEP00000062128	ENSEEEG00000026026	itpkcb	ENSPKIP00000030971	ENSPKIG00000011642	itpkca
ENSEEEP00000005197	ENSEEEG00000002710	foxi3b	ENSPKIP00000022333	ENSPKIG00000006380	foxi3b
ENSEEEP00000048608	ENSEEEG00000022872	C19orf54	ENSPKIP00000030913	ENSPKIG00000011611	actmap
ENSEEEP00000029330	ENSEEEG00000014044	zgc:153441	ENSPKIP00000031578	ENSPKIG00000011928	crdhl
ENSEEEP00000005199	ENSEEEG00000002712	syce3	ENSPKIP00000022362	ENSPKIG00000006394	
ENSEEEP00000013981	ENSEEEG00000006949	DCAF5	ENSPKIP00000014837	ENSPKIG00000001762	dcaf5
ENSEEEP00000047797	ENSEEEG00000022497	Ipcef1	ENSPKIP00000003960	ENSPKIG00000021250	
ENSEEEP00000048605	ENSEEEG00000022870	SNRPA	ENSPKIP00000030890	ENSPKIG00000011587	snrpa
ENSEEEP00000051960	ENSEEEG00000024384	fhl1a	ENSPKIP00000004151	ENSPKIG00000021378	fhl1a
ENSEEEP00000049772	ENSEEEG00000023396	MYL7	ENSPKIP00000014304	ENSPKIG00000001411	myl7
ENSEEEP00000057705	ENSEEEG00000025564	PAG1	ENSPKIP00000023156	ENSPKIG00000006896	pag1
ENSEEEP00000051962	ENSEEEG00000024386	map7d3	ENSPKIP00000004195	ENSPKIG00000021403	map7d3
ENSEEEP00000031528	ENSEEEG00000015084	mrpl53	ENSPKIP00000023298	ENSPKIG00000006982	mrpl53
ENSEEEP00000052983	ENSEEEG00000027622		ENSPKIP00000030431	ENSPKIG00000011290	
ENSEEEP00000048599	ENSEEEG00000022869		ENSPKIP00000030855	ENSPKIG00000011566	
ENSEEEP00000053138	ENSEEEG00000014815	LRRTM2	ENSPKIP00000038055	ENSPKIG00000016003	lrrtm2
ENSEEEP00000031527	ENSEEEG00000015083	fabp11a	ENSPKIP00000023323	ENSPKIG00000007006	
ENSEEEP00000043311	ENSEEEG00000020459	zgc:64051	ENSPKIP00000020179	ENSPKIG00000005021	zgc:64051
ENSEEEP00000048593	ENSEEEG00000022862	TBRG1	ENSPKIP00000032039	ENSPKIG00000012274	tbrg1
ENSEEEP00000020153	ENSEEEG00000009840	POLR1A	ENSPKIP00000020917	ENSPKIG00000005468	polr1a
ENSEEEP00000018371	ENSEEEG00000009022	OTOR	ENSPKIP00000020502	ENSPKIG00000005251	OTOR
ENSEEEP00000004591	ENSEEEG00000002395	RNF220	ENSPKIP00000029771	ENSPKIG00000010882	rnf220a
ENSEEEP00000021988	ENSEEEG00000010678	lrguk	ENSPKIP00000020972	ENSPKIG00000005557	lrguk
ENSEEEP00000062940	ENSEEEG00000026165	S100A1	ENSPKIP00000004042	ENSPKIG00000021296	
ENSEEEP00000049766	ENSEEEG00000023391		ENSPKIP00000039892	ENSPKIG00000017080	car15
ENSEEEP00000005026	ENSEEEG00000002615	CEP68	ENSPKIP00000019553	ENSPKIG00000004675	cep68
ENSEEEP00000028355	ENSEEEG00000013629	LIN28A	ENSPKIP00000019312	ENSPKIG00000004532	lin28aa
ENSEEEP00000007734	ENSEEEG00000003888	SRP68	ENSPKIP00000023168	ENSPKIG00000006884	srp68
ENSEEEP00000046576	ENSEEEG00000021935	arhgap11a	ENSPKIP00000015996	ENSPKIG00000002508	arhgap11a
ENSEEEP00000042202	ENSEEEG00000019938		ENSPKIP00000035453	ENSPKIG00000014406	REXO5
ENSEEEP00000030673	ENSEEEG00000014677	tlr18	ENSPKIP00000029313	ENSPKIG00000010606	tlr18
ENSEEEP00000032398	ENSEEEG00000015448	lgals8a	ENSPKIP00000007713	ENSPKIG00000023498	lgals8b
ENSEEEP00000048573	ENSEEEG00000022860	CFAP45	ENSPKIP00000031917	ENSPKIG00000012181	cfap45
ENSEEEP00000018362	ENSEEEG00000009002	PCSK2	ENSPKIP00000020257	ENSPKIG00000005087	pcsk2
ENSEEEP00000042201	ENSEEEG00000019937	eri2	ENSPKIP00000035499	ENSPKIG00000014436	
ENSEEEP00000031451	ENSEEEG00000015046	zbtb8b	ENSPKIP00000009185	ENSPKIG00000024392	zbtb8b
ENSEEEP00000052805	ENSEEEG00000025592	PDIK1L	ENSPKIP00000019276	ENSPKIG00000004508	pdik1l
ENSEEEP00000042199	ENSEEEG00000019936	THUMPD1	ENSPKIP00000035589	ENSPKIG00000014491	thumpd1
ENSEEEP00000004988	ENSEEEG00000002596	sertad2b	ENSPKIP00000019445	ENSPKIG00000004619	
ENSEEEP00000032390	ENSEEEG00000015444	TMEM242	ENSPKIP00000007639	ENSPKIG00000023456	tmem242
ENSEEEP00000051963	ENSEEEG00000024387		ENSPKIP00000009916	ENSPKIG00000024827	
ENSEEEP00000004320	ENSEEEG00000002277	UTS2R	ENSPKIP00000004994	ENSPKIG00000021857	uts2r1
ENSEEEP00000048090	ENSEEEG00000022648	INTS12	ENSPKIP00000031646	ENSPKIG00000012046	ints12
ENSEEEP00000031450	ENSEEEG00000015044	HEYL	ENSPKIP00000009170	ENSPKIG00000024379	heyl
ENSEEEP00000056297	ENSEEEG00000027764	RASL10B	ENSPKIP00000033798	ENSPKIG00000013373	RASL10B
ENSEEEP00000004983	ENSEEEG00000002594	lgalslb	ENSPKIP00000019367	ENSPKIG00000004562	LGALSL
ENSEEEP00000013322	ENSEEEG00000006674	MCHR2	ENSPKIP00000038070	ENSPKIG00000016013	mchr2b
ENSEEEP00000021997	ENSEEEG00000010683		ENSPKIP00000020860	ENSPKIG00000005475	
ENSEEEP00000038081	ENSEEEG00000018087	ZNF622	ENSPKIP00000024946	ENSPKIG00000008000	znf622
ENSEEEP00000051964	ENSEEEG00000024388	adgrg4b	ENSPKIP00000009932	ENSPKIG00000024834	adgrg4b
ENSEEEP00000062937	ENSEEEG00000022649	arhgef38	ENSPKIP00000031585	ENSPKIG00000012009	arhgef38
ENSEEEP00000031523	ENSEEEG00000015080	uts2r5	ENSPKIP00000005010	ENSPKIG00000021869	uts2rl
ENSEEEP00000046569	ENSEEEG00000021932	GREM1	ENSPKIP00000015912	ENSPKIG00000002443	GREM1
ENSEEEP00000045340	ENSEEEG00000021399	socs1a	ENSPKIP00000032653	ENSPKIG00000012662	socs1a
ENSEEEP00000035002	ENSEEEG00000016642	CLEC18A	ENSPKIP00000002026	ENSPKIG00000020083	CLEC18C
ENSEEEP00000064365	ENSEEEG00000028735		ENSPKIP00000033991	ENSPKIG00000013489	
ENSEEEP00000063361	ENSEEEG00000020453	TM2D2	ENSPKIP00000012487	ENSPKIG00000000265	tm2d2
ENSEEEP00000031520	ENSEEEG00000015078	uts2r2	ENSPKIP00000005029	ENSPKIG00000021877	ogfod3
ENSEEEP00000004974	ENSEEEG00000002588	ECHS1	ENSPKIP00000017074	ENSPKIG00000003138	echs1
ENSEEEP00000008787	ENSEEEG00000004546	im:7138535	ENSPKIP00000040349	ENSPKIG00000017343	im:7138535
ENSEEEP00000058027	ENSEEEG00000026324	CD40LG	ENSPKIP00000040691	ENSPKIG00000017555	CD40LG
ENSEEEP00000054374	ENSEEEG00000001260	DDX42	ENSPKIP00000016715	ENSPKIG00000002901	ddx42
ENSEEEP00000013370	ENSEEEG00000013729	TSPAN17	ENSPKIP00000038118	ENSPKIG00000016032	tspan17
ENSEEEP00000031444	ENSEEEG00000015041	zgc:91944	ENSPKIP00000009225	ENSPKIG00000024418	zgc:91944
ENSEEEP00000029699	ENSEEEG00000014207	VPS45	ENSPKIP00000031716	ENSPKIG00000012065	vps45
ENSEEEP00000064021	ENSEEEG00000018406	DCAF17	ENSPKIP00000021862	ENSPKIG00000006090	dcaf17
ENSEEEP00000014209	ENSEEEG00000007059	LURAP1L	ENSPKIP00000021715	ENSPKIG00000006002	LURAP1L
ENSEEEP00000047791	ENSEEEG00000022415	QPCT	ENSPKIP00000004028	ENSPKIG00000021290	qpct
ENSEEEP00000059112	ENSEEEG00000019928	GTF3C1	ENSPKIP00000035749	ENSPKIG00000014570	GTF3C1
ENSEEEP00000022004	ENSEEEG00000010686		ENSPKIP00000020800	ENSPKIG00000005453	
ENSEEEP00000058984	ENSEEEG00000027988	foxo6b	ENSPKIP00000030936	ENSPKIG00000011612	
ENSEEEP00000007297	ENSEEEG00000003821	SRP72	ENSPKIP00000028662	ENSPKIG00000010207	srp72
ENSEEEP00000052961	ENSEEEG00000026482	RNF7	ENSPKIP00000031622	ENSPKIG00000012033	rnf7
ENSEEEP00000048093	ENSEEEG00000022651	PPA2	ENSPKIP00000031511	ENSPKIG00000011957	ppa2
ENSEEEP00000026235	ENSEEEG00000012686	cox6b2	ENSPKIP00000014227	ENSPKIG00000001372	cox6b2
ENSEEEP00000022006	ENSEEEG00000010689	ucn3l	ENSPKIP00000020784	ENSPKIG00000005440	ucn3l
ENSEEEP00000010441	ENSEEEG00000005278	si:ch211-196h16.12	ENSPKIP00000017442	ENSPKIG00000003352	si:ch211-196h16.12
ENSEEEP00000031435	ENSEEEG00000015038	cx34.4	ENSPKIP00000009246	ENSPKIG00000024435	
ENSEEEP00000056222	ENSEEEG00000028944	zgc:136864	ENSPKIP00000017467	ENSPKIG00000003368	zgc:136864
ENSEEEP00000008177	ENSEEEG00000004258	il22ra2	ENSPKIP00000010970	ENSPKIG00000025473	
ENSEEEP00000026250	ENSEEEG00000012687	RASIP1	ENSPKIP00000014299	ENSPKIG00000001398	rasip1
ENSEEEP00000045295	ENSEEEG00000021366	CLEC16A	ENSPKIP00000011513	ENSPKIG00000018560	clec16a
ENSEEEP00000056092	ENSEEEG00000024704	CYBRD1	ENSPKIP00000021826	ENSPKIG00000006073	cybrd1
ENSEEEP00000035006	ENSEEEG00000016648		ENSPKIP00000001982	ENSPKIG00000020053	
ENSEEEP00000038801	ENSEEEG00000018407	METTL8	ENSPKIP00000021934	ENSPKIG00000006147	mettl8
ENSEEEP00000035008	ENSEEEG00000016649	uraha	ENSPKIP00000001951	ENSPKIG00000020038	urahb
ENSEEEP00000035236	ENSEEEG00000016485	GLYR1	ENSPKIP00000007005	ENSPKIG00000023060	glyr1
ENSEEEP00000004961	ENSEEEG00000002584	fuom	ENSPKIP00000040261	ENSPKIG00000017295	fuom
ENSEEEP00000031429	ENSEEEG00000015019	HPCA	ENSPKIP00000009284	ENSPKIG00000024453	hpca
ENSEEEP00000010430	ENSEEEG00000005024	VPS54	ENSPKIP00000020472	ENSPKIG00000005241	vps54
ENSEEEP00000006631	ENSEEEG00000003514	CXXC4	ENSPKIP00000031338	ENSPKIG00000011861	cxxc4
ENSEEEP00000004957	ENSEEEG00000002582	msx3	ENSPKIP00000012717	ENSPKIG00000000429	
ENSEEEP00000058110	ENSEEEG00000014312	ARSK	ENSPKIP00000030739	ENSPKIG00000011476	arsk
ENSEEEP00000035016	ENSEEEG00000016650	PDCD5	ENSPKIP00000001909	ENSPKIG00000020016	pdcd5
ENSEEEP00000025634	ENSEEEG00000012438	LXN	ENSPKIP00000019847	ENSPKIG00000004854	lxn
ENSEEEP00000013377	ENSEEEG00000006705		ENSPKIP00000038157	ENSPKIG00000016057	SYNPO
ENSEEEP00000028020	ENSEEEG00000013484	CDKN2B	ENSPKIP00000040023	ENSPKIG00000017156	
ENSEEEP00000031504	ENSEEEG00000015069	cdk5r1b	ENSPKIP00000013673	ENSPKIG00000001019	cdk5r1b
ENSEEEP00000004954	ENSEEEG00000002580	ZNF511	ENSPKIP00000040291	ENSPKIG00000017314	znf511
ENSEEEP00000022055	ENSEEEG00000010716	BDKRB2	ENSPKIP00000006233	ENSPKIG00000022593	si:dkey-63b1.1
ENSEEEP00000013403	ENSEEEG00000006707	DCTN4	ENSPKIP00000038247	ENSPKIG00000016087	dctn4
ENSEEEP00000037051	ENSEEEG00000017597	mtap	ENSPKIP00000031119	ENSPKIG00000011717	MTAP
ENSEEEP00000022054	ENSEEEG00000010715	C14orf132	ENSPKIP00000006248	ENSPKIG00000022610	C14orf132
ENSEEEP00000035445	ENSEEEG00000016854	eef1g	ENSPKIP00000013569	ENSPKIG00000000945	eef1g
ENSEEEP00000022051	ENSEEEG00000010713	GLRX5	ENSPKIP00000006262	ENSPKIG00000022618	glrx5
ENSEEEP00000037056	ENSEEEG00000017598		ENSPKIP00000040098	ENSPKIG00000017196	TOPORS
ENSEEEP00000008092	ENSEEEG00000004213	PSMA2	ENSPKIP00000011262	ENSPKIG00000018431	PSMA2
ENSEEEP00000026256	ENSEEEG00000012692	il11a	ENSPKIP00000014362	ENSPKIG00000001446	il11a
ENSEEEP00000037057	ENSEEEG00000017600	NDUFB6	ENSPKIP00000031025	ENSPKIG00000011695	ndufb6
ENSEEEP00000000212	ENSEEEG00000000158	CTSK	ENSPKIP00000004340	ENSPKIG00000021458	CTSK
ENSEEEP00000035909	ENSEEEG00000017080	si:dkey-170l10.1	ENSPKIP00000006260	ENSPKIG00000022609	haus2
ENSEEEP00000035042	ENSEEEG00000016660	mvda	ENSPKIP00000001883	ENSPKIG00000019988	mvda
ENSEEEP00000013424	ENSEEEG00000006718	GPX3	ENSPKIP00000038464	ENSPKIG00000016229	gpx3
ENSEEEP00000035912	ENSEEEG00000017082	adprhl2	ENSPKIP00000010683	ENSPKIG00000025301	adprs
ENSEEEP00000000183	ENSEEEG00000000099	ctss2.1	ENSPKIP00000029591	ENSPKIG00000010782	CTSS
ENSEEEP00000035052	ENSEEEG00000016667	CYBA	ENSPKIP00000001808	ENSPKIG00000019944	cyba
ENSEEEP00000060448	ENSEEEG00000028385	NAT14	ENSPKIP00000014414	ENSPKIG00000001489	nat14
ENSEEEP00000058208	ENSEEEG00000027719	EYA3	ENSPKIP00000037721	ENSPKIG00000015793	eya3
ENSEEEP00000008096	ENSEEEG00000004216	MRPL32	ENSPKIP00000042000	ENSPKIG00000018407	mrpl32
ENSEEEP00000026277	ENSEEEG00000012708	AICDA	ENSPKIP00000014428	ENSPKIG00000001499	aicda
ENSEEEP00000053778	ENSEEEG00000010710	COPG2	ENSPKIP00000002278	ENSPKIG00000020164	copg2
ENSEEEP00000008213	ENSEEEG00000004278	PRIM2	ENSPKIP00000009032	ENSPKIG00000024286	prim2
ENSEEEP00000035916	ENSEEEG00000017083	CINP	ENSPKIP00000026633	ENSPKIG00000009032	cinp
ENSEEEP00000056258	ENSEEEG00000018093	D2HGDH	ENSPKIP00000036560	ENSPKIG00000015069	d2hgdh
ENSEEEP00000045423	ENSEEEG00000021444	HORMAD1	ENSPKIP00000029654	ENSPKIG00000010817	hormad1
ENSEEEP00000008098	ENSEEEG00000004217	ccdc127a	ENSPKIP00000042040	ENSPKIG00000018361	CCDC127
ENSEEEP00000027102	ENSEEEG00000013086	lmo4b	ENSPKIP00000017580	ENSPKIG00000003425	lmo4b
ENSEEEP00000008100	ENSEEEG00000004219	zmp:0000000930	ENSPKIP00000011916	ENSPKIG00000018337	zmp:0000000930
ENSEEEP00000018317	ENSEEEG00000008998	prokr1b	ENSPKIP00000020170	ENSPKIG00000005050	prokr1b
ENSEEEP00000002033	ENSEEEG00000001262	STRADA	ENSPKIP00000039588	ENSPKIG00000016871	strada
ENSEEEP00000008102	ENSEEEG00000004221	RNF144B	ENSPKIP00000041942	ENSPKIG00000018279	rnf144b
ENSEEEP00000037253	ENSEEEG00000017614	sparcl1	ENSPKIP00000029468	ENSPKIG00000010703	sparcl1
ENSEEEP00000041058	ENSEEEG00000019441	CPO	ENSPKIP00000024885	ENSPKIG00000007966	cpo
ENSEEEP00000026296	ENSEEEG00000012713	NECAP1	ENSPKIP00000014502	ENSPKIG00000001526	necap1
ENSEEEP00000035920	ENSEEEG00000017084	ZNF839	ENSPKIP00000026554	ENSPKIG00000008996	znf839
ENSEEEP00000008114	ENSEEEG00000004226	sqlea	ENSPKIP00000041833	ENSPKIG00000018220	sqleb
ENSEEEP00000060720	ENSEEEG00000008997	PLEK	ENSPKIP00000020143	ENSPKIG00000005025	plek
ENSEEEP00000047609	ENSEEEG00000022409	MOCS3	ENSPKIP00000004088	ENSPKIG00000021324	MOCS3
ENSEEEP00000004938	ENSEEEG00000002575	zgc:66426	ENSPKIP00000040486	ENSPKIG00000017438	spef1
ENSEEEP00000045418	ENSEEEG00000021441	vps72b	ENSPKIP00000013180	ENSPKIG00000000704	vps72a
ENSEEEP00000035930	ENSEEEG00000017086	VSX2	ENSPKIP00000018083	ENSPKIG00000003775	vsx2
ENSEEEP00000052943	ENSEEEG00000026025		ENSPKIP00000007251	ENSPKIG00000023219	ZFC3H1
ENSEEEP00000031354	ENSEEEG00000015010	rida	ENSPKIP00000038589	ENSPKIG00000016300	RIDA
ENSEEEP00000035947	ENSEEEG00000017095	LIN52	ENSPKIP00000018030	ENSPKIG00000003735	lin52
ENSEEEP00000035814	ENSEEEG00000016702	TCF25	ENSPKIP00000001738	ENSPKIG00000019915	tcf25
ENSEEEP00000007054	ENSEEEG00000003726	CLDN18	ENSPKIP00000010836	ENSPKIG00000025394	CLDN18
ENSEEEP00000045416	ENSEEEG00000021435	TMOD4	ENSPKIP00000013132	ENSPKIG00000000688	tmod4
ENSEEEP00000043344	ENSEEEG00000020472	RAB21	ENSPKIP00000007441	ENSPKIG00000023317	RAB21
ENSEEEP00000051062	ENSEEEG00000023974	xkr8.3	ENSPKIP00000037668	ENSPKIG00000015758	xkr8.3
ENSEEEP00000033699	ENSEEEG00000016041	ARMC6	ENSPKIP00000028764	ENSPKIG00000010274	ARMC6
ENSEEEP00000026305	ENSEEEG00000012729	MFAP5	ENSPKIP00000014534	ENSPKIG00000001574	mfap5
ENSEEEP00000007057	ENSEEEG00000003730	SOX14	ENSPKIP00000015640	ENSPKIG00000002287	sox14
ENSEEEP00000056487	ENSEEEG00000006748	TNIP1	ENSPKIP00000038394	ENSPKIG00000016171	tnip1
ENSEEEP00000045259	ENSEEEG00000021362	DEXI	ENSPKIP00000011462	ENSPKIG00000018548	dexi
ENSEEEP00000041055	ENSEEEG00000019440	arglu1b	ENSPKIP00000020916	ENSPKIG00000005524	arglu1a
ENSEEEP00000022783	ENSEEEG00000011051	si:dkey-177p2.6	ENSPKIP00000021668	ENSPKIG00000005984	
ENSEEEP00000007337	ENSEEEG00000003854	ARL9	ENSPKIP00000037550	ENSPKIG00000015693	arl9
ENSEEEP00000021065	ENSEEEG00000010274	RPL38	ENSPKIP00000004330	ENSPKIG00000021485	
ENSEEEP00000031352	ENSEEEG00000015007	rpl30	ENSPKIP00000038560	ENSPKIG00000016284	rpl30
ENSEEEP00000055562	ENSEEEG00000028641	CDCA4	ENSPKIP00000021657	ENSPKIG00000005978	cdca4
ENSEEEP00000035951	ENSEEEG00000017099	POMT2	ENSPKIP00000017935	ENSPKIG00000003634	pomt2
ENSEEEP00000007338	ENSEEEG00000003855	HOPX	ENSPKIP00000037581	ENSPKIG00000015707	hopx
ENSEEEP00000057269	ENSEEEG00000025131	slc25a42	ENSPKIP00000028666	ENSPKIG00000010200	slc25a42
ENSEEEP00000029711	ENSEEEG00000014231	ANP32E	ENSPKIP00000031867	ENSPKIG00000012177	anp32e
ENSEEEP00000002104	ENSEEEG00000001278	rnf113a	ENSPKIP00000039449	ENSPKIG00000016796	rnf113a
ENSEEEP00000026308	ENSEEEG00000012733	sbk3	ENSPKIP00000014646	ENSPKIG00000001649	sbk3
ENSEEEP00000045253	ENSEEEG00000021358	CIITA	ENSPKIP00000011405	ENSPKIG00000018513	CIITA
ENSEEEP00000035351	ENSEEEG00000016831	TTC39B	ENSPKIP00000039871	ENSPKIG00000017063	
ENSEEEP00000062156	ENSEEEG00000022850	bcl7bb	ENSPKIP00000036600	ENSPKIG00000015098	bcl7bb
ENSEEEP00000031349	ENSEEEG00000015004	LAPTM4B	ENSPKIP00000038405	ENSPKIG00000016191	LAPTM4B
ENSEEEP00000022637	ENSEEEG00000010889	serpinb1l2	ENSPKIP00000027044	ENSPKIG00000009257	SERPINB1
ENSEEEP00000048692	ENSEEEG00000022908	BCAN	ENSPKIP00000028206	ENSPKIG00000009939	
ENSEEEP00000029715	ENSEEEG00000014234	cart4	ENSPKIP00000009825	ENSPKIG00000024777	cart4
ENSEEEP00000021686	ENSEEEG00000010548	ZNF276	ENSPKIP00000019460	ENSPKIG00000004626	znf276
ENSEEEP00000026314	ENSEEEG00000012735	EPN1	ENSPKIP00000014705	ENSPKIG00000001672	epn1a
ENSEEEP00000029717	ENSEEEG00000014235	si:ch211-191i18.4	ENSPKIP00000009814	ENSPKIG00000024773	si:ch211-191i18.4
ENSEEEP00000048577	ENSEEEG00000022859	ngfrb	ENSPKIP00000042048	ENSPKIG00000018825	ngfrb
ENSEEEP00000048559	ENSEEEG00000022849	TSEN34	ENSPKIP00000035897	ENSPKIG00000014674	tsen34
ENSEEEP00000045401	ENSEEEG00000021430	SCNM1	ENSPKIP00000029757	ENSPKIG00000010881	scnm1
ENSEEEP00000018304	ENSEEEG00000008989	wdr92	ENSPKIP00000019951	ENSPKIG00000004908	dnaaf10
ENSEEEP00000035955	ENSEEEG00000017103		ENSPKIP00000038745	ENSPKIG00000016404	
ENSEEEP00000053469	ENSEEEG00000026433	aftpha	ENSPKIP00000020301	ENSPKIG00000005133	aftpha
ENSEEEP00000053918	ENSEEEG00000026277	jtb	ENSPKIP00000009797	ENSPKIG00000024760	jtb
ENSEEEP00000025426	ENSEEEG00000012337	lamp1a	ENSPKIP00000027564	ENSPKIG00000009576	lamp1b
ENSEEEP00000063084	ENSEEEG00000028122	FANCA	ENSPKIP00000019526	ENSPKIG00000004656	
ENSEEEP00000045398	ENSEEEG00000021428	LYSMD1	ENSPKIP00000029785	ENSPKIG00000010901	lysmd1
ENSEEEP00000035956	ENSEEEG00000017104	DTD2	ENSPKIP00000036030	ENSPKIG00000014747	dtd2
ENSEEEP00000031991	ENSEEEG00000015267	shroom2a	ENSPKIP00000005278	ENSPKIG00000022015	SHROOM2
ENSEEEP00000045396	ENSEEEG00000021426	tnfaip8l2b	ENSPKIP00000029813	ENSPKIG00000010911	tnfaip8l2b
ENSEEEP00000026317	ENSEEEG00000012741	FOXJ2	ENSPKIP00000014747	ENSPKIG00000001706	foxj2
ENSEEEP00000008258	ENSEEEG00000004319	SORBS1	ENSPKIP00000020781	ENSPKIG00000005306	sorbs1
ENSEEEP00000002109	ENSEEEG00000001295	SNRNP70	ENSPKIP00000019293	ENSPKIG00000004513	
ENSEEEP00000025161	ENSEEEG00000012194	GPR149	ENSPKIP00000028147	ENSPKIG00000009911	GPR149
ENSEEEP00000035960	ENSEEEG00000017106	NUBPL	ENSPKIP00000031516	ENSPKIG00000011974	nubpl
ENSEEEP00000006583	ENSEEEG00000003465	DDC	ENSPKIP00000032379	ENSPKIG00000012496	ddc
ENSEEEP00000056583	ENSEEEG00000027470		ENSPKIP00000002459	ENSPKIG00000020348	
ENSEEEP00000026322	ENSEEEG00000012743	ISOC2	ENSPKIP00000014771	ENSPKIG00000001726	isoc2
ENSEEEP00000022041	ENSEEEG00000010704	LONRF1	ENSPKIP00000021960	ENSPKIG00000006150	lonrf4
ENSEEEP00000005256	ENSEEEG00000002746	CMKLR1	ENSPKIP00000007570	ENSPKIG00000023419	
ENSEEEP00000045226	ENSEEEG00000021349	NUBP1	ENSPKIP00000011334	ENSPKIG00000018466	NUBP1
ENSEEEP00000027034	ENSEEEG00000012450	gfm1	ENSPKIP00000019929	ENSPKIG00000004876	GFM1
ENSEEEP00000033888	ENSEEEG00000015865	SCAPER	ENSPKIP00000015031	ENSPKIG00000001843	scaper
ENSEEEP00000002126	ENSEEEG00000001296	LIN7B	ENSPKIP00000019366	ENSPKIG00000004564	lin7b
ENSEEEP00000041307	ENSEEEG00000019550	FAM199X	ENSPKIP00000035706	ENSPKIG00000014533	fam199x
ENSEEEP00000048703	ENSEEEG00000022912	zgc:85843	ENSPKIP00000028104	ENSPKIG00000009889	tm6sf2a
ENSEEEP00000060507	ENSEEEG00000027162	CMKLR1	ENSPKIP00000040268	ENSPKIG00000017305	CMKLR1
ENSEEEP00000041306	ENSEEEG00000019549	COMMD5	ENSPKIP00000014224	ENSPKIG00000001371	commd5
ENSEEEP00000061960	ENSEEEG00000010849	GMDS	ENSPKIP00000026727	ENSPKIG00000009075	gmds
ENSEEEP00000018311	ENSEEEG00000008995	PNO1	ENSPKIP00000019730	ENSPKIG00000004780	pno1
ENSEEEP00000061610	ENSEEEG00000025252	grtp1a	ENSPKIP00000027500	ENSPKIG00000009522	grtp1a
ENSEEEP00000041302	ENSEEEG00000019547		ENSPKIP00000014305	ENSPKIG00000001403	LONRF3
ENSEEEP00000037014	ENSEEEG00000017573	DESI2	ENSPKIP00000005342	ENSPKIG00000022033	desi2
ENSEEEP00000022034	ENSEEEG00000010701	MED7	ENSPKIP00000021843	ENSPKIG00000006078	
ENSEEEP00000008011	ENSEEEG00000004184		ENSPKIP00000039013	ENSPKIG00000016565	
ENSEEEP00000054221	ENSEEEG00000027193	TNIP2	ENSPKIP00000029376	ENSPKIG00000010651	tnip2
ENSEEEP00000007735	ENSEEEG00000028881	POLG2	ENSPKIP00000023097	ENSPKIG00000006859	polg2
ENSEEEP00000018297	ENSEEEG00000008988	psmb1	ENSPKIP00000025110	ENSPKIG00000008096	psmb1
ENSEEEP00000035336	ENSEEEG00000016828	TSC22D3	ENSPKIP00000005849	ENSPKIG00000022357	TSC22D3
ENSEEEP00000029748	ENSEEEG00000014242	NFYC	ENSPKIP00000007659	ENSPKIG00000023464	nfyc
ENSEEEP00000021713	ENSEEEG00000010391	SERPINA4	ENSPKIP00000006382	ENSPKIG00000022688	serpina1l
ENSEEEP00000037076	ENSEEEG00000017605	FAM193A	ENSPKIP00000029226	ENSPKIG00000010534	fam193a
ENSEEEP00000048550	ENSEEEG00000022835	PPP1R37	ENSPKIP00000028849	ENSPKIG00000010325	ppp1r37
ENSEEEP00000049221	ENSEEEG00000023129	CARNMT1	ENSPKIP00000012466	ENSPKIG00000000241	carnmt1
ENSEEEP00000008264	ENSEEEG00000004325	PIK3AP1	ENSPKIP00000011695	ENSPKIG00000018680	pik3ap1
ENSEEEP00000021678	ENSEEEG00000010542	KLHDC4	ENSPKIP00000036198	ENSPKIG00000014845	klhdc4
ENSEEEP00000054005	ENSEEEG00000017110	ABRAXAS2	ENSPKIP00000013786	ENSPKIG00000001088	ABRAXAS2
ENSEEEP00000047580	ENSEEEG00000022398	nkx2.2a	ENSPKIP00000004336	ENSPKIG00000021491	nkx2.2a
ENSEEEP00000008267	ENSEEEG00000004328	KIFBP	ENSPKIP00000035776	ENSPKIG00000014592	kifbp
ENSEEEP00000048468	ENSEEEG00000022813	NDUFA4	ENSPKIP00000017094	ENSPKIG00000003130	ndufa4b
ENSEEEP00000007991	ENSEEEG00000004173		ENSPKIP00000038999	ENSPKIG00000016549	
ENSEEEP00000061302	ENSEEEG00000025416	cacng6b	ENSPKIP00000032807	ENSPKIG00000012761	cacng6a
ENSEEEP00000056330	ENSEEEG00000028025	VMA21	ENSPKIP00000001104	ENSPKIG00000019523	vma21
ENSEEEP00000060303	ENSEEEG00000028465	bmp16	ENSPKIP00000028873	ENSPKIG00000010340	bmp16
ENSEEEP00000048413	ENSEEEG00000022788	GEMIN7	ENSPKIP00000028899	ENSPKIG00000010356	gemin7
ENSEEEP00000047572	ENSEEEG00000022393	KIZ	ENSPKIP00000004427	ENSPKIG00000021533	kiz
ENSEEEP00000035975	ENSEEEG00000017113	eef1akmt2	ENSPKIP00000013745	ENSPKIG00000001059	EEF1AKMT2
ENSEEEP00000009481	ENSEEEG00000004841	MB	ENSPKIP00000015373	ENSPKIG00000002122	mb
ENSEEEP00000033716	ENSEEEG00000016057	dtnbp1a	ENSPKIP00000041745	ENSPKIG00000018159	dtnbp1a
ENSEEEP00000052047	ENSEEEG00000024418	rbmx	ENSPKIP00000010050	ENSPKIG00000024910	rbmx
ENSEEEP00000048411	ENSEEEG00000022786	PGR	ENSPKIP00000035172	ENSPKIG00000014228	pgr
ENSEEEP00000058302	ENSEEEG00000012767	cacng8b	ENSPKIP00000032764	ENSPKIG00000012728	cacng8a
ENSEEEP00000008379	ENSEEEG00000004333	VPS26A	ENSPKIP00000035699	ENSPKIG00000014540	vps26a
ENSEEEP00000009476	ENSEEEG00000004839	pane1	ENSPKIP00000015405	ENSPKIG00000002143	
ENSEEEP00000041577	ENSEEEG00000019669	RNF183	ENSPKIP00000032668	ENSPKIG00000012672	rnf183
ENSEEEP00000045791	ENSEEEG00000021587	fam169b	ENSPKIP00000002538	ENSPKIG00000020390	fam169b
ENSEEEP00000039011	ENSEEEG00000018509	OCA2	ENSPKIP00000007094	ENSPKIG00000023109	oca2
ENSEEEP00000045465	ENSEEEG00000021458	COX7C	ENSPKIP00000014832	ENSPKIG00000001757	cox7c
ENSEEEP00000009474	ENSEEEG00000004837	zgc:158803	ENSPKIP00000023752	ENSPKIG00000007263	
ENSEEEP00000035977	ENSEEEG00000017115		ENSPKIP00000014487	ENSPKIG00000001535	
ENSEEEP00000057272	ENSEEEG00000027385	ASB16	ENSPKIP00000038309	ENSPKIG00000016135	asb16
ENSEEEP00000018290	ENSEEEG00000008987	PERP	ENSPKIP00000014560	ENSPKIG00000001596	perp
ENSEEEP00000041518	ENSEEEG00000019592	RPS17	ENSPKIP00000007206	ENSPKIG00000023193	zgc:114188
ENSEEEP00000045218	ENSEEEG00000021347	EMP2	ENSPKIP00000011275	ENSPKIG00000018436	emp2
ENSEEEP00000062519	ENSEEEG00000027022	cx39.9	ENSPKIP00000034985	ENSPKIG00000014115	gja2
ENSEEEP00000009472	ENSEEEG00000004835	MRI1	ENSPKIP00000017516	ENSPKIG00000003387	mri1
ENSEEEP00000002153	ENSEEEG00000001315	TMUB2	ENSPKIP00000038325	ENSPKIG00000016147	tmub2
ENSEEEP00000045797	ENSEEEG00000021590	arpin	ENSPKIP00000002507	ENSPKIG00000020365	arpin
ENSEEEP00000022058	ENSEEEG00000010718	cx31.7	ENSPKIP00000001290	ENSPKIG00000019632	gjb1b
ENSEEEP00000028610	ENSEEEG00000013745	rab42a	ENSPKIP00000003900	ENSPKIG00000021215	
ENSEEEP00000059820	ENSEEEG00000008986	TNFAIP3	ENSPKIP00000014537	ENSPKIG00000001568	tnfaip3
ENSEEEP00000046464	ENSEEEG00000021882	zgc:194887	ENSPKIP00000015665	ENSPKIG00000002304	zgc:194887
ENSEEEP00000004034	ENSEEEG00000002155		ENSPKIP00000001325	ENSPKIG00000019659	
ENSEEEP00000038104	ENSEEEG00000018106	otomp	ENSPKIP00000036707	ENSPKIG00000015159	otomp
ENSEEEP00000002158	ENSEEEG00000001319	ATXN7L3	ENSPKIP00000038454	ENSPKIG00000016201	ATXN7L3
ENSEEEP00000058758	ENSEEEG00000028524	cspp1a	ENSPKIP00000004918	ENSPKIG00000021820	
ENSEEEP00000028615	ENSEEEG00000013747	GMEB1	ENSPKIP00000003709	ENSPKIG00000021105	GMEB1
ENSEEEP00000048456	ENSEEEG00000022806	TACO1	ENSPKIP00000016522	ENSPKIG00000002814	taco1
ENSEEEP00000018288	ENSEEEG00000008985	OLIG3	ENSPKIP00000014501	ENSPKIG00000001548	olig3
ENSEEEP00000055485	ENSEEEG00000016038	klf17	ENSPKIP00000029855	ENSPKIG00000010936	klf17
ENSEEEP00000018286	ENSEEEG00000008984	ifngr1l	ENSPKIP00000010972	ENSPKIG00000025478	
ENSEEEP00000046454	ENSEEEG00000021865	ACP7	ENSPKIP00000015466	ENSPKIG00000002166	acp7
ENSEEEP00000015246	ENSEEEG00000007559	PLRG1	ENSPKIP00000041396	ENSPKIG00000017944	plrg1
ENSEEEP00000031975	ENSEEEG00000015261	LURAP1	ENSPKIP00000014078	ENSPKIG00000001285	lurap1
ENSEEEP00000031974	ENSEEEG00000015259	TTC22	ENSPKIP00000014100	ENSPKIG00000001299	ttc22
ENSEEEP00000035867	ENSEEEG00000017060	MC1R	ENSPKIP00000001709	ENSPKIG00000019904	mc1r
ENSEEEP00000018284	ENSEEEG00000008983	RAB23	ENSPKIP00000009060	ENSPKIG00000024310	rab23
ENSEEEP00000004030	ENSEEEG00000002152	EFNB1	ENSPKIP00000034324	ENSPKIG00000013701	efnb1
ENSEEEP00000033708	ENSEEEG00000016050	fam8a1b	ENSPKIP00000016994	ENSPKIG00000003088	fam8a1b
ENSEEEP00000045304	ENSEEEG00000021386	NANOS3	ENSPKIP00000023178	ENSPKIG00000006905	nanos3
ENSEEEP00000055812	ENSEEEG00000008982	BAG2	ENSPKIP00000009070	ENSPKIG00000024318	bag2
ENSEEEP00000057373	ENSEEEG00000026492	zgc:101583	ENSPKIP00000034305	ENSPKIG00000013693	zgc:101583
ENSEEEP00000033706	ENSEEEG00000016047	zgc:110410	ENSPKIP00000030764	ENSPKIG00000011495	zgc:110410
ENSEEEP00000032149	ENSEEEG00000014629	IGF2R	ENSPKIP00000037340	ENSPKIG00000015510	igf2r
ENSEEEP00000064037	ENSEEEG00000025484	SGPP1	ENSPKIP00000011357	ENSPKIG00000018489	sgpp1b
ENSEEEP00000031972	ENSEEEG00000015256	TTC4	ENSPKIP00000014128	ENSPKIG00000001315	ttc4
ENSEEEP00000022324	ENSEEEG00000010829	EXOC2	ENSPKIP00000026426	ENSPKIG00000008891	exoc2
ENSEEEP00000059140	ENSEEEG00000008981	ZNF451	ENSPKIP00000009098	ENSPKIG00000024333	znf451
ENSEEEP00000015319	ENSEEEG00000007614	PHLDA2	ENSPKIP00000014515	ENSPKIG00000001555	phlda2
ENSEEEP00000031159	ENSEEEG00000014920	TIMM8A	ENSPKIP00000034368	ENSPKIG00000013715	timm8a
ENSEEEP00000045312	ENSEEEG00000021387	si:ch211-286b5.5	ENSPKIP00000020603	ENSPKIG00000005300	
ENSEEEP00000031969	ENSEEEG00000015254	PARS2	ENSPKIP00000014166	ENSPKIG00000001336	pars2
ENSEEEP00000014999	ENSEEEG00000007469	PSME1	ENSPKIP00000025089	ENSPKIG00000008074	psme1
ENSEEEP00000031966	ENSEEEG00000015253	wdr78	ENSPKIP00000036324	ENSPKIG00000014864	dnai4
ENSEEEP00000004015	ENSEEEG00000002147	ZC4H2	ENSPKIP00000001729	ENSPKIG00000019905	zc4h2
ENSEEEP00000014998	ENSEEEG00000007468	FBXO43	ENSPKIP00000039289	ENSPKIG00000016709	FBXO43
ENSEEEP00000031963	ENSEEEG00000015251	insl5a	ENSPKIP00000000078	ENSPKIG00000018889	
ENSEEEP00000054156	ENSEEEG00000025942	dcun1d2b	ENSPKIP00000027411	ENSPKIG00000009475	dcun1d2a
ENSEEEP00000004011	ENSEEEG00000002146	uba52	ENSPKIP00000001751	ENSPKIG00000019922	
ENSEEEP00000031142	ENSEEEG00000014916	UQCRQ	ENSPKIP00000009151	ENSPKIG00000024365	uqcrq
ENSEEEP00000002593	ENSEEEG00000001471	RPL37A	ENSPKIP00000002227	ENSPKIG00000020203	
ENSEEEP00000021886	ENSEEEG00000010634		ENSPKIP00000020712	ENSPKIG00000005378	
ENSEEEP00000031961	ENSEEEG00000015250	SGIP1	ENSPKIP00000035602	ENSPKIG00000014494	sgip1a
ENSEEEP00000004010	ENSEEEG00000002145	asb12b	ENSPKIP00000001778	ENSPKIG00000019933	asb12b
ENSEEEP00000033689	ENSEEEG00000016028	DERL1	ENSPKIP00000009711	ENSPKIG00000024714	derl1
ENSEEEP00000047443	ENSEEEG00000022324	fktn	ENSPKIP00000042006	ENSPKIG00000018834	fktn
ENSEEEP00000013828	ENSEEEG00000006879	si:ch211-130m23.5	ENSPKIP00000034876	ENSPKIG00000014040	si:ch211-130m23.5
ENSEEEP00000052460	ENSEEEG00000024572	zgc:77056	ENSPKIP00000035296	ENSPKIG00000014317	zgc:77056
ENSEEEP00000008389	ENSEEEG00000004374	SUPV3L1	ENSPKIP00000035593	ENSPKIG00000014484	supv3l1
ENSEEEP00000053826	ENSEEEG00000017065	DEF8	ENSPKIP00000001639	ENSPKIG00000019850	def8
ENSEEEP00000046415	ENSEEEG00000021856		ENSPKIP00000015196	ENSPKIG00000001992	
ENSEEEP00000033665	ENSEEEG00000016022	NSMCE2	ENSPKIP00000037031	ENSPKIG00000015376	nsmce2
ENSEEEP00000038284	ENSEEEG00000018191	NIPAL4	ENSPKIP00000011572	ENSPKIG00000018602	nipal4
ENSEEEP00000031112	ENSEEEG00000014731	GSR	ENSPKIP00000039374	ENSPKIG00000016731	gsr
ENSEEEP00000064091	ENSEEEG00000006353	TBKBP1	ENSPKIP00000013483	ENSPKIG00000000901	
ENSEEEP00000036820	ENSEEEG00000017481	ldb3b	ENSPKIP00000031260	ENSPKIG00000011805	ldb3b
ENSEEEP00000060620	ENSEEEG00000025405	GCHFR	ENSPKIP00000017349	ENSPKIG00000003301	gchfr
ENSEEEP00000004816	ENSEEEG00000002513	zdhhc12b	ENSPKIP00000004811	ENSPKIG00000021757	zdhhc12b
ENSEEEP00000022292	ENSEEEG00000010818	stx11b.1	ENSPKIP00000034846	ENSPKIG00000014017	stx11b.2
ENSEEEP00000046396	ENSEEEG00000021844	DNAJC17	ENSPKIP00000017459	ENSPKIG00000003351	dnajc17
ENSEEEP00000013823	ENSEEEG00000006874	F2R	ENSPKIP00000030190	ENSPKIG00000011142	f2r
ENSEEEP00000034619	ENSEEEG00000016464	ROGDI	ENSPKIP00000007156	ENSPKIG00000023158	rogdi
ENSEEEP00000021608	ENSEEEG00000010517	ca5a	ENSPKIP00000036348	ENSPKIG00000014941	CA5B
ENSEEEP00000063816	ENSEEEG00000017483	opn4b	ENSPKIP00000031152	ENSPKIG00000011684	opn4b
ENSEEEP00000020438	ENSEEEG00000006868	ANXA6	ENSPKIP00000038658	ENSPKIG00000016281	anxa6
ENSEEEP00000030290	ENSEEEG00000014521	azin1b	ENSPKIP00000037882	ENSPKIG00000015901	azin1b
ENSEEEP00000045198	ENSEEEG00000021341	C16orf72	ENSPKIP00000042017	ENSPKIG00000018384	hapstr1a
ENSEEEP00000024289	ENSEEEG00000011777	BSDC1	ENSPKIP00000024780	ENSPKIG00000007898	bsdc1
ENSEEEP00000053085	ENSEEEG00000024845	GPANK1	ENSPKIP00000013964	ENSPKIG00000001197	gpank1
ENSEEEP00000046403	ENSEEEG00000021847		ENSPKIP00000017558	ENSPKIG00000003416	
ENSEEEP00000059899	ENSEEEG00000024753	olig4	ENSPKIP00000023563	ENSPKIG00000007143	olig4
ENSEEEP00000004362	ENSEEEG00000002295		ENSPKIP00000015074	ENSPKIG00000001908	
ENSEEEP00000005540	ENSEEEG00000002911	fdx1b	ENSPKIP00000032889	ENSPKIG00000012815	fdx1b
ENSEEEP00000054037	ENSEEEG00000028695	TBX21	ENSPKIP00000013421	ENSPKIG00000000866	tbx21
ENSEEEP00000015476	ENSEEEG00000007674	NPHS1	ENSPKIP00000040869	ENSPKIG00000017620	tmem131l
ENSEEEP00000033593	ENSEEEG00000015946	CA2	ENSPKIP00000010408	ENSPKIG00000025142	
ENSEEEP00000059660	ENSEEEG00000028290	IFNGR1	ENSPKIP00000038798	ENSPKIG00000016436	
ENSEEEP00000008386	ENSEEEG00000004377	si:dkey-122a22.2	ENSPKIP00000041707	ENSPKIG00000018144	si:dkey-122a22.2
ENSEEEP00000046382	ENSEEEG00000021836	INF2	ENSPKIP00000017571	ENSPKIG00000003431	
ENSEEEP00000033522	ENSEEEG00000015940	si:ch211-282b22.1	ENSPKIP00000010403	ENSPKIG00000025139	rbis
ENSEEEP00000061804	ENSEEEG00000028872	FBXO45	ENSPKIP00000026873	ENSPKIG00000009174	fbxo45
ENSEEEP00000053017	ENSEEEG00000027996	dnajb1b	ENSPKIP00000036706	ENSPKIG00000015170	dnajb1b
ENSEEEP00000025726	ENSEEEG00000012415	TMCO3	ENSPKIP00000027366	ENSPKIG00000009448	slc9d1
ENSEEEP00000015489	ENSEEEG00000007687	MND1	ENSPKIP00000040597	ENSPKIG00000017495	mnd1
ENSEEEP00000052453	ENSEEEG00000024567	EBAG9	ENSPKIP00000019250	ENSPKIG00000004494	ebag9
ENSEEEP00000039289	ENSEEEG00000018565	UBE3A	ENSPKIP00000007431	ENSPKIG00000023315	ube3a
ENSEEEP00000011254	ENSEEEG00000005700	EDA2R	ENSPKIP00000032812	ENSPKIG00000012764	EDA2R
ENSEEEP00000034606	ENSEEEG00000016461	SMIM22	ENSPKIP00000007221	ENSPKIG00000023199	
ENSEEEP00000060568	ENSEEEG00000026180	foxa	ENSPKIP00000000750	ENSPKIG00000019301	foxa
ENSEEEP00000035215	ENSEEEG00000016753	nek12	ENSPKIP00000005573	ENSPKIG00000022196	nek12
ENSEEEP00000052871	ENSEEEG00000025544	ZDHHC24	ENSPKIP00000000717	ENSPKIG00000019276	zdhhc24
ENSEEEP00000057115	ENSEEEG00000024566	SYBU	ENSPKIP00000019298	ENSPKIG00000004526	sybu
ENSEEEP00000061781	ENSEEEG00000019747	pald1a	ENSPKIP00000030812	ENSPKIG00000011528	DLEC1
ENSEEEP00000038859	ENSEEEG00000018429		ENSPKIP00000007232	ENSPKIG00000023206	
ENSEEEP00000000118	ENSEEEG00000000082	TTC36	ENSPKIP00000038006	ENSPKIG00000015965	ttc36
ENSEEEP00000034597	ENSEEEG00000016455	COG1	ENSPKIP00000006812	ENSPKIG00000022943	cog1
ENSEEEP00000035211	ENSEEEG00000016752	PIN4	ENSPKIP00000005537	ENSPKIG00000022178	pin4
ENSEEEP00000001131	ENSEEEG00000000757	TRIP6	ENSPKIP00000023846	ENSPKIG00000007321	
ENSEEEP00000041804	ENSEEEG00000019772	pclaf	ENSPKIP00000007555	ENSPKIG00000023409	
ENSEEEP00000041506	ENSEEEG00000019632	RAB21	ENSPKIP00000032135	ENSPKIG00000012346	
ENSEEEP00000001124	ENSEEEG00000000750	sst5	ENSPKIP00000023891	ENSPKIG00000007342	
ENSEEEP00000004360	ENSEEEG00000002293	SFR1	ENSPKIP00000015041	ENSPKIG00000001887	sfr1
ENSEEEP00000004842	ENSEEEG00000002527	DPM2	ENSPKIP00000004313	ENSPKIG00000021474	dpm2
ENSEEEP00000002018	ENSEEEG00000001256	CDIP1	ENSPKIP00000002979	ENSPKIG00000020674	cdip1
ENSEEEP00000056880	ENSEEEG00000015901	UBA5	ENSPKIP00000040518	ENSPKIG00000017444	uba5
ENSEEEP00000022202	ENSEEEG00000010660	ABCD4	ENSPKIP00000004732	ENSPKIG00000021635	abcd4
ENSEEEP00000045099	ENSEEEG00000021294	NDUFB7	ENSPKIP00000033241	ENSPKIG00000013028	ndufb7
ENSEEEP00000041806	ENSEEEG00000019773	MOV10L1	ENSPKIP00000015949	ENSPKIG00000002415	
ENSEEEP00000022821	ENSEEEG00000011065	RFC3	ENSPKIP00000038719	ENSPKIG00000016381	rfc3
ENSEEEP00000041505	ENSEEEG00000019631	ube2g1b	ENSPKIP00000032106	ENSPKIG00000012337	
ENSEEEP00000021488	ENSEEEG00000010232	UBA2	ENSPKIP00000036419	ENSPKIG00000014979	uba2
ENSEEEP00000001113	ENSEEEG00000000744	METTL3	ENSPKIP00000033161	ENSPKIG00000012961	mettl3
ENSEEEP00000004847	ENSEEEG00000002529	PIP5KL1	ENSPKIP00000004270	ENSPKIG00000021448	pip5kl1
ENSEEEP00000002017	ENSEEEG00000001255	POLR3K	ENSPKIP00000002964	ENSPKIG00000020663	polr3k
ENSEEEP00000008391	ENSEEEG00000004380	DCSTAMP	ENSPKIP00000041412	ENSPKIG00000017966	DCSTAMP
ENSEEEP00000021877	ENSEEEG00000010629	CLIC2	ENSPKIP00000004461	ENSPKIG00000021553	CLIC2
ENSEEEP00000012623	ENSEEEG00000006332	MRPL10	ENSPKIP00000013241	ENSPKIG00000000749	mrpl10
ENSEEEP00000058644	ENSEEEG00000026898	igflr1	ENSPKIP00000035186	ENSPKIG00000014237	igflr1
ENSEEEP00000002015	ENSEEEG00000001253	SNRNP25	ENSPKIP00000002943	ENSPKIG00000020652	snrnp25
ENSEEEP00000012620	ENSEEEG00000006316	PNPO	ENSPKIP00000013215	ENSPKIG00000000733	pnpo
ENSEEEP00000004219	ENSEEEG00000002228	twf2b	ENSPKIP00000008580	ENSPKIG00000024010	twf2b
ENSEEEP00000061442	ENSEEEG00000011079	ZAR1L	ENSPKIP00000038316	ENSPKIG00000016136	zar1l
ENSEEEP00000034025	ENSEEEG00000016177	sqor	ENSPKIP00000000482	ENSPKIG00000019110	sqor
ENSEEEP00000041485	ENSEEEG00000019617	psenen	ENSPKIP00000035327	ENSPKIG00000014335	
ENSEEEP00000041809	ENSEEEG00000019774	szl	ENSPKIP00000006486	ENSPKIG00000022750	szl
ENSEEEP00000040504	ENSEEEG00000019186	PCNP	ENSPKIP00000009930	ENSPKIG00000024838	pcnp
ENSEEEP00000041810	ENSEEEG00000019775	pnx	ENSPKIP00000006504	ENSPKIG00000022766	DBX2
ENSEEEP00000012578	ENSEEEG00000006315	prr15lb	ENSPKIP00000013188	ENSPKIG00000000717	prr15lb
ENSEEEP00000004873	ENSEEEG00000002545	sh3glb2b	ENSPKIP00000008310	ENSPKIG00000023849	sh3glb2a
ENSEEEP00000045158	ENSEEEG00000020925	USP7	ENSPKIP00000041936	ENSPKIG00000018286	usp7
ENSEEEP00000040501	ENSEEEG00000019181	mylz3	ENSPKIP00000036849	ENSPKIG00000015263	mylz3
ENSEEEP00000001101	ENSEEEG00000000738	TM4SF5	ENSPKIP00000029750	ENSPKIG00000010872	tm4sf5
ENSEEEP00000035201	ENSEEEG00000016748	NXT2	ENSPKIP00000005273	ENSPKIG00000022011	nxt2
ENSEEEP00000041478	ENSEEEG00000019612	LIN37	ENSPKIP00000035377	ENSPKIG00000014355	lin37
ENSEEEP00000034119	ENSEEEG00000016243	gdf6a	ENSPKIP00000032801	ENSPKIG00000012754	gdf6a
ENSEEEP00000024106	ENSEEEG00000011696		ENSPKIP00000006301	ENSPKIG00000022635	
ENSEEEP00000002008	ENSEEEG00000001247	shisa9b	ENSPKIP00000002892	ENSPKIG00000020609	shisa9b
ENSEEEP00000061907	ENSEEEG00000026964	si:dkey-42l23.2	ENSPKIP00000035426	ENSPKIG00000014392	si:dkey-42l23.9
ENSEEEP00000029216	ENSEEEG00000013999	si:ch211-255i3.4	ENSPKIP00000003512	ENSPKIG00000020992	
ENSEEEP00000034116	ENSEEEG00000016239	ENY2	ENSPKIP00000035695	ENSPKIG00000014542	ENY2
ENSEEEP00000061684	ENSEEEG00000006489	CRLF3	ENSPKIP00000019840	ENSPKIG00000004843	crlf3
ENSEEEP00000035198	ENSEEEG00000016747	PSMD10	ENSPKIP00000005236	ENSPKIG00000021992	psmd10
ENSEEEP00000059008	ENSEEEG00000025624	YIPF6	ENSPKIP00000001575	ENSPKIG00000019819	yipf6
ENSEEEP00000012430	ENSEEEG00000006028	CDK5RAP3	ENSPKIP00000013152	ENSPKIG00000000684	cdk5rap3
ENSEEEP00000024105	ENSEEEG00000011694	SLC30A10	ENSPKIP00000006323	ENSPKIG00000022650	slc30a10
ENSEEEP00000002006	ENSEEEG00000001246	IGFALS	ENSPKIP00000015601	ENSPKIG00000002260	igfals
ENSEEEP00000053012	ENSEEEG00000025030	MFSD3	ENSPKIP00000012696	ENSPKIG00000000410	slc33a2
ENSEEEP00000035197	ENSEEEG00000016746	XIAP	ENSPKIP00000005190	ENSPKIG00000021969	xiap
ENSEEEP00000028278	ENSEEEG00000013371	ALDH4A1	ENSPKIP00000035521	ENSPKIG00000014420	aldh4a1
ENSEEEP00000045891	ENSEEEG00000021634	si:dkey-12e7.1	ENSPKIP00000002401	ENSPKIG00000020306	si:dkey-12e7.1
ENSEEEP00000064587	ENSEEEG00000018108	TREH	ENSPKIP00000034510	ENSPKIG00000013790	treh
ENSEEEP00000008400	ENSEEEG00000004383	DCAF13	ENSPKIP00000040557	ENSPKIG00000017471	dcaf13
ENSEEEP00000035917	ENSEEEG00000017081	gstr	ENSPKIP00000005007	ENSPKIG00000021862	gstr
ENSEEEP00000052660	ENSEEEG00000024659	PRKDC	ENSPKIP00000032643	ENSPKIG00000012565	prkdc
ENSEEEP00000055230	ENSEEEG00000011185	nucks1a	ENSPKIP00000035516	ENSPKIG00000014448	nucks1a
ENSEEEP00000023386	ENSEEEG00000011334	tmem88b	ENSPKIP00000013049	ENSPKIG00000000630	
ENSEEEP00000049320	ENSEEEG00000023155	anxa1a	ENSPKIP00000012753	ENSPKIG00000000435	anxa1d
ENSEEEP00000033442	ENSEEEG00000015894	nphp3	ENSPKIP00000040573	ENSPKIG00000017478	nphp3
ENSEEEP00000038701	ENSEEEG00000018368	SEPSECS	ENSPKIP00000018436	ENSPKIG00000003978	sepsecs
ENSEEEP00000020921	ENSEEEG00000010167	psma6b	ENSPKIP00000006492	ENSPKIG00000022730	psma6a
ENSEEEP00000024101	ENSEEEG00000011691	LCLAT1	ENSPKIP00000007375	ENSPKIG00000023290	lclat1
ENSEEEP00000033960	ENSEEEG00000016183	TMEM74	ENSPKIP00000032978	ENSPKIG00000012866	TMEM74
ENSEEEP00000020335	ENSEEEG00000009921	ZNF366	ENSPKIP00000001634	ENSPKIG00000019857	znf366
ENSEEEP00000029285	ENSEEEG00000014034	LKAAEAR1	ENSPKIP00000011761	ENSPKIG00000018722	
ENSEEEP00000004022	ENSEEEG00000002149	INKA2	ENSPKIP00000039949	ENSPKIG00000017108	INKA2
ENSEEEP00000034571	ENSEEEG00000016442	WIPI1	ENSPKIP00000025367	ENSPKIG00000008235	WIPI1
ENSEEEP00000020809	ENSEEEG00000010149	rx1	ENSPKIP00000028805	ENSPKIG00000010303	rx1
ENSEEEP00000059176	ENSEEEG00000027386	mif4gda	ENSPKIP00000007814	ENSPKIG00000023565	mif4gdb
ENSEEEP00000022878	ENSEEEG00000011050	MEST	ENSPKIP00000020743	ENSPKIG00000005413	mest
ENSEEEP00000038669	ENSEEEG00000018353	WNT9A	ENSPKIP00000020977	ENSPKIG00000005561	wnt9a
ENSEEEP00000061527	ENSEEEG00000026283	RGS19	ENSPKIP00000001627	ENSPKIG00000019849	rgs19
ENSEEEP00000000663	ENSEEEG00000000470	IFITM5	ENSPKIP00000004328	ENSPKIG00000021488	ifitm5
ENSEEEP00000033957	ENSEEEG00000016180	EMC2	ENSPKIP00000033086	ENSPKIG00000012898	emc2
ENSEEEP00000011140	ENSEEEG00000005652	TAFA3	ENSPKIP00000041735	ENSPKIG00000018157	TAFA3
ENSEEEP00000058065	ENSEEEG00000028725	elob	ENSPKIP00000036426	ENSPKIG00000015003	elob
ENSEEEP00000054609	ENSEEEG00000025909	si:dkey-220k22.1	ENSPKIP00000008383	ENSPKIG00000023901	
ENSEEEP00000044461	ENSEEEG00000021009	DNAAF5	ENSPKIP00000023143	ENSPKIG00000006851	DNAAF5
ENSEEEP00000018132	ENSEEEG00000008919	arl6ip5b	ENSPKIP00000009565	ENSPKIG00000024630	arl6ip5b
ENSEEEP00000015692	ENSEEEG00000007768	AKAP17A	ENSPKIP00000003206	ENSPKIG00000020821	akap17a
ENSEEEP00000030769	ENSEEEG00000014725	SPDL1	ENSPKIP00000002410	ENSPKIG00000020315	SPDL1
ENSEEEP00000020328	ENSEEEG00000009913	fabp1b.1	ENSPKIP00000000641	ENSPKIG00000019196	fabp1a
ENSEEEP00000005573	ENSEEEG00000002931	MSTO1	ENSPKIP00000033049	ENSPKIG00000012900	msto1
ENSEEEP00000031305	ENSEEEG00000014989	CTR9	ENSPKIP00000006587	ENSPKIG00000022784	ctr9
ENSEEEP00000046194	ENSEEEG00000021759	FANCI	ENSPKIP00000036194	ENSPKIG00000014844	fanci
ENSEEEP00000053440	ENSEEEG00000005938	PODN	ENSPKIP00000030532	ENSPKIG00000011351	podn
ENSEEEP00000008398	ENSEEEG00000004384	si:dkey-238d18.4	ENSPKIP00000035528	ENSPKIG00000014457	si:dkey-238d18.4
ENSEEEP00000009135	ENSEEEG00000004564	SYMPK	ENSPKIP00000040042	ENSPKIG00000017132	sympk
ENSEEEP00000030246	ENSEEEG00000014502	DAZAP1	ENSPKIP00000024476	ENSPKIG00000007696	dazap1
ENSEEEP00000000686	ENSEEEG00000000478		ENSPKIP00000004353	ENSPKIG00000021495	
ENSEEEP00000029317	ENSEEEG00000014042	SOX18	ENSPKIP00000001701	ENSPKIG00000019898	sox18
ENSEEEP00000038783	ENSEEEG00000018397	SLC23A3	ENSPKIP00000013861	ENSPKIG00000001119	slc23a3
ENSEEEP00000011142	ENSEEEG00000005654	ETV6	ENSPKIP00000041763	ENSPKIG00000018189	ETV6
ENSEEEP00000037698	ENSEEEG00000017921	HPS5	ENSPKIP00000011620	ENSPKIG00000018625	hps5
ENSEEEP00000028893	ENSEEEG00000013872	elob	ENSPKIP00000039737	ENSPKIG00000016981	
ENSEEEP00000018133	ENSEEEG00000008920	srsf6a	ENSPKIP00000011506	ENSPKIG00000018463	SRSF6
ENSEEEP00000008406	ENSEEEG00000004386	zgc:101716	ENSPKIP00000011521	ENSPKIG00000018559	zgc:101716
ENSEEEP00000059844	ENSEEEG00000028812	SLC39A3	ENSPKIP00000018205	ENSPKIG00000003862	SLC39A3
ENSEEEP00000019661	ENSEEEG00000009629	CEBPZ	ENSPKIP00000007208	ENSPKIG00000023192	cebpz
ENSEEEP00000015683	ENSEEEG00000007749	calb2b	ENSPKIP00000003192	ENSPKIG00000020797	asmt
ENSEEEP00000028902	ENSEEEG00000013873	ARMC5	ENSPKIP00000039706	ENSPKIG00000016952	armc5
ENSEEEP00000057545	ENSEEEG00000025573	PGAP3	ENSPKIP00000023925	ENSPKIG00000007363	pgap3
ENSEEEP00000010835	ENSEEEG00000005457	P2RX1	ENSPKIP00000040549	ENSPKIG00000017459	p2rx1
ENSEEEP00000059868	ENSEEEG00000024634	abracl	ENSPKIP00000038481	ENSPKIG00000016236	abracl
ENSEEEP00000045246	ENSEEEG00000021355	CLDN14	ENSPKIP00000031448	ENSPKIG00000011929	CLDN14
ENSEEEP00000017991	ENSEEEG00000008865	FAM91A1	ENSPKIP00000022059	ENSPKIG00000006126	fam91a1
ENSEEEP00000004047	ENSEEEG00000002151	rap1ab	ENSPKIP00000002237	ENSPKIG00000020207	rap1aa
ENSEEEP00000011472	ENSEEEG00000027093	rhogb	ENSPKIP00000027826	ENSPKIG00000009718	RHOG
ENSEEEP00000051541	ENSEEEG00000024200	SGTA	ENSPKIP00000018153	ENSPKIG00000003820	sgta
ENSEEEP00000008409	ENSEEEG00000004388	UPK1A	ENSPKIP00000026702	ENSPKIG00000009074	upk1a
ENSEEEP00000019657	ENSEEEG00000009627	CEBPZOS	ENSPKIP00000007234	ENSPKIG00000023212	CEBPZOS
ENSEEEP00000045914	ENSEEEG00000021639	CHKA	ENSPKIP00000018047	ENSPKIG00000003754	chka
ENSEEEP00000015499	ENSEEEG00000007695		ENSPKIP00000034578	ENSPKIG00000013847	
ENSEEEP00000011470	ENSEEEG00000005796	PGAP2	ENSPKIP00000036995	ENSPKIG00000015355	pgap2
ENSEEEP00000000693	ENSEEEG00000000487	cdkn1cb	ENSPKIP00000004450	ENSPKIG00000021556	cdkn1ca
ENSEEEP00000052589	ENSEEEG00000024632	HECA	ENSPKIP00000038523	ENSPKIG00000016260	heca
ENSEEEP00000038794	ENSEEEG00000018402	METTL5	ENSPKIP00000000837	ENSPKIG00000019358	mettl5
ENSEEEP00000051851	ENSEEEG00000024324	UBR3	ENSPKIP00000023046	ENSPKIG00000006757	ubr3
ENSEEEP00000021219	ENSEEEG00000010161	MATK	ENSPKIP00000028841	ENSPKIG00000010328	matk
ENSEEEP00000045243	ENSEEEG00000021351	si:dkey-230p4.1	ENSPKIP00000018445	ENSPKIG00000004005	
ENSEEEP00000012733	ENSEEEG00000006401	ccdc149a	ENSPKIP00000016179	ENSPKIG00000002620	ccdc149b
ENSEEEP00000052539	ENSEEEG00000024610	aggf1	ENSPKIP00000041775	ENSPKIG00000018193	aggf1
ENSEEEP00000061989	ENSEEEG00000025018	NEUROG1	ENSPKIP00000012648	ENSPKIG00000000377	NEUROG1
ENSEEEP00000005575	ENSEEEG00000002933	GLMP	ENSPKIP00000036555	ENSPKIG00000015068	glmp
ENSEEEP00000015502	ENSEEEG00000007696	DCTPP1	ENSPKIP00000040024	ENSPKIG00000017155	dctpp1
ENSEEEP00000011467	ENSEEEG00000005786	NCBP3	ENSPKIP00000025696	ENSPKIG00000008466	ncbp3
ENSEEEP00000023770	ENSEEEG00000011520	ZFAND3	ENSPKIP00000041904	ENSPKIG00000018269	ZFAND3
ENSEEEP00000038719	ENSEEEG00000018373	SNAP47	ENSPKIP00000021006	ENSPKIG00000005577	snap47
ENSEEEP00000015663	ENSEEEG00000007760	CYP24A1	ENSPKIP00000017695	ENSPKIG00000003487	cyp24a1
ENSEEEP00000059739	ENSEEEG00000011392	SLC25A17	ENSPKIP00000013848	ENSPKIG00000001125	slc25a17
ENSEEEP00000000859	ENSEEEG00000000524	PTDSS2	ENSPKIP00000004500	ENSPKIG00000021568	ptdss2
ENSEEEP00000060106	ENSEEEG00000005638	NARS1	ENSPKIP00000009365	ENSPKIG00000024492	nars1
ENSEEEP00000043115	ENSEEEG00000020355	GMIP	ENSPKIP00000035100	ENSPKIG00000014174	gmip
ENSEEEP00000004051	ENSEEEG00000002162		ENSPKIP00000027034	ENSPKIG00000009271	
ENSEEEP00000006655	ENSEEEG00000003527	RAB11FIP3	ENSPKIP00000022163	ENSPKIG00000006262	rab11fip3
ENSEEEP00000038723	ENSEEEG00000018374	JMJD4	ENSPKIP00000021059	ENSPKIG00000005607	jmjd4
ENSEEEP00000029152	ENSEEEG00000013984	GPR61	ENSPKIP00000036777	ENSPKIG00000015223	gpr61
ENSEEEP00000048981	ENSEEEG00000023019	CDC42SE2	ENSPKIP00000000571	ENSPKIG00000019183	
ENSEEEP00000023766	ENSEEEG00000011516	GLO1	ENSPKIP00000007092	ENSPKIG00000023106	GLO1
ENSEEEP00000043128	ENSEEEG00000020363	lmx1al	ENSPKIP00000035161	ENSPKIG00000014214	lmx1al
ENSEEEP00000050014	ENSEEEG00000023513	KCTD14	ENSPKIP00000008656	ENSPKIG00000024063	kctd14
ENSEEEP00000041330	ENSEEEG00000019562	MLH3	ENSPKIP00000016454	ENSPKIG00000002774	mlh3
ENSEEEP00000000937	ENSEEEG00000000628		ENSPKIP00000015506	ENSPKIG00000002199	cox16
ENSEEEP00000033948	ENSEEEG00000016171	RSPO2	ENSPKIP00000033261	ENSPKIG00000013040	rspo2
ENSEEEP00000058411	ENSEEEG00000028559	iba57	ENSPKIP00000021076	ENSPKIG00000005623	iba57
ENSEEEP00000060123	ENSEEEG00000025036	si:ch1073-174d20.1	ENSPKIP00000001542	ENSPKIG00000019788	DBNDD1
ENSEEEP00000023762	ENSEEEG00000011511	macrod2	ENSPKIP00000009392	ENSPKIG00000024518	MACROD2
ENSEEEP00000038728	ENSEEEG00000018377	cx47.1	ENSPKIP00000021086	ENSPKIG00000005631	gjc2
ENSEEEP00000052580	ENSEEEG00000024628	CITED2	ENSPKIP00000038600	ENSPKIG00000016308	cited2
ENSEEEP00000056535	ENSEEEG00000005437	camkk1a	ENSPKIP00000040640	ENSPKIG00000017515	camkk1a
ENSEEEP00000039053	ENSEEEG00000018538	PHGDH	ENSPKIP00000017872	ENSPKIG00000003606	phgdh
ENSEEEP00000050018	ENSEEEG00000023515	INTS4	ENSPKIP00000008609	ENSPKIG00000024017	ints4
ENSEEEP00000005891	ENSEEEG00000003051		ENSPKIP00000040799	ENSPKIG00000017627	
ENSEEEP00000043151	ENSEEEG00000020374	CHCHD5	ENSPKIP00000035475	ENSPKIG00000014423	
ENSEEEP00000036049	ENSEEEG00000017144	GAS8	ENSPKIP00000001457	ENSPKIG00000019725	drc4
ENSEEEP00000052578	ENSEEEG00000024627	NMBR	ENSPKIP00000015344	ENSPKIG00000002100	nmbr
ENSEEEP00000015662	ENSEEEG00000007759	si:ch211-81n22.1	ENSPKIP00000017566	ENSPKIG00000003426	nat8l2
ENSEEEP00000006659	ENSEEEG00000003534	DECR2	ENSPKIP00000022220	ENSPKIG00000006319	decr2
ENSEEEP00000043853	ENSEEEG00000020725	CFAP52	ENSPKIP00000021965	ENSPKIG00000006146	cfap52
ENSEEEP00000048328	ENSEEEG00000022708	mylpfb	ENSPKIP00000036169	ENSPKIG00000014830	
ENSEEEP00000011915	ENSEEEG00000006006	NFE2L1	ENSPKIP00000012938	ENSPKIG00000000547	NFE2L1
ENSEEEP00000063401	ENSEEEG00000024885		ENSPKIP00000002631	ENSPKIG00000020444	
ENSEEEP00000010580	ENSEEEG00000005369	ID1	ENSPKIP00000004938	ENSPKIG00000021831	ID1
ENSEEEP00000052535	ENSEEEG00000024609	CRHBP	ENSPKIP00000041824	ENSPKIG00000018218	crhbp
ENSEEEP00000045052	ENSEEEG00000021261	samd1b	ENSPKIP00000037006	ENSPKIG00000015366	samd1b
ENSEEEP00000037720	ENSEEEG00000017929	GTF2H1	ENSPKIP00000011733	ENSPKIG00000018688	gtf2h1
ENSEEEP00000012196	ENSEEEG00000006148	HOGA1	ENSPKIP00000036657	ENSPKIG00000015141	hoga1
ENSEEEP00000058928	ENSEEEG00000027403	MAD2L1BP	ENSPKIP00000003782	ENSPKIG00000021139	mad2l1bp
ENSEEEP00000041797	ENSEEEG00000019768	cst14a.1	ENSPKIP00000011772	ENSPKIG00000018715	cst14a.1
ENSEEEP00000044475	ENSEEEG00000021013	PDGFA	ENSPKIP00000023339	ENSPKIG00000006980	PDGFA
ENSEEEP00000015582	ENSEEEG00000007705	GATB	ENSPKIP00000039925	ENSPKIG00000017076	GATB
ENSEEEP00000038224	ENSEEEG00000018175	CXCR5	ENSPKIP00000038169	ENSPKIG00000016062	cxcr5
ENSEEEP00000060645	ENSEEEG00000025361	ccdc58	ENSPKIP00000010413	ENSPKIG00000025147	mix23
ENSEEEP00000041324	ENSEEEG00000019529	KANSL2	ENSPKIP00000015701	ENSPKIG00000002317	kansl2
ENSEEEP00000028904	ENSEEEG00000013877		ENSPKIP00000006837	ENSPKIG00000022948	si:dkeyp-72e1.9
ENSEEEP00000030231	ENSEEEG00000014494	GAMT	ENSPKIP00000024343	ENSPKIG00000007631	gamt
ENSEEEP00000016780	ENSEEEG00000008319	RBM42	ENSPKIP00000036695	ENSPKIG00000015165	rbm42
ENSEEEP00000038225	ENSEEEG00000018176	BCL9L	ENSPKIP00000034297	ENSPKIG00000013683	bcl9l
ENSEEEP00000044476	ENSEEEG00000021015	zmp:0000000624	ENSPKIP00000022023	ENSPKIG00000006197	ccdc137
ENSEEEP00000043845	ENSEEEG00000020722	STX8	ENSPKIP00000022057	ENSPKIG00000006210	stx8
ENSEEEP00000036050	ENSEEEG00000017146	MTHFSD	ENSPKIP00000001355	ENSPKIG00000019658	mthfsd
ENSEEEP00000010365	ENSEEEG00000005250	GPX7	ENSPKIP00000030633	ENSPKIG00000011422	gpx7
ENSEEEP00000012199	ENSEEEG00000006151	LCOR	ENSPKIP00000036610	ENSPKIG00000015112	lcor
ENSEEEP00000041799	ENSEEEG00000019770	FAM162A	ENSPKIP00000010427	ENSPKIG00000025151	fam162a
ENSEEEP00000006662	ENSEEEG00000003535	RDH13	ENSPKIP00000040786	ENSPKIG00000017580	RDH13
ENSEEEP00000030227	ENSEEEG00000014491	NDUFS7	ENSPKIP00000024295	ENSPKIG00000007604	ndufs7
ENSEEEP00000058254	ENSEEEG00000026523	S100Z	ENSPKIP00000041856	ENSPKIG00000018247	s100z
ENSEEEP00000063795	ENSEEEG00000027089		ENSPKIP00000014444	ENSPKIG00000001502	
ENSEEEP00000037025	ENSEEEG00000017583	NPHS1	ENSPKIP00000001881	ENSPKIG00000019917	nphs1
ENSEEEP00000039064	ENSEEEG00000018543	CCDC173	ENSPKIP00000017744	ENSPKIG00000003541	cfap210
ENSEEEP00000001850	ENSEEEG00000001170	CST3	ENSPKIP00000003713	ENSPKIG00000021108	zgc:163030
ENSEEEP00000053901	ENSEEEG00000000636	fuk	ENSPKIP00000033548	ENSPKIG00000013172	fcsk
ENSEEEP00000017999	ENSEEEG00000008870	TRIB1	ENSPKIP00000037054	ENSPKIG00000015389	trib1
ENSEEEP00000052533	ENSEEEG00000024606	ch25hl2	ENSPKIP00000041918	ENSPKIG00000018280	ch25hl2
ENSEEEP00000025741	ENSEEEG00000012470	ATP4B	ENSPKIP00000025107	ENSPKIG00000008098	
ENSEEEP00000006663	ENSEEEG00000003536	zmp:0000000624	ENSPKIP00000023107	ENSPKIG00000006871	zmp:0000000624
ENSEEEP00000010544	ENSEEEG00000005333	creb3l4	ENSPKIP00000032031	ENSPKIG00000012269	CREB3L4
ENSEEEP00000001849	ENSEEEG00000001168	si:dkey-76k16.6	ENSPKIP00000003674	ENSPKIG00000021083	si:dkey-76k16.6
ENSEEEP00000044479	ENSEEEG00000021016	btbd17b	ENSPKIP00000035109	ENSPKIG00000014185	btbd17b
ENSEEEP00000036060	ENSEEEG00000017148	IRF8	ENSPKIP00000012540	ENSPKIG00000000299	irf8
ENSEEEP00000018000	ENSEEEG00000008871	fam92a1	ENSPKIP00000022133	ENSPKIG00000006256	cibar1
ENSEEEP00000052085	ENSEEEG00000024430	gpr101	ENSPKIP00000040898	ENSPKIG00000017683	gpr101
ENSEEEP00000022310	ENSEEEG00000010827	f2rl1.2	ENSPKIP00000041931	ENSPKIG00000018301	f2rl1.2
ENSEEEP00000051441	ENSEEEG00000024145	ACKR2	ENSPKIP00000021113	ENSPKIG00000005651	ACKR2
ENSEEEP00000010547	ENSEEEG00000005350		ENSPKIP00000004360	ENSPKIG00000021505	
ENSEEEP00000017494	ENSEEEG00000008653	LEPROTL1	ENSPKIP00000041957	ENSPKIG00000018313	zgc:92045
ENSEEEP00000064042	ENSEEEG00000029120	HIGD1A	ENSPKIP00000021135	ENSPKIG00000005659	higd1a
ENSEEEP00000010554	ENSEEEG00000005353	C1R	ENSPKIP00000024735	ENSPKIG00000007866	c1r
ENSEEEP00000018001	ENSEEEG00000008872	TRIQK	ENSPKIP00000022172	ENSPKIG00000006290	triqk
ENSEEEP00000022999	ENSEEEG00000011167	SLA2	ENSPKIP00000013234	ENSPKIG00000000745	sla2b
ENSEEEP00000043831	ENSEEEG00000020717	PIK3R5	ENSPKIP00000022153	ENSPKIG00000006271	pik3r5
ENSEEEP00000019609	ENSEEEG00000009608	XRN2	ENSPKIP00000039594	ENSPKIG00000016889	xrn2
ENSEEEP00000048213	ENSEEEG00000022702		ENSPKIP00000011648	ENSPKIG00000018648	
ENSEEEP00000054568	ENSEEEG00000027261	AAMDC	ENSPKIP00000008564	ENSPKIG00000024002	aamdc
ENSEEEP00000010558	ENSEEEG00000005356	C1S	ENSPKIP00000024834	ENSPKIG00000007923	
ENSEEEP00000055162	ENSEEEG00000014489	ctdspl3	ENSPKIP00000024162	ENSPKIG00000007510	ctdspl3
ENSEEEP00000055467	ENSEEEG00000025444	ccdc13	ENSPKIP00000021160	ENSPKIG00000005675	ccdc13
ENSEEEP00000057296	ENSEEEG00000028469	si:ch211-231f6.6	ENSPKIP00000023092	ENSPKIG00000006856	uqcc4
ENSEEEP00000044377	ENSEEEG00000020964	DRD3	ENSPKIP00000033484	ENSPKIG00000013157	drd3
ENSEEEP00000056373	ENSEEEG00000027778	MAP1LC3C	ENSPKIP00000002853	ENSPKIG00000020581	map1lc3c
ENSEEEP00000025270	ENSEEEG00000012259	NAA30	ENSPKIP00000003966	ENSPKIG00000021260	naa30
ENSEEEP00000010560	ENSEEEG00000005358	fhl2b	ENSPKIP00000024880	ENSPKIG00000007959	
ENSEEEP00000009919	ENSEEEG00000005044		ENSPKIP00000002750	ENSPKIG00000020512	
ENSEEEP00000053890	ENSEEEG00000024898		ENSPKIP00000016330	ENSPKIG00000002701	
ENSEEEP00000063557	ENSEEEG00000026997	lzts3b	ENSPKIP00000000370	ENSPKIG00000019072	LZTS3
ENSEEEP00000045870	ENSEEEG00000021622	MGME1	ENSPKIP00000003623	ENSPKIG00000021047	MGME1
ENSEEEP00000054075	ENSEEEG00000018549	fastkd1	ENSPKIP00000017688	ENSPKIG00000003497	fastkd1
ENSEEEP00000052091	ENSEEEG00000024432	zic6	ENSPKIP00000040964	ENSPKIG00000017718	zic6
ENSEEEP00000010561	ENSEEEG00000005359	RBP5	ENSPKIP00000021852	ENSPKIG00000006075	rbp1.2
ENSEEEP00000016770	ENSEEEG00000008315		ENSPKIP00000018496	ENSPKIG00000004035	
ENSEEEP00000006679	ENSEEEG00000003541	zgc:112185	ENSPKIP00000022888	ENSPKIG00000006726	
ENSEEEP00000036068	ENSEEEG00000017154	COX4I1	ENSPKIP00000012560	ENSPKIG00000000311	cox4i1
ENSEEEP00000052574	ENSEEEG00000024626	VTA1	ENSPKIP00000015295	ENSPKIG00000002058	vta1
ENSEEEP00000025773	ENSEEEG00000012491		ENSPKIP00000005307	ENSPKIG00000022029	
ENSEEEP00000050029	ENSEEEG00000023523	CLNS1A	ENSPKIP00000008500	ENSPKIG00000023965	CLNS1A
ENSEEEP00000046169	ENSEEEG00000021749	POLG	ENSPKIP00000036413	ENSPKIG00000014938	polg
ENSEEEP00000045001	ENSEEEG00000021234	hce2l2	ENSPKIP00000027857	ENSPKIG00000009623	
ENSEEEP00000006680	ENSEEEG00000003542	ANKS3	ENSPKIP00000022845	ENSPKIG00000006699	anks3
ENSEEEP00000022392	ENSEEEG00000010876	CLDN19	ENSPKIP00000010799	ENSPKIG00000025373	cldn19
ENSEEEP00000010726	ENSEEEG00000005425	spra	ENSPKIP00000038307	ENSPKIG00000016133	sprb
ENSEEEP00000009947	ENSEEEG00000005062	CREB1	ENSPKIP00000003731	ENSPKIG00000021109	
ENSEEEP00000044383	ENSEEEG00000020966	QTRT2	ENSPKIP00000033412	ENSPKIG00000013085	QTRT2
ENSEEEP00000062586	ENSEEEG00000006153	SLC22A18	ENSPKIP00000034975	ENSPKIG00000014108	slc67a1
ENSEEEP00000047361	ENSEEEG00000022298	IFT74	ENSPKIP00000000075	ENSPKIG00000018861	ift74
ENSEEEP00000025280	ENSEEEG00000012261	ACTR10	ENSPKIP00000014854	ENSPKIG00000001758	actr10
ENSEEEP00000025775	ENSEEEG00000012492		ENSPKIP00000027151	ENSPKIG00000009335	
ENSEEEP00000050030	ENSEEEG00000023526	AQP11	ENSPKIP00000008480	ENSPKIG00000023955	aqp11
ENSEEEP00000020230	ENSEEEG00000009879	UBOX5	ENSPKIP00000000329	ENSPKIG00000019036	ubox5
ENSEEEP00000046042	ENSEEEG00000021693	ARID3A	ENSPKIP00000024065	ENSPKIG00000007465	arid3a
ENSEEEP00000021398	ENSEEEG00000010426	KATNBL1	ENSPKIP00000015556	ENSPKIG00000002234	katnbl1
ENSEEEP00000063926	ENSEEEG00000029129	tomm20b	ENSPKIP00000027131	ENSPKIG00000009309	tomm20b
ENSEEEP00000017478	ENSEEEG00000008647	TSC22D3	ENSPKIP00000031253	ENSPKIG00000011806	
ENSEEEP00000022387	ENSEEEG00000010871	P3H1	ENSPKIP00000010815	ENSPKIG00000025379	p3h1
ENSEEEP00000052573	ENSEEEG00000024625	adgrg6	ENSPKIP00000015241	ENSPKIG00000002007	adgrg6
ENSEEEP00000057360	ENSEEEG00000024434	FGF13	ENSPKIP00000030473	ENSPKIG00000011314	
ENSEEEP00000006686	ENSEEEG00000003544	WDR24	ENSPKIP00000022797	ENSPKIG00000006666	wdr24
ENSEEEP00000034109	ENSEEEG00000016218	GALK2	ENSPKIP00000000072	ENSPKIG00000018866	galk2
ENSEEEP00000051432	ENSEEEG00000024138	TMIE	ENSPKIP00000042063	ENSPKIG00000018827	
ENSEEEP00000044503	ENSEEEG00000021020	zp3f.2	ENSPKIP00000027287	ENSPKIG00000009408	zp3f.2
ENSEEEP00000044235	ENSEEEG00000020898	folr	ENSPKIP00000042007	ENSPKIG00000018836	
ENSEEEP00000021394	ENSEEEG00000010424	EMC7	ENSPKIP00000015615	ENSPKIG00000002271	emc7a
ENSEEEP00000036073	ENSEEEG00000017157	EMC8	ENSPKIP00000012575	ENSPKIG00000000324	emc8
ENSEEEP00000029818	ENSEEEG00000013888	RRN3	ENSPKIP00000002773	ENSPKIG00000020537	rrn3
ENSEEEP00000044976	ENSEEEG00000021231	ankzf1	ENSPKIP00000027311	ENSPKIG00000009427	ankzf1
ENSEEEP00000009950	ENSEEEG00000005064		ENSPKIP00000004383	ENSPKIG00000021469	ccdc141
ENSEEEP00000000820	ENSEEEG00000000554	TTC9	ENSPKIP00000015823	ENSPKIG00000002393	si:ch211-259k16.3
ENSEEEP00000031233	ENSEEEG00000014959	UXT	ENSPKIP00000007558	ENSPKIG00000023407	uxt
ENSEEEP00000061516	ENSEEEG00000020422	ATP13A1	ENSPKIP00000035358	ENSPKIG00000014305	atp13a1
ENSEEEP00000002341	ENSEEEG00000001390	RBM34	ENSPKIP00000027060	ENSPKIG00000009284	rbm34
ENSEEEP00000010714	ENSEEEG00000005420	EXOSC2	ENSPKIP00000018883	ENSPKIG00000004271	exosc2
ENSEEEP00000001901	ENSEEEG00000001181	h3f3a	ENSPKIP00000015244	ENSPKIG00000002029	
ENSEEEP00000018268	ENSEEEG00000008975	mybl2a	ENSPKIP00000011841	ENSPKIG00000018749	
ENSEEEP00000057653	ENSEEEG00000025527	si:ch211-157b11.12	ENSPKIP00000013708	ENSPKIG00000001047	si:ch211-157b11.12
ENSEEEP00000044386	ENSEEEG00000020969	CCDC191	ENSPKIP00000033257	ENSPKIG00000013036	ccdc191
ENSEEEP00000036077	ENSEEEG00000017159	GINS2	ENSPKIP00000012605	ENSPKIG00000000343	gins2
ENSEEEP00000041854	ENSEEEG00000019786	TMEM117	ENSPKIP00000006794	ENSPKIG00000022930	tmem117
ENSEEEP00000019767	ENSEEEG00000009673	KBTBD12	ENSPKIP00000013358	ENSPKIG00000000831	kbtbd12
ENSEEEP00000031234	ENSEEEG00000014960	ELK4	ENSPKIP00000007522	ENSPKIG00000023382	elk1
ENSEEEP00000006695	ENSEEEG00000003549	zgc:112496	ENSPKIP00000022759	ENSPKIG00000006638	zgc:112496
ENSEEEP00000017470	ENSEEEG00000008645	NKX3-2	ENSPKIP00000031157	ENSPKIG00000011760	nkx3-2
ENSEEEP00000057470	ENSEEEG00000012494	GAS6	ENSPKIP00000027099	ENSPKIG00000009307	
ENSEEEP00000062341	ENSEEEG00000028048		ENSPKIP00000041635	ENSPKIG00000018107	
ENSEEEP00000006697	ENSEEEG00000003550	RHBDL1	ENSPKIP00000022712	ENSPKIG00000006617	rhbdl1
ENSEEEP00000049183	ENSEEEG00000023112	tsg101a	ENSPKIP00000012619	ENSPKIG00000000356	tsg101a
ENSEEEP00000021255	ENSEEEG00000010340	PSMB7	ENSPKIP00000025076	ENSPKIG00000008080	psmb7
ENSEEEP00000011393	ENSEEEG00000005757	sult2st3	ENSPKIP00000011128	ENSPKIG00000025559	sult2st3
ENSEEEP00000060393	ENSEEEG00000028330	c20h1orf50	ENSPKIP00000000519	ENSPKIG00000019156	zgc:112255
ENSEEEP00000022210	ENSEEEG00000010786	KLHL14	ENSPKIP00000013476	ENSPKIG00000000895	klhl14
ENSEEEP00000021384	ENSEEEG00000010420	AVEN	ENSPKIP00000034432	ENSPKIG00000013758	
ENSEEEP00000018269	ENSEEEG00000008976	adtrp1	ENSPKIP00000041661	ENSPKIG00000018124	adtrp1
ENSEEEP00000060674	ENSEEEG00000025772	RAB28	ENSPKIP00000031122	ENSPKIG00000011728	RAB28
ENSEEEP00000015652	ENSEEEG00000007755	NCOA5	ENSPKIP00000017088	ENSPKIG00000003145	ncoa5
ENSEEEP00000052572	ENSEEEG00000024624	si:ch211-202p1.5	ENSPKIP00000015181	ENSPKIG00000001972	si:ch211-202p1.5
ENSEEEP00000049964	ENSEEEG00000023488	TRIM50	ENSPKIP00000030051	ENSPKIG00000011059	TRIM50
ENSEEEP00000001874	ENSEEEG00000001178	GPR146	ENSPKIP00000023154	ENSPKIG00000006900	
ENSEEEP00000015356	ENSEEEG00000007628	SDCCAG8	ENSPKIP00000005071	ENSPKIG00000021888	sdccag8
ENSEEEP00000060704	ENSEEEG00000000536	MED6	ENSPKIP00000015849	ENSPKIG00000002417	med6
ENSEEEP00000020889	ENSEEEG00000010189	PRMT9	ENSPKIP00000038699	ENSPKIG00000016354	prmt9
ENSEEEP00000055445	ENSEEEG00000027008	FARSB	ENSPKIP00000023155	ENSPKIG00000006882	
ENSEEEP00000018272	ENSEEEG00000008977	zgc:171857	ENSPKIP00000041423	ENSPKIG00000017983	zgc:171857
ENSEEEP00000044390	ENSEEEG00000020971	zdhhc23b	ENSPKIP00000033224	ENSPKIG00000013009	zdhhc23a
ENSEEEP00000006699	ENSEEEG00000003551	H1-0	ENSPKIP00000022686	ENSPKIG00000006581	h1-0
ENSEEEP00000041249	ENSEEEG00000019525	SDF4	ENSPKIP00000024462	ENSPKIG00000007691	sdf4
ENSEEEP00000020216	ENSEEEG00000009855	slc35d2	ENSPKIP00000041186	ENSPKIG00000017832	slc35d2
ENSEEEP00000019591	ENSEEEG00000009604		ENSPKIP00000039753	ENSPKIG00000016993	
ENSEEEP00000049962	ENSEEEG00000023487	atp1b3b	ENSPKIP00000036297	ENSPKIG00000014914	atp1b3a
ENSEEEP00000017443	ENSEEEG00000008630	HS3ST1	ENSPKIP00000008776	ENSPKIG00000024125	HS3ST1
ENSEEEP00000011321	ENSEEEG00000005734	ST6GAL1	ENSPKIP00000000542	ENSPKIG00000019171	st6gal1
ENSEEEP00000061229	ENSEEEG00000026183	AP5B1	ENSPKIP00000000555	ENSPKIG00000019180	ap5b1
ENSEEEP00000041248	ENSEEEG00000019524	C1QTNF12	ENSPKIP00000024386	ENSPKIG00000007658	c1qtnf12
ENSEEEP00000039684	ENSEEEG00000018825	BSPH1	ENSPKIP00000015143	ENSPKIG00000001960	
ENSEEEP00000033431	ENSEEEG00000015889	si:ch211-285f17.1	ENSPKIP00000033305	ENSPKIG00000013047	KIAA1217
ENSEEEP00000046130	ENSEEEG00000021737	siva1	ENSPKIP00000017690	ENSPKIG00000003502	siva1
ENSEEEP00000021206	ENSEEEG00000010267	NEK6	ENSPKIP00000025231	ENSPKIG00000008180	nek6
ENSEEEP00000061699	ENSEEEG00000025771		ENSPKIP00000008733	ENSPKIG00000024102	
ENSEEEP00000062593	ENSEEEG00000025384	zbtb42	ENSPKIP00000017725	ENSPKIG00000003528	zbtb42
ENSEEEP00000002331	ENSEEEG00000001386	tbce	ENSPKIP00000026916	ENSPKIG00000009157	tbce
ENSEEEP00000019588	ENSEEEG00000009599		ENSPKIP00000039878	ENSPKIG00000017034	si:zfos-223e1.2
ENSEEEP00000028387	ENSEEEG00000013650	MRTO4	ENSPKIP00000041315	ENSPKIG00000017917	mrto4
ENSEEEP00000058627	ENSEEEG00000025270	rab14l	ENSPKIP00000023187	ENSPKIG00000006906	rab14
ENSEEEP00000056143	ENSEEEG00000027645	cep170aa	ENSPKIP00000004970	ENSPKIG00000021828	cep170aa
ENSEEEP00000052570	ENSEEEG00000024622	AIG1	ENSPKIP00000015071	ENSPKIG00000001904	aig1
ENSEEEP00000054468	ENSEEEG00000008614	WDR1	ENSPKIP00000008687	ENSPKIG00000024077	WDR1
ENSEEEP00000049177	ENSEEEG00000023108	LRRC56	ENSPKIP00000012520	ENSPKIG00000000287	lrrc56
ENSEEEP00000017280	ENSEEEG00000008541		ENSPKIP00000027480	ENSPKIG00000009528	
ENSEEEP00000005899	ENSEEEG00000003132	SLC39A7	ENSPKIP00000002571	ENSPKIG00000020415	slc39a7
ENSEEEP00000009263	ENSEEEG00000004754	RSPH4A	ENSPKIP00000039856	ENSPKIG00000017045	rsph4a
ENSEEEP00000048191	ENSEEEG00000022690	ADPRH	ENSPKIP00000041987	ENSPKIG00000018398	adprh
ENSEEEP00000051872	ENSEEEG00000024339		ENSPKIP00000011983	ENSPKIG00000025666	
ENSEEEP00000051424	ENSEEEG00000024135	myl13	ENSPKIP00000021269	ENSPKIG00000005729	myl13
ENSEEEP00000010691	ENSEEEG00000005409	DDX54	ENSPKIP00000041946	ENSPKIG00000018272	ddx54
ENSEEEP00000015626	ENSEEEG00000007635	CTSA	ENSPKIP00000017023	ENSPKIG00000003093	ctsa
ENSEEEP00000052567	ENSEEEG00000024621	ADAT2	ENSPKIP00000015006	ENSPKIG00000001855	adat2
ENSEEEP00000023433	ENSEEEG00000011270	GPAA1	ENSPKIP00000011912	ENSPKIG00000018328	
ENSEEEP00000025781	ENSEEEG00000012497	PROS1	ENSPKIP00000027053	ENSPKIG00000009276	pros1
ENSEEEP00000005914	ENSEEEG00000003135	RING1	ENSPKIP00000008363	ENSPKIG00000023878	RING1
ENSEEEP00000049170	ENSEEEG00000023105	PHRF1	ENSPKIP00000012413	ENSPKIG00000000215	phrf1
ENSEEEP00000028392	ENSEEEG00000013654	akr7a3	ENSPKIP00000035231	ENSPKIG00000014257	akr7a3
ENSEEEP00000031290	ENSEEEG00000014982	PIM2	ENSPKIP00000037403	ENSPKIG00000015605	pim2
ENSEEEP00000021249	ENSEEEG00000010356	prune2	ENSPKIP00000012941	ENSPKIG00000000549	atcayb
ENSEEEP00000041903	ENSEEEG00000019799	IRAK4	ENSPKIP00000006911	ENSPKIG00000023007	irak4
ENSEEEP00000033424	ENSEEEG00000015886	OTUD1	ENSPKIP00000003203	ENSPKIG00000020810	otud1
ENSEEEP00000049948	ENSEEEG00000023482	RFFL	ENSPKIP00000037114	ENSPKIG00000015430	zgc:171740
ENSEEEP00000027083	ENSEEEG00000013074	TIMP3	ENSPKIP00000041982	ENSPKIG00000018394	TIMP3
ENSEEEP00000011314	ENSEEEG00000005731	zgc:152891	ENSPKIP00000000597	ENSPKIG00000019199	
ENSEEEP00000054457	ENSEEEG00000028590	TGIF1	ENSPKIP00000003180	ENSPKIG00000020785	tgif1
ENSEEEP00000060453	ENSEEEG00000028299	SLC35A2	ENSPKIP00000037435	ENSPKIG00000015621	slc35a2
ENSEEEP00000055514	ENSEEEG00000013738	ANKRD31	ENSPKIP00000000237	ENSPKIG00000018983	
ENSEEEP00000054500	ENSEEEG00000026068	SVBP	ENSPKIP00000000699	ENSPKIG00000019263	svbp
ENSEEEP00000017272	ENSEEEG00000008537	TTPA	ENSPKIP00000040391	ENSPKIG00000017372	ttpa
ENSEEEP00000000695	ENSEEEG00000000474	ttr	ENSPKIP00000017776	ENSPKIG00000003564	ttr
ENSEEEP00000010223	ENSEEEG00000005066	SESTD1	ENSPKIP00000003880	ENSPKIG00000021147	sestd1
ENSEEEP00000003608	ENSEEEG00000001974	sh2d1ab	ENSPKIP00000005484	ENSPKIG00000022140	sh2d1ab
ENSEEEP00000019580	ENSEEEG00000009593	CRNKL1	ENSPKIP00000039943	ENSPKIG00000017093	crnkl1
ENSEEEP00000020175	ENSEEEG00000009851	ZNF367	ENSPKIP00000041149	ENSPKIG00000017815	znf367
ENSEEEP00000049944	ENSEEEG00000023479	EIF4H	ENSPKIP00000030105	ENSPKIG00000011080	eif4h
ENSEEEP00000012773	ENSEEEG00000006417	zgc:175088	ENSPKIP00000037247	ENSPKIG00000015503	
ENSEEEP00000008350	ENSEEEG00000004357		ENSPKIP00000038458	ENSPKIG00000016231	
ENSEEEP00000003607	ENSEEEG00000001973	AGTR2	ENSPKIP00000005494	ENSPKIG00000022154	agtr2
ENSEEEP00000015332	ENSEEEG00000007621	DYNC2LI1	ENSPKIP00000006004	ENSPKIG00000022455	dync2li1
ENSEEEP00000040337	ENSEEEG00000018841	PRDM10	ENSPKIP00000034148	ENSPKIG00000013587	prdm10
ENSEEEP00000053081	ENSEEEG00000018712	bin2b	ENSPKIP00000017392	ENSPKIG00000003328	bin2b
ENSEEEP00000049939	ENSEEEG00000023478	si:dkey-35i13.1	ENSPKIP00000037575	ENSPKIG00000015706	si:dkey-35i13.1
ENSEEEP00000019697	ENSEEEG00000009632	NDUFAF7	ENSPKIP00000007250	ENSPKIG00000023222	ndufaf7
ENSEEEP00000031295	ENSEEEG00000014986	BCAP31	ENSPKIP00000037480	ENSPKIG00000015641	bcap31
ENSEEEP00000049937	ENSEEEG00000023477	LIPT2	ENSPKIP00000011354	ENSPKIG00000018486	lipt2
ENSEEEP00000029014	ENSEEEG00000013912	GDA	ENSPKIP00000013397	ENSPKIG00000000854	gda
ENSEEEP00000064508	ENSEEEG00000025764	KLHL21	ENSPKIP00000024186	ENSPKIG00000007526	klhl21
ENSEEEP00000003605	ENSEEEG00000001972	APOOL	ENSPKIP00000005514	ENSPKIG00000022159	APOOL
ENSEEEP00000052564	ENSEEEG00000024620	PEX3	ENSPKIP00000014930	ENSPKIG00000001815	pex3
ENSEEEP00000053345	ENSEEEG00000026020	grnb	ENSPKIP00000010879	ENSPKIG00000025420	
ENSEEEP00000056566	ENSEEEG00000025655	SPCS2	ENSPKIP00000011582	ENSPKIG00000018609	spcs2
ENSEEEP00000049167	ENSEEEG00000023103	IRF7	ENSPKIP00000012328	ENSPKIG00000000159	irf7
ENSEEEP00000021253	ENSEEEG00000010357	mibp	ENSPKIP00000028957	ENSPKIG00000010393	mibp
ENSEEEP00000027088	ENSEEEG00000013078	RERG	ENSPKIP00000042075	ENSPKIG00000018418	si:cabz01085950.1
ENSEEEP00000000746	ENSEEEG00000000350	LGMN	ENSPKIP00000035194	ENSPKIG00000014058	lgmn
ENSEEEP00000048184	ENSEEEG00000022684	MTO1	ENSPKIP00000024950	ENSPKIG00000008001	mto1
ENSEEEP00000007430	ENSEEEG00000003904	GBA3	ENSPKIP00000017851	ENSPKIG00000003613	gba3
ENSEEEP00000041239	ENSEEEG00000019516	ZBTB48	ENSPKIP00000024118	ENSPKIG00000007498	zbtb48
ENSEEEP00000012220	ENSEEEG00000006155	tnnt3a	ENSPKIP00000035557	ENSPKIG00000014475	tnnt3a
ENSEEEP00000025452	ENSEEEG00000012352	ZNF410	ENSPKIP00000015236	ENSPKIG00000001996	znf410
ENSEEEP00000034061	ENSEEEG00000016224	DUS1L	ENSPKIP00000028129	ENSPKIG00000009901	dus1l
ENSEEEP00000028595	ENSEEEG00000013736	fam169aa	ENSPKIP00000042008	ENSPKIG00000018819	FAM169A
ENSEEEP00000012711	ENSEEEG00000006339	TRAF7	ENSPKIP00000033672	ENSPKIG00000013277	traf7
ENSEEEP00000049164	ENSEEEG00000023101	THG1L	ENSPKIP00000015839	ENSPKIG00000002407	thg1l
ENSEEEP00000023671	ENSEEEG00000011469	aqp1a.1	ENSPKIP00000021489	ENSPKIG00000005868	aqp1a.1
ENSEEEP00000004612	ENSEEEG00000002371	arf3b	ENSPKIP00000024023	ENSPKIG00000007437	ARF3
ENSEEEP00000058401	ENSEEEG00000004351		ENSPKIP00000039108	ENSPKIG00000016606	
ENSEEEP00000015327	ENSEEEG00000007617	ABCG5	ENSPKIP00000005961	ENSPKIG00000022422	abcg5
ENSEEEP00000004130	ENSEEEG00000002191	KLHL12	ENSPKIP00000028002	ENSPKIG00000009824	KLHL12
ENSEEEP00000011306	ENSEEEG00000005728	CRCP	ENSPKIP00000030698	ENSPKIG00000011467	crcp
ENSEEEP00000048178	ENSEEEG00000022680	TCTN1	ENSPKIP00000025003	ENSPKIG00000008033	
ENSEEEP00000007400	ENSEEEG00000003883	KCNIP4	ENSPKIP00000019941	ENSPKIG00000004893	KCNIP4
ENSEEEP00000061714	ENSEEEG00000008609	SLC2A9	ENSPKIP00000018336	ENSPKIG00000003931	SLC2A9
ENSEEEP00000011388	ENSEEEG00000005755	TMEM147	ENSPKIP00000011130	ENSPKIG00000025560	tmem147
ENSEEEP00000005985	ENSEEEG00000003153	RPS18	ENSPKIP00000002620	ENSPKIG00000020447	rps18
ENSEEEP00000060095	ENSEEEG00000026843	P4HTM	ENSPKIP00000013499	ENSPKIG00000000917	p4htmb
ENSEEEP00000022266	ENSEEEG00000010810	MAPRE2	ENSPKIP00000016211	ENSPKIG00000002629	mapre2
ENSEEEP00000048175	ENSEEEG00000022677	sult1st6	ENSPKIP00000025134	ENSPKIG00000008115	sult1st6
ENSEEEP00000041235	ENSEEEG00000019514	NOL9	ENSPKIP00000024076	ENSPKIG00000007469	nol9
ENSEEEP00000028593	ENSEEEG00000013730	POMT1	ENSPKIP00000000210	ENSPKIG00000018915	pomt1
ENSEEEP00000004539	ENSEEEG00000002369	FKBP11	ENSPKIP00000024108	ENSPKIG00000007495	fkbp11
ENSEEEP00000049161	ENSEEEG00000023099	nipsnap3a	ENSPKIP00000008252	ENSPKIG00000023824	nipsnap3a
ENSEEEP00000019564	ENSEEEG00000009578	NAA20	ENSPKIP00000004623	ENSPKIG00000021653	naa20
ENSEEEP00000030733	ENSEEEG00000014708	stard15	ENSPKIP00000012905	ENSPKIG00000000534	stard15
ENSEEEP00000009535	ENSEEEG00000004881	CDKN2D	ENSPKIP00000028853	ENSPKIG00000010335	cdkn2d
ENSEEEP00000004535	ENSEEEG00000002367	CCDC65	ENSPKIP00000024081	ENSPKIG00000007474	drc2
ENSEEEP00000022267	ENSEEEG00000010811	spidr	ENSPKIP00000016006	ENSPKIG00000002496	
ENSEEEP00000036085	ENSEEEG00000017165	CIBAR2	ENSPKIP00000012969	ENSPKIG00000000561	CIBAR2
ENSEEEP00000021261	ENSEEEG00000010363	MYDGF	ENSPKIP00000013096	ENSPKIG00000000657	mydgf
ENSEEEP00000022270	ENSEEEG00000010813	cebpd	ENSPKIP00000016075	ENSPKIG00000002564	cebpd
ENSEEEP00000021264	ENSEEEG00000010364	TNFAIP8L1	ENSPKIP00000028998	ENSPKIG00000010419	tnfaip8l1
ENSEEEP00000009554	ENSEEEG00000004886	si:dkeyp-117b8.4	ENSPKIP00000039590	ENSPKIG00000016895	zbed4l2
ENSEEEP00000021269	ENSEEEG00000010366	CERS1	ENSPKIP00000029018	ENSPKIG00000010433	cers1
ENSEEEP00000056043	ENSEEEG00000002358	RPS26	ENSPKIP00000010538	ENSPKIG00000025224	rps26
ENSEEEP00000012233	ENSEEEG00000006165	SLC8B1	ENSPKIP00000025813	ENSPKIG00000008531	slc8b1
ENSEEEP00000009555	ENSEEEG00000004887	ZNF541	ENSPKIP00000039534	ENSPKIG00000016860	
ENSEEEP00000036091	ENSEEEG00000017166	SPCS3	ENSPKIP00000013006	ENSPKIG00000000595	
ENSEEEP00000056129	ENSEEEG00000026341		ENSPKIP00000030261	ENSPKIG00000011188	
ENSEEEP00000042399	ENSEEEG00000019984	GAPDHS	ENSPKIP00000002659	ENSPKIG00000020468	gapdhs
ENSEEEP00000018358	ENSEEEG00000008993	NUP210	ENSPKIP00000041275	ENSPKIG00000017842	nup210
ENSEEEP00000063646	ENSEEEG00000028980	fdx2	ENSPKIP00000028963	ENSPKIG00000010398	fdx2
ENSEEEP00000034159	ENSEEEG00000016265	CEP152	ENSPKIP00000011633	ENSPKIG00000018635	cep152
ENSEEEP00000032716	ENSEEEG00000015571	WRAP53	ENSPKIP00000013548	ENSPKIG00000000944	wrap53
ENSEEEP00000036633	ENSEEEG00000017391	FANK1	ENSPKIP00000018348	ENSPKIG00000003940	fank1
ENSEEEP00000006160	ENSEEEG00000003203	VPS52	ENSPKIP00000002822	ENSPKIG00000020503	vps52
ENSEEEP00000056227	ENSEEEG00000007615	ABCG8	ENSPKIP00000005879	ENSPKIG00000022373	abcg8
ENSEEEP00000009528	ENSEEEG00000004874	zglp1	ENSPKIP00000028999	ENSPKIG00000010420	zglp1
ENSEEEP00000035969	ENSEEEG00000017109	LSM6	ENSPKIP00000038373	ENSPKIG00000016176	lsm6
ENSEEEP00000001013	ENSEEEG00000000589	TRAPPC8	ENSPKIP00000024480	ENSPKIG00000007667	trappc8
ENSEEEP00000025495	ENSEEEG00000012375	evlb	ENSPKIP00000034752	ENSPKIG00000013969	evlb
ENSEEEP00000004515	ENSEEEG00000002351	RPLP2	ENSPKIP00000018974	ENSPKIG00000004338	rplp2a
ENSEEEP00000062443	ENSEEEG00000028291	PPP1R1C	ENSPKIP00000033284	ENSPKIG00000013060	
ENSEEEP00000008310	ENSEEEG00000004120	DCAF11	ENSPKIP00000041697	ENSPKIG00000018132	dcaf11
ENSEEEP00000032081	ENSEEEG00000015305		ENSPKIP00000035081	ENSPKIG00000014163	
ENSEEEP00000018168	ENSEEEG00000008935	H1-10	ENSPKIP00000008059	ENSPKIG00000023713	h1-10
ENSEEEP00000028578	ENSEEEG00000013725	CARD9	ENSPKIP00000001059	ENSPKIG00000019487	card9
ENSEEEP00000059397	ENSEEEG00000017168	ATMIN	ENSPKIP00000013026	ENSPKIG00000000615	atmin
ENSEEEP00000005114	ENSEEEG00000002668	fam155b	ENSPKIP00000001380	ENSPKIG00000019700	nalf2
ENSEEEP00000009524	ENSEEEG00000004871	lyl1	ENSPKIP00000029062	ENSPKIG00000010456	
ENSEEEP00000011244	ENSEEEG00000005564	asl	ENSPKIP00000000456	ENSPKIG00000019088	asl
ENSEEEP00000028574	ENSEEEG00000013724	SNAPC4	ENSPKIP00000001025	ENSPKIG00000019469	
ENSEEEP00000063760	ENSEEEG00000010819	MCM4	ENSPKIP00000015768	ENSPKIG00000002350	mcm4
ENSEEEP00000045868	ENSEEEG00000021621	DRD5	ENSPKIP00000018383	ENSPKIG00000003967	
ENSEEEP00000062701	ENSEEEG00000026296	ZNF668	ENSPKIP00000018711	ENSPKIG00000004175	znf668
ENSEEEP00000060814	ENSEEEG00000016212	ENGASE	ENSPKIP00000006353	ENSPKIG00000022668	engase
ENSEEEP00000009877	ENSEEEG00000005021	selenow1	ENSPKIP00000039327	ENSPKIG00000016722	
ENSEEEP00000060836	ENSEEEG00000028192	EDA	ENSPKIP00000001359	ENSPKIG00000019678	
ENSEEEP00000046497	ENSEEEG00000021904	OLA1	ENSPKIP00000019387	ENSPKIG00000004546	OLA1
ENSEEEP00000021305	ENSEEEG00000010373	NCLN	ENSPKIP00000029086	ENSPKIG00000010457	ncln
ENSEEEP00000045865	ENSEEEG00000021620	OTOP1	ENSPKIP00000018405	ENSPKIG00000003987	OTOP1
ENSEEEP00000039260	ENSEEEG00000018657	ZFYVE21	ENSPKIP00000000380	ENSPKIG00000019061	zfyve21
ENSEEEP00000030529	ENSEEEG00000014623	ngfb	ENSPKIP00000018882	ENSPKIG00000004273	ngfb
ENSEEEP00000062751	ENSEEEG00000028666	FMN1	ENSPKIP00000015838	ENSPKIG00000002400	
ENSEEEP00000036641	ENSEEEG00000017396	klf11b	ENSPKIP00000014911	ENSPKIG00000001812	klf11b
ENSEEEP00000001410	ENSEEEG00000000926	COMMD9	ENSPKIP00000004540	ENSPKIG00000021605	commd9
ENSEEEP00000036097	ENSEEEG00000017169	CENPN	ENSPKIP00000013064	ENSPKIG00000000636	cenpn
ENSEEEP00000001640	ENSEEEG00000001051	CEBPB	ENSPKIP00000023114	ENSPKIG00000006865	cebpb
ENSEEEP00000001658	ENSEEEG00000001062	il21r.1	ENSPKIP00000014783	ENSPKIG00000001727	
ENSEEEP00000009518	ENSEEEG00000004866	HMOX1	ENSPKIP00000029220	ENSPKIG00000010541	HMOX1
ENSEEEP00000012782	ENSEEEG00000006425	MMAA	ENSPKIP00000038200	ENSPKIG00000016070	mmaa
ENSEEEP00000001644	ENSEEEG00000001053	tmem189	ENSPKIP00000023055	ENSPKIG00000006824	peds1b
ENSEEEP00000046328	ENSEEEG00000021810	R3HDM4	ENSPKIP00000023996	ENSPKIG00000007421	r3hdm4
ENSEEEP00000009517	ENSEEEG00000004865		ENSPKIP00000029268	ENSPKIG00000010580	
ENSEEEP00000001414	ENSEEEG00000000927	RPL18A	ENSPKIP00000015321	ENSPKIG00000002081	rpl18a
ENSEEEP00000036100	ENSEEEG00000017172	CMC2	ENSPKIP00000013105	ENSPKIG00000000667	cmc2
ENSEEEP00000012781	ENSEEEG00000006424	zgc:152968	ENSPKIP00000033928	ENSPKIG00000013454	zgc:152968
ENSEEEP00000030112	ENSEEEG00000014435	VAMP3	ENSPKIP00000037262	ENSPKIG00000015519	
ENSEEEP00000019393	ENSEEEG00000009367	CD109	ENSPKIP00000001312	ENSPKIG00000019647	CD109
ENSEEEP00000012337	ENSEEEG00000006209	wnt11f2	ENSPKIP00000034441	ENSPKIG00000013763	wnt11f2
ENSEEEP00000036102	ENSEEEG00000017173	CDYL2	ENSPKIP00000013147	ENSPKIG00000000693	CDYL2
ENSEEEP00000009516	ENSEEEG00000004864	TOM1	ENSPKIP00000029304	ENSPKIG00000010602	TOM1
ENSEEEP00000064127	ENSEEEG00000027733	UBE2V2	ENSPKIP00000022998	ENSPKIG00000006795	
ENSEEEP00000009515	ENSEEEG00000004863		ENSPKIP00000022969	ENSPKIG00000006775	
ENSEEEP00000001418	ENSEEEG00000000933	pthlha	ENSPKIP00000015399	ENSPKIG00000002142	PTHLH
ENSEEEP00000036103	ENSEEEG00000017175	MAF	ENSPKIP00000013283	ENSPKIG00000000774	MAF
ENSEEEP00000028565	ENSEEEG00000013719	UBAC1	ENSPKIP00000036352	ENSPKIG00000014942	ubac1
ENSEEEP00000009553	ENSEEEG00000004885	PRR36	ENSPKIP00000030741	ENSPKIG00000011492	
ENSEEEP00000009514	ENSEEEG00000004861		ENSPKIP00000029533	ENSPKIG00000010735	
ENSEEEP00000025411	ENSEEEG00000012328	TWIST2	ENSPKIP00000028582	ENSPKIG00000010163	twist2
ENSEEEP00000009549	ENSEEEG00000004884	zgc:153911	ENSPKIP00000030693	ENSPKIG00000011454	zgc:153911
ENSEEEP00000045862	ENSEEEG00000021618	TMEM107	ENSPKIP00000018453	ENSPKIG00000004016	TMEM128
ENSEEEP00000053390	ENSEEEG00000024499	tshba	ENSPKIP00000018760	ENSPKIG00000004210	tshba
ENSEEEP00000053481	ENSEEEG00000028947	CD40	ENSPKIP00000028027	ENSPKIG00000009839	tnfrsf9a
ENSEEEP00000021361	ENSEEEG00000010408	SCG5	ENSPKIP00000015929	ENSPKIG00000002463	scg5
ENSEEEP00000025413	ENSEEEG00000012330	si:dkey-34f9.3	ENSPKIP00000028540	ENSPKIG00000010150	si:dkey-34f9.3
ENSEEEP00000015006	ENSEEEG00000007376	LRPPRC	ENSPKIP00000005746	ENSPKIG00000022232	lrpprc
ENSEEEP00000053051	ENSEEEG00000027549	NGRN	ENSPKIP00000034977	ENSPKIG00000014107	ngrn
ENSEEEP00000045859	ENSEEEG00000021616	LYAR	ENSPKIP00000018516	ENSPKIG00000004048	lyar
ENSEEEP00000025437	ENSEEEG00000012334	ASB1	ENSPKIP00000035201	ENSPKIG00000014236	asb1
ENSEEEP00000028822	ENSEEEG00000013840	nfyal	ENSPKIP00000019602	ENSPKIG00000004690	nfyal
ENSEEEP00000001684	ENSEEEG00000001075	SLC52A3	ENSPKIP00000022963	ENSPKIG00000006769	slc52a3-1
ENSEEEP00000009509	ENSEEEG00000004858	atf4a	ENSPKIP00000019346	ENSPKIG00000004556	ATF4
ENSEEEP00000025445	ENSEEEG00000012347	TRAF3IP1	ENSPKIP00000028519	ENSPKIG00000010143	
ENSEEEP00000034019	ENSEEEG00000016208	baxb	ENSPKIP00000002002	ENSPKIG00000020058	
ENSEEEP00000032645	ENSEEEG00000015566	POP7	ENSPKIP00000001650	ENSPKIG00000019869	pop7
ENSEEEP00000053503	ENSEEEG00000026791	C9orf85	ENSPKIP00000013436	ENSPKIG00000000880	zgc:101016
ENSEEEP00000028558	ENSEEEG00000013708	MSH3	ENSPKIP00000035338	ENSPKIG00000014339	msh3
ENSEEEP00000024694	ENSEEEG00000011958	SAAL1	ENSPKIP00000002551	ENSPKIG00000020375	saal1
ENSEEEP00000009507	ENSEEEG00000004855	RPS19BP1	ENSPKIP00000019452	ENSPKIG00000004623	rps19bp1
ENSEEEP00000004139	ENSEEEG00000002186	ywhaqb	ENSPKIP00000001476	ENSPKIG00000019763	ywhaqb
ENSEEEP00000034016	ENSEEEG00000016205	ALDH16A1	ENSPKIP00000002070	ENSPKIG00000020091	aldh16a1
ENSEEEP00000006163	ENSEEEG00000003286		ENSPKIP00000022459	ENSPKIG00000006455	
ENSEEEP00000045856	ENSEEEG00000021614	ZBTB49	ENSPKIP00000018563	ENSPKIG00000004091	zbtb49
ENSEEEP00000064085	ENSEEEG00000027466	ABHD17B	ENSPKIP00000013461	ENSPKIG00000000894	abhd17b
ENSEEEP00000023232	ENSEEEG00000011262	EXOSC4	ENSPKIP00000042027	ENSPKIG00000018362	exosc4
ENSEEEP00000012334	ENSEEEG00000006208	igbp1	ENSPKIP00000034505	ENSPKIG00000013802	igbp1
ENSEEEP00000032640	ENSEEEG00000015543	epoa	ENSPKIP00000013823	ENSPKIG00000001109	epob
ENSEEEP00000004158	ENSEEEG00000002205	GCFC2	ENSPKIP00000039710	ENSPKIG00000016963	gcfc2
ENSEEEP00000001689	ENSEEEG00000001079	SCRT2	ENSPKIP00000022940	ENSPKIG00000006756	scrt2
ENSEEEP00000006165	ENSEEEG00000003287	CASS4	ENSPKIP00000032504	ENSPKIG00000012527	
ENSEEEP00000018082	ENSEEEG00000008897	EEFSEC	ENSPKIP00000020446	ENSPKIG00000005220	eefsec
ENSEEEP00000037148	ENSEEEG00000017644	PXYLP1	ENSPKIP00000028358	ENSPKIG00000010037	pxylp1
ENSEEEP00000010487	ENSEEEG00000005032	AKAP10	ENSPKIP00000001428	ENSPKIG00000019721	akap10
ENSEEEP00000042738	ENSEEEG00000020164	NSG1	ENSPKIP00000018636	ENSPKIG00000004134	NSG1
ENSEEEP00000021318	ENSEEEG00000010385	S1PR4	ENSPKIP00000029125	ENSPKIG00000010500	s1pr4
ENSEEEP00000015334	ENSEEEG00000007548	PLTP	ENSPKIP00000016921	ENSPKIG00000003047	pltp
ENSEEEP00000057486	ENSEEEG00000023399	trim62.1	ENSPKIP00000033574	ENSPKIG00000013240	trim62.1
ENSEEEP00000017546	ENSEEEG00000008677	GPR84	ENSPKIP00000025494	ENSPKIG00000008354	
ENSEEEP00000039162	ENSEEEG00000018614	zgc:172182	ENSPKIP00000001433	ENSPKIG00000019739	zgc:172182
ENSEEEP00000006166	ENSEEEG00000003289	Nov	ENSPKIP00000032352	ENSPKIG00000012489	
ENSEEEP00000054921	ENSEEEG00000027124	JPT2	ENSPKIP00000010902	ENSPKIG00000025436	
ENSEEEP00000057795	ENSEEEG00000019486	HSPG2	ENSPKIP00000029020	ENSPKIG00000009289	hspg2
ENSEEEP00000049780	ENSEEEG00000023400	TNFRSF1B	ENSPKIP00000031789	ENSPKIG00000012130	
ENSEEEP00000006169	ENSEEEG00000003290		ENSPKIP00000032331	ENSPKIG00000012458	
ENSEEEP00000001694	ENSEEEG00000001082	TCF15	ENSPKIP00000022923	ENSPKIG00000006747	tcf15
ENSEEEP00000049781	ENSEEEG00000023401	MIIP	ENSPKIP00000033784	ENSPKIG00000013351	miip
ENSEEEP00000028403	ENSEEEG00000013660		ENSPKIP00000025735	ENSPKIG00000008496	
ENSEEEP00000009527	ENSEEEG00000004873	TACC3	ENSPKIP00000011750	ENSPKIG00000018717	tacc3
ENSEEEP00000042736	ENSEEEG00000020160	STX18	ENSPKIP00000018662	ENSPKIG00000004152	stx18
ENSEEEP00000006172	ENSEEEG00000003291	PSMB10	ENSPKIP00000032253	ENSPKIG00000012420	psmb10
ENSEEEP00000033984	ENSEEEG00000025867	fthl31	ENSPKIP00000019471	ENSPKIG00000004625	
ENSEEEP00000018078	ENSEEEG00000008896	RUVBL1	ENSPKIP00000010663	ENSPKIG00000025291	ruvbl1
ENSEEEP00000025548	ENSEEEG00000012395	LAMP5	ENSPKIP00000016369	ENSPKIG00000002715	LAMP5
ENSEEEP00000028442	ENSEEEG00000013675	PARK7	ENSPKIP00000034630	ENSPKIG00000013874	park7
ENSEEEP00000062850	ENSEEEG00000028785	c1qtnf6b	ENSPKIP00000024218	ENSPKIG00000007556	c1qtnf6b
ENSEEEP00000029727	ENSEEEG00000014241	trim66	ENSPKIP00000033802	ENSPKIG00000013360	
ENSEEEP00000006174	ENSEEEG00000003293	SELENOH	ENSPKIP00000032230	ENSPKIG00000012401	selenoh
ENSEEEP00000057547	ENSEEEG00000027509	mustn1a	ENSPKIP00000010656	ENSPKIG00000025285	MUSTN1
ENSEEEP00000028401	ENSEEEG00000013610	PLBD1	ENSPKIP00000025594	ENSPKIG00000008398	plbd1a
ENSEEEP00000012331	ENSEEEG00000006011	taf1	ENSPKIP00000035862	ENSPKIG00000014590	taf1
ENSEEEP00000034825	ENSEEEG00000016573	GPR151	ENSPKIP00000016177	ENSPKIG00000002624	GPR151
ENSEEEP00000026527	ENSEEEG00000012829	pitpnc1b	ENSPKIP00000032510	ENSPKIG00000012579	pitpnc1b
ENSEEEP00000023472	ENSEEEG00000011379	MC3R	ENSPKIP00000022814	ENSPKIG00000006652	mc3r
ENSEEEP00000003369	ENSEEEG00000000992	XPOT	ENSPKIP00000015152	ENSPKIG00000001935	xpot
ENSEEEP00000059902	ENSEEEG00000003297		ENSPKIP00000031997	ENSPKIG00000012271	
ENSEEEP00000021737	ENSEEEG00000010568		ENSPKIP00000039151	ENSPKIG00000016626	
ENSEEEP00000023470	ENSEEEG00000011378	SLC13A3	ENSPKIP00000022674	ENSPKIG00000006565	slc13a3
ENSEEEP00000046511	ENSEEEG00000021910	Fam101b	ENSPKIP00000007192	ENSPKIG00000023181	wipf1a
ENSEEEP00000030616	ENSEEEG00000014663	SYVN1	ENSPKIP00000013298	ENSPKIG00000000759	syvn1
ENSEEEP00000042720	ENSEEEG00000020159	msx1a	ENSPKIP00000018694	ENSPKIG00000004171	MSX1
ENSEEEP00000053484	ENSEEEG00000014239	STK33	ENSPKIP00000038566	ENSPKIG00000016292	stk33
ENSEEEP00000018065	ENSEEEG00000008895	rft1	ENSPKIP00000002229	ENSPKIG00000020189	rft1
ENSEEEP00000042718	ENSEEEG00000020158	CYTL1	ENSPKIP00000018729	ENSPKIG00000004186	cytl1
ENSEEEP00000041935	ENSEEEG00000019820	GXYLT1	ENSPKIP00000004389	ENSPKIG00000021508	gxylt1b
ENSEEEP00000049856	ENSEEEG00000028882		ENSPKIP00000031138	ENSPKIG00000011744	
ENSEEEP00000024586	ENSEEEG00000011920	SERGEF	ENSPKIP00000030852	ENSPKIG00000011561	sergef
ENSEEEP00000026528	ENSEEEG00000012831	si:dkeyp-69b9.3	ENSPKIP00000032417	ENSPKIG00000012523	si:dkeyp-69b9.3
ENSEEEP00000023463	ENSEEEG00000011376	OCSTAMP	ENSPKIP00000022582	ENSPKIG00000006534	ocstamp
ENSEEEP00000026531	ENSEEEG00000012832		ENSPKIP00000032357	ENSPKIG00000012497	
ENSEEEP00000029719	ENSEEEG00000014227	LMO1	ENSPKIP00000038542	ENSPKIG00000016258	lmo1
ENSEEEP00000006184	ENSEEEG00000026879		ENSPKIP00000031982	ENSPKIG00000012260	
ENSEEEP00000026533	ENSEEEG00000012833	ntd5	ENSPKIP00000032325	ENSPKIG00000012476	ntd5
ENSEEEP00000030611	ENSEEEG00000014660	GPR137	ENSPKIP00000013342	ENSPKIG00000000816	gpr137
ENSEEEP00000009405	ENSEEEG00000004625	TAB1	ENSPKIP00000024471	ENSPKIG00000007698	tab1
ENSEEEP00000049854	ENSEEEG00000023432		ENSPKIP00000031318	ENSPKIG00000011843	
ENSEEEP00000023462	ENSEEEG00000011374	trhrb	ENSPKIP00000022566	ENSPKIG00000006527	
ENSEEEP00000063571	ENSEEEG00000027939	zgc:112163	ENSPKIP00000020605	ENSPKIG00000005314	zgc:112163
ENSEEEP00000009511	ENSEEEG00000004853	TDRD9	ENSPKIP00000041046	ENSPKIG00000017763	tdrd9
ENSEEEP00000018056	ENSEEEG00000008892	zgc:172271	ENSPKIP00000036696	ENSPKIG00000015130	sxph
ENSEEEP00000032601	ENSEEEG00000015541	ufsp1	ENSPKIP00000013851	ENSPKIG00000001128	ufsp1
ENSEEEP00000001056	ENSEEEG00000000710		ENSPKIP00000017985	ENSPKIG00000003701	
ENSEEEP00000030605	ENSEEEG00000014655	pld7	ENSPKIP00000013391	ENSPKIG00000000849	pld7
ENSEEEP00000037182	ENSEEEG00000017670	tlcd4a	ENSPKIP00000025848	ENSPKIG00000008560	TLCD4
ENSEEEP00000034729	ENSEEEG00000016511	TMCO6	ENSPKIP00000002732	ENSPKIG00000020502	tmco6
ENSEEEP00000049795	ENSEEEG00000023406	CDV3	ENSPKIP00000034168	ENSPKIG00000013602	
ENSEEEP00000046524	ENSEEEG00000021914	LNPK	ENSPKIP00000007035	ENSPKIG00000023083	lnpk
ENSEEEP00000049848	ENSEEEG00000023428	or120-1	ENSPKIP00000031335	ENSPKIG00000011856	
ENSEEEP00000052223	ENSEEEG00000024482	capza1a	ENSPKIP00000039722	ENSPKIG00000016960	capza1b
ENSEEEP00000059810	ENSEEEG00000027297	or55e1	ENSPKIP00000031410	ENSPKIG00000011887	
ENSEEEP00000033955	ENSEEEG00000016168	TNNT1	ENSPKIP00000002176	ENSPKIG00000020175	tnnt1
ENSEEEP00000034726	ENSEEEG00000016508	DNAJC4	ENSPKIP00000035129	ENSPKIG00000014195	dnajc4
ENSEEEP00000023452	ENSEEEG00000011371	PYM1	ENSPKIP00000022190	ENSPKIG00000006301	pym1
ENSEEEP00000009336	ENSEEEG00000004791	APOF	ENSPKIP00000025325	ENSPKIG00000008244	apof
ENSEEEP00000018054	ENSEEEG00000008891	EIF4ENIF1	ENSPKIP00000001109	ENSPKIG00000019521	EIF4ENIF1
ENSEEEP00000026540	ENSEEEG00000012839	UBE2S	ENSPKIP00000032242	ENSPKIG00000012412	ube2s
ENSEEEP00000037190	ENSEEEG00000017675	RWDD3	ENSPKIP00000036395	ENSPKIG00000014985	RWDD3
ENSEEEP00000023448	ENSEEEG00000011368	SPATS2	ENSPKIP00000022140	ENSPKIG00000006242	SPATS2
ENSEEEP00000046533	ENSEEEG00000021916	MTX2	ENSPKIP00000036089	ENSPKIG00000014775	mtx2
ENSEEEP00000039899	ENSEEEG00000018914	zgc:110540	ENSPKIP00000041871	ENSPKIG00000018245	zgc:110540
ENSEEEP00000049797	ENSEEEG00000023407	ccdc114	ENSPKIP00000034193	ENSPKIG00000013616	odad1
ENSEEEP00000064258	ENSEEEG00000027844	THAP1	ENSPKIP00000000193	ENSPKIG00000018957	THAP1
ENSEEEP00000018053	ENSEEEG00000008890	PATZ1	ENSPKIP00000001208	ENSPKIG00000019584	patz1
ENSEEEP00000047314	ENSEEEG00000022272	june	ENSPKIP00000000180	ENSPKIG00000018944	june
ENSEEEP00000026541	ENSEEEG00000012840	JOSD2	ENSPKIP00000032225	ENSPKIG00000012398	josd2
ENSEEEP00000011725	ENSEEEG00000005903		ENSPKIP00000018734	ENSPKIG00000004191	
ENSEEEP00000000930	ENSEEEG00000000630	ompa	ENSPKIP00000008273	ENSPKIG00000023839	ompa
ENSEEEP00000056356	ENSEEEG00000025725	RNF170	ENSPKIP00000000534	ENSPKIG00000019162	rnf170
ENSEEEP00000034720	ENSEEEG00000016492	stx5a	ENSPKIP00000034863	ENSPKIG00000014020	stx5a
ENSEEEP00000011715	ENSEEEG00000005899	CD37	ENSPKIP00000027525	ENSPKIG00000009554	
ENSEEEP00000009328	ENSEEEG00000004788	OS9	ENSPKIP00000025225	ENSPKIG00000008156	os9
ENSEEEP00000043718	ENSEEEG00000020665	ZAR1	ENSPKIP00000018689	ENSPKIG00000004141	zar1
ENSEEEP00000050144	ENSEEEG00000023587	DCUN1D5	ENSPKIP00000011960	ENSPKIG00000025639	DCUN1D5
ENSEEEP00000033934	ENSEEEG00000016156	BMT2	ENSPKIP00000002233	ENSPKIG00000020208	pih1d1
ENSEEEP00000049825	ENSEEEG00000023408	TAS1R3	ENSPKIP00000034442	ENSPKIG00000013729	tas1r3
ENSEEEP00000062410	ENSEEEG00000006530	NUP188	ENSPKIP00000010729	ENSPKIG00000025335	nup188
ENSEEEP00000030587	ENSEEEG00000014650	LMAN2	ENSPKIP00000001105	ENSPKIG00000019510	lman2
ENSEEEP00000041653	ENSEEEG00000019707	RRAS2	ENSPKIP00000038349	ENSPKIG00000016148	rras2
ENSEEEP00000020958	ENSEEEG00000010218	TAF1B	ENSPKIP00000007845	ENSPKIG00000023574	taf1b
ENSEEEP00000043720	ENSEEEG00000020666	SLC10A4	ENSPKIP00000018590	ENSPKIG00000004106	slc10a4
ENSEEEP00000043722	ENSEEEG00000020667	si:dkey-90m5.4	ENSPKIP00000018558	ENSPKIG00000004088	
ENSEEEP00000018121	ENSEEEG00000008912	OTUD6B	ENSPKIP00000022300	ENSPKIG00000006367	otud6b
ENSEEEP00000026547	ENSEEEG00000012844	LENG9	ENSPKIP00000032026	ENSPKIG00000012289	
ENSEEEP00000046782	ENSEEEG00000022030	TINAGL1	ENSPKIP00000007481	ENSPKIG00000023340	TINAGL1
ENSEEEP00000038835	ENSEEEG00000018420	si:ch211-165i18.2	ENSPKIP00000023860	ENSPKIG00000007324	
ENSEEEP00000010449	ENSEEEG00000005283	CEP95	ENSPKIP00000022857	ENSPKIG00000006708	CEP95
ENSEEEP00000020953	ENSEEEG00000010207	ywhaqa	ENSPKIP00000007883	ENSPKIG00000023611	ywhaqa
ENSEEEP00000049784	ENSEEEG00000023402	MRAP	ENSPKIP00000006164	ENSPKIG00000022551	
ENSEEEP00000038843	ENSEEEG00000018421	GPR143	ENSPKIP00000031515	ENSPKIG00000011965	gpr143
ENSEEEP00000056691	ENSEEEG00000027521	TMED9	ENSPKIP00000001041	ENSPKIG00000019481	tmed9
ENSEEEP00000061718	ENSEEEG00000027177		ENSPKIP00000022412	ENSPKIG00000006427	
ENSEEEP00000060565	ENSEEEG00000020670	SLAIN2	ENSPKIP00000018555	ENSPKIG00000004084	slain2
ENSEEEP00000049827	ENSEEEG00000023414		ENSPKIP00000020202	ENSPKIG00000005071	
ENSEEEP00000029272	ENSEEEG00000014029	si:dkeyp-38g8.5	ENSPKIP00000020410	ENSPKIG00000005205	si:dkeyp-38g8.5
ENSEEEP00000015591	ENSEEEG00000007731	sh3d19	ENSPKIP00000039591	ENSPKIG00000016893	
ENSEEEP00000042421	ENSEEEG00000020029	HPN	ENSPKIP00000022474	ENSPKIG00000006466	hpn
ENSEEEP00000047945	ENSEEEG00000022578	PELO	ENSPKIP00000036764	ENSPKIG00000015190	pelo
ENSEEEP00000055199	ENSEEEG00000024674	GTPBP8	ENSPKIP00000034035	ENSPKIG00000013526	gtpbp8
ENSEEEP00000026554	ENSEEEG00000012845	FLCN	ENSPKIP00000031938	ENSPKIG00000012236	flcn
ENSEEEP00000009492	ENSEEEG00000004842	rtn1a	ENSPKIP00000041166	ENSPKIG00000017827	
ENSEEEP00000046547	ENSEEEG00000021918	cycsb	ENSPKIP00000006216	ENSPKIG00000022585	cycsb
ENSEEEP00000044246	ENSEEEG00000020905	si:ch211-157c3.4	ENSPKIP00000041864	ENSPKIG00000018249	si:ch211-157c3.4
ENSEEEP00000038882	ENSEEEG00000018422	SLC10A2	ENSPKIP00000024348	ENSPKIG00000007636	slc10a2
ENSEEEP00000052963	ENSEEEG00000028306	si:ch211-191a24.4	ENSPKIP00000024755	ENSPKIG00000007876	si:ch211-191a24.4
ENSEEEP00000029270	ENSEEEG00000014028	OPTC	ENSPKIP00000008018	ENSPKIG00000023674	epyc
ENSEEEP00000046548	ENSEEEG00000021923	CCR7	ENSPKIP00000024414	ENSPKIG00000007679	ccr7
ENSEEEP00000044244	ENSEEEG00000020902	PTX4	ENSPKIP00000041836	ENSPKIG00000018235	ptx4
ENSEEEP00000030571	ENSEEEG00000014644	B4GALT7	ENSPKIP00000028626	ENSPKIG00000010180	b4galt7
ENSEEEP00000041658	ENSEEEG00000019710	CYP2R1	ENSPKIP00000007924	ENSPKIG00000023638	cyp2r1
ENSEEEP00000058297	ENSEEEG00000023596	EIF2A	ENSPKIP00000035794	ENSPKIG00000014595	eif2a
ENSEEEP00000058135	ENSEEEG00000028845		ENSPKIP00000036778	ENSPKIG00000015205	
ENSEEEP00000029268	ENSEEEG00000014027	LUM	ENSPKIP00000020282	ENSPKIG00000005122	lum
ENSEEEP00000015600	ENSEEEG00000007732	RPS3A	ENSPKIP00000034824	ENSPKIG00000014006	RPS3A
ENSEEEP00000033906	ENSEEEG00000016146	PRL	ENSPKIP00000001388	ENSPKIG00000019703	prl
ENSEEEP00000029266	ENSEEEG00000014022	DCN	ENSPKIP00000020235	ENSPKIG00000005086	dcn
ENSEEEP00000041660	ENSEEEG00000019711	calca	ENSPKIP00000038111	ENSPKIG00000016029	calca
ENSEEEP00000030569	ENSEEEG00000014643	emx3	ENSPKIP00000028561	ENSPKIG00000010164	emx3
ENSEEEP00000038894	ENSEEEG00000018450	NEPRO	ENSPKIP00000033873	ENSPKIG00000013402	rmp64
ENSEEEP00000047937	ENSEEEG00000022575	PATL2	ENSPKIP00000039584	ENSPKIG00000016887	patl2
ENSEEEP00000029253	ENSEEEG00000014021	wu:fc23c09	ENSPKIP00000020197	ENSPKIG00000005069	wu:fc23c09
ENSEEEP00000030567	ENSEEEG00000014641	ccdc69	ENSPKIP00000005851	ENSPKIG00000022369	ccdc69
ENSEEEP00000046559	ENSEEEG00000021928	COQ7	ENSPKIP00000029479	ENSPKIG00000010695	COQ7
ENSEEEP00000018127	ENSEEEG00000008914	SFPQ	ENSPKIP00000006961	ENSPKIG00000023035	sfpq
ENSEEEP00000062314	ENSEEEG00000013594	PICK1	ENSPKIP00000025497	ENSPKIG00000008339	pick1
ENSEEEP00000009482	ENSEEEG00000004840	LRRC9	ENSPKIP00000041328	ENSPKIG00000017888	LRRC9
ENSEEEP00000030565	ENSEEEG00000014640	GM2A	ENSPKIP00000005885	ENSPKIG00000022390	gm2a
ENSEEEP00000042427	ENSEEEG00000020032	DNASE2	ENSPKIP00000026278	ENSPKIG00000008826	dnase2
ENSEEEP00000015109	ENSEEEG00000007486	PCIF1	ENSPKIP00000016875	ENSPKIG00000003011	pcif1
ENSEEEP00000054302	ENSEEEG00000022572	TGFB1I1	ENSPKIP00000036557	ENSPKIG00000015056	TGFB1I1
ENSEEEP00000042432	ENSEEEG00000020033	RGL2	ENSPKIP00000026449	ENSPKIG00000008901	rgl2
ENSEEEP00000043742	ENSEEEG00000020673	ANAPC4	ENSPKIP00000018510	ENSPKIG00000004047	anapc4
ENSEEEP00000056226	ENSEEEG00000005541	rpl23a	ENSPKIP00000033633	ENSPKIG00000013271	rpl23a
ENSEEEP00000060090	ENSEEEG00000025508	NAT9	ENSPKIP00000025874	ENSPKIG00000008570	nat9
ENSEEEP00000039394	ENSEEEG00000018704	eif3s6ip	ENSPKIP00000039799	ENSPKIG00000016998	EIF3L
ENSEEEP00000009454	ENSEEEG00000004825	PCNX4	ENSPKIP00000041400	ENSPKIG00000017970	pcnx4
ENSEEEP00000033399	ENSEEEG00000015864	PDCD6	ENSPKIP00000024526	ENSPKIG00000007739	PDCD6
ENSEEEP00000042176	ENSEEEG00000019923	LRRC59	ENSPKIP00000025795	ENSPKIG00000008516	lrrc59
ENSEEEP00000064516	ENSEEEG00000028691		ENSPKIP00000036858	ENSPKIG00000015272	
ENSEEEP00000009440	ENSEEEG00000004824	dhrs7	ENSPKIP00000041502	ENSPKIG00000018017	dhrs7
ENSEEEP00000042191	ENSEEEG00000019929	srsf2a	ENSPKIP00000007096	ENSPKIG00000023128	
ENSEEEP00000029189	ENSEEEG00000013926	RECQL	ENSPKIP00000025071	ENSPKIG00000008072	recql
ENSEEEP00000052922	ENSEEEG00000021860		ENSPKIP00000025413	ENSPKIG00000008299	
ENSEEEP00000002409	ENSEEEG00000001410	tmem256	ENSPKIP00000031973	ENSPKIG00000012256	TMEM256
ENSEEEP00000028096	ENSEEEG00000013409	TENT2	ENSPKIP00000040612	ENSPKIG00000017504	tent2
ENSEEEP00000057335	ENSEEEG00000028471	mxra7	ENSPKIP00000007108	ENSPKIG00000023137	
ENSEEEP00000002403	ENSEEEG00000001407	fgf11a	ENSPKIP00000016658	ENSPKIG00000002888	fgf11a
ENSEEEP00000000790	ENSEEEG00000000538		ENSPKIP00000014971	ENSPKIG00000001842	
ENSEEEP00000049867	ENSEEEG00000023440	rpl29	ENSPKIP00000010282	ENSPKIG00000025048	rpl29
ENSEEEP00000026075	ENSEEEG00000012628	P2RY4	ENSPKIP00000041783	ENSPKIG00000018197	P2RY4
ENSEEEP00000042194	ENSEEEG00000019932	st6galnac1.1	ENSPKIP00000026351	ENSPKIG00000008877	st6galnac1.1
ENSEEEP00000047926	ENSEEEG00000022566	PKMYT1	ENSPKIP00000036242	ENSPKIG00000014877	pkmyt1
ENSEEEP00000033375	ENSEEEG00000015862	rec8b	ENSPKIP00000029980	ENSPKIG00000011018	
ENSEEEP00000046772	ENSEEEG00000022025	CHRAC1	ENSPKIP00000015021	ENSPKIG00000001875	chrac1
ENSEEEP00000049885	ENSEEEG00000023447	POC1A	ENSPKIP00000010307	ENSPKIG00000025072	poc1a
ENSEEEP00000014923	ENSEEEG00000007432	USH1C	ENSPKIP00000015429	ENSPKIG00000002131	ush1c
ENSEEEP00000057861	ENSEEEG00000023714	tnnt2a	ENSPKIP00000030305	ENSPKIG00000011216	tnnt2a
ENSEEEP00000047910	ENSEEEG00000022557	RPL19	ENSPKIP00000027745	ENSPKIG00000009673	rpl19
ENSEEEP00000033373	ENSEEEG00000015860	si:ch211-196f5.2	ENSPKIP00000024650	ENSPKIG00000007817	si:ch211-196f5.2
ENSEEEP00000001279	ENSEEEG00000000869	CEP78	ENSPKIP00000003818	ENSPKIG00000021157	cep78
ENSEEEP00000034667	ENSEEEG00000016489	kcnk4a	ENSPKIP00000034647	ENSPKIG00000013825	kcnk4a
ENSEEEP00000049294	ENSEEEG00000023169	MNAT1	ENSPKIP00000041747	ENSPKIG00000018174	mnat1
ENSEEEP00000037999	ENSEEEG00000018043	cfap206	ENSPKIP00000041172	ENSPKIG00000017762	cfap206
ENSEEEP00000017759	ENSEEEG00000008775	dusp3b	ENSPKIP00000012134	ENSPKIG00000000037	
ENSEEEP00000028267	ENSEEEG00000013589	desi1a	ENSPKIP00000018461	ENSPKIG00000004018	desi1b
ENSEEEP00000047903	ENSEEEG00000022556	STAC2	ENSPKIP00000005419	ENSPKIG00000022092	STAC2
ENSEEEP00000050443	ENSEEEG00000023715	APOH	ENSPKIP00000006098	ENSPKIG00000022516	
ENSEEEP00000039730	ENSEEEG00000018839	KCNK4	ENSPKIP00000007284	ENSPKIG00000023232	KCNK4
ENSEEEP00000028264	ENSEEEG00000013588	cbx7a	ENSPKIP00000013608	ENSPKIG00000000972	
ENSEEEP00000014922	ENSEEEG00000007431	MYOD1	ENSPKIP00000015740	ENSPKIG00000002354	myod1
ENSEEEP00000053506	ENSEEEG00000024735	CABIN1	ENSPKIP00000005576	ENSPKIG00000022171	cabin1
ENSEEEP00000049292	ENSEEEG00000023168	TRMT5	ENSPKIP00000041787	ENSPKIG00000018196	TRMT5
ENSEEEP00000002247	ENSEEEG00000001360	cldn7a	ENSPKIP00000015892	ENSPKIG00000002436	cldn7a
ENSEEEP00000022954	ENSEEEG00000011141	clmpa	ENSPKIP00000013592	ENSPKIG00000000967	clmpa
ENSEEEP00000039728	ENSEEEG00000029060	tmem176	ENSPKIP00000007546	ENSPKIG00000023395	prdx5
ENSEEEP00000010852	ENSEEEG00000005492	SUPT6H	ENSPKIP00000034044	ENSPKIG00000013468	supt6h
ENSEEEP00000062715	ENSEEEG00000022536	MED1	ENSPKIP00000002844	ENSPKIG00000020555	med1
ENSEEEP00000022952	ENSEEEG00000011138	smfn	ENSPKIP00000013503	ENSPKIG00000000911	smfn
ENSEEEP00000015898	ENSEEEG00000007857	ponzr3	ENSPKIP00000001961	ENSPKIG00000020040	ponzr2
ENSEEEP00000014915	ENSEEEG00000007427	prr33	ENSPKIP00000016020	ENSPKIG00000002526	prr33
ENSEEEP00000034645	ENSEEEG00000016449	tgfb5	ENSPKIP00000010618	ENSPKIG00000025268	tgfb5
ENSEEEP00000050254	ENSEEEG00000023630	mmp23bb	ENSPKIP00000035719	ENSPKIG00000014550	mmp23bb
ENSEEEP00000049900	ENSEEEG00000023457	dtx3lb.2	ENSPKIP00000023399	ENSPKIG00000007031	
ENSEEEP00000057531	ENSEEEG00000007412	tnni2a.4	ENSPKIP00000016198	ENSPKIG00000002626	TNNI2
ENSEEEP00000015022	ENSEEEG00000007359	ube2c	ENSPKIP00000016799	ENSPKIG00000002964	ube2c
ENSEEEP00000028259	ENSEEEG00000013586	XPNPEP3	ENSPKIP00000018036	ENSPKIG00000003746	xpnpep3
ENSEEEP00000015886	ENSEEEG00000007854	si:dkey-165a24.9	ENSPKIP00000015809	ENSPKIG00000002394	si:dkey-165a24.9
ENSEEEP00000049126	ENSEEEG00000022903	ELP1	ENSPKIP00000007899	ENSPKIG00000023615	elp1
ENSEEEP00000050545	ENSEEEG00000023728	itih6	ENSPKIP00000009358	ENSPKIG00000024491	itih6
ENSEEEP00000029167	ENSEEEG00000013989	MRPS16	ENSPKIP00000034525	ENSPKIG00000013816	mrps16
ENSEEEP00000064567	ENSEEEG00000025782	MRPL19	ENSPKIP00000019585	ENSPKIG00000004696	mrpl19
ENSEEEP00000044881	ENSEEEG00000021183	EVA1A	ENSPKIP00000039666	ENSPKIG00000016935	eva1aa
ENSEEEP00000041678	ENSEEEG00000019716	RPS13	ENSPKIP00000008471	ENSPKIG00000023950	rps13
ENSEEEP00000044894	ENSEEEG00000021188	EFHC1	ENSPKIP00000019675	ENSPKIG00000004738	efhc1
ENSEEEP00000052928	ENSEEEG00000025203	SDF2	ENSPKIP00000034183	ENSPKIG00000013612	sdf2
ENSEEEP00000029170	ENSEEEG00000013991	errfi1a	ENSPKIP00000034497	ENSPKIG00000013800	errfi1a
ENSEEEP00000001297	ENSEEEG00000000873	tbx16	ENSPKIP00000005728	ENSPKIG00000022241	tbx16
ENSEEEP00000044907	ENSEEEG00000021195	TRAM2	ENSPKIP00000039575	ENSPKIG00000016877	tram2
ENSEEEP00000001161	ENSEEEG00000000781	KDM8	ENSPKIP00000014525	ENSPKIG00000001559	kdm8
ENSEEEP00000052865	ENSEEEG00000020612	CLCN7	ENSPKIP00000041725	ENSPKIG00000018139	clcn7
ENSEEEP00000001157	ENSEEEG00000000777	NSMCE1	ENSPKIP00000014481	ENSPKIG00000001520	nsmce1
ENSEEEP00000026242	ENSEEEG00000012688	SLC25A43	ENSPKIP00000000226	ENSPKIG00000018978	slc25a43
ENSEEEP00000044915	ENSEEEG00000021200	xkr5a	ENSPKIP00000019717	ENSPKIG00000004777	
ENSEEEP00000004289	ENSEEEG00000002262	GPX2	ENSPKIP00000014423	ENSPKIG00000001466	GPX2
ENSEEEP00000057316	ENSEEEG00000000769		ENSPKIP00000014416	ENSPKIG00000001491	
ENSEEEP00000022939	ENSEEEG00000011054	smtlb	ENSPKIP00000013262	ENSPKIG00000000662	smtlb
ENSEEEP00000016570	ENSEEEG00000008211	LRRC42	ENSPKIP00000028962	ENSPKIG00000010397	lrrc42
ENSEEEP00000054499	ENSEEEG00000020049	SMG5	ENSPKIP00000027367	ENSPKIG00000009402	smg5
ENSEEEP00000001333	ENSEEEG00000000877	IPP	ENSPKIP00000005799	ENSPKIG00000022328	klhl22
ENSEEEP00000047857	ENSEEEG00000022527		ENSPKIP00000006116	ENSPKIG00000022529	PNMT
ENSEEEP00000029171	ENSEEEG00000013992	tegt	ENSPKIP00000015876	ENSPKIG00000002418	tmbim6
ENSEEEP00000026563	ENSEEEG00000012849	zgc:174888	ENSPKIP00000031888	ENSPKIG00000012211	zgc:174888
ENSEEEP00000049288	ENSEEEG00000023167	SLC38A6	ENSPKIP00000041828	ENSPKIG00000018224	slc38a6
ENSEEEP00000061865	ENSEEEG00000028187	MAX	ENSPKIP00000014755	ENSPKIG00000001708	max
ENSEEEP00000016569	ENSEEEG00000008210	YIPF1	ENSPKIP00000028994	ENSPKIG00000010413	yipf1
ENSEEEP00000026257	ENSEEEG00000012696	CDX4	ENSPKIP00000000198	ENSPKIG00000018962	cdx4
ENSEEEP00000025713	ENSEEEG00000012462	TRMT6	ENSPKIP00000017589	ENSPKIG00000003441	trmt6
ENSEEEP00000055427	ENSEEEG00000000888	npy8br	ENSPKIP00000009902	ENSPKIG00000024821	npy8br
ENSEEEP00000026565	ENSEEEG00000012850	GRWD1	ENSPKIP00000031844	ENSPKIG00000012163	grwd1
ENSEEEP00000044837	ENSEEEG00000021161	march5l	ENSPKIP00000036624	ENSPKIG00000015119	marchf5l
ENSEEEP00000016568	ENSEEEG00000008209	zgc:113691	ENSPKIP00000029030	ENSPKIG00000010438	zgc:113691
ENSEEEP00000026566	ENSEEEG00000012851	cdc42ep5	ENSPKIP00000031802	ENSPKIG00000012148	cdc42ep5
ENSEEEP00000026567	ENSEEEG00000012852	ATG12	ENSPKIP00000014787	ENSPKIG00000001735	atg12
ENSEEEP00000022479	ENSEEEG00000010905	UBE2V2	ENSPKIP00000015672	ENSPKIG00000002295	ube2v2
ENSEEEP00000003258	ENSEEEG00000001833	zgc:113516	ENSPKIP00000038061	ENSPKIG00000015999	
ENSEEEP00000004316	ENSEEEG00000002273	SLC10A1	ENSPKIP00000014803	ENSPKIG00000001743	SLC10A1
ENSEEEP00000061508	ENSEEEG00000024810	SLC35E1	ENSPKIP00000023430	ENSPKIG00000007059	slc35e1
ENSEEEP00000062756	ENSEEEG00000028424	CBR4	ENSPKIP00000018334	ENSPKIG00000003928	cbr4
ENSEEEP00000044834	ENSEEEG00000021160	COX5B	ENSPKIP00000036548	ENSPKIG00000015071	cox5ba
ENSEEEP00000059524	ENSEEEG00000012463	CHGB	ENSPKIP00000017666	ENSPKIG00000003486	
ENSEEEP00000060485	ENSEEEG00000001266	gpr137bb	ENSPKIP00000026330	ENSPKIG00000008855	gpr137bb
ENSEEEP00000004317	ENSEEEG00000002275	SUSD6	ENSPKIP00000015052	ENSPKIG00000001823	susd6
ENSEEEP00000059887	ENSEEEG00000026364	st13	ENSPKIP00000017973	ENSPKIG00000003681	st13
ENSEEEP00000003254	ENSEEEG00000001830	INSC	ENSPKIP00000007982	ENSPKIG00000023663	INSC
ENSEEEP00000026568	ENSEEEG00000012855	rcvrn2	ENSPKIP00000014833	ENSPKIG00000001759	rcvrn2
ENSEEEP00000046376	ENSEEEG00000021831	SMIM7	ENSPKIP00000023348	ENSPKIG00000007017	smim7
ENSEEEP00000046748	ENSEEEG00000022016	dlx5a	ENSPKIP00000014874	ENSPKIG00000001783	dlx5a
ENSEEEP00000014846	ENSEEEG00000007393	tnni2a.2	ENSPKIP00000016167	ENSPKIG00000002613	tnni2a.2
ENSEEEP00000001133	ENSEEEG00000000749		ENSPKIP00000014319	ENSPKIG00000001424	
ENSEEEP00000046380	ENSEEEG00000021834	TMEM38A	ENSPKIP00000023295	ENSPKIG00000006981	tmem38a
ENSEEEP00000046746	ENSEEEG00000022015	dlx6a	ENSPKIP00000014852	ENSPKIG00000001768	dlx6a
ENSEEEP00000061288	ENSEEEG00000027511	zp2l2	ENSPKIP00000041032	ENSPKIG00000017712	
ENSEEEP00000010112	ENSEEEG00000005125	TRMT1L	ENSPKIP00000021612	ENSPKIG00000005941	trmt1l
ENSEEEP00000041166	ENSEEEG00000019484	si:dkey-205h13.1	ENSPKIP00000029318	ENSPKIG00000010608	tmem269
ENSEEEP00000014840	ENSEEEG00000007390		ENSPKIP00000035717	ENSPKIG00000014558	
ENSEEEP00000020892	ENSEEEG00000010171	CPSF3	ENSPKIP00000007976	ENSPKIG00000023646	cpsf3
ENSEEEP00000025750	ENSEEEG00000012466	GPCPD1	ENSPKIP00000017853	ENSPKIG00000003553	gpcpd1
ENSEEEP00000028032	ENSEEEG00000013473	HRH3	ENSPKIP00000019465	ENSPKIG00000004617	hrh3
ENSEEEP00000046744	ENSEEEG00000022013	sem1	ENSPKIP00000014827	ENSPKIG00000001755	sem1
ENSEEEP00000014839	ENSEEEG00000007387	syt1b	ENSPKIP00000016228	ENSPKIG00000002642	SYT8
ENSEEEP00000026602	ENSEEEG00000012857	FDPS	ENSPKIP00000035798	ENSPKIG00000014612	fdps
ENSEEEP00000003246	ENSEEEG00000001825	psma1	ENSPKIP00000007842	ENSPKIG00000023584	psma1
ENSEEEP00000016484	ENSEEEG00000007930	NDC1	ENSPKIP00000029058	ENSPKIG00000010451	ndc1
ENSEEEP00000022482	ENSEEEG00000010911	SNAI2	ENSPKIP00000015593	ENSPKIG00000002254	SNAI2
ENSEEEP00000026422	ENSEEEG00000012716	PDGFC	ENSPKIP00000036801	ENSPKIG00000015228	pdgfc
ENSEEEP00000057172	ENSEEEG00000026203	USE1	ENSPKIP00000013432	ENSPKIG00000000876	use1
ENSEEEP00000022483	ENSEEEG00000010912	SNTG1	ENSPKIP00000039320	ENSPKIG00000016702	sntg1
ENSEEEP00000003242	ENSEEEG00000001824	RIC3	ENSPKIP00000038476	ENSPKIG00000016227	RIC3
ENSEEEP00000046387	ENSEEEG00000021840	crtc1b	ENSPKIP00000023057	ENSPKIG00000006807	crtc1b
ENSEEEP00000029890	ENSEEEG00000014317	si:dkeyp-72e1.7	ENSPKIP00000030788	ENSPKIG00000011515	si:ch211-120k19.1
ENSEEEP00000028136	ENSEEEG00000013539	TRAPPC11	ENSPKIP00000007205	ENSPKIG00000023190	trappc11
ENSEEEP00000060476	ENSEEEG00000026232	RSRC1	ENSPKIP00000020034	ENSPKIG00000004966	RSRC1
ENSEEEP00000046388	ENSEEEG00000021842	KLHL26	ENSPKIP00000001211	ENSPKIG00000019593	klhl26
ENSEEEP00000014831	ENSEEEG00000007386	pdcd2l	ENSPKIP00000006174	ENSPKIG00000022557	pdcd2l
ENSEEEP00000022327	ENSEEEG00000010837	SHOX2	ENSPKIP00000020093	ENSPKIG00000005003	shox2
ENSEEEP00000014793	ENSEEEG00000007360	SLC3A1	ENSPKIP00000005516	ENSPKIG00000022161	slc3a1
ENSEEEP00000014830	ENSEEEG00000007385	BANP	ENSPKIP00000035814	ENSPKIG00000014629	banp
ENSEEEP00000063257	ENSEEEG00000021843	DDX49	ENSPKIP00000021754	ENSPKIG00000006013	ddx49
ENSEEEP00000001375	ENSEEEG00000000908	ANKRD39	ENSPKIP00000009844	ENSPKIG00000024789	ankrd39
ENSEEEP00000003241	ENSEEEG00000001810	RPL27A	ENSPKIP00000033719	ENSPKIG00000013311	RPL27A
ENSEEEP00000022485	ENSEEEG00000010913	PCMTD1	ENSPKIP00000019051	ENSPKIG00000004373	
ENSEEEP00000026606	ENSEEEG00000012867	rusc1	ENSPKIP00000035829	ENSPKIG00000014636	rusc1
ENSEEEP00000001099	ENSEEEG00000000733	UBFD1	ENSPKIP00000014282	ENSPKIG00000001405	ubfd1
ENSEEEP00000061018	ENSEEEG00000028570	KRAS	ENSPKIP00000000999	ENSPKIG00000019449	kras
ENSEEEP00000014780	ENSEEEG00000007357	ANGEL1	ENSPKIP00000005480	ENSPKIG00000022136	prepl
ENSEEEP00000046432	ENSEEEG00000021851	rab3ab	ENSPKIP00000022061	ENSPKIG00000006212	rab3ab
ENSEEEP00000057226	ENSEEEG00000013394	UBE2O	ENSPKIP00000037421	ENSPKIG00000015594	cmya5
ENSEEEP00000061963	ENSEEEG00000027894	RMI2	ENSPKIP00000006289	ENSPKIG00000022631	
ENSEEEP00000046356	ENSEEEG00000021819	RASSF8	ENSPKIP00000010995	ENSPKIG00000025490	RASSF8
ENSEEEP00000061000	ENSEEEG00000028028	LITAF	ENSPKIP00000006327	ENSPKIG00000022648	litaf
ENSEEEP00000046353	ENSEEEG00000021818		ENSPKIP00000016255	ENSPKIG00000002661	
ENSEEEP00000055152	ENSEEEG00000027949	SNN	ENSPKIP00000006347	ENSPKIG00000022664	snn
ENSEEEP00000007760	ENSEEEG00000004028	STAU2	ENSPKIP00000022805	ENSPKIG00000006663	stau2
ENSEEEP00000014775	ENSEEEG00000007353	camkmt	ENSPKIP00000005420	ENSPKIG00000022102	camkmt
ENSEEEP00000022548	ENSEEEG00000010917	RB1CC1	ENSPKIP00000019665	ENSPKIG00000004705	rb1cc1
ENSEEEP00000049513	ENSEEEG00000023280	RBX1	ENSPKIP00000017898	ENSPKIG00000003639	rbx1
ENSEEEP00000027810	ENSEEEG00000013390	MTX3	ENSPKIP00000037564	ENSPKIG00000015695	mtx3
ENSEEEP00000014765	ENSEEEG00000007340	six2a	ENSPKIP00000005355	ENSPKIG00000022042	six2a
ENSEEEP00000054116	ENSEEEG00000026063	GZF1	ENSPKIP00000018104	ENSPKIG00000003781	GZF1
ENSEEEP00000000527	ENSEEEG00000000380	ptpn18	ENSPKIP00000037784	ENSPKIG00000015834	ptpn18
ENSEEEP00000021354	ENSEEEG00000010406	SRBD1	ENSPKIP00000005196	ENSPKIG00000021973	srbd1
ENSEEEP00000004706	ENSEEEG00000002462	RDH5	ENSPKIP00000029951	ENSPKIG00000010999	
ENSEEEP00000026649	ENSEEEG00000012878	DAP3	ENSPKIP00000036099	ENSPKIG00000014766	dap3
ENSEEEP00000044135	ENSEEEG00000020704		ENSPKIP00000031971	ENSPKIG00000012248	NPHP4
ENSEEEP00000017426	ENSEEEG00000008592	duox	ENSPKIP00000005522	ENSPKIG00000022164	duox
ENSEEEP00000062872	ENSEEEG00000002454	ZNF180	ENSPKIP00000025394	ENSPKIG00000008280	
ENSEEEP00000046312	ENSEEEG00000021770	FBXO31	ENSPKIP00000035974	ENSPKIG00000014710	fbxo31
ENSEEEP00000060332	ENSEEEG00000028140	tmt1a.2	ENSPKIP00000021042	ENSPKIG00000005603	TMT1A
ENSEEEP00000000586	ENSEEEG00000000415	GRIPAP1	ENSPKIP00000037883	ENSPKIG00000015897	gripap1
ENSEEEP00000049581	ENSEEEG00000023310	igfbp1a	ENSPKIP00000025300	ENSPKIG00000008217	igfbp1a
ENSEEEP00000044138	ENSEEEG00000020856	AJAP1	ENSPKIP00000032058	ENSPKIG00000012307	ajap1
ENSEEEP00000027203	ENSEEEG00000013124	TPP2	ENSPKIP00000026755	ENSPKIG00000009054	tpp2
ENSEEEP00000053965	ENSEEEG00000028186	IGFBP7	ENSPKIP00000012501	ENSPKIG00000000275	
ENSEEEP00000003321	ENSEEEG00000001874	HDX	ENSPKIP00000005741	ENSPKIG00000022290	hdx
ENSEEEP00000028041	ENSEEEG00000013490	ORC6	ENSPKIP00000019726	ENSPKIG00000004775	orc6
ENSEEEP00000062908	ENSEEEG00000019949	COPS6	ENSPKIP00000001199	ENSPKIG00000019588	COPS6
ENSEEEP00000025825	ENSEEEG00000012517	UBXN2A	ENSPKIP00000018415	ENSPKIG00000003981	ubxn2a
ENSEEEP00000028048	ENSEEEG00000013493	mylk3	ENSPKIP00000019786	ENSPKIG00000004825	mylk3
ENSEEEP00000044142	ENSEEEG00000020858	TMEM26	ENSPKIP00000032113	ENSPKIG00000012339	
ENSEEEP00000014755	ENSEEEG00000007338	ube2c	ENSPKIP00000016730	ENSPKIG00000002925	UBE2C
ENSEEEP00000039558	ENSEEEG00000018780	HAPLN3	ENSPKIP00000037019	ENSPKIG00000015365	hapln3
ENSEEEP00000022567	ENSEEEG00000010910	THOC1	ENSPKIP00000021561	ENSPKIG00000005906	thoc1
ENSEEEP00000001515	ENSEEEG00000000985	GBX1	ENSPKIP00000019883	ENSPKIG00000004870	gbx1
ENSEEEP00000056251	ENSEEEG00000027119	zgc:109913	ENSPKIP00000016681	ENSPKIG00000002896	zgc:109913
ENSEEEP00000044144	ENSEEEG00000020860	TMEM115	ENSPKIP00000013925	ENSPKIG00000001171	tmem115
ENSEEEP00000001518	ENSEEEG00000000986	ASB10	ENSPKIP00000019957	ENSPKIG00000004900	asb10
ENSEEEP00000025833	ENSEEEG00000012523	WDCP	ENSPKIP00000018483	ENSPKIG00000004029	wdcp
ENSEEEP00000062116	ENSEEEG00000020863	rhoab	ENSPKIP00000033584	ENSPKIG00000013242	
ENSEEEP00000042236	ENSEEEG00000019948	and3	ENSPKIP00000016317	ENSPKIG00000002692	and3
ENSEEEP00000025835	ENSEEEG00000012524	fkbp1aa	ENSPKIP00000018509	ENSPKIG00000004050	fkbp1b
ENSEEEP00000056958	ENSEEEG00000026098		ENSPKIP00000015447	ENSPKIG00000002148	
ENSEEEP00000022761	ENSEEEG00000011037	DCPS	ENSPKIP00000021243	ENSPKIG00000005714	dcps
ENSEEEP00000028052	ENSEEEG00000013499	C16orf87	ENSPKIP00000029788	ENSPKIG00000010899	zgc:92818
ENSEEEP00000022757	ENSEEEG00000011029	FOXRED1	ENSPKIP00000021278	ENSPKIG00000005738	foxred1
ENSEEEP00000028916	ENSEEEG00000013558	hars	ENSPKIP00000002970	ENSPKIG00000020638	hars
ENSEEEP00000048886	ENSEEEG00000022988		ENSPKIP00000007849	ENSPKIG00000023589	
ENSEEEP00000001521	ENSEEEG00000000987	H2BE1	ENSPKIP00000019976	ENSPKIG00000004929	si:ch211-190p8.2
ENSEEEP00000050584	ENSEEEG00000023783	CCN5	ENSPKIP00000030945	ENSPKIG00000011628	ccn5
ENSEEEP00000025936	ENSEEEG00000012526	mut	ENSPKIP00000018551	ENSPKIG00000004069	mmut
ENSEEEP00000049525	ENSEEEG00000023286	MIEF1	ENSPKIP00000023929	ENSPKIG00000007377	mief1
ENSEEEP00000048883	ENSEEEG00000022987	SMAP2	ENSPKIP00000007749	ENSPKIG00000023520	smap2
ENSEEEP00000044796	ENSEEEG00000021143	casp3l	ENSPKIP00000024111	ENSPKIG00000007496	casp3l
ENSEEEP00000021390	ENSEEEG00000010423	prop1	ENSPKIP00000004880	ENSPKIG00000021786	
ENSEEEP00000052613	ENSEEEG00000024649	NCF2	ENSPKIP00000027553	ENSPKIG00000009553	ncf2
ENSEEEP00000049527	ENSEEEG00000023288		ENSPKIP00000023963	ENSPKIG00000007399	si:ch211-256m1.8
ENSEEEP00000000672	ENSEEEG00000000461	si:dkey-8e10.3	ENSPKIP00000038199	ENSPKIG00000016076	si:dkey-8e10.3
ENSEEEP00000034584	ENSEEEG00000016445	TRMT112	ENSPKIP00000010603	ENSPKIG00000025257	trmt112
ENSEEEP00000044790	ENSEEEG00000021141	DUSP11	ENSPKIP00000024147	ENSPKIG00000007515	dusp11
ENSEEEP00000027490	ENSEEEG00000013258	YBEY	ENSPKIP00000036097	ENSPKIG00000014793	ybey
ENSEEEP00000042225	ENSEEEG00000019897	MCM7	ENSPKIP00000016277	ENSPKIG00000002659	MCM7
ENSEEEP00000008939	ENSEEEG00000004615	SYNGR1	ENSPKIP00000034891	ENSPKIG00000014046	syngr1b
ENSEEEP00000021393	ENSEEEG00000010425	MCFD2	ENSPKIP00000004846	ENSPKIG00000021779	mcfd2
ENSEEEP00000044787	ENSEEEG00000021140	ESS2	ENSPKIP00000040017	ENSPKIG00000017140	ess2
ENSEEEP00000049529	ENSEEEG00000023290	TST	ENSPKIP00000023982	ENSPKIG00000007408	mpst
ENSEEEP00000044174	ENSEEEG00000020875	si:dkey-72l14.4	ENSPKIP00000008684	ENSPKIG00000024080	borcs6
ENSEEEP00000008938	ENSEEEG00000004614	IFT27	ENSPKIP00000034842	ENSPKIG00000014012	IFT27
ENSEEEP00000018044	ENSEEEG00000008883	TGFA	ENSPKIP00000001323	ENSPKIG00000019657	tgfa
ENSEEEP00000044177	ENSEEEG00000020877		ENSPKIP00000008695	ENSPKIG00000024086	
ENSEEEP00000017437	ENSEEEG00000008626	DUOX2	ENSPKIP00000005481	ENSPKIG00000022139	duoxa
ENSEEEP00000018037	ENSEEEG00000008882	HDHD3	ENSPKIP00000001373	ENSPKIG00000019695	hdhd3
ENSEEEP00000044273	ENSEEEG00000020882	si:dkey-72l14.3	ENSPKIP00000034301	ENSPKIG00000013498	si:dkey-72l14.3
ENSEEEP00000030371	ENSEEEG00000014538	PLG	ENSPKIP00000037130	ENSPKIG00000014973	plg
ENSEEEP00000018036	ENSEEEG00000008881	TRUB2	ENSPKIP00000001507	ENSPKIG00000019769	trub2
ENSEEEP00000048868	ENSEEEG00000022948	PHF14	ENSPKIP00000029225	ENSPKIG00000010552	phf14
ENSEEEP00000050618	ENSEEEG00000023790	ADA	ENSPKIP00000030892	ENSPKIG00000011595	ada
ENSEEEP00000044328	ENSEEEG00000020943	XPC	ENSPKIP00000034363	ENSPKIG00000013720	xpc
ENSEEEP00000008936	ENSEEEG00000004609	EIF3D	ENSPKIP00000034674	ENSPKIG00000013892	eif3d
ENSEEEP00000046566	ENSEEEG00000021929	MPV17L2	ENSPKIP00000030466	ENSPKIG00000011299	mpv17l2
ENSEEEP00000063643	ENSEEEG00000025242	setd1ba	ENSPKIP00000007087	ENSPKIG00000023115	setd1ba
ENSEEEP00000061929	ENSEEEG00000025597	rpl35a	ENSPKIP00000035234	ENSPKIG00000014264	rpl35a
ENSEEEP00000039430	ENSEEEG00000018726	SMOC2	ENSPKIP00000039713	ENSPKIG00000016937	smoc2
ENSEEEP00000046591	ENSEEEG00000021941	ASB4	ENSPKIP00000014690	ENSPKIG00000001670	asb4
ENSEEEP00000040415	ENSEEEG00000019142	IL2RB	ENSPKIP00000024027	ENSPKIG00000007443	il2rb
ENSEEEP00000027600	ENSEEEG00000013261	USP37	ENSPKIP00000027856	ENSPKIG00000009730	usp37
ENSEEEP00000018026	ENSEEEG00000008878	ENTPD8	ENSPKIP00000001543	ENSPKIG00000019801	entpd8
ENSEEEP00000058864	ENSEEEG00000025261	si:ch73-105b23.1	ENSPKIP00000004515	ENSPKIG00000021577	
ENSEEEP00000020667	ENSEEEG00000009139	exoc7	ENSPKIP00000035332	ENSPKIG00000014329	exoc7
ENSEEEP00000001545	ENSEEEG00000000996	ABCB8	ENSPKIP00000020303	ENSPKIG00000005114	abcb8
ENSEEEP00000008920	ENSEEEG00000004605		ENSPKIP00000034575	ENSPKIG00000013845	
ENSEEEP00000040424	ENSEEEG00000019147	HSPBP1	ENSPKIP00000002941	ENSPKIG00000020646	hspbp1
ENSEEEP00000052604	ENSEEEG00000024645	MCUR1	ENSPKIP00000041041	ENSPKIG00000017770	mcur1
ENSEEEP00000032765	ENSEEEG00000015612	fam78ab	ENSPKIP00000000069	ENSPKIG00000018882	fam78ab
ENSEEEP00000017447	ENSEEEG00000008632	eif3jb	ENSPKIP00000036517	ENSPKIG00000015047	EIF3J
ENSEEEP00000032763	ENSEEEG00000015611	PLPP7	ENSPKIP00000000052	ENSPKIG00000018871	PLPP7
ENSEEEP00000055296	ENSEEEG00000028589	PIM1	ENSPKIP00000038298	ENSPKIG00000016119	pim1
ENSEEEP00000021662	ENSEEEG00000010538	EPCAM	ENSPKIP00000026106	ENSPKIG00000008710	epcam
ENSEEEP00000049276	ENSEEEG00000023162	SERTAD4	ENSPKIP00000005657	ENSPKIG00000022248	sertad4
ENSEEEP00000044767	ENSEEEG00000021133	rhof	ENSPKIP00000039854	ENSPKIG00000017051	rhof
ENSEEEP00000017449	ENSEEEG00000008633	PARP16	ENSPKIP00000037919	ENSPKIG00000015906	parp16
ENSEEEP00000032759	ENSEEEG00000015607	PHYH	ENSPKIP00000035075	ENSPKIG00000014162	
ENSEEEP00000057836	ENSEEEG00000026342	TUFM	ENSPKIP00000008237	ENSPKIG00000023809	tufm
ENSEEEP00000027211	ENSEEEG00000013129	PTPN6	ENSPKIP00000026519	ENSPKIG00000008979	mettl21cb
ENSEEEP00000063942	ENSEEEG00000028230	FAM124B	ENSPKIP00000020663	ENSPKIG00000005357	fam124b
ENSEEEP00000017452	ENSEEEG00000008635	scamp5a	ENSPKIP00000037555	ENSPKIG00000015694	scamp5a
ENSEEEP00000026617	ENSEEEG00000012873	MMP28	ENSPKIP00000035325	ENSPKIG00000014321	mmp28
ENSEEEP00000027212	ENSEEEG00000013130	zgc:92518	ENSPKIP00000025049	ENSPKIG00000008066	mettl21e
ENSEEEP00000029004	ENSEEEG00000013916	ascl1a	ENSPKIP00000021951	ENSPKIG00000006153	ascl1a
ENSEEEP00000061074	ENSEEEG00000026082	MIA3	ENSPKIP00000020059	ENSPKIG00000004989	
ENSEEEP00000049559	ENSEEEG00000023292	SIRT5	ENSPKIP00000025051	ENSPKIG00000008055	SIRT5
ENSEEEP00000048765	ENSEEEG00000022939	POLR2E	ENSPKIP00000008773	ENSPKIG00000024123	POLR2E
ENSEEEP00000027213	ENSEEEG00000013131	ercc5	ENSPKIP00000026475	ENSPKIG00000008946	ercc5
ENSEEEP00000052602	ENSEEEG00000024644	RGS9BP	ENSPKIP00000025119	ENSPKIG00000008105	rgs9bp
ENSEEEP00000012617	ENSEEEG00000006329	GNG13	ENSPKIP00000033588	ENSPKIG00000013248	GNG13
ENSEEEP00000032724	ENSEEEG00000015595	si:dkey-251i10.2	ENSPKIP00000034666	ENSPKIG00000013888	
ENSEEEP00000007625	ENSEEEG00000003984	THTPA	ENSPKIP00000025122	ENSPKIG00000008107	thtpa
ENSEEEP00000023388	ENSEEEG00000011335	fybb	ENSPKIP00000023243	ENSPKIG00000006942	
ENSEEEP00000049273	ENSEEEG00000023159	UTP25	ENSPKIP00000005534	ENSPKIG00000022176	utp25
ENSEEEP00000012613	ENSEEEG00000006325	DCTN5	ENSPKIP00000033311	ENSPKIG00000013072	dctn5
ENSEEEP00000048769	ENSEEEG00000022942	gpx4b	ENSPKIP00000031407	ENSPKIG00000011901	gpx4a
ENSEEEP00000054022	ENSEEEG00000027617	OSR1	ENSPKIP00000005515	ENSPKIG00000022160	osr1
ENSEEEP00000002604	ENSEEEG00000001218	CSTF3	ENSPKIP00000007957	ENSPKIG00000023648	cstf3
ENSEEEP00000010717	ENSEEEG00000005200	znf385b	ENSPKIP00000003965	ENSPKIG00000021255	znf385b
ENSEEEP00000029689	ENSEEEG00000014223	MORN3	ENSPKIP00000007237	ENSPKIG00000023214	morn3
ENSEEEP00000053739	ENSEEEG00000028244	nkx3.3	ENSPKIP00000041594	ENSPKIG00000018088	
ENSEEEP00000032709	ENSEEEG00000015590	UTP14C	ENSPKIP00000033886	ENSPKIG00000013424	si:dkey-251i10.3
ENSEEEP00000027216	ENSEEEG00000013133	BLZF1	ENSPKIP00000026443	ENSPKIG00000008931	blzf1
ENSEEEP00000027217	ENSEEEG00000013134	TRMT10C	ENSPKIP00000028807	ENSPKIG00000010307	trmt10c
ENSEEEP00000064122	ENSEEEG00000025435	orai1b	ENSPKIP00000039727	ENSPKIG00000016980	orai1b
ENSEEEP00000007613	ENSEEEG00000003977	pabpn1	ENSPKIP00000041532	ENSPKIG00000018052	pabpn1
ENSEEEP00000027219	ENSEEEG00000013135	TXNL4B	ENSPKIP00000009924	ENSPKIG00000024832	txnl4b
ENSEEEP00000042558	ENSEEEG00000020097	SLC16A4	ENSPKIP00000034074	ENSPKIG00000013548	slc16a4
ENSEEEP00000012604	ENSEEEG00000006324	RPUSD1	ENSPKIP00000000085	ENSPKIG00000018890	rpusd1
ENSEEEP00000012603	ENSEEEG00000006323	ndufab1b	ENSPKIP00000011802	ENSPKIG00000018748	ndufab1b
ENSEEEP00000052599	ENSEEEG00000024642	KIF9	ENSPKIP00000031047	ENSPKIG00000011678	KIF9
ENSEEEP00000040431	ENSEEEG00000019153	amdhd2	ENSPKIP00000005859	ENSPKIG00000022364	amdhd2
ENSEEEP00000010748	ENSEEEG00000005442	C17orf58	ENSPKIP00000022649	ENSPKIG00000006567	
ENSEEEP00000049267	ENSEEEG00000023153	rdh14a	ENSPKIP00000005451	ENSPKIG00000022126	rdh14a
ENSEEEP00000007602	ENSEEEG00000003972	NGDN	ENSPKIP00000025238	ENSPKIG00000008183	ngdn
ENSEEEP00000034419	ENSEEEG00000016385	lamtor5	ENSPKIP00000034024	ENSPKIG00000013519	lamtor5
ENSEEEP00000027223	ENSEEEG00000013137	MRPL16	ENSPKIP00000028860	ENSPKIG00000010334	mrpl16
ENSEEEP00000012983	ENSEEEG00000006527	DOLK	ENSPKIP00000010720	ENSPKIG00000025330	dolk
ENSEEEP00000054814	ENSEEEG00000025936	tafa5l	ENSPKIP00000038475	ENSPKIG00000016235	tafa5l
ENSEEEP00000034418	ENSEEEG00000016384	PROK1	ENSPKIP00000033994	ENSPKIG00000013503	prok1
ENSEEEP00000007598	ENSEEEG00000003967	PRDM14	ENSPKIP00000023625	ENSPKIG00000007176	prdm14
ENSEEEP00000032694	ENSEEEG00000015584		ENSPKIP00000036138	ENSPKIG00000014820	
ENSEEEP00000039445	ENSEEEG00000018733	VSIR	ENSPKIP00000003961	ENSPKIG00000021254	vsir
ENSEEEP00000032693	ENSEEEG00000015583	B4GALT4	ENSPKIP00000036392	ENSPKIG00000014983	b4galt4
ENSEEEP00000058414	ENSEEEG00000012916	ube2f	ENSPKIP00000030838	ENSPKIG00000011547	ube2f
ENSEEEP00000039446	ENSEEEG00000018734	si:ch211-106f21.1	ENSPKIP00000003978	ENSPKIG00000021271	si:ch211-106f21.1
ENSEEEP00000012972	ENSEEEG00000006523	p2rx4a	ENSPKIP00000036819	ENSPKIG00000015229	p2rx4a
ENSEEEP00000049262	ENSEEEG00000023148	WDR35	ENSPKIP00000007002	ENSPKIG00000023031	wdr35
ENSEEEP00000040438	ENSEEEG00000019155	JMJD8	ENSPKIP00000005894	ENSPKIG00000022394	JMJD8
ENSEEEP00000026837	ENSEEEG00000012886	GBA	ENSPKIP00000036136	ENSPKIG00000014818	gba1
ENSEEEP00000029677	ENSEEEG00000014215	rnf34b	ENSPKIP00000039546	ENSPKIG00000016872	rnf34b
ENSEEEP00000048785	ENSEEEG00000022947	rab11bb	ENSPKIP00000030972	ENSPKIG00000011640	rab11bb
ENSEEEP00000040441	ENSEEEG00000019156	SLC25A19	ENSPKIP00000007843	ENSPKIG00000023578	slc25a19
ENSEEEP00000040442	ENSEEEG00000019157	MRPS7	ENSPKIP00000021611	ENSPKIG00000005942	mrps7
ENSEEEP00000042010	ENSEEEG00000019846	EXT2	ENSPKIP00000036588	ENSPKIG00000015088	ext2
ENSEEEP00000047588	ENSEEEG00000022296	mapk13	ENSPKIP00000026612	ENSPKIG00000009004	mapk13
ENSEEEP00000000959	ENSEEEG00000000635	zgc:92162	ENSPKIP00000006516	ENSPKIG00000022770	pla2g10
ENSEEEP00000040445	ENSEEEG00000019158	TMEM220	ENSPKIP00000036000	ENSPKIG00000014740	tmem220
ENSEEEP00000059327	ENSEEEG00000012215	ZBTB8OS	ENSPKIP00000030823	ENSPKIG00000011531	zbtb8os
ENSEEEP00000056247	ENSEEEG00000025287	FAM219A	ENSPKIP00000010914	ENSPKIG00000025443	si:ch211-253b8.5
ENSEEEP00000009411	ENSEEEG00000004799	SLC16A2	ENSPKIP00000041012	ENSPKIG00000017749	slc16a2
ENSEEEP00000056471	ENSEEEG00000005509	CWC22	ENSPKIP00000004139	ENSPKIG00000021346	cwc22
ENSEEEP00000059746	ENSEEEG00000012218		ENSPKIP00000009656	ENSPKIG00000024677	
ENSEEEP00000032663	ENSEEEG00000015573	EIF4E1B	ENSPKIP00000010295	ENSPKIG00000025064	eif4e1b
ENSEEEP00000015976	ENSEEEG00000007906	si:ch211-106k21.5	ENSPKIP00000029168	ENSPKIG00000010526	
ENSEEEP00000059802	ENSEEEG00000008320	chp1	ENSPKIP00000015978	ENSPKIG00000002491	chp1
ENSEEEP00000061308	ENSEEEG00000026782	MTRES1	ENSPKIP00000012547	ENSPKIG00000000305	mtres1
ENSEEEP00000026597	ENSEEEG00000012861	GASK1B	ENSPKIP00000036423	ENSPKIG00000015004	gask1b
ENSEEEP00000044689	ENSEEEG00000021103	cped1	ENSPKIP00000038151	ENSPKIG00000016047	cped1
ENSEEEP00000034276	ENSEEEG00000016323	dkk3a	ENSPKIP00000029342	ENSPKIG00000010629	dkk3a
ENSEEEP00000049239	ENSEEEG00000023141	BEND3	ENSPKIP00000012528	ENSPKIG00000000294	bend3
ENSEEEP00000015967	ENSEEEG00000007884	rps8a	ENSPKIP00000029269	ENSPKIG00000010571	rps8a
ENSEEEP00000010962	ENSEEEG00000005557	si:ch211-214e3.5	ENSPKIP00000037662	ENSPKIG00000015746	
ENSEEEP00000026599	ENSEEEG00000012863	zgc:63568	ENSPKIP00000012700	ENSPKIG00000000400	adh5l
ENSEEEP00000049237	ENSEEEG00000023139	PDSS2	ENSPKIP00000012505	ENSPKIG00000000271	pdss2
ENSEEEP00000034278	ENSEEEG00000015899	ZNF335	ENSPKIP00000017486	ENSPKIG00000003319	znf335
ENSEEEP00000063358	ENSEEEG00000027575	PRXL2C	ENSPKIP00000040917	ENSPKIG00000017696	prxl2c
ENSEEEP00000064014	ENSEEEG00000021101	ING3	ENSPKIP00000038083	ENSPKIG00000015991	ing3
ENSEEEP00000012967	ENSEEEG00000006519	gstt1b	ENSPKIP00000036712	ENSPKIG00000015176	gstt1b
ENSEEEP00000061453	ENSEEEG00000013776	RUNX3	ENSPKIP00000025202	ENSPKIG00000008160	runx3
ENSEEEP00000012965	ENSEEEG00000006517	ddt	ENSPKIP00000036688	ENSPKIG00000015164	ddt
ENSEEEP00000049232	ENSEEEG00000023135	sobpa	ENSPKIP00000012465	ENSPKIG00000000247	sobpa
ENSEEEP00000019263	ENSEEEG00000009433	FBXL17	ENSPKIP00000040864	ENSPKIG00000017667	FBXL17
ENSEEEP00000010955	ENSEEEG00000005542	BMS1	ENSPKIP00000025257	ENSPKIG00000008165	bms1
ENSEEEP00000012957	ENSEEEG00000006514	CHCHD10	ENSPKIP00000036618	ENSPKIG00000015122	chchd10
ENSEEEP00000009380	ENSEEEG00000004797	F8	ENSPKIP00000040176	ENSPKIG00000017243	
ENSEEEP00000012707	ENSEEEG00000006380	PITX2	ENSPKIP00000013086	ENSPKIG00000000649	pitx2
ENSEEEP00000000862	ENSEEEG00000000588	ZFAND2A	ENSPKIP00000007260	ENSPKIG00000023226	zfand2a
ENSEEEP00000042484	ENSEEEG00000020061	zgc:101569	ENSPKIP00000024484	ENSPKIG00000007726	zgc:101569
ENSEEEP00000044684	ENSEEEG00000021100	TSPAN12	ENSPKIP00000037972	ENSPKIG00000015944	tspan12
ENSEEEP00000055723	ENSEEEG00000025646		ENSPKIP00000013916	ENSPKIG00000001163	
ENSEEEP00000056805	ENSEEEG00000013356	CDK7	ENSPKIP00000037989	ENSPKIG00000015929	cdk7
ENSEEEP00000012708	ENSEEEG00000006382	ELOVL6	ENSPKIP00000012994	ENSPKIG00000000586	ELOVL6
ENSEEEP00000042486	ENSEEEG00000020062	si:dkey-197c15.6	ENSPKIP00000026970	ENSPKIG00000009230	si:dkey-197c15.6
ENSEEEP00000015921	ENSEEEG00000007753	HECTD3	ENSPKIP00000029394	ENSPKIG00000010636	hectd3
ENSEEEP00000049227	ENSEEEG00000023133	SLC66A3	ENSPKIP00000012235	ENSPKIG00000000100	slc66a3
ENSEEEP00000012945	ENSEEEG00000006509	tor1	ENSPKIP00000009614	ENSPKIG00000024662	tor1
ENSEEEP00000053080	ENSEEEG00000027754	boka	ENSPKIP00000016484	ENSPKIG00000002794	boka
ENSEEEP00000005922	ENSEEEG00000003147	plp1b	ENSPKIP00000036143	ENSPKIG00000014799	PLP1
ENSEEEP00000056888	ENSEEEG00000006384	EGF	ENSPKIP00000012880	ENSPKIG00000000516	egf
ENSEEEP00000028943	ENSEEEG00000013887	NUP37	ENSPKIP00000022182	ENSPKIG00000006278	nup37
ENSEEEP00000000832	ENSEEEG00000000563	si:dkey-43p13.5	ENSPKIP00000032139	ENSPKIG00000012350	
ENSEEEP00000054970	ENSEEEG00000026600	tp53i11a	ENSPKIP00000018131	ENSPKIG00000003803	TP53I11
ENSEEEP00000010927	ENSEEEG00000005534	sh2d4bb	ENSPKIP00000025093	ENSPKIG00000008088	sh2d4bb
ENSEEEP00000053593	ENSEEEG00000027241		ENSPKIP00000038017	ENSPKIG00000015973	setbp1
ENSEEEP00000028940	ENSEEEG00000013885	PARPBP	ENSPKIP00000022217	ENSPKIG00000006315	parpbp
ENSEEEP00000050627	ENSEEEG00000023800		ENSPKIP00000030858	ENSPKIG00000011567	pkig
ENSEEEP00000063680	ENSEEEG00000004904	ATG4B	ENSPKIP00000016602	ENSPKIG00000002856	atg4b
ENSEEEP00000019236	ENSEEEG00000009428	efna5b	ENSPKIP00000040834	ENSPKIG00000017639	efna5a
ENSEEEP00000032515	ENSEEEG00000015503	abhd10a	ENSPKIP00000034657	ENSPKIG00000013913	tagln3b
ENSEEEP00000059771	ENSEEEG00000006508	NSA2	ENSPKIP00000000032	ENSPKIG00000018852	nsa2
ENSEEEP00000050628	ENSEEEG00000023801	TTPAL	ENSPKIP00000030822	ENSPKIG00000011537	ttpal
ENSEEEP00000012554	ENSEEEG00000006303	pyya	ENSPKIP00000005271	ENSPKIG00000022007	pyyb
ENSEEEP00000032513	ENSEEEG00000015501	GSX1	ENSPKIP00000011658	ENSPKIG00000018655	
ENSEEEP00000030350	ENSEEEG00000014375	SLC36A1	ENSPKIP00000006017	ENSPKIG00000022467	slc36a1
ENSEEEP00000032510	ENSEEEG00000015498	MTIF3	ENSPKIP00000011681	ENSPKIG00000018672	mtif3
ENSEEEP00000000770	ENSEEEG00000000479	INTS1	ENSPKIP00000007479	ENSPKIG00000023307	ints1
ENSEEEP00000019030	ENSEEEG00000009342	COX7A2	ENSPKIP00000004903	ENSPKIG00000021810	cox7a2a
ENSEEEP00000028930	ENSEEEG00000013869	IGF1	ENSPKIP00000022318	ENSPKIG00000006362	igf1
ENSEEEP00000042113	ENSEEEG00000019890	CASP8	ENSPKIP00000028493	ENSPKIG00000010125	casp8
ENSEEEP00000062134	ENSEEEG00000016329	USP47	ENSPKIP00000029242	ENSPKIG00000010423	usp47
ENSEEEP00000042703	ENSEEEG00000020151	cavin1b	ENSPKIP00000013553	ENSPKIG00000000943	CAVIN1
ENSEEEP00000026182	ENSEEEG00000012658	clic5b	ENSPKIP00000018732	ENSPKIG00000004188	clic5b
ENSEEEP00000042103	ENSEEEG00000019888	casp20	ENSPKIP00000040020	ENSPKIG00000017154	
ENSEEEP00000058814	ENSEEEG00000027095	FAM187A	ENSPKIP00000040822	ENSPKIG00000017637	FAM187A
ENSEEEP00000027534	ENSEEEG00000013277	BRF2	ENSPKIP00000002843	ENSPKIG00000020580	brf2
ENSEEEP00000010725	ENSEEEG00000005408	ICA1	ENSPKIP00000030119	ENSPKIG00000011063	ica1
ENSEEEP00000012535	ENSEEEG00000006287	RPL23	ENSPKIP00000023578	ENSPKIG00000007151	rpl23
ENSEEEP00000012737	ENSEEEG00000006389	gpm6aa	ENSPKIP00000028052	ENSPKIG00000009850	GPM6A
ENSEEEP00000039374	ENSEEEG00000018703	DUSP12	ENSPKIP00000038505	ENSPKIG00000016247	dusp12
ENSEEEP00000028662	ENSEEEG00000013722	SYF2	ENSPKIP00000025151	ENSPKIG00000008130	syf2
ENSEEEP00000024830	ENSEEEG00000012031	MRGBP	ENSPKIP00000004969	ENSPKIG00000021844	mrgbp
ENSEEEP00000009363	ENSEEEG00000004795	INTS10	ENSPKIP00000033251	ENSPKIG00000012997	ints10
ENSEEEP00000048836	ENSEEEG00000022967	uba52	ENSPKIP00000021658	ENSPKIG00000005976	uba52
ENSEEEP00000032153	ENSEEEG00000015294	RNF167	ENSPKIP00000021273	ENSPKIG00000005745	rnf167
ENSEEEP00000032895	ENSEEEG00000015658	nanog	ENSPKIP00000024932	ENSPKIG00000007992	nanog
ENSEEEP00000024836	ENSEEEG00000012033	si:zfos-452g4.1	ENSPKIP00000040609	ENSPKIG00000017506	sac3d1
ENSEEEP00000056400	ENSEEEG00000006286	si:dkey-283b1.7	ENSPKIP00000023789	ENSPKIG00000007284	si:dkey-283b1.7
ENSEEEP00000024840	ENSEEEG00000012034	si:ch211-153a8.4	ENSPKIP00000040730	ENSPKIG00000017579	
ENSEEEP00000021449	ENSEEEG00000010450		ENSPKIP00000036222	ENSPKIG00000014814	
ENSEEEP00000012741	ENSEEEG00000006404	SPATA4	ENSPKIP00000022646	ENSPKIG00000006546	spata4
ENSEEEP00000015631	ENSEEEG00000007745	ACADM	ENSPKIP00000027756	ENSPKIG00000009680	
ENSEEEP00000057464	ENSEEEG00000026264	SNX21	ENSPKIP00000042034	ENSPKIG00000018370	snx21
ENSEEEP00000064003	ENSEEEG00000007212	tnni1a	ENSPKIP00000014441	ENSPKIG00000001505	tnni1b
ENSEEEP00000007347	ENSEEEG00000003859		ENSPKIP00000033823	ENSPKIG00000013385	si:dkey-84k17.3
ENSEEEP00000045174	ENSEEEG00000021326	uts2r3	ENSPKIP00000030492	ENSPKIG00000011337	uts2r3
ENSEEEP00000032889	ENSEEEG00000015654	tm9sf1	ENSPKIP00000041908	ENSPKIG00000018276	tm9sf1
ENSEEEP00000054856	ENSEEEG00000016018	zgc:86764	ENSPKIP00000005350	ENSPKIG00000022057	prc2
ENSEEEP00000018599	ENSEEEG00000009142	wfdc2	ENSPKIP00000011888	ENSPKIG00000018340	wfdc2
ENSEEEP00000001473	ENSEEEG00000000954	hyal2b	ENSPKIP00000028713	ENSPKIG00000010249	matcap2
ENSEEEP00000042082	ENSEEEG00000019878	EEF1B2	ENSPKIP00000029031	ENSPKIG00000010432	eef1b2
ENSEEEP00000032053	ENSEEEG00000015288	SPAG7	ENSPKIP00000021332	ENSPKIG00000005781	spag7
ENSEEEP00000030460	ENSEEEG00000014597	CTDSP2	ENSPKIP00000020461	ENSPKIG00000005236	ctdsp2
ENSEEEP00000046685	ENSEEEG00000021987	SENP2	ENSPKIP00000027910	ENSPKIG00000009766	senp2
ENSEEEP00000022461	ENSEEEG00000010814	USP14	ENSPKIP00000021651	ENSPKIG00000005954	usp14
ENSEEEP00000014474	ENSEEEG00000007206	pkp1b	ENSPKIP00000014405	ENSPKIG00000001464	pkp1b
ENSEEEP00000001484	ENSEEEG00000000957	chtopa	ENSPKIP00000032704	ENSPKIG00000012692	CHTOP
ENSEEEP00000028876	ENSEEEG00000013868	casc1	ENSPKIP00000024164	ENSPKIG00000007520	dnai7
ENSEEEP00000012751	ENSEEEG00000006410	NEIL3	ENSPKIP00000022738	ENSPKIG00000006630	neil3
ENSEEEP00000004542	ENSEEEG00000002368	TAF8	ENSPKIP00000036913	ENSPKIG00000015306	taf8
ENSEEEP00000026850	ENSEEEG00000012963	RNF115	ENSPKIP00000036209	ENSPKIG00000014855	rnf115a
ENSEEEP00000030464	ENSEEEG00000014598	HIGD1A	ENSPKIP00000020537	ENSPKIG00000005270	
ENSEEEP00000032041	ENSEEEG00000015285	SLC25A11	ENSPKIP00000021441	ENSPKIG00000005819	slc25a11
ENSEEEP00000032875	ENSEEEG00000015649	FEN1	ENSPKIP00000024985	ENSPKIG00000008009	fen1
ENSEEEP00000038733	ENSEEEG00000018381	plvapa	ENSPKIP00000026038	ENSPKIG00000008672	plvapb
ENSEEEP00000018597	ENSEEEG00000009141	PIGT	ENSPKIP00000041954	ENSPKIG00000018290	pigt
ENSEEEP00000027945	ENSEEEG00000013451	larp4ab	ENSPKIP00000021621	ENSPKIG00000005950	larp4ab
ENSEEEP00000001486	ENSEEEG00000000960	SNAPIN	ENSPKIP00000032736	ENSPKIG00000012708	snapin
ENSEEEP00000046686	ENSEEEG00000021988	PJVK	ENSPKIP00000041224	ENSPKIG00000017857	pjvk
ENSEEEP00000006934	ENSEEEG00000003655	BSCL2	ENSPKIP00000010476	ENSPKIG00000025182	BSCL2
ENSEEEP00000057960	ENSEEEG00000019861	ATXN1L	ENSPKIP00000026687	ENSPKIG00000009066	atxn1l
ENSEEEP00000061740	ENSEEEG00000007204	smpd2b	ENSPKIP00000030499	ENSPKIG00000011322	smpd2b
ENSEEEP00000046989	ENSEEEG00000022117	si:ch73-23l24.1	ENSPKIP00000016292	ENSPKIG00000002676	
ENSEEEP00000027939	ENSEEEG00000013448	PFDN5	ENSPKIP00000021876	ENSPKIG00000006087	pfdn5
ENSEEEP00000004532	ENSEEEG00000002365	si:ch211-66i15.4	ENSPKIP00000036941	ENSPKIG00000015330	si:ch211-66i15.4
ENSEEEP00000012754	ENSEEEG00000006411	AGA	ENSPKIP00000022794	ENSPKIG00000006658	aga
ENSEEEP00000012935	ENSEEEG00000006447	SPOUT1	ENSPKIP00000010349	ENSPKIG00000025099	spout1
ENSEEEP00000033619	ENSEEEG00000015996		ENSPKIP00000030038	ENSPKIG00000011048	
ENSEEEP00000047003	ENSEEEG00000022119	calb2a	ENSPKIP00000016141	ENSPKIG00000002590	CALB2
ENSEEEP00000026858	ENSEEEG00000012964	POLR3C	ENSPKIP00000036265	ENSPKIG00000014883	polr3c
ENSEEEP00000004529	ENSEEEG00000002362	si:dkey-261h17.1	ENSPKIP00000006027	ENSPKIG00000022478	si:ch211-286o17.1
ENSEEEP00000028871	ENSEEEG00000013866	lrmp	ENSPKIP00000024233	ENSPKIG00000007570	IRAG2
ENSEEEP00000047005	ENSEEEG00000022125	pnp6	ENSPKIP00000016099	ENSPKIG00000002570	
ENSEEEP00000011201	ENSEEEG00000005669	UBE2E3	ENSPKIP00000004202	ENSPKIG00000021408	ube2e3
ENSEEEP00000006929	ENSEEEG00000003653	BANF1	ENSPKIP00000010419	ENSPKIG00000025141	banf1
ENSEEEP00000001553	ENSEEEG00000001000	CDK5	ENSPKIP00000020182	ENSPKIG00000005046	cdk5
ENSEEEP00000027834	ENSEEEG00000013281	ANXA4	ENSPKIP00000002924	ENSPKIG00000020622	anxa4
ENSEEEP00000056178	ENSEEEG00000024686	MTFP1	ENSPKIP00000041590	ENSPKIG00000018083	MTFP1
ENSEEEP00000028325	ENSEEEG00000013617	znf142	ENSPKIP00000036078	ENSPKIG00000014768	znf142
ENSEEEP00000042040	ENSEEEG00000019862	znf821	ENSPKIP00000026709	ENSPKIG00000009084	znf821
ENSEEEP00000034871	ENSEEEG00000016585	rbbp8	ENSPKIP00000011290	ENSPKIG00000018444	
ENSEEEP00000027935	ENSEEEG00000013446	ESPL1	ENSPKIP00000007235	ENSPKIG00000023139	espl1
ENSEEEP00000006927	ENSEEEG00000003651	slc3a2b	ENSPKIP00000023326	ENSPKIG00000007004	slc3a2b
ENSEEEP00000047007	ENSEEEG00000022128	HYDIN	ENSPKIP00000013156	ENSPKIG00000000601	hydin
ENSEEEP00000033614	ENSEEEG00000015992	B4GALT2	ENSPKIP00000030072	ENSPKIG00000011065	b4galt2
ENSEEEP00000012521	ENSEEEG00000006279	RFXANK	ENSPKIP00000024606	ENSPKIG00000007789	
ENSEEEP00000042498	ENSEEEG00000020071	lman2la	ENSPKIP00000041520	ENSPKIG00000018038	lman2la
ENSEEEP00000034866	ENSEEEG00000016583	TMEM241	ENSPKIP00000011876	ENSPKIG00000018350	slc35d4
ENSEEEP00000042076	ENSEEEG00000019771	NDUFS1	ENSPKIP00000039732	ENSPKIG00000016957	NDUFS1
ENSEEEP00000044640	ENSEEEG00000021079	PTTG1IP	ENSPKIP00000018650	ENSPKIG00000004144	
ENSEEEP00000028328	ENSEEEG00000013618	BCS1L	ENSPKIP00000028123	ENSPKIG00000009893	bcs1l
ENSEEEP00000011235	ENSEEEG00000005692	AQP4	ENSPKIP00000017565	ENSPKIG00000003424	AQP4
ENSEEEP00000057102	ENSEEEG00000027677	RIT1	ENSPKIP00000034997	ENSPKIG00000014123	rit1
ENSEEEP00000028214	ENSEEEG00000013572	cdca9	ENSPKIP00000020097	ENSPKIG00000005007	cdca9
ENSEEEP00000042745	ENSEEEG00000020168	OTOP3	ENSPKIP00000034845	ENSPKIG00000014005	
ENSEEEP00000033611	ENSEEEG00000015978	ATP6V0B	ENSPKIP00000030104	ENSPKIG00000011085	atp6v0b
ENSEEEP00000057900	ENSEEEG00000027508	WBP1	ENSPKIP00000041466	ENSPKIG00000018008	wbp1
ENSEEEP00000001566	ENSEEEG00000001002	NAGLU	ENSPKIP00000013282	ENSPKIG00000000770	naglu
ENSEEEP00000044623	ENSEEEG00000021058	SUMO3	ENSPKIP00000018596	ENSPKIG00000004110	
ENSEEEP00000033709	ENSEEEG00000016049	si:dkey-247m21.3	ENSPKIP00000005288	ENSPKIG00000022021	si:dkey-247m21.3
ENSEEEP00000017320	ENSEEEG00000008562	NUDC	ENSPKIP00000034753	ENSPKIG00000013960	nudc
ENSEEEP00000018980	ENSEEEG00000009300	INTS9	ENSPKIP00000004820	ENSPKIG00000021742	ints9
ENSEEEP00000001502	ENSEEEG00000000973		ENSPKIP00000034843	ENSPKIG00000013968	
ENSEEEP00000043983	ENSEEEG00000020777	DSN1	ENSPKIP00000035509	ENSPKIG00000014444	dsn1
ENSEEEP00000033711	ENSEEEG00000016052	DUSP4	ENSPKIP00000005239	ENSPKIG00000021994	dusp4
ENSEEEP00000012472	ENSEEEG00000006200	SLC25A39	ENSPKIP00000020238	ENSPKIG00000005073	slc25a39
ENSEEEP00000033165	ENSEEEG00000015775	CREBL2	ENSPKIP00000015637	ENSPKIG00000002284	CREBL2
ENSEEEP00000034863	ENSEEEG00000016342	RIOK3	ENSPKIP00000041966	ENSPKIG00000018297	riok3
ENSEEEP00000001504	ENSEEEG00000000975	THAP7	ENSPKIP00000023045	ENSPKIG00000006821	thap7
ENSEEEP00000061273	ENSEEEG00000007195	tulp1b	ENSPKIP00000009332	ENSPKIG00000024476	tulp1b
ENSEEEP00000002725	ENSEEEG00000001572	PSMB6	ENSPKIP00000021523	ENSPKIG00000005887	psmb6
ENSEEEP00000049528	ENSEEEG00000023289	si:ch211-121a2.4	ENSPKIP00000014197	ENSPKIG00000001354	si:ch211-121a2.4
ENSEEEP00000001568	ENSEEEG00000001007	COASY	ENSPKIP00000013193	ENSPKIG00000000708	coasy
ENSEEEP00000008307	ENSEEEG00000004339	fam83fb	ENSPKIP00000034270	ENSPKIG00000013672	fam83fb
ENSEEEP00000033167	ENSEEEG00000015777	DUSP16	ENSPKIP00000015586	ENSPKIG00000002246	dusp16
ENSEEEP00000027241	ENSEEEG00000013148	PNPLA4	ENSPKIP00000002991	ENSPKIG00000020668	pnpla4
ENSEEEP00000018957	ENSEEEG00000009291	EXTL3	ENSPKIP00000004726	ENSPKIG00000021711	extl3
ENSEEEP00000000562	ENSEEEG00000000410	MAFK	ENSPKIP00000031947	ENSPKIG00000012243	mafk
ENSEEEP00000049524	ENSEEEG00000023284	DHCR24	ENSPKIP00000014876	ENSPKIG00000001778	dhcr24
ENSEEEP00000047323	ENSEEEG00000022276	nr1h5	ENSPKIP00000026750	ENSPKIG00000009094	nr1h5
ENSEEEP00000010276	ENSEEEG00000005199	mettl11b	ENSPKIP00000021286	ENSPKIG00000005754	ntmt2
ENSEEEP00000027243	ENSEEEG00000013150	PUDP	ENSPKIP00000029161	ENSPKIG00000010520	pudp
ENSEEEP00000010766	ENSEEEG00000005450	MIOS	ENSPKIP00000029964	ENSPKIG00000011000	mios
ENSEEEP00000002707	ENSEEEG00000001565	TNFSF13	ENSPKIP00000022058	ENSPKIG00000006211	tnfsf13
ENSEEEP00000001582	ENSEEEG00000001012	PUS3	ENSPKIP00000013084	ENSPKIG00000000646	pus3
ENSEEEP00000047322	ENSEEEG00000022275	SLC66A1	ENSPKIP00000026872	ENSPKIG00000009165	slc66a1
ENSEEEP00000018931	ENSEEEG00000009261	RIOX1	ENSPKIP00000004355	ENSPKIG00000021498	riox1
ENSEEEP00000039207	ENSEEEG00000018634	GTF2E1	ENSPKIP00000024608	ENSPKIG00000007792	gtf2e1
ENSEEEP00000029970	ENSEEEG00000014358	atox1	ENSPKIP00000006113	ENSPKIG00000022528	atox1
ENSEEEP00000001586	ENSEEEG00000001016	grnb	ENSPKIP00000020068	ENSPKIG00000004991	grnb
ENSEEEP00000031752	ENSEEEG00000015167		ENSPKIP00000018868	ENSPKIG00000004269	
ENSEEEP00000058619	ENSEEEG00000013864	bcat1	ENSPKIP00000024265	ENSPKIG00000007588	bcat1
ENSEEEP00000049520	ENSEEEG00000023283	BSND	ENSPKIP00000014246	ENSPKIG00000001386	bsnd
ENSEEEP00000042081	ENSEEEG00000019877	marveld3	ENSPKIP00000027025	ENSPKIG00000009262	marveld3
ENSEEEP00000039212	ENSEEEG00000018635	lcmt2	ENSPKIP00000012622	ENSPKIG00000000360	lcmt2
ENSEEEP00000029964	ENSEEEG00000014307	SPARC	ENSPKIP00000006139	ENSPKIG00000022543	sparc
ENSEEEP00000015619	ENSEEEG00000007672	RABGGTB	ENSPKIP00000027718	ENSPKIG00000009653	rabggtb
ENSEEEP00000039219	ENSEEEG00000018638	TBCCD1	ENSPKIP00000012699	ENSPKIG00000000413	tbccd1
ENSEEEP00000002846	ENSEEEG00000001629	LSS	ENSPKIP00000027758	ENSPKIG00000009662	lss
ENSEEEP00000039222	ENSEEEG00000018641	RAB5B	ENSPKIP00000012587	ENSPKIG00000000335	rab5b
ENSEEEP00000004484	ENSEEEG00000002331	SLC26A9	ENSPKIP00000030295	ENSPKIG00000011210	SLC26A9
ENSEEEP00000020719	ENSEEEG00000010106	tvp23b	ENSPKIP00000035273	ENSPKIG00000014299	tvp23b
ENSEEEP00000017340	ENSEEEG00000008570	tpbga	ENSPKIP00000035441	ENSPKIG00000014405	tpbg1a
ENSEEEP00000055788	ENSEEEG00000018643	DBR1	ENSPKIP00000012567	ENSPKIG00000000310	dbr1
ENSEEEP00000053930	ENSEEEG00000025636	s100v2	ENSPKIP00000013868	ENSPKIG00000001138	
ENSEEEP00000028563	ENSEEEG00000013720	mgst3b	ENSPKIP00000025128	ENSPKIG00000008110	mgst3b
ENSEEEP00000006072	ENSEEEG00000003238	DEFB126	ENSPKIP00000000648	ENSPKIG00000019229	
ENSEEEP00000020724	ENSEEEG00000010114	FADS6	ENSPKIP00000035207	ENSPKIG00000014246	FADS6
ENSEEEP00000063866	ENSEEEG00000027979	tmem222b	ENSPKIP00000034847	ENSPKIG00000014015	tmem222a
ENSEEEP00000052965	ENSEEEG00000028722		ENSPKIP00000039882	ENSPKIG00000017073	gorab
ENSEEEP00000057397	ENSEEEG00000027741	arf2b	ENSPKIP00000011225	ENSPKIG00000018781	
ENSEEEP00000049508	ENSEEEG00000023199	PCSK9	ENSPKIP00000014287	ENSPKIG00000001404	pcsk9
ENSEEEP00000057475	ENSEEEG00000013717	TMEM50A	ENSPKIP00000025099	ENSPKIG00000008090	tmem50a
ENSEEEP00000010306	ENSEEEG00000005218	prrx1b	ENSPKIP00000021265	ENSPKIG00000005726	prrx1b
ENSEEEP00000017349	ENSEEEG00000008574	SH3BGRL3	ENSPKIP00000005781	ENSPKIG00000022324	sh3bgrl3
ENSEEEP00000046285	ENSEEEG00000021730	SGCE	ENSPKIP00000014410	ENSPKIG00000001468	sgce
ENSEEEP00000000364	ENSEEEG00000000264	mrm2	ENSPKIP00000028837	ENSPKIG00000010326	mrm2
ENSEEEP00000050645	ENSEEEG00000023806	R3HDML	ENSPKIP00000030662	ENSPKIG00000011447	r3hdml
ENSEEEP00000015449	ENSEEEG00000007666	efna2a	ENSPKIP00000032122	ENSPKIG00000012338	efna2b
ENSEEEP00000001606	ENSEEEG00000001027	GRB7	ENSPKIP00000019620	ENSPKIG00000004691	grb7
ENSEEEP00000060361	ENSEEEG00000024701	slc48a1a	ENSPKIP00000037037	ENSPKIG00000015378	SLC48A1
ENSEEEP00000011078	ENSEEEG00000005614	NOL11	ENSPKIP00000022277	ENSPKIG00000006353	nol11
ENSEEEP00000017355	ENSEEEG00000008575	trnau1apa	ENSPKIP00000037250	ENSPKIG00000015511	trnau1apa
ENSEEEP00000011229	ENSEEEG00000005689	SS18	ENSPKIP00000039845	ENSPKIG00000017040	ss18
ENSEEEP00000040196	ENSEEEG00000019022	DDX18	ENSPKIP00000013839	ENSPKIG00000001118	ddx18
ENSEEEP00000000346	ENSEEEG00000000247	NUDT1	ENSPKIP00000028810	ENSPKIG00000010301	nudt1
ENSEEEP00000062921	ENSEEEG00000029141	npsn	ENSPKIP00000020489	ENSPKIG00000005253	
ENSEEEP00000022636	ENSEEEG00000010972	EI24	ENSPKIP00000037993	ENSPKIG00000015962	ei24
ENSEEEP00000009099	ENSEEEG00000004685	si:dkey-256h2.1	ENSPKIP00000029898	ENSPKIG00000010958	si:dkey-256h2.1
ENSEEEP00000022870	ENSEEEG00000011105	LMLN	ENSPKIP00000038288	ENSPKIG00000016041	lmln
ENSEEEP00000028553	ENSEEEG00000013716	rhd	ENSPKIP00000025058	ENSPKIG00000008067	rhd
ENSEEEP00000047483	ENSEEEG00000022343	si:dkey-81h8.1	ENSPKIP00000023344	ENSPKIG00000007022	
ENSEEEP00000056449	ENSEEEG00000024930	si:dkey-103j14.5	ENSPKIP00000019296	ENSPKIG00000004523	
ENSEEEP00000017361	ENSEEEG00000008578	STX12	ENSPKIP00000005627	ENSPKIG00000022221	stx12l
ENSEEEP00000014437	ENSEEEG00000007190		ENSPKIP00000009377	ENSPKIG00000024509	
ENSEEEP00000000257	ENSEEEG00000000030	snx8a	ENSPKIP00000028752	ENSPKIG00000010257	snx8a
ENSEEEP00000054809	ENSEEEG00000026467	st6galnac6	ENSPKIP00000010359	ENSPKIG00000025105	st6galnac6
ENSEEEP00000012818	ENSEEEG00000006441	ST6GALNAC4	ENSPKIP00000010365	ENSPKIG00000025112	st6galnac4
ENSEEEP00000014436	ENSEEEG00000027040	sys1	ENSPKIP00000039260	ENSPKIG00000016690	sys1
ENSEEEP00000056631	ENSEEEG00000025805	CORIN	ENSPKIP00000041566	ENSPKIG00000018057	corin
ENSEEEP00000050647	ENSEEEG00000023807	FITM2	ENSPKIP00000030635	ENSPKIG00000011423	fitm2
ENSEEEP00000009856	ENSEEEG00000005017	DTYMK	ENSPKIP00000016724	ENSPKIG00000002923	dtymk
ENSEEEP00000056379	ENSEEEG00000003462		ENSPKIP00000000624	ENSPKIG00000019202	
ENSEEEP00000017364	ENSEEEG00000008581	CCN3	ENSPKIP00000005654	ENSPKIG00000022246	ccn2b
ENSEEEP00000039766	ENSEEEG00000018853	prg4a	ENSPKIP00000038702	ENSPKIG00000016371	prg4a
ENSEEEP00000014433	ENSEEEG00000007187	SNRPC	ENSPKIP00000014695	ENSPKIG00000001671	SNRPC
ENSEEEP00000039279	ENSEEEG00000018647	ARMC8	ENSPKIP00000012504	ENSPKIG00000000262	armc8
ENSEEEP00000054035	ENSEEEG00000024718	gdf10b	ENSPKIP00000018105	ENSPKIG00000003757	senp1
ENSEEEP00000018860	ENSEEEG00000009259	NDUFB1	ENSPKIP00000004314	ENSPKIG00000021476	NDUFB1
ENSEEEP00000059279	ENSEEEG00000006437	MIGA2	ENSPKIP00000010389	ENSPKIG00000025123	miga2
ENSEEEP00000042588	ENSEEEG00000020106	PDZRN4	ENSPKIP00000001652	ENSPKIG00000019866	
ENSEEEP00000023717	ENSEEEG00000011466	NOX5	ENSPKIP00000039552	ENSPKIG00000016853	nox5
ENSEEEP00000018855	ENSEEEG00000009248	CPSF2	ENSPKIP00000004287	ENSPKIG00000021453	cpsf2
ENSEEEP00000014425	ENSEEEG00000007182	ILRUN	ENSPKIP00000014640	ENSPKIG00000001636	ilrun
ENSEEEP00000021741	ENSEEEG00000010570	FAM241A	ENSPKIP00000034952	ENSPKIG00000014094	
ENSEEEP00000010492	ENSEEEG00000005313	si:dkey-35m8.1	ENSPKIP00000001469	ENSPKIG00000019759	si:dkey-35m8.1
ENSEEEP00000012811	ENSEEEG00000006435	DOLPP1	ENSPKIP00000010421	ENSPKIG00000025145	dolpp1
ENSEEEP00000018589	ENSEEEG00000009137	FAM217B	ENSPKIP00000020806	ENSPKIG00000005458	
ENSEEEP00000044931	ENSEEEG00000021209	pkp3b	ENSPKIP00000023577	ENSPKIG00000007152	
ENSEEEP00000010495	ENSEEEG00000005314	SPATA22	ENSPKIP00000001486	ENSPKIG00000019766	spata22
ENSEEEP00000053255	ENSEEEG00000007181	SPDEF	ENSPKIP00000014588	ENSPKIG00000001617	spdef
ENSEEEP00000028533	ENSEEEG00000013704	ldlrap1b	ENSPKIP00000023671	ENSPKIG00000007203	ldlrap1a
ENSEEEP00000058726	ENSEEEG00000006433	SETX	ENSPKIP00000010441	ENSPKIG00000025162	SETX
ENSEEEP00000011104	ENSEEEG00000005629		ENSPKIP00000021342	ENSPKIG00000005798	
ENSEEEP00000018587	ENSEEEG00000009134	TTLL9	ENSPKIP00000041760	ENSPKIG00000018185	ttll9
ENSEEEP00000016482	ENSEEEG00000008167	THUMPD2	ENSPKIP00000005597	ENSPKIG00000022207	THUMPD2
ENSEEEP00000044929	ENSEEEG00000021207		ENSPKIP00000023456	ENSPKIG00000007082	
ENSEEEP00000042950	ENSEEEG00000020270	GHITM	ENSPKIP00000023461	ENSPKIG00000007078	GHITM
ENSEEEP00000017368	ENSEEEG00000008584	TMEM200B	ENSPKIP00000037503	ENSPKIG00000015663	tmem200b
ENSEEEP00000010533	ENSEEEG00000005323	C11orf54	ENSPKIP00000001368	ENSPKIG00000019680	bkgd
ENSEEEP00000029848	ENSEEEG00000014297	G3BP1	ENSPKIP00000006176	ENSPKIG00000022556	g3bp1
ENSEEEP00000016488	ENSEEEG00000008172	ECD	ENSPKIP00000012798	ENSPKIG00000000476	ecd
ENSEEEP00000044926	ENSEEEG00000021206	TNFRSF1A	ENSPKIP00000023367	ENSPKIG00000007026	
ENSEEEP00000059171	ENSEEEG00000027094	SLC66A2	ENSPKIP00000016476	ENSPKIG00000002780	slc66a2
ENSEEEP00000010538	ENSEEEG00000005343	ASPA	ENSPKIP00000001316	ENSPKIG00000019648	aspa
ENSEEEP00000062637	ENSEEEG00000006193	RPL27	ENSPKIP00000011655	ENSPKIG00000018651	rpl27
ENSEEEP00000047381	ENSEEEG00000022301	LIX1L	ENSPKIP00000002785	ENSPKIG00000020538	LIX1L
ENSEEEP00000026867	ENSEEEG00000012974	dscc1	ENSPKIP00000000352	ENSPKIG00000019054	dscc1
ENSEEEP00000044126	ENSEEEG00000020854	PET100	ENSPKIP00000035962	ENSPKIG00000014713	pet100
ENSEEEP00000012308	ENSEEEG00000006190	RUNDC1	ENSPKIP00000011615	ENSPKIG00000018627	rundc1
ENSEEEP00000009338	ENSEEEG00000004792	ube2ka	ENSPKIP00000019833	ENSPKIG00000004838	ube2kb
ENSEEEP00000063418	ENSEEEG00000028658	2210013O21Rik	ENSPKIP00000004381	ENSPKIG00000021516	
ENSEEEP00000064125	ENSEEEG00000027036	CCL20	ENSPKIP00000037514	ENSPKIG00000015670	
ENSEEEP00000063612	ENSEEEG00000028894	cd99	ENSPKIP00000029349	ENSPKIG00000010633	cd99
ENSEEEP00000028996	ENSEEEG00000013897	SMPD3	ENSPKIP00000037447	ENSPKIG00000015630	smpd3
ENSEEEP00000048776	ENSEEEG00000022946	NXPH1	ENSPKIP00000029258	ENSPKIG00000010583	nxph1
ENSEEEP00000042596	ENSEEEG00000020112		ENSPKIP00000001622	ENSPKIG00000019848	
ENSEEEP00000062613	ENSEEEG00000028095	CCR10	ENSPKIP00000012565	ENSPKIG00000000313	ccr10
ENSEEEP00000027306	ENSEEEG00000013167	DHRSX	ENSPKIP00000029421	ENSPKIG00000010669	DHRSX
ENSEEEP00000008811	ENSEEEG00000004407	CSE1L	ENSPKIP00000009420	ENSPKIG00000024520	cse1l
ENSEEEP00000022339	ENSEEEG00000010846		ENSPKIP00000002515	ENSPKIG00000020380	
ENSEEEP00000047561	ENSEEEG00000022381	BECN1	ENSPKIP00000006394	ENSPKIG00000022690	becn1
ENSEEEP00000054262	ENSEEEG00000022285	ADCK5	ENSPKIP00000016348	ENSPKIG00000002706	adck5
ENSEEEP00000056303	ENSEEEG00000005660	APOH	ENSPKIP00000021466	ENSPKIG00000005848	APOH
ENSEEEP00000014416	ENSEEEG00000007178	rps10	ENSPKIP00000017383	ENSPKIG00000003321	rps10
ENSEEEP00000023121	ENSEEEG00000011127	SNX4	ENSPKIP00000038746	ENSPKIG00000016386	snx4
ENSEEEP00000041462	ENSEEEG00000019606	CTDP1	ENSPKIP00000016395	ENSPKIG00000002733	ctdp1
ENSEEEP00000029011	ENSEEEG00000013921	ndrg4	ENSPKIP00000037305	ENSPKIG00000015458	ndrg4
ENSEEEP00000029829	ENSEEEG00000014291	SLC25A48	ENSPKIP00000012335	ENSPKIG00000000162	slc25a48
ENSEEEP00000047853	ENSEEEG00000022180	MBTPS1	ENSPKIP00000013411	ENSPKIG00000000838	mbtps1
ENSEEEP00000063467	ENSEEEG00000025714	nudt3b	ENSPKIP00000017447	ENSPKIG00000003355	NUDT3
ENSEEEP00000003387	ENSEEEG00000001893	RTCB	ENSPKIP00000015048	ENSPKIG00000001881	RTCB
ENSEEEP00000033008	ENSEEEG00000015715	TFAP2D	ENSPKIP00000004496	ENSPKIG00000021570	tfap2d
ENSEEEP00000014408	ENSEEEG00000007173	hmga1b	ENSPKIP00000017505	ENSPKIG00000003388	
ENSEEEP00000029826	ENSEEEG00000014289	CPLX2	ENSPKIP00000012373	ENSPKIG00000000187	cplx2b
ENSEEEP00000042148	ENSEEEG00000019910	GTF3C2	ENSPKIP00000037847	ENSPKIG00000015869	gtf3c2
ENSEEEP00000010668	ENSEEEG00000005247	ELP3	ENSPKIP00000005056	ENSPKIG00000021890	elp3
ENSEEEP00000040015	ENSEEEG00000018977	DNLZ	ENSPKIP00000010697	ENSPKIG00000025315	dnlz
ENSEEEP00000001384	ENSEEEG00000000915	PIP4P2	ENSPKIP00000022374	ENSPKIG00000006388	pip4p2
ENSEEEP00000027317	ENSEEEG00000013179	znf654	ENSPKIP00000039420	ENSPKIG00000016775	znf654
ENSEEEP00000021928	ENSEEEG00000010653	BHLHE22	ENSPKIP00000025331	ENSPKIG00000008248	bhlhe22
ENSEEEP00000029824	ENSEEEG00000014288	THOC3	ENSPKIP00000012406	ENSPKIG00000000208	thoc3
ENSEEEP00000009600	ENSEEEG00000004902	NSUN7	ENSPKIP00000033972	ENSPKIG00000013497	NSUN7
ENSEEEP00000021925	ENSEEEG00000010651	ARMC1	ENSPKIP00000025298	ENSPKIG00000008223	armc1
ENSEEEP00000001392	ENSEEEG00000000917	NECAB1	ENSPKIP00000022426	ENSPKIG00000006434	necab1
ENSEEEP00000030317	ENSEEEG00000014534	GPR31	ENSPKIP00000035938	ENSPKIG00000014697	
ENSEEEP00000021923	ENSEEEG00000010649	MTFR1	ENSPKIP00000025259	ENSPKIG00000008201	mtfr1
ENSEEEP00000047883	ENSEEEG00000022542	RND2	ENSPKIP00000003288	ENSPKIG00000020855	rnd2
ENSEEEP00000026901	ENSEEEG00000012987	MRPL13	ENSPKIP00000000064	ENSPKIG00000018874	mrpl13
ENSEEEP00000016498	ENSEEEG00000008176	DCAKD	ENSPKIP00000013059	ENSPKIG00000000634	dcakd
ENSEEEP00000027321	ENSEEEG00000013181	ARL13B	ENSPKIP00000031278	ENSPKIG00000011815	arl13b
ENSEEEP00000030314	ENSEEEG00000014531	PPEF1	ENSPKIP00000035871	ENSPKIG00000014647	ttll2
ENSEEEP00000044794	ENSEEEG00000019740	GAPDH	ENSPKIP00000010754	ENSPKIG00000025348	gapdh
ENSEEEP00000029823	ENSEEEG00000014285	si:dkey-280e21.3	ENSPKIP00000012462	ENSPKIG00000000242	
ENSEEEP00000026923	ENSEEEG00000012992	MTBP	ENSPKIP00000042064	ENSPKIG00000018833	mtbp
ENSEEEP00000040016	ENSEEEG00000018976	UCK1	ENSPKIP00000010694	ENSPKIG00000025313	uck1
ENSEEEP00000059988	ENSEEEG00000021995	MARCHF7	ENSPKIP00000015770	ENSPKIG00000002360	
ENSEEEP00000022529	ENSEEEG00000010938	RPS25	ENSPKIP00000022917	ENSPKIG00000006739	RPS25
ENSEEEP00000028909	ENSEEEG00000013878	SBDS	ENSPKIP00000022519	ENSPKIG00000006489	sbds
ENSEEEP00000001393	ENSEEEG00000000918	TMEM64	ENSPKIP00000022473	ENSPKIG00000006469	tmem64
ENSEEEP00000055168	ENSEEEG00000025640	GINS3	ENSPKIP00000037035	ENSPKIG00000015377	gins3
ENSEEEP00000028031	ENSEEEG00000013486	TRIM69	ENSPKIP00000002535	ENSPKIG00000020392	
ENSEEEP00000037920	ENSEEEG00000018015	tdp2b	ENSPKIP00000022506	ENSPKIG00000006483	tdp2b
ENSEEEP00000062929	ENSEEEG00000026333	wfdc2	ENSPKIP00000011563	ENSPKIG00000018598	
ENSEEEP00000013506	ENSEEEG00000006752	ACP2	ENSPKIP00000017798	ENSPKIG00000003574	acp2
ENSEEEP00000047887	ENSEEEG00000022546	CASP8AP2	ENSPKIP00000006653	ENSPKIG00000022849	
ENSEEEP00000027326	ENSEEEG00000013183	NSUN3	ENSPKIP00000031320	ENSPKIG00000011846	nsun3
ENSEEEP00000029017	ENSEEEG00000013924	ZNRF1	ENSPKIP00000037007	ENSPKIG00000015361	znrf1
ENSEEEP00000003394	ENSEEEG00000001898	FBXO7	ENSPKIP00000014985	ENSPKIG00000001848	fbxo7
ENSEEEP00000022521	ENSEEEG00000010932	igsf5a	ENSPKIP00000022824	ENSPKIG00000006690	igsf5a
ENSEEEP00000028911	ENSEEEG00000013879		ENSPKIP00000022559	ENSPKIG00000006512	
ENSEEEP00000027331	ENSEEEG00000013185	noctb	ENSPKIP00000002080	ENSPKIG00000020116	
ENSEEEP00000041496	ENSEEEG00000019611	SCG3	ENSPKIP00000003881	ENSPKIG00000021206	scg3
ENSEEEP00000022519	ENSEEEG00000010930	pcp4a	ENSPKIP00000022789	ENSPKIG00000006653	PCP4
ENSEEEP00000014402	ENSEEEG00000007170	HYAL1	ENSPKIP00000009034	ENSPKIG00000024294	hyal1
ENSEEEP00000055960	ENSEEEG00000019909	SLC30A2	ENSPKIP00000037811	ENSPKIG00000015850	slc30a2
ENSEEEP00000003396	ENSEEEG00000001899	ECHDC3	ENSPKIP00000011027	ENSPKIG00000025507	ECHDC3
ENSEEEP00000059783	ENSEEEG00000026732	ARL6	ENSPKIP00000004143	ENSPKIG00000021369	arl6
ENSEEEP00000040012	ENSEEEG00000018972	PHYHD1	ENSPKIP00000010715	ENSPKIG00000025327	phyhd1
ENSEEEP00000047888	ENSEEEG00000022547	PHOSPHO1	ENSPKIP00000006753	ENSPKIG00000022908	PHOSPHO1
ENSEEEP00000042975	ENSEEEG00000020285	lrit1b	ENSPKIP00000020012	ENSPKIG00000004918	lrit1b
ENSEEEP00000063679	ENSEEEG00000026673	CLDN4	ENSPKIP00000028694	ENSPKIG00000010236	
ENSEEEP00000003401	ENSEEEG00000001901		ENSPKIP00000011024	ENSPKIG00000025505	
ENSEEEP00000009594	ENSEEEG00000004899	TTC23	ENSPKIP00000037243	ENSPKIG00000015505	
ENSEEEP00000047889	ENSEEEG00000022548	GJC1	ENSPKIP00000003016	ENSPKIG00000020698	GJC1
ENSEEEP00000029178	ENSEEEG00000013931	LDHD	ENSPKIP00000036966	ENSPKIG00000015311	ldhd
ENSEEEP00000003412	ENSEEEG00000001903	UPF2	ENSPKIP00000011020	ENSPKIG00000025502	UPF2
ENSEEEP00000014400	ENSEEEG00000007167	ABHD14B	ENSPKIP00000014486	ENSPKIG00000001528	abhd14b
ENSEEEP00000012799	ENSEEEG00000006431	CTSO	ENSPKIP00000036844	ENSPKIG00000015268	ctso
ENSEEEP00000042598	ENSEEEG00000020114	TMEM141	ENSPKIP00000040863	ENSPKIG00000017663	tmem141
ENSEEEP00000053466	ENSEEEG00000028387	FGF2	ENSPKIP00000036831	ENSPKIG00000015195	fgf2
ENSEEEP00000009589	ENSEEEG00000004895	NUDT6	ENSPKIP00000036871	ENSPKIG00000015281	nudt6
ENSEEEP00000053386	ENSEEEG00000026582		ENSPKIP00000022322	ENSPKIG00000006376	
ENSEEEP00000039991	ENSEEEG00000018900	IDH3B	ENSPKIP00000038701	ENSPKIG00000016347	idh3b
ENSEEEP00000012804	ENSEEEG00000006432	RNF130	ENSPKIP00000036391	ENSPKIG00000014920	rnf130
ENSEEEP00000042600	ENSEEEG00000020115	sapcd2	ENSPKIP00000040931	ENSPKIG00000017704	SAPCD2
ENSEEEP00000026928	ENSEEEG00000012999	SNTB1	ENSPKIP00000042055	ENSPKIG00000018798	sntb1
ENSEEEP00000004381	ENSEEEG00000002299	IFI35	ENSPKIP00000020025	ENSPKIG00000004959	ifi35
ENSEEEP00000009480	ENSEEEG00000004834	SPRY1	ENSPKIP00000037121	ENSPKIG00000015428	SPRY1
ENSEEEP00000034309	ENSEEEG00000016200	RMC1	ENSPKIP00000041860	ENSPKIG00000018216	rmc1
ENSEEEP00000041502	ENSEEEG00000019629	LYSMD2	ENSPKIP00000003934	ENSPKIG00000021230	lysmd2
ENSEEEP00000028053	ENSEEEG00000013500	LETM2	ENSPKIP00000028378	ENSPKIG00000010040	letm2
ENSEEEP00000055724	ENSEEEG00000010924	TMPRSS2	ENSPKIP00000032308	ENSPKIG00000012462	tmprss2
ENSEEEP00000010701	ENSEEEG00000005417	si:ch211-63o20.7	ENSPKIP00000005097	ENSPKIG00000021912	si:ch211-63o20.7
ENSEEEP00000042601	ENSEEEG00000020116	ZMYND19	ENSPKIP00000040802	ENSPKIG00000017618	zmynd19
ENSEEEP00000040928	ENSEEEG00000019079	CCDC93	ENSPKIP00000013723	ENSPKIG00000001052	ccdc93
ENSEEEP00000027356	ENSEEEG00000013203	klf5a	ENSPKIP00000020512	ENSPKIG00000005265	klf5b
ENSEEEP00000003415	ENSEEEG00000001905	FAM180A	ENSPKIP00000001155	ENSPKIG00000019551	
ENSEEEP00000029790	ENSEEEG00000014270	TMEM216	ENSPKIP00000012503	ENSPKIG00000000272	tmem216
ENSEEEP00000053552	ENSEEEG00000020117	BSPRY	ENSPKIP00000040738	ENSPKIG00000017584	bspry
ENSEEEP00000003416	ENSEEEG00000001906	MTPN	ENSPKIP00000013296	ENSPKIG00000000782	mtpn
ENSEEEP00000042141	ENSEEEG00000019906	MPV17	ENSPKIP00000037743	ENSPKIG00000015772	mpv17
ENSEEEP00000027764	ENSEEEG00000013207	pibf1	ENSPKIP00000020449	ENSPKIG00000005209	pibf1
ENSEEEP00000034981	ENSEEEG00000016634	KLF9	ENSPKIP00000013944	ENSPKIG00000001186	klf9
ENSEEEP00000012809	ENSEEEG00000006434	F2RL3	ENSPKIP00000036207	ENSPKIG00000014856	si:ch211-132p1.2
ENSEEEP00000029782	ENSEEEG00000014266	HTR4	ENSPKIP00000001205	ENSPKIG00000019566	htr4
ENSEEEP00000004166	ENSEEEG00000002208	FKBP2	ENSPKIP00000023504	ENSPKIG00000007109	fkbp2
ENSEEEP00000042140	ENSEEEG00000019904	uts1	ENSPKIP00000037627	ENSPKIG00000015730	uts1
ENSEEEP00000012812	ENSEEEG00000006436	lect2.1	ENSPKIP00000034080	ENSPKIG00000013555	lect2.2
ENSEEEP00000010709	ENSEEEG00000005421	PAQR8	ENSPKIP00000005201	ENSPKIG00000021982	paqr8
ENSEEEP00000061478	ENSEEEG00000026021	gorasp1a	ENSPKIP00000035379	ENSPKIG00000014356	GORASP1
ENSEEEP00000003422	ENSEEEG00000001910	PTN	ENSPKIP00000017654	ENSPKIG00000003476	ptn
ENSEEEP00000053295	ENSEEEG00000014926	POP1	ENSPKIP00000038623	ENSPKIG00000016325	POP1
ENSEEEP00000037831	ENSEEEG00000017977	si:ch211-215a10.4	ENSPKIP00000029985	ENSPKIG00000011022	si:ch211-215a10.4
ENSEEEP00000028064	ENSEEEG00000013505	PLPP5	ENSPKIP00000012827	ENSPKIG00000000494	plpp5
ENSEEEP00000041141	ENSEEEG00000019471	si:ch211-241e1.3	ENSPKIP00000017013	ENSPKIG00000003066	
ENSEEEP00000045459	ENSEEEG00000021440	PLD4	ENSPKIP00000018316	ENSPKIG00000003916	PLD4
ENSEEEP00000022497	ENSEEEG00000010918	ACAT1	ENSPKIP00000022511	ENSPKIG00000006487	acat1
ENSEEEP00000030280	ENSEEEG00000014513	afdna	ENSPKIP00000035800	ENSPKIG00000014569	afdna
ENSEEEP00000042606	ENSEEEG00000020118	COQ4	ENSPKIP00000001393	ENSPKIG00000019707	COQ4
ENSEEEP00000027799	ENSEEEG00000013387	GPALPP1	ENSPKIP00000024148	ENSPKIG00000007507	
ENSEEEP00000042132	ENSEEEG00000019900	dnajc5ga	ENSPKIP00000037507	ENSPKIG00000015665	dnajc5ga
ENSEEEP00000015399	ENSEEEG00000007570	LEO1	ENSPKIP00000004078	ENSPKIG00000021315	leo1
ENSEEEP00000013539	ENSEEEG00000006768	PECR	ENSPKIP00000028404	ENSPKIG00000010071	pecr
ENSEEEP00000013395	ENSEEEG00000006699	NFXL1	ENSPKIP00000041621	ENSPKIG00000018097	nfxl1
ENSEEEP00000037803	ENSEEEG00000017928	ABCF1	ENSPKIP00000029906	ENSPKIG00000010965	abcf1
ENSEEEP00000027817	ENSEEEG00000013391	gtf2f2a	ENSPKIP00000033575	ENSPKIG00000013231	gtf2f2b
ENSEEEP00000043013	ENSEEEG00000020305	PSTK	ENSPKIP00000016907	ENSPKIG00000003035	PSTK
ENSEEEP00000028072	ENSEEEG00000013511	TACC1	ENSPKIP00000024337	ENSPKIG00000007617	tacc1
ENSEEEP00000010148	ENSEEEG00000005146		ENSPKIP00000022579	ENSPKIG00000006523	wdr90
ENSEEEP00000011687	ENSEEEG00000005883	SLC38A10	ENSPKIP00000034174	ENSPKIG00000013606	slc38a10
ENSEEEP00000028074	ENSEEEG00000013512	si:ch211-113d22.2	ENSPKIP00000024438	ENSPKIG00000007694	si:ch211-113d22.2
ENSEEEP00000035081	ENSEEEG00000016685		ENSPKIP00000030614	ENSPKIG00000011402	
ENSEEEP00000035873	ENSEEEG00000026965	ela3l	ENSPKIP00000036663	ENSPKIG00000015147	ela3l
ENSEEEP00000027820	ENSEEEG00000013398	TPT1	ENSPKIP00000024214	ENSPKIG00000007549	tpt1
ENSEEEP00000060228	ENSEEEG00000026922	POLR2D	ENSPKIP00000031841	ENSPKIG00000012166	polr2d
ENSEEEP00000060616	ENSEEEG00000028832	bcl2l10	ENSPKIP00000004122	ENSPKIG00000021360	bcl2l10
ENSEEEP00000010269	ENSEEEG00000005201	zgc:103559	ENSPKIP00000039995	ENSPKIG00000017125	zgc:103559
ENSEEEP00000004149	ENSEEEG00000002200	zgc:77262	ENSPKIP00000023764	ENSPKIG00000007274	
ENSEEEP00000023652	ENSEEEG00000011455	ambra1b	ENSPKIP00000032374	ENSPKIG00000012478	ambra1b
ENSEEEP00000044572	ENSEEEG00000021047	DIS3L	ENSPKIP00000037248	ENSPKIG00000015490	dis3l
ENSEEEP00000004365	ENSEEEG00000002274	BCAT2	ENSPKIP00000004829	ENSPKIG00000021768	bcat2
ENSEEEP00000027826	ENSEEEG00000013402	bsg	ENSPKIP00000030257	ENSPKIG00000011192	
ENSEEEP00000011689	ENSEEEG00000005884	NDUFAF8	ENSPKIP00000034345	ENSPKIG00000013710	ndufaf8
ENSEEEP00000011690	ENSEEEG00000005885	TEPSIN	ENSPKIP00000034392	ENSPKIG00000013741	tepsin
ENSEEEP00000059098	ENSEEEG00000001287	HADHB	ENSPKIP00000035496	ENSPKIG00000014396	hadhb
ENSEEEP00000060842	ENSEEEG00000026402	si:dkey-21c1.1	ENSPKIP00000034574	ENSPKIG00000013789	si:dkey-21c1.1
ENSEEEP00000042658	ENSEEEG00000020136	FBXW5	ENSPKIP00000040653	ENSPKIG00000017528	fbxw5
ENSEEEP00000033833	ENSEEEG00000016108	si:ch73-22a13.3	ENSPKIP00000010488	ENSPKIG00000025191	si:ch73-22a13.3
ENSEEEP00000043097	ENSEEEG00000020313	ACADSB	ENSPKIP00000016998	ENSPKIG00000003087	acadsb
ENSEEEP00000044554	ENSEEEG00000021043	si:ch211-98n17.5	ENSPKIP00000016469	ENSPKIG00000002788	
ENSEEEP00000042662	ENSEEEG00000020137		ENSPKIP00000040616	ENSPKIG00000017507	
ENSEEEP00000011694	ENSEEEG00000005888	BICRAL	ENSPKIP00000017336	ENSPKIG00000003292	bicral
ENSEEEP00000001721	ENSEEEG00000001102	CCN3	ENSPKIP00000001078	ENSPKIG00000019464	CCN3
ENSEEEP00000044549	ENSEEEG00000021039	BBOX1	ENSPKIP00000009075	ENSPKIG00000024319	bbox1
ENSEEEP00000001724	ENSEEEG00000001103	MAL2	ENSPKIP00000001348	ENSPKIG00000019681	mal2
ENSEEEP00000041102	ENSEEEG00000019403	ABCF3	ENSPKIP00000034953	ENSPKIG00000014055	abcf3
ENSEEEP00000010823	ENSEEEG00000005484	mettl27	ENSPKIP00000028628	ENSPKIG00000010193	mettl27
ENSEEEP00000011696	ENSEEEG00000005889	TBCC	ENSPKIP00000029556	ENSPKIG00000010761	tbcc
ENSEEEP00000012257	ENSEEEG00000006168	TRUB1	ENSPKIP00000018201	ENSPKIG00000003852	trub1
ENSEEEP00000037696	ENSEEEG00000017923	MRPS18B	ENSPKIP00000029952	ENSPKIG00000011007	mrps18b
ENSEEEP00000001734	ENSEEEG00000001111	TNFRSF11B	ENSPKIP00000001317	ENSPKIG00000019637	
ENSEEEP00000053397	ENSEEEG00000020138	ALAD	ENSPKIP00000040578	ENSPKIG00000017469	alad
ENSEEEP00000060169	ENSEEEG00000028074	MANSC1	ENSPKIP00000000045	ENSPKIG00000018853	
ENSEEEP00000033307	ENSEEEG00000015830	C11orf98	ENSPKIP00000000056	ENSPKIG00000018877	C11orf98
ENSEEEP00000001743	ENSEEEG00000001115	TNFRSF11B	ENSPKIP00000009285	ENSPKIG00000024447	
ENSEEEP00000013341	ENSEEEG00000006682	TFR2	ENSPKIP00000004602	ENSPKIG00000021639	tfr2
ENSEEEP00000031119	ENSEEEG00000014907	OSR2	ENSPKIP00000038950	ENSPKIG00000016499	osr2
ENSEEEP00000021676	ENSEEEG00000010541	DNAJC5B	ENSPKIP00000024938	ENSPKIG00000007998	dnajc5b
ENSEEEP00000010728	ENSEEEG00000005431	cldnb	ENSPKIP00000041867	ENSPKIG00000018251	cldnb
ENSEEEP00000023141	ENSEEEG00000011219	ZNF148	ENSPKIP00000038972	ENSPKIG00000016467	znf148
ENSEEEP00000011707	ENSEEEG00000005894	timm23a	ENSPKIP00000016425	ENSPKIG00000002755	timm23b
ENSEEEP00000010723	ENSEEEG00000005429	cldnh	ENSPKIP00000022231	ENSPKIG00000006263	
ENSEEEP00000033798	ENSEEEG00000016094	AUP1	ENSPKIP00000002139	ENSPKIG00000020155	aup1
ENSEEEP00000033866	ENSEEEG00000015843	atp6v1e1b	ENSPKIP00000040829	ENSPKIG00000017631	atp6v1e1a
ENSEEEP00000059352	ENSEEEG00000025873	STMN4	ENSPKIP00000005359	ENSPKIG00000022059	stmn4
ENSEEEP00000010722	ENSEEEG00000005427	ABHD11	ENSPKIP00000011896	ENSPKIG00000018319	abhd11
ENSEEEP00000013335	ENSEEEG00000006679	ctc1	ENSPKIP00000004504	ENSPKIG00000021575	
ENSEEEP00000023144	ENSEEEG00000011224	SLC12A8	ENSPKIP00000039037	ENSPKIG00000016555	slc12a8
ENSEEEP00000011710	ENSEEEG00000005895	zgc:112285	ENSPKIP00000029763	ENSPKIG00000010885	zgc:112285
ENSEEEP00000011713	ENSEEEG00000005898	syt15	ENSPKIP00000029795	ENSPKIG00000010898	syt15
ENSEEEP00000023150	ENSEEEG00000011225	HEG1	ENSPKIP00000039072	ENSPKIG00000016587	heg1
ENSEEEP00000000142	ENSEEEG00000000105	si:dkey-276j7.1	ENSPKIP00000032014	ENSPKIG00000012273	
ENSEEEP00000002693	ENSEEEG00000001558	depdc7a	ENSPKIP00000007871	ENSPKIG00000023604	depdc7a
ENSEEEP00000054902	ENSEEEG00000028508	VPS13B	ENSPKIP00000039163	ENSPKIG00000016567	VPS13B
ENSEEEP00000002796	ENSEEEG00000001601	NUP160	ENSPKIP00000034105	ENSPKIG00000013522	nup160
ENSEEEP00000037664	ENSEEEG00000017908	AGR2	ENSPKIP00000029798	ENSPKIG00000010902	agr2
ENSEEEP00000049337	ENSEEEG00000023188	BLOC1S2	ENSPKIP00000015169	ENSPKIG00000001971	bloc1s2
ENSEEEP00000033790	ENSEEEG00000016091	kazald2	ENSPKIP00000002086	ENSPKIG00000020104	kazald2
ENSEEEP00000064068	ENSEEEG00000026514	RAD51AP1	ENSPKIP00000040217	ENSPKIG00000017268	rad51ap1
ENSEEEP00000037637	ENSEEEG00000017907	tspan13b	ENSPKIP00000029755	ENSPKIG00000010874	tspan13b
ENSEEEP00000033788	ENSEEEG00000016089	TLX2	ENSPKIP00000002010	ENSPKIG00000020072	tlx2
ENSEEEP00000041790	ENSEEEG00000019762	arl6ip6	ENSPKIP00000031487	ENSPKIG00000011962	ARL6IP6
ENSEEEP00000018236	ENSEEEG00000008958	khdrbs1b	ENSPKIP00000009674	ENSPKIG00000024687	khdrbs1b
ENSEEEP00000051201	ENSEEEG00000024031	FGF23	ENSPKIP00000039975	ENSPKIG00000017124	fgf23
ENSEEEP00000033785	ENSEEEG00000016088	npm1b	ENSPKIP00000001980	ENSPKIG00000020050	npm1b
ENSEEEP00000000046	ENSEEEG00000000022		ENSPKIP00000028460	ENSPKIG00000010073	
ENSEEEP00000018437	ENSEEEG00000009049	u2af1	ENSPKIP00000027073	ENSPKIG00000009285	u2af1
ENSEEEP00000002702	ENSEEEG00000001563	QSER1	ENSPKIP00000007828	ENSPKIG00000023573	qser1
ENSEEEP00000000045	ENSEEEG00000000021	chst12a	ENSPKIP00000028357	ENSPKIG00000010039	chst12a
ENSEEEP00000000952	ENSEEEG00000000645	PRRG4	ENSPKIP00000007796	ENSPKIG00000023558	prrg4
ENSEEEP00000058869	ENSEEEG00000022064	CPSF1	ENSPKIP00000016120	ENSPKIG00000002582	cpsf1
ENSEEEP00000027666	ENSEEEG00000013326	her1	ENSPKIP00000022773	ENSPKIG00000006648	
ENSEEEP00000051204	ENSEEEG00000024034	tigarb	ENSPKIP00000039952	ENSPKIG00000017112	tigarb
ENSEEEP00000033782	ENSEEEG00000016056	fgf24	ENSPKIP00000001947	ENSPKIG00000020032	fgf24
ENSEEEP00000029688	ENSEEEG00000014222	PPARGC1B	ENSPKIP00000001455	ENSPKIG00000019743	ppargc1b
ENSEEEP00000021655	ENSEEEG00000010533	crhb	ENSPKIP00000040732	ENSPKIG00000017582	crhb
ENSEEEP00000027665	ENSEEEG00000013325	her7	ENSPKIP00000022823	ENSPKIG00000006687	her7
ENSEEEP00000000996	ENSEEEG00000000668	EIF3M	ENSPKIP00000007765	ENSPKIG00000023537	EIF3M
ENSEEEP00000060624	ENSEEEG00000027947	RGMB	ENSPKIP00000038375	ENSPKIG00000016180	rgmb
ENSEEEP00000054724	ENSEEEG00000010532	RRS1	ENSPKIP00000024875	ENSPKIG00000007953	rrs1
ENSEEEP00000035094	ENSEEEG00000016692	CLEC3A	ENSPKIP00000028884	ENSPKIG00000010344	CLEC3A
ENSEEEP00000003983	ENSEEEG00000002129	si:dkey-175m17.6	ENSPKIP00000007903	ENSPKIG00000023626	si:dkey-175m17.6
ENSEEEP00000017164	ENSEEEG00000008503	PCGF3	ENSPKIP00000041997	ENSPKIG00000018393	PCGF3
ENSEEEP00000064077	ENSEEEG00000019386	ELAC2	ENSPKIP00000035839	ENSPKIG00000014594	elac2
ENSEEEP00000001760	ENSEEEG00000001129	SCGN	ENSPKIP00000001696	ENSPKIG00000019887	scgn
ENSEEEP00000033585	ENSEEEG00000015979	cavin4b	ENSPKIP00000041362	ENSPKIG00000017945	cavin4b
ENSEEEP00000058075	ENSEEEG00000010531	MYBL1	ENSPKIP00000024801	ENSPKIG00000007912	mybl1
ENSEEEP00000057631	ENSEEEG00000026317	SRP14	ENSPKIP00000018364	ENSPKIG00000003952	srp14
ENSEEEP00000051213	ENSEEEG00000024040	pex26	ENSPKIP00000012995	ENSPKIG00000000583	pex26
ENSEEEP00000035096	ENSEEEG00000016693	VAT1L	ENSPKIP00000028781	ENSPKIG00000010278	vat1l
ENSEEEP00000022083	ENSEEEG00000010728	THADA	ENSPKIP00000006332	ENSPKIG00000022654	THADA
ENSEEEP00000020703	ENSEEEG00000010099	TMEM203	ENSPKIP00000040512	ENSPKIG00000017450	tmem203
ENSEEEP00000059295	ENSEEEG00000025987	atpsckmt	ENSPKIP00000020598	ENSPKIG00000005315	atpsckmt
ENSEEEP00000033582	ENSEEEG00000015976	tmeff1b	ENSPKIP00000023284	ENSPKIG00000006973	tmeff1b
ENSEEEP00000035097	ENSEEEG00000016696	BOLA3	ENSPKIP00000028689	ENSPKIG00000010231	bola3
ENSEEEP00000020704	ENSEEEG00000010100	tprn	ENSPKIP00000040492	ENSPKIG00000017441	tprn
ENSEEEP00000017167	ENSEEEG00000008504	SLC49A3	ENSPKIP00000037994	ENSPKIG00000015953	SLC49A3
ENSEEEP00000045410	ENSEEEG00000021437	xgb	ENSPKIP00000018398	ENSPKIG00000003977	xgb
ENSEEEP00000020711	ENSEEEG00000010101	ssna1	ENSPKIP00000040469	ENSPKIG00000017420	ssna1
ENSEEEP00000062863	ENSEEEG00000013898	dnd1	ENSPKIP00000003038	ENSPKIG00000020709	dnd1
ENSEEEP00000029685	ENSEEEG00000014219	ARHGEF37	ENSPKIP00000001532	ENSPKIG00000019789	arhgef37
ENSEEEP00000003968	ENSEEEG00000002033	SART1	ENSPKIP00000007774	ENSPKIG00000023523	sart1
ENSEEEP00000063142	ENSEEEG00000025087	si:ch73-352p4.5	ENSPKIP00000017847	ENSPKIG00000003611	rhno1
ENSEEEP00000026955	ENSEEEG00000013012	PTAR1	ENSPKIP00000014084	ENSPKIG00000001266	ptar1
ENSEEEP00000020731	ENSEEEG00000010109	ANAPC2	ENSPKIP00000040430	ENSPKIG00000017399	anapc2
ENSEEEP00000045407	ENSEEEG00000021433	spint1a	ENSPKIP00000018517	ENSPKIG00000004055	spint1a
ENSEEEP00000051222	ENSEEEG00000024042	FOXM1	ENSPKIP00000017875	ENSPKIG00000003625	foxm1
ENSEEEP00000010642	ENSEEEG00000005351	SUMF2	ENSPKIP00000011934	ENSPKIG00000018345	
ENSEEEP00000061349	ENSEEEG00000025848	CXCR3	ENSPKIP00000003261	ENSPKIG00000020845	CXCR3
ENSEEEP00000045406	ENSEEEG00000021432	zgc:162989	ENSPKIP00000034511	ENSPKIG00000013801	ppp1r14d
ENSEEEP00000061561	ENSEEEG00000027708	cxcr3.2	ENSPKIP00000003227	ENSPKIG00000020831	cxcr3.2
ENSEEEP00000037071	ENSEEEG00000017606	si:ch73-290k24.6	ENSPKIP00000030918	ENSPKIG00000011613	
ENSEEEP00000045402	ENSEEEG00000021431	ZFYVE19	ENSPKIP00000018745	ENSPKIG00000004197	zfyve19
ENSEEEP00000007285	ENSEEEG00000003831	CNFN	ENSPKIP00000003213	ENSPKIG00000020812	cnfn
ENSEEEP00000041944	ENSEEEG00000019797	LEPR	ENSPKIP00000000601	ENSPKIG00000019200	lepr
ENSEEEP00000007284	ENSEEEG00000003829	tlr21	ENSPKIP00000003185	ENSPKIG00000020801	tlr21
ENSEEEP00000037068	ENSEEEG00000017604	MXD4	ENSPKIP00000040227	ENSPKIG00000017270	mxd4
ENSEEEP00000045400	ENSEEEG00000021429	bub1bb	ENSPKIP00000018859	ENSPKIG00000004255	BUB1B
ENSEEEP00000061126	ENSEEEG00000016616	ano10b	ENSPKIP00000036828	ENSPKIG00000015252	ano10b
ENSEEEP00000056128	ENSEEEG00000003827	PAFAH1B3	ENSPKIP00000003146	ENSPKIG00000020769	pafah1b3
ENSEEEP00000017188	ENSEEEG00000008508	NCBP1	ENSPKIP00000037844	ENSPKIG00000015861	NCBP1
ENSEEEP00000055972	ENSEEEG00000029101	IL11	ENSPKIP00000003778	ENSPKIG00000021137	
ENSEEEP00000057077	ENSEEEG00000025680	PRELID1	ENSPKIP00000030986	ENSPKIG00000011653	
ENSEEEP00000034926	ENSEEEG00000016613	FA2H	ENSPKIP00000036794	ENSPKIG00000015233	fa2h
ENSEEEP00000051234	ENSEEEG00000024049	si:ch73-352p4.8	ENSPKIP00000017936	ENSPKIG00000003650	si:ch73-352p4.8
ENSEEEP00000052839	ENSEEEG00000025091	ANKRD63	ENSPKIP00000019115	ENSPKIG00000004420	ANKRD63
ENSEEEP00000024741	ENSEEEG00000011973	OMA1	ENSPKIP00000021554	ENSPKIG00000005899	oma1
ENSEEEP00000013859	ENSEEEG00000006893	NANOS2	ENSPKIP00000023221	ENSPKIG00000006934	
ENSEEEP00000064006	ENSEEEG00000025779	ZSWIM7	ENSPKIP00000001086	ENSPKIG00000019504	zswim7
ENSEEEP00000020094	ENSEEEG00000009819	si:ch211-195d17.2	ENSPKIP00000015800	ENSPKIG00000002387	e2f6
ENSEEEP00000045391	ENSEEEG00000021423	INAFM2	ENSPKIP00000027227	ENSPKIG00000009376	
ENSEEEP00000059657	ENSEEEG00000010739	ETNK1	ENSPKIP00000024426	ENSPKIG00000007666	etnk1
ENSEEEP00000056741	ENSEEEG00000027889	ADORA2B	ENSPKIP00000001113	ENSPKIG00000019530	adora2b
ENSEEEP00000022138	ENSEEEG00000010732	HAAO	ENSPKIP00000006521	ENSPKIG00000022771	haao
ENSEEEP00000033703	ENSEEEG00000016039	PCGF1	ENSPKIP00000001885	ENSPKIG00000019995	pcgf1
ENSEEEP00000045390	ENSEEEG00000021422	gnrh3	ENSPKIP00000020336	ENSPKIG00000005129	
ENSEEEP00000028228	ENSEEEG00000013578	MTCH2	ENSPKIP00000020101	ENSPKIG00000005010	MTCH1
ENSEEEP00000024722	ENSEEEG00000011969	mysm1	ENSPKIP00000026277	ENSPKIG00000008829	mysm1
ENSEEEP00000026935	ENSEEEG00000013003	FAM189A2	ENSPKIP00000014381	ENSPKIG00000001461	fam189a2
ENSEEEP00000045388	ENSEEEG00000021421	mgmt	ENSPKIP00000020258	ENSPKIG00000005102	MGMT
ENSEEEP00000062827	ENSEEEG00000025040	apln	ENSPKIP00000033903	ENSPKIG00000013443	
ENSEEEP00000001789	ENSEEEG00000001138	E2F3	ENSPKIP00000009021	ENSPKIG00000024283	e2f3
ENSEEEP00000043112	ENSEEEG00000020353	HMX3	ENSPKIP00000013493	ENSPKIG00000000912	HMX3
ENSEEEP00000030543	ENSEEEG00000014614	XPNPEP2	ENSPKIP00000004915	ENSPKIG00000021789	xpnpep2
ENSEEEP00000024265	ENSEEEG00000011767	kti12	ENSPKIP00000025966	ENSPKIG00000008621	kti12
ENSEEEP00000022151	ENSEEEG00000010760	hcar1-3	ENSPKIP00000017970	ENSPKIG00000003696	hcar1-3
ENSEEEP00000034790	ENSEEEG00000016544	cfap263	ENSPKIP00000036667	ENSPKIG00000015150	cfap263
ENSEEEP00000022094	ENSEEEG00000010738	STRAP	ENSPKIP00000024497	ENSPKIG00000007718	strap
ENSEEEP00000055669	ENSEEEG00000027388	SMNDC1	ENSPKIP00000040047	ENSPKIG00000017164	smndc1
ENSEEEP00000043150	ENSEEEG00000020361	BUB3	ENSPKIP00000017098	ENSPKIG00000003151	bub3
ENSEEEP00000024263	ENSEEEG00000011764	si:dkey-24l11.2	ENSPKIP00000015185	ENSPKIG00000001978	si:dkey-24l11.2
ENSEEEP00000033693	ENSEEEG00000016036	LBX2	ENSPKIP00000001832	ENSPKIG00000019970	lbx2
ENSEEEP00000057773	ENSEEEG00000026156	USB1	ENSPKIP00000036616	ENSPKIG00000015109	USB1
ENSEEEP00000022158	ENSEEEG00000010766	wu:fj16a03	ENSPKIP00000017718	ENSPKIG00000003518	wu:fj16a03
ENSEEEP00000033687	ENSEEEG00000016035	NANOS1	ENSPKIP00000001817	ENSPKIG00000019945	nanos1
ENSEEEP00000034770	ENSEEEG00000016534	PLA2G15	ENSPKIP00000036562	ENSPKIG00000015085	pla2g15
ENSEEEP00000024254	ENSEEEG00000011750	tspan3a	ENSPKIP00000025903	ENSPKIG00000008584	tspan3b
ENSEEEP00000033686	ENSEEEG00000016033	AP1AR	ENSPKIP00000007959	ENSPKIG00000023658	ap1ar
ENSEEEP00000034769	ENSEEEG00000016521	LCAT	ENSPKIP00000036531	ENSPKIG00000015064	lcat
ENSEEEP00000007861	ENSEEEG00000004110	GPR26	ENSPKIP00000017131	ENSPKIG00000003175	GPR26
ENSEEEP00000007626	ENSEEEG00000003987	uts2r4	ENSPKIP00000033924	ENSPKIG00000013460	uts2r4
ENSEEEP00000060023	ENSEEEG00000013580	PSMC3	ENSPKIP00000033862	ENSPKIG00000013380	psmc3
ENSEEEP00000030498	ENSEEEG00000014612	SASH3	ENSPKIP00000019363	ENSPKIG00000004567	sash3
ENSEEEP00000026925	ENSEEEG00000012997	RASL10A	ENSPKIP00000006634	ENSPKIG00000022838	rasl10a
ENSEEEP00000061696	ENSEEEG00000026909	TMX3	ENSPKIP00000018091	ENSPKIG00000003761	tmx3a
ENSEEEP00000024229	ENSEEEG00000011745	RCN2	ENSPKIP00000025796	ENSPKIG00000008525	rcn2
ENSEEEP00000018140	ENSEEEG00000008835	TXLNA	ENSPKIP00000009739	ENSPKIG00000024727	txlna
ENSEEEP00000051259	ENSEEEG00000024054	PGM3	ENSPKIP00000032493	ENSPKIG00000012575	pgm3
ENSEEEP00000020764	ENSEEEG00000010131	SPAG8	ENSPKIP00000011172	ENSPKIG00000025583	spag8
ENSEEEP00000063260	ENSEEEG00000012378	PRPF40A	ENSPKIP00000012237	ENSPKIG00000000102	prpf40a
ENSEEEP00000052829	ENSEEEG00000021364	CCNF	ENSPKIP00000021869	ENSPKIG00000006094	ccnf
ENSEEEP00000030494	ENSEEEG00000014607	c1galt1c1	ENSPKIP00000004396	ENSPKIG00000021525	c1galt1c1
ENSEEEP00000003752	ENSEEEG00000002026	hif1al2	ENSPKIP00000018111	ENSPKIG00000003785	hif1al2
ENSEEEP00000022003	ENSEEEG00000010687	kiss2	ENSPKIP00000024807	ENSPKIG00000007919	
ENSEEEP00000020772	ENSEEEG00000010134	CCNB1	ENSPKIP00000011170	ENSPKIG00000025581	ccnb1
ENSEEEP00000007605	ENSEEEG00000003940	KYNU	ENSPKIP00000031630	ENSPKIG00000012039	KYNU
ENSEEEP00000030493	ENSEEEG00000014603	MCTS1	ENSPKIP00000004365	ENSPKIG00000021497	mcts1
ENSEEEP00000027615	ENSEEEG00000013298		ENSPKIP00000040990	ENSPKIG00000017731	
ENSEEEP00000049191	ENSEEEG00000023008	DROSHA	ENSPKIP00000030805	ENSPKIG00000011514	drosha
ENSEEEP00000029040	ENSEEEG00000013932	GFRA3	ENSPKIP00000003032	ENSPKIG00000020708	gfra3
ENSEEEP00000059377	ENSEEEG00000006021	CDKAL1	ENSPKIP00000002115	ENSPKIG00000020135	cdkal1
ENSEEEP00000012042	ENSEEEG00000006060	CERKL	ENSPKIP00000004322	ENSPKIG00000021481	cerkl
ENSEEEP00000027845	ENSEEEG00000013408	DPCD	ENSPKIP00000014237	ENSPKIG00000001362	dpcd
ENSEEEP00000027848	ENSEEEG00000013410	POLL	ENSPKIP00000014142	ENSPKIG00000001318	poll
ENSEEEP00000034746	ENSEEEG00000016500	ccdc135	ENSPKIP00000036485	ENSPKIG00000015031	ccdc135
ENSEEEP00000013767	ENSEEEG00000006857	PGAP4	ENSPKIP00000000326	ENSPKIG00000019039	pgap4
ENSEEEP00000045608	ENSEEEG00000021519	DALRD3	ENSPKIP00000034636	ENSPKIG00000013894	dalrd3
ENSEEEP00000033646	ENSEEEG00000015858	GUF1	ENSPKIP00000013474	ENSPKIG00000000883	guf1
ENSEEEP00000017199	ENSEEEG00000008514	TSTD2	ENSPKIP00000037769	ENSPKIG00000015826	TSTD2
ENSEEEP00000020799	ENSEEEG00000010139	SLC30A5	ENSPKIP00000011168	ENSPKIG00000025580	slc30a5
ENSEEEP00000007244	ENSEEEG00000003806	ZNF574	ENSPKIP00000039786	ENSPKIG00000017004	znf574
ENSEEEP00000051418	ENSEEEG00000024130	NWD1	ENSPKIP00000018022	ENSPKIG00000003695	NWD1
ENSEEEP00000008646	ENSEEEG00000004488	MBD2	ENSPKIP00000037667	ENSPKIG00000015756	mbd2
ENSEEEP00000061227	ENSEEEG00000025387	foxp3b	ENSPKIP00000034121	ENSPKIG00000013576	
ENSEEEP00000013909	ENSEEEG00000006861	tpcn3	ENSPKIP00000000373	ENSPKIG00000019069	tpcn3
ENSEEEP00000053831	ENSEEEG00000021373	CFAP70	ENSPKIP00000021935	ENSPKIG00000006136	
ENSEEEP00000016138	ENSEEEG00000007986	RNF185	ENSPKIP00000040184	ENSPKIG00000017239	rnf185
ENSEEEP00000027860	ENSEEEG00000013414	AS3MT	ENSPKIP00000013984	ENSPKIG00000001196	as3mt
ENSEEEP00000028247	ENSEEEG00000013581	aplnr2	ENSPKIP00000033695	ENSPKIG00000013312	aplnr2
ENSEEEP00000016128	ENSEEEG00000007983	FASTKD5	ENSPKIP00000038206	ENSPKIG00000016079	FASTKD5
ENSEEEP00000054462	ENSEEEG00000006077	NEUROD1	ENSPKIP00000004367	ENSPKIG00000021509	neurod1
ENSEEEP00000017214	ENSEEEG00000008516	RPL26	ENSPKIP00000016384	ENSPKIG00000002725	rpl26
ENSEEEP00000062762	ENSEEEG00000002020	DPP3	ENSPKIP00000017974	ENSPKIG00000003665	dpp3
ENSEEEP00000056950	ENSEEEG00000025613	si:ch1073-224n8.1	ENSPKIP00000021130	ENSPKIG00000005657	si:ch1073-224n8.1
ENSEEEP00000016123	ENSEEEG00000007977	DDRGK1	ENSPKIP00000000418	ENSPKIG00000019095	DDRGK1
ENSEEEP00000043591	ENSEEEG00000020605	tmem41aa	ENSPKIP00000028151	ENSPKIG00000009907	tmem41aa
ENSEEEP00000043590	ENSEEEG00000020602	EHHADH	ENSPKIP00000000574	ENSPKIG00000019188	ehhadh
ENSEEEP00000012059	ENSEEEG00000006087	PPP1R1C	ENSPKIP00000004649	ENSPKIG00000021660	ppp1r1c
ENSEEEP00000020541	ENSEEEG00000010026	GPR141	ENSPKIP00000026071	ENSPKIG00000008690	gpr141
ENSEEEP00000016119	ENSEEEG00000007976	haus4	ENSPKIP00000020326	ENSPKIG00000005146	haus4
ENSEEEP00000064149	ENSEEEG00000013284	UPP1	ENSPKIP00000011578	ENSPKIG00000018600	upp1
ENSEEEP00000017215	ENSEEEG00000008517	IL17B	ENSPKIP00000016357	ENSPKIG00000002711	IL17B
ENSEEEP00000058091	ENSEEEG00000026353	RP1	ENSPKIP00000029897	ENSPKIG00000010939	
ENSEEEP00000043585	ENSEEEG00000020598		ENSPKIP00000000885	ENSPKIG00000019388	fam171b
ENSEEEP00000053877	ENSEEEG00000026027	si:ch211-39i2.2	ENSPKIP00000003388	ENSPKIG00000020917	
ENSEEEP00000055065	ENSEEEG00000028063	golga2	ENSPKIP00000020185	ENSPKIG00000004937	golga2
ENSEEEP00000029069	ENSEEEG00000013947	STING1	ENSPKIP00000003421	ENSPKIG00000020939	sting1
ENSEEEP00000014298	ENSEEEG00000007109	cldn11a	ENSPKIP00000002883	ENSPKIG00000020606	cldn11a
ENSEEEP00000001075	ENSEEEG00000010032	TCEA1	ENSPKIP00000029653	ENSPKIG00000010819	tcea1
ENSEEEP00000043580	ENSEEEG00000020597	LRRC3	ENSPKIP00000000859	ENSPKIG00000019375	lrrc3
ENSEEEP00000017221	ENSEEEG00000008521	ADAD1	ENSPKIP00000036643	ENSPKIG00000015129	adad1
ENSEEEP00000012063	ENSEEEG00000006090	dusp19a	ENSPKIP00000004831	ENSPKIG00000021766	dusp19b
ENSEEEP00000057290	ENSEEEG00000028320	cd59	ENSPKIP00000016521	ENSPKIG00000002810	cd59a
ENSEEEP00000051413	ENSEEEG00000024125	zgc:113223	ENSPKIP00000017848	ENSPKIG00000003607	zgc:113223
ENSEEEP00000019965	ENSEEEG00000009756	ALLC	ENSPKIP00000016927	ENSPKIG00000003010	allc
ENSEEEP00000028255	ENSEEEG00000013584	FBXO3	ENSPKIP00000033558	ENSPKIG00000013214	fbxo3
ENSEEEP00000017248	ENSEEEG00000008523	cetn4	ENSPKIP00000015555	ENSPKIG00000002236	cetn4
ENSEEEP00000027676	ENSEEEG00000013335	NUBP1	ENSPKIP00000016561	ENSPKIG00000002832	
ENSEEEP00000023551	ENSEEEG00000011404	UPB1	ENSPKIP00000022576	ENSPKIG00000006494	upb1
ENSEEEP00000029653	ENSEEEG00000014199	CXCL14	ENSPKIP00000001965	ENSPKIG00000020045	cxcl14
ENSEEEP00000021965	ENSEEEG00000010667	SPX	ENSPKIP00000024979	ENSPKIG00000008015	spx
ENSEEEP00000024545	ENSEEEG00000011904	PIGC	ENSPKIP00000026461	ENSPKIG00000008938	pigc
ENSEEEP00000036801	ENSEEEG00000017473	ZNF830	ENSPKIP00000003434	ENSPKIG00000020944	ZNF830
ENSEEEP00000028256	ENSEEEG00000013585	SYT13	ENSPKIP00000033442	ENSPKIG00000013155	syt13
ENSEEEP00000036798	ENSEEEG00000017471	EFCAB14	ENSPKIP00000017368	ENSPKIG00000003310	
ENSEEEP00000017257	ENSEEEG00000008536	bbs12	ENSPKIP00000015598	ENSPKIG00000002258	bbs12
ENSEEEP00000007189	ENSEEEG00000003789	ZNF526	ENSPKIP00000039646	ENSPKIG00000016928	znf526
ENSEEEP00000020556	ENSEEEG00000010034	RGS20	ENSPKIP00000020634	ENSPKIG00000005342	rgs20
ENSEEEP00000053969	ENSEEEG00000026870		ENSPKIP00000012586	ENSPKIG00000000336	
ENSEEEP00000029635	ENSEEEG00000014184	FAM13B	ENSPKIP00000002059	ENSPKIG00000020108	fam13b
ENSEEEP00000062711	ENSEEEG00000028238	hmox2b	ENSPKIP00000022019	ENSPKIG00000006196	hmox2a
ENSEEEP00000007185	ENSEEEG00000003788	cicb	ENSPKIP00000039523	ENSPKIG00000016854	cicb
ENSEEEP00000019933	ENSEEEG00000009739	RPS7	ENSPKIP00000017025	ENSPKIG00000003098	rps7
ENSEEEP00000020572	ENSEEEG00000010035	ATP6V1H	ENSPKIP00000020510	ENSPKIG00000005242	atp6v1h
ENSEEEP00000012264	ENSEEEG00000006174	AFAP1L2	ENSPKIP00000029461	ENSPKIG00000010697	afap1l2
ENSEEEP00000024983	ENSEEEG00000012116	ZNF408	ENSPKIP00000016645	ENSPKIG00000002884	znf408
ENSEEEP00000010543	ENSEEEG00000005346	TMEM179B	ENSPKIP00000023286	ENSPKIG00000006970	tmem179bb
ENSEEEP00000007900	ENSEEEG00000004117	OAT	ENSPKIP00000017512	ENSPKIG00000003389	oat
ENSEEEP00000021949	ENSEEEG00000010661	golt1ba	ENSPKIP00000025018	ENSPKIG00000008042	golt1bb
ENSEEEP00000024979	ENSEEEG00000012083	F2	ENSPKIP00000016733	ENSPKIG00000002920	f2
ENSEEEP00000056083	ENSEEEG00000025027		ENSPKIP00000011645	ENSPKIG00000018645	
ENSEEEP00000043555	ENSEEEG00000020577	col18a1a	ENSPKIP00000000588	ENSPKIG00000019129	col18a1a
ENSEEEP00000021938	ENSEEEG00000010659	STMP1	ENSPKIP00000013672	ENSPKIG00000001016	stmp1
ENSEEEP00000024530	ENSEEEG00000011895	METTL13	ENSPKIP00000026700	ENSPKIG00000009076	mettl13
ENSEEEP00000019908	ENSEEEG00000009735	rnaseh1	ENSPKIP00000017106	ENSPKIG00000003146	rnaseh1
ENSEEEP00000034660	ENSEEEG00000016480	C11orf49	ENSPKIP00000009134	ENSPKIG00000024348	cstpp1
ENSEEEP00000051390	ENSEEEG00000024116	si:ch73-238c9.1	ENSPKIP00000017780	ENSPKIG00000003561	si:ch73-238c9.1
ENSEEEP00000062152	ENSEEEG00000027368	lamp2	ENSPKIP00000028728	ENSPKIG00000010253	lamp2
ENSEEEP00000023565	ENSEEEG00000011424	GUCD1	ENSPKIP00000037084	ENSPKIG00000015411	gucd1
ENSEEEP00000007176	ENSEEEG00000003784	pou2f2a	ENSPKIP00000039341	ENSPKIG00000016737	pou2f2b
ENSEEEP00000016008	ENSEEEG00000007925	fitm1l	ENSPKIP00000041790	ENSPKIG00000018201	FITM1
ENSEEEP00000030232	ENSEEEG00000014496	ATP1B4	ENSPKIP00000034459	ENSPKIG00000013785	atp1b4
ENSEEEP00000056819	ENSEEEG00000011892	ITPA	ENSPKIP00000018513	ENSPKIG00000004044	ITPA
ENSEEEP00000016005	ENSEEEG00000007924	RPP40	ENSPKIP00000022209	ENSPKIG00000006311	rpp40
ENSEEEP00000024912	ENSEEEG00000012079	ARHGAP1	ENSPKIP00000016787	ENSPKIG00000002970	arhgap1
ENSEEEP00000012267	ENSEEEG00000006177	VWA2	ENSPKIP00000029408	ENSPKIG00000010666	vwa2
ENSEEEP00000010529	ENSEEEG00000005337	ovol1b	ENSPKIP00000009713	ENSPKIG00000024718	ovol1a
ENSEEEP00000023599	ENSEEEG00000011426	P2RX7	ENSPKIP00000007475	ENSPKIG00000023338	p2rx7
ENSEEEP00000010522	ENSEEEG00000005332	tmem223	ENSPKIP00000023040	ENSPKIG00000006829	tmem223
ENSEEEP00000018303	ENSEEEG00000008992	BAG1	ENSPKIP00000029433	ENSPKIG00000010682	bag1
ENSEEEP00000030229	ENSEEEG00000014493	TMEM255A	ENSPKIP00000034526	ENSPKIG00000013817	TMEM255A
ENSEEEP00000035983	ENSEEEG00000017117	si:ch211-214j8.12	ENSPKIP00000000264	ENSPKIG00000019011	si:ch211-214j8.12
ENSEEEP00000000369	ENSEEEG00000000261	LRRC28	ENSPKIP00000033947	ENSPKIG00000013445	lrrc28
ENSEEEP00000015997	ENSEEEG00000007920	trnau1apb	ENSPKIP00000024969	ENSPKIG00000007995	trnau1apb
ENSEEEP00000051381	ENSEEEG00000024113	gadd45ba	ENSPKIP00000017553	ENSPKIG00000003412	gadd45ba
ENSEEEP00000045329	ENSEEEG00000021396	npy4r	ENSPKIP00000030005	ENSPKIG00000011037	NPY4R2
ENSEEEP00000007913	ENSEEEG00000004128	LHPP	ENSPKIP00000017621	ENSPKIG00000003434	lhpp
ENSEEEP00000027597	ENSEEEG00000013290	SETD2	ENSPKIP00000011223	ENSPKIG00000018775	setd2
ENSEEEP00000002184	ENSEEEG00000001336	IQCG	ENSPKIP00000035131	ENSPKIG00000014192	
ENSEEEP00000018314	ENSEEEG00000008133	DNAJC13	ENSPKIP00000030631	ENSPKIG00000011342	DNAJC13
ENSEEEP00000051379	ENSEEEG00000024111	larp6b	ENSPKIP00000012048	ENSPKIG00000025605	larp6b
ENSEEEP00000035986	ENSEEEG00000017120	dhfr	ENSPKIP00000032296	ENSPKIG00000012408	dhfr
ENSEEEP00000019886	ENSEEEG00000009727	fgfr1op	ENSPKIP00000017544	ENSPKIG00000003393	cep43
ENSEEEP00000059625	ENSEEEG00000027513	si:ch1073-303k11.2	ENSPKIP00000041835	ENSPKIG00000018231	
ENSEEEP00000024522	ENSEEEG00000011891	VAMP4	ENSPKIP00000026830	ENSPKIG00000009114	vamp4
ENSEEEP00000016613	ENSEEEG00000008225	sox4b	ENSPKIP00000002136	ENSPKIG00000020154	sox4b
ENSEEEP00000007915	ENSEEEG00000004131	FAM53B	ENSPKIP00000017679	ENSPKIG00000003495	fam53b
ENSEEEP00000021568	ENSEEEG00000010502	TSFM	ENSPKIP00000025736	ENSPKIG00000008495	TSFM
ENSEEEP00000060630	ENSEEEG00000026426	ZBTB33	ENSPKIP00000028660	ENSPKIG00000010219	zbtb33
ENSEEEP00000016864	ENSEEEG00000008354	NRSN1	ENSPKIP00000002153	ENSPKIG00000020163	NRSN1
ENSEEEP00000035987	ENSEEEG00000017121	ankrd34bb	ENSPKIP00000035418	ENSPKIG00000014386	ANKRD34B
ENSEEEP00000007159	ENSEEEG00000003779	RABAC1	ENSPKIP00000039122	ENSPKIG00000016608	rabac1
ENSEEEP00000030225	ENSEEEG00000014490	NKAP	ENSPKIP00000000990	ENSPKIG00000019447	
ENSEEEP00000051378	ENSEEEG00000024110	VMAC	ENSPKIP00000026757	ENSPKIG00000009107	VMAC
ENSEEEP00000054059	ENSEEEG00000026290	GNPDA2	ENSPKIP00000013539	ENSPKIG00000000934	gnpda2
ENSEEEP00000021556	ENSEEEG00000010494	ENDOU	ENSPKIP00000025716	ENSPKIG00000008467	endou
ENSEEEP00000016866	ENSEEEG00000008356		ENSPKIP00000008329	ENSPKIG00000023876	
ENSEEEP00000007922	ENSEEEG00000004134	HPDL	ENSPKIP00000017837	ENSPKIG00000003595	hpdl
ENSEEEP00000006637	ENSEEEG00000003518	FASTKD2	ENSPKIP00000025189	ENSPKIG00000008149	
ENSEEEP00000051375	ENSEEEG00000024109	ndufa11	ENSPKIP00000012056	ENSPKIG00000025615	ndufa11
ENSEEEP00000047162	ENSEEEG00000022196	ADGRL4	ENSPKIP00000005143	ENSPKIG00000021943	adgrl4
ENSEEEP00000056130	ENSEEEG00000011889	PRRC2C	ENSPKIP00000018598	ENSPKIG00000004107	prrc2c
ENSEEEP00000056457	ENSEEEG00000025107	ndufa1	ENSPKIP00000000955	ENSPKIG00000019416	ndufa1
ENSEEEP00000029594	ENSEEEG00000014178	hnrnpa0b	ENSPKIP00000002352	ENSPKIG00000020281	HNRNPA0
ENSEEEP00000019111	ENSEEEG00000009375	ATG13	ENSPKIP00000033249	ENSPKIG00000012989	atg13
ENSEEEP00000051374	ENSEEEG00000024108		ENSPKIP00000012064	ENSPKIG00000025612	NRTN
ENSEEEP00000016869	ENSEEEG00000008359	DCDC2	ENSPKIP00000002175	ENSPKIG00000020174	DCDC2
ENSEEEP00000015992	ENSEEEG00000007918	MED26	ENSPKIP00000023392	ENSPKIG00000007041	MED26
ENSEEEP00000062664	ENSEEEG00000026616	slc25a51b	ENSPKIP00000017899	ENSPKIG00000003640	
ENSEEEP00000046077	ENSEEEG00000021675	CASD1	ENSPKIP00000014270	ENSPKIG00000001368	casd1
ENSEEEP00000030218	ENSEEEG00000014486	UPF3B	ENSPKIP00000000836	ENSPKIG00000019226	upf3b
ENSEEEP00000019880	ENSEEEG00000009725	ccr6a	ENSPKIP00000017716	ENSPKIG00000003522	ccr6a
ENSEEEP00000008918	ENSEEEG00000004589	cfi	ENSPKIP00000034286	ENSPKIG00000013679	
ENSEEEP00000020499	ENSEEEG00000010007	ORC4	ENSPKIP00000017900	ENSPKIG00000003619	orc4
ENSEEEP00000033337	ENSEEEG00000015844	IRF2	ENSPKIP00000007587	ENSPKIG00000023423	IRF2
ENSEEEP00000021533	ENSEEEG00000010490	SUMF1	ENSPKIP00000010411	ENSPKIG00000025148	sumf1
ENSEEEP00000000087	ENSEEEG00000000050		ENSPKIP00000005912	ENSPKIG00000022407	
ENSEEEP00000015990	ENSEEEG00000007915	RPS28	ENSPKIP00000025042	ENSPKIG00000008060	rps28
ENSEEEP00000059777	ENSEEEG00000025213	cnbpa	ENSPKIP00000040721	ENSPKIG00000017562	cnbpa
ENSEEEP00000060134	ENSEEEG00000006178	TDRD1	ENSPKIP00000029276	ENSPKIG00000010586	tdrd1
ENSEEEP00000030214	ENSEEEG00000014481	rpl39	ENSPKIP00000000873	ENSPKIG00000019381	rpl39
ENSEEEP00000047971	ENSEEEG00000022601	SH3BGRL	ENSPKIP00000005978	ENSPKIG00000022441	sh3bgrl
ENSEEEP00000019871	ENSEEEG00000009692	ACBD3	ENSPKIP00000022100	ENSPKIG00000006236	acbd3
ENSEEEP00000059099	ENSEEEG00000024059	CCNC	ENSPKIP00000032678	ENSPKIG00000012665	ccnc
ENSEEEP00000015984	ENSEEEG00000007903	MRPS22	ENSPKIP00000021949	ENSPKIG00000006156	mrps22
ENSEEEP00000006629	ENSEEEG00000003513	MDH1B	ENSPKIP00000016886	ENSPKIG00000003031	mdh1b
ENSEEEP00000006859	ENSEEEG00000003624	LPCAT1	ENSPKIP00000002255	ENSPKIG00000020226	LPCAT1
ENSEEEP00000015969	ENSEEEG00000007895	rbp2a	ENSPKIP00000027978	ENSPKIG00000009801	rbp2a
ENSEEEP00000003711	ENSEEEG00000002010	rin1a	ENSPKIP00000026314	ENSPKIG00000008854	rin1b
ENSEEEP00000044605	ENSEEEG00000021063	zgc:66479	ENSPKIP00000028497	ENSPKIG00000010126	
ENSEEEP00000030197	ENSEEEG00000014477	SOWAHD	ENSPKIP00000000552	ENSPKIG00000019178	sowahd
ENSEEEP00000006861	ENSEEEG00000003625	irx4a	ENSPKIP00000002293	ENSPKIG00000020245	irx4a
ENSEEEP00000044607	ENSEEEG00000021065	TARBP2	ENSPKIP00000015928	ENSPKIG00000002455	TARBP2
ENSEEEP00000047963	ENSEEEG00000022595	TBX22	ENSPKIP00000004688	ENSPKIG00000021685	TBX22
ENSEEEP00000029544	ENSEEEG00000026228		ENSPKIP00000015159	ENSPKIG00000001968	
ENSEEEP00000020861	ENSEEEG00000010172		ENSPKIP00000011153	ENSPKIG00000025572	
ENSEEEP00000056365	ENSEEEG00000028868	TGFA	ENSPKIP00000040272	ENSPKIG00000017302	
ENSEEEP00000027599	ENSEEEG00000013294	nradd	ENSPKIP00000000128	ENSPKIG00000018908	nradd
ENSEEEP00000041689	ENSEEEG00000019722	cdk5r2a	ENSPKIP00000011954	ENSPKIG00000025603	cdk5r2a
ENSEEEP00000044609	ENSEEEG00000021066	tespa1	ENSPKIP00000015804	ENSPKIG00000002388	tespa1
ENSEEEP00000029542	ENSEEEG00000014147	psd2	ENSPKIP00000015115	ENSPKIG00000001915	
ENSEEEP00000064212	ENSEEEG00000026894	ITM2A	ENSPKIP00000004697	ENSPKIG00000021697	ITM2A
ENSEEEP00000006865	ENSEEEG00000003628	irx2a	ENSPKIP00000002365	ENSPKIG00000020276	irx2a
ENSEEEP00000057572	ENSEEEG00000028259	SREK1	ENSPKIP00000011138	ENSPKIG00000025563	srek1
ENSEEEP00000047958	ENSEEEG00000022591	GPR174	ENSPKIP00000004717	ENSPKIG00000021709	gpr174
ENSEEEP00000028310	ENSEEEG00000013607		ENSPKIP00000035477	ENSPKIG00000014426	
ENSEEEP00000051351	ENSEEEG00000024064	ARMH3	ENSPKIP00000035960	ENSPKIG00000014676	armh3
ENSEEEP00000019118	ENSEEEG00000009377	zgc:110699	ENSPKIP00000033070	ENSPKIG00000012910	zgc:110699
ENSEEEP00000023636	ENSEEEG00000011450	PLPP6	ENSPKIP00000027265	ENSPKIG00000009410	plpp6
ENSEEEP00000047956	ENSEEEG00000022588	P2RY10	ENSPKIP00000004733	ENSPKIG00000021721	p2ry10
ENSEEEP00000055379	ENSEEEG00000025709	RAB27A	ENSPKIP00000004760	ENSPKIG00000021729	rab27a
ENSEEEP00000047953	ENSEEEG00000022587	LPAR4	ENSPKIP00000004757	ENSPKIG00000021733	lpar4
ENSEEEP00000059941	ENSEEEG00000027358	MRPS12	ENSPKIP00000022868	ENSPKIG00000006716	mrps12
ENSEEEP00000051283	ENSEEEG00000024062	irx1a	ENSPKIP00000002451	ENSPKIG00000020325	irx1a
ENSEEEP00000047952	ENSEEEG00000022585	CYSLTR1	ENSPKIP00000004801	ENSPKIG00000021751	cysltr1
ENSEEEP00000016706	ENSEEEG00000008278	GOLGA7	ENSPKIP00000012184	ENSPKIG00000000067	GOLGA7
ENSEEEP00000010478	ENSEEEG00000005302	nlrc3l1	ENSPKIP00000001581	ENSPKIG00000019825	
ENSEEEP00000056200	ENSEEEG00000027818	PLAT	ENSPKIP00000018574	ENSPKIG00000004097	
ENSEEEP00000017887	ENSEEEG00000008829	EIF3I	ENSPKIP00000031132	ENSPKIG00000011742	EIF3I
ENSEEEP00000007970	ENSEEEG00000004159	mmp21	ENSPKIP00000017976	ENSPKIG00000003703	mmp21
ENSEEEP00000057939	ENSEEEG00000024842	SPP1	ENSPKIP00000017649	ENSPKIG00000003474	
ENSEEEP00000015946	ENSEEEG00000007887	GET1	ENSPKIP00000022891	ENSPKIG00000006725	get1
ENSEEEP00000000608	ENSEEEG00000000390	PIGB	ENSPKIP00000004807	ENSPKIG00000021745	pigb
ENSEEEP00000017241	ENSEEEG00000008528	dnaaf3l	ENSPKIP00000015016	ENSPKIG00000001861	dnaaf3l
ENSEEEP00000019789	ENSEEEG00000009685	ACAT2	ENSPKIP00000006574	ENSPKIG00000022793	acat2
ENSEEEP00000019315	ENSEEEG00000009385	CREB3L1	ENSPKIP00000032962	ENSPKIG00000012854	creb3l1
ENSEEEP00000016657	ENSEEEG00000008239	ccl34a.3	ENSPKIP00000037484	ENSPKIG00000015635	
ENSEEEP00000015945	ENSEEEG00000007886	sh3bgr	ENSPKIP00000031937	ENSPKIG00000012144	sh3bgr
ENSEEEP00000034539	ENSEEEG00000016431	zgc:101566	ENSPKIP00000011476	ENSPKIG00000018546	zgc:101566
ENSEEEP00000015943	ENSEEEG00000007885	PCP4	ENSPKIP00000032020	ENSPKIG00000012281	
ENSEEEP00000063526	ENSEEEG00000026408	PLEKHM3	ENSPKIP00000035673	ENSPKIG00000014532	plekhm3
ENSEEEP00000019785	ENSEEEG00000009684	WTAP	ENSPKIP00000006485	ENSPKIG00000022748	wtap
ENSEEEP00000063702	ENSEEEG00000028270	si:dkey-86e18.1	ENSPKIP00000027532	ENSPKIG00000009550	si:dkey-86e18.1
ENSEEEP00000007973	ENSEEEG00000004161	UROS	ENSPKIP00000018078	ENSPKIG00000003751	uros
ENSEEEP00000016635	ENSEEEG00000008237	ccl20l	ENSPKIP00000037504	ENSPKIG00000015662	
ENSEEEP00000036817	ENSEEEG00000017479	FASLG	ENSPKIP00000027559	ENSPKIG00000009569	faslg
ENSEEEP00000029518	ENSEEEG00000014135	EIF1AD	ENSPKIP00000010400	ENSPKIG00000025136	eif1ad
ENSEEEP00000018715	ENSEEEG00000009206	LRRC2	ENSPKIP00000011721	ENSPKIG00000018701	LRRC2
ENSEEEP00000010319	ENSEEEG00000005225	FAM20B	ENSPKIP00000027593	ENSPKIG00000009592	fam20b
ENSEEEP00000017247	ENSEEEG00000008531	gnptg	ENSPKIP00000023201	ENSPKIG00000006919	gnptg
ENSEEEP00000041674	ENSEEEG00000019637	DNPEP	ENSPKIP00000014791	ENSPKIG00000001716	dnpep
ENSEEEP00000029515	ENSEEEG00000014133	CTSF	ENSPKIP00000010445	ENSPKIG00000025157	ctsf
ENSEEEP00000010457	ENSEEEG00000005205	SMS	ENSPKIP00000032566	ENSPKIG00000012603	sms
ENSEEEP00000044888	ENSEEEG00000021189	TMEM179	ENSPKIP00000019942	ENSPKIG00000004906	tmem179ab
ENSEEEP00000047941	ENSEEEG00000022579	RRAGA	ENSPKIP00000004988	ENSPKIG00000021851	rraga
ENSEEEP00000040050	ENSEEEG00000018984	ccnyl1	ENSPKIP00000035867	ENSPKIG00000014613	ccnyl1
ENSEEEP00000054454	ENSEEEG00000008244	dclre1b	ENSPKIP00000025378	ENSPKIG00000008279	dclre1b
ENSEEEP00000023716	ENSEEEG00000011490	ASB6	ENSPKIP00000009216	ENSPKIG00000024415	asb6
ENSEEEP00000006618	ENSEEEG00000003507	CNPPD1	ENSPKIP00000025030	ENSPKIG00000008050	cnppd1
ENSEEEP00000022257	ENSEEEG00000010806	TSR3	ENSPKIP00000023236	ENSPKIG00000006943	tsr3
ENSEEEP00000043047	ENSEEEG00000020321		ENSPKIP00000010382	ENSPKIG00000025124	si:ch211-161h7.8
ENSEEEP00000061913	ENSEEEG00000028863		ENSPKIP00000040093	ENSPKIG00000017192	
ENSEEEP00000029502	ENSEEEG00000014131	TRPT1	ENSPKIP00000025453	ENSPKIG00000008323	trpt1
ENSEEEP00000057111	ENSEEEG00000026257	POLR1D	ENSPKIP00000005057	ENSPKIG00000021891	polr1d
ENSEEEP00000032603	ENSEEEG00000015535	FNTA	ENSPKIP00000036010	ENSPKIG00000014735	fnta
ENSEEEP00000019686	ENSEEEG00000009496	SOD2	ENSPKIP00000006462	ENSPKIG00000022722	sod2
ENSEEEP00000044685	ENSEEEG00000021091	STAU1	ENSPKIP00000009511	ENSPKIG00000024588	stau1
ENSEEEP00000047931	ENSEEEG00000022570	sybl1	ENSPKIP00000005092	ENSPKIG00000021911	sybl1
ENSEEEP00000056975	ENSEEEG00000020316	apooa	ENSPKIP00000000050	ENSPKIG00000018826	
ENSEEEP00000058443	ENSEEEG00000003579	si:ch73-22o12.1	ENSPKIP00000038896	ENSPKIG00000016464	
ENSEEEP00000006607	ENSEEEG00000002950	abcb6a	ENSPKIP00000016502	ENSPKIG00000002713	abcb6a
ENSEEEP00000017143	ENSEEEG00000008488	COL21A1	ENSPKIP00000009415	ENSPKIG00000024536	col21a1
ENSEEEP00000046152	ENSEEEG00000021751	MLKL	ENSPKIP00000002339	ENSPKIG00000020269	MLKL
ENSEEEP00000043011	ENSEEEG00000020302	SAT1	ENSPKIP00000010519	ENSPKIG00000025211	SAT1
ENSEEEP00000010531	ENSEEEG00000005338	spsb4a	ENSPKIP00000037725	ENSPKIG00000015796	spsb4a
ENSEEEP00000016632	ENSEEEG00000008234	CLPS	ENSPKIP00000025304	ENSPKIG00000008229	CLPS
ENSEEEP00000046150	ENSEEEG00000021747	tmed6	ENSPKIP00000022253	ENSPKIG00000006341	tmed6
ENSEEEP00000040075	ENSEEEG00000018997	klf7b	ENSPKIP00000036051	ENSPKIG00000014765	klf7b
ENSEEEP00000061608	ENSEEEG00000028948	marcksl1b	ENSPKIP00000023537	ENSPKIG00000007135	marcksl1b
ENSEEEP00000044826	ENSEEEG00000021154	ASPG	ENSPKIP00000019697	ENSPKIG00000004729	aspg
ENSEEEP00000011927	ENSEEEG00000006012	NOP10	ENSPKIP00000030597	ENSPKIG00000011396	nop10
ENSEEEP00000002205	ENSEEEG00000001345	DDB1	ENSPKIP00000000663	ENSPKIG00000019213	ddb1
ENSEEEP00000060917	ENSEEEG00000027165		ENSPKIP00000005635	ENSPKIG00000022230	
ENSEEEP00000037812	ENSEEEG00000017970	fndc5b	ENSPKIP00000023620	ENSPKIG00000007165	fndc5b
ENSEEEP00000046148	ENSEEEG00000021746	NUDT7	ENSPKIP00000015023	ENSPKIG00000001874	nudt7
ENSEEEP00000040079	ENSEEEG00000019000	zgc:162396	ENSPKIP00000036121	ENSPKIG00000014798	zgc:162396
ENSEEEP00000011928	ENSEEEG00000006013	LPCAT4	ENSPKIP00000030653	ENSPKIG00000011415	lpcat4
ENSEEEP00000047918	ENSEEEG00000022561	rhogc	ENSPKIP00000035244	ENSPKIG00000014274	
ENSEEEP00000045624	ENSEEEG00000021523	WDR6	ENSPKIP00000034757	ENSPKIG00000013975	wdr6
ENSEEEP00000053869	ENSEEEG00000025478		ENSPKIP00000005659	ENSPKIG00000022243	
ENSEEEP00000048622	ENSEEEG00000022875	NAT9	ENSPKIP00000033585	ENSPKIG00000013237	
ENSEEEP00000047914	ENSEEEG00000022559	kctd12b	ENSPKIP00000034292	ENSPKIG00000013680	kctd12b
ENSEEEP00000043579	ENSEEEG00000020590	ARHGDIG	ENSPKIP00000041537	ENSPKIG00000018045	arhgdig
ENSEEEP00000042989	ENSEEEG00000020254	PRDX4	ENSPKIP00000031723	ENSPKIG00000012090	prdx4
ENSEEEP00000011935	ENSEEEG00000006015	EMC4	ENSPKIP00000030694	ENSPKIG00000011465	emc4
ENSEEEP00000011945	ENSEEEG00000006024		ENSPKIP00000030722	ENSPKIG00000011481	
ENSEEEP00000043556	ENSEEEG00000020586	ECI1	ENSPKIP00000041446	ENSPKIG00000017987	eci1
ENSEEEP00000040084	ENSEEEG00000019006	RAMP1	ENSPKIP00000030800	ENSPKIG00000011521	ramp1
ENSEEEP00000047386	ENSEEEG00000021877	EPRS1	ENSPKIP00000006965	ENSPKIG00000023015	eprs1
ENSEEEP00000023735	ENSEEEG00000011498	vsig8b	ENSPKIP00000005102	ENSPKIG00000021915	vsig8b
ENSEEEP00000028348	ENSEEEG00000013614	NCAPG	ENSPKIP00000005708	ENSPKIG00000022276	ncapg
ENSEEEP00000006751	ENSEEEG00000003569	g6fl	ENSPKIP00000038787	ENSPKIG00000016434	g6fl
ENSEEEP00000043543	ENSEEEG00000020580	dnase1	ENSPKIP00000041476	ENSPKIG00000018016	dnase1
ENSEEEP00000033095	ENSEEEG00000015747	ppifb	ENSPKIP00000025726	ENSPKIG00000008492	PPIF
ENSEEEP00000058334	ENSEEEG00000022880	UBE3D	ENSPKIP00000006429	ENSPKIG00000022716	ube3d
ENSEEEP00000045590	ENSEEEG00000021513	si:ch1073-296d18.1	ENSPKIP00000015984	ENSPKIG00000002499	
ENSEEEP00000057315	ENSEEEG00000024825	SRFBP1	ENSPKIP00000009029	ENSPKIG00000024291	
ENSEEEP00000053756	ENSEEEG00000024994	hmgb2a	ENSPKIP00000028740	ENSPKIG00000010260	hmgb2a
ENSEEEP00000058801	ENSEEEG00000025593	POLR2K	ENSPKIP00000021454	ENSPKIG00000005853	
ENSEEEP00000010400	ENSEEEG00000005266	dgcr6	ENSPKIP00000006589	ENSPKIG00000022804	dgcr6
ENSEEEP00000036675	ENSEEEG00000017412	SCRG1	ENSPKIP00000028675	ENSPKIG00000010226	SCRG1
ENSEEEP00000012291	ENSEEEG00000006181	ccdc186	ENSPKIP00000029149	ENSPKIG00000010489	ccdc186
ENSEEEP00000015865	ENSEEEG00000007818	BACE2	ENSPKIP00000032273	ENSPKIG00000012437	bace2
ENSEEEP00000045606	ENSEEEG00000021518	spag1a	ENSPKIP00000039330	ENSPKIG00000016729	spag1a
ENSEEEP00000036673	ENSEEEG00000017411	HAND2	ENSPKIP00000028643	ENSPKIG00000010209	hand2
ENSEEEP00000047872	ENSEEEG00000022534	SLC25A53	ENSPKIP00000012158	ENSPKIG00000000056	
ENSEEEP00000047870	ENSEEEG00000022533	tmsb4x	ENSPKIP00000012166	ENSPKIG00000000060	
ENSEEEP00000017087	ENSEEEG00000008469	HMGCLL1	ENSPKIP00000038089	ENSPKIG00000016016	hmgcll1
ENSEEEP00000056901	ENSEEEG00000025606		ENSPKIP00000012757	ENSPKIG00000000452	
ENSEEEP00000006732	ENSEEEG00000003555	ABHD16A	ENSPKIP00000038736	ENSPKIG00000016395	abhd16a
ENSEEEP00000036670	ENSEEEG00000017410	FBXO8	ENSPKIP00000028591	ENSPKIG00000010171	fbxo8
ENSEEEP00000039113	ENSEEEG00000018571	gnrh2	ENSPKIP00000038946	ENSPKIG00000016514	gnrh2
ENSEEEP00000047869	ENSEEEG00000022532	zgc:66447	ENSPKIP00000012198	ENSPKIG00000000070	zgc:66447
ENSEEEP00000002210	ENSEEEG00000001346	tspan4a	ENSPKIP00000000466	ENSPKIG00000019092	tspan4a
ENSEEEP00000039757	ENSEEEG00000018847	rigi	ENSPKIP00000040060	ENSPKIG00000017174	RIGI
ENSEEEP00000036667	ENSEEEG00000017409	cep44	ENSPKIP00000028485	ENSPKIG00000010095	cep44
ENSEEEP00000051327	ENSEEEG00000024082	RSPH9	ENSPKIP00000032854	ENSPKIG00000012795	rsph9
ENSEEEP00000043477	ENSEEEG00000020551	CTDSP1	ENSPKIP00000000278	ENSPKIG00000018996	ctdsp1
ENSEEEP00000042901	ENSEEEG00000020228	GALE	ENSPKIP00000000201	ENSPKIG00000018960	pdha1a
ENSEEEP00000051328	ENSEEEG00000024083	MRPS18A	ENSPKIP00000032877	ENSPKIG00000012807	mrps18a
ENSEEEP00000048658	ENSEEEG00000022885	IBTK	ENSPKIP00000006324	ENSPKIG00000022625	ibtk
ENSEEEP00000057566	ENSEEEG00000025677	nat15	ENSPKIP00000041310	ENSPKIG00000017913	naa60
ENSEEEP00000036661	ENSEEEG00000017405	HPGD	ENSPKIP00000028352	ENSPKIG00000010035	hpgd
ENSEEEP00000045976	ENSEEEG00000021661	ISG20	ENSPKIP00000036713	ENSPKIG00000015180	isg20
ENSEEEP00000051329	ENSEEEG00000024087	vegfab	ENSPKIP00000032916	ENSPKIG00000012831	vegfab
ENSEEEP00000037734	ENSEEEG00000017936	mrpl36	ENSPKIP00000008977	ENSPKIG00000024258	mrpl36
ENSEEEP00000043471	ENSEEEG00000020549	SPEGNB	ENSPKIP00000033854	ENSPKIG00000013404	SPEGNB
ENSEEEP00000037729	ENSEEEG00000017934	NDUFS6	ENSPKIP00000008965	ENSPKIG00000024253	ndufs6
ENSEEEP00000043532	ENSEEEG00000020578	CARHSP1	ENSPKIP00000041271	ENSPKIG00000017889	carhsp1
ENSEEEP00000002216	ENSEEEG00000001349	TALDO1	ENSPKIP00000000291	ENSPKIG00000019007	taldo1
ENSEEEP00000043470	ENSEEEG00000020548		ENSPKIP00000033874	ENSPKIG00000013422	
ENSEEEP00000051335	ENSEEEG00000024088	NAGA	ENSPKIP00000033022	ENSPKIG00000012875	NAGA
ENSEEEP00000059606	ENSEEEG00000027418	mzt2b	ENSPKIP00000018837	ENSPKIG00000004249	mzt2b
ENSEEEP00000045969	ENSEEEG00000021660	rlbp1b	ENSPKIP00000036864	ENSPKIG00000015226	rlbp1b
ENSEEEP00000062708	ENSEEEG00000028225	zgc:193801	ENSPKIP00000018741	ENSPKIG00000004193	zgc:193801
ENSEEEP00000038377	ENSEEEG00000017791	COPB2	ENSPKIP00000027876	ENSPKIG00000009722	copb2
ENSEEEP00000000632	ENSEEEG00000000449	CCPG1	ENSPKIP00000004842	ENSPKIG00000021777	
ENSEEEP00000017077	ENSEEEG00000008468	HCRTR2	ENSPKIP00000038045	ENSPKIG00000015988	hcrtr2
ENSEEEP00000028125	ENSEEEG00000013537	cenpk	ENSPKIP00000014503	ENSPKIG00000001546	cenpk
ENSEEEP00000002222	ENSEEEG00000001353	cd151l	ENSPKIP00000000113	ENSPKIG00000018897	cd151l
ENSEEEP00000051337	ENSEEEG00000024090		ENSPKIP00000021590	ENSPKIG00000005922	
ENSEEEP00000055826	ENSEEEG00000015532	PIGG	ENSPKIP00000035935	ENSPKIG00000014681	pigg
ENSEEEP00000000643	ENSEEEG00000000456	C15orf65	ENSPKIP00000004922	ENSPKIG00000021823	
ENSEEEP00000055461	ENSEEEG00000028914	EIF4E3	ENSPKIP00000009436	ENSPKIG00000024547	eif4e3
ENSEEEP00000003016	ENSEEEG00000001712	CAMLG	ENSPKIP00000040297	ENSPKIG00000017319	camlg
ENSEEEP00000028836	ENSEEEG00000013846	MED10	ENSPKIP00000008932	ENSPKIG00000024227	MED10
ENSEEEP00000040097	ENSEEEG00000019013	TMEM177	ENSPKIP00000000670	ENSPKIG00000019251	tmem177
ENSEEEP00000000654	ENSEEEG00000000463	DNAAF4	ENSPKIP00000004897	ENSPKIG00000021803	dnaaf4
ENSEEEP00000040099	ENSEEEG00000019014	MRAS	ENSPKIP00000000642	ENSPKIG00000019227	MRAS
ENSEEEP00000028834	ENSEEEG00000013845	UBE2QL1	ENSPKIP00000008924	ENSPKIG00000024222	ube2ql1
ENSEEEP00000041481	ENSEEEG00000019619	GCA	ENSPKIP00000013679	ENSPKIG00000001015	gca
ENSEEEP00000021780	ENSEEEG00000010594	ACER3	ENSPKIP00000021979	ENSPKIG00000006173	acer3
ENSEEEP00000051339	ENSEEEG00000024092	si:dkeyp-81f3.4	ENSPKIP00000034596	ENSPKIG00000013858	si:dkeyp-81f3.4
ENSEEEP00000059201	ENSEEEG00000028102		ENSPKIP00000005063	ENSPKIG00000021892	
ENSEEEP00000043529	ENSEEEG00000020394	ABAT	ENSPKIP00000041216	ENSPKIG00000017859	abat
ENSEEEP00000053848	ENSEEEG00000026448		ENSPKIP00000010818	ENSPKIG00000025382	
ENSEEEP00000018723	ENSEEEG00000009082	dldh	ENSPKIP00000036996	ENSPKIG00000015348	dldh
ENSEEEP00000019999	ENSEEEG00000009778	IL13RA2	ENSPKIP00000008611	ENSPKIG00000024035	il13ra2
ENSEEEP00000017072	ENSEEEG00000008467	fam83b	ENSPKIP00000038022	ENSPKIG00000015977	fam83b
ENSEEEP00000053336	ENSEEEG00000028086	PYGO1	ENSPKIP00000004943	ENSPKIG00000021833	pygo1
ENSEEEP00000040103	ENSEEEG00000019017	zmp:0000000735	ENSPKIP00000001643	ENSPKIG00000019853	
ENSEEEP00000038890	ENSEEEG00000018419	NSUN2	ENSPKIP00000008897	ENSPKIG00000024200	nsun2
ENSEEEP00000032577	ENSEEEG00000015530	HMMR	ENSPKIP00000021573	ENSPKIG00000005898	hmmr
ENSEEEP00000032310	ENSEEEG00000015390	ATM	ENSPKIP00000032528	ENSPKIG00000012515	atm
ENSEEEP00000060529	ENSEEEG00000027751		ENSPKIP00000015822	ENSPKIG00000002362	
ENSEEEP00000034478	ENSEEEG00000016412	POLR2C	ENSPKIP00000020454	ENSPKIG00000005228	polr2c
ENSEEEP00000047850	ENSEEEG00000022524	si:ch211-153b23.7	ENSPKIP00000012106	ENSPKIG00000000020	si:ch211-153b23.7
ENSEEEP00000017068	ENSEEEG00000008466	mlip	ENSPKIP00000037922	ENSPKIG00000015925	
ENSEEEP00000047849	ENSEEEG00000022523	PHAF1	ENSPKIP00000012085	ENSPKIG00000025610	
ENSEEEP00000029837	ENSEEEG00000014298	zgc:110843	ENSPKIP00000003658	ENSPKIG00000021067	zgc:110843
ENSEEEP00000010229	ENSEEEG00000005184	NFRKB	ENSPKIP00000039059	ENSPKIG00000016542	nfrkb
ENSEEEP00000029839	ENSEEEG00000014300	cxxc5b	ENSPKIP00000003667	ENSPKIG00000021076	cxxc5b
ENSEEEP00000047848	ENSEEEG00000022522		ENSPKIP00000013571	ENSPKIG00000000959	
ENSEEEP00000041160	ENSEEEG00000019481	timm9	ENSPKIP00000037193	ENSPKIG00000015476	timm9
ENSEEEP00000029842	ENSEEEG00000014301	zgc:92242	ENSPKIP00000015197	ENSPKIG00000001994	zgc:92242
ENSEEEP00000034474	ENSEEEG00000016411	COQ9	ENSPKIP00000034153	ENSPKIG00000013593	coq9
ENSEEEP00000061962	ENSEEEG00000003469	si:ch211-153b23.5	ENSPKIP00000012069	ENSPKIG00000025611	si:ch211-153b23.5
ENSEEEP00000002788	ENSEEEG00000001161	DDX46	ENSPKIP00000028935	ENSPKIG00000010351	ddx46
ENSEEEP00000050305	ENSEEEG00000023657	ZNF706	ENSPKIP00000039644	ENSPKIG00000016927	znf706
ENSEEEP00000034470	ENSEEEG00000016409	CIAPIN1	ENSPKIP00000003238	ENSPKIG00000020811	CIAPIN1
ENSEEEP00000023449	ENSEEEG00000011360	ltb4r2a	ENSPKIP00000024808	ENSPKIG00000007918	ltb4r2b
ENSEEEP00000010217	ENSEEEG00000005166	TMEM45B	ENSPKIP00000039176	ENSPKIG00000016638	tmem45b
ENSEEEP00000011881	ENSEEEG00000005981	rbm4.3	ENSPKIP00000023319	ENSPKIG00000007001	rbm4.3
ENSEEEP00000061599	ENSEEEG00000025514	si:ch211-15b10.6	ENSPKIP00000010647	ENSPKIG00000025284	tifa
ENSEEEP00000011824	ENSEEEG00000005960	im:7150988	ENSPKIP00000009049	ENSPKIG00000024304	
ENSEEEP00000059391	ENSEEEG00000021330	eloal	ENSPKIP00000037760	ENSPKIG00000015817	eloal
ENSEEEP00000039251	ENSEEEG00000018653	en1b	ENSPKIP00000036535	ENSPKIG00000015067	en1b
ENSEEEP00000011873	ENSEEEG00000005976	rbm4.1	ENSPKIP00000003188	ENSPKIG00000020805	rbm4.1
ENSEEEP00000050318	ENSEEEG00000023662	PSMG2	ENSPKIP00000012381	ENSPKIG00000000197	psmg2
ENSEEEP00000011866	ENSEEEG00000005974	SF1	ENSPKIP00000031762	ENSPKIG00000012116	sf1
ENSEEEP00000061603	ENSEEEG00000025210	si:ch211-284e13.5	ENSPKIP00000018630	ENSPKIG00000004136	
ENSEEEP00000017045	ENSEEEG00000008450	COA7	ENSPKIP00000021116	ENSPKIG00000005652	coa7
ENSEEEP00000011630	ENSEEEG00000005849	irg1l	ENSPKIP00000005964	ENSPKIG00000022434	irg1l
ENSEEEP00000010173	ENSEEEG00000005161	sycn.1	ENSPKIP00000039240	ENSPKIG00000016677	sycn.3
ENSEEEP00000050342	ENSEEEG00000023666	SEH1L	ENSPKIP00000012297	ENSPKIG00000000143	seh1l
ENSEEEP00000053049	ENSEEEG00000027351	glod5	ENSPKIP00000005933	ENSPKIG00000022404	
ENSEEEP00000000094	ENSEEEG00000000061	fam210aa	ENSPKIP00000012254	ENSPKIG00000000112	fam210aa
ENSEEEP00000034466	ENSEEEG00000016406	PRMT7	ENSPKIP00000003324	ENSPKIG00000020866	prmt7
ENSEEEP00000057414	ENSEEEG00000025400	RNF6	ENSPKIP00000005864	ENSPKIG00000022378	rlim
ENSEEEP00000000110	ENSEEEG00000000072	RNMT	ENSPKIP00000012219	ENSPKIG00000000087	rnmt
ENSEEEP00000042297	ENSEEEG00000019976	rsl24d1	ENSPKIP00000040793	ENSPKIG00000017615	rsl24d1
ENSEEEP00000057693	ENSEEEG00000025258		ENSPKIP00000033490	ENSPKIG00000013183	
ENSEEEP00000061871	ENSEEEG00000024892	si:ch1073-385f13.3	ENSPKIP00000007787	ENSPKIG00000023552	
ENSEEEP00000010158	ENSEEEG00000005052	RFC2	ENSPKIP00000037198	ENSPKIG00000015469	rfc2
ENSEEEP00000000125	ENSEEEG00000000087	mc5ra	ENSPKIP00000040414	ENSPKIG00000017392	mc5ra
ENSEEEP00000048673	ENSEEEG00000022898	BCKDHB	ENSPKIP00000006154	ENSPKIG00000022547	bckdhb
ENSEEEP00000062524	ENSEEEG00000028800	CYTIP	ENSPKIP00000031919	ENSPKIG00000012227	cytip
ENSEEEP00000000159	ENSEEEG00000000121	cthrc1a	ENSPKIP00000040484	ENSPKIG00000017436	cthrc1a
ENSEEEP00000034463	ENSEEEG00000016407		ENSPKIP00000002216	ENSPKIG00000020197	
ENSEEEP00000061932	ENSEEEG00000027941	mespba	ENSPKIP00000002202	ENSPKIG00000020187	
ENSEEEP00000010331	ENSEEEG00000005229	SERPIND1	ENSPKIP00000015454	ENSPKIG00000002156	serpind1
ENSEEEP00000048172	ENSEEEG00000022676	GSTP1	ENSPKIP00000036053	ENSPKIG00000014769	GSTP1
ENSEEEP00000034719	ENSEEEG00000016504		ENSPKIP00000035626	ENSPKIG00000014509	
ENSEEEP00000048180	ENSEEEG00000022679	GDF9	ENSPKIP00000009163	ENSPKIG00000024372	gdf9
ENSEEEP00000044820	ENSEEEG00000021157		ENSPKIP00000008915	ENSPKIG00000024211	
ENSEEEP00000048679	ENSEEEG00000022901	TTK	ENSPKIP00000006083	ENSPKIG00000022506	ttk
ENSEEEP00000010288	ENSEEEG00000005211	SNAP29	ENSPKIP00000015210	ENSPKIG00000002004	snap29
ENSEEEP00000040157	ENSEEEG00000019047	si:dkey-3d4.3	ENSPKIP00000001303	ENSPKIG00000019644	
ENSEEEP00000010285	ENSEEEG00000005209	si:dkey-178e17.3	ENSPKIP00000015171	ENSPKIG00000001980	si:dkey-178e17.3
ENSEEEP00000039022	ENSEEEG00000018461	SRD5A1	ENSPKIP00000008840	ENSPKIG00000024172	srd5a1
ENSEEEP00000041153	ENSEEEG00000019476	ARID4A	ENSPKIP00000037110	ENSPKIG00000015415	arid4a
ENSEEEP00000043423	ENSEEEG00000020521	UPP2	ENSPKIP00000032070	ENSPKIG00000012309	upp2
ENSEEEP00000029539	ENSEEEG00000014148	zgc:162592	ENSPKIP00000027955	ENSPKIG00000009797	zgc:162592
ENSEEEP00000040159	ENSEEEG00000019049	RALB	ENSPKIP00000001279	ENSPKIG00000019627	RALB
ENSEEEP00000059570	ENSEEEG00000021342	GCLC	ENSPKIP00000037673	ENSPKIG00000015736	gclc
ENSEEEP00000034457	ENSEEEG00000016403	EXOC3L1	ENSPKIP00000034437	ENSPKIG00000013668	exoc3l1
ENSEEEP00000048681	ENSEEEG00000022905	dctn3	ENSPKIP00000024223	ENSPKIG00000007565	dctn3
ENSEEEP00000056764	ENSEEEG00000024859	histh1l	ENSPKIP00000004005	ENSPKIG00000021283	
ENSEEEP00000048185	ENSEEEG00000022685	sowahab	ENSPKIP00000009184	ENSPKIG00000024393	SOWAHA
ENSEEEP00000012292	ENSEEEG00000006184	ADRA1B	ENSPKIP00000029063	ENSPKIG00000010458	adrb1
ENSEEEP00000029548	ENSEEEG00000014153	rpl13	ENSPKIP00000014901	ENSPKIG00000001789	rpl13
ENSEEEP00000062716	ENSEEEG00000005801	ABCB7	ENSPKIP00000005806	ENSPKIG00000022336	abcb7
ENSEEEP00000035272	ENSEEEG00000016783	si:ch211-284k5.2	ENSPKIP00000027055	ENSPKIG00000009281	si:ch211-284k5.2
ENSEEEP00000048685	ENSEEEG00000022907	elovl4a	ENSPKIP00000006050	ENSPKIG00000022487	ELOVL4
ENSEEEP00000034452	ENSEEEG00000016396	dbx1b	ENSPKIP00000006628	ENSPKIG00000022829	dbx1b
ENSEEEP00000012296	ENSEEEG00000006185	NHLRC2	ENSPKIP00000029033	ENSPKIG00000010427	nhlrc2
ENSEEEP00000054449	ENSEEEG00000025271	TMEM100	ENSPKIP00000029218	ENSPKIG00000010557	TMEM100
ENSEEEP00000025428	ENSEEEG00000012341	MRPL28	ENSPKIP00000028925	ENSPKIG00000010370	mrpl28
ENSEEEP00000064484	ENSEEEG00000026912	PCTP	ENSPKIP00000035424	ENSPKIG00000014387	pctp
ENSEEEP00000050052	ENSEEEG00000023538	ATF3	ENSPKIP00000014888	ENSPKIG00000001794	atf3
ENSEEEP00000048691	ENSEEEG00000022910	si:ch211-151o1.4	ENSPKIP00000005994	ENSPKIG00000022454	mtcl3a
ENSEEEP00000061174	ENSEEEG00000027158	RELB	ENSPKIP00000028967	ENSPKIG00000010400	relb
ENSEEEP00000019363	ENSEEEG00000009480	FNDC1	ENSPKIP00000006390	ENSPKIG00000022686	fndc1
ENSEEEP00000048693	ENSEEEG00000022911	ECHDC1	ENSPKIP00000005871	ENSPKIG00000022379	ECHDC1
ENSEEEP00000062806	ENSEEEG00000027295	CBX2	ENSPKIP00000035371	ENSPKIG00000014359	cbx2
ENSEEEP00000060196	ENSEEEG00000028047	NDE1	ENSPKIP00000030461	ENSPKIG00000011302	nde1
ENSEEEP00000057098	ENSEEEG00000022913	LIMD1	ENSPKIP00000007647	ENSPKIG00000023463	LIMD1
ENSEEEP00000041026	ENSEEEG00000019427	SPG11	ENSPKIP00000027529	ENSPKIG00000009424	spg11
ENSEEEP00000001620	ENSEEEG00000001038		ENSPKIP00000033730	ENSPKIG00000013335	
ENSEEEP00000030784	ENSEEEG00000014203	KARS1	ENSPKIP00000028115	ENSPKIG00000009896	kars1
ENSEEEP00000050047	ENSEEEG00000023536	NSL1	ENSPKIP00000014851	ENSPKIG00000001767	nsl1
ENSEEEP00000034448	ENSEEEG00000016397	MRPL46	ENSPKIP00000035176	ENSPKIG00000014232	mrpl46
ENSEEEP00000034447	ENSEEEG00000016395	mrps11	ENSPKIP00000035843	ENSPKIG00000014626	
ENSEEEP00000031476	ENSEEEG00000015052	prune2	ENSPKIP00000001381	ENSPKIG00000019698	
ENSEEEP00000012300	ENSEEEG00000006186	DCLRE1A	ENSPKIP00000028954	ENSPKIG00000010390	dclre1a
ENSEEEP00000030981	ENSEEEG00000014823	PRPF38B	ENSPKIP00000040265	ENSPKIG00000017291	
ENSEEEP00000041647	ENSEEEG00000019703	wu:fj39g12	ENSPKIP00000010745	ENSPKIG00000025346	nppcl
ENSEEEP00000012302	ENSEEEG00000006187		ENSPKIP00000028785	ENSPKIG00000010276	plekhs1.3
ENSEEEP00000054042	ENSEEEG00000026780	DMTN	ENSPKIP00000041655	ENSPKIG00000018115	dmtn
ENSEEEP00000036213	ENSEEEG00000017226	ciz1a	ENSPKIP00000023888	ENSPKIG00000007343	ciz1b
ENSEEEP00000056878	ENSEEEG00000028396	adgrb1a	ENSPKIP00000011236	ENSPKIG00000018794	
ENSEEEP00000061940	ENSEEEG00000027666	BBLN	ENSPKIP00000019536	ENSPKIG00000004667	bbln
ENSEEEP00000030976	ENSEEEG00000014818	pih1d3	ENSPKIP00000035283	ENSPKIG00000014308	dnaaf6
ENSEEEP00000012307	ENSEEEG00000006189	si:ch211-28p3.4	ENSPKIP00000028720	ENSPKIG00000010250	si:ch211-28p3.4
ENSEEEP00000036210	ENSEEEG00000017224	SURF2	ENSPKIP00000019510	ENSPKIG00000004651	surf2
ENSEEEP00000016946	ENSEEEG00000008400	PBDC1	ENSPKIP00000041667	ENSPKIG00000018127	pbdc1
ENSEEEP00000036524	ENSEEEG00000017360	WDR17	ENSPKIP00000027919	ENSPKIG00000009737	wdr17
ENSEEEP00000030974	ENSEEEG00000014817	pip4p1a	ENSPKIP00000038433	ENSPKIG00000016193	pip4p1a
ENSEEEP00000012309	ENSEEEG00000006192	CASP7	ENSPKIP00000028667	ENSPKIG00000010166	casp7
ENSEEEP00000017123	ENSEEEG00000008477	ECHDC2	ENSPKIP00000028101	ENSPKIG00000009849	echdc2
ENSEEEP00000030973	ENSEEEG00000014816	si:ch211-265g22.4	ENSPKIP00000038354	ENSPKIG00000016158	si:ch211-265g22.4
ENSEEEP00000036206	ENSEEEG00000017198	SURF4	ENSPKIP00000023845	ENSPKIG00000007323	SURF4
ENSEEEP00000025390	ENSEEEG00000012322	CLPTM1	ENSPKIP00000029323	ENSPKIG00000010548	clptm1
ENSEEEP00000041638	ENSEEEG00000019698	NOP2	ENSPKIP00000010693	ENSPKIG00000025311	
ENSEEEP00000041023	ENSEEEG00000019426	CIAO2A	ENSPKIP00000027640	ENSPKIG00000009619	ciao2a
ENSEEEP00000034445	ENSEEEG00000016393	APOC4	ENSPKIP00000035437	ENSPKIG00000014399	
ENSEEEP00000039065	ENSEEEG00000018544	si:ch211-152p11.4	ENSPKIP00000030075	ENSPKIG00000011071	si:ch211-152p11.4
ENSEEEP00000039068	ENSEEEG00000018546	ATAT1	ENSPKIP00000030141	ENSPKIG00000011099	ATAT1
ENSEEEP00000017131	ENSEEEG00000008483	si:dkey-52j6.3	ENSPKIP00000028166	ENSPKIG00000009915	lrrc52
ENSEEEP00000030969	ENSEEEG00000014707	lig1	ENSPKIP00000038267	ENSPKIG00000016081	lig1
ENSEEEP00000036513	ENSEEEG00000017358	asb5b	ENSPKIP00000027753	ENSPKIG00000009671	asb5b
ENSEEEP00000001447	ENSEEEG00000000945	NUP85	ENSPKIP00000007743	ENSPKIG00000023507	nup85
ENSEEEP00000044880	ENSEEEG00000021182	cenps	ENSPKIP00000031810	ENSPKIG00000012136	cenps
ENSEEEP00000030075	ENSEEEG00000014396	PARP1	ENSPKIP00000021872	ENSPKIG00000006039	parp1
ENSEEEP00000044882	ENSEEEG00000021184		ENSPKIP00000032527	ENSPKIG00000012596	
ENSEEEP00000003965	ENSEEEG00000002124	SYNPO2	ENSPKIP00000019422	ENSPKIG00000004608	
ENSEEEP00000020129	ENSEEEG00000009833	atp6ap1a	ENSPKIP00000009283	ENSPKIG00000024454	atp6ap1a
ENSEEEP00000026282	ENSEEEG00000012712	mgst3a	ENSPKIP00000021068	ENSPKIG00000005612	mgst3a
ENSEEEP00000044884	ENSEEEG00000021185	rbp7b	ENSPKIP00000018521	ENSPKIG00000004054	rbp7b
ENSEEEP00000045260	ENSEEEG00000021361	ELOVL5	ENSPKIP00000037540	ENSPKIG00000015687	ELOVL5
ENSEEEP00000013419	ENSEEEG00000006722	C3orf18	ENSPKIP00000014557	ENSPKIG00000001599	si:ch211-161c3.5
ENSEEEP00000036512	ENSEEEG00000017355	SPCS3	ENSPKIP00000013832	ENSPKIG00000001115	spcs3
ENSEEEP00000044887	ENSEEEG00000021187	H6PD	ENSPKIP00000012713	ENSPKIG00000000427	h6pd
ENSEEEP00000026286	ENSEEEG00000012715	MMACHC	ENSPKIP00000028193	ENSPKIG00000009932	mmachc
ENSEEEP00000013418	ENSEEEG00000006721	CALML6	ENSPKIP00000019010	ENSPKIG00000004351	CALML6
ENSEEEP00000020143	ENSEEEG00000009836	taz	ENSPKIP00000022095	ENSPKIG00000006241	tafazzin
ENSEEEP00000026293	ENSEEEG00000012722		ENSPKIP00000028313	ENSPKIG00000010001	
ENSEEEP00000003425	ENSEEEG00000001911	selenow2a	ENSPKIP00000038900	ENSPKIG00000016480	selenow2b
ENSEEEP00000049985	ENSEEEG00000023489	VEGFC	ENSPKIP00000013863	ENSPKIG00000001136	vegfc
ENSEEEP00000041024	ENSEEEG00000019419	INSIG2	ENSPKIP00000013596	ENSPKIG00000000966	INSIG2
ENSEEEP00000017115	ENSEEEG00000008408	XPO7	ENSPKIP00000041849	ENSPKIG00000018175	xpo7
ENSEEEP00000014568	ENSEEEG00000007225	pax6a	ENSPKIP00000001172	ENSPKIG00000019558	pax6a
ENSEEEP00000045290	ENSEEEG00000021367	FBXO9	ENSPKIP00000037468	ENSPKIG00000015638	fbxo9
ENSEEEP00000003428	ENSEEEG00000001914	NXPH3	ENSPKIP00000008487	ENSPKIG00000023961	nxph3
ENSEEEP00000004305	ENSEEEG00000002258	HSD17B14	ENSPKIP00000004792	ENSPKIG00000021694	hsd17b14
ENSEEEP00000036145	ENSEEEG00000017178	ASS1	ENSPKIP00000019397	ENSPKIG00000004543	ASS1
ENSEEEP00000044899	ENSEEEG00000021194	RBM19	ENSPKIP00000039935	ENSPKIG00000017095	rbm19
ENSEEEP00000020147	ENSEEEG00000009841	si:dkey-150i13.2	ENSPKIP00000022009	ENSPKIG00000006172	si:dkey-150i13.2
ENSEEEP00000055182	ENSEEEG00000028022	mettl27	ENSPKIP00000039132	ENSPKIG00000016615	zgc:194221
ENSEEEP00000044810	ENSEEEG00000021151	ARF6	ENSPKIP00000013766	ENSPKIG00000001075	arf6b
ENSEEEP00000063540	ENSEEEG00000010375	UROC1	ENSPKIP00000010785	ENSPKIG00000025363	uroc1
ENSEEEP00000004264	ENSEEEG00000002251	NTF4	ENSPKIP00000019155	ENSPKIG00000004439	
ENSEEEP00000033564	ENSEEEG00000015970	si:ch211-195b15.8	ENSPKIP00000000930	ENSPKIG00000019407	si:ch211-195b15.8
ENSEEEP00000044808	ENSEEEG00000021150	VCPKMT	ENSPKIP00000013808	ENSPKIG00000001099	vcpkmt
ENSEEEP00000007326	ENSEEEG00000003848	PDGFRL	ENSPKIP00000038780	ENSPKIG00000016420	
ENSEEEP00000033562	ENSEEEG00000015969	RRAS	ENSPKIP00000000872	ENSPKIG00000019373	rras
ENSEEEP00000030080	ENSEEEG00000014416	adorb1a	ENSPKIP00000021968	ENSPKIG00000006167	adorb1a
ENSEEEP00000048985	ENSEEEG00000022937	LARS2	ENSPKIP00000007698	ENSPKIG00000023485	lars2
ENSEEEP00000033560	ENSEEEG00000015965	PRRG2	ENSPKIP00000022072	ENSPKIG00000006220	
ENSEEEP00000007324	ENSEEEG00000003846	N4BP3	ENSPKIP00000038811	ENSPKIG00000016445	n4bp3
ENSEEEP00000050017	ENSEEEG00000023514	VASH2	ENSPKIP00000014575	ENSPKIG00000001610	vash2
ENSEEEP00000059223	ENSEEEG00000021531	pam16	ENSPKIP00000022150	ENSPKIG00000006270	coro7
ENSEEEP00000041547	ENSEEEG00000019653	ak4	ENSPKIP00000034827	ENSPKIG00000014010	AK3
ENSEEEP00000051174	ENSEEEG00000024026	MRPL51	ENSPKIP00000023631	ENSPKIG00000007188	mrpl51
ENSEEEP00000051173	ENSEEEG00000024025	tfpt	ENSPKIP00000031031	ENSPKIG00000011699	tfpt
ENSEEEP00000045305	ENSEEEG00000021384	ARFGEF3	ENSPKIP00000014671	ENSPKIG00000001633	arfgef3
ENSEEEP00000053936	ENSEEEG00000023512	angel2	ENSPKIP00000014526	ENSPKIG00000001565	angel2
ENSEEEP00000014676	ENSEEEG00000024915		ENSPKIP00000030114	ENSPKIG00000011094	
ENSEEEP00000051171	ENSEEEG00000024023	ndufa3	ENSPKIP00000031011	ENSPKIG00000011674	ndufa3
ENSEEEP00000003473	ENSEEEG00000001929	SLC35B1	ENSPKIP00000039256	ENSPKIG00000016666	slc35b1
ENSEEEP00000010590	ENSEEEG00000005213	SCLY	ENSPKIP00000014979	ENSPKIG00000001841	scly
ENSEEEP00000042835	ENSEEEG00000020208	ZNF507	ENSPKIP00000030400	ENSPKIG00000011271	znf507
ENSEEEP00000019027	ENSEEEG00000009339	zgc:152774	ENSPKIP00000023102	ENSPKIG00000006862	zgc:152774
ENSEEEP00000007321	ENSEEEG00000003813	RMND5B	ENSPKIP00000038854	ENSPKIG00000016460	rmnd5b
ENSEEEP00000014685	ENSEEEG00000007304	KHNYN	ENSPKIP00000031357	ENSPKIG00000011871	khnyn
ENSEEEP00000043120	ENSEEEG00000020357	METTL22	ENSPKIP00000041155	ENSPKIG00000017807	mettl22
ENSEEEP00000003476	ENSEEEG00000001932	fam117aa	ENSPKIP00000016964	ENSPKIG00000003060	fam117ab
ENSEEEP00000018480	ENSEEEG00000009067	ARHGEF11	ENSPKIP00000005603	ENSPKIG00000022203	
ENSEEEP00000042833	ENSEEEG00000020207	DPY19L3	ENSPKIP00000018504	ENSPKIG00000004045	dpy19l3
ENSEEEP00000030007	ENSEEEG00000014388	MIXL1	ENSPKIP00000022067	ENSPKIG00000006218	mixl1
ENSEEEP00000040073	ENSEEEG00000018994	cacng5a	ENSPKIP00000021828	ENSPKIG00000006071	cacng5a
ENSEEEP00000051496	ENSEEEG00000024182	RIPK3	ENSPKIP00000031305	ENSPKIG00000011831	
ENSEEEP00000036162	ENSEEEG00000017196	zgc:162879	ENSPKIP00000002980	ENSPKIG00000020661	rasef2
ENSEEEP00000041037	ENSEEEG00000019434	marco	ENSPKIP00000037267	ENSPKIG00000015522	MARCO
ENSEEEP00000009910	ENSEEEG00000005040	si:dkey-183i3.5	ENSPKIP00000037537	ENSPKIG00000015673	si:dkey-183i3.5
ENSEEEP00000051509	ENSEEEG00000024188	si:dkeyp-74b6.2	ENSPKIP00000031239	ENSPKIG00000011707	si:dkeyp-74b6.2
ENSEEEP00000018601	ENSEEEG00000009144	DCTD	ENSPKIP00000023654	ENSPKIG00000007202	dctd
ENSEEEP00000004233	ENSEEEG00000002234	ccndx	ENSPKIP00000004304	ENSPKIG00000021467	ccndx
ENSEEEP00000052788	ENSEEEG00000026048	COX20	ENSPKIP00000014722	ENSPKIG00000001685	COX20
ENSEEEP00000044777	ENSEEEG00000021088	EDRF1	ENSPKIP00000014219	ENSPKIG00000001321	edrf1
ENSEEEP00000005515	ENSEEEG00000002884	C1QL2	ENSPKIP00000037232	ENSPKIG00000015480	c1ql2
ENSEEEP00000059037	ENSEEEG00000009346	pmt	ENSPKIP00000023170	ENSPKIG00000006894	pmt
ENSEEEP00000061405	ENSEEEG00000002099		ENSPKIP00000007052	ENSPKIG00000023099	
ENSEEEP00000045309	ENSEEEG00000021389	lhb	ENSPKIP00000014741	ENSPKIG00000001704	lhb
ENSEEEP00000005520	ENSEEEG00000002897		ENSPKIP00000017345	ENSPKIG00000003295	si:busm1-169i8.11
ENSEEEP00000014619	ENSEEEG00000007256	wt1a	ENSPKIP00000007742	ENSPKIG00000023518	wt1a
ENSEEEP00000030004	ENSEEEG00000014386	TTC32	ENSPKIP00000007548	ENSPKIG00000023398	ttc32
ENSEEEP00000043109	ENSEEEG00000020351	TMEM114	ENSPKIP00000041092	ENSPKIG00000017784	TMEM114
ENSEEEP00000064255	ENSEEEG00000028890	FEM1B	ENSPKIP00000039876	ENSPKIG00000017070	fem1b
ENSEEEP00000005522	ENSEEEG00000002899	si:ch73-250a16.5	ENSPKIP00000017699	ENSPKIG00000003507	
ENSEEEP00000045319	ENSEEEG00000021391	PLPP4	ENSPKIP00000004048	ENSPKIG00000021303	plpp4
ENSEEEP00000030001	ENSEEEG00000014383	matn3a	ENSPKIP00000007101	ENSPKIG00000023132	matn3b
ENSEEEP00000018483	ENSEEEG00000009080	PLA2G12A	ENSPKIP00000033189	ENSPKIG00000012993	pla2g12a
ENSEEEP00000036096	ENSEEEG00000017170		ENSPKIP00000000266	ENSPKIG00000019004	avp
ENSEEEP00000003481	ENSEEEG00000027169		ENSPKIP00000039401	ENSPKIG00000016766	
ENSEEEP00000043106	ENSEEEG00000020330	RBFOX1	ENSPKIP00000027790	ENSPKIG00000009667	rbfox1
ENSEEEP00000040039	ENSEEEG00000018979	PSMD12	ENSPKIP00000022122	ENSPKIG00000006249	psmd12
ENSEEEP00000062733	ENSEEEG00000009081	CASP6	ENSPKIP00000034326	ENSPKIG00000013707	casp6b.1
ENSEEEP00000020282	ENSEEEG00000009906	MCMDC2	ENSPKIP00000027147	ENSPKIG00000009329	
ENSEEEP00000053075	ENSEEEG00000027514	C2orf76	ENSPKIP00000037096	ENSPKIG00000015420	zgc:101851
ENSEEEP00000057807	ENSEEEG00000028732	DBI	ENSPKIP00000037071	ENSPKIG00000015396	dbi
ENSEEEP00000018739	ENSEEEG00000009210	si:dkey-42p14.3	ENSPKIP00000038248	ENSPKIG00000016101	si:dkey-42p14.3
ENSEEEP00000004147	ENSEEEG00000001633	TBC1D17	ENSPKIP00000004169	ENSPKIG00000021386	tbc1d17
ENSEEEP00000036989	ENSEEEG00000017563	msmp2	ENSPKIP00000037605	ENSPKIG00000015717	msmp2
ENSEEEP00000020279	ENSEEEG00000009903	TCF24	ENSPKIP00000027126	ENSPKIG00000009320	TCF24
ENSEEEP00000009697	ENSEEEG00000004683	DDX10	ENSPKIP00000037700	ENSPKIG00000015739	ddx10
ENSEEEP00000007219	ENSEEEG00000003802	scn1bb	ENSPKIP00000020433	ENSPKIG00000005218	scn1bb
ENSEEEP00000020275	ENSEEEG00000009900	PPP1R42	ENSPKIP00000027109	ENSPKIG00000009308	ppp1r42
ENSEEEP00000030000	ENSEEEG00000014382	LAPTM4A	ENSPKIP00000007147	ENSPKIG00000023157	LAPTM4A
ENSEEEP00000050423	ENSEEEG00000023707		ENSPKIP00000013374	ENSPKIG00000000828	
ENSEEEP00000024273	ENSEEEG00000011773	TIMM13	ENSPKIP00000030231	ENSPKIG00000011170	timm13
ENSEEEP00000060858	ENSEEEG00000025445	TSPAN15	ENSPKIP00000025701	ENSPKIG00000008464	tspan15
ENSEEEP00000055421	ENSEEEG00000025208	NUDCD2	ENSPKIP00000009279	ENSPKIG00000024450	nudcd2
ENSEEEP00000029997	ENSEEEG00000014381	zgc:153896	ENSPKIP00000028072	ENSPKIG00000009863	zgc:153896
ENSEEEP00000061336	ENSEEEG00000009892	COPS5	ENSPKIP00000027071	ENSPKIG00000009291	cops5
ENSEEEP00000036038	ENSEEEG00000017008	YTHDC2	ENSPKIP00000038122	ENSPKIG00000016010	ythdc2
ENSEEEP00000054285	ENSEEEG00000025374	SCAF1	ENSPKIP00000000688	ENSPKIG00000019247	scaf1
ENSEEEP00000048403	ENSEEEG00000022784	CCNG1	ENSPKIP00000009254	ENSPKIG00000024439	ccng1
ENSEEEP00000045345	ENSEEEG00000021398	WDR11	ENSPKIP00000004130	ENSPKIG00000021337	wdr11
ENSEEEP00000042809	ENSEEEG00000020200	TIPIN	ENSPKIP00000037347	ENSPKIG00000015565	tipin
ENSEEEP00000063411	ENSEEEG00000018923	DNMBP	ENSPKIP00000028196	ENSPKIG00000009926	dnmbp
ENSEEEP00000024349	ENSEEEG00000011778	LSM7	ENSPKIP00000030487	ENSPKIG00000011325	lsm7
ENSEEEP00000035131	ENSEEEG00000016716	PPP1R3B	ENSPKIP00000004979	ENSPKIG00000021852	ppp1r3b
ENSEEEP00000003872	ENSEEEG00000002072		ENSPKIP00000015551	ENSPKIG00000002233	
ENSEEEP00000029993	ENSEEEG00000014376	SLC35F6	ENSPKIP00000003537	ENSPKIG00000020998	slc35f6
ENSEEEP00000035134	ENSEEEG00000016719	ERI1	ENSPKIP00000004953	ENSPKIG00000021836	eri1
ENSEEEP00000042808	ENSEEEG00000020199	lctla	ENSPKIP00000037630	ENSPKIG00000015716	lctlb
ENSEEEP00000035135	ENSEEEG00000016720	MFHAS1	ENSPKIP00000004933	ENSPKIG00000021824	mfhas1
ENSEEEP00000003869	ENSEEEG00000002069	WWP1	ENSPKIP00000015613	ENSPKIG00000002267	
ENSEEEP00000007213	ENSEEEG00000003799	TMEM65	ENSPKIP00000001913	ENSPKIG00000020023	tmem65
ENSEEEP00000028101	ENSEEEG00000013525	fybb	ENSPKIP00000002543	ENSPKIG00000020394	fyb1b
ENSEEEP00000061650	ENSEEEG00000026943	CHURC1	ENSPKIP00000006615	ENSPKIG00000022819	churc1
ENSEEEP00000014632	ENSEEEG00000007269	TCP11L1	ENSPKIP00000007916	ENSPKIG00000023633	tcp11l1
ENSEEEP00000055042	ENSEEEG00000002783		ENSPKIP00000030088	ENSPKIG00000011072	
ENSEEEP00000018754	ENSEEEG00000009215	POT1	ENSPKIP00000030825	ENSPKIG00000011529	pot1
ENSEEEP00000053223	ENSEEEG00000018970	PPP1R12C	ENSPKIP00000025581	ENSPKIG00000008387	ppp1r12c
ENSEEEP00000028111	ENSEEEG00000013528	ccdc80l2	ENSPKIP00000002598	ENSPKIG00000020440	ccdc80l2
ENSEEEP00000057674	ENSEEEG00000014705	CAPZA2	ENSPKIP00000038132	ENSPKIG00000016043	mpz
ENSEEEP00000007198	ENSEEEG00000003736	TATDN1	ENSPKIP00000009096	ENSPKIG00000024331	tatdn1
ENSEEEP00000051502	ENSEEEG00000024186	SFRP2	ENSPKIP00000037367	ENSPKIG00000015578	sfrp2
ENSEEEP00000058914	ENSEEEG00000027079		ENSPKIP00000002650	ENSPKIG00000020467	
ENSEEEP00000054348	ENSEEEG00000027324		ENSPKIP00000007044	ENSPKIG00000023093	
ENSEEEP00000024563	ENSEEEG00000011815	SASS6	ENSPKIP00000014396	ENSPKIG00000001454	sass6
ENSEEEP00000058147	ENSEEEG00000024185	ARFIP1	ENSPKIP00000040123	ENSPKIG00000017215	arfip1
ENSEEEP00000020342	ENSEEEG00000009924	ndnl2	ENSPKIP00000021751	ENSPKIG00000006015	ndnl2
ENSEEEP00000048143	ENSEEEG00000022667	GABPB1	ENSPKIP00000001389	ENSPKIG00000019705	gabpb1
ENSEEEP00000058102	ENSEEEG00000018927	cpn1	ENSPKIP00000028128	ENSPKIG00000009873	cpn1
ENSEEEP00000003790	ENSEEEG00000002041	SDR42E1	ENSPKIP00000020157	ENSPKIG00000005042	sdr42e1
ENSEEEP00000052718	ENSEEEG00000027145	CHST13	ENSPKIP00000038943	ENSPKIG00000016518	chst13
ENSEEEP00000000342	ENSEEEG00000000246		ENSPKIP00000038984	ENSPKIG00000016539	
ENSEEEP00000020167	ENSEEEG00000009848	ttll3	ENSPKIP00000010869	ENSPKIG00000025408	ttll3
ENSEEEP00000048135	ENSEEEG00000025360		ENSPKIP00000001372	ENSPKIG00000019693	
ENSEEEP00000042756	ENSEEEG00000020174	MAP2K5	ENSPKIP00000038049	ENSPKIG00000015970	map2k5
ENSEEEP00000063917	ENSEEEG00000025700	VWDE	ENSPKIP00000004748	ENSPKIG00000021726	
ENSEEEP00000018517	ENSEEEG00000009098	CNTF	ENSPKIP00000021380	ENSPKIG00000005821	
ENSEEEP00000042489	ENSEEEG00000020064	DHX34	ENSPKIP00000033976	ENSPKIG00000013394	dhx34
ENSEEEP00000020157	ENSEEEG00000009843	si:dkey-28n18.9	ENSPKIP00000010450	ENSPKIG00000025171	si:dkey-28n18.9
ENSEEEP00000063352	ENSEEEG00000025608		ENSPKIP00000025908	ENSPKIG00000008591	
ENSEEEP00000027796	ENSEEEG00000012917	PFAS	ENSPKIP00000028573	ENSPKIG00000010149	pfas
ENSEEEP00000047959	ENSEEEG00000022590	PSKH1	ENSPKIP00000013498	ENSPKIG00000000919	pskh1
ENSEEEP00000006283	ENSEEEG00000003343	zgc:109949	ENSPKIP00000027932	ENSPKIG00000009782	rtbdn
ENSEEEP00000047961	ENSEEEG00000022593	nrn1la	ENSPKIP00000013557	ENSPKIG00000000954	NRN1L
ENSEEEP00000038576	ENSEEEG00000018272		ENSPKIP00000004992	ENSPKIG00000021855	
ENSEEEP00000053566	ENSEEEG00000028418	FAM184B	ENSPKIP00000005785	ENSPKIG00000022319	fam184b
ENSEEEP00000020156	ENSEEEG00000009842	CCDC174	ENSPKIP00000001977	ENSPKIG00000020044	ccdc174
ENSEEEP00000061062	ENSEEEG00000026963	RAG1	ENSPKIP00000005089	ENSPKIG00000021898	rag1
ENSEEEP00000038592	ENSEEEG00000018318	RAG2	ENSPKIP00000005109	ENSPKIG00000021925	rag2
ENSEEEP00000019060	ENSEEEG00000009359	hrh2a	ENSPKIP00000039988	ENSPKIG00000017130	hrh2a
ENSEEEP00000038593	ENSEEEG00000018319	im:7145024	ENSPKIP00000005125	ENSPKIG00000021938	iftap
ENSEEEP00000062329	ENSEEEG00000024175		ENSPKIP00000005834	ENSPKIG00000022358	haspin
ENSEEEP00000043019	ENSEEEG00000020309	DCP2	ENSPKIP00000009638	ENSPKIG00000024658	dcp2
ENSEEEP00000020864	ENSEEEG00000010174	zgc:158564	ENSPKIP00000034742	ENSPKIG00000013956	kiaa0232
ENSEEEP00000009146	ENSEEEG00000004708	ENDOV	ENSPKIP00000022818	ENSPKIG00000006685	ENDOV
ENSEEEP00000020035	ENSEEEG00000009128	PIGN	ENSPKIP00000024330	ENSPKIG00000007477	pign
ENSEEEP00000031304	ENSEEEG00000014953	WDR36	ENSPKIP00000011185	ENSPKIG00000025589	wdr36
ENSEEEP00000013292	ENSEEEG00000006659	eif4e2rs1	ENSPKIP00000019275	ENSPKIG00000004502	eif4e2rs1
ENSEEEP00000028682	ENSEEEG00000013777	si:dkey-12h9.6	ENSPKIP00000004352	ENSPKIG00000021468	si:dkey-12h9.6
ENSEEEP00000023874	ENSEEEG00000011585	EHF	ENSPKIP00000005165	ENSPKIG00000021956	ehf
ENSEEEP00000020137	ENSEEEG00000009831	GHRL	ENSPKIP00000010520	ENSPKIG00000025212	ghrl
ENSEEEP00000013290	ENSEEEG00000006658	CNTROB	ENSPKIP00000038781	ENSPKIG00000016425	
ENSEEEP00000042996	ENSEEEG00000020293	REEP5	ENSPKIP00000009676	ENSPKIG00000024686	reep5
ENSEEEP00000009651	ENSEEEG00000004918	HNRNPH3	ENSPKIP00000025560	ENSPKIG00000008373	HNRNPH3
ENSEEEP00000042497	ENSEEEG00000020067	PSMD8	ENSPKIP00000033661	ENSPKIG00000013294	psmd8
ENSEEEP00000000158	ENSEEEG00000000122	BCL10	ENSPKIP00000016380	ENSPKIG00000002727	
ENSEEEP00000056405	ENSEEEG00000012283	PDHX	ENSPKIP00000005220	ENSPKIG00000021977	pdhx
ENSEEEP00000064509	ENSEEEG00000025062	FAM222A	ENSPKIP00000009193	ENSPKIG00000024397	
ENSEEEP00000057629	ENSEEEG00000026651	mogat3a	ENSPKIP00000040537	ENSPKIG00000017454	mogat3a
ENSEEEP00000040357	ENSEEEG00000018943	GPAM	ENSPKIP00000013643	ENSPKIG00000000983	gpam
ENSEEEP00000010305	ENSEEEG00000005216	METAP1D	ENSPKIP00000021391	ENSPKIG00000005824	metap1d
ENSEEEP00000020124	ENSEEEG00000009830	tatdn2	ENSPKIP00000010513	ENSPKIG00000025206	
ENSEEEP00000057383	ENSEEEG00000028977	zgc:153012	ENSPKIP00000040345	ENSPKIG00000017348	
ENSEEEP00000006398	ENSEEEG00000001464	NUP205	ENSPKIP00000008217	ENSPKIG00000023777	nup205
ENSEEEP00000055222	ENSEEEG00000026415	foxl2a	ENSPKIP00000027982	ENSPKIG00000009807	
ENSEEEP00000012982	ENSEEEG00000006526	PPP1R35	ENSPKIP00000040137	ENSPKIG00000017226	ppp1r35
ENSEEEP00000007062	ENSEEEG00000003732	NDUFB9	ENSPKIP00000001820	ENSPKIG00000019952	ndufb9
ENSEEEP00000057280	ENSEEEG00000027676	tstd1	ENSPKIP00000042035	ENSPKIG00000018372	tstd1
ENSEEEP00000041635	ENSEEEG00000019696	GTF3C6	ENSPKIP00000007402	ENSPKIG00000023308	
ENSEEEP00000051486	ENSEEEG00000024172	AGPAT4	ENSPKIP00000038754	ENSPKIG00000016403	agpat4
ENSEEEP00000029638	ENSEEEG00000014192	OLFML1	ENSPKIP00000008231	ENSPKIG00000023812	OLFML1
ENSEEEP00000041633	ENSEEEG00000019695	EMG1	ENSPKIP00000010682	ENSPKIG00000025303	emg1
ENSEEEP00000041624	ENSEEEG00000019689	ZYX	ENSPKIP00000010637	ENSPKIG00000025278	zyx
ENSEEEP00000041619	ENSEEEG00000019687	fam131bb	ENSPKIP00000010615	ENSPKIG00000025259	fam131bb
ENSEEEP00000018545	ENSEEEG00000009109	CDK2AP2	ENSPKIP00000009885	ENSPKIG00000024810	cdk2ap2
ENSEEEP00000025323	ENSEEEG00000012281		ENSPKIP00000033824	ENSPKIG00000013392	
ENSEEEP00000018549	ENSEEEG00000009114	AIP	ENSPKIP00000009868	ENSPKIG00000024802	aip
ENSEEEP00000028668	ENSEEEG00000013773	GTF2H5	ENSPKIP00000008298	ENSPKIG00000023857	gtf2h5
ENSEEEP00000018551	ENSEEEG00000009115	sod3b	ENSPKIP00000016159	ENSPKIG00000002602	sod3b
ENSEEEP00000018553	ENSEEEG00000009116	ING2	ENSPKIP00000023688	ENSPKIG00000007217	ING2
ENSEEEP00000041606	ENSEEEG00000019681	CASP2	ENSPKIP00000010439	ENSPKIG00000025158	casp2
ENSEEEP00000020298	ENSEEEG00000009910	si:ch211-284e13.12	ENSPKIP00000019224	ENSPKIG00000004481	si:ch211-284e13.11
ENSEEEP00000054393	ENSEEEG00000025816	cfap184	ENSPKIP00000040218	ENSPKIG00000017269	cfap184
ENSEEEP00000000253	ENSEEEG00000000192	ssx2ipa	ENSPKIP00000016600	ENSPKIG00000002857	ssx2ipa
ENSEEEP00000027895	ENSEEEG00000013428	MACROD1	ENSPKIP00000025758	ENSPKIG00000008514	MACROD1
ENSEEEP00000055352	ENSEEEG00000011047	sorbs2b	ENSPKIP00000008283	ENSPKIG00000023802	sorbs2a
ENSEEEP00000020326	ENSEEEG00000009912	hsd20b2	ENSPKIP00000019547	ENSPKIG00000004614	hsd20b2
ENSEEEP00000028655	ENSEEEG00000013683	SERAC1	ENSPKIP00000008222	ENSPKIG00000023790	serac1
ENSEEEP00000023285	ENSEEEG00000011289	FJX1	ENSPKIP00000012250	ENSPKIG00000000110	fjx1
ENSEEEP00000023288	ENSEEEG00000011290	TRIM44	ENSPKIP00000012269	ENSPKIG00000000119	trim44
ENSEEEP00000054286	ENSEEEG00000018363	GATM	ENSPKIP00000001168	ENSPKIG00000019560	gatm
ENSEEEP00000051468	ENSEEEG00000024112	MAP3K4	ENSPKIP00000038981	ENSPKIG00000016485	map3k4
ENSEEEP00000041603	ENSEEEG00000019680	M6PR	ENSPKIP00000003061	ENSPKIG00000020721	m6pr
ENSEEEP00000062778	ENSEEEG00000025619	LDLRAD3	ENSPKIP00000012285	ENSPKIG00000000134	LDLRAD3
ENSEEEP00000020061	ENSEEEG00000009810	TOMM6	ENSPKIP00000020621	ENSPKIG00000005331	
ENSEEEP00000045632	ENSEEEG00000021528	MGLL	ENSPKIP00000034935	ENSPKIG00000014070	mgll
ENSEEEP00000012513	ENSEEEG00000006278	inka1b	ENSPKIP00000009986	ENSPKIG00000024879	
ENSEEEP00000020058	ENSEEEG00000009809	UQCC2	ENSPKIP00000020746	ENSPKIG00000005415	uqcc2
ENSEEEP00000020057	ENSEEEG00000009808	TSPO	ENSPKIP00000020717	ENSPKIG00000005385	tspo
ENSEEEP00000059642	ENSEEEG00000019671	ccdc106a	ENSPKIP00000014913	ENSPKIG00000001808	ccdc106b
ENSEEEP00000041957	ENSEEEG00000019828	PSTPIP2	ENSPKIP00000002811	ENSPKIG00000020526	pstpip2
ENSEEEP00000044740	ENSEEEG00000021116	XAB2	ENSPKIP00000036289	ENSPKIG00000014874	xab2
ENSEEEP00000020049	ENSEEEG00000009807	FRS3	ENSPKIP00000019342	ENSPKIG00000004553	frs3
ENSEEEP00000058211	ENSEEEG00000025586	GDF7	ENSPKIP00000019755	ENSPKIG00000004800	
ENSEEEP00000054647	ENSEEEG00000020126	st8sia6	ENSPKIP00000033504	ENSPKIG00000013196	b3gnt2l
ENSEEEP00000052926	ENSEEEG00000028273	zgc:85858	ENSPKIP00000005557	ENSPKIG00000022187	zgc:85858
ENSEEEP00000020047	ENSEEEG00000009805	PPIL1	ENSPKIP00000019269	ENSPKIG00000004501	ppil1
ENSEEEP00000023124	ENSEEEG00000011215		ENSPKIP00000005540	ENSPKIG00000022179	
ENSEEEP00000006935	ENSEEEG00000003656	NRM	ENSPKIP00000030673	ENSPKIG00000011453	nrm
ENSEEEP00000056678	ENSEEEG00000025456	zgc:174935	ENSPKIP00000037635	ENSPKIG00000015731	
ENSEEEP00000041566	ENSEEEG00000019660	THEM4	ENSPKIP00000037729	ENSPKIG00000015792	them4
ENSEEEP00000042739	ENSEEEG00000020165	uacab	ENSPKIP00000038610	ENSPKIG00000016315	uacab
ENSEEEP00000011821	ENSEEEG00000004779	RPTOR	ENSPKIP00000022615	ENSPKIG00000006509	rptor
ENSEEEP00000047235	ENSEEEG00000022235	TTLL7	ENSPKIP00000005892	ENSPKIG00000022327	ttll7
ENSEEEP00000041563	ENSEEEG00000019651	RORC	ENSPKIP00000037801	ENSPKIG00000015840	rorc
ENSEEEP00000038681	ENSEEEG00000018359	FSD2	ENSPKIP00000001351	ENSPKIG00000019682	FSD2
ENSEEEP00000058122	ENSEEEG00000017988	wasla	ENSPKIP00000003738	ENSPKIG00000021112	WASL
ENSEEEP00000041941	ENSEEEG00000019794	DHX29	ENSPKIP00000003058	ENSPKIG00000020627	DHX29
ENSEEEP00000037847	ENSEEEG00000017991	asb15a	ENSPKIP00000003788	ENSPKIG00000021132	ASB15
ENSEEEP00000005667	ENSEEEG00000002985		ENSPKIP00000028315	ENSPKIG00000010013	
ENSEEEP00000044743	ENSEEEG00000021121		ENSPKIP00000036518	ENSPKIG00000015061	
ENSEEEP00000008645	ENSEEEG00000004482	DYNLRB2	ENSPKIP00000013194	ENSPKIG00000000719	dynlrb2
ENSEEEP00000012455	ENSEEEG00000006254	rbm6	ENSPKIP00000010058	ENSPKIG00000024917	rbm6
ENSEEEP00000043650	ENSEEEG00000020147	ILVBL	ENSPKIP00000037846	ENSPKIG00000015870	ilvbl
ENSEEEP00000037854	ENSEEEG00000017996	SKA1	ENSPKIP00000003853	ENSPKIG00000021186	iqub
ENSEEEP00000027884	ENSEEEG00000013426	ccdc88b	ENSPKIP00000026090	ENSPKIG00000008694	ccdc88b
ENSEEEP00000008634	ENSEEEG00000004481	RCCD1	ENSPKIP00000036602	ENSPKIG00000015114	rccd1
ENSEEEP00000005660	ENSEEEG00000002981	RFTN1	ENSPKIP00000028396	ENSPKIG00000010052	rftn1b
ENSEEEP00000008629	ENSEEEG00000004479	CIB1	ENSPKIP00000035548	ENSPKIG00000014465	cib1
ENSEEEP00000005654	ENSEEEG00000002642		ENSPKIP00000028459	ENSPKIG00000010105	
ENSEEEP00000027882	ENSEEEG00000013425	gadd45ba	ENSPKIP00000026142	ENSPKIG00000008742	
ENSEEEP00000061885	ENSEEEG00000019092	MON2	ENSPKIP00000003902	ENSPKIG00000021175	mon2
ENSEEEP00000038654	ENSEEEG00000018347		ENSPKIP00000001489	ENSPKIG00000019767	RAMAC
ENSEEEP00000027804	ENSEEEG00000013389	CCDC12	ENSPKIP00000000487	ENSPKIG00000019130	ccdc12
ENSEEEP00000033073	ENSEEEG00000015735	PEX16	ENSPKIP00000006509	ENSPKIG00000022756	pex16
ENSEEEP00000011456	ENSEEEG00000005788	sncga	ENSPKIP00000030763	ENSPKIG00000011494	sncga
ENSEEEP00000006080	ENSEEEG00000003063	eif3ha	ENSPKIP00000011807	ENSPKIG00000018742	EIF3H
ENSEEEP00000011461	ENSEEEG00000005790	mmrn2a	ENSPKIP00000030648	ENSPKIG00000011431	
ENSEEEP00000028449	ENSEEEG00000013679	myct1a	ENSPKIP00000008125	ENSPKIG00000023763	myct1a
ENSEEEP00000050306	ENSEEEG00000023642	IFIH1	ENSPKIP00000013751	ENSPKIG00000001054	ifih1
ENSEEEP00000023514	ENSEEEG00000011405	kctd5a	ENSPKIP00000015026	ENSPKIG00000001854	kctd5a
ENSEEEP00000027875	ENSEEEG00000013412	SCYL1	ENSPKIP00000026454	ENSPKIG00000008898	scyl1
ENSEEEP00000040710	ENSEEEG00000019296	ODR4	ENSPKIP00000039239	ENSPKIG00000016551	odr4
ENSEEEP00000024680	ENSEEEG00000011953	cart1	ENSPKIP00000017490	ENSPKIG00000003381	cart1
ENSEEEP00000051253	ENSEEEG00000024055	egln1b	ENSPKIP00000007825	ENSPKIG00000023572	EGLN1
ENSEEEP00000027827	ENSEEEG00000013399	CYP21A2	ENSPKIP00000033439	ENSPKIG00000013140	cyp21a2
ENSEEEP00000057764	ENSEEEG00000011412	ube2ib	ENSPKIP00000024136	ENSPKIG00000007503	ube2ia
ENSEEEP00000045490	ENSEEEG00000021138	nr5a5	ENSPKIP00000036465	ENSPKIG00000015017	nr5a5
ENSEEEP00000040715	ENSEEEG00000019297	pdca	ENSPKIP00000039293	ENSPKIG00000016703	pdca
ENSEEEP00000010610	ENSEEEG00000005378	KLHL30	ENSPKIP00000003268	ENSPKIG00000020846	klhl30
ENSEEEP00000024693	ENSEEEG00000011957	KNG1	ENSPKIP00000006487	ENSPKIG00000022749	
ENSEEEP00000014609	ENSEEEG00000007263	si:ch211-163l21.7	ENSPKIP00000025053	ENSPKIG00000008059	si:ch211-163l21.7
ENSEEEP00000045721	ENSEEEG00000021554	NXPH4	ENSPKIP00000017329	ENSPKIG00000003288	NXPH4
ENSEEEP00000038631	ENSEEEG00000018337	HDGFL3	ENSPKIP00000001600	ENSPKIG00000019830	HDGFL3
ENSEEEP00000028599	ENSEEEG00000013735	NOSIP	ENSPKIP00000021361	ENSPKIG00000005790	nosip
ENSEEEP00000055572	ENSEEEG00000005384	SNED1	ENSPKIP00000009423	ENSPKIG00000024517	sned1
ENSEEEP00000023643	ENSEEEG00000011451	COG7	ENSPKIP00000015430	ENSPKIG00000002136	cog7
ENSEEEP00000031184	ENSEEEG00000014940	SLC25A46	ENSPKIP00000011183	ENSPKIG00000025588	slc25a46
ENSEEEP00000026381	ENSEEEG00000012603	ATP6V1D	ENSPKIP00000034906	ENSPKIG00000014028	atp6v1d
ENSEEEP00000004986	ENSEEEG00000002592	EFHB	ENSPKIP00000028738	ENSPKIG00000010264	efhb
ENSEEEP00000041531	ENSEEEG00000019642	ecm1b	ENSPKIP00000037903	ENSPKIG00000015915	
ENSEEEP00000064601	ENSEEEG00000024815	RCN3	ENSPKIP00000000391	ENSPKIG00000019083	rcn3
ENSEEEP00000014603	ENSEEEG00000007214	RPL10A	ENSPKIP00000038706	ENSPKIG00000016374	rpl10a
ENSEEEP00000024700	ENSEEEG00000011960		ENSPKIP00000006469	ENSPKIG00000022732	
ENSEEEP00000010639	ENSEEEG00000005386	RYK	ENSPKIP00000017139	ENSPKIG00000003183	ryk
ENSEEEP00000003764	ENSEEEG00000002032	CDIPT	ENSPKIP00000041732	ENSPKIG00000018156	cdipt
ENSEEEP00000048032	ENSEEEG00000022628		ENSPKIP00000000218	ENSPKIG00000018946	
ENSEEEP00000022367	ENSEEEG00000010862	PFN1	ENSPKIP00000021256	ENSPKIG00000005731	
ENSEEEP00000012367	ENSEEEG00000006203	EDEM1	ENSPKIP00000010309	ENSPKIG00000025073	edem1
ENSEEEP00000028621	ENSEEEG00000013751	si:ch73-248e21.1	ENSPKIP00000021247	ENSPKIG00000005725	bcl2l12
ENSEEEP00000005063	ENSEEEG00000002639		ENSPKIP00000005409	ENSPKIG00000022089	
ENSEEEP00000028623	ENSEEEG00000013753	tspan4b	ENSPKIP00000000335	ENSPKIG00000019030	tspan4b
ENSEEEP00000005067	ENSEEEG00000002640	TRAPPC1	ENSPKIP00000005287	ENSPKIG00000022018	trappc1
ENSEEEP00000048031	ENSEEEG00000022627	INTS5	ENSPKIP00000002162	ENSPKIG00000020171	ints5
ENSEEEP00000059519	ENSEEEG00000026962	unc119.2	ENSPKIP00000000257	ENSPKIG00000018994	unc119c
ENSEEEP00000023649	ENSEEEG00000011458	SBK1	ENSPKIP00000022320	ENSPKIG00000006373	sbk1
ENSEEEP00000033168	ENSEEEG00000015744	ARFGAP2	ENSPKIP00000020560	ENSPKIG00000005287	arfgap2
ENSEEEP00000004911	ENSEEEG00000002547	ZNF385D	ENSPKIP00000028891	ENSPKIG00000010343	znf385d
ENSEEEP00000038609	ENSEEEG00000018326	acadl	ENSPKIP00000038952	ENSPKIG00000016509	acadl
ENSEEEP00000055453	ENSEEEG00000029148	AKT1S1	ENSPKIP00000004140	ENSPKIG00000021374	akt1s1
ENSEEEP00000002798	ENSEEEG00000001607	zgc:195001	ENSPKIP00000004119	ENSPKIG00000021356	zgc:195001
ENSEEEP00000011573	ENSEEEG00000005827	ldb3a	ENSPKIP00000026407	ENSPKIG00000008914	ldb3a
ENSEEEP00000000112	ENSEEEG00000000077	zgc:153981	ENSPKIP00000030032	ENSPKIG00000011047	zgc:153981
ENSEEEP00000038601	ENSEEEG00000018325	TNFAIP8L3	ENSPKIP00000041528	ENSPKIG00000018056	tnfaip8l3
ENSEEEP00000057902	ENSEEEG00000011464	NLRC3	ENSPKIP00000015738	ENSPKIG00000002323	nlrc3
ENSEEEP00000000117	ENSEEEG00000000083	si:ch211-223p8.8	ENSPKIP00000012093	ENSPKIG00000000010	si:ch211-223p8.8
ENSEEEP00000040717	ENSEEEG00000019065	AASS	ENSPKIP00000004142	ENSPKIG00000021350	aass
ENSEEEP00000000104	ENSEEEG00000000071	dusp13a	ENSPKIP00000012130	ENSPKIG00000000029	dusp13b
ENSEEEP00000027099	ENSEEEG00000013085	TAPBPL	ENSPKIP00000024665	ENSPKIG00000007806	tapbpl
ENSEEEP00000014484	ENSEEEG00000007211	FANCE	ENSPKIP00000038642	ENSPKIG00000016341	fance
ENSEEEP00000014482	ENSEEEG00000007210	mkrn4	ENSPKIP00000038615	ENSPKIG00000016323	mkrn4
ENSEEEP00000028638	ENSEEEG00000013760		ENSPKIP00000000176	ENSPKIG00000018936	srrm2
ENSEEEP00000048844	ENSEEEG00000022972		ENSPKIP00000020239	ENSPKIG00000005074	CFAP69
ENSEEEP00000028640	ENSEEEG00000013761	THOC6	ENSPKIP00000000120	ENSPKIG00000018907	thoc6
ENSEEEP00000011586	ENSEEEG00000005830	myoz1a	ENSPKIP00000026009	ENSPKIG00000008662	myoz1a
ENSEEEP00000023198	ENSEEEG00000011247	SPSB2	ENSPKIP00000039216	ENSPKIG00000016653	si:ch1073-228j22.2
ENSEEEP00000008612	ENSEEEG00000004467	tmpob	ENSPKIP00000024624	ENSPKIG00000007795	tmpob
ENSEEEP00000053396	ENSEEEG00000013009	gabarapb	ENSPKIP00000014681	ENSPKIG00000001666	gabarapa
ENSEEEP00000052936	ENSEEEG00000028582	zp3d.2	ENSPKIP00000009858	ENSPKIG00000024798	zp3d.1
ENSEEEP00000024849	ENSEEEG00000012038	CFP	ENSPKIP00000024043	ENSPKIG00000007455	
ENSEEEP00000000124	ENSEEEG00000000088	HYAL3	ENSPKIP00000014597	ENSPKIG00000001624	hyal3
ENSEEEP00000037685	ENSEEEG00000017920	FOXH1	ENSPKIP00000022752	ENSPKIG00000006628	foxh1
ENSEEEP00000053382	ENSEEEG00000027082	slc25a3b	ENSPKIP00000024707	ENSPKIG00000007841	slc25a3b
ENSEEEP00000000141	ENSEEEG00000000104	NAA80	ENSPKIP00000014579	ENSPKIG00000001618	naa80
ENSEEEP00000045701	ENSEEEG00000021549	ATE1	ENSPKIP00000004380	ENSPKIG00000021502	ate1
ENSEEEP00000051230	ENSEEEG00000024047	RRP36	ENSPKIP00000018919	ENSPKIG00000004303	rrp36
ENSEEEP00000024843	ENSEEEG00000012035	TBC1D25	ENSPKIP00000030535	ENSPKIG00000011364	tbc1d25
ENSEEEP00000025660	ENSEEEG00000011984	MCCC1	ENSPKIP00000006413	ENSPKIG00000022682	mccc1
ENSEEEP00000028649	ENSEEEG00000013768	si:dkey-16l2.16	ENSPKIP00000000084	ENSPKIG00000018888	
ENSEEEP00000028434	ENSEEEG00000013670		ENSPKIP00000011717	ENSPKIG00000018696	
ENSEEEP00000028650	ENSEEEG00000013770	RNF25	ENSPKIP00000000037	ENSPKIG00000018841	rnf25
ENSEEEP00000012316	ENSEEEG00000006128	arl8ba	ENSPKIP00000010326	ENSPKIG00000025083	arl8ba
ENSEEEP00000048859	ENSEEEG00000022978	KDM1B	ENSPKIP00000020048	ENSPKIG00000004938	KDM1B
ENSEEEP00000026921	ENSEEEG00000012995	ELP5	ENSPKIP00000014506	ENSPKIG00000001537	elp5
ENSEEEP00000037676	ENSEEEG00000017910	OPLAH	ENSPKIP00000023022	ENSPKIG00000006711	oplah
ENSEEEP00000026918	ENSEEEG00000012994	phf23b	ENSPKIP00000014429	ENSPKIG00000001497	PHF23
ENSEEEP00000000845	ENSEEEG00000000290	amt	ENSPKIP00000014660	ENSPKIG00000001643	amt
ENSEEEP00000026910	ENSEEEG00000012989	plscr3b	ENSPKIP00000014366	ENSPKIG00000001457	plscr3b
ENSEEEP00000061511	ENSEEEG00000028545	tnfrsf9a	ENSPKIP00000013759	ENSPKIG00000001072	
ENSEEEP00000023673	ENSEEEG00000011471	CLUAP1	ENSPKIP00000022498	ENSPKIG00000006470	cluap1
ENSEEEP00000026299	ENSEEEG00000012726		ENSPKIP00000013433	ENSPKIG00000000878	
ENSEEEP00000033179	ENSEEEG00000015783	TBCB	ENSPKIP00000029455	ENSPKIG00000010679	tbcb
ENSEEEP00000004204	ENSEEEG00000002221	TCTA	ENSPKIP00000033383	ENSPKIG00000013116	tcta
ENSEEEP00000028665	ENSEEEG00000013771	KAT8	ENSPKIP00000010847	ENSPKIG00000025402	kat8
ENSEEEP00000064252	ENSEEEG00000025609	GLYCTK	ENSPKIP00000033403	ENSPKIG00000013132	glyctk
ENSEEEP00000033180	ENSEEEG00000015784	six5	ENSPKIP00000029657	ENSPKIG00000010823	six5
ENSEEEP00000026431	ENSEEEG00000012786	rbm25b	ENSPKIP00000017256	ENSPKIG00000003203	rbm25b
ENSEEEP00000033182	ENSEEEG00000015785	six9	ENSPKIP00000029681	ENSPKIG00000010841	six9
ENSEEEP00000055253	ENSEEEG00000028811	qpctla	ENSPKIP00000029731	ENSPKIG00000010856	qpctlb
ENSEEEP00000026890	ENSEEEG00000012979	senp3b	ENSPKIP00000014108	ENSPKIG00000001302	senp3a
ENSEEEP00000007815	ENSEEEG00000004083	si:dkey-178o16.4	ENSPKIP00000025109	ENSPKIG00000008101	
ENSEEEP00000023850	ENSEEEG00000011574	ALKBH8	ENSPKIP00000008016	ENSPKIG00000023662	alkbh8
ENSEEEP00000056440	ENSEEEG00000025363	PSMD7	ENSPKIP00000014991	ENSPKIG00000001844	psmd7
ENSEEEP00000008550	ENSEEEG00000004434	SLC35B4	ENSPKIP00000020909	ENSPKIG00000005507	slc35b4
ENSEEEP00000023354	ENSEEEG00000011314	UBE2T	ENSPKIP00000031146	ENSPKIG00000011750	ube2t
ENSEEEP00000023853	ENSEEEG00000011575	FBL	ENSPKIP00000000231	ENSPKIG00000018971	fbl
ENSEEEP00000054144	ENSEEEG00000011311	ETV7	ENSPKIP00000031296	ENSPKIG00000011834	etv7
ENSEEEP00000007833	ENSEEEG00000004093	TRNT1	ENSPKIP00000001915	ENSPKIG00000020015	trnt1
ENSEEEP00000040952	ENSEEEG00000019394	PSMB5	ENSPKIP00000028490	ENSPKIG00000010120	psmb5
ENSEEEP00000023887	ENSEEEG00000011580	PPOX	ENSPKIP00000000331	ENSPKIG00000019041	ppox
ENSEEEP00000047994	ENSEEEG00000022609	UBXN1	ENSPKIP00000002297	ENSPKIG00000020247	ubxn1
ENSEEEP00000004852	ENSEEEG00000002522	NEK10	ENSPKIP00000029698	ENSPKIG00000010756	nek10
ENSEEEP00000024370	ENSEEEG00000011482	TAF2	ENSPKIP00000000581	ENSPKIG00000019134	taf2
ENSEEEP00000023902	ENSEEEG00000011600	cspg5a	ENSPKIP00000004911	ENSPKIG00000021817	CSPG5
ENSEEEP00000027122	ENSEEEG00000013090	ncalda	ENSPKIP00000039803	ENSPKIG00000017001	ncalda
ENSEEEP00000037282	ENSEEEG00000017719	si:ch73-109i22.2	ENSPKIP00000036658	ENSPKIG00000015137	
ENSEEEP00000010798	ENSEEEG00000005470	im:7152348	ENSPKIP00000040002	ENSPKIG00000017139	im:7152348
ENSEEEP00000022545	ENSEEEG00000010950	ngfa	ENSPKIP00000031397	ENSPKIG00000011902	ngfa
ENSEEEP00000027125	ENSEEEG00000013092	ID4	ENSPKIP00000039821	ENSPKIG00000017036	id4
ENSEEEP00000047981	ENSEEEG00000022602	map1lc3cl	ENSPKIP00000002407	ENSPKIG00000020312	map1lc3cl
ENSEEEP00000037304	ENSEEEG00000017722	SSR2	ENSPKIP00000033092	ENSPKIG00000012929	ssr2
ENSEEEP00000053623	ENSEEEG00000025754	tspan2b	ENSPKIP00000018849	ENSPKIG00000004256	tspan2a
ENSEEEP00000010808	ENSEEEG00000005474	CEP63	ENSPKIP00000021699	ENSPKIG00000005992	cep63
ENSEEEP00000005700	ENSEEEG00000003010		ENSPKIP00000026242	ENSPKIG00000008802	
ENSEEEP00000037572	ENSEEEG00000017867	GHDC	ENSPKIP00000013841	ENSPKIG00000001116	ghdc
ENSEEEP00000008516	ENSEEEG00000004427	DUS2	ENSPKIP00000003938	ENSPKIG00000021221	dus2
ENSEEEP00000010811	ENSEEEG00000005477	amotl2a	ENSPKIP00000017423	ENSPKIG00000003349	amotl2a
ENSEEEP00000033301	ENSEEEG00000015828	RABEPK	ENSPKIP00000020407	ENSPKIG00000005203	rabepk
ENSEEEP00000027128	ENSEEEG00000013094	CEP76	ENSPKIP00000039929	ENSPKIG00000017067	cep76
ENSEEEP00000033323	ENSEEEG00000015835	TTC9B	ENSPKIP00000030034	ENSPKIG00000011044	ttc9b
ENSEEEP00000047967	ENSEEEG00000022600	si:ch211-168f7.5	ENSPKIP00000002424	ENSPKIG00000020323	si:ch211-168f7.5
ENSEEEP00000024788	ENSEEEG00000012001	CCDC22	ENSPKIP00000030336	ENSPKIG00000011235	ccdc22
ENSEEEP00000048873	ENSEEEG00000022980	DPY19L4	ENSPKIP00000019832	ENSPKIG00000004823	DPY19L4
ENSEEEP00000054692	ENSEEEG00000010957	AP4B1	ENSPKIP00000031684	ENSPKIG00000012057	ap4b1
ENSEEEP00000047966	ENSEEEG00000022598	TTC9C	ENSPKIP00000002475	ENSPKIG00000020339	ttc9c
ENSEEEP00000033325	ENSEEEG00000015836	C19orf47	ENSPKIP00000030063	ENSPKIG00000011066	si:ch211-160d20.3
ENSEEEP00000047965	ENSEEEG00000022596	zgc:153018	ENSPKIP00000002502	ENSPKIG00000020371	zgc:153018
ENSEEEP00000049812	ENSEEEG00000023411	STUM	ENSPKIP00000028546	ENSPKIG00000010144	stum
ENSEEEP00000063638	ENSEEEG00000027550	si:ch1073-44g3.1	ENSPKIP00000040270	ENSPKIG00000017304	C5orf24
ENSEEEP00000047962	ENSEEEG00000022594	sfxn5b	ENSPKIP00000019448	ENSPKIG00000004618	sfxn5a
ENSEEEP00000061004	ENSEEEG00000015837	FOSB	ENSPKIP00000030154	ENSPKIG00000011100	fosb
ENSEEEP00000057916	ENSEEEG00000026938	ZNF618	ENSPKIP00000020637	ENSPKIG00000005325	znf618
ENSEEEP00000000505	ENSEEEG00000000374	KCTD11	ENSPKIP00000005805	ENSPKIG00000022337	KCTD11
ENSEEEP00000001791	ENSEEEG00000000994	CDC23	ENSPKIP00000003143	ENSPKIG00000020734	cdc23
ENSEEEP00000033329	ENSEEEG00000015840	capn12	ENSPKIP00000030297	ENSPKIG00000011153	capn12
ENSEEEP00000022587	ENSEEEG00000010968	TAF11	ENSPKIP00000005644	ENSPKIG00000022237	taf11
ENSEEEP00000042597	ENSEEEG00000020113	FGL1	ENSPKIP00000009137	ENSPKIG00000024355	fgl1
ENSEEEP00000062419	ENSEEEG00000027917	BEND4	ENSPKIP00000030262	ENSPKIG00000011193	bend4
ENSEEEP00000033350	ENSEEEG00000015845	CLASRP	ENSPKIP00000030402	ENSPKIG00000011266	clasrp
ENSEEEP00000056833	ENSEEEG00000026200	SHISA3	ENSPKIP00000030233	ENSPKIG00000011175	shisa3
ENSEEEP00000040929	ENSEEEG00000019382	PRMT5	ENSPKIP00000028138	ENSPKIG00000009886	prmt5
ENSEEEP00000020522	ENSEEEG00000010021	RPS6KL1	ENSPKIP00000040195	ENSPKIG00000017245	
ENSEEEP00000042587	ENSEEEG00000020109	mtus1a	ENSPKIP00000022223	ENSPKIG00000006318	mtus1a
ENSEEEP00000008467	ENSEEEG00000004415	RPGRIP1L	ENSPKIP00000033066	ENSPKIG00000012908	rpgrip1
ENSEEEP00000063668	ENSEEEG00000026995	IGFBP7	ENSPKIP00000013558	ENSPKIG00000000940	
ENSEEEP00000045770	ENSEEEG00000021577	INHBC	ENSPKIP00000017029	ENSPKIG00000003119	INHBC
ENSEEEP00000012043	ENSEEEG00000006071	CPLANE2	ENSPKIP00000013906	ENSPKIG00000001159	cplane2
ENSEEEP00000042586	ENSEEEG00000020108	PDGFRL	ENSPKIP00000022184	ENSPKIG00000006299	pdgfrl
ENSEEEP00000033357	ENSEEEG00000015854	SIAE	ENSPKIP00000037284	ENSPKIG00000015532	siae
ENSEEEP00000049304	ENSEEEG00000023176	dbpa	ENSPKIP00000001593	ENSPKIG00000019816	dbpa
ENSEEEP00000020653	ENSEEEG00000010025	MRS2	ENSPKIP00000000570	ENSPKIG00000019173	mrs2
ENSEEEP00000028629	ENSEEEG00000013757	OVCH2	ENSPKIP00000008693	ENSPKIG00000024070	ovch2
ENSEEEP00000058317	ENSEEEG00000010902	shisa7b	ENSPKIP00000022574	ENSPKIG00000006530	
ENSEEEP00000012010	ENSEEEG00000006055	wdr82	ENSPKIP00000033458	ENSPKIG00000013151	wdr82
ENSEEEP00000045777	ENSEEEG00000021582	ARHGAP9	ENSPKIP00000016805	ENSPKIG00000002965	ARHGAP9
ENSEEEP00000005423	ENSEEEG00000002844	HIRIP3	ENSPKIP00000039982	ENSPKIG00000017127	hirip3
ENSEEEP00000013140	ENSEEEG00000006589	psmd4a	ENSPKIP00000033142	ENSPKIG00000012954	psmd4a
ENSEEEP00000055045	ENSEEEG00000025489	mul3	ENSPKIP00000021136	ENSPKIG00000005660	mul3
ENSEEEP00000005424	ENSEEEG00000002845	KCTD13	ENSPKIP00000039940	ENSPKIG00000017050	kctd13
ENSEEEP00000061991	ENSEEEG00000003455	VSIG10	ENSPKIP00000007927	ENSPKIG00000023641	
ENSEEEP00000001513	ENSEEEG00000000982	KIF20A	ENSPKIP00000003150	ENSPKIG00000020756	kif20a
ENSEEEP00000062584	ENSEEEG00000010075	gcdhb	ENSPKIP00000006226	ENSPKIG00000022581	CPQ
ENSEEEP00000030449	ENSEEEG00000014587	EXOSC5	ENSPKIP00000033343	ENSPKIG00000013092	exosc5
ENSEEEP00000030450	ENSEEEG00000014588	PPP1R13L	ENSPKIP00000033272	ENSPKIG00000013033	ppp1r13l
ENSEEEP00000011997	ENSEEEG00000006051	CISH	ENSPKIP00000033496	ENSPKIG00000013193	CISH
ENSEEEP00000005430	ENSEEEG00000002850	asphd1	ENSPKIP00000039677	ENSPKIG00000016943	
ENSEEEP00000011994	ENSEEEG00000006050	HEMK1	ENSPKIP00000033526	ENSPKIG00000013207	hemk1
ENSEEEP00000020657	ENSEEEG00000010076	cmtm8b	ENSPKIP00000008147	ENSPKIG00000023775	cmtm8a
ENSEEEP00000062878	ENSEEEG00000026288	OPA3	ENSPKIP00000033198	ENSPKIG00000013000	opa3
ENSEEEP00000043614	ENSEEEG00000020617	si:ch211-231m23.4	ENSPKIP00000007958	ENSPKIG00000023657	si:ch211-231m23.4
ENSEEEP00000059714	ENSEEEG00000010036	CWC15	ENSPKIP00000001926	ENSPKIG00000020021	cwc15
ENSEEEP00000004467	ENSEEEG00000002322	EIF2B5	ENSPKIP00000021078	ENSPKIG00000005606	eif2b5
ENSEEEP00000043610	ENSEEEG00000020616	LIM2	ENSPKIP00000017019	ENSPKIG00000003113	lim2.4
ENSEEEP00000001509	ENSEEEG00000000978	lhfpl2a	ENSPKIP00000041238	ENSPKIG00000017855	lhfpl2a
ENSEEEP00000043608	ENSEEEG00000020613	REN	ENSPKIP00000012118	ENSPKIG00000000025	
ENSEEEP00000018876	ENSEEEG00000009256	zdhhc15b	ENSPKIP00000005729	ENSPKIG00000022279	zdhhc15b
ENSEEEP00000005440	ENSEEEG00000002856	SH2B1	ENSPKIP00000011804	ENSPKIG00000018738	sh2b1
ENSEEEP00000056450	ENSEEEG00000021584	MARS1	ENSPKIP00000016612	ENSPKIG00000002833	mars1
ENSEEEP00000020563	ENSEEEG00000010037	FAM76B	ENSPKIP00000006077	ENSPKIG00000022497	fam76b
ENSEEEP00000054277	ENSEEEG00000017790	RAB5B	ENSPKIP00000002069	ENSPKIG00000020112	rab5c
ENSEEEP00000063712	ENSEEEG00000024927	ETFB	ENSPKIP00000012139	ENSPKIG00000000040	etfb
ENSEEEP00000012228	ENSEEEG00000006160	FBXO16	ENSPKIP00000018676	ENSPKIG00000004140	fbxo16
ENSEEEP00000013152	ENSEEEG00000006609	MTUS1	ENSPKIP00000009502	ENSPKIG00000024594	
ENSEEEP00000002695	ENSEEEG00000001561	ETV1	ENSPKIP00000031009	ENSPKIG00000011677	etv1
ENSEEEP00000047354	ENSEEEG00000022293	LYRM2	ENSPKIP00000041929	ENSPKIG00000018291	LYRM2
ENSEEEP00000063752	ENSEEEG00000026891	HAMP	ENSPKIP00000012192	ENSPKIG00000000073	
ENSEEEP00000058374	ENSEEEG00000002167	SS18L2	ENSPKIP00000012816	ENSPKIG00000000487	ss18l2
ENSEEEP00000042568	ENSEEEG00000020101	CNOT7	ENSPKIP00000021978	ENSPKIG00000006165	cnot7
ENSEEEP00000026143	ENSEEEG00000023425	ube2al	ENSPKIP00000034829	ENSPKIG00000014011	ube2a
ENSEEEP00000043568	ENSEEEG00000020588	IGLON5	ENSPKIP00000012208	ENSPKIG00000000081	iglon5
ENSEEEP00000061262	ENSEEEG00000028348	UBE2J1	ENSPKIP00000041719	ENSPKIG00000018161	ube2j1
ENSEEEP00000002708	ENSEEEG00000001564	AGMO	ENSPKIP00000031343	ENSPKIG00000011859	agmo
ENSEEEP00000042560	ENSEEEG00000020011	ZDHHC2	ENSPKIP00000021871	ENSPKIG00000006088	zdhhc2
ENSEEEP00000056970	ENSEEEG00000026381	meox2a	ENSPKIP00000031378	ENSPKIG00000011890	meox2a
ENSEEEP00000033279	ENSEEEG00000015816	TRIM32	ENSPKIP00000021166	ENSPKIG00000005679	trim32
ENSEEEP00000007644	ENSEEEG00000003998	CRPPA	ENSPKIP00000031405	ENSPKIG00000011906	crppa
ENSEEEP00000056331	ENSEEEG00000027626	SLC39A1	ENSPKIP00000036567	ENSPKIG00000015087	slc39a1
ENSEEEP00000043552	ENSEEEG00000020585	si:ch73-90p23.1	ENSPKIP00000012233	ENSPKIG00000000104	
ENSEEEP00000049830	ENSEEEG00000023417	NEMP2	ENSPKIP00000026347	ENSPKIG00000008873	nemp2
ENSEEEP00000052166	ENSEEEG00000024458	RAD18	ENSPKIP00000019427	ENSPKIG00000004607	rad18
ENSEEEP00000007658	ENSEEEG00000004004	ankmy2a	ENSPKIP00000031575	ENSPKIG00000012001	ankmy2b
ENSEEEP00000018837	ENSEEEG00000009254	FGF16	ENSPKIP00000005663	ENSPKIG00000022253	fgf16
ENSEEEP00000028728	ENSEEEG00000013778	si:dkey-16l2.17	ENSPKIP00000011776	ENSPKIG00000018665	si:dkey-16l2.17
ENSEEEP00000024412	ENSEEEG00000011838	sox19b	ENSPKIP00000013884	ENSPKIG00000001144	sox19b
ENSEEEP00000029206	ENSEEEG00000013996	ATP5PB	ENSPKIP00000016440	ENSPKIG00000002761	atp5pb
ENSEEEP00000059525	ENSEEEG00000026113	rybpb	ENSPKIP00000009413	ENSPKIG00000024534	rybpa
ENSEEEP00000024405	ENSEEEG00000011830	mpdu1b	ENSPKIP00000013856	ENSPKIG00000001131	mpdu1b
ENSEEEP00000061098	ENSEEEG00000027286	CAV3	ENSPKIP00000009679	ENSPKIG00000024693	cav3
ENSEEEP00000008331	ENSEEEG00000004346	SHQ1	ENSPKIP00000004388	ENSPKIG00000021517	shq1
ENSEEEP00000024394	ENSEEEG00000011827	MBLAC1	ENSPKIP00000013827	ENSPKIG00000001117	mblac1
ENSEEEP00000011903	ENSEEEG00000006000	PM20D2	ENSPKIP00000041560	ENSPKIG00000018063	PM20D2
ENSEEEP00000024392	ENSEEEG00000011825	si:dkey-3k24.8	ENSPKIP00000013770	ENSPKIG00000001079	si:dkey-3k24.8
ENSEEEP00000011908	ENSEEEG00000006001	PNRC1	ENSPKIP00000041501	ENSPKIG00000018037	pnrc1
ENSEEEP00000004310	ENSEEEG00000002182	PEPD	ENSPKIP00000002546	ENSPKIG00000020328	pepd
ENSEEEP00000024391	ENSEEEG00000011824	her8a	ENSPKIP00000013749	ENSPKIG00000001067	her8a
ENSEEEP00000062043	ENSEEEG00000026930	Krtap12-1	ENSPKIP00000000956	ENSPKIG00000019422	
ENSEEEP00000005471	ENSEEEG00000002871	SGF29	ENSPKIP00000011432	ENSPKIG00000018503	sgf29
ENSEEEP00000052160	ENSEEEG00000024453	gpr61l	ENSPKIP00000009686	ENSPKIG00000024700	
ENSEEEP00000024386	ENSEEEG00000011822	GAL3ST4	ENSPKIP00000014789	ENSPKIG00000001720	gal3st4
ENSEEEP00000008337	ENSEEEG00000004348	GXYLT2	ENSPKIP00000004359	ENSPKIG00000021503	gxylt2
ENSEEEP00000029200	ENSEEEG00000013995	eps8l3b	ENSPKIP00000036848	ENSPKIG00000015267	
ENSEEEP00000052158	ENSEEEG00000024451	PARP3	ENSPKIP00000019589	ENSPKIG00000004678	parp3
ENSEEEP00000011925	ENSEEEG00000006007	RNGTT	ENSPKIP00000041367	ENSPKIG00000017946	rngtt
ENSEEEP00000055135	ENSEEEG00000016324	wasb	ENSPKIP00000030202	ENSPKIG00000011135	wasa
ENSEEEP00000062290	ENSEEEG00000025255	nupr1b	ENSPKIP00000036186	ENSPKIG00000014834	nupr1b
ENSEEEP00000032309	ENSEEEG00000015405	RASL12	ENSPKIP00000039619	ENSPKIG00000016904	rasl12
ENSEEEP00000053582	ENSEEEG00000026652	map11	ENSPKIP00000014706	ENSPKIG00000001669	trappc14
ENSEEEP00000029184	ENSEEEG00000013994	gstm.1	ENSPKIP00000035068	ENSPKIG00000014159	GSTM4
ENSEEEP00000056510	ENSEEEG00000025762	PDCD7	ENSPKIP00000039682	ENSPKIG00000016945	pdcd7
ENSEEEP00000008347	ENSEEEG00000004352	ppp4r2b	ENSPKIP00000009388	ENSPKIG00000024507	ppp4r2a
ENSEEEP00000042350	ENSEEEG00000020008	fgf20b	ENSPKIP00000009559	ENSPKIG00000024625	fgf20a
ENSEEEP00000001209	ENSEEEG00000000655	IFRD2	ENSPKIP00000014728	ENSPKIG00000001683	ifrd2
ENSEEEP00000058900	ENSEEEG00000022861	NCAPG2	ENSPKIP00000021214	ENSPKIG00000005698	ncapg2
ENSEEEP00000042348	ENSEEEG00000020006	her5	ENSPKIP00000022802	ENSPKIG00000006665	
ENSEEEP00000059765	ENSEEEG00000025249		ENSPKIP00000041571	ENSPKIG00000018071	
ENSEEEP00000042345	ENSEEEG00000020005	PFDN6	ENSPKIP00000022846	ENSPKIG00000006700	pfdn6
ENSEEEP00000058517	ENSEEEG00000020002	MRPL11	ENSPKIP00000009486	ENSPKIG00000024583	mrpl11
ENSEEEP00000024367	ENSEEEG00000011819	zgc:77439	ENSPKIP00000020520	ENSPKIG00000005263	zgc:77439
ENSEEEP00000042343	ENSEEEG00000020004	tmem265	ENSPKIP00000009497	ENSPKIG00000024593	tmem265
ENSEEEP00000024365	ENSEEEG00000011813	SERPINE1	ENSPKIP00000020468	ENSPKIG00000005233	serpine1
ENSEEEP00000028787	ENSEEEG00000013831	FUS	ENSPKIP00000011382	ENSPKIG00000018470	fus
ENSEEEP00000060908	ENSEEEG00000024447	FANCD2	ENSPKIP00000000242	ENSPKIG00000018927	fancd2
ENSEEEP00000024359	ENSEEEG00000011803	AP1S1	ENSPKIP00000000739	ENSPKIG00000019292	ap1s1
ENSEEEP00000037151	ENSEEEG00000017647	DHDDS	ENSPKIP00000012442	ENSPKIG00000000236	dhdds
ENSEEEP00000044614	ENSEEEG00000021045	TONSL	ENSPKIP00000012752	ENSPKIG00000000446	tonsl
ENSEEEP00000026998	ENSEEEG00000013035	pld7	ENSPKIP00000038712	ENSPKIG00000016377	dync2i1
ENSEEEP00000002687	ENSEEEG00000001555	ERMP1	ENSPKIP00000003132	ENSPKIG00000020759	ERMP1
ENSEEEP00000051853	ENSEEEG00000024338	zgc:171775	ENSPKIP00000038079	ENSPKIG00000016002	zgc:171775
ENSEEEP00000062986	ENSEEEG00000025850		ENSPKIP00000012524	ENSPKIG00000000292	
ENSEEEP00000032923	ENSEEEG00000015670		ENSPKIP00000021228	ENSPKIG00000005692	
ENSEEEP00000037154	ENSEEEG00000017648	si:ch211-107n13.1	ENSPKIP00000012537	ENSPKIG00000000300	fam110d
ENSEEEP00000017912	ENSEEEG00000008824	paqr5b	ENSPKIP00000039361	ENSPKIG00000016740	paqr5a
ENSEEEP00000024340	ENSEEEG00000011800	vgf	ENSPKIP00000000758	ENSPKIG00000019312	si:dkey-175g6.2
ENSEEEP00000028856	ENSEEEG00000013858	ITPRIPL2	ENSPKIP00000002044	ENSPKIG00000020099	ITPRIPL2
ENSEEEP00000053467	ENSEEEG00000013031	si:ch73-174h16.4	ENSPKIP00000023413	ENSPKIG00000007054	si:ch73-174h16.4
ENSEEEP00000024339	ENSEEEG00000011799	nat16l	ENSPKIP00000010880	ENSPKIG00000025421	
ENSEEEP00000028858	ENSEEEG00000013860	ARRB2	ENSPKIP00000029338	ENSPKIG00000010621	syt17
ENSEEEP00000024337	ENSEEEG00000011798	nat16	ENSPKIP00000010871	ENSPKIG00000025414	nat16
ENSEEEP00000024334	ENSEEEG00000011797	SNAPC2	ENSPKIP00000012210	ENSPKIG00000000084	
ENSEEEP00000032288	ENSEEEG00000015397	ANKDD1A	ENSPKIP00000039930	ENSPKIG00000017082	ankdd1a
ENSEEEP00000028862	ENSEEEG00000013863	CLEC19A	ENSPKIP00000002023	ENSPKIG00000020080	clec19a
ENSEEEP00000064262	ENSEEEG00000013028	MAF1	ENSPKIP00000023342	ENSPKIG00000007008	maf1b
ENSEEEP00000062817	ENSEEEG00000025113	NIPSNAP2	ENSPKIP00000039251	ENSPKIG00000016685	
ENSEEEP00000042324	ENSEEEG00000019990	fibpa	ENSPKIP00000009594	ENSPKIG00000024645	fibpa
ENSEEEP00000054603	ENSEEEG00000027490	plekho2	ENSPKIP00000002854	ENSPKIG00000020587	
ENSEEEP00000063012	ENSEEEG00000025742	S100B	ENSPKIP00000025691	ENSPKIG00000008465	s100b
ENSEEEP00000024326	ENSEEEG00000011793	zgc:92664	ENSPKIP00000000838	ENSPKIG00000019351	zgc:103508
ENSEEEP00000028882	ENSEEEG00000013865	SMG1	ENSPKIP00000001890	ENSPKIG00000019929	smg1
ENSEEEP00000004794	ENSEEEG00000002383	dis3l2	ENSPKIP00000021890	ENSPKIG00000006103	dis3l2
ENSEEEP00000042321	ENSEEEG00000019988	CCDC85B	ENSPKIP00000009607	ENSPKIG00000024655	ccdc85b
ENSEEEP00000024320	ENSEEEG00000011790	si:dkey-6n21.13	ENSPKIP00000000810	ENSPKIG00000019338	
ENSEEEP00000026986	ENSEEEG00000013023	SHARPIN	ENSPKIP00000023226	ENSPKIG00000006933	shrprbck1r
ENSEEEP00000042316	ENSEEEG00000019987	fosl1a	ENSPKIP00000009621	ENSPKIG00000024665	fosl1a
ENSEEEP00000044930	ENSEEEG00000021204	bet1	ENSPKIP00000014014	ENSPKIG00000001227	bet1
ENSEEEP00000041148	ENSEEEG00000019468	PSMA3	ENSPKIP00000037025	ENSPKIG00000015367	psma3
ENSEEEP00000042314	ENSEEEG00000019986	YIF1A	ENSPKIP00000009650	ENSPKIG00000024673	yif1a
ENSEEEP00000018631	ENSEEEG00000008318	ATRX	ENSPKIP00000005496	ENSPKIG00000022151	atrx
ENSEEEP00000036371	ENSEEEG00000017296	XKR9	ENSPKIP00000023448	ENSPKIG00000007080	xkr9
ENSEEEP00000044917	ENSEEEG00000021202	zgc:85777	ENSPKIP00000013973	ENSPKIG00000001194	zgc:85777
ENSEEEP00000032864	ENSEEEG00000015650	eng	ENSPKIP00000024855	ENSPKIG00000007943	
ENSEEEP00000007192	ENSEEEG00000002941	MVP	ENSPKIP00000011932	ENSPKIG00000018322	mvp
ENSEEEP00000042313	ENSEEEG00000019985	si:ch211-145o7.3	ENSPKIP00000009670	ENSPKIG00000024682	si:ch211-145o7.3
ENSEEEP00000057380	ENSEEEG00000026735	YAF2	ENSPKIP00000004332	ENSPKIG00000021482	YAF2
ENSEEEP00000032863	ENSEEEG00000015642	AK1	ENSPKIP00000021427	ENSPKIG00000005818	AK1
ENSEEEP00000051446	ENSEEEG00000024149	ZCRB1	ENSPKIP00000022707	ENSPKIG00000006587	zcrb1
ENSEEEP00000011191	ENSEEEG00000005673	abch1	ENSPKIP00000019306	ENSPKIG00000004509	
ENSEEEP00000026969	ENSEEEG00000013011	UBE3C	ENSPKIP00000032768	ENSPKIG00000012730	ube3c
ENSEEEP00000051447	ENSEEEG00000024151	PPHLN1	ENSPKIP00000006362	ENSPKIG00000022667	pphln1
ENSEEEP00000027501	ENSEEEG00000013262	L3HYPDH	ENSPKIP00000002290	ENSPKIG00000020240	l3hypdh
ENSEEEP00000044911	ENSEEEG00000021199	GNGT1	ENSPKIP00000013927	ENSPKIG00000001175	gngt1
ENSEEEP00000044905	ENSEEEG00000021198	TFPI2	ENSPKIP00000013901	ENSPKIG00000001156	tfpi2
ENSEEEP00000028889	ENSEEEG00000027299	arl6ip1	ENSPKIP00000029293	ENSPKIG00000010596	arl6ip1
ENSEEEP00000051450	ENSEEEG00000024155	PUS7L	ENSPKIP00000006937	ENSPKIG00000023027	pus7l
ENSEEEP00000024176	ENSEEEG00000011728	AP1G2	ENSPKIP00000012374	ENSPKIG00000000176	PELP1
ENSEEEP00000041117	ENSEEEG00000019455	KRTCAP3	ENSPKIP00000041154	ENSPKIG00000017819	KRTCAP3
ENSEEEP00000028337	ENSEEEG00000013622	ESR1	ENSPKIP00000011845	ENSPKIG00000018298	esr1
ENSEEEP00000055719	ENSEEEG00000021651	DDIT3	ENSPKIP00000016444	ENSPKIG00000002766	ddit3
ENSEEEP00000044539	ENSEEEG00000021034		ENSPKIP00000012712	ENSPKIG00000000424	
ENSEEEP00000010926	ENSEEEG00000005535	GPR17	ENSPKIP00000010846	ENSPKIG00000025400	gpr17
ENSEEEP00000045953	ENSEEEG00000021652	MBD6	ENSPKIP00000016420	ENSPKIG00000002736	mbd6
ENSEEEP00000046302	ENSEEEG00000021803	BCAS2	ENSPKIP00000027080	ENSPKIG00000009296	bcas2
ENSEEEP00000030091	ENSEEEG00000014398	RAB41	ENSPKIP00000011539	ENSPKIG00000018584	rab41
ENSEEEP00000032790	ENSEEEG00000015622	TMEM250	ENSPKIP00000025125	ENSPKIG00000008111	TMEM250
ENSEEEP00000026937	ENSEEEG00000013005	MNX1	ENSPKIP00000021365	ENSPKIG00000005808	mnx1
ENSEEEP00000026933	ENSEEEG00000013002	NOM1	ENSPKIP00000021393	ENSPKIG00000005825	nom1
ENSEEEP00000028327	ENSEEEG00000013619	ARMT1	ENSPKIP00000035102	ENSPKIG00000014176	dcph1
ENSEEEP00000018199	ENSEEEG00000008944	DCTN2	ENSPKIP00000016319	ENSPKIG00000002672	dctn2
ENSEEEP00000032769	ENSEEEG00000015615	NUP214	ENSPKIP00000000145	ENSPKIG00000018901	
ENSEEEP00000028320	ENSEEEG00000013613	akap12b	ENSPKIP00000034970	ENSPKIG00000014105	
ENSEEEP00000012654	ENSEEEG00000006114	hhatla	ENSPKIP00000021104	ENSPKIG00000005638	cmtr1
ENSEEEP00000041096	ENSEEEG00000019449	ahi1	ENSPKIP00000000790	ENSPKIG00000019324	ahi1
ENSEEEP00000027341	ENSEEEG00000013193	CRTAM	ENSPKIP00000018864	ENSPKIG00000004262	
ENSEEEP00000058341	ENSEEEG00000025531	smx5	ENSPKIP00000023353	ENSPKIG00000007028	smx5
ENSEEEP00000051353	ENSEEEG00000024098	kcnk1b	ENSPKIP00000039162	ENSPKIG00000016633	kcnk1b
ENSEEEP00000018961	ENSEEEG00000009298	dhrs13a.3	ENSPKIP00000013388	ENSPKIG00000000851	dhrs13a.3
ENSEEEP00000051349	ENSEEEG00000024097	slc35f3b	ENSPKIP00000039221	ENSPKIG00000016654	slc35f3b
ENSEEEP00000001863	ENSEEEG00000001173	SLC18B1	ENSPKIP00000000674	ENSPKIG00000019233	slc18b1
ENSEEEP00000051347	ENSEEEG00000024095	si:dkey-85a20.4	ENSPKIP00000039319	ENSPKIG00000016716	tarbp1
ENSEEEP00000002028	ENSEEEG00000001143	C8B	ENSPKIP00000015450	ENSPKIG00000002158	c8b
ENSEEEP00000051346	ENSEEEG00000024094	FRMD1	ENSPKIP00000039535	ENSPKIG00000016819	zgc:172136
ENSEEEP00000019008	ENSEEEG00000009304	cryba1a	ENSPKIP00000011735	ENSPKIG00000018704	cryba1a
ENSEEEP00000013229	ENSEEEG00000006629	FRZB	ENSPKIP00000005108	ENSPKIG00000021917	frzb
ENSEEEP00000010991	ENSEEEG00000005566	LPP	ENSPKIP00000023277	ENSPKIG00000006935	lpp
ENSEEEP00000022386	ENSEEEG00000010872	sowahcb	ENSPKIP00000029456	ENSPKIG00000010696	sowahca
ENSEEEP00000012093	ENSEEEG00000006100		ENSPKIP00000021324	ENSPKIG00000005771	
ENSEEEP00000022403	ENSEEEG00000010877	mob4	ENSPKIP00000013087	ENSPKIG00000000644	mob4
ENSEEEP00000029743	ENSEEEG00000014249	ZPR1	ENSPKIP00000018624	ENSPKIG00000004014	zpr1
ENSEEEP00000010994	ENSEEEG00000005568	TPRG1	ENSPKIP00000003318	ENSPKIG00000020879	tprg1
ENSEEEP00000052146	ENSEEEG00000024445	gpx1b	ENSPKIP00000000340	ENSPKIG00000019013	GPX1
ENSEEEP00000064172	ENSEEEG00000006097	FBXO25	ENSPKIP00000022292	ENSPKIG00000006352	fbxo25
ENSEEEP00000017985	ENSEEEG00000008862	anp32a	ENSPKIP00000027867	ENSPKIG00000009742	anp32a
ENSEEEP00000004327	ENSEEEG00000002280	ino80e	ENSPKIP00000014723	ENSPKIG00000001691	si:ch73-54f23.2
ENSEEEP00000022549	ENSEEEG00000010885	BOLL	ENSPKIP00000012946	ENSPKIG00000000551	BOLL
ENSEEEP00000030514	ENSEEEG00000014600	YIF1B	ENSPKIP00000019384	ENSPKIG00000004571	yif1b
ENSEEEP00000044761	ENSEEEG00000020678	VPS50	ENSPKIP00000013814	ENSPKIG00000001030	vps50
ENSEEEP00000016216	ENSEEEG00000008024	KRI1	ENSPKIP00000024338	ENSPKIG00000007632	kri1
ENSEEEP00000008680	ENSEEEG00000004507	si:ch211-175f11.5	ENSPKIP00000040033	ENSPKIG00000017157	pfn4
ENSEEEP00000012085	ENSEEEG00000006096	fam110c	ENSPKIP00000022338	ENSPKIG00000006382	fam110c
ENSEEEP00000055043	ENSEEEG00000024784	si:ch73-54f23.4	ENSPKIP00000014928	ENSPKIG00000001819	si:ch73-54f23.4
ENSEEEP00000012075	ENSEEEG00000006088	ACP1	ENSPKIP00000022569	ENSPKIG00000006517	ACP1
ENSEEEP00000016217	ENSEEEG00000008027	SPC24	ENSPKIP00000024289	ENSPKIG00000007607	spc24
ENSEEEP00000030023	ENSEEEG00000014394	stard14	ENSPKIP00000011632	ENSPKIG00000018631	stard14
ENSEEEP00000054011	ENSEEEG00000019320	gatd3a	ENSPKIP00000024799	ENSPKIG00000007897	gatd3
ENSEEEP00000051326	ENSEEEG00000024081		ENSPKIP00000019355	ENSPKIG00000004551	
ENSEEEP00000000225	ENSEEEG00000000160	MDC1	ENSPKIP00000014968	ENSPKIG00000001837	
ENSEEEP00000056080	ENSEEEG00000002348		ENSPKIP00000019324	ENSPKIG00000004536	
ENSEEEP00000025494	ENSEEEG00000012376	rprma	ENSPKIP00000012305	ENSPKIG00000000149	rprma
ENSEEEP00000056515	ENSEEEG00000026992	zgc:113278	ENSPKIP00000004646	ENSPKIG00000021655	zgc:113278
ENSEEEP00000016220	ENSEEEG00000008029	zgc:162612	ENSPKIP00000029045	ENSPKIG00000010442	
ENSEEEP00000022555	ENSEEEG00000010954	VPS16	ENSPKIP00000014326	ENSPKIG00000001377	vps16
ENSEEEP00000018192	ENSEEEG00000008943		ENSPKIP00000018438	ENSPKIG00000004012	
ENSEEEP00000040764	ENSEEEG00000019319	OLIG2	ENSPKIP00000030701	ENSPKIG00000011466	olig2
ENSEEEP00000001228	ENSEEEG00000000834	dffb	ENSPKIP00000031915	ENSPKIG00000012225	dffb
ENSEEEP00000054488	ENSEEEG00000027099	sb:cb81	ENSPKIP00000020458	ENSPKIG00000005232	
ENSEEEP00000040763	ENSEEEG00000019318	olig1	ENSPKIP00000030715	ENSPKIG00000011478	olig1
ENSEEEP00000016221	ENSEEEG00000008030	si:dkeyp-69e1.8	ENSPKIP00000024229	ENSPKIG00000007563	
ENSEEEP00000030021	ENSEEEG00000014393	PDZD11	ENSPKIP00000011679	ENSPKIG00000018662	pdzd11
ENSEEEP00000006182	ENSEEEG00000003296	MNS1	ENSPKIP00000040311	ENSPKIG00000017328	mns1
ENSEEEP00000006650	ENSEEEG00000003529	TMEM18	ENSPKIP00000035771	ENSPKIG00000014597	tmem18
ENSEEEP00000040762	ENSEEEG00000019317	ERCC1	ENSPKIP00000024704	ENSPKIG00000007852	ercc1
ENSEEEP00000043027	ENSEEEG00000020312	AAR2	ENSPKIP00000020704	ENSPKIG00000005382	aar2
ENSEEEP00000016222	ENSEEEG00000008031	hmgxb4a	ENSPKIP00000029127	ENSPKIG00000010496	hmgxb4a
ENSEEEP00000001236	ENSEEEG00000000842	b3gnt7l	ENSPKIP00000031871	ENSPKIG00000012193	b3gnt7l
ENSEEEP00000017875	ENSEEEG00000008825	SOAT2	ENSPKIP00000016013	ENSPKIG00000002516	soat2
ENSEEEP00000016228	ENSEEEG00000008033	ANKRD54	ENSPKIP00000022515	ENSPKIG00000006491	ankrd54
ENSEEEP00000001243	ENSEEEG00000000848	CEP104	ENSPKIP00000031813	ENSPKIG00000012150	cep104
ENSEEEP00000030018	ENSEEEG00000014392	gdpd2	ENSPKIP00000011732	ENSPKIG00000018707	gdpd2
ENSEEEP00000013346	ENSEEEG00000006692	tmem238a	ENSPKIP00000014947	ENSPKIG00000001829	tmem238a
ENSEEEP00000001251	ENSEEEG00000000853	LRRC47	ENSPKIP00000031770	ENSPKIG00000012128	lrrc47
ENSEEEP00000016239	ENSEEEG00000008035	FOXRED2	ENSPKIP00000022625	ENSPKIG00000006531	foxred2
ENSEEEP00000022858	ENSEEEG00000011093	PRDM11	ENSPKIP00000033399	ENSPKIG00000013122	prdm11
ENSEEEP00000051318	ENSEEEG00000024058	LMBRD1	ENSPKIP00000019241	ENSPKIG00000004465	lmbrd1
ENSEEEP00000017872	ENSEEEG00000008823	IGSF8	ENSPKIP00000015983	ENSPKIG00000002498	igsf8
ENSEEEP00000034334	ENSEEEG00000016343	mob2b	ENSPKIP00000035420	ENSPKIG00000014366	MOB2
ENSEEEP00000029755	ENSEEEG00000014253	h2ax1	ENSPKIP00000018762	ENSPKIG00000004213	h2ax1
ENSEEEP00000017871	ENSEEEG00000008822	SP7	ENSPKIP00000015964	ENSPKIG00000002485	sp7
ENSEEEP00000001265	ENSEEEG00000000859	MAD2L2	ENSPKIP00000034924	ENSPKIG00000014062	mad2l2
ENSEEEP00000022850	ENSEEEG00000011087	BET1L	ENSPKIP00000035826	ENSPKIG00000014630	BET1L
ENSEEEP00000017868	ENSEEEG00000008819	helz2a	ENSPKIP00000021724	ENSPKIG00000005935	helz2a
ENSEEEP00000029792	ENSEEEG00000014272	si:ch73-261i21.5	ENSPKIP00000018186	ENSPKIG00000003848	si:ch73-261i21.5
ENSEEEP00000022847	ENSEEEG00000011084	arpp19b	ENSPKIP00000041090	ENSPKIG00000017772	
ENSEEEP00000062211	ENSEEEG00000027675	rgn	ENSPKIP00000006193	ENSPKIG00000022567	rgn
ENSEEEP00000006200	ENSEEEG00000003307	cd81a	ENSPKIP00000002372	ENSPKIG00000020289	cd81a
ENSEEEP00000013060	ENSEEEG00000006573	SF3B6	ENSPKIP00000032072	ENSPKIG00000012311	sf3b6
ENSEEEP00000006667	ENSEEEG00000003533	SLC39A5	ENSPKIP00000039415	ENSPKIG00000016771	slc39a5
ENSEEEP00000017836	ENSEEEG00000008795	STMN3	ENSPKIP00000021853	ENSPKIG00000006084	stmn3
ENSEEEP00000024938	ENSEEEG00000012092	atp5if1a	ENSPKIP00000013171	ENSPKIG00000000705	atp5if1b
ENSEEEP00000013063	ENSEEEG00000006575	TDRD6	ENSPKIP00000031990	ENSPKIG00000012265	tdrd6a
ENSEEEP00000022571	ENSEEEG00000010962	zgc:112023	ENSPKIP00000006123	ENSPKIG00000022535	PLCXD1
ENSEEEP00000016262	ENSEEEG00000008042	MCM5	ENSPKIP00000022716	ENSPKIG00000006585	mcm5
ENSEEEP00000022572	ENSEEEG00000010963	sft2d2b	ENSPKIP00000005718	ENSPKIG00000022280	sft2d2a
ENSEEEP00000013066	ENSEEEG00000006576	PLA2G7	ENSPKIP00000031940	ENSPKIG00000012237	pla2g7
ENSEEEP00000031412	ENSEEEG00000014308	HYOU1	ENSPKIP00000018126	ENSPKIG00000003796	hyou1
ENSEEEP00000001366	ENSEEEG00000000901	ABTB1	ENSPKIP00000021688	ENSPKIG00000005980	abtb1
ENSEEEP00000017800	ENSEEEG00000008789	ARFRP1	ENSPKIP00000021889	ENSPKIG00000006104	arfrp1
ENSEEEP00000060451	ENSEEEG00000026444	TAAR1	ENSPKIP00000040421	ENSPKIG00000017394	
ENSEEEP00000036975	ENSEEEG00000017233	HIRA	ENSPKIP00000009301	ENSPKIG00000024456	hira
ENSEEEP00000020008	ENSEEEG00000009784	adamtsl7	ENSPKIP00000012756	ENSPKIG00000000450	
ENSEEEP00000006210	ENSEEEG00000003314		ENSPKIP00000002133	ENSPKIG00000020149	tssc4
ENSEEEP00000053490	ENSEEEG00000020970	AKAP6	ENSPKIP00000015930	ENSPKIG00000002444	akap6
ENSEEEP00000043439	ENSEEEG00000020324	SLC9A8	ENSPKIP00000020899	ENSPKIG00000005514	slc9a8
ENSEEEP00000016321	ENSEEEG00000008048	GCAT	ENSPKIP00000022776	ENSPKIG00000006643	gcat
ENSEEEP00000027891	ENSEEEG00000013429	si:dkey-183n20.15	ENSPKIP00000028673	ENSPKIG00000010224	si:dkey-183n20.15
ENSEEEP00000046554	ENSEEEG00000021926	grxcr1a	ENSPKIP00000040237	ENSPKIG00000017278	grxcr1b
ENSEEEP00000010253	ENSEEEG00000005195	FHIT	ENSPKIP00000008192	ENSPKIG00000023792	fhit
ENSEEEP00000040729	ENSEEEG00000019303		ENSPKIP00000030781	ENSPKIG00000011517	
ENSEEEP00000020025	ENSEEEG00000009791	fabp10a	ENSPKIP00000013005	ENSPKIG00000000593	fabp10a
ENSEEEP00000009275	ENSEEEG00000004757	NPAS3	ENSPKIP00000015832	ENSPKIG00000002390	npas3
ENSEEEP00000062399	ENSEEEG00000028228	si:dkey-259j3.5	ENSPKIP00000036757	ENSPKIG00000015208	
ENSEEEP00000020027	ENSEEEG00000009796		ENSPKIP00000013029	ENSPKIG00000000613	srsf10a
ENSEEEP00000040725	ENSEEEG00000019301	RABL3	ENSPKIP00000024659	ENSPKIG00000007818	rabl3
ENSEEEP00000015013	ENSEEEG00000006654	DNAJC10	ENSPKIP00000009262	ENSPKIG00000024427	dnajc10
ENSEEEP00000020028	ENSEEEG00000009797	SRSF10	ENSPKIP00000017361	ENSPKIG00000003304	srsf10b
ENSEEEP00000026805	ENSEEEG00000012932	TNFRSF21	ENSPKIP00000035872	ENSPKIG00000014657	tnfrsf21
ENSEEEP00000062918	ENSEEEG00000027922	TMEM41B	ENSPKIP00000005795	ENSPKIG00000022333	TMEM41B
ENSEEEP00000026794	ENSEEEG00000012931	CD2AP	ENSPKIP00000035984	ENSPKIG00000014703	cd2ap
ENSEEEP00000050502	ENSEEEG00000023745	plaua	ENSPKIP00000012391	ENSPKIG00000000202	
ENSEEEP00000000599	ENSEEEG00000000388	comtb	ENSPKIP00000007809	ENSPKIG00000023566	comta
ENSEEEP00000009264	ENSEEEG00000004756	csnk1db	ENSPKIP00000015729	ENSPKIG00000002331	egln3
ENSEEEP00000046551	ENSEEEG00000021791	SLC30A9	ENSPKIP00000030296	ENSPKIG00000011211	slc30a9
ENSEEEP00000010236	ENSEEEG00000005190	FAM107A	ENSPKIP00000008258	ENSPKIG00000023826	si:ch211-236d3.4
ENSEEEP00000055237	ENSEEEG00000021697		ENSPKIP00000030474	ENSPKIG00000011309	mab21l3
ENSEEEP00000009262	ENSEEEG00000004752	SPTSSA	ENSPKIP00000015647	ENSPKIG00000002293	sptssa
ENSEEEP00000010235	ENSEEEG00000005188	ccdc3b	ENSPKIP00000035967	ENSPKIG00000014716	ccdc3b
ENSEEEP00000048077	ENSEEEG00000022643	SAMD13	ENSPKIP00000006228	ENSPKIG00000022571	SAMD13
ENSEEEP00000009258	ENSEEEG00000004751	lgals3b	ENSPKIP00000014029	ENSPKIG00000001252	
ENSEEEP00000046047	ENSEEEG00000021698	DNAJC28	ENSPKIP00000030425	ENSPKIG00000011289	dnajc28
ENSEEEP00000048078	ENSEEEG00000022644	uox	ENSPKIP00000006253	ENSPKIG00000022605	uox
ENSEEEP00000026786	ENSEEEG00000012930	OPN5	ENSPKIP00000036057	ENSPKIG00000014761	opn5
ENSEEEP00000058332	ENSEEEG00000027414		ENSPKIP00000015448	ENSPKIG00000002170	
ENSEEEP00000009253	ENSEEEG00000004749	EAPP	ENSPKIP00000015623	ENSPKIG00000002266	eapp
ENSEEEP00000050185	ENSEEEG00000023603	TANK	ENSPKIP00000014386	ENSPKIG00000001469	tank
ENSEEEP00000048079	ENSEEEG00000022645	DNASE2B	ENSPKIP00000006283	ENSPKIG00000022628	dnase2b
ENSEEEP00000061730	ENSEEEG00000013120	CNIH3	ENSPKIP00000036180	ENSPKIG00000014823	cnih3
ENSEEEP00000064476	ENSEEEG00000010276	ULK4	ENSPKIP00000031250	ENSPKIG00000011800	ulk4
ENSEEEP00000035049	ENSEEEG00000016665	CTSH	ENSPKIP00000026648	ENSPKIG00000009033	CTSH
ENSEEEP00000011373	ENSEEEG00000005749	BANF1	ENSPKIP00000028782	ENSPKIG00000010258	
ENSEEEP00000011375	ENSEEEG00000005751	ENTPD6	ENSPKIP00000028601	ENSPKIG00000010184	entpd6
ENSEEEP00000014050	ENSEEEG00000006984	TTLL11	ENSPKIP00000010085	ENSPKIG00000024931	ttll11
ENSEEEP00000032671	ENSEEEG00000015576	GLDN	ENSPKIP00000041591	ENSPKIG00000018075	gldn
ENSEEEP00000048152	ENSEEEG00000022652	RPF1	ENSPKIP00000015072	ENSPKIG00000001892	rpf1
ENSEEEP00000011379	ENSEEEG00000005752	VSX1	ENSPKIP00000028550	ENSPKIG00000010156	vsx1
ENSEEEP00000019125	ENSEEEG00000009380	FOXN1	ENSPKIP00000029647	ENSPKIG00000010814	foxn1
ENSEEEP00000040417	ENSEEEG00000019141	si:dkey-4e7.3	ENSPKIP00000031995	ENSPKIG00000012264	si:dkey-4e7.3
ENSEEEP00000019127	ENSEEEG00000009381	SLC46A1	ENSPKIP00000029751	ENSPKIG00000010879	slc46a1
ENSEEEP00000000425	ENSEEEG00000000316	mon1bb	ENSPKIP00000037819	ENSPKIG00000015856	mon1bb
ENSEEEP00000056204	ENSEEEG00000024871		ENSPKIP00000001972	ENSPKIG00000020047	arhgef49
ENSEEEP00000017742	ENSEEEG00000008762	TOX2	ENSPKIP00000029563	ENSPKIG00000010730	tox2
ENSEEEP00000019136	ENSEEEG00000009383	SARM1	ENSPKIP00000029802	ENSPKIG00000010900	sarm1
ENSEEEP00000014059	ENSEEEG00000006988	zgc:63972	ENSPKIP00000009918	ENSPKIG00000024829	zgc:63972
ENSEEEP00000025314	ENSEEEG00000012274	TSN	ENSPKIP00000015224	ENSPKIG00000002005	tsn
ENSEEEP00000011046	ENSEEEG00000005595	zgc:171579	ENSPKIP00000018102	ENSPKIG00000003787	zgc:171579
ENSEEEP00000042116	ENSEEEG00000019875	cfl1	ENSPKIP00000023121	ENSPKIG00000006850	cfl1
ENSEEEP00000057888	ENSEEEG00000028614		ENSPKIP00000018037	ENSPKIG00000003744	
ENSEEEP00000025309	ENSEEEG00000012271	ARL5A	ENSPKIP00000003039	ENSPKIG00000020706	arl5a
ENSEEEP00000027184	ENSEEEG00000013118	si:dkey-1j5.4	ENSPKIP00000036214	ENSPKIG00000014859	si:dkey-1j5.4
ENSEEEP00000048988	ENSEEEG00000023022	TMEM158	ENSPKIP00000007714	ENSPKIG00000023501	TMEM158
ENSEEEP00000032418	ENSEEEG00000015457		ENSPKIP00000020827	ENSPKIG00000005473	EEF1AKMT3
ENSEEEP00000054714	ENSEEEG00000008756	SNTA1	ENSPKIP00000029359	ENSPKIG00000010628	SNTA1
ENSEEEP00000056522	ENSEEEG00000005600	PHF3	ENSPKIP00000017856	ENSPKIG00000003608	phf3
ENSEEEP00000048990	ENSEEEG00000023023	cdcp1a	ENSPKIP00000035073	ENSPKIG00000014164	
ENSEEEP00000026039	ENSEEEG00000012607	MSC	ENSPKIP00000023048	ENSPKIG00000006835	msc
ENSEEEP00000055402	ENSEEEG00000027849	PRSS23	ENSPKIP00000003234	ENSPKIG00000020834	prss23
ENSEEEP00000008815	ENSEEEG00000004556	SPATA17	ENSPKIP00000040699	ENSPKIG00000017557	spata17
ENSEEEP00000019141	ENSEEEG00000009390	RILP	ENSPKIP00000030196	ENSPKIG00000011143	rilp
ENSEEEP00000059109	ENSEEEG00000024887	ubl3b	ENSPKIP00000003279	ENSPKIG00000020851	ubl3b
ENSEEEP00000032485	ENSEEEG00000015460	CYP27B1	ENSPKIP00000020855	ENSPKIG00000005491	cyp27b1
ENSEEEP00000031819	ENSEEEG00000015126	VPS11	ENSPKIP00000018033	ENSPKIG00000003694	vps11
ENSEEEP00000048991	ENSEEEG00000023024	clec3ba	ENSPKIP00000004366	ENSPKIG00000021507	clec3bb
ENSEEEP00000027176	ENSEEEG00000013109	LBR	ENSPKIP00000036299	ENSPKIG00000014887	lbr
ENSEEEP00000011603	ENSEEEG00000005678	TBC1D23	ENSPKIP00000005973	ENSPKIG00000022418	tbc1d23
ENSEEEP00000001728	ENSEEEG00000001106		ENSPKIP00000035261	ENSPKIG00000014269	
ENSEEEP00000018179	ENSEEEG00000008458	ZSWIM8	ENSPKIP00000026255	ENSPKIG00000008737	zswim8
ENSEEEP00000049002	ENSEEEG00000023025	DECR1	ENSPKIP00000012751	ENSPKIG00000000433	decr1
ENSEEEP00000016332	ENSEEEG00000008078	LUC7L3	ENSPKIP00000023618	ENSPKIG00000007180	LUC7L3
ENSEEEP00000055851	ENSEEEG00000028644	FBXO28	ENSPKIP00000028125	ENSPKIG00000009895	fbxo28
ENSEEEP00000056013	ENSEEEG00000009396	PRPF8	ENSPKIP00000030374	ENSPKIG00000011201	prpf8
ENSEEEP00000032317	ENSEEEG00000015409	NOP53	ENSPKIP00000012293	ENSPKIG00000000127	nop53
ENSEEEP00000014069	ENSEEEG00000006994	AIF1L	ENSPKIP00000009836	ENSPKIG00000024785	aif1l
ENSEEEP00000047759	ENSEEEG00000022479	ical1	ENSPKIP00000018000	ENSPKIG00000003716	ical1
ENSEEEP00000011063	ENSEEEG00000005606	NVL	ENSPKIP00000028254	ENSPKIG00000009967	nvl
ENSEEEP00000035037	ENSEEEG00000016662	BLM	ENSPKIP00000026501	ENSPKIG00000008954	blm
ENSEEEP00000040888	ENSEEEG00000019366	homeza	ENSPKIP00000011215	ENSPKIG00000018774	
ENSEEEP00000014074	ENSEEEG00000006995	GFM2	ENSPKIP00000000100	ENSPKIG00000018878	GFM2
ENSEEEP00000040884	ENSEEEG00000019363	DHRS1	ENSPKIP00000027196	ENSPKIG00000009350	dhrs1
ENSEEEP00000051525	ENSEEEG00000024191	prl2	ENSPKIP00000006531	ENSPKIG00000022777	prl2
ENSEEEP00000040670	ENSEEEG00000019225	IFT172	ENSPKIP00000037245	ENSPKIG00000015440	ift172
ENSEEEP00000008033	ENSEEEG00000004192	SNX20	ENSPKIP00000020672	ENSPKIG00000005366	snx20
ENSEEEP00000032325	ENSEEEG00000015412	dmac2	ENSPKIP00000025853	ENSPKIG00000008562	dmac2
ENSEEEP00000048407	ENSEEEG00000022785	NUTF2	ENSPKIP00000013935	ENSPKIG00000001172	nutf2
ENSEEEP00000050159	ENSEEEG00000023594	CD302	ENSPKIP00000015716	ENSPKIG00000002341	cd302
ENSEEEP00000022048	ENSEEEG00000010707	MLANA	ENSPKIP00000003090	ENSPKIG00000020736	MLANA
ENSEEEP00000062764	ENSEEEG00000025731	MPHOSPH6	ENSPKIP00000012463	ENSPKIG00000000253	mphosph6
ENSEEEP00000044043	ENSEEEG00000020807	USH2A	ENSPKIP00000040923	ENSPKIG00000017694	
ENSEEEP00000032639	ENSEEEG00000015561	SLC24A5	ENSPKIP00000003037	ENSPKIG00000020692	slc24a5
ENSEEEP00000029995	ENSEEEG00000014379	MRPL18	ENSPKIP00000001095	ENSPKIG00000019513	mrpl18
ENSEEEP00000022049	ENSEEEG00000010711	KIAA2026	ENSPKIP00000003055	ENSPKIG00000020722	BRD10
ENSEEEP00000053142	ENSEEEG00000000014	AP5Z1	ENSPKIP00000011421	ENSPKIG00000018520	ap5z1
ENSEEEP00000034180	ENSEEEG00000016276	INSYN1	ENSPKIP00000013169	ENSPKIG00000000703	insyn1
ENSEEEP00000062403	ENSEEEG00000014377	si:ch211-203d1.3	ENSPKIP00000001063	ENSPKIG00000019492	si:ch211-203d1.3
ENSEEEP00000040664	ENSEEEG00000019252	hspd1	ENSPKIP00000013174	ENSPKIG00000000702	hspd1
ENSEEEP00000034170	ENSEEEG00000016270	cd276	ENSPKIP00000013218	ENSPKIG00000000737	cd276
ENSEEEP00000018186	ENSEEEG00000008940	atf7a	ENSPKIP00000039446	ENSPKIG00000016778	atf7a
ENSEEEP00000002049	ENSEEEG00000001264	C8A	ENSPKIP00000015383	ENSPKIG00000002126	C8A
ENSEEEP00000048412	ENSEEEG00000022787	tsnaxip1	ENSPKIP00000014020	ENSPKIG00000001236	
ENSEEEP00000048854	ENSEEEG00000022977	si:dkey-18j18.3	ENSPKIP00000012212	ENSPKIG00000000085	cimip5
ENSEEEP00000029992	ENSEEEG00000014369	grhpra	ENSPKIP00000032684	ENSPKIG00000012671	grhpra
ENSEEEP00000057393	ENSEEEG00000005859	tomm70a	ENSPKIP00000005822	ENSPKIG00000022338	tomm70a
ENSEEEP00000033081	ENSEEEG00000015419	SIRT2	ENSPKIP00000025763	ENSPKIG00000008494	sirt2
ENSEEEP00000040865	ENSEEEG00000019361	C14orf119	ENSPKIP00000026950	ENSPKIG00000009225	si:ch211-14a17.11
ENSEEEP00000048851	ENSEEEG00000022975	ARG2	ENSPKIP00000017030	ENSPKIG00000003104	arg2
ENSEEEP00000018187	ENSEEEG00000008941	ASB8	ENSPKIP00000026149	ENSPKIG00000008744	asb8
ENSEEEP00000032631	ENSEEEG00000015556	DUT	ENSPKIP00000011279	ENSPKIG00000018434	DUT
ENSEEEP00000029949	ENSEEEG00000014344	EVA1A	ENSPKIP00000016216	ENSPKIG00000002638	
ENSEEEP00000049090	ENSEEEG00000023067	nxnl1	ENSPKIP00000028630	ENSPKIG00000010197	nxnl1
ENSEEEP00000050797	ENSEEEG00000023863	TRIR	ENSPKIP00000027518	ENSPKIG00000009548	TRIR
ENSEEEP00000022190	ENSEEEG00000010780	pkdcca	ENSPKIP00000017373	ENSPKIG00000003311	pkdcca
ENSEEEP00000048848	ENSEEEG00000022974	VTI1B	ENSPKIP00000005900	ENSPKIG00000022396	vti1b
ENSEEEP00000029979	ENSEEEG00000014367	tomm5	ENSPKIP00000032905	ENSPKIG00000012824	tomm5
ENSEEEP00000032509	ENSEEEG00000015495	METTL1	ENSPKIP00000020922	ENSPKIG00000005523	METTL1
ENSEEEP00000053907	ENSEEEG00000013106	ENAH	ENSPKIP00000036340	ENSPKIG00000014946	enah
ENSEEEP00000003110	ENSEEEG00000001765	NPHP1	ENSPKIP00000005365	ENSPKIG00000022064	nphp1
ENSEEEP00000047755	ENSEEEG00000022477	cxcr4a	ENSPKIP00000011937	ENSPKIG00000025601	CXCR4
ENSEEEP00000053719	ENSEEEG00000022973	RDH12	ENSPKIP00000016970	ENSPKIG00000003068	rdh12
ENSEEEP00000049009	ENSEEEG00000023030	tdp2a	ENSPKIP00000012927	ENSPKIG00000000530	
ENSEEEP00000045731	ENSEEEG00000021558	SHFL	ENSPKIP00000036580	ENSPKIG00000015097	shfl
ENSEEEP00000003109	ENSEEEG00000001764	MTLN	ENSPKIP00000005329	ENSPKIG00000022046	MTLN
ENSEEEP00000055203	ENSEEEG00000028045		ENSPKIP00000002195	ENSPKIG00000020181	
ENSEEEP00000032522	ENSEEEG00000015505	CDK4	ENSPKIP00000021026	ENSPKIG00000005571	cdk4
ENSEEEP00000014586	ENSEEEG00000007250	GAR1	ENSPKIP00000000250	ENSPKIG00000018991	gar1
ENSEEEP00000021703	ENSEEEG00000010555	ccka	ENSPKIP00000008249	ENSPKIG00000023820	
ENSEEEP00000062784	ENSEEEG00000026254	COQ10B	ENSPKIP00000013214	ENSPKIG00000000731	coq10b
ENSEEEP00000040586	ENSEEEG00000019216	SF3B1	ENSPKIP00000013335	ENSPKIG00000000784	sf3b1
ENSEEEP00000050393	ENSEEEG00000023696	GSTO2	ENSPKIP00000015123	ENSPKIG00000001946	gsto2
ENSEEEP00000050390	ENSEEEG00000023695	ITPRIP	ENSPKIP00000015145	ENSPKIG00000001965	itprip
ENSEEEP00000009973	ENSEEEG00000005074		ENSPKIP00000036575	ENSPKIG00000015096	
ENSEEEP00000050389	ENSEEEG00000023694	CALHM3	ENSPKIP00000015173	ENSPKIG00000001981	calhm3
ENSEEEP00000048845	ENSEEEG00000022971	ZFYVE26	ENSPKIP00000016890	ENSPKIG00000002954	zfyve26
ENSEEEP00000027153	ENSEEEG00000013103	PPIL6	ENSPKIP00000033292	ENSPKIG00000013067	ppil6
ENSEEEP00000025341	ENSEEEG00000012276	GDPD1	ENSPKIP00000036052	ENSPKIG00000014754	GDPD1
ENSEEEP00000061704	ENSEEEG00000005590	CRIP3	ENSPKIP00000005014	ENSPKIG00000021763	crip3
ENSEEEP00000032152	ENSEEEG00000015333	SNRPA1	ENSPKIP00000003030	ENSPKIG00000020705	snrpa1
ENSEEEP00000000018	ENSEEEG00000000013	mmd2a	ENSPKIP00000029772	ENSPKIG00000010889	MMD2
ENSEEEP00000048416	ENSEEEG00000022790	PARD6A	ENSPKIP00000014192	ENSPKIG00000001351	pard6a
ENSEEEP00000006255	ENSEEEG00000003332	si:ch211-150g13.3	ENSPKIP00000021512	ENSPKIG00000005876	
ENSEEEP00000020376	ENSEEEG00000009947	GDAP1	ENSPKIP00000022551	ENSPKIG00000006510	gdap1
ENSEEEP00000057040	ENSEEEG00000026437	calhm2.1	ENSPKIP00000015235	ENSPKIG00000002024	calhm2.1
ENSEEEP00000051140	ENSEEEG00000024012	SPHK2	ENSPKIP00000030814	ENSPKIG00000011535	sphk2
ENSEEEP00000027149	ENSEEEG00000013102		ENSPKIP00000033363	ENSPKIG00000013096	ak9
ENSEEEP00000059758	ENSEEEG00000025676	CIART	ENSPKIP00000029065	ENSPKIG00000010455	
ENSEEEP00000054518	ENSEEEG00000024772	CTBS	ENSPKIP00000015003	ENSPKIG00000001857	ctbs
ENSEEEP00000020373	ENSEEEG00000009945	pi15a	ENSPKIP00000022469	ENSPKIG00000006460	pi15a
ENSEEEP00000014620	ENSEEEG00000007267	ATOH7	ENSPKIP00000020480	ENSPKIG00000005244	atoh7
ENSEEEP00000000106	ENSEEEG00000000063	UPF1	ENSPKIP00000021830	ENSPKIG00000006069	upf1
ENSEEEP00000032540	ENSEEEG00000015520		ENSPKIP00000039207	ENSPKIG00000016632	
ENSEEEP00000014566	ENSEEEG00000007244	eif4ea	ENSPKIP00000012422	ENSPKIG00000000226	eif4ea
ENSEEEP00000027157	ENSEEEG00000013107	DDHD2	ENSPKIP00000013908	ENSPKIG00000001158	si:ch211-236l14.4
ENSEEEP00000022675	ENSEEEG00000011011	C11orf58	ENSPKIP00000008066	ENSPKIG00000023721	zgc:56106
ENSEEEP00000049020	ENSEEEG00000023032	ALDH5A1	ENSPKIP00000014956	ENSPKIG00000001816	aldh5a1
ENSEEEP00000031860	ENSEEEG00000015214	IFT46	ENSPKIP00000017855	ENSPKIG00000003612	ift46
ENSEEEP00000006257	ENSEEEG00000003333	SLC39A13	ENSPKIP00000013370	ENSPKIG00000000830	slc39a13
ENSEEEP00000032141	ENSEEEG00000015331	SELENOS	ENSPKIP00000040235	ENSPKIG00000017282	selenos
ENSEEEP00000047714	ENSEEEG00000022460	tmbim1a	ENSPKIP00000011938	ENSPKIG00000025649	tmbim1b
ENSEEEP00000053452	ENSEEEG00000027260	PGPEP1	ENSPKIP00000021911	ENSPKIG00000006118	PGPEP1
ENSEEEP00000030230	ENSEEEG00000014495	fgf10a	ENSPKIP00000002829	ENSPKIG00000020575	fgf10b
ENSEEEP00000024461	ENSEEEG00000011861	PRPF3	ENSPKIP00000029176	ENSPKIG00000010501	prpf3
ENSEEEP00000006258	ENSEEEG00000003334	spi1b	ENSPKIP00000021546	ENSPKIG00000005902	spi1b
ENSEEEP00000032544	ENSEEEG00000015522	ARFGAP1	ENSPKIP00000039039	ENSPKIG00000016575	arfgap1
ENSEEEP00000026721	ENSEEEG00000012566	CNOT10	ENSPKIP00000008297	ENSPKIG00000023842	cnot10
ENSEEEP00000000127	ENSEEEG00000000093	JUND	ENSPKIP00000022024	ENSPKIG00000006193	jund
ENSEEEP00000051474	ENSEEEG00000024165	tmem51b	ENSPKIP00000032826	ENSPKIG00000012773	tmem51a
ENSEEEP00000022664	ENSEEEG00000011006	si:dkey-29p10.4	ENSPKIP00000007981	ENSPKIG00000023666	si:dkey-29p10.4
ENSEEEP00000006259	ENSEEEG00000003335	si:ch73-314g15.3	ENSPKIP00000039492	ENSPKIG00000016832	si:ch73-314g15.3
ENSEEEP00000047710	ENSEEEG00000022459	pnkd	ENSPKIP00000030343	ENSPKIG00000011208	pnkd
ENSEEEP00000027154	ENSEEEG00000013105	mrpl23	ENSPKIP00000013807	ENSPKIG00000001102	mrpl23
ENSEEEP00000045745	ENSEEEG00000021566	rdh8a	ENSPKIP00000036850	ENSPKIG00000015265	rdh8a
ENSEEEP00000047516	ENSEEEG00000022360	slc28a1	ENSPKIP00000003315	ENSPKIG00000020873	slc28a1
ENSEEEP00000000254	ENSEEEG00000000155	loxl5b	ENSPKIP00000012983	ENSPKIG00000000573	loxl5b
ENSEEEP00000018557	ENSEEEG00000009121		ENSPKIP00000013124	ENSPKIG00000000678	DIO3
ENSEEEP00000061798	ENSEEEG00000024976	igf2b	ENSPKIP00000013850	ENSPKIG00000001127	igf2b
ENSEEEP00000030251	ENSEEEG00000014500	RAI14	ENSPKIP00000002865	ENSPKIG00000020593	rai14
ENSEEEP00000032072	ENSEEEG00000015290	CARMIL1	ENSPKIP00000040475	ENSPKIG00000017382	lrrk1
ENSEEEP00000035741	ENSEEEG00000017014		ENSPKIP00000033986	ENSPKIG00000013501	
ENSEEEP00000040425	ENSEEEG00000019148	TECTB	ENSPKIP00000013798	ENSPKIG00000001093	tectb
ENSEEEP00000006260	ENSEEEG00000003336	ARL14EP	ENSPKIP00000013628	ENSPKIG00000000982	arl14ep
ENSEEEP00000054050	ENSEEEG00000003338	FSHB	ENSPKIP00000013663	ENSPKIG00000001011	fshb
ENSEEEP00000022657	ENSEEEG00000011003	cd82b	ENSPKIP00000036427	ENSPKIG00000015005	cd82b
ENSEEEP00000058927	ENSEEEG00000027907	TFAP4	ENSPKIP00000022323	ENSPKIG00000006361	TFAP4
ENSEEEP00000022654	ENSEEEG00000011000	tspan18b	ENSPKIP00000018244	ENSPKIG00000003875	tspan18a
ENSEEEP00000032345	ENSEEEG00000015417	zgc:153733	ENSPKIP00000036202	ENSPKIG00000014850	pheta2
ENSEEEP00000007568	ENSEEEG00000003953	lsm14aa	ENSPKIP00000019760	ENSPKIG00000004788	LSM14A
ENSEEEP00000047708	ENSEEEG00000022457	CATIP	ENSPKIP00000030376	ENSPKIG00000011251	catip
ENSEEEP00000032351	ENSEEEG00000015418	CD2BP2	ENSPKIP00000041138	ENSPKIG00000017798	cd2bp2
ENSEEEP00000013427	ENSEEEG00000006712	STAM	ENSPKIP00000029976	ENSPKIG00000011002	stam
ENSEEEP00000048837	ENSEEEG00000022968	si:ch211-10a23.2	ENSPKIP00000016534	ENSPKIG00000002809	si:ch211-10a23.2
ENSEEEP00000053497	ENSEEEG00000026280	prr14	ENSPKIP00000039992	ENSPKIG00000017122	
ENSEEEP00000029662	ENSEEEG00000014185	AAAS	ENSPKIP00000022441	ENSPKIG00000006426	aaas
ENSEEEP00000006272	ENSEEEG00000003341	METTL15	ENSPKIP00000013742	ENSPKIG00000001056	mettl15
ENSEEEP00000022648	ENSEEEG00000010997	LMO2	ENSPKIP00000018349	ENSPKIG00000003941	lmo2
ENSEEEP00000028701	ENSEEEG00000013788	SLC35B2	ENSPKIP00000016156	ENSPKIG00000002605	slc35b2
ENSEEEP00000024465	ENSEEEG00000011864		ENSPKIP00000002632	ENSPKIG00000020458	ice1
ENSEEEP00000032359	ENSEEEG00000015425	si:dkey-16l2.20	ENSPKIP00000041170	ENSPKIG00000017828	
ENSEEEP00000054939	ENSEEEG00000027989	PPCS	ENSPKIP00000033079	ENSPKIG00000012923	
ENSEEEP00000047707	ENSEEEG00000022456	GPR180	ENSPKIP00000000014	ENSPKIG00000018842	GPR180
ENSEEEP00000028703	ENSEEEG00000013789	NFKBIE	ENSPKIP00000016134	ENSPKIG00000002594	nfkbie
ENSEEEP00000036663	ENSEEEG00000017404	KIF18A	ENSPKIP00000013830	ENSPKIG00000001113	KIF18A
ENSEEEP00000009463	ENSEEEG00000004830	UTP3	ENSPKIP00000033037	ENSPKIG00000012883	utp3
ENSEEEP00000034083	ENSEEEG00000016233	nptnb	ENSPKIP00000000917	ENSPKIG00000019379	NPTN
ENSEEEP00000032404	ENSEEEG00000015430	zgc:162613	ENSPKIP00000041239	ENSPKIG00000017868	rusf1
ENSEEEP00000043808	ENSEEEG00000020703	FAM118B	ENSPKIP00000038188	ENSPKIG00000016061	fam118b
ENSEEEP00000054224	ENSEEEG00000017408	BDNF	ENSPKIP00000005223	ENSPKIG00000021989	bdnf
ENSEEEP00000028708	ENSEEEG00000013792	TCTE1	ENSPKIP00000016096	ENSPKIG00000002579	drc5
ENSEEEP00000049223	ENSEEEG00000023131	UEVLD	ENSPKIP00000013360	ENSPKIG00000000822	uevld
ENSEEEP00000057735	ENSEEEG00000026672	mapre1b	ENSPKIP00000019106	ENSPKIG00000004407	mapre1b
ENSEEEP00000041945	ENSEEEG00000019825	FOXO4	ENSPKIP00000003384	ENSPKIG00000020912	foxo4
ENSEEEP00000042888	ENSEEEG00000020235	gsg1l	ENSPKIP00000001126	ENSPKIG00000019536	gsg1l
ENSEEEP00000047701	ENSEEEG00000022451	TGDS	ENSPKIP00000000150	ENSPKIG00000018894	TGDS
ENSEEEP00000048834	ENSEEEG00000022966	PLEK2	ENSPKIP00000016479	ENSPKIG00000002789	plek2
ENSEEEP00000029487	ENSEEEG00000014123	C14orf28	ENSPKIP00000013717	ENSPKIG00000001045	DORIP1
ENSEEEP00000051114	ENSEEEG00000023997	PRPF31	ENSPKIP00000031292	ENSPKIG00000011812	prpf31
ENSEEEP00000013383	ENSEEEG00000006706	si:dkey-32m20.1	ENSPKIP00000019926	ENSPKIG00000004901	tmem236
ENSEEEP00000041943	ENSEEEG00000019824	si:zfos-80g12.1	ENSPKIP00000003442	ENSPKIG00000020933	sesn4
ENSEEEP00000042887	ENSEEEG00000020234	si:ch211-76l23.4	ENSPKIP00000001140	ENSPKIG00000019549	si:ch211-76l23.4
ENSEEEP00000029486	ENSEEEG00000014121	KLHL28	ENSPKIP00000013662	ENSPKIG00000001002	KLHL28
ENSEEEP00000056346	ENSEEEG00000026512	LIN7C	ENSPKIP00000005257	ENSPKIG00000022005	
ENSEEEP00000002078	ENSEEEG00000001279	si:ch211-188c16.1	ENSPKIP00000015332	ENSPKIG00000002090	si:ch211-188c16.1
ENSEEEP00000028710	ENSEEEG00000013793	RNF8	ENSPKIP00000016066	ENSPKIG00000002550	RNF8
ENSEEEP00000040453	ENSEEEG00000019159	ZDHHC6	ENSPKIP00000014111	ENSPKIG00000001306	zdhhc6
ENSEEEP00000043809	ENSEEEG00000020705	SRPRA	ENSPKIP00000038278	ENSPKIG00000016106	srpra
ENSEEEP00000028712	ENSEEEG00000013796	TAGAP	ENSPKIP00000003871	ENSPKIG00000021199	tagapb
ENSEEEP00000037636	ENSEEEG00000017906	AGO3	ENSPKIP00000013407	ENSPKIG00000000861	
ENSEEEP00000034079	ENSEEEG00000016232	REC114	ENSPKIP00000000936	ENSPKIG00000019414	rec114
ENSEEEP00000004811	ENSEEEG00000002510	mier1b	ENSPKIP00000011706	ENSPKIG00000018689	MIER1
ENSEEEP00000025407	ENSEEEG00000012321	GNL1	ENSPKIP00000015489	ENSPKIG00000002200	gnl1
ENSEEEP00000022149	ENSEEEG00000010757	oaz1b	ENSPKIP00000002987	ENSPKIG00000020671	oaz1b
ENSEEEP00000000380	ENSEEEG00000000270	cplx4c	ENSPKIP00000012864	ENSPKIG00000000506	cplx4c
ENSEEEP00000049222	ENSEEEG00000023130	SPTY2D1	ENSPKIP00000013300	ENSPKIG00000000785	
ENSEEEP00000063840	ENSEEEG00000027527	TMEM86A	ENSPKIP00000013267	ENSPKIG00000000765	tmem86a
ENSEEEP00000004262	ENSEEEG00000002247	RHEBL1	ENSPKIP00000024383	ENSPKIG00000007648	rhebl1
ENSEEEP00000049026	ENSEEEG00000023033	DEK	ENSPKIP00000014841	ENSPKIG00000001763	dek
ENSEEEP00000048823	ENSEEEG00000022964	FBLN5	ENSPKIP00000016326	ENSPKIG00000002688	fbln5
ENSEEEP00000040155	ENSEEEG00000019044	SLC15A5	ENSPKIP00000004594	ENSPKIG00000021636	slc15a5
ENSEEEP00000040461	ENSEEEG00000019163	VTI1A	ENSPKIP00000014215	ENSPKIG00000001358	vti1a
ENSEEEP00000047688	ENSEEEG00000022448	nufip1	ENSPKIP00000024074	ENSPKIG00000007471	NUFIP1
ENSEEEP00000049027	ENSEEEG00000023034	kcnv1	ENSPKIP00000014790	ENSPKIG00000001738	kcnv1
ENSEEEP00000049211	ENSEEEG00000023123	IGSF22	ENSPKIP00000013249	ENSPKIG00000000742	IGSF22
ENSEEEP00000016723	ENSEEEG00000008287	soul3	ENSPKIP00000013456	ENSPKIG00000000882	soul3
ENSEEEP00000049028	ENSEEEG00000023035	gbp	ENSPKIP00000014772	ENSPKIG00000001718	gbp
ENSEEEP00000040153	ENSEEEG00000019043	TMEM17	ENSPKIP00000033747	ENSPKIG00000013336	tmem17
ENSEEEP00000030259	ENSEEEG00000014507	GZMA	ENSPKIP00000002930	ENSPKIG00000020640	
ENSEEEP00000034065	ENSEEEG00000016225	DHDH	ENSPKIP00000001000	ENSPKIG00000019453	dhdh.2
ENSEEEP00000030260	ENSEEEG00000014508	RXFP3	ENSPKIP00000002945	ENSPKIG00000020655	rxfp3
ENSEEEP00000049036	ENSEEEG00000023039	CCNE2	ENSPKIP00000014440	ENSPKIG00000001507	ccne2
ENSEEEP00000030263	ENSEEEG00000014510	SLC45A2	ENSPKIP00000002974	ENSPKIG00000020666	slc45a2
ENSEEEP00000037634	ENSEEEG00000017905		ENSPKIP00000013373	ENSPKIG00000000833	
ENSEEEP00000047680	ENSEEEG00000022442	MTRF1	ENSPKIP00000037591	ENSPKIG00000015711	mtrf1
ENSEEEP00000042848	ENSEEEG00000020091	flr	ENSPKIP00000001225	ENSPKIG00000019578	ift70
ENSEEEP00000040140	ENSEEEG00000019036	FNBP4	ENSPKIP00000033945	ENSPKIG00000013476	fnbp4
ENSEEEP00000047678	ENSEEEG00000022441	WBP4	ENSPKIP00000033851	ENSPKIG00000013409	
ENSEEEP00000057591	ENSEEEG00000026307	HTR1B	ENSPKIP00000040233	ENSPKIG00000017276	
ENSEEEP00000037630	ENSEEEG00000017903	slc25a47b	ENSPKIP00000013305	ENSPKIG00000000789	slc25a47a
ENSEEEP00000050782	ENSEEEG00000023858	klf2b	ENSPKIP00000028501	ENSPKIG00000010130	klf2a
ENSEEEP00000049037	ENSEEEG00000023040	TP53INP1	ENSPKIP00000014407	ENSPKIG00000001484	tp53inp1
ENSEEEP00000040137	ENSEEEG00000019032	LRRC10	ENSPKIP00000006467	ENSPKIG00000022737	lrrc10
ENSEEEP00000054419	ENSEEEG00000008332	slc25a10	ENSPKIP00000032851	ENSPKIG00000012791	slc25a10a
ENSEEEP00000001082	ENSEEEG00000000718	rpl13a	ENSPKIP00000013197	ENSPKIG00000000720	rpl13a
ENSEEEP00000041729	ENSEEEG00000019736	RNF2	ENSPKIP00000021551	ENSPKIG00000005901	rnf2
ENSEEEP00000049038	ENSEEEG00000023041	NAGPA	ENSPKIP00000014344	ENSPKIG00000001439	nagpa
ENSEEEP00000000008	ENSEEEG00000000006	RNF216	ENSPKIP00000029178	ENSPKIG00000010505	rnf216
ENSEEEP00000030267	ENSEEEG00000014511	AMACR	ENSPKIP00000002996	ENSPKIG00000020682	amacr
ENSEEEP00000049041	ENSEEEG00000023043	NDUFAF6	ENSPKIP00000014298	ENSPKIG00000001402	ndufaf6
ENSEEEP00000056409	ENSEEEG00000027048		ENSPKIP00000017048	ENSPKIG00000003123	
ENSEEEP00000001067	ENSEEEG00000000711	ZMPSTE24	ENSPKIP00000013141	ENSPKIG00000000685	zmpste24
ENSEEEP00000030270	ENSEEEG00000014515	BTC	ENSPKIP00000003015	ENSPKIG00000020696	btc
ENSEEEP00000060526	ENSEEEG00000002520	serbp1b	ENSPKIP00000000011	ENSPKIG00000018832	serbp1b
ENSEEEP00000030273	ENSEEEG00000014516	MYL5	ENSPKIP00000004656	ENSPKIG00000020953	MYL5
ENSEEEP00000031896	ENSEEEG00000015226	tmem126a	ENSPKIP00000017018	ENSPKIG00000003107	tmem126a
ENSEEEP00000020362	ENSEEEG00000009937	DOK6	ENSPKIP00000022315	ENSPKIG00000006364	dok6
ENSEEEP00000054178	ENSEEEG00000027786	SMUG1	ENSPKIP00000022232	ENSPKIG00000006327	smug1
ENSEEEP00000020573	ENSEEEG00000010040	cx27.5	ENSPKIP00000034947	ENSPKIG00000014079	GJB1
ENSEEEP00000049044	ENSEEEG00000023044	PLEKHF2	ENSPKIP00000014251	ENSPKIG00000001385	plekhf2
ENSEEEP00000049045	ENSEEEG00000023045	CFAP418	ENSPKIP00000032765	ENSPKIG00000012735	
ENSEEEP00000049046	ENSEEEG00000023046	CD83	ENSPKIP00000034229	ENSPKIG00000013645	
ENSEEEP00000037627	ENSEEEG00000017897	WARS1	ENSPKIP00000013281	ENSPKIG00000000766	WARS1
ENSEEEP00000020357	ENSEEEG00000009930	CD226	ENSPKIP00000022262	ENSPKIG00000006347	cd226
ENSEEEP00000043418	ENSEEEG00000020519	rasd2b	ENSPKIP00000028420	ENSPKIG00000010082	rasd2b
ENSEEEP00000032665	ENSEEEG00000015563	HNRNPA3	ENSPKIP00000022109	ENSPKIG00000006240	
ENSEEEP00000048803	ENSEEEG00000022934	TRIP11	ENSPKIP00000016250	ENSPKIG00000002652	trip11
ENSEEEP00000030436	ENSEEEG00000014526	HELQ	ENSPKIP00000004706	ENSPKIG00000021702	helq
ENSEEEP00000031900	ENSEEEG00000015231	CREBZF	ENSPKIP00000016985	ENSPKIG00000003090	crebzf
ENSEEEP00000001580	ENSEEEG00000000911	RMND1	ENSPKIP00000035070	ENSPKIG00000014133	rmnd1
ENSEEEP00000043816	ENSEEEG00000020707	st3gal4	ENSPKIP00000038364	ENSPKIG00000016173	ST3GAL4
ENSEEEP00000025719	ENSEEEG00000012426	DNAJC8	ENSPKIP00000023830	ENSPKIG00000007311	dnajc8
ENSEEEP00000049050	ENSEEEG00000023047	zgc:113232	ENSPKIP00000034285	ENSPKIG00000013669	zgc:113232
ENSEEEP00000045656	ENSEEEG00000021534	zgc:193812	ENSPKIP00000001511	ENSPKIG00000019779	zgc:193812
ENSEEEP00000040391	ENSEEEG00000019127	cbln12	ENSPKIP00000026909	ENSPKIG00000009193	cbln12
ENSEEEP00000058356	ENSEEEG00000012333	si:ch211-154o6.3	ENSPKIP00000015614	ENSPKIG00000002251	si:ch211-154o6.3
ENSEEEP00000045663	ENSEEEG00000021536	glsl	ENSPKIP00000000618	ENSPKIG00000019209	glsl
ENSEEEP00000052885	ENSEEEG00000027580	ZBTB34	ENSPKIP00000009671	ENSPKIG00000024688	zbtb34
ENSEEEP00000037611	ENSEEEG00000017896	WDR25	ENSPKIP00000013244	ENSPKIG00000000750	WDR25
ENSEEEP00000025424	ENSEEEG00000012336	COPS7A	ENSPKIP00000015678	ENSPKIG00000002312	cops7a
ENSEEEP00000004892	ENSEEEG00000002551	IPP	ENSPKIP00000018938	ENSPKIG00000004299	IPP
ENSEEEP00000060883	ENSEEEG00000020510	ZNF750	ENSPKIP00000028091	ENSPKIG00000009882	
ENSEEEP00000009234	ENSEEEG00000004743	FGG	ENSPKIP00000041568	ENSPKIG00000018048	fgg
ENSEEEP00000025430	ENSEEEG00000012342	si:ch73-86n18.1	ENSPKIP00000015735	ENSPKIG00000002344	cldc1
ENSEEEP00000040572	ENSEEEG00000019217	RCAN2	ENSPKIP00000036927	ENSPKIG00000015313	rcan2
ENSEEEP00000030440	ENSEEEG00000014582	mrps18c	ENSPKIP00000004768	ENSPKIG00000021736	mrps18c
ENSEEEP00000009228	ENSEEEG00000004741	lrata	ENSPKIP00000036984	ENSPKIG00000015351	lratb.1
ENSEEEP00000030443	ENSEEEG00000014584	ABRAXAS1	ENSPKIP00000004746	ENSPKIG00000021725	abraxas1
ENSEEEP00000040565	ENSEEEG00000019215	cyp39a1	ENSPKIP00000036859	ENSPKIG00000015264	cyp39a1
ENSEEEP00000046229	ENSEEEG00000021777		ENSPKIP00000000197	ENSPKIG00000018930	
ENSEEEP00000054608	ENSEEEG00000025719	tyw1	ENSPKIP00000022604	ENSPKIG00000006545	tyw1
ENSEEEP00000032677	ENSEEEG00000015579	ZNF366	ENSPKIP00000021815	ENSPKIG00000006041	znf740b
ENSEEEP00000043395	ENSEEEG00000020506	B3GNTL1	ENSPKIP00000021357	ENSPKIG00000005795	qtgal
ENSEEEP00000040558	ENSEEEG00000019212	CCNK	ENSPKIP00000035973	ENSPKIG00000014721	CCNK
ENSEEEP00000016291	ENSEEEG00000008058	LZTFL1	ENSPKIP00000027849	ENSPKIG00000009710	lztfl1
ENSEEEP00000009223	ENSEEEG00000004737	MAP9	ENSPKIP00000041749	ENSPKIG00000018163	map9
ENSEEEP00000040553	ENSEEEG00000019211	ccdc85cb	ENSPKIP00000036039	ENSPKIG00000014752	ccdc85ca
ENSEEEP00000009872	ENSEEEG00000005020	DLK1	ENSPKIP00000013143	ENSPKIG00000000692	DLK1
ENSEEEP00000016283	ENSEEEG00000008055	ccr9b	ENSPKIP00000027889	ENSPKIG00000009754	ccr9b
ENSEEEP00000043388	ENSEEEG00000020500		ENSPKIP00000003822	ENSPKIG00000021153	
ENSEEEP00000049051	ENSEEEG00000023048	SNRNP48	ENSPKIP00000034333	ENSPKIG00000013703	snrnp48
ENSEEEP00000051096	ENSEEEG00000023994	LENG1	ENSPKIP00000031422	ENSPKIG00000011917	leng1
ENSEEEP00000009212	ENSEEEG00000004720	GUCY1B1	ENSPKIP00000041922	ENSPKIG00000018265	gucy1b1
ENSEEEP00000049058	ENSEEEG00000023049	PIK3R4	ENSPKIP00000034210	ENSPKIG00000013607	pik3r4
ENSEEEP00000054127	ENSEEEG00000023993	tmc4	ENSPKIP00000031463	ENSPKIG00000011939	tmc4
ENSEEEP00000032685	ENSEEEG00000015580	LIMA1	ENSPKIP00000021425	ENSPKIG00000005837	
ENSEEEP00000003034	ENSEEEG00000001719	helt	ENSPKIP00000007784	ENSPKIG00000023547	helt
ENSEEEP00000003362	ENSEEEG00000001889	CALN1	ENSPKIP00000022683	ENSPKIG00000006593	caln1
ENSEEEP00000054401	ENSEEEG00000025169	SPATA2	ENSPKIP00000021004	ENSPKIG00000005572	spata2
ENSEEEP00000020295	ENSEEEG00000009907	cbln2b	ENSPKIP00000021962	ENSPKIG00000006164	cbln2b
ENSEEEP00000051092	ENSEEEG00000023992	MBOAT7	ENSPKIP00000031504	ENSPKIG00000011968	mboat7
ENSEEEP00000043475	ENSEEEG00000020552	RNF114	ENSPKIP00000021105	ENSPKIG00000005611	rnf114
ENSEEEP00000059230	ENSEEEG00000025951	mafba	ENSPKIP00000021142	ENSPKIG00000005667	mafba
ENSEEEP00000045685	ENSEEEG00000021542	NEDD1	ENSPKIP00000024562	ENSPKIG00000007764	nedd1
ENSEEEP00000013279	ENSEEEG00000006635	COPA	ENSPKIP00000024511	ENSPKIG00000007692	copa
ENSEEEP00000004590	ENSEEEG00000002392	or134-1	ENSPKIP00000007008	ENSPKIG00000023064	or90a1
ENSEEEP00000064360	ENSEEEG00000028123	Gm11564	ENSPKIP00000009783	ENSPKIG00000024754	
ENSEEEP00000045686	ENSEEEG00000021545	si:ch211-59o9.10	ENSPKIP00000024090	ENSPKIG00000007476	
ENSEEEP00000051090	ENSEEEG00000023990	gstk4	ENSPKIP00000010424	ENSPKIG00000025146	gstk1
ENSEEEP00000004595	ENSEEEG00000002396	si:dkeyp-3f10.16	ENSPKIP00000007046	ENSPKIG00000023081	
ENSEEEP00000059332	ENSEEEG00000025734	guk1a	ENSPKIP00000020756	ENSPKIG00000005424	guk1a
ENSEEEP00000045708	ENSEEEG00000021546	SYCP3	ENSPKIP00000018229	ENSPKIG00000003873	sycp3
ENSEEEP00000003105	ENSEEEG00000001760	CFAP97	ENSPKIP00000007840	ENSPKIG00000023583	cfap97
ENSEEEP00000004904	ENSEEEG00000002558	C1orf35	ENSPKIP00000020805	ENSPKIG00000005451	zgc:63882
ENSEEEP00000051084	ENSEEEG00000023989	styk1b	ENSPKIP00000010392	ENSPKIG00000025125	styk1b
ENSEEEP00000049427	ENSEEEG00000023230	WDR75	ENSPKIP00000027000	ENSPKIG00000009219	wdr75
ENSEEEP00000005244	ENSEEEG00000002691	PLAT	ENSPKIP00000014608	ENSPKIG00000001615	plat
ENSEEEP00000058263	ENSEEEG00000021057	dap1b	ENSPKIP00000032168	ENSPKIG00000012371	DAPL1
ENSEEEP00000003106	ENSEEEG00000001761	ANKRD37	ENSPKIP00000007994	ENSPKIG00000023670	ankrd37
ENSEEEP00000054546	ENSEEEG00000023987	PHC1	ENSPKIP00000010357	ENSPKIG00000025100	phc1
ENSEEEP00000004290	ENSEEEG00000002266	UFSP2	ENSPKIP00000007962	ENSPKIG00000023651	ufsp2
ENSEEEP00000032826	ENSEEEG00000015591	ube2v1	ENSPKIP00000018117	ENSPKIG00000003792	ube2v1
ENSEEEP00000044597	ENSEEEG00000021056	NME8	ENSPKIP00000040296	ENSPKIG00000017316	nme9
ENSEEEP00000017406	ENSEEEG00000008610	hexdc	ENSPKIP00000005066	ENSPKIG00000021896	hexd
ENSEEEP00000009100	ENSEEEG00000004687	myoz2b	ENSPKIP00000019382	ENSPKIG00000004580	myoz2a
ENSEEEP00000045872	ENSEEEG00000021556	ACTR6	ENSPKIP00000021661	ENSPKIG00000005971	actr6
ENSEEEP00000025463	ENSEEEG00000012356		ENSPKIP00000038352	ENSPKIG00000016161	
ENSEEEP00000060730	ENSEEEG00000027247	CD40	ENSPKIP00000010161	ENSPKIG00000024985	
ENSEEEP00000049068	ENSEEEG00000023054	CAPN7	ENSPKIP00000033870	ENSPKIG00000013391	capn7
ENSEEEP00000004288	ENSEEEG00000002265	pdlim3a	ENSPKIP00000008027	ENSPKIG00000023684	pdlim3a
ENSEEEP00000025471	ENSEEEG00000012358	cd4-1	ENSPKIP00000015773	ENSPKIG00000002370	
ENSEEEP00000062904	ENSEEEG00000028370	rab5if	ENSPKIP00000021352	ENSPKIG00000005782	rab5if
ENSEEEP00000055606	ENSEEEG00000001590	TIMM21	ENSPKIP00000020281	ENSPKIG00000005119	timm21
ENSEEEP00000062539	ENSEEEG00000025467	si:dkey-118j18.2	ENSPKIP00000020517	ENSPKIG00000005269	si:dkey-118j18.2
ENSEEEP00000048740	ENSEEEG00000022932	GOLGA5	ENSPKIP00000016168	ENSPKIG00000002616	golga5
ENSEEEP00000033087	ENSEEEG00000015743	rinl	ENSPKIP00000025669	ENSPKIG00000008459	
ENSEEEP00000025475	ENSEEEG00000012363	TIMD4	ENSPKIP00000015869	ENSPKIG00000002412	
ENSEEEP00000059547	ENSEEEG00000029106	KCTD2	ENSPKIP00000032045	ENSPKIG00000012295	kctd2
ENSEEEP00000049074	ENSEEEG00000023055	sh3bp5b	ENSPKIP00000033705	ENSPKIG00000013317	sh3bp5b
ENSEEEP00000039185	ENSEEEG00000018498	MRPS9	ENSPKIP00000029196	ENSPKIG00000010542	mrps9
ENSEEEP00000041328	ENSEEEG00000019553	plpp1a	ENSPKIP00000003479	ENSPKIG00000020958	plpp1a
ENSEEEP00000033093	ENSEEEG00000015746	MEIS3	ENSPKIP00000025636	ENSPKIG00000008427	meis3
ENSEEEP00000004684	ENSEEEG00000002410	RBPJL	ENSPKIP00000007133	ENSPKIG00000023144	rbpjl
ENSEEEP00000049078	ENSEEEG00000023057	METTL6	ENSPKIP00000033664	ENSPKIG00000013289	mettl6
ENSEEEP00000030484	ENSEEEG00000014599	nkx6.1	ENSPKIP00000004843	ENSPKIG00000021776	nkx6.1
ENSEEEP00000004236	ENSEEEG00000002214	TLR3	ENSPKIP00000008600	ENSPKIG00000024029	tlr3
ENSEEEP00000064513	ENSEEEG00000000823		ENSPKIP00000032186	ENSPKIG00000012382	
ENSEEEP00000030490	ENSEEEG00000014601	rpl17	ENSPKIP00000004870	ENSPKIG00000021790	rpl17
ENSEEEP00000060268	ENSEEEG00000025144	RPS21	ENSPKIP00000000054	ENSPKIG00000018867	rps21
ENSEEEP00000042327	ENSEEEG00000019992	ANGPTL6	ENSPKIP00000037283	ENSPKIG00000015533	angptl6
ENSEEEP00000003325	ENSEEEG00000001875	fam222bb	ENSPKIP00000038512	ENSPKIG00000016254	fam222ba
ENSEEEP00000048730	ENSEEEG00000022928	RTF1	ENSPKIP00000016124	ENSPKIG00000002581	rtf1
ENSEEEP00000031289	ENSEEEG00000014983	adma	ENSPKIP00000039897	ENSPKIG00000017086	adma
ENSEEEP00000017433	ENSEEEG00000008625	FAAP100	ENSPKIP00000033841	ENSPKIG00000013401	FAAP100
ENSEEEP00000009075	ENSEEEG00000004677	si:ch211-145b13.6	ENSPKIP00000038785	ENSPKIG00000016432	
ENSEEEP00000051978	ENSEEEG00000024392	GSS	ENSPKIP00000013048	ENSPKIG00000000616	gss
ENSEEEP00000024157	ENSEEEG00000011717	hmgb3a	ENSPKIP00000012443	ENSPKIG00000000238	hmgb3a
ENSEEEP00000051639	ENSEEEG00000024247	HVCN1	ENSPKIP00000037986	ENSPKIG00000015957	hvcn1
ENSEEEP00000045886	ENSEEEG00000021630	GTSE1	ENSPKIP00000016646	ENSPKIG00000002881	gtse1
ENSEEEP00000030497	ENSEEEG00000014611	neflb	ENSPKIP00000005286	ENSPKIG00000022019	neflb
ENSEEEP00000051640	ENSEEEG00000024248	TCTN1	ENSPKIP00000037932	ENSPKIG00000015927	tctn1
ENSEEEP00000009070	ENSEEEG00000004674	wu:fc75a09	ENSPKIP00000038713	ENSPKIG00000016384	
ENSEEEP00000063341	ENSEEEG00000027715	CD99L2	ENSPKIP00000012471	ENSPKIG00000000258	cd99l2
ENSEEEP00000030500	ENSEEEG00000014613	PGAM2	ENSPKIP00000000671	ENSPKIG00000019244	pgam2
ENSEEEP00000042325	ENSEEEG00000019975	ppan	ENSPKIP00000037249	ENSPKIG00000015508	
ENSEEEP00000063583	ENSEEEG00000015750	ech1	ENSPKIP00000025524	ENSPKIG00000008358	ech1
ENSEEEP00000013228	ENSEEEG00000006628	pex19	ENSPKIP00000024678	ENSPKIG00000007840	pex19
ENSEEEP00000059928	ENSEEEG00000018481	TGFBRAP1	ENSPKIP00000031351	ENSPKIG00000011847	tgfbrap1
ENSEEEP00000051068	ENSEEEG00000023979	LYRM1	ENSPKIP00000027507	ENSPKIG00000009541	lyrm1
ENSEEEP00000051065	ENSEEEG00000023978	DCUN1D3	ENSPKIP00000027536	ENSPKIG00000009560	DCUN1D3
ENSEEEP00000035989	ENSEEEG00000017122	FAM151B	ENSPKIP00000035440	ENSPKIG00000014403	fam151b
ENSEEEP00000035990	ENSEEEG00000017123	CCDC125	ENSPKIP00000035514	ENSPKIG00000014452	ccdc125
ENSEEEP00000051981	ENSEEEG00000024394	si:rp71-79p20.2	ENSPKIP00000020459	ENSPKIG00000005231	slc2a4rg
ENSEEEP00000051064	ENSEEEG00000023976		ENSPKIP00000027580	ENSPKIG00000009584	
ENSEEEP00000030538	ENSEEEG00000014627	CRKL	ENSPKIP00000005750	ENSPKIG00000022302	CRKL
ENSEEEP00000064216	ENSEEEG00000026387	DPH3	ENSPKIP00000031248	ENSPKIG00000011807	
ENSEEEP00000002465	ENSEEEG00000001441	MTRR	ENSPKIP00000020957	ENSPKIG00000005547	mtrr
ENSEEEP00000031299	ENSEEEG00000014987	lyve1a	ENSPKIP00000006627	ENSPKIG00000022831	
ENSEEEP00000005019	ENSEEEG00000002561	zgc:56235	ENSPKIP00000014442	ENSPKIG00000001500	
ENSEEEP00000035736	ENSEEEG00000017009	BAG3	ENSPKIP00000020797	ENSPKIG00000005450	bag3
ENSEEEP00000031300	ENSEEEG00000014988	mrvi1	ENSPKIP00000030317	ENSPKIG00000011215	
ENSEEEP00000061439	ENSEEEG00000027452	NKAIN4	ENSPKIP00000025550	ENSPKIG00000008379	NKAIN3
ENSEEEP00000048721	ENSEEEG00000022923	NDUFAF1	ENSPKIP00000016072	ENSPKIG00000002562	ndufaf1
ENSEEEP00000004698	ENSEEEG00000002455	OSER1	ENSPKIP00000007144	ENSPKIG00000023160	oser1
ENSEEEP00000053482	ENSEEEG00000027682	DNAL4	ENSPKIP00000018572	ENSPKIG00000004101	dnal4b
ENSEEEP00000023440	ENSEEEG00000011362	HMX2	ENSPKIP00000017061	ENSPKIG00000003134	hmx2
ENSEEEP00000048719	ENSEEEG00000022921	nusap1	ENSPKIP00000016043	ENSPKIG00000002537	nusap1
ENSEEEP00000055170	ENSEEEG00000025159	asdurf	ENSPKIP00000027215	ENSPKIG00000009369	asnsd1
ENSEEEP00000004702	ENSEEEG00000002457	SDC4	ENSPKIP00000007164	ENSPKIG00000023174	sdc4
ENSEEEP00000052257	ENSEEEG00000024504	BIRC7	ENSPKIP00000020164	ENSPKIG00000005044	birc7
ENSEEEP00000035737	ENSEEEG00000017011	INPP5F	ENSPKIP00000020926	ENSPKIG00000005502	inpp5f
ENSEEEP00000061456	ENSEEEG00000017126	RAD17	ENSPKIP00000031902	ENSPKIG00000012215	rad17
ENSEEEP00000048718	ENSEEEG00000022920	OIP5	ENSPKIP00000016014	ENSPKIG00000002521	
ENSEEEP00000030594	ENSEEEG00000014633	MED15	ENSPKIP00000000317	ENSPKIG00000019016	MED15
ENSEEEP00000001350	ENSEEEG00000000897	STX11	ENSPKIP00000041702	ENSPKIG00000018148	stx11a
ENSEEEP00000004708	ENSEEEG00000002459	GDF5	ENSPKIP00000007199	ENSPKIG00000023191	gdf5
ENSEEEP00000062240	ENSEEEG00000026191	IKZF5	ENSPKIP00000016939	ENSPKIG00000003059	ikzf5
ENSEEEP00000032505	ENSEEEG00000015496	DTL	ENSPKIP00000003967	ENSPKIG00000021256	dtl
ENSEEEP00000003304	ENSEEEG00000001859	TXNDC17	ENSPKIP00000024155	ENSPKIG00000007514	txndc17
ENSEEEP00000051061	ENSEEEG00000023973	cox6b1	ENSPKIP00000027677	ENSPKIG00000009630	cox6b1
ENSEEEP00000049413	ENSEEEG00000023225		ENSPKIP00000027181	ENSPKIG00000009346	
ENSEEEP00000052258	ENSEEEG00000024505	DDX23	ENSPKIP00000008748	ENSPKIG00000024110	ddx23
ENSEEEP00000021009	ENSEEEG00000010247		ENSPKIP00000039862	ENSPKIG00000017047	
ENSEEEP00000048708	ENSEEEG00000022918	CCDC28B	ENSPKIP00000030989	ENSPKIG00000011655	ccdc28b
ENSEEEP00000023621	ENSEEEG00000011437	cuzd1.2	ENSPKIP00000013470	ENSPKIG00000000897	
ENSEEEP00000048707	ENSEEEG00000022917	iqcc	ENSPKIP00000031021	ENSPKIG00000011690	iqcc
ENSEEEP00000039073	ENSEEEG00000018551	si:ch73-25f10.6	ENSPKIP00000030640	ENSPKIG00000011425	si:ch73-25f10.6
ENSEEEP00000004722	ENSEEEG00000002468	UQCC1	ENSPKIP00000007261	ENSPKIG00000023227	uqcc1
ENSEEEP00000049409	ENSEEEG00000023223	zgc:136439	ENSPKIP00000027256	ENSPKIG00000009390	zgc:136439
ENSEEEP00000059682	ENSEEEG00000026067	PPP1R11	ENSPKIP00000030616	ENSPKIG00000011408	ppp1r11
ENSEEEP00000004855	ENSEEEG00000002537	ENKD1	ENSPKIP00000014406	ENSPKIG00000001481	enkd1
ENSEEEP00000013218	ENSEEEG00000006625	zgc:101744	ENSPKIP00000017820	ENSPKIG00000003590	reep6
ENSEEEP00000004727	ENSEEEG00000002474	FAM83C	ENSPKIP00000007294	ENSPKIG00000023250	fam83c
ENSEEEP00000035858	ENSEEEG00000017059	KLHL11	ENSPKIP00000002689	ENSPKIG00000020486	klhl11
ENSEEEP00000048705	ENSEEEG00000022916	DCDC2B	ENSPKIP00000031053	ENSPKIG00000011702	dcdc2b
ENSEEEP00000008385	ENSEEEG00000004375	CFL2	ENSPKIP00000015368	ENSPKIG00000002121	cfl2
ENSEEEP00000051648	ENSEEEG00000024253	SDHAF1	ENSPKIP00000040934	ENSPKIG00000017701	nfkbil1
ENSEEEP00000013217	ENSEEEG00000006624	diras1b	ENSPKIP00000017603	ENSPKIG00000003444	diras1a
ENSEEEP00000058795	ENSEEEG00000028135	GNG7	ENSPKIP00000017574	ENSPKIG00000003433	gng7
ENSEEEP00000038881	ENSEEEG00000018443	mlpha	ENSPKIP00000031371	ENSPKIG00000011882	mlpha
ENSEEEP00000048702	ENSEEEG00000022915	TMEM234	ENSPKIP00000031087	ENSPKIG00000011724	tmem234
ENSEEEP00000025520	ENSEEEG00000012385	P3H3	ENSPKIP00000027075	ENSPKIG00000009290	p3h3
ENSEEEP00000058194	ENSEEEG00000026603	POLB	ENSPKIP00000014369	ENSPKIG00000001456	polb
ENSEEEP00000063166	ENSEEEG00000015764	SLC2A10	ENSPKIP00000018279	ENSPKIG00000003904	slc2a10
ENSEEEP00000032550	ENSEEEG00000015509	INTS7	ENSPKIP00000004051	ENSPKIG00000021288	ints7
ENSEEEP00000008382	ENSEEEG00000004373	BAZ1A	ENSPKIP00000015310	ENSPKIG00000002068	baz1a
ENSEEEP00000049400	ENSEEEG00000023216	OSGEPL1	ENSPKIP00000036397	ENSPKIG00000014986	osgepl1
ENSEEEP00000063830	ENSEEEG00000027900	baiap2l2a	ENSPKIP00000018869	ENSPKIG00000004259	baiap2l2b
ENSEEEP00000003826	ENSEEEG00000002051	TP53RK	ENSPKIP00000018311	ENSPKIG00000003915	tp53rk
ENSEEEP00000001340	ENSEEEG00000000892	SHPRH	ENSPKIP00000041457	ENSPKIG00000017964	shprh
ENSEEEP00000046733	ENSEEEG00000021947	BLMH	ENSPKIP00000012177	ENSPKIG00000000062	blmh
ENSEEEP00000049095	ENSEEEG00000023070	CEP162	ENSPKIP00000005983	ENSPKIG00000022444	cep162
ENSEEEP00000003295	ENSEEEG00000001853	MRM3	ENSPKIP00000032715	ENSPKIG00000012704	MRM3
ENSEEEP00000049397	ENSEEEG00000023213	adat3	ENSPKIP00000027315	ENSPKIG00000009430	adat3
ENSEEEP00000041284	ENSEEEG00000019535	vgll4l	ENSPKIP00000018807	ENSPKIG00000004235	vgll4l
ENSEEEP00000038872	ENSEEEG00000018437	ackr3b	ENSPKIP00000030983	ENSPKIG00000011654	ackr3b
ENSEEEP00000063216	ENSEEEG00000025803	ORMDL1	ENSPKIP00000027294	ENSPKIG00000009421	ormdl1
ENSEEEP00000035750	ENSEEEG00000017012	MCMBP	ENSPKIP00000021017	ENSPKIG00000005579	mcmbp
ENSEEEP00000003289	ENSEEEG00000001754	GLOD4	ENSPKIP00000024063	ENSPKIG00000007451	glod4
ENSEEEP00000060951	ENSEEEG00000011434	plekha1a	ENSPKIP00000013357	ENSPKIG00000000810	plekha1a
ENSEEEP00000049097	ENSEEEG00000023071	mrap2a	ENSPKIP00000031878	ENSPKIG00000012201	
ENSEEEP00000049599	ENSEEEG00000023318	VAPA	ENSPKIP00000026453	ENSPKIG00000008933	vapal
ENSEEEP00000049387	ENSEEEG00000023210	PMS1	ENSPKIP00000036305	ENSPKIG00000014918	pms1
ENSEEEP00000049098	ENSEEEG00000023074	plekho1b	ENSPKIP00000031793	ENSPKIG00000012143	plekho1a
ENSEEEP00000049602	ENSEEEG00000023320		ENSPKIP00000016742	ENSPKIG00000002935	
ENSEEEP00000021053	ENSEEEG00000010268	SMIM8	ENSPKIP00000037836	ENSPKIG00000015862	
ENSEEEP00000000156	ENSEEEG00000000119		ENSPKIP00000033380	ENSPKIG00000013115	
ENSEEEP00000007268	ENSEEEG00000003819	CSF2RB	ENSPKIP00000014180	ENSPKIG00000001341	
ENSEEEP00000064626	ENSEEEG00000001432	CCT5	ENSPKIP00000029264	ENSPKIG00000010570	cct5
ENSEEEP00000061070	ENSEEEG00000027921		ENSPKIP00000023624	ENSPKIG00000007183	
ENSEEEP00000018385	ENSEEEG00000009027		ENSPKIP00000039781	ENSPKIG00000017009	
ENSEEEP00000019494	ENSEEEG00000009542	AACS	ENSPKIP00000032691	ENSPKIG00000012644	aacs
ENSEEEP00000057266	ENSEEEG00000006248	ADAT1	ENSPKIP00000019969	ENSPKIG00000004925	adat1
ENSEEEP00000057567	ENSEEEG00000026935	dynll1	ENSPKIP00000014316	ENSPKIG00000001421	dynll1
ENSEEEP00000013201	ENSEEEG00000006615	pdcd10b	ENSPKIP00000009270	ENSPKIG00000024386	pdcd10b
ENSEEEP00000049099	ENSEEEG00000023075	pogzb	ENSPKIP00000031284	ENSPKIG00000011704	pogzb
ENSEEEP00000059560	ENSEEEG00000008299	MYBBP1A	ENSPKIP00000037412	ENSPKIG00000015572	mybbp1a
ENSEEEP00000007300	ENSEEEG00000003830	zgc:123244	ENSPKIP00000023691	ENSPKIG00000007220	tmem150b
ENSEEEP00000056144	ENSEEEG00000026967	BUD31	ENSPKIP00000039823	ENSPKIG00000017037	bud31
ENSEEEP00000062448	ENSEEEG00000015200	rpl6	ENSPKIP00000014286	ENSPKIG00000001407	rpl6
ENSEEEP00000008378	ENSEEEG00000004371	zgc:109986	ENSPKIP00000015253	ENSPKIG00000002034	zgc:109986
ENSEEEP00000058599	ENSEEEG00000028758		ENSPKIP00000017200	ENSPKIG00000003197	
ENSEEEP00000013193	ENSEEEG00000006613	KLHL6	ENSPKIP00000036185	ENSPKIG00000014846	KLHL6
ENSEEEP00000036944	ENSEEEG00000017545	c1qtnf4	ENSPKIP00000032241	ENSPKIG00000012410	c1qtnf4
ENSEEEP00000008374	ENSEEEG00000004368	SRP54	ENSPKIP00000015199	ENSPKIG00000001953	srp54
ENSEEEP00000032572	ENSEEEG00000015526	LPGAT1	ENSPKIP00000004107	ENSPKIG00000021349	lpgat1
ENSEEEP00000036946	ENSEEEG00000017547	NDUFS3	ENSPKIP00000032217	ENSPKIG00000012394	ndufs3
ENSEEEP00000031832	ENSEEEG00000015176	ACAA2	ENSPKIP00000014223	ENSPKIG00000001360	acaa2
ENSEEEP00000036954	ENSEEEG00000017553	PTPMT1	ENSPKIP00000032177	ENSPKIG00000012375	ptpmt1
ENSEEEP00000012456	ENSEEEG00000006251	GABARAPL2	ENSPKIP00000019947	ENSPKIG00000004911	gabarapl2
ENSEEEP00000000084	ENSEEEG00000000054	ZBTB14	ENSPKIP00000019075	ENSPKIG00000004399	zbtb14
ENSEEEP00000002443	ENSEEEG00000001430	CMBL	ENSPKIP00000021047	ENSPKIG00000005583	cmbl
ENSEEEP00000016416	ENSEEEG00000008096	NEK2	ENSPKIP00000004148	ENSPKIG00000021375	nek2
ENSEEEP00000010408	ENSEEEG00000005269	atp5mf	ENSPKIP00000039813	ENSPKIG00000017026	atp5mf
ENSEEEP00000049354	ENSEEEG00000023192	C2orf88	ENSPKIP00000027358	ENSPKIG00000009458	
ENSEEEP00000019453	ENSEEEG00000009535	BRI3BP	ENSPKIP00000032772	ENSPKIG00000012729	bri3bp
ENSEEEP00000055946	ENSEEEG00000028256	cox5b2	ENSPKIP00000024000	ENSPKIG00000007420	
ENSEEEP00000007551	ENSEEEG00000003851	ADSL	ENSPKIP00000023768	ENSPKIG00000007255	adsl
ENSEEEP00000014343	ENSEEEG00000007129	SCAF11	ENSPKIP00000015620	ENSPKIG00000002269	scaf11
ENSEEEP00000061194	ENSEEEG00000025351	SLC22A15	ENSPKIP00000001308	ENSPKIG00000019581	slc22a15
ENSEEEP00000060068	ENSEEEG00000027813	KLHL15	ENSPKIP00000010511	ENSPKIG00000025208	klhl15
ENSEEEP00000010417	ENSEEEG00000005271	CPSF4	ENSPKIP00000035262	ENSPKIG00000014278	cpsf4
ENSEEEP00000019450	ENSEEEG00000009532	RNF215	ENSPKIP00000002434	ENSPKIG00000020305	rnf215
ENSEEEP00000038851	ENSEEEG00000018425	GBX2	ENSPKIP00000030932	ENSPKIG00000011620	gbx2
ENSEEEP00000057274	ENSEEEG00000028155	HUNK	ENSPKIP00000006052	ENSPKIG00000022484	HUNK
ENSEEEP00000044624	ENSEEEG00000021070	RAB11FIP2	ENSPKIP00000011794	ENSPKIG00000018743	rab11fip2
ENSEEEP00000012526	ENSEEEG00000006262	TMEM231	ENSPKIP00000002928	ENSPKIG00000020633	tmem231
ENSEEEP00000049344	ENSEEEG00000023166	HIBCH	ENSPKIP00000027528	ENSPKIG00000009544	hibch
ENSEEEP00000016349	ENSEEEG00000008088	RD3	ENSPKIP00000004208	ENSPKIG00000021412	rd3
ENSEEEP00000000344	ENSEEEG00000000249	TMEM200C	ENSPKIP00000019216	ENSPKIG00000004470	TMEM200C
ENSEEEP00000044621	ENSEEEG00000021069	EMX2	ENSPKIP00000011840	ENSPKIG00000018768	emx2
ENSEEEP00000029768	ENSEEEG00000014260	MIS18A	ENSPKIP00000006141	ENSPKIG00000022536	mis18a
ENSEEEP00000010423	ENSEEEG00000005272	pdap1b	ENSPKIP00000039846	ENSPKIG00000017053	pdap1b
ENSEEEP00000047671	ENSEEEG00000022436	GPR34	ENSPKIP00000017685	ENSPKIG00000003500	gpr34b
ENSEEEP00000002434	ENSEEEG00000001406	eif2s3	ENSPKIP00000010503	ENSPKIG00000025202	eif2s3
ENSEEEP00000062015	ENSEEEG00000028847	eva1c	ENSPKIP00000006184	ENSPKIG00000022564	
ENSEEEP00000016335	ENSEEEG00000008059	RHAG	ENSPKIP00000004248	ENSPKIG00000021430	rhag
ENSEEEP00000055502	ENSEEEG00000007126	ARID2	ENSPKIP00000015700	ENSPKIG00000002325	arid2
ENSEEEP00000019434	ENSEEEG00000009521	ASCC2	ENSPKIP00000002471	ENSPKIG00000020354	ascc2
ENSEEEP00000021725	ENSEEEG00000010564	KIF11	ENSPKIP00000014452	ENSPKIG00000001508	kif11
ENSEEEP00000044608	ENSEEEG00000021059	eif3s10	ENSPKIP00000000325	ENSPKIG00000019034	EIF3A
ENSEEEP00000058593	ENSEEEG00000023080	SELENBP1	ENSPKIP00000030847	ENSPKIG00000011542	selenbp1
ENSEEEP00000016272	ENSEEEG00000008047	pxdc1b	ENSPKIP00000018159	ENSPKIG00000003821	PXDC1
ENSEEEP00000045188	ENSEEEG00000021333	chst6	ENSPKIP00000019896	ENSPKIG00000004884	chst6
ENSEEEP00000045185	ENSEEEG00000021331	SPIRE2	ENSPKIP00000019837	ENSPKIG00000004842	spire2
ENSEEEP00000042531	ENSEEEG00000020081	C16orf89	ENSPKIP00000001285	ENSPKIG00000019633	si:ch211-76l23.7
ENSEEEP00000053733	ENSEEEG00000025297	EMC9	ENSPKIP00000023993	ENSPKIG00000007416	emc9
ENSEEEP00000063262	ENSEEEG00000014265	cfap298	ENSPKIP00000002138	ENSPKIG00000020126	cfap298
ENSEEEP00000014695	ENSEEEG00000007306		ENSPKIP00000018347	ENSPKIG00000003933	
ENSEEEP00000033559	ENSEEEG00000015966	CHCHD2	ENSPKIP00000022074	ENSPKIG00000006219	chchd2
ENSEEEP00000039811	ENSEEEG00000018770	WASHC4	ENSPKIP00000039690	ENSPKIG00000016920	washc4
ENSEEEP00000030797	ENSEEEG00000014671	SMPD4	ENSPKIP00000000094	ENSPKIG00000018865	smpd4
ENSEEEP00000058389	ENSEEEG00000027671	GAS2L3	ENSPKIP00000010908	ENSPKIG00000025440	
ENSEEEP00000014721	ENSEEEG00000007323	olah	ENSPKIP00000020259	ENSPKIG00000005103	olah
ENSEEEP00000042511	ENSEEEG00000020079	alg1	ENSPKIP00000001329	ENSPKIG00000019652	alg1
ENSEEEP00000033574	ENSEEEG00000015971	psph	ENSPKIP00000021783	ENSPKIG00000006038	psph
ENSEEEP00000049280	ENSEEEG00000023147	POFUT2	ENSPKIP00000008368	ENSPKIG00000023893	pofut2
ENSEEEP00000045182	ENSEEEG00000021329	SNTB2	ENSPKIP00000019752	ENSPKIG00000004785	sntb2
ENSEEEP00000045985	ENSEEEG00000021667	FGFR1OP2	ENSPKIP00000019900	ENSPKIG00000004879	fgfr1op2
ENSEEEP00000000424	ENSEEEG00000000311	ARHGAP28	ENSPKIP00000034036	ENSPKIG00000013524	arhgap28
ENSEEEP00000014736	ENSEEEG00000007327	TEKT2	ENSPKIP00000017248	ENSPKIG00000003234	tekt2
ENSEEEP00000007571	ENSEEEG00000003954	COPZ2	ENSPKIP00000013034	ENSPKIG00000000610	copz2
ENSEEEP00000019400	ENSEEEG00000009484	CHFR	ENSPKIP00000028158	ENSPKIG00000009865	chfr
ENSEEEP00000045990	ENSEEEG00000021670	TM7SF3	ENSPKIP00000010894	ENSPKIG00000025432	tm7sf3
ENSEEEP00000022126	ENSEEEG00000010747	NAT10	ENSPKIP00000018623	ENSPKIG00000004093	NAT10
ENSEEEP00000021089	ENSEEEG00000028755	CD164	ENSPKIP00000038691	ENSPKIG00000016372	
ENSEEEP00000002646	ENSEEEG00000001522	SYNRG	ENSPKIP00000023404	ENSPKIG00000007000	synrg
ENSEEEP00000014738	ENSEEEG00000007331	si:dkey-211g8.9	ENSPKIP00000017158	ENSPKIG00000003201	si:dkey-211g8.9
ENSEEEP00000011346	ENSEEEG00000005740	ndufb8	ENSPKIP00000023885	ENSPKIG00000007344	ndufb8
ENSEEEP00000014722	ENSEEEG00000007324	FOXN4	ENSPKIP00000015353	ENSPKIG00000002086	
ENSEEEP00000049462	ENSEEEG00000023208	ZNF512	ENSPKIP00000037914	ENSPKIG00000015921	znf512
ENSEEEP00000054267	ENSEEEG00000027050	USF2	ENSPKIP00000012178	ENSPKIG00000000057	USF2
ENSEEEP00000044585	ENSEEEG00000021050	AEBP2	ENSPKIP00000024867	ENSPKIG00000007950	
ENSEEEP00000031780	ENSEEEG00000015175	MRPL40	ENSPKIP00000009356	ENSPKIG00000024494	mrpl40
ENSEEEP00000021098	ENSEEEG00000010291		ENSPKIP00000017554	ENSPKIG00000003414	
ENSEEEP00000031779	ENSEEEG00000015174	si:ch211-51h9.6	ENSPKIP00000009368	ENSPKIG00000024499	si:ch211-51h9.6
ENSEEEP00000014764	ENSEEEG00000007330	TAF6	ENSPKIP00000023149	ENSPKIG00000006892	taf6
ENSEEEP00000055808	ENSEEEG00000024999	cenpv	ENSPKIP00000036159	ENSPKIG00000014829	
ENSEEEP00000030046	ENSEEEG00000014293	SYNJ1	ENSPKIP00000006252	ENSPKIG00000022603	synj1
ENSEEEP00000011726	ENSEEEG00000005905	GAB1	ENSPKIP00000037752	ENSPKIG00000015798	gab1
ENSEEEP00000007581	ENSEEEG00000003957	cbx1a	ENSPKIP00000035632	ENSPKIG00000014496	cbx1a
ENSEEEP00000045994	ENSEEEG00000021673	MED21	ENSPKIP00000010892	ENSPKIG00000025429	med21
ENSEEEP00000020498	ENSEEEG00000010009	mdka	ENSPKIP00000017715	ENSPKIG00000003516	MDK
ENSEEEP00000004657	ENSEEEG00000002428	DDX47	ENSPKIP00000022926	ENSPKIG00000006718	ddx47
ENSEEEP00000007583	ENSEEEG00000003958	hoxb1a	ENSPKIP00000012759	ENSPKIG00000000454	hoxb1a
ENSEEEP00000031763	ENSEEEG00000015094	GLE1	ENSPKIP00000007986	ENSPKIG00000023647	gle1
ENSEEEP00000007585	ENSEEEG00000003959	hoxb2a	ENSPKIP00000012747	ENSPKIG00000000447	hoxb2a
ENSEEEP00000051053	ENSEEEG00000023945	zgc:172076	ENSPKIP00000000783	ENSPKIG00000019330	
ENSEEEP00000004464	ENSEEEG00000002324	st3gal8	ENSPKIP00000041003	ENSPKIG00000017745	st3gal8
ENSEEEP00000050951	ENSEEEG00000023930	TRAF5	ENSPKIP00000000755	ENSPKIG00000019302	TRAF5
ENSEEEP00000007588	ENSEEEG00000003961	hoxb3a	ENSPKIP00000012723	ENSPKIG00000000431	hoxb3a
ENSEEEP00000053859	ENSEEEG00000025908		ENSPKIP00000011777	ENSPKIG00000018674	syne2b
ENSEEEP00000042502	ENSEEEG00000020060	eef2kmt	ENSPKIP00000001343	ENSPKIG00000019673	eef2kmt
ENSEEEP00000059312	ENSEEEG00000002315	DYNLRB1	ENSPKIP00000041060	ENSPKIG00000017775	dynlrb1
ENSEEEP00000056081	ENSEEEG00000023926	RCOR3	ENSPKIP00000000707	ENSPKIG00000019270	rcor3
ENSEEEP00000062382	ENSEEEG00000026541	si:dkey-19b23.12	ENSPKIP00000015280	ENSPKIG00000002057	si:dkey-19b23.12
ENSEEEP00000009641	ENSEEEG00000004915	WBP11	ENSPKIP00000029383	ENSPKIG00000010650	
ENSEEEP00000014768	ENSEEEG00000007346	si:dkey-19b23.8	ENSPKIP00000021936	ENSPKIG00000006148	si:dkey-19b23.8
ENSEEEP00000026340	ENSEEEG00000012755	GPHB5	ENSPKIP00000011556	ENSPKIG00000018593	gphb5
ENSEEEP00000007597	ENSEEEG00000003963	hoxb4a	ENSPKIP00000012704	ENSPKIG00000000416	hoxb4a
ENSEEEP00000054666	ENSEEEG00000026815	MGP	ENSPKIP00000022993	ENSPKIG00000006797	
ENSEEEP00000014773	ENSEEEG00000007348	sat2b	ENSPKIP00000015234	ENSPKIG00000002021	sat2b
ENSEEEP00000010635	ENSEEEG00000005375	TOP3A	ENSPKIP00000040148	ENSPKIG00000017207	top3a
ENSEEEP00000009046	ENSEEEG00000004653	jam3b	ENSPKIP00000024869	ENSPKIG00000007932	JAM3
ENSEEEP00000053062	ENSEEEG00000025733	MAP1LC3A	ENSPKIP00000007453	ENSPKIG00000023334	map1lc3a
ENSEEEP00000009636	ENSEEEG00000004910		ENSPKIP00000023021	ENSPKIG00000006811	
ENSEEEP00000007599	ENSEEEG00000003969	hoxb5a	ENSPKIP00000012695	ENSPKIG00000000411	hoxb5b
ENSEEEP00000052338	ENSEEEG00000024525	G6PD	ENSPKIP00000008950	ENSPKIG00000024234	g6pd
ENSEEEP00000007603	ENSEEEG00000003973	hoxb6a	ENSPKIP00000012680	ENSPKIG00000000403	hoxb6a
ENSEEEP00000059421	ENSEEEG00000019973	P2RY11	ENSPKIP00000028820	ENSPKIG00000010306	p2ry11
ENSEEEP00000023961	ENSEEEG00000011640	MAMLD1	ENSPKIP00000038893	ENSPKIG00000016489	
ENSEEEP00000022108	ENSEEEG00000010743	si:dkey-10o6.2	ENSPKIP00000018715	ENSPKIG00000004183	si:dkey-10o6.2
ENSEEEP00000054376	ENSEEEG00000025760	NAA38	ENSPKIP00000022699	ENSPKIG00000006614	
ENSEEEP00000007606	ENSEEEG00000003976	hoxb7a	ENSPKIP00000012672	ENSPKIG00000000397	hoxb7a
ENSEEEP00000042282	ENSEEEG00000019968	EIF3G	ENSPKIP00000037211	ENSPKIG00000015491	EIF3G
ENSEEEP00000009629	ENSEEEG00000004909		ENSPKIP00000023095	ENSPKIG00000006854	rbfox2
ENSEEEP00000007612	ENSEEEG00000003979	hoxb8a	ENSPKIP00000012662	ENSPKIG00000000388	hoxb8b
ENSEEEP00000005773	ENSEEEG00000003038	cldn15a	ENSPKIP00000022890	ENSPKIG00000006689	cldn15a
ENSEEEP00000000069	ENSEEEG00000000039	CSRNP2	ENSPKIP00000036164	ENSPKIG00000014832	csrnp2
ENSEEEP00000008276	ENSEEEG00000004324	ogt.1	ENSPKIP00000036905	ENSPKIG00000015307	
ENSEEEP00000004404	ENSEEEG00000002306	EFCC1	ENSPKIP00000009409	ENSPKIG00000024532	efcc1
ENSEEEP00000007614	ENSEEEG00000003980	hoxb9a	ENSPKIP00000007082	ENSPKIG00000023117	hoxb9a
ENSEEEP00000049245	ENSEEEG00000023142	bard1	ENSPKIP00000008335	ENSPKIG00000023872	
ENSEEEP00000042962	ENSEEEG00000020279	PSME2	ENSPKIP00000037058	ENSPKIG00000015387	psme2
ENSEEEP00000017695	ENSEEEG00000008738	CCND3	ENSPKIP00000013985	ENSPKIG00000001211	ccnd3
ENSEEEP00000059718	ENSEEEG00000027322	sinhcafl	ENSPKIP00000039407	ENSPKIG00000016768	sinhcafl
ENSEEEP00000004400	ENSEEEG00000002305	si:dkey-57n24.6	ENSPKIP00000009389	ENSPKIG00000024519	cfap92
ENSEEEP00000016179	ENSEEEG00000008015	C12orf57	ENSPKIP00000005798	ENSPKIG00000022334	grcc10
ENSEEEP00000007623	ENSEEEG00000003985	hoxb13a	ENSPKIP00000007071	ENSPKIG00000023111	hoxb13a
ENSEEEP00000036271	ENSEEEG00000017249	AK6	ENSPKIP00000035653	ENSPKIG00000014514	AK6
ENSEEEP00000042959	ENSEEEG00000020277	LSM5	ENSPKIP00000031411	ENSPKIG00000011910	LSM5
ENSEEEP00000008256	ENSEEEG00000004320	FOXA1	ENSPKIP00000006525	ENSPKIG00000022775	foxa1
ENSEEEP00000037852	ENSEEEG00000017995	ADGRG3	ENSPKIP00000017824	ENSPKIG00000003570	
ENSEEEP00000016178	ENSEEEG00000008014	si:ch211-59d15.9	ENSPKIP00000017838	ENSPKIG00000003596	saysd1
ENSEEEP00000002627	ENSEEEG00000001516	DUSP14	ENSPKIP00000023215	ENSPKIG00000006925	dusp14
ENSEEEP00000042957	ENSEEEG00000020274	KIF22	ENSPKIP00000041999	ENSPKIG00000018408	kif22
ENSEEEP00000008253	ENSEEEG00000004317	MIPOL1	ENSPKIP00000036951	ENSPKIG00000015332	mipol1
ENSEEEP00000008552	ENSEEEG00000004436	APTX	ENSPKIP00000034170	ENSPKIG00000013601	aptx
ENSEEEP00000009622	ENSEEEG00000004908	cd82a	ENSPKIP00000023235	ENSPKIG00000006929	
ENSEEEP00000049243	ENSEEEG00000023140	VWC2L	ENSPKIP00000008296	ENSPKIG00000023855	vwc2l
ENSEEEP00000042478	ENSEEEG00000020057	lgals2a	ENSPKIP00000018179	ENSPKIG00000003833	lgals2a
ENSEEEP00000055838	ENSEEEG00000018235	prrt2	ENSPKIP00000041958	ENSPKIG00000018312	prrt2
ENSEEEP00000050924	ENSEEEG00000023921	PEX6	ENSPKIP00000000583	ENSPKIG00000019191	pex6
ENSEEEP00000009618	ENSEEEG00000027777	tcf20	ENSPKIP00000015806	ENSPKIG00000002389	
ENSEEEP00000008244	ENSEEEG00000004309	E2F8	ENSPKIP00000006067	ENSPKIG00000022499	
ENSEEEP00000054483	ENSEEEG00000001504	TADA2A	ENSPKIP00000023179	ENSPKIG00000006873	tada2a
ENSEEEP00000054236	ENSEEEG00000023138	IKZF2	ENSPKIP00000041162	ENSPKIG00000017825	ikzf2
ENSEEEP00000029346	ENSEEEG00000014051		ENSPKIP00000038980	ENSPKIG00000016536	
ENSEEEP00000062115	ENSEEEG00000027738	TAF3	ENSPKIP00000010165	ENSPKIG00000024986	taf3
ENSEEEP00000057230	ENSEEEG00000024835	cep55l	ENSPKIP00000020521	ENSPKIG00000005257	cep55l
ENSEEEP00000043699	ENSEEEG00000020662	HEPACAM2	ENSPKIP00000013595	ENSPKIG00000000968	hepacam2
ENSEEEP00000032239	ENSEEEG00000015374	ATP5F1C	ENSPKIP00000010157	ENSPKIG00000024970	atp5f1c
ENSEEEP00000054734	ENSEEEG00000025498		ENSPKIP00000028305	ENSPKIG00000010008	
ENSEEEP00000008194	ENSEEEG00000004241	DNAI1	ENSPKIP00000030458	ENSPKIG00000011249	dnai1.1
ENSEEEP00000038403	ENSEEEG00000018239	RBP4	ENSPKIP00000020574	ENSPKIG00000005298	rbp4
ENSEEEP00000032219	ENSEEEG00000015366	KIN	ENSPKIP00000010102	ENSPKIG00000024945	kin
ENSEEEP00000061255	ENSEEEG00000028164	FAM133B	ENSPKIP00000013490	ENSPKIG00000000908	FAM133B
ENSEEEP00000011350	ENSEEEG00000005741	si:ch1073-314i13.4	ENSPKIP00000023585	ENSPKIG00000007161	si:ch1073-314i13.4
ENSEEEP00000043693	ENSEEEG00000020659	CDK6	ENSPKIP00000013556	ENSPKIG00000000942	cdk6
ENSEEEP00000008231	ENSEEEG00000004301		ENSPKIP00000032050	ENSPKIG00000012222	wdr62
ENSEEEP00000046417	ENSEEEG00000021855	atad1a	ENSPKIP00000010192	ENSPKIG00000025007	atad1a
ENSEEEP00000043691	ENSEEEG00000020654	grna.1	ENSPKIP00000013435	ENSPKIG00000000877	
ENSEEEP00000059515	ENSEEEG00000025512	NUDT14	ENSPKIP00000000426	ENSPKIG00000019103	nudt14
ENSEEEP00000062530	ENSEEEG00000002953	WBP2NL	ENSPKIP00000023634	ENSPKIG00000007181	wbp2nl
ENSEEEP00000042472	ENSEEEG00000020053	grap2a	ENSPKIP00000017768	ENSPKIG00000003551	grap2a
ENSEEEP00000007645	ENSEEEG00000003995	UBE2Z	ENSPKIP00000007434	ENSPKIG00000023309	ube2z
ENSEEEP00000043692	ENSEEEG00000020655	INS	ENSPKIP00000013458	ENSPKIG00000000889	
ENSEEEP00000020709	ENSEEEG00000010102	RRP7A	ENSPKIP00000023668	ENSPKIG00000007209	rrp7a
ENSEEEP00000053301	ENSEEEG00000004297	JMJD7	ENSPKIP00000013792	ENSPKIG00000001085	jmjd7
ENSEEEP00000038424	ENSEEEG00000018245	FRA10AC1	ENSPKIP00000020739	ENSPKIG00000005409	fra10ac1
ENSEEEP00000020712	ENSEEEG00000010103	POLDIP3	ENSPKIP00000015474	ENSPKIG00000002188	poldip3
ENSEEEP00000043688	ENSEEEG00000020653	EFCAB1	ENSPKIP00000013346	ENSPKIG00000000818	clxn
ENSEEEP00000050921	ENSEEEG00000023917	COMMD2	ENSPKIP00000008670	ENSPKIG00000024071	commd2
ENSEEEP00000018498	ENSEEEG00000009086	PEX2	ENSPKIP00000021888	ENSPKIG00000006113	pex2
ENSEEEP00000059991	ENSEEEG00000028346	fbxo36b	ENSPKIP00000036571	ENSPKIG00000015080	
ENSEEEP00000043577	ENSEEEG00000020594	TMEM164	ENSPKIP00000025142	ENSPKIG00000008118	TMEM164
ENSEEEP00000018407	ENSEEEG00000009044	PKIA	ENSPKIP00000021525	ENSPKIG00000005882	
ENSEEEP00000055895	ENSEEEG00000025193	WWTR1	ENSPKIP00000008701	ENSPKIG00000024085	wwtr1
ENSEEEP00000063891	ENSEEEG00000026697	RASSF3	ENSPKIP00000027355	ENSPKIG00000009457	rassf3
ENSEEEP00000018413	ENSEEEG00000009046	ZC2HC1A	ENSPKIP00000019731	ENSPKIG00000004774	
ENSEEEP00000043575	ENSEEEG00000020589	FUNDC2	ENSPKIP00000025178	ENSPKIG00000008147	fundc2
ENSEEEP00000016330	ENSEEEG00000008076	XRCC3	ENSPKIP00000027271	ENSPKIG00000009412	xrcc3
ENSEEEP00000016171	ENSEEEG00000008011	BPNT1	ENSPKIP00000017919	ENSPKIG00000003629	bpnt1
ENSEEEP00000024090	ENSEEEG00000011684	zgc:195282	ENSPKIP00000034354	ENSPKIG00000013726	zgc:195282
ENSEEEP00000020715	ENSEEEG00000010107	fam234b	ENSPKIP00000023806	ENSPKIG00000007288	fam234b
ENSEEEP00000043687	ENSEEEG00000020652	RBM48	ENSPKIP00000013327	ENSPKIG00000000801	rbm48
ENSEEEP00000020720	ENSEEEG00000010111	SMDT1	ENSPKIP00000023836	ENSPKIG00000007318	smdt1a
ENSEEEP00000050918	ENSEEEG00000023911	TM4SF4	ENSPKIP00000010996	ENSPKIG00000025489	tm4sf4
ENSEEEP00000024088	ENSEEEG00000011683	MELK	ENSPKIP00000032622	ENSPKIG00000012654	melk
ENSEEEP00000043561	ENSEEEG00000020587	CMC4	ENSPKIP00000025207	ENSPKIG00000008166	
ENSEEEP00000020725	ENSEEEG00000010115	NDUFA6	ENSPKIP00000023856	ENSPKIG00000007330	ndufa6
ENSEEEP00000037248	ENSEEEG00000017706	NUDT19	ENSPKIP00000002738	ENSPKIG00000020518	nudt19
ENSEEEP00000043683	ENSEEEG00000020649	PEX1	ENSPKIP00000013251	ENSPKIG00000000748	pex1
ENSEEEP00000005851	ENSEEEG00000003109	triobpb	ENSPKIP00000023893	ENSPKIG00000007347	triobpb
ENSEEEP00000043547	ENSEEEG00000020583	BRCC3	ENSPKIP00000025236	ENSPKIG00000008182	brcc3
ENSEEEP00000042018	ENSEEEG00000019242	DNMT1	ENSPKIP00000028718	ENSPKIG00000010235	dnmt1
ENSEEEP00000000658	ENSEEEG00000000466	nol12	ENSPKIP00000023917	ENSPKIG00000007375	nol12
ENSEEEP00000030802	ENSEEEG00000014736	EXD1	ENSPKIP00000013116	ENSPKIG00000000671	
ENSEEEP00000008221	ENSEEEG00000004293	TBPL2	ENSPKIP00000013820	ENSPKIG00000001111	tbpl2
ENSEEEP00000007131	ENSEEEG00000003766	NEK8	ENSPKIP00000022992	ENSPKIG00000006771	nek8
ENSEEEP00000050082	ENSEEEG00000023555	si:dkey-78k11.9	ENSPKIP00000021403	ENSPKIG00000005828	
ENSEEEP00000036283	ENSEEEG00000017253	gtf2h2	ENSPKIP00000035836	ENSPKIG00000014619	gtf2h2
ENSEEEP00000056319	ENSEEEG00000019943	RAC2	ENSPKIP00000017548	ENSPKIG00000003410	rac2
ENSEEEP00000008214	ENSEEEG00000004291	ATG14	ENSPKIP00000013891	ENSPKIG00000001142	atg14
ENSEEEP00000046584	ENSEEEG00000021938	cd3eap	ENSPKIP00000020812	ENSPKIG00000005461	
ENSEEEP00000007129	ENSEEEG00000003765	TLCD1	ENSPKIP00000022924	ENSPKIG00000006744	tlcd1
ENSEEEP00000050045	ENSEEEG00000023535	NABP2	ENSPKIP00000017732	ENSPKIG00000003530	nabp2
ENSEEEP00000046583	ENSEEEG00000021937	GPR4	ENSPKIP00000020828	ENSPKIG00000005476	gpr4
ENSEEEP00000059513	ENSEEEG00000025837	rnf128a	ENSPKIP00000035266	ENSPKIG00000014292	rnf128a
ENSEEEP00000048722	ENSEEEG00000022925	CTCF	ENSPKIP00000003035	ENSPKIG00000020697	ctcf
ENSEEEP00000056787	ENSEEEG00000025660	fbxo34	ENSPKIP00000013945	ENSPKIG00000001187	fbxo34
ENSEEEP00000007128	ENSEEEG00000003764	rab34a	ENSPKIP00000022850	ENSPKIG00000006695	rab34a
ENSEEEP00000008209	ENSEEEG00000004288	DACT1	ENSPKIP00000037295	ENSPKIG00000015541	dact1
ENSEEEP00000059281	ENSEEEG00000026334	si:ch211-185a18.2	ENSPKIP00000037253	ENSPKIG00000015498	si:ch211-185a18.2
ENSEEEP00000017264	ENSEEEG00000008525	mettl2a	ENSPKIP00000003498	ENSPKIG00000020973	mettl2a
ENSEEEP00000055186	ENSEEEG00000018253	slc35g1	ENSPKIP00000020892	ENSPKIG00000005513	slc35g1
ENSEEEP00000037857	ENSEEEG00000017999	DHCR7	ENSPKIP00000006439	ENSPKIG00000022717	dhcr7
ENSEEEP00000060631	ENSEEEG00000027605	zgc:174895	ENSPKIP00000033803	ENSPKIG00000013374	zgc:174895
ENSEEEP00000042209	ENSEEEG00000019942	SSTR3	ENSPKIP00000034553	ENSPKIG00000013831	sst3b
ENSEEEP00000007126	ENSEEEG00000003759		ENSPKIP00000022799	ENSPKIG00000006672	proca1
ENSEEEP00000000708	ENSEEEG00000000495	si:ch1073-322p19.1	ENSPKIP00000024440	ENSPKIG00000007702	
ENSEEEP00000007655	ENSEEEG00000004005	si:dkey-225f5.4	ENSPKIP00000035385	ENSPKIG00000014367	
ENSEEEP00000007659	ENSEEEG00000004006	NR1D1	ENSPKIP00000035432	ENSPKIG00000014394	nr1d1
ENSEEEP00000048115	ENSEEEG00000022658	RAB11A	ENSPKIP00000024299	ENSPKIG00000007606	rab11a
ENSEEEP00000038434	ENSEEEG00000018256	plce1	ENSPKIP00000021134	ENSPKIG00000005604	plce1
ENSEEEP00000053485	ENSEEEG00000027146	ASB7	ENSPKIP00000040684	ENSPKIG00000017551	asb7
ENSEEEP00000058741	ENSEEEG00000027087	ANAPC13	ENSPKIP00000025350	ENSPKIG00000008258	anapc13
ENSEEEP00000057922	ENSEEEG00000025237	lins1	ENSPKIP00000040703	ENSPKIG00000017561	lins1
ENSEEEP00000032478	ENSEEEG00000015485	odf2a	ENSPKIP00000035912	ENSPKIG00000014678	odf2a
ENSEEEP00000008973	ENSEEEG00000004630	SC5D	ENSPKIP00000025377	ENSPKIG00000008272	sc5d
ENSEEEP00000052101	ENSEEEG00000024439	POU6F1	ENSPKIP00000035940	ENSPKIG00000014689	pou6f1
ENSEEEP00000007669	ENSEEEG00000004011	CASC3	ENSPKIP00000007187	ENSPKIG00000023186	casc3
ENSEEEP00000063803	ENSEEEG00000014283	cers3a	ENSPKIP00000040761	ENSPKIG00000017601	cers3a
ENSEEEP00000058138	ENSEEEG00000021846	SLC39A14	ENSPKIP00000010297	ENSPKIG00000025065	slc39a14
ENSEEEP00000050896	ENSEEEG00000023907	TM4SF18	ENSPKIP00000010998	ENSPKIG00000025492	tm4sf1
ENSEEEP00000057026	ENSEEEG00000025891	DAZAP2	ENSPKIP00000017367	ENSPKIG00000003308	DAZAP2
ENSEEEP00000063980	ENSEEEG00000026837	si:ch73-233k15.2	ENSPKIP00000024777	ENSPKIG00000007900	apol
ENSEEEP00000056079	ENSEEEG00000026242	atp5mj	ENSPKIP00000040998	ENSPKIG00000017743	atp5mj
ENSEEEP00000055882	ENSEEEG00000025556		ENSPKIP00000032866	ENSPKIG00000012787	zcchc7
ENSEEEP00000052097	ENSEEEG00000024436	si:ch211-210c8.7	ENSPKIP00000035834	ENSPKIG00000014635	si:ch211-210c8.7
ENSEEEP00000061096	ENSEEEG00000025462	tmem170a	ENSPKIP00000014399	ENSPKIG00000001477	tmem170a
ENSEEEP00000050532	ENSEEEG00000023767	si:ch211-253p18.5	ENSPKIP00000041127	ENSPKIG00000017804	RD3L
ENSEEEP00000007674	ENSEEEG00000004015	RAPGEFL1	ENSPKIP00000007150	ENSPKIG00000023164	rapgefl1
ENSEEEP00000007078	ENSEEEG00000003738	C2CD3	ENSPKIP00000009053	ENSPKIG00000024301	c2cd3
ENSEEEP00000048728	ENSEEEG00000022930	CFDP1	ENSPKIP00000014419	ENSPKIG00000001495	
ENSEEEP00000044133	ENSEEEG00000020811	FANCB	ENSPKIP00000022487	ENSPKIG00000006477	xrcc5
ENSEEEP00000017827	ENSEEEG00000008801	CHAD	ENSPKIP00000016850	ENSPKIG00000003007	chad
ENSEEEP00000039483	ENSEEEG00000018752	AMN1	ENSPKIP00000040914	ENSPKIG00000017684	amn1
ENSEEEP00000051593	ENSEEEG00000024227	COMTD1	ENSPKIP00000026920	ENSPKIG00000009199	comtd1a
ENSEEEP00000017828	ENSEEEG00000008803	ARMC7	ENSPKIP00000016881	ENSPKIG00000003019	armc7
ENSEEEP00000038578	ENSEEEG00000018261	NOC3L	ENSPKIP00000021430	ENSPKIG00000005812	noc3l
ENSEEEP00000053889	ENSEEEG00000025745	etfbkmt	ENSPKIP00000040956	ENSPKIG00000017714	etfbkmt
ENSEEEP00000018426	ENSEEEG00000009054	DAP	ENSPKIP00000021306	ENSPKIG00000005766	dap
ENSEEEP00000011250	ENSEEEG00000027711		ENSPKIP00000035512	ENSPKIG00000014447	GBGT1
ENSEEEP00000052094	ENSEEEG00000024433	si:ch211-210c8.6	ENSPKIP00000035720	ENSPKIG00000014557	si:ch211-210c8.6
ENSEEEP00000038481	ENSEEEG00000018007	NADSYN1	ENSPKIP00000006342	ENSPKIG00000022645	nadsyn1
ENSEEEP00000018429	ENSEEEG00000009055	ankrd33ba	ENSPKIP00000021282	ENSPKIG00000005755	ankrd33ba
ENSEEEP00000051596	ENSEEEG00000024229	VDAC2	ENSPKIP00000012074	ENSPKIG00000025619	VDAC2
ENSEEEP00000018438	ENSEEEG00000009057	ROPN1L	ENSPKIP00000021264	ENSPKIG00000005739	ropn1l
ENSEEEP00000046389	ENSEEEG00000021841	SUSD2	ENSPKIP00000007577	ENSPKIG00000023406	SUSD2
ENSEEEP00000039477	ENSEEEG00000018746	cox5aa	ENSPKIP00000018913	ENSPKIG00000004296	cox5aa
ENSEEEP00000029392	ENSEEEG00000014081	fgf18a	ENSPKIP00000039515	ENSPKIG00000016851	fgf18a
ENSEEEP00000050873	ENSEEEG00000023891	HPS3	ENSPKIP00000031543	ENSPKIG00000011984	hps3
ENSEEEP00000052088	ENSEEEG00000024429	RACGAP1	ENSPKIP00000035662	ENSPKIG00000014511	racgap1
ENSEEEP00000048134	ENSEEEG00000022663	INTS14	ENSPKIP00000008885	ENSPKIG00000024198	ints14
ENSEEEP00000046326	ENSEEEG00000021808	zgc:136858	ENSPKIP00000034132	ENSPKIG00000013571	zgc:136858
ENSEEEP00000043393	ENSEEEG00000020505	gpr184	ENSPKIP00000025520	ENSPKIG00000008364	
ENSEEEP00000018448	ENSEEEG00000009065	NDUFB4	ENSPKIP00000010371	ENSPKIG00000025118	ndufb4
ENSEEEP00000050304	ENSEEEG00000023652	TPM4	ENSPKIP00000012302	ENSPKIG00000000130	
ENSEEEP00000033260	ENSEEEG00000015812	zgc:110269	ENSPKIP00000020292	ENSPKIG00000005124	zgc:110269
ENSEEEP00000025024	ENSEEEG00000012139	FAM98A	ENSPKIP00000026656	ENSPKIG00000009038	fam98a
ENSEEEP00000018491	ENSEEEG00000009069	HGD	ENSPKIP00000010358	ENSPKIG00000025095	hgd
ENSEEEP00000017357	ENSEEEG00000008534	COQ5	ENSPKIP00000027468	ENSPKIG00000009514	COQ5
ENSEEEP00000048149	ENSEEEG00000022666	HACD3	ENSPKIP00000008918	ENSPKIG00000024214	hacd3
ENSEEEP00000046458	ENSEEEG00000021875	BPGM	ENSPKIP00000014345	ENSPKIG00000001444	bpgm
ENSEEEP00000056701	ENSEEEG00000025471	mthfs	ENSPKIP00000040961	ENSPKIG00000017707	mthfs
ENSEEEP00000060999	ENSEEEG00000020485	MPP1	ENSPKIP00000025566	ENSPKIG00000008395	mpp1
ENSEEEP00000061315	ENSEEEG00000027681	ZFAND6	ENSPKIP00000041013	ENSPKIG00000017741	ZFAND6
ENSEEEP00000051602	ENSEEEG00000024232	dusp3b	ENSPKIP00000012112	ENSPKIG00000000022	
ENSEEEP00000017375	ENSEEEG00000008589	XBP1	ENSPKIP00000007717	ENSPKIG00000023506	xbp1
ENSEEEP00000017837	ENSEEEG00000008808	RAB40B	ENSPKIP00000029400	ENSPKIG00000010660	rab40b
ENSEEEP00000017838	ENSEEEG00000008809	COX11	ENSPKIP00000029360	ENSPKIG00000010637	cox11
ENSEEEP00000029781	ENSEEEG00000014251	FAH	ENSPKIP00000041093	ENSPKIG00000017777	fah
ENSEEEP00000017839	ENSEEEG00000008810	ACTB	ENSPKIP00000029278	ENSPKIG00000010589	stxbp4
ENSEEEP00000023833	ENSEEEG00000011531	si:dkey-1k23.3	ENSPKIP00000027342	ENSPKIG00000009452	si:dkey-1k23.3
ENSEEEP00000017841	ENSEEEG00000008811	hlfb	ENSPKIP00000029234	ENSPKIG00000010568	hlfb
ENSEEEP00000051609	ENSEEEG00000024234	EME1	ENSPKIP00000029988	ENSPKIG00000011023	eme1
ENSEEEP00000054152	ENSEEEG00000023879	FETUB	ENSPKIP00000031834	ENSPKIG00000012168	fetub
ENSEEEP00000021825	ENSEEEG00000010611	PRDM4	ENSPKIP00000013445	ENSPKIG00000000875	prdm4
ENSEEEP00000018496	ENSEEEG00000009084	arxa	ENSPKIP00000010327	ENSPKIG00000025084	ARX
ENSEEEP00000024785	ENSEEEG00000011997	PRDM13	ENSPKIP00000006617	ENSPKIG00000022824	prdm13
ENSEEEP00000043486	ENSEEEG00000020561	gadd45ga	ENSPKIP00000040785	ENSPKIG00000017614	gadd45ga
ENSEEEP00000030052	ENSEEEG00000014400	SLC46A3	ENSPKIP00000006357	ENSPKIG00000022672	si:dkey-5g14.1
ENSEEEP00000010699	ENSEEEG00000005414	syngr3a	ENSPKIP00000034473	ENSPKIG00000013787	SYNGR3
ENSEEEP00000043484	ENSEEEG00000020559	creb3l3l	ENSPKIP00000040664	ENSPKIG00000017537	creb3l3l
ENSEEEP00000058947	ENSEEEG00000020442	KPTN	ENSPKIP00000037172	ENSPKIG00000015461	kptn
ENSEEEP00000056056	ENSEEEG00000028104	GFER	ENSPKIP00000040632	ENSPKIG00000017521	gfer
ENSEEEP00000021813	ENSEEEG00000010534	PSMC2	ENSPKIP00000022968	ENSPKIG00000006760	psmc2
ENSEEEP00000032935	ENSEEEG00000015675	POLR2F	ENSPKIP00000015932	ENSPKIG00000002464	polr2f
ENSEEEP00000062833	ENSEEEG00000023636	RAB8A	ENSPKIP00000027626	ENSPKIG00000009603	RAB8A
ENSEEEP00000042165	ENSEEEG00000019917	ST8SIA4	ENSPKIP00000009756	ENSPKIG00000024739	st8sia4
ENSEEEP00000016683	ENSEEEG00000008268	POLA1	ENSPKIP00000010323	ENSPKIG00000025070	pola1
ENSEEEP00000010732	ENSEEEG00000005422	DRG2	ENSPKIP00000040601	ENSPKIG00000017492	drg2
ENSEEEP00000019495	ENSEEEG00000009560	CABP7	ENSPKIP00000032274	ENSPKIG00000012439	cabp7a
ENSEEEP00000060973	ENSEEEG00000020536	NIM1K	ENSPKIP00000040602	ENSPKIG00000017499	nim1ka
ENSEEEP00000024793	ENSEEEG00000012007	si:dkey-165n16.1	ENSPKIP00000006662	ENSPKIG00000022851	tstd3
ENSEEEP00000048153	ENSEEEG00000022669	PPCDC	ENSPKIP00000024256	ENSPKIG00000007573	ppcdc
ENSEEEP00000015457	ENSEEEG00000007653	NDUFV1	ENSPKIP00000027251	ENSPKIG00000009379	ndufv1
ENSEEEP00000029734	ENSEEEG00000014245		ENSPKIP00000041152	ENSPKIG00000017817	
ENSEEEP00000064181	ENSEEEG00000028968	MDFIC2	ENSPKIP00000036399	ENSPKIG00000014987	
ENSEEEP00000050251	ENSEEEG00000023628	CIB3	ENSPKIP00000012200	ENSPKIG00000000074	cib3
ENSEEEP00000030840	ENSEEEG00000014751	si:dkey-73n10.1	ENSPKIP00000024160	ENSPKIG00000007522	
ENSEEEP00000007013	ENSEEEG00000003697	elovl1a	ENSPKIP00000008991	ENSPKIG00000024267	
ENSEEEP00000048756	ENSEEEG00000022936	NUDT21	ENSPKIP00000006147	ENSPKIG00000022541	NUDT21
ENSEEEP00000021929	ENSEEEG00000010652	LHFPL3	ENSPKIP00000012147	ENSPKIG00000000046	lhfpl3
ENSEEEP00000024811	ENSEEEG00000012017	USP45	ENSPKIP00000006756	ENSPKIG00000022877	usp45
ENSEEEP00000017850	ENSEEEG00000008814	nog3	ENSPKIP00000029108	ENSPKIG00000010482	nog1
ENSEEEP00000010751	ENSEEEG00000005439		ENSPKIP00000034518	ENSPKIG00000013806	
ENSEEEP00000050838	ENSEEEG00000023876	ahsg1	ENSPKIP00000031908	ENSPKIG00000012202	
ENSEEEP00000043272	ENSEEEG00000020439	srsf7a	ENSPKIP00000025279	ENSPKIG00000008209	srsf7a
ENSEEEP00000063190	ENSEEEG00000028023	MOSMO	ENSPKIP00000025027	ENSPKIG00000008046	MOSMO
ENSEEEP00000049493	ENSEEEG00000023268		ENSPKIP00000032156	ENSPKIG00000012362	
ENSEEEP00000033849	ENSEEEG00000016118	ppdpfa	ENSPKIP00000019733	ENSPKIG00000004786	ppdpfb
ENSEEEP00000048760	ENSEEEG00000022938	HSF4	ENSPKIP00000014950	ENSPKIG00000001820	hsf4
ENSEEEP00000050835	ENSEEEG00000023872	si:ch211-262h13.5	ENSPKIP00000031932	ENSPKIG00000012235	si:ch211-262h13.5
ENSEEEP00000043436	ENSEEEG00000020533	ZNF131	ENSPKIP00000040521	ENSPKIG00000017455	znf131
ENSEEEP00000007009	ENSEEEG00000003696	diabloa	ENSPKIP00000008967	ENSPKIG00000024250	diabloa
ENSEEEP00000033846	ENSEEEG00000016116	tpd52l2a	ENSPKIP00000019782	ENSPKIG00000004820	tpd52l2b
ENSEEEP00000050242	ENSEEEG00000023627	SUGP1	ENSPKIP00000029532	ENSPKIG00000010747	SUGP1
ENSEEEP00000030056	ENSEEEG00000014404	fhdc3	ENSPKIP00000018328	ENSPKIG00000003926	fhdc4
ENSEEEP00000007707	ENSEEEG00000004039	si:ch211-256e16.3	ENSPKIP00000036974	ENSPKIG00000015346	si:ch211-256e16.3
ENSEEEP00000043434	ENSEEEG00000020532		ENSPKIP00000040466	ENSPKIG00000017419	
ENSEEEP00000033843	ENSEEEG00000016114		ENSPKIP00000020625	ENSPKIG00000005337	
ENSEEEP00000016974	ENSEEEG00000007892	SGSM3	ENSPKIP00000018388	ENSPKIG00000003911	sgsm3
ENSEEEP00000033842	ENSEEEG00000016112	dnajc5aa	ENSPKIP00000020656	ENSPKIG00000005353	dnajc5aa
ENSEEEP00000062458	ENSEEEG00000024239		ENSPKIP00000004110	ENSPKIG00000021070	
ENSEEEP00000043432	ENSEEEG00000020529	ghra	ENSPKIP00000040388	ENSPKIG00000017380	ghra
ENSEEEP00000063192	ENSEEEG00000019915	PAM	ENSPKIP00000009804	ENSPKIG00000024759	pam
ENSEEEP00000030830	ENSEEEG00000014748	ARL2BP	ENSPKIP00000016012	ENSPKIG00000002514	arl2bp
ENSEEEP00000033840	ENSEEEG00000016105	gid8a	ENSPKIP00000020700	ENSPKIG00000005381	GID8
ENSEEEP00000033278	ENSEEEG00000015815	ATR	ENSPKIP00000005146	ENSPKIG00000021904	atr
ENSEEEP00000030829	ENSEEEG00000014746	PLLP	ENSPKIP00000005310	ENSPKIG00000022030	pllp
ENSEEEP00000038953	ENSEEEG00000018483	MDM4	ENSPKIP00000031415	ENSPKIG00000011912	mdm4
ENSEEEP00000043427	ENSEEEG00000020525	FBXO4	ENSPKIP00000040271	ENSPKIG00000017303	fbxo4
ENSEEEP00000023763	ENSEEEG00000011515	HSPB8	ENSPKIP00000027322	ENSPKIG00000009429	hspb8
ENSEEEP00000003871	ENSEEEG00000002071	TMEM160	ENSPKIP00000028180	ENSPKIG00000009924	tmem160
ENSEEEP00000017864	ENSEEEG00000008817	C1QTNF1	ENSPKIP00000028612	ENSPKIG00000010190	c1qtnf1
ENSEEEP00000025294	ENSEEEG00000012269	prg4b	ENSPKIP00000023766	ENSPKIG00000007268	prg4b
ENSEEEP00000023761	ENSEEEG00000011509	SRRM4	ENSPKIP00000027230	ENSPKIG00000009374	srrm4
ENSEEEP00000024823	ENSEEEG00000012025	atpv0e2	ENSPKIP00000037205	ENSPKIG00000015481	atpv0e2
ENSEEEP00000030060	ENSEEEG00000014407	TRIM47	ENSPKIP00000006852	ENSPKIG00000022967	trim47
ENSEEEP00000042984	ENSEEEG00000020289	ATG10	ENSPKIP00000001195	ENSPKIG00000019587	nccrp1
ENSEEEP00000003867	ENSEEEG00000002067	NPAS1	ENSPKIP00000028275	ENSPKIG00000009969	npas1
ENSEEEP00000058522	ENSEEEG00000011936	TTC27	ENSPKIP00000026949	ENSPKIG00000009196	ttc27
ENSEEEP00000005001	ENSEEEG00000002603	C5orf51	ENSPKIP00000030176	ENSPKIG00000011126	rimoc1
ENSEEEP00000059126	ENSEEEG00000012267	SCYL3	ENSPKIP00000023867	ENSPKIG00000007332	scyl3
ENSEEEP00000010847	ENSEEEG00000005491	CCDC97	ENSPKIP00000041038	ENSPKIG00000017760	ccdc97
ENSEEEP00000023750	ENSEEEG00000011505	SUDS3	ENSPKIP00000027197	ENSPKIG00000009330	suds3
ENSEEEP00000050817	ENSEEEG00000023867	SENP5	ENSPKIP00000031970	ENSPKIG00000012246	senp5
ENSEEEP00000016719	ENSEEEG00000008273	pcyt1ba	ENSPKIP00000010283	ENSPKIG00000025057	pcyt1ba
ENSEEEP00000037459	ENSEEEG00000017811	CEP89	ENSPKIP00000002864	ENSPKIG00000020582	cep89
ENSEEEP00000050812	ENSEEEG00000023866	NCBP2	ENSPKIP00000010493	ENSPKIG00000025196	ncbp2
ENSEEEP00000057876	ENSEEEG00000022950	CBFB	ENSPKIP00000015155	ENSPKIG00000001947	CBFB
ENSEEEP00000032818	ENSEEEG00000015633	KDELR3	ENSPKIP00000015763	ENSPKIG00000002353	KDELR3
ENSEEEP00000043671	ENSEEEG00000020640	AP2S1	ENSPKIP00000028475	ENSPKIG00000010112	ap2s1
ENSEEEP00000032816	ENSEEEG00000015629		ENSPKIP00000024518	ENSPKIG00000007745	
ENSEEEP00000033772	ENSEEEG00000016085	si:dkey-70p6.1	ENSPKIP00000020823	ENSPKIG00000005466	si:dkey-70p6.1
ENSEEEP00000055517	ENSEEEG00000021316	CDK10	ENSPKIP00000002873	ENSPKIG00000020585	cdk10
ENSEEEP00000044709	ENSEEEG00000021105	NRAS	ENSPKIP00000027291	ENSPKIG00000009416	nras
ENSEEEP00000044695	ENSEEEG00000021104	asb13b	ENSPKIP00000021831	ENSPKIG00000006056	asb13b
ENSEEEP00000048795	ENSEEEG00000022951	FAN1	ENSPKIP00000039117	ENSPKIG00000016611	fan1
ENSEEEP00000044670	ENSEEEG00000021087	si:ch211-204d2.4	ENSPKIP00000012535	ENSPKIG00000000296	plekha2
ENSEEEP00000037460	ENSEEEG00000017812	zgc:165481	ENSPKIP00000002824	ENSPKIG00000020571	zgc:165481
ENSEEEP00000055048	ENSEEEG00000029152	si:dkey-51e6.1	ENSPKIP00000023978	ENSPKIG00000007404	si:dkey-51e6.1
ENSEEEP00000032801	ENSEEEG00000015625	CCDC134	ENSPKIP00000024467	ENSPKIG00000007715	ccdc134
ENSEEEP00000034284	ENSEEEG00000016328	sypa	ENSPKIP00000028400	ENSPKIG00000010067	sypa
ENSEEEP00000008274	ENSEEEG00000004329	tnfsf10l	ENSPKIP00000002220	ENSPKIG00000020194	
ENSEEEP00000035875	ENSEEEG00000017064	ret	ENSPKIP00000024788	ENSPKIG00000007875	ret
ENSEEEP00000009682	ENSEEEG00000004935	grasp	ENSPKIP00000039748	ENSPKIG00000016990	tamalin
ENSEEEP00000056610	ENSEEEG00000028789	FBXO11	ENSPKIP00000031462	ENSPKIG00000011935	
ENSEEEP00000008269	ENSEEEG00000004322	ccnb3	ENSPKIP00000014118	ENSPKIG00000001308	ccnb3
ENSEEEP00000044649	ENSEEEG00000021082	TASOR2	ENSPKIP00000011085	ENSPKIG00000025535	
ENSEEEP00000064558	ENSEEEG00000025968	rab4b	ENSPKIP00000028526	ENSPKIG00000010138	rab4b
ENSEEEP00000054661	ENSEEEG00000008309	CHMP1A	ENSPKIP00000019633	ENSPKIG00000004700	chmp1a
ENSEEEP00000037923	ENSEEEG00000017830	RHPN2	ENSPKIP00000002954	ENSPKIG00000020647	rhpn2
ENSEEEP00000019587	ENSEEEG00000009594	FBXO21	ENSPKIP00000032475	ENSPKIG00000012554	fbxo21
ENSEEEP00000022022	ENSEEEG00000024707		ENSPKIP00000041366	ENSPKIG00000017947	
ENSEEEP00000030108	ENSEEEG00000014431	UFM1	ENSPKIP00000006985	ENSPKIG00000023050	ufm1
ENSEEEP00000046541	ENSEEEG00000021919	dnajb9a	ENSPKIP00000029327	ENSPKIG00000010622	dnajb9b
ENSEEEP00000024850	ENSEEEG00000012040	her13	ENSPKIP00000027260	ENSPKIG00000009399	
ENSEEEP00000018656	ENSEEEG00000009173	RPRML	ENSPKIP00000003673	ENSPKIG00000021080	rprml
ENSEEEP00000024852	ENSEEEG00000012041	her8.2	ENSPKIP00000027234	ENSPKIG00000009382	
ENSEEEP00000009690	ENSEEEG00000004943	zgc:56699	ENSPKIP00000039828	ENSPKIG00000017039	gtsf1
ENSEEEP00000042638	ENSEEEG00000020133	ZNF414	ENSPKIP00000039073	ENSPKIG00000016580	znf414
ENSEEEP00000025243	ENSEEEG00000012243	sele	ENSPKIP00000038662	ENSPKIG00000016345	
ENSEEEP00000018659	ENSEEEG00000009174		ENSPKIP00000003700	ENSPKIG00000021098	
ENSEEEP00000016755	ENSEEEG00000008308	SLC10A3	ENSPKIP00000019540	ENSPKIG00000004672	slc10a3
ENSEEEP00000031318	ENSEEEG00000014997	SURF6	ENSPKIP00000010314	ENSPKIG00000025080	surf6
ENSEEEP00000062364	ENSEEEG00000028446	tmed1b	ENSPKIP00000034038	ENSPKIG00000013530	tmed1b
ENSEEEP00000035878	ENSEEEG00000017069	PCBD1	ENSPKIP00000024675	ENSPKIG00000007835	pcbd1
ENSEEEP00000018660	ENSEEEG00000009175	TCAP	ENSPKIP00000003720	ENSPKIG00000021114	tcap
ENSEEEP00000031317	ENSEEEG00000014996	SURF1	ENSPKIP00000010304	ENSPKIG00000025075	surf1
ENSEEEP00000046572	ENSEEEG00000021931	ADAL	ENSPKIP00000019243	ENSPKIG00000004490	mapda
ENSEEEP00000024856	ENSEEEG00000012045	FUT4	ENSPKIP00000005923	ENSPKIG00000022413	FUT4
ENSEEEP00000024858	ENSEEEG00000012046	ANKRD49	ENSPKIP00000005902	ENSPKIG00000022399	ankrd49
ENSEEEP00000054542	ENSEEEG00000028966	ZNF503	ENSPKIP00000036042	ENSPKIG00000014759	zcchc14
ENSEEEP00000059316	ENSEEEG00000014979	RPL7A	ENSPKIP00000003048	ENSPKIG00000020710	RPL7A
ENSEEEP00000043322	ENSEEEG00000020192	DKC1	ENSPKIP00000025677	ENSPKIG00000008443	dkc1
ENSEEEP00000009713	ENSEEEG00000004945	LETMD1	ENSPKIP00000021675	ENSPKIG00000005986	letmd1
ENSEEEP00000058787	ENSEEEG00000025066	rhoub	ENSPKIP00000028556	ENSPKIG00000010162	rhoub
ENSEEEP00000035882	ENSEEEG00000017070	SGPL1	ENSPKIP00000024474	ENSPKIG00000007677	sgpl1
ENSEEEP00000043511	ENSEEEG00000020574	rtn2a	ENSPKIP00000028585	ENSPKIG00000010174	rtn2a
ENSEEEP00000011968	ENSEEEG00000006036	map1lc3b	ENSPKIP00000035994	ENSPKIG00000014720	map1lc3b
ENSEEEP00000025228	ENSEEEG00000012238	SELP	ENSPKIP00000024005	ENSPKIG00000007423	
ENSEEEP00000022007	ENSEEEG00000010688	HHAT	ENSPKIP00000004689	ENSPKIG00000021677	hhat
ENSEEEP00000044638	ENSEEEG00000021077	SLC2A6	ENSPKIP00000032666	ENSPKIG00000012670	
ENSEEEP00000011962	ENSEEEG00000006026	det1	ENSPKIP00000035937	ENSPKIG00000014666	det1
ENSEEEP00000043504	ENSEEEG00000020570	PTGIR	ENSPKIP00000028760	ENSPKIG00000010282	ptgir
ENSEEEP00000047062	ENSEEEG00000022104	EPG5	ENSPKIP00000000047	ENSPKIG00000018856	
ENSEEEP00000038805	ENSEEEG00000018413		ENSPKIP00000040927	ENSPKIG00000017699	
ENSEEEP00000052927	ENSEEEG00000012047	mre11a	ENSPKIP00000005825	ENSPKIG00000022353	mre11a
ENSEEEP00000058531	ENSEEEG00000024731		ENSPKIP00000009421	ENSPKIG00000024542	
ENSEEEP00000056107	ENSEEEG00000025753	lmx1a	ENSPKIP00000024055	ENSPKIG00000007458	lmx1a
ENSEEEP00000057644	ENSEEEG00000004952	cd63	ENSPKIP00000021750	ENSPKIG00000006017	cd63
ENSEEEP00000030964	ENSEEEG00000014811	NAIF1	ENSPKIP00000008206	ENSPKIG00000023800	naif1
ENSEEEP00000031262	ENSEEEG00000014972	MED22	ENSPKIP00000010269	ENSPKIG00000025044	med22
ENSEEEP00000009726	ENSEEEG00000004955	creb1a	ENSPKIP00000041061	ENSPKIG00000017782	mylk2
ENSEEEP00000019612	ENSEEEG00000009607	FBXW8	ENSPKIP00000032544	ENSPKIG00000012605	fbxw8
ENSEEEP00000031259	ENSEEEG00000014971	C9orf78	ENSPKIP00000010249	ENSPKIG00000025036	zgc:103692
ENSEEEP00000039812	ENSEEEG00000018876		ENSPKIP00000003292	ENSPKIG00000020863	
ENSEEEP00000036763	ENSEEEG00000017449	RRP8	ENSPKIP00000008916	ENSPKIG00000024217	rrp8
ENSEEEP00000018669	ENSEEEG00000009183	TMA16	ENSPKIP00000001464	ENSPKIG00000019747	tma16
ENSEEEP00000036788	ENSEEEG00000017453	MED29	ENSPKIP00000004569	ENSPKIG00000021625	med29
ENSEEEP00000009746	ENSEEEG00000004957	TPX2	ENSPKIP00000041037	ENSPKIG00000017754	tpx2
ENSEEEP00000044627	ENSEEEG00000021072	TRAF1	ENSPKIP00000001715	ENSPKIG00000019901	traf1
ENSEEEP00000035887	ENSEEEG00000017072	PDLIM1	ENSPKIP00000020965	ENSPKIG00000005554	pdlim1
ENSEEEP00000050898	ENSEEEG00000023910		ENSPKIP00000023213	ENSPKIG00000006926	
ENSEEEP00000044626	ENSEEEG00000021032	PHF19	ENSPKIP00000001856	ENSPKIG00000019966	phf19
ENSEEEP00000010208	ENSEEEG00000005180	NEK4	ENSPKIP00000009010	ENSPKIG00000024277	nek4
ENSEEEP00000025903	ENSEEEG00000012547	TCAIM	ENSPKIP00000031845	ENSPKIG00000012174	tcaim
ENSEEEP00000053059	ENSEEEG00000017476	sars2	ENSPKIP00000012429	ENSPKIG00000000234	sars2
ENSEEEP00000020367	ENSEEEG00000009939	HACD1	ENSPKIP00000029882	ENSPKIG00000010955	hacd1
ENSEEEP00000010195	ENSEEEG00000005177	spcs1	ENSPKIP00000035698	ENSPKIG00000014547	spcs1
ENSEEEP00000062250	ENSEEEG00000025759	prune	ENSPKIP00000012375	ENSPKIG00000000191	prune
ENSEEEP00000062905	ENSEEEG00000026890	RBFOX1	ENSPKIP00000008356	ENSPKIG00000023889	
ENSEEEP00000001891	ENSEEEG00000001186	tbc1d30	ENSPKIP00000027618	ENSPKIG00000009589	tbc1d30
ENSEEEP00000030154	ENSEEEG00000014458	scaf4a	ENSPKIP00000005925	ENSPKIG00000022408	scaf4a
ENSEEEP00000043793	ENSEEEG00000020691	TMEM214	ENSPKIP00000033671	ENSPKIG00000013296	tmem214
ENSEEEP00000056967	ENSEEEG00000005159	GLT8D1	ENSPKIP00000035636	ENSPKIG00000014505	glt8d1
ENSEEEP00000031251	ENSEEEG00000014967	PTGES	ENSPKIP00000010196	ENSPKIG00000025010	ptges
ENSEEEP00000002221	ENSEEEG00000001289	TYMS	ENSPKIP00000029587	ENSPKIG00000010770	tyms
ENSEEEP00000044504	ENSEEEG00000021025	ENDOG	ENSPKIP00000003103	ENSPKIG00000020744	endog
ENSEEEP00000010981	ENSEEEG00000005352	SCD	ENSPKIP00000024095	ENSPKIG00000007466	SCD
ENSEEEP00000031248	ENSEEEG00000014966	TIMM22	ENSPKIP00000001197	ENSPKIG00000019575	TIMM22
ENSEEEP00000043229	ENSEEEG00000020417	TRAPPC4	ENSPKIP00000031220	ENSPKIG00000011789	trappc4
ENSEEEP00000038787	ENSEEEG00000018398	ace	ENSPKIP00000004957	ENSPKIG00000021793	ace
ENSEEEP00000064239	ENSEEEG00000026047	SOD1	ENSPKIP00000005866	ENSPKIG00000022372	sod1
ENSEEEP00000001893	ENSEEEG00000001188	NTF3	ENSPKIP00000027750	ENSPKIG00000009677	ntf3
ENSEEEP00000031246	ENSEEEG00000014964	TLCD3A	ENSPKIP00000004008	ENSPKIG00000021285	tlcd3a
ENSEEEP00000050223	ENSEEEG00000023622	NDUFA13	ENSPKIP00000008305	ENSPKIG00000023863	NDUFA13
ENSEEEP00000060801	ENSEEEG00000023096	SSR1	ENSPKIP00000022370	ENSPKIG00000006401	ssr1
ENSEEEP00000046638	ENSEEEG00000021960	KXD1	ENSPKIP00000016928	ENSPKIG00000003053	kxd1
ENSEEEP00000027907	ENSEEEG00000013439		ENSPKIP00000021990	ENSPKIG00000006184	
ENSEEEP00000053376	ENSEEEG00000013440	NCOA6	ENSPKIP00000022103	ENSPKIG00000006227	ncoa6
ENSEEEP00000054199	ENSEEEG00000011770	ano10a	ENSPKIP00000008437	ENSPKIG00000023909	ano10a
ENSEEEP00000044497	ENSEEEG00000021021	MED27	ENSPKIP00000042073	ENSPKIG00000018804	med27
ENSEEEP00000046647	ENSEEEG00000021964	ERGIC2	ENSPKIP00000016988	ENSPKIG00000003075	ergic2
ENSEEEP00000016680	ENSEEEG00000008236	nup62l	ENSPKIP00000005230	ENSPKIG00000021980	nup62l
ENSEEEP00000043220	ENSEEEG00000020412	SGCG	ENSPKIP00000031291	ENSPKIG00000011825	sgcg
ENSEEEP00000010154	ENSEEEG00000005150	GNL3	ENSPKIP00000009038	ENSPKIG00000024295	gnl3
ENSEEEP00000058946	ENSEEEG00000015028	MYEF2	ENSPKIP00000041988	ENSPKIG00000018344	myef2
ENSEEEP00000027917	ENSEEEG00000013441	GGT7	ENSPKIP00000022255	ENSPKIG00000006322	GGT7
ENSEEEP00000053896	ENSEEEG00000001361	ENOSF1	ENSPKIP00000029481	ENSPKIG00000010690	enosf1
ENSEEEP00000018122	ENSEEEG00000008911	SLC51A	ENSPKIP00000010260	ENSPKIG00000025040	slc51a
ENSEEEP00000043205	ENSEEEG00000020404	TNFRSF19	ENSPKIP00000031404	ENSPKIG00000011900	tnfrsf19
ENSEEEP00000046036	ENSEEEG00000021688	MTRF1L	ENSPKIP00000003416	ENSPKIG00000020934	mtrf1l
ENSEEEP00000019637	ENSEEEG00000009614	RNFT2	ENSPKIP00000032597	ENSPKIG00000012630	rnft2
ENSEEEP00000024243	ENSEEEG00000011752		ENSPKIP00000025139	ENSPKIG00000008122	
ENSEEEP00000036765	ENSEEEG00000017442	si:ch211-214j8.1	ENSPKIP00000036007	ENSPKIG00000014715	naaladl1
ENSEEEP00000043761	ENSEEEG00000020687	AGBL5	ENSPKIP00000033521	ENSPKIG00000013187	agbl5
ENSEEEP00000046039	ENSEEEG00000021689	FBXO5	ENSPKIP00000003441	ENSPKIG00000020947	fbxo5
ENSEEEP00000053302	ENSEEEG00000026785	pxnb	ENSPKIP00000010367	ENSPKIG00000025111	PXN
ENSEEEP00000009781	ENSEEEG00000004968	trappc6b	ENSPKIP00000040983	ENSPKIG00000017722	trappc6b
ENSEEEP00000052946	ENSEEEG00000018697	polr1h	ENSPKIP00000030454	ENSPKIG00000011313	polr1h
ENSEEEP00000043759	ENSEEEG00000020686	OST4	ENSPKIP00000033643	ENSPKIG00000013283	ost4
ENSEEEP00000052070	ENSEEEG00000024423	COQ10A	ENSPKIP00000017595	ENSPKIG00000003435	COQ10A
ENSEEEP00000046056	ENSEEEG00000021696	VIP	ENSPKIP00000003477	ENSPKIG00000020964	vip
ENSEEEP00000043756	ENSEEEG00000020683	PHF19	ENSPKIP00000022856	ENSPKIG00000006705	
ENSEEEP00000063963	ENSEEEG00000027179	snrpg	ENSPKIP00000036539	ENSPKIG00000015072	snrpg
ENSEEEP00000011774	ENSEEEG00000005926	ctu1	ENSPKIP00000010377	ENSPKIG00000025122	CTU1
ENSEEEP00000010963	ENSEEEG00000005553	B9D1	ENSPKIP00000040816	ENSPKIG00000017625	b9d1
ENSEEEP00000050565	ENSEEEG00000023779	six6b	ENSPKIP00000041660	ENSPKIG00000018123	six6a
ENSEEEP00000018174	ENSEEEG00000008918	NUP58	ENSPKIP00000010209	ENSPKIG00000024998	nup58
ENSEEEP00000019641	ENSEEEG00000009618	SPRING1	ENSPKIP00000032648	ENSPKIG00000012659	spring1
ENSEEEP00000017642	ENSEEEG00000008603	gtf2h4	ENSPKIP00000030419	ENSPKIG00000011270	gtf2h4
ENSEEEP00000001906	ENSEEEG00000001196	SMKR1	ENSPKIP00000041903	ENSPKIG00000018270	
ENSEEEP00000038797	ENSEEEG00000018403	dlx3b	ENSPKIP00000004554	ENSPKIG00000021616	dlx3b
ENSEEEP00000052066	ENSEEEG00000024421	PLPBP	ENSPKIP00000036491	ENSPKIG00000015029	PROSC
ENSEEEP00000019644	ENSEEEG00000009620	CASTOR1	ENSPKIP00000032722	ENSPKIG00000012702	CASTOR1
ENSEEEP00000050567	ENSEEEG00000023782	six4b	ENSPKIP00000041706	ENSPKIG00000018158	six4a
ENSEEEP00000010966	ENSEEEG00000005562	EPN2	ENSPKIP00000040749	ENSPKIG00000017596	epn2
ENSEEEP00000038798	ENSEEEG00000018404	dlx4b	ENSPKIP00000004530	ENSPKIG00000021603	dlx4a
ENSEEEP00000041136	ENSEEEG00000019456	SLC51A	ENSPKIP00000000981	ENSPKIG00000019420	slc51a
ENSEEEP00000061124	ENSEEEG00000023616	STK11	ENSPKIP00000029484	ENSPKIG00000010702	stk11
ENSEEEP00000043740	ENSEEEG00000020679	MRPS10	ENSPKIP00000022927	ENSPKIG00000006748	mrps10
ENSEEEP00000038799	ENSEEEG00000018405	si:ch211-131k2.2	ENSPKIP00000004498	ENSPKIG00000021578	si:ch211-131k2.2
ENSEEEP00000019668	ENSEEEG00000009625	NIPSNAP1	ENSPKIP00000032810	ENSPKIG00000012750	nipsnap1
ENSEEEP00000009807	ENSEEEG00000004991	PAN2	ENSPKIP00000018437	ENSPKIG00000003973	PAN2
ENSEEEP00000033538	ENSEEEG00000015951	PHB	ENSPKIP00000006714	ENSPKIG00000022876	phb
ENSEEEP00000054015	ENSEEEG00000028764	TP53INP2	ENSPKIP00000022325	ENSPKIG00000006378	tp53inp2b
ENSEEEP00000002265	ENSEEEG00000001366	adcyap1a	ENSPKIP00000029301	ENSPKIG00000010573	adcyap1a
ENSEEEP00000035456	ENSEEEG00000016883	si:ch73-61d6.3	ENSPKIP00000025833	ENSPKIG00000008549	si:ch73-61d6.3
ENSEEEP00000015102	ENSEEEG00000007526		ENSPKIP00000006256	ENSPKIG00000022591	plb1
ENSEEEP00000029991	ENSEEEG00000014374	ccnp	ENSPKIP00000031442	ENSPKIG00000011926	ccnp
ENSEEEP00000027920	ENSEEEG00000013443	snai1b	ENSPKIP00000022363	ENSPKIG00000006393	snai1a
ENSEEEP00000052054	ENSEEEG00000024420	TMED4	ENSPKIP00000036417	ENSPKIG00000014993	tmed4
ENSEEEP00000050829	ENSEEEG00000023870	GPR83	ENSPKIP00000005777	ENSPKIG00000022322	gpr83
ENSEEEP00000036466	ENSEEEG00000017334		ENSPKIP00000036799	ENSPKIG00000015237	
ENSEEEP00000003360	ENSEEEG00000001888	LRRK2	ENSPKIP00000033791	ENSPKIG00000013223	lrrk2
ENSEEEP00000010989	ENSEEEG00000005563	grapa	ENSPKIP00000034133	ENSPKIG00000013572	grapa
ENSEEEP00000015100	ENSEEEG00000007523	YPEL5	ENSPKIP00000006275	ENSPKIG00000022624	ypel5
ENSEEEP00000002268	ENSEEEG00000001367	METTL4	ENSPKIP00000028154	ENSPKIG00000009903	mettl4
ENSEEEP00000014931	ENSEEEG00000007433	wnt4b	ENSPKIP00000025989	ENSPKIG00000008637	wnt4b
ENSEEEP00000033527	ENSEEEG00000015942	PHOSPHO1	ENSPKIP00000003147	ENSPKIG00000020768	phospho1
ENSEEEP00000023778	ENSEEEG00000011527	WDR4	ENSPKIP00000017528	ENSPKIG00000003403	wdr4
ENSEEEP00000035449	ENSEEEG00000016876	itgb4	ENSPKIP00000006099	ENSPKIG00000022391	itgb4
ENSEEEP00000033524	ENSEEEG00000015941	NATD1	ENSPKIP00000026300	ENSPKIG00000008830	natd1
ENSEEEP00000036460	ENSEEEG00000017331		ENSPKIP00000025415	ENSPKIG00000008289	
ENSEEEP00000053232	ENSEEEG00000023097	TWSG1	ENSPKIP00000026309	ENSPKIG00000008852	twsg1a
ENSEEEP00000060729	ENSEEEG00000029004	TMEM11	ENSPKIP00000026224	ENSPKIG00000008790	tmem11
ENSEEEP00000015085	ENSEEEG00000007507	BTBD9	ENSPKIP00000007136	ENSPKIG00000023142	btbd9
ENSEEEP00000064245	ENSEEEG00000020675	tmem19	ENSPKIP00000007374	ENSPKIG00000023289	TMEM19
ENSEEEP00000042723	ENSEEEG00000019918	MIPEP	ENSPKIP00000031495	ENSPKIG00000011944	mipepa
ENSEEEP00000056623	ENSEEEG00000028251	CIAO2A	ENSPKIP00000023425	ENSPKIG00000007057	
ENSEEEP00000053427	ENSEEEG00000011522	naca	ENSPKIP00000017355	ENSPKIG00000003299	
ENSEEEP00000057684	ENSEEEG00000016844	SAP30BP	ENSPKIP00000006196	ENSPKIG00000022577	sap30bp
ENSEEEP00000033516	ENSEEEG00000015936	DHRS7B	ENSPKIP00000026185	ENSPKIG00000008762	dhrs7b
ENSEEEP00000016270	ENSEEEG00000008046	ackr4b	ENSPKIP00000033710	ENSPKIG00000013325	ACKR4
ENSEEEP00000058179	ENSEEEG00000024417	FAM50A	ENSPKIP00000018894	ENSPKIG00000004275	FAM50B
ENSEEEP00000024535	ENSEEEG00000011897	pkdc	ENSPKIP00000004387	ENSPKIG00000021521	pkdc
ENSEEEP00000015875	ENSEEEG00000007847	myrip	ENSPKIP00000033788	ENSPKIG00000013371	
ENSEEEP00000053949	ENSEEEG00000024971		ENSPKIP00000027473	ENSPKIG00000009520	
ENSEEEP00000008237	ENSEEEG00000004306	KLF3	ENSPKIP00000018314	ENSPKIG00000003917	klf3
ENSEEEP00000046193	ENSEEEG00000021720	ANAPC1	ENSPKIP00000003654	ENSPKIG00000021019	anapc1
ENSEEEP00000024544	ENSEEEG00000011899	TBX20	ENSPKIP00000004419	ENSPKIG00000021534	tbx20
ENSEEEP00000049649	ENSEEEG00000023042	CSDE1	ENSPKIP00000027395	ENSPKIG00000009459	csde1
ENSEEEP00000043726	ENSEEEG00000019717	RAB3GAP2	ENSPKIP00000006097	ENSPKIG00000022482	rab3gap2
ENSEEEP00000008241	ENSEEEG00000004307	FAM114A1	ENSPKIP00000018404	ENSPKIG00000003979	fam114a1
ENSEEEP00000033509	ENSEEEG00000015931	CRAMP1	ENSPKIP00000026083	ENSPKIG00000008706	cramp1
ENSEEEP00000038573	ENSEEEG00000018310	AKAP13	ENSPKIP00000034535	ENSPKIG00000013819	
ENSEEEP00000015074	ENSEEEG00000007501	zgc:112001	ENSPKIP00000007031	ENSPKIG00000023079	zgc:112001
ENSEEEP00000036892	ENSEEEG00000017518	si:dkey-260j18.2	ENSPKIP00000012489	ENSPKIG00000000266	si:dkey-260j18.2
ENSEEEP00000055924	ENSEEEG00000027868	JPT2	ENSPKIP00000026051	ENSPKIG00000008686	jpt2
ENSEEEP00000015874	ENSEEEG00000007845	prlh2	ENSPKIP00000039832	ENSPKIG00000017044	prlh2
ENSEEEP00000004536	ENSEEEG00000002366	SMARCE1	ENSPKIP00000024450	ENSPKIG00000007708	smarce1
ENSEEEP00000050851	ENSEEEG00000023885	AATF	ENSPKIP00000003408	ENSPKIG00000020922	IWS1
ENSEEEP00000015873	ENSEEEG00000007844		ENSPKIP00000014808	ENSPKIG00000001741	
ENSEEEP00000036447	ENSEEEG00000017282	PLEKHA6	ENSPKIP00000025619	ENSPKIG00000008393	plekha6
ENSEEEP00000002601	ENSEEEG00000001500	shisal1a	ENSPKIP00000005809	ENSPKIG00000022343	SHISAL1
ENSEEEP00000059246	ENSEEEG00000026513	si:dkeyp-93d12.1	ENSPKIP00000035669	ENSPKIG00000014531	tdrd15
ENSEEEP00000049987	ENSEEEG00000023498	cnpy2	ENSPKIP00000017437	ENSPKIG00000003354	cnpy2
ENSEEEP00000015870	ENSEEEG00000007840	zfand1	ENSPKIP00000039793	ENSPKIG00000017006	zfand1
ENSEEEP00000036690	ENSEEEG00000017420	LYSMD4	ENSPKIP00000033494	ENSPKIG00000013192	lysmd4
ENSEEEP00000024557	ENSEEEG00000011907	HERPUD2	ENSPKIP00000024284	ENSPKIG00000007602	herpud2
ENSEEEP00000015056	ENSEEEG00000007485	RFX6	ENSPKIP00000035597	ENSPKIG00000014493	rfx6
ENSEEEP00000015269	ENSEEEG00000007593	MLF2	ENSPKIP00000026087	ENSPKIG00000008704	mlf2
ENSEEEP00000024258	ENSEEEG00000011760	POMGNT2	ENSPKIP00000032226	ENSPKIG00000012403	pomgnt2
ENSEEEP00000015859	ENSEEEG00000007837	CHMP4C	ENSPKIP00000039719	ENSPKIG00000016972	chmp4c
ENSEEEP00000060882	ENSEEEG00000025686	rbfox1l	ENSPKIP00000031672	ENSPKIG00000012029	rbfox1l
ENSEEEP00000024255	ENSEEEG00000011758	GASK1A	ENSPKIP00000032260	ENSPKIG00000012419	gask1a
ENSEEEP00000038556	ENSEEEG00000018301	SLC19A2	ENSPKIP00000016913	ENSPKIG00000003038	slc19a2
ENSEEEP00000015794	ENSEEEG00000007813	ING4	ENSPKIP00000010707	ENSPKIG00000025320	ing4
ENSEEEP00000015854	ENSEEEG00000007835	kcnip1b	ENSPKIP00000026620	ENSPKIG00000009016	
ENSEEEP00000024603	ENSEEEG00000011914	dpy19l1l	ENSPKIP00000004468	ENSPKIG00000021558	dpy19l1l
ENSEEEP00000015283	ENSEEEG00000007597	RPS9	ENSPKIP00000031565	ENSPKIG00000012002	
ENSEEEP00000024251	ENSEEEG00000011744	entpd3	ENSPKIP00000032318	ENSPKIG00000012457	entpd3
ENSEEEP00000002321	ENSEEEG00000001380	SMCHD1	ENSPKIP00000028369	ENSPKIG00000009971	smchd1
ENSEEEP00000019676	ENSEEEG00000009634	LRRC74B	ENSPKIP00000032857	ENSPKIG00000012793	lrrc74b
ENSEEEP00000043665	ENSEEEG00000020462	PTPRR	ENSPKIP00000006889	ENSPKIG00000022989	ptprr
ENSEEEP00000011992	ENSEEEG00000006049		ENSPKIP00000020707	ENSPKIG00000005388	
ENSEEEP00000049978	ENSEEEG00000023494	zgc:113184	ENSPKIP00000018221	ENSPKIG00000003863	
ENSEEEP00000052036	ENSEEEG00000024415	SARS1	ENSPKIP00000019007	ENSPKIG00000004342	sars1
ENSEEEP00000033488	ENSEEEG00000015920	NME3	ENSPKIP00000005761	ENSPKIG00000022312	nme3
ENSEEEP00000038548	ENSEEEG00000018300	PSMB3	ENSPKIP00000023703	ENSPKIG00000007218	psmb3
ENSEEEP00000050195	ENSEEEG00000023610	lrrc30a	ENSPKIP00000016245	ENSPKIG00000002651	lrrc30a
ENSEEEP00000002660	ENSEEEG00000001536	si:ch211-214j24.10	ENSPKIP00000012515	ENSPKIG00000000279	
ENSEEEP00000049975	ENSEEEG00000023492	dnajc14	ENSPKIP00000018297	ENSPKIG00000003910	dnajc14
ENSEEEP00000050872	ENSEEEG00000023896	pi15b	ENSPKIP00000011918	ENSPKIG00000018332	pi15b
ENSEEEP00000012007	ENSEEEG00000006054	P4HB	ENSPKIP00000022228	ENSPKIG00000006291	p4hb
ENSEEEP00000036854	ENSEEEG00000017497	TANGO2	ENSPKIP00000029001	ENSPKIG00000010409	tango2
ENSEEEP00000008881	ENSEEEG00000004579	HTR3B	ENSPKIP00000026332	ENSPKIG00000008861	htr3b
ENSEEEP00000025105	ENSEEEG00000012171	NT5E	ENSPKIP00000040564	ENSPKIG00000017479	nt5e
ENSEEEP00000046933	ENSEEEG00000022089	RIOK2	ENSPKIP00000038501	ENSPKIG00000016220	riok2
ENSEEEP00000063561	ENSEEEG00000028018	si:ch211-160o17.2	ENSPKIP00000018550	ENSPKIG00000004075	si:ch211-160o17.2
ENSEEEP00000015041	ENSEEEG00000007483	vgll2a	ENSPKIP00000035537	ENSPKIG00000014463	vgll2a
ENSEEEP00000002735	ENSEEEG00000001547	OSGEP	ENSPKIP00000012915	ENSPKIG00000000526	osgep
ENSEEEP00000024900	ENSEEEG00000012077	RPL38	ENSPKIP00000031327	ENSPKIG00000011849	rpl38
ENSEEEP00000038407	ENSEEEG00000018243	MYL1	ENSPKIP00000038886	ENSPKIG00000016470	myl1
ENSEEEP00000033484	ENSEEEG00000015917	MRPS34	ENSPKIP00000005793	ENSPKIG00000022331	mrps34
ENSEEEP00000052031	ENSEEEG00000024413	chchd6a	ENSPKIP00000024928	ENSPKIG00000007988	chchd6a
ENSEEEP00000053555	ENSEEEG00000012174	MEI4	ENSPKIP00000036683	ENSPKIG00000015155	
ENSEEEP00000038405	ENSEEEG00000018242		ENSPKIP00000039378	ENSPKIG00000016754	MAP2
ENSEEEP00000015040	ENSEEEG00000007482	DCBLD1	ENSPKIP00000035410	ENSPKIG00000014358	dcbld1
ENSEEEP00000036856	ENSEEEG00000017499	tmem150aa	ENSPKIP00000039903	ENSPKIG00000017087	tmem150ab
ENSEEEP00000015072	ENSEEEG00000007500	cxcr2	ENSPKIP00000000301	ENSPKIG00000019026	cxcr2
ENSEEEP00000033481	ENSEEEG00000015916	spsb3a	ENSPKIP00000025755	ENSPKIG00000008502	spsb3a
ENSEEEP00000049966	ENSEEEG00000023486	MCRS1	ENSPKIP00000018609	ENSPKIG00000004109	mcrs1
ENSEEEP00000062461	ENSEEEG00000025958	cdkn1bb	ENSPKIP00000004851	ENSPKIG00000021775	CDKN1B
ENSEEEP00000053105	ENSEEEG00000024700	FERD3L	ENSPKIP00000035166	ENSPKIG00000014226	
ENSEEEP00000036857	ENSEEEG00000017500	RNF181	ENSPKIP00000003057	ENSPKIG00000020712	rnf181
ENSEEEP00000023543	ENSEEEG00000011417	tmprss3a	ENSPKIP00000017234	ENSPKIG00000003233	tmprss3b
ENSEEEP00000015073	ENSEEEG00000007502	cxcr1	ENSPKIP00000000285	ENSPKIG00000019019	
ENSEEEP00000060978	ENSEEEG00000025197	VAMP5	ENSPKIP00000039938	ENSPKIG00000017101	
ENSEEEP00000058106	ENSEEEG00000012076	TTYH2	ENSPKIP00000040439	ENSPKIG00000017373	ttyh2l
ENSEEEP00000050879	ENSEEEG00000023900	TMEM70	ENSPKIP00000041912	ENSPKIG00000018281	tmem70
ENSEEEP00000054729	ENSEEEG00000025466	VAMP8	ENSPKIP00000002977	ENSPKIG00000020667	vamp8
ENSEEEP00000038399	ENSEEEG00000018236	KANSL1L	ENSPKIP00000039516	ENSPKIG00000016828	
ENSEEEP00000050880	ENSEEEG00000023901	elocb	ENSPKIP00000041896	ENSPKIG00000018267	
ENSEEEP00000064628	ENSEEEG00000022102	DNAJC2	ENSPKIP00000022862	ENSPKIG00000006694	dnajc2
ENSEEEP00000033479	ENSEEEG00000015890	ATP6V0C	ENSPKIP00000025678	ENSPKIG00000008460	ATP6V0C
ENSEEEP00000038545	ENSEEEG00000018295	UNC80	ENSPKIP00000039309	ENSPKIG00000016630	unc80
ENSEEEP00000015033	ENSEEEG00000007481	gopc	ENSPKIP00000035277	ENSPKIG00000014301	gopc
ENSEEEP00000058024	ENSEEEG00000026431	ube2w	ENSPKIP00000022704	ENSPKIG00000006608	ube2wa
ENSEEEP00000024136	ENSEEEG00000011705	si:ch211-153l6.6	ENSPKIP00000024672	ENSPKIG00000007822	
ENSEEEP00000030301	ENSEEEG00000014525	NCAPH	ENSPKIP00000002929	ENSPKIG00000020634	ncaph
ENSEEEP00000056628	ENSEEEG00000026061	MRPS35	ENSPKIP00000024035	ENSPKIG00000007441	mrps35
ENSEEEP00000024134	ENSEEEG00000011703	PALMD	ENSPKIP00000036107	ENSPKIG00000014794	palmda
ENSEEEP00000025362	ENSEEEG00000012273	PLD5	ENSPKIP00000004871	ENSPKIG00000021787	PLD5
ENSEEEP00000037403	ENSEEEG00000017782		ENSPKIP00000023990	ENSPKIG00000007415	MANSC4
ENSEEEP00000017739	ENSEEEG00000008761	tnfa	ENSPKIP00000030180	ENSPKIG00000011137	tnfa
ENSEEEP00000015090	ENSEEEG00000007514	gpbar1	ENSPKIP00000000183	ENSPKIG00000018945	gpbar1
ENSEEEP00000053879	ENSEEEG00000022082	ATXN2	ENSPKIP00000007141	ENSPKIG00000023134	atxn2
ENSEEEP00000011755	ENSEEEG00000003834	GCN1	ENSPKIP00000010353	ENSPKIG00000025090	gcn1
ENSEEEP00000049945	ENSEEEG00000023481	SUOX	ENSPKIP00000018742	ENSPKIG00000004195	suox
ENSEEEP00000002749	ENSEEEG00000001579	APEX1	ENSPKIP00000017701	ENSPKIG00000003504	apex1
ENSEEEP00000026232	ENSEEEG00000012683	GAS2L1	ENSPKIP00000006805	ENSPKIG00000022939	gas2l1
ENSEEEP00000012017	ENSEEEG00000006061	ANAPC11	ENSPKIP00000022111	ENSPKIG00000006250	anapc11
ENSEEEP00000016705	ENSEEEG00000008279	MSMO1	ENSPKIP00000001833	ENSPKIG00000019967	msmo1
ENSEEEP00000024125	ENSEEEG00000011701	plppr5a	ENSPKIP00000024878	ENSPKIG00000007935	plppr5b
ENSEEEP00000015092	ENSEEEG00000007518	NDUFB3	ENSPKIP00000028942	ENSPKIG00000010383	ndufb3
ENSEEEP00000016710	ENSEEEG00000008281	CPE	ENSPKIP00000001931	ENSPKIG00000020014	cpe
ENSEEEP00000050899	ENSEEEG00000023909	rpl7	ENSPKIP00000041755	ENSPKIG00000018183	rpl7
ENSEEEP00000015094	ENSEEEG00000007519		ENSPKIP00000028995	ENSPKIG00000010416	cflara
ENSEEEP00000012023	ENSEEEG00000006062	CCDC40	ENSPKIP00000018717	ENSPKIG00000004181	ccdc40
ENSEEEP00000014324	ENSEEEG00000007117	vaspb	ENSPKIP00000013859	ENSPKIG00000001134	VASP
ENSEEEP00000026218	ENSEEEG00000012675	ewsr1b	ENSPKIP00000006829	ENSPKIG00000022955	ewsr1b
ENSEEEP00000015025	ENSEEEG00000007478	NUS1	ENSPKIP00000035212	ENSPKIG00000014250	nus1
ENSEEEP00000024118	ENSEEEG00000011700	SNX7	ENSPKIP00000024996	ENSPKIG00000008019	snx7
ENSEEEP00000033422	ENSEEEG00000015883	arl5c	ENSPKIP00000004777	ENSPKIG00000021727	arl5c
ENSEEEP00000061984	ENSEEEG00000026076		ENSPKIP00000041035	ENSPKIG00000017742	
ENSEEEP00000031750	ENSEEEG00000015163	SNRPD2	ENSPKIP00000013818	ENSPKIG00000001110	snrpd2
ENSEEEP00000039540	ENSEEEG00000018751	SNW1	ENSPKIP00000036433	ENSPKIG00000014994	snw1
ENSEEEP00000026212	ENSEEEG00000012673	RHBDD3	ENSPKIP00000006879	ENSPKIG00000022986	rhbdd3
ENSEEEP00000034050	ENSEEEG00000016222	COL26A1	ENSPKIP00000006918	ENSPKIG00000023014	EMID1
ENSEEEP00000060050	ENSEEEG00000026161		ENSPKIP00000026436	ENSPKIG00000008924	
ENSEEEP00000062631	ENSEEEG00000007477	SLC35F1	ENSPKIP00000035150	ENSPKIG00000014207	slc35f1
ENSEEEP00000044472	ENSEEEG00000021010	ANAPC7	ENSPKIP00000023167	ENSPKIG00000006888	anapc7
ENSEEEP00000012032	ENSEEEG00000006065	CARD14	ENSPKIP00000018823	ENSPKIG00000004238	card14
ENSEEEP00000046727	ENSEEEG00000022005	RAD52	ENSPKIP00000003404	ENSPKIG00000020920	rad52
ENSEEEP00000059139	ENSEEEG00000024403	lrrc20	ENSPKIP00000024387	ENSPKIG00000007660	lrrc20
ENSEEEP00000043133	ENSEEEG00000020263	LPAR2	ENSPKIP00000035693	ENSPKIG00000014536	LPAR2
ENSEEEP00000056956	ENSEEEG00000025150	MRPL10	ENSPKIP00000011914	ENSPKIG00000018334	
ENSEEEP00000018340	ENSEEEG00000009006	TIMELESS	ENSPKIP00000019053	ENSPKIG00000004370	timeless
ENSEEEP00000031735	ENSEEEG00000015161	pglyrp5	ENSPKIP00000031713	ENSPKIG00000012093	pglyrp5
ENSEEEP00000041093	ENSEEEG00000019448	fstl1b	ENSPKIP00000029878	ENSPKIG00000010945	fstl1b
ENSEEEP00000054536	ENSEEEG00000028949	ndr1	ENSPKIP00000024433	ENSPKIG00000007695	ndr2
ENSEEEP00000053276	ENSEEEG00000015160	POLR2I	ENSPKIP00000013788	ENSPKIG00000001086	polr2i
ENSEEEP00000052341	ENSEEEG00000024528	NAA10	ENSPKIP00000038821	ENSPKIG00000016446	naa10
ENSEEEP00000047390	ENSEEEG00000022243	TRAP1	ENSPKIP00000022962	ENSPKIG00000006765	trap1
ENSEEEP00000004577	ENSEEEG00000002388	ATF6	ENSPKIP00000038444	ENSPKIG00000016163	
ENSEEEP00000024113	ENSEEEG00000011391	dpyda.3	ENSPKIP00000025427	ENSPKIG00000008228	dpydb
ENSEEEP00000062900	ENSEEEG00000024802	SPOCK3	ENSPKIP00000004585	ENSPKIG00000021579	spock3
ENSEEEP00000062849	ENSEEEG00000005820	atad5a	ENSPKIP00000020118	ENSPKIG00000004953	atad5a
ENSEEEP00000046998	ENSEEEG00000022121	UGT8	ENSPKIP00000004629	ENSPKIG00000021657	ugt8
ENSEEEP00000061593	ENSEEEG00000010039	NPY1R	ENSPKIP00000001403	ENSPKIG00000019716	npy1r
ENSEEEP00000060417	ENSEEEG00000027271	nudt4b	ENSPKIP00000010946	ENSPKIG00000025462	nudt4b
ENSEEEP00000052345	ENSEEEG00000024529	LMOD3	ENSPKIP00000009552	ENSPKIG00000024622	LMOD3
ENSEEEP00000046962	ENSEEEG00000022106	PKP2	ENSPKIP00000010876	ENSPKIG00000025419	
ENSEEEP00000000130	ENSEEEG00000000094	zgc:172341	ENSPKIP00000040711	ENSPKIG00000017565	ddo
ENSEEEP00000002777	ENSEEEG00000001592	MFAP4	ENSPKIP00000041139	ENSPKIG00000017808	
ENSEEEP00000021453	ENSEEEG00000010452		ENSPKIP00000041474	ENSPKIG00000018013	
ENSEEEP00000000116	ENSEEEG00000000080	GZF1	ENSPKIP00000040682	ENSPKIG00000017544	zbtb24
ENSEEEP00000012037	ENSEEEG00000006068	CBX4	ENSPKIP00000018949	ENSPKIG00000004326	CBX4
ENSEEEP00000025399	ENSEEEG00000012326	CFAP36	ENSPKIP00000004797	ENSPKIG00000021747	CFAP36
ENSEEEP00000055944	ENSEEEG00000025747	cbx8b	ENSPKIP00000025481	ENSPKIG00000008343	cbx8a
ENSEEEP00000000103	ENSEEEG00000000065		ENSPKIP00000040618	ENSPKIG00000017509	
ENSEEEP00000012049	ENSEEEG00000006076	si:dkey-31g6.6	ENSPKIP00000025526	ENSPKIG00000008369	si:dkey-31g6.6
ENSEEEP00000052346	ENSEEEG00000024530	ZBTB46	ENSPKIP00000020503	ENSPKIG00000005258	zbtb46
ENSEEEP00000025241	ENSEEEG00000012233	REM2	ENSPKIP00000036466	ENSPKIG00000015007	REM2
ENSEEEP00000062541	ENSEEEG00000026712	st8sia6	ENSPKIP00000004400	ENSPKIG00000021530	st8sia6
ENSEEEP00000046306	ENSEEEG00000021805	zgc:174356	ENSPKIP00000033239	ENSPKIG00000013021	zgc:174356
ENSEEEP00000046902	ENSEEEG00000022058	MAPKAPK5	ENSPKIP00000007281	ENSPKIG00000023236	mapkapk5
ENSEEEP00000049217	ENSEEEG00000023126	waca	ENSPKIP00000029205	ENSPKIG00000010533	WAC
ENSEEEP00000008869	ENSEEEG00000004568	ZW10	ENSPKIP00000026613	ENSPKIG00000009001	zw10
ENSEEEP00000031045	ENSEEEG00000014857	si:ch211-215c18.3	ENSPKIP00000003371	ENSPKIG00000020905	si:ch211-215c18.3
ENSEEEP00000020594	ENSEEEG00000010047	MED28	ENSPKIP00000005881	ENSPKIG00000022383	med28
ENSEEEP00000046201	ENSEEEG00000021764	BCL2L11	ENSPKIP00000003758	ENSPKIG00000021123	
ENSEEEP00000017628	ENSEEEG00000008704	GTF2E2	ENSPKIP00000019759	ENSPKIG00000004797	gtf2e2
ENSEEEP00000012060	ENSEEEG00000006085	DGKE	ENSPKIP00000019067	ENSPKIG00000004381	dgke
ENSEEEP00000025438	ENSEEEG00000012329	PNPT1	ENSPKIP00000004599	ENSPKIG00000021612	PNPT1
ENSEEEP00000035513	ENSEEEG00000016903	afg1la	ENSPKIP00000040527	ENSPKIG00000017456	afg1la
ENSEEEP00000017630	ENSEEEG00000008705	SMIM18	ENSPKIP00000012854	ENSPKIG00000000504	
ENSEEEP00000049212	ENSEEEG00000023125	bambia	ENSPKIP00000027338	ENSPKIG00000009444	bambia
ENSEEEP00000017622	ENSEEEG00000008700	zgc:171517	ENSPKIP00000006036	ENSPKIG00000022475	qdpra
ENSEEEP00000031034	ENSEEEG00000014851	f11r.1	ENSPKIP00000003295	ENSPKIG00000020862	
ENSEEEP00000049209	ENSEEEG00000023124	MAP3K8	ENSPKIP00000027286	ENSPKIG00000009420	map3k8
ENSEEEP00000049208	ENSEEEG00000023122	MTPAP	ENSPKIP00000027254	ENSPKIG00000009397	mtpap
ENSEEEP00000025249	ENSEEEG00000012250	NRL	ENSPKIP00000036494	ENSPKIG00000015038	nrl
ENSEEEP00000009837	ENSEEEG00000005008	NEMP1	ENSPKIP00000021880	ENSPKIG00000006105	nemp1
ENSEEEP00000004546	ENSEEEG00000002337	HENMT1	ENSPKIP00000019824	ENSPKIG00000004845	henmt1
ENSEEEP00000007031	ENSEEEG00000003711		ENSPKIP00000038640	ENSPKIG00000016343	
ENSEEEP00000058033	ENSEEEG00000027160	NSRP1	ENSPKIP00000012222	ENSPKIG00000000088	nsrp1
ENSEEEP00000038257	ENSEEEG00000018121	GPATCH1	ENSPKIP00000003108	ENSPKIG00000020745	gpatch1
ENSEEEP00000002829	ENSEEEG00000001621	ZC3HC1	ENSPKIP00000023605	ENSPKIG00000007172	zc3hc1
ENSEEEP00000035494	ENSEEEG00000027468	vsnl1b	ENSPKIP00000032127	ENSPKIG00000012336	vsnl1a
ENSEEEP00000012070	ENSEEEG00000006091	TRIM25	ENSPKIP00000019166	ENSPKIG00000004447	trim25
ENSEEEP00000009846	ENSEEEG00000005012	armc1l	ENSPKIP00000007038	ENSPKIG00000023085	armc1l
ENSEEEP00000007012	ENSEEEG00000003694	PRKAB2	ENSPKIP00000040066	ENSPKIG00000017163	PRKAB2
ENSEEEP00000036331	ENSEEEG00000017278	aftpha	ENSPKIP00000008922	ENSPKIG00000024221	
ENSEEEP00000010048	ENSEEEG00000028537	RPN1	ENSPKIP00000020595	ENSPKIG00000005304	rpn1
ENSEEEP00000016880	ENSEEEG00000008275	bbs1	ENSPKIP00000017252	ENSPKIG00000003222	bbs1
ENSEEEP00000009852	ENSEEEG00000005015	MTFR2	ENSPKIP00000007061	ENSPKIG00000023105	mtfr2
ENSEEEP00000018646	ENSEEEG00000009167		ENSPKIP00000026079	ENSPKIG00000008709	
ENSEEEP00000058244	ENSEEEG00000025589	lrrc58a	ENSPKIP00000026559	ENSPKIG00000008994	LRRC58
ENSEEEP00000006998	ENSEEEG00000003687	CACTIN	ENSPKIP00000025392	ENSPKIG00000008269	cactin
ENSEEEP00000015043	ENSEEEG00000007455	MYB	ENSPKIP00000007107	ENSPKIG00000023135	myb
ENSEEEP00000030400	ENSEEEG00000014566	zgc:110329	ENSPKIP00000002713	ENSPKIG00000020507	zgc:110329
ENSEEEP00000058700	ENSEEEG00000029012	AKAP8L	ENSPKIP00000035924	ENSPKIG00000014648	akap8l
ENSEEEP00000045988	ENSEEEG00000021669	TMEM60	ENSPKIP00000003134	ENSPKIG00000020764	TMEM60
ENSEEEP00000014627	ENSEEEG00000007265	wu:fj29h11	ENSPKIP00000022914	ENSPKIG00000006678	wu:fj29h11
ENSEEEP00000041081	ENSEEEG00000019446	GPR156	ENSPKIP00000029732	ENSPKIG00000010864	gpr156
ENSEEEP00000045984	ENSEEEG00000021665	IMMP2L	ENSPKIP00000029887	ENSPKIG00000010962	immp2l
ENSEEEP00000015021	ENSEEEG00000007476	si:dkeyp-114g9.1	ENSPKIP00000035080	ENSPKIG00000014157	si:dkeyp-114g9.1
ENSEEEP00000030574	ENSEEEG00000014635	SPOCK1	ENSPKIP00000037711	ENSPKIG00000015769	spock1
ENSEEEP00000053304	ENSEEEG00000028752	SRP9	ENSPKIP00000036430	ENSPKIG00000015012	srp9
ENSEEEP00000046810	ENSEEEG00000022039	METTL14	ENSPKIP00000004949	ENSPKIG00000021821	mettl14
ENSEEEP00000043192	ENSEEEG00000020395	mvb12a	ENSPKIP00000028547	ENSPKIG00000010155	
ENSEEEP00000063053	ENSEEEG00000028693	pebp1	ENSPKIP00000027098	ENSPKIG00000009305	pebp1
ENSEEEP00000046280	ENSEEEG00000021795	DGLUCY	ENSPKIP00000028107	ENSPKIG00000009877	dglucy
ENSEEEP00000012206	ENSEEEG00000006094	UTP6	ENSPKIP00000019520	ENSPKIG00000004653	utp6
ENSEEEP00000012942	ENSEEEG00000006501	TMEM181	ENSPKIP00000008402	ENSPKIG00000023911	tmem181
ENSEEEP00000059626	ENSEEEG00000028960	CEP85L	ENSPKIP00000034946	ENSPKIG00000014086	cep85l
ENSEEEP00000018345	ENSEEEG00000009010	tmem198b	ENSPKIP00000022446	ENSPKIG00000006447	
ENSEEEP00000030414	ENSEEEG00000014572	OGFOD2	ENSPKIP00000002609	ENSPKIG00000020443	ogfod2
ENSEEEP00000058313	ENSEEEG00000018344	AP3S2	ENSPKIP00000002364	ENSPKIG00000020282	ap3s2
ENSEEEP00000015015	ENSEEEG00000007472	MCM9	ENSPKIP00000034860	ENSPKIG00000014026	mcm9
ENSEEEP00000040966	ENSEEEG00000019383	NUP98	ENSPKIP00000037144	ENSPKIG00000015404	nup98
ENSEEEP00000008826	ENSEEEG00000004425	DLAT	ENSPKIP00000026713	ENSPKIG00000009080	dlat
ENSEEEP00000052354	ENSEEEG00000024532	ZNF512B	ENSPKIP00000020612	ENSPKIG00000005318	znf512b
ENSEEEP00000030415	ENSEEEG00000014573	zgc:113436	ENSPKIP00000002579	ENSPKIG00000020423	zgc:113436
ENSEEEP00000030939	ENSEEEG00000014676	bco2a	ENSPKIP00000001076	ENSPKIG00000019470	bco2b
ENSEEEP00000018377	ENSEEEG00000009020	pmela	ENSPKIP00000019816	ENSPKIG00000004841	pmelb
ENSEEEP00000025039	ENSEEEG00000012150	MGAT2	ENSPKIP00000007748	ENSPKIG00000023527	mgat2
ENSEEEP00000038660	ENSEEEG00000018348	SNORC	ENSPKIP00000017928	ENSPKIG00000003662	
ENSEEEP00000032908	ENSEEEG00000015664	c1ql3b	ENSPKIP00000000935	ENSPKIG00000019411	c1ql1l2
ENSEEEP00000025040	ENSEEEG00000012151	RPS29	ENSPKIP00000007694	ENSPKIG00000023490	
ENSEEEP00000029354	ENSEEEG00000014057		ENSPKIP00000006800	ENSPKIG00000022934	
ENSEEEP00000015081	ENSEEEG00000007508	stap2a	ENSPKIP00000024857	ENSPKIG00000007926	stap2a
ENSEEEP00000032907	ENSEEEG00000015663	CCDC43	ENSPKIP00000000954	ENSPKIG00000019424	ccdc43
ENSEEEP00000015371	ENSEEEG00000007632	si:dkey-92i15.4	ENSPKIP00000008173	ENSPKIG00000023783	
ENSEEEP00000052356	ENSEEEG00000024533	SAMD10	ENSPKIP00000020667	ENSPKIG00000005361	samd10b
ENSEEEP00000032906	ENSEEEG00000015662		ENSPKIP00000001001	ENSPKIG00000019445	moto
ENSEEEP00000014963	ENSEEEG00000007425	HBS1L	ENSPKIP00000007159	ENSPKIG00000023171	hbs1l
ENSEEEP00000015373	ENSEEEG00000007634	C1orf43	ENSPKIP00000007928	ENSPKIG00000023636	ltap1
ENSEEEP00000037526	ENSEEEG00000017842	ADCK2	ENSPKIP00000023687	ENSPKIG00000007208	adck2
ENSEEEP00000016437	ENSEEEG00000008132	COQ7	ENSPKIP00000024921	ENSPKIG00000007978	
ENSEEEP00000053245	ENSEEEG00000028915	txnrd2.2	ENSPKIP00000029717	ENSPKIG00000010831	txnrd2.2
ENSEEEP00000014635	ENSEEEG00000007272		ENSPKIP00000022728	ENSPKIG00000006622	
ENSEEEP00000018936	ENSEEEG00000009217	nomo	ENSPKIP00000028969	ENSPKIG00000010317	nomo
ENSEEEP00000041060	ENSEEEG00000019417	nr1i2	ENSPKIP00000026744	ENSPKIG00000009082	nr1i2
ENSEEEP00000046274	ENSEEEG00000021794	GPR68	ENSPKIP00000023983	ENSPKIG00000007411	GPR68
ENSEEEP00000029414	ENSEEEG00000014063	ATG10	ENSPKIP00000029113	ENSPKIG00000010478	soul5l
ENSEEEP00000061786	ENSEEEG00000025038	VPS37B	ENSPKIP00000002523	ENSPKIG00000020384	VPS37B
ENSEEEP00000037529	ENSEEEG00000017845	BBS4	ENSPKIP00000007193	ENSPKIG00000023177	bbs4
ENSEEEP00000018427	ENSEEEG00000009035	CDK2	ENSPKIP00000019890	ENSPKIG00000004872	cdk2
ENSEEEP00000021105	ENSEEEG00000010182	PWP1	ENSPKIP00000010935	ENSPKIG00000025455	pwp1
ENSEEEP00000004862	ENSEEEG00000002540	apoa1b	ENSPKIP00000026041	ENSPKIG00000008680	apoa1a
ENSEEEP00000062100	ENSEEEG00000024534	PRPF6	ENSPKIP00000021119	ENSPKIG00000005627	prpf6
ENSEEEP00000015193	ENSEEEG00000007572	HNMT	ENSPKIP00000039409	ENSPKIG00000016763	hnmt
ENSEEEP00000025044	ENSEEEG00000012153	FKBP3	ENSPKIP00000003860	ENSPKIG00000021184	fkbp3
ENSEEEP00000050930	ENSEEEG00000023923	dnajb6b	ENSPKIP00000032697	ENSPKIG00000012679	
ENSEEEP00000037530	ENSEEEG00000017847	ADPGK	ENSPKIP00000007146	ENSPKIG00000023154	adpgk
ENSEEEP00000057208	ENSEEEG00000026621	SARNP	ENSPKIP00000015530	ENSPKIG00000002212	sarnp
ENSEEEP00000011757	ENSEEEG00000005916	CDCA8	ENSPKIP00000006142	ENSPKIG00000022545	cdca8
ENSEEEP00000025045	ENSEEEG00000012154	faua	ENSPKIP00000003892	ENSPKIG00000021210	faua
ENSEEEP00000011762	ENSEEEG00000005918	c19h1orf109	ENSPKIP00000006178	ENSPKIG00000022562	airim
ENSEEEP00000016444	ENSEEEG00000008144	KATNBL1	ENSPKIP00000024975	ENSPKIG00000008014	tbata
ENSEEEP00000011770	ENSEEEG00000005922		ENSPKIP00000006217	ENSPKIG00000022578	
ENSEEEP00000046281	ENSEEEG00000021785	FBLN7	ENSPKIP00000023807	ENSPKIG00000007296	fbln7
ENSEEEP00000058272	ENSEEEG00000018541	SINHCAF	ENSPKIP00000041331	ENSPKIG00000017918	sinhcaf
ENSEEEP00000001535	ENSEEEG00000000995	cnpy1	ENSPKIP00000033023	ENSPKIG00000012889	cnpy1
ENSEEEP00000061112	ENSEEEG00000025671	GPR108	ENSPKIP00000029157	ENSPKIG00000010510	gpr108
ENSEEEP00000003305	ENSEEEG00000001860	svip	ENSPKIP00000018899	ENSPKIG00000004286	svip
ENSEEEP00000040581	ENSEEEG00000019166	paics	ENSPKIP00000026217	ENSPKIG00000008784	paics
ENSEEEP00000001533	ENSEEEG00000000993	en2b	ENSPKIP00000033052	ENSPKIG00000012903	en2b
ENSEEEP00000032849	ENSEEEG00000015464	CCDC47	ENSPKIP00000040506	ENSPKIG00000017431	ccdc47
ENSEEEP00000014657	ENSEEEG00000007288	dhrs7cb	ENSPKIP00000022270	ENSPKIG00000006346	dhrs7cb
ENSEEEP00000015157	ENSEEEG00000007556		ENSPKIP00000024444	ENSPKIG00000007705	
ENSEEEP00000050667	ENSEEEG00000023816	TMCO4	ENSPKIP00000007222	ENSPKIG00000023179	NAALADL2
ENSEEEP00000004851	ENSEEEG00000002508	BACE1	ENSPKIP00000026111	ENSPKIG00000008713	bace1
ENSEEEP00000003302	ENSEEEG00000001858	gas2a	ENSPKIP00000018847	ENSPKIG00000004250	gas2b
ENSEEEP00000023158	ENSEEEG00000011228	SHE	ENSPKIP00000016055	ENSPKIG00000002551	SHE
ENSEEEP00000039052	ENSEEEG00000018539		ENSPKIP00000041416	ENSPKIG00000017980	caprin2
ENSEEEP00000021762	ENSEEEG00000027703	hs3st3l	ENSPKIP00000022243	ENSPKIG00000006332	hs3st3l
ENSEEEP00000045659	ENSEEEG00000021450	ZNF277	ENSPKIP00000013924	ENSPKIG00000001137	znf277
ENSEEEP00000025019	ENSEEEG00000012137	si:ch211-261p9.4	ENSPKIP00000031166	ENSPKIG00000011752	si:ch211-261p9.4
ENSEEEP00000054324	ENSEEEG00000005410	FLII	ENSPKIP00000034930	ENSPKIG00000014061	flii
ENSEEEP00000003299	ENSEEEG00000001857	FANCF	ENSPKIP00000018806	ENSPKIG00000004234	fancf
ENSEEEP00000057977	ENSEEEG00000029036	BTG1	ENSPKIP00000020181	ENSPKIG00000005055	btg1
ENSEEEP00000005058	ENSEEEG00000002625	IARS1	ENSPKIP00000010226	ENSPKIG00000025011	iars1
ENSEEEP00000023160	ENSEEEG00000011230	s100t	ENSPKIP00000007725	ENSPKIG00000023515	s100t
ENSEEEP00000001523	ENSEEEG00000000981	PAXIP1	ENSPKIP00000033173	ENSPKIG00000012980	paxip1
ENSEEEP00000039039	ENSEEEG00000018530	ITFG2	ENSPKIP00000013061	ENSPKIG00000000624	itfg2
ENSEEEP00000014663	ENSEEEG00000007293	gsg1l2b	ENSPKIP00000022219	ENSPKIG00000006320	gsg1l2b
ENSEEEP00000058753	ENSEEEG00000028191	NRIP2	ENSPKIP00000026850	ENSPKIG00000009160	nrip2
ENSEEEP00000033445	ENSEEEG00000015897	rpp25b	ENSPKIP00000001215	ENSPKIG00000019597	RPP25
ENSEEEP00000039030	ENSEEEG00000018526	KLHL42	ENSPKIP00000026796	ENSPKIG00000009132	klhl42
ENSEEEP00000062923	ENSEEEG00000025006	SCAMP2	ENSPKIP00000040495	ENSPKIG00000017442	scamp2l
ENSEEEP00000014666	ENSEEEG00000007296		ENSPKIP00000016410	ENSPKIG00000002745	
ENSEEEP00000047405	ENSEEEG00000022310	slc9a3r1b	ENSPKIP00000026859	ENSPKIG00000009168	nherf1a
ENSEEEP00000037573	ENSEEEG00000017871	MPI	ENSPKIP00000007832	ENSPKIG00000023570	mpi
ENSEEEP00000039020	ENSEEEG00000018510	CWF19L1	ENSPKIP00000026739	ENSPKIG00000009086	cwf19l1
ENSEEEP00000064213	ENSEEEG00000025268	pbxip1b	ENSPKIP00000034612	ENSPKIG00000013873	
ENSEEEP00000050599	ENSEEEG00000023794	si:ch211-247n2.1	ENSPKIP00000007478	ENSPKIG00000023347	s100p
ENSEEEP00000059757	ENSEEEG00000025940	ERLEC1	ENSPKIP00000022167	ENSPKIG00000006283	
ENSEEEP00000047418	ENSEEEG00000022315	ST6GALNAC2	ENSPKIP00000007134	ENSPKIG00000023148	
ENSEEEP00000014671	ENSEEEG00000007297	PTS	ENSPKIP00000016490	ENSPKIG00000002785	pts
ENSEEEP00000044012	ENSEEEG00000020792		ENSPKIP00000022168	ENSPKIG00000006151	HMCN1
ENSEEEP00000024968	ENSEEEG00000012108	STX19	ENSPKIP00000027895	ENSPKIG00000009755	STX19
ENSEEEP00000063152	ENSEEEG00000025607		ENSPKIP00000017747	ENSPKIG00000003539	
ENSEEEP00000024963	ENSEEEG00000012107	RSPH1	ENSPKIP00000014439	ENSPKIG00000001483	RSPH1
ENSEEEP00000063041	ENSEEEG00000028043	arpc5b	ENSPKIP00000039443	ENSPKIG00000016790	arpc5b
ENSEEEP00000001494	ENSEEEG00000000965	PTF1A	ENSPKIP00000033455	ENSPKIG00000013159	ptf1a
ENSEEEP00000010694	ENSEEEG00000005413	ZNF598	ENSPKIP00000034397	ENSPKIG00000013745	znf598
ENSEEEP00000037656	ENSEEEG00000017878	NDE1	ENSPKIP00000011326	ENSPKIG00000018471	rab3il1
ENSEEEP00000024959	ENSEEEG00000012106	cln5	ENSPKIP00000033939	ENSPKIG00000013477	cln5
ENSEEEP00000047428	ENSEEEG00000022317	JMJD6	ENSPKIP00000026273	ENSPKIG00000008819	jmjd6
ENSEEEP00000050598	ENSEEEG00000023792	ZMAT3	ENSPKIP00000007496	ENSPKIG00000023370	zmat3
ENSEEEP00000038259	ENSEEEG00000018186	calml4a	ENSPKIP00000027693	ENSPKIG00000009644	calml4a
ENSEEEP00000059782	ENSEEEG00000028806	WASHC3	ENSPKIP00000022378	ENSPKIG00000006403	washc3
ENSEEEP00000025549	ENSEEEG00000012396	prorsd1	ENSPKIP00000004401	ENSPKIG00000021531	prorsd1
ENSEEEP00000052359	ENSEEEG00000024535	EDEM2	ENSPKIP00000013192	ENSPKIG00000000709	edem2
ENSEEEP00000045242	ENSEEEG00000021343	TRMT2A	ENSPKIP00000028770	ENSPKIG00000010268	trmt2a
ENSEEEP00000047429	ENSEEEG00000022320	METTL23	ENSPKIP00000007089	ENSPKIG00000023121	mettl23
ENSEEEP00000023489	ENSEEEG00000011241	SHC1	ENSPKIP00000025036	ENSPKIG00000008043	shc1
ENSEEEP00000063762	ENSEEEG00000027328	PIN1	ENSPKIP00000006637	ENSPKIG00000022832	pin1
ENSEEEP00000009467	ENSEEEG00000004831		ENSPKIP00000013394	ENSPKIG00000000846	
ENSEEEP00000038261	ENSEEEG00000018187		ENSPKIP00000005564	ENSPKIG00000022193	tex9
ENSEEEP00000038995	ENSEEEG00000018502	DRAM1	ENSPKIP00000022415	ENSPKIG00000006429	dram1
ENSEEEP00000029741	ENSEEEG00000014250	UBL5	ENSPKIP00000006602	ENSPKIG00000022811	UBL5
ENSEEEP00000047450	ENSEEEG00000022325	MFSD11	ENSPKIP00000007051	ENSPKIG00000023067	mfsd11
ENSEEEP00000046291	ENSEEEG00000021800	ZC3H6	ENSPKIP00000023941	ENSPKIG00000007353	zc3h6
ENSEEEP00000038991	ENSEEEG00000018468	THOP1	ENSPKIP00000022502	ENSPKIG00000006461	gnptab
ENSEEEP00000014732	ENSEEEG00000007328	ADPRM	ENSPKIP00000016839	ENSPKIG00000002994	adprm
ENSEEEP00000028478	ENSEEEG00000013688	rapgef5b	ENSPKIP00000006144	ENSPKIG00000022527	
ENSEEEP00000009452	ENSEEEG00000004827	PPP1R21	ENSPKIP00000016068	ENSPKIG00000002532	ppp1r21
ENSEEEP00000038414	ENSEEEG00000018208	nap1l4b	ENSPKIP00000034890	ENSPKIG00000013990	NAP1L4
ENSEEEP00000025446	ENSEEEG00000012345	ZNF330	ENSPKIP00000032914	ENSPKIG00000012819	znf330
ENSEEEP00000014897	ENSEEEG00000007421	TBC1D32	ENSPKIP00000034408	ENSPKIG00000013747	tbc1d32
ENSEEEP00000007954	ENSEEEG00000004150	mustn1b	ENSPKIP00000020392	ENSPKIG00000005195	mustn1b
ENSEEEP00000014895	ENSEEEG00000007419	HSDL1	ENSPKIP00000034365	ENSPKIG00000013727	hsdl1
ENSEEEP00000014893	ENSEEEG00000007418	cx34.5	ENSPKIP00000034304	ENSPKIG00000013691	gja11
ENSEEEP00000047461	ENSEEEG00000022332	UBALD2	ENSPKIP00000026210	ENSPKIG00000008781	ubald2
ENSEEEP00000047466	ENSEEEG00000022334	foxj1a	ENSPKIP00000025922	ENSPKIG00000008603	
ENSEEEP00000063729	ENSEEEG00000007415	cx32.3	ENSPKIP00000034336	ENSPKIG00000013704	gja12.2
ENSEEEP00000047469	ENSEEEG00000022336	TSEN54	ENSPKIP00000006940	ENSPKIG00000023018	tsen54
ENSEEEP00000054547	ENSEEEG00000028408		ENSPKIP00000027233	ENSPKIG00000009364	jcada
ENSEEEP00000042056	ENSEEEG00000019868	MACIR	ENSPKIP00000010081	ENSPKIG00000024934	macir
ENSEEEP00000042033	ENSEEEG00000019823	LYZ	ENSPKIP00000003107	ENSPKIG00000020753	
ENSEEEP00000047532	ENSEEEG00000022375	MYADML2	ENSPKIP00000007912	ENSPKIG00000023631	myadml2
ENSEEEP00000014881	ENSEEEG00000007407	cx43	ENSPKIP00000034244	ENSPKIG00000013655	gja1b
ENSEEEP00000030643	ENSEEEG00000014681	ST3GAL2	ENSPKIP00000016181	ENSPKIG00000002618	st3gal2
ENSEEEP00000055235	ENSEEEG00000008572	sdha	ENSPKIP00000009790	ENSPKIG00000024753	sdha
ENSEEEP00000037528	ENSEEEG00000017844	cenpx	ENSPKIP00000008022	ENSPKIG00000023682	cenpx
ENSEEEP00000009441	ENSEEEG00000004820	CLHC1	ENSPKIP00000004316	ENSPKIG00000021479	
ENSEEEP00000061450	ENSEEEG00000017747	HSF2	ENSPKIP00000033952	ENSPKIG00000013479	hsf2
ENSEEEP00000020285	ENSEEEG00000009898	RFC5	ENSPKIP00000026845	ENSPKIG00000009147	rfc5
ENSEEEP00000044725	ENSEEEG00000021038	CPA2	ENSPKIP00000013487	ENSPKIG00000000906	cpa4
ENSEEEP00000038425	ENSEEEG00000018248	IRX5	ENSPKIP00000012972	ENSPKIG00000000560	
ENSEEEP00000041928	ENSEEEG00000019814	pdzph1	ENSPKIP00000003216	ENSPKIG00000020804	pdzph1
ENSEEEP00000018757	ENSEEEG00000009199	mpp4b	ENSPKIP00000017537	ENSPKIG00000003356	MPP4
ENSEEEP00000041924	ENSEEEG00000019813	DIRAS2	ENSPKIP00000003249	ENSPKIG00000020836	DIRAS2
ENSEEEP00000030627	ENSEEEG00000014658	SF3B3	ENSPKIP00000016408	ENSPKIG00000002712	sf3b3
ENSEEEP00000043988	ENSEEEG00000020781	DRC1	ENSPKIP00000031753	ENSPKIG00000012114	drc1
ENSEEEP00000016894	ENSEEEG00000008376	zgc:165604	ENSPKIP00000001178	ENSPKIG00000019572	zgc:165604
ENSEEEP00000025922	ENSEEEG00000011971	BIRC6	ENSPKIP00000027237	ENSPKIG00000009293	birc6
ENSEEEP00000037537	ENSEEEG00000017852	SYNGR2	ENSPKIP00000024548	ENSPKIG00000007758	SYNGR2
ENSEEEP00000050494	ENSEEEG00000023742	XXYLT1	ENSPKIP00000016582	ENSPKIG00000002844	xxylt1
ENSEEEP00000015653	ENSEEEG00000007587	DARS1	ENSPKIP00000029545	ENSPKIG00000010740	dars1
ENSEEEP00000061607	ENSEEEG00000028403	WNT10B	ENSPKIP00000010518	ENSPKIG00000025210	wnt10b
ENSEEEP00000055587	ENSEEEG00000014768	cd74a	ENSPKIP00000027610	ENSPKIG00000009604	
ENSEEEP00000037539	ENSEEEG00000017855	zgc:77748	ENSPKIP00000019473	ENSPKIG00000004632	zgc:77748
ENSEEEP00000036935	ENSEEEG00000017540	pkib	ENSPKIP00000015462	ENSPKIG00000002176	
ENSEEEP00000030864	ENSEEEG00000014769	SLC35A4	ENSPKIP00000027676	ENSPKIG00000009634	SLC35A4
ENSEEEP00000030281	ENSEEEG00000014518		ENSPKIP00000006408	ENSPKIG00000022692	
ENSEEEP00000017096	ENSEEEG00000006725	MYCBP2	ENSPKIP00000022316	ENSPKIG00000006265	mycbp2
ENSEEEP00000057612	ENSEEEG00000027728	si:ch73-42p12.2	ENSPKIP00000001003	ENSPKIG00000019455	
ENSEEEP00000020348	ENSEEEG00000009927	WSB2	ENSPKIP00000026883	ENSPKIG00000009180	wsb2
ENSEEEP00000056977	ENSEEEG00000011669	LSG1	ENSPKIP00000016696	ENSPKIG00000002895	lsg1
ENSEEEP00000061317	ENSEEEG00000024991	ERH	ENSPKIP00000024664	ENSPKIG00000007829	erh
ENSEEEP00000037542	ENSEEEG00000017858	LITAF	ENSPKIP00000015563	ENSPKIG00000002238	si:ch211-202h22.9
ENSEEEP00000018978	ENSEEEG00000009305	IKZF4	ENSPKIP00000024178	ENSPKIG00000007533	IKZF4
ENSEEEP00000045256	ENSEEEG00000021359		ENSPKIP00000028685	ENSPKIG00000010230	
ENSEEEP00000020356	ENSEEEG00000009933	VSIG10	ENSPKIP00000026945	ENSPKIG00000009202	VSIG10
ENSEEEP00000018991	ENSEEEG00000009307	DNAJC22	ENSPKIP00000010571	ENSPKIG00000025244	dnajc22
ENSEEEP00000037561	ENSEEEG00000017861	proza	ENSPKIP00000020967	ENSPKIG00000005537	proza
ENSEEEP00000038524	ENSEEEG00000018287	CCND1	ENSPKIP00000021080	ENSPKIG00000005626	CCND1
ENSEEEP00000020360	ENSEEEG00000009936	si:dkey-98f17.5	ENSPKIP00000009554	ENSPKIG00000024621	si:dkey-98f17.5
ENSEEEP00000038526	ENSEEEG00000018288	LTO1	ENSPKIP00000006274	ENSPKIG00000022620	lto1
ENSEEEP00000040396	ENSEEEG00000019132	ptgesl	ENSPKIP00000007887	ENSPKIG00000023618	PTGES2
ENSEEEP00000061509	ENSEEEG00000025340	si:ch73-193i2.2	ENSPKIP00000016624	ENSPKIG00000002860	si:ch73-193i2.2
ENSEEEP00000045264	ENSEEEG00000021363	DGCR8	ENSPKIP00000028896	ENSPKIG00000010338	dgcr8
ENSEEEP00000014900	ENSEEEG00000007417	ALDH8A1	ENSPKIP00000007249	ENSPKIG00000023217	aldh8a1
ENSEEEP00000038532	ENSEEEG00000018290	FGF19	ENSPKIP00000021110	ENSPKIG00000005648	fgf19
ENSEEEP00000037566	ENSEEEG00000017865	gprc5ba	ENSPKIP00000021000	ENSPKIG00000005570	gprc5ba
ENSEEEP00000024055	ENSEEEG00000011668	TMEM44	ENSPKIP00000016755	ENSPKIG00000002946	tmem44
ENSEEEP00000040598	ENSEEEG00000019228	PPAT	ENSPKIP00000026184	ENSPKIG00000008752	ppat
ENSEEEP00000056895	ENSEEEG00000028399	SEC62	ENSPKIP00000002485	ENSPKIG00000020358	sec62
ENSEEEP00000037568	ENSEEEG00000017869	IQCK	ENSPKIP00000021032	ENSPKIG00000005591	iqck
ENSEEEP00000005406	ENSEEEG00000002830	si:ch211-131k2.3	ENSPKIP00000015036	ENSPKIG00000001885	ptges3l
ENSEEEP00000012575	ENSEEEG00000006312	rp9	ENSPKIP00000012942	ENSPKIG00000000552	rp9
ENSEEEP00000041889	ENSEEEG00000019785	AUH	ENSPKIP00000003430	ENSPKIG00000020941	auh
ENSEEEP00000030583	ENSEEEG00000014649	IL34	ENSPKIP00000005192	ENSPKIG00000021971	il34
ENSEEEP00000012574	ENSEEEG00000006310	si:dkey-184p18.2	ENSPKIP00000012916	ENSPKIG00000000539	rmp24
ENSEEEP00000060530	ENSEEEG00000012670	PRKN	ENSPKIP00000016560	ENSPKIG00000002825	prkn
ENSEEEP00000038535	ENSEEEG00000018293	FGF4	ENSPKIP00000040171	ENSPKIG00000017244	fgf4
ENSEEEP00000018694	ENSEEEG00000009196	tmem237b	ENSPKIP00000017354	ENSPKIG00000003302	tmem237b
ENSEEEP00000032419	ENSEEEG00000015455	GFAP	ENSPKIP00000016396	ENSPKIG00000002738	gfap
ENSEEEP00000007885	ENSEEEG00000004099	ARPC4	ENSPKIP00000010722	ENSPKIG00000025331	arpc4
ENSEEEP00000038536	ENSEEEG00000018294	FGF3	ENSPKIP00000040201	ENSPKIG00000017262	fgf3
ENSEEEP00000001742	ENSEEEG00000001118	SLC10A7	ENSPKIP00000038457	ENSPKIG00000016222	SLC10A7
ENSEEEP00000038538	ENSEEEG00000018296	zgc:153993	ENSPKIP00000021179	ENSPKIG00000005684	zgc:153993
ENSEEEP00000019195	ENSEEEG00000009331	DHH	ENSPKIP00000010606	ENSPKIG00000025261	dhh
ENSEEEP00000041846	ENSEEEG00000019782	NFIL3	ENSPKIP00000003456	ENSPKIG00000020956	nfil3
ENSEEEP00000030579	ENSEEEG00000014648	LONP2	ENSPKIP00000016594	ENSPKIG00000002838	LONP2
ENSEEEP00000037591	ENSEEEG00000017881	RECQL5	ENSPKIP00000007259	ENSPKIG00000023225	recql5
ENSEEEP00000001738	ENSEEEG00000001116	gabrr2b	ENSPKIP00000038423	ENSPKIG00000016205	REELD1
ENSEEEP00000033762	ENSEEEG00000016081	THEMIS	ENSPKIP00000030588	ENSPKIG00000011385	themis
ENSEEEP00000037592	ENSEEEG00000017883		ENSPKIP00000016623	ENSPKIG00000002871	
ENSEEEP00000009424	ENSEEEG00000004818	RPS27A	ENSPKIP00000004347	ENSPKIG00000021492	rps27a
ENSEEEP00000007828	ENSEEEG00000004092	tada3l	ENSPKIP00000010714	ENSPKIG00000025324	tada3l
ENSEEEP00000037596	ENSEEEG00000017885	si:ch211-120g10.1	ENSPKIP00000007226	ENSPKIG00000023204	si:ch211-120g10.1
ENSEEEP00000009417	ENSEEEG00000004817	gtf2a1l	ENSPKIP00000015982	ENSPKIG00000002500	STON1
ENSEEEP00000003204	ENSEEEG00000001803	SIGIRR	ENSPKIP00000030518	ENSPKIG00000011359	sigirr
ENSEEEP00000028055	ENSEEEG00000013501		ENSPKIP00000028332	ENSPKIG00000010020	
ENSEEEP00000007824	ENSEEEG00000004091	HMCES	ENSPKIP00000008041	ENSPKIG00000023701	hmces
ENSEEEP00000062980	ENSEEEG00000026114		ENSPKIP00000015972	ENSPKIG00000002489	
ENSEEEP00000038543	ENSEEEG00000018298	FADD	ENSPKIP00000021485	ENSPKIG00000005864	fadd
ENSEEEP00000044037	ENSEEEG00000020805	AIRE	ENSPKIP00000017360	ENSPKIG00000003305	aire
ENSEEEP00000028059	ENSEEEG00000013503		ENSPKIP00000024584	ENSPKIG00000007778	
ENSEEEP00000052843	ENSEEEG00000028154	TAAR1	ENSPKIP00000036285	ENSPKIG00000014907	
ENSEEEP00000037598	ENSEEEG00000017888	RAB37	ENSPKIP00000026893	ENSPKIG00000009185	
ENSEEEP00000059151	ENSEEEG00000028263	dtnbp1b	ENSPKIP00000015947	ENSPKIG00000002477	GTF2A1L
ENSEEEP00000037599	ENSEEEG00000017889	SLC9A3R2	ENSPKIP00000019512	ENSPKIG00000004643	NHERF2
ENSEEEP00000026255	ENSEEEG00000012695	NCOA4	ENSPKIP00000016389	ENSPKIG00000002720	ncoa4
ENSEEEP00000028062	ENSEEEG00000013504		ENSPKIP00000028296	ENSPKIG00000009998	
ENSEEEP00000037616	ENSEEEG00000017892	dhps	ENSPKIP00000019574	ENSPKIG00000004683	dhps
ENSEEEP00000054365	ENSEEEG00000026631	RPL7L1	ENSPKIP00000036669	ENSPKIG00000015136	rpl7l1
ENSEEEP00000026281	ENSEEEG00000012702	YIPF3	ENSPKIP00000028009	ENSPKIG00000009819	yipf3
ENSEEEP00000024040	ENSEEEG00000011664	col6a1	ENSPKIP00000028240	ENSPKIG00000009956	col6a1
ENSEEEP00000040988	ENSEEEG00000019408	maats1	ENSPKIP00000026822	ENSPKIG00000009135	cfap91
ENSEEEP00000053500	ENSEEEG00000027014	MYOCD	ENSPKIP00000017327	ENSPKIG00000003265	MYOCD
ENSEEEP00000045428	ENSEEEG00000021447	BMT2	ENSPKIP00000013784	ENSPKIG00000001087	BMT2
ENSEEEP00000052596	ENSEEEG00000024638	NCOA1	ENSPKIP00000036702	ENSPKIG00000015168	ncoa1
ENSEEEP00000053968	ENSEEEG00000026092	serbp1b	ENSPKIP00000018834	ENSPKIG00000004245	gpatch2
ENSEEEP00000000076	ENSEEEG00000000045	STEEP1	ENSPKIP00000032442	ENSPKIG00000012535	steep1
ENSEEEP00000026294	ENSEEEG00000012721	LRRC73	ENSPKIP00000027943	ENSPKIG00000009786	lrrc73
ENSEEEP00000034384	ENSEEEG00000016369	ucp1	ENSPKIP00000036549	ENSPKIG00000015063	ucp1
ENSEEEP00000034206	ENSEEEG00000016292	skila	ENSPKIP00000002608	ENSPKIG00000020445	skila
ENSEEEP00000027049	ENSEEEG00000013060	GNB1L	ENSPKIP00000029874	ENSPKIG00000010949	gnb1l
ENSEEEP00000055744	ENSEEEG00000016368	elmod2	ENSPKIP00000036453	ENSPKIG00000015008	elmod2
ENSEEEP00000038163	ENSEEEG00000018137	cacng3b	ENSPKIP00000032844	ENSPKIG00000012783	cacng3a
ENSEEEP00000057029	ENSEEEG00000016576	EARS2	ENSPKIP00000015733	ENSPKIG00000002340	ears2
ENSEEEP00000026451	ENSEEEG00000012740	TJAP1	ENSPKIP00000027865	ENSPKIG00000009733	tjap1
ENSEEEP00000023367	ENSEEEG00000011321	hccsb	ENSPKIP00000036447	ENSPKIG00000015011	hccsa.1
ENSEEEP00000018603	ENSEEEG00000009120	CYP20A1	ENSPKIP00000025622	ENSPKIG00000008410	cyp20a1
ENSEEEP00000034379	ENSEEEG00000016367	si:dkeyp-123h10.2	ENSPKIP00000036377	ENSPKIG00000014970	
ENSEEEP00000001706	ENSEEEG00000001090	anapc10	ENSPKIP00000038184	ENSPKIG00000016066	anapc10
ENSEEEP00000021349	ENSEEEG00000010401	CENPO	ENSPKIP00000040383	ENSPKIG00000017377	cenpo
ENSEEEP00000053380	ENSEEEG00000019407	zgc:113337	ENSPKIP00000026971	ENSPKIG00000009218	zgc:113337
ENSEEEP00000037666	ENSEEEG00000017898	si:dkey-117i10.1	ENSPKIP00000019654	ENSPKIG00000004715	gng14
ENSEEEP00000059792	ENSEEEG00000029088	IFRD2	ENSPKIP00000016284	ENSPKIG00000002675	
ENSEEEP00000056615	ENSEEEG00000026464	SEMA4C	ENSPKIP00000029961	ENSPKIG00000011012	sema4c
ENSEEEP00000038165	ENSEEEG00000018139	PGPEP1	ENSPKIP00000025575	ENSPKIG00000008401	
ENSEEEP00000003908	ENSEEEG00000002091		ENSPKIP00000032170	ENSPKIG00000012370	
ENSEEEP00000064090	ENSEEEG00000019373	or115-15	ENSPKIP00000037388	ENSPKIG00000015587	or70a2
ENSEEEP00000000943	ENSEEEG00000000639	THEM6	ENSPKIP00000015753	ENSPKIG00000002358	them6
ENSEEEP00000016617	ENSEEEG00000008229		ENSPKIP00000030062	ENSPKIG00000011056	
ENSEEEP00000062173	ENSEEEG00000027697	PTRHD1	ENSPKIP00000036754	ENSPKIG00000015207	ptrhd1
ENSEEEP00000037670	ENSEEEG00000017914	FBXW9	ENSPKIP00000019686	ENSPKIG00000004759	fbxw9
ENSEEEP00000038174	ENSEEEG00000018142	RBBP6	ENSPKIP00000011697	ENSPKIG00000018682	RBBP6
ENSEEEP00000064063	ENSEEEG00000019588	SPTLC1	ENSPKIP00000003617	ENSPKIG00000021034	sptlc1
ENSEEEP00000024021	ENSEEEG00000011479	COL6A2	ENSPKIP00000028334	ENSPKIG00000010019	COL6A2
ENSEEEP00000023343	ENSEEEG00000011310	ALG14	ENSPKIP00000025901	ENSPKIG00000008593	alg14
ENSEEEP00000037672	ENSEEEG00000017915	ANTKMT	ENSPKIP00000006069	ENSPKIG00000022501	antkmt
ENSEEEP00000030074	ENSEEEG00000014412		ENSPKIP00000014017	ENSPKIG00000001234	
ENSEEEP00000002474	ENSEEEG00000001423	myl12.2	ENSPKIP00000029363	ENSPKIG00000010646	myl12.2
ENSEEEP00000063316	ENSEEEG00000025348	si:rp71-1g18.1	ENSPKIP00000026544	ENSPKIG00000008989	
ENSEEEP00000053231	ENSEEEG00000011306	f3a	ENSPKIP00000026000	ENSPKIG00000008650	F3
ENSEEEP00000040897	ENSEEEG00000019370	SERPINF1	ENSPKIP00000032146	ENSPKIG00000012356	serpinf1
ENSEEEP00000059658	ENSEEEG00000024636	SLC25A27	ENSPKIP00000036797	ENSPKIG00000015221	slc25a27
ENSEEEP00000030077	ENSEEEG00000014414	ZNHIT6	ENSPKIP00000016267	ENSPKIG00000002657	
ENSEEEP00000030570	ENSEEEG00000014642	N4BP1	ENSPKIP00000016689	ENSPKIG00000002908	n4bp1
ENSEEEP00000062797	ENSEEEG00000009918	DCP1B	ENSPKIP00000012884	ENSPKIG00000000520	dcp1b
ENSEEEP00000030562	ENSEEEG00000014639	CBLN1	ENSPKIP00000016725	ENSPKIG00000002929	cbln1
ENSEEEP00000030081	ENSEEEG00000014417	DDAH1	ENSPKIP00000016356	ENSPKIG00000002698	ddah1
ENSEEEP00000063474	ENSEEEG00000028642	AMER2	ENSPKIP00000010109	ENSPKIG00000024954	amer2
ENSEEEP00000032887	ENSEEEG00000015656	si:dkey-127k13.1	ENSPKIP00000021431	ENSPKIG00000005836	
ENSEEEP00000002476	ENSEEEG00000001450	FASTKD3	ENSPKIP00000029390	ENSPKIG00000010662	fastkd3
ENSEEEP00000009637	ENSEEEG00000004911	tfpia	ENSPKIP00000007890	ENSPKIG00000023605	
ENSEEEP00000056651	ENSEEEG00000027138	C1orf52	ENSPKIP00000013874	ENSPKIG00000001140	zgc:65873
ENSEEEP00000026487	ENSEEEG00000012816	DNPH1	ENSPKIP00000027780	ENSPKIG00000009695	DNPH1
ENSEEEP00000002481	ENSEEEG00000001452	CHMP5	ENSPKIP00000020342	ENSPKIG00000005160	CHMP5
ENSEEEP00000062574	ENSEEEG00000025376	MEA1	ENSPKIP00000027751	ENSPKIG00000009678	mea1
ENSEEEP00000009642	ENSEEEG00000004914	gulp1a	ENSPKIP00000001610	ENSPKIG00000019734	GULP1
ENSEEEP00000061238	ENSEEEG00000023970	FAM234A	ENSPKIP00000002300	ENSPKIG00000020248	
ENSEEEP00000056493	ENSEEEG00000003596	WNT9B	ENSPKIP00000019735	ENSPKIG00000004782	wnt9b
ENSEEEP00000004890	ENSEEEG00000002553	RETREG3	ENSPKIP00000010865	ENSPKIG00000025411	SYDE2
ENSEEEP00000015122	ENSEEEG00000007537	si:dkey-16i5.8	ENSPKIP00000029630	ENSPKIG00000010805	
ENSEEEP00000023333	ENSEEEG00000011305	acp5b	ENSPKIP00000026027	ENSPKIG00000008674	acp5b
ENSEEEP00000023842	ENSEEEG00000011481	TMF1	ENSPKIP00000005869	ENSPKIG00000022370	tmf1
ENSEEEP00000043209	ENSEEEG00000020408	KCNMB4	ENSPKIP00000006738	ENSPKIG00000022894	KCNMB4
ENSEEEP00000038571	ENSEEEG00000017932	XPO6	ENSPKIP00000006221	ENSPKIG00000022550	xpo6
ENSEEEP00000026977	ENSEEEG00000012943	FAM13A	ENSPKIP00000035804	ENSPKIG00000014610	fam13a
ENSEEEP00000043208	ENSEEEG00000020403	MYRFL	ENSPKIP00000006620	ENSPKIG00000022820	myrfl
ENSEEEP00000035716	ENSEEEG00000017001	PGRMC2	ENSPKIP00000035355	ENSPKIG00000014348	pgrmc2
ENSEEEP00000004895	ENSEEEG00000002555	DNAI3	ENSPKIP00000000271	ENSPKIG00000018999	DNAI3
ENSEEEP00000036443	ENSEEEG00000017326	FAM174B	ENSPKIP00000012772	ENSPKIG00000000461	fam174b
ENSEEEP00000006816	ENSEEEG00000003599	gosr2	ENSPKIP00000019809	ENSPKIG00000004821	gosr2
ENSEEEP00000036442	ENSEEEG00000017325	st8sia2	ENSPKIP00000033345	ENSPKIG00000013101	st8sia2
ENSEEEP00000015160	ENSEEEG00000007545	WDR45B	ENSPKIP00000029487	ENSPKIG00000010698	wdr45b
ENSEEEP00000034819	ENSEEEG00000016571	SP6	ENSPKIP00000024140	ENSPKIG00000007504	sp6
ENSEEEP00000054217	ENSEEEG00000018619	GABBR2	ENSPKIP00000012729	ENSPKIG00000000392	gabbr2
ENSEEEP00000000478	ENSEEEG00000000342	C5orf22	ENSPKIP00000037451	ENSPKIG00000015632	zgc:56556
ENSEEEP00000057575	ENSEEEG00000020398	rab3ip	ENSPKIP00000006568	ENSPKIG00000022791	rab3ip
ENSEEEP00000034815	ENSEEEG00000016569	BFAR	ENSPKIP00000035389	ENSPKIG00000014363	BFAR
ENSEEEP00000015202	ENSEEEG00000007562	MRPL58	ENSPKIP00000022025	ENSPKIG00000006177	
ENSEEEP00000005191	ENSEEEG00000002705	g6pca.2	ENSPKIP00000014921	ENSPKIG00000001818	g6pc1a.2
ENSEEEP00000036430	ENSEEEG00000017320	si:dkeyp-59c12.1	ENSPKIP00000012684	ENSPKIG00000000406	si:dkeyp-59c12.1
ENSEEEP00000012197	ENSEEEG00000006149	RAVER2	ENSPKIP00000000840	ENSPKIG00000019357	raver2
ENSEEEP00000035701	ENSEEEG00000016999	RCAN3	ENSPKIP00000025486	ENSPKIG00000008349	rcan3
ENSEEEP00000042948	ENSEEEG00000020269	TMEM100	ENSPKIP00000010259	ENSPKIG00000025042	
ENSEEEP00000055176	ENSEEEG00000003603	BAX	ENSPKIP00000004978	ENSPKIG00000021806	baxa
ENSEEEP00000030615	ENSEEEG00000014664	TIMM8B	ENSPKIP00000001855	ENSPKIG00000019983	timm8b
ENSEEEP00000063851	ENSEEEG00000016568	TXNDC11	ENSPKIP00000035302	ENSPKIG00000014319	txndc11
ENSEEEP00000032778	ENSEEEG00000015387	sppl2	ENSPKIP00000030360	ENSPKIG00000011242	sppl2
ENSEEEP00000005168	ENSEEEG00000002688	aarsd1	ENSPKIP00000014976	ENSPKIG00000001834	aarsd1
ENSEEEP00000051045	ENSEEEG00000023968	STUB1	ENSPKIP00000024843	ENSPKIG00000007913	stub1
ENSEEEP00000010474	ENSEEEG00000005300	NIPAL3	ENSPKIP00000025525	ENSPKIG00000008368	nipal3
ENSEEEP00000030614	ENSEEEG00000014662	ZBTB44	ENSPKIP00000000854	ENSPKIG00000019366	zbtb44
ENSEEEP00000060144	ENSEEEG00000001602	IDUA	ENSPKIP00000037548	ENSPKIG00000015667	idua
ENSEEEP00000042943	ENSEEEG00000020264	RNPS1	ENSPKIP00000010268	ENSPKIG00000025046	
ENSEEEP00000043673	ENSEEEG00000020644	mycn	ENSPKIP00000032243	ENSPKIG00000012414	mycn
ENSEEEP00000042678	ENSEEEG00000020145	IFT81	ENSPKIP00000022897	ENSPKIG00000006715	ift81
ENSEEEP00000042937	ENSEEEG00000020261	COX19	ENSPKIP00000010275	ENSPKIG00000025052	cox19
ENSEEEP00000039173	ENSEEEG00000018613	ELP2	ENSPKIP00000003205	ENSPKIG00000020740	elp2
ENSEEEP00000051033	ENSEEEG00000023960	crp1	ENSPKIP00000024729	ENSPKIG00000007863	crp1
ENSEEEP00000006837	ENSEEEG00000003606	RPS11	ENSPKIP00000001794	ENSPKIG00000019942	rps11l
ENSEEEP00000053597	ENSEEEG00000020260		ENSPKIP00000018247	ENSPKIG00000003885	
ENSEEEP00000051034	ENSEEEG00000023961	si:ch211-248l17.3	ENSPKIP00000024676	ENSPKIG00000007838	prr35
ENSEEEP00000023526	ENSEEEG00000011410	FLAD1	ENSPKIP00000034671	ENSPKIG00000013919	flad1
ENSEEEP00000064588	ENSEEEG00000016765	neurl4	ENSPKIP00000021556	ENSPKIG00000005869	neurl4
ENSEEEP00000034813	ENSEEEG00000016566		ENSPKIP00000028707	ENSPKIG00000010234	mslna
ENSEEEP00000017637	ENSEEEG00000008707	si:dkey-98f17.3	ENSPKIP00000009675	ENSPKIG00000024690	cldn26
ENSEEEP00000051036	ENSEEEG00000023962	metrn	ENSPKIP00000024638	ENSPKIG00000007811	metrn
ENSEEEP00000018916	ENSEEEG00000009280	smpd5	ENSPKIP00000001520	ENSPKIG00000019783	smpd5
ENSEEEP00000029090	ENSEEEG00000013955	DNAJC5	ENSPKIP00000015835	ENSPKIG00000002411	efna4
ENSEEEP00000024883	ENSEEEG00000012063	TAAR5	ENSPKIP00000002207	ENSPKIG00000020186	TAAR5
ENSEEEP00000009658	ENSEEEG00000004922	FKBP7	ENSPKIP00000041181	ENSPKIG00000017833	fkbp7
ENSEEEP00000040860	ENSEEEG00000019355	MED31	ENSPKIP00000024715	ENSPKIG00000007857	med31
ENSEEEP00000002782	ENSEEEG00000001600	atp5mea	ENSPKIP00000005505	ENSPKIG00000022156	atp5mea
ENSEEEP00000045104	ENSEEEG00000021299	MEF2C	ENSPKIP00000026513	ENSPKIG00000008967	
ENSEEEP00000015241	ENSEEEG00000007584	myca	ENSPKIP00000040453	ENSPKIG00000017411	mycb
ENSEEEP00000040521	ENSEEEG00000019194	S1PR2	ENSPKIP00000037145	ENSPKIG00000015448	s1pr2
ENSEEEP00000035532	ENSEEEG00000016924	efna3b	ENSPKIP00000034766	ENSPKIG00000013966	efna3b
ENSEEEP00000055717	ENSEEEG00000016102	AKT1S1	ENSPKIP00000032207	ENSPKIG00000012389	
ENSEEEP00000046327	ENSEEEG00000021806	GOLGA4	ENSPKIP00000003992	ENSPKIG00000021205	golga4
ENSEEEP00000045102	ENSEEEG00000021297		ENSPKIP00000026674	ENSPKIG00000009050	
ENSEEEP00000058818	ENSEEEG00000026701	HDAC11	ENSPKIP00000019703	ENSPKIG00000004742	hdac11
ENSEEEP00000057320	ENSEEEG00000014565		ENSPKIP00000014505	ENSPKIG00000001550	
ENSEEEP00000040853	ENSEEEG00000019351	slc47a2.1	ENSPKIP00000032371	ENSPKIG00000012502	slc47a2.1
ENSEEEP00000043169	ENSEEEG00000020384	CREB3L2	ENSPKIP00000027107	ENSPKIG00000009299	creb3l2
ENSEEEP00000009711	ENSEEEG00000004950	TRMT61A	ENSPKIP00000000561	ENSPKIG00000019170	trmt61a
ENSEEEP00000006844	ENSEEEG00000003613	si:dkey-260c8.8	ENSPKIP00000038286	ENSPKIG00000016113	hrob
ENSEEEP00000024884	ENSEEEG00000012064	stx7l	ENSPKIP00000002028	ENSPKIG00000020071	stx7l
ENSEEEP00000051037	ENSEEEG00000023963	CCDC78	ENSPKIP00000024589	ENSPKIG00000007785	ccdc78
ENSEEEP00000010506	ENSEEEG00000005312	CNKSR1	ENSPKIP00000025709	ENSPKIG00000008477	cnksr1
ENSEEEP00000018925	ENSEEEG00000009282	GPATCH3	ENSPKIP00000002008	ENSPKIG00000020073	gpatch3
ENSEEEP00000002701	ENSEEEG00000001511	LYPLA1	ENSPKIP00000029714	ENSPKIG00000010847	lypla1
ENSEEEP00000035534	ENSEEEG00000016927	SLC50A1	ENSPKIP00000034838	ENSPKIG00000014019	slc50a1
ENSEEEP00000009733	ENSEEEG00000004951	BAG5	ENSPKIP00000000512	ENSPKIG00000019147	bag5
ENSEEEP00000015233	ENSEEEG00000007581	otulina	ENSPKIP00000040574	ENSPKIG00000017476	
ENSEEEP00000043165	ENSEEEG00000020375	SSBP1	ENSPKIP00000027035	ENSPKIG00000009266	ssbp1
ENSEEEP00000062182	ENSEEEG00000028117	CDAN1	ENSPKIP00000026753	ENSPKIG00000009087	cdan1
ENSEEEP00000017930	ENSEEEG00000008721	LZTR1	ENSPKIP00000009740	ENSPKIG00000024708	lztr1
ENSEEEP00000058832	ENSEEEG00000019730	gbe1b	ENSPKIP00000016679	ENSPKIG00000002874	gbe1a
ENSEEEP00000036074	ENSEEEG00000017158	si:ch211-147k10.5	ENSPKIP00000004565	ENSPKIG00000021622	prr5l
ENSEEEP00000043668	ENSEEEG00000020636	DDX1	ENSPKIP00000032413	ENSPKIG00000012466	ddx1
ENSEEEP00000009739	ENSEEEG00000004958	COA8	ENSPKIP00000000479	ENSPKIG00000019126	coa8
ENSEEEP00000042927	ENSEEEG00000020255	LASP1	ENSPKIP00000004865	ENSPKIG00000021782	lasp1
ENSEEEP00000011112	ENSEEEG00000005637	OXSM	ENSPKIP00000028379	ENSPKIG00000010056	oxsm
ENSEEEP00000016004	ENSEEEG00000007923	EIF2B1	ENSPKIP00000020011	ENSPKIG00000004948	
ENSEEEP00000011110	ENSEEEG00000005636	CFAP20	ENSPKIP00000001922	ENSPKIG00000020019	cfap20
ENSEEEP00000036070	ENSEEEG00000017156	API5	ENSPKIP00000004667	ENSPKIG00000021667	api5
ENSEEEP00000002706	ENSEEEG00000001566	MRPL15	ENSPKIP00000029754	ENSPKIG00000010877	mrpl15
ENSEEEP00000051039	ENSEEEG00000023965	IFT140	ENSPKIP00000006008	ENSPKIG00000022432	ift140
ENSEEEP00000061997	ENSEEEG00000029032	TMEM204	ENSPKIP00000022039	ENSPKIG00000006204	tmem204
ENSEEEP00000057656	ENSEEEG00000001567	sox32	ENSPKIP00000029778	ENSPKIG00000010895	sox32
ENSEEEP00000043143	ENSEEEG00000020370	si:ch211-258f14.2	ENSPKIP00000026958	ENSPKIG00000009215	si:ch211-258f14.2
ENSEEEP00000005109	ENSEEEG00000002581	asah2	ENSPKIP00000010444	ENSPKIG00000025163	asah2
ENSEEEP00000060921	ENSEEEG00000007926	IGLON5	ENSPKIP00000020271	ENSPKIG00000005093	ABHD1
ENSEEEP00000021293	ENSEEEG00000010354	TATDN3	ENSPKIP00000040252	ENSPKIG00000017290	TATDN3
ENSEEEP00000039159	ENSEEEG00000018610	ABITRAM	ENSPKIP00000003056	ENSPKIG00000020713	abitram
ENSEEEP00000056448	ENSEEEG00000022388	PSME3IP1	ENSPKIP00000005340	ENSPKIG00000022049	psme3ip1
ENSEEEP00000004655	ENSEEEG00000002405	cyp2y3	ENSPKIP00000032401	ENSPKIG00000012517	si:zfos-411a11.2
ENSEEEP00000003193	ENSEEEG00000001797	STOML1	ENSPKIP00000034724	ENSPKIG00000013950	stoml1
ENSEEEP00000030396	ENSEEEG00000014561	zgc:158412	ENSPKIP00000000819	ENSPKIG00000019342	zgc:158412
ENSEEEP00000011108	ENSEEEG00000005633	zgc:63863	ENSPKIP00000002005	ENSPKIG00000020056	zgc:63863
ENSEEEP00000002716	ENSEEEG00000001570	SOX17	ENSPKIP00000029800	ENSPKIG00000010909	sox17
ENSEEEP00000015188	ENSEEEG00000007410	VPS41	ENSPKIP00000040755	ENSPKIG00000017570	vps41
ENSEEEP00000039157	ENSEEEG00000018608	CTNNAL1	ENSPKIP00000002995	ENSPKIG00000020665	ctnnal1
ENSEEEP00000039267	ENSEEEG00000018628	hsd17b12a	ENSPKIP00000033742	ENSPKIG00000013315	HSD17B12
ENSEEEP00000047569	ENSEEEG00000022391	RSPRY1	ENSPKIP00000015989	ENSPKIG00000002468	rspry1
ENSEEEP00000034803	ENSEEEG00000016555	LYPD1	ENSPKIP00000038024	ENSPKIG00000015979	LYPD1
ENSEEEP00000044751	ENSEEEG00000021125	slc25a18	ENSPKIP00000040756	ENSPKIG00000017589	slc25a18
ENSEEEP00000030391	ENSEEEG00000014559	STK36	ENSPKIP00000000730	ENSPKIG00000019285	stk36
ENSEEEP00000035294	ENSEEEG00000016772	SHBG	ENSPKIP00000021428	ENSPKIG00000005838	
ENSEEEP00000000168	ENSEEEG00000000127	GJD4	ENSPKIP00000030927	ENSPKIG00000011615	GJD4
ENSEEEP00000040843	ENSEEEG00000019349	tmigd1	ENSPKIP00000032491	ENSPKIG00000012576	tmigd1
ENSEEEP00000018504	ENSEEEG00000009093	itm2ba	ENSPKIP00000001752	ENSPKIG00000019925	itm2ba
ENSEEEP00000032017	ENSEEEG00000015278	ptpdc1a	ENSPKIP00000020033	ENSPKIG00000004965	ptpdc1a
ENSEEEP00000040842	ENSEEEG00000019348		ENSPKIP00000032530	ENSPKIG00000012594	
ENSEEEP00000063477	ENSEEEG00000028745	HEXIM1	ENSPKIP00000016773	ENSPKIG00000002959	hexim1
ENSEEEP00000031934	ENSEEEG00000015240	ACBD4	ENSPKIP00000017060	ENSPKIG00000003043	acbd4
ENSEEEP00000046336	ENSEEEG00000021813	KCNK12	ENSPKIP00000004438	ENSPKIG00000021547	KCNK12
ENSEEEP00000009572	ENSEEEG00000004847	PCCB	ENSPKIP00000004099	ENSPKIG00000021332	pccb
ENSEEEP00000002885	ENSEEEG00000001648		ENSPKIP00000025720	ENSPKIG00000008488	
ENSEEEP00000039272	ENSEEEG00000018659	ALKBH3	ENSPKIP00000004910	ENSPKIG00000021815	alkbh3
ENSEEEP00000044752	ENSEEEG00000021126	CECR2	ENSPKIP00000040688	ENSPKIG00000017540	
ENSEEEP00000018475	ENSEEEG00000008991	SUCLA2	ENSPKIP00000001865	ENSPKIG00000019986	SUCLA2
ENSEEEP00000020425	ENSEEEG00000009969	DEAF1	ENSPKIP00000016591	ENSPKIG00000002796	deaf1
ENSEEEP00000030385	ENSEEEG00000014557	atf5a	ENSPKIP00000000698	ENSPKIG00000019269	atf5a
ENSEEEP00000011103	ENSEEEG00000005628	SLC39A4	ENSPKIP00000002072	ENSPKIG00000020105	
ENSEEEP00000002558	ENSEEEG00000001474	RCHY1	ENSPKIP00000037223	ENSPKIG00000015487	rchy1
ENSEEEP00000043126	ENSEEEG00000020365	coa6	ENSPKIP00000013652	ENSPKIG00000001008	coa6
ENSEEEP00000046345	ENSEEEG00000021816	MSH6	ENSPKIP00000016214	ENSPKIG00000002633	msh6
ENSEEEP00000030383	ENSEEEG00000014556	klc1a	ENSPKIP00000000353	ENSPKIG00000019052	PHLDB1
ENSEEEP00000064064	ENSEEEG00000005625	recql4	ENSPKIP00000002257	ENSPKIG00000020206	recql4
ENSEEEP00000040606	ENSEEEG00000019236	si:dkeyp-117h8.4	ENSPKIP00000026116	ENSPKIG00000008726	
ENSEEEP00000003152	ENSEEEG00000001748	cyp11a2	ENSPKIP00000034682	ENSPKIG00000013911	cyp11a1.2
ENSEEEP00000035299	ENSEEEG00000016804	ZBTB4	ENSPKIP00000021348	ENSPKIG00000005796	
ENSEEEP00000037909	ENSEEEG00000018010	klf6a	ENSPKIP00000029529	ENSPKIG00000010739	klf6a
ENSEEEP00000039277	ENSEEEG00000018662	trappc10	ENSPKIP00000036836	ENSPKIG00000015258	
ENSEEEP00000032014	ENSEEEG00000015277	BARX1	ENSPKIP00000041468	ENSPKIG00000018006	BARX1
ENSEEEP00000020421	ENSEEEG00000009955	PGGHG	ENSPKIP00000041923	ENSPKIG00000018282	pgghg
ENSEEEP00000004598	ENSEEEG00000002400	tgfb1a	ENSPKIP00000032304	ENSPKIG00000012463	tgfb1a
ENSEEEP00000012396	ENSEEEG00000006230	TEFM	ENSPKIP00000020296	ENSPKIG00000005125	tefm
ENSEEEP00000046490	ENSEEEG00000021901	si:ch211-157p22.10	ENSPKIP00000007392	ENSPKIG00000023297	tmem116
ENSEEEP00000020321	ENSEEEG00000009917	ELP6	ENSPKIP00000004975	ENSPKIG00000021845	elp6
ENSEEEP00000044756	ENSEEEG00000021128	RIBC2	ENSPKIP00000040587	ENSPKIG00000017486	ribc2
ENSEEEP00000012400	ENSEEEG00000006232		ENSPKIP00000020405	ENSPKIG00000005202	
ENSEEEP00000046487	ENSEEEG00000021900	zgc:153044	ENSPKIP00000007419	ENSPKIG00000023318	zgc:153044
ENSEEEP00000003236	ENSEEEG00000001817	zgc:56231	ENSPKIP00000029187	ENSPKIG00000010531	zgc:56231
ENSEEEP00000040613	ENSEEEG00000019240	AASDH	ENSPKIP00000026063	ENSPKIG00000008688	aasdh
ENSEEEP00000013564	ENSEEEG00000006784		ENSPKIP00000008425	ENSPKIG00000023924	
ENSEEEP00000041910	ENSEEEG00000019808	EMP1	ENSPKIP00000023318	ENSPKIG00000006995	emp1a
ENSEEEP00000056375	ENSEEEG00000009925	SCAP	ENSPKIP00000005065	ENSPKIG00000021879	scap
ENSEEEP00000028290	ENSEEEG00000013596	SMIM29	ENSPKIP00000014229	ENSPKIG00000001373	smim29
ENSEEEP00000040835	ENSEEEG00000019344	rskrb	ENSPKIP00000032770	ENSPKIG00000012725	rskrb
ENSEEEP00000060065	ENSEEEG00000025707	hmga1a	ENSPKIP00000014202	ENSPKIG00000001356	hmga1a
ENSEEEP00000028294	ENSEEEG00000013598	DIDO1	ENSPKIP00000023194	ENSPKIG00000006902	
ENSEEEP00000023680	ENSEEEG00000011476	zgc:162816	ENSPKIP00000022443	ENSPKIG00000006433	zgc:162816
ENSEEEP00000053682	ENSEEEG00000028682	MED11	ENSPKIP00000012400	ENSPKIG00000000209	MED11
ENSEEEP00000059633	ENSEEEG00000027624	RFWD3	ENSPKIP00000002302	ENSPKIG00000020249	rfwd3
ENSEEEP00000021221	ENSEEEG00000010337	txlnbb	ENSPKIP00000040119	ENSPKIG00000017209	txlnbb
ENSEEEP00000060993	ENSEEEG00000025064		ENSPKIP00000025883	ENSPKIG00000008575	
ENSEEEP00000042631	ENSEEEG00000020125	NELFB	ENSPKIP00000012955	ENSPKIG00000000550	nelfb
ENSEEEP00000038388	ENSEEEG00000018228	FBXO46	ENSPKIP00000012578	ENSPKIG00000000321	fbxo46
ENSEEEP00000017010	ENSEEEG00000008433	fgfbp2b	ENSPKIP00000034713	ENSPKIG00000013943	fgfbp2a
ENSEEEP00000058240	ENSEEEG00000025472		ENSPKIP00000007602	ENSPKIG00000023432	PITPNB
ENSEEEP00000028305	ENSEEEG00000013605	TP53	ENSPKIP00000023285	ENSPKIG00000006976	
ENSEEEP00000034368	ENSEEEG00000016357	rnasekb	ENSPKIP00000000864	ENSPKIG00000019376	rnasekb
ENSEEEP00000033821	ENSEEEG00000016099	SYDE1	ENSPKIP00000017821	ENSPKIG00000003582	SYDE1
ENSEEEP00000003252	ENSEEEG00000001822	RPS20	ENSPKIP00000029138	ENSPKIG00000010499	RPS20
ENSEEEP00000041241	ENSEEEG00000019518	naf1	ENSPKIP00000001364	ENSPKIG00000019687	NAF1
ENSEEEP00000034364	ENSEEEG00000016355	si:dkey-6n21.13	ENSPKIP00000012262	ENSPKIG00000000117	
ENSEEEP00000039596	ENSEEEG00000018763	ALG6	ENSPKIP00000034202	ENSPKIG00000013621	alg6
ENSEEEP00000002888	ENSEEEG00000001650	ZBTB45	ENSPKIP00000023619	ENSPKIG00000007182	
ENSEEEP00000063694	ENSEEEG00000003432	PPP5C	ENSPKIP00000041359	ENSPKIG00000017925	ppp5c
ENSEEEP00000016081	ENSEEEG00000007963	kitlga	ENSPKIP00000009000	ENSPKIG00000024265	kitlga
ENSEEEP00000028309	ENSEEEG00000013606	OGFR	ENSPKIP00000004288	ENSPKIG00000021464	ogfr
ENSEEEP00000010501	ENSEEEG00000005311		ENSPKIP00000017882	ENSPKIG00000003621	
ENSEEEP00000064198	ENSEEEG00000025385	TTL	ENSPKIP00000024125	ENSPKIG00000007468	ttl
ENSEEEP00000064568	ENSEEEG00000001831	PLAG1	ENSPKIP00000029097	ENSPKIG00000010471	plag1
ENSEEEP00000028312	ENSEEEG00000013608	KCNK15	ENSPKIP00000004252	ENSPKIG00000021442	kcnk15
ENSEEEP00000055758	ENSEEEG00000028753		ENSPKIP00000041878	ENSPKIG00000018257	
ENSEEEP00000013573	ENSEEEG00000006789	MOK	ENSPKIP00000008109	ENSPKIG00000023740	MOK
ENSEEEP00000016076	ENSEEEG00000007962	TMTC3	ENSPKIP00000030387	ENSPKIG00000011247	tmtc3
ENSEEEP00000010011	ENSEEEG00000005088	FIGNL1	ENSPKIP00000003553	ENSPKIG00000021009	fignl1
ENSEEEP00000040619	ENSEEEG00000019246	CRACD	ENSPKIP00000026023	ENSPKIG00000008665	cracd
ENSEEEP00000014104	ENSEEEG00000007006	TBPL1	ENSPKIP00000018363	ENSPKIG00000003946	tbpl1
ENSEEEP00000003257	ENSEEEG00000001834	CHCHD7	ENSPKIP00000029074	ENSPKIG00000010440	chchd7
ENSEEEP00000021203	ENSEEEG00000010336	dusp23b	ENSPKIP00000039691	ENSPKIG00000016940	dusp23b
ENSEEEP00000016985	ENSEEEG00000007984	anxa5b	ENSPKIP00000034673	ENSPKIG00000013918	anxa5b
ENSEEEP00000039154	ENSEEEG00000016498	ndrg1a	ENSPKIP00000002818	ENSPKIG00000020564	ndrg1a
ENSEEEP00000049932	ENSEEEG00000023472	irf1b	ENSPKIP00000014892	ENSPKIG00000001802	IRF1
ENSEEEP00000010483	ENSEEEG00000005304	smoc1	ENSPKIP00000017671	ENSPKIG00000003464	smoc1
ENSEEEP00000010198	ENSEEEG00000005094	IKZF1	ENSPKIP00000003513	ENSPKIG00000020981	ikzf1
ENSEEEP00000039602	ENSEEEG00000018803	foxd3	ENSPKIP00000037816	ENSPKIG00000015853	
ENSEEEP00000034429	ENSEEEG00000016390	TCF21	ENSPKIP00000018298	ENSPKIG00000003912	tcf21
ENSEEEP00000009936	ENSEEEG00000005055	DNAI3	ENSPKIP00000003692	ENSPKIG00000021088	
ENSEEEP00000052920	ENSEEEG00000010335		ENSPKIP00000036061	ENSPKIG00000014668	TRERF1
ENSEEEP00000007311	ENSEEEG00000003840	PNPLA2	ENSPKIP00000041815	ENSPKIG00000018204	pnpla2
ENSEEEP00000003264	ENSEEEG00000001836	penkb	ENSPKIP00000028949	ENSPKIG00000010388	penkb
ENSEEEP00000022589	ENSEEEG00000010970	ATG4C	ENSPKIP00000033987	ENSPKIG00000013466	atg4c
ENSEEEP00000013618	ENSEEEG00000006791	NEMF	ENSPKIP00000008057	ENSPKIG00000023715	
ENSEEEP00000042617	ENSEEEG00000020123		ENSPKIP00000012982	ENSPKIG00000000578	
ENSEEEP00000052451	ENSEEEG00000024565		ENSPKIP00000007090	ENSPKIG00000023123	
ENSEEEP00000027284	ENSEEEG00000013162	TMEM98	ENSPKIP00000005618	ENSPKIG00000022218	tmem98
ENSEEEP00000004941	ENSEEEG00000002573	A1CF	ENSPKIP00000010464	ENSPKIG00000025176	a1cf
ENSEEEP00000011094	ENSEEEG00000005608	ora3	ENSPKIP00000015343	ENSPKIG00000002103	ora3.2
ENSEEEP00000040626	ENSEEEG00000019248	CEP135	ENSPKIP00000025942	ENSPKIG00000008609	cep135
ENSEEEP00000025160	ENSEEEG00000012195	IRF6	ENSPKIP00000018241	ENSPKIG00000003878	irf6
ENSEEEP00000063753	ENSEEEG00000016095		ENSPKIP00000016005	ENSPKIG00000002493	CYP4F8
ENSEEEP00000043696	ENSEEEG00000020661	ptges3b	ENSPKIP00000008592	ENSPKIG00000024021	ptges3b
ENSEEEP00000010476	ENSEEEG00000005301	mbd3b	ENSPKIP00000017518	ENSPKIG00000003401	
ENSEEEP00000060217	ENSEEEG00000028726	xcr1b.1	ENSPKIP00000015394	ENSPKIG00000002137	xcr1b.1
ENSEEEP00000010575	ENSEEEG00000005366	zgc:92429	ENSPKIP00000002686	ENSPKIG00000020424	zgc:92429
ENSEEEP00000003267	ENSEEEG00000001838	CYP7B1	ENSPKIP00000028586	ENSPKIG00000010160	
ENSEEEP00000024933	ENSEEEG00000012090	URM1	ENSPKIP00000009789	ENSPKIG00000024756	
ENSEEEP00000003244	ENSEEEG00000001826		ENSPKIP00000015408	ENSPKIG00000002146	
ENSEEEP00000012154	ENSEEEG00000006131	ATPAF2	ENSPKIP00000016634	ENSPKIG00000002878	atpaf2
ENSEEEP00000003269	ENSEEEG00000001841	SDCBP	ENSPKIP00000028496	ENSPKIG00000010118	SDCBP
ENSEEEP00000024934	ENSEEEG00000012091	MOGS	ENSPKIP00000030642	ENSPKIG00000011420	mogs
ENSEEEP00000019362	ENSEEEG00000009488		ENSPKIP00000040815	ENSPKIG00000017635	
ENSEEEP00000007299	ENSEEEG00000003839	PIDD1	ENSPKIP00000035637	ENSPKIG00000014512	
ENSEEEP00000025155	ENSEEEG00000012193	WDR77	ENSPKIP00000018271	ENSPKIG00000003899	WDR77
ENSEEEP00000015674	ENSEEEG00000007763		ENSPKIP00000030517	ENSPKIG00000011352	
ENSEEEP00000010471	ENSEEEG00000005296	PLEKHD1	ENSPKIP00000017478	ENSPKIG00000003360	plekhd1
ENSEEEP00000006444	ENSEEEG00000003406	NLE1	ENSPKIP00000012109	ENSPKIG00000000011	nle1
ENSEEEP00000053847	ENSEEEG00000008844	POLE	ENSPKIP00000009913	ENSPKIG00000024809	pole
ENSEEEP00000017370	ENSEEEG00000008582	RAD51	ENSPKIP00000017180	ENSPKIG00000003208	rad51
ENSEEEP00000064590	ENSEEEG00000028742	CDV3	ENSPKIP00000030982	ENSPKIG00000011652	cdv3
ENSEEEP00000025149	ENSEEEG00000012191		ENSPKIP00000018389	ENSPKIG00000003962	
ENSEEEP00000019360	ENSEEEG00000009452	CGA	ENSPKIP00000038632	ENSPKIG00000016334	cga
ENSEEEP00000043944	ENSEEEG00000020746	SAMM50	ENSPKIP00000039751	ENSPKIG00000016977	samm50
ENSEEEP00000003283	ENSEEEG00000001844	unm_hu7910	ENSPKIP00000027573	ENSPKIG00000009579	unm_hu7910
ENSEEEP00000016069	ENSEEEG00000007958	CEP290	ENSPKIP00000008938	ENSPKIG00000024226	cep290
ENSEEEP00000043110	ENSEEEG00000020352	NDUFA5	ENSPKIP00000003825	ENSPKIG00000021162	ndufa5
ENSEEEP00000014854	ENSEEEG00000007395	TMEM108	ENSPKIP00000030944	ENSPKIG00000011627	
ENSEEEP00000025921	ENSEEEG00000012557	gltpd2b	ENSPKIP00000020240	ENSPKIG00000005089	gltpd2b
ENSEEEP00000041455	ENSEEEG00000019402	NBAS	ENSPKIP00000032619	ENSPKIG00000012592	nbas
ENSEEEP00000024935	ENSEEEG00000012093	KCND3	ENSPKIP00000030593	ENSPKIG00000011393	
ENSEEEP00000050109	ENSEEEG00000023568	SPC25	ENSPKIP00000012877	ENSPKIG00000000518	spc25
ENSEEEP00000040628	ENSEEEG00000019255	chst14	ENSPKIP00000025997	ENSPKIG00000008648	chst14
ENSEEEP00000000093	ENSEEEG00000000060	RNF152	ENSPKIP00000031051	ENSPKIG00000011701	rnf152
ENSEEEP00000014847	ENSEEEG00000007392	TOPBP1	ENSPKIP00000030740	ENSPKIG00000011486	topbp1
ENSEEEP00000003812	ENSEEEG00000002046	HRH1	ENSPKIP00000010016	ENSPKIG00000024898	HRH1
ENSEEEP00000010464	ENSEEEG00000005287	SLC39A9	ENSPKIP00000017389	ENSPKIG00000003322	slc39a9
ENSEEEP00000050102	ENSEEEG00000023567	NOSTRIN	ENSPKIP00000012845	ENSPKIG00000000491	nostrin
ENSEEEP00000000090	ENSEEEG00000000055	buc	ENSPKIP00000031102	ENSPKIG00000011730	buc
ENSEEEP00000024403	ENSEEEG00000011834	KRTCAP2	ENSPKIP00000034884	ENSPKIG00000014039	krtcap2
ENSEEEP00000040711	ENSEEEG00000019293	PIGS	ENSPKIP00000032899	ENSPKIG00000012792	pigs
ENSEEEP00000045112	ENSEEEG00000021303	PLEKHG1	ENSPKIP00000006696	ENSPKIG00000022866	PLEKHG1
ENSEEEP00000060286	ENSEEEG00000004262	RB1	ENSPKIP00000036319	ENSPKIG00000014925	rb1
ENSEEEP00000055460	ENSEEEG00000025935		ENSPKIP00000027434	ENSPKIG00000009495	
ENSEEEP00000053549	ENSEEEG00000004391	RPS6KC1	ENSPKIP00000020896	ENSPKIG00000005516	RPS6KC1
ENSEEEP00000018534	ENSEEEG00000009104	NEURL2	ENSPKIP00000014867	ENSPKIG00000001781	neurl2
ENSEEEP00000025970	ENSEEEG00000012564	atp1b2b	ENSPKIP00000020408	ENSPKIG00000005127	atp1b2b
ENSEEEP00000062292	ENSEEEG00000026187	lmod2b	ENSPKIP00000037492	ENSPKIG00000015654	lmod2b
ENSEEEP00000024410	ENSEEEG00000011837	icn	ENSPKIP00000035056	ENSPKIG00000014153	icn
ENSEEEP00000040641	ENSEEEG00000019259	EXOC1	ENSPKIP00000025724	ENSPKIG00000008457	exoc1
ENSEEEP00000062915	ENSEEEG00000003266	zbtb38	ENSPKIP00000036521	ENSPKIG00000015055	ZBTB38
ENSEEEP00000045070	ENSEEEG00000021277	MBIP	ENSPKIP00000028007	ENSPKIG00000009827	mbip
ENSEEEP00000037445	ENSEEEG00000017808	galn	ENSPKIP00000017237	ENSPKIG00000003239	gal
ENSEEEP00000010234	ENSEEEG00000005186	VWC2	ENSPKIP00000003473	ENSPKIG00000020959	vwc2
ENSEEEP00000017359	ENSEEEG00000008579	RMDN3	ENSPKIP00000017253	ENSPKIG00000003244	rmdn3
ENSEEEP00000018543	ENSEEEG00000009107	msrb1b	ENSPKIP00000014914	ENSPKIG00000001813	meiob
ENSEEEP00000036178	ENSEEEG00000017209	PEX11A	ENSPKIP00000003084	ENSPKIG00000020730	pex11a
ENSEEEP00000063573	ENSEEEG00000025339		ENSPKIP00000027871	ENSPKIG00000009743	
ENSEEEP00000045067	ENSEEEG00000021274	NKX2-8	ENSPKIP00000027960	ENSPKIG00000009796	NKX2-8
ENSEEEP00000054071	ENSEEEG00000001759	TMEM209	ENSPKIP00000011342	ENSPKIG00000018416	tmem209
ENSEEEP00000017356	ENSEEEG00000008576	ZC3H14	ENSPKIP00000035205	ENSPKIG00000014248	zc3h14
ENSEEEP00000003806	ENSEEEG00000002036	ATG7	ENSPKIP00000010004	ENSPKIG00000024886	atg7
ENSEEEP00000006741	ENSEEEG00000003565	tmprss13b	ENSPKIP00000008373	ENSPKIG00000023881	
ENSEEEP00000062433	ENSEEEG00000018346	NME4	ENSPKIP00000022269	ENSPKIG00000006351	nme4
ENSEEEP00000011991	ENSEEEG00000006046	wnt6b	ENSPKIP00000011948	ENSPKIG00000025645	wnt6b
ENSEEEP00000045106	ENSEEEG00000021285	TCP1	ENSPKIP00000006626	ENSPKIG00000022823	tcp1
ENSEEEP00000002547	ENSEEEG00000001469	SUSD1	ENSPKIP00000009649	ENSPKIG00000024675	susd1
ENSEEEP00000017346	ENSEEEG00000008568	EIF2B2	ENSPKIP00000016551	ENSPKIG00000002826	eif2b2
ENSEEEP00000003292	ENSEEEG00000001850	GGH	ENSPKIP00000025484	ENSPKIG00000008345	ggh
ENSEEEP00000044145	ENSEEEG00000020831	IARS2	ENSPKIP00000005908	ENSPKIG00000022381	iars2
ENSEEEP00000018559	ENSEEEG00000009112	MLST8	ENSPKIP00000015037	ENSPKIG00000001882	mlst8
ENSEEEP00000023693	ENSEEEG00000011470	EOGT	ENSPKIP00000005943	ENSPKIG00000022411	eogt
ENSEEEP00000037443	ENSEEEG00000017807		ENSPKIP00000017108	ENSPKIG00000003141	zgc:110339
ENSEEEP00000024940	ENSEEEG00000012097	SMOX	ENSPKIP00000030304	ENSPKIG00000011205	smox
ENSEEEP00000063079	ENSEEEG00000025106	si:ch211-13k12.2	ENSPKIP00000003041	ENSPKIG00000020702	si:ch211-13k12.2
ENSEEEP00000008418	ENSEEEG00000004392	C1orf198	ENSPKIP00000037376	ENSPKIG00000015582	si:ch73-111k22.2
ENSEEEP00000057645	ENSEEEG00000027893	SERF2	ENSPKIP00000004081	ENSPKIG00000021321	serf2a
ENSEEEP00000002542	ENSEEEG00000001468	TAL2	ENSPKIP00000012300	ENSPKIG00000000145	tal2
ENSEEEP00000037440	ENSEEEG00000017806	Cox8b	ENSPKIP00000016874	ENSPKIG00000003015	cox8b
ENSEEEP00000040707	ENSEEEG00000019292	srsf1b	ENSPKIP00000032975	ENSPKIG00000012857	SRSF1
ENSEEEP00000056473	ENSEEEG00000026707		ENSPKIP00000037398	ENSPKIG00000015602	clec11a
ENSEEEP00000033222	ENSEEEG00000015793	ASCL5	ENSPKIP00000019927	ENSPKIG00000004898	ASCL5
ENSEEEP00000043709	ENSEEEG00000020664		ENSPKIP00000008365	ENSPKIG00000023891	Aqp14
ENSEEEP00000062987	ENSEEEG00000027240	si:ch211-103f14.3	ENSPKIP00000031358	ENSPKIG00000011868	
ENSEEEP00000024942	ENSEEEG00000012100	ADRA1D	ENSPKIP00000030113	ENSPKIG00000011098	adra1d
ENSEEEP00000029056	ENSEEEG00000013939	MCUB	ENSPKIP00000033063	ENSPKIG00000012909	
ENSEEEP00000017330	ENSEEEG00000008564	TMED10	ENSPKIP00000005297	ENSPKIG00000022024	tmed10
ENSEEEP00000018408	ENSEEEG00000009045	LEF1	ENSPKIP00000033034	ENSPKIG00000012891	lef1
ENSEEEP00000007276	ENSEEEG00000003825	LRRC10B	ENSPKIP00000041463	ENSPKIG00000018007	LRRC10B
ENSEEEP00000013819	ENSEEEG00000006873	F2RL2	ENSPKIP00000011846	ENSPKIG00000018396	f2rl2
ENSEEEP00000053210	ENSEEEG00000022396		ENSPKIP00000005565	ENSPKIG00000022182	
ENSEEEP00000011006	ENSEEEG00000005572	TOMM7	ENSPKIP00000006076	ENSPKIG00000022505	TOMM7
ENSEEEP00000011649	ENSEEEG00000005856	FEV	ENSPKIP00000011957	ENSPKIG00000025641	fev
ENSEEEP00000061403	ENSEEEG00000021266	SLC25A21	ENSPKIP00000027769	ENSPKIG00000009692	slc25a21
ENSEEEP00000018567	ENSEEEG00000009127	BRICD5	ENSPKIP00000015061	ENSPKIG00000001902	bricd5
ENSEEEP00000010314	ENSEEEG00000005202	MOCOS	ENSPKIP00000003281	ENSPKIG00000020825	MOCOS
ENSEEEP00000011004	ENSEEEG00000005571	FAM126A	ENSPKIP00000006048	ENSPKIG00000022480	hycc1
ENSEEEP00000011642	ENSEEEG00000005855	cryba2b	ENSPKIP00000011967	ENSPKIG00000025672	CRYBA2
ENSEEEP00000046470	ENSEEEG00000021891	ZNF800	ENSPKIP00000007792	ENSPKIG00000023555	
ENSEEEP00000023502	ENSEEEG00000011398	HADH	ENSPKIP00000032982	ENSPKIG00000012813	hadh
ENSEEEP00000018568	ENSEEEG00000009129	PGP	ENSPKIP00000015078	ENSPKIG00000001913	pgp
ENSEEEP00000011000	ENSEEEG00000005570	cdca7b	ENSPKIP00000001927	ENSPKIG00000020031	CDCA7L
ENSEEEP00000026779	ENSEEEG00000012924	nkpd1	ENSPKIP00000032145	ENSPKIG00000012354	nkpd1
ENSEEEP00000023497	ENSEEEG00000011395	CYP2U1	ENSPKIP00000032802	ENSPKIG00000012757	cyp2u1
ENSEEEP00000017315	ENSEEEG00000008561	fosab	ENSPKIP00000016748	ENSPKIG00000002938	FOS
ENSEEEP00000018569	ENSEEEG00000009130	ZDHHC4	ENSPKIP00000015176	ENSPKIG00000001983	zdhhc4
ENSEEEP00000023496	ENSEEEG00000011393	sgms2a	ENSPKIP00000032803	ENSPKIG00000012756	sgms2a
ENSEEEP00000014100	ENSEEEG00000006821	KLHDC2	ENSPKIP00000008015	ENSPKIG00000023673	KLHDC2
ENSEEEP00000056960	ENSEEEG00000024894		ENSPKIP00000001044	ENSPKIG00000019483	
ENSEEEP00000061889	ENSEEEG00000028946		ENSPKIP00000012053	ENSPKIG00000025688	
ENSEEEP00000003337	ENSEEEG00000001865	NSMAF	ENSPKIP00000028360	ENSPKIG00000010003	nsmaf
ENSEEEP00000049105	ENSEEEG00000023077	TMEM68	ENSPKIP00000020730	ENSPKIG00000005404	tmem68
ENSEEEP00000016059	ENSEEEG00000007955	C12orf29	ENSPKIP00000008903	ENSPKIG00000024208	rlig1
ENSEEEP00000049103	ENSEEEG00000023076	PSD4	ENSPKIP00000020834	ENSPKIG00000005454	tgs1
ENSEEEP00000023467	ENSEEEG00000011375	GSTCD	ENSPKIP00000031706	ENSPKIG00000012085	gstcd
ENSEEEP00000017307	ENSEEEG00000008557	BATF	ENSPKIP00000016861	ENSPKIG00000003014	batf
ENSEEEP00000038494	ENSEEEG00000018277	casc4	ENSPKIP00000036241	ENSPKIG00000014876	GOLM2
ENSEEEP00000010666	ENSEEEG00000005402	VBP1	ENSPKIP00000003210	ENSPKIG00000020808	vbp1
ENSEEEP00000016055	ENSEEEG00000007953	BORCS5	ENSPKIP00000011837	ENSPKIG00000018764	borcs5
ENSEEEP00000038497	ENSEEEG00000018278		ENSPKIP00000036211	ENSPKIG00000014858	ENTREP2
ENSEEEP00000010669	ENSEEEG00000005405	SYT4	ENSPKIP00000005637	ENSPKIG00000022233	syt4
ENSEEEP00000040647	ENSEEEG00000019241	HEATR6	ENSPKIP00000033155	ENSPKIG00000012969	heatr6
ENSEEEP00000008428	ENSEEEG00000004395	TTC13	ENSPKIP00000037578	ENSPKIG00000015671	ttc13
ENSEEEP00000010922	ENSEEEG00000005522	itgb8	ENSPKIP00000006427	ENSPKIG00000022705	itgb8
ENSEEEP00000038498	ENSEEEG00000018279	FAM189A1	ENSPKIP00000038360	ENSPKIG00000016160	ENTREP2
ENSEEEP00000020412	ENSEEEG00000009963		ENSPKIP00000005352	ENSPKIG00000022055	nek11
ENSEEEP00000053799	ENSEEEG00000025755	RNF146	ENSPKIP00000005842	ENSPKIG00000022360	rnf146
ENSEEEP00000010901	ENSEEEG00000005518	tmem196b	ENSPKIP00000011965	ENSPKIG00000025637	tmem196a
ENSEEEP00000053932	ENSEEEG00000029146	NYAP1	ENSPKIP00000020464	ENSPKIG00000005223	NYAP1
ENSEEEP00000010415	ENSEEEG00000005263	CASD1	ENSPKIP00000006657	ENSPKIG00000022846	olfcb1
ENSEEEP00000043890	ENSEEEG00000020743		ENSPKIP00000040631	ENSPKIG00000017519	
ENSEEEP00000021610	ENSEEEG00000010519	si:ch211-248e11.2	ENSPKIP00000012412	ENSPKIG00000000214	pierce1
ENSEEEP00000055214	ENSEEEG00000028218	rassf8a	ENSPKIP00000027332	ENSPKIG00000009443	rassf11
ENSEEEP00000010899	ENSEEEG00000005516	twistnb	ENSPKIP00000011975	ENSPKIG00000025635	polr1f
ENSEEEP00000010896	ENSEEEG00000005515	FERD3L	ENSPKIP00000011984	ENSPKIG00000025633	ferd3l
ENSEEEP00000031457	ENSEEEG00000015045	ZNF318	ENSPKIP00000027541	ENSPKIG00000009562	
ENSEEEP00000048970	ENSEEEG00000023016	APEX2	ENSPKIP00000024539	ENSPKIG00000007752	apex2
ENSEEEP00000048969	ENSEEEG00000023015	lrif1	ENSPKIP00000023273	ENSPKIG00000006964	
ENSEEEP00000022613	ENSEEEG00000010983	ANGPTL3	ENSPKIP00000037924	ENSPKIG00000015888	ANGPTL3
ENSEEEP00000058204	ENSEEEG00000011092	mogat3b	ENSPKIP00000020552	ENSPKIG00000005268	mogat3b
ENSEEEP00000001383	ENSEEEG00000000914	rgra	ENSPKIP00000000023	ENSPKIG00000018846	rgra
ENSEEEP00000049980	ENSEEEG00000023496	PDLIM4	ENSPKIP00000017951	ENSPKIG00000003686	pdlim4
ENSEEEP00000043882	ENSEEEG00000020741	tdg.1	ENSPKIP00000038820	ENSPKIG00000016444	tdg.1
ENSEEEP00000060203	ENSEEEG00000028303	HECTD4	ENSPKIP00000007695	ENSPKIG00000023446	HECTD4
ENSEEEP00000039968	ENSEEEG00000018951	sp5l	ENSPKIP00000025108	ENSPKIG00000008097	
ENSEEEP00000003136	ENSEEEG00000001776	si:dkey-194e6.1	ENSPKIP00000004326	ENSPKIG00000021486	cltrn
ENSEEEP00000004652	ENSEEEG00000002427	dkk1b	ENSPKIP00000010545	ENSPKIG00000025228	dkk1b
ENSEEEP00000057713	ENSEEEG00000023690	DPF1	ENSPKIP00000012963	ENSPKIG00000000542	dpf1
ENSEEEP00000027200	ENSEEEG00000013126	SDSL	ENSPKIP00000040659	ENSPKIG00000017535	sdsl
ENSEEEP00000039954	ENSEEEG00000018855	slc26a10	ENSPKIP00000010726	ENSPKIG00000025334	slc26a10
ENSEEEP00000057002	ENSEEEG00000027231		ENSPKIP00000006621	ENSPKIG00000022826	
ENSEEEP00000007186	ENSEEEG00000003778	LRRC45	ENSPKIP00000025118	ENSPKIG00000008103	lrrc45
ENSEEEP00000054350	ENSEEEG00000020740	tdg.2	ENSPKIP00000038769	ENSPKIG00000016422	tdg.2
ENSEEEP00000010885	ENSEEEG00000005496	SNX13	ENSPKIP00000012042	ENSPKIG00000025692	snx13
ENSEEEP00000038981	ENSEEEG00000018495	GADD45GIP1	ENSPKIP00000026379	ENSPKIG00000008896	gadd45gip1
ENSEEEP00000022615	ENSEEEG00000010984	USP1	ENSPKIP00000032661	ENSPKIG00000012668	usp1
ENSEEEP00000025050	ENSEEEG00000012155	bach1b	ENSPKIP00000017054	ENSPKIG00000003128	bach1a
ENSEEEP00000037963	ENSEEEG00000018032	PLCXD3	ENSPKIP00000040122	ENSPKIG00000017214	plcxd3
ENSEEEP00000025051	ENSEEEG00000012156	MAP3K7CL	ENSPKIP00000005412	ENSPKIG00000022093	map3k7cl
ENSEEEP00000014255	ENSEEEG00000007083	SPO11	ENSPKIP00000010884	ENSPKIG00000025422	spo11
ENSEEEP00000011568	ENSEEEG00000011467	TAFA3	ENSPKIP00000005989	ENSPKIG00000022452	TAFA4
ENSEEEP00000061231	ENSEEEG00000027431	mafaa	ENSPKIP00000015080	ENSPKIG00000001916	MAFA
ENSEEEP00000035415	ENSEEEG00000016857	MFSD8	ENSPKIP00000021626	ENSPKIG00000005958	mfsd8
ENSEEEP00000022993	ENSEEEG00000011163	ZC3H3	ENSPKIP00000016745	ENSPKIG00000002936	zc3h3
ENSEEEP00000057149	ENSEEEG00000026383	c12h12orf73	ENSPKIP00000038743	ENSPKIG00000016405	uqcc6
ENSEEEP00000014116	ENSEEEG00000007011	zgc:77287	ENSPKIP00000007728	ENSPKIG00000023508	lrr1
ENSEEEP00000012322	ENSEEEG00000006198	SUPT7L	ENSPKIP00000006562	ENSPKIG00000022790	supt7l
ENSEEEP00000009243	ENSEEEG00000004736	spaw	ENSPKIP00000015341	ENSPKIG00000002098	spaw
ENSEEEP00000025069	ENSEEEG00000012157	CCT8	ENSPKIP00000005331	ENSPKIG00000022045	cct8
ENSEEEP00000023422	ENSEEEG00000011351	zgc:113423	ENSPKIP00000004552	ENSPKIG00000021618	zgc:113423
ENSEEEP00000001091	ENSEEEG00000000707	TBCK	ENSPKIP00000032098	ENSPKIG00000012287	tbck
ENSEEEP00000014119	ENSEEEG00000007013	DNAAF2	ENSPKIP00000007763	ENSPKIG00000023536	DNAAF2
ENSEEEP00000016068	ENSEEEG00000007960	UCHL1	ENSPKIP00000020551	ENSPKIG00000005285	uchl1
ENSEEEP00000039732	ENSEEEG00000018832	tac3a	ENSPKIP00000002431	ENSPKIG00000020318	tac3a
ENSEEEP00000062318	ENSEEEG00000006197	SLC4A1AP	ENSPKIP00000006473	ENSPKIG00000022736	slc4a1ap
ENSEEEP00000023663	ENSEEEG00000011454	TAFA1	ENSPKIP00000009688	ENSPKIG00000024695	tafa1a
ENSEEEP00000038989	ENSEEEG00000018500	tspan35	ENSPKIP00000026139	ENSPKIG00000008740	tspan34b
ENSEEEP00000047581	ENSEEEG00000022399	cetp	ENSPKIP00000015663	ENSPKIG00000002300	cetp
ENSEEEP00000010713	ENSEEEG00000005423	CCDC166	ENSPKIP00000005811	ENSPKIG00000022344	ccdc166
ENSEEEP00000057238	ENSEEEG00000026469	TMEM165	ENSPKIP00000016979	ENSPKIG00000003086	tmem165
ENSEEEP00000000250	ENSEEEG00000000140	POLE2	ENSPKIP00000007932	ENSPKIG00000023629	pole2
ENSEEEP00000038994	ENSEEEG00000018501	ZNF653	ENSPKIP00000026076	ENSPKIG00000008708	znf653
ENSEEEP00000040653	ENSEEEG00000019266	srd5a3	ENSPKIP00000017011	ENSPKIG00000003108	srd5a3
ENSEEEP00000012319	ENSEEEG00000006196	si:dkey-16j16.4	ENSPKIP00000006415	ENSPKIG00000022698	si:dkey-16j16.4
ENSEEEP00000016065	ENSEEEG00000007957	limch1a	ENSPKIP00000034434	ENSPKIG00000013705	LIMCH1
ENSEEEP00000044295	ENSEEEG00000020929	zgc:161973	ENSPKIP00000021929	ENSPKIG00000006139	fbxo15
ENSEEEP00000058999	ENSEEEG00000025917	zbtb12.1	ENSPKIP00000031724	ENSPKIG00000012101	zbtb12.2
ENSEEEP00000014262	ENSEEEG00000007092	csrp1a	ENSPKIP00000030226	ENSPKIG00000011163	csrp1a
ENSEEEP00000047584	ENSEEEG00000022401	HERPUD1	ENSPKIP00000015628	ENSPKIG00000002281	herpud1
ENSEEEP00000012317	ENSEEEG00000006195	MRPL33	ENSPKIP00000006378	ENSPKIG00000022674	mrpl33
ENSEEEP00000057947	ENSEEEG00000026918	zfp36l1a	ENSPKIP00000027443	ENSPKIG00000009504	zfp36l1b
ENSEEEP00000050356	ENSEEEG00000023660	PNKP	ENSPKIP00000013053	ENSPKIG00000000629	pnkp
ENSEEEP00000018336	ENSEEEG00000009001	NELFE	ENSPKIP00000031661	ENSPKIG00000012048	nelfe
ENSEEEP00000012314	ENSEEEG00000006179	RBKS	ENSPKIP00000006338	ENSPKIG00000022653	RBKS
ENSEEEP00000043090	ENSEEEG00000020342	TMEM229A	ENSPKIP00000038018	ENSPKIG00000015974	TMEM229A
ENSEEEP00000013302	ENSEEEG00000006664	TMEM229B	ENSPKIP00000027427	ENSPKIG00000009493	TMEM229B
ENSEEEP00000038997	ENSEEEG00000018503	SWSAP1	ENSPKIP00000026053	ENSPKIG00000008687	swsap1
ENSEEEP00000054623	ENSEEEG00000028951		ENSPKIP00000030949	ENSPKIG00000011624	
ENSEEEP00000016060	ENSEEEG00000007954	EXOSC9	ENSPKIP00000021547	ENSPKIG00000005890	exosc9
ENSEEEP00000006426	ENSEEEG00000003404	LTN1	ENSPKIP00000005247	ENSPKIG00000021993	ltn1
ENSEEEP00000053385	ENSEEEG00000026170	STK33	ENSPKIP00000014750	ENSPKIG00000001707	
ENSEEEP00000057754	ENSEEEG00000025858	JPT2	ENSPKIP00000034348	ENSPKIG00000013723	
ENSEEEP00000058504	ENSEEEG00000026570	EPOR	ENSPKIP00000026020	ENSPKIG00000008670	epor
ENSEEEP00000025107	ENSEEEG00000012164	TMEM135	ENSPKIP00000015491	ENSPKIG00000002203	tmem135
ENSEEEP00000009210	ENSEEEG00000004732	sftpbb	ENSPKIP00000041078	ENSPKIG00000017785	sftpbb
ENSEEEP00000059555	ENSEEEG00000026222		ENSPKIP00000027299	ENSPKIG00000009345	CUL7
ENSEEEP00000054602	ENSEEEG00000028307	THAP4	ENSPKIP00000016503	ENSPKIG00000002801	thap4
ENSEEEP00000012270	ENSEEEG00000006175	BABAM2	ENSPKIP00000006288	ENSPKIG00000022616	babam2
ENSEEEP00000031572	ENSEEEG00000015099	SYNDIG1	ENSPKIP00000027029	ENSPKIG00000009263	
ENSEEEP00000039004	ENSEEEG00000018511	TMEM205	ENSPKIP00000024195	ENSPKIG00000007544	tmem205
ENSEEEP00000064071	ENSEEEG00000007362	ccl34b.4	ENSPKIP00000000573	ENSPKIG00000019155	
ENSEEEP00000007988	ENSEEEG00000004170	POC5	ENSPKIP00000011410	ENSPKIG00000018516	poc5
ENSEEEP00000039009	ENSEEEG00000018512	ELOF1	ENSPKIP00000026550	ENSPKIG00000008991	ELOF1
ENSEEEP00000031574	ENSEEEG00000015101	CST7	ENSPKIP00000026994	ENSPKIG00000009194	cst7
ENSEEEP00000053277	ENSEEEG00000016871	ZCCHC4	ENSPKIP00000038883	ENSPKIG00000016454	zcchc4
ENSEEEP00000023430	ENSEEEG00000011350	SFR1	ENSPKIP00000028629	ENSPKIG00000010179	
ENSEEEP00000063449	ENSEEEG00000028636	APMAP	ENSPKIP00000026802	ENSPKIG00000009133	apmap
ENSEEEP00000054530	ENSEEEG00000027729		ENSPKIP00000017794	ENSPKIG00000003567	
ENSEEEP00000022860	ENSEEEG00000011094	ZNHIT1	ENSPKIP00000020609	ENSPKIG00000005317	znhit1
ENSEEEP00000007141	ENSEEEG00000003760	FAM20A	ENSPKIP00000025192	ENSPKIG00000008150	fam20a
ENSEEEP00000009182	ENSEEEG00000004583	USP39	ENSPKIP00000041025	ENSPKIG00000017728	usp39
ENSEEEP00000007983	ENSEEEG00000004166	ANKDD1B	ENSPKIP00000037303	ENSPKIG00000015545	ankdd1b
ENSEEEP00000023639	ENSEEEG00000011449	SUCLG2	ENSPKIP00000006109	ENSPKIG00000022512	SUCLG2
ENSEEEP00000044329	ENSEEEG00000020873	QRSL1	ENSPKIP00000012601	ENSPKIG00000000328	QRSL1
ENSEEEP00000012260	ENSEEEG00000006171	FOSL2	ENSPKIP00000006235	ENSPKIG00000022592	fosl2
ENSEEEP00000007972	ENSEEEG00000004160	POLK	ENSPKIP00000037228	ENSPKIG00000015422	polk
ENSEEEP00000039014	ENSEEEG00000018516	tlcd4b	ENSPKIP00000024109	ENSPKIG00000007483	tlcd4b
ENSEEEP00000023418	ENSEEEG00000011349		ENSPKIP00000031873	ENSPKIG00000012194	
ENSEEEP00000031592	ENSEEEG00000015107	PPM1G	ENSPKIP00000025374	ENSPKIG00000008275	ppm1g
ENSEEEP00000039586	ENSEEEG00000018791	TDRD12	ENSPKIP00000022391	ENSPKIG00000006407	tdrd12
ENSEEEP00000057231	ENSEEEG00000006169	MOCS1	ENSPKIP00000006191	ENSPKIG00000022566	mocs1
ENSEEEP00000020453	ENSEEEG00000009983	CMTM6	ENSPKIP00000005545	ENSPKIG00000022181	
ENSEEEP00000034356	ENSEEEG00000016349	VIPR2	ENSPKIP00000032465	ENSPKIG00000012556	vipr2
ENSEEEP00000061179	ENSEEEG00000026646	CMTM7	ENSPKIP00000008126	ENSPKIG00000023762	cmtm7
ENSEEEP00000029240	ENSEEEG00000014014	MESD	ENSPKIP00000003578	ENSPKIG00000021023	mesd
ENSEEEP00000020461	ENSEEEG00000009989		ENSPKIP00000035033	ENSPKIG00000014129	
ENSEEEP00000058798	ENSEEEG00000026179	ppp1r3cb	ENSPKIP00000021989	ENSPKIG00000006182	ppp1r3cb
ENSEEEP00000007968	ENSEEEG00000004158	aqp3a	ENSPKIP00000018449	ENSPKIG00000004013	aqp3b
ENSEEEP00000035425	ENSEEEG00000016872	si:dkey-219e21.4	ENSPKIP00000038932	ENSPKIG00000016513	si:dkey-219e21.4
ENSEEEP00000007966	ENSEEEG00000004157	si:dkey-245n4.2	ENSPKIP00000030549	ENSPKIG00000011371	si:dkey-245n4.2
ENSEEEP00000030885	ENSEEEG00000014782	birc5b	ENSPKIP00000027648	ENSPKIG00000009625	
ENSEEEP00000056993	ENSEEEG00000014888	HECTD2	ENSPKIP00000022239	ENSPKIG00000006267	hectd2
ENSEEEP00000007963	ENSEEEG00000004155	WDR54	ENSPKIP00000018371	ENSPKIG00000003958	wdr54
ENSEEEP00000053190	ENSEEEG00000027281		ENSPKIP00000026317	ENSPKIG00000008850	
ENSEEEP00000061116	ENSEEEG00000026345	si:dkey-69o16.5	ENSPKIP00000013697	ENSPKIG00000001041	si:dkey-69o16.5
ENSEEEP00000020468	ENSEEEG00000009995	RPP25L	ENSPKIP00000034965	ENSPKIG00000014101	rpp25l
ENSEEEP00000037957	ENSEEEG00000018026	IPO11	ENSPKIP00000039788	ENSPKIG00000016964	ipo11
ENSEEEP00000030883	ENSEEEG00000014780	NEUROD4	ENSPKIP00000027672	ENSPKIG00000009635	neurod4
ENSEEEP00000055140	ENSEEEG00000027485	nfil3-6	ENSPKIP00000026267	ENSPKIG00000008824	nfil3-6
ENSEEEP00000063715	ENSEEEG00000026447	dram2b	ENSPKIP00000020317	ENSPKIG00000005144	dram2b
ENSEEEP00000039028	ENSEEEG00000018523	nfil3-5	ENSPKIP00000024034	ENSPKIG00000007453	
ENSEEEP00000062178	ENSEEEG00000025052	dub	ENSPKIP00000036475	ENSPKIG00000015032	
ENSEEEP00000030880	ENSEEEG00000014777	zgc:153867	ENSPKIP00000026290	ENSPKIG00000008811	
ENSEEEP00000002117	ENSEEEG00000001300	EDN1	ENSPKIP00000018332	ENSPKIG00000003920	edn1
ENSEEEP00000008153	ENSEEEG00000004248	ALG8	ENSPKIP00000036568	ENSPKIG00000015070	alg8
ENSEEEP00000015861	ENSEEEG00000007839	pth1a	ENSPKIP00000006330	ENSPKIG00000022656	
ENSEEEP00000015860	ENSEEEG00000007838	PYURF	ENSPKIP00000006349	ENSPKIG00000022665	zgc:162634
ENSEEEP00000002118	ENSEEEG00000001301	HIVEP1	ENSPKIP00000018199	ENSPKIG00000003860	hivep1
ENSEEEP00000027350	ENSEEEG00000013197	GPR135	ENSPKIP00000040405	ENSPKIG00000017387	gpr135
ENSEEEP00000063284	ENSEEEG00000028706	vgll4b	ENSPKIP00000009985	ENSPKIG00000024872	vgll4b
ENSEEEP00000031601	ENSEEEG00000015112	FAM120B	ENSPKIP00000025171	ENSPKIG00000008128	fam120b
ENSEEEP00000000304	ENSEEEG00000000224	KATNBL1	ENSPKIP00000007509	ENSPKIG00000023376	
ENSEEEP00000027351	ENSEEEG00000013199	JKAMP	ENSPKIP00000040355	ENSPKIG00000017351	jkamp
ENSEEEP00000007956	ENSEEEG00000004151	si:dkey-40c11.2	ENSPKIP00000030356	ENSPKIG00000011239	si:dkey-40c11.2
ENSEEEP00000055341	ENSEEEG00000028067	ATXN7L1	ENSPKIP00000038289	ENSPKIG00000016122	ATXN7L1
ENSEEEP00000030875	ENSEEEG00000014775	c1ql4a	ENSPKIP00000026044	ENSPKIG00000008683	c1ql4b
ENSEEEP00000000904	ENSEEEG00000000606	LRRCC1	ENSPKIP00000037870	ENSPKIG00000015894	lrrcc1
ENSEEEP00000030632	ENSEEEG00000014672	TAMM41	ENSPKIP00000009969	ENSPKIG00000024860	tamm41
ENSEEEP00000000320	ENSEEEG00000000235	MIS18BP1	ENSPKIP00000007469	ENSPKIG00000023343	
ENSEEEP00000038338	ENSEEEG00000018209	SUCLG1	ENSPKIP00000029796	ENSPKIG00000010907	SUCLG1
ENSEEEP00000043063	ENSEEEG00000020327	SYPL1	ENSPKIP00000039924	ENSPKIG00000017097	SYPL1
ENSEEEP00000007952	ENSEEEG00000004147	RTKN	ENSPKIP00000017809	ENSPKIG00000003583	rtkna
ENSEEEP00000030870	ENSEEEG00000014774	tmem107l	ENSPKIP00000030308	ENSPKIG00000011204	tmem107l
ENSEEEP00000021225	ENSEEEG00000010003	atp6v1c1a	ENSPKIP00000037785	ENSPKIG00000015818	atp6v1c1b
ENSEEEP00000009327	ENSEEEG00000004781	hltf	ENSPKIP00000004415	ENSPKIG00000021535	hltf
ENSEEEP00000056182	ENSEEEG00000025903	TMEM100	ENSPKIP00000018127	ENSPKIG00000003794	tmem170b
ENSEEEP00000054897	ENSEEEG00000025922	FOXN2	ENSPKIP00000016106	ENSPKIG00000002583	FOXN2
ENSEEEP00000031618	ENSEEEG00000015121	PHF10	ENSPKIP00000025316	ENSPKIG00000008224	phf10
ENSEEEP00000005856	ENSEEEG00000000974	TRIP12	ENSPKIP00000036701	ENSPKIG00000015157	trip12
ENSEEEP00000064073	ENSEEEG00000027464		ENSPKIP00000007191	ENSPKIG00000023189	
ENSEEEP00000017960	ENSEEEG00000008852	P2RX2	ENSPKIP00000009856	ENSPKIG00000024780	p2rx2
ENSEEEP00000015841	ENSEEEG00000007831	VAC14	ENSPKIP00000030699	ENSPKIG00000011459	vac14
ENSEEEP00000046363	ENSEEEG00000021825	NTPCR	ENSPKIP00000007421	ENSPKIG00000023312	ntpcr
ENSEEEP00000033013	ENSEEEG00000015722	smn1	ENSPKIP00000030234	ENSPKIG00000011096	smn1
ENSEEEP00000027365	ENSEEEG00000013205	PNN	ENSPKIP00000035253	ENSPKIG00000014281	pnn
ENSEEEP00000008147	ENSEEEG00000004246	CCDC90B	ENSPKIP00000036605	ENSPKIG00000015115	ccdc90b
ENSEEEP00000063929	ENSEEEG00000026250	si:ch1073-266p11.2	ENSPKIP00000007467	ENSPKIG00000023342	map10
ENSEEEP00000032979	ENSEEEG00000015703	zgc:153675	ENSPKIP00000037389	ENSPKIG00000015601	zgc:153675
ENSEEEP00000001205	ENSEEEG00000000817	CUEDC2	ENSPKIP00000042052	ENSPKIG00000018810	cuedc2
ENSEEEP00000001655	ENSEEEG00000001060	si:ch211-160f23.5	ENSPKIP00000026452	ENSPKIG00000008932	e2f2
ENSEEEP00000030628	ENSEEEG00000014670	TIMP4	ENSPKIP00000009953	ENSPKIG00000024854	TIMP4
ENSEEEP00000018546	ENSEEEG00000009110	PRRT1	ENSPKIP00000031272	ENSPKIG00000011821	prrt1
ENSEEEP00000001130	ENSEEEG00000000758	aimp1a	ENSPKIP00000032651	ENSPKIG00000012660	aimp1a
ENSEEEP00000038342	ENSEEEG00000018214	CISD2	ENSPKIP00000029749	ENSPKIG00000010875	cisd2
ENSEEEP00000003042	ENSEEEG00000001725	CCDC33	ENSPKIP00000034618	ENSPKIG00000013876	ccdc33
ENSEEEP00000030867	ENSEEEG00000013961	huwe1	ENSPKIP00000037897	ENSPKIG00000015785	huwe1
ENSEEEP00000023002	ENSEEEG00000011170	si:ch1073-184j22.2	ENSPKIP00000031807	ENSPKIG00000012152	si:ch1073-184j22.2
ENSEEEP00000033014	ENSEEEG00000015723	zgc:158640	ENSPKIP00000030045	ENSPKIG00000011052	hspb11
ENSEEEP00000060251	ENSEEEG00000025044	tmem268	ENSPKIP00000031243	ENSPKIG00000011803	
ENSEEEP00000010783	ENSEEEG00000005462	ID3	ENSPKIP00000026480	ENSPKIG00000008949	id3
ENSEEEP00000062551	ENSEEEG00000013384	ABLIM2	ENSPKIP00000038985	ENSPKIG00000016529	ablim2
ENSEEEP00000017971	ENSEEEG00000008854	pes	ENSPKIP00000009785	ENSPKIG00000024750	PES1
ENSEEEP00000023003	ENSEEEG00000011171	SFT2D3	ENSPKIP00000031790	ENSPKIG00000012139	sft2d3
ENSEEEP00000019514	ENSEEEG00000009548	USF1	ENSPKIP00000002321	ENSPKIG00000020259	usf1l
ENSEEEP00000041377	ENSEEEG00000019579	CDC42SE2	ENSPKIP00000003665	ENSPKIG00000021075	cdc42se2
ENSEEEP00000018550	ENSEEEG00000009113	NEU1	ENSPKIP00000031211	ENSPKIG00000011781	neu1
ENSEEEP00000007371	ENSEEEG00000003869	STOM	ENSPKIP00000018379	ENSPKIG00000003959	STOM
ENSEEEP00000060160	ENSEEEG00000028375	si:ch1073-358c10.1	ENSPKIP00000037061	ENSPKIG00000015369	msraa
ENSEEEP00000030621	ENSEEEG00000014631	PPARG	ENSPKIP00000009911	ENSPKIG00000024820	PPARG
ENSEEEP00000001192	ENSEEEG00000000796	HIF1AN	ENSPKIP00000000068	ENSPKIG00000018875	hif1an
ENSEEEP00000038355	ENSEEEG00000018215	SLC9B2	ENSPKIP00000040837	ENSPKIG00000017634	
ENSEEEP00000023013	ENSEEEG00000011175	WDR33	ENSPKIP00000031736	ENSPKIG00000012104	wdr33
ENSEEEP00000003039	ENSEEEG00000001721	STRA6	ENSPKIP00000012628	ENSPKIG00000000355	stra6
ENSEEEP00000053435	ENSEEEG00000026352	LYRM7	ENSPKIP00000003722	ENSPKIG00000021096	lyrm7
ENSEEEP00000009291	ENSEEEG00000004771	IFI30	ENSPKIP00000022463	ENSPKIG00000006449	ifi30b
ENSEEEP00000034047	ENSEEEG00000016219	HSD17B8	ENSPKIP00000002064	ENSPKIG00000020097	hsd17b8
ENSEEEP00000002869	ENSEEEG00000001640	vgll2b	ENSPKIP00000026631	ENSPKIG00000009025	vgll2b
ENSEEEP00000027397	ENSEEEG00000013206	GEMIN2	ENSPKIP00000028886	ENSPKIG00000010339	gemin2
ENSEEEP00000033040	ENSEEEG00000015725	MCCC2	ENSPKIP00000029975	ENSPKIG00000010994	mccc2
ENSEEEP00000032931	ENSEEEG00000015235	RBBP5	ENSPKIP00000037233	ENSPKIG00000015479	rbbp5
ENSEEEP00000009288	ENSEEEG00000004770	BLOC1S3	ENSPKIP00000019062	ENSPKIG00000004389	bloc1s3
ENSEEEP00000002871	ENSEEEG00000001641	ctsl.1	ENSPKIP00000026667	ENSPKIG00000009046	ctsl.1
ENSEEEP00000001162	ENSEEEG00000000765	DKK2	ENSPKIP00000032712	ENSPKIG00000012697	
ENSEEEP00000024732	ENSEEEG00000011978	rassf2a	ENSPKIP00000013285	ENSPKIG00000000756	rassf2a
ENSEEEP00000000345	ENSEEEG00000000250		ENSPKIP00000024107	ENSPKIG00000007489	
ENSEEEP00000058445	ENSEEEG00000009124	PRRC2A	ENSPKIP00000031128	ENSPKIG00000011749	prrc2a
ENSEEEP00000061705	ENSEEEG00000027335	CCDC92	ENSPKIP00000006346	ENSPKIG00000022660	ccdc92
ENSEEEP00000008141	ENSEEEG00000004244	PCF11	ENSPKIP00000036671	ENSPKIG00000015149	pcf11
ENSEEEP00000001163	ENSEEEG00000000778	WNT8B	ENSPKIP00000024028	ENSPKIG00000007439	wnt8b
ENSEEEP00000058287	ENSEEEG00000024943	SH2B3	ENSPKIP00000007047	ENSPKIG00000023098	sh2b3
ENSEEEP00000000400	ENSEEEG00000000293	otx5	ENSPKIP00000012221	ENSPKIG00000000094	
ENSEEEP00000055650	ENSEEEG00000027355	RFLNA	ENSPKIP00000006291	ENSPKIG00000022634	rflna
ENSEEEP00000019486	ENSEEEG00000009554	si:ch211-193c2.2	ENSPKIP00000013696	ENSPKIG00000001042	pheta1
ENSEEEP00000019537	ENSEEEG00000009573	NLRX1	ENSPKIP00000000548	ENSPKIG00000019168	nlrx1
ENSEEEP00000062912	ENSEEEG00000027953	dusp28	ENSPKIP00000031707	ENSPKIG00000012080	dusp28
ENSEEEP00000000838	ENSEEEG00000000523	RETREG1	ENSPKIP00000025034	ENSPKIG00000008029	retreg1
ENSEEEP00000008137	ENSEEEG00000004242	POLQ	ENSPKIP00000037222	ENSPKIG00000015375	polq
ENSEEEP00000055641	ENSEEEG00000024702	TPPP	ENSPKIP00000000722	ENSPKIG00000019267	tppp
ENSEEEP00000000467	ENSEEEG00000000315	psma6l	ENSPKIP00000012376	ENSPKIG00000000186	psma6l
ENSEEEP00000037905	ENSEEEG00000018000	LIPG	ENSPKIP00000035568	ENSPKIG00000014481	lipg
ENSEEEP00000000402	ENSEEEG00000000302	LRATD1	ENSPKIP00000032656	ENSPKIG00000012666	lratd1
ENSEEEP00000023293	ENSEEEG00000010065	ATP2C1	ENSPKIP00000034417	ENSPKIG00000013753	atp2c1
ENSEEEP00000030540	ENSEEEG00000014628	TSEN2	ENSPKIP00000009871	ENSPKIG00000024801	tsen2
ENSEEEP00000053447	ENSEEEG00000001535		ENSPKIP00000014781	ENSPKIG00000001729	si:dkey-225n22.4
ENSEEEP00000001143	ENSEEEG00000000766	TRMT2B	ENSPKIP00000040144	ENSPKIG00000017232	trmt2b
ENSEEEP00000019496	ENSEEEG00000009561	zgc:158343	ENSPKIP00000013904	ENSPKIG00000001153	zgc:158343
ENSEEEP00000029462	ENSEEEG00000014109	SCML4	ENSPKIP00000032728	ENSPKIG00000012699	scml4
ENSEEEP00000000732	ENSEEEG00000000505	RNF182	ENSPKIP00000025100	ENSPKIG00000008094	rnf182
ENSEEEP00000059443	ENSEEEG00000011947	ADAR	ENSPKIP00000035504	ENSPKIG00000014435	adar
ENSEEEP00000001136	ENSEEEG00000000755	dnajb12a	ENSPKIP00000024143	ENSPKIG00000007501	dnajb12b
ENSEEEP00000039407	ENSEEEG00000018663	gcdhb	ENSPKIP00000023785	ENSPKIG00000007270	gcdha
ENSEEEP00000006755	ENSEEEG00000003561	MMS19	ENSPKIP00000038280	ENSPKIG00000016111	mms19
ENSEEEP00000019502	ENSEEEG00000009564		ENSPKIP00000013938	ENSPKIG00000001180	
ENSEEEP00000030535	ENSEEEG00000014625	mkrn2os.1	ENSPKIP00000009838	ENSPKIG00000024788	mkrn2os.1
ENSEEEP00000006274	ENSEEEG00000027376	si:dkey-259j3.5	ENSPKIP00000039184	ENSPKIG00000015808	
ENSEEEP00000039400	ENSEEEG00000018716	TERB2	ENSPKIP00000005704	ENSPKIG00000022267	TERB2
ENSEEEP00000019507	ENSEEEG00000009565	WDR31	ENSPKIP00000013976	ENSPKIG00000001204	wdr31
ENSEEEP00000020464	ENSEEEG00000009994	zgc:194275	ENSPKIP00000036437	ENSPKIG00000015014	plaat1l
ENSEEEP00000023023	ENSEEEG00000011179	F7	ENSPKIP00000031896	ENSPKIG00000012214	
ENSEEEP00000041353	ENSEEEG00000019487	PUM3	ENSPKIP00000005687	ENSPKIG00000022249	pum3
ENSEEEP00000055532	ENSEEEG00000014624	MKRN2	ENSPKIP00000009807	ENSPKIG00000024724	mkrn2
ENSEEEP00000003033	ENSEEEG00000001718	islr2	ENSPKIP00000034594	ENSPKIG00000013860	islr2
ENSEEEP00000027417	ENSEEEG00000013225	mia2	ENSPKIP00000028638	ENSPKIG00000010131	mia2
ENSEEEP00000002653	ENSEEEG00000001531	ccr12a	ENSPKIP00000015091	ENSPKIG00000001931	ccr12a
ENSEEEP00000003026	ENSEEEG00000001715	SEMA7A	ENSPKIP00000023124	ENSPKIG00000006875	sema7a
ENSEEEP00000023956	ENSEEEG00000011637	SEC63	ENSPKIP00000032852	ENSPKIG00000012759	sec63
ENSEEEP00000039405	ENSEEEG00000018718	CNEP1R1	ENSPKIP00000020187	ENSPKIG00000005054	cnep1r1
ENSEEEP00000015812	ENSEEEG00000007820	lrrc29	ENSPKIP00000007276	ENSPKIG00000023243	fbxl9
ENSEEEP00000019510	ENSEEEG00000009569	POLI	ENSPKIP00000009522	ENSPKIG00000024605	poli
ENSEEEP00000063416	ENSEEEG00000024412	EMC3	ENSPKIP00000000536	ENSPKIG00000019158	emc3
ENSEEEP00000062297	ENSEEEG00000027864	FBXO33	ENSPKIP00000028384	ENSPKIG00000010059	fbxo33
ENSEEEP00000063844	ENSEEEG00000025920	FAM177A1	ENSPKIP00000006420	ENSPKIG00000022709	zgc:153383
ENSEEEP00000020454	ENSEEEG00000009984	gckr	ENSPKIP00000036554	ENSPKIG00000015074	
ENSEEEP00000000569	ENSEEEG00000000396	EFHD1	ENSPKIP00000026871	ENSPKIG00000009171	efhd1
ENSEEEP00000038741	ENSEEEG00000018384	SENP8	ENSPKIP00000040325	ENSPKIG00000017332	senp8
ENSEEEP00000038743	ENSEEEG00000018385	gramd2aa	ENSPKIP00000007670	ENSPKIG00000023467	gramd2aa
ENSEEEP00000027477	ENSEEEG00000013235	PPP2R3C	ENSPKIP00000028283	ENSPKIG00000009983	ppp2r3c
ENSEEEP00000003015	ENSEEEG00000001678	COMMD4	ENSPKIP00000023188	ENSPKIG00000006908	commd4
ENSEEEP00000031714	ENSEEEG00000015149	CASS4	ENSPKIP00000020556	ENSPKIG00000005288	cass4
ENSEEEP00000017979	ENSEEEG00000008861	PPIL2	ENSPKIP00000032841	ENSPKIG00000012778	ppil2
ENSEEEP00000054223	ENSEEEG00000027276	MTG2	ENSPKIP00000010456	ENSPKIG00000025173	mtg2
ENSEEEP00000036444	ENSEEEG00000017323	pitpnab	ENSPKIP00000012057	ENSPKIG00000025686	PITPNA
ENSEEEP00000038390	ENSEEEG00000018225	BDH2	ENSPKIP00000029712	ENSPKIG00000010846	bdh2
ENSEEEP00000001066	ENSEEEG00000000712	TYSND1	ENSPKIP00000000111	ENSPKIG00000018909	tysnd1
ENSEEEP00000020449	ENSEEEG00000009981	si:ch73-340m8.2	ENSPKIP00000036609	ENSPKIG00000015118	si:ch73-340m8.2
ENSEEEP00000019515	ENSEEEG00000009571	PGAM5	ENSPKIP00000028503	ENSPKIG00000010127	pgam5
ENSEEEP00000062862	ENSEEEG00000020949	RTN4IP1	ENSPKIP00000012637	ENSPKIG00000000366	rtn4ip1
ENSEEEP00000003470	ENSEEEG00000001926	UTP20	ENSPKIP00000023976	ENSPKIG00000007196	utp20
ENSEEEP00000021392	ENSEEEG00000010419	BRD9	ENSPKIP00000000904	ENSPKIG00000019374	brd9
ENSEEEP00000031064	ENSEEEG00000014869	kif20bb	ENSPKIP00000010014	ENSPKIG00000024881	kif20bb
ENSEEEP00000059427	ENSEEEG00000000701	sar1ab	ENSPKIP00000024312	ENSPKIG00000007615	sar1ab
ENSEEEP00000002079	ENSEEEG00000001280		ENSPKIP00000010936	ENSPKIG00000025453	
ENSEEEP00000019540	ENSEEEG00000009579	pdzd3a	ENSPKIP00000011480	ENSPKIG00000018555	nherf4a
ENSEEEP00000002286	ENSEEEG00000001320	MRPL3	ENSPKIP00000008008	ENSPKIG00000023678	mrpl3
ENSEEEP00000052023	ENSEEEG00000024408		ENSPKIP00000010821	ENSPKIG00000025385	
ENSEEEP00000031709	ENSEEEG00000015147	CSTF1	ENSPKIP00000020615	ENSPKIG00000005323	cstf1
ENSEEEP00000040322	ENSEEEG00000019095	SLC35F5	ENSPKIP00000013970	ENSPKIG00000001198	SLC35F5
ENSEEEP00000039133	ENSEEEG00000018588	ALKBH5	ENSPKIP00000034552	ENSPKIG00000013829	ALKBH5
ENSEEEP00000002939	ENSEEEG00000001673	NEIL1	ENSPKIP00000023275	ENSPKIG00000006962	neil1
ENSEEEP00000000435	ENSEEEG00000000319	ADGRD1	ENSPKIP00000006798	ENSPKIG00000022859	adgrd1
ENSEEEP00000001503	ENSEEEG00000000970	WDR81	ENSPKIP00000024942	ENSPKIG00000007980	wdr81
ENSEEEP00000040270	ENSEEEG00000019087	GPR39	ENSPKIP00000037974	ENSPKIG00000015956	gpr39
ENSEEEP00000002080	ENSEEEG00000001282	cdh26.1	ENSPKIP00000010918	ENSPKIG00000025447	cdh26.1
ENSEEEP00000058579	ENSEEEG00000027291		ENSPKIP00000013416	ENSPKIG00000000863	
ENSEEEP00000001026	ENSEEEG00000000634	PPA1	ENSPKIP00000024336	ENSPKIG00000007633	ppa1a
ENSEEEP00000039131	ENSEEEG00000018587	MIEF2	ENSPKIP00000035078	ENSPKIG00000014167	mief2
ENSEEEP00000057666	ENSEEEG00000027151		ENSPKIP00000012479	ENSPKIG00000000263	zgc:101040
ENSEEEP00000058388	ENSEEEG00000004235	birc2	ENSPKIP00000037280	ENSPKIG00000015531	birc2
ENSEEEP00000063112	ENSEEEG00000024988	CIDEC	ENSPKIP00000041296	ENSPKIG00000017894	cidec
ENSEEEP00000000592	ENSEEEG00000000426	KCNJ13	ENSPKIP00000027016	ENSPKIG00000009260	kcnj13
ENSEEEP00000038063	ENSEEEG00000018078	FUZ	ENSPKIP00000042022	ENSPKIG00000018379	fuz
ENSEEEP00000020446	ENSEEEG00000009979		ENSPKIP00000036720	ENSPKIG00000015182	rp1l1a
ENSEEEP00000063322	ENSEEEG00000026834		ENSPKIP00000011113	ENSPKIG00000025547	
ENSEEEP00000039418	ENSEEEG00000018722	SYCE2	ENSPKIP00000023708	ENSPKIG00000007229	syce2
ENSEEEP00000000621	ENSEEEG00000000433	GAL3ST2	ENSPKIP00000026824	ENSPKIG00000009144	gal3st2
ENSEEEP00000052016	ENSEEEG00000024406		ENSPKIP00000041373	ENSPKIG00000017950	
ENSEEEP00000024409	ENSEEEG00000011840	oxgr1a.2	ENSPKIP00000030377	ENSPKIG00000011248	oxgr1a.2
ENSEEEP00000001492	ENSEEEG00000000946	serpinf2b	ENSPKIP00000032244	ENSPKIG00000012411	serpinf2a
ENSEEEP00000064478	ENSEEEG00000027067	lcp2a	ENSPKIP00000010910	ENSPKIG00000025441	
ENSEEEP00000039443	ENSEEEG00000018724	FARSA	ENSPKIP00000023628	ENSPKIG00000007170	farsa
ENSEEEP00000002925	ENSEEEG00000001663	MAN2C1	ENSPKIP00000023712	ENSPKIG00000007096	man2c1
ENSEEEP00000059044	ENSEEEG00000025703	EIF4EBP2	ENSPKIP00000024418	ENSPKIG00000007681	eif4ebp2
ENSEEEP00000000630	ENSEEEG00000000447	slc19a3a	ENSPKIP00000039192	ENSPKIG00000016647	slc19a3a
ENSEEEP00000027496	ENSEEEG00000013266	psma6a	ENSPKIP00000028232	ENSPKIG00000009949	prorp
ENSEEEP00000060857	ENSEEEG00000004141	irf10	ENSPKIP00000011255	ENSPKIG00000018414	irf10
ENSEEEP00000060412	ENSEEEG00000018582	zgc:112980	ENSPKIP00000040013	ENSPKIG00000017123	
ENSEEEP00000021479	ENSEEEG00000010432	TRIP13	ENSPKIP00000001047	ENSPKIG00000019468	trip13
ENSEEEP00000058679	ENSEEEG00000027842	CEBPG	ENSPKIP00000022664	ENSPKIG00000006578	cebpg
ENSEEEP00000023944	ENSEEEG00000011627	METTL24	ENSPKIP00000041076	ENSPKIG00000017786	
ENSEEEP00000007376	ENSEEEG00000003872	SEC61B	ENSPKIP00000018424	ENSPKIG00000003995	
ENSEEEP00000020437	ENSEEEG00000009974	ENPP4	ENSPKIP00000018768	ENSPKIG00000004217	enpp4
ENSEEEP00000025572	ENSEEEG00000012403	CEBPA	ENSPKIP00000003156	ENSPKIG00000020777	CEBPA
ENSEEEP00000003151	ENSEEEG00000001774	HEATR3	ENSPKIP00000012430	ENSPKIG00000000235	heatr3
ENSEEEP00000056374	ENSEEEG00000029151	OSTM1	ENSPKIP00000032946	ENSPKIG00000012840	ostm1
ENSEEEP00000012102	ENSEEEG00000006086	KIF6	ENSPKIP00000005872	ENSPKIG00000022356	kif6
ENSEEEP00000023941	ENSEEEG00000000656	NR2E1	ENSPKIP00000033006	ENSPKIG00000012867	nr2e1
ENSEEEP00000006196	ENSEEEG00000003306	si:ch211-217k17.7	ENSPKIP00000038927	ENSPKIG00000016503	ccdc86
ENSEEEP00000043483	ENSEEEG00000020557	armc10	ENSPKIP00000022000	ENSPKIG00000006186	armc10
ENSEEEP00000006192	ENSEEEG00000003304		ENSPKIP00000038957	ENSPKIG00000016521	
ENSEEEP00000059330	ENSEEEG00000028767	fam117bb	ENSPKIP00000026406	ENSPKIG00000008905	fam117ba
ENSEEEP00000042951	ENSEEEG00000020202	PGC	ENSPKIP00000000788	ENSPKIG00000019125	PGC
ENSEEEP00000040802	ENSEEEG00000019331	DPP7	ENSPKIP00000017500	ENSPKIG00000003377	dpp7
ENSEEEP00000022869	ENSEEEG00000010899	akr1a1b	ENSPKIP00000035538	ENSPKIG00000014456	akr1a1a
ENSEEEP00000040236	ENSEEEG00000019076	CARF	ENSPKIP00000017933	ENSPKIG00000003659	carf
ENSEEEP00000008118	ENSEEEG00000004234	CFAP300	ENSPKIP00000037352	ENSPKIG00000015569	cfap300
ENSEEEP00000000368	ENSEEEG00000000268	stx2b	ENSPKIP00000006479	ENSPKIG00000022731	stx2b
ENSEEEP00000027626	ENSEEEG00000013274	nfkbiab	ENSPKIP00000006511	ENSPKIG00000022769	nfkbiaa
ENSEEEP00000055526	ENSEEEG00000025440	INSM2	ENSPKIP00000028132	ENSPKIG00000009894	insm2
ENSEEEP00000059237	ENSEEEG00000012264	chordc1b	ENSPKIP00000007077	ENSPKIG00000023107	chordc1b
ENSEEEP00000058603	ENSEEEG00000011221	saga	ENSPKIP00000032625	ENSPKIG00000012574	saga
ENSEEEP00000047974	ENSEEEG00000022603	psmb12	ENSPKIP00000000813	ENSPKIG00000019337	psmb12
ENSEEEP00000053177	ENSEEEG00000025965	SNX3	ENSPKIP00000033038	ENSPKIG00000012897	snx3
ENSEEEP00000039644	ENSEEEG00000018811		ENSPKIP00000017022	ENSPKIG00000003112	
ENSEEEP00000001444	ENSEEEG00000000741	RPA1	ENSPKIP00000025037	ENSPKIG00000008053	rpa1
ENSEEEP00000038173	ENSEEEG00000018144		ENSPKIP00000035736	ENSPKIG00000014571	
ENSEEEP00000010283	ENSEEEG00000005181	DIS3	ENSPKIP00000034680	ENSPKIG00000013775	dis3
ENSEEEP00000053783	ENSEEEG00000009696	GOLGA3	ENSPKIP00000028288	ENSPKIG00000009961	golga3
ENSEEEP00000019611	ENSEEEG00000009606	UBE4A	ENSPKIP00000011455	ENSPKIG00000018526	ube4a
ENSEEEP00000047970	ENSEEEG00000022573	psmb13a	ENSPKIP00000000773	ENSPKIG00000019313	psmb13a
ENSEEEP00000039123	ENSEEEG00000018581	ptcd1	ENSPKIP00000035214	ENSPKIG00000014215	ptcd1
ENSEEEP00000039639	ENSEEEG00000018809	rps6	ENSPKIP00000017212	ENSPKIG00000003224	rps6
ENSEEEP00000006709	ENSEEEG00000003553	ubtd1b	ENSPKIP00000038341	ENSPKIG00000016156	ubtd1b
ENSEEEP00000047180	ENSEEEG00000022203	GABPA	ENSPKIP00000029144	ENSPKIG00000010493	gabpa
ENSEEEP00000038172	ENSEEEG00000018066	RPS6KB2	ENSPKIP00000035659	ENSPKIG00000014443	RPS6KB2
ENSEEEP00000000061	ENSEEEG00000000029	drd4b	ENSPKIP00000016426	ENSPKIG00000002751	DRD4
ENSEEEP00000018864	ENSEEEG00000009258	LCMT1	ENSPKIP00000015748	ENSPKIG00000002333	lcmt1
ENSEEEP00000058387	ENSEEEG00000011609	ARMC2	ENSPKIP00000033098	ENSPKIG00000012931	armc2
ENSEEEP00000047930	ENSEEEG00000022568	psmb8a	ENSPKIP00000000729	ENSPKIG00000019279	psmb8a
ENSEEEP00000055712	ENSEEEG00000026567	KCNK16	ENSPKIP00000005776	ENSPKIG00000022316	KCNK16
ENSEEEP00000012040	ENSEEEG00000006070	KCNK17	ENSPKIP00000005742	ENSPKIG00000022301	kcnk17
ENSEEEP00000016968	ENSEEEG00000008409	CHCHD1	ENSPKIP00000025936	ENSPKIG00000008612	chchd1
ENSEEEP00000008864	ENSEEEG00000004574	C2orf68	ENSPKIP00000040921	ENSPKIG00000017698	si:ch211-283h6.4
ENSEEEP00000044385	ENSEEEG00000020959	CLIC4	ENSPKIP00000025246	ENSPKIG00000008185	clic4
ENSEEEP00000030978	ENSEEEG00000014821	ifit9	ENSPKIP00000010135	ENSPKIG00000024971	
ENSEEEP00000020308	ENSEEEG00000009846	SUPT3H	ENSPKIP00000036955	ENSPKIG00000015333	supt3h
ENSEEEP00000047928	ENSEEEG00000022567	tapbp.2	ENSPKIP00000001767	ENSPKIG00000019918	tapbp.2
ENSEEEP00000008996	ENSEEEG00000004643	si:dkey-191g9.5	ENSPKIP00000016321	ENSPKIG00000002664	si:dkey-191g9.5
ENSEEEP00000030977	ENSEEEG00000014819	ch25h	ENSPKIP00000010153	ENSPKIG00000024977	ch25h
ENSEEEP00000047924	ENSEEEG00000022564	DAXX	ENSPKIP00000001831	ENSPKIG00000019957	daxx
ENSEEEP00000009434	ENSEEEG00000004822	TMEM8B	ENSPKIP00000029779	ENSPKIG00000010830	si:ch73-337l15.1
ENSEEEP00000000073	ENSEEEG00000000040	SIRT3	ENSPKIP00000016764	ENSPKIG00000002937	sirt3
ENSEEEP00000047919	ENSEEEG00000022562	zbtb22b	ENSPKIP00000001932	ENSPKIG00000020013	zbtb22b
ENSEEEP00000032537	ENSEEEG00000015499	ETFDH	ENSPKIP00000011238	ENSPKIG00000018789	etfdh
ENSEEEP00000012024	ENSEEEG00000006063	GNMT	ENSPKIP00000005689	ENSPKIG00000022265	gnmt
ENSEEEP00000009393	ENSEEEG00000004804		ENSPKIP00000031941	ENSPKIG00000012182	
ENSEEEP00000001977	ENSEEEG00000001229	RER1	ENSPKIP00000031945	ENSPKIG00000012231	RER1
ENSEEEP00000044398	ENSEEEG00000020974		ENSPKIP00000025372	ENSPKIG00000008252	srrm1
ENSEEEP00000032402	ENSEEEG00000015450	fgfbp1b	ENSPKIP00000006806	ENSPKIG00000022941	fgfbp1a
ENSEEEP00000047917	ENSEEEG00000022560	KIFC1	ENSPKIP00000001990	ENSPKIG00000020054	kifc1
ENSEEEP00000039612	ENSEEEG00000018772	DNAJA1	ENSPKIP00000034113	ENSPKIG00000013569	dnaja1
ENSEEEP00000020926	ENSEEEG00000010202	FAM168B	ENSPKIP00000026911	ENSPKIG00000009192	fam168b
ENSEEEP00000000071	ENSEEEG00000000042	NOL7	ENSPKIP00000025191	ENSPKIG00000008152	nol7
ENSEEEP00000057033	ENSEEEG00000028232		ENSPKIP00000026178	ENSPKIG00000008768	
ENSEEEP00000012934	ENSEEEG00000006503	znf207b	ENSPKIP00000020675	ENSPKIG00000005356	znf207a
ENSEEEP00000023519	ENSEEEG00000011407	KBTBD8	ENSPKIP00000006222	ENSPKIG00000022588	kbtbd8
ENSEEEP00000009428	ENSEEEG00000004819	si:ch73-337l15.2	ENSPKIP00000029620	ENSPKIG00000010795	
ENSEEEP00000023153	ENSEEEG00000011223	cldn15la	ENSPKIP00000032780	ENSPKIG00000012740	cldn15la
ENSEEEP00000020150	ENSEEEG00000009839	CDC5L	ENSPKIP00000037085	ENSPKIG00000015398	cdc5l
ENSEEEP00000023912	ENSEEEG00000011606	CEP57L1	ENSPKIP00000033227	ENSPKIG00000013019	cep57l1
ENSEEEP00000008997	ENSEEEG00000004644	si:dkey-191g9.7	ENSPKIP00000016335	ENSPKIG00000002703	si:dkey-191g9.7
ENSEEEP00000000906	ENSEEEG00000000615	GMFG	ENSPKIP00000004774	ENSPKIG00000021738	GMFG
ENSEEEP00000039522	ENSEEEG00000018767	PATL1	ENSPKIP00000038456	ENSPKIG00000016224	patl1
ENSEEEP00000012937	ENSEEEG00000006504	RHBDL3	ENSPKIP00000020580	ENSPKIG00000005296	rhbdl3
ENSEEEP00000059161	ENSEEEG00000026666	SELENOM	ENSPKIP00000040810	ENSPKIG00000017624	selenom
ENSEEEP00000050119	ENSEEEG00000023577	EPDR1	ENSPKIP00000038427	ENSPKIG00000016214	epdr1
ENSEEEP00000058311	ENSEEEG00000025060	sprn	ENSPKIP00000040179	ENSPKIG00000017248	
ENSEEEP00000032393	ENSEEEG00000015443	BBS7	ENSPKIP00000034585	ENSPKIG00000013836	bbs7
ENSEEEP00000000627	ENSEEEG00000000445	si:ch211-235m3.5	ENSPKIP00000022091	ENSPKIG00000006238	si:ch211-235m3.5
ENSEEEP00000009009	ENSEEEG00000004646	MTG1	ENSPKIP00000040139	ENSPKIG00000017218	mtg1
ENSEEEP00000050116	ENSEEEG00000023573	STARD3NL	ENSPKIP00000038473	ENSPKIG00000016225	stard3nl
ENSEEEP00000008852	ENSEEEG00000004569	smtnb	ENSPKIP00000040591	ENSPKIG00000017489	
ENSEEEP00000033763	ENSEEEG00000015234	MTR	ENSPKIP00000015457	ENSPKIG00000002127	mtr
ENSEEEP00000000941	ENSEEEG00000000625	PAF1	ENSPKIP00000004695	ENSPKIG00000021679	paf1
ENSEEEP00000059319	ENSEEEG00000019682	CCDC69	ENSPKIP00000004773	ENSPKIG00000021737	
ENSEEEP00000010032	ENSEEEG00000004811	ARHGAP18	ENSPKIP00000031984	ENSPKIG00000012258	arhgap18
ENSEEEP00000045281	ENSEEEG00000021360	epdl2	ENSPKIP00000004303	ENSPKIG00000021470	epdl1
ENSEEEP00000046452	ENSEEEG00000021873	roraa	ENSPKIP00000007745	ENSPKIG00000023521	
ENSEEEP00000022421	ENSEEEG00000010887	NASP	ENSPKIP00000019149	ENSPKIG00000004431	NASP
ENSEEEP00000023898	ENSEEEG00000011601	rab32a	ENSPKIP00000034251	ENSPKIG00000013660	rab32a
ENSEEEP00000044983	ENSEEEG00000021236	CLDN18	ENSPKIP00000015617	ENSPKIG00000002275	CLDN18
ENSEEEP00000040554	ENSEEEG00000019129	DDX52	ENSPKIP00000033316	ENSPKIG00000013058	ddx52
ENSEEEP00000023895	ENSEEEG00000011598		ENSPKIP00000034230	ENSPKIG00000013635	
ENSEEEP00000019197	ENSEEEG00000009409	BMP4	ENSPKIP00000005185	ENSPKIG00000021967	bmp4
ENSEEEP00000045245	ENSEEEG00000021354	puraa	ENSPKIP00000003833	ENSPKIG00000021168	puraa
ENSEEEP00000049710	ENSEEEG00000023371		ENSPKIP00000005863	ENSPKIG00000022371	CCNO
ENSEEEP00000002877	ENSEEEG00000001643	FAM167B	ENSPKIP00000018826	ENSPKIG00000004244	fam167ab
ENSEEEP00000008106	ENSEEEG00000004227	C1QA	ENSPKIP00000037944	ENSPKIG00000015920	c1qa
ENSEEEP00000059534	ENSEEEG00000025231	zgc:100829	ENSPKIP00000003707	ENSPKIG00000021104	
ENSEEEP00000023169	ENSEEEG00000011235	crfb16	ENSPKIP00000032805	ENSPKIG00000012760	
ENSEEEP00000008105	ENSEEEG00000004225	C1QC	ENSPKIP00000037958	ENSPKIG00000015943	
ENSEEEP00000044990	ENSEEEG00000021237	hfm1	ENSPKIP00000018305	ENSPKIG00000003810	hfm1
ENSEEEP00000051170	ENSEEEG00000024024	FAM3A	ENSPKIP00000038419	ENSPKIG00000016195	fam3a
ENSEEEP00000013256	ENSEEEG00000006646	slain1a	ENSPKIP00000022672	ENSPKIG00000006586	slain1a
ENSEEEP00000046461	ENSEEEG00000021878	tsnax	ENSPKIP00000007795	ENSPKIG00000023546	tsnax
ENSEEEP00000023327	ENSEEEG00000011268	ZC3H15	ENSPKIP00000005468	ENSPKIG00000022132	zc3h15
ENSEEEP00000008103	ENSEEEG00000004223	BUD13	ENSPKIP00000038037	ENSPKIG00000015986	bud13
ENSEEEP00000009013	ENSEEEG00000004648	dna2	ENSPKIP00000025420	ENSPKIG00000008300	DNA2
ENSEEEP00000000645	ENSEEEG00000000294	rps24	ENSPKIP00000025467	ENSPKIG00000008331	rps24
ENSEEEP00000001998	ENSEEEG00000001241	WRAP73	ENSPKIP00000034362	ENSPKIG00000013725	wrap73
ENSEEEP00000036537	ENSEEEG00000017357	PAXBP1	ENSPKIP00000005039	ENSPKIG00000021866	paxbp1
ENSEEEP00000021634	ENSEEEG00000010527	FXN	ENSPKIP00000014524	ENSPKIG00000001566	fxn
ENSEEEP00000003486	ENSEEEG00000001931	ARL1	ENSPKIP00000023525	ENSPKIG00000007118	arl1
ENSEEEP00000000947	ENSEEEG00000000643	socs9	ENSPKIP00000004895	ENSPKIG00000021804	socs9
ENSEEEP00000035298	ENSEEEG00000016802	CACUL1	ENSPKIP00000020147	ENSPKIG00000005023	cacul1
ENSEEEP00000032386	ENSEEEG00000015439	CCNA2	ENSPKIP00000034632	ENSPKIG00000013895	ccna2
ENSEEEP00000021501	ENSEEEG00000010479	si:ch211-269k10.5	ENSPKIP00000001398	ENSPKIG00000019714	si:ch211-269k10.5
ENSEEEP00000032514	ENSEEEG00000015502	zc3h11a	ENSPKIP00000033877	ENSPKIG00000013419	zc3h11a
ENSEEEP00000061173	ENSEEEG00000005252	THOC2	ENSPKIP00000004799	ENSPKIG00000021719	thoc2
ENSEEEP00000062811	ENSEEEG00000008265	mrpl42	ENSPKIP00000010939	ENSPKIG00000025457	mrpl42
ENSEEEP00000008101	ENSEEEG00000004220		ENSPKIP00000014678	ENSPKIG00000001665	
ENSEEEP00000056211	ENSEEEG00000019663	COG6	ENSPKIP00000016208	ENSPKIG00000002612	cog6
ENSEEEP00000041463	ENSEEEG00000019608	TMED8	ENSPKIP00000017278	ENSPKIG00000003262	
ENSEEEP00000032519	ENSEEEG00000015506	MAF1	ENSPKIP00000038361	ENSPKIG00000016165	maf1a
ENSEEEP00000032380	ENSEEEG00000015437	TMEM33	ENSPKIP00000021449	ENSPKIG00000005840	tmem33
ENSEEEP00000035306	ENSEEEG00000016808	SIRT1	ENSPKIP00000019993	ENSPKIG00000004943	
ENSEEEP00000062106	ENSEEEG00000011237	fgf12a	ENSPKIP00000032953	ENSPKIG00000012832	fgf12a
ENSEEEP00000013254	ENSEEEG00000006644		ENSPKIP00000022722	ENSPKIG00000006624	
ENSEEEP00000041465	ENSEEEG00000019609	HOXB6	ENSPKIP00000017293	ENSPKIG00000003272	
ENSEEEP00000062408	ENSEEEG00000022226	CDC16	ENSPKIP00000017967	ENSPKIG00000003669	cdc16
ENSEEEP00000016642	ENSEEEG00000008215	TMEM30B	ENSPKIP00000035684	ENSPKIG00000014541	tmem30b
ENSEEEP00000002011	ENSEEEG00000001250	TPRG1L	ENSPKIP00000034470	ENSPKIG00000013784	tprg1l
ENSEEEP00000032376	ENSEEEG00000015423	cryba1l1	ENSPKIP00000025445	ENSPKIG00000008317	cryba1l2
ENSEEEP00000064333	ENSEEEG00000026517	TRIB3	ENSPKIP00000038317	ENSPKIG00000016140	trib3
ENSEEEP00000054956	ENSEEEG00000029053	BTG2	ENSPKIP00000037135	ENSPKIG00000015441	btg2
ENSEEEP00000006326	ENSEEEG00000003364	psmb11b	ENSPKIP00000028516	ENSPKIG00000010142	PSMB11
ENSEEEP00000022404	ENSEEEG00000010880	TMEM69	ENSPKIP00000019026	ENSPKIG00000004362	tmem69
ENSEEEP00000041468	ENSEEEG00000019610	GSX2	ENSPKIP00000017317	ENSPKIG00000003283	gsx2
ENSEEEP00000055900	ENSEEEG00000028388	zgc:101559	ENSPKIP00000033830	ENSPKIG00000013397	zgc:101559
ENSEEEP00000006329	ENSEEEG00000003366	si:dkey-24p1.6	ENSPKIP00000037012	ENSPKIG00000015363	
ENSEEEP00000039108	ENSEEEG00000018573	FBXL18	ENSPKIP00000029029	ENSPKIG00000010437	fbxl18
ENSEEEP00000008095	ENSEEEG00000004214		ENSPKIP00000038109	ENSPKIG00000016023	
ENSEEEP00000058955	ENSEEEG00000026500	SOX12	ENSPKIP00000039801	ENSPKIG00000017022	sox12
ENSEEEP00000023507	ENSEEEG00000011400	SLC25A26	ENSPKIP00000006343	ENSPKIG00000022646	
ENSEEEP00000013248	ENSEEEG00000006639	RGCC	ENSPKIP00000022945	ENSPKIG00000006755	rgcc
ENSEEEP00000003489	ENSEEEG00000001937	tnnt2e	ENSPKIP00000029483	ENSPKIG00000010693	tnnt2d
ENSEEEP00000016164	ENSEEEG00000008006	pnp4a	ENSPKIP00000039817	ENSPKIG00000017033	pnp4a
ENSEEEP00000049703	ENSEEEG00000023368	ISCA1	ENSPKIP00000005744	ENSPKIG00000022298	isca1
ENSEEEP00000032352	ENSEEEG00000015421	crybb1l1	ENSPKIP00000025464	ENSPKIG00000008334	
ENSEEEP00000031855	ENSEEEG00000015212	zgc:162255	ENSPKIP00000020577	ENSPKIG00000005293	zgc:162255
ENSEEEP00000062659	ENSEEEG00000028713		ENSPKIP00000000537	ENSPKIG00000019167	
ENSEEEP00000003492	ENSEEEG00000001938		ENSPKIP00000014449	ENSPKIG00000001488	
ENSEEEP00000045008	ENSEEEG00000021240	znf644a	ENSPKIP00000017990	ENSPKIG00000003708	znf644b
ENSEEEP00000016165	ENSEEEG00000008007	c20h20orf96	ENSPKIP00000039852	ENSPKIG00000017055	
ENSEEEP00000001188	ENSEEEG00000000806		ENSPKIP00000021296	ENSPKIG00000005761	
ENSEEEP00000014034	ENSEEEG00000006958	SIDT2	ENSPKIP00000012148	ENSPKIG00000000026	sidt2
ENSEEEP00000064629	ENSEEEG00000015207	arl3l2	ENSPKIP00000020490	ENSPKIG00000005234	arl8a
ENSEEEP00000057242	ENSEEEG00000009636	C1QTNF5	ENSPKIP00000041703	ENSPKIG00000018154	c1qtnf5
ENSEEEP00000049691	ENSEEEG00000023348	PSAT1	ENSPKIP00000003896	ENSPKIG00000021208	psat1
ENSEEEP00000054146	ENSEEEG00000026087	ZNF804A	ENSPKIP00000005408	ENSPKIG00000022091	znf804a
ENSEEEP00000034683	ENSEEEG00000016440	LARP4B	ENSPKIP00000032171	ENSPKIG00000012368	
ENSEEEP00000055733	ENSEEEG00000008175	cnbpb	ENSPKIP00000009518	ENSPKIG00000024603	cnbpb
ENSEEEP00000002900	ENSEEEG00000001658	CA12	ENSPKIP00000023847	ENSPKIG00000007299	
ENSEEEP00000035312	ENSEEEG00000016811	DNAJC12	ENSPKIP00000020076	ENSPKIG00000004969	dnajc12
ENSEEEP00000009016	ENSEEEG00000004649	PBLD	ENSPKIP00000025472	ENSPKIG00000008337	pbld2
ENSEEEP00000060248	ENSEEEG00000008426	kazald3	ENSPKIP00000010091	ENSPKIG00000024942	kazald3
ENSEEEP00000045540	ENSEEEG00000021491	NUP35	ENSPKIP00000005364	ENSPKIG00000022051	nup35
ENSEEEP00000040799	ENSEEEG00000019330	noxa1	ENSPKIP00000017407	ENSPKIG00000003336	noxa1
ENSEEEP00000029436	ENSEEEG00000014093	twist1b	ENSPKIP00000025468	ENSPKIG00000008335	twist1b
ENSEEEP00000008819	ENSEEEG00000004558	GPATCH11	ENSPKIP00000008658	ENSPKIG00000024060	gpatch11
ENSEEEP00000057179	ENSEEEG00000009639	RNF26	ENSPKIP00000000504	ENSPKIG00000019146	rnf26
ENSEEEP00000030381	ENSEEEG00000014366	PSMD14	ENSPKIP00000033211	ENSPKIG00000012919	psmd14
ENSEEEP00000016166	ENSEEEG00000008008	REM1	ENSPKIP00000039906	ENSPKIG00000017079	rem1
ENSEEEP00000031839	ENSEEEG00000015202	ELF3	ENSPKIP00000019388	ENSPKIG00000004584	
ENSEEEP00000029494	ENSEEEG00000014099	hdac9b	ENSPKIP00000025534	ENSPKIG00000008372	hdac9b
ENSEEEP00000031838	ENSEEEG00000015201	apobec2a	ENSPKIP00000019659	ENSPKIG00000004741	apobec2b
ENSEEEP00000009017	ENSEEEG00000004650	KMO	ENSPKIP00000038383	ENSPKIG00000016167	KMO
ENSEEEP00000023886	ENSEEEG00000011595	SAMD5	ENSPKIP00000034098	ENSPKIG00000013570	SAMD5
ENSEEEP00000047836	ENSEEEG00000022516		ENSPKIP00000014822	ENSPKIG00000001739	si:dkeyp-77h1.4
ENSEEEP00000031837	ENSEEEG00000015199		ENSPKIP00000014331	ENSPKIG00000001433	
ENSEEEP00000006439	ENSEEEG00000003407	GDF2	ENSPKIP00000038647	ENSPKIG00000016271	gdf2
ENSEEEP00000052905	ENSEEEG00000026357	SHFL	ENSPKIP00000009468	ENSPKIG00000024569	
ENSEEEP00000008821	ENSEEEG00000004560	EIF2AK2	ENSPKIP00000008618	ENSPKIG00000024036	eif2ak2
ENSEEEP00000055910	ENSEEEG00000027995		ENSPKIP00000038224	ENSPKIG00000016092	
ENSEEEP00000016495	ENSEEEG00000008173	isy1	ENSPKIP00000009499	ENSPKIG00000024592	isy1
ENSEEEP00000031826	ENSEEEG00000015196	srsf3b	ENSPKIP00000014303	ENSPKIG00000001408	
ENSEEEP00000011924	ENSEEEG00000006010	TFB1M	ENSPKIP00000003749	ENSPKIG00000021117	tfb1m
ENSEEEP00000060121	ENSEEEG00000003370	PRDM5	ENSPKIP00000037235	ENSPKIG00000015492	prdm5
ENSEEEP00000003497	ENSEEEG00000001939	tnni4a	ENSPKIP00000014296	ENSPKIG00000001406	
ENSEEEP00000010181	ENSEEEG00000005169	BORA	ENSPKIP00000020338	ENSPKIG00000005158	bora
ENSEEEP00000045046	ENSEEEG00000021249	GTF2B	ENSPKIP00000017868	ENSPKIG00000003604	gtf2b
ENSEEEP00000058257	ENSEEEG00000025138	si:dkeyp-121d2.7	ENSPKIP00000002426	ENSPKIG00000020324	
ENSEEEP00000041220	ENSEEEG00000019507	BRD7	ENSPKIP00000020575	ENSPKIG00000005303	brd7
ENSEEEP00000055968	ENSEEEG00000022514	TIMD4	ENSPKIP00000038525	ENSPKIG00000016267	tcf19l
ENSEEEP00000050891	ENSEEEG00000023905	snapc1a	ENSPKIP00000011314	ENSPKIG00000018455	SNAPC1
ENSEEEP00000053313	ENSEEEG00000027234	CLDN20	ENSPKIP00000003810	ENSPKIG00000021154	CLDN20
ENSEEEP00000002854	ENSEEEG00000001460	USP3	ENSPKIP00000012874	ENSPKIG00000000507	usp3
ENSEEEP00000029055	ENSEEEG00000013940	SDHC	ENSPKIP00000037980	ENSPKIG00000015959	sdhc
ENSEEEP00000008052	ENSEEEG00000004126	CHEK1	ENSPKIP00000038398	ENSPKIG00000016169	chek1
ENSEEEP00000021523	ENSEEEG00000010487	NHLRC1	ENSPKIP00000001460	ENSPKIG00000019753	NHLRC1
ENSEEEP00000006336	ENSEEEG00000003371	NDNF	ENSPKIP00000037277	ENSPKIG00000015515	ndnf
ENSEEEP00000015843	ENSEEEG00000007833	SNRPB	ENSPKIP00000016611	ENSPKIG00000002865	snrpb
ENSEEEP00000016483	ENSEEEG00000008168	RAB43	ENSPKIP00000009452	ENSPKIG00000024563	rab43
ENSEEEP00000062954	ENSEEEG00000025888	cadm3	ENSPKIP00000037862	ENSPKIG00000015887	cadm3
ENSEEEP00000061976	ENSEEEG00000026775	MIF	ENSPKIP00000002400	ENSPKIG00000020304	mif
ENSEEEP00000023211	ENSEEEG00000011253	CWC25	ENSPKIP00000023516	ENSPKIG00000007116	cwc25
ENSEEEP00000031815	ENSEEEG00000015194	CDKN1A	ENSPKIP00000020035	ENSPKIG00000004968	
ENSEEEP00000029833	ENSEEEG00000014296	H2AX	ENSPKIP00000000040	ENSPKIG00000018792	h2ax
ENSEEEP00000009023	ENSEEEG00000004651	opn3	ENSPKIP00000038435	ENSPKIG00000016215	opn3
ENSEEEP00000016477	ENSEEEG00000008163	NUF2	ENSPKIP00000009428	ENSPKIG00000024545	nuf2
ENSEEEP00000006400	ENSEEEG00000002340	PIKFYVE	ENSPKIP00000013681	ENSPKIG00000000993	pikfyve
ENSEEEP00000050894	ENSEEEG00000023906	si:ch211-212g7.6	ENSPKIP00000001236	ENSPKIG00000019609	sgpp1a
ENSEEEP00000032172	ENSEEEG00000015345		ENSPKIP00000024499	ENSPKIG00000007722	
ENSEEEP00000010178	ENSEEEG00000005168	MZT1	ENSPKIP00000020314	ENSPKIG00000005138	mzt1
ENSEEEP00000057946	ENSEEEG00000009222	INTS3	ENSPKIP00000035880	ENSPKIG00000014552	ints3
ENSEEEP00000008436	ENSEEEG00000004401	ARV1	ENSPKIP00000037657	ENSPKIG00000015750	arv1
ENSEEEP00000049314	ENSEEEG00000023180	NKD1	ENSPKIP00000012207	ENSPKIG00000000079	nkd1
ENSEEEP00000010549	ENSEEEG00000005260	RPS27	ENSPKIP00000035607	ENSPKIG00000014499	
ENSEEEP00000029831	ENSEEEG00000014295	C2CD2L	ENSPKIP00000011757	ENSPKIG00000018699	c2cd2l
ENSEEEP00000039572	ENSEEEG00000018788	si:ch211-194b1.1	ENSPKIP00000025385	ENSPKIG00000008281	wizb
ENSEEEP00000056274	ENSEEEG00000028880	FAM89A	ENSPKIP00000037697	ENSPKIG00000015776	fam89a
ENSEEEP00000008438	ENSEEEG00000004403	SPRTN	ENSPKIP00000037735	ENSPKIG00000015797	sprtn
ENSEEEP00000028477	ENSEEEG00000013687		ENSPKIP00000039572	ENSPKIG00000016885	
ENSEEEP00000015848	ENSEEEG00000007834	SNORC	ENSPKIP00000016640	ENSPKIG00000002875	
ENSEEEP00000001043	ENSEEEG00000000694	DPH1	ENSPKIP00000025164	ENSPKIG00000008137	dph1
ENSEEEP00000032167	ENSEEEG00000015342	CLP1	ENSPKIP00000024445	ENSPKIG00000007697	CLP1
ENSEEEP00000016462	ENSEEEG00000008151	ATRIP	ENSPKIP00000010345	ENSPKIG00000025096	atrip
ENSEEEP00000047776	ENSEEEG00000022482	NUP93	ENSPKIP00000005758	ENSPKIG00000022268	nup93
ENSEEEP00000008442	ENSEEEG00000004405	EXOC8	ENSPKIP00000037753	ENSPKIG00000015813	exoc8
ENSEEEP00000020505	ENSEEEG00000010013	STEAP2	ENSPKIP00000030603	ENSPKIG00000011399	steap2
ENSEEEP00000029830	ENSEEEG00000014292	DPAGT1	ENSPKIP00000000764	ENSPKIG00000019260	dpagt1
ENSEEEP00000007330	ENSEEEG00000003850	GFI1B	ENSPKIP00000024359	ENSPKIG00000007643	gfi1b
ENSEEEP00000047259	ENSEEEG00000022242	P2RY8	ENSPKIP00000019040	ENSPKIG00000004374	p2ry8
ENSEEEP00000001815	ENSEEEG00000001146	rhoaa	ENSPKIP00000024019	ENSPKIG00000007429	rhoac
ENSEEEP00000016581	ENSEEEG00000008207	KDM1A	ENSPKIP00000035773	ENSPKIG00000014589	kdm1a
ENSEEEP00000000270	ENSEEEG00000000199		ENSPKIP00000008429	ENSPKIG00000023926	
ENSEEEP00000049332	ENSEEEG00000023185	NOD2	ENSPKIP00000005878	ENSPKIG00000022380	nod2
ENSEEEP00000015832	ENSEEEG00000007816	DDX27	ENSPKIP00000016548	ENSPKIG00000002802	ddx27
ENSEEEP00000031808	ENSEEEG00000015191	med20	ENSPKIP00000014098	ENSPKIG00000001295	MED20
ENSEEEP00000047270	ENSEEEG00000022244	ASMTL	ENSPKIP00000019003	ENSPKIG00000004335	asmtl
ENSEEEP00000010380	ENSEEEG00000005258	rab13	ENSPKIP00000035702	ENSPKIG00000014528	
ENSEEEP00000019017	ENSEEEG00000009330	GGPS1	ENSPKIP00000026975	ENSPKIG00000009234	ggps1
ENSEEEP00000001818	ENSEEEG00000001150	RBM10	ENSPKIP00000023921	ENSPKIG00000007372	rbm10
ENSEEEP00000020492	ENSEEEG00000010005	c1ql3a	ENSPKIP00000017727	ENSPKIG00000003527	c1ql3a
ENSEEEP00000029827	ENSEEEG00000014290	HINFP	ENSPKIP00000011662	ENSPKIG00000018654	hinfp
ENSEEEP00000057353	ENSEEEG00000027743	BYSL	ENSPKIP00000014058	ENSPKIG00000001265	bysl
ENSEEEP00000023227	ENSEEEG00000011261	MFF	ENSPKIP00000001231	ENSPKIG00000019586	
ENSEEEP00000023233	ENSEEEG00000011263	BPNT2	ENSPKIP00000021126	ENSPKIG00000005646	BPNT2
ENSEEEP00000020488	ENSEEEG00000010004	RSU1	ENSPKIP00000024067	ENSPKIG00000007464	rsu1
ENSEEEP00000016547	ENSEEEG00000008201	cxcl8a	ENSPKIP00000038549	ENSPKIG00000016274	
ENSEEEP00000019718	ENSEEEG00000009648	CCDC153	ENSPKIP00000021088	ENSPKIG00000005633	drc12
ENSEEEP00000055677	ENSEEEG00000005257	si:dkey-7f3.9	ENSPKIP00000035751	ENSPKIG00000014582	fam189b
ENSEEEP00000059213	ENSEEEG00000026986	si:ch73-138n13.1	ENSPKIP00000010387	ENSPKIG00000025128	
ENSEEEP00000063195	ENSEEEG00000025502	LHFPL6	ENSPKIP00000016083	ENSPKIG00000002568	LHFPL6
ENSEEEP00000001008	ENSEEEG00000000685	TSR1	ENSPKIP00000034791	ENSPKIG00000013972	tsr1
ENSEEEP00000056792	ENSEEEG00000028046	UBAC2	ENSPKIP00000020241	ENSPKIG00000005076	ubac2
ENSEEEP00000023237	ENSEEEG00000011267	sdr16c5a	ENSPKIP00000020958	ENSPKIG00000005543	sdr16c5a
ENSEEEP00000039673	ENSEEEG00000018792	pglyrp6	ENSPKIP00000023052	ENSPKIG00000006826	pglyrp6
ENSEEEP00000029001	ENSEEEG00000013910	DNAJC19	ENSPKIP00000035055	ENSPKIG00000014152	dnajc19
ENSEEEP00000008461	ENSEEEG00000004416	zgc:194224	ENSPKIP00000037863	ENSPKIG00000015891	fsaf1
ENSEEEP00000061660	ENSEEEG00000028148		ENSPKIP00000000364	ENSPKIG00000019057	
ENSEEEP00000041558	ENSEEEG00000019656	NEK3	ENSPKIP00000016058	ENSPKIG00000002547	NEK3
ENSEEEP00000013134	ENSEEEG00000005805	VWA8	ENSPKIP00000023256	ENSPKIG00000006831	vwa8
ENSEEEP00000010149	ENSEEEG00000005148	cabz01076234.2	ENSPKIP00000021474	ENSPKIG00000005844	
ENSEEEP00000010371	ENSEEEG00000005255	NBN	ENSPKIP00000012676	ENSPKIG00000000399	nbn
ENSEEEP00000023867	ENSEEEG00000011581	SLC22A16	ENSPKIP00000033905	ENSPKIG00000013446	slc22a16
ENSEEEP00000002214	ENSEEEG00000001350	C1QTNF7	ENSPKIP00000022298	ENSPKIG00000006363	c1qtnf7
ENSEEEP00000035426	ENSEEEG00000016873		ENSPKIP00000021562	ENSPKIG00000005910	
ENSEEEP00000028164	ENSEEEG00000013555	BTD	ENSPKIP00000012084	ENSPKIG00000025675	btd
ENSEEEP00000020075	ENSEEEG00000009694	mcm8	ENSPKIP00000037519	ENSPKIG00000015648	mcm8
ENSEEEP00000049630	ENSEEEG00000023338	SRA1	ENSPKIP00000001055	ENSPKIG00000019491	sra1
ENSEEEP00000019005	ENSEEEG00000009317	GNG4	ENSPKIP00000026601	ENSPKIG00000009012	GNG4
ENSEEEP00000018831	ENSEEEG00000009252	dtnbp1b	ENSPKIP00000016801	ENSPKIG00000002974	dtnbp1b
ENSEEEP00000010168	ENSEEEG00000005158	tra2b	ENSPKIP00000027997	ENSPKIG00000009810	tra2b
ENSEEEP00000047328	ENSEEEG00000022282		ENSPKIP00000020305	ENSPKIG00000005136	
ENSEEEP00000009034	ENSEEEG00000004655	RMDN2	ENSPKIP00000026353	ENSPKIG00000008860	
ENSEEEP00000002204	ENSEEEG00000001322	CC2D2A	ENSPKIP00000022207	ENSPKIG00000006303	cc2d2a
ENSEEEP00000047331	ENSEEEG00000022284	SHOX	ENSPKIP00000020275	ENSPKIG00000005101	shox
ENSEEEP00000023865	ENSEEEG00000011578	METTL24	ENSPKIP00000033860	ENSPKIG00000013414	METTL24
ENSEEEP00000010363	ENSEEEG00000005249	OSGIN2	ENSPKIP00000012659	ENSPKIG00000000385	osgin2
ENSEEEP00000000987	ENSEEEG00000000672	si:dkey-54n8.2	ENSPKIP00000034920	ENSPKIG00000014069	tp53i13
ENSEEEP00000015165	ENSEEEG00000007558	CLSPN	ENSPKIP00000006322	ENSPKIG00000022647	CLSPN
ENSEEEP00000000957	ENSEEEG00000000564	mmp20b	ENSPKIP00000033026	ENSPKIG00000012852	mmp20b
ENSEEEP00000032026	ENSEEEG00000015281	si:dkey-6i22.5	ENSPKIP00000013956	ENSPKIG00000001164	si:dkey-6i22.5
ENSEEEP00000049622	ENSEEEG00000023329	unga	ENSPKIP00000040728	ENSPKIG00000017575	UNG
ENSEEEP00000022373	ENSEEEG00000010867	etaa1b	ENSPKIP00000019775	ENSPKIG00000004813	
ENSEEEP00000032019	ENSEEEG00000015276	med19a	ENSPKIP00000037346	ENSPKIG00000015554	MED19
ENSEEEP00000035433	ENSEEEG00000016875	C11orf68	ENSPKIP00000024205	ENSPKIG00000007550	zgc:63470
ENSEEEP00000057628	ENSEEEG00000025224	C1D	ENSPKIP00000019895	ENSPKIG00000004877	c1d
ENSEEEP00000047790	ENSEEEG00000022489	mt2	ENSPKIP00000005981	ENSPKIG00000022445	mt2
ENSEEEP00000029499	ENSEEEG00000014128	TMEM80	ENSPKIP00000041263	ENSPKIG00000017885	TMEM80
ENSEEEP00000020447	ENSEEEG00000009911	CUBN	ENSPKIP00000018011	ENSPKIG00000003626	cubn
ENSEEEP00000064331	ENSEEEG00000028014	DRAP1	ENSPKIP00000001237	ENSPKIG00000019601	drap1
ENSEEEP00000060396	ENSEEEG00000025097	SLC29A3	ENSPKIP00000022403	ENSPKIG00000006422	slc29a3
ENSEEEP00000044515	ENSEEEG00000021029	WASF1	ENSPKIP00000033621	ENSPKIG00000013254	wasf1
ENSEEEP00000013305	ENSEEEG00000006663	LUZP1	ENSPKIP00000035907	ENSPKIG00000014679	luzp1
ENSEEEP00000047799	ENSEEEG00000022495	bbs2	ENSPKIP00000015369	ENSPKIG00000002095	bbs2
ENSEEEP00000059933	ENSEEEG00000028979		ENSPKIP00000006365	ENSPKIG00000022675	
ENSEEEP00000044513	ENSEEEG00000021028	GPR6	ENSPKIP00000033554	ENSPKIG00000013224	gpr6
ENSEEEP00000022526	ENSEEEG00000010935	rxylt1	ENSPKIP00000031197	ENSPKIG00000011774	rxylt1
ENSEEEP00000015168	ENSEEEG00000007564	PSMB2	ENSPKIP00000006386	ENSPKIG00000022685	psmb2
ENSEEEP00000000172	ENSEEEG00000000131	ZCCHC24	ENSPKIP00000025773	ENSPKIG00000008523	zcchc24
ENSEEEP00000011900	ENSEEEG00000005997	SCAF8	ENSPKIP00000003899	ENSPKIG00000021212	SCAF8
ENSEEEP00000017987	ENSEEEG00000008863	YPEL1	ENSPKIP00000033019	ENSPKIG00000012882	
ENSEEEP00000013299	ENSEEEG00000006662	ptafr	ENSPKIP00000035585	ENSPKIG00000014490	ptafr
ENSEEEP00000058350	ENSEEEG00000003617		ENSPKIP00000026563	ENSPKIG00000008958	
ENSEEEP00000035262	ENSEEEG00000016770	rps12	ENSPKIP00000008825	ENSPKIG00000024161	rps12
ENSEEEP00000022522	ENSEEEG00000010933	C19orf12	ENSPKIP00000019124	ENSPKIG00000004426	C19orf12
ENSEEEP00000015173	ENSEEEG00000007566	TFAP2E	ENSPKIP00000006426	ENSPKIG00000022714	tfap2e
ENSEEEP00000001254	ENSEEEG00000000732	KIAA0895L	ENSPKIP00000020421	ENSPKIG00000005210	kiaa0895l
ENSEEEP00000055510	ENSEEEG00000010989	PACRG	ENSPKIP00000035571	ENSPKIG00000014473	pacrg
ENSEEEP00000049614	ENSEEEG00000023328	ALKBH2	ENSPKIP00000010362	ENSPKIG00000025109	alkbh2
ENSEEEP00000024438	ENSEEEG00000011856	pard6gb	ENSPKIP00000016707	ENSPKIG00000002917	pard6gb
ENSEEEP00000049613	ENSEEEG00000023327	BCL7A	ENSPKIP00000008141	ENSPKIG00000023772	bcl7a
ENSEEEP00000000699	ENSEEEG00000000345	mmp20a	ENSPKIP00000032762	ENSPKIG00000012694	mmp20a
ENSEEEP00000058398	ENSEEEG00000025181	si:ch211-150o23.3	ENSPKIP00000009175	ENSPKIG00000024388	
ENSEEEP00000063603	ENSEEEG00000021024	FIG4	ENSPKIP00000033529	ENSPKIG00000013189	FIG4
ENSEEEP00000022520	ENSEEEG00000010931		ENSPKIP00000002740	ENSPKIG00000020521	
ENSEEEP00000016438	ENSEEEG00000008139	NFS1	ENSPKIP00000040295	ENSPKIG00000017289	nfs1
ENSEEEP00000024436	ENSEEEG00000011855	BLOC1S4	ENSPKIP00000016649	ENSPKIG00000002886	bloc1s4
ENSEEEP00000061376	ENSEEEG00000025378	SH3BGRL3	ENSPKIP00000008811	ENSPKIG00000024153	zgc:153284
ENSEEEP00000010351	ENSEEEG00000005241	GTPBP10	ENSPKIP00000012621	ENSPKIG00000000352	gtpbp10
ENSEEEP00000000140	ENSEEEG00000000102	si:dkey-275b16.2	ENSPKIP00000040097	ENSPKIG00000017191	paox
ENSEEEP00000053927	ENSEEEG00000027615	SH3BGRL2	ENSPKIP00000008802	ENSPKIG00000024140	sh3bgrl2
ENSEEEP00000023252	ENSEEEG00000011274	lhx8a	ENSPKIP00000027906	ENSPKIG00000009750	lhx8a
ENSEEEP00000051292	ENSEEEG00000024065	si:ch211-57i17.1	ENSPKIP00000033289	ENSPKIG00000013046	fez2a
ENSEEEP00000048870	ENSEEEG00000022982	tcima	ENSPKIP00000012136	ENSPKIG00000000036	tcima
ENSEEEP00000016990	ENSEEEG00000008418	RSPH14	ENSPKIP00000003124	ENSPKIG00000020758	rsph14
ENSEEEP00000015174	ENSEEEG00000007567	NCDN	ENSPKIP00000006470	ENSPKIG00000022739	ncdn
ENSEEEP00000028157	ENSEEEG00000013552	MTURN	ENSPKIP00000004647	ENSPKIG00000021668	MTURN
ENSEEEP00000058555	ENSEEEG00000011852	ASNS	ENSPKIP00000028903	ENSPKIG00000010350	asns
ENSEEEP00000048869	ENSEEEG00000022981	zmat4b	ENSPKIP00000012154	ENSPKIG00000000048	zmat4a
ENSEEEP00000051307	ENSEEEG00000024075	SLC35A1	ENSPKIP00000041214	ENSPKIG00000017861	slc35a1
ENSEEEP00000022518	ENSEEEG00000010929	TAT	ENSPKIP00000019185	ENSPKIG00000004444	tat
ENSEEEP00000015904	ENSEEEG00000007867	zgc:114119	ENSPKIP00000005632	ENSPKIG00000022225	zgc:114119
ENSEEEP00000055086	ENSEEEG00000010803	PSAP	ENSPKIP00000022462	ENSPKIG00000006454	psap
ENSEEEP00000021239	ENSEEEG00000010348	PHAF1	ENSPKIP00000015251	ENSPKIG00000002016	phaf1
ENSEEEP00000028155	ENSEEEG00000013550	ggcta	ENSPKIP00000004601	ENSPKIG00000021643	ggcta
ENSEEEP00000025623	ENSEEEG00000012430	mtnr1bb	ENSPKIP00000025906	ENSPKIG00000008595	mtnr1bb
ENSEEEP00000053478	ENSEEEG00000029154	BAG4	ENSPKIP00000015027	ENSPKIG00000001876	bag4
ENSEEEP00000000151	ENSEEEG00000000112	LCA5	ENSPKIP00000008756	ENSPKIG00000024115	lca5
ENSEEEP00000028150	ENSEEEG00000013549	SNRPD1	ENSPKIP00000018410	ENSPKIG00000003985	SNRPD1
ENSEEEP00000036717	ENSEEEG00000017431	TVP23A	ENSPKIP00000032601	ENSPKIG00000012636	TVP23A
ENSEEEP00000041552	ENSEEEG00000019655	lpar6a	ENSPKIP00000004960	ENSPKIG00000021838	lpar6a
ENSEEEP00000039849	ENSEEEG00000018895	LSM1	ENSPKIP00000000946	ENSPKIG00000019409	LSM1
ENSEEEP00000025625	ENSEEEG00000012433	timm10b	ENSPKIP00000033704	ENSPKIG00000013319	timm10b
ENSEEEP00000058663	ENSEEEG00000028246	FOXL1	ENSPKIP00000018571	ENSPKIG00000004082	foxl1
ENSEEEP00000049608	ENSEEEG00000023325	wdr66	ENSPKIP00000008129	ENSPKIG00000023760	cfap251
ENSEEEP00000032001	ENSEEEG00000015273	CLCF1	ENSPKIP00000024297	ENSPKIG00000007613	clcf1
ENSEEEP00000051359	ENSEEEG00000024085	RARS2	ENSPKIP00000041252	ENSPKIG00000017877	rars2
ENSEEEP00000024429	ENSEEEG00000011851	TAC1	ENSPKIP00000028946	ENSPKIG00000010384	tac1
ENSEEEP00000064459	ENSEEEG00000023201	TOX3	ENSPKIP00000005625	ENSPKIG00000022220	tox3
ENSEEEP00000000133	ENSEEEG00000000095	HMGN3	ENSPKIP00000008735	ENSPKIG00000024106	HMGN3
ENSEEEP00000023257	ENSEEEG00000011277	TYW3	ENSPKIP00000027965	ENSPKIG00000009802	tyw3
ENSEEEP00000022515	ENSEEEG00000010926	zgc:56622	ENSPKIP00000019113	ENSPKIG00000004405	zgc:56622
ENSEEEP00000021232	ENSEEEG00000010345	zgc:91860	ENSPKIP00000018501	ENSPKIG00000003996	kiaa0513
ENSEEEP00000015896	ENSEEEG00000007860	tpmt.1	ENSPKIP00000000507	ENSPKIG00000019144	tpmt.2
ENSEEEP00000061628	ENSEEEG00000000225	NPAT	ENSPKIP00000032581	ENSPKIG00000012627	npat
ENSEEEP00000023262	ENSEEEG00000011278	CRYZ	ENSPKIP00000028003	ENSPKIG00000009817	cryz
ENSEEEP00000027748	ENSEEEG00000013359	LRRC57	ENSPKIP00000006198	ENSPKIG00000022580	lrrc57
ENSEEEP00000057991	ENSEEEG00000025305	SDHAF3	ENSPKIP00000028991	ENSPKIG00000010418	sdhaf3
ENSEEEP00000007894	ENSEEEG00000004124	CFAP53	ENSPKIP00000002272	ENSPKIG00000020233	cfap53
ENSEEEP00000041542	ENSEEEG00000019647	CYSLTR2	ENSPKIP00000005072	ENSPKIG00000021903	CYSLTR2
ENSEEEP00000022509	ENSEEEG00000010925	KLHL36	ENSPKIP00000019041	ENSPKIG00000004368	klhl36
ENSEEEP00000015891	ENSEEEG00000007858	SDC2	ENSPKIP00000000377	ENSPKIG00000019071	sdc2
ENSEEEP00000049605	ENSEEEG00000023324	psmd9	ENSPKIP00000008105	ENSPKIG00000023747	psmd9
ENSEEEP00000001831	ENSEEEG00000001157		ENSPKIP00000037361	ENSPKIG00000015566	
ENSEEEP00000060956	ENSEEEG00000028017		ENSPKIP00000039932	ENSPKIG00000017091	
ENSEEEP00000023270	ENSEEEG00000011281		ENSPKIP00000028224	ENSPKIG00000009952	
ENSEEEP00000027757	ENSEEEG00000013362	il17a/f2	ENSPKIP00000024237	ENSPKIG00000007579	
ENSEEEP00000022507	ENSEEEG00000010923	COTL1	ENSPKIP00000018902	ENSPKIG00000004291	COTL1
ENSEEEP00000049604	ENSEEEG00000023322		ENSPKIP00000008086	ENSPKIG00000023739	
ENSEEEP00000001835	ENSEEEG00000001160		ENSPKIP00000024844	ENSPKIG00000007936	
ENSEEEP00000023272	ENSEEEG00000011283	FAM151A	ENSPKIP00000028247	ENSPKIG00000009966	fam151a
ENSEEEP00000016956	ENSEEEG00000008404		ENSPKIP00000035198	ENSPKIG00000014243	
ENSEEEP00000002955	ENSEEEG00000001685	cxcl12a	ENSPKIP00000039418	ENSPKIG00000016660	cxcl12b
ENSEEEP00000049601	ENSEEEG00000023319	GTF2H3	ENSPKIP00000008065	ENSPKIG00000023706	gtf2h3
ENSEEEP00000022505	ENSEEEG00000010921	MEAK7	ENSPKIP00000018876	ENSPKIG00000004260	meak7
ENSEEEP00000051672	ENSEEEG00000024262	SLC35E4	ENSPKIP00000030613	ENSPKIG00000011403	slc35e4
ENSEEEP00000027763	ENSEEEG00000013368	il17a/f1	ENSPKIP00000024219	ENSPKIG00000007562	il17a/f1
ENSEEEP00000060749	ENSEEEG00000010505	stambpb	ENSPKIP00000010187	ENSPKIG00000025004	stambpl1
ENSEEEP00000051717	ENSEEEG00000024284	SP1	ENSPKIP00000015713	ENSPKIG00000002335	sp1
ENSEEEP00000002957	ENSEEEG00000001686	ERCC6	ENSPKIP00000039819	ENSPKIG00000017015	ercc6
ENSEEEP00000055179	ENSEEEG00000010338	CES3	ENSPKIP00000018307	ENSPKIG00000003830	ces3
ENSEEEP00000016953	ENSEEEG00000008402	CAPN10	ENSPKIP00000035284	ENSPKIG00000014289	capn10
ENSEEEP00000054252	ENSEEEG00000025441	RPA3	ENSPKIP00000029114	ENSPKIG00000010490	rpa3
ENSEEEP00000007689	ENSEEEG00000004029	HGFAC	ENSPKIP00000019256	ENSPKIG00000004495	HGFAC
ENSEEEP00000060495	ENSEEEG00000025937	UMAD1	ENSPKIP00000029141	ENSPKIG00000010508	umad1
ENSEEEP00000016450	ENSEEEG00000008148	mxra8a	ENSPKIP00000028223	ENSPKIG00000009945	mxra8b
ENSEEEP00000023324	ENSEEEG00000011297	ACOT11	ENSPKIP00000028353	ENSPKIG00000010009	acot11b
ENSEEEP00000005859	ENSEEEG00000003112	lhfpl4b	ENSPKIP00000008750	ENSPKIG00000024113	lhfpl4b
ENSEEEP00000001841	ENSEEEG00000001164		ENSPKIP00000000475	ENSPKIG00000019122	TWIST1
ENSEEEP00000039079	ENSEEEG00000018556	abrab	ENSPKIP00000000223	ENSPKIG00000018974	abrab
ENSEEEP00000024414	ENSEEEG00000011839	glcci1a	ENSPKIP00000029993	ENSPKIG00000011025	GLCCI1
ENSEEEP00000040316	ENSEEEG00000019111	vtnb	ENSPKIP00000000013	ENSPKIG00000018843	VTN
ENSEEEP00000049594	ENSEEEG00000023312	EIF2B1	ENSPKIP00000007985	ENSPKIG00000023668	eif2b1
ENSEEEP00000028080	ENSEEEG00000013477	AFAP1	ENSPKIP00000039231	ENSPKIG00000016612	afap1
ENSEEEP00000009115	ENSEEEG00000004697	NANP	ENSPKIP00000024269	ENSPKIG00000007595	nanp
ENSEEEP00000002962	ENSEEEG00000001687	DRGX	ENSPKIP00000039703	ENSPKIG00000016958	drgx
ENSEEEP00000036713	ENSEEEG00000017427	PTER	ENSPKIP00000024145	ENSPKIG00000007511	pter
ENSEEEP00000022241	ENSEEEG00000010801	MRPS6	ENSPKIP00000022535	ENSPKIG00000006507	mrps6
ENSEEEP00000015676	ENSEEEG00000007762	RTF2	ENSPKIP00000039360	ENSPKIG00000016746	rtf2
ENSEEEP00000039085	ENSEEEG00000018557	si:ch211-231f6.6	ENSPKIP00000000191	ENSPKIG00000018954	SAMD12
ENSEEEP00000029468	ENSEEEG00000014110	ZZEF1	ENSPKIP00000041098	ENSPKIG00000017736	zzef1
ENSEEEP00000002493	ENSEEEG00000001456	FBXL22	ENSPKIP00000023905	ENSPKIG00000007359	fbxl22
ENSEEEP00000009191	ENSEEEG00000004702	POLR1B	ENSPKIP00000024217	ENSPKIG00000007536	polr1b
ENSEEEP00000006886	ENSEEEG00000003633	HDAC10	ENSPKIP00000005437	ENSPKIG00000022112	hdac10
ENSEEEP00000027777	ENSEEEG00000013375	GPN1	ENSPKIP00000024115	ENSPKIG00000007460	gpn1
ENSEEEP00000059561	ENSEEEG00000001307	crhr1	ENSPKIP00000017314	ENSPKIG00000003111	GHRHR
ENSEEEP00000025642	ENSEEEG00000012439	NHLRC3	ENSPKIP00000014080	ENSPKIG00000001271	NHLRC3
ENSEEEP00000022237	ENSEEEG00000010798	NOLC1	ENSPKIP00000022565	ENSPKIG00000006522	nolc1
ENSEEEP00000002965	ENSEEEG00000001688		ENSPKIP00000039752	ENSPKIG00000016992	
ENSEEEP00000016945	ENSEEEG00000008399	EIF4E2	ENSPKIP00000035455	ENSPKIG00000014411	eif4e2
ENSEEEP00000053441	ENSEEEG00000012440	EMSY	ENSPKIP00000034706	ENSPKIG00000013871	emsy
ENSEEEP00000002492	ENSEEEG00000001455		ENSPKIP00000023927	ENSPKIG00000007383	
ENSEEEP00000006546	ENSEEEG00000003460	FAM107B	ENSPKIP00000010482	ENSPKIG00000025186	fam107b
ENSEEEP00000006593	ENSEEEG00000003493	zgc:194679	ENSPKIP00000003854	ENSPKIG00000021190	zgc:194679
ENSEEEP00000025643	ENSEEEG00000012441	LRRC32	ENSPKIP00000034798	ENSPKIG00000014002	lrrc32
ENSEEEP00000057864	ENSEEEG00000026256	PPM1F	ENSPKIP00000033170	ENSPKIG00000012979	ppm1f
ENSEEEP00000058534	ENSEEEG00000025737	GPR176	ENSPKIP00000015094	ENSPKIG00000001930	gpr176
ENSEEEP00000033683	ENSEEEG00000016032	tlcd5a	ENSPKIP00000020673	ENSPKIG00000005367	tlcd5a
ENSEEEP00000040786	ENSEEEG00000019324	TRAFD1	ENSPKIP00000040426	ENSPKIG00000017365	trafd1
ENSEEEP00000064444	ENSEEEG00000010501	HPRT1	ENSPKIP00000010216	ENSPKIG00000025019	ankrd22
ENSEEEP00000015706	ENSEEEG00000007766	GCNT7	ENSPKIP00000039414	ENSPKIG00000016772	gcnt7
ENSEEEP00000053536	ENSEEEG00000027512	oafa	ENSPKIP00000040480	ENSPKIG00000017432	oafb
ENSEEEP00000053033	ENSEEEG00000026736	CHMP7	ENSPKIP00000009768	ENSPKIG00000024747	chmp7
ENSEEEP00000027809	ENSEEEG00000013382	KHK	ENSPKIP00000023930	ENSPKIG00000007365	khk
ENSEEEP00000022147	ENSEEEG00000010395	MICU1	ENSPKIP00000022665	ENSPKIG00000006562	micu1
ENSEEEP00000018762	ENSEEEG00000009149	TOP3B	ENSPKIP00000033277	ENSPKIG00000013034	top3b
ENSEEEP00000000263	ENSEEEG00000000163	hif1al	ENSPKIP00000023908	ENSPKIG00000007313	hif1al
ENSEEEP00000019796	ENSEEEG00000009688	GDF3	ENSPKIP00000037628	ENSPKIG00000015729	gdf3
ENSEEEP00000025646	ENSEEEG00000012443	mpzl1l	ENSPKIP00000034873	ENSPKIG00000014033	mpzl1l
ENSEEEP00000006529	ENSEEEG00000003118	HDAC6	ENSPKIP00000008725	ENSPKIG00000024072	hdac6
ENSEEEP00000024398	ENSEEEG00000011832	RIMS3	ENSPKIP00000007710	ENSPKIG00000023497	rims3
ENSEEEP00000008788	ENSEEEG00000004547	STARD10	ENSPKIP00000006633	ENSPKIG00000022830	stard10
ENSEEEP00000025647	ENSEEEG00000012444	PSMG1	ENSPKIP00000034908	ENSPKIG00000014060	psmg1
ENSEEEP00000002477	ENSEEEG00000001451	TBC1D2B	ENSPKIP00000013256	ENSPKIG00000000735	tbc1d2b
ENSEEEP00000028108	ENSEEEG00000013527	acot21	ENSPKIP00000034452	ENSPKIG00000013779	
ENSEEEP00000018758	ENSEEEG00000009211	STXBP6	ENSPKIP00000005047	ENSPKIG00000021881	stxbp6l
ENSEEEP00000021559	ENSEEEG00000010496	lipf	ENSPKIP00000010223	ENSPKIG00000025024	lipf
ENSEEEP00000013028	ENSEEEG00000006562	apoa4a	ENSPKIP00000009091	ENSPKIG00000024330	
ENSEEEP00000045525	ENSEEEG00000021481	COPS8	ENSPKIP00000031001	ENSPKIG00000011676	cops8
ENSEEEP00000002475	ENSEEEG00000001449	sh2d7	ENSPKIP00000013321	ENSPKIG00000000795	
ENSEEEP00000019695	ENSEEEG00000009641	YIPF4	ENSPKIP00000027290	ENSPKIG00000009413	yipf4
ENSEEEP00000025649	ENSEEEG00000012445	ETS2	ENSPKIP00000034955	ENSPKIG00000014093	ETS2
ENSEEEP00000050585	ENSEEEG00000023787	SSR4	ENSPKIP00000038569	ENSPKIG00000016289	ssr4
ENSEEEP00000039089	ENSEEEG00000018561	MED30	ENSPKIP00000000126	ENSPKIG00000018912	med30
ENSEEEP00000018736	ENSEEEG00000009209	GJD2	ENSPKIP00000006057	ENSPKIG00000022492	gjd2b
ENSEEEP00000019777	ENSEEEG00000009678	HAO1	ENSPKIP00000037712	ENSPKIG00000015780	hao1
ENSEEEP00000001312	ENSEEEG00000000878	DPEP1	ENSPKIP00000026468	ENSPKIG00000008937	dpep1
ENSEEEP00000019719	ENSEEEG00000009642	exo1	ENSPKIP00000027503	ENSPKIG00000009478	exo1
ENSEEEP00000054396	ENSEEEG00000028064		ENSPKIP00000014514	ENSPKIG00000001558	
ENSEEEP00000031965	ENSEEEG00000015252	RAD9A	ENSPKIP00000000375	ENSPKIG00000019073	rad9a
ENSEEEP00000045523	ENSEEEG00000021479	ASB18	ENSPKIP00000030969	ENSPKIG00000011638	asb18
ENSEEEP00000024390	ENSEEEG00000011823	si:ch211-264f5.2	ENSPKIP00000002243	ENSPKIG00000020215	
ENSEEEP00000049571	ENSEEEG00000023308	TMED2	ENSPKIP00000007956	ENSPKIG00000023654	tmed2
ENSEEEP00000008532	ENSEEEG00000004432	ENTPD1	ENSPKIP00000027998	ENSPKIG00000009821	entpd1
ENSEEEP00000031962	ENSEEEG00000015247	TBC1D10C	ENSPKIP00000000415	ENSPKIG00000019094	
ENSEEEP00000056750	ENSEEEG00000028133	TMX4	ENSPKIP00000037800	ENSPKIG00000015835	tmx4
ENSEEEP00000047998	ENSEEEG00000022614	cort	ENSPKIP00000033464	ENSPKIG00000013168	sst6.1
ENSEEEP00000062294	ENSEEEG00000019502	SIK3	ENSPKIP00000012038	ENSPKIG00000025617	sik3
ENSEEEP00000002472	ENSEEEG00000001446	LRRC61	ENSPKIP00000013428	ENSPKIG00000000874	lrrc61
ENSEEEP00000033236	ENSEEEG00000015800	RPRD1A	ENSPKIP00000004972	ENSPKIG00000021840	rprd1a
ENSEEEP00000021195	ENSEEEG00000010329	zfpm1	ENSPKIP00000018028	ENSPKIG00000003731	zfpm1
ENSEEEP00000034550	ENSEEEG00000016437	wdyhv1	ENSPKIP00000009742	ENSPKIG00000024731	ntaq1
ENSEEEP00000062651	ENSEEEG00000013542	armc4	ENSPKIP00000027829	ENSPKIG00000009701	odad2
ENSEEEP00000061779	ENSEEEG00000002341	Krtap4-9	ENSPKIP00000011882	ENSPKIG00000018349	
ENSEEEP00000013030	ENSEEEG00000006563	apoeb	ENSPKIP00000009116	ENSPKIG00000024347	apoeb
ENSEEEP00000049561	ENSEEEG00000023302	vps33a	ENSPKIP00000007934	ENSPKIG00000023640	vps33a
ENSEEEP00000008741	ENSEEEG00000004229	CLPB	ENSPKIP00000006703	ENSPKIG00000022857	CLPB
ENSEEEP00000013031	ENSEEEG00000006564	apoc1	ENSPKIP00000009132	ENSPKIG00000024353	
ENSEEEP00000013033	ENSEEEG00000006565	APOC4	ENSPKIP00000009141	ENSPKIG00000024359	
ENSEEEP00000011888	ENSEEEG00000005988	znf395a	ENSPKIP00000032557	ENSPKIG00000012613	znf395a
ENSEEEP00000046308	ENSEEEG00000021745	UROD	ENSPKIP00000029477	ENSPKIG00000010701	urod
ENSEEEP00000055651	ENSEEEG00000027585	grinaa	ENSPKIP00000004892	ENSPKIG00000021796	grinab
ENSEEEP00000001462	ENSEEEG00000000881	sult5a1	ENSPKIP00000026531	ENSPKIG00000008973	sult5a1
ENSEEEP00000025652	ENSEEEG00000012447	KCNJ15	ENSPKIP00000035106	ENSPKIG00000014182	KCNJ15
ENSEEEP00000004513	ENSEEEG00000002349	GPKOW	ENSPKIP00000025569	ENSPKIG00000008382	gpkow
ENSEEEP00000013012	ENSEEEG00000006555	TMEM200A	ENSPKIP00000032158	ENSPKIG00000012365	tmem200a
ENSEEEP00000053310	ENSEEEG00000020954	txna	ENSPKIP00000038646	ENSPKIG00000016337	
ENSEEEP00000007180	ENSEEEG00000003787	ube2g1b	ENSPKIP00000023227	ENSPKIG00000006930	ube2g1b
ENSEEEP00000059688	ENSEEEG00000025901	APOA2	ENSPKIP00000009153	ENSPKIG00000024369	apoa2
ENSEEEP00000051001	ENSEEEG00000023951	baalcb	ENSPKIP00000020016	ENSPKIG00000004955	
ENSEEEP00000002971	ENSEEEG00000001694	lrrc18a	ENSPKIP00000039592	ENSPKIG00000016892	lrrc18a
ENSEEEP00000004514	ENSEEEG00000002353	PQBP1	ENSPKIP00000025613	ENSPKIG00000008420	pqbp1
ENSEEEP00000019832	ENSEEEG00000009700	RANBP1	ENSPKIP00000028637	ENSPKIG00000010195	RANBP1
ENSEEEP00000031951	ENSEEEG00000015230	ran	ENSPKIP00000036577	ENSPKIG00000015092	ran
ENSEEEP00000011867	ENSEEEG00000005975	pnoca	ENSPKIP00000041287	ENSPKIG00000017904	
ENSEEEP00000000144	ENSEEEG00000000109	zgc:152863	ENSPKIP00000023739	ENSPKIG00000007246	zgc:152863
ENSEEEP00000021171	ENSEEEG00000010265	trhr2	ENSPKIP00000017987	ENSPKIG00000003707	trhr2
ENSEEEP00000004521	ENSEEEG00000002355	TIMM17B	ENSPKIP00000025645	ENSPKIG00000008438	timm17b
ENSEEEP00000009101	ENSEEEG00000004688		ENSPKIP00000035494	ENSPKIG00000014433	
ENSEEEP00000018673	ENSEEEG00000008519	AQR	ENSPKIP00000018225	ENSPKIG00000003825	aqr
ENSEEEP00000051002	ENSEEEG00000023952	NME6	ENSPKIP00000019985	ENSPKIG00000004932	nme6
ENSEEEP00000028067	ENSEEEG00000013459	fntb	ENSPKIP00000014675	ENSPKIG00000001647	fntb
ENSEEEP00000016510	ENSEEEG00000008180	olfml3b	ENSPKIP00000024360	ENSPKIG00000007644	olfml3a
ENSEEEP00000007177	ENSEEEG00000003783	ARPC3	ENSPKIP00000037764	ENSPKIG00000015814	ARPC3
ENSEEEP00000040296	ENSEEEG00000019103	UNC119B	ENSPKIP00000011814	ENSPKIG00000018760	unc119a2
ENSEEEP00000033244	ENSEEEG00000015805	MAPK15	ENSPKIP00000004841	ENSPKIG00000021761	mapk15
ENSEEEP00000034516	ENSEEEG00000016421	bmp8a	ENSPKIP00000007397	ENSPKIG00000023298	bmp8a
ENSEEEP00000027854	ENSEEEG00000013403	snap25b	ENSPKIP00000005487	ENSPKIG00000022134	snap25a
ENSEEEP00000049551	ENSEEEG00000023298	RSRC2	ENSPKIP00000016143	ENSPKIG00000002596	rsrc2
ENSEEEP00000016511	ENSEEEG00000008182	gpr25	ENSPKIP00000009258	ENSPKIG00000024445	gpr25
ENSEEEP00000029311	ENSEEEG00000014043	apoc2	ENSPKIP00000009179	ENSPKIG00000024383	
ENSEEEP00000056820	ENSEEEG00000010506	GAN	ENSPKIP00000018616	ENSPKIG00000004115	gan
ENSEEEP00000023546	ENSEEEG00000011418	MRPL37	ENSPKIP00000028809	ENSPKIG00000010297	mrpl37
ENSEEEP00000061445	ENSEEEG00000026858	SLC25A37	ENSPKIP00000009728	ENSPKIG00000024722	slc25a37
ENSEEEP00000033283	ENSEEEG00000015808	VPS28	ENSPKIP00000014591	ENSPKIG00000001607	vps28
ENSEEEP00000002468	ENSEEEG00000000906	IDH3A	ENSPKIP00000013495	ENSPKIG00000000910	IDH3A
ENSEEEP00000007167	ENSEEEG00000003781	GPN3	ENSPKIP00000037814	ENSPKIG00000015849	gpn3
ENSEEEP00000051007	ENSEEEG00000023953	EIF2B4	ENSPKIP00000019931	ENSPKIG00000004903	eif2b4
ENSEEEP00000026878	ENSEEEG00000012973	MOSPD2	ENSPKIP00000002541	ENSPKIG00000020393	mospd2
ENSEEEP00000053702	ENSEEEG00000025549	EDARADD	ENSPKIP00000027600	ENSPKIG00000009594	edaradd
ENSEEEP00000001956	ENSEEEG00000001222	NKX3-1	ENSPKIP00000009710	ENSPKIG00000024717	nkx3-1
ENSEEEP00000002575	ENSEEEG00000001484	AEBP2	ENSPKIP00000039109	ENSPKIG00000016601	aebp2
ENSEEEP00000016514	ENSEEEG00000008183	inavab	ENSPKIP00000009280	ENSPKIG00000024451	
ENSEEEP00000023562	ENSEEEG00000011422	CDCP2	ENSPKIP00000028874	ENSPKIG00000010337	cdcp2
ENSEEEP00000021536	ENSEEEG00000010492	RNLS	ENSPKIP00000010236	ENSPKIG00000025034	rnls
ENSEEEP00000029308	ENSEEEG00000014041	BCAM	ENSPKIP00000009212	ENSPKIG00000024413	bcam
ENSEEEP00000001955	ENSEEEG00000001221	nkx2.7	ENSPKIP00000009706	ENSPKIG00000024712	
ENSEEEP00000007162	ENSEEEG00000003777	VPS29	ENSPKIP00000037866	ENSPKIG00000015881	vps29
ENSEEEP00000001953	ENSEEEG00000001220	STC1	ENSPKIP00000009699	ENSPKIG00000024706	stc1
ENSEEEP00000049544	ENSEEEG00000023278	ZCCHC8	ENSPKIP00000016355	ENSPKIG00000002641	zcchc8
ENSEEEP00000033289	ENSEEEG00000015821	OARD1	ENSPKIP00000014641	ENSPKIG00000001645	
ENSEEEP00000034734	ENSEEEG00000016481	FANCL	ENSPKIP00000017188	ENSPKIG00000003202	fancl
ENSEEEP00000018789	ENSEEEG00000009237		ENSPKIP00000033338	ENSPKIG00000013088	
ENSEEEP00000048003	ENSEEEG00000022617	DFFA	ENSPKIP00000033535	ENSPKIG00000013216	dffa
ENSEEEP00000062230	ENSEEEG00000013353	rplp1	ENSPKIP00000000757	ENSPKIG00000019305	rplp1
ENSEEEP00000009736	ENSEEEG00000004753	TM9SF3	ENSPKIP00000000238	ENSPKIG00000018941	tm9sf3
ENSEEEP00000018791	ENSEEEG00000009239	SDF2L1	ENSPKIP00000041395	ENSPKIG00000017963	sdf2l1
ENSEEEP00000058636	ENSEEEG00000025398	RHEB	ENSPKIP00000034793	ENSPKIG00000013982	rheb
ENSEEEP00000001950	ENSEEEG00000001200	IDO1	ENSPKIP00000025313	ENSPKIG00000008225	ido1
ENSEEEP00000001467	ENSEEEG00000000950	hp	ENSPKIP00000026571	ENSPKIG00000009000	hp
ENSEEEP00000050572	ENSEEEG00000023785	CASP9	ENSPKIP00000025858	ENSPKIG00000008565	casp9
ENSEEEP00000053567	ENSEEEG00000027590	FAM214B	ENSPKIP00000036066	ENSPKIG00000014776	atosb
ENSEEEP00000018792	ENSEEEG00000009241	YDJC	ENSPKIP00000033364	ENSPKIG00000013111	ydjc
ENSEEEP00000029301	ENSEEEG00000014039	RPS19	ENSPKIP00000009259	ENSPKIG00000024441	RPS19
ENSEEEP00000021582	ENSEEEG00000010508	rab11al	ENSPKIP00000003342	ENSPKIG00000020893	rab11al
ENSEEEP00000036643	ENSEEEG00000017398	stoml3b	ENSPKIP00000016406	ENSPKIG00000002740	stoml3a
ENSEEEP00000018805	ENSEEEG00000009242	ube2l3b	ENSPKIP00000033398	ENSPKIG00000013124	
ENSEEEP00000057113	ENSEEEG00000028491		ENSPKIP00000021500	ENSPKIG00000005870	
ENSEEEP00000005591	ENSEEEG00000002942	crygn2	ENSPKIP00000016080	ENSPKIG00000002566	CRYGN
ENSEEEP00000006956	ENSEEEG00000003664	PARVG	ENSPKIP00000005725	ENSPKIG00000022272	parvg
ENSEEEP00000001468	ENSEEEG00000000951	DHODH	ENSPKIP00000008404	ENSPKIG00000023908	dhodh
ENSEEEP00000036645	ENSEEEG00000017400	PROSER1	ENSPKIP00000004692	ENSPKIG00000021689	proser1
ENSEEEP00000063664	ENSEEEG00000026024		ENSPKIP00000033606	ENSPKIG00000013263	
ENSEEEP00000031891	ENSEEEG00000015224	stx3a	ENSPKIP00000000592	ENSPKIG00000019165	stx3b
ENSEEEP00000021583	ENSEEEG00000010509	rab25b	ENSPKIP00000003313	ENSPKIG00000020869	rab25a
ENSEEEP00000044367	ENSEEEG00000020958	NKX2-4	ENSPKIP00000033145	ENSPKIG00000012968	maml3
ENSEEEP00000005595	ENSEEEG00000002944	NUB1	ENSPKIP00000016048	ENSPKIG00000002539	nub1
ENSEEEP00000058426	ENSEEEG00000024675	CD28	ENSPKIP00000016938	ENSPKIG00000003058	cd28
ENSEEEP00000058964	ENSEEEG00000022620	CASZ1	ENSPKIP00000033637	ENSPKIG00000013278	casz1
ENSEEEP00000061644	ENSEEEG00000026486	LAMTOR2	ENSPKIP00000028038	ENSPKIG00000009843	lamtor2
ENSEEEP00000033796	ENSEEEG00000015833	CAP2	ENSPKIP00000014684	ENSPKIG00000001661	cap2
ENSEEEP00000011666	ENSEEEG00000005866	CIDEB	ENSPKIP00000011817	ENSPKIG00000018746	cideb
ENSEEEP00000036669	ENSEEEG00000017403	VPS36	ENSPKIP00000004631	ENSPKIG00000021597	vps36
ENSEEEP00000023567	ENSEEEG00000011425	TCEANC2	ENSPKIP00000028940	ENSPKIG00000010382	tceanc2
ENSEEEP00000007151	ENSEEEG00000003758	GTF3C5	ENSPKIP00000024316	ENSPKIG00000007611	gtf3c5
ENSEEEP00000062822	ENSEEEG00000028204	scoca	ENSPKIP00000012081	ENSPKIG00000025676	SCOC
ENSEEEP00000052675	ENSEEEG00000024668	TLCD2	ENSPKIP00000021043	ENSPKIG00000005601	tlcd2
ENSEEEP00000026863	ENSEEEG00000012969	FANCB	ENSPKIP00000031393	ENSPKIG00000011897	fancb
ENSEEEP00000050636	ENSEEEG00000023804	tmem54a	ENSPKIP00000030598	ENSPKIG00000011387	tmem54b
ENSEEEP00000011667	ENSEEEG00000005867	TINF2	ENSPKIP00000011720	ENSPKIG00000018700	tinf2
ENSEEEP00000002561	ENSEEEG00000001476	BCAP29	ENSPKIP00000012671	ENSPKIG00000000395	
ENSEEEP00000056524	ENSEEEG00000014036	CADM4	ENSPKIP00000009312	ENSPKIG00000024459	cadm4
ENSEEEP00000005599	ENSEEEG00000002946		ENSPKIP00000016028	ENSPKIG00000002525	
ENSEEEP00000023593	ENSEEEG00000011427	CDC7	ENSPKIP00000018352	ENSPKIG00000003934	cdc7
ENSEEEP00000002555	ENSEEEG00000001475	DUS4L	ENSPKIP00000038805	ENSPKIG00000016429	dus4l
ENSEEEP00000054989	ENSEEEG00000028939	si:dkey-54n8.4	ENSPKIP00000021083	ENSPKIG00000005621	ccdc92ba
ENSEEEP00000059773	ENSEEEG00000001769	MRPS5	ENSPKIP00000005455	ENSPKIG00000022123	mrps5
ENSEEEP00000033745	ENSEEEG00000016071	wipf2b	ENSPKIP00000007135	ENSPKIG00000023149	wipf2a
ENSEEEP00000058326	ENSEEEG00000005869	dhrs4	ENSPKIP00000011676	ENSPKIG00000018642	dhrs4
ENSEEEP00000001474	ENSEEEG00000000953	IST1	ENSPKIP00000026660	ENSPKIG00000009049	ist1
ENSEEEP00000027949	ENSEEEG00000013452	RAB15	ENSPKIP00000014572	ENSPKIG00000001593	rab15
ENSEEEP00000051008	ENSEEEG00000023954	ATRAID	ENSPKIP00000019892	ENSPKIG00000004864	atraid
ENSEEEP00000044804	ENSEEEG00000021147	HPF1	ENSPKIP00000038493	ENSPKIG00000016194	hpf1
ENSEEEP00000005637	ENSEEEG00000002955	XYLB	ENSPKIP00000015970	ENSPKIG00000002438	xylb
ENSEEEP00000055400	ENSEEEG00000016079	eif1	ENSPKIP00000007021	ENSPKIG00000023074	eif1
ENSEEEP00000040063	ENSEEEG00000018993	mntb	ENSPKIP00000021468	ENSPKIG00000005854	mnta
ENSEEEP00000018816	ENSEEEG00000009245	ccl19b	ENSPKIP00000030710	ENSPKIG00000011473	
ENSEEEP00000021036	ENSEEEG00000010263	ZC3H18	ENSPKIP00000017948	ENSPKIG00000003664	zc3h18
ENSEEEP00000060768	ENSEEEG00000025853	elf2b	ENSPKIP00000005433	ENSPKIG00000022104	ELF2
ENSEEEP00000025942	ENSEEEG00000012571	VPS26C	ENSPKIP00000035252	ENSPKIG00000014271	vps26c
ENSEEEP00000051025	ENSEEEG00000023956	SNX17	ENSPKIP00000019784	ENSPKIG00000004801	snx17
ENSEEEP00000037251	ENSEEEG00000017709	si:ch211-79k12.1	ENSPKIP00000009337	ENSPKIG00000024480	si:ch211-79k12.1
ENSEEEP00000021035	ENSEEEG00000010262		ENSPKIP00000017888	ENSPKIG00000003637	IL17C
ENSEEEP00000016604	ENSEEEG00000008213	CYB5R1	ENSPKIP00000040851	ENSPKIG00000017647	CYB5R1
ENSEEEP00000032492	ENSEEEG00000015492	PPID	ENSPKIP00000000033	ENSPKIG00000018848	ppid
ENSEEEP00000051405	ENSEEEG00000024118	bub1	ENSPKIP00000026704	ENSPKIG00000009072	bub1
ENSEEEP00000018854	ENSEEEG00000009247	tctn2	ENSPKIP00000007230	ENSPKIG00000023207	tctn2
ENSEEEP00000021607	ENSEEEG00000010518	rpz4	ENSPKIP00000003225	ENSPKIG00000020827	rpz4
ENSEEEP00000053196	ENSEEEG00000001347	COG5	ENSPKIP00000038657	ENSPKIG00000016318	COG5
ENSEEEP00000039961	ENSEEEG00000018947	STAR	ENSPKIP00000000839	ENSPKIG00000019350	star
ENSEEEP00000061820	ENSEEEG00000026841	si:ch211-79k12.2	ENSPKIP00000009362	ENSPKIG00000024496	si:ch211-79k12.2
ENSEEEP00000039180	ENSEEEG00000018623	CCDC85A	ENSPKIP00000021997	ENSPKIG00000006178	ccdc85al
ENSEEEP00000052879	ENSEEEG00000028498	rpz5	ENSPKIP00000027962	ENSPKIG00000009799	rpz5
ENSEEEP00000001905	ENSEEEG00000001195	PEBP4	ENSPKIP00000025135	ENSPKIG00000008120	PEBP4
ENSEEEP00000033642	ENSEEEG00000016013	rpz6	ENSPKIP00000027939	ENSPKIG00000009788	rpz3
ENSEEEP00000061378	ENSEEEG00000007242	ALG3	ENSPKIP00000035740	ENSPKIG00000014561	alg3
ENSEEEP00000060281	ENSEEEG00000010261	TANGO6	ENSPKIP00000017864	ENSPKIG00000003592	tango6
ENSEEEP00000037249	ENSEEEG00000017707		ENSPKIP00000035132	ENSPKIG00000014206	
ENSEEEP00000051410	ENSEEEG00000024123	HTR1E	ENSPKIP00000040806	ENSPKIG00000017632	
ENSEEEP00000039181	ENSEEEG00000018624	soul2	ENSPKIP00000017009	ENSPKIG00000003106	soul2
ENSEEEP00000033641	ENSEEEG00000016011	rpz	ENSPKIP00000027917	ENSPKIG00000009770	rpz
ENSEEEP00000036701	ENSEEEG00000017414	THSD1	ENSPKIP00000004477	ENSPKIG00000021565	
ENSEEEP00000064391	ENSEEEG00000028627		ENSPKIP00000032508	ENSPKIG00000012582	
ENSEEEP00000033639	ENSEEEG00000016010	rpz2	ENSPKIP00000003168	ENSPKIG00000020790	
ENSEEEP00000063004	ENSEEEG00000001192	EGR3	ENSPKIP00000025103	ENSPKIG00000008095	egr3
ENSEEEP00000051700	ENSEEEG00000024279	COA4	ENSPKIP00000037592	ENSPKIG00000015712	coa4
ENSEEEP00000007115	ENSEEEG00000003754	cel.2	ENSPKIP00000024247	ENSPKIG00000007560	cel.1
ENSEEEP00000037247	ENSEEEG00000017705	fxyd7	ENSPKIP00000035090	ENSPKIG00000014172	
ENSEEEP00000058683	ENSEEEG00000026293		ENSPKIP00000033809	ENSPKIG00000013365	ciroz
ENSEEEP00000039965	ENSEEEG00000018950		ENSPKIP00000014564	ENSPKIG00000001597	elmod3
ENSEEEP00000025946	ENSEEEG00000012572	TTC3	ENSPKIP00000035313	ENSPKIG00000014318	ttc3
ENSEEEP00000053572	ENSEEEG00000011246	unm_sa808	ENSPKIP00000012510	ENSPKIG00000000281	
ENSEEEP00000062895	ENSEEEG00000027546	selenop2	ENSPKIP00000029594	ENSPKIG00000010779	selenop2
ENSEEEP00000033637	ENSEEEG00000016007	BOLA1	ENSPKIP00000027859	ENSPKIG00000009727	bola1
ENSEEEP00000021030	ENSEEEG00000010259	CHTF8	ENSPKIP00000005083	ENSPKIG00000021900	chtf8
ENSEEEP00000053764	ENSEEEG00000021732	TOE1	ENSPKIP00000029650	ENSPKIG00000010811	toe1
ENSEEEP00000001895	ENSEEEG00000001190	BIN3	ENSPKIP00000025067	ENSPKIG00000008022	bin3
ENSEEEP00000026854	ENSEEEG00000012965	OFD1	ENSPKIP00000002313	ENSPKIG00000020235	ofd1
ENSEEEP00000056167	ENSEEEG00000025167	auts2a	ENSPKIP00000002528	ENSPKIG00000020360	auts2a
ENSEEEP00000007112	ENSEEEG00000003752	zgc:92275	ENSPKIP00000031702	ENSPKIG00000012075	zgc:92275
ENSEEEP00000036711	ENSEEEG00000017426	si:ch211-287a12.9	ENSPKIP00000004448	ENSPKIG00000021546	fgl1b
ENSEEEP00000037242	ENSEEEG00000017702	PON1	ENSPKIP00000004220	ENSPKIG00000021420	pon3.1
ENSEEEP00000023613	ENSEEEG00000011443	glmna	ENSPKIP00000018674	ENSPKIG00000004156	glmnb
ENSEEEP00000058850	ENSEEEG00000027220	trappc2	ENSPKIP00000002224	ENSPKIG00000020200	TRAPPC2B
ENSEEEP00000021272	ENSEEEG00000010365	MCU	ENSPKIP00000022762	ENSPKIG00000006644	mcu
ENSEEEP00000026838	ENSEEEG00000012952	RAB9A	ENSPKIP00000002238	ENSPKIG00000020212	RAB9A
ENSEEEP00000004585	ENSEEEG00000002393	plp2	ENSPKIP00000025939	ENSPKIG00000008615	plp2b
ENSEEEP00000036739	ENSEEEG00000017429	tpte	ENSPKIP00000004357	ENSPKIG00000021473	tpte
ENSEEEP00000059076	ENSEEEG00000013427	AHCTF1	ENSPKIP00000023718	ENSPKIG00000007223	ahctf1
ENSEEEP00000044542	ENSEEEG00000021036	si:ch211-264f5.6	ENSPKIP00000032777	ENSPKIG00000012719	si:ch211-264f5.6
ENSEEEP00000028223	ENSEEEG00000013576		ENSPKIP00000027974	ENSPKIG00000009800	
ENSEEEP00000057856	ENSEEEG00000007240	mul1a	ENSPKIP00000035774	ENSPKIG00000014601	mul2
ENSEEEP00000053662	ENSEEEG00000021729	TESK2	ENSPKIP00000029691	ENSPKIG00000010839	tesk2
ENSEEEP00000037234	ENSEEEG00000017698	negaly6	ENSPKIP00000018148	ENSPKIG00000003819	
ENSEEEP00000021260	ENSEEEG00000010362	OIT3	ENSPKIP00000022810	ENSPKIG00000006673	oit3
ENSEEEP00000011673	ENSEEEG00000005871	EFS	ENSPKIP00000023098	ENSPKIG00000006817	efs
ENSEEEP00000061554	ENSEEEG00000028390	TSEN15	ENSPKIP00000023842	ENSPKIG00000007319	tsen15
ENSEEEP00000059948	ENSEEEG00000012573	PIGP	ENSPKIP00000035386	ENSPKIG00000014365	pigp
ENSEEEP00000011766	ENSEEEG00000005727	TDP1	ENSPKIP00000026939	ENSPKIG00000009178	tdp1
ENSEEEP00000056431	ENSEEEG00000027203	zgc:55943	ENSPKIP00000023792	ENSPKIG00000007290	
ENSEEEP00000056422	ENSEEEG00000028993	TMEM179B	ENSPKIP00000039745	ENSPKIG00000016988	
ENSEEEP00000023620	ENSEEEG00000011444	RPAP2	ENSPKIP00000018754	ENSPKIG00000004203	rpap2
ENSEEEP00000053305	ENSEEEG00000025787	ece2a	ENSPKIP00000035852	ENSPKIG00000014637	ece2a
ENSEEEP00000025949	ENSEEEG00000012574	RIPPLY3	ENSPKIP00000035412	ENSPKIG00000014381	ripply3
ENSEEEP00000050589	ENSEEEG00000023789	PPIE	ENSPKIP00000027905	ENSPKIG00000009753	
ENSEEEP00000020734	ENSEEEG00000009996	TBC1D15	ENSPKIP00000006933	ENSPKIG00000023013	tbc1d15
ENSEEEP00000001887	ENSEEEG00000001183	B2M	ENSPKIP00000011925	ENSPKIG00000018342	
ENSEEEP00000025950	ENSEEEG00000012575	HLCS	ENSPKIP00000015351	ENSPKIG00000002094	hlcs
ENSEEEP00000037229	ENSEEEG00000017695	SMG9	ENSPKIP00000014677	ENSPKIG00000001651	smg9
ENSEEEP00000023623	ENSEEEG00000011445	GFI1	ENSPKIP00000018954	ENSPKIG00000004263	gfi1ab
ENSEEEP00000021257	ENSEEEG00000010360	PLA2G12B	ENSPKIP00000022836	ENSPKIG00000006692	pla2g12b
ENSEEEP00000001886	ENSEEEG00000001182	UBL4A	ENSPKIP00000024767	ENSPKIG00000007895	zgc:56596
ENSEEEP00000019386	ENSEEEG00000009497	aqp8a.2	ENSPKIP00000011953	ENSPKIG00000025674	aqp8b
ENSEEEP00000018428	ENSEEEG00000008842	POMGNT1	ENSPKIP00000029393	ENSPKIG00000010659	pomgnt1
ENSEEEP00000049504	ENSEEEG00000023275	KNTC1	ENSPKIP00000016030	ENSPKIG00000002395	kntc1
ENSEEEP00000061069	ENSEEEG00000026052	IDI1	ENSPKIP00000031996	ENSPKIG00000012252	
ENSEEEP00000044065	ENSEEEG00000020826	zgc:174863	ENSPKIP00000021038	ENSPKIG00000005598	
ENSEEEP00000040348	ENSEEEG00000019116	POLD2	ENSPKIP00000014371	ENSPKIG00000001450	pold2
ENSEEEP00000041206	ENSEEEG00000019500	TMEM25	ENSPKIP00000012022	ENSPKIG00000025658	TMEM25
ENSEEEP00000044062	ENSEEEG00000020824	jpt1a	ENSPKIP00000021089	ENSPKIG00000005629	jpt1a
ENSEEEP00000038902	ENSEEEG00000018456	slc35g2b	ENSPKIP00000004321	ENSPKIG00000021484	SLC35G2
ENSEEEP00000033625	ENSEEEG00000016000	RBM8A	ENSPKIP00000002820	ENSPKIG00000020558	RBM8A
ENSEEEP00000062842	ENSEEEG00000001180	RAB7A	ENSPKIP00000024728	ENSPKIG00000007864	zgc:100918
ENSEEEP00000043909	ENSEEEG00000020749	C4orf33	ENSPKIP00000031874	ENSPKIG00000012199	zgc:77739
ENSEEEP00000011741	ENSEEEG00000005872	acin1b	ENSPKIP00000023237	ENSPKIG00000006917	
ENSEEEP00000048218	ENSEEEG00000022626	PGD	ENSPKIP00000033915	ENSPKIG00000013450	pgd
ENSEEEP00000043905	ENSEEEG00000020747		ENSPKIP00000031930	ENSPKIG00000012230	sclt1
ENSEEEP00000021252	ENSEEEG00000010358		ENSPKIP00000022860	ENSPKIG00000006712	
ENSEEEP00000044058	ENSEEEG00000020771	SUMO2	ENSPKIP00000007673	ENSPKIG00000023479	sumo2b
ENSEEEP00000060673	ENSEEEG00000027718	RABIF	ENSPKIP00000040459	ENSPKIG00000017415	rabif
ENSEEEP00000054098	ENSEEEG00000026516		ENSPKIP00000033223	ENSPKIG00000013012	
ENSEEEP00000041203	ENSEEEG00000019499		ENSPKIP00000010644	ENSPKIG00000025281	
ENSEEEP00000033624	ENSEEEG00000015998	afp4	ENSPKIP00000002746	ENSPKIG00000020524	
ENSEEEP00000038891	ENSEEEG00000018448	BDH1	ENSPKIP00000004384	ENSPKIG00000021518	bdh1
ENSEEEP00000021357	ENSEEEG00000010403	atad1b	ENSPKIP00000010303	ENSPKIG00000025074	atad1b
ENSEEEP00000041199	ENSEEEG00000019498		ENSPKIP00000010632	ENSPKIG00000025276	
ENSEEEP00000037219	ENSEEEG00000017694	KCNN4	ENSPKIP00000014569	ENSPKIG00000001589	kcnn4
ENSEEEP00000020993	ENSEEEG00000010233	IMP3	ENSPKIP00000023636	ENSPKIG00000007169	imp3
ENSEEEP00000038884	ENSEEEG00000018417	gyg1b	ENSPKIP00000027951	ENSPKIG00000009781	gyg1b
ENSEEEP00000037218	ENSEEEG00000017693	si:dkey-79d12.5	ENSPKIP00000014519	ENSPKIG00000001563	si:dkey-79d12.5
ENSEEEP00000016033	ENSEEEG00000007944	gpx9	ENSPKIP00000023843	ENSPKIG00000007292	gpx9
ENSEEEP00000040400	ENSEEEG00000019119	SF3A1	ENSPKIP00000006704	ENSPKIG00000022872	
ENSEEEP00000038815	ENSEEEG00000018415	CPB1	ENSPKIP00000027888	ENSPKIG00000009744	cpb1
ENSEEEP00000041198	ENSEEEG00000019497		ENSPKIP00000010626	ENSPKIG00000025272	MPZL2
ENSEEEP00000028643	ENSEEEG00000013763	NCAPD2	ENSPKIP00000010735	ENSPKIG00000025333	ncapd2
ENSEEEP00000002218	ENSEEEG00000001338	cdc42l	ENSPKIP00000026034	ENSPKIG00000008673	
ENSEEEP00000059804	ENSEEEG00000010281	PDE10A	ENSPKIP00000023017	ENSPKIG00000006763	pde10a
ENSEEEP00000060178	ENSEEEG00000012578	FXN	ENSPKIP00000015493	ENSPKIG00000002196	
ENSEEEP00000016037	ENSEEEG00000007945		ENSPKIP00000023741	ENSPKIG00000007253	
ENSEEEP00000050563	ENSEEEG00000023778		ENSPKIP00000023857	ENSPKIG00000007328	
ENSEEEP00000006021	ENSEEEG00000003205	FBXL5	ENSPKIP00000022145	ENSPKIG00000006259	fbxl5
ENSEEEP00000016038	ENSEEEG00000007946	FBXL15	ENSPKIP00000023724	ENSPKIG00000007243	fbxl15
ENSEEEP00000025963	ENSEEEG00000012579	RIOX2	ENSPKIP00000015522	ENSPKIG00000002219	riox2
ENSEEEP00000037100	ENSEEEG00000017618	SLC38A11	ENSPKIP00000013309	ENSPKIG00000000788	slc38a11
ENSEEEP00000033594	ENSEEEG00000015974	TXNDC5	ENSPKIP00000024381	ENSPKIG00000007645	txndc5
ENSEEEP00000038814	ENSEEEG00000018414	agtr1b	ENSPKIP00000004507	ENSPKIG00000021582	agtr1a
ENSEEEP00000041194	ENSEEEG00000019496	mpzl3	ENSPKIP00000010621	ENSPKIG00000025269	MPZL3
ENSEEEP00000025968	ENSEEEG00000012580	TIPRL	ENSPKIP00000015591	ENSPKIG00000002244	tiprl
ENSEEEP00000043840	ENSEEEG00000020721	HGSNAT	ENSPKIP00000012776	ENSPKIG00000000460	hgsnat
ENSEEEP00000050559	ENSEEEG00000023777	irx7	ENSPKIP00000023837	ENSPKIG00000007317	irx7
ENSEEEP00000041193	ENSEEEG00000019495	GAP43	ENSPKIP00000019000	ENSPKIG00000004350	gap43
ENSEEEP00000046096	ENSEEEG00000021723	si:dkey-181m9.8	ENSPKIP00000018914	ENSPKIG00000004292	si:dkey-181m9.8
ENSEEEP00000050556	ENSEEEG00000023776	CD40	ENSPKIP00000023797	ENSPKIG00000007291	cd40
ENSEEEP00000041192	ENSEEEG00000019494	LSAMP	ENSPKIP00000018980	ENSPKIG00000004331	LSAMP
ENSEEEP00000050554	ENSEEEG00000023775	CBLN4	ENSPKIP00000023753	ENSPKIG00000007259	cbln4
ENSEEEP00000046094	ENSEEEG00000021721	IMPA1	ENSPKIP00000018998	ENSPKIG00000004343	impa1
ENSEEEP00000053765	ENSEEEG00000026417	si:ch73-206p6.1	ENSPKIP00000027737	ENSPKIG00000009675	si:ch73-206p6.1
ENSEEEP00000018820	ENSEEEG00000009246	BBX	ENSPKIP00000015721	ENSPKIG00000002342	bbx
ENSEEEP00000006012	ENSEEEG00000003202	SYAP1	ENSPKIP00000005241	ENSPKIG00000021997	syap1
ENSEEEP00000008984	ENSEEEG00000004636	si:ch211-278j3.3	ENSPKIP00000019658	ENSPKIG00000004736	si:ch211-278j3.3
ENSEEEP00000049502	ENSEEEG00000023273	svopa	ENSPKIP00000010393	ENSPKIG00000025126	svopa
ENSEEEP00000018849	ENSEEEG00000009257	IGSF11	ENSPKIP00000004597	ENSPKIG00000021637	igsf11
ENSEEEP00000050547	ENSEEEG00000023766	PFDN4	ENSPKIP00000023677	ENSPKIG00000007211	pfdn4
ENSEEEP00000046084	ENSEEEG00000021718	C7orf25	ENSPKIP00000019082	ENSPKIG00000004401	zgc:55781
ENSEEEP00000006011	ENSEEEG00000003177	AP1S2	ENSPKIP00000005175	ENSPKIG00000021955	ap1s2
ENSEEEP00000036769	ENSEEEG00000017452	SMPD1	ENSPKIP00000033528	ENSPKIG00000013212	smpd1
ENSEEEP00000005941	ENSEEEG00000003159		ENSPKIP00000001052	ENSPKIG00000019489	tradv14.0
ENSEEEP00000014359	ENSEEEG00000007138	E2F4	ENSPKIP00000007359	ENSPKIG00000023286	e2f4
ENSEEEP00000064263	ENSEEEG00000028337	MPLKIP	ENSPKIP00000019295	ENSPKIG00000004524	mplkip
ENSEEEP00000040404	ENSEEEG00000019133		ENSPKIP00000006694	ENSPKIG00000022869	
ENSEEEP00000049501	ENSEEEG00000023269	DAO	ENSPKIP00000010415	ENSPKIG00000025144	dao.3
ENSEEEP00000008987	ENSEEEG00000004638	fndc4a	ENSPKIP00000019534	ENSPKIG00000004661	fndc4a
ENSEEEP00000050282	ENSEEEG00000023649	si:dkey-261l7.2	ENSPKIP00000008519	ENSPKIG00000023976	si:dkey-261l7.2
ENSEEEP00000037083	ENSEEEG00000017611	rap2aa	ENSPKIP00000021283	ENSPKIG00000005758	RAP2A
ENSEEEP00000054907	ENSEEEG00000025916	AJUBA	ENSPKIP00000023397	ENSPKIG00000007050	ajuba
ENSEEEP00000046131	ENSEEEG00000021738	MFAP4	ENSPKIP00000030130	ENSPKIG00000011106	
ENSEEEP00000011778	ENSEEEG00000005930	MRPL52	ENSPKIP00000023464	ENSPKIG00000007085	mrpl52
ENSEEEP00000053192	ENSEEEG00000028592	irak1bp1	ENSPKIP00000008535	ENSPKIG00000023989	irak1bp1
ENSEEEP00000027656	ENSEEEG00000013322	DPF3	ENSPKIP00000013534	ENSPKIG00000000924	dpf3
ENSEEEP00000054492	ENSEEEG00000025979	SPA17	ENSPKIP00000020406	ENSPKIG00000005201	SPA17
ENSEEEP00000011269	ENSEEEG00000005712	GALK1	ENSPKIP00000041673	ENSPKIG00000018126	galk1
ENSEEEP00000019370	ENSEEEG00000009491	C3orf70	ENSPKIP00000028173	ENSPKIG00000009919	si:dkey-22o12.2
ENSEEEP00000053374	ENSEEEG00000027486		ENSPKIP00000009772	ENSPKIG00000024751	
ENSEEEP00000036787	ENSEEEG00000017464	dact3a	ENSPKIP00000013686	ENSPKIG00000001031	dact3a
ENSEEEP00000058435	ENSEEEG00000025559	bloc1s5	ENSPKIP00000024329	ENSPKIG00000007629	bloc1s5
ENSEEEP00000050525	ENSEEEG00000023759	ZNF217	ENSPKIP00000023589	ENSPKIG00000007163	znf217
ENSEEEP00000036790	ENSEEEG00000017465	HINT1	ENSPKIP00000003743	ENSPKIG00000021119	hint1
ENSEEEP00000033933	ENSEEEG00000016163	scn3b	ENSPKIP00000020359	ENSPKIG00000005172	SCN3B
ENSEEEP00000019003	ENSEEEG00000009319	CKAP2L	ENSPKIP00000002161	ENSPKIG00000020166	ckap2l
ENSEEEP00000024010	ENSEEEG00000011642	MTF2	ENSPKIP00000020030	ENSPKIG00000004962	mtf2
ENSEEEP00000011286	ENSEEEG00000005721	EFCAB11	ENSPKIP00000026719	ENSPKIG00000009091	efcab11
ENSEEEP00000027651	ENSEEEG00000013318	wdr21	ENSPKIP00000004154	ENSPKIG00000021382	
ENSEEEP00000052971	ENSEEEG00000026149		ENSPKIP00000001100	ENSPKIG00000019522	
ENSEEEP00000036792	ENSEEEG00000017468	MINAR2	ENSPKIP00000003800	ENSPKIG00000021141	minar2
ENSEEEP00000005900	ENSEEEG00000003133	RAI2	ENSPKIP00000033611	ENSPKIG00000013265	RAI2
ENSEEEP00000003114	ENSEEEG00000001767	malb	ENSPKIP00000005423	ENSPKIG00000022101	malb
ENSEEEP00000019093	ENSEEEG00000009332	h2az2a	ENSPKIP00000027145	ENSPKIG00000009326	h2az2a
ENSEEEP00000011278	ENSEEEG00000005713	twnk	ENSPKIP00000032644	ENSPKIG00000012661	twnk
ENSEEEP00000056721	ENSEEEG00000022820	FDXR	ENSPKIP00000005252	ENSPKIG00000021979	
ENSEEEP00000037075	ENSEEEG00000017608	fpr1	ENSPKIP00000014458	ENSPKIG00000001517	fpr1
ENSEEEP00000011283	ENSEEEG00000005718	ston2	ENSPKIP00000026645	ENSPKIG00000009039	ston2
ENSEEEP00000036806	ENSEEEG00000017469	ISOC1	ENSPKIP00000003949	ENSPKIG00000021245	isoc1
ENSEEEP00000011279	ENSEEEG00000005715	MRPL43	ENSPKIP00000032672	ENSPKIG00000012675	mrpl43
ENSEEEP00000001980	ENSEEEG00000001233	srsf7b	ENSPKIP00000040471	ENSPKIG00000017425	srsf7b
ENSEEEP00000037074	ENSEEEG00000017607	si:dkeyp-84f3.5	ENSPKIP00000014448	ENSPKIG00000001511	
ENSEEEP00000034902	ENSEEEG00000016601	si:ch211-14k19.8	ENSPKIP00000033157	ENSPKIG00000012974	
ENSEEEP00000055408	ENSEEEG00000028182	CYB5D2	ENSPKIP00000041143	ENSPKIG00000017813	cyb5d2
ENSEEEP00000050516	ENSEEEG00000023755	ZFP64	ENSPKIP00000023489	ENSPKIG00000007097	zfp64
ENSEEEP00000021292	ENSEEEG00000010376	minpp1b	ENSPKIP00000010397	ENSPKIG00000025134	minpp1b
ENSEEEP00000011280	ENSEEEG00000005717	dio2	ENSPKIP00000026602	ENSPKIG00000009017	dio2
ENSEEEP00000019165	ENSEEEG00000009096	VPS8	ENSPKIP00000032870	ENSPKIG00000012798	vps8
ENSEEEP00000033946	ENSEEEG00000016169	ankk1	ENSPKIP00000020284	ENSPKIG00000005120	ankk1
ENSEEEP00000056648	ENSEEEG00000026549	GEMIN6	ENSPKIP00000040562	ENSPKIG00000017473	gemin6
ENSEEEP00000019094	ENSEEEG00000009371	hs3st1l2	ENSPKIP00000016882	ENSPKIG00000003027	hs3st1l2
ENSEEEP00000044485	ENSEEEG00000021014	GATA4	ENSPKIP00000019757	ENSPKIG00000004796	gata4
ENSEEEP00000033554	ENSEEEG00000015961		ENSPKIP00000024133	ENSPKIG00000007506	
ENSEEEP00000045733	ENSEEEG00000021439	hpxa	ENSPKIP00000030514	ENSPKIG00000011323	hpxa
ENSEEEP00000037042	ENSEEEG00000017592	ZFHX3	ENSPKIP00000025353	ENSPKIG00000008263	
ENSEEEP00000045941	ENSEEEG00000021649	kmt5aa	ENSPKIP00000014278	ENSPKIG00000001401	kmt5ab
ENSEEEP00000014884	ENSEEEG00000007409	EXOG	ENSPKIP00000015706	ENSPKIG00000002329	EXOG
ENSEEEP00000045938	ENSEEEG00000021648	SNRNP35	ENSPKIP00000020438	ENSPKIG00000005221	snrnp35
ENSEEEP00000045935	ENSEEEG00000021647	RILPL1	ENSPKIP00000014162	ENSPKIG00000001328	RILPL1
ENSEEEP00000033541	ENSEEEG00000015943	SLC35B3	ENSPKIP00000024210	ENSPKIG00000007555	slc35b3
ENSEEEP00000033950	ENSEEEG00000016172		ENSPKIP00000020190	ENSPKIG00000005060	ttc12
ENSEEEP00000044466	ENSEEEG00000021012	FDFT1	ENSPKIP00000019848	ENSPKIG00000004839	fdft1
ENSEEEP00000020257	ENSEEEG00000009889	TRDMT1	ENSPKIP00000018093	ENSPKIG00000003764	trdmt1
ENSEEEP00000033953	ENSEEEG00000016176	zgc:162608	ENSPKIP00000027773	ENSPKIG00000009696	
ENSEEEP00000045902	ENSEEEG00000021637	BICDL1	ENSPKIP00000013921	ENSPKIG00000001151	
ENSEEEP00000013164	ENSEEEG00000006612	SETD6	ENSPKIP00000007643	ENSPKIG00000023460	setd6
ENSEEEP00000011289	ENSEEEG00000005723	MFSD13A	ENSPKIP00000032816	ENSPKIG00000012741	slc68a1a
ENSEEEP00000020248	ENSEEEG00000009887	VIM	ENSPKIP00000015585	ENSPKIG00000002252	viml
ENSEEEP00000056502	ENSEEEG00000014016	ANKFY1	ENSPKIP00000041211	ENSPKIG00000017845	ankfy1
ENSEEEP00000009750	ENSEEEG00000004960	PRDX3	ENSPKIP00000000277	ENSPKIG00000019015	prdx3
ENSEEEP00000057126	ENSEEEG00000027553	ZNF407	ENSPKIP00000034117	ENSPKIG00000013574	znf407
ENSEEEP00000045873	ENSEEEG00000021595	DENR	ENSPKIP00000013819	ENSPKIG00000001107	denr
ENSEEEP00000010928	ENSEEEG00000005536	SLC7A4	ENSPKIP00000006659	ENSPKIG00000022848	slc7a4
ENSEEEP00000019451	ENSEEEG00000009531	sntg2	ENSPKIP00000038304	ENSPKIG00000016120	sntg2
ENSEEEP00000057966	ENSEEEG00000027293	USP42	ENSPKIP00000025554	ENSPKIG00000008385	usp42
ENSEEEP00000056041	ENSEEEG00000005539	mhc2dab	ENSPKIP00000035977	ENSPKIG00000014727	
ENSEEEP00000060059	ENSEEEG00000008442	PTGR3	ENSPKIP00000034088	ENSPKIG00000013560	PTGR3
ENSEEEP00000044403	ENSEEEG00000020948	NCOA7	ENSPKIP00000031808	ENSPKIG00000012149	NCOA7
ENSEEEP00000033514	ENSEEEG00000015935	eef1e1	ENSPKIP00000024303	ENSPKIG00000007608	
ENSEEEP00000037306	ENSEEEG00000017735	spi2	ENSPKIP00000030884	ENSPKIG00000011591	
ENSEEEP00000058071	ENSEEEG00000025973	rbm24a	ENSPKIP00000014754	ENSPKIG00000001701	
ENSEEEP00000011318	ENSEEEG00000005732	SFXN2	ENSPKIP00000033128	ENSPKIG00000012936	sfxn2
ENSEEEP00000037305	ENSEEEG00000017733	SPIC	ENSPKIP00000023473	ENSPKIG00000007092	spic
ENSEEEP00000018702	ENSEEEG00000009087	alcamb	ENSPKIP00000031042	ENSPKIG00000011629	alcama
ENSEEEP00000033501	ENSEEEG00000015924	tmem14ca	ENSPKIP00000023979	ENSPKIG00000007407	tmem14ca
ENSEEEP00000012922	ENSEEEG00000006485		ENSPKIP00000021280	ENSPKIG00000005732	nitr12
ENSEEEP00000005827	ENSEEEG00000003073	TTC29	ENSPKIP00000038527	ENSPKIG00000016257	TTC29
ENSEEEP00000055275	ENSEEEG00000011900	zgc:123107	ENSPKIP00000036037	ENSPKIG00000014758	
ENSEEEP00000059517	ENSEEEG00000027588	zgc:163057	ENSPKIP00000016236	ENSPKIG00000002646	hbae4
ENSEEEP00000033487	ENSEEEG00000015919	MAK	ENSPKIP00000025278	ENSPKIG00000008208	mak
ENSEEEP00000037301	ENSEEEG00000017731		ENSPKIP00000014889	ENSPKIG00000001801	
ENSEEEP00000011022	ENSEEEG00000005006	IDE	ENSPKIP00000038172	ENSPKIG00000016018	ide
ENSEEEP00000033882	ENSEEEG00000016132	NUP153	ENSPKIP00000014794	ENSPKIG00000001734	nup153
ENSEEEP00000037298	ENSEEEG00000017728	avpr2l	ENSPKIP00000033217	ENSPKIG00000013008	avpr2l
ENSEEEP00000009005	ENSEEEG00000004370	SMG7	ENSPKIP00000023776	ENSPKIG00000007242	smg7
ENSEEEP00000019431	ENSEEEG00000009522	BDKRB2	ENSPKIP00000001958	ENSPKIG00000020042	BDKRB2
ENSEEEP00000034888	ENSEEEG00000016593	si:dkeyp-113d7.1	ENSPKIP00000036090	ENSPKIG00000014786	
ENSEEEP00000017920	ENSEEEG00000008841	PRPF38A	ENSPKIP00000030658	ENSPKIG00000011439	prpf38a
ENSEEEP00000011332	ENSEEEG00000005738	timp2a	ENSPKIP00000033195	ENSPKIG00000012987	timp2b
ENSEEEP00000034889	ENSEEEG00000016594	si:dkeyp-113d7.10	ENSPKIP00000036067	ENSPKIG00000014778	
ENSEEEP00000054786	ENSEEEG00000016144	krit1	ENSPKIP00000041259	ENSPKIG00000017853	krit1
ENSEEEP00000000773	ENSEEEG00000000528	zgc:103586	ENSPKIP00000023043	ENSPKIG00000006828	zgc:103586
ENSEEEP00000037628	ENSEEEG00000017770	appl2	ENSPKIP00000031400	ENSPKIG00000011883	
ENSEEEP00000045805	ENSEEEG00000021593		ENSPKIP00000037513	ENSPKIG00000015668	
ENSEEEP00000011857	ENSEEEG00000005973	LRP10	ENSPKIP00000023695	ENSPKIG00000007221	lrp10
ENSEEEP00000033478	ENSEEEG00000015914	ELOVL2	ENSPKIP00000023756	ENSPKIG00000007247	ELOVL2
ENSEEEP00000017916	ENSEEEG00000008802	ORC1	ENSPKIP00000030797	ENSPKIG00000011491	orc1
ENSEEEP00000002563	ENSEEEG00000001477		ENSPKIP00000004698	ENSPKIG00000021698	
ENSEEEP00000000793	ENSEEEG00000000541	si:dkey-19b23.7	ENSPKIP00000021881	ENSPKIG00000006106	si:dkey-19b23.7
ENSEEEP00000002564	ENSEEEG00000001479	ASTE1	ENSPKIP00000004683	ENSPKIG00000021687	
ENSEEEP00000053505	ENSEEEG00000028180	mbpb	ENSPKIP00000034017	ENSPKIG00000013514	MBP
ENSEEEP00000059305	ENSEEEG00000028137		ENSPKIP00000018407	ENSPKIG00000003983	itprid1
ENSEEEP00000000796	ENSEEEG00000000546	tnfsf12	ENSPKIP00000022036	ENSPKIG00000006202	tnfsf12
ENSEEEP00000002572	ENSEEEG00000001483	WIPF3	ENSPKIP00000012146	ENSPKIG00000000045	wipf3
ENSEEEP00000020225	ENSEEEG00000009875	neurod6a	ENSPKIP00000018463	ENSPKIG00000004022	neurod6a
ENSEEEP00000019039	ENSEEEG00000009348	MRPL41	ENSPKIP00000009977	ENSPKIG00000024870	mrpl41
ENSEEEP00000020849	ENSEEEG00000010164	foxj1b	ENSPKIP00000006093	ENSPKIG00000022515	foxj1b
ENSEEEP00000045793	ENSEEEG00000021588	DUSP26	ENSPKIP00000000975	ENSPKIG00000019436	dusp26
ENSEEEP00000015181	ENSEEEG00000007568	ccnd2a	ENSPKIP00000012096	ENSPKIG00000000012	ccnd2b
ENSEEEP00000020220	ENSEEEG00000009871	EIF1B	ENSPKIP00000018491	ENSPKIG00000004040	eif1b
ENSEEEP00000019042	ENSEEEG00000009349	DPH7	ENSPKIP00000009988	ENSPKIG00000024878	dph7
ENSEEEP00000033927	ENSEEEG00000016157	si:ch211-153f2.3	ENSPKIP00000000049	ENSPKIG00000018870	si:ch211-153f2.3
ENSEEEP00000059297	ENSEEEG00000027075		ENSPKIP00000022206	ENSPKIG00000006308	
ENSEEEP00000049458	ENSEEEG00000023246	SELPLG	ENSPKIP00000040354	ENSPKIG00000017354	
ENSEEEP00000019045	ENSEEEG00000009350	PAXX	ENSPKIP00000009982	ENSPKIG00000024876	
ENSEEEP00000049455	ENSEEEG00000023245	tmem119a	ENSPKIP00000010492	ENSPKIG00000025194	
ENSEEEP00000021207	ENSEEEG00000010197	PMS2	ENSPKIP00000025753	ENSPKIG00000008483	pms2
ENSEEEP00000033929	ENSEEEG00000016160	UTP23	ENSPKIP00000011208	ENSPKIG00000018790	utp23
ENSEEEP00000049453	ENSEEEG00000023244	si:ch211-191d15.2	ENSPKIP00000010494	ENSPKIG00000025198	si:ch211-191d15.2
ENSEEEP00000040178	ENSEEEG00000019056	CGAS	ENSPKIP00000022656	ENSPKIG00000006564	cgasa
ENSEEEP00000019048	ENSEEEG00000009351	si:ch211-102c2.7	ENSPKIP00000006581	ENSPKIG00000022805	ccdc117
ENSEEEP00000002583	ENSEEEG00000001491	TRIL	ENSPKIP00000012209	ENSPKIG00000000080	tril
ENSEEEP00000049451	ENSEEEG00000023242	ISCU	ENSPKIP00000040317	ENSPKIG00000017322	iscub
ENSEEEP00000020207	ENSEEEG00000009868	prss59.1	ENSPKIP00000008895	ENSPKIG00000024206	
ENSEEEP00000019056	ENSEEEG00000009354	TCN2	ENSPKIP00000006553	ENSPKIG00000022785	tcn2
ENSEEEP00000064002	ENSEEEG00000005758	SRSF4	ENSPKIP00000006816	ENSPKIG00000022936	
ENSEEEP00000006996	ENSEEEG00000003674	SCARA5	ENSPKIP00000038004	ENSPKIG00000015968	SCARA5
ENSEEEP00000007917	ENSEEEG00000004133	cx28.8	ENSPKIP00000040855	ENSPKIG00000017656	gjb7
ENSEEEP00000061233	ENSEEEG00000001393	INTS2	ENSPKIP00000002390	ENSPKIG00000020268	ints2
ENSEEEP00000064412	ENSEEEG00000019059	ddx43	ENSPKIP00000016751	ENSPKIG00000002941	ddx43
ENSEEEP00000011396	ENSEEEG00000005759	COQ3	ENSPKIP00000006843	ENSPKIG00000022973	COQ3
ENSEEEP00000064053	ENSEEEG00000025743	smim8	ENSPKIP00000040877	ENSPKIG00000017672	smim8
ENSEEEP00000007209	ENSEEEG00000001869	actr1	ENSPKIP00000040954	ENSPKIG00000017702	si:ch211-241j12.3
ENSEEEP00000044327	ENSEEEG00000020944	BPHL	ENSPKIP00000026127	ENSPKIG00000008728	BPHL
ENSEEEP00000025827	ENSEEEG00000012518	DPH6	ENSPKIP00000027279	ENSPKIG00000009415	dph6
ENSEEEP00000056926	ENSEEEG00000025480	FGF6	ENSPKIP00000040025	ENSPKIG00000017150	FGF6
ENSEEEP00000044325	ENSEEEG00000020942	psmg4	ENSPKIP00000025955	ENSPKIG00000008624	
ENSEEEP00000038080	ENSEEEG00000018091	sox7	ENSPKIP00000019227	ENSPKIG00000004485	sox7
ENSEEEP00000017816	ENSEEEG00000008792	mpl	ENSPKIP00000030896	ENSPKIG00000011598	mpl
ENSEEEP00000042459	ENSEEEG00000020046	nitr13	ENSPKIP00000008460	ENSPKIG00000023944	
ENSEEEP00000015608	ENSEEEG00000007741	CDIN1	ENSPKIP00000002040	ENSPKIG00000020090	cdin1
ENSEEEP00000019472	ENSEEEG00000009545	PINX1	ENSPKIP00000019174	ENSPKIG00000004453	pinx1
ENSEEEP00000033963	ENSEEEG00000016185	TRPS1	ENSPKIP00000011754	ENSPKIG00000018718	trps1
ENSEEEP00000054798	ENSEEEG00000025499	ZC3H12A	ENSPKIP00000001410	ENSPKIG00000019720	ZC3H12A
ENSEEEP00000034949	ENSEEEG00000016628		ENSPKIP00000040372	ENSPKIG00000017359	nme2a
ENSEEEP00000015242	ENSEEEG00000007585	zgc:77158	ENSPKIP00000040067	ENSPKIG00000017181	zgc:77158
ENSEEEP00000056747	ENSEEEG00000014667	HACL1	ENSPKIP00000026095	ENSPKIG00000008678	hacl1
ENSEEEP00000007008	ENSEEEG00000003695	TAB2	ENSPKIP00000001360	ENSPKIG00000019689	tab2
ENSEEEP00000006602	ENSEEEG00000003499	mmp11b	ENSPKIP00000036573	ENSPKIG00000015091	mmp11a
ENSEEEP00000015247	ENSEEEG00000007586	C12orf4	ENSPKIP00000040166	ENSPKIG00000017211	zgc:154077
ENSEEEP00000019417	ENSEEEG00000009363	IMP4	ENSPKIP00000018622	ENSPKIG00000004119	imp4
ENSEEEP00000003166	ENSEEEG00000001787	RPF2	ENSPKIP00000001090	ENSPKIG00000019506	rpf2
ENSEEEP00000021154	ENSEEEG00000010314	fam78ba	ENSPKIP00000036439	ENSPKIG00000015016	fam78bb
ENSEEEP00000042452	ENSEEEG00000020043		ENSPKIP00000008114	ENSPKIG00000023752	
ENSEEEP00000049448	ENSEEEG00000023238	SART3	ENSPKIP00000010507	ENSPKIG00000025203	sart3
ENSEEEP00000011432	ENSEEEG00000005775	FBXL4	ENSPKIP00000006903	ENSPKIG00000022995	fbxl4
ENSEEEP00000034969	ENSEEEG00000016629	UTP18	ENSPKIP00000020783	ENSPKIG00000005441	UTP18
ENSEEEP00000021157	ENSEEEG00000010315	CMPK1	ENSPKIP00000036416	ENSPKIG00000014992	CMPK1
ENSEEEP00000056605	ENSEEEG00000025015	APAF1	ENSPKIP00000021399	ENSPKIG00000005791	apaf1
ENSEEEP00000042447	ENSEEEG00000020041	znf16l	ENSPKIP00000038990	ENSPKIG00000016544	znf16l
ENSEEEP00000002598	ENSEEEG00000001499	EVX1	ENSPKIP00000012349	ENSPKIG00000000173	EVX1
ENSEEEP00000063555	ENSEEEG00000028062	NEDD8	ENSPKIP00000027335	ENSPKIG00000009445	nedd8
ENSEEEP00000020239	ENSEEEG00000009874	MMS22L	ENSPKIP00000011947	ENSPKIG00000025598	mms22l
ENSEEEP00000044312	ENSEEEG00000020937	TBC1D7	ENSPKIP00000024914	ENSPKIG00000007972	tbc1d7
ENSEEEP00000021164	ENSEEEG00000010319	tctex1d1	ENSPKIP00000000132	ENSPKIG00000018906	dynlt5
ENSEEEP00000063010	ENSEEEG00000018205		ENSPKIP00000020484	ENSPKIG00000005246	cfap65
ENSEEEP00000015262	ENSEEEG00000007590	ndufa9a	ENSPKIP00000008621	ENSPKIG00000024032	ndufa9a
ENSEEEP00000042442	ENSEEEG00000020036	rce1a	ENSPKIP00000038906	ENSPKIG00000016491	rce1a
ENSEEEP00000019423	ENSEEEG00000009518	CCM2	ENSPKIP00000018912	ENSPKIG00000004285	ccm2
ENSEEEP00000052220	ENSEEEG00000024483	RS1	ENSPKIP00000033785	ENSPKIG00000013367	
ENSEEEP00000028636	ENSEEEG00000013718	ACSM3	ENSPKIP00000035546	ENSPKIG00000014461	acsm3
ENSEEEP00000025908	ENSEEEG00000012544	MPPE1	ENSPKIP00000025561	ENSPKIG00000008384	mppe1
ENSEEEP00000044303	ENSEEEG00000020928	eef1db	ENSPKIP00000015673	ENSPKIG00000002308	eef1da
ENSEEEP00000006592	ENSEEEG00000003488	DYM	ENSPKIP00000028403	ENSPKIG00000010050	dym
ENSEEEP00000011675	ENSEEEG00000005868	PGS1	ENSPKIP00000033593	ENSPKIG00000013232	pgs1
ENSEEEP00000002611	ENSEEEG00000001507	hoxa5a	ENSPKIP00000012541	ENSPKIG00000000291	hoxa5a
ENSEEEP00000002612	ENSEEEG00000001508	HOXA4	ENSPKIP00000012564	ENSPKIG00000000314	HOXA4
ENSEEEP00000021058	ENSEEEG00000010271	prr18	ENSPKIP00000023208	ENSPKIG00000006923	prr18
ENSEEEP00000002614	ENSEEEG00000001510	hoxa4a	ENSPKIP00000012553	ENSPKIG00000000306	hoxa3a
ENSEEEP00000027633	ENSEEEG00000013310	PIGH	ENSPKIP00000004198	ENSPKIG00000021400	pigh
ENSEEEP00000061797	ENSEEEG00000029163	SFT2D1	ENSPKIP00000023365	ENSPKIG00000006967	sft2d1
ENSEEEP00000008069	ENSEEEG00000004207	PHOX2A	ENSPKIP00000006733	ENSPKIG00000022891	phox2a
ENSEEEP00000059650	ENSEEEG00000026639	ENPP5	ENSPKIP00000018802	ENSPKIG00000004232	enpp5
ENSEEEP00000019478	ENSEEEG00000009550	si:ch211-207k7.4	ENSPKIP00000032131	ENSPKIG00000012344	hscb
ENSEEEP00000017363	ENSEEEG00000008580		ENSPKIP00000019457	ENSPKIG00000004612	si:ch73-185c24.2
ENSEEEP00000027631	ENSEEEG00000013308	RHOV	ENSPKIP00000013312	ENSPKIG00000000786	rhov
ENSEEEP00000045751	ENSEEEG00000021568	pargl	ENSPKIP00000020261	ENSPKIG00000005078	parga
ENSEEEP00000027628	ENSEEEG00000013305	VPS18	ENSPKIP00000013260	ENSPKIG00000000753	vps18
ENSEEEP00000021983	ENSEEEG00000010677	urm1	ENSPKIP00000004295	ENSPKIG00000021455	URM1
ENSEEEP00000023777	ENSEEEG00000011525	UBXN11	ENSPKIP00000005723	ENSPKIG00000022285	ubxn11
ENSEEEP00000012108	ENSEEEG00000006104	SVEP1	ENSPKIP00000037310	ENSPKIG00000015493	svep1
ENSEEEP00000002623	ENSEEEG00000001513	hoxa1a	ENSPKIP00000012590	ENSPKIG00000000337	hoxa1a
ENSEEEP00000044290	ENSEEEG00000020927	PYCR3	ENSPKIP00000026032	ENSPKIG00000008677	pycr3
ENSEEEP00000020247	ENSEEEG00000009885	KLHL32	ENSPKIP00000011972	ENSPKIG00000025636	klhl32
ENSEEEP00000023784	ENSEEEG00000011530	CEP85	ENSPKIP00000005812	ENSPKIG00000022345	cep85
ENSEEEP00000034115	ENSEEEG00000016240	si:ch211-137a8.4	ENSPKIP00000021216	ENSPKIG00000005709	si:ch211-137a8.4
ENSEEEP00000011676	ENSEEEG00000005873	socs3b	ENSPKIP00000033699	ENSPKIG00000013300	socs3a
ENSEEEP00000053673	ENSEEEG00000003479	CTIF	ENSPKIP00000030352	ENSPKIG00000011234	ctif
ENSEEEP00000002683	ENSEEEG00000001519	snx10a	ENSPKIP00000012607	ENSPKIG00000000346	snx10a
ENSEEEP00000011677	ENSEEEG00000005874	tha1	ENSPKIP00000027798	ENSPKIG00000009697	tha1
ENSEEEP00000062481	ENSEEEG00000015185	nuak2	ENSPKIP00000014818	ENSPKIG00000001753	nuak2
ENSEEEP00000055580	ENSEEEG00000028565	ubald1b	ENSPKIP00000005918	ENSPKIG00000022409	ubald1b
ENSEEEP00000050488	ENSEEEG00000023739	cebp1	ENSPKIP00000025271	ENSPKIG00000008206	
ENSEEEP00000057597	ENSEEEG00000013268	INO80	ENSPKIP00000004344	ENSPKIG00000021450	ino80
ENSEEEP00000011678	ENSEEEG00000005875	birc5a	ENSPKIP00000033797	ENSPKIG00000013378	birc5a
ENSEEEP00000062690	ENSEEEG00000009498	AKIRIN2	ENSPKIP00000041285	ENSPKIG00000017899	akirin2
ENSEEEP00000019311	ENSEEEG00000009457	tnfaip2a	ENSPKIP00000027799	ENSPKIG00000009703	
ENSEEEP00000020249	ENSEEEG00000009888	calhm5.2	ENSPKIP00000012000	ENSPKIG00000025628	calhm5.2
ENSEEEP00000006720	ENSEEEG00000003560	CDK20	ENSPKIP00000008624	ENSPKIG00000024030	cdk20
ENSEEEP00000056529	ENSEEEG00000020028	rab1aa	ENSPKIP00000038830	ENSPKIG00000016450	rab1ba
ENSEEEP00000050484	ENSEEEG00000023736	SLC22A17	ENSPKIP00000025297	ENSPKIG00000008226	SLC22A17
ENSEEEP00000020259	ENSEEEG00000009890	RWDD1	ENSPKIP00000012006	ENSPKIG00000025660	rwdd1
ENSEEEP00000064138	ENSEEEG00000026749	DNAJB2	ENSPKIP00000015092	ENSPKIG00000001907	dnajb2
ENSEEEP00000020901	ENSEEEG00000010192	mrtfba	ENSPKIP00000005888	ENSPKIG00000022392	
ENSEEEP00000055021	ENSEEEG00000001785	SLC16A10	ENSPKIP00000001037	ENSPKIG00000019474	slc16a10
ENSEEEP00000025895	ENSEEEG00000012542		ENSPKIP00000022600	ENSPKIG00000006547	
ENSEEEP00000051144	ENSEEEG00000024013	CHIC2	ENSPKIP00000038149	ENSPKIG00000016044	chic2
ENSEEEP00000058231	ENSEEEG00000025939		ENSPKIP00000021940	ENSPKIG00000006145	
ENSEEEP00000006568	ENSEEEG00000003474	S1PR3	ENSPKIP00000030255	ENSPKIG00000011190	S1PR3
ENSEEEP00000020903	ENSEEEG00000010194	ERCC4	ENSPKIP00000038711	ENSPKIG00000016373	ercc4
ENSEEEP00000052734	ENSEEEG00000011534	mtdhb	ENSPKIP00000038377	ENSPKIG00000016174	
ENSEEEP00000019380	ENSEEEG00000009493	ORC3	ENSPKIP00000038696	ENSPKIG00000016370	orc3
ENSEEEP00000020262	ENSEEEG00000009895		ENSPKIP00000012012	ENSPKIG00000025625	
ENSEEEP00000005414	ENSEEEG00000002837	vstm4b	ENSPKIP00000039027	ENSPKIG00000016571	VSTM4
ENSEEEP00000025894	ENSEEEG00000012541		ENSPKIP00000022530	ENSPKIG00000006488	cd38
ENSEEEP00000051139	ENSEEEG00000024010	fip1l1b	ENSPKIP00000017584	ENSPKIG00000003396	fip1l1b
ENSEEEP00000062883	ENSEEEG00000009897	zufsp	ENSPKIP00000012031	ENSPKIG00000025593	zufsp
ENSEEEP00000041050	ENSEEEG00000019438	ybx1	ENSPKIP00000032363	ENSPKIG00000012488	ybx1
ENSEEEP00000005409	ENSEEEG00000002829		ENSPKIP00000039104	ENSPKIG00000016596	
ENSEEEP00000006564	ENSEEEG00000003470	shc3	ENSPKIP00000030118	ENSPKIG00000011090	shc3
ENSEEEP00000033636	ENSEEEG00000015918	dnai2b	ENSPKIP00000031265	ENSPKIG00000011804	dnai2b
ENSEEEP00000015811	ENSEEEG00000007819	SPRED1	ENSPKIP00000006173	ENSPKIG00000022559	spred1
ENSEEEP00000019296	ENSEEEG00000009450	si:dkeyp-72h1.1	ENSPKIP00000001835	ENSPKIG00000019973	
ENSEEEP00000023790	ENSEEEG00000011537	si:dkey-199f5.8	ENSPKIP00000008251	ENSPKIG00000023822	si:dkey-199f5.8
ENSEEEP00000020905	ENSEEEG00000010195	CPPED1	ENSPKIP00000038791	ENSPKIG00000016430	cpped1
ENSEEEP00000022062	ENSEEEG00000010699	SARDH	ENSPKIP00000004161	ENSPKIG00000021365	sardh
ENSEEEP00000020911	ENSEEEG00000010196	shisa9a	ENSPKIP00000038822	ENSPKIG00000016449	shisa9a
ENSEEEP00000002767	ENSEEEG00000001557	cbx3a	ENSPKIP00000012625	ENSPKIG00000000364	cbx3a
ENSEEEP00000023802	ENSEEEG00000011541	PSMC4	ENSPKIP00000034637	ENSPKIG00000013880	psmc4
ENSEEEP00000025892	ENSEEEG00000012540	IMPA1	ENSPKIP00000028338	ENSPKIG00000010002	IMPA1
ENSEEEP00000015815	ENSEEEG00000007822	FAM98B	ENSPKIP00000005407	ENSPKIG00000022087	FAM98B
ENSEEEP00000047141	ENSEEEG00000022188	ADCK1	ENSPKIP00000026410	ENSPKIG00000008899	adck1
ENSEEEP00000048501	ENSEEEG00000022822	MRPL38	ENSPKIP00000005308	ENSPKIG00000022027	mrpl38
ENSEEEP00000019491	ENSEEEG00000009559	SCARF2	ENSPKIP00000032237	ENSPKIG00000012399	SCARF2
ENSEEEP00000041061	ENSEEEG00000019439	PPIH	ENSPKIP00000033133	ENSPKIG00000012944	ppih
ENSEEEP00000019226	ENSEEEG00000009260	ifrd1	ENSPKIP00000030216	ENSPKIG00000011125	ifrd1
ENSEEEP00000015882	ENSEEEG00000007826	atxn3	ENSPKIP00000020184	ENSPKIG00000005056	atxn3
ENSEEEP00000047137	ENSEEEG00000022186	SLIRP	ENSPKIP00000026282	ENSPKIG00000008831	slirp
ENSEEEP00000057746	ENSEEEG00000027991	gpc5a	ENSPKIP00000022376	ENSPKIG00000006408	gpc5a
ENSEEEP00000021010	ENSEEEG00000010199	SNX29	ENSPKIP00000006641	ENSPKIG00000022833	snx29
ENSEEEP00000003147	ENSEEEG00000001783	MFSD4B	ENSPKIP00000001007	ENSPKIG00000019462	slc60a2b
ENSEEEP00000015430	ENSEEEG00000007659	GLT1D1	ENSPKIP00000005914	ENSPKIG00000022406	glt1d1
ENSEEEP00000047133	ENSEEEG00000022184	ALKBH1	ENSPKIP00000036369	ENSPKIG00000014959	alkbh1
ENSEEEP00000025205	ENSEEEG00000012222	KLHL7	ENSPKIP00000005967	ENSPKIG00000022428	klhl7
ENSEEEP00000059130	ENSEEEG00000006108	si:dkey-11k2.7	ENSPKIP00000038884	ENSPKIG00000016407	ptgr1.1
ENSEEEP00000018397	ENSEEEG00000009036		ENSPKIP00000000833	ENSPKIG00000019348	rev3l
ENSEEEP00000018338	ENSEEEG00000009007	FEZ1	ENSPKIP00000020051	ENSPKIG00000004972	fez1
ENSEEEP00000062760	ENSEEEG00000027326		ENSPKIP00000038413	ENSPKIG00000016197	
ENSEEEP00000029464	ENSEEEG00000014112	CLN8	ENSPKIP00000005629	ENSPKIG00000022229	cln8
ENSEEEP00000038603	ENSEEEG00000018324	zgc:101731	ENSPKIP00000021624	ENSPKIG00000005953	zgc:101731
ENSEEEP00000018162	ENSEEEG00000008933	MTERF3	ENSPKIP00000020788	ENSPKIG00000005444	mterf3
ENSEEEP00000025196	ENSEEEG00000012217	LRRC3B	ENSPKIP00000028399	ENSPKIG00000010062	lrrc3b
ENSEEEP00000006654	ENSEEEG00000003531	gas1a	ENSPKIP00000017397	ENSPKIG00000003338	gas1b
ENSEEEP00000054634	ENSEEEG00000008932	UQCRB	ENSPKIP00000020727	ENSPKIG00000005311	uqcrb
ENSEEEP00000016322	ENSEEEG00000008070	CENPP	ENSPKIP00000010370	ENSPKIG00000025115	cenpp
ENSEEEP00000015427	ENSEEEG00000007657	SLC15A4	ENSPKIP00000005891	ENSPKIG00000022377	slc15a4
ENSEEEP00000028832	ENSEEEG00000013844	traf3ip2a	ENSPKIP00000039550	ENSPKIG00000016873	
ENSEEEP00000058343	ENSEEEG00000027317	RBM38	ENSPKIP00000041786	ENSPKIG00000018122	rbm38
ENSEEEP00000006739	ENSEEEG00000003563	IRAK1	ENSPKIP00000008546	ENSPKIG00000023994	irak1
ENSEEEP00000016354	ENSEEEG00000008077	ECM2	ENSPKIP00000010378	ENSPKIG00000025120	ECM2
ENSEEEP00000023808	ENSEEEG00000011548	scn1ba	ENSPKIP00000028911	ENSPKIG00000010360	scn1ba
ENSEEEP00000018158	ENSEEEG00000008931	LRRC14B	ENSPKIP00000020497	ENSPKIG00000005256	lrrc14b
ENSEEEP00000038598	ENSEEEG00000018323	zgc:113149	ENSPKIP00000021691	ENSPKIG00000005987	zgc:113149
ENSEEEP00000012118	ENSEEEG00000006109	HAUS3	ENSPKIP00000037119	ENSPKIG00000015434	haus3
ENSEEEP00000006503	ENSEEEG00000003103	DMGDH	ENSPKIP00000041065	ENSPKIG00000017764	dmgdh
ENSEEEP00000018157	ENSEEEG00000008930	nkd3	ENSPKIP00000020462	ENSPKIG00000005235	
ENSEEEP00000063393	ENSEEEG00000028556	dtx3	ENSPKIP00000039282	ENSPKIG00000016692	dtx3
ENSEEEP00000034978	ENSEEEG00000016633	zgc:158376	ENSPKIP00000025500	ENSPKIG00000008308	
ENSEEEP00000041070	ENSEEEG00000019442	si:dkeyp-100a1.6	ENSPKIP00000032418	ENSPKIG00000012524	
ENSEEEP00000012124	ENSEEEG00000006113	POLN	ENSPKIP00000037050	ENSPKIG00000015380	poln
ENSEEEP00000006746	ENSEEEG00000003570	MECP2	ENSPKIP00000008532	ENSPKIG00000023979	mecp2
ENSEEEP00000064420	ENSEEEG00000024316	RAE1	ENSPKIP00000041906	ENSPKIG00000018254	rae1
ENSEEEP00000057872	ENSEEEG00000027805	BICDL1	ENSPKIP00000010302	ENSPKIG00000025071	bicdl1
ENSEEEP00000002776	ENSEEEG00000001593	NFE2L3	ENSPKIP00000012644	ENSPKIG00000000374	nfe2l3
ENSEEEP00000002778	ENSEEEG00000001595	npvf	ENSPKIP00000031667	ENSPKIG00000012061	
ENSEEEP00000055908	ENSEEEG00000028057	GATAD1	ENSPKIP00000041487	ENSPKIG00000018020	gatad1
ENSEEEP00000062368	ENSEEEG00000003728	AMD1	ENSPKIP00000001153	ENSPKIG00000019547	amd1
ENSEEEP00000010240	ENSEEEG00000005187	ACE2	ENSPKIP00000033366	ENSPKIG00000013075	ace2
ENSEEEP00000028548	ENSEEEG00000013715	MAP6D1	ENSPKIP00000035884	ENSPKIG00000014661	map6d1
ENSEEEP00000018332	ENSEEEG00000009004	MSANTD2	ENSPKIP00000019921	ENSPKIG00000004896	si:ch211-80m8.2
ENSEEEP00000000956	ENSEEEG00000000649	ASRGL1	ENSPKIP00000016301	ENSPKIG00000002669	asrgl1
ENSEEEP00000034984	ENSEEEG00000016636	UBE2M	ENSPKIP00000025285	ENSPKIG00000008202	
ENSEEEP00000024808	ENSEEEG00000012015	trpn1	ENSPKIP00000001683	ENSPKIG00000019860	
ENSEEEP00000000988	ENSEEEG00000000659	OGFRL1	ENSPKIP00000016241	ENSPKIG00000002645	ogfrl1
ENSEEEP00000024738	ENSEEEG00000011981	cuedc1b	ENSPKIP00000014353	ENSPKIG00000001432	cuedc1b
ENSEEEP00000063665	ENSEEEG00000028338	YEATS2	ENSPKIP00000035928	ENSPKIG00000014684	yeats2
ENSEEEP00000055271	ENSEEEG00000025615	PHF5A	ENSPKIP00000019488	ENSPKIG00000004638	
ENSEEEP00000053863	ENSEEEG00000014684	COLQ	ENSPKIP00000026337	ENSPKIG00000008863	colq
ENSEEEP00000000990	ENSEEEG00000000673	B3GAT2	ENSPKIP00000016203	ENSPKIG00000002632	b3gat2
ENSEEEP00000031227	ENSEEEG00000014958	spon2a	ENSPKIP00000026416	ENSPKIG00000008917	spon2a
ENSEEEP00000009116	ENSEEEG00000004693	mipa	ENSPKIP00000008342	ENSPKIG00000023852	mipb
ENSEEEP00000035753	ENSEEEG00000017020	si:ch211-261d7.3	ENSPKIP00000009477	ENSPKIG00000024579	si:ch211-261d7.3
ENSEEEP00000045573	ENSEEEG00000021502	NUDCD3	ENSPKIP00000026930	ENSPKIG00000009200	nudcd3
ENSEEEP00000060140	ENSEEEG00000022000	DSTYK	ENSPKIP00000014912	ENSPKIG00000001791	dstyk
ENSEEEP00000016327	ENSEEEG00000008075	ASPN	ENSPKIP00000010390	ENSPKIG00000025130	aspn
ENSEEEP00000036879	ENSEEEG00000017513	NDFIP2	ENSPKIP00000001504	ENSPKIG00000019776	ndfip2
ENSEEEP00000046310	ENSEEEG00000021776	grhprb	ENSPKIP00000033485	ENSPKIG00000013162	grhprb
ENSEEEP00000061350	ENSEEEG00000028871		ENSPKIP00000009441	ENSPKIG00000024558	zgc:66448
ENSEEEP00000048502	ENSEEEG00000022823	TRIM65	ENSPKIP00000005347	ENSPKIG00000022052	trim65
ENSEEEP00000045572	ENSEEEG00000021501	MRPS24	ENSPKIP00000016758	ENSPKIG00000002949	mrps24
ENSEEEP00000035714	ENSEEEG00000017002	F3	ENSPKIP00000036546	ENSPKIG00000015079	f3a
ENSEEEP00000012125	ENSEEEG00000006116	NAT8L	ENSPKIP00000037013	ENSPKIG00000015368	nat8l
ENSEEEP00000034987	ENSEEEG00000016639	KPNB1	ENSPKIP00000040742	ENSPKIG00000017563	kpnb1
ENSEEEP00000041080	ENSEEEG00000019443	EXOSC10	ENSPKIP00000033348	ENSPKIG00000013098	exosc10
ENSEEEP00000018145	ENSEEEG00000008908	LYPLA2	ENSPKIP00000006921	ENSPKIG00000023009	lypla2
ENSEEEP00000047283	ENSEEEG00000022254	impg2b	ENSPKIP00000003269	ENSPKIG00000020838	impg2a
ENSEEEP00000005309	ENSEEEG00000002771	SLC39A11	ENSPKIP00000010443	ENSPKIG00000025165	
ENSEEEP00000012127	ENSEEEG00000006118	C4orf48	ENSPKIP00000036990	ENSPKIG00000015352	nicol1
ENSEEEP00000054745	ENSEEEG00000028295		ENSPKIP00000009435	ENSPKIG00000024552	
ENSEEEP00000009124	ENSEEEG00000004701	STAT6	ENSPKIP00000008240	ENSPKIG00000023811	stat6
ENSEEEP00000016323	ENSEEEG00000008072	ogna	ENSPKIP00000010402	ENSPKIG00000025138	ogna
ENSEEEP00000048503	ENSEEEG00000022825	WBP2	ENSPKIP00000005390	ENSPKIG00000022073	wbp2
ENSEEEP00000012141	ENSEEEG00000006120	NELFA	ENSPKIP00000036923	ENSPKIG00000015309	nelfa
ENSEEEP00000015901	ENSEEEG00000007863	si:ch1073-416d2.3	ENSPKIP00000020219	ENSPKIG00000005080	serpina10b
ENSEEEP00000001010	ENSEEEG00000000686	TLX1	ENSPKIP00000016073	ENSPKIG00000002563	tlx1
ENSEEEP00000024750	ENSEEEG00000011983	WSB1	ENSPKIP00000014420	ENSPKIG00000001486	wsb1
ENSEEEP00000022855	ENSEEEG00000011090		ENSPKIP00000004194	ENSPKIG00000021405	
ENSEEEP00000015453	ENSEEEG00000007664	POC1B	ENSPKIP00000011125	ENSPKIG00000025555	
ENSEEEP00000002756	ENSEEEG00000001587	SLC39A4	ENSPKIP00000030247	ENSPKIG00000011166	SLC39A12
ENSEEEP00000054577	ENSEEEG00000007868	DDX24	ENSPKIP00000020355	ENSPKIG00000005168	ddx24
ENSEEEP00000048508	ENSEEEG00000022826	BCCIP	ENSPKIP00000018222	ENSPKIG00000003838	bccip
ENSEEEP00000053734	ENSEEEG00000025267	AKAP7	ENSPKIP00000032471	ENSPKIG00000012538	AKAP7
ENSEEEP00000056210	ENSEEEG00000028981		ENSPKIP00000010430	ENSPKIG00000025150	nol8
ENSEEEP00000005299	ENSEEEG00000002767		ENSPKIP00000010440	ENSPKIG00000025161	
ENSEEEP00000016312	ENSEEEG00000008064	wu:fb55g09	ENSPKIP00000010446	ENSPKIG00000025168	
ENSEEEP00000001017	ENSEEEG00000000691	lbx1a	ENSPKIP00000014460	ENSPKIG00000001513	
ENSEEEP00000035027	ENSEEEG00000016656	THPO	ENSPKIP00000004290	ENSPKIG00000021465	csf3a
ENSEEEP00000016297	ENSEEEG00000008053	NISCH	ENSPKIP00000010455	ENSPKIG00000025174	nisch
ENSEEEP00000020888	ENSEEEG00000010187	rsph10b	ENSPKIP00000025877	ENSPKIG00000008571	rsph10b
ENSEEEP00000023815	ENSEEEG00000011553	si:ch211-225p5.8	ENSPKIP00000018044	ENSPKIG00000003756	si:ch211-225p5.8
ENSEEEP00000056546	ENSEEEG00000025726	TAFA3	ENSPKIP00000010429	ENSPKIG00000025152	
ENSEEEP00000055536	ENSEEEG00000003763	PPIL4	ENSPKIP00000001468	ENSPKIG00000019748	ppil4
ENSEEEP00000019302	ENSEEEG00000009455	BCL3	ENSPKIP00000008959	ENSPKIG00000024244	bcl3
ENSEEEP00000048941	ENSEEEG00000023006	si:dkey-174n20.1	ENSPKIP00000027556	ENSPKIG00000009573	si:dkey-174n20.1
ENSEEEP00000048301	ENSEEEG00000022728	UBE4B	ENSPKIP00000018720	ENSPKIG00000004133	ube4b
ENSEEEP00000023817	ENSEEEG00000011555	PYCARD	ENSPKIP00000009800	ENSPKIG00000024762	pycard
ENSEEEP00000019298	ENSEEEG00000009449	rdh12l	ENSPKIP00000022817	ENSPKIG00000006677	si:dkey-94e7.2
ENSEEEP00000023819	ENSEEEG00000011556	caspa	ENSPKIP00000028783	ENSPKIG00000010208	caspa
ENSEEEP00000006788	ENSEEEG00000003583		ENSPKIP00000008495	ENSPKIG00000023954	
ENSEEEP00000047285	ENSEEEG00000022257		ENSPKIP00000003387	ENSPKIG00000020914	
ENSEEEP00000056541	ENSEEEG00000011083	GOLGA1	ENSPKIP00000008575	ENSPKIG00000023995	golga1
ENSEEEP00000038777	ENSEEEG00000018365	bin1a	ENSPKIP00000040365	ENSPKIG00000017362	bin1a
ENSEEEP00000048940	ENSEEEG00000023005	si:ch211-225b11.4	ENSPKIP00000007308	ENSPKIG00000023237	
ENSEEEP00000053640	ENSEEEG00000026335	FIGNL2	ENSPKIP00000020630	ENSPKIG00000005340	FIGNL2
ENSEEEP00000042494	ENSEEEG00000020068	ERICH1	ENSPKIP00000005734	ENSPKIG00000022292	erich1
ENSEEEP00000010222	ENSEEEG00000005183	si:ch73-226l13.2	ENSPKIP00000033234	ENSPKIG00000013024	
ENSEEEP00000023825	ENSEEEG00000011560	etv2	ENSPKIP00000009811	ENSPKIG00000024769	etsrp
ENSEEEP00000035759	ENSEEEG00000016673	PSMD3	ENSPKIP00000006065	ENSPKIG00000022477	psmd3
ENSEEEP00000048938	ENSEEEG00000023004	PIK3IP1	ENSPKIP00000007334	ENSPKIG00000023271	PIK3IP1
ENSEEEP00000018114	ENSEEEG00000008906	PITHD1	ENSPKIP00000006892	ENSPKIG00000022990	pithd1
ENSEEEP00000042493	ENSEEEG00000020066	si:ch211-195o20.7	ENSPKIP00000005766	ENSPKIG00000022313	
ENSEEEP00000017581	ENSEEEG00000008684	RAB9B	ENSPKIP00000035816	ENSPKIG00000014623	rab9b
ENSEEEP00000001129	ENSEEEG00000000736	fgf8a	ENSPKIP00000015885	ENSPKIG00000002430	fgf8a
ENSEEEP00000030664	ENSEEEG00000014685	plekha8	ENSPKIP00000026440	ENSPKIG00000008918	plekha8
ENSEEEP00000022077	ENSEEEG00000010724	DBH	ENSPKIP00000004084	ENSPKIG00000021325	dbh
ENSEEEP00000017582	ENSEEEG00000008687	FUT11	ENSPKIP00000035786	ENSPKIG00000014605	pofut4
ENSEEEP00000018111	ENSEEEG00000008905	eloa	ENSPKIP00000006840	ENSPKIG00000022960	eloa
ENSEEEP00000023829	ENSEEEG00000011562	fli1b	ENSPKIP00000009832	ENSPKIG00000024784	fli1rs
ENSEEEP00000061019	ENSEEEG00000026956	ZBTB5	ENSPKIP00000017751	ENSPKIG00000003547	ZBTB5
ENSEEEP00000054558	ENSEEEG00000024952	FICD	ENSPKIP00000010512	ENSPKIG00000025207	ficd
ENSEEEP00000042492	ENSEEEG00000019995	GALE	ENSPKIP00000010724	ENSPKIG00000025328	gale
ENSEEEP00000023552	ENSEEEG00000011421	ATP6AP2	ENSPKIP00000032751	ENSPKIG00000012713	atp6ap2
ENSEEEP00000014163	ENSEEEG00000007034	arpc5la	ENSPKIP00000008607	ENSPKIG00000024028	ARPC5L
ENSEEEP00000015973	ENSEEEG00000007904	PAIP1	ENSPKIP00000002625	ENSPKIG00000020456	paip1
ENSEEEP00000049435	ENSEEEG00000023235	GPR65	ENSPKIP00000040064	ENSPKIG00000017180	
ENSEEEP00000012988	ENSEEEG00000006532		ENSPKIP00000036070	ENSPKIG00000014777	
ENSEEEP00000017590	ENSEEEG00000008690	NSDHL	ENSPKIP00000035750	ENSPKIG00000014584	nsdhl
ENSEEEP00000009053	ENSEEEG00000004665	NMNAT2	ENSPKIP00000023546	ENSPKIG00000007121	nmnat2
ENSEEEP00000058528	ENSEEEG00000025895	OTUB2	ENSPKIP00000020420	ENSPKIG00000005208	OTUB2
ENSEEEP00000010196	ENSEEEG00000005164	BMX	ENSPKIP00000004235	ENSPKIG00000021428	BMX
ENSEEEP00000038055	ENSEEEG00000018061	GLT8D2	ENSPKIP00000038889	ENSPKIG00000016471	glt8d2
ENSEEEP00000018108	ENSEEEG00000008901	rpl11	ENSPKIP00000006743	ENSPKIG00000022899	
ENSEEEP00000018252	ENSEEEG00000008968	TMEM218	ENSPKIP00000019644	ENSPKIG00000004724	tmem218
ENSEEEP00000024768	ENSEEEG00000011996	lgals9l3	ENSPKIP00000014763	ENSPKIG00000001717	
ENSEEEP00000017598	ENSEEEG00000008694	cetn2	ENSPKIP00000035716	ENSPKIG00000014551	cetn2
ENSEEEP00000012989	ENSEEEG00000006535	MTERF4	ENSPKIP00000036092	ENSPKIG00000014785	mterf4
ENSEEEP00000021019	ENSEEEG00000010251	cd59	ENSPKIP00000006593	ENSPKIG00000022806	
ENSEEEP00000020880	ENSEEEG00000010185	naca	ENSPKIP00000019213	ENSPKIG00000004471	
ENSEEEP00000055992	ENSEEEG00000025910	osmr	ENSPKIP00000037894	ENSPKIG00000015907	osmr
ENSEEEP00000027065	ENSEEEG00000013067	PKNOX2	ENSPKIP00000019530	ENSPKIG00000004642	pknox2
ENSEEEP00000034627	ENSEEEG00000016470	zgc:162339	ENSPKIP00000019933	ENSPKIG00000004907	nkapd1
ENSEEEP00000021021	ENSEEEG00000010252	si:dkey-16i5.8	ENSPKIP00000015317	ENSPKIG00000002085	si:dkeyp-72e1.6
ENSEEEP00000063353	ENSEEEG00000018052	MED23	ENSPKIP00000032664	ENSPKIG00000012622	med23
ENSEEEP00000014168	ENSEEEG00000007039	POP5	ENSPKIP00000010432	ENSPKIG00000025154	pop5
ENSEEEP00000063893	ENSEEEG00000026225	PLEKHM1	ENSPKIP00000036122	ENSPKIG00000014802	pask
ENSEEEP00000044171	ENSEEEG00000020872	C8orf82	ENSPKIP00000025842	ENSPKIG00000008555	C8orf82
ENSEEEP00000034628	ENSEEEG00000016471	si:dkey-40g16.6	ENSPKIP00000001815	ENSPKIG00000019959	il4i1
ENSEEEP00000059041	ENSEEEG00000000785	fbxw4	ENSPKIP00000015803	ENSPKIG00000002375	fbxw4
ENSEEEP00000027071	ENSEEEG00000013071	PANX3	ENSPKIP00000019418	ENSPKIG00000004600	PANX
ENSEEEP00000027508	ENSEEEG00000013267	CHAC1	ENSPKIP00000013207	ENSPKIG00000000730	chac1
ENSEEEP00000014174	ENSEEEG00000007040	RNF10	ENSPKIP00000010407	ENSPKIG00000025140	rnf10
ENSEEEP00000037237	ENSEEEG00000017700	SARAF	ENSPKIP00000037427	ENSPKIG00000015619	saraf
ENSEEEP00000036592	ENSEEEG00000017377	si:ch211-114c12.2	ENSPKIP00000001529	ENSPKIG00000019790	
ENSEEEP00000056213	ENSEEEG00000026227	sdhdb	ENSPKIP00000001868	ENSPKIG00000019994	sdhda
ENSEEEP00000021023	ENSEEEG00000010254	RSL1D1	ENSPKIP00000006384	ENSPKIG00000022687	rsl1d1
ENSEEEP00000048345	ENSEEEG00000022769		ENSPKIP00000033495	ENSPKIG00000013191	
ENSEEEP00000022078	ENSEEEG00000010726	fam163ba	ENSPKIP00000004032	ENSPKIG00000021301	fam163ba
ENSEEEP00000032384	ENSEEEG00000015440	PRIMPOL	ENSPKIP00000007684	ENSPKIG00000023486	primpol
ENSEEEP00000030668	ENSEEEG00000014686	FKBP14	ENSPKIP00000026495	ENSPKIG00000008955	fkbp14
ENSEEEP00000056065	ENSEEEG00000027192	UNC79	ENSPKIP00000020652	ENSPKIG00000005299	UNC79
ENSEEEP00000018098	ENSEEEG00000008900		ENSPKIP00000006715	ENSPKIG00000022886	
ENSEEEP00000034632	ENSEEEG00000016473	si:dkey-40g16.5	ENSPKIP00000002024	ENSPKIG00000020052	si:dkey-40g16.5
ENSEEEP00000036583	ENSEEEG00000017376	MRPS31	ENSPKIP00000014214	ENSPKIG00000001361	mrps31
ENSEEEP00000022081	ENSEEEG00000010727	SWI5	ENSPKIP00000003959	ENSPKIG00000021253	swi5
ENSEEEP00000017607	ENSEEEG00000008697	gcna	ENSPKIP00000035617	ENSPKIG00000014504	gcna
ENSEEEP00000020878	ENSEEEG00000010064	ccz1	ENSPKIP00000026002	ENSPKIG00000008633	ccz1
ENSEEEP00000037230	ENSEEEG00000017692	XPA	ENSPKIP00000042033	ENSPKIG00000018356	xpa
ENSEEEP00000036581	ENSEEEG00000017375	slc25a15b	ENSPKIP00000016334	ENSPKIG00000002702	slc25a15a
ENSEEEP00000033661	ENSEEEG00000016020	ASCC1	ENSPKIP00000024226	ENSPKIG00000007571	ascc1
ENSEEEP00000008993	ENSEEEG00000004641	GINM1	ENSPKIP00000001513	ENSPKIG00000019780	ginm1
ENSEEEP00000063385	ENSEEEG00000028326	PRAG1	ENSPKIP00000002944	ENSPKIG00000020654	PRAG1
ENSEEEP00000016029	ENSEEEG00000007940	lifra	ENSPKIP00000037956	ENSPKIG00000015938	lifra
ENSEEEP00000027502	ENSEEEG00000013264	SYNDIG1L	ENSPKIP00000004521	ENSPKIG00000021585	syndig1l
ENSEEEP00000036578	ENSEEEG00000017374	si:ch211-137i24.10	ENSPKIP00000013803	ENSPKIG00000001100	tm4sf21a
ENSEEEP00000030674	ENSEEEG00000014687	si:dkeyp-86h10.3	ENSPKIP00000026518	ENSPKIG00000008975	si:dkeyp-86h10.3
ENSEEEP00000022168	ENSEEEG00000010767	TMEM38B	ENSPKIP00000021849	ENSPKIG00000006083	TMEM38B
ENSEEEP00000038019	ENSEEEG00000018051	fbxo18	ENSPKIP00000011073	ENSPKIG00000025529	fbxo18
ENSEEEP00000061826	ENSEEEG00000015434	NCAPD3	ENSPKIP00000024718	ENSPKIG00000007855	ncapd3
ENSEEEP00000025381	ENSEEEG00000012318	VRTN	ENSPKIP00000012893	ENSPKIG00000000527	vrtn
ENSEEEP00000011163	ENSEEEG00000005662	ZNF516	ENSPKIP00000041677	ENSPKIG00000018138	
ENSEEEP00000006235	ENSEEEG00000003114	ctsla	ENSPKIP00000017286	ENSPKIG00000003259	ctsla
ENSEEEP00000035203	ENSEEEG00000016484	SORL1	ENSPKIP00000001242	ENSPKIG00000019562	sorl1
ENSEEEP00000027080	ENSEEEG00000013075	OPCML	ENSPKIP00000019365	ENSPKIG00000004566	opcml
ENSEEEP00000003598	ENSEEEG00000001968	PRDM8	ENSPKIP00000039155	ENSPKIG00000016628	znf488
ENSEEEP00000018452	ENSEEEG00000009068	march4l	ENSPKIP00000028198	ENSPKIG00000009933	marchf4a
ENSEEEP00000058498	ENSEEEG00000028850	ppp1r3aa	ENSPKIP00000013709	ENSPKIG00000001050	
ENSEEEP00000037484	ENSEEEG00000017820	zgc:152830	ENSPKIP00000013693	ENSPKIG00000001017	zgc:152830
ENSEEEP00000022355	ENSEEEG00000010844	dimt1l	ENSPKIP00000041254	ENSPKIG00000017870	dimt1l
ENSEEEP00000019287	ENSEEEG00000009445	foxp2	ENSPKIP00000030408	ENSPKIG00000011260	foxp2
ENSEEEP00000055751	ENSEEEG00000005666	mbpa	ENSPKIP00000041825	ENSPKIG00000018219	mbpa
ENSEEEP00000037211	ENSEEEG00000017690		ENSPKIP00000016354	ENSPKIG00000002708	mttp
ENSEEEP00000034171	ENSEEEG00000016269	CHTF18	ENSPKIP00000000392	ENSPKIG00000018956	
ENSEEEP00000015479	ENSEEEG00000007676	CEP41	ENSPKIP00000025511	ENSPKIG00000008347	cep41
ENSEEEP00000002497	ENSEEEG00000001458	HECTD1	ENSPKIP00000033055	ENSPKIG00000012862	hectd1
ENSEEEP00000023584	ENSEEEG00000028489	si:dkey-56i24.1	ENSPKIP00000009547	ENSPKIG00000024619	si:dkey-56i24.1
ENSEEEP00000020397	ENSEEEG00000009958	si:ch211-218c6.8	ENSPKIP00000027270	ENSPKIG00000009411	
ENSEEEP00000037486	ENSEEEG00000017823	FAHD2A	ENSPKIP00000014066	ENSPKIG00000001267	FAHD2A
ENSEEEP00000033669	ENSEEEG00000016023	ANAPC16	ENSPKIP00000024207	ENSPKIG00000007548	anapc16
ENSEEEP00000019294	ENSEEEG00000009447	MDFIC	ENSPKIP00000030422	ENSPKIG00000011284	mdfic
ENSEEEP00000058709	ENSEEEG00000002690	COPS3	ENSPKIP00000010398	ENSPKIG00000025131	cops3
ENSEEEP00000012177	ENSEEEG00000006139	PIK3C3	ENSPKIP00000036789	ENSPKIG00000015200	pik3c3
ENSEEEP00000020396	ENSEEEG00000009957	si:ch211-242e8.1	ENSPKIP00000026866	ENSPKIG00000009173	zgc:162331
ENSEEEP00000019304	ENSEEEG00000009453	TFEC	ENSPKIP00000011451	ENSPKIG00000018525	tfec
ENSEEEP00000058844	ENSEEEG00000026960	DDIT4	ENSPKIP00000024177	ENSPKIG00000007530	ddit4
ENSEEEP00000008965	ENSEEEG00000004626	MDN1	ENSPKIP00000011302	ENSPKIG00000018352	mdn1
ENSEEEP00000020395	ENSEEEG00000009956	AKIP1	ENSPKIP00000038888	ENSPKIG00000016481	AKIP1
ENSEEEP00000038003	ENSEEEG00000018047	adm2a	ENSPKIP00000027362	ENSPKIG00000009463	
ENSEEEP00000062837	ENSEEEG00000025572		ENSPKIP00000026610	ENSPKIG00000009027	zgc:85936
ENSEEEP00000027196	ENSEEEG00000013080	NTM	ENSPKIP00000019302	ENSPKIG00000004498	ntm
ENSEEEP00000020394	ENSEEEG00000009954	si:dkey-8l13.5	ENSPKIP00000033359	ENSPKIG00000013104	si:dkey-8l13.5
ENSEEEP00000044158	ENSEEEG00000020865	hlx1	ENSPKIP00000003499	ENSPKIG00000020979	hlx1
ENSEEEP00000037492	ENSEEEG00000017826	GPAT2	ENSPKIP00000013881	ENSPKIG00000001122	gpat2
ENSEEEP00000020392	ENSEEEG00000009952		ENSPKIP00000033302	ENSPKIG00000013070	NRIP3
ENSEEEP00000042322	ENSEEEG00000019989	ZBTB8A	ENSPKIP00000010746	ENSPKIG00000025347	zbtb8a
ENSEEEP00000017701	ENSEEEG00000008703	ogt.1	ENSPKIP00000035446	ENSPKIG00000014362	ogt.1
ENSEEEP00000044154	ENSEEEG00000020864	DUSP10	ENSPKIP00000015085	ENSPKIG00000001920	dusp10
ENSEEEP00000058373	ENSEEEG00000014691	CPVL	ENSPKIP00000026684	ENSPKIG00000009045	cpvl
ENSEEEP00000008963	ENSEEEG00000004624	CASP8AP2	ENSPKIP00000011351	ENSPKIG00000018485	casp8ap2
ENSEEEP00000061627	ENSEEEG00000028402	wbp1la	ENSPKIP00000014086	ENSPKIG00000001289	wbp1lb
ENSEEEP00000033697	ENSEEEG00000016042	CYBC1	ENSPKIP00000005119	ENSPKIG00000021931	cybc1
ENSEEEP00000044149	ENSEEEG00000020862	TAF1A	ENSPKIP00000015148	ENSPKIG00000001964	taf1a
ENSEEEP00000026437	ENSEEEG00000012790	mid1ip1b	ENSPKIP00000033036	ENSPKIG00000012894	mid1ip1b
ENSEEEP00000027172	ENSEEEG00000013111	CCN6	ENSPKIP00000000613	ENSPKIG00000019211	ccn6
ENSEEEP00000061572	ENSEEEG00000027618	gja10b	ENSPKIP00000011420	ENSPKIG00000018518	gja10a
ENSEEEP00000026434	ENSEEEG00000012789	tspan7b	ENSPKIP00000033056	ENSPKIG00000012905	tspan7
ENSEEEP00000062722	ENSEEEG00000025289	KLF4	ENSPKIP00000028042	ENSPKIG00000009851	klf4
ENSEEEP00000033715	ENSEEEG00000016043	NARF	ENSPKIP00000005157	ENSPKIG00000021947	narf
ENSEEEP00000010079	ENSEEEG00000005111	VEGFD	ENSPKIP00000004121	ENSPKIG00000021364	vegfd
ENSEEEP00000022425	ENSEEEG00000010866	pola2	ENSPKIP00000000275	ENSPKIG00000019005	pola2
ENSEEEP00000018404	ENSEEEG00000008545	pcca	ENSPKIP00000019905	ENSPKIG00000004765	pcca
ENSEEEP00000018745	ENSEEEG00000009213	rnaset2	ENSPKIP00000036318	ENSPKIG00000014931	rnaset2
ENSEEEP00000055145	ENSEEEG00000025905		ENSPKIP00000037968	ENSPKIG00000015947	
ENSEEEP00000010076	ENSEEEG00000005092	grpr	ENSPKIP00000003987	ENSPKIG00000021273	grpr
ENSEEEP00000027163	ENSEEEG00000013110	TUBE1	ENSPKIP00000000533	ENSPKIG00000019145	TUBE1
ENSEEEP00000012884	ENSEEEG00000006473	SPEF2	ENSPKIP00000038197	ENSPKIG00000016017	spef2
ENSEEEP00000044127	ENSEEEG00000020855	MIA3	ENSPKIP00000015304	ENSPKIG00000002065	mia3
ENSEEEP00000000844	ENSEEEG00000000544	SNCA	ENSPKIP00000022156	ENSPKIG00000006276	SNCA
ENSEEEP00000002504	ENSEEEG00000001459	AP4S1	ENSPKIP00000033147	ENSPKIG00000012967	ap4s1
ENSEEEP00000016096	ENSEEEG00000007880	TTC8	ENSPKIP00000016202	ENSPKIG00000002621	ttc8
ENSEEEP00000017183	ENSEEEG00000008510	si:ch1073-513e17.1	ENSPKIP00000006639	ENSPKIG00000022835	si:ch1073-513e17.1
ENSEEEP00000037277	ENSEEEG00000017716	ALPK1	ENSPKIP00000010628	ENSPKIG00000025274	ALPK1
ENSEEEP00000053743	ENSEEEG00000025034	march5	ENSPKIP00000037963	ENSPKIG00000015945	marchf5
ENSEEEP00000037271	ENSEEEG00000017713	cldnd1a	ENSPKIP00000019133	ENSPKIG00000004429	cldnd1a
ENSEEEP00000022131	ENSEEEG00000010751	AMBP	ENSPKIP00000004536	ENSPKIG00000021601	ambp
ENSEEEP00000005131	ENSEEEG00000002661	NT5M	ENSPKIP00000010380	ENSPKIG00000025119	NT5M
ENSEEEP00000058481	ENSEEEG00000023452	adra2b	ENSPKIP00000014087	ENSPKIG00000001292	adra2b
ENSEEEP00000000179	ENSEEEG00000000136	zgc:165508	ENSPKIP00000030917	ENSPKIG00000011576	
ENSEEEP00000001424	ENSEEEG00000000936	borcs7	ENSPKIP00000014021	ENSPKIG00000001240	borcs7
ENSEEEP00000000208	ENSEEEG00000000162	HSPB7	ENSPKIP00000034242	ENSPKIG00000013653	
ENSEEEP00000062656	ENSEEEG00000026886	MSMP	ENSPKIP00000036709	ENSPKIG00000015171	
ENSEEEP00000062436	ENSEEEG00000028280	FMN2	ENSPKIP00000014757	ENSPKIG00000001696	fmn2a
ENSEEEP00000005510	ENSEEEG00000001993	RRP12	ENSPKIP00000039028	ENSPKIG00000016516	rrp12
ENSEEEP00000044112	ENSEEEG00000020843	AIDA	ENSPKIP00000015508	ENSPKIG00000002195	aida
ENSEEEP00000022140	ENSEEEG00000010756	nrarpb	ENSPKIP00000021055	ENSPKIG00000005610	nrarpb
ENSEEEP00000002684	ENSEEEG00000001553	NSUN6	ENSPKIP00000030521	ENSPKIG00000011356	nsun6
ENSEEEP00000061215	ENSEEEG00000016754	CACNA1C	ENSPKIP00000002239	ENSPKIG00000020199	gkup
ENSEEEP00000045364	ENSEEEG00000019515	MTOR	ENSPKIP00000033208	ENSPKIG00000012939	mtor
ENSEEEP00000012185	ENSEEEG00000006145	RGP1	ENSPKIP00000036642	ENSPKIG00000015132	rgp1
ENSEEEP00000037214	ENSEEEG00000017631	ACY3	ENSPKIP00000019073	ENSPKIG00000004376	ACY3
ENSEEEP00000022161	ENSEEEG00000010758	exd3	ENSPKIP00000003712	ENSPKIG00000021103	exd3
ENSEEEP00000037693	ENSEEEG00000017919	PPIB	ENSPKIP00000007539	ENSPKIG00000023392	ppib
ENSEEEP00000033723	ENSEEEG00000016061	TDRKH	ENSPKIP00000040800	ENSPKIG00000017597	tdrkh
ENSEEEP00000049889	ENSEEEG00000023450	DUSP2	ENSPKIP00000014107	ENSPKIG00000001304	dusp2
ENSEEEP00000008945	ENSEEEG00000004586	MAP3K7	ENSPKIP00000011637	ENSPKIG00000018594	map3k7
ENSEEEP00000021955	ENSEEEG00000010572	DMC1	ENSPKIP00000024753	ENSPKIG00000007878	dmc1
ENSEEEP00000037695	ENSEEEG00000017924	SNX22	ENSPKIP00000007505	ENSPKIG00000023378	snx22
ENSEEEP00000010002	ENSEEEG00000005083	DYNLT3	ENSPKIP00000003835	ENSPKIG00000021161	dynlt3
ENSEEEP00000037199	ENSEEEG00000017682	spink4	ENSPKIP00000034593	ENSPKIG00000013853	
ENSEEEP00000021820	ENSEEEG00000010609	grem2b	ENSPKIP00000014657	ENSPKIG00000001656	grem2a
ENSEEEP00000017173	ENSEEEG00000008453	PPT1	ENSPKIP00000006596	ENSPKIG00000022808	ppt1
ENSEEEP00000028175	ENSEEEG00000013472	sccpdha.1	ENSPKIP00000023557	ENSPKIG00000007129	sccpdhb
ENSEEEP00000022162	ENSEEEG00000010768	CDC37L1	ENSPKIP00000003652	ENSPKIG00000021068	cdc37l1
ENSEEEP00000000738	ENSEEEG00000000509	vimr1	ENSPKIP00000028172	ENSPKIG00000009921	vimr1
ENSEEEP00000012190	ENSEEEG00000006146	GBA2	ENSPKIP00000036574	ENSPKIG00000015073	gba2
ENSEEEP00000035793	ENSEEEG00000017040	si:dkey-208k4.2	ENSPKIP00000004056	ENSPKIG00000021312	42sp43
ENSEEEP00000052930	ENSEEEG00000027806	SZRD1	ENSPKIP00000015870	ENSPKIG00000002425	SZRD1
ENSEEEP00000002673	ENSEEEG00000001543	MALRD1	ENSPKIP00000026417	ENSPKIG00000008913	malrd1
ENSEEEP00000029942	ENSEEEG00000014341	TMEM82	ENSPKIP00000029021	ENSPKIG00000010434	tmem82
ENSEEEP00000057968	ENSEEEG00000026548	rpgrb	ENSPKIP00000003563	ENSPKIG00000021014	RPGR
ENSEEEP00000005089	ENSEEEG00000002655	MED9	ENSPKIP00000007884	ENSPKIG00000023613	MED9
ENSEEEP00000005086	ENSEEEG00000002645	RASD1	ENSPKIP00000007875	ENSPKIG00000023609	
ENSEEEP00000022163	ENSEEEG00000010770	AK3	ENSPKIP00000003624	ENSPKIG00000021048	AK3
ENSEEEP00000009994	ENSEEEG00000005081	PLEKHA3	ENSPKIP00000012387	ENSPKIG00000000201	plekha3
ENSEEEP00000005071	ENSEEEG00000002643	PEMT	ENSPKIP00000010363	ENSPKIG00000025104	PEMT
ENSEEEP00000032343	ENSEEEG00000015272	WDR19	ENSPKIP00000018906	ENSPKIG00000004251	wdr19
ENSEEEP00000044091	ENSEEEG00000020836	BROX	ENSPKIP00000015651	ENSPKIG00000002272	brox
ENSEEEP00000026211	ENSEEEG00000012671	zgc:136472	ENSPKIP00000032287	ENSPKIG00000012448	zgc:136472
ENSEEEP00000000583	ENSEEEG00000000391	NOP14	ENSPKIP00000028087	ENSPKIG00000009879	nop14
ENSEEEP00000022167	ENSEEEG00000010771	UGCG	ENSPKIP00000009724	ENSPKIG00000024716	ugcg
ENSEEEP00000022448	ENSEEEG00000010901	CENPH	ENSPKIP00000000133	ENSPKIG00000018893	cenph
ENSEEEP00000049406	ENSEEEG00000023221	hdr	ENSPKIP00000012292	ENSPKIG00000000137	hdr
ENSEEEP00000022450	ENSEEEG00000010903	MRPS36	ENSPKIP00000000008	ENSPKIG00000018821	kgd4
ENSEEEP00000009990	ENSEEEG00000005079	gucy1b2	ENSPKIP00000032262	ENSPKIG00000012415	gucy1b2
ENSEEEP00000049404	ENSEEEG00000023219	CYB561A3	ENSPKIP00000012278	ENSPKIG00000000129	cyb561a3a
ENSEEEP00000021990	ENSEEEG00000010680	TOMM22	ENSPKIP00000016144	ENSPKIG00000002598	tomm22
ENSEEEP00000044079	ENSEEEG00000020835		ENSPKIP00000010383	ENSPKIG00000025121	
ENSEEEP00000021994	ENSEEEG00000010684	MAFF	ENSPKIP00000016160	ENSPKIG00000002610	maff
ENSEEEP00000049399	ENSEEEG00000023215	histh1l	ENSPKIP00000012270	ENSPKIG00000000121	histh1l1
ENSEEEP00000005061	ENSEEEG00000002632	LMF1	ENSPKIP00000010330	ENSPKIG00000025082	lmf1
ENSEEEP00000002667	ENSEEEG00000001539	PLXDC2	ENSPKIP00000026538	ENSPKIG00000008966	plxdc2b
ENSEEEP00000037196	ENSEEEG00000017677	stra6l	ENSPKIP00000034646	ENSPKIG00000013901	stra6l
ENSEEEP00000026593	ENSEEEG00000012858	DNAJC1	ENSPKIP00000022916	ENSPKIG00000006730	dnajc1
ENSEEEP00000010647	ENSEEEG00000005374	si:ch211-165b10.3	ENSPKIP00000023112	ENSPKIG00000006860	
ENSEEEP00000026195	ENSEEEG00000012666	uncx4.1	ENSPKIP00000012879	ENSPKIG00000000519	UNCX
ENSEEEP00000026190	ENSEEEG00000012661		ENSPKIP00000007341	ENSPKIG00000023275	
ENSEEEP00000009989	ENSEEEG00000005078	NR0B1	ENSPKIP00000032295	ENSPKIG00000012455	nr0b1
ENSEEEP00000034015	ENSEEEG00000016202	ctdnep1a	ENSPKIP00000020568	ENSPKIG00000005291	CTDNEP1
ENSEEEP00000038280	ENSEEEG00000018196	mrps17	ENSPKIP00000011855	ENSPKIG00000018389	mrps17
ENSEEEP00000005036	ENSEEEG00000002622	prdm9	ENSPKIP00000004149	ENSPKIG00000021367	
ENSEEEP00000029958	ENSEEEG00000014352	FAM131C	ENSPKIP00000029356	ENSPKIG00000010639	fam131c
ENSEEEP00000063492	ENSEEEG00000028407	C20orf27	ENSPKIP00000034187	ENSPKIG00000013610	adisspa
ENSEEEP00000038278	ENSEEEG00000018195	FAM114A2	ENSPKIP00000028207	ENSPKIG00000009941	fam114a2
ENSEEEP00000002656	ENSEEEG00000001529	NFX1	ENSPKIP00000039614	ENSPKIG00000016899	nfx1
ENSEEEP00000063288	ENSEEEG00000025017	fam111.2	ENSPKIP00000017041	ENSPKIG00000003118	
ENSEEEP00000029968	ENSEEEG00000014356	clcnk	ENSPKIP00000029442	ENSPKIG00000010684	clcnk
ENSEEEP00000000938	ENSEEEG00000000638	VAX2	ENSPKIP00000034237	ENSPKIG00000013650	vax2
ENSEEEP00000037747	ENSEEEG00000017943	CRACR2B	ENSPKIP00000000021	ENSPKIG00000018849	cracr2b
ENSEEEP00000038277	ENSEEEG00000018194	PGRMC1	ENSPKIP00000026597	ENSPKIG00000009013	pgrmc1
ENSEEEP00000020701	ENSEEEG00000010063	FH	ENSPKIP00000014556	ENSPKIG00000001583	fh
ENSEEEP00000016912	ENSEEEG00000008383	NPY	ENSPKIP00000031960	ENSPKIG00000012245	npy
ENSEEEP00000052924	ENSEEEG00000025238		ENSPKIP00000036843	ENSPKIG00000015270	
ENSEEEP00000016916	ENSEEEG00000008384	FAM221A	ENSPKIP00000031981	ENSPKIG00000012259	fam221a
ENSEEEP00000057392	ENSEEEG00000028694	FUT7	ENSPKIP00000040605	ENSPKIG00000017498	
ENSEEEP00000054174	ENSEEEG00000027808	COX7B	ENSPKIP00000026556	ENSPKIG00000008987	
ENSEEEP00000033989	ENSEEEG00000016194	GPS2	ENSPKIP00000014730	ENSPKIG00000001693	GPS2
ENSEEEP00000016918	ENSEEEG00000008387	CCDC126	ENSPKIP00000032011	ENSPKIG00000012279	ccdc126
ENSEEEP00000007024	ENSEEEG00000003704	si:ch211-169p10.1	ENSPKIP00000008195	ENSPKIG00000023796	ccdc120a
ENSEEEP00000000933	ENSEEEG00000000629	SHTN1	ENSPKIP00000034271	ENSPKIG00000013671	
ENSEEEP00000049389	ENSEEEG00000023202	sfrp1a	ENSPKIP00000012165	ENSPKIG00000000058	SFRP1
ENSEEEP00000030860	ENSEEEG00000014767	REEP2	ENSPKIP00000026798	ENSPKIG00000009137	reep2
ENSEEEP00000037750	ENSEEEG00000017946	TMEM138	ENSPKIP00000011205	ENSPKIG00000018796	tmem138
ENSEEEP00000016919	ENSEEEG00000008388	TRA2A	ENSPKIP00000032037	ENSPKIG00000012298	tra2a
ENSEEEP00000044053	ENSEEEG00000020818	TLR5	ENSPKIP00000015937	ENSPKIG00000002471	TLR5
ENSEEEP00000034545	ENSEEEG00000016077	TMEM94	ENSPKIP00000041023	ENSPKIG00000017752	tmem94
ENSEEEP00000037760	ENSEEEG00000017951	TMEM258	ENSPKIP00000002053	ENSPKIG00000020111	tmem258
ENSEEEP00000037113	ENSEEEG00000017621	DCTN6	ENSPKIP00000019873	ENSPKIG00000004859	DCTN6
ENSEEEP00000038263	ENSEEEG00000018166	pgk1	ENSPKIP00000026491	ENSPKIG00000008948	pgk1
ENSEEEP00000004115	ENSEEEG00000002188	PPP1R14C	ENSPKIP00000006761	ENSPKIG00000022914	ppp1r14c
ENSEEEP00000033982	ENSEEEG00000016191	TP53	ENSPKIP00000014805	ENSPKIG00000001744	tp53
ENSEEEP00000029109	ENSEEEG00000013967	zgc:153642	ENSPKIP00000034877	ENSPKIG00000014038	zgc:113625
ENSEEEP00000027328	ENSEEEG00000013178	lim2.1	ENSPKIP00000019184	ENSPKIG00000004418	lim2.1
ENSEEEP00000015286	ENSEEEG00000007601	TMEM125	ENSPKIP00000031354	ENSPKIG00000011872	TMEM125
ENSEEEP00000004114	ENSEEEG00000002187	IYD	ENSPKIP00000006751	ENSPKIG00000022903	iyd
ENSEEEP00000015282	ENSEEEG00000007599	FAM183A	ENSPKIP00000031440	ENSPKIG00000011927	cfap144
ENSEEEP00000000925	ENSEEEG00000000623	tex261	ENSPKIP00000034315	ENSPKIG00000013695	tex261
ENSEEEP00000029972	ENSEEEG00000014360	HSPB7	ENSPKIP00000016359	ENSPKIG00000002714	hspb7
ENSEEEP00000027330	ENSEEEG00000013186	BSX	ENSPKIP00000019074	ENSPKIG00000004393	bsx
ENSEEEP00000015277	ENSEEEG00000007592	dmrt2b	ENSPKIP00000031464	ENSPKIG00000011943	dmrt2b
ENSEEEP00000004113	ENSEEEG00000002133	SELENOI	ENSPKIP00000033384	ENSPKIG00000013107	selenoi
ENSEEEP00000030854	ENSEEEG00000014762	SMIM19	ENSPKIP00000032016	ENSPKIG00000012282	smim19
ENSEEEP00000027334	ENSEEEG00000013187		ENSPKIP00000019037	ENSPKIG00000004366	
ENSEEEP00000012581	ENSEEEG00000005657	BTAF1	ENSPKIP00000037792	ENSPKIG00000015810	btaf1
ENSEEEP00000055881	ENSEEEG00000026778	si:ch211-175m2.5	ENSPKIP00000034030	ENSPKIG00000013520	si:ch211-175m2.5
ENSEEEP00000029976	ENSEEEG00000014362	ZBTB17	ENSPKIP00000029602	ENSPKIG00000010773	
ENSEEEP00000027788	ENSEEEG00000013383	cdyl	ENSPKIP00000028029	ENSPKIG00000009840	erich3
ENSEEEP00000005795	ENSEEEG00000003068	DMRT1	ENSPKIP00000017072	ENSPKIG00000003133	
ENSEEEP00000051759	ENSEEEG00000024304	THUMPD3	ENSPKIP00000034817	ENSPKIG00000014009	thumpd3
ENSEEEP00000019862	ENSEEEG00000009718	pvalb3	ENSPKIP00000037441	ENSPKIG00000015629	pvalb4
ENSEEEP00000033979	ENSEEEG00000016190	si:ch211-114c12.5	ENSPKIP00000021152	ENSPKIG00000005673	
ENSEEEP00000016521	ENSEEEG00000008009	LAP3	ENSPKIP00000005965	ENSPKIG00000022415	lap3
ENSEEEP00000037173	ENSEEEG00000017664	TMOD1	ENSPKIP00000012189	ENSPKIG00000000069	tmod1
ENSEEEP00000010863	ENSEEEG00000005488	CRIP2	ENSPKIP00000027185	ENSPKIG00000009347	crip2
ENSEEEP00000053019	ENSEEEG00000028596		ENSPKIP00000000653	ENSPKIG00000019228	
ENSEEEP00000011970	ENSEEEG00000006037	DNASE1L1	ENSPKIP00000022251	ENSPKIG00000006336	dnase1l1
ENSEEEP00000013938	ENSEEEG00000006927	marcksa	ENSPKIP00000000359	ENSPKIG00000019063	marcksa
ENSEEEP00000015787	ENSEEEG00000007809	TES	ENSPKIP00000011124	ENSPKIG00000025554	tes
ENSEEEP00000030703	ENSEEEG00000014697	jazf1b	ENSPKIP00000012280	ENSPKIG00000000128	jazf1b
ENSEEEP00000027786	ENSEEEG00000013381	tnni3k	ENSPKIP00000028201	ENSPKIG00000009883	tnni3k
ENSEEEP00000055945	ENSEEEG00000028462	CAV2	ENSPKIP00000025555	ENSPKIG00000008391	cav2
ENSEEEP00000064632	ENSEEEG00000027897	CAV1	ENSPKIP00000011120	ENSPKIG00000025552	cav1
ENSEEEP00000005790	ENSEEEG00000003065	dmrt3a	ENSPKIP00000017016	ENSPKIG00000003109	dmrt3a
ENSEEEP00000059310	ENSEEEG00000026902	BHLHA15	ENSPKIP00000017602	ENSPKIG00000003450	bhlha15
ENSEEEP00000052653	ENSEEEG00000024664	METTL16	ENSPKIP00000011498	ENSPKIG00000018552	mettl16
ENSEEEP00000011964	ENSEEEG00000006035		ENSPKIP00000010351	ENSPKIG00000025101	
ENSEEEP00000010825	ENSEEEG00000005480	crip1	ENSPKIP00000023515	ENSPKIG00000007047	crip1
ENSEEEP00000005780	ENSEEEG00000003032	dmrt2a	ENSPKIP00000042001	ENSPKIG00000018410	dmrt2a
ENSEEEP00000061501	ENSEEEG00000027938	RBPMS	ENSPKIP00000012939	ENSPKIG00000000535	RBPMS
ENSEEEP00000028179	ENSEEEG00000013561	cnsta	ENSPKIP00000023502	ENSPKIG00000007104	cnsta
ENSEEEP00000035235	ENSEEEG00000016764	dixdc1a	ENSPKIP00000026775	ENSPKIG00000009118	dixdc1b
ENSEEEP00000045820	ENSEEEG00000028584	NHLH2	ENSPKIP00000030397	ENSPKIG00000011268	nhlh2
ENSEEEP00000030047	ENSEEEG00000014371	DDOST	ENSPKIP00000016431	ENSPKIG00000002739	ddost
ENSEEEP00000011961	ENSEEEG00000006033	SMIM4	ENSPKIP00000010561	ENSPKIG00000025238	uqcc5
ENSEEEP00000033947	ENSEEEG00000016162	ncs1a	ENSPKIP00000012675	ENSPKIG00000000393	ncs1a
ENSEEEP00000016930	ENSEEEG00000008130	si:ch211-193k19.1	ENSPKIP00000006515	ENSPKIG00000022762	kiaa0319l
ENSEEEP00000057528	ENSEEEG00000026887	AP1S3	ENSPKIP00000023060	ENSPKIG00000006813	ap1s3b
ENSEEEP00000028181	ENSEEEG00000013562	TFB2M	ENSPKIP00000023452	ENSPKIG00000007071	tfb2m
ENSEEEP00000011960	ENSEEEG00000006032	kctd6b	ENSPKIP00000021510	ENSPKIG00000005875	KCTD6
ENSEEEP00000038199	ENSEEEG00000018161	PRRG1	ENSPKIP00000026326	ENSPKIG00000008856	si:dkey-38k9.5
ENSEEEP00000062028	ENSEEEG00000026501	scg2b	ENSPKIP00000028680	ENSPKIG00000010228	SCG2
ENSEEEP00000028183	ENSEEEG00000013563	SMYD3	ENSPKIP00000023402	ENSPKIG00000007049	smyd3
ENSEEEP00000052649	ENSEEEG00000024662	slc35f2l	ENSPKIP00000011987	ENSPKIG00000025631	slc35f2
ENSEEEP00000053243	ENSEEEG00000027265		ENSPKIP00000017719	ENSPKIG00000003517	
ENSEEEP00000038197	ENSEEEG00000018160	RIPPLY1	ENSPKIP00000026289	ENSPKIG00000008840	ripply1
ENSEEEP00000027782	ENSEEEG00000013379	FPGT	ENSPKIP00000036756	ENSPKIG00000015211	fpgt
ENSEEEP00000002982	ENSEEEG00000001698	RABEP2	ENSPKIP00000000073	ENSPKIG00000018872	rabep2
ENSEEEP00000038195	ENSEEEG00000018159	CLDN2	ENSPKIP00000026269	ENSPKIG00000008818	cldn2
ENSEEEP00000033919	ENSEEEG00000016145	NDOR1	ENSPKIP00000011844	ENSPKIG00000018380	NDOR1
ENSEEEP00000051752	ENSEEEG00000024303	NPRL2	ENSPKIP00000014034	ENSPKIG00000001215	nprl2
ENSEEEP00000016110	ENSEEEG00000007971	FCER2	ENSPKIP00000016280	ENSPKIG00000002674	
ENSEEEP00000038194	ENSEEEG00000018158	RBM41	ENSPKIP00000026225	ENSPKIG00000008793	rbm41
ENSEEEP00000008827	ENSEEEG00000004561	MOXD1	ENSPKIP00000001929	ENSPKIG00000020017	moxd1
ENSEEEP00000035241	ENSEEEG00000025551	pih1d2	ENSPKIP00000019891	ENSPKIG00000004873	pih1d2
ENSEEEP00000026529	ENSEEEG00000012830	NEBL	ENSPKIP00000022543	ENSPKIG00000006503	nebl
ENSEEEP00000018989	ENSEEEG00000009310	WARS2	ENSPKIP00000009974	ENSPKIG00000024865	wars2
ENSEEEP00000010789	ENSEEEG00000005463	ptgr2	ENSPKIP00000026913	ENSPKIG00000009191	ptgr2
ENSEEEP00000060370	ENSEEEG00000025068	KLF8	ENSPKIP00000026201	ENSPKIG00000008777	klf8
ENSEEEP00000018986	ENSEEEG00000009309	HAO2	ENSPKIP00000009946	ENSPKIG00000024845	hao2
ENSEEEP00000016121	ENSEEEG00000007974	NDC80	ENSPKIP00000005507	ENSPKIG00000022149	ndc80
ENSEEEP00000036037	ENSEEEG00000017137	SP2	ENSPKIP00000024607	ENSPKIG00000007769	sp2
ENSEEEP00000052641	ENSEEEG00000024661	VPS53	ENSPKIP00000020903	ENSPKIG00000005484	vps53
ENSEEEP00000029063	ENSEEEG00000013945	hmx4	ENSPKIP00000012552	ENSPKIG00000000307	hmx4
ENSEEEP00000051749	ENSEEEG00000024302	ZMYND10	ENSPKIP00000014109	ENSPKIG00000001286	zmynd10
ENSEEEP00000028186	ENSEEEG00000013565		ENSPKIP00000023260	ENSPKIG00000006949	
ENSEEEP00000064078	ENSEEEG00000022319	ccn2a	ENSPKIP00000001866	ENSPKIG00000019991	ccn2a
ENSEEEP00000038187	ENSEEEG00000018152	klf5l	ENSPKIP00000026168	ENSPKIG00000008758	
ENSEEEP00000016390	ENSEEEG00000008116	LRMDA	ENSPKIP00000030415	ENSPKIG00000011274	lrmda
ENSEEEP00000029061	ENSEEEG00000013943	HMX1	ENSPKIP00000019373	ENSPKIG00000004577	hmx1
ENSEEEP00000035255	ENSEEEG00000016766	tmprss5	ENSPKIP00000019818	ENSPKIG00000004844	tmprss5
ENSEEEP00000004383	ENSEEEG00000002297	FGF14	ENSPKIP00000035349	ENSPKIG00000014343	fgf14
ENSEEEP00000026360	ENSEEEG00000012768	SGSH	ENSPKIP00000028386	ENSPKIG00000010051	sgsh
ENSEEEP00000018976	ENSEEEG00000009303	hsd3b1	ENSPKIP00000014924	ENSPKIG00000001764	hsd3b2
ENSEEEP00000028188	ENSEEEG00000013566	EFCAB2	ENSPKIP00000023222	ENSPKIG00000006927	DRC8
ENSEEEP00000034796	ENSEEEG00000016552	cxcl19	ENSPKIP00000037649	ENSPKIG00000015743	
ENSEEEP00000045534	ENSEEEG00000021486	POLM	ENSPKIP00000027005	ENSPKIG00000009249	polm
ENSEEEP00000019998	ENSEEEG00000009776	ELK3	ENSPKIP00000009286	ENSPKIG00000024452	ELK3
ENSEEEP00000026358	ENSEEEG00000012763	npb	ENSPKIP00000028432	ENSPKIG00000010078	npb
ENSEEEP00000051747	ENSEEEG00000024301	RASSF1	ENSPKIP00000014210	ENSPKIG00000001347	RASSF1
ENSEEEP00000038183	ENSEEEG00000018150	zgc:158291	ENSPKIP00000026125	ENSPKIG00000008732	pou4f4
ENSEEEP00000018963	ENSEEEG00000009299	pla1a	ENSPKIP00000009904	ENSPKIG00000024818	pla1a
ENSEEEP00000028196	ENSEEEG00000013567	NRDE2	ENSPKIP00000027150	ENSPKIG00000009331	nrde2
ENSEEEP00000026517	ENSEEEG00000012788	RIOK1	ENSPKIP00000022440	ENSPKIG00000006442	riok1
ENSEEEP00000004370	ENSEEEG00000002288	ITGBL1	ENSPKIP00000019358	ENSPKIG00000004552	itgbl1
ENSEEEP00000038181	ENSEEEG00000018147	SPRY3	ENSPKIP00000026112	ENSPKIG00000008724	SPRY3
ENSEEEP00000062252	ENSEEEG00000024816	NEK9	ENSPKIP00000016358	ENSPKIG00000002696	NEK9
ENSEEEP00000045848	ENSEEEG00000021608	POGLUT1	ENSPKIP00000025340	ENSPKIG00000008240	poglut1
ENSEEEP00000030757	ENSEEEG00000014718	hoxa13b	ENSPKIP00000027149	ENSPKIG00000009334	hoxa13b
ENSEEEP00000038040	ENSEEEG00000018017	SLC25A30	ENSPKIP00000026018	ENSPKIG00000008652	slc25a14
ENSEEEP00000026351	ENSEEEG00000012761	gnav1	ENSPKIP00000028467	ENSPKIG00000010103	gnav1
ENSEEEP00000004850	ENSEEEG00000002531	LRPAP1	ENSPKIP00000012514	ENSPKIG00000000278	lrpap1
ENSEEEP00000033901	ENSEEEG00000016143	NTMT1	ENSPKIP00000011924	ENSPKIG00000018336	ntmt1
ENSEEEP00000030760	ENSEEEG00000014719	hoxa11b	ENSPKIP00000012392	ENSPKIG00000000203	hoxa11b
ENSEEEP00000034793	ENSEEEG00000016549	TRMT10B	ENSPKIP00000037681	ENSPKIG00000015763	trmt10b
ENSEEEP00000003073	ENSEEEG00000001744	itm2cb	ENSPKIP00000027138	ENSPKIG00000009323	itm2cb
ENSEEEP00000033896	ENSEEEG00000016141	IER5L	ENSPKIP00000012852	ENSPKIG00000000502	ier5l
ENSEEEP00000030762	ENSEEEG00000014720	hoxa10b	ENSPKIP00000012402	ENSPKIG00000000211	hoxa10b
ENSEEEP00000004854	ENSEEEG00000002536	DOK7	ENSPKIP00000012455	ENSPKIG00000000227	dok7b
ENSEEEP00000037914	ENSEEEG00000018014	GPR119	ENSPKIP00000025962	ENSPKIG00000008626	GPR119
ENSEEEP00000030765	ENSEEEG00000014722	hoxa9b	ENSPKIP00000027202	ENSPKIG00000009363	hoxa9b
ENSEEEP00000034791	ENSEEEG00000016545	INTU	ENSPKIP00000037807	ENSPKIG00000015816	intu
ENSEEEP00000059750	ENSEEEG00000028097	PXMP4	ENSPKIP00000008433	ENSPKIG00000023929	pxmp4
ENSEEEP00000030767	ENSEEEG00000014724	hoxa2b	ENSPKIP00000012573	ENSPKIG00000000322	
ENSEEEP00000061410	ENSEEEG00000027696		ENSPKIP00000025940	ENSPKIG00000008614	
ENSEEEP00000063094	ENSEEEG00000028509	pla1a	ENSPKIP00000009886	ENSPKIG00000024811	popdc2
ENSEEEP00000003075	ENSEEEG00000001745	lpar5a	ENSPKIP00000022328	ENSPKIG00000006375	lpar5a
ENSEEEP00000043820	ENSEEEG00000020709		ENSPKIP00000016387	ENSPKIG00000002729	
ENSEEEP00000051744	ENSEEEG00000024297	tgm5l	ENSPKIP00000029098	ENSPKIG00000010469	tgm5l
ENSEEEP00000030771	ENSEEEG00000014726	SKAP2	ENSPKIP00000027296	ENSPKIG00000009409	skap2
ENSEEEP00000018955	ENSEEEG00000009293	COX17	ENSPKIP00000009869	ENSPKIG00000024803	cox17
ENSEEEP00000035266	ENSEEEG00000016776		ENSPKIP00000009007	ENSPKIG00000024275	or91a2
ENSEEEP00000015881	ENSEEEG00000007849	si:dkeyp-87e7.4	ENSPKIP00000021532	ENSPKIG00000005896	
ENSEEEP00000055353	ENSEEEG00000026150	siah2l	ENSPKIP00000025921	ENSPKIG00000008602	siah2l
ENSEEEP00000003076	ENSEEEG00000001746	GPR55	ENSPKIP00000027082	ENSPKIG00000009300	GPR55
ENSEEEP00000034253	ENSEEEG00000016318		ENSPKIP00000009390	ENSPKIG00000024522	
ENSEEEP00000043821	ENSEEEG00000020710	ACYP1	ENSPKIP00000016416	ENSPKIG00000002754	ACYP1
ENSEEEP00000041629	ENSEEEG00000019692	SNAI3	ENSPKIP00000024734	ENSPKIG00000007872	SNAI3
ENSEEEP00000054126	ENSEEEG00000029010	XAF1	ENSPKIP00000009379	ENSPKIG00000024510	
ENSEEEP00000034788	ENSEEEG00000016542	ino80b	ENSPKIP00000037827	ENSPKIG00000015858	ino80b
ENSEEEP00000062351	ENSEEEG00000021453	CCAR2	ENSPKIP00000000203	ENSPKIG00000018955	ccar2
ENSEEEP00000037625	ENSEEEG00000017901	TIMMDC1	ENSPKIP00000025371	ENSPKIG00000008274	timmdc1
ENSEEEP00000017484	ENSEEEG00000008650	MARCHF8	ENSPKIP00000027846	ENSPKIG00000009724	MARCHF8
ENSEEEP00000033871	ENSEEEG00000015855	PTPA	ENSPKIP00000009260	ENSPKIG00000024438	ptpa
ENSEEEP00000030773	ENSEEEG00000014727	snx10b	ENSPKIP00000027437	ENSPKIG00000009486	snx10b
ENSEEEP00000043823	ENSEEEG00000020712	fosaa	ENSPKIP00000016777	ENSPKIG00000002955	fosaa
ENSEEEP00000044384	ENSEEEG00000020968	taf9	ENSPKIP00000025879	ENSPKIG00000008568	taf9
ENSEEEP00000057135	ENSEEEG00000028895	YPEL3	ENSPKIP00000015517	ENSPKIG00000002210	ypel3
ENSEEEP00000064025	ENSEEEG00000025705	RNF166	ENSPKIP00000024778	ENSPKIG00000007890	RNF166
ENSEEEP00000034251	ENSEEEG00000016314	tyrobp	ENSPKIP00000026271	ENSPKIG00000008827	
ENSEEEP00000041613	ENSEEEG00000019678	CTU2	ENSPKIP00000024817	ENSPKIG00000007920	CTU2
ENSEEEP00000036822	ENSEEEG00000017482	zgc:85932	ENSPKIP00000024323	ENSPKIG00000007621	zgc:85932
ENSEEEP00000061428	ENSEEEG00000026493	jdp2a	ENSPKIP00000005225	ENSPKIG00000021990	jdp2b
ENSEEEP00000034250	ENSEEEG00000016312	LRATD2	ENSPKIP00000037086	ENSPKIG00000015418	LRATD2
ENSEEEP00000047041	ENSEEEG00000022146	ism2a	ENSPKIP00000036254	ENSPKIG00000014891	ism2b
ENSEEEP00000056369	ENSEEEG00000026440	rbpms2a	ENSPKIP00000032598	ENSPKIG00000012634	RBPMS2
ENSEEEP00000034394	ENSEEEG00000016358	MAEA	ENSPKIP00000022394	ENSPKIG00000006400	maea
ENSEEEP00000036051	ENSEEEG00000017145	MRPL45	ENSPKIP00000024206	ENSPKIG00000007551	mrpl45
ENSEEEP00000058673	ENSEEEG00000001676	gdpd3a	ENSPKIP00000039549	ENSPKIG00000016862	gdpd3a
ENSEEEP00000053281	ENSEEEG00000029044	RAB24	ENSPKIP00000026652	ENSPKIG00000009041	rab24
ENSEEEP00000034776	ENSEEEG00000016510	AADAT	ENSPKIP00000037901	ENSPKIG00000015890	aadat
ENSEEEP00000039670	ENSEEEG00000018821	ABLIM3	ENSPKIP00000032740	ENSPKIG00000012715	
ENSEEEP00000045445	ENSEEEG00000021452	DDX56	ENSPKIP00000000300	ENSPKIG00000018998	ddx56
ENSEEEP00000053129	ENSEEEG00000007169	GNE	ENSPKIP00000038450	ENSPKIG00000016155	gne
ENSEEEP00000010775	ENSEEEG00000005455	TMEM62	ENSPKIP00000026839	ENSPKIG00000009151	tmem62
ENSEEEP00000017491	ENSEEEG00000008654	ZFAND4	ENSPKIP00000041264	ENSPKIG00000017848	zfand4
ENSEEEP00000036842	ENSEEEG00000017493	EIF3K	ENSPKIP00000024228	ENSPKIG00000007558	EIF3K
ENSEEEP00000017495	ENSEEEG00000008655	washc2c	ENSPKIP00000040976	ENSPKIG00000017719	
ENSEEEP00000058040	ENSEEEG00000025432		ENSPKIP00000027665	ENSPKIG00000009627	
ENSEEEP00000039441	ENSEEEG00000018732	SH3BP2	ENSPKIP00000005930	ENSPKIG00000022417	sh3bp2
ENSEEEP00000045437	ENSEEEG00000021449	YKT6	ENSPKIP00000000374	ENSPKIG00000019067	ykt6
ENSEEEP00000024307	ENSEEEG00000011784	LGALS4	ENSPKIP00000032613	ENSPKIG00000012612	
ENSEEEP00000010771	ENSEEEG00000005448	RAB10	ENSPKIP00000035196	ENSPKIG00000014241	RAB10
ENSEEEP00000039438	ENSEEEG00000018730	IRX2	ENSPKIP00000005987	ENSPKIG00000022451	
ENSEEEP00000047025	ENSEEEG00000022126	SETD3	ENSPKIP00000026021	ENSPKIG00000008654	setd3
ENSEEEP00000009170	ENSEEEG00000004706	DHX9	ENSPKIP00000022848	ENSPKIG00000006698	dhx9
ENSEEEP00000027724	ENSEEEG00000013349	ARMH1	ENSPKIP00000000185	ENSPKIG00000018948	armh1
ENSEEEP00000037786	ENSEEEG00000017961	oaz2a	ENSPKIP00000033268	ENSPKIG00000013030	oaz2a
ENSEEEP00000059136	ENSEEEG00000009468	RNF141	ENSPKIP00000040120	ENSPKIG00000017208	rnf141
ENSEEEP00000024903	ENSEEEG00000012066	WLS	ENSPKIP00000020363	ENSPKIG00000005148	wls
ENSEEEP00000007746	ENSEEEG00000004053	rpl28	ENSPKIP00000035941	ENSPKIG00000014698	rpl28
ENSEEEP00000016194	ENSEEEG00000008020	STPG2	ENSPKIP00000039454	ENSPKIG00000016792	stpg2
ENSEEEP00000037788	ENSEEEG00000017962	PSMA4	ENSPKIP00000032787	ENSPKIG00000012736	psma4
ENSEEEP00000039645	ENSEEEG00000018807	COG3	ENSPKIP00000013576	ENSPKIG00000000939	cog3
ENSEEEP00000007751	ENSEEEG00000004058		ENSPKIP00000020579	ENSPKIG00000005307	
ENSEEEP00000055064	ENSEEEG00000026649	parm1	ENSPKIP00000006016	ENSPKIG00000022469	
ENSEEEP00000026309	ENSEEEG00000012725	gcga	ENSPKIP00000013963	ENSPKIG00000001190	gcga
ENSEEEP00000003597	ENSEEEG00000001969	ipmkb	ENSPKIP00000010591	ENSPKIG00000025253	ipmkb
ENSEEEP00000039436	ENSEEEG00000026272	cldn23a	ENSPKIP00000006231	ENSPKIG00000022590	
ENSEEEP00000055850	ENSEEEG00000024840		ENSPKIP00000041326	ENSPKIG00000017926	
ENSEEEP00000003589	ENSEEEG00000001966	ube2d1b	ENSPKIP00000010617	ENSPKIG00000025266	ube2d1b
ENSEEEP00000036865	ENSEEEG00000017503	si:ch1073-429i10.1	ENSPKIP00000024002	ENSPKIG00000007424	si:ch1073-429i10.1
ENSEEEP00000023594	ENSEEEG00000011435	igfbp5b	ENSPKIP00000011487	ENSPKIG00000018554	igfbp5b
ENSEEEP00000060724	ENSEEEG00000025402	zgc:64002	ENSPKIP00000033794	ENSPKIG00000013377	zgc:64002
ENSEEEP00000011872	ENSEEEG00000005963	KLHDC8B	ENSPKIP00000006953	ENSPKIG00000023033	klhdc8b
ENSEEEP00000040556	ENSEEEG00000019208	DMAP1	ENSPKIP00000000327	ENSPKIG00000019003	dmap1
ENSEEEP00000000300	ENSEEEG00000000218	WDR55	ENSPKIP00000002902	ENSPKIG00000020607	wdr55
ENSEEEP00000058704	ENSEEEG00000024770	SLC25A16	ENSPKIP00000027652	ENSPKIG00000009602	slc25a16
ENSEEEP00000043954	ENSEEEG00000020760	pmp22b	ENSPKIP00000016910	ENSPKIG00000003041	erg28
ENSEEEP00000000408	ENSEEEG00000000265	CHM	ENSPKIP00000037910	ENSPKIG00000015918	chm
ENSEEEP00000005793	ENSEEEG00000002951	bhmt	ENSPKIP00000040912	ENSPKIG00000017692	bhmt
ENSEEEP00000048366	ENSEEEG00000022744	RAB3GAP1	ENSPKIP00000030636	ENSPKIG00000011382	rab3gap1
ENSEEEP00000003585	ENSEEEG00000001963	TFAM	ENSPKIP00000010635	ENSPKIG00000025277	tfam
ENSEEEP00000036875	ENSEEEG00000017507	NGEF	ENSPKIP00000027050	ENSPKIG00000009273	ngef
ENSEEEP00000007757	ENSEEEG00000004059	SEC16A	ENSPKIP00000020306	ENSPKIG00000005095	
ENSEEEP00000003580	ENSEEEG00000001961	zgc:171971	ENSPKIP00000010646	ENSPKIG00000025283	zgc:171971
ENSEEEP00000011829	ENSEEEG00000005953	GUCA1B	ENSPKIP00000020534	ENSPKIG00000005275	guca1b
ENSEEEP00000034713	ENSEEEG00000016503	MFAP3L	ENSPKIP00000037951	ENSPKIG00000015936	mfap3l
ENSEEEP00000052640	ENSEEEG00000024660	RFLNB	ENSPKIP00000020773	ENSPKIG00000005435	rflnb
ENSEEEP00000037719	ENSEEEG00000017927	pwp2h	ENSPKIP00000016403	ENSPKIG00000002693	pwp2h
ENSEEEP00000011813	ENSEEEG00000005950	oard1	ENSPKIP00000019688	ENSPKIG00000004754	oard1
ENSEEEP00000043957	ENSEEEG00000020762	TTLL5	ENSPKIP00000016620	ENSPKIG00000002839	ttll4
ENSEEEP00000036878	ENSEEEG00000017512	gpr55a	ENSPKIP00000027110	ENSPKIG00000009312	gpr55a
ENSEEEP00000011806	ENSEEEG00000005945	si:dkey-109j17.5	ENSPKIP00000030497	ENSPKIG00000011338	
ENSEEEP00000043961	ENSEEEG00000020763	NFKBIZ	ENSPKIP00000016962	ENSPKIG00000003073	
ENSEEEP00000024285	ENSEEEG00000011771	SEC11A	ENSPKIP00000015249	ENSPKIG00000002027	sec11a
ENSEEEP00000052639	ENSEEEG00000024658	EXO5	ENSPKIP00000020740	ENSPKIG00000005414	exo5
ENSEEEP00000011801	ENSEEEG00000005943	CCDC115	ENSPKIP00000024428	ENSPKIG00000007688	vma22
ENSEEEP00000025702	ENSEEEG00000012405	MAD1L1	ENSPKIP00000031746	ENSPKIG00000012044	mad1l1
ENSEEEP00000063897	ENSEEEG00000028345	abhd15a	ENSPKIP00000020685	ENSPKIG00000005376	abhd15a
ENSEEEP00000029188	ENSEEEG00000013985	ube2g1a	ENSPKIP00000009101	ENSPKIG00000024335	
ENSEEEP00000052638	ENSEEEG00000024657		ENSPKIP00000020724	ENSPKIG00000005400	
ENSEEEP00000058285	ENSEEEG00000028440	ebp	ENSPKIP00000024354	ENSPKIG00000007640	ebp
ENSEEEP00000059841	ENSEEEG00000028652	TRRAP	ENSPKIP00000040599	ENSPKIG00000017422	trrap
ENSEEEP00000012634	ENSEEEG00000006331	CCNJ	ENSPKIP00000037689	ENSPKIG00000015771	ccnj
ENSEEEP00000055149	ENSEEEG00000027695	cdc34a	ENSPKIP00000039326	ENSPKIG00000016724	cdc34a
ENSEEEP00000002918	ENSEEEG00000001660	RFC4	ENSPKIP00000006614	ENSPKIG00000022814	rfc4
ENSEEEP00000036482	ENSEEEG00000017339	FKBPL	ENSPKIP00000024306	ENSPKIG00000007616	
ENSEEEP00000043968	ENSEEEG00000020767	IFT43	ENSPKIP00000017103	ENSPKIG00000003158	IFT43
ENSEEEP00000006029	ENSEEEG00000003208	slc30a1b	ENSPKIP00000004193	ENSPKIG00000021406	slc30a1a
ENSEEEP00000060388	ENSEEEG00000028535	grb2b	ENSPKIP00000007863	ENSPKIG00000023597	grb2b
ENSEEEP00000036483	ENSEEEG00000017340	PARD6B	ENSPKIP00000008559	ENSPKIG00000024001	pard6b
ENSEEEP00000060402	ENSEEEG00000027440	tmsb4x	ENSPKIP00000031156	ENSPKIG00000011757	tmsb4x
ENSEEEP00000043972	ENSEEEG00000020769	GPATCH2L	ENSPKIP00000017159	ENSPKIG00000003198	GPATCH2L
ENSEEEP00000042014	ENSEEEG00000019852	ALG13	ENSPKIP00000038080	ENSPKIG00000015998	alg13
ENSEEEP00000012639	ENSEEEG00000006344	BLNK	ENSPKIP00000037525	ENSPKIG00000015675	blnk
ENSEEEP00000052635	ENSEEEG00000024655	AIPL1	ENSPKIP00000020628	ENSPKIG00000005329	aipl1
ENSEEEP00000036900	ENSEEEG00000017523		ENSPKIP00000027882	ENSPKIG00000009751	
ENSEEEP00000021483	ENSEEEG00000010467	vegfaa	ENSPKIP00000012065	ENSPKIG00000025613	vegfaa
ENSEEEP00000015067	ENSEEEG00000007498	teni.1	ENSPKIP00000012623	ENSPKIG00000000368	
ENSEEEP00000015071	ENSEEEG00000007499	PHYH	ENSPKIP00000034353	ENSPKIG00000013717	phyh
ENSEEEP00000030842	ENSEEEG00000014752	eif4e1c	ENSPKIP00000027428	ENSPKIG00000009484	eif4e1c
ENSEEEP00000015075	ENSEEEG00000007503	ucmaa	ENSPKIP00000034293	ENSPKIG00000013686	ucmaa
ENSEEEP00000012665	ENSEEEG00000006348	DNTT	ENSPKIP00000037476	ENSPKIG00000015637	dntt
ENSEEEP00000022763	ENSEEEG00000011036	si:ch211-141o9.10	ENSPKIP00000016338	ENSPKIG00000002704	si:ch211-141o9.10
ENSEEEP00000061764	ENSEEEG00000002126	AGMAT	ENSPKIP00000025754	ENSPKIG00000008505	agmat
ENSEEEP00000014544	ENSEEEG00000007235	CLTA	ENSPKIP00000038593	ENSPKIG00000016294	clta
ENSEEEP00000015077	ENSEEEG00000007505	MCM10	ENSPKIP00000012806	ENSPKIG00000000479	mcm10
ENSEEEP00000015822	ENSEEEG00000007812	PXK	ENSPKIP00000010619	ENSPKIG00000025263	pxk
ENSEEEP00000008058	ENSEEEG00000004204	folr	ENSPKIP00000006856	ENSPKIG00000022982	folr
ENSEEEP00000030844	ENSEEEG00000014753	si:dkey-228d14.5	ENSPKIP00000027326	ENSPKIG00000009437	si:dkey-228d14.5
ENSEEEP00000048311	ENSEEEG00000022753	NMNAT1	ENSPKIP00000034387	ENSPKIG00000013743	nmnat1
ENSEEEP00000036906	ENSEEEG00000017528	ANGPTL4	ENSPKIP00000024926	ENSPKIG00000007986	angptl4
ENSEEEP00000004268	ENSEEEG00000002206	TMTC4	ENSPKIP00000035287	ENSPKIG00000014284	tmtc4
ENSEEEP00000008057	ENSEEEG00000004203	ANAPC15	ENSPKIP00000006885	ENSPKIG00000022993	anapc15
ENSEEEP00000048313	ENSEEEG00000022754	LZIC	ENSPKIP00000034447	ENSPKIG00000013762	lzic
ENSEEEP00000063324	ENSEEEG00000027964	TOB2	ENSPKIP00000025965	ENSPKIG00000008630	TOB2
ENSEEEP00000008056	ENSEEEG00000004202	tomt	ENSPKIP00000006910	ENSPKIG00000023006	tomt
ENSEEEP00000030845	ENSEEEG00000014754	zgc:110319	ENSPKIP00000027285	ENSPKIG00000009396	zgc:110319
ENSEEEP00000003547	ENSEEEG00000001947	FAM13C	ENSPKIP00000010705	ENSPKIG00000025316	FAM13C
ENSEEEP00000055164	ENSEEEG00000025439	cdc42ep1a	ENSPKIP00000016371	ENSPKIG00000002717	cdc42ep1a
ENSEEEP00000057539	ENSEEEG00000013604	TTC7B	ENSPKIP00000027319	ENSPKIG00000009414	ttc7b
ENSEEEP00000046936	ENSEEEG00000022060	VRK1	ENSPKIP00000035825	ENSPKIG00000014616	vrk1
ENSEEEP00000044119	ENSEEEG00000020846	PROX2	ENSPKIP00000017247	ENSPKIG00000003249	prox2
ENSEEEP00000024909	ENSEEEG00000012078	gng12a	ENSPKIP00000020413	ENSPKIG00000005204	gng12a
ENSEEEP00000006019	ENSEEEG00000003206	ASXL2	ENSPKIP00000035054	ENSPKIG00000014149	asxl2
ENSEEEP00000028991	ENSEEEG00000013905	HDGFL2	ENSPKIP00000025545	ENSPKIG00000008374	hdgfl2
ENSEEEP00000060563	ENSEEEG00000014756	CCAR1	ENSPKIP00000027159	ENSPKIG00000009310	ccar1
ENSEEEP00000021492	ENSEEEG00000010472	RHBDL2	ENSPKIP00000013101	ENSPKIG00000000655	rhbdl2
ENSEEEP00000022877	ENSEEEG00000011049	sh3bp1	ENSPKIP00000025345	ENSPKIG00000008222	SH3BP1
ENSEEEP00000040524	ENSEEEG00000019196	si:dkey-30h22.11	ENSPKIP00000011228	ENSPKIG00000018779	mindy4
ENSEEEP00000003966	ENSEEEG00000002120	PINK1	ENSPKIP00000025676	ENSPKIG00000008461	pink1
ENSEEEP00000024914	ENSEEEG00000012081	dmbx1a	ENSPKIP00000025961	ENSPKIG00000008622	dmbx1b
ENSEEEP00000037789	ENSEEEG00000017954	gpm6ba	ENSPKIP00000002397	ENSPKIG00000020298	gpm6bb
ENSEEEP00000060273	ENSEEEG00000010473	AKIRIN1	ENSPKIP00000013076	ENSPKIG00000000640	akirin1
ENSEEEP00000008048	ENSEEEG00000004201	sfrp2l	ENSPKIP00000006926	ENSPKIG00000023020	
ENSEEEP00000028982	ENSEEEG00000013903	UBXN6	ENSPKIP00000038729	ENSPKIG00000016379	ubxn6
ENSEEEP00000020607	ENSEEEG00000010054	HHEX	ENSPKIP00000014387	ENSPKIG00000001463	HHEX
ENSEEEP00000008043	ENSEEEG00000004197	KBTBD3	ENSPKIP00000008035	ENSPKIG00000023695	kbtbd3
ENSEEEP00000040520	ENSEEEG00000019193	NEXN	ENSPKIP00000026963	ENSPKIG00000009211	nexn
ENSEEEP00000042417	ENSEEEG00000020026		ENSPKIP00000038779	ENSPKIG00000016427	si:ch73-40a2.1
ENSEEEP00000017276	ENSEEEG00000008540	GPNMB	ENSPKIP00000032250	ENSPKIG00000012418	gpnmb
ENSEEEP00000056768	ENSEEEG00000028496	fndc4a	ENSPKIP00000021992	ENSPKIG00000006183	slbp
ENSEEEP00000023041	ENSEEEG00000011182	HSDL2	ENSPKIP00000011628	ENSPKIG00000018620	hsdl2
ENSEEEP00000042410	ENSEEEG00000020023	ehbp1l1a	ENSPKIP00000018651	ENSPKIG00000004112	
ENSEEEP00000024930	ENSEEEG00000012082	NSUN4	ENSPKIP00000025916	ENSPKIG00000008598	nsun4
ENSEEEP00000017716	ENSEEEG00000008754	CCDC142	ENSPKIP00000022070	ENSPKIG00000006215	ccdc142
ENSEEEP00000045378	ENSEEEG00000021415	pnx	ENSPKIP00000000602	ENSPKIG00000019204	pnx
ENSEEEP00000021496	ENSEEEG00000010474	CNR2	ENSPKIP00000013058	ENSPKIG00000000635	cnr2
ENSEEEP00000042404	ENSEEEG00000020020	KCNK7	ENSPKIP00000037981	ENSPKIG00000015950	kcnk7
ENSEEEP00000020598	ENSEEEG00000010048		ENSPKIP00000022194	ENSPKIG00000006306	
ENSEEEP00000051572	ENSEEEG00000024215	PPP1R1A	ENSPKIP00000014209	ENSPKIG00000001339	PPP1R1A
ENSEEEP00000061192	ENSEEEG00000026928	ELAC1	ENSPKIP00000039586	ENSPKIG00000016890	elac1
ENSEEEP00000004138	ENSEEEG00000002195	CLYBL	ENSPKIP00000020064	ENSPKIG00000004987	clybl
ENSEEEP00000017277	ENSEEEG00000008542	OXNAD1	ENSPKIP00000032423	ENSPKIG00000012530	oxnad1
ENSEEEP00000042008	ENSEEEG00000019850	hmgb3b	ENSPKIP00000038177	ENSPKIG00000016060	hmgb3b
ENSEEEP00000045343	ENSEEEG00000021385	ASH2L	ENSPKIP00000000775	ENSPKIG00000019252	ash2l
ENSEEEP00000002175	ENSEEEG00000001330	ATXN10	ENSPKIP00000005362	ENSPKIG00000022036	atxn10
ENSEEEP00000059128	ENSEEEG00000027243	PNRC2	ENSPKIP00000013042	ENSPKIG00000000627	pnrc2
ENSEEEP00000061463	ENSEEEG00000024955	ZNF346	ENSPKIP00000027002	ENSPKIG00000009247	znf346
ENSEEEP00000047382	ENSEEEG00000022303	LRP11	ENSPKIP00000001674	ENSPKIG00000019882	lrp11
ENSEEEP00000017718	ENSEEEG00000008755	nkx1.2lb	ENSPKIP00000022124	ENSPKIG00000006255	nkx1.2lb
ENSEEEP00000062140	ENSEEEG00000027594	ier3ip1	ENSPKIP00000006692	ENSPKIG00000022861	ier3ip1
ENSEEEP00000040512	ENSEEEG00000019192	TAB3	ENSPKIP00000039633	ENSPKIG00000016918	tab3
ENSEEEP00000008685	ENSEEEG00000004509	MFSD6L	ENSPKIP00000021024	ENSPKIG00000005588	mfsd6l
ENSEEEP00000058255	ENSEEEG00000013900	CHAF1A	ENSPKIP00000038579	ENSPKIG00000016297	chaf1a
ENSEEEP00000060087	ENSEEEG00000028483	GEMIN8	ENSPKIP00000002442	ENSPKIG00000020338	gemin8
ENSEEEP00000030612	ENSEEEG00000014661	NDUFS5	ENSPKIP00000007160	ENSPKIG00000023159	ndufs5
ENSEEEP00000044541	ENSEEEG00000020867	DLST	ENSPKIP00000017325	ENSPKIG00000003270	dlst
ENSEEEP00000007996	ENSEEEG00000004179	MRPL44	ENSPKIP00000039510	ENSPKIG00000016845	mrpl44
ENSEEEP00000051569	ENSEEEG00000024213	npffl	ENSPKIP00000014123	ENSPKIG00000001314	npffl
ENSEEEP00000017720	ENSEEEG00000008757	UVSSA	ENSPKIP00000022191	ENSPKIG00000006302	uvssa
ENSEEEP00000004040	ENSEEEG00000002159	CYB5D1	ENSPKIP00000022667	ENSPKIG00000006579	cyb5d1
ENSEEEP00000009925	ENSEEEG00000005048	gpr183a	ENSPKIP00000034881	ENSPKIG00000014047	gpr183b
ENSEEEP00000023043	ENSEEEG00000011184	si:ch211-126i22.5	ENSPKIP00000011535	ENSPKIG00000018582	
ENSEEEP00000042393	ENSEEEG00000020018	TAF6L	ENSPKIP00000037921	ENSPKIG00000015908	taf6l
ENSEEEP00000017282	ENSEEEG00000008546	DAZL	ENSPKIP00000026841	ENSPKIG00000009153	
ENSEEEP00000040509	ENSEEEG00000019190	PRRG1	ENSPKIP00000024879	ENSPKIG00000007962	prrg1
ENSEEEP00000009927	ENSEEEG00000005049	GPR18	ENSPKIP00000020167	ENSPKIG00000005047	gpr18
ENSEEEP00000039986	ENSEEEG00000018959	HDHD2	ENSPKIP00000006708	ENSPKIG00000022879	hdhd2
ENSEEEP00000003372	ENSEEEG00000001877	zmp:0000001088	ENSPKIP00000025572	ENSPKIG00000008392	zmp:0000001088
ENSEEEP00000024943	ENSEEEG00000012098	PIF1	ENSPKIP00000025782	ENSPKIG00000008520	PIF1
ENSEEEP00000064299	ENSEEEG00000026008	INIP	ENSPKIP00000041992	ENSPKIG00000018405	inip
ENSEEEP00000030850	ENSEEEG00000014758	STOX1	ENSPKIP00000027032	ENSPKIG00000009267	stox1
ENSEEEP00000040507	ENSEEEG00000019188	cpox	ENSPKIP00000024980	ENSPKIG00000008002	cpox
ENSEEEP00000024946	ENSEEEG00000012102	ptger4c	ENSPKIP00000025638	ENSPKIG00000008412	ptger4c
ENSEEEP00000058241	ENSEEEG00000025139	spink2.1	ENSPKIP00000002503	ENSPKIG00000020372	si:ch211-195b11.3
ENSEEEP00000050785	ENSEEEG00000023860	ppp1r1b	ENSPKIP00000003839	ENSPKIG00000021172	PPP1R1B
ENSEEEP00000024949	ENSEEEG00000012104	artna	ENSPKIP00000025503	ENSPKIG00000008359	artna
ENSEEEP00000054731	ENSEEEG00000022295	NUP43	ENSPKIP00000001660	ENSPKIG00000019871	nup43
ENSEEEP00000023070	ENSEEEG00000011191	LIN54	ENSPKIP00000011074	ENSPKIG00000025530	lin54
ENSEEEP00000039994	ENSEEEG00000018962	KATNAL2	ENSPKIP00000006763	ENSPKIG00000022906	KATNAL2
ENSEEEP00000040505	ENSEEEG00000019187	ccdc181	ENSPKIP00000025025	ENSPKIG00000008047	ccdc181
ENSEEEP00000040634	ENSEEEG00000019261	Lce1h	ENSPKIP00000036421	ENSPKIG00000014998	
ENSEEEP00000030851	ENSEEEG00000014759	si:ch211-198a12.6	ENSPKIP00000027018	ENSPKIG00000009261	si:ch211-198a12.6
ENSEEEP00000044108	ENSEEEG00000020842	uimc1	ENSPKIP00000027132	ENSPKIG00000009306	
ENSEEEP00000009941	ENSEEEG00000005058	klf12b	ENSPKIP00000034313	ENSPKIG00000013699	klf12a
ENSEEEP00000017723	ENSEEEG00000008759	NEURL1B	ENSPKIP00000025379	ENSPKIG00000008278	neurl1b
ENSEEEP00000002737	ENSEEEG00000001578	NUDT9	ENSPKIP00000039477	ENSPKIG00000016818	nudt9
ENSEEEP00000008203	ENSEEEG00000004284	MAD2L1	ENSPKIP00000038692	ENSPKIG00000016368	mad2l1
ENSEEEP00000030604	ENSEEEG00000014657	AK2	ENSPKIP00000007067	ENSPKIG00000023102	AK2
ENSEEEP00000063077	ENSEEEG00000026030	ATG5	ENSPKIP00000033166	ENSPKIG00000012978	atg5
ENSEEEP00000058938	ENSEEEG00000027384	zgc:77151	ENSPKIP00000039345	ENSPKIG00000016727	zgc:77151
ENSEEEP00000002730	ENSEEEG00000001577	CLN3	ENSPKIP00000039398	ENSPKIG00000016764	cln3
ENSEEEP00000017728	ENSEEEG00000008760	DUSP1	ENSPKIP00000025329	ENSPKIG00000008245	dusp1
ENSEEEP00000019501	ENSEEEG00000009328	IPO9	ENSPKIP00000040302	ENSPKIG00000017281	ipo9
ENSEEEP00000023083	ENSEEEG00000011200	COPS4	ENSPKIP00000011081	ENSPKIG00000025533	cops4
ENSEEEP00000062161	ENSEEEG00000027228	zgc:154058	ENSPKIP00000032082	ENSPKIG00000012318	zgc:154058
ENSEEEP00000001434	ENSEEEG00000000932	TBC1D5	ENSPKIP00000027058	ENSPKIG00000009255	tbc1d5
ENSEEEP00000030134	ENSEEEG00000014447	ARHGEF19	ENSPKIP00000013844	ENSPKIG00000001105	arhgef19
ENSEEEP00000017761	ENSEEEG00000008765	ERGIC1	ENSPKIP00000025303	ENSPKIG00000008199	ergic1
ENSEEEP00000054905	ENSEEEG00000025307	prdm1a	ENSPKIP00000033351	ENSPKIG00000013054	prdm1a
ENSEEEP00000040494	ENSEEEG00000019179	MPND	ENSPKIP00000038116	ENSPKIG00000016034	mpnd
ENSEEEP00000061693	ENSEEEG00000026351	cth1	ENSPKIP00000037856	ENSPKIG00000015883	cth1
ENSEEEP00000023094	ENSEEEG00000011203	plac8.2	ENSPKIP00000011084	ENSPKIG00000025534	plac8.2
ENSEEEP00000011802	ENSEEEG00000005941	mgat4c	ENSPKIP00000008872	ENSPKIG00000024191	mgat4c
ENSEEEP00000044087	ENSEEEG00000020838	DBN1	ENSPKIP00000027324	ENSPKIG00000009434	dbn1
ENSEEEP00000030141	ENSEEEG00000014451		ENSPKIP00000032176	ENSPKIG00000012360	ttll10
ENSEEEP00000035678	ENSEEEG00000016990	zgc:66433	ENSPKIP00000014349	ENSPKIG00000001440	zgc:66433
ENSEEEP00000040000	ENSEEEG00000018966	SIGMAR1	ENSPKIP00000006808	ENSPKIG00000022940	sigmar1
ENSEEEP00000044086	ENSEEEG00000020837	PRR7	ENSPKIP00000027402	ENSPKIG00000009476	PRR7
ENSEEEP00000011805	ENSEEEG00000005944		ENSPKIP00000030438	ENSPKIG00000011295	
ENSEEEP00000059950	ENSEEEG00000026190		ENSPKIP00000013690	ENSPKIG00000001034	RNF223
ENSEEEP00000052631	ENSEEEG00000024654	trarg1a	ENSPKIP00000029055	ENSPKIG00000010449	trarg1a
ENSEEEP00000023096	ENSEEEG00000011206	SREK1IP1	ENSPKIP00000011095	ENSPKIG00000025540	srek1ip1
ENSEEEP00000011807	ENSEEEG00000005946	RASSF9	ENSPKIP00000008834	ENSPKIG00000024169	rassf9
ENSEEEP00000040002	ENSEEEG00000002548	GALT	ENSPKIP00000006880	ENSPKIG00000022988	galt
ENSEEEP00000012683	ENSEEEG00000006367	HS3ST1	ENSPKIP00000037430	ENSPKIG00000015626	
ENSEEEP00000011815	ENSEEEG00000005949	ALX1	ENSPKIP00000008827	ENSPKIG00000024165	alx1
ENSEEEP00000030590	ENSEEEG00000014564	ANLN	ENSPKIP00000028769	ENSPKIG00000010284	anln
ENSEEEP00000064496	ENSEEEG00000027690	pdap1a	ENSPKIP00000016459	ENSPKIG00000002773	pdap1a
ENSEEEP00000059173	ENSEEEG00000025899	SCAMP4	ENSPKIP00000038504	ENSPKIG00000016246	scamp4
ENSEEEP00000041776	ENSEEEG00000019274	DCT	ENSPKIP00000021998	ENSPKIG00000006169	dct
ENSEEEP00000023100	ENSEEEG00000011208	CWC27	ENSPKIP00000011092	ENSPKIG00000025538	cwc27
ENSEEEP00000052627	ENSEEEG00000024653	GOSR1	ENSPKIP00000029094	ENSPKIG00000010461	gosr1
ENSEEEP00000022894	ENSEEEG00000011111	CBY1	ENSPKIP00000016528	ENSPKIG00000002813	cby1
ENSEEEP00000015781	ENSEEEG00000007808	HTD2	ENSPKIP00000010630	ENSPKIG00000025275	HTD2
ENSEEEP00000050828	ENSEEEG00000023871	zgc:91968	ENSPKIP00000031653	ENSPKIG00000012054	
ENSEEEP00000063151	ENSEEEG00000026702	RPP14	ENSPKIP00000010652	ENSPKIG00000025282	rpp14
ENSEEEP00000015775	ENSEEEG00000007806	RBCK1	ENSPKIP00000038451	ENSPKIG00000016212	rbck1
ENSEEEP00000012690	ENSEEEG00000006371	vox	ENSPKIP00000037384	ENSPKIG00000015593	vox
ENSEEEP00000052294	ENSEEEG00000024516	POLR3H	ENSPKIP00000025783	ENSPKIG00000008527	polr3h
ENSEEEP00000015771	ENSEEEG00000007805	TBC1D20	ENSPKIP00000038532	ENSPKIG00000016255	tbc1d20
ENSEEEP00000035679	ENSEEEG00000016991	lygl2	ENSPKIP00000035791	ENSPKIG00000014607	zgc:162941
ENSEEEP00000015766	ENSEEEG00000007803	bloc1s1	ENSPKIP00000009831	ENSPKIG00000024779	bloc1s1
ENSEEEP00000058205	ENSEEEG00000026537		ENSPKIP00000041634	ENSPKIG00000018104	KNDC1
ENSEEEP00000050833	ENSEEEG00000023873	NAXE	ENSPKIP00000003737	ENSPKIG00000021115	APOA1BP
ENSEEEP00000000331	ENSEEEG00000000239	HSD17B1	ENSPKIP00000001258	ENSPKIG00000019603	hsd17b1
ENSEEEP00000038094	ENSEEEG00000018100		ENSPKIP00000005385	ENSPKIG00000022016	
ENSEEEP00000045296	ENSEEEG00000021381	SGCZ	ENSPKIP00000021764	ENSPKIG00000006035	SGCZ
ENSEEEP00000061735	ENSEEEG00000000822	si:ch211-199b20.3	ENSPKIP00000004177	ENSPKIG00000021396	simc1
ENSEEEP00000056137	ENSEEEG00000028296	CSDC2	ENSPKIP00000025756	ENSPKIG00000008510	CSDC2
ENSEEEP00000038097	ENSEEEG00000018102	GUCA1C	ENSPKIP00000005449	ENSPKIG00000022105	guca1c
ENSEEEP00000031935	ENSEEEG00000015130	tmem144a	ENSPKIP00000011710	ENSPKIG00000018676	tmem144b
ENSEEEP00000060520	ENSEEEG00000027547	selenou1a	ENSPKIP00000026967	ENSPKIG00000009214	selenou1a
ENSEEEP00000062099	ENSEEEG00000024519	PMM1	ENSPKIP00000016864	ENSPKIG00000003003	pmm1
ENSEEEP00000054927	ENSEEEG00000016992	ids	ENSPKIP00000014436	ENSPKIG00000001494	ids
ENSEEEP00000000341	ENSEEEG00000000248	si:ch73-141c7.1	ENSPKIP00000001183	ENSPKIG00000019576	si:ch73-141c7.1
ENSEEEP00000051722	ENSEEEG00000024287	TGIF2	ENSPKIP00000024803	ENSPKIG00000007916	
ENSEEEP00000023058	ENSEEEG00000011189	si:dkey-190g11.3	ENSPKIP00000011643	ENSPKIG00000018643	si:dkey-190g11.3
ENSEEEP00000012036	ENSEEEG00000006056	tusc3	ENSPKIP00000009579	ENSPKIG00000024639	tusc3
ENSEEEP00000056789	ENSEEEG00000025715	SCART1	ENSPKIP00000018454	ENSPKIG00000004020	
ENSEEEP00000055516	ENSEEEG00000025663	myl9b	ENSPKIP00000028719	ENSPKIG00000010247	myl9b
ENSEEEP00000042470	ENSEEEG00000020052	VKORC1	ENSPKIP00000011456	ENSPKIG00000018541	vkorc1
ENSEEEP00000063208	ENSEEEG00000000269	eps8l1a	ENSPKIP00000002341	ENSPKIG00000020265	eps8l1a
ENSEEEP00000022905	ENSEEEG00000011115	tefa	ENSPKIP00000017128	ENSPKIG00000003161	tefa
ENSEEEP00000044444	ENSEEEG00000020999	wdr34	ENSPKIP00000035663	ENSPKIG00000014526	dync2i2
ENSEEEP00000058952	ENSEEEG00000027438	mmp17b	ENSPKIP00000001687	ENSPKIG00000019891	mmp17b
ENSEEEP00000015765	ENSEEEG00000007744	RDH5	ENSPKIP00000009810	ENSPKIG00000024770	rdh5
ENSEEEP00000038098	ENSEEEG00000018103	THRSP	ENSPKIP00000005469	ENSPKIG00000022133	thrsp
ENSEEEP00000022915	ENSEEEG00000011117	PHF5A	ENSPKIP00000017031	ENSPKIG00000003100	phf5a
ENSEEEP00000061811	ENSEEEG00000027632	commd6	ENSPKIP00000020956	ENSPKIG00000005549	commd6
ENSEEEP00000050840	ENSEEEG00000023878	SF3B4	ENSPKIP00000002984	ENSPKIG00000020669	sf3b4
ENSEEEP00000004917	ENSEEEG00000002563	CNTFR	ENSPKIP00000007048	ENSPKIG00000023063	cntfr
ENSEEEP00000038100	ENSEEEG00000018104	ndufc2	ENSPKIP00000036503	ENSPKIG00000015053	ndufc2
ENSEEEP00000063755	ENSEEEG00000027660	CTNNBIP1	ENSPKIP00000034644	ENSPKIG00000013900	ctnnbip1
ENSEEEP00000050842	ENSEEEG00000023881	MLLT11	ENSPKIP00000012421	ENSPKIG00000000230	mllt11
ENSEEEP00000004919	ENSEEEG00000002565	il11ra	ENSPKIP00000007115	ENSPKIG00000023130	il11ra
ENSEEEP00000052897	ENSEEEG00000025278	RAB30	ENSPKIP00000036752	ENSPKIG00000015202	rab30
ENSEEEP00000035468	ENSEEEG00000016882		ENSPKIP00000041975	ENSPKIG00000018388	
ENSEEEP00000048284	ENSEEEG00000022738	UBXN4	ENSPKIP00000030256	ENSPKIG00000011187	UBXN4
ENSEEEP00000058042	ENSEEEG00000028648	setb	ENSPKIP00000035603	ENSPKIG00000014492	setb
ENSEEEP00000050844	ENSEEEG00000023882	MINDY1	ENSPKIP00000012329	ENSPKIG00000000158	mindy1
ENSEEEP00000004923	ENSEEEG00000002566	TMEM267	ENSPKIP00000036890	ENSPKIG00000015300	tmem267
ENSEEEP00000057784	ENSEEEG00000012644	NT5C3A	ENSPKIP00000010872	ENSPKIG00000025415	nt5c3a
ENSEEEP00000057904	ENSEEEG00000025056	phf21ab	ENSPKIP00000009929	ENSPKIG00000024836	rfx5
ENSEEEP00000025557	ENSEEEG00000012394	PMM2	ENSPKIP00000002506	ENSPKIG00000020367	pmm2
ENSEEEP00000003532	ENSEEEG00000001946	COCH	ENSPKIP00000033481	ENSPKIG00000013154	coch
ENSEEEP00000050850	ENSEEEG00000023886	MRPL24	ENSPKIP00000003920	ENSPKIG00000021226	mrpl24
ENSEEEP00000004926	ENSEEEG00000002568	si:busm1-57f23.1	ENSPKIP00000007149	ENSPKIG00000023163	si:busm1-57f23.1
ENSEEEP00000004929	ENSEEEG00000002570	RASSF6	ENSPKIP00000007163	ENSPKIG00000023173	rassf6
ENSEEEP00000041412	ENSEEEG00000019584	CDT1	ENSPKIP00000025250	ENSPKIG00000008196	cdt1
ENSEEEP00000042726	ENSEEEG00000020076	MAPK7	ENSPKIP00000011501	ENSPKIG00000018558	mapk7
ENSEEEP00000004102	ENSEEEG00000002178	SNX15	ENSPKIP00000009806	ENSPKIG00000024766	snx15
ENSEEEP00000035681	ENSEEEG00000016993	AFF2	ENSPKIP00000014545	ENSPKIG00000001556	aff2
ENSEEEP00000007762	ENSEEEG00000004061	PDCL	ENSPKIP00000020611	ENSPKIG00000005321	pdcl
ENSEEEP00000062774	ENSEEEG00000024778	PRCC	ENSPKIP00000003974	ENSPKIG00000021265	prcc
ENSEEEP00000023110	ENSEEEG00000011211	PPWD1	ENSPKIP00000011099	ENSPKIG00000025542	ppwd1
ENSEEEP00000025543	ENSEEEG00000012391	ints15	ENSPKIP00000041370	ENSPKIG00000017941	ints15
ENSEEEP00000004105	ENSEEEG00000002180	prox3	ENSPKIP00000009793	ENSPKIG00000024757	prox3
ENSEEEP00000048275	ENSEEEG00000022734	nmi	ENSPKIP00000003228	ENSPKIG00000020826	
ENSEEEP00000063928	ENSEEEG00000018111	PRCP	ENSPKIP00000005500	ENSPKIG00000022148	prcp
ENSEEEP00000004932	ENSEEEG00000002571	MUSK	ENSPKIP00000007256	ENSPKIG00000023201	MUSK
ENSEEEP00000053155	ENSEEEG00000026598	STBD1	ENSPKIP00000025046	ENSPKIG00000008064	
ENSEEEP00000050854	ENSEEEG00000023888	MRPL9	ENSPKIP00000004103	ENSPKIG00000021327	mrpl9
ENSEEEP00000003309	ENSEEEG00000001864		ENSPKIP00000025412	ENSPKIG00000008297	
ENSEEEP00000007770	ENSEEEG00000004064	SHROOM3	ENSPKIP00000025165	ENSPKIG00000008146	shroom3
ENSEEEP00000056477	ENSEEEG00000027059	LPAR1	ENSPKIP00000007297	ENSPKIG00000023252	lpar1
ENSEEEP00000003282	ENSEEEG00000001848	UBXN10	ENSPKIP00000025223	ENSPKIG00000008174	ubxn10
ENSEEEP00000056044	ENSEEEG00000022063	UBE2Q1	ENSPKIP00000015086	ENSPKIG00000001919	capzb
ENSEEEP00000003280	ENSEEEG00000001847	CPTP	ENSPKIP00000025194	ENSPKIG00000008154	cptp
ENSEEEP00000051548	ENSEEEG00000024205	LRRC3	ENSPKIP00000015083	ENSPKIG00000001911	
ENSEEEP00000010120	ENSEEEG00000005134	ILDR2	ENSPKIP00000028309	ENSPKIG00000009993	ildr2
ENSEEEP00000001258	ENSEEEG00000000854	SETD7	ENSPKIP00000033244	ENSPKIG00000013022	setd7
ENSEEEP00000025519	ENSEEEG00000012196	RGS11	ENSPKIP00000041580	ENSPKIG00000018076	rgs11
ENSEEEP00000006620	ENSEEEG00000003508	FOXN4	ENSPKIP00000010299	ENSPKIG00000025067	foxn4
ENSEEEP00000037934	ENSEEEG00000018025	ADORA2A	ENSPKIP00000022634	ENSPKIG00000006560	adora2aa
ENSEEEP00000037933	ENSEEEG00000018023	snrpd3l	ENSPKIP00000022402	ENSPKIG00000006412	snrpd3
ENSEEEP00000016376	ENSEEEG00000008110	si:ch211-199g17.9	ENSPKIP00000030595	ENSPKIG00000011395	
ENSEEEP00000024596	ENSEEEG00000011917	cryaa	ENSPKIP00000030463	ENSPKIG00000011275	cryaa
ENSEEEP00000003271	ENSEEEG00000001818	INTS11	ENSPKIP00000025126	ENSPKIG00000008091	ints11
ENSEEEP00000053979	ENSEEEG00000027823	APRT	ENSPKIP00000025291	ENSPKIG00000008216	aprt
ENSEEEP00000007880	ENSEEEG00000004116	MASTL	ENSPKIP00000028327	ENSPKIG00000009992	mastl
ENSEEEP00000001261	ENSEEEG00000000858	zgc:113425	ENSPKIP00000033297	ENSPKIG00000013062	zgc:113425
ENSEEEP00000038123	ENSEEEG00000018112		ENSPKIP00000005539	ENSPKIG00000022173	
ENSEEEP00000007878	ENSEEEG00000004115	acbd5a	ENSPKIP00000028415	ENSPKIG00000010077	acbd5a
ENSEEEP00000063627	ENSEEEG00000027250	rab33ba	ENSPKIP00000012046	ENSPKIG00000025682	rab33ba
ENSEEEP00000031610	ENSEEEG00000015119		ENSPKIP00000033263	ENSPKIG00000013043	cd164
ENSEEEP00000042551	ENSEEEG00000020092	MUS81	ENSPKIP00000009746	ENSPKIG00000024730	mus81
ENSEEEP00000021509	ENSEEEG00000010484	PTPRQ	ENSPKIP00000034604	ENSPKIG00000013864	
ENSEEEP00000051538	ENSEEEG00000024198	USP48	ENSPKIP00000013533	ENSPKIG00000000899	usp48
ENSEEEP00000050882	ENSEEEG00000023899	P3H4	ENSPKIP00000002878	ENSPKIG00000020600	P3H4
ENSEEEP00000059045	ENSEEEG00000027578		ENSPKIP00000025337	ENSPKIG00000008250	
ENSEEEP00000001276	ENSEEEG00000000862	mlsl	ENSPKIP00000033388	ENSPKIG00000013109	ugl
ENSEEEP00000053840	ENSEEEG00000018022	si:ch73-62l21.1	ENSPKIP00000036928	ENSPKIG00000015317	camkk2
ENSEEEP00000031177	ENSEEEG00000014935	RHBDD1	ENSPKIP00000026931	ENSPKIG00000009198	rhbdd1
ENSEEEP00000031613	ENSEEEG00000015122	WASF2	ENSPKIP00000028733	ENSPKIG00000010237	wasf2
ENSEEEP00000041398	ENSEEEG00000019581	GALNS	ENSPKIP00000025416	ENSPKIG00000008276	galns
ENSEEEP00000007778	ENSEEEG00000004069	CCNI	ENSPKIP00000025354	ENSPKIG00000008262	ccni
ENSEEEP00000023248	ENSEEEG00000011212	TRIM23	ENSPKIP00000011100	ENSPKIG00000025543	trim23
ENSEEEP00000021514	ENSEEEG00000010486	PRSS35	ENSPKIP00000006552	ENSPKIG00000022787	prss35
ENSEEEP00000004955	ENSEEEG00000002579	PLPPR1	ENSPKIP00000007455	ENSPKIG00000023329	plppr1
ENSEEEP00000060558	ENSEEEG00000028458	CCNG2	ENSPKIP00000009296	ENSPKIG00000024457	ccng2
ENSEEEP00000015842	ENSEEEG00000007800	HSD17B4	ENSPKIP00000041276	ENSPKIG00000017865	hsd17b4
ENSEEEP00000038125	ENSEEEG00000018113	FAM181B	ENSPKIP00000005554	ENSPKIG00000022186	
ENSEEEP00000007789	ENSEEEG00000004074	wu:fj64h06	ENSPKIP00000025387	ENSPKIG00000008284	taf1c
ENSEEEP00000024604	ENSEEEG00000011927	HSF2BP	ENSPKIP00000027491	ENSPKIG00000009536	HSF2BP
ENSEEEP00000033114	ENSEEEG00000015757	NIT1	ENSPKIP00000039005	ENSPKIG00000016558	nit1
ENSEEEP00000022958	ENSEEEG00000011143	csdc2a	ENSPKIP00000016889	ENSPKIG00000003033	csdc2a
ENSEEEP00000026086	ENSEEEG00000012591	BMPER	ENSPKIP00000001425	ENSPKIG00000019711	bmper
ENSEEEP00000033113	ENSEEEG00000015756	PFDN2	ENSPKIP00000039044	ENSPKIG00000016574	pfdn2
ENSEEEP00000024178	ENSEEEG00000011665	ERCC8	ENSPKIP00000041796	ENSPKIG00000018192	ercc8
ENSEEEP00000010615	ENSEEEG00000005379	NXPE3	ENSPKIP00000028655	ENSPKIG00000010215	nxpe3
ENSEEEP00000028588	ENSEEEG00000013728	ZBTB7A	ENSPKIP00000011306	ENSPKIG00000018457	zbtb7a
ENSEEEP00000036808	ENSEEEG00000017475	C18orf32	ENSPKIP00000028336	ENSPKIG00000010022	C18orf32
ENSEEEP00000033111	ENSEEEG00000015755	B4GAT1	ENSPKIP00000039067	ENSPKIG00000016586	b4gat1
ENSEEEP00000048261	ENSEEEG00000022727	MMADHC	ENSPKIP00000018357	ENSPKIG00000003948	mmadhcb
ENSEEEP00000031194	ENSEEEG00000014944	sst1.2	ENSPKIP00000002606	ENSPKIG00000020442	sst1.2
ENSEEEP00000010616	ENSEEEG00000005381	MPC2	ENSPKIP00000020373	ENSPKIG00000005183	mpc2b
ENSEEEP00000024605	ENSEEEG00000011931	ankrd10a	ENSPKIP00000030623	ENSPKIG00000011413	ankrd10a
ENSEEEP00000034580	ENSEEEG00000016441	DOP1A	ENSPKIP00000041195	ENSPKIG00000017838	myo15b
ENSEEEP00000033110	ENSEEEG00000015754	six7	ENSPKIP00000018146	ENSPKIG00000003814	six7
ENSEEEP00000049071	ENSEEEG00000023053	VPS37A	ENSPKIP00000009340	ENSPKIG00000024474	vps37a
ENSEEEP00000011701	ENSEEEG00000005891	HS3ST5	ENSPKIP00000000187	ENSPKIG00000018953	HS3ST5
ENSEEEP00000038004	ENSEEEG00000018050	il20ra	ENSPKIP00000032821	ENSPKIG00000012765	
ENSEEEP00000045441	ENSEEEG00000021451	ANGPTL7	ENSPKIP00000033250	ENSPKIG00000013029	angptl7
ENSEEEP00000002444	ENSEEEG00000001429	CDK1	ENSPKIP00000013286	ENSPKIG00000000772	
ENSEEEP00000048260	ENSEEEG00000022726	LYPD6	ENSPKIP00000018331	ENSPKIG00000003918	
ENSEEEP00000027723	ENSEEEG00000013348	GUCA2A	ENSPKIP00000030185	ENSPKIG00000011140	
ENSEEEP00000027719	ENSEEEG00000013329	nmur3	ENSPKIP00000030207	ENSPKIG00000011156	nmur3
ENSEEEP00000031197	ENSEEEG00000014946	sst1.1	ENSPKIP00000002622	ENSPKIG00000020455	sst1.1
ENSEEEP00000007838	ENSEEEG00000004094	PDSS1	ENSPKIP00000028649	ENSPKIG00000010189	pdss1
ENSEEEP00000055339	ENSEEEG00000022725	LYPD6B	ENSPKIP00000018267	ENSPKIG00000003883	lypd6b
ENSEEEP00000002447	ENSEEEG00000001433	tmem26a	ENSPKIP00000000957	ENSPKIG00000019419	tmem26a
ENSEEEP00000049620	ENSEEEG00000023330	badb	ENSPKIP00000010006	ENSPKIG00000024892	bada
ENSEEEP00000034587	ENSEEEG00000016446	ASB3	ENSPKIP00000009809	ENSPKIG00000024768	asb3
ENSEEEP00000042972	ENSEEEG00000020284	RPL35	ENSPKIP00000008626	ENSPKIG00000024042	rpl35
ENSEEEP00000043089	ENSEEEG00000020343	CLRN2	ENSPKIP00000006000	ENSPKIG00000022458	clrn2
ENSEEEP00000049621	ENSEEEG00000023331	zgc:101765	ENSPKIP00000010015	ENSPKIG00000024895	zgc:110782
ENSEEEP00000057444	ENSEEEG00000001975	SCFD1	ENSPKIP00000000897	ENSPKIG00000019355	scfd1
ENSEEEP00000043087	ENSEEEG00000020337	PEA15	ENSPKIP00000026403	ENSPKIG00000008916	pea15
ENSEEEP00000024619	ENSEEEG00000011937	ING1	ENSPKIP00000027570	ENSPKIG00000009581	ing1
ENSEEEP00000004960	ENSEEEG00000002585		ENSPKIP00000011877	ENSPKIG00000018367	
ENSEEEP00000010868	ENSEEEG00000005502	NT5DC1	ENSPKIP00000000070	ENSPKIG00000018862	nt5dc1
ENSEEEP00000031022	ENSEEEG00000014847	lzts2a	ENSPKIP00000032593	ENSPKIG00000012642	LZTS2
ENSEEEP00000004965	ENSEEEG00000002586	SLC46A2	ENSPKIP00000005957	ENSPKIG00000022436	slc46a2
ENSEEEP00000049625	ENSEEEG00000023333	GPHA2	ENSPKIP00000010037	ENSPKIG00000024906	gpha2
ENSEEEP00000002112	ENSEEEG00000001292	CHRD	ENSPKIP00000034627	ENSPKIG00000013883	chrd
ENSEEEP00000063436	ENSEEEG00000028056	UQCR10	ENSPKIP00000008011	ENSPKIG00000023679	uqcr10
ENSEEEP00000024651	ENSEEEG00000011938	CARS2	ENSPKIP00000027662	ENSPKIG00000009618	cars2
ENSEEEP00000005144	ENSEEEG00000002590	SNX30	ENSPKIP00000011299	ENSPKIG00000018432	snx30
ENSEEEP00000043627	ENSEEEG00000020621	NARS2	ENSPKIP00000036851	ENSPKIG00000015253	nars2
ENSEEEP00000042092	ENSEEEG00000019884	si:ch211-212k18.5	ENSPKIP00000026933	ENSPKIG00000009207	sall2
ENSEEEP00000061808	ENSEEEG00000020335	casq1b	ENSPKIP00000008534	ENSPKIG00000023967	casq1b
ENSEEEP00000007826	ENSEEEG00000004090	APBB1IP	ENSPKIP00000028787	ENSPKIG00000010262	apbb1ip
ENSEEEP00000009569	ENSEEEG00000004889	CACYBP	ENSPKIP00000008447	ENSPKIG00000023931	cacybp
ENSEEEP00000014304	ENSEEEG00000007111	slc35d1a	ENSPKIP00000011815	ENSPKIG00000018736	slc35d1a
ENSEEEP00000046877	ENSEEEG00000022065	MICOS10-NBL1	ENSPKIP00000027448	ENSPKIG00000009507	
ENSEEEP00000002537	ENSEEEG00000001444	exd2	ENSPKIP00000024793	ENSPKIG00000007907	exd2
ENSEEEP00000051522	ENSEEEG00000024193	ldlrad2	ENSPKIP00000012592	ENSPKIG00000000339	ldlrad2
ENSEEEP00000047435	ENSEEEG00000022322	pcgf6	ENSPKIP00000013694	ENSPKIG00000001037	pcgf6
ENSEEEP00000009570	ENSEEEG00000004890	MRPS14	ENSPKIP00000008467	ENSPKIG00000023947	mrps14
ENSEEEP00000064467	ENSEEEG00000027836	NBL1	ENSPKIP00000015186	ENSPKIG00000001984	NBL1
ENSEEEP00000011403	ENSEEEG00000005764	TSR2	ENSPKIP00000008006	ENSPKIG00000023676	tsr2
ENSEEEP00000064207	ENSEEEG00000025476		ENSPKIP00000009805	ENSPKIG00000024764	
ENSEEEP00000028997	ENSEEEG00000013907	SPNS2	ENSPKIP00000041456	ENSPKIG00000017965	SPNS2
ENSEEEP00000045141	ENSEEEG00000021310	SETD9	ENSPKIP00000039585	ENSPKIG00000016884	setd9
ENSEEEP00000028733	ENSEEEG00000013806		ENSPKIP00000024805	ENSPKIG00000007914	
ENSEEEP00000000528	ENSEEEG00000000275	QARS1	ENSPKIP00000005577	ENSPKIG00000022198	qars1
ENSEEEP00000055736	ENSEEEG00000027205		ENSPKIP00000038775	ENSPKIG00000016421	
ENSEEEP00000051519	ENSEEEG00000024192	chchd4a	ENSPKIP00000007610	ENSPKIG00000023439	chchd4a
ENSEEEP00000061669	ENSEEEG00000025008		ENSPKIP00000025161	ENSPKIG00000008142	
ENSEEEP00000049629	ENSEEEG00000023336	si:dkey-23i12.7	ENSPKIP00000010088	ENSPKIG00000024939	batf2
ENSEEEP00000027663	ENSEEEG00000013323	lactbl1b	ENSPKIP00000030309	ENSPKIG00000011202	lactbl1b
ENSEEEP00000010866	ENSEEEG00000005498	NDUFAF4	ENSPKIP00000011210	ENSPKIG00000018806	ndufaf4
ENSEEEP00000028948	ENSEEEG00000013830	RUVBL2	ENSPKIP00000041586	ENSPKIG00000018065	ruvbl2
ENSEEEP00000047437	ENSEEEG00000022323	POLR1C	ENSPKIP00000028062	ENSPKIG00000009858	polr1c
ENSEEEP00000021146	ENSEEEG00000010309	lepa	ENSPKIP00000036722	ENSPKIG00000015187	lepa
ENSEEEP00000045136	ENSEEEG00000021309	PDXP	ENSPKIP00000000041	ENSPKIG00000018858	pdxp
ENSEEEP00000010864	ENSEEEG00000005497	GPR63	ENSPKIP00000011235	ENSPKIG00000018795	gpr63
ENSEEEP00000015603	ENSEEEG00000007734	CELA1	ENSPKIP00000009752	ENSPKIG00000024733	cela1.1
ENSEEEP00000002245	ENSEEEG00000000632	POLD1	ENSPKIP00000002662	ENSPKIG00000020431	pold1
ENSEEEP00000051517	ENSEEEG00000024189	si:dkey-202e22.2	ENSPKIP00000007632	ENSPKIG00000023450	si:dkey-202e22.2
ENSEEEP00000010626	ENSEEEG00000005385	F5	ENSPKIP00000020288	ENSPKIG00000005082	f5
ENSEEEP00000025134	ENSEEEG00000012184	PDIA2	ENSPKIP00000002435	ENSPKIG00000020330	pdia2
ENSEEEP00000049631	ENSEEEG00000023339	arl2	ENSPKIP00000010099	ENSPKIG00000024946	arl2
ENSEEEP00000049083	ENSEEEG00000023061	PCM1	ENSPKIP00000009042	ENSPKIG00000024266	pcm1
ENSEEEP00000046885	ENSEEEG00000022069	CCNG2	ENSPKIP00000015316	ENSPKIG00000002067	
ENSEEEP00000049632	ENSEEEG00000023346	B3GAT3	ENSPKIP00000010131	ENSPKIG00000024966	b3gat3
ENSEEEP00000025795	ENSEEEG00000012504	METTL21A	ENSPKIP00000035934	ENSPKIG00000014696	mettl21a
ENSEEEP00000046888	ENSEEEG00000022070	ora4	ENSPKIP00000015420	ENSPKIG00000002124	ora4
ENSEEEP00000023351	ENSEEEG00000011279	TRAPPC13	ENSPKIP00000011104	ENSPKIG00000025545	trappc13
ENSEEEP00000045916	ENSEEEG00000021644	SSPN	ENSPKIP00000000902	ENSPKIG00000019395	sspn
ENSEEEP00000049635	ENSEEEG00000023347	NAA40	ENSPKIP00000008054	ENSPKIG00000023709	naa40
ENSEEEP00000025793	ENSEEEG00000012503	cbx6a	ENSPKIP00000018661	ENSPKIG00000004143	cbx6a
ENSEEEP00000043632	ENSEEEG00000020625	GAB2	ENSPKIP00000035339	ENSPKIG00000014325	gab2
ENSEEEP00000048229	ENSEEEG00000022707	ACMSD	ENSPKIP00000030848	ENSPKIG00000011557	acmsd
ENSEEEP00000010858	ENSEEEG00000005485	UFL1	ENSPKIP00000011829	ENSPKIG00000018737	ufl1
ENSEEEP00000046889	ENSEEEG00000022071	FNDC10	ENSPKIP00000015433	ENSPKIG00000002167	fndc10
ENSEEEP00000025787	ENSEEEG00000012499	PLA2G6	ENSPKIP00000018784	ENSPKIG00000004189	pla2g6
ENSEEEP00000042540	ENSEEEG00000020088	si:dkey-9k7.3	ENSPKIP00000034075	ENSPKIG00000013547	si:dkey-9k7.3
ENSEEEP00000048225	ENSEEEG00000022706	tmem163a	ENSPKIP00000019597	ENSPKIG00000004686	tmem163b
ENSEEEP00000042537	ENSEEEG00000020086	znf638	ENSPKIP00000001102	ENSPKIG00000019515	
ENSEEEP00000052618	ENSEEEG00000024651	ywhae1	ENSPKIP00000008468	ENSPKIG00000023940	
ENSEEEP00000021142	ENSEEEG00000010306	RBM28	ENSPKIP00000007636	ENSPKIG00000023453	rbm28
ENSEEEP00000035121	ENSEEEG00000016711	ECSIT	ENSPKIP00000037692	ENSPKIG00000015773	ecsit
ENSEEEP00000014293	ENSEEEG00000007106		ENSPKIP00000036436	ENSPKIG00000015010	
ENSEEEP00000030374	ENSEEEG00000014553	ptp4a2b	ENSPKIP00000008573	ENSPKIG00000023998	ptp4a2b
ENSEEEP00000046893	ENSEEEG00000022072	SSU72	ENSPKIP00000015458	ENSPKIG00000002173	ssu72
ENSEEEP00000035120	ENSEEEG00000016710	si:dkey-106g10.7	ENSPKIP00000037672	ENSPKIG00000015752	zfta
ENSEEEP00000042535	ENSEEEG00000020085	si:ch211-212k18.15	ENSPKIP00000033609	ENSPKIG00000013257	
ENSEEEP00000062263	ENSEEEG00000020628	synpo2lb	ENSPKIP00000035260	ENSPKIG00000014288	
ENSEEEP00000042534	ENSEEEG00000020084	zgc:194655	ENSPKIP00000033649	ENSPKIG00000013287	
ENSEEEP00000028671	ENSEEEG00000013492	CDC27	ENSPKIP00000008051	ENSPKIG00000023697	cdc27
ENSEEEP00000048223	ENSEEEG00000029122	arl4cb	ENSPKIP00000025625	ENSPKIG00000008422	ARL4C
ENSEEEP00000035119	ENSEEEG00000016705	RTN3	ENSPKIP00000037636	ENSPKIG00000015710	
ENSEEEP00000054056	ENSEEEG00000029114	eef1akmt2	ENSPKIP00000017102	ENSPKIG00000003154	
ENSEEEP00000061909	ENSEEEG00000028427	TASP1	ENSPKIP00000009230	ENSPKIG00000024416	tasp1
ENSEEEP00000042513	ENSEEEG00000020019	OXA1L	ENSPKIP00000033474	ENSPKIG00000013158	oxa1l
ENSEEEP00000063055	ENSEEEG00000025098	gsc	ENSPKIP00000006367	ENSPKIG00000022676	gsc
ENSEEEP00000031193	ENSEEEG00000014945	gsdmeb	ENSPKIP00000027971	ENSPKIG00000009804	gsdmeb
ENSEEEP00000019551	ENSEEEG00000009584	SHISA4	ENSPKIP00000040175	ENSPKIG00000017242	shisa4
ENSEEEP00000014283	ENSEEEG00000007104	IL12RB2	ENSPKIP00000036537	ENSPKIG00000015066	
ENSEEEP00000003217	ENSEEEG00000001807	plxnc1	ENSPKIP00000037472	ENSPKIG00000015633	
ENSEEEP00000048529	ENSEEEG00000022834	zgc:194189	ENSPKIP00000033085	ENSPKIG00000012916	foxl2l
ENSEEEP00000062680	ENSEEEG00000026518	lmod1b	ENSPKIP00000040134	ENSPKIG00000017225	lmod1b
ENSEEEP00000023368	ENSEEEG00000011322	SGTB	ENSPKIP00000011114	ENSPKIG00000025548	sgtb
ENSEEEP00000035111	ENSEEEG00000016703	MEN1	ENSPKIP00000037505	ENSPKIG00000015655	men1
ENSEEEP00000019559	ENSEEEG00000009589	TIMM17A	ENSPKIP00000040114	ENSPKIG00000017204	timm17a
ENSEEEP00000056228	ENSEEEG00000027637	MINDY4B	ENSPKIP00000035956	ENSPKIG00000014705	mindy4b
ENSEEEP00000056158	ENSEEEG00000022086	ATAD3A	ENSPKIP00000015526	ENSPKIG00000002213	ATAD3A
ENSEEEP00000025776	ENSEEEG00000012493	pvalb7	ENSPKIP00000014151	ENSPKIG00000001326	pvalb6
ENSEEEP00000048537	ENSEEEG00000022837	TMEM201	ENSPKIP00000033118	ENSPKIG00000012941	tmem201
ENSEEEP00000032990	ENSEEEG00000015686	DICER1	ENSPKIP00000001827	ENSPKIG00000019962	dicer1
ENSEEEP00000024668	ENSEEEG00000011951	LIG4	ENSPKIP00000030973	ENSPKIG00000011645	lig4
ENSEEEP00000014279	ENSEEEG00000007099	HSD17B7	ENSPKIP00000000046	ENSPKIG00000018855	hsd17b7
ENSEEEP00000056961	ENSEEEG00000024647	si:ch211-214j8.12	ENSPKIP00000003759	ENSPKIG00000021120	lrrc75a
ENSEEEP00000056157	ENSEEEG00000012488	NCF4	ENSPKIP00000018987	ENSPKIG00000004332	ncf4
ENSEEEP00000042916	ENSEEEG00000020249	REXO4	ENSPKIP00000009801	ENSPKIG00000024761	rexo4
ENSEEEP00000021120	ENSEEEG00000010304	si:dkey-5i3.5	ENSPKIP00000026299	ENSPKIG00000008838	si:dkey-5i3.5
ENSEEEP00000048200	ENSEEEG00000022693		ENSPKIP00000038388	ENSPKIG00000016184	
ENSEEEP00000058624	ENSEEEG00000028294	CLRN1	ENSPKIP00000035970	ENSPKIG00000014724	clrn1
ENSEEEP00000057614	ENSEEEG00000024714	METTL18	ENSPKIP00000038175	ENSPKIG00000016064	mettl18
ENSEEEP00000042912	ENSEEEG00000020246	CACFD1	ENSPKIP00000009816	ENSPKIG00000024772	cacfd1
ENSEEEP00000062766	ENSEEEG00000022838	SLC25A33	ENSPKIP00000033188	ENSPKIG00000012981	slc25a33
ENSEEEP00000019001	ENSEEEG00000009318	TCP11L2	ENSPKIP00000017362	ENSPKIG00000003306	rps6kl1
ENSEEEP00000041379	ENSEEEG00000019573	TRAPPC2L	ENSPKIP00000025515	ENSPKIG00000008361	trappc2l
ENSEEEP00000025766	ENSEEEG00000012483	pdgfba	ENSPKIP00000019078	ENSPKIG00000004396	pdgfba
ENSEEEP00000022074	ENSEEEG00000010721	KCTD10	ENSPKIP00000010262	ENSPKIG00000025041	kctd10
ENSEEEP00000024679	ENSEEEG00000011955		ENSPKIP00000016965	ENSPKIG00000003078	
ENSEEEP00000025115	ENSEEEG00000012176	rnf175	ENSPKIP00000037413	ENSPKIG00000015604	rnf175
ENSEEEP00000058167	ENSEEEG00000026855	IL7R	ENSPKIP00000001919	ENSPKIG00000020030	
ENSEEEP00000021776	ENSEEEG00000010591		ENSPKIP00000019123	ENSPKIG00000004421	
ENSEEEP00000005995	ENSEEEG00000003186	capslb	ENSPKIP00000001862	ENSPKIG00000019975	capslb
ENSEEEP00000048545	ENSEEEG00000022840	AURKAIP1	ENSPKIP00000028276	ENSPKIG00000009988	aurkaip1
ENSEEEP00000015872	ENSEEEG00000007843	PRR16	ENSPKIP00000041394	ENSPKIG00000017969	prr16
ENSEEEP00000001463	ENSEEEG00000000949	rab5aa	ENSPKIP00000027571	ENSPKIG00000009578	RAB5A
ENSEEEP00000022937	ENSEEEG00000011131		ENSPKIP00000024963	ENSPKIG00000008008	
ENSEEEP00000031065	ENSEEEG00000014868	wdr32	ENSPKIP00000039255	ENSPKIG00000016679	wdr32
ENSEEEP00000028762	ENSEEEG00000013821	IFT22	ENSPKIP00000041792	ENSPKIG00000018200	ift22
ENSEEEP00000047071	ENSEEEG00000022156	MRPL20	ENSPKIP00000015582	ENSPKIG00000002248	mrpl20
ENSEEEP00000027639	ENSEEEG00000013314	LRRC38	ENSPKIP00000030446	ENSPKIG00000011307	lrrc38b
ENSEEEP00000060610	ENSEEEG00000027649	atp5l	ENSPKIP00000011398	ENSPKIG00000018506	atp5l
ENSEEEP00000060683	ENSEEEG00000011132	scarb2c	ENSPKIP00000024984	ENSPKIG00000008021	scarb2c
ENSEEEP00000027636	ENSEEEG00000013311	dhrs3b	ENSPKIP00000030551	ENSPKIG00000011346	dhrs3b
ENSEEEP00000031124	ENSEEEG00000014879	PTP4A1	ENSPKIP00000017790	ENSPKIG00000003563	ptp4a1
ENSEEEP00000047076	ENSEEEG00000022160	SDHB	ENSPKIP00000015611	ENSPKIG00000002268	sdhb
ENSEEEP00000018979	ENSEEEG00000009302	ANGEL1	ENSPKIP00000017453	ENSPKIG00000003362	angel1
ENSEEEP00000016741	ENSEEEG00000008300	ZC3H13	ENSPKIP00000001537	ENSPKIG00000019756	zc3h13
ENSEEEP00000024192	ENSEEEG00000011732	NDUFAF2	ENSPKIP00000041711	ENSPKIG00000018166	ndufaf2
ENSEEEP00000031196	ENSEEEG00000014948	ABT1	ENSPKIP00000007848	ENSPKIG00000023588	abt1
ENSEEEP00000018969	ENSEEEG00000009301	VASH1	ENSPKIP00000017506	ENSPKIG00000003394	VASH1
ENSEEEP00000031070	ENSEEEG00000014871	POMK	ENSPKIP00000039413	ENSPKIG00000016773	pomk
ENSEEEP00000027630	ENSEEEG00000013309	aadacl4	ENSPKIP00000030591	ENSPKIG00000011392	aadacl4
ENSEEEP00000024197	ENSEEEG00000011734	SMIM15	ENSPKIP00000041687	ENSPKIG00000018143	smim15
ENSEEEP00000031071	ENSEEEG00000014873	zgc:123321	ENSPKIP00000020674	ENSPKIG00000005368	zgc:123321
ENSEEEP00000027629	ENSEEEG00000013307	si:ch211-226m7.4	ENSPKIP00000030618	ENSPKIG00000011404	si:ch211-226m7.4
ENSEEEP00000041358	ENSEEEG00000019570	pabpn1l	ENSPKIP00000025478	ENSPKIG00000008340	pabpn1l
ENSEEEP00000023508	ENSEEEG00000011401	FIGLA	ENSPKIP00000031454	ENSPKIG00000011920	figla
ENSEEEP00000016739	ENSEEEG00000008298	CPB2	ENSPKIP00000015255	ENSPKIG00000002033	cpb2
ENSEEEP00000047873	ENSEEEG00000022519	GALNT11	ENSPKIP00000040884	ENSPKIG00000017665	GALNT11
ENSEEEP00000058275	ENSEEEG00000025982	traf2a	ENSPKIP00000031268	ENSPKIG00000011819	
ENSEEEP00000022293	ENSEEEG00000010733	ube3b	ENSPKIP00000010232	ENSPKIG00000025027	ube3b
ENSEEEP00000021774	ENSEEEG00000010590	ADRA2A	ENSPKIP00000040713	ENSPKIG00000017569	adra2a
ENSEEEP00000052592	ENSEEEG00000024635	TMEM199	ENSPKIP00000003698	ENSPKIG00000021095	vma12
ENSEEEP00000047090	ENSEEEG00000022163	MFAP2	ENSPKIP00000015653	ENSPKIG00000002297	MFAP2
ENSEEEP00000006368	ENSEEEG00000003385	PLAAT1	ENSPKIP00000013947	ENSPKIG00000001183	plaat1
ENSEEEP00000063162	ENSEEEG00000028598	SHOC2	ENSPKIP00000040681	ENSPKIG00000017545	shoc2
ENSEEEP00000057783	ENSEEEG00000025553	klhdc7a	ENSPKIP00000030650	ENSPKIG00000011433	klhdc7a
ENSEEEP00000018967	ENSEEEG00000009294	FCF1	ENSPKIP00000017567	ENSPKIG00000003415	fcf1
ENSEEEP00000031144	ENSEEEG00000014914	MRPL4	ENSPKIP00000025085	ENSPKIG00000008086	mrpl4
ENSEEEP00000041321	ENSEEEG00000019554	ACSF3	ENSPKIP00000025793	ENSPKIG00000008534	ACSF3
ENSEEEP00000035085	ENSEEEG00000016689	MSANTD1	ENSPKIP00000019196	ENSPKIG00000004462	msantd1
ENSEEEP00000021766	ENSEEEG00000010585	BBIP1	ENSPKIP00000040630	ENSPKIG00000017516	bbip1
ENSEEEP00000027625	ENSEEEG00000013304	igsf21a	ENSPKIP00000030688	ENSPKIG00000011451	igsf21a
ENSEEEP00000064547	ENSEEEG00000022169	ccdc88b	ENSPKIP00000015724	ENSPKIG00000002334	CROCC
ENSEEEP00000016738	ENSEEEG00000008296	ALG11	ENSPKIP00000001647	ENSPKIG00000019864	alg11
ENSEEEP00000023245	ENSEEEG00000011272	KCTD17	ENSPKIP00000016613	ENSPKIG00000002853	kctd17
ENSEEEP00000052587	ENSEEEG00000024631	dhrs13b.1	ENSPKIP00000003647	ENSPKIG00000021049	si:ch211-108p6.4
ENSEEEP00000047522	ENSEEEG00000022367	PROM2	ENSPKIP00000024569	ENSPKIG00000007738	
ENSEEEP00000036256	ENSEEEG00000017241	RAB33A	ENSPKIP00000014847	ENSPKIG00000001765	rab33a
ENSEEEP00000059937	ENSEEEG00000029019	GEMIN4	ENSPKIP00000003581	ENSPKIG00000021025	gemin4
ENSEEEP00000004607	ENSEEEG00000002406	si:dkeyp-104h9.5	ENSPKIP00000034865	ENSPKIG00000014031	si:dkeyp-104h9.5
ENSEEEP00000015884	ENSEEEG00000007851	SNCAIP	ENSPKIP00000041489	ENSPKIG00000018019	sncaip
ENSEEEP00000035293	ENSEEEG00000016797	EDF1	ENSPKIP00000025475	ENSPKIG00000008336	edf1
ENSEEEP00000004608	ENSEEEG00000002407	nppal	ENSPKIP00000034927	ENSPKIG00000014077	nppal
ENSEEEP00000049672	ENSEEEG00000023355	krcp	ENSPKIP00000010373	ENSPKIG00000025107	krcp
ENSEEEP00000036257	ENSEEEG00000017242	selenot2	ENSPKIP00000014920	ENSPKIG00000001790	selenot2
ENSEEEP00000018713	ENSEEEG00000009205	CYB5R4	ENSPKIP00000005819	ENSPKIG00000022300	cyb5r4
ENSEEEP00000033003	ENSEEEG00000015713	CLMN	ENSPKIP00000006344	ENSPKIG00000022663	
ENSEEEP00000048302	ENSEEEG00000022747	ccdc187	ENSPKIP00000022918	ENSPKIG00000006742	
ENSEEEP00000004615	ENSEEEG00000002409	NPPB	ENSPKIP00000034962	ENSPKIG00000014100	
ENSEEEP00000047528	ENSEEEG00000022372	NSMCE4A	ENSPKIP00000003717	ENSPKIG00000021110	nsmce4a
ENSEEEP00000005980	ENSEEEG00000003175	SKP2	ENSPKIP00000001638	ENSPKIG00000019858	skp2
ENSEEEP00000005756	ENSEEEG00000003037	MARVELD1	ENSPKIP00000038546	ENSPKIG00000016279	marveld1
ENSEEEP00000016734	ENSEEEG00000008294	SPP2	ENSPKIP00000017024	ENSPKIG00000003117	
ENSEEEP00000048303	ENSEEEG00000022748	uts2a	ENSPKIP00000023503	ENSPKIG00000007111	uts2a
ENSEEEP00000054889	ENSEEEG00000026046	zgc:123278	ENSPKIP00000002003	ENSPKIG00000020069	
ENSEEEP00000021684	ENSEEEG00000010144	pdcd4b	ENSPKIP00000040555	ENSPKIG00000017462	pdcd4b
ENSEEEP00000005762	ENSEEEG00000003042	zgc:171482	ENSPKIP00000037893	ENSPKIG00000015911	zgc:171482
ENSEEEP00000056964	ENSEEEG00000017243	RNF4	ENSPKIP00000011553	ENSPKIG00000018588	RNF4
ENSEEEP00000018945	ENSEEEG00000009288	AREL1	ENSPKIP00000017645	ENSPKIG00000003455	AREL1
ENSEEEP00000031087	ENSEEEG00000014881	si:dkey-33c12.3	ENSPKIP00000013146	ENSPKIG00000000695	neff2
ENSEEEP00000005764	ENSEEEG00000003044	SFRP5	ENSPKIP00000037765	ENSPKIG00000015815	sfrp5
ENSEEEP00000031146	ENSEEEG00000014919	C6orf120	ENSPKIP00000025356	ENSPKIG00000008261	zgc:77929
ENSEEEP00000031091	ENSEEEG00000014882	MRPS26	ENSPKIP00000002118	ENSPKIG00000020131	mrps26
ENSEEEP00000055261	ENSEEEG00000026752	EOLA1	ENSPKIP00000001497	ENSPKIG00000019772	
ENSEEEP00000047643	ENSEEEG00000022419	CHEK2	ENSPKIP00000032063	ENSPKIG00000012294	chek2
ENSEEEP00000036310	ENSEEEG00000017267	nkx6.2	ENSPKIP00000011307	ENSPKIG00000018453	nkx6.2
ENSEEEP00000000611	ENSEEEG00000000432	OGG1	ENSPKIP00000030723	ENSPKIG00000011480	ogg1
ENSEEEP00000041309	ENSEEEG00000019546	cdh15	ENSPKIP00000025896	ENSPKIG00000008586	cdh15
ENSEEEP00000004618	ENSEEEG00000002411		ENSPKIP00000034995	ENSPKIG00000014121	
ENSEEEP00000031148	ENSEEEG00000014922	si:ch211-156l18.7	ENSPKIP00000024504	ENSPKIG00000007736	krt94
ENSEEEP00000022965	ENSEEEG00000011142	WDR91	ENSPKIP00000037433	ENSPKIG00000015624	wdr91
ENSEEEP00000031127	ENSEEEG00000014890	si:dkey-84o3.6	ENSPKIP00000013164	ENSPKIG00000000701	si:dkey-84o3.7
ENSEEEP00000011463	ENSEEEG00000005791	AKAP11	ENSPKIP00000023859	ENSPKIG00000007325	akap11
ENSEEEP00000047541	ENSEEEG00000022378	NASP	ENSPKIP00000003678	ENSPKIG00000021032	
ENSEEEP00000027393	ENSEEEG00000013214	SYNE3	ENSPKIP00000006290	ENSPKIG00000022630	syne3
ENSEEEP00000047630	ENSEEEG00000022418	gstt2	ENSPKIP00000032104	ENSPKIG00000012330	gstt2
ENSEEEP00000006393	ENSEEEG00000003393	SIRT7	ENSPKIP00000028600	ENSPKIG00000010175	sirt7
ENSEEEP00000035077	ENSEEEG00000016680	nectin4a	ENSPKIP00000024455	ENSPKIG00000007710	
ENSEEEP00000048631	ENSEEEG00000022882	HMG20B	ENSPKIP00000011232	ENSPKIG00000018784	hmg20b
ENSEEEP00000062040	ENSEEEG00000017276	INPP5A	ENSPKIP00000011381	ENSPKIG00000018494	INPP5A
ENSEEEP00000047625	ENSEEEG00000022417	slc2a11b	ENSPKIP00000031977	ENSPKIG00000012240	slc2a11b
ENSEEEP00000062417	ENSEEEG00000028856	RBBP9	ENSPKIP00000019221	ENSPKIG00000004469	rbbp9
ENSEEEP00000031191	ENSEEEG00000014923	krt15	ENSPKIP00000006992	ENSPKIG00000023053	krt15
ENSEEEP00000052532	ENSEEEG00000024605	PIPOX	ENSPKIP00000014044	ENSPKIG00000001259	pipox
ENSEEEP00000022967	ENSEEEG00000011146	rab27b	ENSPKIP00000037386	ENSPKIG00000015589	rab27b
ENSEEEP00000005978	ENSEEEG00000002452	CLCN6	ENSPKIP00000035121	ENSPKIG00000014156	clcn6
ENSEEEP00000023580	ENSEEEG00000011429	SNRNP27	ENSPKIP00000015008	ENSPKIG00000001853	
ENSEEEP00000039680	ENSEEEG00000018823	XRCC2	ENSPKIP00000040957	ENSPKIG00000017715	XRCC2
ENSEEEP00000024430	ENSEEEG00000011849	cbwd	ENSPKIP00000036583	ENSPKIG00000015095	cbwd
ENSEEEP00000006396	ENSEEEG00000003395	zgc:194981	ENSPKIP00000019335	ENSPKIG00000004540	
ENSEEEP00000036262	ENSEEEG00000017245	si:ch211-255i20.3	ENSPKIP00000022774	ENSPKIG00000006651	si:ch211-255i20.3
ENSEEEP00000011455	ENSEEEG00000005787	TNFSF11	ENSPKIP00000023897	ENSPKIG00000007351	tnfsf11
ENSEEEP00000059556	ENSEEEG00000028096	mxd1	ENSPKIP00000015040	ENSPKIG00000001886	mxd1
ENSEEEP00000030399	ENSEEEG00000014563	her9	ENSPKIP00000013222	ENSPKIG00000000723	her9
ENSEEEP00000023222	ENSEEEG00000011258	gpr1	ENSPKIP00000028988	ENSPKIG00000010415	cmklr2
ENSEEEP00000003224	ENSEEEG00000001814	OSTN	ENSPKIP00000014618	ENSPKIG00000001630	ostn
ENSEEEP00000031526	ENSEEEG00000015081		ENSPKIP00000035550	ENSPKIG00000014474	
ENSEEEP00000005965	ENSEEEG00000003171	NADK2	ENSPKIP00000001566	ENSPKIG00000019798	nadk2
ENSEEEP00000047545	ENSEEEG00000022382	ly6pge	ENSPKIP00000003534	ENSPKIG00000020997	ly6pge
ENSEEEP00000016690	ENSEEEG00000008274	PLD6	ENSPKIP00000026577	ENSPKIG00000009005	pld6
ENSEEEP00000005824	ENSEEEG00000003086	crtac1b	ENSPKIP00000026212	ENSPKIG00000008679	crtac1b
ENSEEEP00000035071	ENSEEEG00000016677	TRMT10A	ENSPKIP00000018626	ENSPKIG00000004059	trmt10a
ENSEEEP00000035506	ENSEEEG00000016825	oxt	ENSPKIP00000000669	ENSPKIG00000019246	oxt
ENSEEEP00000014253	ENSEEEG00000007085	UHMK1	ENSPKIP00000036935	ENSPKIG00000015328	uhmk1
ENSEEEP00000055897	ENSEEEG00000019401	SPG7	ENSPKIP00000026008	ENSPKIG00000008639	spg7
ENSEEEP00000003226	ENSEEEG00000001815	GMNC	ENSPKIP00000014638	ENSPKIG00000001644	gmnc
ENSEEEP00000016688	ENSEEEG00000008272	rab3da	ENSPKIP00000026604	ENSPKIG00000009021	rab3da
ENSEEEP00000061536	ENSEEEG00000026811	DLC1	ENSPKIP00000032928	ENSPKIG00000012834	
ENSEEEP00000062180	ENSEEEG00000026261	c19h4orf54	ENSPKIP00000018495	ENSPKIG00000004041	si:dkey-38l22.2
ENSEEEP00000000736	ENSEEEG00000000507	SULT1C4	ENSPKIP00000030816	ENSPKIG00000011530	
ENSEEEP00000006447	ENSEEEG00000003397	TDRD3	ENSPKIP00000026378	ENSPKIG00000008894	tdrd3
ENSEEEP00000061716	ENSEEEG00000002660	AREG	ENSPKIP00000006035	ENSPKIG00000022481	areg
ENSEEEP00000017780	ENSEEEG00000008783	si:dkey-245p14.4	ENSPKIP00000034698	ENSPKIG00000013937	exoc1l
ENSEEEP00000017961	ENSEEEG00000008695	zgc:65851	ENSPKIP00000039447	ENSPKIG00000016376	neff1
ENSEEEP00000042874	ENSEEEG00000020227	zgc:92313	ENSPKIP00000010845	ENSPKIG00000025399	
ENSEEEP00000030406	ENSEEEG00000014568	PLEKHN1	ENSPKIP00000013100	ENSPKIG00000000648	plekhn1
ENSEEEP00000042878	ENSEEEG00000020229	pax10	ENSPKIP00000021284	ENSPKIG00000005751	pax10
ENSEEEP00000035261	ENSEEEG00000016769	stimate	ENSPKIP00000010648	ENSPKIG00000025280	stimate
ENSEEEP00000047097	ENSEEEG00000022171	NECAP2	ENSPKIP00000015812	ENSPKIG00000002397	necap2
ENSEEEP00000035062	ENSEEEG00000016672	MLLT3	ENSPKIP00000012549	ENSPKIG00000000298	mllt3
ENSEEEP00000024433	ENSEEEG00000011853		ENSPKIP00000016704	ENSPKIG00000002916	
ENSEEEP00000008846	ENSEEEG00000004559	ECEL1	ENSPKIP00000034831	ENSPKIG00000013996	ecel1
ENSEEEP00000011449	ENSEEEG00000005784	DNAJC15	ENSPKIP00000033774	ENSPKIG00000013361	dnajc15
ENSEEEP00000023916	ENSEEEG00000011608	zfand5b	ENSPKIP00000013337	ENSPKIG00000000811	zfand5a
ENSEEEP00000010631	ENSEEEG00000005387	SLC35A5	ENSPKIP00000017099	ENSPKIG00000003144	slc35a5
ENSEEEP00000053153	ENSEEEG00000008205	BBS9	ENSPKIP00000001968	ENSPKIG00000020039	bbs9
ENSEEEP00000005084	ENSEEEG00000002628	OSTF1	ENSPKIP00000012386	ENSPKIG00000000194	ostf1
ENSEEEP00000049675	ENSEEEG00000023359	ADAD2	ENSPKIP00000037049	ENSPKIG00000015385	adad2
ENSEEEP00000018932	ENSEEEG00000009284	HS1BP3	ENSPKIP00000007360	ENSPKIG00000023287	hs1bp3
ENSEEEP00000017792	ENSEEEG00000008786	SMC2	ENSPKIP00000014927	ENSPKIG00000001788	smc2
ENSEEEP00000018927	ENSEEEG00000009281	RHOB	ENSPKIP00000007342	ENSPKIG00000023261	RHOB
ENSEEEP00000058144	ENSEEEG00000004994	COP1	ENSPKIP00000007818	ENSPKIG00000023513	cop1
ENSEEEP00000036297	ENSEEEG00000017262	TTC14	ENSPKIP00000015360	ENSPKIG00000002114	ttc14
ENSEEEP00000057484	ENSEEEG00000023360	fam113	ENSPKIP00000031160	ENSPKIG00000011761	fam113
ENSEEEP00000001028	ENSEEEG00000000550	WDR46	ENSPKIP00000031015	ENSPKIG00000011681	wdr46
ENSEEEP00000018910	ENSEEEG00000009276	zmp:0000001267	ENSPKIP00000007285	ENSPKIG00000023238	zmp:0000001267
ENSEEEP00000025021	ENSEEEG00000012138	FGB	ENSPKIP00000037336	ENSPKIG00000015556	fgb
ENSEEEP00000055439	ENSEEEG00000025132	zgc:77486	ENSPKIP00000037423	ENSPKIG00000015615	
ENSEEEP00000045499	ENSEEEG00000021463	KANSL3	ENSPKIP00000003443	ENSPKIG00000020921	kansl3
ENSEEEP00000025017	ENSEEEG00000012136	fga	ENSPKIP00000037242	ENSPKIG00000015509	fga
ENSEEEP00000036268	ENSEEEG00000017247	spon2b	ENSPKIP00000022747	ENSPKIG00000006623	spon2b
ENSEEEP00000011443	ENSEEEG00000005782	lacc1	ENSPKIP00000033717	ENSPKIG00000013329	lacc1
ENSEEEP00000011440	ENSEEEG00000005781	SERP2	ENSPKIP00000023998	ENSPKIG00000007422	serp2
ENSEEEP00000005380	ENSEEEG00000002815	mavs	ENSPKIP00000038948	ENSPKIG00000016517	
ENSEEEP00000023984	ENSEEEG00000011620	SMC5	ENSPKIP00000029505	ENSPKIG00000010713	smc5
ENSEEEP00000037004	ENSEEEG00000017565	zgc:77486	ENSPKIP00000037471	ENSPKIG00000015643	plin3
ENSEEEP00000018902	ENSEEEG00000009263	HPCAL1	ENSPKIP00000007564	ENSPKIG00000023413	hpcal1
ENSEEEP00000001836	ENSEEEG00000001162	THNSL1	ENSPKIP00000029295	ENSPKIG00000010604	THNSL1
ENSEEEP00000055653	ENSEEEG00000028803	tsc22d1	ENSPKIP00000024014	ENSPKIG00000007431	
ENSEEEP00000049679	ENSEEEG00000023361	cskmt	ENSPKIP00000004324	ENSPKIG00000021487	cskmt
ENSEEEP00000062855	ENSEEEG00000027313		ENSPKIP00000019359	ENSPKIG00000004565	
ENSEEEP00000014242	ENSEEEG00000007080	RGS4	ENSPKIP00000037165	ENSPKIG00000015451	rgs4
ENSEEEP00000025012	ENSEEEG00000012132	si:ch73-132f6.5	ENSPKIP00000037163	ENSPKIG00000015390	lratb.1
ENSEEEP00000027867	ENSEEEG00000013419	maptb	ENSPKIP00000008190	ENSPKIG00000023770	mapta
ENSEEEP00000056491	ENSEEEG00000026013	otub1b	ENSPKIP00000004351	ENSPKIG00000021494	otub1b
ENSEEEP00000014240	ENSEEEG00000007076	rgs5a	ENSPKIP00000011253	ENSPKIG00000018423	rgs5a
ENSEEEP00000001839	ENSEEEG00000001163	ENKUR	ENSPKIP00000029314	ENSPKIG00000010616	enkur
ENSEEEP00000001049	ENSEEEG00000000697	B3GALT4	ENSPKIP00000031085	ENSPKIG00000011720	b3galt4
ENSEEEP00000018879	ENSEEEG00000009262	ODC1	ENSPKIP00000007595	ENSPKIG00000023433	odc1
ENSEEEP00000005523	ENSEEEG00000002900	ism2a	ENSPKIP00000011372	ENSPKIG00000018492	
ENSEEEP00000000115	ENSEEEG00000000081	EMX1	ENSPKIP00000010524	ENSPKIG00000025215	emx1
ENSEEEP00000035051	ENSEEEG00000016638	FOCAD	ENSPKIP00000012802	ENSPKIG00000000409	focad
ENSEEEP00000047621	ENSEEEG00000022414	zgc:158260	ENSPKIP00000009127	ENSPKIG00000024351	
ENSEEEP00000025009	ENSEEEG00000012130	lratb.1	ENSPKIP00000041653	ENSPKIG00000018121	lrata
ENSEEEP00000035512	ENSEEEG00000016909	THNSL2	ENSPKIP00000038445	ENSPKIG00000016221	thnsl2
ENSEEEP00000000108	ENSEEEG00000000073	noto	ENSPKIP00000019593	ENSPKIG00000004701	noto
ENSEEEP00000001908	ENSEEEG00000001167	unm_sa821	ENSPKIP00000029366	ENSPKIG00000010647	prtfdc1a
ENSEEEP00000025005	ENSEEEG00000012127	RBM46	ENSPKIP00000036963	ENSPKIG00000015334	rbm46
ENSEEEP00000005823	ENSEEEG00000003088		ENSPKIP00000035406	ENSPKIG00000014333	
ENSEEEP00000048320	ENSEEEG00000022756	THAP3	ENSPKIP00000026797	ENSPKIG00000009115	THAP3
ENSEEEP00000049266	ENSEEEG00000023151	SECISBP2L	ENSPKIP00000002315	ENSPKIG00000020244	
ENSEEEP00000011435	ENSEEEG00000005778	KCTD4	ENSPKIP00000024182	ENSPKIG00000007537	kctd4
ENSEEEP00000000097	ENSEEEG00000000068	CDC25B	ENSPKIP00000019766	ENSPKIG00000004805	
ENSEEEP00000048321	ENSEEEG00000022757	ASXL1	ENSPKIP00000041909	ENSPKIG00000018277	asxl1
ENSEEEP00000011430	ENSEEEG00000005773	VGLL3	ENSPKIP00000024236	ENSPKIG00000007578	vgll3
ENSEEEP00000054018	ENSEEEG00000020239	ca15b	ENSPKIP00000010860	ENSPKIG00000025406	
ENSEEEP00000027864	ENSEEEG00000013416	MYL4	ENSPKIP00000011908	ENSPKIG00000018331	
ENSEEEP00000006110	ENSEEEG00000003259		ENSPKIP00000028120	ENSPKIG00000009897	lyrm9
ENSEEEP00000025002	ENSEEEG00000012126	npy2rl	ENSPKIP00000036925	ENSPKIG00000015322	npy2rl
ENSEEEP00000049261	ENSEEEG00000023150	FGF7	ENSPKIP00000002145	ENSPKIG00000020156	FGF7
ENSEEEP00000049260	ENSEEEG00000023149	DTWD1	ENSPKIP00000002122	ENSPKIG00000020145	dtwd1
ENSEEEP00000053089	ENSEEEG00000007073	RGS8	ENSPKIP00000037464	ENSPKIG00000015620	rgs8
ENSEEEP00000000089	ENSEEEG00000000056	AP5S1	ENSPKIP00000007900	ENSPKIG00000023623	ap5s1
ENSEEEP00000011427	ENSEEEG00000005772	chmp2ba	ENSPKIP00000039520	ENSPKIG00000016849	chmp2bb
ENSEEEP00000031219	ENSEEEG00000014583	NOC2L	ENSPKIP00000033864	ENSPKIG00000013389	noc2l
ENSEEEP00000047607	ENSEEEG00000022412	NAAA	ENSPKIP00000008890	ENSPKIG00000024203	NAAA
ENSEEEP00000025001	ENSEEEG00000012037	EIF3F	ENSPKIP00000038479	ENSPKIG00000016237	EIF3F
ENSEEEP00000023206	ENSEEEG00000011251	FAM237A	ENSPKIP00000039969	ENSPKIG00000017119	FAM237A
ENSEEEP00000049702	ENSEEEG00000023367	SCAF11	ENSPKIP00000002186	ENSPKIG00000020179	
ENSEEEP00000022089	ENSEEEG00000010736		ENSPKIP00000032549	ENSPKIG00000012600	kank4
ENSEEEP00000000072	ENSEEEG00000000043	SHROOM4	ENSPKIP00000014417	ENSPKIG00000001493	
ENSEEEP00000023204	ENSEEEG00000011250	CASP10	ENSPKIP00000028645	ENSPKIG00000010185	casp10
ENSEEEP00000027429	ENSEEEG00000013231	FHL5	ENSPKIP00000039356	ENSPKIG00000016743	fhl5
ENSEEEP00000005214	ENSEEEG00000002720		ENSPKIP00000036311	ENSPKIG00000014927	
ENSEEEP00000000078	ENSEEEG00000000048	BMP15	ENSPKIP00000014432	ENSPKIG00000001503	bmp15
ENSEEEP00000017621	ENSEEEG00000008701	MRPS23	ENSPKIP00000028331	ENSPKIG00000010021	mrps23
ENSEEEP00000018738	ENSEEEG00000008867	NOL10	ENSPKIP00000007658	ENSPKIG00000023459	nol10
ENSEEEP00000011423	ENSEEEG00000005770	POU1F1	ENSPKIP00000039499	ENSPKIG00000016829	pou1f1
ENSEEEP00000047821	ENSEEEG00000022509	creb3l3a	ENSPKIP00000030066	ENSPKIG00000011068	
ENSEEEP00000003844	ENSEEEG00000002057	G0S2	ENSPKIP00000036967	ENSPKIG00000015340	g0s2
ENSEEEP00000036333	ENSEEEG00000017280	SMTNL1	ENSPKIP00000024637	ENSPKIG00000007810	smtnl1
ENSEEEP00000023201	ENSEEEG00000011243	prkra	ENSPKIP00000005850	ENSPKIG00000022368	prkra
ENSEEEP00000000081	ENSEEEG00000000052	LEAP2	ENSPKIP00000002152	ENSPKIG00000020162	leap2
ENSEEEP00000018588	ENSEEEG00000008804	ECPAS	ENSPKIP00000014680	ENSPKIG00000001522	ecpas
ENSEEEP00000029516	ENSEEEG00000014126	PSMD1	ENSPKIP00000015477	ENSPKIG00000002162	psmd1
ENSEEEP00000038889	ENSEEEG00000018343	WDR61	ENSPKIP00000032686	ENSPKIG00000012667	skic8
ENSEEEP00000005218	ENSEEEG00000002723	VPS37C	ENSPKIP00000036414	ENSPKIG00000014997	vps37c
ENSEEEP00000013673	ENSEEEG00000006825	TMCC3	ENSPKIP00000037184	ENSPKIG00000015465	tmcc3
ENSEEEP00000013674	ENSEEEG00000006826	NDUFA12	ENSPKIP00000037103	ENSPKIG00000015374	ndufa12
ENSEEEP00000059315	ENSEEEG00000028953	GYPC	ENSPKIP00000025817	ENSPKIG00000008545	gypc
ENSEEEP00000005220	ENSEEEG00000002725	tmem176	ENSPKIP00000036434	ENSPKIG00000015015	
ENSEEEP00000014823	ENSEEEG00000007379	prpf18	ENSPKIP00000035042	ENSPKIG00000014128	prpf18
ENSEEEP00000011415	ENSEEEG00000005769	HTR1F	ENSPKIP00000039465	ENSPKIG00000016808	htr1fb
ENSEEEP00000027432	ENSEEEG00000013237	si:ch211-266g18.9	ENSPKIP00000039397	ENSPKIG00000016762	si:ch211-266g18.9
ENSEEEP00000048125	ENSEEEG00000022660	NDUFA10	ENSPKIP00000025857	ENSPKIG00000008563	ndufa10
ENSEEEP00000027461	ENSEEEG00000013242	col10a1a	ENSPKIP00000039432	ENSPKIG00000016786	col10a1a
ENSEEEP00000011412	ENSEEEG00000005768	zgc:152951	ENSPKIP00000027990	ENSPKIG00000009814	zgc:152951
ENSEEEP00000005226	ENSEEEG00000002731	tmem109	ENSPKIP00000001503	ENSPKIG00000019768	si:dkey-74k8.3
ENSEEEP00000040166	ENSEEEG00000019051	IRF3	ENSPKIP00000021895	ENSPKIG00000006099	irf3
ENSEEEP00000014225	ENSEEEG00000007069	GP5	ENSPKIP00000027387	ENSPKIG00000009470	
ENSEEEP00000056354	ENSEEEG00000004555	CEP57	ENSPKIP00000006124	ENSPKIG00000022533	cep57
ENSEEEP00000024829	ENSEEEG00000012030	zgc:77880	ENSPKIP00000024129	ENSPKIG00000007490	zgc:77880
ENSEEEP00000019790	ENSEEEG00000009683	AMHR2	ENSPKIP00000015609	ENSPKIG00000002261	AMHR2
ENSEEEP00000053514	ENSEEEG00000011898	SND1	ENSPKIP00000007734	ENSPKIG00000023494	snd1
ENSEEEP00000044842	ENSEEEG00000021163	oclna	ENSPKIP00000031823	ENSPKIG00000012158	oclna
ENSEEEP00000035116	ENSEEEG00000016707	NUFIP2	ENSPKIP00000028036	ENSPKIG00000009841	nufip2
ENSEEEP00000050723	ENSEEEG00000023830	LTC4S	ENSPKIP00000037089	ENSPKIG00000015412	ltc4s
ENSEEEP00000024819	ENSEEEG00000012022	FRMD7	ENSPKIP00000011209	ENSPKIG00000018783	si:ch211-243g6.3
ENSEEEP00000050722	ENSEEEG00000023829	MAML1	ENSPKIP00000037051	ENSPKIG00000015388	maml1
ENSEEEP00000029904	ENSEEEG00000014318		ENSPKIP00000009020	ENSPKIG00000024285	
ENSEEEP00000035114	ENSEEEG00000016706	bhlha9	ENSPKIP00000028006	ENSPKIG00000009823	bhlha9
ENSEEEP00000016173	ENSEEEG00000008000	PPIC	ENSPKIP00000041810	ENSPKIG00000018208	PPIC
ENSEEEP00000047121	ENSEEEG00000022181	SLC25A34	ENSPKIP00000016001	ENSPKIG00000002511	SLC25A34
ENSEEEP00000062886	ENSEEEG00000026795	GET3	ENSPKIP00000025510	ENSPKIG00000008352	ASNA1
ENSEEEP00000047128	ENSEEEG00000022182	FBLIM1	ENSPKIP00000016131	ENSPKIG00000002546	fblim1
ENSEEEP00000062553	ENSEEEG00000022498	rgmd	ENSPKIP00000009598	ENSPKIG00000024648	rgmd
ENSEEEP00000011408	ENSEEEG00000005765	kctd12.1	ENSPKIP00000021879	ENSPKIG00000006101	kctd12.1
ENSEEEP00000038982	ENSEEEG00000018474	crabp1a	ENSPKIP00000032834	ENSPKIG00000012775	CRABP1
ENSEEEP00000014256	ENSEEEG00000007089	FGD6	ENSPKIP00000036748	ENSPKIG00000015199	fgd6
ENSEEEP00000059540	ENSEEEG00000026138	rnf11a	ENSPKIP00000027403	ENSPKIG00000009428	rnf11a
ENSEEEP00000032774	ENSEEEG00000015493	ILF2	ENSPKIP00000035299	ENSPKIG00000014302	ilf2
ENSEEEP00000006177	ENSEEEG00000003295	zgc:123010	ENSPKIP00000037275	ENSPKIG00000015521	zgc:123010
ENSEEEP00000033985	ENSEEEG00000016192	KCNE4	ENSPKIP00000028657	ENSPKIG00000010211	kcne4
ENSEEEP00000011395	ENSEEEG00000005671	LMO7	ENSPKIP00000021559	ENSPKIG00000005696	LMO7
ENSEEEP00000003646	ENSEEEG00000001988	mapre3a	ENSPKIP00000001026	ENSPKIG00000019457	mapre3a
ENSEEEP00000047795	ENSEEEG00000022493	hsd11b1la	ENSPKIP00000029870	ENSPKIG00000010947	hsd11b1lb
ENSEEEP00000008606	ENSEEEG00000004176	VPS39	ENSPKIP00000025084	ENSPKIG00000008079	vps39
ENSEEEP00000064483	ENSEEEG00000025099		ENSPKIP00000026195	ENSPKIG00000008776	ANKRD11
ENSEEEP00000057855	ENSEEEG00000027542		ENSPKIP00000040364	ENSPKIG00000017337	RBM20
ENSEEEP00000050264	ENSEEEG00000023638	COX14	ENSPKIP00000009611	ENSPKIG00000024660	COX14
ENSEEEP00000024809	ENSEEEG00000012019	CNPY3	ENSPKIP00000038020	ENSPKIG00000015975	cnpy3
ENSEEEP00000016556	ENSEEEG00000008202	PMVK	ENSPKIP00000037571	ENSPKIG00000015704	pmvk
ENSEEEP00000050263	ENSEEEG00000023637	BCDIN3D	ENSPKIP00000009541	ENSPKIG00000024617	bcdin3d
ENSEEEP00000029557	ENSEEEG00000014149	HTR2B	ENSPKIP00000015569	ENSPKIG00000002239	htr2b
ENSEEEP00000036499	ENSEEEG00000017346	PWWP2B	ENSPKIP00000011502	ENSPKIG00000018566	pwwp2b
ENSEEEP00000020739	ENSEEEG00000010091	SMC3	ENSPKIP00000040185	ENSPKIG00000017212	smc3
ENSEEEP00000057913	ENSEEEG00000027672	BCL2L1	ENSPKIP00000008639	ENSPKIG00000024053	BCL2L1
ENSEEEP00000006295	ENSEEEG00000003301	PYROXD2	ENSPKIP00000025844	ENSPKIG00000008509	pyroxd2
ENSEEEP00000005609	ENSEEEG00000002848	SCD	ENSPKIP00000011052	ENSPKIG00000025520	SCD5
ENSEEEP00000047788	ENSEEEG00000022492	MICOS13	ENSPKIP00000009581	ENSPKIG00000024626	micos13
ENSEEEP00000063607	ENSEEEG00000026546	GSTO1	ENSPKIP00000008651	ENSPKIG00000024058	cox4i2
ENSEEEP00000040946	ENSEEEG00000019391	slc22a31	ENSPKIP00000026394	ENSPKIG00000008907	slc22a31
ENSEEEP00000056531	ENSEEEG00000025687	sox21b	ENSPKIP00000000735	ENSPKIG00000019293	sox21b
ENSEEEP00000047786	ENSEEEG00000022491	si:dkey-78l4.13	ENSPKIP00000009543	ENSPKIG00000024618	
ENSEEEP00000058163	ENSEEEG00000026384		ENSPKIP00000021572	ENSPKIG00000005918	
ENSEEEP00000047784	ENSEEEG00000022490	si:dkey-78l4.13	ENSPKIP00000009530	ENSPKIG00000024608	si:dkey-78l4.13
ENSEEEP00000024806	ENSEEEG00000012016	RAC1	ENSPKIP00000031065	ENSPKIG00000011712	
ENSEEEP00000025898	ENSEEEG00000012543		ENSPKIP00000022687	ENSPKIG00000006602	
ENSEEEP00000037130	ENSEEEG00000017636	FAM110A	ENSPKIP00000008663	ENSPKIG00000024067	FAM110A
ENSEEEP00000043985	ENSEEEG00000020775	rpe	ENSPKIP00000031005	ENSPKIG00000011665	rpe
ENSEEEP00000024804	ENSEEEG00000012014		ENSPKIP00000026876	ENSPKIG00000009175	
ENSEEEP00000050258	ENSEEEG00000023632	dnase1l4.1	ENSPKIP00000034094	ENSPKIG00000013552	dnase1l4.2
ENSEEEP00000035520	ENSEEEG00000016916	TMEM87A	ENSPKIP00000025541	ENSPKIG00000008350	TMEM87A
ENSEEEP00000011168	ENSEEEG00000005665	UCHL3	ENSPKIP00000034232	ENSPKIG00000013632	uchl3
ENSEEEP00000019826	ENSEEEG00000009702	MYG1	ENSPKIP00000015127	ENSPKIG00000001941	myg1
ENSEEEP00000043978	ENSEEEG00000020774		ENSPKIP00000022790	ENSPKIG00000006656	
ENSEEEP00000047559	ENSEEEG00000022390	HINT2	ENSPKIP00000008655	ENSPKIG00000024049	hint2
ENSEEEP00000014258	ENSEEEG00000007091	VEZT	ENSPKIP00000036692	ENSPKIG00000015020	vezt
ENSEEEP00000037139	ENSEEEG00000017643	emp3b	ENSPKIP00000033298	ENSPKIG00000013045	EMP3
ENSEEEP00000047557	ENSEEEG00000022389	MRPS30	ENSPKIP00000008579	ENSPKIG00000024011	mrps30
ENSEEEP00000019838	ENSEEEG00000009709	zbtb40	ENSPKIP00000019047	ENSPKIG00000004371	zbtb40
ENSEEEP00000053880	ENSEEEG00000020787	HACE1	ENSPKIP00000033852	ENSPKIG00000013369	hace1
ENSEEEP00000035522	ENSEEEG00000016918	gpr132a	ENSPKIP00000021638	ENSPKIG00000005968	gpr132b
ENSEEEP00000050252	ENSEEEG00000023629	CCDC51	ENSPKIP00000009494	ENSPKIG00000024587	ccdc51
ENSEEEP00000047770	ENSEEEG00000022485	FGF22	ENSPKIP00000009505	ENSPKIG00000024597	fgf22
ENSEEEP00000058424	ENSEEEG00000008143		ENSPKIP00000037324	ENSPKIG00000015544	
ENSEEEP00000016305	ENSEEEG00000008061	PRDM6	ENSPKIP00000041914	ENSPKIG00000018259	PRDM6
ENSEEEP00000031802	ENSEEEG00000015186	STK31	ENSPKIP00000028231	ENSPKIG00000009950	stk31
ENSEEEP00000026050	ENSEEEG00000012613	fabp7a	ENSPKIP00000033739	ENSPKIG00000013341	fabp7b
ENSEEEP00000011166	ENSEEEG00000005664		ENSPKIP00000033360	ENSPKIG00000013106	
ENSEEEP00000060925	ENSEEEG00000027356	TMEM254	ENSPKIP00000025348	ENSPKIG00000008259	tmem254
ENSEEEP00000032055	ENSEEEG00000015206	LRSAM1	ENSPKIP00000011448	ENSPKIG00000018514	lrsam1
ENSEEEP00000047765	ENSEEEG00000022483	POLRMT	ENSPKIP00000009482	ENSPKIG00000024580	polrmt
ENSEEEP00000026754	ENSEEEG00000012910	cd79b	ENSPKIP00000008526	ENSPKIG00000023981	cd79b
ENSEEEP00000047555	ENSEEEG00000022387	sytl2a	ENSPKIP00000008525	ENSPKIG00000023980	emb
ENSEEEP00000047148	ENSEEEG00000022189	SLC25A20	ENSPKIP00000008898	ENSPKIG00000024205	slc25a20
ENSEEEP00000026752	ENSEEEG00000012902	KLHDC7A	ENSPKIP00000008556	ENSPKIG00000023999	plekhm1
ENSEEEP00000036505	ENSEEEG00000017352	srfb	ENSPKIP00000006616	ENSPKIG00000022817	srfb
ENSEEEP00000063975	ENSEEEG00000023589	MCM2	ENSPKIP00000009449	ENSPKIG00000024553	mcm2
ENSEEEP00000019841	ENSEEEG00000009710	CYB561D1	ENSPKIP00000019089	ENSPKIG00000004408	cyb561d1
ENSEEEP00000024790	ENSEEEG00000012006	KNSTRN	ENSPKIP00000034987	ENSPKIG00000014113	
ENSEEEP00000035699	ENSEEEG00000016997	SLC25A45	ENSPKIP00000029919	ENSPKIG00000010976	SLC25A45
ENSEEEP00000034786	ENSEEEG00000016541	HSPA13	ENSPKIP00000020737	ENSPKIG00000005407	hspa13
ENSEEEP00000042089	ENSEEEG00000019883	CCNB1IP1	ENSPKIP00000033309	ENSPKIG00000013074	si:ch211-212k18.11
ENSEEEP00000043973	ENSEEEG00000020770	zgc:91849	ENSPKIP00000038635	ENSPKIG00000016328	cd101
ENSEEEP00000019844	ENSEEEG00000009712	atxn7l2a	ENSPKIP00000019159	ENSPKIG00000004434	atxn7l2a
ENSEEEP00000006279	ENSEEEG00000003345	ZFPL1	ENSPKIP00000026249	ENSPKIG00000008808	zfpl1
ENSEEEP00000054622	ENSEEEG00000025464	march7	ENSPKIP00000013779	ENSPKIG00000001076	cep350
ENSEEEP00000034781	ENSEEEG00000016540	samsn1a	ENSPKIP00000021673	ENSPKIG00000005985	samsn1b
ENSEEEP00000042087	ENSEEEG00000019880	TTC5	ENSPKIP00000033237	ENSPKIG00000013025	ttc5
ENSEEEP00000052968	ENSEEEG00000009777	dand5	ENSPKIP00000026810	ENSPKIG00000009143	dand5
ENSEEEP00000034167	ENSEEEG00000016199	flj13639	ENSPKIP00000028753	ENSPKIG00000010266	dhrs12la
ENSEEEP00000006280	ENSEEEG00000003346	CDCA5	ENSPKIP00000033502	ENSPKIG00000013190	
ENSEEEP00000019847	ENSEEEG00000009713	sypl2a	ENSPKIP00000019226	ENSPKIG00000004480	sypl2a
ENSEEEP00000016620	ENSEEEG00000008086	CEP120	ENSPKIP00000011859	ENSPKIG00000018351	cep120
ENSEEEP00000019858	ENSEEEG00000009714	PSMA5	ENSPKIP00000019337	ENSPKIG00000004521	psma5
ENSEEEP00000003588	ENSEEEG00000001964	COLEC11	ENSPKIP00000002534	ENSPKIG00000020364	colec11
ENSEEEP00000020002	ENSEEEG00000009780	junba	ENSPKIP00000027809	ENSPKIG00000009704	junba
ENSEEEP00000002236	ENSEEEG00000001357	HSF1	ENSPKIP00000002444	ENSPKIG00000020336	HSF1
ENSEEEP00000057347	ENSEEEG00000026755	PRDX2	ENSPKIP00000025219	ENSPKIG00000008169	
ENSEEEP00000053548	ENSEEEG00000026805	si:ch211-270g19.5	ENSPKIP00000035018	ENSPKIG00000014130	pln2
ENSEEEP00000005894	ENSEEEG00000003127	ELMOD1	ENSPKIP00000012010	ENSPKIG00000025661	elmod1
ENSEEEP00000037019	ENSEEEG00000017578	si:dkey-25g12.4	ENSPKIP00000002565	ENSPKIG00000020407	
ENSEEEP00000041032	ENSEEEG00000019432	MRPL57	ENSPKIP00000004481	ENSPKIG00000021569	
ENSEEEP00000043000	ENSEEEG00000020299	TSKU	ENSPKIP00000021548	ENSPKIG00000005903	tsku
ENSEEEP00000001154	ENSEEEG00000000773	MRPS25	ENSPKIP00000031274	ENSPKIG00000011826	mrps25
ENSEEEP00000019217	ENSEEEG00000009420	VIPAS39	ENSPKIP00000021436	ENSPKIG00000005842	vipas39
ENSEEEP00000042998	ENSEEEG00000020298	si:dkey-52l18.4	ENSPKIP00000025661	ENSPKIG00000008454	
ENSEEEP00000026097	ENSEEEG00000012634	STYX	ENSPKIP00000005318	ENSPKIG00000022038	styx
ENSEEEP00000032483	ENSEEEG00000027266	HPCAL4	ENSPKIP00000009328	ENSPKIG00000024475	hpcal4
ENSEEEP00000006129	ENSEEEG00000003273	MTHFR	ENSPKIP00000035226	ENSPKIG00000014252	mthfr
ENSEEEP00000029645	ENSEEEG00000014195	PCYOX1L	ENSPKIP00000009307	ENSPKIG00000024455	pcyox1l
ENSEEEP00000001159	ENSEEEG00000000780	RBSN	ENSPKIP00000031227	ENSPKIG00000011784	rbsn
ENSEEEP00000037016	ENSEEEG00000017575	sox11a	ENSPKIP00000002601	ENSPKIG00000020439	sox11a
ENSEEEP00000005753	ENSEEEG00000003036	TMEM150C	ENSPKIP00000011048	ENSPKIG00000025519	tmem150c
ENSEEEP00000059803	ENSEEEG00000025505	CMPK2	ENSPKIP00000002636	ENSPKIG00000020457	cmpk2
ENSEEEP00000020690	ENSEEEG00000010089	DUSP5	ENSPKIP00000040070	ENSPKIG00000017184	dusp5
ENSEEEP00000031205	ENSEEEG00000014952		ENSPKIP00000007045	ENSPKIG00000023095	
ENSEEEP00000043454	ENSEEEG00000020458	EIF2AK3	ENSPKIP00000027931	ENSPKIG00000009777	eif2ak3
ENSEEEP00000059477	ENSEEEG00000003305	RNASEH2A	ENSPKIP00000027898	ENSPKIG00000009756	rnaseh2a
ENSEEEP00000018149	ENSEEEG00000008926	MKKS	ENSPKIP00000009065	ENSPKIG00000024314	mkks
ENSEEEP00000035530	ENSEEEG00000016921	ahsa1b	ENSPKIP00000008394	ENSPKIG00000023904	AHSA1
ENSEEEP00000047221	ENSEEEG00000022194	NCKIPSD	ENSPKIP00000008798	ENSPKIG00000024138	nckipsd
ENSEEEP00000020688	ENSEEEG00000010088	MXI1	ENSPKIP00000040010	ENSPKIG00000017147	mxi1
ENSEEEP00000047756	ENSEEEG00000022478	bsg	ENSPKIP00000029662	ENSPKIG00000010826	bsg
ENSEEEP00000005757	ENSEEEG00000003039	ENOPH1	ENSPKIP00000011045	ENSPKIG00000025516	enoph1
ENSEEEP00000035296	ENSEEEG00000016798	SNRPB2	ENSPKIP00000020415	ENSPKIG00000005198	snrpb2
ENSEEEP00000037009	ENSEEEG00000017569	RSAD2	ENSPKIP00000002685	ENSPKIG00000020478	rsad2
ENSEEEP00000047753	ENSEEEG00000022476	FSTL3	ENSPKIP00000009375	ENSPKIG00000024504	fstl3
ENSEEEP00000043966	ENSEEEG00000020766	TTF2	ENSPKIP00000031066	ENSPKIG00000011691	
ENSEEEP00000006130	ENSEEEG00000003275	PEX10	ENSPKIP00000035268	ENSPKIG00000014293	pex10
ENSEEEP00000064504	ENSEEEG00000025189	rnf144aa	ENSPKIP00000016719	ENSPKIG00000002921	rnf144ab
ENSEEEP00000019334	ENSEEEG00000009472	trim105	ENSPKIP00000024814	ENSPKIG00000007925	trim105
ENSEEEP00000005794	ENSEEEG00000003047	HNRNPDL	ENSPKIP00000011042	ENSPKIG00000025514	hnrnpdl
ENSEEEP00000010463	ENSEEEG00000005293	DGKG	ENSPKIP00000020614	ENSPKIG00000005322	
ENSEEEP00000019339	ENSEEEG00000009476	prelid1a	ENSPKIP00000024744	ENSPKIG00000007865	prelid1a
ENSEEEP00000018141	ENSEEEG00000008923	WDR27	ENSPKIP00000038287	ENSPKIG00000016115	
ENSEEEP00000010461	ENSEEEG00000005291		ENSPKIP00000020558	ENSPKIG00000005290	
ENSEEEP00000052810	ENSEEEG00000026151		ENSPKIP00000025113	ENSPKIG00000008102	
ENSEEEP00000032474	ENSEEEG00000015481	TRIT1	ENSPKIP00000009418	ENSPKIG00000024527	trit1
ENSEEEP00000019342	ENSEEEG00000009478	MXD3	ENSPKIP00000024689	ENSPKIG00000007823	mxd3
ENSEEEP00000032470	ENSEEEG00000015478	myclb	ENSPKIP00000009446	ENSPKIG00000024559	myclb
ENSEEEP00000019346	ENSEEEG00000009479	RNF103	ENSPKIP00000021524	ENSPKIG00000005883	rnf103
ENSEEEP00000059706	ENSEEEG00000003847	BOP1	ENSPKIP00000002348	ENSPKIG00000020273	BOP1
ENSEEEP00000050337	ENSEEEG00000023665	RPL8	ENSPKIP00000018900	ENSPKIG00000004287	rpl8
ENSEEEP00000025176	ENSEEEG00000012206	AOPEP	ENSPKIP00000039195	ENSPKIG00000016645	AOPEP
ENSEEEP00000026101	ENSEEEG00000012638	GNPNAT1	ENSPKIP00000018362	ENSPKIG00000003937	gnpnat1
ENSEEEP00000034169	ENSEEEG00000016271	SERPINE2	ENSPKIP00000028978	ENSPKIG00000010406	serpine2
ENSEEEP00000050121	ENSEEEG00000023578	GGH	ENSPKIP00000025056	ENSPKIG00000008065	zgc:171566
ENSEEEP00000014497	ENSEEEG00000007216	DEPDC4	ENSPKIP00000021709	ENSPKIG00000005995	si:ch211-265o23.1
ENSEEEP00000006307	ENSEEEG00000003354	SLC25A28	ENSPKIP00000025706	ENSPKIG00000008475	slc25a28
ENSEEEP00000019352	ENSEEEG00000009482	IMMT	ENSPKIP00000021323	ENSPKIG00000005697	immt
ENSEEEP00000034177	ENSEEEG00000016273	PRSS16	ENSPKIP00000029014	ENSPKIG00000010431	prss59
ENSEEEP00000053914	ENSEEEG00000002446	G2E3	ENSPKIP00000000732	ENSPKIG00000019286	g2e3
ENSEEEP00000062379	ENSEEEG00000025194	zgc:165656	ENSPKIP00000019502	ENSPKIG00000004644	APLF
ENSEEEP00000023708	ENSEEEG00000011486	cbx7b	ENSPKIP00000018354	ENSPKIG00000003942	
ENSEEEP00000008478	ENSEEEG00000004417	LPAR3	ENSPKIP00000000412	ENSPKIG00000019093	lpar3
ENSEEEP00000061758	ENSEEEG00000025800	FBXO48	ENSPKIP00000019569	ENSPKIG00000004681	fbxo48
ENSEEEP00000062005	ENSEEEG00000024962	JOSD1	ENSPKIP00000013625	ENSPKIG00000000985	josd1
ENSEEEP00000005799	ENSEEEG00000003071	HNRNPD	ENSPKIP00000011036	ENSPKIG00000025512	hnrnpd
ENSEEEP00000035321	ENSEEEG00000016817	cnrip1a	ENSPKIP00000020095	ENSPKIG00000005004	cnrip1a
ENSEEEP00000014459	ENSEEEG00000007202	PGC	ENSPKIP00000010748	ENSPKIG00000025336	PGC
ENSEEEP00000025851	ENSEEEG00000012529	omgb	ENSPKIP00000040305	ENSPKIG00000017323	omga
ENSEEEP00000025181	ENSEEEG00000012209	FANCC	ENSPKIP00000039265	ENSPKIG00000016689	fancc
ENSEEEP00000058320	ENSEEEG00000012642	WDHD1	ENSPKIP00000019876	ENSPKIG00000004863	wdhd1
ENSEEEP00000056197	ENSEEEG00000027378	si:ch73-234b20.5	ENSPKIP00000011033	ENSPKIG00000025511	si:ch73-234b20.5
ENSEEEP00000006308	ENSEEEG00000003355	nkx3.3	ENSPKIP00000025685	ENSPKIG00000008463	nkx3.3
ENSEEEP00000014450	ENSEEEG00000007199	ARSA	ENSPKIP00000010760	ENSPKIG00000025353	arsa
ENSEEEP00000050120	ENSEEEG00000023576	LSM3	ENSPKIP00000025009	ENSPKIG00000008037	LSM3
ENSEEEP00000025857	ENSEEEG00000012531	akap1b	ENSPKIP00000039990	ENSPKIG00000017133	akap1b
ENSEEEP00000003098	ENSEEEG00000001755	march9	ENSPKIP00000020959	ENSPKIG00000005551	MARCHF9
ENSEEEP00000055631	ENSEEEG00000007217	SCYL2	ENSPKIP00000021827	ENSPKIG00000006047	scyl2
ENSEEEP00000063765	ENSEEEG00000028649	ppp3r1b	ENSPKIP00000019678	ENSPKIG00000004748	PPP3R1
ENSEEEP00000055448	ENSEEEG00000025338	QSOX1	ENSPKIP00000014027	ENSPKIG00000001244	qsox1
ENSEEEP00000006309	ENSEEEG00000003356	nkx2.3	ENSPKIP00000036882	ENSPKIG00000015279	nkx2.3
ENSEEEP00000035660	ENSEEEG00000016977	MSH2	ENSPKIP00000026384	ENSPKIG00000008812	msh2
ENSEEEP00000059995	ENSEEEG00000026722	gja5a	ENSPKIP00000029932	ENSPKIG00000010992	GJA5
ENSEEEP00000009224	ENSEEEG00000004738	im:7160594	ENSPKIP00000026005	ENSPKIG00000008645	mfsd1l
ENSEEEP00000023730	ENSEEEG00000011488	XRCC6	ENSPKIP00000018395	ENSPKIG00000003974	xrcc6
ENSEEEP00000027862	ENSEEEG00000013415		ENSPKIP00000041940	ENSPKIG00000018300	
ENSEEEP00000029573	ENSEEEG00000014168	CMC1	ENSPKIP00000024882	ENSPKIG00000007960	cmc1
ENSEEEP00000003092	ENSEEEG00000001753	TSPAN31	ENSPKIP00000021074	ENSPKIG00000005616	TSPAN31
ENSEEEP00000006310	ENSEEEG00000003358	GOT1	ENSPKIP00000036818	ENSPKIG00000015231	got1
ENSEEEP00000042083	ENSEEEG00000019876	MAN2B2	ENSPKIP00000034652	ENSPKIG00000013850	man2b2
ENSEEEP00000026111	ENSEEEG00000012647	GCH1	ENSPKIP00000020031	ENSPKIG00000004964	gch1
ENSEEEP00000029575	ENSEEEG00000014169	AZI2	ENSPKIP00000004758	ENSPKIG00000021732	azi2
ENSEEEP00000022735	ENSEEEG00000011022	gh1	ENSPKIP00000041417	ENSPKIG00000017982	gh1
ENSEEEP00000053040	ENSEEEG00000028549		ENSPKIP00000024939	ENSPKIG00000007990	
ENSEEEP00000019158	ENSEEEG00000009391	PSMA8	ENSPKIP00000039763	ENSPKIG00000017000	psma8
ENSEEEP00000029580	ENSEEEG00000014172	ncoa7a	ENSPKIP00000033108	ENSPKIG00000012940	ncoa7a
ENSEEEP00000050348	ENSEEEG00000023673	ACP6	ENSPKIP00000029974	ENSPKIG00000011008	acp6
ENSEEEP00000047526	ENSEEEG00000022371	PTRH1	ENSPKIP00000020799	ENSPKIG00000005449	ptrh1
ENSEEEP00000032457	ENSEEEG00000015470	YARS1	ENSPKIP00000009508	ENSPKIG00000024596	yars1
ENSEEEP00000047524	ENSEEEG00000022369	TOR2A	ENSPKIP00000020741	ENSPKIG00000005408	tor2a
ENSEEEP00000056313	ENSEEEG00000026295	ACBD6	ENSPKIP00000014096	ENSPKIG00000001297	acbd6
ENSEEEP00000062109	ENSEEEG00000022471	ATP5F1D	ENSPKIP00000029367	ENSPKIG00000010642	atp5f1d
ENSEEEP00000022691	ENSEEEG00000011017	zgc:103564	ENSPKIP00000041388	ENSPKIG00000017961	rdm1
ENSEEEP00000055294	ENSEEEG00000026385	bnip1b	ENSPKIP00000016621	ENSPKIG00000002855	bnip1a
ENSEEEP00000009200	ENSEEEG00000004728	NUBP2	ENSPKIP00000025710	ENSPKIG00000008473	NUBP2
ENSEEEP00000006871	ENSEEEG00000003630	bod1	ENSPKIP00000026512	ENSPKIG00000008972	bod1
ENSEEEP00000060194	ENSEEEG00000026255		ENSPKIP00000016929	ENSPKIG00000003051	
ENSEEEP00000047521	ENSEEEG00000022366	CFAP157	ENSPKIP00000020763	ENSPKIG00000005432	cfap157
ENSEEEP00000005813	ENSEEEG00000003082	ZCCHC9	ENSPKIP00000022801	ENSPKIG00000006659	zcchc9
ENSEEEP00000047725	ENSEEEG00000022469	cirbpb	ENSPKIP00000009277	ENSPKIG00000024430	RBM3
ENSEEEP00000019138	ENSEEEG00000009388	KCTD1	ENSPKIP00000039698	ENSPKIG00000016947	KCTD1
ENSEEEP00000004693	ENSEEEG00000002450	foxg1a	ENSPKIP00000026110	ENSPKIG00000008721	foxg1a
ENSEEEP00000029628	ENSEEEG00000014181	WDTC1	ENSPKIP00000035587	ENSPKIG00000014467	wdtc1
ENSEEEP00000038501	ENSEEEG00000018276	lrrc6	ENSPKIP00000023729	ENSPKIG00000007235	dnaaf11
ENSEEEP00000012457	ENSEEEG00000006255	adob	ENSPKIP00000001139	ENSPKIG00000019545	adob
ENSEEEP00000020191	ENSEEEG00000009740	RRP9	ENSPKIP00000019716	ENSPKIG00000004751	rrp9
ENSEEEP00000059339	ENSEEEG00000006256	ZNF365	ENSPKIP00000013427	ENSPKIG00000000867	znf365
ENSEEEP00000006725	ENSEEEG00000003110	WDR45	ENSPKIP00000003745	ENSPKIG00000021102	wdr45
ENSEEEP00000055665	ENSEEEG00000027144		ENSPKIP00000009563	ENSPKIG00000024629	nhsl3
ENSEEEP00000009177	ENSEEEG00000004719	tbc1d24	ENSPKIP00000025649	ENSPKIG00000008441	tbc1d24
ENSEEEP00000053757	ENSEEEG00000015468	SYNC	ENSPKIP00000009601	ENSPKIG00000024650	sync
ENSEEEP00000062638	ENSEEEG00000022466	NAXE	ENSPKIP00000009140	ENSPKIG00000024358	yjefn3
ENSEEEP00000009173	ENSEEEG00000004718	mss51	ENSPKIP00000024940	ENSPKIG00000007982	mss51
ENSEEEP00000059954	ENSEEEG00000027018	HACD4	ENSPKIP00000012906	ENSPKIG00000000528	hacd4
ENSEEEP00000036828	ENSEEEG00000016971	adam17a	ENSPKIP00000001430	ENSPKIG00000019712	
ENSEEEP00000005820	ENSEEEG00000003084	WDR73	ENSPKIP00000011635	ENSPKIG00000018640	wdr73
ENSEEEP00000050358	ENSEEEG00000023681	CHAF1B	ENSPKIP00000026196	ENSPKIG00000008763	chaf1b
ENSEEEP00000031820	ENSEEEG00000015168	rpl12	ENSPKIP00000011574	ENSPKIG00000018595	rpl12
ENSEEEP00000022005	ENSEEEG00000010563	DARS2	ENSPKIP00000022719	ENSPKIG00000006591	dars2
ENSEEEP00000016819	ENSEEEG00000008335	ercc6l2	ENSPKIP00000039460	ENSPKIG00000016799	ercc6l2
ENSEEEP00000008452	ENSEEEG00000004412	ALOX5	ENSPKIP00000040977	ENSPKIG00000017723	clcc1
ENSEEEP00000039779	ENSEEEG00000018785	BCAS3	ENSPKIP00000012944	ENSPKIG00000000537	bcas3
ENSEEEP00000059667	ENSEEEG00000018153	CAPN15	ENSPKIP00000025011	ENSPKIG00000008024	capn15
ENSEEEP00000035667	ENSEEEG00000016983	gch2	ENSPKIP00000004924	ENSPKIG00000021816	gch2
ENSEEEP00000020654	ENSEEEG00000010072		ENSPKIP00000039688	ENSPKIG00000016946	
ENSEEEP00000005816	ENSEEEG00000003083	neu3.1	ENSPKIP00000011609	ENSPKIG00000018624	NEU3
ENSEEEP00000023746	ENSEEEG00000011503	shisa8b	ENSPKIP00000018478	ENSPKIG00000004031	shisa8b
ENSEEEP00000005814	ENSEEEG00000003081	CHRDL2	ENSPKIP00000011461	ENSPKIG00000018535	chrdl2
ENSEEEP00000013170	ENSEEEG00000006464	NDUFS2	ENSPKIP00000024376	ENSPKIG00000007619	ndufs2
ENSEEEP00000035668	ENSEEEG00000016984	CRIPT	ENSPKIP00000004982	ENSPKIG00000021848	cript
ENSEEEP00000014434	ENSEEEG00000007188	rabl2	ENSPKIP00000010796	ENSPKIG00000025372	rabl2
ENSEEEP00000042025	ENSEEEG00000019745	ACOX3	ENSPKIP00000019608	ENSPKIG00000004695	acox3
ENSEEEP00000031747	ENSEEEG00000015165	POLE3	ENSPKIP00000011652	ENSPKIG00000018647	pole3
ENSEEEP00000012478	ENSEEEG00000006266	rtkn2a	ENSPKIP00000001111	ENSPKIG00000019526	rtkn2
ENSEEEP00000005809	ENSEEEG00000003079	pold3	ENSPKIP00000011404	ENSPKIG00000018505	pold3
ENSEEEP00000031741	ENSEEEG00000015155	ccn1l1	ENSPKIP00000011674	ENSPKIG00000018660	
ENSEEEP00000042992	ENSEEEG00000020292	XAF1	ENSPKIP00000005339	ENSPKIG00000022039	
ENSEEEP00000024138	ENSEEEG00000011706	NIFK	ENSPKIP00000001899	ENSPKIG00000020011	nifk
ENSEEEP00000005804	ENSEEEG00000003074	defbl1	ENSPKIP00000030930	ENSPKIG00000011602	
ENSEEEP00000043298	ENSEEEG00000020452	RPIA	ENSPKIP00000034813	ENSPKIG00000013993	rpia
ENSEEEP00000035669	ENSEEEG00000016985	PIGF	ENSPKIP00000025963	ENSPKIG00000008632	pigf
ENSEEEP00000005410	ENSEEEG00000002832	KLF15	ENSPKIP00000038771	ENSPKIG00000016423	KLF15
ENSEEEP00000003214	ENSEEEG00000001798	mob1ba	ENSPKIP00000015888	ENSPKIG00000002431	mob1ba
ENSEEEP00000005405	ENSEEEG00000002828	CFAP100	ENSPKIP00000041743	ENSPKIG00000018173	cfap100
ENSEEEP00000052497	ENSEEEG00000024588	APPBP2	ENSPKIP00000012832	ENSPKIG00000000485	appbp2
ENSEEEP00000006999	ENSEEEG00000003688	NSG2	ENSPKIP00000026726	ENSPKIG00000009079	nsg2
ENSEEEP00000031721	ENSEEEG00000015152	lmo4a	ENSPKIP00000009138	ENSPKIG00000024343	si:dkey-90l8.3
ENSEEEP00000012482	ENSEEEG00000006268	CFAP99	ENSPKIP00000011612	ENSPKIG00000018622	cfap99
ENSEEEP00000035670	ENSEEEG00000016986	RHOQ	ENSPKIP00000005013	ENSPKIG00000021865	rhoq
ENSEEEP00000006334	ENSEEEG00000003368	HPSE2	ENSPKIP00000025620	ENSPKIG00000008417	hpse2
ENSEEEP00000020644	ENSEEEG00000009495	XPNPEP1	ENSPKIP00000039625	ENSPKIG00000016830	xpnpep1
ENSEEEP00000019740	ENSEEEG00000009660	MC4R	ENSPKIP00000030964	ENSPKIG00000011636	mc4r
ENSEEEP00000016827	ENSEEEG00000008338	HSD17B3	ENSPKIP00000039557	ENSPKIG00000016875	hsd17b3
ENSEEEP00000012488	ENSEEEG00000006270	TAFA3	ENSPKIP00000011694	ENSPKIG00000018675	
ENSEEEP00000003947	ENSEEEG00000002113	si:ch211-235e9.6	ENSPKIP00000005482	ENSPKIG00000022143	NDUFC1
ENSEEEP00000035672	ENSEEEG00000016987	COX7A2L	ENSPKIP00000027635	ENSPKIG00000009622	cox7a2l
ENSEEEP00000035382	ENSEEEG00000016846		ENSPKIP00000008063	ENSPKIG00000023719	si:dkey-274m17.3
ENSEEEP00000052494	ENSEEEG00000024587	tmem185	ENSPKIP00000012788	ENSPKIG00000000473	
ENSEEEP00000042985	ENSEEEG00000020291	TEKT1	ENSPKIP00000005276	ENSPKIG00000021946	tekt1
ENSEEEP00000003189	ENSEEEG00000001796	GRSF1	ENSPKIP00000000991	ENSPKIG00000019432	grsf1
ENSEEEP00000044701	ENSEEEG00000021108	IL1B	ENSPKIP00000027193	ENSPKIG00000009356	il1b
ENSEEEP00000053367	ENSEEEG00000028011		ENSPKIP00000021977	ENSPKIG00000006181	
ENSEEEP00000008446	ENSEEEG00000004409	DDX59	ENSPKIP00000019025	ENSPKIG00000004361	ddx59
ENSEEEP00000035455	ENSEEEG00000016851	FEZF2	ENSPKIP00000008053	ENSPKIG00000023711	fezf2
ENSEEEP00000063838	ENSEEEG00000027409	kdf1a	ENSPKIP00000035306	ENSPKIG00000014322	kdf1a
ENSEEEP00000055252	ENSEEEG00000027017	si:dkey-156n14.3	ENSPKIP00000041765	ENSPKIG00000018190	si:dkey-156n14.3
ENSEEEP00000009797	ENSEEEG00000004986		ENSPKIP00000009232	ENSPKIG00000024426	
ENSEEEP00000047716	ENSEEEG00000022458	TMEM161A	ENSPKIP00000028441	ENSPKIG00000010088	tmem161a
ENSEEEP00000003954	ENSEEEG00000002119	nocta	ENSPKIP00000005371	ENSPKIG00000022066	NOCT
ENSEEEP00000020196	ENSEEEG00000009860	TEX264	ENSPKIP00000009735	ENSPKIG00000024729	tex264a
ENSEEEP00000035784	ENSEEEG00000017030	atg4da	ENSPKIP00000028324	ENSPKIG00000010015	atg4da
ENSEEEP00000003962	ENSEEEG00000002122	C1QTNF2	ENSPKIP00000027305	ENSPKIG00000009423	c1qtnf2
ENSEEEP00000020198	ENSEEEG00000009861	gpx1a	ENSPKIP00000009765	ENSPKIG00000024740	
ENSEEEP00000029661	ENSEEEG00000014208	nr0b2a	ENSPKIP00000001989	ENSPKIG00000020062	nr0b2a
ENSEEEP00000008443	ENSEEEG00000004400	KIF14	ENSPKIP00000018989	ENSPKIG00000004304	kif14
ENSEEEP00000020203	ENSEEEG00000009864	BRK1	ENSPKIP00000009912	ENSPKIG00000024826	BRK1
ENSEEEP00000031672	ENSEEEG00000015134	glipr2	ENSPKIP00000003982	ENSPKIG00000021277	
ENSEEEP00000031580	ENSEEEG00000015103	PARP11	ENSPKIP00000033245	ENSPKIG00000013035	PARP11
ENSEEEP00000057105	ENSEEEG00000028958	si:ch211-125m10.6	ENSPKIP00000009023	ENSPKIG00000024288	tmem221
ENSEEEP00000010831	ENSEEEG00000005486	NFU1	ENSPKIP00000024169	ENSPKIG00000007527	nfu1
ENSEEEP00000020205	ENSEEEG00000009866	setmar	ENSPKIP00000001841	ENSPKIG00000019979	setmar
ENSEEEP00000063125	ENSEEEG00000006900	rad50	ENSPKIP00000009616	ENSPKIG00000024646	rad50
ENSEEEP00000056864	ENSEEEG00000028715		ENSPKIP00000014918	ENSPKIG00000001817	
ENSEEEP00000047698	ENSEEEG00000022453	BORCS8	ENSPKIP00000028319	ENSPKIG00000010007	borcs8
ENSEEEP00000006337	ENSEEEG00000003372	HPS1	ENSPKIP00000025512	ENSPKIG00000008360	hps1
ENSEEEP00000047662	ENSEEEG00000022434	faima	ENSPKIP00000014134	ENSPKIG00000001313	faima
ENSEEEP00000047232	ENSEEEG00000022233	NDUFAF3	ENSPKIP00000008767	ENSPKIG00000024122	ndufaf3
ENSEEEP00000047696	ENSEEEG00000022452	RFXANK	ENSPKIP00000008996	ENSPKIG00000024270	rfxank
ENSEEEP00000061144	ENSEEEG00000024755	zgc:103759	ENSPKIP00000008955	ENSPKIG00000024242	zgc:103759
ENSEEEP00000055189	ENSEEEG00000001126	TBX4	ENSPKIP00000013015	ENSPKIG00000000606	tbx4
ENSEEEP00000003975	ENSEEEG00000002125	SLU7	ENSPKIP00000027244	ENSPKIG00000009367	slu7
ENSEEEP00000047695	ENSEEEG00000022450	NR2C2AP	ENSPKIP00000009012	ENSPKIG00000024281	nr2c2ap
ENSEEEP00000031629	ENSEEEG00000015108	PYROXD1	ENSPKIP00000025181	ENSPKIG00000008141	pyroxd1
ENSEEEP00000002414	ENSEEEG00000001404	ASPDH	ENSPKIP00000002885	ENSPKIG00000020604	aspdh
ENSEEEP00000047694	ENSEEEG00000022449		ENSPKIP00000008983	ENSPKIG00000024259	
ENSEEEP00000001329	ENSEEEG00000000887	CDPF1	ENSPKIP00000005463	ENSPKIG00000022122	cdpf1
ENSEEEP00000042807	ENSEEEG00000020198	CCDC105	ENSPKIP00000032920	ENSPKIG00000012826	tektl1
ENSEEEP00000017767	ENSEEEG00000008770	EPX	ENSPKIP00000005361	ENSPKIG00000022017	pxdn
ENSEEEP00000049757	ENSEEEG00000023384	INSYN2A	ENSPKIP00000014558	ENSPKIG00000001600	INSYN2A
ENSEEEP00000016696	ENSEEEG00000008277	ZNF608	ENSPKIP00000011311	ENSPKIG00000018458	ZNF608
ENSEEEP00000050378	ENSEEEG00000023686	atp5po	ENSPKIP00000030208	ENSPKIG00000011154	atp5po
ENSEEEP00000025998	ENSEEEG00000012595	POLR3D	ENSPKIP00000022889	ENSPKIG00000006727	POLR3D
ENSEEEP00000001233	ENSEEEG00000000395	RINT1	ENSPKIP00000023268	ENSPKIG00000006961	rint1
ENSEEEP00000006339	ENSEEEG00000003373	st3gal7	ENSPKIP00000025450	ENSPKIG00000008318	st3gal7
ENSEEEP00000006342	ENSEEEG00000003374	MORN4	ENSPKIP00000025397	ENSPKIG00000008291	
ENSEEEP00000033216	ENSEEEG00000015178	HEATR1	ENSPKIP00000015709	ENSPKIG00000002326	heatr1
ENSEEEP00000047674	ENSEEEG00000022435	HAPLN4	ENSPKIP00000008946	ENSPKIG00000024235	hapln4
ENSEEEP00000042803	ENSEEEG00000020195	si:ch73-95l15.5	ENSPKIP00000032874	ENSPKIG00000012800	
ENSEEEP00000022019	ENSEEEG00000010694	CENPL	ENSPKIP00000028055	ENSPKIG00000009857	cenpl
ENSEEEP00000006774	ENSEEEG00000003575	MLLT11	ENSPKIP00000003831	ENSPKIG00000021166	
ENSEEEP00000050383	ENSEEEG00000023689	KCNE2	ENSPKIP00000025398	ENSPKIG00000008295	KCNE2
ENSEEEP00000006344	ENSEEEG00000003375	nkx1.2la	ENSPKIP00000013664	ENSPKIG00000001014	nkx1.2la
ENSEEEP00000026400	ENSEEEG00000012780	DNER	ENSPKIP00000031889	ENSPKIG00000012205	dner
ENSEEEP00000026002	ENSEEEG00000012597	PHYHIP	ENSPKIP00000022869	ENSPKIG00000006704	PHYHIP
ENSEEEP00000002422	ENSEEEG00000001419	TMEM86B	ENSPKIP00000002982	ENSPKIG00000020675	tmem86b
ENSEEEP00000024092	ENSEEEG00000011679	NDUFA8	ENSPKIP00000035658	ENSPKIG00000014521	ndufa8
ENSEEEP00000016195	ENSEEEG00000008018	MLH1	ENSPKIP00000004259	ENSPKIG00000021434	mlh1
ENSEEEP00000044010	ENSEEEG00000020791	LIN28B	ENSPKIP00000033688	ENSPKIG00000013309	lin28b
ENSEEEP00000050660	ENSEEEG00000023814	SQSTM1	ENSPKIP00000036790	ENSPKIG00000015230	sqstm1
ENSEEEP00000016933	ENSEEEG00000008381	PRDM15	ENSPKIP00000002956	ENSPKIG00000020637	PRDM15
ENSEEEP00000055028	ENSEEEG00000026589	FOXI1	ENSPKIP00000018632	ENSPKIG00000004137	foxi1
ENSEEEP00000050347	ENSEEEG00000023672	ARHGAP25	ENSPKIP00000015200	ENSPKIG00000001995	arhgap25
ENSEEEP00000059375	ENSEEEG00000027173		ENSPKIP00000036763	ENSPKIG00000015209	
ENSEEEP00000050350	ENSEEEG00000023675	BMP10	ENSPKIP00000015231	ENSPKIG00000002020	bmp10
ENSEEEP00000043265	ENSEEEG00000020436		ENSPKIP00000027551	ENSPKIG00000009565	
ENSEEEP00000017745	ENSEEEG00000008763	EIPR1	ENSPKIP00000005046	ENSPKIG00000021880	eipr1
ENSEEEP00000024094	ENSEEEG00000011685	MORN5	ENSPKIP00000020874	ENSPKIG00000005500	morn5
ENSEEEP00000026004	ENSEEEG00000012598	zgc:77112	ENSPKIP00000022831	ENSPKIG00000006693	ppp1r3c2b
ENSEEEP00000043255	ENSEEEG00000020430		ENSPKIP00000027432	ENSPKIG00000009497	
ENSEEEP00000057011	ENSEEEG00000029039	GINS4	ENSPKIP00000022803	ENSPKIG00000006669	gins4
ENSEEEP00000005778	ENSEEEG00000003058	B9D2	ENSPKIP00000041126	ENSPKIG00000017799	b9d2
ENSEEEP00000049759	ENSEEEG00000023387	CLRN3	ENSPKIP00000018672	ENSPKIG00000004149	CLRN3
ENSEEEP00000038229	ENSEEEG00000018177	SESN2	ENSPKIP00000028918	ENSPKIG00000010367	sesn2
ENSEEEP00000022382	ENSEEEG00000010870	EIF2B3	ENSPKIP00000008334	ENSPKIG00000023868	eif2b3
ENSEEEP00000016833	ENSEEEG00000008342	tspan36	ENSPKIP00000039782	ENSPKIG00000017013	tspan36
ENSEEEP00000005777	ENSEEEG00000003056	diablob	ENSPKIP00000033839	ENSPKIG00000013400	
ENSEEEP00000012568	ENSEEEG00000006309	MRPL35	ENSPKIP00000011469	ENSPKIG00000018550	mrpl35
ENSEEEP00000016835	ENSEEEG00000008343	MPEG1	ENSPKIP00000005008	ENSPKIG00000021867	mpeg1.1
ENSEEEP00000031634	ENSEEEG00000015127	IAPP	ENSPKIP00000025230	ENSPKIG00000008179	IAPP
ENSEEEP00000058631	ENSEEEG00000024789	ch25hl3	ENSPKIP00000003164	ENSPKIG00000020787	
ENSEEEP00000043252	ENSEEEG00000020429	CFD	ENSPKIP00000009361	ENSPKIG00000024495	cfd
ENSEEEP00000016836	ENSEEEG00000008344	prf1.5	ENSPKIP00000039811	ENSPKIG00000017028	prf1.5
ENSEEEP00000056432	ENSEEEG00000027392	ARID5A	ENSPKIP00000009914	ENSPKIG00000024825	arid5a
ENSEEEP00000005774	ENSEEEG00000003054	nectin3b	ENSPKIP00000033810	ENSPKIG00000013383	
ENSEEEP00000043250	ENSEEEG00000020427	FOXI2	ENSPKIP00000028066	ENSPKIG00000009861	foxi2
ENSEEEP00000047085	ENSEEEG00000022164	SLC36A4	ENSPKIP00000025805	ENSPKIG00000008540	slc36a4
ENSEEEP00000012588	ENSEEEG00000006313	REEP1	ENSPKIP00000021409	ENSPKIG00000005831	reep1
ENSEEEP00000005772	ENSEEEG00000003053	rtn2b	ENSPKIP00000036325	ENSPKIG00000014937	rtn2b
ENSEEEP00000023838	ENSEEEG00000011568	ZNF341	ENSPKIP00000008465	ENSPKIG00000023946	znf341
ENSEEEP00000005771	ENSEEEG00000003052	ppm1nb	ENSPKIP00000036379	ENSPKIG00000014964	ppm1nb
ENSEEEP00000003987	ENSEEEG00000002132	hbegfa	ENSPKIP00000027368	ENSPKIG00000009462	hbegfa
ENSEEEP00000023841	ENSEEEG00000011570	E2F1	ENSPKIP00000008418	ENSPKIG00000023922	e2f1
ENSEEEP00000038230	ENSEEEG00000018178	MATN1	ENSPKIP00000028964	ENSPKIG00000010387	matn1
ENSEEEP00000017680	ENSEEEG00000008543	TRAPPC12	ENSPKIP00000005016	ENSPKIG00000021863	trappc12
ENSEEEP00000026023	ENSEEEG00000012602	dbnlb	ENSPKIP00000009942	ENSPKIG00000024839	dbnlb
ENSEEEP00000004709	ENSEEEG00000002463	TRAF3	ENSPKIP00000017418	ENSPKIG00000003344	traf3
ENSEEEP00000024102	ENSEEEG00000011692	RBM18	ENSPKIP00000020771	ENSPKIG00000005430	rbm18
ENSEEEP00000038232	ENSEEEG00000018179	LAPTM5	ENSPKIP00000029034	ENSPKIG00000010428	laptm5
ENSEEEP00000001746	ENSEEEG00000001117	BRIP1	ENSPKIP00000013148	ENSPKIG00000000690	brip1
ENSEEEP00000000153	ENSEEEG00000000116	SMCO4	ENSPKIP00000005358	ENSPKIG00000022063	SMCO4
ENSEEEP00000052490	ENSEEEG00000024585	si:ch211-167j9.5	ENSPKIP00000031173	ENSPKIG00000011764	
ENSEEEP00000038235	ENSEEEG00000018180	SDC3	ENSPKIP00000029160	ENSPKIG00000010522	SDC3
ENSEEEP00000024103	ENSEEEG00000011693	MRRF	ENSPKIP00000020722	ENSPKIG00000005396	mrrf
ENSEEEP00000003529	ENSEEEG00000001949	si:ch211-241b2.5	ENSPKIP00000003389	ENSPKIG00000020916	
ENSEEEP00000005768	ENSEEEG00000003048	si:ch211-191j22.3	ENSPKIP00000020948	ENSPKIG00000005542	si:ch211-191j22.3
ENSEEEP00000064460	ENSEEEG00000011695	anxa3b	ENSPKIP00000036788	ENSPKIG00000015225	anxa3b
ENSEEEP00000026408	ENSEEEG00000012781	PID1	ENSPKIP00000031837	ENSPKIG00000012167	pid1
ENSEEEP00000005766	ENSEEEG00000003046	SDHAF1	ENSPKIP00000029382	ENSPKIG00000010652	sdhaf1
ENSEEEP00000061087	ENSEEEG00000025638	BVES	ENSPKIP00000033619	ENSPKIG00000013243	popdc1
ENSEEEP00000023854	ENSEEEG00000011573	CTNNBL1	ENSPKIP00000008393	ENSPKIG00000023902	ctnnbl1
ENSEEEP00000026410	ENSEEEG00000012782	sphkap	ENSPKIP00000039068	ENSPKIG00000016583	sphkap
ENSEEEP00000017682	ENSEEEG00000008729	NOG	ENSPKIP00000025454	ENSPKIG00000008324	nog2
ENSEEEP00000005354	ENSEEEG00000002789	MTMR14	ENSPKIP00000041968	ENSPKIG00000018293	mtmr14
ENSEEEP00000001732	ENSEEEG00000001109	ppm1da	ENSPKIP00000012865	ENSPKIG00000000512	PPM1D
ENSEEEP00000017676	ENSEEEG00000008728		ENSPKIP00000025358	ENSPKIG00000008265	
ENSEEEP00000048811	ENSEEEG00000022957	SNUPN	ENSPKIP00000032294	ENSPKIG00000012444	snupn
ENSEEEP00000026457	ENSEEEG00000012605	ube2d4	ENSPKIP00000036418	ENSPKIG00000014981	UBE2D4
ENSEEEP00000001726	ENSEEEG00000001107	CCDC9	ENSPKIP00000023487	ENSPKIG00000007100	ccdc9
ENSEEEP00000052488	ENSEEEG00000024584	TMEM97	ENSPKIP00000031158	ENSPKIG00000011756	tmem97
ENSEEEP00000005760	ENSEEEG00000003041	CCDC61	ENSPKIP00000031084	ENSPKIG00000011692	ccdc61
ENSEEEP00000016937	ENSEEEG00000008396	C2CD2	ENSPKIP00000002993	ENSPKIG00000020677	c2cd2
ENSEEEP00000052486	ENSEEEG00000024583	IFT20	ENSPKIP00000031126	ENSPKIG00000011743	ift20
ENSEEEP00000001725	ENSEEEG00000001104		ENSPKIP00000024277	ENSPKIG00000007566	si:dkey-243i1.1
ENSEEEP00000026687	ENSEEEG00000012787	DAW1	ENSPKIP00000039147	ENSPKIG00000016621	daw1
ENSEEEP00000061242	ENSEEEG00000001624	SLC39A10	ENSPKIP00000031886	ENSPKIG00000012206	
ENSEEEP00000061394	ENSEEEG00000026740	TMEM43	ENSPKIP00000008711	ENSPKIG00000024093	TMEM43
ENSEEEP00000049575	ENSEEEG00000023311	SEC13	ENSPKIP00000027566	ENSPKIG00000009564	sec13
ENSEEEP00000023283	ENSEEEG00000011288	SRRD	ENSPKIP00000009704	ENSPKIG00000024711	srrd
ENSEEEP00000052483	ENSEEEG00000024582	RAD1	ENSPKIP00000021549	ENSPKIG00000005895	rad1
ENSEEEP00000002482	ENSEEEG00000000912	IFT122	ENSPKIP00000031956	ENSPKIG00000012198	IFT122
ENSEEEP00000026679	ENSEEEG00000012889	ppp1r2	ENSPKIP00000015957	ENSPKIG00000002482	ppp1r2
ENSEEEP00000058220	ENSEEEG00000028622	chmp3	ENSPKIP00000011437	ENSPKIG00000018528	chmp3
ENSEEEP00000046009	ENSEEEG00000021641	LETM1	ENSPKIP00000035004	ENSPKIG00000014103	letm1
ENSEEEP00000022982	ENSEEEG00000011158	znrd1	ENSPKIP00000038216	ENSPKIG00000016085	
ENSEEEP00000039375	ENSEEEG00000018701		ENSPKIP00000013615	ENSPKIG00000000976	
ENSEEEP00000060428	ENSEEEG00000014478	ETHE1	ENSPKIP00000007701	ENSPKIG00000023493	ethe1
ENSEEEP00000001546	ENSEEEG00000000891	kiss1ra	ENSPKIP00000030808	ENSPKIG00000011185	
ENSEEEP00000000361	ENSEEEG00000000259	naa15b	ENSPKIP00000005392	ENSPKIG00000022081	
ENSEEEP00000023697	ENSEEEG00000011478	THYN1	ENSPKIP00000018670	ENSPKIG00000004157	thyn1
ENSEEEP00000039368	ENSEEEG00000018689	CIAO2B	ENSPKIP00000024248	ENSPKIG00000007575	ciao2b
ENSEEEP00000016938	ENSEEEG00000008397		ENSPKIP00000034055	ENSPKIG00000013541	
ENSEEEP00000053214	ENSEEEG00000024779		ENSPKIP00000036937	ENSPKIG00000015324	
ENSEEEP00000059839	ENSEEEG00000011159	EBNA1BP2	ENSPKIP00000031403	ENSPKIG00000011907	ebna1bp2
ENSEEEP00000032168	ENSEEEG00000015344	sostdc1b	ENSPKIP00000031443	ENSPKIG00000011930	sostdc1a
ENSEEEP00000037269	ENSEEEG00000017712	zgc:158296	ENSPKIP00000009005	ENSPKIG00000024278	cav4b
ENSEEEP00000054019	ENSEEEG00000028366	BBC3	ENSPKIP00000023423	ENSPKIG00000007058	bbc3
ENSEEEP00000037274	ENSEEEG00000017714	IKBKG	ENSPKIP00000009080	ENSPKIG00000024299	ikbkg
ENSEEEP00000039341	ENSEEEG00000018685	RRAD	ENSPKIP00000024215	ENSPKIG00000007552	rrad
ENSEEEP00000048815	ENSEEEG00000022962	HMG20A	ENSPKIP00000032169	ENSPKIG00000012367	hmg20a
ENSEEEP00000052481	ENSEEEG00000024580	SAE1	ENSPKIP00000023372	ENSPKIG00000007025	sae1
ENSEEEP00000032163	ENSEEEG00000015340	arl4ab	ENSPKIP00000029523	ENSPKIG00000010744	arl4ab
ENSEEEP00000004629	ENSEEEG00000002416	RNFT1	ENSPKIP00000002149	ENSPKIG00000020150	rnft1
ENSEEEP00000023694	ENSEEEG00000011408	ACAD8	ENSPKIP00000018645	ENSPKIG00000004132	acad8
ENSEEEP00000000326	ENSEEEG00000000240	MCAT	ENSPKIP00000022589	ENSPKIG00000006538	mcat
ENSEEEP00000061402	ENSEEEG00000027876	TAF5L	ENSPKIP00000026938	ENSPKIG00000009210	taf5l
ENSEEEP00000016947	ENSEEEG00000008401	SKA2	ENSPKIP00000034023	ENSPKIG00000013504	ska2
ENSEEEP00000016180	ENSEEEG00000008003	LRRFIP2	ENSPKIP00000004096	ENSPKIG00000021339	lrrfip2
ENSEEEP00000004633	ENSEEEG00000002418	PTRH2	ENSPKIP00000001846	ENSPKIG00000019982	ptrh2
ENSEEEP00000052480	ENSEEEG00000024579	ZC3H4	ENSPKIP00000023289	ENSPKIG00000006977	zc3h4
ENSEEEP00000039328	ENSEEEG00000018563	CA7	ENSPKIP00000024153	ENSPKIG00000007497	ca7
ENSEEEP00000052479	ENSEEEG00000024578	zgc:154093	ENSPKIP00000023270	ENSPKIG00000006963	zgc:154093
ENSEEEP00000050651	ENSEEEG00000023811	PRPF19	ENSPKIP00000001431	ENSPKIG00000019715	prpf19
ENSEEEP00000030213	ENSEEEG00000014482	XRCC1	ENSPKIP00000004872	ENSPKIG00000021785	xrcc1
ENSEEEP00000029908	ENSEEEG00000014324	SMIM11A	ENSPKIP00000015418	ENSPKIG00000002149	
ENSEEEP00000049564	ENSEEEG00000023305	RPL32	ENSPKIP00000021293	ENSPKIG00000005757	rpl32
ENSEEEP00000023256	ENSEEEG00000011275	DHX37	ENSPKIP00000009657	ENSPKIG00000024671	dhx37
ENSEEEP00000029909	ENSEEEG00000014325	rcan1a	ENSPKIP00000015512	ENSPKIG00000002202	
ENSEEEP00000002876	ENSEEEG00000001626	tmeff2a	ENSPKIP00000031817	ENSPKIG00000012145	tmeff2a
ENSEEEP00000012632	ENSEEEG00000006341	PLK4	ENSPKIP00000035449	ENSPKIG00000014404	plk4
ENSEEEP00000014577	ENSEEEG00000007248	NDUFB11	ENSPKIP00000008709	ENSPKIG00000024094	ndufb11
ENSEEEP00000000190	ENSEEEG00000000144	MDM1	ENSPKIP00000005848	ENSPKIG00000022365	mdm1
ENSEEEP00000052474	ENSEEEG00000024576	ERCC2	ENSPKIP00000023198	ENSPKIG00000006883	ercc2
ENSEEEP00000023861	ENSEEEG00000011577	VSTM2L	ENSPKIP00000008360	ENSPKIG00000023894	VSTM2L
ENSEEEP00000030220	ENSEEEG00000014487	PTTG1IP	ENSPKIP00000034431	ENSPKIG00000013764	
ENSEEEP00000049555	ENSEEEG00000023299	ssuh2.2	ENSPKIP00000028004	ENSPKIG00000009826	ssuh2.4
ENSEEEP00000022988	ENSEEEG00000011160	CFAP57	ENSPKIP00000037806	ENSPKIG00000015827	cfap57
ENSEEEP00000013736	ENSEEEG00000006845	IL13RA1	ENSPKIP00000011813	ENSPKIG00000018752	
ENSEEEP00000007319	ENSEEEG00000003844	scxa	ENSPKIP00000002392	ENSPKIG00000020300	SCX
ENSEEEP00000014530	ENSEEEG00000007231	tpk2	ENSPKIP00000003320	ENSPKIG00000020877	tpk2
ENSEEEP00000050650	ENSEEEG00000023810	ST3GAL5	ENSPKIP00000020726	ENSPKIG00000005401	st3gal5
ENSEEEP00000023864	ENSEEEG00000011579	TTI1	ENSPKIP00000008352	ENSPKIG00000023886	tti1
ENSEEEP00000018030	ENSEEEG00000008419	MDH2	ENSPKIP00000033934	ENSPKIG00000013451	mdh2
ENSEEEP00000027468	ENSEEEG00000013246	DMAC2L	ENSPKIP00000032021	ENSPKIG00000012276	dmac2l
ENSEEEP00000035802	ENSEEEG00000017042	ZFP36L2	ENSPKIP00000006474	ENSPKIG00000022742	ZFP36L2
ENSEEEP00000023077	ENSEEEG00000011198	RBM45	ENSPKIP00000012525	ENSPKIG00000000284	rbm45
ENSEEEP00000063580	ENSEEEG00000027176	NOP16	ENSPKIP00000027584	ENSPKIG00000009587	nop16
ENSEEEP00000000167	ENSEEEG00000000126	il22	ENSPKIP00000011819	ENSPKIG00000018762	
ENSEEEP00000007415	ENSEEEG00000003896	HGH1	ENSPKIP00000002317	ENSPKIG00000020253	hgh1
ENSEEEP00000014341	ENSEEEG00000007128	ODF3B	ENSPKIP00000010800	ENSPKIG00000025375	cimap1b
ENSEEEP00000058007	ENSEEEG00000027463	ARL10	ENSPKIP00000027563	ENSPKIG00000009571	arl10
ENSEEEP00000035817	ENSEEEG00000017049	ltv1	ENSPKIP00000021744	ENSPKIG00000006014	ltv1
ENSEEEP00000014527	ENSEEEG00000007230	si:dkey-6n6.1	ENSPKIP00000008874	ENSPKIG00000024196	si:dkey-6n6.1
ENSEEEP00000000416	ENSEEEG00000000309	zgc:110333	ENSPKIP00000017204	ENSPKIG00000003223	cldn8.2
ENSEEEP00000007420	ENSEEEG00000003897	EXOSC7	ENSPKIP00000035183	ENSPKIG00000014229	exosc7
ENSEEEP00000000260	ENSEEEG00000000194	SYT12	ENSPKIP00000031998	ENSPKIG00000012263	syt12
ENSEEEP00000035820	ENSEEEG00000017050	si:dkey-117i10.1	ENSPKIP00000021774	ENSPKIG00000006042	
ENSEEEP00000015688	ENSEEEG00000007767	atoh1a	ENSPKIP00000039898	ENSPKIG00000017085	atoh1a
ENSEEEP00000055624	ENSEEEG00000025188		ENSPKIP00000030409	ENSPKIG00000011276	
ENSEEEP00000029920	ENSEEEG00000014329	DONSON	ENSPKIP00000018353	ENSPKIG00000003943	DONSON
ENSEEEP00000002886	ENSEEEG00000001649	nabp1a	ENSPKIP00000031744	ENSPKIG00000012112	nabp1a
ENSEEEP00000017255	ENSEEEG00000008533	ADI1	ENSPKIP00000004977	ENSPKIG00000021850	ADI1
ENSEEEP00000058855	ENSEEEG00000028639	itpk1b	ENSPKIP00000020911	ENSPKIG00000005508	itpk1a
ENSEEEP00000005672	ENSEEEG00000002980	FTSJ1	ENSPKIP00000000795	ENSPKIG00000019318	ftsj1
ENSEEEP00000029923	ENSEEEG00000014331		ENSPKIP00000018180	ENSPKIG00000003842	
ENSEEEP00000005567	ENSEEEG00000018684		ENSPKIP00000009472	ENSPKIG00000024571	
ENSEEEP00000002887	ENSEEEG00000001651	zgc:153901	ENSPKIP00000031714	ENSPKIG00000012083	ftcdnl1
ENSEEEP00000002890	ENSEEEG00000001652	C2orf69	ENSPKIP00000031680	ENSPKIG00000012067	zgc:153521
ENSEEEP00000056255	ENSEEEG00000025591	si:dkey-46i9.6	ENSPKIP00000028057	ENSPKIG00000009852	
ENSEEEP00000060304	ENSEEEG00000026895	tgoln2	ENSPKIP00000010010	ENSPKIG00000024894	
ENSEEEP00000058996	ENSEEEG00000028552	znrf2b	ENSPKIP00000018120	ENSPKIG00000003795	znrf2b
ENSEEEP00000023500	ENSEEEG00000011397	VSIG2	ENSPKIP00000018599	ENSPKIG00000004104	
ENSEEEP00000026500	ENSEEEG00000012823	stambpb	ENSPKIP00000010017	ENSPKIG00000024897	stambpb
ENSEEEP00000026713	ENSEEEG00000012897	FOXA3	ENSPKIP00000020709	ENSPKIG00000005386	foxa3
ENSEEEP00000007429	ENSEEEG00000003902	si:ch211-66e2.5	ENSPKIP00000037599	ENSPKIG00000015715	si:ch211-66e2.5
ENSEEEP00000023243	ENSEEEG00000011271	GP1BB	ENSPKIP00000009618	ENSPKIG00000024663	gp1bb
ENSEEEP00000023491	ENSEEEG00000011389	esamb	ENSPKIP00000018538	ENSPKIG00000004068	esamb
ENSEEEP00000051293	ENSEEEG00000024066	AK8	ENSPKIP00000022800	ENSPKIG00000006671	ak8
ENSEEEP00000040736	ENSEEEG00000019307	CNOT8	ENSPKIP00000039857	ENSPKIG00000017056	cnot8
ENSEEEP00000037638	ENSEEEG00000017884	ifng1	ENSPKIP00000011796	ENSPKIG00000018739	
ENSEEEP00000044026	ENSEEEG00000020798	POPDC3	ENSPKIP00000033512	ENSPKIG00000013198	popdc3
ENSEEEP00000053252	ENSEEEG00000008001	MRPL14	ENSPKIP00000005736	ENSPKIG00000022296	mrpl14
ENSEEEP00000026951	ENSEEEG00000012903	PLD3	ENSPKIP00000020565	ENSPKIG00000005278	pld3
ENSEEEP00000027178	ENSEEEG00000013115	MYADM	ENSPKIP00000024730	ENSPKIG00000007862	myadmb
ENSEEEP00000013802	ENSEEEG00000005877	lars1b	ENSPKIP00000022851	ENSPKIG00000006650	lars1b
ENSEEEP00000027173	ENSEEEG00000013113	SDR39U1	ENSPKIP00000025232	ENSPKIG00000008181	sdr39u1
ENSEEEP00000030560	ENSEEEG00000014638	parp12b	ENSPKIP00000003412	ENSPKIG00000020927	parp12b
ENSEEEP00000005324	ENSEEEG00000002781	lhfpl4a	ENSPKIP00000011295	ENSPKIG00000018442	lhfpl4a
ENSEEEP00000015704	ENSEEEG00000007776	CCSER1	ENSPKIP00000040107	ENSPKIG00000017203	ccser1
ENSEEEP00000039050	ENSEEEG00000018497	SORD	ENSPKIP00000005653	ENSPKIG00000022223	sord
ENSEEEP00000040732	ENSEEEG00000019305	GEMIN5	ENSPKIP00000028135	ENSPKIG00000009900	gemin5
ENSEEEP00000043841	ENSEEEG00000020563	NOD1	ENSPKIP00000018232	ENSPKIG00000003876	nod1
ENSEEEP00000039499	ENSEEEG00000018757	GART	ENSPKIP00000029780	ENSPKIG00000010876	gart
ENSEEEP00000044030	ENSEEEG00000020804	TRNAU1AP	ENSPKIP00000005591	ENSPKIG00000022205	TRNAU1AP
ENSEEEP00000004765	ENSEEEG00000002494	BTG3	ENSPKIP00000002836	ENSPKIG00000020578	btg3
ENSEEEP00000005938	ENSEEEG00000003157	pdcd10a	ENSPKIP00000041045	ENSPKIG00000017748	
ENSEEEP00000012641	ENSEEEG00000006346	BHLHE40	ENSPKIP00000010337	ENSPKIG00000025093	bhlhe40
ENSEEEP00000005319	ENSEEEG00000002779	setd5	ENSPKIP00000011387	ENSPKIG00000018499	setd5
ENSEEEP00000004767	ENSEEEG00000002496	ALOX5AP	ENSPKIP00000038058	ENSPKIG00000015996	alox5ap
ENSEEEP00000017592	ENSEEEG00000008692		ENSPKIP00000020404	ENSPKIG00000005199	
ENSEEEP00000022997	ENSEEEG00000011165	SHISAL2A	ENSPKIP00000030602	ENSPKIG00000011398	SHISAL2A
ENSEEEP00000027166	ENSEEEG00000013108	METTL17	ENSPKIP00000025038	ENSPKIG00000008054	mettl17
ENSEEEP00000004768	ENSEEEG00000002497	USPL1	ENSPKIP00000038015	ENSPKIG00000015972	
ENSEEEP00000017136	ENSEEEG00000008486	paplna	ENSPKIP00000024470	ENSPKIG00000007713	paplna
ENSEEEP00000026464	ENSEEEG00000012804	NPPC	ENSPKIP00000016123	ENSPKIG00000002587	nppc
ENSEEEP00000026458	ENSEEEG00000012801	ncl	ENSPKIP00000016178	ENSPKIG00000002604	ncl
ENSEEEP00000005316	ENSEEEG00000002775	si:dkey-19e4.5	ENSPKIP00000011599	ENSPKIG00000018613	
ENSEEEP00000064265	ENSEEEG00000001942	WDR7	ENSPKIP00000025684	ENSPKIG00000008433	wdr7
ENSEEEP00000004772	ENSEEEG00000002498	hmgb1a	ENSPKIP00000037978	ENSPKIG00000015949	hmgb1a
ENSEEEP00000015708	ENSEEEG00000007780	PGGT1B	ENSPKIP00000040350	ENSPKIG00000017342	pggt1b
ENSEEEP00000012666	ENSEEEG00000006359	ISCA2	ENSPKIP00000016024	ENSPKIG00000002527	isca2
ENSEEEP00000053677	ENSEEEG00000027945	NPC2	ENSPKIP00000016007	ENSPKIG00000002513	npc2.1
ENSEEEP00000023012	ENSEEEG00000011169	CZIB	ENSPKIP00000020013	ENSPKIG00000004933	czib
ENSEEEP00000014244	ENSEEEG00000007082	si:dkey-30c15.2	ENSPKIP00000010824	ENSPKIG00000025386	
ENSEEEP00000026456	ENSEEEG00000012799	B3GNT7	ENSPKIP00000016234	ENSPKIG00000002643	b3gnt7
ENSEEEP00000062287	ENSEEEG00000026281	GSKIP	ENSPKIP00000015977	ENSPKIG00000002495	gskip
ENSEEEP00000015716	ENSEEEG00000007784	CCDC112	ENSPKIP00000040442	ENSPKIG00000017406	
ENSEEEP00000026454	ENSEEEG00000012797	ARMC9	ENSPKIP00000016341	ENSPKIG00000002681	armc9
ENSEEEP00000051304	ENSEEEG00000024073	CFAP77	ENSPKIP00000022948	ENSPKIG00000006759	cfap77
ENSEEEP00000032252	ENSEEEG00000015384	egr2b	ENSPKIP00000013472	ENSPKIG00000000900	egr2b
ENSEEEP00000051306	ENSEEEG00000024074	ttf1.3	ENSPKIP00000022987	ENSPKIG00000006790	ttf1.4
ENSEEEP00000017124	ENSEEEG00000008479		ENSPKIP00000024409	ENSPKIG00000007672	
ENSEEEP00000038967	ENSEEEG00000018489	MCEE	ENSPKIP00000038996	ENSPKIG00000016546	mcee
ENSEEEP00000061384	ENSEEEG00000027126	nrbf2b	ENSPKIP00000013494	ENSPKIG00000000909	nrbf2b
ENSEEEP00000044045	ENSEEEG00000020813	MED18	ENSPKIP00000004363	ENSPKIG00000021506	MED18
ENSEEEP00000017114	ENSEEEG00000008461	CHRM5	ENSPKIP00000027065	ENSPKIG00000009283	
ENSEEEP00000055500	ENSEEEG00000023358	MAP1B	ENSPKIP00000023788	ENSPKIG00000007236	
ENSEEEP00000038960	ENSEEEG00000018436	MPHOSPH10	ENSPKIP00000039055	ENSPKIG00000016578	mphosph10
ENSEEEP00000044161	ENSEEEG00000020817	cyp4t8	ENSPKIP00000018786	ENSPKIG00000004192	cyp4t8
ENSEEEP00000051312	ENSEEEG00000024079		ENSPKIP00000023228	ENSPKIG00000006938	
ENSEEEP00000026444	ENSEEEG00000012795	POLR2H	ENSPKIP00000006640	ENSPKIG00000022836	polr2h
ENSEEEP00000031720	ENSEEEG00000015151	STAM2	ENSPKIP00000002825	ENSPKIG00000020570	stam2
ENSEEEP00000026995	ENSEEEG00000013034	prx	ENSPKIP00000019433	ENSPKIG00000004610	
ENSEEEP00000057980	ENSEEEG00000002500	ubl3a	ENSPKIP00000037781	ENSPKIG00000015829	ubl3a
ENSEEEP00000015727	ENSEEEG00000007790	TMED7	ENSPKIP00000032344	ENSPKIG00000012486	tmed7
ENSEEEP00000051313	ENSEEEG00000024080	DRC3	ENSPKIP00000023252	ENSPKIG00000006951	
ENSEEEP00000026453	ENSEEEG00000012798	TXNDC16	ENSPKIP00000018578	ENSPKIG00000004094	txndc16
ENSEEEP00000060081	ENSEEEG00000027474	PRX	ENSPKIP00000019480	ENSPKIG00000004627	
ENSEEEP00000014236	ENSEEEG00000007074		ENSPKIP00000023818	ENSPKIG00000007302	
ENSEEEP00000016480	ENSEEEG00000008138	SYNPR	ENSPKIP00000007562	ENSPKIG00000023412	SYNPR
ENSEEEP00000039513	ENSEEEG00000018764	N6AMT1	ENSPKIP00000029656	ENSPKIG00000010822	hemk2
ENSEEEP00000015731	ENSEEEG00000007791	CDO1	ENSPKIP00000040529	ENSPKIG00000017457	cdo1
ENSEEEP00000027005	ENSEEEG00000013043	KCNK6	ENSPKIP00000019501	ENSPKIG00000004645	kcnk6
ENSEEEP00000018211	ENSEEEG00000008951	prrt4b	ENSPKIP00000007601	ENSPKIG00000023436	prrt4b
ENSEEEP00000024180	ENSEEEG00000011729	APOM	ENSPKIP00000016959	ENSPKIG00000003061	ARL15
ENSEEEP00000000536	ENSEEEG00000000333	CAT	ENSPKIP00000031924	ENSPKIG00000012209	cat
ENSEEEP00000027016	ENSEEEG00000013046	BLVRB	ENSPKIP00000019559	ENSPKIG00000004671	blvrb
ENSEEEP00000035153	ENSEEEG00000016727	NPL	ENSPKIP00000036675	ENSPKIG00000015152	npl
ENSEEEP00000014227	ENSEEEG00000007071	si:dkey-30c15.10	ENSPKIP00000003439	ENSPKIG00000020942	anln2
ENSEEEP00000015734	ENSEEEG00000007792	AP3S1	ENSPKIP00000040598	ENSPKIG00000017487	AP3S1
ENSEEEP00000063905	ENSEEEG00000025913	eif4ebp3l	ENSPKIP00000021313	ENSPKIG00000005779	eif4ebp3l
ENSEEEP00000006986	ENSEEEG00000003682		ENSPKIP00000024325	ENSPKIG00000007626	
ENSEEEP00000061370	ENSEEEG00000015154	HACD2	ENSPKIP00000002747	ENSPKIG00000020517	hacd2
ENSEEEP00000035147	ENSEEEG00000016726	sec22bb	ENSPKIP00000036594	ENSPKIG00000015103	sec22bb
ENSEEEP00000053959	ENSEEEG00000026668	or104-1	ENSPKIP00000037758	ENSPKIG00000015806	
ENSEEEP00000012710	ENSEEEG00000006383	MSH4	ENSPKIP00000013846	ENSPKIG00000001123	msh4
ENSEEEP00000016426	ENSEEEG00000008054	THOC7	ENSPKIP00000007504	ENSPKIG00000023365	thoc7
ENSEEEP00000004254	ENSEEEG00000002245	hnrnpaba	ENSPKIP00000026011	ENSPKIG00000008659	hnrnpabb
ENSEEEP00000026462	ENSEEEG00000012800	ptger2a	ENSPKIP00000034440	ENSPKIG00000013768	ptger2a
ENSEEEP00000023067	ENSEEEG00000011176	scp2a	ENSPKIP00000019819	ENSPKIG00000004817	scp2a
ENSEEEP00000015737	ENSEEEG00000007793	COMMD10	ENSPKIP00000040771	ENSPKIG00000017602	COMMD10
ENSEEEP00000025235	ENSEEEG00000012242	CDK9	ENSPKIP00000004073	ENSPKIG00000021317	cdk9
ENSEEEP00000006414	ENSEEEG00000003401	CISD1	ENSPKIP00000010605	ENSPKIG00000025260	cisd1
ENSEEEP00000054444	ENSEEEG00000017365	cyb561	ENSPKIP00000003325	ENSPKIG00000020881	cyb561
ENSEEEP00000004831	ENSEEEG00000028543	or109-4	ENSPKIP00000031969	ENSPKIG00000012238	
ENSEEEP00000024198	ENSEEEG00000011733	fstb	ENSPKIP00000017285	ENSPKIG00000003252	fsta
ENSEEEP00000004347	ENSEEEG00000002250	nme5	ENSPKIP00000025928	ENSPKIG00000008576	nme5
ENSEEEP00000062723	ENSEEEG00000028737		ENSPKIP00000024349	ENSPKIG00000007638	
ENSEEEP00000057992	ENSEEEG00000029113	RWDD2B	ENSPKIP00000016963	ENSPKIG00000003077	rwdd2b
ENSEEEP00000024202	ENSEEEG00000011736	FXYD6	ENSPKIP00000038047	ENSPKIG00000016000	MOCS2
ENSEEEP00000035906	ENSEEEG00000017062	PUS10	ENSPKIP00000021591	ENSPKIG00000005909	pus10
ENSEEEP00000000553	ENSEEEG00000000398	USP16	ENSPKIP00000016997	ENSPKIG00000003094	usp16
ENSEEEP00000024204	ENSEEEG00000011737	MOCS2	ENSPKIP00000038179	ENSPKIG00000016063	MOCS2
ENSEEEP00000011565	ENSEEEG00000005824	HSD17B10	ENSPKIP00000021231	ENSPKIG00000005700	hsd17b10
ENSEEEP00000003002	ENSEEEG00000001675	PGAP1	ENSPKIP00000031618	ENSPKIG00000012027	pgap1
ENSEEEP00000043465	ENSEEEG00000020546	ggctb	ENSPKIP00000018329	ENSPKIG00000003929	ggctb
ENSEEEP00000052735	ENSEEEG00000027592	RTRAF	ENSPKIP00000036677	ENSPKIG00000015146	rtraf
ENSEEEP00000039796	ENSEEEG00000018870	SEC22A	ENSPKIP00000002473	ENSPKIG00000020337	sec22a
ENSEEEP00000012543	ENSEEEG00000006296	MON1A	ENSPKIP00000001081	ENSPKIG00000019496	mon1a
ENSEEEP00000041905	ENSEEEG00000019801	pomca	ENSPKIP00000018612	ENSPKIG00000004128	pomca
ENSEEEP00000055350	ENSEEEG00000006385	KTN1	ENSPKIP00000014043	ENSPKIG00000001256	ktn1
ENSEEEP00000008601	ENSEEEG00000004456	TNFAIP6	ENSPKIP00000003530	ENSPKIG00000020996	tnfaip6
ENSEEEP00000012542	ENSEEEG00000006280	TRAIP	ENSPKIP00000001006	ENSPKIG00000019437	traip
ENSEEEP00000014430	ENSEEEG00000007186	DEDD	ENSPKIP00000008981	ENSPKIG00000024245	dedd
ENSEEEP00000051344	ENSEEEG00000024086	C5	ENSPKIP00000023486	ENSPKIG00000007014	c5
ENSEEEP00000043459	ENSEEEG00000020542	gabpb2b	ENSPKIP00000012453	ENSPKIG00000000245	gabpb2b
ENSEEEP00000029099	ENSEEEG00000013963	PLA2G1B	ENSPKIP00000010483	ENSPKIG00000025187	pla2g1b
ENSEEEP00000043450	ENSEEEG00000020539	HUS1	ENSPKIP00000014645	ENSPKIG00000001641	zgc:162895
ENSEEEP00000008598	ENSEEEG00000004453	RIF1	ENSPKIP00000018877	ENSPKIG00000004267	rif1
ENSEEEP00000054850	ENSEEEG00000029028	eif4ebp1	ENSPKIP00000015355	ENSPKIG00000002110	eif4ebp1
ENSEEEP00000063581	ENSEEEG00000025025	SIKE1	ENSPKIP00000027423	ENSPKIG00000009488	im:6912630
ENSEEEP00000043447	ENSEEEG00000020537	RAMP3	ENSPKIP00000013981	ENSPKIG00000001210	RAMP3
ENSEEEP00000029533	ENSEEEG00000014144	HTR6	ENSPKIP00000027466	ENSPKIG00000009517	
ENSEEEP00000023093	ENSEEEG00000011205	zte38	ENSPKIP00000020175	ENSPKIG00000005051	zte38
ENSEEEP00000028414	ENSEEEG00000013571	SF3B2	ENSPKIP00000039099	ENSPKIG00000016576	sf3b2
ENSEEEP00000043444	ENSEEEG00000020535	DYNC1LI1	ENSPKIP00000014055	ENSPKIG00000001258	ANKS6
ENSEEEP00000023787	ENSEEEG00000011533	AMZ2	ENSPKIP00000025505	ENSPKIG00000008351	AMZ2
ENSEEEP00000029571	ENSEEEG00000014159	TMCO4	ENSPKIP00000027505	ENSPKIG00000009539	tmco4
ENSEEEP00000027144	ENSEEEG00000013018	PARP2	ENSPKIP00000024845	ENSPKIG00000007938	parp2
ENSEEEP00000014913	ENSEEEG00000007426	RNF180	ENSPKIP00000030423	ENSPKIG00000011285	rnf180b
ENSEEEP00000029107	ENSEEEG00000013965	prkab1a	ENSPKIP00000007914	ENSPKIG00000023624	prkab1b
ENSEEEP00000000785	ENSEEEG00000000468	FARSB	ENSPKIP00000022826	ENSPKIG00000006661	farsb
ENSEEEP00000014911	ENSEEEG00000007424	rgs7bpb	ENSPKIP00000040035	ENSPKIG00000017146	rgs7bpa
ENSEEEP00000039776	ENSEEEG00000018531	PDIA5	ENSPKIP00000002359	ENSPKIG00000020279	pdia5
ENSEEEP00000023107	ENSEEEG00000011207	PRDX1	ENSPKIP00000020218	ENSPKIG00000005079	prdx1
ENSEEEP00000017910	ENSEEEG00000008837	GPR75	ENSPKIP00000038033	ENSPKIG00000015985	gpr75
ENSEEEP00000056536	ENSEEEG00000000255	CDK5RAP2	ENSPKIP00000010749	ENSPKIG00000025345	
ENSEEEP00000035129	ENSEEEG00000016715	slc35a3a	ENSPKIP00000023434	ENSPKIG00000007060	slc35a3a
ENSEEEP00000013959	ENSEEEG00000006939	adora1a	ENSPKIP00000013660	ENSPKIG00000001010	adora1b
ENSEEEP00000041911	ENSEEEG00000019806	DNAJC27	ENSPKIP00000021601	ENSPKIG00000005931	DNAJC27
ENSEEEP00000032823	ENSEEEG00000015636	ccl19b	ENSPKIP00000030667	ENSPKIG00000011452	
ENSEEEP00000059355	ENSEEEG00000028926	hykk.1	ENSPKIP00000008396	ENSPKIG00000023907	hykk.1
ENSEEEP00000032827	ENSEEEG00000015638	PIGO	ENSPKIP00000031652	ENSPKIG00000012035	pigo
ENSEEEP00000014872	ENSEEEG00000007260	C6	ENSPKIP00000030312	ENSPKIG00000011218	c6.2
ENSEEEP00000017905	ENSEEEG00000008834	ERLEC1	ENSPKIP00000037945	ENSPKIG00000015930	erlec1
ENSEEEP00000035125	ENSEEEG00000016713	FOXE1	ENSPKIP00000036383	ENSPKIG00000014975	foxe3
ENSEEEP00000018033	ENSEEEG00000008880	zgc:153345	ENSPKIP00000040561	ENSPKIG00000017474	
ENSEEEP00000006875	ENSEEEG00000003626	nmur1a	ENSPKIP00000008477	ENSPKIG00000023945	NMUR1
ENSEEEP00000029576	ENSEEEG00000014170	VWA1	ENSPKIP00000027561	ENSPKIG00000009575	vwa1
ENSEEEP00000035124	ENSEEEG00000016712	FOXD2	ENSPKIP00000036366	ENSPKIG00000014966	FOXD2
ENSEEEP00000012716	ENSEEEG00000006388		ENSPKIP00000014504	ENSPKIG00000001543	tmem260
ENSEEEP00000023812	ENSEEEG00000011549	ARSG	ENSPKIP00000025429	ENSPKIG00000008309	arsg
ENSEEEP00000035927	ENSEEEG00000017085	CCT4	ENSPKIP00000021091	ENSPKIG00000005618	cct4
ENSEEEP00000029579	ENSEEEG00000014171	OTUD3	ENSPKIP00000027590	ENSPKIG00000009590	otud3
ENSEEEP00000019128	ENSEEEG00000009379	si:dkey-24p1.6	ENSPKIP00000027684	ENSPKIG00000009577	si:dkey-24p1.6
ENSEEEP00000032904	ENSEEEG00000015641	STOML2	ENSPKIP00000031563	ENSPKIG00000011990	stoml2
ENSEEEP00000012721	ENSEEEG00000006390	otx2b	ENSPKIP00000014539	ENSPKIG00000001576	otx2b
ENSEEEP00000029585	ENSEEEG00000014173	tmem240a	ENSPKIP00000015479	ENSPKIG00000002190	tmem240a
ENSEEEP00000049648	ENSEEEG00000023353	scospondin	ENSPKIP00000027419	ENSPKIG00000009351	sspo
ENSEEEP00000059010	ENSEEEG00000025712		ENSPKIP00000036232	ENSPKIG00000014868	znf692
ENSEEEP00000026052	ENSEEEG00000012616	RNF17	ENSPKIP00000014658	ENSPKIG00000001648	rnf17
ENSEEEP00000001562	ENSEEEG00000001004	ZBTB39	ENSPKIP00000016313	ENSPKIG00000002690	zbtb39
ENSEEEP00000061846	ENSEEEG00000025670	CCDC148	ENSPKIP00000021139	ENSPKIG00000005663	fam161a
ENSEEEP00000014156	ENSEEEG00000007028	igf3	ENSPKIP00000037607	ENSPKIG00000015720	
ENSEEEP00000036597	ENSEEEG00000017378	sdr42e2	ENSPKIP00000036742	ENSPKIG00000015189	sdr42e2
ENSEEEP00000060913	ENSEEEG00000006405	EXOC5	ENSPKIP00000014623	ENSPKIG00000001619	exoc5
ENSEEEP00000003032	ENSEEEG00000001710	tyw5	ENSPKIP00000031577	ENSPKIG00000012003	tyw5
ENSEEEP00000003037	ENSEEEG00000001720		ENSPKIP00000021020	ENSPKIG00000005587	
ENSEEEP00000021712	ENSEEEG00000010559	sytl2b	ENSPKIP00000016968	ENSPKIG00000003069	sytl2a
ENSEEEP00000052431	ENSEEEG00000024562	si:dkey-182i3.11	ENSPKIP00000022764	ENSPKIG00000006646	
ENSEEEP00000014145	ENSEEEG00000007024	SERPING1	ENSPKIP00000009835	ENSPKIG00000024786	serping1
ENSEEEP00000061223	ENSEEEG00000026862	tmbim4	ENSPKIP00000004877	ENSPKIG00000021788	tmbim4
ENSEEEP00000059716	ENSEEEG00000026671	VSIG10	ENSPKIP00000015017	ENSPKIG00000001869	
ENSEEEP00000036600	ENSEEEG00000017380	cdr2a	ENSPKIP00000024636	ENSPKIG00000007809	cdr2b
ENSEEEP00000051112	ENSEEEG00000024000		ENSPKIP00000031949	ENSPKIG00000012242	
ENSEEEP00000001556	ENSEEEG00000000379	pip4k2ca	ENSPKIP00000016364	ENSPKIG00000002709	pip4k2ca
ENSEEEP00000007033	ENSEEEG00000003357	STIP1	ENSPKIP00000025660	ENSPKIG00000008434	stip1
ENSEEEP00000036612	ENSEEEG00000017383	zgc:171489	ENSPKIP00000036656	ENSPKIG00000015138	mfsd13al
ENSEEEP00000037483	ENSEEEG00000017821	vhll	ENSPKIP00000041964	ENSPKIG00000018315	
ENSEEEP00000043408	ENSEEEG00000020517	PIGM	ENSPKIP00000014952	ENSPKIG00000001831	pigm
ENSEEEP00000026054	ENSEEEG00000012617	CENPJ	ENSPKIP00000032214	ENSPKIG00000012395	cpap
ENSEEEP00000003041	ENSEEEG00000001726		ENSPKIP00000031885	ENSPKIG00000012208	
ENSEEEP00000036619	ENSEEEG00000017390	metrnla	ENSPKIP00000041592	ENSPKIG00000018086	metrnla
ENSEEEP00000043407	ENSEEEG00000020515		ENSPKIP00000014699	ENSPKIG00000001677	zcchc2
ENSEEEP00000037482	ENSEEEG00000017819	WIF1	ENSPKIP00000004824	ENSPKIG00000021753	wif1
ENSEEEP00000003043	ENSEEEG00000001728	EMB	ENSPKIP00000021033	ENSPKIG00000005595	IL10RB
ENSEEEP00000026934	ENSEEEG00000012996	si:ch211-284o19.8	ENSPKIP00000024992	ENSPKIG00000008028	si:ch211-284o19.8
ENSEEEP00000043403	ENSEEEG00000020511		ENSPKIP00000014663	ENSPKIG00000001654	SERPINB8
ENSEEEP00000003046	ENSEEEG00000001729	IL10RB	ENSPKIP00000021056	ENSPKIG00000005609	
ENSEEEP00000026840	ENSEEEG00000012954	bcl2l16	ENSPKIP00000009073	ENSPKIG00000024322	bcl2l16
ENSEEEP00000000794	ENSEEEG00000000542	SGPP2	ENSPKIP00000028527	ENSPKIG00000010148	SGPP2
ENSEEEP00000035612	ENSEEEG00000016961	AP5M1	ENSPKIP00000014686	ENSPKIG00000001673	ap5m1
ENSEEEP00000023824	ENSEEEG00000011559	STX4	ENSPKIP00000018668	ENSPKIG00000004146	stx4
ENSEEEP00000039668	ENSEEEG00000018820	CYYR1	ENSPKIP00000029501	ENSPKIG00000010721	cyyr1
ENSEEEP00000057808	ENSEEEG00000028615	1700015E13Rik	ENSPKIP00000018211	ENSPKIG00000003866	
ENSEEEP00000052425	ENSEEEG00000024558	ppp1r14ab	ENSPKIP00000022478	ENSPKIG00000006456	ppp1r14ab
ENSEEEP00000009906	ENSEEEG00000005038	FAAH	ENSPKIP00000038421	ENSPKIG00000016208	faah
ENSEEEP00000014138	ENSEEEG00000007023	doc2d	ENSPKIP00000009817	ENSPKIG00000024775	doc2g
ENSEEEP00000000804	ENSEEEG00000000548	RNF228	ENSPKIP00000028504	ENSPKIG00000010136	RNF228
ENSEEEP00000019328	ENSEEEG00000009467	TMEM186	ENSPKIP00000002533	ENSPKIG00000020395	tmem186
ENSEEEP00000035609	ENSEEEG00000016960	NAA30	ENSPKIP00000014717	ENSPKIG00000001688	naa30
ENSEEEP00000063185	ENSEEEG00000020899	SCARB1	ENSPKIP00000027555	ENSPKIG00000009570	scarb1
ENSEEEP00000038255	ENSEEEG00000017425	TBCD	ENSPKIP00000041458	ENSPKIG00000017938	tbcd
ENSEEEP00000052424	ENSEEEG00000024557	SPINT2	ENSPKIP00000022419	ENSPKIG00000006432	spint2
ENSEEEP00000035606	ENSEEEG00000016958	SLC35F4	ENSPKIP00000014743	ENSPKIG00000001699	slc35f4
ENSEEEP00000006880	ENSEEEG00000003635	kcnh5b	ENSPKIP00000006266	ENSPKIG00000022615	
ENSEEEP00000003056	ENSEEEG00000001733	il1rl1	ENSPKIP00000000138	ENSPKIG00000018896	IL1RL1
ENSEEEP00000052423	ENSEEEG00000024556	PLEKHG2	ENSPKIP00000022336	ENSPKIG00000006379	plekhg2
ENSEEEP00000022020	ENSEEEG00000010693	cldn5a	ENSPKIP00000009484	ENSPKIG00000024581	cldn5a
ENSEEEP00000049000	ENSEEEG00000023028	SPATA5L1	ENSPKIP00000001834	ENSPKIG00000019971	afg2b
ENSEEEP00000023827	ENSEEEG00000011561	CALCOCO2	ENSPKIP00000007466	ENSPKIG00000023341	
ENSEEEP00000026916	ENSEEEG00000012993	zgc:66427	ENSPKIP00000025266	ENSPKIG00000008203	zgc:66427
ENSEEEP00000026988	ENSEEEG00000012960	FGF17	ENSPKIP00000010096	ENSPKIG00000024947	fgf17
ENSEEEP00000019312	ENSEEEG00000009459	si:dkey-44g23.5	ENSPKIP00000010218	ENSPKIG00000025021	mcrip2
ENSEEEP00000048999	ENSEEEG00000023027	C15orf48	ENSPKIP00000001812	ENSPKIG00000019958	zgc:153317
ENSEEEP00000017890	ENSEEEG00000008831	RHOH	ENSPKIP00000020069	ENSPKIG00000004992	rhoh
ENSEEEP00000020935	ENSEEEG00000010208	MANF	ENSPKIP00000028594	ENSPKIG00000010172	manf
ENSEEEP00000037470	ENSEEEG00000017804	LEMD3	ENSPKIP00000004744	ENSPKIG00000021723	lemd3
ENSEEEP00000035605	ENSEEEG00000016957	pgfb	ENSPKIP00000014899	ENSPKIG00000001806	pgfb
ENSEEEP00000021921	ENSEEEG00000010633	CDC45	ENSPKIP00000009442	ENSPKIG00000024546	cdc45
ENSEEEP00000020936	ENSEEEG00000010209	rbm15b	ENSPKIP00000028651	ENSPKIG00000010201	rbm15b
ENSEEEP00000017888	ENSEEEG00000008830	N4BP2	ENSPKIP00000020020	ENSPKIG00000004940	n4bp2
ENSEEEP00000032237	ENSEEEG00000015377	reep3b	ENSPKIP00000014000	ENSPKIG00000001191	REEP3
ENSEEEP00000024342	ENSEEEG00000011801	vsig8a	ENSPKIP00000000903	ENSPKIG00000019377	
ENSEEEP00000058471	ENSEEEG00000026460	il1rl2	ENSPKIP00000015057	ENSPKIG00000001894	
ENSEEEP00000019307	ENSEEEG00000009456		ENSPKIP00000010201	ENSPKIG00000025014	slx4
ENSEEEP00000006482	ENSEEEG00000003433	GALM	ENSPKIP00000006428	ENSPKIG00000022715	galm
ENSEEEP00000053935	ENSEEEG00000025854	cipca	ENSPKIP00000014923	ENSPKIG00000001821	cipca
ENSEEEP00000011530	ENSEEEG00000005811	slc52a2	ENSPKIP00000037178	ENSPKIG00000015457	slc52a2
ENSEEEP00000032233	ENSEEEG00000015370	CYP26A1	ENSPKIP00000014028	ENSPKIG00000001238	cyp26a1
ENSEEEP00000048992	ENSEEEG00000023021	BLOC1S6	ENSPKIP00000000383	ENSPKIG00000019017	bloc1s6
ENSEEEP00000011531	ENSEEEG00000005812	zgc:109744	ENSPKIP00000037111	ENSPKIG00000015429	zgc:109744
ENSEEEP00000035600	ENSEEEG00000016955	ZDHHC22	ENSPKIP00000014942	ENSPKIG00000001828	zdhhc22
ENSEEEP00000023836	ENSEEEG00000011564	SNF8	ENSPKIP00000007345	ENSPKIG00000023268	snf8
ENSEEEP00000026884	ENSEEEG00000012980	apol1	ENSPKIP00000025797	ENSPKIG00000008522	apol1
ENSEEEP00000011534	ENSEEEG00000005814		ENSPKIP00000037090	ENSPKIG00000015407	
ENSEEEP00000054129	ENSEEEG00000025093	tctex1d2	ENSPKIP00000006460	ENSPKIG00000022729	dynlt2b
ENSEEEP00000003061	ENSEEEG00000001737	zmp:0000000936	ENSPKIP00000000267	ENSPKIG00000018986	IL1R1
ENSEEEP00000024346	ENSEEEG00000011804	si:ch211-127i16.2	ENSPKIP00000000929	ENSPKIG00000019405	si:ch211-127i16.2
ENSEEEP00000034318	ENSEEEG00000016339	CLIC4	ENSPKIP00000010028	ENSPKIG00000024893	clic3
ENSEEEP00000023757	ENSEEEG00000011508	gng5	ENSPKIP00000016639	ENSPKIG00000002879	gng5
ENSEEEP00000044228	ENSEEEG00000020895	TPST2	ENSPKIP00000027660	ENSPKIG00000009621	tpst2
ENSEEEP00000006885	ENSEEEG00000003637	PFN2	ENSPKIP00000008612	ENSPKIG00000024034	pfn2b
ENSEEEP00000020942	ENSEEEG00000010213	NICN1	ENSPKIP00000028824	ENSPKIG00000010313	nicn1
ENSEEEP00000014121	ENSEEEG00000007014	B3GNT3	ENSPKIP00000025208	ENSPKIG00000008170	b3gnt3.4
ENSEEEP00000048984	ENSEEEG00000023020	mibp2	ENSPKIP00000000524	ENSPKIG00000019148	mibp2
ENSEEEP00000055578	ENSEEEG00000028928	FUT7	ENSPKIP00000010086	ENSPKIG00000024936	FUT7
ENSEEEP00000023840	ENSEEEG00000011571	msl1b	ENSPKIP00000007233	ENSPKIG00000023211	msl1b
ENSEEEP00000003090	ENSEEEG00000001739		ENSPKIP00000000425	ENSPKIG00000019089	
ENSEEEP00000034311	ENSEEEG00000016337	pou5f3	ENSPKIP00000035235	ENSPKIG00000014267	pou5f3
ENSEEEP00000023873	ENSEEEG00000011583	CHMP2A	ENSPKIP00000025198	ENSPKIG00000008158	chmp2a
ENSEEEP00000022977	ENSEEEG00000011152	SLC29A2	ENSPKIP00000001436	ENSPKIG00000019738	slc29a2
ENSEEEP00000035597	ENSEEEG00000016953	NGB	ENSPKIP00000015133	ENSPKIG00000001955	ngb
ENSEEEP00000023768	ENSEEEG00000011518	otol1a	ENSPKIP00000003474	ENSPKIG00000020962	otol1a
ENSEEEP00000023875	ENSEEEG00000011586	fbrs	ENSPKIP00000027445	ENSPKIG00000009503	fbrs
ENSEEEP00000009809	ENSEEEG00000004993	PPIG	ENSPKIP00000000877	ENSPKIG00000019384	ppig
ENSEEEP00000035595	ENSEEEG00000016950	FAM161B	ENSPKIP00000015266	ENSPKIG00000002047	fam161b
ENSEEEP00000060348	ENSEEEG00000028727	rcn1	ENSPKIP00000007712	ENSPKIG00000023500	rcn1
ENSEEEP00000009799	ENSEEEG00000004987	PHOSPHO2	ENSPKIP00000017792	ENSPKIG00000003569	phospho2
ENSEEEP00000009794	ENSEEEG00000004982	SSB	ENSPKIP00000000801	ENSPKIG00000019325	ssb
ENSEEEP00000023877	ENSEEEG00000011589	DNAI7	ENSPKIP00000018839	ENSPKIG00000004220	srcap
ENSEEEP00000060514	ENSEEEG00000012879	msh5	ENSPKIP00000033002	ENSPKIG00000012880	msh5
ENSEEEP00000062934	ENSEEEG00000026216	tmem230a	ENSPKIP00000008434	ENSPKIG00000023927	tmem230b
ENSEEEP00000024980	ENSEEEG00000012114		ENSPKIP00000037112	ENSPKIG00000015424	
ENSEEEP00000034304	ENSEEEG00000016336	npdc1a	ENSPKIP00000010168	ENSPKIG00000024991	npdc1b
ENSEEEP00000058518	ENSEEEG00000026451	AKTIP	ENSPKIP00000004790	ENSPKIG00000021744	aktip
ENSEEEP00000062628	ENSEEEG00000027449	PDYN	ENSPKIP00000031016	ENSPKIG00000011685	pdyn
ENSEEEP00000052413	ENSEEEG00000024554	SUPT5H	ENSPKIP00000022196	ENSPKIG00000006261	supt5h
ENSEEEP00000004468	ENSEEEG00000002321	il12ba	ENSPKIP00000015443	ENSPKIG00000002145	IL12B
ENSEEEP00000023776	ENSEEEG00000011524	selenot1a	ENSPKIP00000035882	ENSPKIG00000014644	selenot1a
ENSEEEP00000058368	ENSEEEG00000025851	CD164	ENSPKIP00000035902	ENSPKIG00000014670	
ENSEEEP00000060447	ENSEEEG00000025407		ENSPKIP00000030755	ENSPKIG00000011502	
ENSEEEP00000030788	ENSEEEG00000014732	CA6	ENSPKIP00000033304	ENSPKIG00000013073	ca6
ENSEEEP00000024994	ENSEEEG00000012121	GMEB2	ENSPKIP00000021806	ENSPKIG00000006063	gmeb2
ENSEEEP00000041190	ENSEEEG00000019492	CTXN3	ENSPKIP00000035614	ENSPKIG00000014506	ctxn3
ENSEEEP00000056259	ENSEEEG00000013033		ENSPKIP00000008757	ENSPKIG00000024114	adgrd2
ENSEEEP00000047309	ENSEEEG00000022270	MAG	ENSPKIP00000020822	ENSPKIG00000005471	
ENSEEEP00000033026	ENSEEEG00000015726	PRRC1	ENSPKIP00000035565	ENSPKIG00000014479	prrc1
ENSEEEP00000009783	ENSEEEG00000004978	erich2	ENSPKIP00000022708	ENSPKIG00000006610	
ENSEEEP00000035582	ENSEEEG00000016898	COQ6	ENSPKIP00000015323	ENSPKIG00000002072	COQ6
ENSEEEP00000018658	ENSEEEG00000009168	FBXO10	ENSPKIP00000032856	ENSPKIG00000012742	fbxo10
ENSEEEP00000044221	ENSEEEG00000020889	npm2b	ENSPKIP00000027787	ENSPKIG00000009700	npm2b
ENSEEEP00000000066	ENSEEEG00000000036	igfbp6b	ENSPKIP00000016450	ENSPKIG00000002747	igfbp6a
ENSEEEP00000057169	ENSEEEG00000006672	myl10	ENSPKIP00000035211	ENSPKIG00000014253	myl10
ENSEEEP00000045847	ENSEEEG00000021607	C9orf72	ENSPKIP00000015013	ENSPKIG00000001859	zgc:100846
ENSEEEP00000002167	ENSEEEG00000001325	RAB38	ENSPKIP00000007476	ENSPKIG00000023351	RAB38
ENSEEEP00000043247	ENSEEEG00000020407	SPRYD3	ENSPKIP00000021363	ENSPKIG00000005793	spryd3
ENSEEEP00000023788	ENSEEEG00000011535		ENSPKIP00000023266	ENSPKIG00000006953	IL12A
ENSEEEP00000061497	ENSEEEG00000028201	CTSC	ENSPKIP00000007456	ENSPKIG00000023330	ctsc
ENSEEEP00000037437	ENSEEEG00000017802	MSRB3	ENSPKIP00000004718	ENSPKIG00000021710	msrb3
ENSEEEP00000032956	ENSEEEG00000015691	RNF208	ENSPKIP00000005972	ENSPKIG00000022439	RNF208
ENSEEEP00000055811	ENSEEEG00000010826	FBXO38	ENSPKIP00000002677	ENSPKIG00000020462	fbxo38
ENSEEEP00000023791	ENSEEEG00000011539	TXNDC12	ENSPKIP00000026473	ENSPKIG00000008934	txndc12
ENSEEEP00000018662	ENSEEEG00000009178	POLR1E	ENSPKIP00000017782	ENSPKIG00000003562	polr1e
ENSEEEP00000037429	ENSEEEG00000017800	HMGA2	ENSPKIP00000004690	ENSPKIG00000021690	hmga2
ENSEEEP00000008463	ENSEEEG00000003661	NPEPPS	ENSPKIP00000024717	ENSPKIG00000007832	npepps
ENSEEEP00000043198	ENSEEEG00000020400	zgc:174906	ENSPKIP00000016614	ENSPKIG00000002862	
ENSEEEP00000023792	ENSEEEG00000011540	GIPC2	ENSPKIP00000026533	ENSPKIG00000008980	gipc2
ENSEEEP00000018664	ENSEEEG00000009180	TMEM192	ENSPKIP00000001596	ENSPKIG00000019831	tmem192
ENSEEEP00000021486	ENSEEEG00000010184	ufd1l	ENSPKIP00000009397	ENSPKIG00000024516	ufd1l
ENSEEEP00000023793	ENSEEEG00000011542	DNAJB4	ENSPKIP00000026582	ENSPKIG00000009008	dnajb4
ENSEEEP00000018667	ENSEEEG00000009181	apela	ENSPKIP00000001570	ENSPKIG00000019815	
ENSEEEP00000024454	ENSEEEG00000011860	BRAT1	ENSPKIP00000031032	ENSPKIG00000011698	brat1
ENSEEEP00000047300	ENSEEEG00000022264	MYMK	ENSPKIP00000020984	ENSPKIG00000005555	mymk
ENSEEEP00000037424	ENSEEEG00000017796	IRAK3	ENSPKIP00000011873	ENSPKIG00000018360	irak3
ENSEEEP00000019508	ENSEEEG00000009568	hnrnpc	ENSPKIP00000025924	ENSPKIG00000008592	hnrnpc
ENSEEEP00000027027	ENSEEEG00000013045	nr6a1a	ENSPKIP00000008703	ENSPKIG00000024074	nr6a1a
ENSEEEP00000054715	ENSEEEG00000028846		ENSPKIP00000029153	ENSPKIG00000010511	dnajc30b
ENSEEEP00000044961	ENSEEEG00000021219	KCTD7	ENSPKIP00000034486	ENSPKIG00000013797	kctd7
ENSEEEP00000027318	ENSEEEG00000013176		ENSPKIP00000011385	ENSPKIG00000018495	
ENSEEEP00000008902	ENSEEEG00000004597	si:zfos-1192g2.3	ENSPKIP00000028292	ENSPKIG00000009997	malsu1
ENSEEEP00000019504	ENSEEEG00000009555	cbln5	ENSPKIP00000003229	ENSPKIG00000020822	
ENSEEEP00000023921	ENSEEEG00000011611	SKAP1	ENSPKIP00000012828	ENSPKIG00000000481	skap1
ENSEEEP00000037422	ENSEEEG00000017794	HELB	ENSPKIP00000004968	ENSPKIG00000021837	helb
ENSEEEP00000045811	ENSEEEG00000021596	FAM241A	ENSPKIP00000007978	ENSPKIG00000023664	fam241a
ENSEEEP00000058273	ENSEEEG00000028392	FN3KRP	ENSPKIP00000041260	ENSPKIG00000017883	fn3krp
ENSEEEP00000043176	ENSEEEG00000020386	COPZ1	ENSPKIP00000022002	ENSPKIG00000006185	copz1
ENSEEEP00000056981	ENSEEEG00000028215	il2rga	ENSPKIP00000003517	ENSPKIG00000020994	il2rgb
ENSEEEP00000024451	ENSEEEG00000011843	kpnb3	ENSPKIP00000021244	ENSPKIG00000005687	kpnb3
ENSEEEP00000006044	ENSEEEG00000003219	RABGGTA	ENSPKIP00000036168	ENSPKIG00000014831	rabggta
ENSEEEP00000023899	ENSEEEG00000011546	COPE	ENSPKIP00000013067	ENSPKIG00000000623	cope
ENSEEEP00000047279	ENSEEEG00000022252	SLC2A8	ENSPKIP00000021035	ENSPKIG00000005575	SLC2A8
ENSEEEP00000020983	ENSEEEG00000010227	RNF123	ENSPKIP00000029079	ENSPKIG00000010414	rnf123
ENSEEEP00000023931	ENSEEEG00000011614	PSME3	ENSPKIP00000014782	ENSPKIG00000001731	psme3
ENSEEEP00000057131	ENSEEEG00000024905	NFE2	ENSPKIP00000016843	ENSPKIG00000002997	nfe2
ENSEEEP00000044218	ENSEEEG00000020891	THEMIS2	ENSPKIP00000018983	ENSPKIG00000004339	themis2
ENSEEEP00000047277	ENSEEEG00000022250	LCN15	ENSPKIP00000003878	ENSPKIG00000021204	ptgdsa
ENSEEEP00000055309	ENSEEEG00000024818	fto	ENSPKIP00000010808	ENSPKIG00000025376	fto
ENSEEEP00000043157	ENSEEEG00000020377	hnrnpa1a	ENSPKIP00000016891	ENSPKIG00000003028	hnrnpa1b
ENSEEEP00000062070	ENSEEEG00000017138	USP34	ENSPKIP00000021459	ENSPKIG00000005774	usp34
ENSEEEP00000062568	ENSEEEG00000002142	GRK3	ENSPKIP00000028136	ENSPKIG00000009838	grk3
ENSEEEP00000044948	ENSEEEG00000021211	TRIM37	ENSPKIP00000034264	ENSPKIG00000013661	trim37
ENSEEEP00000022716	ENSEEEG00000010851	CSNK1A1	ENSPKIP00000002553	ENSPKIG00000020391	csnk1a1
ENSEEEP00000024615	ENSEEEG00000011918	GGH	ENSPKIP00000015109	ENSPKIG00000001939	
ENSEEEP00000037414	ENSEEEG00000017787	DERA	ENSPKIP00000004659	ENSPKIG00000021666	dera
ENSEEEP00000059106	ENSEEEG00000028519	CBX5	ENSPKIP00000016949	ENSPKIG00000003062	cbx5
ENSEEEP00000012885	ENSEEEG00000006476		ENSPKIP00000012664	ENSPKIG00000000387	
ENSEEEP00000033193	ENSEEEG00000015779	METAP1	ENSPKIP00000012555	ENSPKIG00000000301	metap1
ENSEEEP00000044225	ENSEEEG00000020892	RPA2	ENSPKIP00000019085	ENSPKIG00000004392	rpa2
ENSEEEP00000012887	ENSEEEG00000006477	mfsd4ab	ENSPKIP00000012650	ENSPKIG00000000378	slc60a1a
ENSEEEP00000010491	ENSEEEG00000005310	irx6a	ENSPKIP00000004712	ENSPKIG00000021704	irx6a
ENSEEEP00000004840	ENSEEEG00000002461	prkag1	ENSPKIP00000024775	ENSPKIG00000007879	prkag1
ENSEEEP00000033038	ENSEEEG00000015720	depdc5	ENSPKIP00000005334	ENSPKIG00000022014	depdc5
ENSEEEP00000056567	ENSEEEG00000027769	prss59.1	ENSPKIP00000008648	ENSPKIG00000023750	
ENSEEEP00000003927	ENSEEEG00000002100		ENSPKIP00000013997	ENSPKIG00000001214	
ENSEEEP00000023938	ENSEEEG00000011619	nbr1a	ENSPKIP00000014716	ENSPKIG00000001662	nbr1a
ENSEEEP00000060319	ENSEEEG00000015716	c17h5orf63	ENSPKIP00000035265	ENSPKIG00000014291	si:dkey-184a18.5
ENSEEEP00000007561	ENSEEEG00000003948	KANK3	ENSPKIP00000024976	ENSPKIG00000008016	kank3
ENSEEEP00000035552	ENSEEEG00000016936	LSM11	ENSPKIP00000015799	ENSPKIG00000002386	lsm11
ENSEEEP00000022769	ENSEEEG00000011040	SIL1	ENSPKIP00000002453	ENSPKIG00000020342	sil1
ENSEEEP00000023942	ENSEEEG00000011624	TMEM106A	ENSPKIP00000014598	ENSPKIG00000001622	tmem106a
ENSEEEP00000044229	ENSEEEG00000020896	SMPDL3B	ENSPKIP00000019151	ENSPKIG00000004430	smpdl3b
ENSEEEP00000064201	ENSEEEG00000002232	PPM1E	ENSPKIP00000034175	ENSPKIG00000013604	ppm1e
ENSEEEP00000061524	ENSEEEG00000026157	kat5b	ENSPKIP00000000915	ENSPKIG00000019383	kat5a
ENSEEEP00000007563	ENSEEEG00000003951	ndufa7	ENSPKIP00000025105	ENSPKIG00000008085	ndufa7
ENSEEEP00000035550	ENSEEEG00000016935	ZBTB3	ENSPKIP00000025418	ENSPKIG00000008304	zbtb3
ENSEEEP00000022774	ENSEEEG00000011043	ATOH8	ENSPKIP00000020696	ENSPKIG00000005372	atoh8
ENSEEEP00000035549	ENSEEEG00000016934	RNASEH2C	ENSPKIP00000000800	ENSPKIG00000019331	rnaseh2c
ENSEEEP00000023945	ENSEEEG00000011628	DUSP3	ENSPKIP00000014446	ENSPKIG00000001501	dusp3a
ENSEEEP00000043135	ENSEEEG00000020368	hoxc4a	ENSPKIP00000017012	ENSPKIG00000003102	hoxc4a
ENSEEEP00000022775	ENSEEEG00000011044	TMEM129	ENSPKIP00000021837	ENSPKIG00000006074	tmem129
ENSEEEP00000035546	ENSEEEG00000016933	TRMT12	ENSPKIP00000019515	ENSPKIG00000004640	tyw2
ENSEEEP00000012909	ENSEEEG00000006484	pm20d1.2	ENSPKIP00000031101	ENSPKIG00000011727	pm20d1.2
ENSEEEP00000043130	ENSEEEG00000020367	hoxc5a	ENSPKIP00000022314	ENSPKIG00000006374	HOXC5
ENSEEEP00000037408	ENSEEEG00000017786	mgst1.2	ENSPKIP00000004574	ENSPKIG00000021627	mgst1.1
ENSEEEP00000023948	ENSEEEG00000011630	SOST	ENSPKIP00000014408	ENSPKIG00000001485	sost
ENSEEEP00000022777	ENSEEEG00000011045	RELL2	ENSPKIP00000003002	ENSPKIG00000020688	rell2
ENSEEEP00000033006	ENSEEEG00000015714	MARCHF3	ENSPKIP00000035229	ENSPKIG00000014266	MARCHF3
ENSEEEP00000043129	ENSEEEG00000020364	hoxc6a	ENSPKIP00000022290	ENSPKIG00000006360	hoxc6a
ENSEEEP00000032095	ENSEEEG00000015309		ENSPKIP00000028070	ENSPKIG00000009874	
ENSEEEP00000035543	ENSEEEG00000016932	SYTL4	ENSPKIP00000019682	ENSPKIG00000004712	sytl4
ENSEEEP00000057186	ENSEEEG00000012934	mmp13b	ENSPKIP00000033103	ENSPKIG00000012933	mmp13b
ENSEEEP00000002432	ENSEEEG00000001384	NOX4	ENSPKIP00000007157	ENSPKIG00000023153	
ENSEEEP00000043121	ENSEEEG00000020360	hoxc8a	ENSPKIP00000017112	ENSPKIG00000003163	hoxc8a
ENSEEEP00000004238	ENSEEEG00000002237	RAD51C	ENSPKIP00000034101	ENSPKIG00000013565	rad51c
ENSEEEP00000051192	ENSEEEG00000024027	MECR	ENSPKIP00000019217	ENSPKIG00000004463	mecr
ENSEEEP00000035493	ENSEEEG00000016892	SLC5A5	ENSPKIP00000025406	ENSPKIG00000008285	slc5a5
ENSEEEP00000043114	ENSEEEG00000020358	hoxc9a	ENSPKIP00000022396	ENSPKIG00000006420	HOXC9
ENSEEEP00000054993	ENSEEEG00000027529		ENSPKIP00000019693	ENSPKIG00000004762	
ENSEEEP00000001593	ENSEEEG00000001017	cxcl11.1	ENSPKIP00000016526	ENSPKIG00000002816	
ENSEEEP00000032090	ENSEEEG00000015300	TUBGCP2	ENSPKIP00000012686	ENSPKIG00000000389	tubgcp2
ENSEEEP00000035538	ENSEEEG00000016929	tspan7	ENSPKIP00000019914	ENSPKIG00000004885	tspan6
ENSEEEP00000043113	ENSEEEG00000020354	hoxc10a	ENSPKIP00000017246	ENSPKIG00000003221	hoxc10a
ENSEEEP00000019467	ENSEEEG00000009544	RNF32	ENSPKIP00000021518	ENSPKIG00000005880	rnf32
ENSEEEP00000028962	ENSEEEG00000013894	ATG101	ENSPKIP00000003047	ENSPKIG00000020716	atg101
ENSEEEP00000043274	ENSEEEG00000020440	MRPL17	ENSPKIP00000004083	ENSPKIG00000021330	mrpl17
ENSEEEP00000006683	ENSEEEG00000003543		ENSPKIP00000025621	ENSPKIG00000008430	
ENSEEEP00000006075	ENSEEEG00000003244	EPM2A	ENSPKIP00000034375	ENSPKIG00000013734	epm2a
ENSEEEP00000058688	ENSEEEG00000024821	ZBTB21	ENSPKIP00000003071	ENSPKIG00000020728	ZBTB21
ENSEEEP00000052874	ENSEEEG00000017775	LMO3	ENSPKIP00000004548	ENSPKIG00000021600	lmo3
ENSEEEP00000061733	ENSEEEG00000028081	hoxc12a	ENSPKIP00000017315	ENSPKIG00000003281	hoxc12a
ENSEEEP00000053953	ENSEEEG00000026814	ACYP2	ENSPKIP00000025599	ENSPKIG00000008416	ACYP2
ENSEEEP00000036001	ENSEEEG00000017128	CDC6	ENSPKIP00000007100	ENSPKIG00000023131	cdc6
ENSEEEP00000035527	ENSEEEG00000016914	CSTF2	ENSPKIP00000020189	ENSPKIG00000005033	cstf2
ENSEEEP00000023934	ENSEEEG00000011617	st6galnac3	ENSPKIP00000027675	ENSPKIG00000009626	st6galnac3
ENSEEEP00000057865	ENSEEEG00000029034	ANKRD34A	ENSPKIP00000003806	ENSPKIG00000021152	
ENSEEEP00000043269	ENSEEEG00000020438	TMEM145	ENSPKIP00000004053	ENSPKIG00000021311	tmem145
ENSEEEP00000032124	ENSEEEG00000015325	polr3glb	ENSPKIP00000033406	ENSPKIG00000013127	
ENSEEEP00000023935	ENSEEEG00000011618	st6galnac5a	ENSPKIP00000027622	ENSPKIG00000009591	st6galnac5a
ENSEEEP00000056907	ENSEEEG00000025488	calcoco1a	ENSPKIP00000017435	ENSPKIG00000003333	calcoco1a
ENSEEEP00000035444	ENSEEEG00000016880	BBOF1	ENSPKIP00000015385	ENSPKIG00000002128	bbof1b
ENSEEEP00000061868	ENSEEEG00000026198		ENSPKIP00000003096	ENSPKIG00000020739	
ENSEEEP00000028960	ENSEEEG00000013892	CD200R1L	ENSPKIP00000003122	ENSPKIG00000020754	
ENSEEEP00000023946	ENSEEEG00000011623	PIGK	ENSPKIP00000027544	ENSPKIG00000009549	pigk
ENSEEEP00000053470	ENSEEEG00000027422	TNFSF10	ENSPKIP00000011608	ENSPKIG00000018621	tnfsf10
ENSEEEP00000046188	ENSEEEG00000021756	LPCAT2	ENSPKIP00000004616	ENSPKIG00000021649	lpcat2
ENSEEEP00000032131	ENSEEEG00000015328	HJV	ENSPKIP00000033551	ENSPKIG00000013220	hjv
ENSEEEP00000024568	ENSEEEG00000011916	RNF122	ENSPKIP00000015227	ENSPKIG00000002009	rnf122
ENSEEEP00000035437	ENSEEEG00000016870	ALDH6A1	ENSPKIP00000015437	ENSPKIG00000002153	ALDH6A1
ENSEEEP00000008193	ENSEEEG00000004274	zgc:112083	ENSPKIP00000032488	ENSPKIG00000012562	zgc:112083
ENSEEEP00000009376	ENSEEEG00000004783	GLRX3	ENSPKIP00000041234	ENSPKIG00000017860	glrx3
ENSEEEP00000028958	ENSEEEG00000013891	map6a	ENSPKIP00000034091	ENSPKIG00000013564	map6a
ENSEEEP00000034535	ENSEEEG00000016429	ACER1	ENSPKIP00000035661	ENSPKIG00000014515	ACER1
ENSEEEP00000019456	ENSEEEG00000009538	CREB5	ENSPKIP00000003426	ENSPKIG00000020938	rbm33a
ENSEEEP00000060692	ENSEEEG00000025852	PHAX	ENSPKIP00000035048	ENSPKIG00000014146	phax
ENSEEEP00000037383	ENSEEEG00000017773	ARHGEF39	ENSPKIP00000004479	ENSPKIG00000021544	arhgef39
ENSEEEP00000026816	ENSEEEG00000012938	n4bp2l2	ENSPKIP00000013774	ENSPKIG00000001068	n4bp2l2
ENSEEEP00000039178	ENSEEEG00000018617	NKAIN1	ENSPKIP00000029440	ENSPKIG00000010673	nkain1
ENSEEEP00000027649	ENSEEEG00000013319	SAV1	ENSPKIP00000026173	ENSPKIG00000008761	sav1
ENSEEEP00000028928	ENSEEEG00000013843	MOGAT2	ENSPKIP00000034119	ENSPKIG00000013578	mogat2
ENSEEEP00000027558	ENSEEEG00000013283	AGTRAP	ENSPKIP00000019112	ENSPKIG00000004417	agtrap
ENSEEEP00000001476	ENSEEEG00000000955	MRPL1	ENSPKIP00000000751	ENSPKIG00000019299	mrpl1
ENSEEEP00000035464	ENSEEEG00000016890	CCDC124	ENSPKIP00000025465	ENSPKIG00000008316	ccdc124
ENSEEEP00000027557	ENSEEEG00000013282	DRAXIN	ENSPKIP00000030184	ENSPKIG00000011138	draxinb
ENSEEEP00000037380	ENSEEEG00000017769	rergla	ENSPKIP00000012741	ENSPKIG00000000440	rergla
ENSEEEP00000056710	ENSEEEG00000025199	SLC31A2	ENSPKIP00000034988	ENSPKIG00000014118	slc31a2
ENSEEEP00000039229	ENSEEEG00000018626	SNRNP40	ENSPKIP00000029490	ENSPKIG00000010709	snrnp40
ENSEEEP00000009386	ENSEEEG00000004800	TCERG1L	ENSPKIP00000041135	ENSPKIG00000017805	tcerg1l
ENSEEEP00000035508	ENSEEEG00000016906	XKRX	ENSPKIP00000020328	ENSPKIG00000005149	xkrx
ENSEEEP00000037364	ENSEEEG00000017762	IL17RA	ENSPKIP00000041779	ENSPKIG00000018191	
ENSEEEP00000019445	ENSEEEG00000009530	INSIG1	ENSPKIP00000033094	ENSPKIG00000012927	insig1
ENSEEEP00000035410	ENSEEEG00000016867	GSTZ1	ENSPKIP00000015482	ENSPKIG00000002197	gstz1
ENSEEEP00000029506	ENSEEEG00000014083	CTTN	ENSPKIP00000041544	ENSPKIG00000018059	cttn
ENSEEEP00000027555	ENSEEEG00000013280	PANK4	ENSPKIP00000035832	ENSPKIG00000014574	pank4
ENSEEEP00000007792	ENSEEEG00000004077	her3	ENSPKIP00000032142	ENSPKIG00000012352	her3
ENSEEEP00000062148	ENSEEEG00000017755	MKRN1	ENSPKIP00000012692	ENSPKIG00000000407	mkrn1
ENSEEEP00000035505	ENSEEEG00000016905	arl13a	ENSPKIP00000034109	ENSPKIG00000013558	arl13a
ENSEEEP00000035404	ENSEEEG00000016865	zgc:163014	ENSPKIP00000015549	ENSPKIG00000002229	zgc:163014
ENSEEEP00000031050	ENSEEEG00000014865	TTC19	ENSPKIP00000025702	ENSPKIG00000008469	ttc19
ENSEEEP00000033059	ENSEEEG00000015734	RAB36	ENSPKIP00000005218	ENSPKIG00000021975	rab36
ENSEEEP00000019429	ENSEEEG00000009508	RO60	ENSPKIP00000041819	ENSPKIG00000018217	ro60
ENSEEEP00000032263	ENSEEEG00000015382		ENSPKIP00000032974	ENSPKIG00000012790	
ENSEEEP00000002848	ENSEEEG00000001437	naalad2	ENSPKIP00000007280	ENSPKIG00000023233	naalad2
ENSEEEP00000053521	ENSEEEG00000027346	TMED8	ENSPKIP00000015589	ENSPKIG00000002255	tmed8
ENSEEEP00000004001	ENSEEEG00000002143	CRYBA4	ENSPKIP00000035857	ENSPKIG00000014643	cryba4
ENSEEEP00000007803	ENSEEEG00000004085	ACOT7	ENSPKIP00000033858	ENSPKIG00000013344	acot7
ENSEEEP00000032883	ENSEEEG00000015619	ALDH7A1	ENSPKIP00000034991	ENSPKIG00000014073	aldh7a1
ENSEEEP00000008639	ENSEEEG00000004483	ZRSR2	ENSPKIP00000033893	ENSPKIG00000013433	zrsr2
ENSEEEP00000038946	ENSEEEG00000018477	SLC49A4	ENSPKIP00000015289	ENSPKIG00000002061	slc49a4
ENSEEEP00000007808	ENSEEEG00000004087	HES2	ENSPKIP00000033641	ENSPKIG00000013282	hes2.2
ENSEEEP00000033620	ENSEEEG00000015995	ARG1	ENSPKIP00000015942	ENSPKIG00000002459	arg1
ENSEEEP00000057894	ENSEEEG00000027944	tmem35	ENSPKIP00000034152	ENSPKIG00000013592	tmem35
ENSEEEP00000052412	ENSEEEG00000024553	rnaset2l	ENSPKIP00000022051	ENSPKIG00000006201	rnaset2l
ENSEEEP00000004056	ENSEEEG00000002144	crybb1	ENSPKIP00000035831	ENSPKIG00000014631	crybb1
ENSEEEP00000028816	ENSEEEG00000013828	DGAT2	ENSPKIP00000034150	ENSPKIG00000013591	dgat2
ENSEEEP00000039230	ENSEEEG00000018644	ZCCHC17	ENSPKIP00000029534	ENSPKIG00000010742	zcchc17
ENSEEEP00000052409	ENSEEEG00000024552	COX7A1	ENSPKIP00000021996	ENSPKIG00000006175	cox7a1
ENSEEEP00000032204	ENSEEEG00000015362	mtx1a	ENSPKIP00000033929	ENSPKIG00000013449	mtx1a
ENSEEEP00000023966	ENSEEEG00000011639	ZZZ3	ENSPKIP00000027451	ENSPKIG00000009499	zzz3
ENSEEEP00000063553	ENSEEEG00000009502	CDC73	ENSPKIP00000041746	ENSPKIG00000018155	cdc73
ENSEEEP00000052408	ENSEEEG00000024551	CHP2	ENSPKIP00000021930	ENSPKIG00000006129	chp2
ENSEEEP00000041428	ENSEEEG00000019591	MFSD5	ENSPKIP00000017843	ENSPKIG00000003605	slc61a1
ENSEEEP00000057215	ENSEEEG00000026089	GDAP1L1	ENSPKIP00000030582	ENSPKIG00000011388	gdap1l1
ENSEEEP00000007498	ENSEEEG00000003921	insm1a	ENSPKIP00000000679	ENSPKIG00000019257	
ENSEEEP00000051156	ENSEEEG00000024017	YRDC	ENSPKIP00000019385	ENSPKIG00000004574	yrdc
ENSEEEP00000053533	ENSEEEG00000028568	NUDT17	ENSPKIP00000033970	ENSPKIG00000013496	nudt17
ENSEEEP00000015680	ENSEEEG00000007764	FABP3	ENSPKIP00000029599	ENSPKIG00000010776	fabp3
ENSEEEP00000051153	ENSEEEG00000024015	MTF1	ENSPKIP00000019474	ENSPKIG00000004616	mtf1
ENSEEEP00000052405	ENSEEEG00000024549	TIMM50	ENSPKIP00000021782	ENSPKIG00000006036	timm50
ENSEEEP00000027385	ENSEEEG00000013210	trmt9b	ENSPKIP00000013917	ENSPKIG00000001165	trmt9b
ENSEEEP00000038928	ENSEEEG00000018473	HSPBAP1	ENSPKIP00000002181	ENSPKIG00000020178	hspbap1
ENSEEEP00000052404	ENSEEEG00000024548	TNFAIP1	ENSPKIP00000031100	ENSPKIG00000011713	tnfaip1
ENSEEEP00000053383	ENSEEEG00000007752	dclk3	ENSPKIP00000029628	ENSPKIG00000010804	dclk3
ENSEEEP00000020834	ENSEEEG00000010156	CIAO1	ENSPKIP00000035920	ENSPKIG00000014682	CIAO1
ENSEEEP00000044419	ENSEEEG00000020980	mbd4	ENSPKIP00000032055	ENSPKIG00000012306	MBD4
ENSEEEP00000056075	ENSEEEG00000025912	dpep2	ENSPKIP00000004339	ENSPKIG00000021490	dpep2
ENSEEEP00000013978	ENSEEEG00000006952	lhfpl5a	ENSPKIP00000009139	ENSPKIG00000024356	lhfpl5a
ENSEEEP00000020825	ENSEEEG00000010153	TMEM127	ENSPKIP00000035888	ENSPKIG00000014662	tmem127
ENSEEEP00000044414	ENSEEEG00000020978	creld1b	ENSPKIP00000032115	ENSPKIG00000012326	creld1b
ENSEEEP00000004089	ENSEEEG00000002165	ACADS	ENSPKIP00000028221	ENSPKIG00000009951	acads
ENSEEEP00000007832	ENSEEEG00000004095	golm1	ENSPKIP00000005686	ENSPKIG00000022264	
ENSEEEP00000015642	ENSEEEG00000007751	CYHR1	ENSPKIP00000029655	ENSPKIG00000010818	zftraf1
ENSEEEP00000007964	ENSEEEG00000004101	DDX51	ENSPKIP00000005411	ENSPKIG00000022075	ddx51
ENSEEEP00000037315	ENSEEEG00000017738	MRPS33	ENSPKIP00000041613	ENSPKIG00000018098	mrps33
ENSEEEP00000028765	ENSEEEG00000013781	UVRAG	ENSPKIP00000034308	ENSPKIG00000013651	uvrag
ENSEEEP00000032280	ENSEEEG00000015391	SLC2A13	ENSPKIP00000033912	ENSPKIG00000013437	slc2a13b
ENSEEEP00000052400	ENSEEEG00000024546	TPST1	ENSPKIP00000030882	ENSPKIG00000011589	tpst1
ENSEEEP00000030963	ENSEEEG00000014809	GPR157	ENSPKIP00000012745	ENSPKIG00000000445	gpr157
ENSEEEP00000053884	ENSEEEG00000025825		ENSPKIP00000018774	ENSPKIG00000004219	
ENSEEEP00000030966	ENSEEEG00000014812	SPSB1	ENSPKIP00000033242	ENSPKIG00000013027	spsb1
ENSEEEP00000034147	ENSEEEG00000016253	FECH	ENSPKIP00000002258	ENSPKIG00000020213	fech
ENSEEEP00000032228	ENSEEEG00000015371	NME4	ENSPKIP00000034603	ENSPKIG00000013838	dcst1
ENSEEEP00000000352	ENSEEEG00000000254		ENSPKIP00000018895	ENSPKIG00000004284	
ENSEEEP00000058734	ENSEEEG00000000459	NEK7	ENSPKIP00000041475	ENSPKIG00000018005	NEK7
ENSEEEP00000020783	ENSEEEG00000010130	ADRA1D	ENSPKIP00000008410	ENSPKIG00000023915	adra1aa
ENSEEEP00000032230	ENSEEEG00000015373	zgc:171704	ENSPKIP00000034915	ENSPKIG00000014065	zgc:171704
ENSEEEP00000007678	ENSEEEG00000004019	CRK	ENSPKIP00000004205	ENSPKIG00000021410	CRK
ENSEEEP00000027232	ENSEEEG00000013141	pnp5a	ENSPKIP00000037258	ENSPKIG00000015502	pnp5b
ENSEEEP00000035950	ENSEEEG00000017097	ZBTB41	ENSPKIP00000041627	ENSPKIG00000018092	zbtb41
ENSEEEP00000058439	ENSEEEG00000025485		ENSPKIP00000007036	ENSPKIG00000023088	
ENSEEEP00000030888	ENSEEEG00000014785	TMUB1	ENSPKIP00000039822	ENSPKIG00000017038	tmub1
ENSEEEP00000016251	ENSEEEG00000008043	DDX28	ENSPKIP00000003874	ENSPKIG00000021200	ddx28
ENSEEEP00000030887	ENSEEEG00000014783	FASTK	ENSPKIP00000025593	ENSPKIG00000008408	fastk
ENSEEEP00000059787	ENSEEEG00000028323	galr1b	ENSPKIP00000003856	ENSPKIG00000021177	galr1b
ENSEEEP00000057869	ENSEEEG00000028292	bnip3la	ENSPKIP00000008324	ENSPKIG00000023867	bnip3la
ENSEEEP00000008999	ENSEEEG00000004535	TXLNG	ENSPKIP00000005215	ENSPKIG00000021985	txlng
ENSEEEP00000002986	ENSEEEG00000001701	LAMTOR1	ENSPKIP00000006956	ENSPKIG00000023034	lamtor1
ENSEEEP00000062735	ENSEEEG00000027190	JPT2	ENSPKIP00000032322	ENSPKIG00000012472	
ENSEEEP00000020608	ENSEEEG00000010053	rnf165b	ENSPKIP00000002355	ENSPKIG00000020264	ark2cb
ENSEEEP00000002988	ENSEEEG00000001702	LRRC51	ENSPKIP00000006982	ENSPKIG00000023052	lrrc51
ENSEEEP00000002999	ENSEEEG00000001703	CWF19L2	ENSPKIP00000007920	ENSPKIG00000023622	cwf19l2
ENSEEEP00000035944	ENSEEEG00000017094	ahsg2	ENSPKIP00000011001	ENSPKIG00000025495	
ENSEEEP00000020600	ENSEEEG00000010045	loxhd1b	ENSPKIP00000002251	ENSPKIG00000020216	loxhd1a
ENSEEEP00000025482	ENSEEEG00000012368	B3GALT9	ENSPKIP00000018866	ENSPKIG00000004266	b3galt9
ENSEEEP00000035941	ENSEEEG00000017092	TSC22D2	ENSPKIP00000008596	ENSPKIG00000024026	TSC22D2
ENSEEEP00000061296	ENSEEEG00000027581	C18orf25	ENSPKIP00000002455	ENSPKIG00000020329	ark2n
ENSEEEP00000035939	ENSEEEG00000017091	FYTTD1	ENSPKIP00000006013	ENSPKIG00000022465	
ENSEEEP00000025476	ENSEEEG00000012364	HAUS1	ENSPKIP00000002524	ENSPKIG00000020381	haus1
ENSEEEP00000020699	ENSEEEG00000010092	atp5fa1	ENSPKIP00000002633	ENSPKIG00000020441	atp5fa1
ENSEEEP00000035579	ENSEEEG00000016945	IAH1	ENSPKIP00000003469	ENSPKIG00000020955	iah1
ENSEEEP00000053257	ENSEEEG00000019650	PLAA	ENSPKIP00000012234	ENSPKIG00000000092	plaa
ENSEEEP00000035578	ENSEEEG00000016941	ITGB1BP1	ENSPKIP00000003414	ENSPKIG00000020930	itgb1bp1
ENSEEEP00000032046	ENSEEEG00000015268	RAC1	ENSPKIP00000037181	ENSPKIG00000015464	RAC1
ENSEEEP00000007733	ENSEEEG00000004048	SEBOX	ENSPKIP00000004065	ENSPKIG00000021319	
ENSEEEP00000031985	ENSEEEG00000015263	CRYM	ENSPKIP00000025074	ENSPKIG00000008078	crym
ENSEEEP00000062289	ENSEEEG00000026803	nfe2l2a	ENSPKIP00000006713	ENSPKIG00000022873	nfe2l2a
ENSEEEP00000024541	ENSEEEG00000011888	MAK16	ENSPKIP00000015318	ENSPKIG00000002082	mak16
ENSEEEP00000056066	ENSEEEG00000010437	efnb2a	ENSPKIP00000024296	ENSPKIG00000007603	EFNB2
ENSEEEP00000059917	ENSEEEG00000015257	snu13b	ENSPKIP00000036931	ENSPKIG00000015329	snu13a
ENSEEEP00000041539	ENSEEEG00000019643	SMIM20	ENSPKIP00000009512	ENSPKIG00000024599	
ENSEEEP00000021409	ENSEEEG00000010433	ARHGAP15	ENSPKIP00000031562	ENSPKIG00000012000	arhgap15
ENSEEEP00000021328	ENSEEEG00000010392	hoxd3a	ENSPKIP00000006881	ENSPKIG00000022968	hoxd3a
ENSEEEP00000021326	ENSEEEG00000010390	hoxd4a	ENSPKIP00000006899	ENSPKIG00000022999	hoxd4a
ENSEEEP00000003011	ENSEEEG00000001711	AASDHPPT	ENSPKIP00000018213	ENSPKIG00000003858	
ENSEEEP00000034161	ENSEEEG00000016262	bxdc2	ENSPKIP00000021580	ENSPKIG00000005920	bxdc2
ENSEEEP00000021324	ENSEEEG00000010389	hoxd9a	ENSPKIP00000006908	ENSPKIG00000023010	
ENSEEEP00000003035	ENSEEEG00000001713	MSANTD4	ENSPKIP00000007839	ENSPKIG00000023582	msantd4
ENSEEEP00000021322	ENSEEEG00000010388	hoxd10a	ENSPKIP00000006927	ENSPKIG00000023022	hoxd10a
ENSEEEP00000024515	ENSEEEG00000011886	TTI2	ENSPKIP00000015356	ENSPKIG00000002108	tti2
ENSEEEP00000020529	ENSEEEG00000009941	mrps27	ENSPKIP00000000156	ENSPKIG00000018916	mrps27
ENSEEEP00000020648	ENSEEEG00000010070	HTATSF1	ENSPKIP00000009958	ENSPKIG00000024852	htatsf1
ENSEEEP00000021320	ENSEEEG00000010387	hoxd11a	ENSPKIP00000006944	ENSPKIG00000023029	hoxd11a
ENSEEEP00000057765	ENSEEEG00000026819	hwa	ENSPKIP00000040191	ENSPKIG00000017253	hwa
ENSEEEP00000009043	ENSEEEG00000004656	rtel1	ENSPKIP00000031344	ENSPKIG00000011779	RTEL1
ENSEEEP00000021319	ENSEEEG00000010386	hoxd12a	ENSPKIP00000006958	ENSPKIG00000023038	hoxd12a
ENSEEEP00000021404	ENSEEEG00000010431	GTDC1	ENSPKIP00000031486	ENSPKIG00000011945	gtdc1
ENSEEEP00000045358	ENSEEEG00000021404	WNT11	ENSPKIP00000034427	ENSPKIG00000013749	wnt11
ENSEEEP00000021307	ENSEEEG00000010381	HOXD13	ENSPKIP00000006972	ENSPKIG00000023045	HOXD13
ENSEEEP00000051024	ENSEEEG00000023957	ZC3H12A	ENSPKIP00000019701	ENSPKIG00000004769	zc3h12aa
ENSEEEP00000021296	ENSEEEG00000010377	EVX2	ENSPKIP00000006987	ENSPKIG00000023055	evx2
ENSEEEP00000003922	ENSEEEG00000002097		ENSPKIP00000032521	ENSPKIG00000012581	
ENSEEEP00000031821	ENSEEEG00000014524	uqcrc2b	ENSPKIP00000036891	ENSPKIG00000015284	uqcrc2b
ENSEEEP00000051392	ENSEEEG00000024117	rgs3b	ENSPKIP00000024221	ENSPKIG00000007539	
ENSEEEP00000057701	ENSEEEG00000005844	PLAC8L1	ENSPKIP00000009410	ENSPKIG00000024535	plac8l1
ENSEEEP00000033408	ENSEEEG00000015876	RRH	ENSPKIP00000000234	ENSPKIG00000018975	rrh
ENSEEEP00000054415	ENSEEEG00000024814		ENSPKIP00000013291	ENSPKIG00000000779	
ENSEEEP00000018710	ENSEEEG00000009197	NUDT12	ENSPKIP00000011377	ENSPKIG00000018501	nudt12
ENSEEEP00000014938	ENSEEEG00000007440		ENSPKIP00000034577	ENSPKIG00000013848	
ENSEEEP00000011845	ENSEEEG00000005966	PIGL	ENSPKIP00000000760	ENSPKIG00000019311	pigl
ENSEEEP00000009044	ENSEEEG00000004658	ZGPAT	ENSPKIP00000031662	ENSPKIG00000012056	zgpat
ENSEEEP00000033432	ENSEEEG00000015880	LAMTOR3	ENSPKIP00000013113	ENSPKIG00000000669	LAMTOR3
ENSEEEP00000014770	ENSEEEG00000007347	ppap2d	ENSPKIP00000034162	ENSPKIG00000013595	ppap2d
ENSEEEP00000011848	ENSEEEG00000005967	cenpv	ENSPKIP00000000743	ENSPKIG00000019290	cenpv
ENSEEEP00000021274	ENSEEEG00000010367	atp5mc3b	ENSPKIP00000007091	ENSPKIG00000023124	atp5mc3b
ENSEEEP00000011610	ENSEEEG00000005843	GRXCR2	ENSPKIP00000009405	ENSPKIG00000024526	GRXCR2
ENSEEEP00000060732	ENSEEEG00000026220	zgc:101664	ENSPKIP00000011463	ENSPKIG00000018547	zgc:101664
ENSEEEP00000052898	ENSEEEG00000028301	DAPP1	ENSPKIP00000013252	ENSPKIG00000000754	DAPP1
ENSEEEP00000034396	ENSEEEG00000016279	NUP54	ENSPKIP00000024877	ENSPKIG00000007952	nup54
ENSEEEP00000048446	ENSEEEG00000022799		ENSPKIP00000003110	ENSPKIG00000020749	
ENSEEEP00000014763	ENSEEEG00000007341	TNFSF14	ENSPKIP00000004285	ENSPKIG00000021460	
ENSEEEP00000045369	ENSEEEG00000021411	si:ch211-266i6.3	ENSPKIP00000013998	ENSPKIG00000001216	si:ch211-266i6.3
ENSEEEP00000018712	ENSEEEG00000009204	SRP19	ENSPKIP00000011693	ENSPKIG00000018671	srp19
ENSEEEP00000041431	ENSEEEG00000019594	CCKAR	ENSPKIP00000000471	ENSPKIG00000019120	CCKAR
ENSEEEP00000059093	ENSEEEG00000027118	UBB	ENSPKIP00000000715	ENSPKIG00000019243	si:ch211-202a12.4
ENSEEEP00000033743	ENSEEEG00000016068		ENSPKIP00000036888	ENSPKIG00000015293	
ENSEEEP00000036169	ENSEEEG00000017203	COMMD1	ENSPKIP00000020929	ENSPKIG00000005530	commd1
ENSEEEP00000020689	ENSEEEG00000010087	f9b	ENSPKIP00000031550	ENSPKIG00000011639	f9b
ENSEEEP00000060740	ENSEEEG00000026665	YIPF5	ENSPKIP00000008761	ENSPKIG00000024119	yipf5
ENSEEEP00000041429	ENSEEEG00000019589	TBC1D19	ENSPKIP00000000510	ENSPKIG00000019141	tbc1d19
ENSEEEP00000061107	ENSEEEG00000003686		ENSPKIP00000012129	ENSPKIG00000000033	
ENSEEEP00000036174	ENSEEEG00000017208	zp3f.2	ENSPKIP00000020864	ENSPKIG00000005498	
ENSEEEP00000008348	ENSEEEG00000004355		ENSPKIP00000009331	ENSPKIG00000024467	adamts13
ENSEEEP00000035316	ENSEEEG00000016810	gon4l	ENSPKIP00000036131	ENSPKIG00000014800	gon4lb
ENSEEEP00000021262	ENSEEEG00000010355	ATF2	ENSPKIP00000007126	ENSPKIG00000023136	atf2
ENSEEEP00000036971	ENSEEEG00000017559	MOB3A	ENSPKIP00000038993	ENSPKIG00000016541	MOB3A
ENSEEEP00000045480	ENSEEEG00000021416	AP4M1	ENSPKIP00000001020	ENSPKIG00000019442	ap4m1
ENSEEEP00000033600	ENSEEEG00000015981	KLHL18	ENSPKIP00000018528	ENSPKIG00000004058	klhl18
ENSEEEP00000056311	ENSEEEG00000026472		ENSPKIP00000001345	ENSPKIG00000019671	
ENSEEEP00000045491	ENSEEEG00000021464	AGRP	ENSPKIP00000022740	ENSPKIG00000006632	
ENSEEEP00000012404	ENSEEEG00000006233	NUDCD1	ENSPKIP00000035764	ENSPKIG00000014572	nudcd1
ENSEEEP00000033466	ENSEEEG00000015909	COMMD8	ENSPKIP00000020120	ENSPKIG00000004983	commd8
ENSEEEP00000006976	ENSEEEG00000003675	zgc:113279	ENSPKIP00000001505	ENSPKIG00000019775	zgc:113279
ENSEEEP00000051824	ENSEEEG00000024325	PIGX	ENSPKIP00000015792	ENSPKIG00000002383	pigx
ENSEEEP00000032760	ENSEEEG00000015608	GRAMD2B	ENSPKIP00000034833	ENSPKIG00000014016	GRAMD2B
ENSEEEP00000051826	ENSEEEG00000024326	CEP19	ENSPKIP00000015819	ENSPKIG00000002399	cep19
ENSEEEP00000033607	ENSEEEG00000015986	zgc:136930	ENSPKIP00000018355	ENSPKIG00000003939	zgc:136930
ENSEEEP00000006969	ENSEEEG00000003672	POU2AF1	ENSPKIP00000001558	ENSPKIG00000019807	
ENSEEEP00000051831	ENSEEEG00000024327	ing5a	ENSPKIP00000015856	ENSPKIG00000002416	ing5a
ENSEEEP00000009176	ENSEEEG00000004721	PTGFR	ENSPKIP00000026494	ENSPKIG00000008959	ptgfr
ENSEEEP00000033608	ENSEEEG00000015987		ENSPKIP00000014566	ENSPKIG00000001601	
ENSEEEP00000014727	ENSEEEG00000007318	QTRT1	ENSPKIP00000033598	ENSPKIG00000013247	QTRT1
ENSEEEP00000054411	ENSEEEG00000027189	PDGFD	ENSPKIP00000007780	ENSPKIG00000023533	pdgfd
ENSEEEP00000009186	ENSEEEG00000004723	BTF3L4	ENSPKIP00000026395	ENSPKIG00000008904	btf3l4
ENSEEEP00000019175	ENSEEEG00000009399	IRF5	ENSPKIP00000007225	ENSPKIG00000023196	irf5
ENSEEEP00000033684	ENSEEEG00000015991		ENSPKIP00000020315	ENSPKIG00000005141	myl12.2
ENSEEEP00000038453	ENSEEEG00000018264	IMPACT	ENSPKIP00000040168	ENSPKIG00000017235	impact
ENSEEEP00000050437	ENSEEEG00000023713	shpk	ENSPKIP00000000419	ENSPKIG00000019086	shpk
ENSEEEP00000057990	ENSEEEG00000024127	QSOX2	ENSPKIP00000025075	ENSPKIG00000008076	qsox2
ENSEEEP00000045520	ENSEEEG00000021478	ZDHHC1	ENSPKIP00000003659	ENSPKIG00000021072	zdhhc1
ENSEEEP00000019178	ENSEEEG00000009400	drd4-rs	ENSPKIP00000007176	ENSPKIG00000023183	
ENSEEEP00000026853	ENSEEEG00000012904	tfe3b	ENSPKIP00000031649	ENSPKIG00000012043	tfe3b
ENSEEEP00000019185	ENSEEEG00000009402	ATP6V1F	ENSPKIP00000025811	ENSPKIG00000008542	atp6v1f
ENSEEEP00000038451	ENSEEEG00000018262		ENSPKIP00000040062	ENSPKIG00000017178	
ENSEEEP00000012425	ENSEEEG00000006238	PKHD1L1	ENSPKIP00000035628	ENSPKIG00000014199	pkhd1l1.2
ENSEEEP00000055185	ENSEEEG00000027562	LAMTOR4	ENSPKIP00000010804	ENSPKIG00000025377	lamtor4
ENSEEEP00000041710	ENSEEEG00000019733	TTC26	ENSPKIP00000022908	ENSPKIG00000006719	ift56
ENSEEEP00000019406	ENSEEEG00000009408	ARF5	ENSPKIP00000010814	ENSPKIG00000025381	ARF5
ENSEEEP00000062000	ENSEEEG00000026325	GNG2	ENSPKIP00000019630	ENSPKIG00000004717	gng2
ENSEEEP00000045524	ENSEEEG00000021480	TPPP3	ENSPKIP00000003614	ENSPKIG00000021042	tppp3
ENSEEEP00000033766	ENSEEEG00000016083	si:dkey-154p10.3	ENSPKIP00000018191	ENSPKIG00000003854	si:dkey-154p10.3
ENSEEEP00000036613	ENSEEEG00000017384	ANKRD29	ENSPKIP00000040520	ENSPKIG00000017446	ankrd29
ENSEEEP00000033768	ENSEEEG00000016084	TMEM53	ENSPKIP00000029713	ENSPKIG00000010855	tmem53
ENSEEEP00000033859	ENSEEEG00000016123	pprc1	ENSPKIP00000029449	ENSPKIG00000010691	pprc1
ENSEEEP00000064595	ENSEEEG00000025996	alg10	ENSPKIP00000016683	ENSPKIG00000002907	alg10
ENSEEEP00000019414	ENSEEEG00000009511	GCC1	ENSPKIP00000010820	ENSPKIG00000025384	gcc1
ENSEEEP00000032311	ENSEEEG00000015406	TPRKB	ENSPKIP00000035095	ENSPKIG00000014178	tprkb
ENSEEEP00000013798	ENSEEEG00000006864	zgc:103482	ENSPKIP00000041111	ENSPKIG00000017795	
ENSEEEP00000037046	ENSEEEG00000017595	si:ch73-233m11.2	ENSPKIP00000021944	ENSPKIG00000006053	si:ch73-233m11.2
ENSEEEP00000032312	ENSEEEG00000015407		ENSPKIP00000027007	ENSPKIG00000009245	si:ch73-263o4.3
ENSEEEP00000045531	ENSEEEG00000021485	si:dkey-148a17.6	ENSPKIP00000015051	ENSPKIG00000001891	si:dkey-148a17.6
ENSEEEP00000026711	ENSEEEG00000012891	GNL3L	ENSPKIP00000031591	ENSPKIG00000012014	gnl3l
ENSEEEP00000032315	ENSEEEG00000015408	TRMU	ENSPKIP00000016601	ENSPKIG00000002849	trmu
ENSEEEP00000063211	ENSEEEG00000026715	si:dkey-148a17.5	ENSPKIP00000004226	ENSPKIG00000021422	si:dkey-148a17.5
ENSEEEP00000051427	ENSEEEG00000024132		ENSPKIP00000025289	ENSPKIG00000008177	
ENSEEEP00000033632	ENSEEEG00000016004	HSPB11	ENSPKIP00000005485	ENSPKIG00000022145	hspb9l
ENSEEEP00000046859	ENSEEEG00000022061	MBOAT4	ENSPKIP00000021749	ENSPKIG00000006031	mboat4
ENSEEEP00000041704	ENSEEEG00000019731	rpsa	ENSPKIP00000023004	ENSPKIG00000006794	RPSA
ENSEEEP00000063491	ENSEEEG00000026624	slc25a38b	ENSPKIP00000023122	ENSPKIG00000006855	SLC25A38
ENSEEEP00000037864	ENSEEEG00000018002	EAF2	ENSPKIP00000002144	ENSPKIG00000020151	eaf2
ENSEEEP00000005569	ENSEEEG00000002928	zgc:92907	ENSPKIP00000009317	ENSPKIG00000024465	
ENSEEEP00000037862	ENSEEEG00000017997	NAXD	ENSPKIP00000027721	ENSPKIG00000009650	naxd
ENSEEEP00000033644	ENSEEEG00000016012	rbp4l	ENSPKIP00000037463	ENSPKIG00000015567	rbp4l
ENSEEEP00000046854	ENSEEEG00000022056	GLDC	ENSPKIP00000021629	ENSPKIG00000005912	gldc
ENSEEEP00000059097	ENSEEEG00000012749	phactr3b	ENSPKIP00000041885	ENSPKIG00000018263	phactr3a
ENSEEEP00000054063	ENSEEEG00000026933	RFK	ENSPKIP00000001187	ENSPKIG00000019577	rfk
ENSEEEP00000010020	ENSEEEG00000005089	BNIP3	ENSPKIP00000041020	ENSPKIG00000017750	bnip3
ENSEEEP00000057706	ENSEEEG00000017685	WDR13	ENSPKIP00000029752	ENSPKIG00000010852	wdr13
ENSEEEP00000058607	ENSEEEG00000016899	CCT3	ENSPKIP00000036457	ENSPKIG00000014977	cct3
ENSEEEP00000020979	ENSEEEG00000010098	arr3a	ENSPKIP00000036024	ENSPKIG00000014709	arr3a
ENSEEEP00000026324	ENSEEEG00000012747	ppp1r3db	ENSPKIP00000020835	ENSPKIG00000005481	ppp1r3db
ENSEEEP00000037849	ENSEEEG00000017994	RAB20	ENSPKIP00000027735	ENSPKIG00000009670	rab20
ENSEEEP00000050476	ENSEEEG00000023729	ERAL1	ENSPKIP00000038545	ENSPKIG00000016278	eral1
ENSEEEP00000006779	ENSEEEG00000003573	ndufs8a	ENSPKIP00000036651	ENSPKIG00000015131	ndufs8a
ENSEEEP00000062962	ENSEEEG00000025577	pdrg1	ENSPKIP00000020785	ENSPKIG00000005436	pdrg1
ENSEEEP00000020998	ENSEEEG00000010238		ENSPKIP00000029237	ENSPKIG00000010564	
ENSEEEP00000021000	ENSEEEG00000010240	lmcd1	ENSPKIP00000029286	ENSPKIG00000010590	lmcd1
ENSEEEP00000026319	ENSEEEG00000012739	MFAP5	ENSPKIP00000020738	ENSPKIG00000005412	
ENSEEEP00000006787	ENSEEEG00000003581	p2rx3b	ENSPKIP00000036781	ENSPKIG00000015212	p2rx3b
ENSEEEP00000021006	ENSEEEG00000010244	GMPPB	ENSPKIP00000029335	ENSPKIG00000010618	gmppb
ENSEEEP00000021935	ENSEEEG00000010602	FGGY	ENSPKIP00000018778	ENSPKIG00000004201	fggy
ENSEEEP00000026310	ENSEEEG00000012734		ENSPKIP00000020690	ENSPKIG00000005375	
ENSEEEP00000016846	ENSEEEG00000008349	SFI1	ENSPKIP00000037794	ENSPKIG00000015833	aspm
ENSEEEP00000014151	ENSEEEG00000007027	TMEM167B	ENSPKIP00000038885	ENSPKIG00000016477	tmem167b
ENSEEEP00000026307	ENSEEEG00000012732	HP1BP3	ENSPKIP00000029632	ENSPKIG00000010808	hp1bp3
ENSEEEP00000037839	ENSEEEG00000017984	ndufa3	ENSPKIP00000017752	ENSPKIG00000003543	
ENSEEEP00000014153	ENSEEEG00000007029	B3GALT6	ENSPKIP00000012582	ENSPKIG00000000332	b3galt6
ENSEEEP00000005464	ENSEEEG00000002808	acy1	ENSPKIP00000009111	ENSPKIG00000024332	acy1
ENSEEEP00000026304	ENSEEEG00000012730	SH2D5	ENSPKIP00000029589	ENSPKIG00000010781	sh2d5
ENSEEEP00000021020	ENSEEEG00000010250	IHO1	ENSPKIP00000029549	ENSPKIG00000010727	CCDC66
ENSEEEP00000037223	ENSEEEG00000017696	HAUS5	ENSPKIP00000038416	ENSPKIG00000016198	haus5
ENSEEEP00000026300	ENSEEEG00000012723		ENSPKIP00000029546	ENSPKIG00000010745	
ENSEEEP00000004279	ENSEEEG00000002260	CETN3	ENSPKIP00000021281	ENSPKIG00000005747	cetn3
ENSEEEP00000013858	ENSEEEG00000006892	SMIM14	ENSPKIP00000019761	ENSPKIG00000004804	smim14
ENSEEEP00000026285	ENSEEEG00000012714	zgc:158258	ENSPKIP00000015096	ENSPKIG00000001924	
ENSEEEP00000006797	ENSEEEG00000003589	si:dkey-28b4.7	ENSPKIP00000036832	ENSPKIG00000015257	pold4
ENSEEEP00000026283	ENSEEEG00000012711	YOD1	ENSPKIP00000005803	ENSPKIG00000022339	yod1
ENSEEEP00000026278	ENSEEEG00000012703	SNRPE	ENSPKIP00000033829	ENSPKIG00000013388	snrpe
ENSEEEP00000026266	ENSEEEG00000012701	SOX13	ENSPKIP00000022358	ENSPKIG00000006391	sox13
ENSEEEP00000051638	ENSEEEG00000024246	TADA1	ENSPKIP00000021460	ENSPKIG00000005850	TADA1
ENSEEEP00000026259	ENSEEEG00000012697	ETNK2	ENSPKIP00000033450	ENSPKIG00000013149	etnk2
ENSEEEP00000060062	ENSEEEG00000028016	RMI2	ENSPKIP00000004909	ENSPKIG00000021813	
ENSEEEP00000013844	ENSEEEG00000006847	LIAS	ENSPKIP00000019641	ENSPKIG00000004572	LIAS
ENSEEEP00000050505	ENSEEEG00000023747	dhrs11a	ENSPKIP00000033692	ENSPKIG00000013307	dhrs11a
ENSEEEP00000001116	ENSEEEG00000000748	FGF5	ENSPKIP00000000342	ENSPKIG00000019047	fgf5
ENSEEEP00000025148	ENSEEEG00000012166	cfhl1	ENSPKIP00000037698	ENSPKIG00000015778	
ENSEEEP00000005936	ENSEEEG00000028113	PLEKHB2	ENSPKIP00000015916	ENSPKIG00000002448	plekhb2
ENSEEEP00000001106	ENSEEEG00000000743	CFAP299	ENSPKIP00000001592	ENSPKIG00000019826	cfap299
ENSEEEP00000001098	ENSEEEG00000000722	BMP3	ENSPKIP00000037102	ENSPKIG00000015421	bmp3
ENSEEEP00000036120	ENSEEEG00000017182	STX6	ENSPKIP00000015710	ENSPKIG00000002328	stx6
ENSEEEP00000055297	ENSEEEG00000026792	UBE2J2	ENSPKIP00000024765	ENSPKIG00000007880	ube2j2
ENSEEEP00000046839	ENSEEEG00000022050	COQ2	ENSPKIP00000021816	ENSPKIG00000006052	COQ2
ENSEEEP00000034209	ENSEEEG00000016294	znf106a	ENSPKIP00000025859	ENSPKIG00000008506	znf106a
ENSEEEP00000064031	ENSEEEG00000016379		ENSPKIP00000008905	ENSPKIG00000024213	
ENSEEEP00000045142	ENSEEEG00000021312	HAPLN1	ENSPKIP00000022151	ENSPKIG00000006269	hapln1b
ENSEEEP00000056042	ENSEEEG00000026125	tnfsf13b	ENSPKIP00000030939	ENSPKIG00000011622	tnfsf13b
ENSEEEP00000062691	ENSEEEG00000026920	ZNRD2	ENSPKIP00000019396	ENSPKIG00000004583	znrd2
ENSEEEP00000064316	ENSEEEG00000017183	IER5	ENSPKIP00000015791	ENSPKIG00000002367	ier5
ENSEEEP00000025167	ENSEEEG00000012198	B3GALT2	ENSPKIP00000041795	ENSPKIG00000018205	b3galt2
ENSEEEP00000025169	ENSEEEG00000012199	GLRX2	ENSPKIP00000037669	ENSPKIG00000015759	glrx2
ENSEEEP00000036117	ENSEEEG00000017181	TAL1	ENSPKIP00000015807	ENSPKIG00000002391	tal1
ENSEEEP00000034191	ENSEEEG00000016284	abhd13	ENSPKIP00000030959	ENSPKIG00000011637	abhd13
ENSEEEP00000058547	ENSEEEG00000026689	FAM89B	ENSPKIP00000019333	ENSPKIG00000004547	fam89b
ENSEEEP00000043173	ENSEEEG00000020381	CD79A	ENSPKIP00000003964	ENSPKIG00000021257	cd79a
ENSEEEP00000046831	ENSEEEG00000022045	mfsd10	ENSPKIP00000022278	ENSPKIG00000006333	slc75a1
ENSEEEP00000046398	ENSEEEG00000021516	CARS1	ENSPKIP00000014325	ENSPKIG00000001391	cars1
ENSEEEP00000034199	ENSEEEG00000016289	PACC1	ENSPKIP00000001703	ENSPKIG00000019895	pacc1
ENSEEEP00000053233	ENSEEEG00000026292	GPR182	ENSPKIP00000030082	ENSPKIG00000011076	paqr9
ENSEEEP00000018690	ENSEEEG00000009192	spartb	ENSPKIP00000014814	ENSPKIG00000001742	spartb
ENSEEEP00000064146	ENSEEEG00000027001	NALF1	ENSPKIP00000030985	ENSPKIG00000011657	nalf1a
ENSEEEP00000037527	ENSEEEG00000017843	DOHH	ENSPKIP00000033891	ENSPKIG00000013430	DOHH
ENSEEEP00000025186	ENSEEEG00000012204	UCHL5	ENSPKIP00000041893	ENSPKIG00000018255	uchl5
ENSEEEP00000059530	ENSEEEG00000026664	NENF	ENSPKIP00000001765	ENSPKIG00000019926	nenf
ENSEEEP00000045135	ENSEEEG00000021308	XRCC4	ENSPKIP00000022293	ENSPKIG00000006359	xrcc4
ENSEEEP00000043095	ENSEEEG00000020280	mre11a	ENSPKIP00000003600	ENSPKIG00000021036	arhgef1
ENSEEEP00000021003	ENSEEEG00000010243	FRMD8	ENSPKIP00000006874	ENSPKIG00000022980	frmd8
ENSEEEP00000028786	ENSEEEG00000028600	trim35-12	ENSPKIP00000033350	ENSPKIG00000013102	trim35-12
ENSEEEP00000020870	ENSEEEG00000010180	rpl37	ENSPKIP00000002099	ENSPKIG00000020129	rpl37
ENSEEEP00000056202	ENSEEEG00000025223	UBXN8	ENSPKIP00000011028	ENSPKIG00000025508	ubxn8
ENSEEEP00000014210	ENSEEEG00000007058	PUSL1	ENSPKIP00000015919	ENSPKIG00000002447	pusl1
ENSEEEP00000005335	ENSEEEG00000002790	tusc2b	ENSPKIP00000014241	ENSPKIG00000001381	TUSC2
ENSEEEP00000032076	ENSEEEG00000015301	GIPC1	ENSPKIP00000033308	ENSPKIG00000013069	gipc1
ENSEEEP00000045121	ENSEEEG00000021306	TMEM167A	ENSPKIP00000034861	ENSPKIG00000013964	TMEM167A
ENSEEEP00000025194	ENSEEEG00000012216	RGS13	ENSPKIP00000011902	ENSPKIG00000018325	rgs13b
ENSEEEP00000020877	ENSEEEG00000025134	ST8SIA5	ENSPKIP00000002171	ENSPKIG00000020159	st8sia5
ENSEEEP00000032075	ENSEEEG00000015299	dnajb1a	ENSPKIP00000033265	ENSPKIG00000013044	dnajb1a
ENSEEEP00000051630	ENSEEEG00000024241	TNS3	ENSPKIP00000018560	ENSPKIG00000004086	TNS3
ENSEEEP00000046826	ENSEEEG00000022042	INPP5E	ENSPKIP00000020545	ENSPKIG00000005282	inpp5e
ENSEEEP00000057426	ENSEEEG00000020265	si:ch211-265g22.4	ENSPKIP00000003492	ENSPKIG00000020971	erfl1
ENSEEEP00000025213	ENSEEEG00000012231	uts2d	ENSPKIP00000022885	ENSPKIG00000006724	
ENSEEEP00000045114	ENSEEEG00000021305	ATG10	ENSPKIP00000022451	ENSPKIG00000006450	atg10
ENSEEEP00000005327	ENSEEEG00000002784	CYB561D2	ENSPKIP00000013941	ENSPKIG00000001184	cyb561d2
ENSEEEP00000014677	ENSEEEG00000007303	inpp5l	ENSPKIP00000023025	ENSPKIG00000006809	inpp5l
ENSEEEP00000017951	ENSEEEG00000008849	PURG	ENSPKIP00000011017	ENSPKIG00000025501	purg
ENSEEEP00000050734	ENSEEEG00000023837	DOK2	ENSPKIP00000010084	ENSPKIG00000024935	dok2
ENSEEEP00000036723	ENSEEEG00000017434	DPY30	ENSPKIP00000001058	ENSPKIG00000019486	dpy30
ENSEEEP00000036113	ENSEEEG00000017176	TM2D1	ENSPKIP00000016259	ENSPKIG00000002662	tm2d1
ENSEEEP00000014675	ENSEEEG00000007302	nkx6.3	ENSPKIP00000023108	ENSPKIG00000006868	nkx6.3
ENSEEEP00000036724	ENSEEEG00000017435	psen2	ENSPKIP00000008956	ENSPKIG00000024241	psen2
ENSEEEP00000026552	ENSEEEG00000012847	LACTB2	ENSPKIP00000010190	ENSPKIG00000025005	LACTB2
ENSEEEP00000036726	ENSEEEG00000017437	srd5a2a	ENSPKIP00000009045	ENSPKIG00000024297	srd5a2a
ENSEEEP00000026551	ENSEEEG00000012846	SLCO5A1	ENSPKIP00000023653	ENSPKIG00000007199	slco5a1a
ENSEEEP00000063482	ENSEEEG00000029045		ENSPKIP00000023130	ENSPKIG00000006878	
ENSEEEP00000006766	ENSEEEG00000003574	snx19b	ENSPKIP00000001756	ENSPKIG00000019923	snx19b
ENSEEEP00000053627	ENSEEEG00000012611	KLHDC8A	ENSPKIP00000010600	ENSPKIG00000025256	klhdc8a
ENSEEEP00000050739	ENSEEEG00000023839	LZTS1	ENSPKIP00000010054	ENSPKIG00000024916	lzts1
ENSEEEP00000057519	ENSEEEG00000016391	SDF2L1	ENSPKIP00000024501	ENSPKIG00000007729	
ENSEEEP00000014665	ENSEEEG00000007295	SORBS3	ENSPKIP00000023338	ENSPKIG00000006928	sorbs3
ENSEEEP00000042903	ENSEEEG00000020238		ENSPKIP00000003464	ENSPKIG00000020950	
ENSEEEP00000025300	ENSEEEG00000012247	P3H2	ENSPKIP00000023080	ENSPKIG00000006833	
ENSEEEP00000021168	ENSEEEG00000010246	VPS51	ENSPKIP00000006913	ENSPKIG00000023002	vps51
ENSEEEP00000020885	ENSEEEG00000010186	PSMD5	ENSPKIP00000018789	ENSPKIG00000004218	psmd5
ENSEEEP00000036157	ENSEEEG00000017193	tmem79b	ENSPKIP00000036581	ENSPKIG00000015101	tmem79a
ENSEEEP00000052203	ENSEEEG00000024475	ccdc130	ENSPKIP00000020074	ENSPKIG00000004976	yju2b
ENSEEEP00000036771	ENSEEEG00000017455	ESF1	ENSPKIP00000009293	ENSPKIG00000024448	esf1
ENSEEEP00000014661	ENSEEEG00000007290	pdlim2	ENSPKIP00000023450	ENSPKIG00000007068	pdlim2
ENSEEEP00000064430	ENSEEEG00000024238	IGFBP3	ENSPKIP00000025530	ENSPKIG00000008313	igfbp3
ENSEEEP00000034451	ENSEEEG00000016398	KLHL8	ENSPKIP00000024417	ENSPKIG00000007668	klhl8
ENSEEEP00000036780	ENSEEEG00000017461	NDUFAF5	ENSPKIP00000009364	ENSPKIG00000024484	ndufaf5
ENSEEEP00000059911	ENSEEEG00000008853	wrn	ENSPKIP00000011013	ENSPKIG00000025497	wrn
ENSEEEP00000036164	ENSEEEG00000017197	PHF20L1	ENSPKIP00000004409	ENSPKIG00000021529	phf20l1
ENSEEEP00000052198	ENSEEEG00000024473	PSPN	ENSPKIP00000020117	ENSPKIG00000005019	
ENSEEEP00000052195	ENSEEEG00000024472	WDR83	ENSPKIP00000020207	ENSPKIG00000005064	wdr83
ENSEEEP00000046811	ENSEEEG00000021976	PMPCA	ENSPKIP00000036040	ENSPKIG00000014739	pmpca
ENSEEEP00000042884	ENSEEEG00000020231	megf8	ENSPKIP00000003413	ENSPKIG00000020889	megf8
ENSEEEP00000036177	ENSEEEG00000017210	SLA	ENSPKIP00000002914	ENSPKIG00000020624	sla1a
ENSEEEP00000052194	ENSEEEG00000024471	SDE2	ENSPKIP00000005710	ENSPKIG00000022275	
ENSEEEP00000050743	ENSEEEG00000023842	TMEM233	ENSPKIP00000007873	ENSPKIG00000023607	TMEM233
ENSEEEP00000052192	ENSEEEG00000024469	MRPS28	ENSPKIP00000005754	ENSPKIG00000022304	mrps28
ENSEEEP00000036180	ENSEEEG00000017213		ENSPKIP00000004927	ENSPKIG00000021671	tg
ENSEEEP00000014646	ENSEEEG00000007281	RAB11FIP1	ENSPKIP00000023617	ENSPKIG00000007173	
ENSEEEP00000013731	ENSEEEG00000006842	rpl9	ENSPKIP00000019146	ENSPKIG00000004425	rpl9
ENSEEEP00000005278	ENSEEEG00000002755	BAP1	ENSPKIP00000034663	ENSPKIG00000013889	bap1
ENSEEEP00000002282	ENSEEEG00000001371	PDZK1	ENSPKIP00000028745	ENSPKIG00000010254	pdzk1
ENSEEEP00000050746	ENSEEEG00000023844	asgrl1	ENSPKIP00000010470	ENSPKIG00000025183	asgrl1
ENSEEEP00000025030	ENSEEEG00000012147	rpl36	ENSPKIP00000026725	ENSPKIG00000009092	rpl36
ENSEEEP00000050747	ENSEEEG00000023845	cox6a1	ENSPKIP00000010465	ENSPKIG00000025180	cox6a1
ENSEEEP00000006714	ENSEEEG00000003363	rps6kb1b	ENSPKIP00000002091	ENSPKIG00000020084	rps6kb1a
ENSEEEP00000003143	ENSEEEG00000001781	npm2a	ENSPKIP00000023722	ENSPKIG00000007241	npm2a
ENSEEEP00000021169	ENSEEEG00000010321	TM7SF2	ENSPKIP00000006942	ENSPKIG00000023028	tm7sf2
ENSEEEP00000050761	ENSEEEG00000023846	HPS4	ENSPKIP00000010447	ENSPKIG00000025166	hps4
ENSEEEP00000051460	ENSEEEG00000024160	LIX1	ENSPKIP00000038572	ENSPKIG00000016287	lix1
ENSEEEP00000003145	ENSEEEG00000001782	adrb3a	ENSPKIP00000023748	ENSPKIG00000007256	adrb3a
ENSEEEP00000002225	ENSEEEG00000001217	GPR89B	ENSPKIP00000028835	ENSPKIG00000010304	si:ch73-390b10.2
ENSEEEP00000059168	ENSEEEG00000012567	GTPBP4	ENSPKIP00000032075	ENSPKIG00000012301	gtpbp4
ENSEEEP00000040851	ENSEEEG00000019352	LRCH4	ENSPKIP00000029938	ENSPKIG00000010946	lrch4
ENSEEEP00000021172	ENSEEEG00000010322	ZNHIT2	ENSPKIP00000006960	ENSPKIG00000023039	znhit2
ENSEEEP00000000256	ENSEEEG00000000172	PPIL3	ENSPKIP00000000314	ENSPKIG00000019031	PPIL3
ENSEEEP00000060035	ENSEEEG00000027441	trim35-28	ENSPKIP00000003291	ENSPKIG00000020854	trim35-28
ENSEEEP00000021173	ENSEEEG00000010323	MRPL49	ENSPKIP00000007004	ENSPKIG00000023054	MRPL49
ENSEEEP00000036959	ENSEEEG00000017487	kif16ba	ENSPKIP00000018861	ENSPKIG00000004258	KIF16B
ENSEEEP00000056411	ENSEEEG00000028455		ENSPKIP00000007042	ENSPKIG00000023090	
ENSEEEP00000003158	ENSEEEG00000001786	NAA35	ENSPKIP00000005612	ENSPKIG00000022177	naa35
ENSEEEP00000000303	ENSEEEG00000000226	ZBTB26	ENSPKIP00000035573	ENSPKIG00000014483	zbtb26
ENSEEEP00000055630	ENSEEEG00000012149	LONP1	ENSPKIP00000012033	ENSPKIG00000025624	LONP1
ENSEEEP00000050763	ENSEEEG00000023848	si:ch211-170d8.2	ENSPKIP00000010462	ENSPKIG00000025178	si:ch211-170d8.2
ENSEEEP00000021174	ENSEEEG00000010324	UQCC3	ENSPKIP00000007065	ENSPKIG00000023101	uqcc3
ENSEEEP00000034541	ENSEEEG00000016408	SDAD1	ENSPKIP00000024260	ENSPKIG00000007518	sdad1
ENSEEEP00000058913	ENSEEEG00000023849	HNF1A	ENSPKIP00000007798	ENSPKIG00000023549	hnf1a
ENSEEEP00000021179	ENSEEEG00000010327	CNIH2	ENSPKIP00000002351	ENSPKIG00000020266	cnih2
ENSEEEP00000060231	ENSEEEG00000026001	st6gal2a	ENSPKIP00000031150	ENSPKIG00000011732	ST6GAL2
ENSEEEP00000035234	ENSEEEG00000016762	id2a	ENSPKIP00000002741	ENSPKIG00000020522	id2a
ENSEEEP00000013643	ENSEEEG00000006584	RFC1	ENSPKIP00000019044	ENSPKIG00000004363	rfc1
ENSEEEP00000050765	ENSEEEG00000023850	zgc:162025	ENSPKIP00000007750	ENSPKIG00000023529	zgc:162025
ENSEEEP00000021181	ENSEEEG00000010328	WDR74	ENSPKIP00000007119	ENSPKIG00000023145	wdr74
ENSEEEP00000010910	ENSEEEG00000005524		ENSPKIP00000018937	ENSPKIG00000004297	
ENSEEEP00000040833	ENSEEEG00000019343	rwdd	ENSPKIP00000023711	ENSPKIG00000007232	rwdd
ENSEEEP00000050766	ENSEEEG00000023851	unc119.1	ENSPKIP00000007730	ENSPKIG00000023517	unc119b
ENSEEEP00000050768	ENSEEEG00000023852	MLEC	ENSPKIP00000007711	ENSPKIG00000023496	mlec
ENSEEEP00000040831	ENSEEEG00000019342	RELL1	ENSPKIP00000031308	ENSPKIG00000011835	rell1
ENSEEEP00000033451	ENSEEEG00000015903	SH3YL1	ENSPKIP00000021415	ENSPKIG00000005826	sh3yl1
ENSEEEP00000050774	ENSEEEG00000023853	cabp1a	ENSPKIP00000007680	ENSPKIG00000023481	cabp1b
ENSEEEP00000053827	ENSEEEG00000026382	zgc:194930	ENSPKIP00000031375	ENSPKIG00000011888	zgc:194930
ENSEEEP00000001773	ENSEEEG00000000651	UXS1	ENSPKIP00000029005	ENSPKIG00000010421	uxs1
ENSEEEP00000035994	ENSEEEG00000017125	ATPAF1	ENSPKIP00000016943	ENSPKIG00000003063	atpaf1
ENSEEEP00000033454	ENSEEEG00000015904	alkal2b	ENSPKIP00000021515	ENSPKIG00000005879	alkal2b
ENSEEEP00000035993	ENSEEEG00000017124	RAB3B	ENSPKIP00000017002	ENSPKIG00000003091	rab3b
ENSEEEP00000033455	ENSEEEG00000015905	c13h1orf115	ENSPKIP00000022671	ENSPKIG00000006583	
ENSEEEP00000050776	ENSEEEG00000023855	ASPHD2	ENSPKIP00000007642	ENSPKIG00000023461	asphd2
ENSEEEP00000049174	ENSEEEG00000023107	GFOD1	ENSPKIP00000027922	ENSPKIG00000009779	gfod1
ENSEEEP00000034592	ENSEEEG00000016451	TMX1	ENSPKIP00000019789	ENSPKIG00000004832	tmx1
ENSEEEP00000034594	ENSEEEG00000016453	IRGC	ENSPKIP00000003020	ENSPKIG00000020699	
ENSEEEP00000034595	ENSEEEG00000016454		ENSPKIP00000003043	ENSPKIG00000020715	
ENSEEEP00000021234	ENSEEEG00000010334	CXADR	ENSPKIP00000002803	ENSPKIG00000020497	cxadr
ENSEEEP00000055193	ENSEEEG00000025819	col15a1b	ENSPKIP00000027993	ENSPKIG00000009806	col15a1b
ENSEEEP00000001432	ENSEEEG00000000940	lrrc75ba	ENSPKIP00000007547	ENSPKIG00000023396	lrrc75ba
ENSEEEP00000034598	ENSEEEG00000016456	FRMD6	ENSPKIP00000019722	ENSPKIG00000004763	frmd6
ENSEEEP00000001431	ENSEEEG00000000939	gpx8	ENSPKIP00000005936	ENSPKIG00000022420	gpx8
ENSEEEP00000034634	ENSEEEG00000016469	PTPN13	ENSPKIP00000023770	ENSPKIG00000007155	ptpn13
ENSEEEP00000063876	ENSEEEG00000025028	WIPF1	ENSPKIP00000019136	ENSPKIG00000004428	
ENSEEEP00000025357	ENSEEEG00000012308	nfil3-4	ENSPKIP00000041605	ENSPKIG00000018095	nfil3-4
ENSEEEP00000062147	ENSEEEG00000026410	EYA4	ENSPKIP00000028286	ENSPKIG00000009991	
ENSEEEP00000010893	ENSEEEG00000005513	PPP1R26	ENSPKIP00000019157	ENSPKIG00000004442	
ENSEEEP00000025364	ENSEEEG00000012311	org	ENSPKIP00000041531	ENSPKIG00000018053	org
ENSEEEP00000001428	ENSEEEG00000000935	ANAPC5	ENSPKIP00000007512	ENSPKIG00000023361	anapc5
ENSEEEP00000038670	ENSEEEG00000018355		ENSPKIP00000018751	ENSPKIG00000004199	
ENSEEEP00000010891	ENSEEEG00000005511	MRPS2	ENSPKIP00000019215	ENSPKIG00000004472	mrps2
ENSEEEP00000025373	ENSEEEG00000012313	oaz1a	ENSPKIP00000041482	ENSPKIG00000018015	oaz1a
ENSEEEP00000025383	ENSEEEG00000012317	amh	ENSPKIP00000041442	ENSPKIG00000017996	amh
ENSEEEP00000009675	ENSEEEG00000004932	SCRN3	ENSPKIP00000007302	ENSPKIG00000023253	
ENSEEEP00000025388	ENSEEEG00000012320	DOT1L	ENSPKIP00000041353	ENSPKIG00000017910	dot1l
ENSEEEP00000033462	ENSEEEG00000015908	LDAH	ENSPKIP00000007430	ENSPKIG00000023322	LDAH
ENSEEEP00000055487	ENSEEEG00000025844	CIR1	ENSPKIP00000019177	ENSPKIG00000004454	cirsr
ENSEEEP00000033467	ENSEEEG00000015910	GDF7	ENSPKIP00000007382	ENSPKIG00000023294	gdf7
ENSEEEP00000053983	ENSEEEG00000020187	VIRMA	ENSPKIP00000036544	ENSPKIG00000015043	virma
ENSEEEP00000058057	ENSEEEG00000017975	NUDT13	ENSPKIP00000016148	ENSPKIG00000002600	nudt13
ENSEEEP00000050966	ENSEEEG00000023938	CSF3R	ENSPKIP00000019856	ENSPKIG00000004855	csf3r
ENSEEEP00000009656	ENSEEEG00000004921	cdca7a	ENSPKIP00000007540	ENSPKIG00000023393	cdca7a
ENSEEEP00000011998	ENSEEEG00000006052	zgc:101100	ENSPKIP00000034573	ENSPKIG00000013844	dmbx2
ENSEEEP00000042782	ENSEEEG00000020186	rnf41l	ENSPKIP00000036448	ENSPKIG00000015013	rnf41l
ENSEEEP00000050964	ENSEEEG00000023936	MRPS15	ENSPKIP00000019997	ENSPKIG00000004939	mrps15
ENSEEEP00000042780	ENSEEEG00000020185	rad54b	ENSPKIP00000036385	ENSPKIG00000014974	rad54b
ENSEEEP00000011083	ENSEEEG00000005616	DHRS9	ENSPKIP00000012639	ENSPKIG00000000369	dhrs9
ENSEEEP00000062598	ENSEEEG00000006048	REXO1	ENSPKIP00000034626	ENSPKIG00000013884	rexo1
ENSEEEP00000005250	ENSEEEG00000002744	il17rc	ENSPKIP00000032175	ENSPKIG00000012369	
ENSEEEP00000025063	ENSEEEG00000012159	FTSJ3	ENSPKIP00000032945	ENSPKIG00000012838	FTSJ3
ENSEEEP00000058196	ENSEEEG00000025866	CNFN	ENSPKIP00000020019	ENSPKIG00000004957	
ENSEEEP00000042777	ENSEEEG00000020184	GEM	ENSPKIP00000036353	ENSPKIG00000014954	gem
ENSEEEP00000034292	ENSEEEG00000015948	TPP1	ENSPKIP00000007422	ENSPKIG00000023305	tpp1
ENSEEEP00000050956	ENSEEEG00000023929	OSCP1	ENSPKIP00000020104	ENSPKIG00000004997	OSCP1
ENSEEEP00000042772	ENSEEEG00000020180	CDH17	ENSPKIP00000036304	ENSPKIG00000014915	cdh17
ENSEEEP00000059962	ENSEEEG00000006759	naca	ENSPKIP00000039126	ENSPKIG00000016613	naca
ENSEEEP00000010056	ENSEEEG00000005102	trim35-13	ENSPKIP00000016047	ENSPKIG00000002538	
ENSEEEP00000053730	ENSEEEG00000026867	AGPAT2	ENSPKIP00000019345	ENSPKIG00000004555	agpat2
ENSEEEP00000060686	ENSEEEG00000025675	chmp6b	ENSPKIP00000030862	ENSPKIG00000011562	CHMP6
ENSEEEP00000058505	ENSEEEG00000005506	EGFL7	ENSPKIP00000019439	ENSPKIG00000004588	egfl7
ENSEEEP00000037829	ENSEEEG00000028245	DNAJC9	ENSPKIP00000016251	ENSPKIG00000002650	dnajc9
ENSEEEP00000013592	ENSEEEG00000006780	TFIP11	ENSPKIP00000009747	ENSPKIG00000024728	tfip11
ENSEEEP00000037832	ENSEEEG00000017978	ZNF250	ENSPKIP00000016273	ENSPKIG00000002670	
ENSEEEP00000046639	ENSEEEG00000021961	zgc:110626	ENSPKIP00000029885	ENSPKIG00000010950	
ENSEEEP00000059042	ENSEEEG00000023925	STK40	ENSPKIP00000020213	ENSPKIG00000005059	stk40
ENSEEEP00000063020	ENSEEEG00000024811	ccser2b	ENSPKIP00000013019	ENSPKIG00000000607	ccser2a
ENSEEEP00000046637	ENSEEEG00000021957	POLR2G	ENSPKIP00000013477	ENSPKIG00000000902	polr2g
ENSEEEP00000013599	ENSEEEG00000006796	prim1	ENSPKIP00000008688	ENSPKIG00000024076	prim1
ENSEEEP00000063613	ENSEEEG00000025041	eva1ba	ENSPKIP00000020244	ENSPKIG00000005092	EVA1B
ENSEEEP00000055096	ENSEEEG00000027450		ENSPKIP00000013632	ENSPKIG00000000986	brca2
ENSEEEP00000042762	ENSEEEG00000020176	INO80C	ENSPKIP00000006215	ENSPKIG00000022582	ino80c
ENSEEEP00000018059	ENSEEEG00000008856	NRG1	ENSPKIP00000010976	ENSPKIG00000025481	nrg1
ENSEEEP00000013347	ENSEEEG00000006689	sh3d21	ENSPKIP00000020273	ENSPKIG00000005110	sh3d21
ENSEEEP00000060274	ENSEEEG00000027838	rnd1a	ENSPKIP00000008727	ENSPKIG00000024099	rnd1b
ENSEEEP00000013603	ENSEEEG00000006798	bhlhe23	ENSPKIP00000020070	ENSPKIG00000004993	bhlhe23
ENSEEEP00000053736	ENSEEEG00000006800	slc17a9b	ENSPKIP00000020032	ENSPKIG00000004961	slc17a9b
ENSEEEP00000025065	ENSEEEG00000012160	lim2.2	ENSPKIP00000033125	ENSPKIG00000012942	lim2.2
ENSEEEP00000036063	ENSEEEG00000017153	slc2a11l	ENSPKIP00000006137	ENSPKIG00000022531	slc2a11l
ENSEEEP00000036067	ENSEEEG00000017155	SKA1	ENSPKIP00000006739	ENSPKIG00000022897	ska1
ENSEEEP00000058291	ENSEEEG00000028321	si:zfos-943e10.1	ENSPKIP00000033222	ENSPKIG00000013010	si:zfos-943e10.1
ENSEEEP00000008906	ENSEEEG00000004554	HELLS	ENSPKIP00000029824	ENSPKIG00000010890	hells
ENSEEEP00000035978	ENSEEEG00000016978	Nrd1	ENSPKIP00000022164	ENSPKIG00000006230	NRDC
ENSEEEP00000011245	ENSEEEG00000005696	fgf1b	ENSPKIP00000008838	ENSPKIG00000024173	fgf1a
ENSEEEP00000019944	ENSEEEG00000009755	FAM3C	ENSPKIP00000039462	ENSPKIG00000016789	
ENSEEEP00000063008	ENSEEEG00000028936	ecrg4a	ENSPKIP00000031214	ENSPKIG00000011787	ecrg4a
ENSEEEP00000000729	ENSEEEG00000000503		ENSPKIP00000029145	ENSPKIG00000010509	otos2
ENSEEEP00000011238	ENSEEEG00000005695	SPRY4	ENSPKIP00000009150	ENSPKIG00000024363	spry4
ENSEEEP00000025076	ENSEEEG00000012162	GIPC3	ENSPKIP00000033500	ENSPKIG00000013175	gipc3
ENSEEEP00000013614	ENSEEEG00000006806	trim101	ENSPKIP00000019884	ENSPKIG00000004867	trim101
ENSEEEP00000001951	ENSEEEG00000001219	st6galnac	ENSPKIP00000030601	ENSPKIG00000011386	
ENSEEEP00000062393	ENSEEEG00000008967	BRMS1	ENSPKIP00000009945	ENSPKIG00000024847	brms1
ENSEEEP00000000692	ENSEEEG00000000471	FHL2	ENSPKIP00000031279	ENSPKIG00000011824	fhl2a
ENSEEEP00000020477	ENSEEEG00000010001	ndfip1l	ENSPKIP00000009136	ENSPKIG00000024354	ndfip1l
ENSEEEP00000025087	ENSEEEG00000012163	TBXA2R	ENSPKIP00000014165	ENSPKIG00000001335	TBXA2R
ENSEEEP00000030143	ENSEEEG00000014201	EEF2K	ENSPKIP00000024876	ENSPKIG00000007928	eef2k
ENSEEEP00000000637	ENSEEEG00000000453	C2orf49	ENSPKIP00000029165	ENSPKIG00000010523	si:dkeyp-118h3.6
ENSEEEP00000000631	ENSEEEG00000000448	GPR45	ENSPKIP00000031384	ENSPKIG00000011893	gpr45
ENSEEEP00000005082	ENSEEEG00000002652	tmem182a	ENSPKIP00000029308	ENSPKIG00000010605	tmem182a
ENSEEEP00000005085	ENSEEEG00000002653	MFSD9	ENSPKIP00000029347	ENSPKIG00000010634	slc67a2
ENSEEEP00000034767	ENSEEEG00000016532	ESM1	ENSPKIP00000023103	ENSPKIG00000006852	esm1
ENSEEEP00000053817	ENSEEEG00000027068	ppp1r14bb	ENSPKIP00000009962	ENSPKIG00000024859	PPP1R14B
ENSEEEP00000045581	ENSEEEG00000021505	tafa5a	ENSPKIP00000035846	ENSPKIG00000014641	tafa5a
ENSEEEP00000062353	ENSEEEG00000009993	endou2	ENSPKIP00000008954	ENSPKIG00000024238	endou2
ENSEEEP00000019977	ENSEEEG00000009760	CEP83	ENSPKIP00000037385	ENSPKIG00000015577	cep83
ENSEEEP00000036193	ENSEEEG00000017189	DRG1	ENSPKIP00000006213	ENSPKIG00000022572	drg1
ENSEEEP00000007348	ENSEEEG00000003860	tmx2b	ENSPKIP00000037407	ENSPKIG00000015597	tmx2b
ENSEEEP00000045575	ENSEEEG00000021500	ALG12	ENSPKIP00000036076	ENSPKIG00000014771	alg12
ENSEEEP00000001946	ENSEEEG00000001208	CEP131	ENSPKIP00000030509	ENSPKIG00000011200	cep131
ENSEEEP00000036198	ENSEEEG00000017219	STARD7	ENSPKIP00000006298	ENSPKIG00000022629	stard7
ENSEEEP00000045565	ENSEEEG00000021499	CRELD2	ENSPKIP00000036200	ENSPKIG00000014813	creld2
ENSEEEP00000013642	ENSEEEG00000006815	commd7	ENSPKIP00000019288	ENSPKIG00000004519	commd7
ENSEEEP00000020458	ENSEEEG00000009986	RNF14	ENSPKIP00000009108	ENSPKIG00000024337	zmp:0000000524
ENSEEEP00000019981	ENSEEEG00000009769	LRRC17	ENSPKIP00000026054	ENSPKIG00000008689	lrrc17
ENSEEEP00000021875	ENSEEEG00000010627	IL17RD	ENSPKIP00000029863	ENSPKIG00000010943	il17rd
ENSEEEP00000060043	ENSEEEG00000027522	fgl2a	ENSPKIP00000002938	ENSPKIG00000020649	fgl2a
ENSEEEP00000045561	ENSEEEG00000021496	il17rel	ENSPKIP00000036313	ENSPKIG00000014924	
ENSEEEP00000019992	ENSEEEG00000009773	SHTN1	ENSPKIP00000002915	ENSPKIG00000020623	ccdc146
ENSEEEP00000036234	ENSEEEG00000017230	PCYOX1	ENSPKIP00000006468	ENSPKIG00000022738	pcyox1
ENSEEEP00000006317	ENSEEEG00000003361	TUBD1	ENSPKIP00000032561	ENSPKIG00000012615	tubd1
ENSEEEP00000021880	ENSEEEG00000010630	HESX1	ENSPKIP00000029896	ENSPKIG00000010964	HESX1
ENSEEEP00000062497	ENSEEEG00000028531	fam136a	ENSPKIP00000006447	ENSPKIG00000022708	fam136a
ENSEEEP00000019994	ENSEEEG00000009774	gsap	ENSPKIP00000002961	ENSPKIG00000020662	gsap
ENSEEEP00000036275	ENSEEEG00000017236	gmcl1	ENSPKIP00000006389	ENSPKIG00000022681	gmcl1
ENSEEEP00000007382	ENSEEEG00000003871	UNC93B1	ENSPKIP00000025382	ENSPKIG00000008283	unc93b1
ENSEEEP00000051552	ENSEEEG00000024197	PHACTR1	ENSPKIP00000018163	ENSPKIG00000003807	phactr1
ENSEEEP00000006312	ENSEEEG00000003353	VMP1	ENSPKIP00000001921	ENSPKIG00000020009	VMP1
ENSEEEP00000051558	ENSEEEG00000024831		ENSPKIP00000024988	ENSPKIG00000008026	
ENSEEEP00000038461	ENSEEEG00000017641	ATP13A2	ENSPKIP00000026813	ENSPKIG00000009104	nup133
ENSEEEP00000059117	ENSEEEG00000026248	TIMM10	ENSPKIP00000025344	ENSPKIG00000008256	timm10
ENSEEEP00000013398	ENSEEEG00000006711	cited4b	ENSPKIP00000004114	ENSPKIG00000021357	cited4b
ENSEEEP00000020087	ENSEEEG00000009816	KDSR	ENSPKIP00000016795	ENSPKIG00000002968	kdsr
ENSEEEP00000042752	ENSEEEG00000020173	TMEM245	ENSPKIP00000005947	ENSPKIG00000022402	tmem245
ENSEEEP00000008952	ENSEEEG00000004618	MACROH2A2	ENSPKIP00000029494	ENSPKIG00000010711	macroh2a2
ENSEEEP00000042749	ENSEEEG00000020171	FRRS1L	ENSPKIP00000035714	ENSPKIG00000014554	frrs1l
ENSEEEP00000020091	ENSEEEG00000009818	bcl2b	ENSPKIP00000040559	ENSPKIG00000017475	bcl2a
ENSEEEP00000063635	ENSEEEG00000029090	NINJ1	ENSPKIP00000011392	ENSPKIG00000018488	ninj1
ENSEEEP00000000365	ENSEEEG00000000271	card19	ENSPKIP00000032476	ENSPKIG00000012559	
ENSEEEP00000059298	ENSEEEG00000010666	rps23	ENSPKIP00000010778	ENSPKIG00000025362	rps23
ENSEEEP00000025523	ENSEEEG00000012388	FKBP8	ENSPKIP00000041049	ENSPKIG00000017759	fkbp8
ENSEEEP00000051506	ENSEEEG00000024180	MEP1B	ENSPKIP00000018016	ENSPKIG00000003729	mep1bb
ENSEEEP00000036303	ENSEEEG00000017259	GGCX	ENSPKIP00000006702	ENSPKIG00000022863	ggcx
ENSEEEP00000005496	ENSEEEG00000002877	TMEM59L	ENSPKIP00000026794	ENSPKIG00000009120	
ENSEEEP00000021959	ENSEEEG00000010671	atp6ap1la	ENSPKIP00000010773	ENSPKIG00000025358	atp6ap1lb
ENSEEEP00000040141	ENSEEEG00000019037	ALG2	ENSPKIP00000035753	ENSPKIG00000014585	alg2
ENSEEEP00000021961	ENSEEEG00000010672	PDE12	ENSPKIP00000010763	ENSPKIG00000025354	pde12
ENSEEEP00000022068	ENSEEEG00000010673	arf4a	ENSPKIP00000010755	ENSPKIG00000025349	zgc:110286
ENSEEEP00000040139	ENSEEEG00000019034	SEC61B	ENSPKIP00000035812	ENSPKIG00000014602	sec61b
ENSEEEP00000010594	ENSEEEG00000005274	PRKCSH	ENSPKIP00000038344	ENSPKIG00000016142	prkcsh
ENSEEEP00000008962	ENSEEEG00000004623	pitx3	ENSPKIP00000028458	ENSPKIG00000010100	pitx3
ENSEEEP00000008681	ENSEEEG00000004506	LMAN1	ENSPKIP00000022844	ENSPKIG00000006686	lman1
ENSEEEP00000005603	ENSEEEG00000002949	FUT10	ENSPKIP00000010959	ENSPKIG00000025470	pofut3
ENSEEEP00000038358	ENSEEEG00000018221	CCNB2	ENSPKIP00000006687	ENSPKIG00000022862	ccnb2
ENSEEEP00000040127	ENSEEEG00000019027	STX17	ENSPKIP00000035908	ENSPKIG00000014680	
ENSEEEP00000057849	ENSEEEG00000006728	TAF12	ENSPKIP00000003857	ENSPKIG00000021181	taf12
ENSEEEP00000013447	ENSEEEG00000006729	rab42b	ENSPKIP00000003888	ENSPKIG00000021209	rab39al
ENSEEEP00000013449	ENSEEEG00000006731	si:dkey-34d22.1	ENSPKIP00000003799	ENSPKIG00000021140	
ENSEEEP00000040117	ENSEEEG00000019008	ERP44	ENSPKIP00000035963	ENSPKIG00000014706	erp44
ENSEEEP00000051491	ENSEEEG00000024177		ENSPKIP00000017940	ENSPKIG00000003672	RNF138
ENSEEEP00000055869	ENSEEEG00000004628	PNLIPRP2	ENSPKIP00000028372	ENSPKIG00000010033	PNLIPRP2
ENSEEEP00000005470	ENSEEEG00000002872	REX1BD	ENSPKIP00000040770	ENSPKIG00000017606	rex1bd
ENSEEEP00000005469	ENSEEEG00000002870	CPAMD8	ENSPKIP00000040592	ENSPKIG00000017483	
ENSEEEP00000064421	ENSEEEG00000028190	asf1ba	ENSPKIP00000032976	ENSPKIG00000012864	asf1bb
ENSEEEP00000051488	ENSEEEG00000024174	ripk1l	ENSPKIP00000018924	ENSPKIG00000004307	ripk1l
ENSEEEP00000030804	ENSEEEG00000014737	crb3a	ENSPKIP00000032960	ENSPKIG00000012853	
ENSEEEP00000051487	ENSEEEG00000024173	dusp22b	ENSPKIP00000026155	ENSPKIG00000008750	dusp22b
ENSEEEP00000008673	ENSEEEG00000004504	cplx4a	ENSPKIP00000008508	ENSPKIG00000023970	cplx4a
ENSEEEP00000003575	ENSEEEG00000001958	UBIAD1	ENSPKIP00000032595	ENSPKIG00000012639	ubiad1
ENSEEEP00000008671	ENSEEEG00000004500	rx3	ENSPKIP00000022781	ENSPKIG00000006655	rx3
ENSEEEP00000046433	ENSEEEG00000021863		ENSPKIP00000040243	ENSPKIG00000017287	
ENSEEEP00000005461	ENSEEEG00000002866	odf3l2b	ENSPKIP00000040533	ENSPKIG00000017453	cimap1d
ENSEEEP00000003567	ENSEEEG00000001951	MMP23B	ENSPKIP00000032562	ENSPKIG00000012616	MMP23B
ENSEEEP00000045193	ENSEEEG00000021336	si:rp71-19m20.1	ENSPKIP00000016792	ENSPKIG00000002972	si:rp71-19m20.1
ENSEEEP00000051476	ENSEEEG00000024167	foxq1a	ENSPKIP00000013423	ENSPKIG00000000871	foxq1a
ENSEEEP00000005459	ENSEEEG00000002865	CKS2	ENSPKIP00000026657	ENSPKIG00000009044	cks2
ENSEEEP00000046437	ENSEEEG00000021864		ENSPKIP00000012485	ENSPKIG00000000251	
ENSEEEP00000028857	ENSEEEG00000013859	oacyl	ENSPKIP00000022643	ENSPKIG00000006526	oacyl
ENSEEEP00000017103	ENSEEEG00000008051	si:dkey-33m11.8	ENSPKIP00000024795	ENSPKIG00000007440	
ENSEEEP00000051475	ENSEEEG00000024166	foxf2a	ENSPKIP00000026614	ENSPKIG00000009023	
ENSEEEP00000005458	ENSEEEG00000002864	shc2	ENSPKIP00000040458	ENSPKIG00000017414	shc2
ENSEEEP00000038350	ENSEEEG00000018219	SLTM	ENSPKIP00000006503	ENSPKIG00000022760	sltm
ENSEEEP00000052799	ENSEEEG00000028435	foxc1a	ENSPKIP00000013392	ENSPKIG00000000850	FOXC1
ENSEEEP00000021418	ENSEEEG00000010097	POLR3E	ENSPKIP00000024719	ENSPKIG00000007836	polr3e
ENSEEEP00000028855	ENSEEEG00000013857		ENSPKIP00000022715	ENSPKIG00000006613	
ENSEEEP00000038349	ENSEEEG00000018217	MINDY2	ENSPKIP00000006396	ENSPKIG00000022684	mindy2
ENSEEEP00000003550	ENSEEEG00000001930	cdk11b	ENSPKIP00000032525	ENSPKIG00000012591	cdk11b
ENSEEEP00000005453	ENSEEEG00000002860		ENSPKIP00000026509	ENSPKIG00000008963	
ENSEEEP00000055875	ENSEEEG00000025610	RMI1	ENSPKIP00000004764	ENSPKIG00000021735	rmi1
ENSEEEP00000057542	ENSEEEG00000028196	INVS	ENSPKIP00000036056	ENSPKIG00000014755	invs
ENSEEEP00000005450	ENSEEEG00000002859	shdb	ENSPKIP00000026460	ENSPKIG00000008906	shda
ENSEEEP00000054976	ENSEEEG00000028172	s1pr3a	ENSPKIP00000040005	ENSPKIG00000017142	s1pr3a
ENSEEEP00000063131	ENSEEEG00000002851	mettl27	ENSPKIP00000039964	ENSPKIG00000017115	mier2
ENSEEEP00000011729	ENSEEEG00000005907	cdab	ENSPKIP00000025635	ENSPKIG00000008437	CDA
ENSEEEP00000003643	ENSEEEG00000001984	C9orf64	ENSPKIP00000004673	ENSPKIG00000021683	qng1
ENSEEEP00000012774	ENSEEEG00000006419	ticam1	ENSPKIP00000033861	ENSPKIG00000013407	ticam1
ENSEEEP00000000217	ENSEEEG00000000164	wrnip1	ENSPKIP00000013316	ENSPKIG00000000778	wrnip1
ENSEEEP00000005427	ENSEEEG00000002849	plpp2b	ENSPKIP00000039934	ENSPKIG00000017075	plpp2b
ENSEEEP00000061753	ENSEEEG00000027307		ENSPKIP00000023507	ENSPKIG00000007115	
ENSEEEP00000063302	ENSEEEG00000029135	SNX24	ENSPKIP00000006600	ENSPKIG00000022799	snx24
ENSEEEP00000063470	ENSEEEG00000001987	GKAP1	ENSPKIP00000004591	ENSPKIG00000021632	gkap1
ENSEEEP00000025929	ENSEEEG00000012561	si:ch211-235o23.1	ENSPKIP00000023440	ENSPKIG00000007061	tmem71
ENSEEEP00000000165	ENSEEEG00000000108	DHX30	ENSPKIP00000013230	ENSPKIG00000000741	dhx30
ENSEEEP00000025924	ENSEEEG00000012559	IFT57	ENSPKIP00000023360	ENSPKIG00000007015	ift57
ENSEEEP00000057255	ENSEEEG00000021876	parla	ENSPKIP00000032840	ENSPKIG00000012782	parlb
ENSEEEP00000016365	ENSEEEG00000008102	TEX10	ENSPKIP00000036082	ENSPKIG00000014782	tex10
ENSEEEP00000001917	ENSEEEG00000001201	si:ch73-127m5.3	ENSPKIP00000029816	ENSPKIG00000010917	
ENSEEEP00000054757	ENSEEEG00000028030	cavin4a	ENSPKIP00000023304	ENSPKIG00000006987	cavin4a
ENSEEEP00000012746	ENSEEEG00000006225	TIMM44	ENSPKIP00000030928	ENSPKIG00000011604	TIMM44
ENSEEEP00000036349	ENSEEEG00000017279	loxa	ENSPKIP00000006647	ENSPKIG00000022841	loxa
ENSEEEP00000016360	ENSEEEG00000008099	si:ch211-197h24.6	ENSPKIP00000036152	ENSPKIG00000014817	si:ch211-197h24.6
ENSEEEP00000052859	ENSEEEG00000012555	SLC39A6	ENSPKIP00000023193	ENSPKIG00000006915	slc39a6
ENSEEEP00000045165	ENSEEEG00000021315	GET4	ENSPKIP00000017479	ENSPKIG00000003369	get4
ENSEEEP00000063340	ENSEEEG00000029015		ENSPKIP00000004619	ENSPKIG00000021645	fgf21
ENSEEEP00000003461	ENSEEEG00000001928	SLC35E2B	ENSPKIP00000032490	ENSPKIG00000012570	si:ch73-236j9.2
ENSEEEP00000003455	ENSEEEG00000001925		ENSPKIP00000032451	ENSPKIG00000012533	
ENSEEEP00000000200	ENSEEEG00000000166	NDUFS4	ENSPKIP00000017084	ENSPKIG00000003139	ndufs4
ENSEEEP00000035575	ENSEEEG00000016942	NPM3	ENSPKIP00000024294	ENSPKIG00000007609	npm3
ENSEEEP00000055569	ENSEEEG00000026004	TMEM67	ENSPKIP00000036233	ENSPKIG00000014869	tmem67
ENSEEEP00000044402	ENSEEEG00000020946	SLC38A9	ENSPKIP00000010930	ENSPKIG00000025454	slc38a9
ENSEEEP00000036359	ENSEEEG00000017289	SMYD4	ENSPKIP00000032108	ENSPKIG00000012323	smyd4
ENSEEEP00000011076	ENSEEEG00000005613	sco2	ENSPKIP00000037675	ENSPKIG00000015760	sco2
ENSEEEP00000000095	ENSEEEG00000000067	si:dkey-3h3.3	ENSPKIP00000023969	ENSPKIG00000007403	si:dkey-3h3.3
ENSEEEP00000044629	ENSEEEG00000021071	FAM204A	ENSPKIP00000011736	ENSPKIG00000018710	fam204a
ENSEEEP00000025852	ENSEEEG00000012461	CYP7B1	ENSPKIP00000040476	ENSPKIG00000017430	cyp7b1
ENSEEEP00000011084	ENSEEEG00000005615	NCAPH2	ENSPKIP00000014342	ENSPKIG00000001436	NCAPH2
ENSEEEP00000053404	ENSEEEG00000025046	SOCS2	ENSPKIP00000037644	ENSPKIG00000015735	socs2
ENSEEEP00000036365	ENSEEEG00000017293	OVCA2	ENSPKIP00000025200	ENSPKIG00000008162	ovca2
ENSEEEP00000030738	ENSEEEG00000014709	MRPL12	ENSPKIP00000032825	ENSPKIG00000012772	mrpl12
ENSEEEP00000062020	ENSEEEG00000028445	CRADD	ENSPKIP00000037620	ENSPKIG00000015725	cradd
ENSEEEP00000036372	ENSEEEG00000017297	SMG6	ENSPKIP00000025294	ENSPKIG00000008205	
ENSEEEP00000011117	ENSEEEG00000005627	RPAP3	ENSPKIP00000041530	ENSPKIG00000018036	rpap3
ENSEEEP00000038268	ENSEEEG00000018189	lipca	ENSPKIP00000039851	ENSPKIG00000017054	lipca
ENSEEEP00000004213	ENSEEEG00000002227	RPUSD4	ENSPKIP00000008533	ENSPKIG00000023986	rpusd4
ENSEEEP00000050164	ENSEEEG00000023599	btr12	ENSPKIP00000007086	ENSPKIG00000023120	btr12
ENSEEEP00000011121	ENSEEEG00000005642	ATP23	ENSPKIP00000041604	ENSPKIG00000018089	atp23
ENSEEEP00000050163	ENSEEEG00000023598	PCP4L1	ENSPKIP00000026287	ENSPKIG00000008837	si:dkey-46i9.1
ENSEEEP00000040476	ENSEEEG00000019171	glipr2l	ENSPKIP00000006244	ENSPKIG00000022602	glipr2l
ENSEEEP00000050162	ENSEEEG00000023597	ZNF219	ENSPKIP00000006934	ENSPKIG00000023025	znf219
ENSEEEP00000053047	ENSEEEG00000021193	VPS35L	ENSPKIP00000017381	ENSPKIG00000003287	vps35l
ENSEEEP00000014088	ENSEEEG00000006996	si:dkey-147f3.4	ENSPKIP00000030702	ENSPKIG00000011468	
ENSEEEP00000046797	ENSEEEG00000021915	ATG16L1	ENSPKIP00000032727	ENSPKIG00000012688	atg16l1
ENSEEEP00000015381	ENSEEEG00000007637	LANCL2	ENSPKIP00000023120	ENSPKIG00000006870	lancl2
ENSEEEP00000014507	ENSEEEG00000007219	plekhg7	ENSPKIP00000010990	ENSPKIG00000025485	plekhg7
ENSEEEP00000040486	ENSEEEG00000019172	nacad	ENSPKIP00000006276	ENSPKIG00000022623	nacad
ENSEEEP00000050158	ENSEEEG00000023593	FBXW9	ENSPKIP00000006871	ENSPKIG00000022983	arhgef40
ENSEEEP00000056267	ENSEEEG00000028034	METTL9	ENSPKIP00000024601	ENSPKIG00000007788	mettl9
ENSEEEP00000040488	ENSEEEG00000019177	TBRG4	ENSPKIP00000006412	ENSPKIG00000022701	tbrg4
ENSEEEP00000014093	ENSEEEG00000006998	si:ch211-224l10.4	ENSPKIP00000023956	ENSPKIG00000007398	mfsd2al1
ENSEEEP00000050156	ENSEEEG00000023592	si:cabz01007802.1	ENSPKIP00000025850	ENSPKIG00000008561	apold1a
ENSEEEP00000036395	ENSEEEG00000017306	zdhhc20a	ENSPKIP00000010238	ENSPKIG00000025028	zdhhc20b
ENSEEEP00000038164	ENSEEEG00000018122	aqp9b	ENSPKIP00000006128	ENSPKIG00000022537	
ENSEEEP00000040495	ENSEEEG00000019180	si:dkey-12j5.1	ENSPKIP00000010738	ENSPKIG00000025343	si:dkey-12j5.1
ENSEEEP00000058781	ENSEEEG00000005735	ARRDC2	ENSPKIP00000021609	ENSPKIG00000005934	arrdc2
ENSEEEP00000050143	ENSEEEG00000023590	NDRG2	ENSPKIP00000006443	ENSPKIG00000022641	ndrg2
ENSEEEP00000014102	ENSEEEG00000007005	fkbp1ab	ENSPKIP00000041444	ENSPKIG00000017995	fkbp1aa
ENSEEEP00000040498	ENSEEEG00000019183		ENSPKIP00000040903	ENSPKIG00000017688	
ENSEEEP00000014110	ENSEEEG00000007008	SDCBP2	ENSPKIP00000024106	ENSPKIG00000007488	sdcbp2
ENSEEEP00000009268	ENSEEEG00000004750	GINS1	ENSPKIP00000028975	ENSPKIG00000010392	gins1
ENSEEEP00000062060	ENSEEEG00000025681	il6st	ENSPKIP00000001248	ENSPKIG00000019610	IL6ST
ENSEEEP00000012354	ENSEEEG00000006217	CTXN1	ENSPKIP00000030886	ENSPKIG00000011592	CTXN1
ENSEEEP00000057552	ENSEEEG00000028854		ENSPKIP00000001062	ENSPKIG00000019493	
ENSEEEP00000062009	ENSEEEG00000027033	KANK2	ENSPKIP00000038670	ENSPKIG00000016353	kank2
ENSEEEP00000038020	ENSEEEG00000018055		ENSPKIP00000038717	ENSPKIG00000016385	
ENSEEEP00000009276	ENSEEEG00000004759	NINL	ENSPKIP00000029066	ENSPKIG00000010435	ninl
ENSEEEP00000036415	ENSEEEG00000017314	hhla2a.1	ENSPKIP00000011738	ENSPKIG00000018712	
ENSEEEP00000050140	ENSEEEG00000023588	zgc:55733	ENSPKIP00000006651	ENSPKIG00000022837	
ENSEEEP00000014112	ENSEEEG00000007009	snphb	ENSPKIP00000024275	ENSPKIG00000007599	snphb
ENSEEEP00000011538	ENSEEEG00000005817	si:ch211-1a19.3	ENSPKIP00000021448	ENSPKIG00000005851	si:ch211-1a19.3
ENSEEEP00000009284	ENSEEEG00000004763	AIFM2	ENSPKIP00000031307	ENSPKIG00000011840	aifm2
ENSEEEP00000015384	ENSEEEG00000007639	VOPP1	ENSPKIP00000023084	ENSPKIG00000006847	vopp1b
ENSEEEP00000063051	ENSEEEG00000005818	WDR18	ENSPKIP00000021335	ENSPKIG00000005770	wdr18
ENSEEEP00000020732	ENSEEEG00000010120		ENSPKIP00000016577	ENSPKIG00000002846	
ENSEEEP00000014127	ENSEEEG00000007015	SLCO4A1	ENSPKIP00000021954	ENSPKIG00000006158	slco4a1
ENSEEEP00000015392	ENSEEEG00000007643	VSTM2A	ENSPKIP00000018943	ENSPKIG00000004322	vstm2a
ENSEEEP00000014133	ENSEEEG00000007020	GATA5	ENSPKIP00000021902	ENSPKIG00000006112	gata5
ENSEEEP00000036419	ENSEEEG00000017317	RHBDD2	ENSPKIP00000035415	ENSPKIG00000014382	rhbdd2
ENSEEEP00000060535	ENSEEEG00000027923	si:ch211-63p21.8	ENSPKIP00000006758	ENSPKIG00000022907	klhl33
ENSEEEP00000051684	ENSEEEG00000024271	TMEM259	ENSPKIP00000021223	ENSPKIG00000005713	tmem259
ENSEEEP00000036927	ENSEEEG00000017495	TMEM120A	ENSPKIP00000035784	ENSPKIG00000014564	tmem120aa
ENSEEEP00000030647	ENSEEEG00000013851	HGS	ENSPKIP00000032800	ENSPKIG00000012695	hgs
ENSEEEP00000051683	ENSEEEG00000024268	MED16	ENSPKIP00000021183	ENSPKIG00000005645	MED16
ENSEEEP00000015412	ENSEEEG00000007648	STK17A	ENSPKIP00000018673	ENSPKIG00000004154	stk17a
ENSEEEP00000044275	ENSEEEG00000020917	ANKRD55	ENSPKIP00000001207	ENSPKIG00000019590	ankrd55
ENSEEEP00000050086	ENSEEEG00000023556	arhgap19	ENSPKIP00000036255	ENSPKIG00000014888	ARHGAP19
ENSEEEP00000014407	ENSEEEG00000006978	EEA1	ENSPKIP00000010980	ENSPKIG00000025472	eea1
ENSEEEP00000061039	ENSEEEG00000020908	MAP3K1	ENSPKIP00000001145	ENSPKIG00000019531	map3k1
ENSEEEP00000036937	ENSEEEG00000017541	STYXL1	ENSPKIP00000035874	ENSPKIG00000014655	styxl1
ENSEEEP00000050077	ENSEEEG00000023551		ENSPKIP00000036235	ENSPKIG00000014871	
ENSEEEP00000053622	ENSEEEG00000028685	evla	ENSPKIP00000035942	ENSPKIG00000014701	prr11
ENSEEEP00000036942	ENSEEEG00000017544	smg8	ENSPKIP00000035982	ENSPKIG00000014728	smg8
ENSEEEP00000044248	ENSEEEG00000020904	HMGCS1	ENSPKIP00000001046	ENSPKIG00000019477	hmgcs1
ENSEEEP00000036953	ENSEEEG00000017551	pom121	ENSPKIP00000036336	ENSPKIG00000014943	wu:fb30f12
ENSEEEP00000013342	ENSEEEG00000006685	NSUN5	ENSPKIP00000029858	ENSPKIG00000010935	nsun5
ENSEEEP00000020792	ENSEEEG00000010143	CHERP	ENSPKIP00000012732	ENSPKIG00000000423	cherp
ENSEEEP00000015462	ENSEEEG00000007663	napga	ENSPKIP00000023329	ENSPKIG00000006983	napga
ENSEEEP00000013338	ENSEEEG00000006681	RIPK4	ENSPKIP00000002895	ENSPKIG00000020611	ripk4
ENSEEEP00000013333	ENSEEEG00000006680	C21orf91	ENSPKIP00000002859	ENSPKIG00000020592	zgc:110006
ENSEEEP00000057221	ENSEEEG00000007671	zgc:111976	ENSPKIP00000028445	ENSPKIG00000010091	
ENSEEEP00000056098	ENSEEEG00000029119	prlra	ENSPKIP00000021685	ENSPKIG00000005991	PRLR
ENSEEEP00000012964	ENSEEEG00000006516	S100A11	ENSPKIP00000034566	ENSPKIG00000013840	s100a11
ENSEEEP00000028405	ENSEEEG00000013651	AGXT2	ENSPKIP00000021648	ENSPKIG00000005970	agxt2
ENSEEEP00000054847	ENSEEEG00000024671	s100u	ENSPKIP00000015909	ENSPKIG00000002449	si:ch211-105c13.3
ENSEEEP00000012971	ENSEEEG00000006522	PYGO2	ENSPKIP00000016100	ENSPKIG00000002578	pygo2
ENSEEEP00000055216	ENSEEEG00000025612	ralaa	ENSPKIP00000019130	ENSPKIG00000004423	ralab
ENSEEEP00000051660	ENSEEEG00000024258	palm1a	ENSPKIP00000031795	ENSPKIG00000012142	palm1a
ENSEEEP00000028381	ENSEEEG00000013649	DNAJC21	ENSPKIP00000021613	ENSPKIG00000005946	dnajc21
ENSEEEP00000051657	ENSEEEG00000024257	si:ch211-262i1.3	ENSPKIP00000031869	ENSPKIG00000012191	
ENSEEEP00000013126	ENSEEEG00000006261	supt20	ENSPKIP00000007255	ENSPKIG00000023166	supt20
ENSEEEP00000028280	ENSEEEG00000013583	CUTC	ENSPKIP00000024896	ENSPKIG00000007956	cutc
ENSEEEP00000017240	ENSEEEG00000008527	VPS13D	ENSPKIP00000029399	ENSPKIG00000010575	vps13d
ENSEEEP00000051656	ENSEEEG00000024256	si:ch211-262i1.4	ENSPKIP00000031907	ENSPKIG00000012217	si:ch211-262i1.4
ENSEEEP00000028375	ENSEEEG00000013645	arid6	ENSPKIP00000017959	ENSPKIG00000003676	
ENSEEEP00000028372	ENSEEEG00000013642	zgc:162472	ENSPKIP00000017681	ENSPKIG00000003484	
ENSEEEP00000028248	ENSEEEG00000013570	cox15	ENSPKIP00000024794	ENSPKIG00000007901	cox15
ENSEEEP00000028369	ENSEEEG00000013640	DTWD2	ENSPKIP00000006505	ENSPKIG00000022765	dtwd2
ENSEEEP00000028362	ENSEEEG00000013637	STARD4	ENSPKIP00000011190	ENSPKIG00000025591	stard4
ENSEEEP00000013014	ENSEEEG00000006556	HAX1	ENSPKIP00000033511	ENSPKIG00000013156	hax1
ENSEEEP00000056402	ENSEEEG00000013569		ENSPKIP00000036144	ENSPKIG00000014808	kcnip2
ENSEEEP00000017231	ENSEEEG00000008526	dhrs3a	ENSPKIP00000029460	ENSPKIG00000010699	dhrs3a
ENSEEEP00000026246	ENSEEEG00000012685	MIGA1	ENSPKIP00000027072	ENSPKIG00000009278	miga1
ENSEEEP00000061796	ENSEEEG00000027325	PLAGL2	ENSPKIP00000021598	ENSPKIG00000005933	
ENSEEEP00000003445	ENSEEEG00000001923	itgae.2	ENSPKIP00000033322	ENSPKIG00000013080	
ENSEEEP00000023733	ENSEEEG00000011494	POFUT1	ENSPKIP00000021531	ENSPKIG00000005881	pofut1
ENSEEEP00000026842	ENSEEEG00000012953		ENSPKIP00000032560	ENSPKIG00000012614	
ENSEEEP00000022624	ENSEEEG00000010990	NUDT18	ENSPKIP00000010158	ENSPKIG00000024982	nudt18
ENSEEEP00000006824	ENSEEEG00000003602	TMEM50B	ENSPKIP00000021127	ENSPKIG00000005647	TMEM50B
ENSEEEP00000013231	ENSEEEG00000006561	aqp10a	ENSPKIP00000008216	ENSPKIG00000023799	aqp10a
ENSEEEP00000062319	ENSEEEG00000021868	ITFG1	ENSPKIP00000020277	ENSPKIG00000005115	itfg1
ENSEEEP00000058508	ENSEEEG00000025109	OXLD1	ENSPKIP00000029674	ENSPKIG00000010837	OXLD1
ENSEEEP00000000177	ENSEEEG00000000135	GPRC5C	ENSPKIP00000029641	ENSPKIG00000010810	GPRC5C
ENSEEEP00000038858	ENSEEEG00000018428	smdt1b	ENSPKIP00000015544	ENSPKIG00000002230	smdt1b
ENSEEEP00000000162	ENSEEEG00000000117	GPR142	ENSPKIP00000029592	ENSPKIG00000010784	gpr142
ENSEEEP00000038855	ENSEEEG00000018426	DCAF15	ENSPKIP00000017104	ENSPKIG00000003156	dcaf15
ENSEEEP00000027691	ENSEEEG00000013340	DNASE1L3	ENSPKIP00000010665	ENSPKIG00000025293	DNASE1L3
ENSEEEP00000017217	ENSEEEG00000008515	RCC2	ENSPKIP00000029736	ENSPKIG00000010853	rcc2
ENSEEEP00000029459	ENSEEEG00000014106	tspy	ENSPKIP00000029933	ENSPKIG00000010967	tspy
ENSEEEP00000059622	ENSEEEG00000026889	KCNIP3	ENSPKIP00000013496	ENSPKIG00000000914	KCNIP3
ENSEEEP00000029452	ENSEEEG00000014102		ENSPKIP00000025094	ENSPKIG00000008093	
ENSEEEP00000014467	ENSEEEG00000007165	XPO5	ENSPKIP00000004165	ENSPKIG00000021336	xpo5
ENSEEEP00000029450	ENSEEEG00000014101	suv39h1b	ENSPKIP00000029792	ENSPKIG00000010905	suv39h1b
ENSEEEP00000027698	ENSEEEG00000013341	abhd6a	ENSPKIP00000010657	ENSPKIG00000025287	abhd6b
ENSEEEP00000026985	ENSEEEG00000013027	elovl1a	ENSPKIP00000026074	ENSPKIG00000008705	ELOVL1
ENSEEEP00000013478	ENSEEEG00000006743	paqr7b	ENSPKIP00000003576	ENSPKIG00000021024	paqr7b
ENSEEEP00000017197	ENSEEEG00000008512	RPL22	ENSPKIP00000019016	ENSPKIG00000004354	RPL22
ENSEEEP00000044857	ENSEEEG00000021170	lrrc3ca	ENSPKIP00000005985	ENSPKIG00000022449	lrrc3ca
ENSEEEP00000026999	ENSEEEG00000013030	CDC20	ENSPKIP00000026209	ENSPKIG00000008772	cdc20
ENSEEEP00000013485	ENSEEEG00000006744	stmn1b	ENSPKIP00000003542	ENSPKIG00000021005	STMN1
ENSEEEP00000062484	ENSEEEG00000026568	her12	ENSPKIP00000035582	ENSPKIG00000014488	
ENSEEEP00000002947	ENSEEEG00000001677		ENSPKIP00000009887	ENSPKIG00000024813	
ENSEEEP00000044844	ENSEEEG00000021155	MED24	ENSPKIP00000004253	ENSPKIG00000021411	med24
ENSEEEP00000029279	ENSEEEG00000014031	OPRL1	ENSPKIP00000001574	ENSPKIG00000019824	oprl1
ENSEEEP00000013055	ENSEEEG00000006570	RPL31	ENSPKIP00000001350	ENSPKIG00000019677	rpl31
ENSEEEP00000002913	ENSEEEG00000001664	GABRD	ENSPKIP00000032149	ENSPKIG00000012348	gabrd
ENSEEEP00000037498	ENSEEEG00000017833	GPR20	ENSPKIP00000001569	ENSPKIG00000019821	gpr20
ENSEEEP00000014382	ENSEEEG00000007156	LAMTOR3	ENSPKIP00000004356	ENSPKIG00000021500	
ENSEEEP00000002910	ENSEEEG00000001662		ENSPKIP00000032216	ENSPKIG00000012388	CFAP74
ENSEEEP00000017170	ENSEEEG00000008506	ICMT	ENSPKIP00000030107	ENSPKIG00000011083	icmt
ENSEEEP00000013050	ENSEEEG00000006569	CNOT11	ENSPKIP00000001415	ENSPKIG00000019709	cnot11
ENSEEEP00000003690	ENSEEEG00000002008	EIF2D	ENSPKIP00000031730	ENSPKIG00000012100	eif2d
ENSEEEP00000017149	ENSEEEG00000008492	her4.2	ENSPKIP00000035623	ENSPKIG00000014507	
ENSEEEP00000060094	ENSEEEG00000022049	ILKAP	ENSPKIP00000003510	ENSPKIG00000020989	ilkap
ENSEEEP00000057582	ENSEEEG00000025520	SAMD14	ENSPKIP00000004168	ENSPKIG00000021388	SAMD14
ENSEEEP00000035319	ENSEEEG00000016815	NTN4	ENSPKIP00000036140	ENSPKIG00000014811	ntn4
ENSEEEP00000059442	ENSEEEG00000027107	GOLPH3	ENSPKIP00000024131	ENSPKIG00000007505	golph3a
ENSEEEP00000035315	ENSEEEG00000016812	SNRPF	ENSPKIP00000036083	ENSPKIG00000014784	snrpf
ENSEEEP00000007417	ENSEEEG00000003894	cabp2a	ENSPKIP00000038078	ENSPKIG00000015994	cabp2a
ENSEEEP00000035310	ENSEEEG00000016807	AMDHD1	ENSPKIP00000005074	ENSPKIG00000021895	amdhd1
ENSEEEP00000027523	ENSEEEG00000013270	SELENOF	ENSPKIP00000034693	ENSPKIG00000013931	thpo
ENSEEEP00000017128	ENSEEEG00000008474	TAS1R1	ENSPKIP00000030285	ENSPKIG00000011191	tas1r1
ENSEEEP00000064381	ENSEEEG00000024910	DCP1A	ENSPKIP00000009353	ENSPKIG00000024486	dcp1a
ENSEEEP00000058454	ENSEEEG00000027572	TAF10	ENSPKIP00000032448	ENSPKIG00000012550	taf10
ENSEEEP00000055560	ENSEEEG00000026372	EFHD2	ENSPKIP00000032496	ENSPKIG00000012577	EFHD2
ENSEEEP00000061656	ENSEEEG00000028934	rln3b	ENSPKIP00000020114	ENSPKIG00000005016	rln3b
ENSEEEP00000035300	ENSEEEG00000016803	si:ch73-71d17.2	ENSPKIP00000005731	ENSPKIG00000022278	si:ch73-71d17.2
ENSEEEP00000028720	ENSEEEG00000013800	FHAD1	ENSPKIP00000032988	ENSPKIG00000012873	
ENSEEEP00000055790	ENSEEEG00000025080	PTGDR2	ENSPKIP00000026606	ENSPKIG00000009026	PTGDR2
ENSEEEP00000000278	ENSEEEG00000000171	procb	ENSPKIP00000027698	ENSPKIG00000009640	procb
ENSEEEP00000035291	ENSEEEG00000016799	si:ch211-212k18.7	ENSPKIP00000024021	ENSPKIG00000007433	
ENSEEEP00000063443	ENSEEEG00000028168	USF3	ENSPKIP00000002472	ENSPKIG00000020359	
ENSEEEP00000007427	ENSEEEG00000003901	MYT1L	ENSPKIP00000038096	ENSPKIG00000016027	si:ch73-109d9.2
ENSEEEP00000060222	ENSEEEG00000016794	ARMH1	ENSPKIP00000023994	ENSPKIG00000007419	
ENSEEEP00000021833	ENSEEEG00000010620	KCNJ16	ENSPKIP00000035459	ENSPKIG00000014415	kcnj16a
ENSEEEP00000021831	ENSEEEG00000010608	galr2a	ENSPKIP00000035382	ENSPKIG00000014369	galr2a
ENSEEEP00000021812	ENSEEEG00000010607		ENSPKIP00000005707	ENSPKIG00000022281	
ENSEEEP00000059414	ENSEEEG00000028788	ZCCHC10	ENSPKIP00000009011	ENSPKIG00000024279	zcchc10
ENSEEEP00000028365	ENSEEEG00000013271	ela2	ENSPKIP00000032929	ENSPKIG00000012835	ela2
ENSEEEP00000023051	ENSEEEG00000011187	SLC45A3	ENSPKIP00000035495	ENSPKIG00000014430	slc45a3
ENSEEEP00000013017	ENSEEEG00000006559		ENSPKIP00000001725	ENSPKIG00000019899	
ENSEEEP00000048551	ENSEEEG00000022843	sub1b	ENSPKIP00000039641	ENSPKIG00000016923	sub1b
ENSEEEP00000013517	ENSEEEG00000006757		ENSPKIP00000003390	ENSPKIG00000020906	
ENSEEEP00000000135	ENSEEEG00000000097	GPR171	ENSPKIP00000035988	ENSPKIG00000014733	gpr171
ENSEEEP00000038588	ENSEEEG00000018316	NTHL1	ENSPKIP00000016457	ENSPKIG00000002768	NTHL1
ENSEEEP00000013519	ENSEEEG00000006761	phactr4b	ENSPKIP00000003190	ENSPKIG00000020770	phactr4b
ENSEEEP00000021794	ENSEEEG00000010592	UNC13D	ENSPKIP00000005528	ENSPKIG00000022138	unc13d
ENSEEEP00000013524	ENSEEEG00000006762	RCC1	ENSPKIP00000002971	ENSPKIG00000020659	rcc1
ENSEEEP00000007460	ENSEEEG00000003912	PGBD5	ENSPKIP00000021453	ENSPKIG00000005843	pgbd5
ENSEEEP00000005385	ENSEEEG00000002819	PDCL3	ENSPKIP00000001142	ENSPKIG00000019544	PDCL3
ENSEEEP00000007084	ENSEEEG00000003742	COA5	ENSPKIP00000032030	ENSPKIG00000012293	coa5
ENSEEEP00000013540	ENSEEEG00000006769	TCEA3	ENSPKIP00000002639	ENSPKIG00000020421	tcea3
ENSEEEP00000044185	ENSEEEG00000020879	shroom1	ENSPKIP00000008815	ENSPKIG00000024154	shroom1
ENSEEEP00000007479	ENSEEEG00000003914	COG2	ENSPKIP00000021564	ENSPKIG00000005893	cog2
ENSEEEP00000022921	ENSEEEG00000011118	ESD	ENSPKIP00000001935	ENSPKIG00000020025	esd
ENSEEEP00000003742	ENSEEEG00000002025	rh50	ENSPKIP00000039105	ENSPKIG00000016603	rh50
ENSEEEP00000015349	ENSEEEG00000007623	adhfe1	ENSPKIP00000040789	ENSPKIG00000017608	adhfe1
ENSEEEP00000055320	ENSEEEG00000011113	LRCH1	ENSPKIP00000002079	ENSPKIG00000020093	lrch1
ENSEEEP00000015331	ENSEEEG00000007620	VCPIP1	ENSPKIP00000024740	ENSPKIG00000007869	vcpip1
ENSEEEP00000049419	ENSEEEG00000023229	AAMP	ENSPKIP00000000127	ENSPKIG00000018913	aamp
ENSEEEP00000015329	ENSEEEG00000007619	panx1a	ENSPKIP00000005755	ENSPKIG00000022305	PANX
ENSEEEP00000053689	ENSEEEG00000025896		ENSPKIP00000017439	ENSPKIG00000003289	
ENSEEEP00000018216	ENSEEEG00000008952	PAIP2B	ENSPKIP00000006207	ENSPKIG00000022573	paip2b
ENSEEEP00000015324	ENSEEEG00000007613	URB1	ENSPKIP00000017964	ENSPKIG00000003683	urb1
ENSEEEP00000007486	ENSEEEG00000003917	AGT	ENSPKIP00000021625	ENSPKIG00000005959	agt
ENSEEEP00000013758	ENSEEEG00000006850	PIGV	ENSPKIP00000002377	ENSPKIG00000020294	pigv
ENSEEEP00000000799	ENSEEEG00000000543	COX10	ENSPKIP00000031721	ENSPKIG00000012098	cox10
ENSEEEP00000022895	ENSEEEG00000011112	RUBCNL	ENSPKIP00000002218	ENSPKIG00000020195	rubcnl
ENSEEEP00000018214	ENSEEEG00000008950	NAGK	ENSPKIP00000006152	ENSPKIG00000022542	nagk
ENSEEEP00000013247	ENSEEEG00000006638	si:dkey-266f7.9	ENSPKIP00000003151	ENSPKIG00000020772	si:dkey-266f7.9
ENSEEEP00000018207	ENSEEEG00000008948	dok1b	ENSPKIP00000006110	ENSPKIG00000022525	dok1b
ENSEEEP00000002813	ENSEEEG00000001615	CHDH	ENSPKIP00000009451	ENSPKIG00000024560	chdh
ENSEEEP00000056007	ENSEEEG00000026328	efna1a	ENSPKIP00000034809	ENSPKIG00000013998	efna1b
ENSEEEP00000018205	ENSEEEG00000008946	M1AP	ENSPKIP00000006060	ENSPKIG00000022489	m1ap
ENSEEEP00000039844	ENSEEEG00000018889	pmp22b	ENSPKIP00000032547	ENSPKIG00000012607	pmp22a
ENSEEEP00000015302	ENSEEEG00000007605	med17	ENSPKIP00000005519	ENSPKIG00000022155	MED17
ENSEEEP00000013255	ENSEEEG00000006645	dpm3	ENSPKIP00000015717	ENSPKIG00000002338	dpm3
ENSEEEP00000039848	ENSEEEG00000018894	TEKT3	ENSPKIP00000031603	ENSPKIG00000012020	tekt3
ENSEEEP00000018203	ENSEEEG00000008945		ENSPKIP00000005990	ENSPKIG00000022384	
ENSEEEP00000002810	ENSEEEG00000001613		ENSPKIP00000009475	ENSPKIG00000024578	
ENSEEEP00000013771	ENSEEEG00000006860	GPN2	ENSPKIP00000002030	ENSPKIG00000020086	gpn2
ENSEEEP00000021115	ENSEEEG00000010299	ankrd46b	ENSPKIP00000012674	ENSPKIG00000000396	ankrd46b
ENSEEEP00000002808	ENSEEEG00000001612	ACTR8	ENSPKIP00000009520	ENSPKIG00000024598	actr8
ENSEEEP00000013773	ENSEEEG00000006862	SNIP1	ENSPKIP00000020659	ENSPKIG00000005359	SNIP1
ENSEEEP00000002806	ENSEEEG00000001610	SELENOK	ENSPKIP00000009548	ENSPKIG00000024615	
ENSEEEP00000013775	ENSEEEG00000006863	DNALI1	ENSPKIP00000020701	ENSPKIG00000005377	dnali1
ENSEEEP00000021141	ENSEEEG00000010307		ENSPKIP00000030647	ENSPKIG00000011436	
ENSEEEP00000015281	ENSEEEG00000007576		ENSPKIP00000005623	ENSPKIG00000022226	
ENSEEEP00000007105	ENSEEEG00000003750	MITD1	ENSPKIP00000030134	ENSPKIG00000011102	mitd1
ENSEEEP00000054898	ENSEEEG00000003751	mrpl30	ENSPKIP00000032183	ENSPKIG00000012379	mrpl30
ENSEEEP00000007114	ENSEEEG00000003753	TXNDC9	ENSPKIP00000032211	ENSPKIG00000012396	txndc9
ENSEEEP00000049461	ENSEEEG00000023248	igfbp2a	ENSPKIP00000011520	ENSPKIG00000018569	IGFBP2
ENSEEEP00000049466	ENSEEEG00000023249	LRRC32	ENSPKIP00000034182	ENSPKIG00000013611	stk11ip
ENSEEEP00000007242	ENSEEEG00000003761	rev1	ENSPKIP00000030248	ENSPKIG00000011180	rev1
ENSEEEP00000014782	ENSEEEG00000006870	GNL2	ENSPKIP00000020780	ENSPKIG00000005438	gnl2
ENSEEEP00000049469	ENSEEEG00000023253	INHA	ENSPKIP00000042060	ENSPKIG00000018809	inha
ENSEEEP00000013969	ENSEEEG00000006944	LRTM1	ENSPKIP00000012218	ENSPKIG00000000091	lrtm1
ENSEEEP00000022845	ENSEEEG00000011082	gsg1l2b	ENSPKIP00000010952	ENSPKIG00000025465	
ENSEEEP00000038585	ENSEEEG00000014271	tsc2	ENSPKIP00000016189	ENSPKIG00000002534	tsc2
ENSEEEP00000035640	ENSEEEG00000016970	AXDND1	ENSPKIP00000017057	ENSPKIG00000003124	axdnd1
ENSEEEP00000031679	ENSEEEG00000015137		ENSPKIP00000032441	ENSPKIG00000012540	
ENSEEEP00000052759	ENSEEEG00000027951	si:ch211-180a12.2	ENSPKIP00000015195	ENSPKIG00000001970	si:ch211-180a12.2
ENSEEEP00000013321	ENSEEEG00000006673	s100a10a	ENSPKIP00000015667	ENSPKIG00000002263	
ENSEEEP00000035636	ENSEEEG00000016969	NPHS2	ENSPKIP00000017120	ENSPKIG00000003168	nphs2
ENSEEEP00000004260	ENSEEEG00000002172	REN	ENSPKIP00000031518	ENSPKIG00000011976	ren
ENSEEEP00000039870	ENSEEEG00000018908	ppp4cb	ENSPKIP00000015238	ENSPKIG00000002017	ppp4ca
ENSEEEP00000035634	ENSEEEG00000016967	tdrd5	ENSPKIP00000017155	ENSPKIG00000003193	
ENSEEEP00000031676	ENSEEEG00000015136	PHPT1	ENSPKIP00000012910	ENSPKIG00000000538	phpt1
ENSEEEP00000063319	ENSEEEG00000025067	ZBTB4	ENSPKIP00000030310	ENSPKIG00000011220	aff3
ENSEEEP00000027487	ENSEEEG00000013255	ela2l	ENSPKIP00000032892	ENSPKIG00000012799	ela2l
ENSEEEP00000035632	ENSEEEG00000016965	FAM163A	ENSPKIP00000017194	ENSPKIG00000003216	fam163aa
ENSEEEP00000056060	ENSEEEG00000015106	NOC4L	ENSPKIP00000040895	ENSPKIG00000017628	noc4l
ENSEEEP00000022831	ENSEEEG00000010868	PLBD2	ENSPKIP00000040076	ENSPKIG00000017176	plbd2
ENSEEEP00000051592	ENSEEEG00000024226	si:ch211-262i1.6	ENSPKIP00000032090	ENSPKIG00000012312	fam174c
ENSEEEP00000052709	ENSEEEG00000026680	MPHOSPH8	ENSPKIP00000017705	ENSPKIG00000003488	mphosph8
ENSEEEP00000039874	ENSEEEG00000018909	eif3c	ENSPKIP00000015277	ENSPKIG00000002049	EIF3C
ENSEEEP00000056890	ENSEEEG00000029145	rrbp1b	ENSPKIP00000003350	ENSPKIG00000020891	rrbp1a
ENSEEEP00000037514	ENSEEEG00000017839	POLR2M	ENSPKIP00000006022	ENSPKIG00000022476	
ENSEEEP00000015385	ENSEEEG00000007638	FUNDC1	ENSPKIP00000017299	ENSPKIG00000003268	fundc1
ENSEEEP00000052809	ENSEEEG00000017838	myzap	ENSPKIP00000005920	ENSPKIG00000022410	myzap
ENSEEEP00000059850	ENSEEEG00000024360	KAT14	ENSPKIP00000018984	ENSPKIG00000004334	kat14
ENSEEEP00000039879	ENSEEEG00000018910	zgc:92040	ENSPKIP00000015324	ENSPKIG00000002088	zgc:92040
ENSEEEP00000017031	ENSEEEG00000007943	EMC1	ENSPKIP00000030733	ENSPKIG00000011488	
ENSEEEP00000013882	ENSEEEG00000006902	si:ch1073-291c23.2	ENSPKIP00000035939	ENSPKIG00000014700	si:ch1073-291c23.2
ENSEEEP00000054397	ENSEEEG00000007641	EFHC2	ENSPKIP00000017372	ENSPKIG00000003303	efhc2
ENSEEEP00000037771	ENSEEEG00000017956	fmoda	ENSPKIP00000019191	ENSPKIG00000004457	fmoda
ENSEEEP00000037773	ENSEEEG00000017957	zgc:113307	ENSPKIP00000019214	ENSPKIG00000004477	zgc:113307
ENSEEEP00000039882	ENSEEEG00000018911	TBX6	ENSPKIP00000015392	ENSPKIG00000002118	tbx6
ENSEEEP00000031576	ENSEEEG00000015102	PUS1	ENSPKIP00000000882	ENSPKIG00000019369	pus1
ENSEEEP00000037774	ENSEEEG00000017958	PRELP	ENSPKIP00000019267	ENSPKIG00000004496	prelp
ENSEEEP00000049743	ENSEEEG00000023379	CRYL1	ENSPKIP00000015108	ENSPKIG00000001934	cryl1
ENSEEEP00000015398	ENSEEEG00000007645	NDP	ENSPKIP00000019353	ENSPKIG00000004561	
ENSEEEP00000037777	ENSEEEG00000017959	il19l	ENSPKIP00000019280	ENSPKIG00000004512	il19l
ENSEEEP00000013543	ENSEEEG00000006713	rps27.1	ENSPKIP00000015485	ENSPKIG00000002198	
ENSEEEP00000037779	ENSEEEG00000017960	IL10	ENSPKIP00000019300	ENSPKIG00000004527	il10
ENSEEEP00000051907	ENSEEEG00000024359	DZANK1	ENSPKIP00000019064	ENSPKIG00000004383	dzank1
ENSEEEP00000052555	ENSEEEG00000024615	TBCA	ENSPKIP00000041459	ENSPKIG00000018004	tbca
ENSEEEP00000022118	ENSEEEG00000010748	cyldb	ENSPKIP00000021581	ENSPKIG00000005923	cyld2
ENSEEEP00000052554	ENSEEEG00000024614	otpa	ENSPKIP00000041493	ENSPKIG00000018024	otpa
ENSEEEP00000049736	ENSEEEG00000023373	IFT88	ENSPKIP00000015499	ENSPKIG00000002129	ift88
ENSEEEP00000037481	ENSEEEG00000017817	MTFMT	ENSPKIP00000039583	ENSPKIG00000016876	mtfmt
ENSEEEP00000032120	ENSEEEG00000015323	FAM107A	ENSPKIP00000009384	ENSPKIG00000024512	
ENSEEEP00000054645	ENSEEEG00000015095	SFSWAP	ENSPKIP00000025462	ENSPKIG00000008327	sfswap
ENSEEEP00000039904	ENSEEEG00000018916	NIF3L1	ENSPKIP00000015571	ENSPKIG00000002240	nif3l1
ENSEEEP00000052548	ENSEEEG00000024613	WDR41	ENSPKIP00000041517	ENSPKIG00000018046	wdr41
ENSEEEP00000021528	ENSEEEG00000010489	RASL11A	ENSPKIP00000013465	ENSPKIG00000000892	
ENSEEEP00000032117	ENSEEEG00000015320		ENSPKIP00000009374	ENSPKIG00000024500	
ENSEEEP00000013750	ENSEEEG00000006494	DDX21	ENSPKIP00000035883	ENSPKIG00000014660	ddx21
ENSEEEP00000004407	ENSEEEG00000002287	RENBP	ENSPKIP00000024398	ENSPKIG00000007655	renbp
ENSEEEP00000039775	ENSEEEG00000018858	CHST10	ENSPKIP00000001092	ENSPKIG00000019509	chst10
ENSEEEP00000051905	ENSEEEG00000024357	POLR3F	ENSPKIP00000019150	ENSPKIG00000004427	polr3f
ENSEEEP00000032116	ENSEEEG00000015319	SERPINI1	ENSPKIP00000009351	ENSPKIG00000024487	serpini1
ENSEEEP00000051895	ENSEEEG00000024354	fam20cl	ENSPKIP00000014015	ENSPKIG00000001221	fam20cl
ENSEEEP00000031557	ENSEEEG00000015077	fam219aa	ENSPKIP00000030221	ENSPKIG00000011159	FAM219A
ENSEEEP00000038147	ENSEEEG00000018125	ldlrad4b	ENSPKIP00000040278	ENSPKIG00000017292	ldlrad4b
ENSEEEP00000038149	ENSEEEG00000018128	fam210ab	ENSPKIP00000040359	ENSPKIG00000017355	FAM210A
ENSEEEP00000032092	ENSEEEG00000015308	FBXW8	ENSPKIP00000009051	ENSPKIG00000024303	WDR49
ENSEEEP00000054465	ENSEEEG00000025943	MRPS21	ENSPKIP00000029041	ENSPKIG00000010445	mrps21
ENSEEEP00000038154	ENSEEEG00000018131	MC2R	ENSPKIP00000040436	ENSPKIG00000017402	mc2r
ENSEEEP00000047492	ENSEEEG00000022348	FANCG	ENSPKIP00000035397	ENSPKIG00000014371	fancg
ENSEEEP00000032087	ENSEEEG00000015307		ENSPKIP00000008993	ENSPKIG00000024255	
ENSEEEP00000049713	ENSEEEG00000023372	il17d	ENSPKIP00000014712	ENSPKIG00000001684	il17d
ENSEEEP00000008169	ENSEEEG00000004257	tlcd3bb	ENSPKIP00000041930	ENSPKIG00000018285	tlcd3bb
ENSEEEP00000049709	ENSEEEG00000023370	EEF1AKMT1	ENSPKIP00000015272	ENSPKIG00000002048	EEF1AKMT1
ENSEEEP00000008166	ENSEEEG00000004256	PAGR1	ENSPKIP00000011866	ENSPKIG00000018363	pagr1
ENSEEEP00000013666	ENSEEEG00000006822	SCAMP3	ENSPKIP00000037776	ENSPKIG00000015823	scamp3
ENSEEEP00000043152	ENSEEEG00000020376	ATP5PF	ENSPKIP00000032582	ENSPKIG00000012625	atp5pf
ENSEEEP00000008163	ENSEEEG00000004255	VPS25	ENSPKIP00000008814	ENSPKIG00000024136	vps25
ENSEEEP00000054891	ENSEEEG00000020378	jam2a	ENSPKIP00000029015	ENSPKIG00000010412	jam2a
ENSEEEP00000013675	ENSEEEG00000006827	si:ch211-81a5.5	ENSPKIP00000015419	ENSPKIG00000002155	lrrc71
ENSEEEP00000060910	ENSEEEG00000029054	TP53BP1	ENSPKIP00000038141	ENSPKIG00000015980	tp53bp1
ENSEEEP00000022301	ENSEEEG00000010792		ENSPKIP00000003582	ENSPKIG00000020946	
ENSEEEP00000008161	ENSEEEG00000004253	coa3a	ENSPKIP00000008770	ENSPKIG00000024121	coa3a
ENSEEEP00000031509	ENSEEEG00000015071	zgc:162344	ENSPKIP00000040411	ENSPKIG00000017388	zgc:162344
ENSEEEP00000049695	ENSEEEG00000023337	XPO4	ENSPKIP00000015172	ENSPKIG00000001940	xpo4
ENSEEEP00000064295	ENSEEEG00000020379	MRPL39	ENSPKIP00000028922	ENSPKIG00000010371	mrpl39
ENSEEEP00000008159	ENSEEEG00000004251	CNTD1	ENSPKIP00000008829	ENSPKIG00000024162	
ENSEEEP00000031508	ENSEEEG00000015070	TPGS2	ENSPKIP00000040362	ENSPKIG00000017360	tpgs2
ENSEEEP00000060757	ENSEEEG00000027045		ENSPKIP00000028900	ENSPKIG00000010358	
ENSEEEP00000043170	ENSEEEG00000020387	MRPL10	ENSPKIP00000032535	ENSPKIG00000012598	
ENSEEEP00000027423	ENSEEEG00000013233	si:ch211-38m6.7	ENSPKIP00000006676	ENSPKIG00000022856	kcnmb3
ENSEEEP00000031500	ENSEEEG00000015067	zgc:64106	ENSPKIP00000040057	ENSPKIG00000017169	zgc:64106
ENSEEEP00000036874	ENSEEEG00000017509	GPATCH4	ENSPKIP00000028419	ENSPKIG00000010081	gpatch4
ENSEEEP00000043174	ENSEEEG00000020389		ENSPKIP00000030033	ENSPKIG00000011021	
ENSEEEP00000031496	ENSEEEG00000015063	NOP56	ENSPKIP00000039967	ENSPKIG00000017104	nop56
ENSEEEP00000037308	ENSEEEG00000017732	TUBGCP4	ENSPKIP00000038358	ENSPKIG00000016146	tubgcp4
ENSEEEP00000000721	ENSEEEG00000000497	rnd3a	ENSPKIP00000030911	ENSPKIG00000011603	RND3
ENSEEEP00000043180	ENSEEEG00000020391	TSGA10	ENSPKIP00000030097	ENSPKIG00000011073	tsga10
ENSEEEP00000018934	ENSEEEG00000009200	dhrs13a.1	ENSPKIP00000013413	ENSPKIG00000000865	dhrs13l1
ENSEEEP00000058877	ENSEEEG00000026539	NES	ENSPKIP00000028589	ENSPKIG00000010176	
ENSEEEP00000016012	ENSEEEG00000007928	zgc:154075	ENSPKIP00000031687	ENSPKIG00000012060	zgc:154075
ENSEEEP00000021796	ENSEEEG00000010561	rps4x	ENSPKIP00000001792	ENSPKIG00000019937	rps4x
ENSEEEP00000037969	ENSEEEG00000018034	RASSF5	ENSPKIP00000019476	ENSPKIG00000004634	rassf5
ENSEEEP00000014858	ENSEEEG00000007397	RSPO1	ENSPKIP00000020887	ENSPKIG00000005509	rspo1
ENSEEEP00000054291	ENSEEEG00000026421	CDKN2AIP	ENSPKIP00000038443	ENSPKIG00000016219	cdkn2aip
ENSEEEP00000039856	ENSEEEG00000018898	MSL3	ENSPKIP00000031017	ENSPKIG00000011664	
ENSEEEP00000064050	ENSEEEG00000027895	fhl3a	ENSPKIP00000013331	ENSPKIG00000000805	fhl3b
ENSEEEP00000021807	ENSEEEG00000010605	hdac8	ENSPKIP00000001847	ENSPKIG00000019978	hdac8
ENSEEEP00000037287	ENSEEEG00000017720	cart3	ENSPKIP00000017316	ENSPKIG00000003280	cart3
ENSEEEP00000007800	ENSEEEG00000004084	G6PC3	ENSPKIP00000003597	ENSPKIG00000021038	g6pc3
ENSEEEP00000014863	ENSEEEG00000007399	UTP11	ENSPKIP00000013302	ENSPKIG00000000780	utp11
ENSEEEP00000021826	ENSEEEG00000010606	CNPY4	ENSPKIP00000023196	ENSPKIG00000006916	cnpy4
ENSEEEP00000007797	ENSEEEG00000004079	lsm12b	ENSPKIP00000003642	ENSPKIG00000021058	lsm12a
ENSEEEP00000007788	ENSEEEG00000004075	TMEM101	ENSPKIP00000003686	ENSPKIG00000021086	tmem101
ENSEEEP00000058878	ENSEEEG00000020936	AKR1D1	ENSPKIP00000005107	ENSPKIG00000021920	AKR1D1
ENSEEEP00000007784	ENSEEEG00000004071		ENSPKIP00000003710	ENSPKIG00000021106	gngt2b
ENSEEEP00000060592	ENSEEEG00000006953	ube2na	ENSPKIP00000041574	ENSPKIG00000018073	
ENSEEEP00000006390	ENSEEEG00000003390	UNC50	ENSPKIP00000029864	ENSPKIG00000010941	unc50
ENSEEEP00000031411	ENSEEEG00000015029	UBAP1	ENSPKIP00000039524	ENSPKIG00000016858	ubap1
ENSEEEP00000031404	ENSEEEG00000015025	UBE2R2	ENSPKIP00000039504	ENSPKIG00000016839	ube2r2
ENSEEEP00000043783	ENSEEEG00000020694	ccni2	ENSPKIP00000008777	ENSPKIG00000024127	ccni2
ENSEEEP00000031398	ENSEEEG00000015024	NUDT2	ENSPKIP00000039478	ENSPKIG00000016821	nudt2
ENSEEEP00000000296	ENSEEEG00000000150	ZRANB3	ENSPKIP00000030475	ENSPKIG00000011277	zranb3
ENSEEEP00000062859	ENSEEEG00000027477	mki67	ENSPKIP00000041462	ENSPKIG00000017988	
ENSEEEP00000031397	ENSEEEG00000015023	RFESD	ENSPKIP00000039463	ENSPKIG00000016800	rfesd
ENSEEEP00000056177	ENSEEEG00000006931	NR1H4	ENSPKIP00000031312	ENSPKIG00000011818	nr1h4
ENSEEEP00000019071	ENSEEEG00000009362	dhrs13a.2	ENSPKIP00000024357	ENSPKIG00000007593	dhrs13a.2
ENSEEEP00000049358	ENSEEEG00000023196	tut1	ENSPKIP00000005405	ENSPKIG00000022062	tut1
ENSEEEP00000019076	ENSEEEG00000009366	FAM168A	ENSPKIP00000009041	ENSPKIG00000024289	
ENSEEEP00000031393	ENSEEEG00000015020		ENSPKIP00000039382	ENSPKIG00000016755	rhobtb3
ENSEEEP00000031392	ENSEEEG00000015018	GLRX	ENSPKIP00000039424	ENSPKIG00000016780	glrx
ENSEEEP00000049603	ENSEEEG00000023321	zmp:0000001333	ENSPKIP00000014890	ENSPKIG00000001798	zmp:0000001333
ENSEEEP00000041742	ENSEEEG00000019742	EIF5AL1	ENSPKIP00000020791	ENSPKIG00000005442	
ENSEEEP00000019078	ENSEEEG00000009368		ENSPKIP00000008994	ENSPKIG00000024269	plekhb1
ENSEEEP00000049598	ENSEEEG00000023317	SAP18	ENSPKIP00000014869	ENSPKIG00000001779	sap18
ENSEEEP00000052246	ENSEEEG00000024496		ENSPKIP00000012459	ENSPKIG00000000252	
ENSEEEP00000001578	ENSEEEG00000001011	ponzr1	ENSPKIP00000023347	ENSPKIG00000007023	ponzr1
ENSEEEP00000022429	ENSEEEG00000010892	FAM83D	ENSPKIP00000021290	ENSPKIG00000005759	fam83d
ENSEEEP00000035765	ENSEEEG00000017022	pkdccb	ENSPKIP00000006954	ENSPKIG00000023036	pkdccb
ENSEEEP00000001583	ENSEEEG00000001013	zgc:194312	ENSPKIP00000023386	ENSPKIG00000007046	zgc:194312
ENSEEEP00000049591	ENSEEEG00000023316	ska3	ENSPKIP00000014825	ENSPKIG00000001754	ska3
ENSEEEP00000039919	ENSEEEG00000018926	SUGT1	ENSPKIP00000013793	ENSPKIG00000001092	sugt1
ENSEEEP00000039920	ENSEEEG00000018928	CNMD	ENSPKIP00000030771	ENSPKIG00000011503	cnmd
ENSEEEP00000019129	ENSEEEG00000009382	MRPL48	ENSPKIP00000008901	ENSPKIG00000024210	mrpl48
ENSEEEP00000043371	ENSEEEG00000020491		ENSPKIP00000013429	ENSPKIG00000000873	
ENSEEEP00000019140	ENSEEEG00000009387	DNAJB13	ENSPKIP00000008882	ENSPKIG00000024195	dnajb13
ENSEEEP00000022492	ENSEEEG00000010919	gata1a	ENSPKIP00000008633	ENSPKIG00000024047	
ENSEEEP00000008227	ENSEEEG00000004298	PGLS	ENSPKIP00000039153	ENSPKIG00000016588	cast
ENSEEEP00000022493	ENSEEEG00000010920	si:dkey-13a21.4	ENSPKIP00000026067	ENSPKIG00000008691	si:dkey-13a21.4
ENSEEEP00000019144	ENSEEEG00000009392	UCP2	ENSPKIP00000008854	ENSPKIG00000024180	ucp2
ENSEEEP00000008220	ENSEEEG00000004294	CD8A	ENSPKIP00000038995	ENSPKIG00000016548	
ENSEEEP00000008219	ENSEEEG00000004292	cd8b	ENSPKIP00000012346	ENSPKIG00000000172	
ENSEEEP00000041665	ENSEEEG00000019713	DDIT4L	ENSPKIP00000012486	ENSPKIG00000000268	DDIT4L
ENSEEEP00000028706	ENSEEEG00000013769	DCUN1D1	ENSPKIP00000006318	ENSPKIG00000022649	DCUN1D1
ENSEEEP00000019146	ENSEEEG00000009394	UCP3	ENSPKIP00000008830	ENSPKIG00000024166	
ENSEEEP00000035118	ENSEEEG00000016708	si:ch211-197g15.9	ENSPKIP00000002012	ENSPKIG00000020074	
ENSEEEP00000039944	ENSEEEG00000018938	CXorf38	ENSPKIP00000019746	ENSPKIG00000004790	CXorf38
ENSEEEP00000019153	ENSEEEG00000009395	rsf1b.1	ENSPKIP00000009082	ENSPKIG00000024326	rsf1b.1
ENSEEEP00000059910	ENSEEEG00000007801	ttc34	ENSPKIP00000031738	ENSPKIG00000012106	ttc34
ENSEEEP00000035104	ENSEEEG00000016654	HNRNPM	ENSPKIP00000014164	ENSPKIG00000001332	hnrnpm
ENSEEEP00000039945	ENSEEEG00000018939	si:ch211-91p5.3	ENSPKIP00000001238	ENSPKIG00000019606	
ENSEEEP00000055276	ENSEEEG00000020632	ATG4A	ENSPKIP00000019094	ENSPKIG00000004402	atg4a
ENSEEEP00000043375	ENSEEEG00000020496	zgc:175214	ENSPKIP00000013560	ENSPKIG00000000952	zgc:175214
ENSEEEP00000058565	ENSEEEG00000026969	march2	ENSPKIP00000030999	ENSPKIG00000011668	MARCHF2
ENSEEEP00000063832	ENSEEEG00000020339	tpm2	ENSPKIP00000000787	ENSPKIG00000019316	tpm2
ENSEEEP00000028713	ENSEEEG00000013795	CCDC39	ENSPKIP00000035348	ENSPKIG00000014216	CCDC39
ENSEEEP00000024354	ENSEEEG00000011808		ENSPKIP00000018070	ENSPKIG00000003767	
ENSEEEP00000012878	ENSEEEG00000006470	irf1a	ENSPKIP00000035849	ENSPKIG00000014634	irf1a
ENSEEEP00000024355	ENSEEEG00000011809	GPR65	ENSPKIP00000018017	ENSPKIG00000003733	
ENSEEEP00000062203	ENSEEEG00000025643	si:ch211-112c15.8	ENSPKIP00000031827	ENSPKIG00000012162	
ENSEEEP00000061555	ENSEEEG00000024987	PAWR	ENSPKIP00000017840	ENSPKIG00000003600	pawr
ENSEEEP00000024362	ENSEEEG00000011814		ENSPKIP00000034261	ENSPKIG00000013665	
ENSEEEP00000044262	ENSEEEG00000020912	ARHGAP8	ENSPKIP00000008548	ENSPKIG00000023988	ARHGAP8
ENSEEEP00000024360	ENSEEEG00000011812	cx30.3	ENSPKIP00000017965	ENSPKIG00000003687	gjb8
ENSEEEP00000043389	ENSEEEG00000020497	PDCD11	ENSPKIP00000013616	ENSPKIG00000000973	pdcd11
ENSEEEP00000047070	ENSEEEG00000022155	DNAJB5	ENSPKIP00000040230	ENSPKIG00000017272	dnajb5
ENSEEEP00000015755	ENSEEEG00000007797	arhgef3l	ENSPKIP00000024121	ENSPKIG00000007479	arhgef3l
ENSEEEP00000034914	ENSEEEG00000016609	RPP21	ENSPKIP00000015790	ENSPKIG00000002378	rpp21
ENSEEEP00000024366	ENSEEEG00000011818	PSPC1	ENSPKIP00000017813	ENSPKIG00000003578	pspc1
ENSEEEP00000034913	ENSEEEG00000016608	aqp12	ENSPKIP00000015853	ENSPKIG00000002404	aqp12
ENSEEEP00000012862	ENSEEEG00000006459	MPC1	ENSPKIP00000036217	ENSPKIG00000014857	mpc1
ENSEEEP00000044258	ENSEEEG00000020910	PHF21B	ENSPKIP00000000447	ENSPKIG00000019111	
ENSEEEP00000029973	ENSEEEG00000014359	RPS16	ENSPKIP00000018430	ENSPKIG00000004000	rps16
ENSEEEP00000019506	ENSEEEG00000009566		ENSPKIP00000001467	ENSPKIG00000019754	RANBP3L
ENSEEEP00000060608	ENSEEEG00000028902	NUP50	ENSPKIP00000000361	ENSPKIG00000019064	nup50
ENSEEEP00000029975	ENSEEEG00000014363	MYF6	ENSPKIP00000018836	ENSPKIG00000004248	myf6
ENSEEEP00000034890	ENSEEEG00000016596	ankmy1	ENSPKIP00000030651	ENSPKIG00000011429	
ENSEEEP00000012860	ENSEEEG00000006457	SULT6B1	ENSPKIP00000003774	ENSPKIG00000021133	sult6b1
ENSEEEP00000062456	ENSEEEG00000026441	FAM72B	ENSPKIP00000019863	ENSPKIG00000004851	zgc:101564
ENSEEEP00000029977	ENSEEEG00000014364	MYF5	ENSPKIP00000018884	ENSPKIG00000004272	myf5
ENSEEEP00000019320	ENSEEEG00000009461	VTCN1	ENSPKIP00000010144	ENSPKIG00000024975	vtcn1
ENSEEEP00000044672	ENSEEEG00000021095	AATF	ENSPKIP00000013338	ENSPKIG00000000808	aatf
ENSEEEP00000063497	ENSEEEG00000029109		ENSPKIP00000032342	ENSPKIG00000012452	
ENSEEEP00000052172	ENSEEEG00000024462	LIN7A	ENSPKIP00000014761	ENSPKIG00000001713	lin7a
ENSEEEP00000060959	ENSEEEG00000009458	TRIM45	ENSPKIP00000010129	ENSPKIG00000024968	trim45
ENSEEEP00000034882	ENSEEEG00000016589	HSH2D	ENSPKIP00000027537	ENSPKIG00000009561	hsh2d
ENSEEEP00000015531	ENSEEEG00000007712	GPR82	ENSPKIP00000017660	ENSPKIG00000003483	GPR82
ENSEEEP00000044667	ENSEEEG00000021092	MRM1	ENSPKIP00000024378	ENSPKIG00000007654	mrm1
ENSEEEP00000043392	ENSEEEG00000020503	atp5md	ENSPKIP00000013661	ENSPKIG00000001009	atp5md
ENSEEEP00000015535	ENSEEEG00000007715	NYX	ENSPKIP00000017702	ENSPKIG00000003512	nyx
ENSEEEP00000028736	ENSEEEG00000013808	RIPK2	ENSPKIP00000024234	ENSPKIG00000007572	ripk2
ENSEEEP00000061521	ENSEEEG00000018575	FOXP4	ENSPKIP00000019988	ENSPKIG00000004917	foxp4
ENSEEEP00000043399	ENSEEEG00000020507	TAF5	ENSPKIP00000015333	ENSPKIG00000002076	taf5
ENSEEEP00000043022	ENSEEEG00000020310	CA9	ENSPKIP00000009567	ENSPKIG00000024631	ca9
ENSEEEP00000044238	ENSEEEG00000020900	MFAP4	ENSPKIP00000014957	ENSPKIG00000001795	MFAP4
ENSEEEP00000043600	ENSEEEG00000020609	RNF121	ENSPKIP00000036422	ENSPKIG00000014990	rnf121
ENSEEEP00000028747	ENSEEEG00000013816	zgc:153115	ENSPKIP00000024262	ENSPKIG00000007585	zgc:153115
ENSEEEP00000044209	ENSEEEG00000020883	ATG10	ENSPKIP00000008627	ENSPKIG00000024040	
ENSEEEP00000022807	ENSEEEG00000011064	ACOT8	ENSPKIP00000037364	ENSPKIG00000015570	acot8
ENSEEEP00000061318	ENSEEEG00000024463	ACSS3	ENSPKIP00000019083	ENSPKIG00000004377	acss3
ENSEEEP00000054058	ENSEEEG00000021090	MKS1	ENSPKIP00000036716	ENSPKIG00000015153	mks1
ENSEEEP00000024497	ENSEEEG00000011875	FDX1	ENSPKIP00000032388	ENSPKIG00000012508	
ENSEEEP00000060461	ENSEEEG00000025322	MDFI	ENSPKIP00000020041	ENSPKIG00000004974	mdfi
ENSEEEP00000022817	ENSEEEG00000011071	IFT52	ENSPKIP00000037526	ENSPKIG00000015656	ift52
ENSEEEP00000044972	ENSEEEG00000021227	wdr95	ENSPKIP00000013133	ENSPKIG00000000658	wdr95
ENSEEEP00000052934	ENSEEEG00000006454	SLC30A6	ENSPKIP00000003826	ENSPKIG00000021150	slc30a6
ENSEEEP00000055047	ENSEEEG00000018574	TFEB	ENSPKIP00000020081	ENSPKIG00000005002	tfeb
ENSEEEP00000043592	ENSEEEG00000020603	kif4	ENSPKIP00000024959	ENSPKIG00000007967	kif4
ENSEEEP00000022825	ENSEEEG00000011075	mybl2b	ENSPKIP00000037651	ENSPKIG00000015741	mybl2b
ENSEEEP00000039100	ENSEEEG00000018570	TMEM183A	ENSPKIP00000020188	ENSPKIG00000005053	tmem183a
ENSEEEP00000052000	ENSEEEG00000024399	CALY	ENSPKIP00000012731	ENSPKIG00000000434	caly
ENSEEEP00000044971	ENSEEEG00000021225	fam78ab	ENSPKIP00000013009	ENSPKIG00000000594	
ENSEEEP00000044969	ENSEEEG00000021224	hmgb1b	ENSPKIP00000012961	ENSPKIG00000000559	
ENSEEEP00000052791	ENSEEEG00000025211	cldnk	ENSPKIP00000032641	ENSPKIG00000012658	cldnk
ENSEEEP00000019605	ENSEEEG00000009580	NUP155	ENSPKIP00000001133	ENSPKIG00000019534	nup155
ENSEEEP00000044118	ENSEEEG00000020850	ASCL4	ENSPKIP00000013382	ENSPKIG00000000847	ASCL4
ENSEEEP00000038977	ENSEEEG00000018490	MYOG	ENSPKIP00000020320	ENSPKIG00000005145	myog
ENSEEEP00000028764	ENSEEEG00000013822	si:dkey-120c6.5	ENSPKIP00000007557	ENSPKIG00000023400	
ENSEEEP00000044111	ENSEEEG00000020845	cdkn1d	ENSPKIP00000013304	ENSPKIG00000000790	
ENSEEEP00000043584	ENSEEEG00000020596	AMMECR1	ENSPKIP00000025087	ENSPKIG00000008084	ammecr1
ENSEEEP00000028763	ENSEEEG00000013819	RSAD1	ENSPKIP00000041034	ENSPKIG00000017753	rsad1
ENSEEEP00000044103	ENSEEEG00000020839	SLC37A3	ENSPKIP00000013280	ENSPKIG00000000743	
ENSEEEP00000054435	ENSEEEG00000026233	or103-1	ENSPKIP00000012774	ENSPKIG00000000459	
ENSEEEP00000000842	ENSEEEG00000000571	Olfr68	ENSPKIP00000031715	ENSPKIG00000012097	
ENSEEEP00000063117	ENSEEEG00000020808	TTLL1	ENSPKIP00000039659	ENSPKIG00000016905	ttll1
ENSEEEP00000028740	ENSEEEG00000013811	ARL16	ENSPKIP00000041231	ENSPKIG00000017866	arl16
ENSEEEP00000018619	ENSEEEG00000009155	SCN2B	ENSPKIP00000010610	ENSPKIG00000025265	scn2b
ENSEEEP00000004250	ENSEEEG00000002243	foxg1d	ENSPKIP00000003840	ENSPKIG00000021174	
ENSEEEP00000018624	ENSEEEG00000009156	scn4ba	ENSPKIP00000010599	ENSPKIG00000025258	scn4ba
ENSEEEP00000002917	ENSEEEG00000001666	or109-4	ENSPKIP00000028019	ENSPKIG00000009815	
ENSEEEP00000063747	ENSEEEG00000028436	or107-1	ENSPKIP00000028059	ENSPKIG00000009853	or40a1
ENSEEEP00000019653	ENSEEEG00000009623	ora5	ENSPKIP00000001098	ENSPKIG00000019519	
ENSEEEP00000018634	ENSEEEG00000009158	tmprss4a	ENSPKIP00000010581	ENSPKIG00000025247	
ENSEEEP00000028359	ENSEEEG00000013632		ENSPKIP00000003476	ENSPKIG00000020961	rln1
ENSEEEP00000062570	ENSEEEG00000026065	PLGRKT	ENSPKIP00000003428	ENSPKIG00000020935	plgrkt
ENSEEEP00000018638	ENSEEEG00000009162	IL10RA	ENSPKIP00000010553	ENSPKIG00000025235	il10ra
ENSEEEP00000018639	ENSEEEG00000009163	fxyd6	ENSPKIP00000010534	ENSPKIG00000025222	fxyd6
ENSEEEP00000002630	ENSEEEG00000001518	or118-1	ENSPKIP00000037438	ENSPKIG00000015617	
ENSEEEP00000025286	ENSEEEG00000011136	RPN2	ENSPKIP00000037767	ENSPKIG00000015804	rpn2
ENSEEEP00000005797	ENSEEEG00000027465	FKBP6	ENSPKIP00000037075	ENSPKIG00000015410	fkbp6
ENSEEEP00000054772	ENSEEEG00000028107	RPL24	ENSPKIP00000028691	ENSPKIG00000010232	rpl24
ENSEEEP00000002652	ENSEEEG00000001530	MAG	ENSPKIP00000008079	ENSPKIG00000023723	mag
ENSEEEP00000019817	ENSEEEG00000009637	WDR70	ENSPKIP00000001013	ENSPKIG00000019441	WDR70
ENSEEEP00000038864	ENSEEEG00000018432	zgc:193711	ENSPKIP00000026836	ENSPKIG00000009149	
ENSEEEP00000004649	ENSEEEG00000002425	si:ch73-335l21.2	ENSPKIP00000023526	ENSPKIG00000007128	si:ch73-335l21.2
ENSEEEP00000038869	ENSEEEG00000018434	Hspb2	ENSPKIP00000026868	ENSPKIG00000009167	hspb2
ENSEEEP00000004647	ENSEEEG00000002424	si:ch73-335l21.4	ENSPKIP00000023550	ENSPKIG00000007139	si:ch73-335l21.4
ENSEEEP00000024514	ENSEEEG00000011885	CEP97	ENSPKIP00000021082	ENSPKIG00000005628	
ENSEEEP00000060323	ENSEEEG00000024794	cryabb	ENSPKIP00000026890	ENSPKIG00000009184	cryaba
ENSEEEP00000019061	ENSEEEG00000009358	GDAP2	ENSPKIP00000010072	ENSPKIG00000024924	gdap2
ENSEEEP00000002664	ENSEEEG00000001537	LSR	ENSPKIP00000008177	ENSPKIG00000023781	lsr
ENSEEEP00000001618	ENSEEEG00000001036	zgc:114045	ENSPKIP00000023640	ENSPKIG00000007184	agfg2
ENSEEEP00000024524	ENSEEEG00000011887	NFKBIZ	ENSPKIP00000028605	ENSPKIG00000010186	nfkbiz
ENSEEEP00000002672	ENSEEEG00000001546	VWDE	ENSPKIP00000030806	ENSPKIG00000011526	seraf
ENSEEEP00000018653	ENSEEEG00000009170	PRLHR	ENSPKIP00000027838	ENSPKIG00000009725	si:dkey-202l22.3
ENSEEEP00000024547	ENSEEEG00000011894	EED	ENSPKIP00000011148	ENSPKIG00000025571	eed
ENSEEEP00000018655	ENSEEEG00000009172	gpr184	ENSPKIP00000027861	ENSPKIG00000009735	gpr184
ENSEEEP00000019828	ENSEEEG00000009703	gdnfa	ENSPKIP00000038726	ENSPKIG00000016387	gdnfb
ENSEEEP00000042710	ENSEEEG00000020149	trim35-13	ENSPKIP00000034960	ENSPKIG00000014027	trim35-13
ENSEEEP00000002691	ENSEEEG00000001554	FRAS1	ENSPKIP00000030888	ENSPKIG00000011568	VWDE
ENSEEEP00000050089	ENSEEEG00000023560	CFAP58	ENSPKIP00000013047	ENSPKIG00000000602	cfap58
ENSEEEP00000052181	ENSEEEG00000024465	LLPH	ENSPKIP00000039453	ENSPKIG00000016802	llph
ENSEEEP00000062474	ENSEEEG00000009325	WDR3	ENSPKIP00000010034	ENSPKIG00000024900	wdr3
ENSEEEP00000016644	ENSEEEG00000008241	CMSS1	ENSPKIP00000032565	ENSPKIG00000012609	cmss1
ENSEEEP00000050083	ENSEEEG00000023557	neurl1aa	ENSPKIP00000013109	ENSPKIG00000000663	neurl1aa
ENSEEEP00000024555	ENSEEEG00000011906	HIKESHI	ENSPKIP00000021149	ENSPKIG00000005655	hikeshi
ENSEEEP00000016648	ENSEEEG00000008243	tmem30c	ENSPKIP00000032221	ENSPKIG00000012397	tmem30c
ENSEEEP00000007373	ENSEEEG00000003870	SGCA	ENSPKIP00000003922	ENSPKIG00000021231	sgca
ENSEEEP00000024588	ENSEEEG00000011921	PRSS23	ENSPKIP00000028444	ENSPKIG00000010092	PRSS23
ENSEEEP00000043865	ENSEEEG00000020733	DCTN2	ENSPKIP00000022218	ENSPKIG00000006312	
ENSEEEP00000043863	ENSEEEG00000020730		ENSPKIP00000039701	ENSPKIG00000016956	
ENSEEEP00000035536	ENSEEEG00000016930		ENSPKIP00000040151	ENSPKIG00000017234	
ENSEEEP00000043859	ENSEEEG00000020728		ENSPKIP00000022312	ENSPKIG00000006368	
ENSEEEP00000061216	ENSEEEG00000028684	C1QC	ENSPKIP00000002828	ENSPKIG00000020574	col8a1b
ENSEEEP00000024595	ENSEEEG00000011924	ildr1a	ENSPKIP00000028349	ENSPKIG00000010032	ildr1b
ENSEEEP00000037169	ENSEEEG00000017661	rgs5b	ENSPKIP00000041991	ENSPKIG00000018406	rgs5b
ENSEEEP00000052186	ENSEEEG00000024467	GOLGB1	ENSPKIP00000039513	ENSPKIG00000016843	golgb1
ENSEEEP00000016662	ENSEEEG00000008251	jagn1a	ENSPKIP00000032292	ENSPKIG00000012451	jagn1b
ENSEEEP00000007345	ENSEEEG00000003798	RFNG	ENSPKIP00000022900	ENSPKIG00000006732	rfng
ENSEEEP00000024610	ENSEEEG00000011929	GPA33	ENSPKIP00000028251	ENSPKIG00000009968	
ENSEEEP00000033343	ENSEEEG00000015721	LIPG	ENSPKIP00000027924	ENSPKIG00000009774	
ENSEEEP00000024631	ENSEEEG00000011935		ENSPKIP00000028212	ENSPKIG00000009925	
ENSEEEP00000037419	ENSEEEG00000017792	RGS18	ENSPKIP00000011869	ENSPKIG00000018364	rgs18
ENSEEEP00000016664	ENSEEEG00000008252	TFG	ENSPKIP00000002867	ENSPKIG00000020591	tfg
ENSEEEP00000052188	ENSEEEG00000024468	GUCA1A	ENSPKIP00000012330	ENSPKIG00000000161	guca1aa
ENSEEEP00000024632	ENSEEEG00000011939	dusp27	ENSPKIP00000025551	ENSPKIG00000008386	styxl2
ENSEEEP00000012200	ENSEEEG00000005706	CUL2	ENSPKIP00000030064	ENSPKIG00000011001	cul2
ENSEEEP00000012956	ENSEEEG00000006513		ENSPKIP00000015681	ENSPKIG00000002314	
ENSEEEP00000007197	ENSEEEG00000003794	DCXR	ENSPKIP00000025033	ENSPKIG00000008044	dcxr
ENSEEEP00000012689	ENSEEEG00000006370	tekt4	ENSPKIP00000015606	ENSPKIG00000002264	tekt4
ENSEEEP00000024634	ENSEEEG00000011941	CD247	ENSPKIP00000028021	ENSPKIG00000009835	
ENSEEEP00000053273	ENSEEEG00000013579	ZER1	ENSPKIP00000036102	ENSPKIG00000014741	zer1
ENSEEEP00000037420	ENSEEEG00000017793	RGS1	ENSPKIP00000011884	ENSPKIG00000018348	rgs1
ENSEEEP00000024635	ENSEEEG00000011942	CREG1	ENSPKIP00000028008	ENSPKIG00000009816	creg1
ENSEEEP00000052196	ENSEEEG00000024470	ORC5	ENSPKIP00000012196	ENSPKIG00000000068	orc5
ENSEEEP00000024636	ENSEEEG00000011943	h2az2a	ENSPKIP00000025247	ENSPKIG00000008161	
ENSEEEP00000012695	ENSEEEG00000006376		ENSPKIP00000017240	ENSPKIG00000003248	
ENSEEEP00000024637	ENSEEEG00000011944	SETDB2	ENSPKIP00000027952	ENSPKIG00000009795	
ENSEEEP00000059595	ENSEEEG00000008260	senp7	ENSPKIP00000032607	ENSPKIG00000012646	SENP7
ENSEEEP00000060739	ENSEEEG00000024695	GLIS3	ENSPKIP00000041002	ENSPKIG00000017730	glis3
ENSEEEP00000063030	ENSEEEG00000026116	EXOSC1	ENSPKIP00000038143	ENSPKIG00000016037	exosc1
ENSEEEP00000056097	ENSEEEG00000025562	rpl37	ENSPKIP00000023863	ENSPKIG00000007327	coa1
ENSEEEP00000050079	ENSEEEG00000023553	STN1	ENSPKIP00000013196	ENSPKIG00000000721	stn1
ENSEEEP00000037435	ENSEEEG00000017803	BLVRA	ENSPKIP00000023894	ENSPKIG00000007346	blvra
ENSEEEP00000043689	ENSEEEG00000020259	CCT2	ENSPKIP00000006435	ENSPKIG00000022706	cct2
ENSEEEP00000061662	ENSEEEG00000029046	si:ch211-246m6.4	ENSPKIP00000002903	ENSPKIG00000020618	si:ch211-246m6.4
ENSEEEP00000015570	ENSEEEG00000007718	DPM1	ENSPKIP00000008524	ENSPKIG00000023975	dpm1
ENSEEEP00000062276	ENSEEEG00000025930	F7	ENSPKIP00000027914	ENSPKIG00000009762	f7l
ENSEEEP00000022819	ENSEEEG00000011074	palm1b	ENSPKIP00000026397	ENSPKIG00000008909	
ENSEEEP00000059743	ENSEEEG00000026269	stk32a	ENSPKIP00000017129	ENSPKIG00000003173	STK32A
ENSEEEP00000050066	ENSEEEG00000023546	BCL9	ENSPKIP00000030031	ENSPKIG00000011043	bcl9
ENSEEEP00000025395	ENSEEEG00000012325		ENSPKIP00000037845	ENSPKIG00000015875	
ENSEEEP00000022818	ENSEEEG00000011072		ENSPKIP00000026374	ENSPKIG00000008887	
ENSEEEP00000015519	ENSEEEG00000007708	TAF13	ENSPKIP00000037238	ENSPKIG00000015501	taf13
ENSEEEP00000022815	ENSEEEG00000011070	KLF1	ENSPKIP00000026286	ENSPKIG00000008842	klf1
ENSEEEP00000015513	ENSEEEG00000007684	TNNC2	ENSPKIP00000007641	ENSPKIG00000023457	tnnc2.1
ENSEEEP00000058402	ENSEEEG00000027510	rgl3a	ENSPKIP00000026198	ENSPKIG00000008774	rgl3a
ENSEEEP00000038052	ENSEEEG00000018074	EBI3	ENSPKIP00000026600	ENSPKIG00000009019	ebi3
ENSEEEP00000061488	ENSEEEG00000025994		ENSPKIP00000018200	ENSPKIG00000003849	
ENSEEEP00000052216	ENSEEEG00000024480	NDUFB2	ENSPKIP00000012127	ENSPKIG00000000032	ndufb2
ENSEEEP00000038216	ENSEEEG00000018172	SRPX	ENSPKIP00000003649	ENSPKIG00000021046	srpx
ENSEEEP00000019409	ENSEEEG00000009507	FKRP	ENSPKIP00000028033	ENSPKIG00000009846	fkrp
ENSEEEP00000050063	ENSEEEG00000023544	cbr1	ENSPKIP00000025713	ENSPKIG00000008486	cbr1
ENSEEEP00000050062	ENSEEEG00000023543	SETD4	ENSPKIP00000025657	ENSPKIG00000008446	setd4
ENSEEEP00000038211	ENSEEEG00000018170		ENSPKIP00000035187	ENSPKIG00000014240	ggact.1
ENSEEEP00000038210	ENSEEEG00000018168	SYTL5	ENSPKIP00000003702	ENSPKIG00000021093	sytl5
ENSEEEP00000050060	ENSEEEG00000023542	CRYZL1	ENSPKIP00000025580	ENSPKIG00000008403	cryzl1
ENSEEEP00000042753	ENSEEEG00000020102	nots	ENSPKIP00000006489	ENSPKIG00000022753	nots
ENSEEEP00000060685	ENSEEEG00000025824		ENSPKIP00000010850	ENSPKIG00000025342	
ENSEEEP00000043546	ENSEEEG00000020584	CDH5	ENSPKIP00000023345	ENSPKIG00000007020	cdh5
ENSEEEP00000038202	ENSEEEG00000018164	PIGA	ENSPKIP00000004098	ENSPKIG00000021344	piga
ENSEEEP00000056898	ENSEEEG00000020582	BEAN1	ENSPKIP00000008084	ENSPKIG00000023737	bean1
ENSEEEP00000024805	ENSEEEG00000011945	f7i	ENSPKIP00000027832	ENSPKIG00000009720	f7i
ENSEEEP00000012285	ENSEEEG00000006182	RMDN1	ENSPKIP00000008072	ENSPKIG00000023728	rmdn1
ENSEEEP00000043544	ENSEEEG00000020581	si:ch211-189a15.5	ENSPKIP00000023442	ENSPKIG00000007072	si:ch211-189a15.5
ENSEEEP00000038200	ENSEEEG00000018162		ENSPKIP00000032275	ENSPKIG00000012438	TASL
ENSEEEP00000043533	ENSEEEG00000020571	TK2	ENSPKIP00000023645	ENSPKIG00000007122	tk2
ENSEEEP00000038198	ENSEEEG00000018157	RNASEH2B	ENSPKIP00000033832	ENSPKIG00000013386	rnaseh2b
ENSEEEP00000032984	ENSEEEG00000015705	si:ch1073-396h14.1	ENSPKIP00000028050	ENSPKIG00000009828	si:ch1073-396h14.1
ENSEEEP00000029087	ENSEEEG00000013953	TRIM13	ENSPKIP00000033765	ENSPKIG00000013357	trim13
ENSEEEP00000043501	ENSEEEG00000020568	CKLF	ENSPKIP00000008779	ENSPKIG00000024128	
ENSEEEP00000043500	ENSEEEG00000020567	CMTM3	ENSPKIP00000023680	ENSPKIG00000007213	cmtm3
ENSEEEP00000029085	ENSEEEG00000013952	spryd7b	ENSPKIP00000032210	ENSPKIG00000012391	spryd7b
ENSEEEP00000043499	ENSEEEG00000020566	CMTM4	ENSPKIP00000023727	ENSPKIG00000007240	cmtm4
ENSEEEP00000050032	ENSEEEG00000023524	AGPAT3	ENSPKIP00000016590	ENSPKIG00000002841	agpat3
ENSEEEP00000022806	ENSEEEG00000011061		ENSPKIP00000024001	ENSPKIG00000007418	
ENSEEEP00000032971	ENSEEEG00000015699	SAFB	ENSPKIP00000028170	ENSPKIG00000009902	safb
ENSEEEP00000022709	ENSEEEG00000011018	acp5a	ENSPKIP00000025658	ENSPKIG00000008444	acp5a
ENSEEEP00000044482	ENSEEEG00000021008	MFNG	ENSPKIP00000020821	ENSPKIG00000005456	mfng
ENSEEEP00000060471	ENSEEEG00000010977	ptger1a	ENSPKIP00000025544	ENSPKIG00000008380	ptger1b
ENSEEEP00000032962	ENSEEEG00000015695	MRPL54	ENSPKIP00000028271	ENSPKIG00000009984	mrpl54
ENSEEEP00000032961	ENSEEEG00000015694	FAM32A	ENSPKIP00000028289	ENSPKIG00000009996	fam32a
ENSEEEP00000044516	ENSEEEG00000021019	sult3st4	ENSPKIP00000020768	ENSPKIG00000005421	sult3st4
ENSEEEP00000014238	ENSEEEG00000007056	SH3PXD2B	ENSPKIP00000016833	ENSPKIG00000002967	sh3pxd2b
ENSEEEP00000025824	ENSEEEG00000012511	NAE1	ENSPKIP00000023932	ENSPKIG00000007379	nae1
ENSEEEP00000029963	ENSEEEG00000014355	bpifcl	ENSPKIP00000023272	ENSPKIG00000006904	bpifcl
ENSEEEP00000062479	ENSEEEG00000023458	FAM168A	ENSPKIP00000008821	ENSPKIG00000024158	fam168a
ENSEEEP00000029956	ENSEEEG00000014351	ACTR5	ENSPKIP00000023071	ENSPKIG00000006836	actr5
ENSEEEP00000025804	ENSEEEG00000012489	CCNE1	ENSPKIP00000019068	ENSPKIG00000004378	ccne1
ENSEEEP00000060001	ENSEEEG00000025481	P2RY6	ENSPKIP00000008812	ENSPKIG00000024152	P2RY6
ENSEEEP00000029954	ENSEEEG00000014349	ndufa4l2a	ENSPKIP00000023028	ENSPKIG00000006805	ndufa4l2a
ENSEEEP00000049903	ENSEEEG00000023460	ARHGEF17	ENSPKIP00000008801	ENSPKIG00000024134	arhgef17
ENSEEEP00000025760	ENSEEEG00000012478	zgc:162297	ENSPKIP00000030095	ENSPKIG00000011069	zgc:162297
ENSEEEP00000001149	ENSEEEG00000000772	SLC16A13	ENSPKIP00000023803	ENSPKIG00000007295	slc16a13
ENSEEEP00000029951	ENSEEEG00000014347	STAC3	ENSPKIP00000017261	ENSPKIG00000003255	STAC3
ENSEEEP00000053483	ENSEEEG00000012477	si:ch211-260e23.9	ENSPKIP00000019100	ENSPKIG00000004412	
ENSEEEP00000001141	ENSEEEG00000000763	BCL6B	ENSPKIP00000018561	ENSPKIG00000004089	bcl6b
ENSEEEP00000049905	ENSEEEG00000023462	RELT	ENSPKIP00000008736	ENSPKIG00000024107	relt
ENSEEEP00000025744	ENSEEEG00000012469	PLEKHF1	ENSPKIP00000019180	ENSPKIG00000004449	plekhf1
ENSEEEP00000025703	ENSEEEG00000012437	SHCBP1	ENSPKIP00000019371	ENSPKIG00000004554	SHCBP1
ENSEEEP00000000289	ENSEEEG00000000214	UQCRFS1	ENSPKIP00000029982	ENSPKIG00000011020	uqcrfs1
ENSEEEP00000000301	ENSEEEG00000000221	VSTM2B	ENSPKIP00000019244	ENSPKIG00000004488	vstm2b
ENSEEEP00000055005	ENSEEEG00000025633	gpr37b	ENSPKIP00000010193	ENSPKIG00000025009	
ENSEEEP00000059328	ENSEEEG00000025280	si:ch211-114c12.5	ENSPKIP00000000708	ENSPKIG00000019271	
ENSEEEP00000062286	ENSEEEG00000007919	txnl1	ENSPKIP00000002330	ENSPKIG00000020256	txnl1
ENSEEEP00000045042	ENSEEEG00000021044	man2b1	ENSPKIP00000020679	ENSPKIG00000005364	man2b1
ENSEEEP00000050010	ENSEEEG00000023509	RPS3	ENSPKIP00000008644	ENSPKIG00000024046	rps3
ENSEEEP00000032435	ENSEEEG00000015467	STIL	ENSPKIP00000015543	ENSPKIG00000002226	stil
ENSEEEP00000013722	ENSEEEG00000006840	gpr37l1b	ENSPKIP00000020422	ENSPKIG00000005214	gpr37l1a
ENSEEEP00000032202	ENSEEEG00000015359	SERPINC1	ENSPKIP00000015264	ENSPKIG00000002045	serpinc1
ENSEEEP00000052289	ENSEEEG00000024515	CD36	ENSPKIP00000017308	ENSPKIG00000003276	cd36
ENSEEEP00000048966	ENSEEEG00000023013	EBPL	ENSPKIP00000032114	ENSPKIG00000012333	ebpl
ENSEEEP00000039256	ENSEEEG00000018612	NFIB	ENSPKIP00000012299	ENSPKIG00000000142	NFIB
ENSEEEP00000032187	ENSEEEG00000015352	S1PR1	ENSPKIP00000015214	ENSPKIG00000002010	s1pr1
ENSEEEP00000059104	ENSEEEG00000015348	DPH5	ENSPKIP00000015190	ENSPKIG00000001985	dph5
ENSEEEP00000032872	ENSEEEG00000015652	UBXN7	ENSPKIP00000031266	ENSPKIG00000011801	ubxn7
ENSEEEP00000032171	ENSEEEG00000015343	SLC30A7	ENSPKIP00000015111	ENSPKIG00000001921	slc30a7
ENSEEEP00000062124	ENSEEEG00000027277		ENSPKIP00000015028	ENSPKIG00000001873	
ENSEEEP00000032982	ENSEEEG00000015655	ppp1r7	ENSPKIP00000031355	ENSPKIG00000011862	ppp1r7
ENSEEEP00000032147	ENSEEEG00000015335	GPR88	ENSPKIP00000014980	ENSPKIG00000001846	GPR88
ENSEEEP00000048957	ENSEEEG00000023010	CDADC1	ENSPKIP00000033410	ENSPKIG00000013133	cdadc1
ENSEEEP00000032998	ENSEEEG00000015711	GK5	ENSPKIP00000031497	ENSPKIG00000011960	gk5
ENSEEEP00000029000	ENSEEEG00000013911	SUSD5	ENSPKIP00000030465	ENSPKIG00000011308	
ENSEEEP00000039151	ENSEEEG00000018602	ZDHHC21	ENSPKIP00000012266	ENSPKIG00000000118	
ENSEEEP00000062224	ENSEEEG00000028580		ENSPKIP00000023900	ENSPKIG00000007354	
ENSEEEP00000039147	ENSEEEG00000018599	BOLA2	ENSPKIP00000023913	ENSPKIG00000007368	zgc:112271
ENSEEEP00000032142	ENSEEEG00000015293	RTCA	ENSPKIP00000014667	ENSPKIG00000001653	rtca
ENSEEEP00000039145	ENSEEEG00000018598	slx1b	ENSPKIP00000023972	ENSPKIG00000007396	slx1b
ENSEEEP00000033042	ENSEEEG00000015724	XRN1	ENSPKIP00000031466	ENSPKIG00000011925	
ENSEEEP00000032044	ENSEEEG00000015287	LRRC39	ENSPKIP00000014508	ENSPKIG00000001544	lrrc39
ENSEEEP00000062826	ENSEEEG00000023000	TUBGCP3	ENSPKIP00000031531	ENSPKIG00000011878	tubgcp3
ENSEEEP00000032042	ENSEEEG00000015286	TRMT13	ENSPKIP00000014463	ENSPKIG00000001514	trmt13
ENSEEEP00000056019	ENSEEEG00000019072	MUC1	ENSPKIP00000017731	ENSPKIG00000003526	
ENSEEEP00000033233	ENSEEEG00000015741	atp1b3b	ENSPKIP00000031555	ENSPKIG00000011995	
ENSEEEP00000039059	ENSEEEG00000018540	TRMT44	ENSPKIP00000019535	ENSPKIG00000004663	trmt44
ENSEEEP00000045625	ENSEEEG00000021353	TRMT1	ENSPKIP00000020608	ENSPKIG00000005309	trmt1
ENSEEEP00000062232	ENSEEEG00000026115	RPL34	ENSPKIP00000013126	ENSPKIG00000000673	rpl34
ENSEEEP00000039040	ENSEEEG00000018525	OSTC	ENSPKIP00000013160	ENSPKIG00000000697	ostc
ENSEEEP00000033247	ENSEEEG00000015807	grk7a	ENSPKIP00000031597	ENSPKIG00000012017	grk7a
ENSEEEP00000005130	ENSEEEG00000002673	STX10	ENSPKIP00000020469	ENSPKIG00000005243	stx10
ENSEEEP00000026043	ENSEEEG00000012608	WDR83OS	ENSPKIP00000020245	ENSPKIG00000005091	wdr83os
ENSEEEP00000026044	ENSEEEG00000012610	tpbgl	ENSPKIP00000037003	ENSPKIG00000015364	
ENSEEEP00000052372	ENSEEEG00000024527	NUP107	ENSPKIP00000006049	ENSPKIG00000022464	nup107
ENSEEEP00000038930	ENSEEEG00000018475		ENSPKIP00000007799	ENSPKIG00000023560	
ENSEEEP00000062111	ENSEEEG00000025701	DOCK3	ENSPKIP00000007746	ENSPKIG00000023525	
ENSEEEP00000038915	ENSEEEG00000018463	LARP7	ENSPKIP00000007696	ENSPKIG00000023484	larp7
ENSEEEP00000046851	ENSEEEG00000022057	rpl22l1	ENSPKIP00000003059	ENSPKIG00000020724	rpl22l1
ENSEEEP00000056921	ENSEEEG00000025035	CRTC3	ENSPKIP00000039019	ENSPKIG00000016547	crtc3
ENSEEEP00000025219	ENSEEEG00000012234	TRIAP1	ENSPKIP00000008230	ENSPKIG00000023808	triap1
ENSEEEP00000025221	ENSEEEG00000012236	SRSF9	ENSPKIP00000009954	ENSPKIG00000024851	
ENSEEEP00000040690	ENSEEEG00000019282	ENPP2	ENSPKIP00000039097	ENSPKIG00000016593	adamtsl5
ENSEEEP00000038898	ENSEEEG00000018453	PLIN2	ENSPKIP00000007635	ENSPKIG00000023455	plin2
ENSEEEP00000052374	ENSEEEG00000024536	SLC35E3	ENSPKIP00000006134	ENSPKIG00000022538	slc35e3
ENSEEEP00000052376	ENSEEEG00000024537	MDM2	ENSPKIP00000006167	ENSPKIG00000022554	mdm2
ENSEEEP00000025233	ENSEEEG00000012240	EPB41L4A	ENSPKIP00000011942	ENSPKIG00000025599	epb41l4a
ENSEEEP00000038883	ENSEEEG00000018444	HAUS6	ENSPKIP00000007578	ENSPKIG00000023404	haus6
ENSEEEP00000025238	ENSEEEG00000012246	CMKLR1	ENSPKIP00000011973	ENSPKIG00000025668	c3ar1
ENSEEEP00000061313	ENSEEEG00000019279	SERINC4	ENSPKIP00000002219	ENSPKIG00000020153	serinc4
ENSEEEP00000025240	ENSEEEG00000012248	tdgf1	ENSPKIP00000004155	ENSPKIG00000021384	tdgf1
ENSEEEP00000063000	ENSEEEG00000027042	LRRC31	ENSPKIP00000040909	ENSPKIG00000017690	lrrc31
ENSEEEP00000046912	ENSEEEG00000022083	LRRC34	ENSPKIP00000002755	ENSPKIG00000020508	lrrc34
ENSEEEP00000056563	ENSEEEG00000029061	MYNN	ENSPKIP00000002780	ENSPKIG00000020543	
ENSEEEP00000038867	ENSEEEG00000018433	ACER2	ENSPKIP00000007252	ENSPKIG00000023221	acer2
ENSEEEP00000046919	ENSEEEG00000022085	apodb	ENSPKIP00000002412	ENSPKIG00000020317	apoda.1
ENSEEEP00000038862	ENSEEEG00000018431	PPP1R15A	ENSPKIP00000017053	ENSPKIG00000003126	
ENSEEEP00000046922	ENSEEEG00000022091	OTOS	ENSPKIP00000034609	ENSPKIG00000013877	otos
ENSEEEP00000046923	ENSEEEG00000022092	COPS9	ENSPKIP00000034634	ENSPKIG00000013891	cops9
ENSEEEP00000046924	ENSEEEG00000022093	and1	ENSPKIP00000000409	ENSPKIG00000019076	and1
ENSEEEP00000060580	ENSEEEG00000026211		ENSPKIP00000000349	ENSPKIG00000019053	
ENSEEEP00000040687	ENSEEEG00000019277	HYPK	ENSPKIP00000039180	ENSPKIG00000016636	hypk
ENSEEEP00000040678	ENSEEEG00000019273	MFAP1	ENSPKIP00000002322	ENSPKIG00000020254	mfap1
ENSEEEP00000040671	ENSEEEG00000019272	HDDC3	ENSPKIP00000039211	ENSPKIG00000016651	hddc3
ENSEEEP00000013537	ENSEEEG00000006766	SPRYD4	ENSPKIP00000022187	ENSPKIG00000006304	spryd4
ENSEEEP00000026506	ENSEEEG00000012824	FTCD	ENSPKIP00000027650	ENSPKIG00000009608	ftcd
ENSEEEP00000040662	ENSEEEG00000019264	vps33b	ENSPKIP00000039337	ENSPKIG00000016695	vps33b
ENSEEEP00000013495	ENSEEEG00000006749	magoh	ENSPKIP00000030489	ENSPKIG00000011331	magoh
ENSEEEP00000026509	ENSEEEG00000012825	CNOT9	ENSPKIP00000027972	ENSPKIG00000009784	cnot9
ENSEEEP00000013479	ENSEEEG00000006732	uck2a	ENSPKIP00000030385	ENSPKIG00000011255	UCK2
ENSEEEP00000013451	ENSEEEG00000006730	TMCO1	ENSPKIP00000030350	ENSPKIG00000011236	tmco1
ENSEEEP00000046959	ENSEEEG00000022105	ccl20b	ENSPKIP00000002842	ENSPKIG00000020576	
ENSEEEP00000046970	ENSEEEG00000022111	sh3kbp1	ENSPKIP00000037714	ENSPKIG00000015727	sh3kbp1
ENSEEEP00000015299	ENSEEEG00000007607	SNX16	ENSPKIP00000008178	ENSPKIG00000023789	snx16
ENSEEEP00000015301	ENSEEEG00000007608	hnrnpc	ENSPKIP00000037927	ENSPKIG00000015926	
ENSEEEP00000015309	ENSEEEG00000007610		ENSPKIP00000011730	ENSPKIG00000018695	
ENSEEEP00000040635	ENSEEEG00000019260	TTC17	ENSPKIP00000004761	ENSPKIG00000021708	ttc17
ENSEEEP00000046979	ENSEEEG00000022116	CAMK2N2	ENSPKIP00000037523	ENSPKIG00000015679	camk2n2b
ENSEEEP00000013328	ENSEEEG00000006677	zgc:112962	ENSPKIP00000024363	ENSPKIG00000007637	
ENSEEEP00000013326	ENSEEEG00000006676	si:dkeyp-82a1.6	ENSPKIP00000038295	ENSPKIG00000016127	
ENSEEEP00000013306	ENSEEEG00000006652	depdc1a	ENSPKIP00000028099	ENSPKIG00000009884	depdc1a
ENSEEEP00000047122	ENSEEEG00000022123	CHRND	ENSPKIP00000037478	ENSPKIG00000015634	chrnd
ENSEEEP00000049378	ENSEEEG00000023206	ect2l	ENSPKIP00000020755	ENSPKIG00000005402	ect2l
ENSEEEP00000013198	ENSEEEG00000006614	si:ch211-198n5.11	ENSPKIP00000028578	ENSPKIG00000010147	si:ch211-198n5.11
ENSEEEP00000040621	ENSEEEG00000019247	APIP	ENSPKIP00000033848	ENSPKIG00000013406	APIP
ENSEEEP00000049382	ENSEEEG00000023207	CCDC28A	ENSPKIP00000020868	ENSPKIG00000005494	ccdc28a
ENSEEEP00000049392	ENSEEEG00000027026	snap23.1	ENSPKIP00000026001	ENSPKIG00000008651	snap23.1
ENSEEEP00000041107	ENSEEEG00000019327	EIF5B	ENSPKIP00000030183	ENSPKIG00000011133	eif5b
ENSEEEP00000013757	ENSEEEG00000006854	USP19	ENSPKIP00000006838	ENSPKIG00000022950	usp19
ENSEEEP00000049398	ENSEEEG00000023214	RIN3	ENSPKIP00000004145	ENSPKIG00000021377	rin3
ENSEEEP00000040605	ENSEEEG00000019237	ascl1b	ENSPKIP00000012308	ENSPKIG00000000148	ascl1b
ENSEEEP00000061225	ENSEEEG00000028544	nrn1a	ENSPKIP00000029248	ENSPKIG00000010579	nrn1a
ENSEEEP00000040604	ENSEEEG00000019235	rassf7b	ENSPKIP00000012482	ENSPKIG00000000264	rassf7a
ENSEEEP00000061729	ENSEEEG00000027443	pth2	ENSPKIP00000033680	ENSPKIG00000013306	pth2
ENSEEEP00000040602	ENSEEEG00000019231	hrasb	ENSPKIP00000012550	ENSPKIG00000000303	HRAS
ENSEEEP00000010185	ENSEEEG00000005172	FARS2	ENSPKIP00000029198	ENSPKIG00000010545	fars2
ENSEEEP00000063914	ENSEEEG00000022191	KLHL34	ENSPKIP00000032411	ENSPKIG00000012518	KLHL34
ENSEEEP00000047349	ENSEEEG00000022289	FAM149B1	ENSPKIP00000012866	ENSPKIG00000000509	fam149b1
ENSEEEP00000010186	ENSEEEG00000005173	LYRM4	ENSPKIP00000029124	ENSPKIG00000010494	lyrm4b
ENSEEEP00000047147	ENSEEEG00000022192	SMPX	ENSPKIP00000032437	ENSPKIG00000012545	smpx
ENSEEEP00000010187	ENSEEEG00000005174	PPP1R3G	ENSPKIP00000029105	ENSPKIG00000010480	
ENSEEEP00000047348	ENSEEEG00000022288		ENSPKIP00000039076	ENSPKIG00000016590	
ENSEEEP00000057544	ENSEEEG00000025116	CYB5A	ENSPKIP00000027920	ENSPKIG00000009771	cyb5b
ENSEEEP00000047347	ENSEEEG00000022287	ndnfl	ENSPKIP00000012952	ENSPKIG00000000557	ndnfl
ENSEEEP00000047157	ENSEEEG00000022195	NAA50	ENSPKIP00000032987	ENSPKIG00000012869	naa50
ENSEEEP00000047167	ENSEEEG00000022198	USF3	ENSPKIP00000032903	ENSPKIG00000012814	usf3
ENSEEEP00000041184	ENSEEEG00000019489	LIPT1	ENSPKIP00000030162	ENSPKIG00000011118	lipt1
ENSEEEP00000041185	ENSEEEG00000019491	ATP5PD	ENSPKIP00000032003	ENSPKIG00000012275	atp5pd
ENSEEEP00000047172	ENSEEEG00000022202		ENSPKIP00000033673	ENSPKIG00000013259	
ENSEEEP00000047176	ENSEEEG00000022205	spice1	ENSPKIP00000033712	ENSPKIG00000013323	spice1
ENSEEEP00000047178	ENSEEEG00000022207	shisa2b	ENSPKIP00000033756	ENSPKIG00000013355	shisa2b
ENSEEEP00000053976	ENSEEEG00000026197	fopnl	ENSPKIP00000029680	ENSPKIG00000010838	cep20
ENSEEEP00000013119	ENSEEEG00000006594	TOR3A	ENSPKIP00000023904	ENSPKIG00000007356	tor3a
ENSEEEP00000061925	ENSEEEG00000024956	UBE2G2	ENSPKIP00000026746	ENSPKIG00000009101	ube2g2
ENSEEEP00000058488	ENSEEEG00000005185	ECI2	ENSPKIP00000028797	ENSPKIG00000010287	eci2
ENSEEEP00000061030	ENSEEEG00000024699	RNF6	ENSPKIP00000033896	ENSPKIG00000013440	rnf6
ENSEEEP00000000378	ENSEEEG00000000263	USP40	ENSPKIP00000026663	ENSPKIG00000009015	usp40
ENSEEEP00000030343	ENSEEEG00000014548	CTNS	ENSPKIP00000026936	ENSPKIG00000009205	ctns
ENSEEEP00000052711	ENSEEEG00000027174	cavin2b	ENSPKIP00000018272	ENSPKIG00000003900	
ENSEEEP00000030342	ENSEEEG00000014547	ccl25b	ENSPKIP00000026966	ENSPKIG00000009232	
ENSEEEP00000000409	ENSEEEG00000000305	STK19	ENSPKIP00000037140	ENSPKIG00000015444	whr1
ENSEEEP00000013111	ENSEEEG00000006583	EPS15	ENSPKIP00000023841	ENSPKIG00000007277	eps15
ENSEEEP00000030341	ENSEEEG00000014546	POLE4	ENSPKIP00000012132	ENSPKIG00000000035	pole4
ENSEEEP00000030340	ENSEEEG00000014545	ccl44	ENSPKIP00000027017	ENSPKIG00000009259	ccl44
ENSEEEP00000027608	ENSEEEG00000013296	slx9	ENSPKIP00000035312	ENSPKIG00000014324	slx9
ENSEEEP00000047217	ENSEEEG00000022230	wasf3b	ENSPKIP00000034051	ENSPKIG00000013525	wasf3b
ENSEEEP00000030335	ENSEEEG00000014543	TAX1BP3	ENSPKIP00000027484	ENSPKIG00000009527	tax1bp3
ENSEEEP00000047218	ENSEEEG00000022231	GPR12	ENSPKIP00000034085	ENSPKIG00000013557	gpr12
ENSEEEP00000000972	ENSEEEG00000000661	SMIM10	ENSPKIP00000037209	ENSPKIG00000015488	
ENSEEEP00000030329	ENSEEEG00000014541	USHBP1	ENSPKIP00000025946	ENSPKIG00000008610	
ENSEEEP00000047104	ENSEEEG00000022175	drd6b	ENSPKIP00000021617	ENSPKIG00000005952	drd6b
ENSEEEP00000047100	ENSEEEG00000022173	fgfbp3	ENSPKIP00000021634	ENSPKIG00000005964	fgfbp3
ENSEEEP00000030328	ENSEEEG00000014540	babam1	ENSPKIP00000025985	ENSPKIG00000008634	babam1
ENSEEEP00000047407	ENSEEEG00000022309	rpl21	ENSPKIP00000034112	ENSPKIG00000013573	rpl21
ENSEEEP00000046016	ENSEEEG00000021681	pcgf5a	ENSPKIP00000022453	ENSPKIG00000006443	pcgf5b
ENSEEEP00000047438	ENSEEEG00000022314	gtf3ab	ENSPKIP00000014879	ENSPKIG00000001787	gtf3ab
ENSEEEP00000030318	ENSEEEG00000014536	GTPBP3	ENSPKIP00000026104	ENSPKIG00000008711	gtpbp3
ENSEEEP00000062331	ENSEEEG00000026629	rnf11b	ENSPKIP00000023579	ENSPKIG00000007154	
ENSEEEP00000055537	ENSEEEG00000026989	si:ch211-140b10.6	ENSPKIP00000025626	ENSPKIG00000008431	
ENSEEEP00000047454	ENSEEEG00000022328	PDX1	ENSPKIP00000025587	ENSPKIG00000008406	pdx1
ENSEEEP00000001660	ENSEEEG00000001064	CDKN2C	ENSPKIP00000023561	ENSPKIG00000007146	cdkn2c
ENSEEEP00000047457	ENSEEEG00000022330	urad	ENSPKIP00000025601	ENSPKIG00000008419	urad
ENSEEEP00000058132	ENSEEEG00000028243		ENSPKIP00000021410	ENSPKIG00000005830	
ENSEEEP00000013726	ENSEEEG00000006843	si:dkey-32e6.3	ENSPKIP00000006909	ENSPKIG00000023008	si:dkey-32e6.3
ENSEEEP00000030315	ENSEEEG00000014532	ano8b	ENSPKIP00000026339	ENSPKIG00000008807	ano8b
ENSEEEP00000041293	ENSEEEG00000019536	MAP2K7	ENSPKIP00000024257	ENSPKIG00000007567	map2k7
ENSEEEP00000001346	ENSEEEG00000000836	CEP112	ENSPKIP00000025141	ENSPKIG00000008117	cep112
ENSEEEP00000013721	ENSEEEG00000006839	LRRC23	ENSPKIP00000023875	ENSPKIG00000007338	lrrc23
ENSEEEP00000059697	ENSEEEG00000025717	dda1	ENSPKIP00000026423	ENSPKIG00000008923	dda1
ENSEEEP00000056349	ENSEEEG00000021687	ABHD12	ENSPKIP00000028907	ENSPKIG00000010364	abhd12
ENSEEEP00000010854	ENSEEEG00000005286	SUGCT	ENSPKIP00000028695	ENSPKIG00000010227	sugct
ENSEEEP00000030274	ENSEEEG00000014512	rps15	ENSPKIP00000024662	ENSPKIG00000007804	rps15
ENSEEEP00000046054	ENSEEEG00000021701	ENO4	ENSPKIP00000028204	ENSPKIG00000009937	eno4
ENSEEEP00000046055	ENSEEEG00000021704		ENSPKIP00000006071	ENSPKIG00000022502	
ENSEEEP00000046064	ENSEEEG00000021707	SHTN1	ENSPKIP00000028176	ENSPKIG00000009916	shtn1
ENSEEEP00000011003	ENSEEEG00000005537	TELO2	ENSPKIP00000022075	ENSPKIG00000006217	telo2
ENSEEEP00000013513	ENSEEEG00000006742	tnnc1b	ENSPKIP00000008857	ENSPKIG00000024186	tnnc1b
ENSEEEP00000002626	ENSEEEG00000001514	DMRTA2	ENSPKIP00000023483	ENSPKIG00000007101	dmrta2
ENSEEEP00000046184	ENSEEEG00000021760	VAX1	ENSPKIP00000027916	ENSPKIG00000009767	vax1
ENSEEEP00000011018	ENSEEEG00000005579	wu:fj05g07	ENSPKIP00000024524	ENSPKIG00000007731	
ENSEEEP00000056545	ENSEEEG00000026644	spina	ENSPKIP00000011786	ENSPKIG00000018734	
ENSEEEP00000026963	ENSEEEG00000013015	NXNL2	ENSPKIP00000003635	ENSPKIG00000021060	nxnl2
ENSEEEP00000013471	ENSEEEG00000006738	B4GALT3	ENSPKIP00000008920	ENSPKIG00000024219	b4galt3
ENSEEEP00000026965	ENSEEEG00000013016	wu:fb59d01	ENSPKIP00000000225	ENSPKIG00000018972	
ENSEEEP00000046203	ENSEEEG00000021763	KCNK18	ENSPKIP00000027818	ENSPKIG00000009711	kcnk18
ENSEEEP00000013470	ENSEEEG00000006737	CFAP126	ENSPKIP00000023583	ENSPKIG00000007159	cfap126
ENSEEEP00000013466	ENSEEEG00000006736	CCNQ	ENSPKIP00000023567	ENSPKIG00000007132	ccnq
ENSEEEP00000009784	ENSEEEG00000004979	PDZD8	ENSPKIP00000027666	ENSPKIG00000009620	pdzd8
ENSEEEP00000011051	ENSEEEG00000005597	PRMT6	ENSPKIP00000026331	ENSPKIG00000008857	prmt6
ENSEEEP00000009815	ENSEEEG00000004983	PEX13	ENSPKIP00000017539	ENSPKIG00000003409	pex13
ENSEEEP00000060240	ENSEEEG00000027774		ENSPKIP00000017585	ENSPKIG00000003437	sanbr
ENSEEEP00000003065	ENSEEEG00000001732	AGBL4	ENSPKIP00000023195	ENSPKIG00000006913	agbl4
ENSEEEP00000003064	ENSEEEG00000026461	AGBL4	ENSPKIP00000023133	ENSPKIG00000006874	bend5
ENSEEEP00000003068	ENSEEEG00000001740	SPATA6	ENSPKIP00000023064	ENSPKIG00000006841	spata6
ENSEEEP00000063229	ENSEEEG00000025653	DNTTIP2	ENSPKIP00000023036	ENSPKIG00000006816	
ENSEEEP00000003071	ENSEEEG00000001742	GCLM	ENSPKIP00000023001	ENSPKIG00000006800	gclm
ENSEEEP00000044956	ENSEEEG00000021215		ENSPKIP00000023822	ENSPKIG00000007309	krt222
ENSEEEP00000010047	ENSEEEG00000005099	EHBP1	ENSPKIP00000018575	ENSPKIG00000004032	ehbp1
ENSEEEP00000013042	ENSEEEG00000006567	HAUS7	ENSPKIP00000023247	ENSPKIG00000006922	haus7
ENSEEEP00000010055	ENSEEEG00000005101	OTX1	ENSPKIP00000020829	ENSPKIG00000005463	OTX1
ENSEEEP00000060887	ENSEEEG00000028130	EMD	ENSPKIP00000023153	ENSPKIG00000006890	
ENSEEEP00000010058	ENSEEEG00000005103		ENSPKIP00000018921	ENSPKIG00000004302	wdpcp
ENSEEEP00000003202	ENSEEEG00000001802	zgc:171480	ENSPKIP00000022947	ENSPKIG00000006753	zgc:171480
ENSEEEP00000003206	ENSEEEG00000001804	paox1	ENSPKIP00000022911	ENSPKIG00000006736	paox1
ENSEEEP00000003208	ENSEEEG00000001806	BCAR3	ENSPKIP00000022835	ENSPKIG00000006682	bcar3
ENSEEEP00000027750	ENSEEEG00000013361	RNPC3	ENSPKIP00000026276	ENSPKIG00000008828	rnpc3
ENSEEEP00000003287	ENSEEEG00000001849	ZMYND12	ENSPKIP00000032255	ENSPKIG00000012421	zmynd12
ENSEEEP00000003296	ENSEEEG00000001854	TAFA2	ENSPKIP00000031851	ENSPKIG00000012169	TAFA3
ENSEEEP00000003312	ENSEEEG00000001855	rhocb	ENSPKIP00000039512	ENSPKIG00000016846	
ENSEEEP00000002596	ENSEEEG00000001498	RAB26	ENSPKIP00000007811	ENSPKIG00000023561	RAB26
ENSEEEP00000063649	ENSEEEG00000026999	RNPS1	ENSPKIP00000007650	ENSPKIG00000023465	rnps1
ENSEEEP00000048526	ENSEEEG00000022833		ENSPKIP00000031594	ENSPKIG00000012013	
ENSEEEP00000048515	ENSEEEG00000022830	AMN	ENSPKIP00000013099	ENSPKIG00000000659	amn
ENSEEEP00000048512	ENSEEEG00000022829		ENSPKIP00000035243	ENSPKIG00000014273	
ENSEEEP00000048507	ENSEEEG00000022827	otop2	ENSPKIP00000013198	ENSPKIG00000000714	otop2
ENSEEEP00000012109	ENSEEEG00000006045	rpl10	ENSPKIP00000022321	ENSPKIG00000006371	rpl10
ENSEEEP00000048436	ENSEEEG00000022794	TMEM235	ENSPKIP00000027733	ENSPKIG00000009672	TMEM235
ENSEEEP00000003990	ENSEEEG00000002128	cttnbp2nlb	ENSPKIP00000002043	ENSPKIG00000020094	CTTNBP2NL
ENSEEEP00000041318	ENSEEEG00000019555	si:ch211-214c7.5	ENSPKIP00000024618	ENSPKIG00000007799	si:ch211-214c7.5
ENSEEEP00000063264	ENSEEEG00000026210	si:ch211-214c7.4	ENSPKIP00000024658	ENSPKIG00000007827	prr36a
ENSEEEP00000003999	ENSEEEG00000002137	DDX20	ENSPKIP00000002155	ENSPKIG00000020161	ddx20
ENSEEEP00000041442	ENSEEEG00000019598	TRAPPC5	ENSPKIP00000022995	ENSPKIG00000006799	trappc5
ENSEEEP00000041445	ENSEEEG00000019599	serhl	ENSPKIP00000015342	ENSPKIG00000002097	serhl
ENSEEEP00000041844	ENSEEEG00000019779	ATF7IP	ENSPKIP00000016077	ENSPKIG00000002554	atf7ip
ENSEEEP00000041851	ENSEEEG00000019784	si:ch211-243a20.3	ENSPKIP00000015841	ENSPKIG00000002414	si:ch211-243a20.3
ENSEEEP00000041904	ENSEEEG00000019789	zgc:101679	ENSPKIP00000005571	ENSPKIG00000022189	f8a
ENSEEEP00000047330	ENSEEEG00000022281	USP36	ENSPKIP00000024720	ENSPKIG00000007858	usp36
ENSEEEP00000047325	ENSEEEG00000022278	zgc:112492	ENSPKIP00000024648	ENSPKIG00000007816	lgals3bp.2
ENSEEEP00000047317	ENSEEEG00000022246	TSPAN10	ENSPKIP00000029733	ENSPKIG00000010865	tspan10
ENSEEEP00000047210	ENSEEEG00000025828	rasd4	ENSPKIP00000024708	ENSPKIG00000007853	rasd4
ENSEEEP00000047195	ENSEEEG00000022221	PECAM1	ENSPKIP00000022373	ENSPKIG00000006387	
ENSEEEP00000022281	ENSEEEG00000010816	tor4aa	ENSPKIP00000013915	ENSPKIG00000001168	tor4ab
ENSEEEP00000022272	ENSEEEG00000010807	BRAP	ENSPKIP00000007247	ENSPKIG00000023213	brap
ENSEEEP00000022248	ENSEEEG00000010778	NAA25	ENSPKIP00000007529	ENSPKIG00000023372	naa25
ENSEEEP00000022166	ENSEEEG00000010631	DDX55	ENSPKIP00000007987	ENSPKIG00000023661	ddx55
ENSEEEP00000000434	ENSEEEG00000000318	PITPNB	ENSPKIP00000007474	ENSPKIG00000023344	
ENSEEEP00000000059	ENSEEEG00000000027	RAB3C	ENSPKIP00000011600	ENSPKIG00000018618	rab3c
ENSEEEP00000046723	ENSEEEG00000022003	DEPDC1B	ENSPKIP00000037569	ENSPKIG00000015689	DEPDC1B
ENSEEEP00000046722	ENSEEEG00000022002	elovl7b	ENSPKIP00000041873	ENSPKIG00000018248	ELOVL7
