Hsa Gene ID	Hsa Protein ID	Hsa Gene Name	Pka Gene ID	Pka Protein ID	Pka Gene Name
ENSP00000354687	ENSG00000198888	MT-ND1	ENSPKIP00000004424	ENSPKIG00000021541	
ENSP00000354632	ENSG00000198899	MT-ATP6	ENSPKIP00000022691	ENSPKIG00000006609	
ENSP00000482514	ENSG00000278817		ENSPKIP00000006589	ENSPKIG00000022804	dgcr6
ENSP00000478035	ENSG00000276345		ENSPKIP00000013807	ENSPKIG00000001102	mrpl23
ENSP00000493835	ENSG00000281766	RYBP	ENSPKIP00000004474	ENSPKIG00000021549	rybpb
ENSP00000516858	ENSG00000291382	CPLANE2	ENSPKIP00000013906	ENSPKIG00000001159	cplane2
ENSP00000518167	ENSG00000292224	ASPN	ENSPKIP00000010390	ENSPKIG00000025130	aspn
ENSP00000516842	ENSG00000291379	SZRD1	ENSPKIP00000015870	ENSPKIG00000002425	SZRD1
ENSP00000499988	ENSG00000288512	C1R	ENSPKIP00000024735	ENSPKIG00000007866	c1r
ENSP00000500294	ENSG00000288186	PPP1R27	ENSPKIP00000023541	ENSPKIG00000007133	ppp1r27a
ENSP00000486120	ENSG00000280689	BORCS5	ENSPKIP00000011837	ENSPKIG00000018764	borcs5
ENSP00000487443	ENSG00000280858	RPL7A	ENSPKIP00000003048	ENSPKIG00000020710	RPL7A
ENSP00000487370	ENSG00000281024	SURF2	ENSPKIP00000019510	ENSPKIG00000004651	surf2
ENSP00000486049	ENSG00000280951	SURF4	ENSPKIP00000023845	ENSPKIG00000007323	SURF4
ENSP00000486065	ENSG00000280706	REXO4	ENSPKIP00000009801	ENSPKIG00000024761	rexo4
ENSP00000494079	ENSG00000281879	ABO	ENSPKIP00000035561	ENSPKIG00000014468	
ENSP00000516890	ENSG00000291426	TOLLIP	ENSPKIP00000011826	ENSPKIG00000018751	tollip
ENSP00000486878	ENSG00000281665	KIAA1143	ENSPKIP00000035296	ENSPKIG00000014317	zgc:77056
ENSP00000487390	ENSG00000280548	FBL	ENSPKIP00000000231	ENSPKIG00000018971	fbl
ENSP00000500298	ENSG00000288292	CLDN7	ENSPKIP00000015892	ENSPKIG00000002436	cldn7a
ENSP00000500563	ENSG00000288325	GPS2	ENSPKIP00000014730	ENSPKIG00000001693	GPS2
ENSP00000494976	ENSG00000285377	EMC9	ENSPKIP00000023993	ENSPKIG00000007416	emc9
ENSP00000491711	ENSG00000283771	TMEM256	ENSPKIP00000031973	ENSPKIG00000012256	TMEM256
ENSP00000516945	ENSG00000291483	DUSP11	ENSPKIP00000024147	ENSPKIG00000007515	dusp11
ENSP00000496420	ENSG00000285246	NEDD8	ENSPKIP00000027335	ENSPKIG00000009445	nedd8
ENSP00000494562	ENSG00000285182	FNBP4	ENSPKIP00000033945	ENSPKIG00000013476	fnbp4
ENSP00000495490	ENSG00000285379	RIPK3	ENSPKIP00000031305	ENSPKIG00000011831	
ENSP00000518355	ENSG00000284807	DHRS4	ENSPKIP00000011676	ENSPKIG00000018642	dhrs4
ENSP00000516996	ENSG00000291520	NXNL2	ENSPKIP00000003635	ENSPKIG00000021060	nxnl2
ENSP00000494635	ENSG00000284850	DCP1B	ENSPKIP00000012884	ENSPKIG00000000520	dcp1b
ENSP00000500767	ENSG00000288362	CYP11A1	ENSPKIP00000034682	ENSPKIG00000013911	cyp11a1.2
ENSP00000500266	ENSG00000288408	UBL7	ENSPKIP00000037360	ENSPKIG00000015562	ubl7a
ENSP00000487197	ENSG00000280975	CENATAC	ENSPKIP00000041390	ENSPKIG00000017953	cenatac
ENSP00000486392	ENSG00000280831	RPS25	ENSPKIP00000022917	ENSPKIG00000006739	RPS25
ENSP00000488659	ENSG00000282739	SLC25A26	ENSPKIP00000006343	ENSPKIG00000022646	
ENSP00000500630	ENSG00000288411	SAA1	ENSPKIP00000011552	ENSPKIG00000018589	saa
ENSP00000517083	ENSG00000291596	COX5B	ENSPKIP00000019961	ENSPKIG00000004916	cox5b2
ENSP00000500901	ENSG00000288146	NOC4L	ENSPKIP00000040895	ENSPKIG00000017628	noc4l
ENSP00000491438	ENSG00000284103	DUS4L	ENSPKIP00000038805	ENSPKIG00000016429	dus4l
ENSP00000490977	ENSG00000283852	BCAP29	ENSPKIP00000012671	ENSPKIG00000000395	
ENSP00000518371	ENSG00000288475	CASP8AP2	ENSPKIP00000011351	ENSPKIG00000018485	casp8ap2
ENSP00000517221	ENSG00000291712	RNF135	ENSPKIP00000020405	ENSPKIG00000005202	
ENSP00000493830	ENSG00000284774	HSF1	ENSPKIP00000002444	ENSPKIG00000020336	HSF1
ENSP00000517281	ENSG00000291745	MED10	ENSPKIP00000008932	ENSPKIG00000024227	MED10
ENSP00000517282	ENSG00000291747	UBE2QL1	ENSPKIP00000008924	ENSPKIG00000024222	ube2ql1
ENSP00000517288	ENSG00000291756	HAPLN2	ENSPKIP00000029026	ENSPKIG00000010436	hapln2
ENSP00000518217	ENSG00000292251	GPATCH4	ENSPKIP00000028419	ENSPKIG00000010081	gpatch4
ENSP00000494227	ENSG00000285243	SLC39A4	ENSPKIP00000002072	ENSPKIG00000020105	
ENSP00000495408	ENSG00000285339	VPS28	ENSPKIP00000014591	ENSPKIG00000001607	vps28
ENSP00000516999	ENSG00000291523	RWDD2B	ENSPKIP00000016963	ENSPKIG00000003077	rwdd2b
ENSP00000517339	ENSG00000291796	APEX1	ENSPKIP00000017701	ENSPKIG00000003504	apex1
ENSP00000517542	ENSG00000291917	GPRC5C	ENSPKIP00000029641	ENSPKIG00000010810	GPRC5C
ENSP00000365080	ENSG00000204442	NALF1	ENSPKIP00000030985	ENSPKIG00000011657	nalf1a
ENSP00000366694	ENSG00000178695	KCTD12	ENSPKIP00000021879	ENSPKIG00000006101	kctd12.1
ENSP00000245312	ENSG00000125255	SLC10A2	ENSPKIP00000033985	ENSPKIG00000013467	slc10a2
ENSP00000267294	ENSG00000139800	ZIC5	ENSPKIP00000020021	ENSPKIG00000004954	zic5
ENSP00000304331	ENSG00000169840	GSX1	ENSPKIP00000011658	ENSPKIG00000018655	
ENSP00000334216	ENSG00000186009	ATP4B	ENSPKIP00000025107	ENSPKIG00000008098	
ENSP00000368402	ENSG00000180332	KCTD4	ENSPKIP00000024182	ENSPKIG00000007537	kctd4
ENSP00000426528	ENSG00000165566	AMER2	ENSPKIP00000010109	ENSPKIG00000024954	amer2
ENSP00000284885	ENSG00000154646	TMPRSS15	ENSPKIP00000000605	ENSPKIG00000019201	tmprss15
ENSP00000366144	ENSG00000125285	SOX21	ENSPKIP00000021907	ENSPKIG00000006125	sox21b
ENSP00000491834	ENSG00000284099	SQSTM1	ENSPKIP00000036790	ENSPKIG00000015230	sqstm1
ENSP00000333490	ENSG00000183463	URAD	ENSPKIP00000025601	ENSPKIG00000008419	urad
ENSP00000382783	ENSG00000156284	CLDN8	ENSPKIP00000017204	ENSPKIG00000003223	cldn8.2
ENSP00000489438	ENSG00000282986	EIF3K	ENSPKIP00000024228	ENSPKIG00000007558	EIF3K
ENSP00000492334	ENSG00000283887	LTC4S	ENSPKIP00000037089	ENSPKIG00000015412	ltc4s
ENSP00000489530	ENSG00000282853	ECH1	ENSPKIP00000025524	ENSPKIG00000008358	ech1
ENSP00000354001	ENSG00000221864	KRTAP12-2	ENSPKIP00000032740	ENSPKIG00000012715	
ENSP00000371785	ENSG00000184221	OLIG1	ENSPKIP00000030715	ENSPKIG00000011478	olig1
ENSP00000491876	ENSG00000284487	MOSMO	ENSPKIP00000025027	ENSPKIG00000008046	MOSMO
ENSP00000517432	ENSG00000291835	MYG1	ENSPKIP00000015127	ENSPKIG00000001941	myg1
ENSP00000517571	ENSG00000291930	NDUFB10	ENSPKIP00000012260	ENSPKIG00000000114	ndufb10
ENSP00000493848	ENSG00000285250	MSRA	ENSPKIP00000037061	ENSPKIG00000015369	msraa
ENSP00000517634	ENSG00000291958	GCSH	ENSPKIP00000028067	ENSPKIG00000009862	
ENSP00000518197	ENSG00000292248	PKD1L2	ENSPKIP00000028414	ENSPKIG00000010042	
ENSP00000495318	ENSG00000285327	XKR5	ENSPKIP00000019717	ENSPKIG00000004777	
ENSP00000493647	ENSG00000285109	GATA4	ENSPKIP00000019757	ENSPKIG00000004796	gata4
ENSP00000518496	ENSG00000292288	FAM167A	ENSPKIP00000036811	ENSPKIG00000015243	fam167aa
ENSP00000518539	ENSG00000292301	ERI1	ENSPKIP00000004953	ENSPKIG00000021836	eri1
ENSP00000487984	ENSG00000273562	NAP1L4	ENSPKIP00000034890	ENSPKIG00000013990	NAP1L4
ENSP00000496345	ENSG00000284872	TRMT9B	ENSPKIP00000013917	ENSPKIG00000001165	trmt9b
ENSP00000482330	ENSG00000276130	SLC67A1	ENSPKIP00000034975	ENSPKIG00000014108	slc67a1
ENSP00000483129	ENSG00000274780	PHRF1	ENSPKIP00000012413	ENSPKIG00000000215	phrf1
ENSP00000379118	ENSG00000278545	MARCHF8	ENSPKIP00000027846	ENSPKIG00000009724	MARCHF8
ENSP00000299766	ENSG00000166603	MC4R	ENSPKIP00000037431	ENSPKIG00000015588	mc4r
ENSP00000488830	ENSG00000275035	CCDC92	ENSPKIP00000006346	ENSPKIG00000022660	ccdc92
ENSP00000465194	ENSG00000267228		ENSPKIP00000006692	ENSPKIG00000022861	ier3ip1
ENSP00000463379	ENSG00000215472	RPL17-C18orf32	ENSPKIP00000004870	ENSPKIG00000021790	rpl17
ENSP00000419185	ENSG00000119547	ONECUT2	ENSPKIP00000009333	ENSPKIG00000024479	onecut2
ENSP00000464330	ENSG00000206043	C18orf63	ENSPKIP00000028956	ENSPKIG00000010389	
ENSP00000319052	ENSG00000177143	CETN1	ENSPKIP00000015555	ENSPKIG00000002236	cetn4
ENSP00000372959	ENSG00000206422	LRRC30	ENSPKIP00000016245	ENSPKIG00000002651	lrrc30a
ENSP00000468086	ENSG00000176136	MC5R	ENSPKIP00000040414	ENSPKIG00000017392	mc5ra
ENSP00000432279	ENSG00000255112	CHMP1B	ENSPKIP00000035233	ENSPKIG00000014262	chmp1b
ENSP00000518446	ENSG00000250878	METTL21EP	ENSPKIP00000025049	ENSPKIG00000008066	mettl21e
ENSP00000487655	ENSG00000282642	IGHV3-33	ENSPKIP00000039485	ENSPKIG00000016816	
ENSP00000480351	ENSG00000274497	IGHG2	ENSPKIP00000007459	ENSPKIG00000023328	
ENSP00000485962	ENSG00000282657	IGHM	ENSPKIP00000033326	ENSPKIG00000013057	
ENSP00000368459	ENSG00000083635	NUFIP1	ENSPKIP00000024074	ENSPKIG00000007471	NUFIP1
ENSP00000594411	ENSG00000139687	RB1	ENSPKIP00000036319	ENSPKIG00000014925	rb1
ENSP00000380610	ENSG00000125245	GPR18	ENSPKIP00000020167	ENSPKIG00000005047	gpr18
ENSP00000558755	ENSG00000102760	RGCC	ENSPKIP00000022945	ENSPKIG00000006755	rgcc
ENSP00000483918	ENSG00000273564	ENTREP2	ENSPKIP00000038360	ENSPKIG00000016160	ENTREP2
ENSP00000460944	ENSG00000262145	ATP23	ENSPKIP00000041604	ENSPKIG00000018089	atp23
ENSP00000527592	ENSG00000174032	SLC25A30	ENSPKIP00000026018	ENSPKIG00000008652	slc25a14
ENSP00000479117	ENSG00000275568	ARHGAP11A	ENSPKIP00000015996	ENSPKIG00000002508	arhgap11a
ENSP00000796526	ENSG00000160208	RRP1B	ENSPKIP00000017563	ENSPKIG00000003422	
ENSP00000290200	ENSG00000243646	IL10RB	ENSPKIP00000021033	ENSPKIG00000005595	IL10RB
ENSP00000632708	ENSG00000136098	NEK3	ENSPKIP00000016058	ENSPKIG00000002547	NEK3
ENSP00000482615	ENSG00000277614	SCG5	ENSPKIP00000015929	ENSPKIG00000002463	scg5
ENSP00000286835	ENSG00000156304	SCAF4	ENSPKIP00000005925	ENSPKIG00000022408	scaf4a
ENSP00000325776	ENSG00000180440	SERTM1	ENSPKIP00000007445	ENSPKIG00000023327	SERTM1
ENSP00000561183	ENSG00000120686	UFM1	ENSPKIP00000006985	ENSPKIG00000023050	ufm1
ENSP00000481547	ENSG00000274296	DECR2	ENSPKIP00000022220	ENSPKIG00000006319	decr2
ENSP00000573460	ENSG00000165487	MICU2	ENSPKIP00000034258	ENSPKIG00000013649	micu2
ENSP00000553090	ENSG00000188342	GTF2F2	ENSPKIP00000033575	ENSPKIG00000013231	gtf2f2b
ENSP00000369210	ENSG00000120669	SOHLH2	ENSPKIP00000014735	ENSPKIG00000001698	
ENSP00000701338	ENSG00000157617	C2CD2	ENSPKIP00000002993	ENSPKIG00000020677	c2cd2
ENSP00000291582	ENSG00000160224	AIRE	ENSPKIP00000017360	ENSPKIG00000003305	aire
ENSP00000382092	ENSG00000159261	CLDN14	ENSPKIP00000004026	ENSPKIG00000021295	CLDN14
ENSP00000291691	ENSG00000160298	C21orf58	ENSPKIP00000027891	ENSPKIG00000009752	zgc:112416
ENSP00000382971	ENSG00000154723	ATP5PF	ENSPKIP00000032582	ENSPKIG00000012625	atp5pf
ENSP00000483908	ENSG00000278787	UBR7	ENSPKIP00000020813	ENSPKIG00000005459	UBR7
ENSP00000481874	ENSG00000276838	SERPINF2	ENSPKIP00000032244	ENSPKIG00000012411	serpinf2a
ENSP00000480784	ENSG00000277033	QTGAL	ENSPKIP00000021357	ENSPKIG00000005795	qtgal
ENSP00000512890	ENSG00000182670	TTC3	ENSPKIP00000035313	ENSPKIG00000014318	ttc3
ENSP00000478198	ENSG00000276781	CHGA	ENSPKIP00000008284	ENSPKIG00000023847	chga
ENSP00000486067	ENSG00000277377	SERPINA1	ENSPKIP00000006382	ENSPKIG00000022688	serpina1l
ENSP00000540282	ENSG00000184497	TMEM255B	ENSPKIP00000027151	ENSPKIG00000009335	
ENSP00000495664	ENSG00000136143	SUCLA2	ENSPKIP00000001865	ENSPKIG00000019986	SUCLA2
ENSP00000298248	ENSG00000165475	CRYL1	ENSPKIP00000015108	ENSPKIG00000001934	cryl1
ENSP00000496481	ENSG00000136104	RNASEH2B	ENSPKIP00000033832	ENSPKIG00000013386	rnaseh2b
ENSP00000481426	ENSG00000273686	B2M	ENSPKIP00000011925	ENSPKIG00000018342	
ENSP00000348299	ENSG00000204977	TRIM13	ENSPKIP00000033765	ENSPKIG00000013357	trim13
ENSP00000312631	ENSG00000173404	INSM1	ENSPKIP00000004604	ENSPKIG00000021638	insm1a
ENSP00000482916	ENSG00000284776		ENSPKIP00000022216	ENSPKIG00000006316	dtd1
ENSP00000366845	ENSG00000188243	COMMD6	ENSPKIP00000020956	ENSPKIG00000005549	commd6
ENSP00000243911	ENSG00000124089	MC3R	ENSPKIP00000022814	ENSPKIG00000006652	mc3r
ENSP00000480998	ENSG00000125533	BHLHE23	ENSPKIP00000020070	ENSPKIG00000004993	bhlhe23
ENSP00000616042	ENSG00000154832	CXXC1	ENSPKIP00000008319	ENSPKIG00000023833	cxxc1a
ENSP00000428316	ENSG00000253309	SERPINE3	ENSPKIP00000002566	ENSPKIG00000020404	serpine3
ENSP00000365351	ENSG00000198542	ITGBL1	ENSPKIP00000019358	ENSPKIG00000004552	itgbl1
ENSP00000246081	ENSG00000125879	OTOR	ENSPKIP00000020502	ENSPKIG00000005251	OTOR
ENSP00000363529	ENSG00000125998	FAM83C	ENSPKIP00000007294	ENSPKIG00000023250	fam83c
ENSP00000454021	ENSG00000259399	TGIF2-RAB5IF	ENSPKIP00000021352	ENSPKIG00000005782	rab5if
ENSP00000369647	ENSG00000101200	AVP	ENSPKIP00000000669	ENSPKIG00000019246	oxt
ENSP00000302579	ENSG00000136155	SCEL	ENSPKIP00000022492	ENSPKIG00000006445	
ENSP00000362410	ENSG00000204103	MAFB	ENSPKIP00000021142	ENSPKIG00000005667	mafba
ENSP00000484056	ENSG00000247315	ZCCHC3	ENSPKIP00000037968	ENSPKIG00000015947	
ENSP00000244051	ENSG00000124217	MOCS3	ENSPKIP00000004088	ENSPKIG00000021324	MOCS3
ENSP00000347646	ENSG00000177732	SOX12	ENSPKIP00000039801	ENSPKIG00000017022	sox12
ENSP00000490240	ENSG00000124203	ZNF831	ENSPKIP00000020690	ENSPKIG00000005375	
ENSP00000279028	ENSG00000149635	OCSTAMP	ENSPKIP00000022582	ENSPKIG00000006534	ocstamp
ENSP00000396747	ENSG00000124227	ANKRD60	ENSPKIP00000018815	ENSPKIG00000004240	ANKRD60
ENSP00000498370	ENSG00000177150	FAM210A	ENSPKIP00000040359	ENSPKIG00000017355	FAM210A
ENSP00000633646	ENSG00000074695	LMAN1	ENSPKIP00000022844	ENSPKIG00000006686	lman1
ENSP00000369372	ENSG00000177324	BEND2	ENSPKIP00000004552	ENSPKIG00000021618	zgc:113423
ENSP00000368813	ENSG00000185915	KLHL34	ENSPKIP00000032411	ENSPKIG00000012518	KLHL34
ENSP00000420037	ENSG00000185808	PIGP	ENSPKIP00000035386	ENSPKIG00000014365	pigp
ENSP00000360035	ENSG00000132825	PPP1R3D	ENSPKIP00000020835	ENSPKIG00000005481	ppp1r3db
ENSP00000218436	ENSG00000102313	ITIH6	ENSPKIP00000009358	ENSPKIG00000024491	itih6
ENSP00000394757	ENSG00000101493	ZNF516	ENSPKIP00000041677	ENSPKIG00000018138	
ENSP00000256857	ENSG00000134443	GRP	ENSPKIP00000022757	ENSPKIG00000006645	
ENSP00000291554	ENSG00000160202	CRYAA	ENSPKIP00000030463	ENSPKIG00000011275	cryaa
ENSP00000510350	ENSG00000174448	STARD6	ENSPKIP00000009602	ENSPKIG00000024651	STARD6
ENSP00000520773	ENSG00000172216	CEBPB	ENSPKIP00000023114	ENSPKIG00000006865	cebpb
ENSP00000520774	ENSG00000293164		ENSPKIP00000029933	ENSPKIG00000010967	tspy
ENSP00000599206	ENSG00000080986	NDC80	ENSPKIP00000005507	ENSPKIG00000022149	ndc80
ENSP00000510271	ENSG00000079101	CLUL1	ENSPKIP00000029791	ENSPKIG00000010884	clul1
ENSP00000372160	ENSG00000206052	DOK6	ENSPKIP00000022315	ENSPKIG00000006364	dok6
ENSP00000434235	ENSG00000288683		ENSPKIP00000012995	ENSPKIG00000000583	pex26
ENSP00000364003	ENSG00000184675	AMER1	ENSPKIP00000033382	ENSPKIG00000013117	amer1
ENSP00000291536	ENSG00000160188	RSPH1	ENSPKIP00000014439	ENSPKIG00000001483	RSPH1
ENSP00000483030	ENSG00000277936	MRPL45	ENSPKIP00000024206	ENSPKIG00000007551	mrpl45
ENSP00000344504	ENSG00000189060	H1-0	ENSPKIP00000022686	ENSPKIG00000006581	h1-0
ENSP00000328671	ENSG00000160193	WDR4	ENSPKIP00000017528	ENSPKIG00000003403	wdr4
ENSP00000488051	ENSG00000276914	CEP20	ENSPKIP00000029680	ENSPKIG00000010838	cep20
ENSP00000512282	ENSG00000188263	IL17REL	ENSPKIP00000036660	ENSPKIG00000015143	
ENSP00000249016	ENSG00000128285	MCHR1	ENSPKIP00000007886	ENSPKIG00000023612	mchr1b
ENSP00000497003	ENSG00000184058	TBX1	ENSPKIP00000029929	ENSPKIG00000010974	tbx1
ENSP00000328992	ENSG00000159086	PAXBP1	ENSPKIP00000005039	ENSPKIG00000021866	paxbp1
ENSP00000498972	ENSG00000165370	GPR101	ENSPKIP00000040898	ENSPKIG00000017683	gpr101
ENSP00000648887	ENSG00000159131	GART	ENSPKIP00000029780	ENSPKIG00000010876	gart
ENSP00000483858	ENSG00000278823	BMERB1	ENSPKIP00000030606	ENSPKIG00000011394	
ENSP00000490747	ENSG00000285025	MIURF	ENSPKIP00000023944	ENSPKIG00000007395	
ENSP00000282041	ENSG00000152223	EPG5	ENSPKIP00000000047	ENSPKIG00000018856	
ENSP00000488050	ENSG00000275911	NDE1	ENSPKIP00000030461	ENSPKIG00000011302	nde1
ENSP00000360497	ENSG00000125352	RNF113A	ENSPKIP00000039449	ENSPKIG00000016796	rnf113a
ENSP00000481504	ENSG00000278574	ZNHIT3	ENSPKIP00000039004	ENSPKIG00000016556	znhit3
ENSP00000541645	ENSG00000101782	RIOK3	ENSPKIP00000041966	ENSPKIG00000018297	riok3
ENSP00000478520	ENSG00000274853	MRM1	ENSPKIP00000024378	ENSPKIG00000007654	mrm1
ENSP00000490931	ENSG00000236444	UBE2L5	ENSPKIP00000033398	ENSPKIG00000013124	
ENSP00000528642	ENSG00000126218	F10	ENSPKIP00000027810	ENSPKIG00000009705	f10
ENSP00000508182	ENSG00000147262	GPR119	ENSPKIP00000025962	ENSPKIG00000008626	GPR119
ENSP00000481894	ENSG00000276072	AATF	ENSPKIP00000013338	ENSPKIG00000000808	aatf
ENSP00000369840	ENSG00000175664	TEX26	ENSPKIP00000013009	ENSPKIG00000000594	
ENSP00000481061	ENSG00000276432	RDM1	ENSPKIP00000041388	ENSPKIG00000017961	rdm1
ENSP00000370420	ENSG00000205642	VCX3B	ENSPKIP00000000980	ENSPKIG00000019440	
ENSP00000345029	ENSG00000185448	FAM47A	ENSPKIP00000009127	ENSPKIG00000024351	
ENSP00000369320	ENSG00000102104	RS1	ENSPKIP00000004867	ENSPKIG00000021783	rs1a
ENSP00000261332	ENSG00000172466	ZNF24	ENSPKIP00000037535	ENSPKIG00000015682	
ENSP00000363643	ENSG00000186912	P2RY4	ENSPKIP00000041783	ENSPKIG00000018197	P2RY4
ENSP00000256429	ENSG00000134046	MBD2	ENSPKIP00000037667	ENSPKIG00000015756	mbd2
ENSP00000767719	ENSG00000152234	ATP5F1A	ENSPKIP00000002633	ENSPKIG00000020441	atp5fa1
ENSP00000484950	ENSG00000274768	CISD3	ENSPKIP00000024183	ENSPKIG00000007519	
ENSP00000255305	ENSG00000132953	XPO4	ENSPKIP00000015172	ENSPKIG00000001940	xpo4
ENSP00000596502	ENSG00000151849	CPAP	ENSPKIP00000032214	ENSPKIG00000012395	cpap
ENSP00000460799	ENSG00000261972	CES5A	ENSPKIP00000018307	ENSPKIG00000003830	ces3
ENSP00000480040	ENSG00000276833	TAF15	ENSPKIP00000035370	ENSPKIG00000014354	taf15
ENSP00000483747	ENSG00000275397	DHRS11	ENSPKIP00000033692	ENSPKIG00000013307	dhrs11a
ENSP00000252677	ENSG00000130385	BMP15	ENSPKIP00000014432	ENSPKIG00000001503	bmp15
ENSP00000269601	ENSG00000141759	TXNL4A	ENSPKIP00000016533	ENSPKIG00000002824	txnl4a
ENSP00000483956	ENSG00000275903	PSMB3	ENSPKIP00000023703	ENSPKIG00000007218	psmb3
ENSP00000622448	ENSG00000134884	ARGLU1	ENSPKIP00000020916	ENSPKIG00000005524	arglu1a
ENSP00000267273	ENSG00000139780	METTL21C	ENSPKIP00000026519	ENSPKIG00000008979	mettl21cb
ENSP00000597103	ENSG00000139835	GRTP1	ENSPKIP00000027500	ENSPKIG00000009522	grtp1a
ENSP00000344331	ENSG00000187773	DIPK1C	ENSPKIP00000028927	ENSPKIG00000010374	DIPK1C
ENSP00000334813	ENSG00000134438	RAX	ENSPKIP00000022781	ENSPKIG00000006655	rx3
ENSP00000262126	ENSG00000101745	ANKRD12	ENSPKIP00000026253	ENSPKIG00000008814	ankrd12
ENSP00000488242	ENSG00000274636	GLIS2	ENSPKIP00000022246	ENSPKIG00000006334	glis2b
ENSP00000488047	ENSG00000282228	PAM16	ENSPKIP00000022221	ENSPKIG00000006323	pam16
ENSP00000490181	ENSG00000102805	CLN5	ENSPKIP00000033939	ENSPKIG00000013477	cln5
ENSP00000370055	ENSG00000122042	UBL3	ENSPKIP00000037781	ENSPKIG00000015829	ubl3a
ENSP00000311984	ENSG00000213995	NAXD	ENSPKIP00000027721	ENSPKIG00000009650	naxd
ENSP00000683992	ENSG00000101624	CEP76	ENSPKIP00000039929	ENSPKIG00000017067	cep76
ENSP00000258613	ENSG00000136114	THSD1	ENSPKIP00000004477	ENSPKIG00000021565	
ENSP00000508137	ENSG00000167216	KATNAL2	ENSPKIP00000006763	ENSPKIG00000022906	KATNAL2
ENSP00000488916	ENSG00000282830	CALB2	ENSPKIP00000016141	ENSPKIG00000002590	CALB2
ENSP00000787704	ENSG00000151778	SERP2	ENSPKIP00000023998	ENSPKIG00000007422	serp2
ENSP00000365596	ENSG00000169508	GPR183	ENSPKIP00000034881	ENSPKIG00000014047	gpr183b
ENSP00000439902	ENSG00000139618	BRCA2	ENSPKIP00000013632	ENSPKIG00000000986	brca2
ENSP00000488893	ENSG00000282013	RPH3AL	ENSPKIP00000029936	ENSPKIG00000010995	rph3al
ENSP00000479494	ENSG00000126226	PCID2	ENSPKIP00000027725	ENSPKIG00000009646	pcid2
ENSP00000617771	ENSG00000101557	USP14	ENSPKIP00000021651	ENSPKIG00000005954	usp14
ENSP00000481626	ENSG00000152242	ARK2N	ENSPKIP00000002455	ENSPKIG00000020329	ark2n
ENSP00000521128	ENSG00000167220	HDHD2	ENSPKIP00000006708	ENSPKIG00000022879	hdhd2
ENSP00000508153	ENSG00000005810	MYCBP2	ENSPKIP00000022316	ENSPKIG00000006265	mycbp2
ENSP00000794597	ENSG00000101670	LIPG	ENSPKIP00000035568	ENSPKIG00000014481	lipg
ENSP00000493716	ENSG00000125266	EFNB2	ENSPKIP00000020880	ENSPKIG00000005503	EFNB2
ENSP00000535887	ENSG00000153339	TRAPPC8	ENSPKIP00000024480	ENSPKIG00000007667	trappc8
ENSP00000602983	ENSG00000154640	BTG3	ENSPKIP00000002836	ENSPKIG00000020578	btg3
ENSP00000520998	ENSG00000130589	HELZ2	ENSPKIP00000021724	ENSPKIG00000005935	helz2a
ENSP00000502087	ENSG00000159267	HLCS	ENSPKIP00000015351	ENSPKIG00000002094	hlcs
ENSP00000437737	ENSG00000102468	HTR2A	ENSPKIP00000001889	ENSPKIG00000020003	htr2ab
ENSP00000561230	ENSG00000165556	CDX2	ENSPKIP00000002526	ENSPKIG00000020387	
ENSP00000331734	ENSG00000183145	RIPPLY3	ENSPKIP00000035412	ENSPKIG00000014381	ripply3
ENSP00000269844	ENSG00000141956	PRDM15	ENSPKIP00000002956	ENSPKIG00000020637	PRDM15
ENSP00000349571	ENSG00000136153	LMO7	ENSPKIP00000021559	ENSPKIG00000005696	LMO7
ENSP00000550962	ENSG00000075643	MOCOS	ENSPKIP00000003281	ENSPKIG00000020825	MOCOS
ENSP00000621500	ENSG00000119537	KDSR	ENSPKIP00000016795	ENSPKIG00000002968	kdsr
ENSP00000529538	ENSG00000173638	SLC19A1	ENSPKIP00000000706	ENSPKIG00000019272	slc19a1
ENSP00000430858	ENSG00000276418		ENSPKIP00000023115	ENSPKIG00000006872	tpd52
ENSP00000454445	ENSG00000258677		ENSPKIP00000022704	ENSPKIG00000006608	ube2wa
ENSP00000291560	ENSG00000160207	HSF2BP	ENSPKIP00000027491	ENSPKIG00000009536	HSF2BP
ENSP00000269187	ENSG00000141424	SLC39A6	ENSPKIP00000023193	ENSPKIG00000006915	slc39a6
ENSP00000520912	ENSG00000125810	CD93	ENSPKIP00000038438	ENSPKIG00000016217	
ENSP00000318799	ENSG00000180828	BHLHE22	ENSPKIP00000025331	ENSPKIG00000008248	bhlhe22
ENSP00000368612	ENSG00000102763	VWA8	ENSPKIP00000023256	ENSPKIG00000006831	vwa8
ENSP00000366557	ENSG00000101343	CRNKL1	ENSPKIP00000039943	ENSPKIG00000017093	crnkl1
ENSP00000367299	ENSG00000136100	VPS36	ENSPKIP00000004631	ENSPKIG00000021597	vps36
ENSP00000329858	ENSG00000183665	TYW2	ENSPKIP00000019515	ENSPKIG00000004640	tyw2
ENSP00000361636	ENSG00000101470	TNNC2	ENSPKIP00000007641	ENSPKIG00000023457	tnnc2.1
ENSP00000666067	ENSG00000244687	UBE2V1	ENSPKIP00000022998	ENSPKIG00000006795	
ENSP00000320089	ENSG00000180053	NKX2-6	ENSPKIP00000009706	ENSPKIG00000024712	
ENSP00000364929	ENSG00000153487	ING1	ENSPKIP00000027570	ENSPKIG00000009581	ing1
ENSP00000328364	ENSG00000182759	MAFA	ENSPKIP00000016716	ENSPKIG00000002924	mafaa
ENSP00000261296	ENSG00000088451	TGDS	ENSPKIP00000000150	ENSPKIG00000018894	TGDS
ENSP00000302924	ENSG00000172458	IL17D	ENSPKIP00000014712	ENSPKIG00000001684	il17d
ENSP00000502252	ENSG00000102445	RUBCNL	ENSPKIP00000002218	ENSPKIG00000020195	rubcnl
ENSP00000521068	ENSG00000234469	CLDN34	ENSPKIP00000034116	ENSPKIG00000013577	
ENSP00000631215	ENSG00000134882	UBAC2	ENSPKIP00000020241	ENSPKIG00000005076	ubac2
ENSP00000322396	ENSG00000179041	RRS1	ENSPKIP00000024875	ENSPKIG00000007953	rrs1
ENSP00000579680	ENSG00000136158	SPRY2	ENSPKIP00000022639	ENSPKIG00000006559	spry2
ENSP00000521113	ENSG00000225366	CRIPTO3	ENSPKIP00000004155	ENSPKIG00000021384	tdgf1
ENSP00000515414	ENSG00000290230		ENSPKIP00000042027	ENSPKIG00000018362	exosc4
ENSP00000516752	ENSG00000164933	SLC25A32	ENSPKIP00000040528	ENSPKIG00000017451	slc25a32a
ENSP00000342121	ENSG00000127870	RNF6	ENSPKIP00000033896	ENSPKIG00000013440	rnf6
ENSP00000297324	ENSG00000164743	C8orf48	ENSPKIP00000001751	ENSPKIG00000019922	
ENSP00000498157	ENSG00000100138	SNU13	ENSPKIP00000025043	ENSPKIG00000008062	snu13b
ENSP00000369411	ENSG00000133119	RFC3	ENSPKIP00000038719	ENSPKIG00000016381	rfc3
ENSP00000565202	ENSG00000069998	HDHD5	ENSPKIP00000013055	ENSPKIG00000000633	hdhd5
ENSP00000596305	ENSG00000155959	VBP1	ENSPKIP00000003210	ENSPKIG00000020808	vbp1
ENSP00000319914	ENSG00000176907	TCIM	ENSPKIP00000004905	ENSPKIG00000021807	tcimb
ENSP00000796126	ENSG00000185825	BCAP31	ENSPKIP00000037480	ENSPKIG00000015641	bcap31
ENSP00000366267	ENSG00000179399	GPC5	ENSPKIP00000022376	ENSPKIG00000006408	gpc5a
ENSP00000217426	ENSG00000101444	AHCY	ENSPKIP00000019719	ENSPKIG00000004778	ahcy
ENSP00000603106	ENSG00000125246	CLYBL	ENSPKIP00000020064	ENSPKIG00000004987	clybl
ENSP00000369618	ENSG00000215251	FASTKD5	ENSPKIP00000038206	ENSPKIG00000016079	FASTKD5
ENSP00000380872	ENSG00000182405	PGBD4	ENSPKIP00000032450	ENSPKIG00000012553	
ENSP00000217446	ENSG00000101464	PIGU	ENSPKIP00000020554	ENSPKIG00000005277	pigu
ENSP00000401764	ENSG00000125931	CITED1	ENSPKIP00000001822	ENSPKIG00000019960	cited1
ENSP00000286732	ENSG00000156206	CFAP161	ENSPKIP00000003621	ENSPKIG00000021050	cfap161
ENSP00000746017	ENSG00000215440	NPEPL1	ENSPKIP00000018396	ENSPKIG00000003963	npepl1
ENSP00000489525	ENSG00000259332	ST20-MTHFS	ENSPKIP00000040961	ENSPKIG00000017707	mthfs
ENSP00000414750	ENSG00000215474	SKOR2	ENSPKIP00000006636	ENSPKIG00000022834	skor2
ENSP00000388723	ENSG00000234438	KBTBD13	ENSPKIP00000036627	ENSPKIG00000015128	KBTBD13
ENSP00000392762	ENSG00000080166	DCT	ENSPKIP00000021998	ENSPKIG00000006169	dct
ENSP00000613896	ENSG00000017797	RALBP1	ENSPKIP00000026386	ENSPKIG00000008882	ralbp1
ENSP00000399547	ENSG00000230778	ANKRD63	ENSPKIP00000019115	ENSPKIG00000004420	ANKRD63
ENSP00000384667	ENSG00000128346	C22orf23	ENSPKIP00000015881	ENSPKIG00000002426	si:dkey-43k4.3
ENSP00000512259	ENSG00000183287	CCBE1	ENSPKIP00000001478	ENSPKIG00000019761	
ENSP00000267984	ENSG00000140406	TLNRD1	ENSPKIP00000041714	ENSPKIG00000018170	tlnrd1
ENSP00000492634	ENSG00000259330	INAFM2	ENSPKIP00000027227	ENSPKIG00000009376	
ENSP00000307297	ENSG00000169105	CHST14	ENSPKIP00000025997	ENSPKIG00000008648	chst14
ENSP00000298743	ENSG00000180447	GAS1	ENSPKIP00000041589	ENSPKIG00000018079	GAS1
ENSP00000424768	ENSG00000251349	MSANTD3-TMEFF1	ENSPKIP00000023284	ENSPKIG00000006973	tmeff1b
ENSP00000606927	ENSG00000159873	CCDC117	ENSPKIP00000006581	ENSPKIG00000022805	ccdc117
ENSP00000440217	ENSG00000130032	PRRG3	ENSPKIP00000026326	ENSPKIG00000008856	si:dkey-38k9.5
ENSP00000479370	ENSG00000138867	GUCD1	ENSPKIP00000037084	ENSPKIG00000015411	gucd1
ENSP00000435033	ENSG00000284341		ENSPKIP00000003878	ENSPKIG00000021204	ptgdsa
ENSP00000788172	ENSG00000099994	SUSD2	ENSPKIP00000007577	ENSPKIG00000023406	SUSD2
ENSP00000375053	ENSG00000187713	TMEM203	ENSPKIP00000040512	ENSPKIG00000017450	tmem203
ENSP00000349041	ENSG00000198435	NRARP	ENSPKIP00000003827	ENSPKIG00000021164	nrarpa
ENSP00000488580	ENSG00000274619	CFD	ENSPKIP00000009361	ENSPKIG00000024495	cfd
ENSP00000485512	ENSG00000188710	QRFP	ENSPKIP00000023559	ENSPKIG00000007145	
ENSP00000361569	ENSG00000188483	IER5L	ENSPKIP00000012852	ENSPKIG00000000502	ier5l
ENSP00000512931	ENSG00000132958	TPTE2	ENSPKIP00000004357	ENSPKIG00000021473	tpte
ENSP00000749656	ENSG00000134873	CLDN10	ENSPKIP00000021860	ENSPKIG00000006085	cldn10a
ENSP00000370508	ENSG00000122033	MTIF3	ENSPKIP00000011681	ENSPKIG00000018672	mtif3
ENSP00000495484	ENSG00000257524		ENSPKIP00000010359	ENSPKIG00000025105	st6galnac6
ENSP00000497618	ENSG00000285942		ENSPKIP00000006198	ENSPKIG00000022580	lrrc57
ENSP00000541651	ENSG00000128298	BAIAP2L2	ENSPKIP00000014105	ENSPKIG00000001300	
ENSP00000536344	ENSG00000133103	COG6	ENSPKIP00000016208	ENSPKIG00000002612	cog6
ENSP00000477141	ENSG00000260230	FRRS1L	ENSPKIP00000035714	ENSPKIG00000014554	frrs1l
ENSP00000497886	ENSG00000206418	RAB12	ENSPKIP00000025895	ENSPKIG00000008579	rab12
ENSP00000361151	ENSG00000170835	CEL	ENSPKIP00000024247	ENSPKIG00000007560	cel.1
ENSP00000299727	ENSG00000166573	GALR1	ENSPKIP00000033974	ENSPKIG00000013494	galr1a
ENSP00000360640	ENSG00000000419	DPM1	ENSPKIP00000008524	ENSPKIG00000023975	dpm1
ENSP00000255224	ENSG00000132872	SYT4	ENSPKIP00000005637	ENSPKIG00000022233	syt4
ENSP00000650206	ENSG00000100353	EIF3D	ENSPKIP00000034674	ENSPKIG00000013892	eif3d
ENSP00000370527	ENSG00000159200	RCAN1	ENSPKIP00000015512	ENSPKIG00000002202	
ENSP00000361667	ENSG00000175283	DOLK	ENSPKIP00000010720	ENSPKIG00000025330	dolk
ENSP00000439287	ENSG00000101098	RIMS4	ENSPKIP00000030044	ENSPKIG00000011049	rims4
ENSP00000308759	ENSG00000173276	ZBTB21	ENSPKIP00000003071	ENSPKIG00000020728	ZBTB21
ENSP00000582805	ENSG00000134900	TPP2	ENSPKIP00000026755	ENSPKIG00000009054	tpp2
ENSP00000799860	ENSG00000178127	NDUFV2	ENSPKIP00000026179	ENSPKIG00000008753	ndufv2
ENSP00000563050	ENSG00000241837	ATP5PO	ENSPKIP00000030208	ENSPKIG00000011154	atp5po
ENSP00000478308	ENSG00000273936	TNFRSF14	ENSPKIP00000035152	ENSPKIG00000014194	
ENSP00000369581	ENSG00000171855	IFNB1	ENSPKIP00000041369	ENSPKIG00000017943	
ENSP00000332034	ENSG00000120685	PROSER1	ENSPKIP00000004692	ENSPKIG00000021689	proser1
ENSP00000317691	ENSG00000178718	RPP25	ENSPKIP00000001215	ENSPKIG00000019597	RPP25
ENSP00000276927	ENSG00000197919	IFNA1	ENSPKIP00000008539	ENSPKIG00000023991	
ENSP00000487073	ENSG00000255192	NANOGP8	ENSPKIP00000024932	ENSPKIG00000007992	nanog
ENSP00000365426	ENSG00000134864	GGACT	ENSPKIP00000035187	ENSPKIG00000014240	ggact.1
ENSP00000383115	ENSG00000158270	COLEC12	ENSPKIP00000029847	ENSPKIG00000010920	colec12
ENSP00000558508	ENSG00000156273	BACH1	ENSPKIP00000017054	ENSPKIG00000003128	bach1a
ENSP00000303549	ENSG00000171657	GPR82	ENSPKIP00000017660	ENSPKIG00000003483	GPR82
ENSP00000368682	ENSG00000102174	PHEX	ENSPKIP00000032753	ENSPKIG00000012686	phex
ENSP00000735604	ENSG00000141380	SS18	ENSPKIP00000039845	ENSPKIG00000017040	ss18
ENSP00000377807	ENSG00000187866	PABIR1	ENSPKIP00000009708	ENSPKIG00000024715	pabir2
ENSP00000484288	ENSG00000174405	LIG4	ENSPKIP00000030973	ENSPKIG00000011645	lig4
ENSP00000366897	ENSG00000118922	KLF12	ENSPKIP00000034313	ENSPKIG00000013699	klf12a
ENSP00000465231	ENSG00000137878	GCOM1	ENSPKIP00000005920	ENSPKIG00000022410	myzap
ENSP00000368244	ENSG00000089199	CHGB	ENSPKIP00000017666	ENSPKIG00000003486	
ENSP00000559903	ENSG00000101216	GMEB2	ENSPKIP00000021806	ENSPKIG00000006063	gmeb2
ENSP00000504566	ENSG00000171791	BCL2	ENSPKIP00000016760	ENSPKIG00000002953	bcl2b
ENSP00000319417	ENSG00000165480	SKA3	ENSPKIP00000014825	ENSPKIG00000001754	ska3
ENSP00000391457	ENSG00000153391	INO80C	ENSPKIP00000006215	ENSPKIG00000022582	ino80c
ENSP00000364265	ENSG00000178919	FOXE1	ENSPKIP00000036383	ENSPKIG00000014975	foxe3
ENSP00000345147	ENSG00000125816	NKX2-4	ENSPKIP00000004362	ENSPKIG00000021504	nkx2.4a
ENSP00000555125	ENSG00000125901	MRPS26	ENSPKIP00000002118	ENSPKIG00000020131	mrps26
ENSP00000465953	ENSG00000132874	SLC14A2	ENSPKIP00000038057	ENSPKIG00000015990	slc14a2
ENSP00000267328	ENSG00000139832	RAB20	ENSPKIP00000027735	ENSPKIG00000009670	rab20
ENSP00000523595	ENSG00000141448	GATA6	ENSPKIP00000022636	ENSPKIG00000006558	gata6
ENSP00000261590	ENSG00000046604	DSG2	ENSPKIP00000024083	ENSPKIG00000007457	
ENSP00000341815	ENSG00000203883	SOX18	ENSPKIP00000001701	ENSPKIG00000019898	sox18
ENSP00000443783	ENSG00000174306	ZHX3	ENSPKIP00000021442	ENSPKIG00000005847	ZHX3
ENSP00000461521	ENSG00000263290	SCAMP3	ENSPKIP00000037776	ENSPKIG00000015823	scamp3
ENSP00000461152	ENSG00000262666	ENTREP3	ENSPKIP00000035751	ENSPKIG00000014582	fam189b
ENSP00000497783	ENSG00000154059	IMPACT	ENSPKIP00000040168	ENSPKIG00000017235	impact
ENSP00000720303	ENSG00000150403	SLC9D1	ENSPKIP00000027366	ENSPKIG00000009448	slc9d1
ENSP00000348273	ENSG00000197971	MBP	ENSPKIP00000034017	ENSPKIG00000013514	MBP
ENSP00000215855	ENSG00000100053	CRYBB3	ENSPKIP00000038643	ENSPKIG00000016336	crybb3
ENSP00000540660	ENSG00000100226	GTPBP1	ENSPKIP00000020966	ENSPKIG00000005548	gtpbp1
ENSP00000645106	ENSG00000100319	ZMAT5	ENSPKIP00000007983	ENSPKIG00000023667	zmat5
ENSP00000544598	ENSG00000244005	NFS1	ENSPKIP00000040295	ENSPKIG00000017289	nfs1
ENSP00000270112	ENSG00000142149	HUNK	ENSPKIP00000006052	ENSPKIG00000022484	HUNK
ENSP00000494248	ENSG00000285390	ATP5IF1	ENSPKIP00000023928	ENSPKIG00000007385	atp5if1a
ENSP00000371794	ENSG00000205927	OLIG2	ENSPKIP00000030701	ENSPKIG00000011466	olig2
ENSP00000355180	ENSG00000142156	COL6A1	ENSPKIP00000028240	ENSPKIG00000009956	col6a1
ENSP00000244745	ENSG00000124766	SOX4	ENSPKIP00000002136	ENSPKIG00000020154	sox4b
ENSP00000415430	ENSG00000075218	GTSE1	ENSPKIP00000016646	ENSPKIG00000002881	gtse1
ENSP00000493906	ENSG00000054598	FOXC1	ENSPKIP00000026640	ENSPKIG00000009037	foxc1a
ENSP00000345464	ENSG00000187566	NHLRC1	ENSPKIP00000001460	ENSPKIG00000019753	NHLRC1
ENSP00000329170	ENSG00000184486	POU3F2	ENSPKIP00000032797	ENSPKIG00000012751	POU3F2
ENSP00000360240	ENSG00000203972	GLYATL3	ENSPKIP00000019258	ENSPKIG00000004500	si:ch73-106k19.2
ENSP00000498505	ENSG00000166265	CYYR1	ENSPKIP00000029501	ENSPKIG00000010721	cyyr1
ENSP00000369962	ENSG00000183067	IGSF5	ENSPKIP00000022824	ENSPKIG00000006690	igsf5a
ENSP00000300255	ENSG00000166979	EVA1C	ENSPKIP00000006184	ENSPKIG00000022564	
ENSP00000216036	ENSG00000100218	RSPH14	ENSPKIP00000003124	ENSPKIG00000020758	rsph14
ENSP00000583515	ENSG00000089091	DZANK1	ENSPKIP00000019064	ENSPKIG00000004383	dzank1
ENSP00000641289	ENSG00000196199	MPHOSPH8	ENSPKIP00000017705	ENSPKIG00000003488	mphosph8
ENSP00000215742	ENSG00000184436	THAP7	ENSPKIP00000023045	ENSPKIG00000006821	thap7
ENSP00000486510	ENSG00000280663	PCMTD2	ENSPKIP00000021388	ENSPKIG00000005817	pcmtd2b
ENSP00000555418	ENSG00000093072	ADA2	ENSPKIP00000040438	ENSPKIG00000017396	ada2b
ENSP00000533346	ENSG00000136110	CNMD	ENSPKIP00000030771	ENSPKIG00000011503	cnmd
ENSP00000356908	ENSG00000146378	TAAR2	ENSPKIP00000002207	ENSPKIG00000020186	TAAR5
ENSP00000411658	ENSG00000141433	ADCYAP1	ENSPKIP00000029301	ENSPKIG00000010573	adcyap1a
ENSP00000291592	ENSG00000160233	LRRC3	ENSPKIP00000000859	ENSPKIG00000019375	lrrc3
ENSP00000607325	ENSG00000159259	CHAF1B	ENSPKIP00000026196	ENSPKIG00000008763	chaf1b
ENSP00000394624	ENSG00000112038	OPRM1	ENSPKIP00000021813	ENSPKIG00000006065	oprm1
ENSP00000556158	ENSG00000166347	CYB5A	ENSPKIP00000019810	ENSPKIG00000004828	
ENSP00000025301	ENSG00000023516	AKAP11	ENSPKIP00000023859	ENSPKIG00000007325	akap11
ENSP00000493867	ENSG00000155307	SAMSN1	ENSPKIP00000020687	ENSPKIG00000005363	samsn1a
ENSP00000370421	ENSG00000139515	PDX1	ENSPKIP00000025587	ENSPKIG00000008406	pdx1
ENSP00000397435	ENSG00000102804	TSC22D1	ENSPKIP00000033662	ENSPKIG00000013295	tsc22d1
ENSP00000496779	ENSG00000099949	LZTR1	ENSPKIP00000009740	ENSPKIG00000024708	lztr1
ENSP00000326603	ENSG00000101596	SMCHD1	ENSPKIP00000028369	ENSPKIG00000009971	smchd1
ENSP00000761740	ENSG00000132963	POMP	ENSPKIP00000037160	ENSPKIG00000015452	pomp
ENSP00000291568	ENSG00000160213	CSTB	ENSPKIP00000011772	ENSPKIG00000018715	cst14a.1
ENSP00000332513	ENSG00000185437	SH3BGR	ENSPKIP00000031937	ENSPKIG00000012144	sh3bgr
ENSP00000356708	ENSG00000177468	OLIG3	ENSPKIP00000014501	ENSPKIG00000001548	olig3
ENSP00000486471	ENSG00000275990	NCF4	ENSPKIP00000018987	ENSPKIG00000004332	ncf4
ENSP00000269466	ENSG00000141642	ELAC1	ENSPKIP00000039586	ENSPKIG00000016890	elac1
ENSP00000323580	ENSG00000032742	IFT88	ENSPKIP00000015499	ENSPKIG00000002129	ift88
ENSP00000490709	ENSG00000261832		ENSPKIP00000039398	ENSPKIG00000016764	cln3
ENSP00000458900	ENSG00000263160	TMEM50B	ENSPKIP00000021127	ENSPKIG00000005647	TMEM50B
ENSP00000528843	ENSG00000100307	CBX7	ENSPKIP00000018354	ENSPKIG00000003942	
ENSP00000262039	ENSG00000078142	PIK3C3	ENSPKIP00000036789	ENSPKIG00000015200	pik3c3
ENSP00000008391	ENSG00000008197	TFAP2D	ENSPKIP00000004496	ENSPKIG00000021570	tfap2d
ENSP00000458791	ENSG00000180269	GPR139	ENSPKIP00000017152	ENSPKIG00000003194	GPR139
ENSP00000456500	ENSG00000225614	ZNF469	ENSPKIP00000035762	ENSPKIG00000014591	
ENSP00000368805	ENSG00000124827	GCM2	ENSPKIP00000023948	ENSPKIG00000007384	GCM2
ENSP00000398597	ENSG00000223496	EXOSC6	ENSPKIP00000005292	ENSPKIG00000022020	exosc6
ENSP00000230361	ENSG00000112599	GUCA1B	ENSPKIP00000020534	ENSPKIG00000005275	guca1b
ENSP00000332340	ENSG00000182810	DDX28	ENSPKIP00000003874	ENSPKIG00000021200	ddx28
ENSP00000319590	ENSG00000176381	PRR18	ENSPKIP00000023208	ENSPKIG00000006923	prr18
ENSP00000712364	ENSG00000134490	SLC35D4	ENSPKIP00000011876	ENSPKIG00000018350	slc35d4
ENSP00000244573	ENSG00000124610	H1-1	ENSPKIP00000004005	ENSPKIG00000021283	
ENSP00000566681	ENSG00000160183	TMPRSS3	ENSPKIP00000017234	ENSPKIG00000003233	tmprss3b
ENSP00000282003	ENSG00000152193	OBI1	ENSPKIP00000017861	ENSPKIG00000003620	
ENSP00000792787	ENSG00000136146	MED4	ENSPKIP00000001803	ENSPKIG00000019950	MED4
ENSP00000463151	ENSG00000265203	RBP3	ENSPKIP00000038507	ENSPKIG00000016226	rbp3
ENSP00000361967	ENSG00000124659	TBCC	ENSPKIP00000029556	ENSPKIG00000010761	tbcc
ENSP00000246115	ENSG00000125910	S1PR4	ENSPKIP00000029125	ENSPKIG00000010500	s1pr4
ENSP00000255476	ENSG00000133111	RFXAP	ENSPKIP00000007427	ENSPKIG00000023321	rfxap
ENSP00000241453	ENSG00000122025	FLT3	ENSPKIP00000025528	ENSPKIG00000008367	
ENSP00000527062	ENSG00000101457	DNTTIP1	ENSPKIP00000016799	ENSPKIG00000002964	ube2c
ENSP00000292574	ENSG00000160994	TEKTL1	ENSPKIP00000032920	ENSPKIG00000012826	tektl1
ENSP00000455755	ENSG00000258539		ENSPKIP00000013745	ENSPKIG00000001059	EEF1AKMT2
ENSP00000485690	ENSG00000275003	DDT	ENSPKIP00000036688	ENSPKIG00000015164	ddt
ENSP00000245304	ENSG00000125249	RAP2A	ENSPKIP00000021283	ENSPKIG00000005758	RAP2A
ENSP00000487431	ENSG00000281013	NDUFA6	ENSPKIP00000023856	ENSPKIG00000007330	ndufa6
ENSP00000507173	ENSG00000151835	SACS	ENSPKIP00000031345	ENSPKIG00000011853	sacs
ENSP00000372199	ENSG00000142207	URB1	ENSPKIP00000017964	ENSPKIG00000003683	urb1
ENSP00000472547	ENSG00000268790		ENSPKIP00000023348	ENSPKIG00000007017	smim7
ENSP00000284674	ENSG00000154478	GPR26	ENSPKIP00000017131	ENSPKIG00000003175	GPR26
ENSP00000481741	ENSG00000277656	GSTT1	ENSPKIP00000036712	ENSPKIG00000015176	gstt1b
ENSP00000370849	ENSG00000205730	ITPRIPL2	ENSPKIP00000002044	ENSPKIG00000020099	ITPRIPL2
ENSP00000795411	ENSG00000169062	UPF3A	ENSPKIP00000019122	ENSPKIG00000004422	upf3a
ENSP00000535637	ENSG00000100325	ASCC2	ENSPKIP00000002471	ENSPKIG00000020354	ascc2
ENSP00000577133	ENSG00000175354	PTPN2	ENSPKIP00000040129	ENSPKIG00000017135	ptpn2a
ENSP00000632458	ENSG00000185917	SETD4	ENSPKIP00000025657	ENSPKIG00000008446	setd4
ENSP00000330074	ENSG00000184357	H1-5	ENSPKIP00000010007	ENSPKIG00000024891	H1-6
ENSP00000491678	ENSG00000124155	PIGT	ENSPKIP00000041954	ENSPKIG00000018290	pigt
ENSP00000410041	ENSG00000180592	SKIDA1	ENSPKIP00000029564	ENSPKIG00000010764	SKIDA1
ENSP00000476672	ENSG00000235376	RPEL1	ENSPKIP00000031005	ENSPKIG00000011665	rpe
ENSP00000558986	ENSG00000133104	SPART	ENSPKIP00000014814	ENSPKIG00000001742	spartb
ENSP00000469872	ENSG00000171570	RAB4B-EGLN2	ENSPKIP00000028526	ENSPKIG00000010138	rab4b
ENSP00000413100	ENSG00000174109	UQCC4	ENSPKIP00000023092	ENSPKIG00000006856	uqcc4
ENSP00000244314	ENSG00000124449	IRGC	ENSPKIP00000003020	ENSPKIG00000020699	
ENSP00000484263	ENSG00000232258	TMEM114	ENSPKIP00000041092	ENSPKIG00000017784	TMEM114
ENSP00000304689	ENSG00000168286	THAP11	ENSPKIP00000015358	ENSPKIG00000002111	thap11
ENSP00000472384	ENSG00000268975	MIA-RAB4B	ENSPKIP00000026917	ENSPKIG00000009197	mia
ENSP00000306220	ENSG00000169446	MMGT1	ENSPKIP00000004071	ENSPKIG00000021318	
ENSP00000255499	ENSG00000133135	RNF128	ENSPKIP00000035266	ENSPKIG00000014292	rnf128a
ENSP00000464780	ENSG00000134779	TPGS2	ENSPKIP00000040362	ENSPKIG00000017360	tpgs2
ENSP00000299238	ENSG00000166189	HPS6	ENSPKIP00000024696	ENSPKIG00000007848	
ENSP00000579285	ENSG00000087842	PIR	ENSPKIP00000004171	ENSPKIG00000021380	pir
ENSP00000341021	ENSG00000188425	NANOS2	ENSPKIP00000023221	ENSPKIG00000006934	
ENSP00000360918	ENSG00000138135	CH25H	ENSPKIP00000010153	ENSPKIG00000024977	ch25h
ENSP00000456832	ENSG00000255339		ENSPKIP00000023885	ENSPKIG00000007344	ndufb8
ENSP00000517824	ENSG00000292086	FAHD2A	ENSPKIP00000014066	ENSPKIG00000001267	FAHD2A
ENSP00000363229	ENSG00000187714	SLC18A3	ENSPKIP00000020077	ENSPKIG00000005000	slc18a3b
ENSP00000430706	ENSG00000253626	EIF5AL1	ENSPKIP00000020791	ENSPKIG00000005442	
ENSP00000507261	ENSG00000288721		ENSPKIP00000014098	ENSPKIG00000001295	MED20
ENSP00000345716	ENSG00000189134	NKAPL	ENSPKIP00000000990	ENSPKIG00000019447	
ENSP00000358703	ENSG00000203877	RIPPLY2	ENSPKIP00000026289	ENSPKIG00000008840	ripply1
ENSP00000329926	ENSG00000185933	CALHM1	ENSPKIP00000015207	ENSPKIG00000002001	calhm1a
ENSP00000358798	ENSG00000183128	CALHM3	ENSPKIP00000015173	ENSPKIG00000001981	calhm3
ENSP00000493805	ENSG00000224578	HNRNPA1L3	ENSPKIP00000022109	ENSPKIG00000006240	
ENSP00000362777	ENSG00000179774	ATOH7	ENSPKIP00000020480	ENSPKIG00000005244	atoh7
ENSP00000568941	ENSG00000183255	PTTG1IP	ENSPKIP00000034431	ENSPKIG00000013764	
ENSP00000366157	ENSG00000152749	GPR180	ENSPKIP00000000014	ENSPKIG00000018842	GPR180
ENSP00000356541	ENSG00000169976	SF3B5	ENSPKIP00000021793	ENSPKIG00000006057	sf3b5
ENSP00000496438	ENSG00000267534	S1PR2	ENSPKIP00000037145	ENSPKIG00000015448	s1pr2
ENSP00000640697	ENSG00000136156	ITM2B	ENSPKIP00000001752	ENSPKIG00000019925	itm2ba
ENSP00000438264	ENSG00000204033	LRIT2	ENSPKIP00000019904	ENSPKIG00000004881	LRIT2
ENSP00000485701	ENSG00000277926	NEU4	ENSPKIP00000028856	ENSPKIG00000010329	neu4
ENSP00000358301	ENSG00000043591	ADRB1	ENSPKIP00000029063	ENSPKIG00000010458	adrb1
ENSP00000337432	ENSG00000112116	IL17F	ENSPKIP00000005328	ENSPKIG00000022047	il17a/f3
ENSP00000484960	ENSG00000157551	KCNJ15	ENSPKIP00000035106	ENSPKIG00000014182	KCNJ15
ENSP00000455469	ENSG00000203733	GJE1	ENSPKIP00000015325	ENSPKIG00000002091	gje1b
ENSP00000365678	ENSG00000165312	OTUD1	ENSPKIP00000003203	ENSPKIG00000020810	otud1
ENSP00000568861	ENSG00000139684	ESD	ENSPKIP00000001935	ENSPKIG00000020025	esd
ENSP00000470609	ENSG00000167774		ENSPKIP00000025105	ENSPKIG00000008085	ndufa7
ENSP00000515391	ENSG00000164508	H2AC1	ENSPKIP00000003821	ENSPKIG00000021160	
ENSP00000291577	ENSG00000160221	GATD3	ENSPKIP00000024799	ENSPKIG00000007897	gatd3
ENSP00000630460	ENSG00000101997	CCDC22	ENSPKIP00000030336	ENSPKIG00000011235	ccdc22
ENSP00000513596	ENSG00000100146	SOX10	ENSPKIP00000024628	ENSPKIG00000007801	SOX10
ENSP00000492441	ENSG00000270800	RPS10-NUDT3	ENSPKIP00000017383	ENSPKIG00000003321	rps10
ENSP00000498905	ENSG00000244752	CRYBB2	ENSPKIP00000038622	ENSPKIG00000016321	crybb2
ENSP00000497294	ENSG00000104826	LHB	ENSPKIP00000014741	ENSPKIG00000001704	lhb
ENSP00000506368	ENSG00000100023	PPIL2	ENSPKIP00000032841	ENSPKIG00000012778	ppil2
ENSP00000483729	ENSG00000132938	MTUS2	ENSPKIP00000016480	ENSPKIG00000002767	
ENSP00000518214	ENSG00000292253	TGOLN2	ENSPKIP00000010010	ENSPKIG00000024894	
ENSP00000365301	ENSG00000102466	FGF14	ENSPKIP00000019290	ENSPKIG00000004514	FGF14
ENSP00000517901	ENSG00000292155	RETSAT	ENSPKIP00000003733	ENSPKIG00000021116	si:ch1073-13h15.3
ENSP00000441381	ENSG00000162006	MSLNL	ENSPKIP00000028707	ENSPKIG00000010234	mslna
ENSP00000463762	ENSG00000249961	TERB1	ENSPKIP00000023818	ENSPKIG00000007302	
ENSP00000381036	ENSG00000118492	ADGB	ENSPKIP00000034230	ENSPKIG00000013635	
ENSP00000498000	ENSG00000285589		ENSPKIP00000019538	ENSPKIG00000004668	
ENSP00000303315	ENSG00000171223	JUNB	ENSPKIP00000027809	ENSPKIG00000009704	junba
ENSP00000618353	ENSG00000120662	MTRF1	ENSPKIP00000037591	ENSPKIG00000015711	mtrf1
ENSP00000297977	ENSG00000165259	HDX	ENSPKIP00000005741	ENSPKIG00000022290	hdx
ENSP00000518177	ENSG00000181915	ADO	ENSPKIP00000001139	ENSPKIG00000019545	adob
ENSP00000277570	ENSG00000148426	PROSER2	ENSPKIP00000011024	ENSPKIG00000025505	
ENSP00000600784	ENSG00000100211	CBY1	ENSPKIP00000016528	ENSPKIG00000002813	cby1
ENSP00000549918	ENSG00000240849	PEDS1	ENSPKIP00000023055	ENSPKIG00000006824	peds1b
ENSP00000505169	ENSG00000101160	CTSZ	ENSPKIP00000018341	ENSPKIG00000003935	ctsz
ENSP00000315070	ENSG00000177291	GJD4	ENSPKIP00000030927	ENSPKIG00000011615	GJD4
ENSP00000570888	ENSG00000185272	RBM11	ENSPKIP00000000565	ENSPKIG00000019177	rbm11
ENSP00000358997	ENSG00000184216	IRAK1	ENSPKIP00000008546	ENSPKIG00000023994	irak1
ENSP00000305631	ENSG00000171773	NXNL1	ENSPKIP00000028630	ENSPKIG00000010197	nxnl1
ENSP00000499711	ENSG00000184381	PLA2G6	ENSPKIP00000018784	ENSPKIG00000004189	pla2g6
ENSP00000547391	ENSG00000142168	SOD1	ENSPKIP00000005866	ENSPKIG00000022372	sod1
ENSP00000496809	ENSG00000118680	MYL12B	ENSPKIP00000020315	ENSPKIG00000005141	myl12.2
ENSP00000340677	ENSG00000075290	WNT8B	ENSPKIP00000024028	ENSPKIG00000007439	wnt8b
ENSP00000270458	ENSG00000142408	CACNG8	ENSPKIP00000032764	ENSPKIG00000012728	cacng8a
ENSP00000403049	ENSG00000139737	SLAIN1	ENSPKIP00000022672	ENSPKIG00000006586	slain1a
ENSP00000548472	ENSG00000101194	SLC17A9	ENSPKIP00000020032	ENSPKIG00000004961	slc17a9b
ENSP00000570268	ENSG00000123179	EBPL	ENSPKIP00000032114	ENSPKIG00000012333	ebpl
ENSP00000633651	ENSG00000118939	UCHL3	ENSPKIP00000034232	ENSPKIG00000013632	uchl3
ENSP00000358963	ENSG00000135312	HTR1B	ENSPKIP00000002222	ENSPKIG00000020198	HTR1B
ENSP00000489993	ENSG00000283391	EEF1B2	ENSPKIP00000029031	ENSPKIG00000010432	eef1b2
ENSP00000243938	ENSG00000124116	WFDC3	ENSPKIP00000011888	ENSPKIG00000018340	wfdc2
ENSP00000513571	ENSG00000183918	SH2D1A	ENSPKIP00000005484	ENSPKIG00000022140	sh2d1ab
ENSP00000221496	ENSG00000104899	AMH	ENSPKIP00000041442	ENSPKIG00000017996	amh
ENSP00000368165	ENSG00000205138	SDHAF1	ENSPKIP00000029382	ENSPKIG00000010652	sdhaf1
ENSP00000487458	ENSG00000282035		ENSPKIP00000027220	ENSPKIG00000009373	
ENSP00000612528	ENSG00000102683	SGCG	ENSPKIP00000031291	ENSPKIG00000011825	sgcg
ENSP00000582872	ENSG00000101639	CEP192	ENSPKIP00000040195	ENSPKIG00000017245	
ENSP00000461225	ENSG00000262860	LSM14A	ENSPKIP00000019760	ENSPKIG00000004788	LSM14A
ENSP00000468614	ENSG00000267059		ENSPKIP00000011444	ENSPKIG00000018517	UQCR11
ENSP00000531753	ENSG00000125247	TMTC4	ENSPKIP00000035287	ENSPKIG00000014284	tmtc4
ENSP00000491574	ENSG00000268041	ERFL	ENSPKIP00000003492	ENSPKIG00000020971	erfl1
ENSP00000253048	ENSG00000130749	ZC3H4	ENSPKIP00000023289	ENSPKIG00000006977	zc3h4
ENSP00000544325	ENSG00000101391	CDK5RAP1	ENSPKIP00000037880	ENSPKIG00000015899	cdk5rap1
ENSP00000795238	ENSG00000243927	MRPS6	ENSPKIP00000022535	ENSPKIG00000006507	mrps6
ENSP00000215368	ENSG00000099617	EFNA2	ENSPKIP00000032122	ENSPKIG00000012338	efna2b
ENSP00000248958	ENSG00000128228	SDF2L1	ENSPKIP00000041395	ENSPKIG00000017963	sdf2l1
ENSP00000656882	ENSG00000160201	U2AF1	ENSPKIP00000027073	ENSPKIG00000009285	u2af1
ENSP00000470441	ENSG00000269855	RNF225	ENSPKIP00000032668	ENSPKIG00000012672	rnf183
ENSP00000642025	ENSG00000139496	NUP58	ENSPKIP00000010209	ENSPKIG00000024998	nup58
ENSP00000718300	ENSG00000136152	COG3	ENSPKIP00000013576	ENSPKIG00000000939	cog3
ENSP00000427514	ENSG00000245848	CEBPA	ENSPKIP00000003156	ENSPKIG00000020777	CEBPA
ENSP00000379183	ENSG00000073150	PANX2	ENSPKIP00000040960	ENSPKIG00000017709	PANX
ENSP00000556572	ENSG00000088448	ANKRD10	ENSPKIP00000030623	ENSPKIG00000011413	ankrd10a
ENSP00000366347	ENSG00000125820	NKX2-2	ENSPKIP00000004336	ENSPKIG00000021491	nkx2.2a
ENSP00000800199	ENSG00000147164	SNX12	ENSPKIP00000014413	ENSPKIG00000001487	SNX12
ENSP00000793006	ENSG00000100359	SGSM3	ENSPKIP00000018388	ENSPKIG00000003911	sgsm3
ENSP00000745566	ENSG00000171858	RPS21	ENSPKIP00000000054	ENSPKIG00000018867	rps21
ENSP00000483550	ENSG00000276111	SDCCAG8	ENSPKIP00000005071	ENSPKIG00000021888	sdccag8
ENSP00000631036	ENSG00000101004	NINL	ENSPKIP00000029066	ENSPKIG00000010435	ninl
ENSP00000781585	ENSG00000139508	SLC46A3	ENSPKIP00000006357	ENSPKIG00000022672	si:dkey-5g14.1
ENSP00000262094	ENSG00000041353	RAB27B	ENSPKIP00000037386	ENSPKIG00000015589	rab27b
ENSP00000299721	ENSG00000166569	CPLX4	ENSPKIP00000008508	ENSPKIG00000023970	cplx4a
ENSP00000483499	ENSG00000177426	TGIF1	ENSPKIP00000003180	ENSPKIG00000020785	tgif1
ENSP00000544842	ENSG00000101247	NDUFAF5	ENSPKIP00000009364	ENSPKIG00000024484	ndufaf5
ENSP00000372964	ENSG00000088756	ARHGAP28	ENSPKIP00000034036	ENSPKIG00000013524	arhgap28
ENSP00000372170	ENSG00000163132	MSX1	ENSPKIP00000018694	ENSPKIG00000004171	MSX1
ENSP00000488976	ENSG00000282941	TCEA3	ENSPKIP00000002639	ENSPKIG00000020421	tcea3
ENSP00000358904	ENSG00000196700	ZNF512B	ENSPKIP00000020612	ENSPKIG00000005318	znf512b
ENSP00000262605	ENSG00000124120	TTPAL	ENSPKIP00000030822	ENSPKIG00000011537	ttpal
ENSP00000472218	ENSG00000079435	LIPE	ENSPKIP00000004013	ENSPKIG00000021278	lipeb
ENSP00000269878	ENSG00000141977	CIB3	ENSPKIP00000012200	ENSPKIG00000000074	cib3
ENSP00000597842	ENSG00000189403	HMGB1	ENSPKIP00000037978	ENSPKIG00000015949	hmgb1a
ENSP00000537790	ENSG00000160209	PDXK	ENSPKIP00000016697	ENSPKIG00000002898	pdxkb
ENSP00000484421	ENSG00000275544	BDH1	ENSPKIP00000004384	ENSPKIG00000021518	bdh1
ENSP00000692204	ENSG00000091164	TXNL1	ENSPKIP00000002330	ENSPKIG00000020256	txnl1
ENSP00000639704	ENSG00000100997	ABHD12	ENSPKIP00000028907	ENSPKIG00000010364	abhd12
ENSP00000460395	ENSG00000263238	CTSO	ENSPKIP00000036844	ENSPKIG00000015268	ctso
ENSP00000371607	ENSG00000027001	MIPEP	ENSPKIP00000031495	ENSPKIG00000011944	mipepa
ENSP00000569792	ENSG00000100410	PHF5A	ENSPKIP00000017031	ENSPKIG00000003100	phf5a
ENSP00000303584	ENSG00000156239	HEMK2	ENSPKIP00000029656	ENSPKIG00000010822	hemk2
ENSP00000613481	ENSG00000183762	KREMEN1	ENSPKIP00000007646	ENSPKIG00000023462	kremen1
ENSP00000517921	ENSG00000292158	RPS3A	ENSPKIP00000034824	ENSPKIG00000014006	RPS3A
ENSP00000368572	ENSG00000130066	SAT1	ENSPKIP00000010519	ENSPKIG00000025211	SAT1
ENSP00000517937	ENSG00000292165	SH3D19	ENSPKIP00000039591	ENSPKIG00000016893	
ENSP00000370532	ENSG00000122034	GTF3A	ENSPKIP00000014879	ENSPKIG00000001787	gtf3ab
ENSP00000479256	ENSG00000255690	TRIL	ENSPKIP00000012209	ENSPKIG00000000080	tril
ENSP00000746718	ENSG00000101773	RBBP8	ENSPKIP00000011290	ENSPKIG00000018444	
ENSP00000244040	ENSG00000124209	RAB22A	ENSPKIP00000018607	ENSPKIG00000004103	rab22a
ENSP00000527265	ENSG00000120697	ALG5	ENSPKIP00000007349	ENSPKIG00000023274	alg5
ENSP00000254803	ENSG00000132467	UTP3	ENSPKIP00000033037	ENSPKIG00000012883	utp3
ENSP00000496394	ENSG00000100106	TRIOBP	ENSPKIP00000023893	ENSPKIG00000007347	triobpb
ENSP00000297203	ENSG00000164645	TEX47	ENSPKIP00000017200	ENSPKIG00000003197	
ENSP00000442515	ENSG00000131044	TTLL9	ENSPKIP00000041760	ENSPKIG00000018185	ttll9
ENSP00000491450	ENSG00000250298	GIMD1	ENSPKIP00000032721	ENSPKIG00000012707	GIMD1
ENSP00000669958	ENSG00000244754	N4BP2L2	ENSPKIP00000013774	ENSPKIG00000001068	n4bp2l2
ENSP00000621456	ENSG00000128791	TWSG1	ENSPKIP00000026309	ENSPKIG00000008852	twsg1a
ENSP00000334879	ENSG00000186212	SOWAHB	ENSPKIP00000025337	ENSPKIG00000008250	
ENSP00000318113	ENSG00000177300	CLDN22	ENSPKIP00000009675	ENSPKIG00000024690	cldn26
ENSP00000362963	ENSG00000147140	NONO	ENSPKIP00000035604	ENSPKIG00000014500	NONO
ENSP00000401564	ENSG00000099901	RANBP1	ENSPKIP00000028637	ENSPKIG00000010195	RANBP1
ENSP00000395244	ENSG00000234224	TMEM229A	ENSPKIP00000038018	ENSPKIG00000015974	TMEM229A
ENSP00000367691	ENSG00000139679	LPAR6	ENSPKIP00000004960	ENSPKIG00000021838	lpar6a
ENSP00000407978	ENSG00000235608	NKX1-1	ENSPKIP00000022124	ENSPKIG00000006255	nkx1.2lb
ENSP00000507480	ENSG00000102796	DHRS12	ENSPKIP00000002378	ENSPKIG00000020280	dhrs12
ENSP00000316628	ENSG00000176641	RNF152	ENSPKIP00000031051	ENSPKIG00000011701	rnf152
ENSP00000463041	ENSG00000134504	KCTD1	ENSPKIP00000039698	ENSPKIG00000016947	KCTD1
ENSP00000562507	ENSG00000100258	LMF2	ENSPKIP00000027390	ENSPKIG00000009471	lmf2a
ENSP00000295589	ENSG00000163394	CCKAR	ENSPKIP00000000471	ENSPKIG00000019120	CCKAR
ENSP00000617486	ENSG00000126216	TUBGCP3	ENSPKIP00000031531	ENSPKIG00000011878	tubgcp3
ENSP00000314992	ENSG00000180245	RRH	ENSPKIP00000000234	ENSPKIG00000018975	rrh
ENSP00000484677	ENSG00000274382	PROP1	ENSPKIP00000004880	ENSPKIG00000021786	
ENSP00000596658	ENSG00000159055	MIS18A	ENSPKIP00000006141	ENSPKIG00000022536	mis18a
ENSP00000798945	ENSG00000188677	PARVB	ENSPKIP00000005601	ENSPKIG00000022188	parvb
ENSP00000346196	ENSG00000160194	NDUFV3	ENSPKIP00000017355	ENSPKIG00000003299	
ENSP00000384971	ENSG00000205858	LRRC72	ENSPKIP00000031502	ENSPKIG00000011958	
ENSP00000296358	ENSG00000163982	OTOP1	ENSPKIP00000018405	ENSPKIG00000003987	OTOP1
ENSP00000378605	ENSG00000176410	DNAJC30	ENSPKIP00000029153	ENSPKIG00000010511	dnajc30b
ENSP00000378577	ENSG00000165215	CLDN3	ENSPKIP00000022231	ENSPKIG00000006263	
ENSP00000318128	ENSG00000186222	BLOC1S4	ENSPKIP00000016649	ENSPKIG00000002886	bloc1s4
ENSP00000327545	ENSG00000221890	NPTXR	ENSPKIP00000018611	ENSPKIG00000004121	nptxrb
ENSP00000534811	ENSG00000128311	TST	ENSPKIP00000023982	ENSPKIG00000007408	mpst
ENSP00000581625	ENSG00000160199	PKNOX1	ENSPKIP00000017306	ENSPKIG00000003263	pknox1.1
ENSP00000751829	ENSG00000100029	PES1	ENSPKIP00000009785	ENSPKIG00000024750	PES1
ENSP00000424711	ENSG00000249581	CLRN2	ENSPKIP00000006000	ENSPKIG00000022458	clrn2
ENSP00000302216	ENSG00000172238	ATOH1	ENSPKIP00000039898	ENSPKIG00000017085	atoh1a
ENSP00000455744	ENSG00000256646		ENSPKIP00000011262	ENSPKIG00000018431	PSMA2
ENSP00000382670	ENSG00000215203	GRXCR1	ENSPKIP00000040237	ENSPKIG00000017278	grxcr1b
ENSP00000379051	ENSG00000146676	PURB	ENSPKIP00000016892	ENSPKIG00000003034	purba
ENSP00000513781	ENSG00000168772	CXXC4	ENSPKIP00000031338	ENSPKIG00000011861	cxxc4
ENSP00000348984	ENSG00000159140	SON	ENSPKIP00000018180	ENSPKIG00000003842	
ENSP00000483614	ENSG00000277957	SENP3-EIF4A1	ENSPKIP00000014108	ENSPKIG00000001302	senp3a
ENSP00000638746	ENSG00000183569	SERHL2	ENSPKIP00000015342	ENSPKIG00000002097	serhl
ENSP00000505429	ENSG00000046647	GEMIN8	ENSPKIP00000002442	ENSPKIG00000020338	gemin8
ENSP00000284881	ENSG00000154642	C21orf91	ENSPKIP00000002859	ENSPKIG00000020592	zgc:110006
ENSP00000329803	ENSG00000182223	ZAR1	ENSPKIP00000018689	ENSPKIG00000004141	zar1
ENSP00000373669	ENSG00000196544	BORCS6	ENSPKIP00000008684	ENSPKIG00000024080	borcs6
ENSP00000330051	ENSG00000185156	MFSD6L	ENSPKIP00000021024	ENSPKIG00000005588	mfsd6l
ENSP00000612513	ENSG00000157538	VPS26C	ENSPKIP00000035252	ENSPKIG00000014271	vps26c
ENSP00000393128	ENSG00000187416	LHFPL3	ENSPKIP00000012147	ENSPKIG00000000046	lhfpl3
ENSP00000218652	ENSG00000102471	NDFIP2	ENSPKIP00000001504	ENSPKIG00000019776	ndfip2
ENSP00000275461	ENSG00000146618	FERD3L	ENSPKIP00000011984	ENSPKIG00000025633	ferd3l
ENSP00000215793	ENSG00000099995	SF3A1	ENSPKIP00000006704	ENSPKIG00000022872	
ENSP00000609512	ENSG00000134905	CARS2	ENSPKIP00000027662	ENSPKIG00000009618	cars2
ENSP00000309285	ENSG00000173013	CFAP184	ENSPKIP00000040218	ENSPKIG00000017269	cfap184
ENSP00000490760	ENSG00000250821	EXOC1L	ENSPKIP00000034698	ENSPKIG00000013937	exoc1l
ENSP00000338348	ENSG00000184787	UBE2G2	ENSPKIP00000026746	ENSPKIG00000009101	ube2g2
ENSP00000405726	ENSG00000093009	CDC45	ENSPKIP00000009442	ENSPKIG00000024546	cdc45
ENSP00000497112	ENSG00000106031	HOXA13	ENSPKIP00000012370	ENSPKIG00000000189	hoxa13a
ENSP00000425786	ENSG00000197826	CFAP299	ENSPKIP00000001592	ENSPKIG00000019826	cfap299
ENSP00000348206	ENSG00000101166	PRELID3B	ENSPKIP00000017887	ENSPKIG00000003635	prelid3b
ENSP00000461324	ENSG00000262660		ENSPKIP00000032851	ENSPKIG00000012791	slc25a10a
ENSP00000496813	ENSG00000182093	GET1	ENSPKIP00000022891	ENSPKIG00000006725	get1
ENSP00000340402	ENSG00000188991	SLC15A5	ENSPKIP00000004594	ENSPKIG00000021636	slc15a5
ENSP00000658950	ENSG00000149600	COMMD7	ENSPKIP00000019288	ENSPKIG00000004519	commd7
ENSP00000551696	ENSG00000175198	PCCA	ENSPKIP00000019905	ENSPKIG00000004765	pcca
ENSP00000486581	ENSG00000289346		ENSPKIP00000040128	ENSPKIG00000017201	
ENSP00000328773	ENSG00000186834	HEXIM1	ENSPKIP00000016773	ENSPKIG00000002959	hexim1
ENSP00000376910	ENSG00000133640	LRRIQ1	ENSPKIP00000008807	ENSPKIG00000024150	lrriq1
ENSP00000293330	ENSG00000161610	HCRT	ENSPKIP00000013911	ENSPKIG00000001162	HCRT
ENSP00000359013	ENSG00000243509	TNFRSF6B	ENSPKIP00000031615	ENSPKIG00000012032	TNFRSF6B
ENSP00000615334	ENSG00000071553	ATP6AP1	ENSPKIP00000009283	ENSPKIG00000024454	atp6ap1a
ENSP00000594653	ENSG00000154727	GABPA	ENSPKIP00000029144	ENSPKIG00000010493	gabpa
ENSP00000386170	ENSG00000164532	TBX20	ENSPKIP00000004419	ENSPKIG00000021534	tbx20
ENSP00000341145	ENSG00000088325	TPX2	ENSPKIP00000041037	ENSPKIG00000017754	tpx2
ENSP00000492766	ENSG00000248767	FOXL3	ENSPKIP00000017179	ENSPKIG00000003210	foxl3
ENSP00000284629	ENSG00000154438	ASZ1	ENSPKIP00000011098	ENSPKIG00000025541	asz1
ENSP00000450524	ENSG00000258102	MAP1LC3B2	ENSPKIP00000035994	ENSPKIG00000014720	map1lc3b
ENSP00000371923	ENSG00000183638	RP1L1	ENSPKIP00000036720	ENSPKIG00000015182	rp1l1a
ENSP00000326579	ENSG00000004961	HCCS	ENSPKIP00000036447	ENSPKIG00000015011	hccsa.1
ENSP00000481185	ENSG00000275572	GRIFIN	ENSPKIP00000028494	ENSPKIG00000010123	grifin
ENSP00000333821	ENSG00000185231	MC2R	ENSPKIP00000040436	ENSPKIG00000017402	mc2r
ENSP00000375248	ENSG00000205899	BHLHA9	ENSPKIP00000028006	ENSPKIG00000009823	bhlha9
ENSP00000480279	ENSG00000182040	USH1G	ENSPKIP00000013140	ENSPKIG00000000691	ush1ga
ENSP00000427802	ENSG00000253506	NACA2	ENSPKIP00000008636	ENSPKIG00000024043	
ENSP00000619000	ENSG00000155962	CLIC2	ENSPKIP00000004461	ENSPKIG00000021553	CLIC2
ENSP00000450085	ENSG00000161939	RNASEK-C17orf49	ENSPKIP00000000838	ENSPKIG00000019351	zgc:103508
ENSP00000291572	ENSG00000160216	AGPAT3	ENSPKIP00000016590	ENSPKIG00000002841	agpat3
ENSP00000399588	ENSG00000160219	GAB3	ENSPKIP00000033675	ENSPKIG00000013301	
ENSP00000255324	ENSG00000132972	RNF17	ENSPKIP00000014658	ENSPKIG00000001648	rnf17
ENSP00000596498	ENSG00000134874	DZIP1	ENSPKIP00000021732	ENSPKIG00000005997	dzip1
ENSP00000257627	ENSG00000135175	OCM2	ENSPKIP00000017852	ENSPKIG00000003615	pvalb9
ENSP00000621663	ENSG00000101844	ATG4A	ENSPKIP00000019094	ENSPKIG00000004402	atg4a
ENSP00000460028	ENSG00000262771	SSBP1	ENSPKIP00000027035	ENSPKIG00000009266	ssbp1
ENSP00000524430	ENSG00000182240	BACE2	ENSPKIP00000032273	ENSPKIG00000012437	bace2
ENSP00000199447	ENSG00000086288	NME8	ENSPKIP00000040296	ENSPKIG00000017316	nme9
ENSP00000363680	ENSG00000158813	EDA	ENSPKIP00000034390	ENSPKIG00000013744	eda
ENSP00000402219	ENSG00000101842	VSIG1	ENSPKIP00000025485	ENSPKIG00000008348	
ENSP00000762239	ENSG00000154639	CXADR	ENSPKIP00000002803	ENSPKIG00000020497	cxadr
ENSP00000261172	ENSG00000083782	EPYC	ENSPKIP00000020380	ENSPKIG00000005185	EPYC
ENSP00000321320	ENSG00000235173	HGH1	ENSPKIP00000002317	ENSPKIG00000020253	hgh1
ENSP00000450281	ENSG00000111780		ENSPKIP00000009959	ENSPKIG00000024856	GATC
ENSP00000542140	ENSG00000102243	VGLL1	ENSPKIP00000009972	ENSPKIG00000024867	
ENSP00000343799	ENSG00000189051	RNF222	ENSPKIP00000032202	ENSPKIG00000012387	RNF222
ENSP00000297265	ENSG00000164695	CHMP4C	ENSPKIP00000039719	ENSPKIG00000016972	chmp4c
ENSP00000251108	ENSG00000102543	CDADC1	ENSPKIP00000033410	ENSPKIG00000013133	cdadc1
ENSP00000335158	ENSG00000257008	GPR142	ENSPKIP00000029592	ENSPKIG00000010784	gpr142
ENSP00000569561	ENSG00000184831	APOO	ENSPKIP00000000050	ENSPKIG00000018826	
ENSP00000386165	ENSG00000221869	CEBPD	ENSPKIP00000016075	ENSPKIG00000002564	cebpd
ENSP00000303423	ENSG00000168522	FNTA	ENSPKIP00000036010	ENSPKIG00000014735	fnta
ENSP00000330875	ENSG00000183161	FANCF	ENSPKIP00000018806	ENSPKIG00000004234	fancf
ENSP00000266719	ENSG00000139330	KERA	ENSPKIP00000020335	ENSPKIG00000005157	kera
ENSP00000636326	ENSG00000159147	DONSON	ENSPKIP00000018353	ENSPKIG00000003943	DONSON
ENSP00000400223	ENSG00000179431	FJX1	ENSPKIP00000012250	ENSPKIG00000000110	fjx1
ENSP00000375066	ENSG00000182782	HCAR2	ENSPKIP00000037513	ENSPKIG00000015668	
ENSP00000225387	ENSG00000108255	CRYBA1	ENSPKIP00000011735	ENSPKIG00000018704	cryba1a
ENSP00000480303	ENSG00000273814	OCLN	ENSPKIP00000031823	ENSPKIG00000012158	oclna
ENSP00000444503	ENSG00000274529	SEBOX	ENSPKIP00000000053	ENSPKIG00000018876	
ENSP00000310726	ENSG00000173141	MRPL57	ENSPKIP00000004481	ENSPKIG00000021569	
ENSP00000462879	ENSG00000266202		ENSPKIP00000028120	ENSPKIG00000009897	lyrm9
ENSP00000447650	ENSG00000258311		ENSPKIP00000009831	ENSPKIG00000024779	bloc1s1
ENSP00000552391	ENSG00000080618	CPB2	ENSPKIP00000015255	ENSPKIG00000002033	cpb2
ENSP00000325290	ENSG00000177602	HASPIN	ENSPKIP00000005834	ENSPKIG00000022358	haspin
ENSP00000547739	ENSG00000159079	CFAP298	ENSPKIP00000002138	ENSPKIG00000020126	cfap298
ENSP00000318032	ENSG00000179673	RPRML	ENSPKIP00000003673	ENSPKIG00000021080	rprml
ENSP00000375151	ENSG00000196156	KRTAP4-3	ENSPKIP00000004748	ENSPKIG00000021726	
ENSP00000334122	ENSG00000186895	FGF3	ENSPKIP00000021157	ENSPKIG00000005674	FGF3
ENSP00000340434	ENSG00000188636	RTL6	ENSPKIP00000011224	ENSPKIG00000018778	
ENSP00000429067	ENSG00000157168	NRG1	ENSPKIP00000010976	ENSPKIG00000025481	nrg1
ENSP00000532097	ENSG00000100350	FOXRED2	ENSPKIP00000022625	ENSPKIG00000006531	foxred2
ENSP00000389265	ENSG00000228978	TNF	ENSPKIP00000032567	ENSPKIG00000012620	tnfb
ENSP00000328181	ENSG00000183691	NOG	ENSPKIP00000029108	ENSPKIG00000010482	nog1
ENSP00000301691	ENSG00000167941	SOST	ENSPKIP00000014408	ENSPKIG00000001485	sost
ENSP00000794439	ENSG00000100379	KCTD17	ENSPKIP00000016613	ENSPKIG00000002853	kctd17
ENSP00000792067	ENSG00000099942	CRKL	ENSPKIP00000005750	ENSPKIG00000022302	CRKL
ENSP00000658082	ENSG00000253710	ALG11	ENSPKIP00000001647	ENSPKIG00000019864	alg11
ENSP00000218008	ENSG00000101892	ATP1B4	ENSPKIP00000034459	ENSPKIG00000013785	atp1b4
ENSP00000284288	ENSG00000154143	PANX3	ENSPKIP00000019418	ENSPKIG00000004600	PANX
ENSP00000302552	ENSG00000171433	GLOD5	ENSPKIP00000005933	ENSPKIG00000022404	
ENSP00000501411	ENSG00000130119	GNL3L	ENSPKIP00000031591	ENSPKIG00000012014	gnl3l
ENSP00000479003	ENSG00000276920	NKD2	ENSPKIP00000001103	ENSPKIG00000019524	NKD2
ENSP00000380104	ENSG00000213931	HBE1	ENSPKIP00000016215	ENSPKIG00000002639	
ENSP00000368920	ENSG00000188811	NHLRC3	ENSPKIP00000014080	ENSPKIG00000001271	NHLRC3
ENSP00000220616	ENSG00000042832	TG	ENSPKIP00000004927	ENSPKIG00000021671	tg
ENSP00000623075	ENSG00000120688	WBP4	ENSPKIP00000033851	ENSPKIG00000013409	
ENSP00000355140	ENSG00000120094	HOXB1	ENSPKIP00000012759	ENSPKIG00000000454	hoxb1a
ENSP00000478873	ENSG00000276849	TRBC2	ENSPKIP00000024392	ENSPKIG00000007661	
ENSP00000776428	ENSG00000182858	ALG12	ENSPKIP00000036076	ENSPKIG00000014771	alg12
ENSP00000561314	ENSG00000057593	F7	ENSPKIP00000027864	ENSPKIG00000009741	f7
ENSP00000553982	ENSG00000132541	RIDA	ENSPKIP00000038589	ENSPKIG00000016300	RIDA
ENSP00000383060	ENSG00000180530	NRIP1	ENSPKIP00000027238	ENSPKIG00000009385	nrip1a
ENSP00000705415	ENSG00000133112	TPT1	ENSPKIP00000024214	ENSPKIG00000007549	tpt1
ENSP00000528277	ENSG00000100024	UPB1	ENSPKIP00000022576	ENSPKIG00000006494	upb1
ENSP00000568257	ENSG00000186866	POFUT2	ENSPKIP00000008368	ENSPKIG00000023893	pofut2
ENSP00000443432	ENSG00000188676	IDO2	ENSPKIP00000025313	ENSPKIG00000008225	ido1
ENSP00000311695	ENSG00000175602	CCDC85B	ENSPKIP00000009607	ENSPKIG00000024655	ccdc85b
ENSP00000299687	ENSG00000215421	ZNF407	ENSPKIP00000034117	ENSPKIG00000013574	znf407
ENSP00000308117	ENSG00000174807	CD248	ENSPKIP00000018175	ENSPKIG00000003845	cd248b
ENSP00000490644	ENSG00000261873	SMIM36	ENSPKIP00000035447	ENSPKIG00000014410	si:ch73-256g18.2
ENSP00000329499	ENSG00000214447	FAM187A	ENSPKIP00000040822	ENSPKIG00000017637	FAM187A
ENSP00000330161	ENSG00000183421	RIPK4	ENSPKIP00000002895	ENSPKIG00000020611	ripk4
ENSP00000528673	ENSG00000197563	PIGN	ENSPKIP00000024330	ENSPKIG00000007477	pign
ENSP00000786926	ENSG00000179091	CYC1	ENSPKIP00000020009	ENSPKIG00000004950	cyc1
ENSP00000512015	ENSG00000160299	PCNT	ENSPKIP00000008382	ENSPKIG00000023895	pcnt
ENSP00000243103	ENSG00000123407	HOXC12	ENSPKIP00000017315	ENSPKIG00000003281	hoxc12a
ENSP00000263119	ENSG00000099991	CABIN1	ENSPKIP00000005576	ENSPKIG00000022171	cabin1
ENSP00000445725	ENSG00000120925	RNF170	ENSPKIP00000000534	ENSPKIG00000019162	rnf170
ENSP00000332225	ENSG00000183395	PMCH	ENSPKIP00000011171	ENSPKIG00000025582	
ENSP00000527157	ENSG00000142173	COL6A2	ENSPKIP00000028334	ENSPKIG00000010019	COL6A2
ENSP00000310241	ENSG00000172940	SLC22A13	ENSPKIP00000031459	ENSPKIG00000011916	slc22a13b
ENSP00000525077	ENSG00000183722	LHFPL6	ENSPKIP00000016083	ENSPKIG00000002568	LHFPL6
ENSP00000403645	ENSG00000183597	TANGO2	ENSPKIP00000029001	ENSPKIG00000010409	tango2
ENSP00000631362	ENSG00000165416	SUGT1	ENSPKIP00000013793	ENSPKIG00000001092	sugt1
ENSP00000365295	ENSG00000182103	FAM181B	ENSPKIP00000005554	ENSPKIG00000022186	
ENSP00000532853	ENSG00000197496	SLC2A10	ENSPKIP00000018279	ENSPKIG00000003904	slc2a10
ENSP00000541735	ENSG00000124429	POF1B	ENSPKIP00000026065	ENSPKIG00000008695	pof1b
ENSP00000322339	ENSG00000178201	VN1R1	ENSPKIP00000005927	ENSPKIG00000022416	ora1
ENSP00000193391	ENSG00000081148	IMPG2	ENSPKIP00000003269	ENSPKIG00000020838	impg2a
ENSP00000549456	ENSG00000125818	PSMF1	ENSPKIP00000021343	ENSPKIG00000005797	psmf1
ENSP00000320649	ENSG00000179071	CCDC89	ENSPKIP00000001433	ENSPKIG00000019739	zgc:172182
ENSP00000366997	ENSG00000083520	DIS3	ENSPKIP00000034680	ENSPKIG00000013775	dis3
ENSP00000567536	ENSG00000198034	RPS4X	ENSPKIP00000001792	ENSPKIG00000019937	rps4x
ENSP00000436376	ENSG00000254550	OMP	ENSPKIP00000008273	ENSPKIG00000023839	ompa
ENSP00000422431	ENSG00000249992	TMEM158	ENSPKIP00000007714	ENSPKIG00000023501	TMEM158
ENSP00000497606	ENSG00000285943	SPICE1-CFAP44	ENSPKIP00000033712	ENSPKIG00000013323	spice1
ENSP00000367315	ENSG00000204950	LRRC10B	ENSPKIP00000041494	ENSPKIG00000018021	
ENSP00000305343	ENSG00000168875	SOX14	ENSPKIP00000015640	ENSPKIG00000002287	sox14
ENSP00000556053	ENSG00000131067	GGT7	ENSPKIP00000022255	ENSPKIG00000006322	GGT7
ENSP00000313243	ENSG00000176160	HSF5	ENSPKIP00000039756	ENSPKIG00000016994	
ENSP00000516711	ENSG00000102743	SLC25A15	ENSPKIP00000016334	ENSPKIG00000002702	slc25a15a
ENSP00000491841	ENSG00000283977		ENSPKIP00000033704	ENSPKIG00000013319	timm10b
ENSP00000260129	ENSG00000137574	TGS1	ENSPKIP00000020834	ENSPKIG00000005454	tgs1
ENSP00000505992	ENSG00000130234	ACE2	ENSPKIP00000033366	ENSPKIG00000013075	ace2
ENSP00000737706	ENSG00000204899	MZT1	ENSPKIP00000020314	ENSPKIG00000005138	mzt1
ENSP00000374390	ENSG00000174948	GPR149	ENSPKIP00000028147	ENSPKIG00000009911	GPR149
ENSP00000287322	ENSG00000156735	BAG4	ENSPKIP00000015027	ENSPKIG00000001876	bag4
ENSP00000493011	ENSG00000196778	OR52K1	ENSPKIP00000031521	ENSPKIG00000011963	or55e1
ENSP00000328487	ENSG00000182791	CCDC87	ENSPKIP00000021590	ENSPKIG00000005922	
ENSP00000720912	ENSG00000150456	EEF1AKMT1	ENSPKIP00000015272	ENSPKIG00000002048	EEF1AKMT1
ENSP00000381003	ENSG00000100154	TTC28	ENSPKIP00000007700	ENSPKIG00000023480	TTC28
ENSP00000371503	ENSG00000240654	C1QTNF9	ENSPKIP00000003994	ENSPKIG00000021279	c1qtnf9
ENSP00000787412	ENSG00000154721	JAM2	ENSPKIP00000029015	ENSPKIG00000010412	jam2a
ENSP00000338641	ENSG00000157502	PWWP3B	ENSPKIP00000021431	ENSPKIG00000005836	
ENSP00000331915	ENSG00000183688	RFLNB	ENSPKIP00000020773	ENSPKIG00000005435	rflnb
ENSP00000479266	ENSG00000136122	BORA	ENSPKIP00000020338	ENSPKIG00000005158	bora
ENSP00000477608	ENSG00000273594	EEF1D	ENSPKIP00000015673	ENSPKIG00000002308	eef1da
ENSP00000334134	ENSG00000186326	RGS9BP	ENSPKIP00000008289	ENSPKIG00000023851	si:ch73-167i17.6
ENSP00000416050	ENSG00000169490	TM2D2	ENSPKIP00000012487	ENSPKIG00000000265	tm2d2
ENSP00000588072	ENSG00000176890	TYMS	ENSPKIP00000029587	ENSPKIG00000010770	tyms
ENSP00000572382	ENSG00000088356	PDRG1	ENSPKIP00000020785	ENSPKIG00000005436	pdrg1
ENSP00000241125	ENSG00000121743	GJA3	ENSPKIP00000017937	ENSPKIG00000003667	GJA3
ENSP00000555158	ENSG00000120675	DNAJC15	ENSPKIP00000033774	ENSPKIG00000013361	dnajc15
ENSP00000498217	ENSG00000052850	ALX4	ENSPKIP00000036659	ENSPKIG00000015140	ALX4
ENSP00000363377	ENSG00000184481	FOXO4	ENSPKIP00000003384	ENSPKIG00000020912	foxo4
ENSP00000269439	ENSG00000141622	ARK2C	ENSPKIP00000002355	ENSPKIG00000020264	ark2cb
ENSP00000484497	ENSG00000183378	OVCH2	ENSPKIP00000008693	ENSPKIG00000024070	ovch2
ENSP00000323678	ENSG00000180011	PTGR3	ENSPKIP00000034088	ENSPKIG00000013560	PTGR3
ENSP00000532578	ENSG00000172172	MRPL13	ENSPKIP00000000064	ENSPKIG00000018874	mrpl13
ENSP00000435416	ENSG00000254834	OR5M10	ENSPKIP00000037438	ENSPKIG00000015617	
ENSP00000326981	ENSG00000177971	IMP3	ENSPKIP00000023636	ENSPKIG00000007169	imp3
ENSP00000428281	ENSG00000104660	LEPROTL1	ENSPKIP00000041957	ENSPKIG00000018313	zgc:92045
ENSP00000663712	ENSG00000159228	CBR1	ENSPKIP00000025713	ENSPKIG00000008486	cbr1
ENSP00000483093	ENSG00000274205	MAPK15	ENSPKIP00000004841	ENSPKIG00000021761	mapk15
ENSP00000509422	ENSG00000283703	VSIG10L2	ENSPKIP00000038224	ENSPKIG00000016092	
ENSP00000371397	ENSG00000185112	FAM43A	ENSPKIP00000022087	ENSPKIG00000006228	fam43a
ENSP00000478790	ENSG00000273889	FAM83H	ENSPKIP00000030625	ENSPKIG00000011416	
ENSP00000381553	ENSG00000172361	CFAP53	ENSPKIP00000002272	ENSPKIG00000020233	cfap53
ENSP00000487640	ENSG00000278243	GFUS	ENSPKIP00000025953	ENSPKIG00000008613	gfus.3
ENSP00000766044	ENSG00000164924	YWHAZ	ENSPKIP00000023751	ENSPKIG00000007244	YWHAB
ENSP00000639845	ENSG00000132199	ENOSF1	ENSPKIP00000029481	ENSPKIG00000010690	enosf1
ENSP00000369004	ENSG00000173681	BCLAF3	ENSPKIP00000032150	ENSPKIG00000012358	
ENSP00000654064	ENSG00000100348	TXN2	ENSPKIP00000022119	ENSPKIG00000006251	txn2
ENSP00000452398	ENSG00000258873	DUXA	ENSPKIP00000011580	ENSPKIG00000018601	
ENSP00000585133	ENSG00000160218	TRAPPC10	ENSPKIP00000016520	ENSPKIG00000002787	trappc10
ENSP00000323096	ENSG00000176020	AMIGO3	ENSPKIP00000029206	ENSPKIG00000010551	amigo3
ENSP00000497217	ENSG00000183770	FOXL2	ENSPKIP00000022064	ENSPKIG00000006191	FOXL2
ENSP00000257254	ENSG00000134817	APLNR	ENSPKIP00000006825	ENSPKIG00000022956	aplnra
ENSP00000480836	ENSG00000099968	BCL2L13	ENSPKIP00000040867	ENSPKIG00000017671	bcl2l13
ENSP00000376786	ENSG00000110777	POU2AF1	ENSPKIP00000001558	ENSPKIG00000019807	
ENSP00000490744	ENSG00000114786	ABHD14A-ACY1	ENSPKIP00000009111	ENSPKIG00000024332	acy1
ENSP00000633264	ENSG00000131171	SH3BGRL	ENSPKIP00000005978	ENSPKIG00000022441	sh3bgrl
ENSP00000312439	ENSG00000173456	RNF26	ENSPKIP00000000504	ENSPKIG00000019146	rnf26
ENSP00000285667	ENSG00000155304	HSPA13	ENSPKIP00000020737	ENSPKIG00000005407	hspa13
ENSP00000276420	ENSG00000147443	DOK2	ENSPKIP00000010084	ENSPKIG00000024935	dok2
ENSP00000537094	ENSG00000001497	LAS1L	ENSPKIP00000033081	ENSPKIG00000012906	las1l
ENSP00000642273	ENSG00000104331	BPNT2	ENSPKIP00000021126	ENSPKIG00000005646	BPNT2
ENSP00000308548	ENSG00000174276	ZNHIT2	ENSPKIP00000006960	ENSPKIG00000023039	znhit2
ENSP00000681515	ENSG00000133422	MORC2	ENSPKIP00000025507	ENSPKIG00000008356	morc2
ENSP00000329158	ENSG00000163646	CLRN1	ENSPKIP00000035970	ENSPKIG00000014724	clrn1
ENSP00000800858	ENSG00000182362	YBEY	ENSPKIP00000036097	ENSPKIG00000014793	ybey
ENSP00000482442	ENSG00000255245	FXYD6-FXYD2	ENSPKIP00000010534	ENSPKIG00000025222	fxyd6
ENSP00000204549	ENSG00000090470	PDCD7	ENSPKIP00000039682	ENSPKIG00000016945	pdcd7
ENSP00000351602	ENSG00000196371	FUT4	ENSPKIP00000005923	ENSPKIG00000022413	FUT4
ENSP00000794058	ENSG00000166140	ZFYVE19	ENSPKIP00000018745	ENSPKIG00000004197	zfyve19
ENSP00000411822	ENSG00000261796	ISY1-RAB43	ENSPKIP00000009499	ENSPKIG00000024592	isy1
ENSP00000308620	ENSG00000175097	RAG2	ENSPKIP00000005109	ENSPKIG00000021925	rag2
ENSP00000496982	ENSG00000280571		ENSPKIP00000021160	ENSPKIG00000005675	ccdc13
ENSP00000417510	ENSG00000102710	SUPT20H	ENSPKIP00000007255	ENSPKIG00000023166	supt20
ENSP00000458290	ENSG00000101574	METTL4	ENSPKIP00000028154	ENSPKIG00000009903	mettl4
ENSP00000592678	ENSG00000140319	SRP14	ENSPKIP00000018364	ENSPKIG00000003952	srp14
ENSP00000262198	ENSG00000101544	ADNP2	ENSPKIP00000016566	ENSPKIG00000002837	adnp2b
ENSP00000562055	ENSG00000198089	SFI1	ENSPKIP00000036445	ENSPKIG00000015006	
ENSP00000313324	ENSG00000180044	C3orf80	ENSPKIP00000027485	ENSPKIG00000009533	
ENSP00000513003	ENSG00000141431	ASXL3	ENSPKIP00000013600	ENSPKIG00000000956	ASXL3
ENSP00000499540	ENSG00000157557	ETS2	ENSPKIP00000034955	ENSPKIG00000014093	ETS2
ENSP00000578961	ENSG00000150477	KIAA1328	ENSPKIP00000040411	ENSPKIG00000017388	zgc:162344
ENSP00000485526	ENSG00000189431	RASSF10	ENSPKIP00000029819	ENSPKIG00000010921	RASSF10
ENSP00000769093	ENSG00000126756	UXT	ENSPKIP00000007558	ENSPKIG00000023407	uxt
ENSP00000445492	ENSG00000101638	ST8SIA5	ENSPKIP00000002171	ENSPKIG00000020159	st8sia5
ENSP00000342931	ENSG00000064835	POU1F1	ENSPKIP00000039499	ENSPKIG00000016829	pou1f1
ENSP00000648530	ENSG00000101751	POLI	ENSPKIP00000009522	ENSPKIG00000024605	poli
ENSP00000434842	ENSG00000131871	SELENOS	ENSPKIP00000040235	ENSPKIG00000017282	selenos
ENSP00000319799	ENSG00000178804	H1-8	ENSPKIP00000018868	ENSPKIG00000004269	
ENSP00000308479	ENSG00000174946	GPR171	ENSPKIP00000035988	ENSPKIG00000014733	gpr171
ENSP00000346697	ENSG00000104081	BMF	ENSPKIP00000017006	ENSPKIG00000003103	
ENSP00000260843	ENSG00000138271	GPR87	ENSPKIP00000028825	ENSPKIG00000010320	GPR87
ENSP00000280200	ENSG00000150637	CD226	ENSPKIP00000022262	ENSPKIG00000006347	cd226
ENSP00000372582	ENSG00000230708	HLA-DPB1	ENSPKIP00000031353	ENSPKIG00000011870	
ENSP00000310303	ENSG00000173769	TOPAZ1	ENSPKIP00000031962	ENSPKIG00000012229	
ENSP00000520524	ENSG00000159197	KCNE2	ENSPKIP00000025398	ENSPKIG00000008295	KCNE2
ENSP00000532584	ENSG00000241945	PWP2	ENSPKIP00000016403	ENSPKIG00000002693	pwp2h
ENSP00000615447	ENSG00000134265	NAPG	ENSPKIP00000023329	ENSPKIG00000006983	napga
ENSP00000261858	ENSG00000138604	GLCE	ENSPKIP00000039464	ENSPKIG00000016806	glceb
ENSP00000322617	ENSG00000178084	HTR3C	ENSPKIP00000006266	ENSPKIG00000022615	
ENSP00000384474	ENSG00000242028	HYPK	ENSPKIP00000039180	ENSPKIG00000016636	hypk
ENSP00000491768	ENSG00000284546	SSU72L3	ENSPKIP00000015458	ENSPKIG00000002173	ssu72
ENSP00000326272	ENSG00000176678	FOXL1	ENSPKIP00000018571	ENSPKIG00000004082	foxl1
ENSP00000334668	ENSG00000187033	SAMD7	ENSPKIP00000002438	ENSPKIG00000020332	samd7
ENSP00000260228	ENSG00000137674	MMP20	ENSPKIP00000022456	ENSPKIG00000006451	mmp30
ENSP00000580448	ENSG00000171700	RGS19	ENSPKIP00000011806	ENSPKIG00000018740	RGS19
ENSP00000488305	ENSG00000270170	NCBP2AS2	ENSPKIP00000010497	ENSPKIG00000025200	ncbp2as2
ENSP00000330808	ENSG00000182447	OTOL1	ENSPKIP00000028348	ENSPKIG00000010027	otol1b
ENSP00000482169	ENSG00000277586	NEFL	ENSPKIP00000005286	ENSPKIG00000022019	neflb
ENSP00000344285	ENSG00000188909	BSX	ENSPKIP00000019074	ENSPKIG00000004393	bsx
ENSP00000502474	ENSG00000140525	FANCI	ENSPKIP00000036194	ENSPKIG00000014844	fanci
ENSP00000482773	ENSG00000101365	IDH3B	ENSPKIP00000038701	ENSPKIG00000016347	idh3b
ENSP00000517980	ENSG00000292192	NSDHL	ENSPKIP00000035750	ENSPKIG00000014584	nsdhl
ENSP00000435954	ENSG00000164794	KCNV1	ENSPKIP00000014790	ENSPKIG00000001738	kcnv1
ENSP00000378260	ENSG00000101901	ALG13	ENSPKIP00000038080	ENSPKIG00000015998	alg13
ENSP00000348489	ENSG00000156860	FBRS	ENSPKIP00000027445	ENSPKIG00000009503	fbrs
ENSP00000557479	ENSG00000121022	COPS5	ENSPKIP00000027071	ENSPKIG00000009291	cops5
ENSP00000422941	ENSG00000248592	STIMATE-MUSTN1	ENSPKIP00000010648	ENSPKIG00000025280	stimate
ENSP00000334547	ENSG00000186051	TAL2	ENSPKIP00000012300	ENSPKIG00000000145	tal2
ENSP00000516065	ENSG00000184897	H1-10	ENSPKIP00000008059	ENSPKIG00000023713	h1-10
ENSP00000491702	ENSG00000136883	KIF12	ENSPKIP00000030143	ENSPKIG00000011111	
ENSP00000240100	ENSG00000120875	DUSP4	ENSPKIP00000005239	ENSPKIG00000021994	dusp4
ENSP00000262545	ENSG00000125851	PCSK2	ENSPKIP00000020257	ENSPKIG00000005087	pcsk2
ENSP00000429276	ENSG00000147481	SNTG1	ENSPKIP00000039320	ENSPKIG00000016702	sntg1
ENSP00000384363	ENSG00000102886	GDPD3	ENSPKIP00000039549	ENSPKIG00000016862	gdpd3a
ENSP00000518005	ENSG00000292208	PQBP1	ENSPKIP00000025613	ENSPKIG00000008420	pqbp1
ENSP00000299295	ENSG00000154645	CHODL	ENSPKIP00000037278	ENSPKIG00000015517	chodl
ENSP00000164227	ENSG00000069399	BCL3	ENSPKIP00000008959	ENSPKIG00000024244	bcl3
ENSP00000518046	ENSG00000292215	TIMM17B	ENSPKIP00000025645	ENSPKIG00000008438	timm17b
ENSP00000761146	ENSG00000103496	STX4	ENSPKIP00000018668	ENSPKIG00000004146	stx4
ENSP00000342609	ENSG00000177076	ACER2	ENSPKIP00000007252	ENSPKIG00000023221	acer2
ENSP00000305682	ENSG00000154719	MRPL39	ENSPKIP00000028922	ENSPKIG00000010371	mrpl39
ENSP00000321026	ENSG00000153714	LURAP1L	ENSPKIP00000021715	ENSPKIG00000006002	LURAP1L
ENSP00000787220	ENSG00000104613	INTS10	ENSPKIP00000033251	ENSPKIG00000012997	ints10
ENSP00000569022	ENSG00000101407	TTI1	ENSPKIP00000008352	ENSPKIG00000023886	tti1
ENSP00000773652	ENSG00000177202	SPACA4	ENSPKIP00000033115	ENSPKIG00000012943	
ENSP00000362702	ENSG00000119408	NEK6	ENSPKIP00000025231	ENSPKIG00000008180	nek6
ENSP00000254528	ENSG00000132205	EMILIN2	ENSPKIP00000028506	ENSPKIG00000010132	emilin2b
ENSP00000310356	ENSG00000175643	RMI2	ENSPKIP00000006289	ENSPKIG00000022631	
ENSP00000378536	ENSG00000130584	ZBTB46	ENSPKIP00000020503	ENSPKIG00000005258	zbtb46
ENSP00000412498	ENSG00000180509	KCNE1	ENSPKIP00000015448	ENSPKIG00000002170	
ENSP00000518684	ENSG00000103275	UBE2I	ENSPKIP00000024136	ENSPKIG00000007503	ube2ia
ENSP00000308332	ENSG00000147679	UTP23	ENSPKIP00000011208	ENSPKIG00000018790	utp23
ENSP00000568816	ENSG00000101955	SRPX	ENSPKIP00000003649	ENSPKIG00000021046	srpx
ENSP00000619614	ENSG00000205758	CRYZL1	ENSPKIP00000025580	ENSPKIG00000008403	cryzl1
ENSP00000581382	ENSG00000125870	SNRPB2	ENSPKIP00000020415	ENSPKIG00000005198	snrpb2
ENSP00000476369	ENSG00000119402	FBXW2	ENSPKIP00000009509	ENSPKIG00000024600	fbxw2
ENSP00000501694	ENSG00000141627	DYM	ENSPKIP00000028403	ENSPKIG00000010050	dym
ENSP00000420182	ENSG00000283154	IQCJ-SCHIP1	ENSPKIP00000027323	ENSPKIG00000009436	schip1
ENSP00000537114	ENSG00000124205	EDN3	ENSPKIP00000020738	ENSPKIG00000005412	
ENSP00000417581	ENSG00000123575	FAM199X	ENSPKIP00000035706	ENSPKIG00000014533	fam199x
ENSP00000309031	ENSG00000175073	VCPIP1	ENSPKIP00000024740	ENSPKIG00000007869	vcpip1
ENSP00000564671	ENSG00000156471	PTDSS1	ENSPKIP00000001353	ENSPKIG00000019663	ptdss1b
ENSP00000544059	ENSG00000160256	SLX9	ENSPKIP00000035312	ENSPKIG00000014324	slx9
ENSP00000491923	ENSG00000214237	MINDY4B	ENSPKIP00000035956	ENSPKIG00000014705	mindy4b
ENSP00000304767	ENSG00000169860	P2RY1	ENSPKIP00000028537	ENSPKIG00000010153	p2ry1
ENSP00000486482	ENSG00000133101	CCNA1	ENSPKIP00000007460	ENSPKIG00000023339	ccna1
ENSP00000401307	ENSG00000187902	SHISA7	ENSPKIP00000022574	ENSPKIG00000006530	
ENSP00000780556	ENSG00000176623	RMDN1	ENSPKIP00000008072	ENSPKIG00000023728	rmdn1
ENSP00000365063	ENSG00000139826	ABHD13	ENSPKIP00000030959	ENSPKIG00000011637	abhd13
ENSP00000291294	ENSG00000160013	PTGIR	ENSPKIP00000028760	ENSPKIG00000010282	ptgir
ENSP00000328327	ENSG00000183475	ASB7	ENSPKIP00000040684	ENSPKIG00000017551	asb7
ENSP00000541413	ENSG00000101052	IFT52	ENSPKIP00000037526	ENSPKIG00000015656	ift52
ENSP00000575582	ENSG00000177943	MAMDC4	ENSPKIP00000032441	ENSPKIG00000012540	
ENSP00000291688	ENSG00000160294	MCM3AP	ENSPKIP00000036160	ENSPKIG00000014826	mcm3ap
ENSP00000790608	ENSG00000088970	KIZ	ENSPKIP00000004427	ENSPKIG00000021533	kiz
ENSP00000716333	ENSG00000147655	RSPO2	ENSPKIP00000033261	ENSPKIG00000013040	rspo2
ENSP00000360576	ENSG00000188566	NDOR1	ENSPKIP00000011844	ENSPKIG00000018380	NDOR1
ENSP00000268281	ENSG00000178226	PRSS36	ENSPKIP00000022668	ENSPKIG00000006584	
ENSP00000430474	ENSG00000183808	RBM12B	ENSPKIP00000011749	ENSPKIG00000018719	rbm12bb
ENSP00000386499	ENSG00000161992	PRR35	ENSPKIP00000024676	ENSPKIG00000007838	prr35
ENSP00000485308	ENSG00000223802	CERS1	ENSPKIP00000029018	ENSPKIG00000010433	cers1
ENSP00000737494	ENSG00000100084	HIRA	ENSPKIP00000009301	ENSPKIG00000024456	hira
ENSP00000520744	ENSG00000125968	ID1	ENSPKIP00000004938	ENSPKIG00000021831	ID1
ENSP00000694222	ENSG00000188352	FOCAD	ENSPKIP00000012802	ENSPKIG00000000409	focad
ENSP00000521071	ENSG00000186795	KCNK18	ENSPKIP00000027818	ENSPKIG00000009711	kcnk18
ENSP00000663006	ENSG00000160226	CFAP410	ENSPKIP00000028826	ENSPKIG00000010319	cfap410
ENSP00000363489	ENSG00000125965	GDF5	ENSPKIP00000007199	ENSPKIG00000023191	gdf5
ENSP00000323362	ENSG00000186187	ZNRF1	ENSPKIP00000037007	ENSPKIG00000015361	znrf1
ENSP00000551654	ENSG00000088298	EDEM2	ENSPKIP00000013192	ENSPKIG00000000709	edem2
ENSP00000504602	ENSG00000184012	TMPRSS2	ENSPKIP00000032308	ENSPKIG00000012462	tmprss2
ENSP00000369798	ENSG00000178473	UCN3	ENSPKIP00000020784	ENSPKIG00000005440	ucn3l
ENSP00000403975	ENSG00000167394	ZNF668	ENSPKIP00000018711	ENSPKIG00000004175	znf668
ENSP00000388586	ENSG00000233210	GPANK1	ENSPKIP00000013964	ENSPKIG00000001197	gpank1
ENSP00000732736	ENSG00000130255	RPL36	ENSPKIP00000026725	ENSPKIG00000009092	rpl36
ENSP00000482700	ENSG00000267795	SMIM22	ENSPKIP00000007221	ENSPKIG00000023199	
ENSP00000416111	ENSG00000158856	DMTN	ENSPKIP00000041655	ENSPKIG00000018115	dmtn
ENSP00000364293	ENSG00000158526	TSR2	ENSPKIP00000008006	ENSPKIG00000023676	tsr2
ENSP00000365505	ENSG00000102007	PLP2	ENSPKIP00000025939	ENSPKIG00000008615	plp2b
ENSP00000556923	ENSG00000065268	WDR18	ENSPKIP00000021335	ENSPKIG00000005770	wdr18
ENSP00000394078	ENSG00000187905	LRRC74B	ENSPKIP00000032857	ENSPKIG00000012793	lrrc74b
ENSP00000505762	ENSG00000100139	MICALL1	ENSPKIP00000015961	ENSPKIG00000002483	micall1a
ENSP00000455187	ENSG00000166548	TK2	ENSPKIP00000023645	ENSPKIG00000007122	tk2
ENSP00000250160	ENSG00000104415	CCN4	ENSPKIP00000002880	ENSPKIG00000020602	
ENSP00000311121	ENSG00000154611	PSMA8	ENSPKIP00000039763	ENSPKIG00000017000	psma8
ENSP00000338272	ENSG00000164683	HEY1	ENSPKIP00000011447	ENSPKIG00000018533	hey1
ENSP00000371800	ENSG00000099999	RNF215	ENSPKIP00000002434	ENSPKIG00000020305	rnf215
ENSP00000649065	ENSG00000167315	ACAA2	ENSPKIP00000014223	ENSPKIG00000001360	acaa2
ENSP00000366915	ENSG00000102554	KLF5	ENSPKIP00000020512	ENSPKIG00000005265	klf5b
ENSP00000400540	ENSG00000231370	PRRC2A	ENSPKIP00000031128	ENSPKIG00000011749	prrc2a
ENSP00000465469	ENSG00000119559	C19orf25	ENSPKIP00000017780	ENSPKIG00000003561	si:ch73-238c9.1
ENSP00000353393	ENSG00000185010	F8	ENSPKIP00000040176	ENSPKIG00000017243	
ENSP00000573408	ENSG00000150459	SAP18	ENSPKIP00000014869	ENSPKIG00000001779	sap18
ENSP00000525564	ENSG00000103942	HOMER2	ENSPKIP00000000742	ENSPKIG00000019278	HOMER2
ENSP00000594910	ENSG00000131143	COX4I1	ENSPKIP00000012560	ENSPKIG00000000311	cox4i1
ENSP00000255304	ENSG00000132952	USPL1	ENSPKIP00000038015	ENSPKIG00000015972	
ENSP00000425286	ENSG00000196932	TMEM26	ENSPKIP00000013344	ENSPKIG00000000819	tmem26b
ENSP00000238994	ENSG00000119938	PPP1R3C	ENSPKIP00000021989	ENSPKIG00000006182	ppp1r3cb
ENSP00000663825	ENSG00000105701	FKBP8	ENSPKIP00000041049	ENSPKIG00000017759	fkbp8
ENSP00000793174	ENSG00000101654	RNMT	ENSPKIP00000012219	ENSPKIG00000000087	rnmt
ENSP00000280057	ENSG00000150510	FAM124A	ENSPKIP00000002581	ENSPKIG00000020427	si:dkeyp-74a11.1
ENSP00000457479	ENSG00000140463	BBS4	ENSPKIP00000007193	ENSPKIG00000023177	bbs4
ENSP00000520782	ENSG00000165030	NFIL3	ENSPKIP00000003456	ENSPKIG00000020956	nfil3
ENSP00000585422	ENSG00000165060	FXN	ENSPKIP00000014524	ENSPKIG00000001566	fxn
ENSP00000499604	ENSG00000286905		ENSPKIP00000017106	ENSPKIG00000003146	rnaseh1
ENSP00000711237	ENSG00000166451	CENPN	ENSPKIP00000013064	ENSPKIG00000000636	cenpn
ENSP00000420127	ENSG00000123595	RAB9A	ENSPKIP00000002238	ENSPKIG00000020212	RAB9A
ENSP00000384932	ENSG00000132975	GPR12	ENSPKIP00000013999	ENSPKIG00000001217	
ENSP00000599156	ENSG00000123200	ZC3H13	ENSPKIP00000001537	ENSPKIG00000019756	zc3h13
ENSP00000739737	ENSG00000183527	PSMG1	ENSPKIP00000034908	ENSPKIG00000014060	psmg1
ENSP00000782873	ENSG00000128203	ASPHD2	ENSPKIP00000007642	ENSPKIG00000023461	asphd2
ENSP00000366715	ENSG00000148483	TMEM236	ENSPKIP00000019926	ENSPKIG00000004901	tmem236
ENSP00000360058	ENSG00000181274	FRAT2	ENSPKIP00000014772	ENSPKIG00000001718	gbp
ENSP00000343155	ENSG00000100219	XBP1	ENSPKIP00000007717	ENSPKIG00000023506	xbp1
ENSP00000393275	ENSG00000188613	NANOS1	ENSPKIP00000001817	ENSPKIG00000019945	nanos1
ENSP00000347538	ENSG00000103528	SYT17	ENSPKIP00000029338	ENSPKIG00000010621	syt17
ENSP00000343290	ENSG00000188523	CFAP77	ENSPKIP00000022948	ENSPKIG00000006759	cfap77
ENSP00000328228	ENSG00000184661	CDCA2	ENSPKIP00000030062	ENSPKIG00000011056	
ENSP00000605741	ENSG00000186998	EMID1	ENSPKIP00000006918	ENSPKIG00000023014	EMID1
ENSP00000277458	ENSG00000148331	ASB6	ENSPKIP00000009216	ENSPKIG00000024415	asb6
ENSP00000218004	ENSG00000101888	NXT2	ENSPKIP00000005273	ENSPKIG00000022011	nxt2
ENSP00000720455	ENSG00000083535	PIBF1	ENSPKIP00000020449	ENSPKIG00000005209	pibf1
ENSP00000386126	ENSG00000177398	UMODL1	ENSPKIP00000003122	ENSPKIG00000020754	
ENSP00000342499	ENSG00000136925	TSTD2	ENSPKIP00000037769	ENSPKIG00000015826	TSTD2
ENSP00000377529	ENSG00000159713	TPPP3	ENSPKIP00000003614	ENSPKIG00000021042	tppp3
ENSP00000363040	ENSG00000106780	MEGF9	ENSPKIP00000011980	ENSPKIG00000025634	
ENSP00000664297	ENSG00000105726	ATP13A1	ENSPKIP00000035358	ENSPKIG00000014305	atp13a1
ENSP00000453399	ENSG00000226479	TMEM185B	ENSPKIP00000018959	ENSPKIG00000004324	tmem185
ENSP00000583883	ENSG00000101057	MYBL2	ENSPKIP00000037651	ENSPKIG00000015741	mybl2b
ENSP00000369695	ENSG00000171843	MLLT3	ENSPKIP00000012549	ENSPKIG00000000298	mllt3
ENSP00000365830	ENSG00000198142	SOWAHC	ENSPKIP00000029456	ENSPKIG00000010696	sowahca
ENSP00000480171	ENSG00000100109	TFIP11	ENSPKIP00000009747	ENSPKIG00000024728	tfip11
ENSP00000485627	ENSG00000181404	WASHC1	ENSPKIP00000033503	ENSPKIG00000013178	wash1
ENSP00000377197	ENSG00000157423	HYDIN	ENSPKIP00000013156	ENSPKIG00000000601	hydin
ENSP00000745431	ENSG00000164983	TMEM65	ENSPKIP00000001913	ENSPKIG00000020023	tmem65
ENSP00000660015	ENSG00000205643	CDPF1	ENSPKIP00000005463	ENSPKIG00000022122	cdpf1
ENSP00000221132	ENSG00000104689	TNFRSF10A	ENSPKIP00000012292	ENSPKIG00000000137	hdr
ENSP00000552906	ENSG00000004779	NDUFAB1	ENSPKIP00000011802	ENSPKIG00000018748	ndufab1b
ENSP00000490718	ENSG00000281106	TMEM272	ENSPKIP00000002299	ENSPKIG00000020250	
ENSP00000551447	ENSG00000123178	SPRYD7	ENSPKIP00000032210	ENSPKIG00000012391	spryd7b
ENSP00000394954	ENSG00000169181	GSG1L	ENSPKIP00000001126	ENSPKIG00000019536	gsg1l
ENSP00000266066	ENSG00000120057	SFRP5	ENSPKIP00000037765	ENSPKIG00000015815	sfrp5
ENSP00000634956	ENSG00000093010	COMT	ENSPKIP00000007809	ENSPKIG00000023566	comta
ENSP00000360860	ENSG00000152778	IFIT5	ENSPKIP00000010135	ENSPKIG00000024971	
ENSP00000353549	ENSG00000130177	CDC16	ENSPKIP00000017967	ENSPKIG00000003669	cdc16
ENSP00000268699	ENSG00000141013	DRC4	ENSPKIP00000001457	ENSPKIG00000019725	drc4
ENSP00000532191	ENSG00000137824	RMDN3	ENSPKIP00000017253	ENSPKIG00000003244	rmdn3
ENSP00000363275	ENSG00000165383	LRRC18	ENSPKIP00000039592	ENSPKIG00000016892	lrrc18a
ENSP00000360184	ENSG00000077147	TM9SF3	ENSPKIP00000000238	ENSPKIG00000018941	tm9sf3
ENSP00000402515	ENSG00000157106	SMG1	ENSPKIP00000001890	ENSPKIG00000019929	smg1
ENSP00000621572	ENSG00000100422	CERK	ENSPKIP00000036125	ENSPKIG00000014809	cerk
ENSP00000512077	ENSG00000177125	ZBTB34	ENSPKIP00000009671	ENSPKIG00000024688	zbtb34
ENSP00000303252	ENSG00000170396	ZNF804A	ENSPKIP00000005408	ENSPKIG00000022091	znf804a
ENSP00000699837	ENSG00000124172	ATP5F1E	ENSPKIP00000017920	ENSPKIG00000003652	atp5f1e
ENSP00000554030	ENSG00000088888	MAVS	ENSPKIP00000038948	ENSPKIG00000016517	
ENSP00000361112	ENSG00000101938	CHRDL1	ENSPKIP00000040444	ENSPKIG00000017405	CHRDL1
ENSP00000479745	ENSG00000237412	PRSS56	ENSPKIP00000035590	ENSPKIG00000014480	prss56
ENSP00000547402	ENSG00000128923	MINDY2	ENSPKIP00000006396	ENSPKIG00000022684	mindy2
ENSP00000580476	ENSG00000128294	TPST2	ENSPKIP00000027660	ENSPKIG00000009621	tpst2
ENSP00000308908	ENSG00000173302	GPR148	ENSPKIP00000036070	ENSPKIG00000014777	
ENSP00000574103	ENSG00000042062	RIPOR3	ENSPKIP00000021151	ENSPKIG00000005666	ripor3
ENSP00000285379	ENSG00000104267	CA2	ENSPKIP00000010408	ENSPKIG00000025142	
ENSP00000268624	ENSG00000140955	ADAD2	ENSPKIP00000037049	ENSPKIG00000015385	adad2
ENSP00000304250	ENSG00000171450	CDK5R2	ENSPKIP00000011954	ENSPKIG00000025603	cdk5r2a
ENSP00000796919	ENSG00000165704	HPRT1	ENSPKIP00000009691	ENSPKIG00000024698	hprt1
ENSP00000429517	ENSG00000205133	TRIQK	ENSPKIP00000022172	ENSPKIG00000006290	triqk
ENSP00000302478	ENSG00000186184	POLR1D	ENSPKIP00000005057	ENSPKIG00000021891	polr1d
ENSP00000393875	ENSG00000224379	TCF19	ENSPKIP00000038525	ENSPKIG00000016267	tcf19l
ENSP00000241463	ENSG00000122035	RASL11A	ENSPKIP00000013465	ENSPKIG00000000892	
ENSP00000386186	ENSG00000221944	TIGD1	ENSPKIP00000014321	ENSPKIG00000001426	
ENSP00000521364	ENSG00000179630	LACC1	ENSPKIP00000033717	ENSPKIG00000013329	lacc1
ENSP00000390891	ENSG00000241962		ENSPKIP00000032183	ENSPKIG00000012379	mrpl30
ENSP00000605319	ENSG00000095319	NUP188	ENSPKIP00000010729	ENSPKIG00000025335	nup188
ENSP00000691449	ENSG00000166887	VPS39	ENSPKIP00000025084	ENSPKIG00000008079	vps39
ENSP00000549220	ENSG00000100263	RHBDD3	ENSPKIP00000006879	ENSPKIG00000022986	rhbdd3
ENSP00000723572	ENSG00000130748	TMEM160	ENSPKIP00000028180	ENSPKIG00000009924	tmem160
ENSP00000754012	ENSG00000133114	GPALPP1	ENSPKIP00000024148	ENSPKIG00000007507	
ENSP00000507897	ENSG00000224470	ATXN1L	ENSPKIP00000026687	ENSPKIG00000009066	atxn1l
ENSP00000272233	ENSG00000143878	RHOB	ENSPKIP00000018467	ENSPKIG00000004010	
ENSP00000583351	ENSG00000176853	FAM91A1	ENSPKIP00000022059	ENSPKIG00000006126	fam91a1
ENSP00000385357	ENSG00000187860	CCDC157	ENSPKIP00000006694	ENSPKIG00000022869	
ENSP00000254942	ENSG00000132604	TERF2	ENSPKIP00000022312	ENSPKIG00000006368	
ENSP00000613713	ENSG00000100324	TAB1	ENSPKIP00000024471	ENSPKIG00000007698	tab1
ENSP00000555028	ENSG00000183617	MRPL54	ENSPKIP00000028271	ENSPKIG00000009984	mrpl54
ENSP00000703421	ENSG00000131634	TMEM204	ENSPKIP00000022039	ENSPKIG00000006204	tmem204
ENSP00000479870	ENSG00000132965	ALOX5AP	ENSPKIP00000038058	ENSPKIG00000015996	alox5ap
ENSP00000384848	ENSG00000186654	PRR5	ENSPKIP00000003343	ENSPKIG00000020894	prr5a
ENSP00000310803	ENSG00000173349	SFT2D3	ENSPKIP00000031790	ENSPKIG00000012139	sft2d3
ENSP00000303398	ENSG00000172167	MTBP	ENSPKIP00000042064	ENSPKIG00000018833	mtbp
ENSP00000005284	ENSG00000006116	CACNG3	ENSPKIP00000032844	ENSPKIG00000012783	cacng3a
ENSP00000609494	ENSG00000122026	RPL21	ENSPKIP00000034112	ENSPKIG00000013573	rpl21
ENSP00000798637	ENSG00000156482	RPL30	ENSPKIP00000038560	ENSPKIG00000016284	rpl30
ENSP00000401237	ENSG00000122390	NAA60	ENSPKIP00000041310	ENSPKIG00000017913	naa60
ENSP00000557345	ENSG00000079974	RABL2B	ENSPKIP00000010796	ENSPKIG00000025372	rabl2
ENSP00000374778	ENSG00000211598	IGKV4-1	ENSPKIP00000024791	ENSPKIG00000007908	
ENSP00000385586	ENSG00000170178	HOXD12	ENSPKIP00000006958	ENSPKIG00000023038	hoxd12a
ENSP00000371711	ENSG00000137090	DMRT1	ENSPKIP00000015286	ENSPKIG00000002053	dmrt1
ENSP00000346175	ENSG00000136169	SETDB2	ENSPKIP00000027952	ENSPKIG00000009795	
ENSP00000546389	ENSG00000136935	GOLGA1	ENSPKIP00000008575	ENSPKIG00000023995	golga1
ENSP00000370253	ENSG00000167034	NKX3-1	ENSPKIP00000009710	ENSPKIG00000024717	nkx3-1
ENSP00000371693	ENSG00000127863	TNFRSF19	ENSPKIP00000031404	ENSPKIG00000011900	tnfrsf19
ENSP00000243298	ENSG00000123570	RAB9B	ENSPKIP00000035816	ENSPKIG00000014623	rab9b
ENSP00000203556	ENSG00000089639	GMIP	ENSPKIP00000035100	ENSPKIG00000014174	gmip
ENSP00000399324	ENSG00000196468	FGF16	ENSPKIP00000005663	ENSPKIG00000022253	fgf16
ENSP00000362122	ENSG00000000005	TNMD	ENSPKIP00000004085	ENSPKIG00000021331	tnmd
ENSP00000529745	ENSG00000232119	MCTS1	ENSPKIP00000004365	ENSPKIG00000021497	mcts1
ENSP00000565005	ENSG00000176978	DPP7	ENSPKIP00000017500	ENSPKIG00000003377	dpp7
ENSP00000607917	ENSG00000102901	CENPT	ENSPKIP00000015322	ENSPKIG00000002084	
ENSP00000315383	ENSG00000244617	ASPRV1	ENSPKIP00000033203	ENSPKIG00000012926	
ENSP00000714314	ENSG00000125676	THOC2	ENSPKIP00000004799	ENSPKIG00000021719	thoc2
ENSP00000281830	ENSG00000152049	KCNE4	ENSPKIP00000028657	ENSPKIG00000010211	kcne4
ENSP00000647728	ENSG00000120699	EXOSC8	ENSPKIP00000007317	ENSPKIG00000023257	exosc8
ENSP00000400173	ENSG00000236765	DXO	ENSPKIP00000037017	ENSPKIG00000015371	DXO
ENSP00000370337	ENSG00000103995	CEP152	ENSPKIP00000011633	ENSPKIG00000018635	cep152
ENSP00000371512	ENSG00000185053	SGCZ	ENSPKIP00000021764	ENSPKIG00000006035	SGCZ
ENSP00000698209	ENSG00000101190	TCFL5	ENSPKIP00000023285	ENSPKIG00000006976	
ENSP00000367882	ENSG00000147036	LANCL3	ENSPKIP00000003942	ENSPKIG00000021234	LANCL3
ENSP00000536974	ENSG00000140398	NEIL1	ENSPKIP00000023275	ENSPKIG00000006962	neil1
ENSP00000550321	ENSG00000161999	JMJD8	ENSPKIP00000005894	ENSPKIG00000022394	JMJD8
ENSP00000532230	ENSG00000157693	TMEM268	ENSPKIP00000031243	ENSPKIG00000011803	
ENSP00000312385	ENSG00000174279	EVX2	ENSPKIP00000006987	ENSPKIG00000023055	evx2
ENSP00000614253	ENSG00000132669	RIN2	ENSPKIP00000022548	ENSPKIG00000006500	rin2b
ENSP00000556178	ENSG00000185896	LAMP1	ENSPKIP00000027564	ENSPKIG00000009576	lamp1b
ENSP00000296099	ENSG00000163794	UCN	ENSPKIP00000037627	ENSPKIG00000015730	uts1
ENSP00000620472	ENSG00000136937	NCBP1	ENSPKIP00000037844	ENSPKIG00000015861	NCBP1
ENSP00000438800	ENSG00000165621	OXGR1	ENSPKIP00000030377	ENSPKIG00000011248	oxgr1a.2
ENSP00000358217	ENSG00000112238	PRDM13	ENSPKIP00000006617	ENSPKIG00000022824	prdm13
ENSP00000346931	ENSG00000185127	C6orf120	ENSPKIP00000025356	ENSPKIG00000008261	zgc:77929
ENSP00000473290	ENSG00000101158	NELFCD	ENSPKIP00000018277	ENSPKIG00000003887	nelfcd
ENSP00000616140	ENSG00000121390	PSPC1	ENSPKIP00000017813	ENSPKIG00000003578	pspc1
ENSP00000490956	ENSG00000225180	PVALEF	ENSPKIP00000030644	ENSPKIG00000011426	
ENSP00000341681	ENSG00000153786	ZDHHC7	ENSPKIP00000002514	ENSPKIG00000020376	zdhhc7
ENSP00000616924	ENSG00000260916	CCPG1	ENSPKIP00000004842	ENSPKIG00000021777	
ENSP00000282276	ENSG00000247626	MARS2	ENSPKIP00000004225	ENSPKIG00000021425	mars2
ENSP00000539710	ENSG00000106785	TRIM14	ENSPKIP00000011400	ENSPKIG00000018509	
ENSP00000372295	ENSG00000165474	GJB2	ENSPKIP00000017965	ENSPKIG00000003687	gjb8
ENSP00000624504	ENSG00000095637	SORBS1	ENSPKIP00000020781	ENSPKIG00000005306	sorbs1
ENSP00000573426	ENSG00000107159	CA9	ENSPKIP00000009567	ENSPKIG00000024631	ca9
ENSP00000521044	ENSG00000203756	TMEM244	ENSPKIP00000032067	ENSPKIG00000012300	tmem244
ENSP00000453076	ENSG00000166073	GPR176	ENSPKIP00000015094	ENSPKIG00000001930	gpr176
ENSP00000507358	ENSG00000137504	CREBZF	ENSPKIP00000016985	ENSPKIG00000003090	crebzf
ENSP00000219281	ENSG00000103005	USB1	ENSPKIP00000036616	ENSPKIG00000015109	USB1
ENSP00000500894	ENSG00000125510	OPRL1	ENSPKIP00000001574	ENSPKIG00000019824	oprl1
ENSP00000339626	ENSG00000100036	SLC35E4	ENSPKIP00000030613	ENSPKIG00000011403	slc35e4
ENSP00000305071	ENSG00000064490	RFXANK	ENSPKIP00000008996	ENSPKIG00000024270	rfxank
ENSP00000612347	ENSG00000089048	ESF1	ENSPKIP00000009293	ENSPKIG00000024448	esf1
ENSP00000621475	ENSG00000100056	ESS2	ENSPKIP00000040017	ENSPKIG00000017140	ess2
ENSP00000503543	ENSG00000288658	RNF228	ENSPKIP00000022714	ENSPKIG00000006618	RNF228
ENSP00000648378	ENSG00000083544	TDRD3	ENSPKIP00000026378	ENSPKIG00000008894	tdrd3
ENSP00000634944	ENSG00000138964	PARVG	ENSPKIP00000005725	ENSPKIG00000022272	parvg
ENSP00000333097	ENSG00000183733	FIGLA	ENSPKIP00000031454	ENSPKIG00000011920	figla
ENSP00000477930	ENSG00000152207	CYSLTR2	ENSPKIP00000005072	ENSPKIG00000021903	CYSLTR2
ENSP00000280236	ENSG00000150667	FSIP1	ENSPKIP00000015196	ENSPKIG00000001992	
ENSP00000557398	ENSG00000132970	WASF3	ENSPKIP00000034051	ENSPKIG00000013525	wasf3b
ENSP00000648603	ENSG00000103351	CLUAP1	ENSPKIP00000022498	ENSPKIG00000006470	cluap1
ENSP00000365048	ENSG00000102524	TNFSF13B	ENSPKIP00000030939	ENSPKIG00000011622	tnfsf13b
ENSP00000590115	ENSG00000105699	LSR	ENSPKIP00000008177	ENSPKIG00000023781	lsr
ENSP00000650923	ENSG00000125877	ITPA	ENSPKIP00000018513	ENSPKIG00000004044	ITPA
ENSP00000561435	ENSG00000102738	MRPS31	ENSPKIP00000014214	ENSPKIG00000001361	mrps31
ENSP00000252505	ENSG00000151360	ALLC	ENSPKIP00000016927	ENSPKIG00000003010	allc
ENSP00000569250	ENSG00000104231	ZFAND1	ENSPKIP00000039793	ENSPKIG00000017006	zfand1
ENSP00000313079	ENSG00000180730	SHISA2	ENSPKIP00000033756	ENSPKIG00000013355	shisa2b
ENSP00000322568	ENSG00000176887	SOX11	ENSPKIP00000002601	ENSPKIG00000020439	sox11a
ENSP00000398089	ENSG00000102984	ZNF821	ENSPKIP00000026709	ENSPKIG00000009084	znf821
ENSP00000327417	ENSG00000183840	GPR39	ENSPKIP00000037974	ENSPKIG00000015956	gpr39
ENSP00000498060	ENSG00000235272	RAMACL	ENSPKIP00000001489	ENSPKIG00000019767	RAMAC
ENSP00000354518	ENSG00000198783	ZNF830	ENSPKIP00000003434	ENSPKIG00000020944	ZNF830
ENSP00000404232	ENSG00000183690	EFHC2	ENSPKIP00000017372	ENSPKIG00000003303	efhc2
ENSP00000454804	ENSG00000101440	ASIP	ENSPKIP00000019754	ENSPKIG00000004798	asip1
ENSP00000777960	ENSG00000253250	C8orf88	ENSPKIP00000011645	ENSPKIG00000018645	
ENSP00000367465	ENSG00000188937	NYX	ENSPKIP00000017702	ENSPKIG00000003512	nyx
ENSP00000351206	ENSG00000164440	TXLNB	ENSPKIP00000040119	ENSPKIG00000017209	txlnbb
ENSP00000351040	ENSG00000196227	FAM217B	ENSPKIP00000041843	ENSPKIG00000018238	
ENSP00000276570	ENSG00000147570	DNAJC5B	ENSPKIP00000024938	ENSPKIG00000007998	dnajc5b
ENSP00000516154	ENSG00000140521	POLG	ENSPKIP00000036413	ENSPKIG00000014938	polg
ENSP00000252998	ENSG00000130701	RBBP8NL	ENSPKIP00000021845	ENSPKIG00000006076	rbbp8l
ENSP00000314480	ENSG00000164853	UNCX	ENSPKIP00000012879	ENSPKIG00000000519	UNCX
ENSP00000501711	ENSG00000288611	NPBWR1	ENSPKIP00000011583	ENSPKIG00000018614	npbwr2a
ENSP00000296839	ENSG00000164379	FOXQ1	ENSPKIP00000013423	ENSPKIG00000000871	foxq1a
ENSP00000500237	ENSG00000141096	DPEP3	ENSPKIP00000004339	ENSPKIG00000021490	dpep2
ENSP00000314946	ENSG00000177519	RPRM	ENSPKIP00000012305	ENSPKIG00000000149	rprma
ENSP00000380597	ENSG00000265818	EEF1E1-BLOC1S5	ENSPKIP00000024303	ENSPKIG00000007608	
ENSP00000400341	ENSG00000125798	FOXA2	ENSPKIP00000004271	ENSPKIG00000021452	FOXA2
ENSP00000328983	ENSG00000183196	CHST6	ENSPKIP00000019896	ENSPKIG00000004884	chst6
ENSP00000708666	ENSG00000137154	RPS6	ENSPKIP00000017212	ENSPKIG00000003224	rps6
ENSP00000377869	ENSG00000159625	DRC7	ENSPKIP00000036485	ENSPKIG00000015031	ccdc135
ENSP00000285420	ENSG00000155100	OTUD6B	ENSPKIP00000022300	ENSPKIG00000006367	otud6b
ENSP00000623247	ENSG00000135698	MPHOSPH6	ENSPKIP00000012463	ENSPKIG00000000253	mphosph6
ENSP00000341911	ENSG00000099864	PALM	ENSPKIP00000031795	ENSPKIG00000012142	palm1a
ENSP00000276571	ENSG00000147571	CRH	ENSPKIP00000040732	ENSPKIG00000017582	crhb
ENSP00000373450	ENSG00000104450	SPAG1	ENSPKIP00000039330	ENSPKIG00000016729	spag1a
ENSP00000582518	ENSG00000174444	RPL4	ENSPKIP00000037493	ENSPKIG00000015644	rpl4
ENSP00000379242	ENSG00000241322	FBXW10B	ENSPKIP00000017439	ENSPKIG00000003289	
ENSP00000653884	ENSG00000102897	LYRM1	ENSPKIP00000027507	ENSPKIG00000009541	lyrm1
ENSP00000609579	ENSG00000197114	ZGPAT	ENSPKIP00000031662	ENSPKIG00000012056	zgpat
ENSP00000297737	ENSG00000165061	ZMAT4	ENSPKIP00000012154	ENSPKIG00000000048	zmat4a
ENSP00000503878	ENSG00000104218	CSPP1	ENSPKIP00000024385	ENSPKIG00000007653	cspp1a
ENSP00000580397	ENSG00000086102	NFX1	ENSPKIP00000039614	ENSPKIG00000016899	nfx1
ENSP00000362353	ENSG00000112164	GLP1R	ENSPKIP00000032893	ENSPKIG00000012816	gcgra
ENSP00000574464	ENSG00000038532	CLEC16A	ENSPKIP00000011513	ENSPKIG00000018560	clec16a
ENSP00000258456	ENSG00000135973	GPR45	ENSPKIP00000031384	ENSPKIG00000011893	gpr45
ENSP00000764343	ENSG00000167641	PPP1R14A	ENSPKIP00000022478	ENSPKIG00000006456	ppp1r14ab
ENSP00000386702	ENSG00000185105	MYADML2	ENSPKIP00000007912	ENSPKIG00000023631	myadml2
ENSP00000371367	ENSG00000125898	FAM110A	ENSPKIP00000008663	ENSPKIG00000024067	FAM110A
ENSP00000348234	ENSG00000198650	TAT	ENSPKIP00000019185	ENSPKIG00000004444	tat
ENSP00000622651	ENSG00000167646	DNAAF3	ENSPKIP00000015016	ENSPKIG00000001861	dnaaf3l
ENSP00000603021	ENSG00000180822	PSMG4	ENSPKIP00000025955	ENSPKIG00000008624	
ENSP00000505197	ENSG00000125875	TBC1D20	ENSPKIP00000038532	ENSPKIG00000016255	tbc1d20
ENSP00000486314	ENSG00000127586	CHTF18	ENSPKIP00000000392	ENSPKIG00000018956	
ENSP00000625316	ENSG00000130958	SLC35D2	ENSPKIP00000041186	ENSPKIG00000017832	slc35d2
ENSP00000798462	ENSG00000170162	VGLL2	ENSPKIP00000035537	ENSPKIG00000014463	vgll2a
ENSP00000300413	ENSG00000167088	SNRPD1	ENSPKIP00000018410	ENSPKIG00000003985	SNRPD1
ENSP00000352314	ENSG00000197705	KLHL14	ENSPKIP00000013476	ENSPKIG00000000895	klhl14
ENSP00000577507	ENSG00000125812	GZF1	ENSPKIP00000018104	ENSPKIG00000003781	GZF1
ENSP00000583741	ENSG00000140326	CDAN1	ENSPKIP00000026753	ENSPKIG00000009087	cdan1
ENSP00000260126	ENSG00000137571	SLCO5A1	ENSPKIP00000023653	ENSPKIG00000007199	slco5a1a
ENSP00000593573	ENSG00000165724	ZMYND19	ENSPKIP00000040802	ENSPKIG00000017618	zmynd19
ENSP00000606055	ENSG00000066855	MTFR1	ENSPKIP00000025259	ENSPKIG00000008201	mtfr1
ENSP00000478799	ENSG00000167110	GOLGA2	ENSPKIP00000020185	ENSPKIG00000004937	golga2
ENSP00000535378	ENSG00000104140	RHOV	ENSPKIP00000013312	ENSPKIG00000000786	rhov
ENSP00000401089	ENSG00000235711	ANKRD34C	ENSPKIP00000003806	ENSPKIG00000021152	
ENSP00000377504	ENSG00000133250	ZNF414	ENSPKIP00000039073	ENSPKIG00000016580	znf414
ENSP00000300249	ENSG00000166974	MAPRE2	ENSPKIP00000016211	ENSPKIG00000002629	mapre2
ENSP00000217109	ENSG00000101138	CSTF1	ENSPKIP00000020615	ENSPKIG00000005323	cstf1
ENSP00000764795	ENSG00000105640	RPL18A	ENSPKIP00000015321	ENSPKIG00000002081	rpl18a
ENSP00000756279	ENSG00000140612	SEC11A	ENSPKIP00000015249	ENSPKIG00000002027	sec11a
ENSP00000575777	ENSG00000198081	ZBTB14	ENSPKIP00000019075	ENSPKIG00000004399	zbtb14
ENSP00000325546	ENSG00000181690	PLAG1	ENSPKIP00000029097	ENSPKIG00000010471	plag1
ENSP00000367044	ENSG00000125844	RRBP1	ENSPKIP00000003350	ENSPKIG00000020891	rrbp1a
ENSP00000379203	ENSG00000155097	ATP6V1C1	ENSPKIP00000037785	ENSPKIG00000015818	atp6v1c1b
ENSP00000322361	ENSG00000130856	ZNF236	ENSPKIP00000041785	ENSPKIG00000018168	znf236
ENSP00000312411	ENSG00000175175	PPM1E	ENSPKIP00000034175	ENSPKIG00000013604	ppm1e
ENSP00000429200	ENSG00000147454	SLC25A37	ENSPKIP00000009728	ENSPKIG00000024722	slc25a37
ENSP00000336856	ENSG00000140382	HMG20A	ENSPKIP00000032169	ENSPKIG00000012367	hmg20a
ENSP00000318057	ENSG00000179388	EGR3	ENSPKIP00000025103	ENSPKIG00000008095	egr3
ENSP00000618697	ENSG00000101082	SLA2	ENSPKIP00000013234	ENSPKIG00000000745	sla2b
ENSP00000482265	ENSG00000182108	DEXI	ENSPKIP00000011462	ENSPKIG00000018548	dexi
ENSP00000369976	ENSG00000198759	EGFL6	ENSPKIP00000031177	ENSPKIG00000011769	egfl6
ENSP00000428184	ENSG00000137575	SDCBP	ENSPKIP00000024106	ENSPKIG00000007488	sdcbp2
ENSP00000368439	ENSG00000102230	PCYT1B	ENSPKIP00000010283	ENSPKIG00000025057	pcyt1ba
ENSP00000404375	ENSG00000241343	RPL36A	ENSPKIP00000034450	ENSPKIG00000013772	rpl36a
ENSP00000591004	ENSG00000166145	SPINT1	ENSPKIP00000018517	ENSPKIG00000004055	spint1a
ENSP00000630963	ENSG00000124508	BTN2A2	ENSPKIP00000008373	ENSPKIG00000023881	
ENSP00000769012	ENSG00000100142	POLR2F	ENSPKIP00000015932	ENSPKIG00000002464	polr2f
ENSP00000622232	ENSG00000125826	RBCK1	ENSPKIP00000038451	ENSPKIG00000016212	rbck1
ENSP00000508580	ENSG00000119321	FKBP15	ENSPKIP00000009172	ENSPKIG00000024375	fkbp15b
ENSP00000633471	ENSG00000100416	TRMU	ENSPKIP00000016601	ENSPKIG00000002849	trmu
ENSP00000447224	ENSG00000188039	NWD1	ENSPKIP00000018022	ENSPKIG00000003695	NWD1
ENSP00000786362	ENSG00000109667	SLC2A9	ENSPKIP00000018336	ENSPKIG00000003931	SLC2A9
ENSP00000748340	ENSG00000184402	SS18L1	ENSPKIP00000017492	ENSPKIG00000003373	SS18L1
ENSP00000620714	ENSG00000136842	TMOD1	ENSPKIP00000012189	ENSPKIG00000000069	tmod1
ENSP00000545542	ENSG00000140455	USP3	ENSPKIP00000012874	ENSPKIG00000000507	usp3
ENSP00000286688	ENSG00000156172	CFAP418	ENSPKIP00000032765	ENSPKIG00000012735	
ENSP00000274031	ENSG00000145391	SETD7	ENSPKIP00000033244	ENSPKIG00000013022	setd7
ENSP00000574257	ENSG00000140876	NUDT7	ENSPKIP00000015023	ENSPKIG00000001874	nudt7
ENSP00000234371	ENSG00000116014	KISS1R	ENSPKIP00000005715	ENSPKIG00000022284	
ENSP00000576102	ENSG00000178951	ZBTB7A	ENSPKIP00000011306	ENSPKIG00000018457	zbtb7a
ENSP00000498778	ENSG00000172007	RAB33B	ENSPKIP00000012046	ENSPKIG00000025682	rab33ba
ENSP00000365162	ENSG00000101306	MYLK2	ENSPKIP00000041061	ENSPKIG00000017782	mylk2
ENSP00000370297	ENSG00000147869	CER1	ENSPKIP00000017022	ENSPKIG00000003112	
ENSP00000683032	ENSG00000179632	MAF1	ENSPKIP00000038361	ENSPKIG00000016165	maf1a
ENSP00000304736	ENSG00000170522	ELOVL6	ENSPKIP00000012994	ENSPKIG00000000586	ELOVL6
ENSP00000537876	ENSG00000134759	ELP2	ENSPKIP00000003205	ENSPKIG00000020740	elp2
ENSP00000508968	ENSG00000146282	RARS2	ENSPKIP00000041252	ENSPKIG00000017877	rars2
ENSP00000467612	ENSG00000153885	KCTD15	ENSPKIP00000019624	ENSPKIG00000004710	KCTD15
ENSP00000792476	ENSG00000100300	TSPO	ENSPKIP00000020717	ENSPKIG00000005385	tspo
ENSP00000608235	ENSG00000104129	DNAJC17	ENSPKIP00000017459	ENSPKIG00000003351	dnajc17
ENSP00000637650	ENSG00000215305	VPS16	ENSPKIP00000014326	ENSPKIG00000001377	vps16
ENSP00000587212	ENSG00000172889	EGFL7	ENSPKIP00000019439	ENSPKIG00000004588	egfl7
ENSP00000431971	ENSG00000141858	SAMD1	ENSPKIP00000033129	ENSPKIG00000012957	
ENSP00000369863	ENSG00000149926	TLCD3B	ENSPKIP00000041930	ENSPKIG00000018285	tlcd3bb
ENSP00000543962	ENSG00000131652	THOC6	ENSPKIP00000000120	ENSPKIG00000018907	thoc6
ENSP00000331682	ENSG00000099910	KLHL22	ENSPKIP00000005799	ENSPKIG00000022328	klhl22
ENSP00000471512	ENSG00000160570	DEDD2	ENSPKIP00000039233	ENSPKIG00000016662	dedd1
ENSP00000608509	ENSG00000112701	SENP6	ENSPKIP00000040352	ENSPKIG00000017352	senp6a
ENSP00000541356	ENSG00000126246	IGFLR1	ENSPKIP00000035186	ENSPKIG00000014237	igflr1
ENSP00000408526	ENSG00000133731	IMPA1	ENSPKIP00000018998	ENSPKIG00000004343	impa1
ENSP00000402505	ENSG00000160111	CPAMD8	ENSPKIP00000040592	ENSPKIG00000017483	
ENSP00000355166	ENSG00000198812	LRRC10	ENSPKIP00000006467	ENSPKIG00000022737	lrrc10
ENSP00000456330	ENSG00000183044	ABAT	ENSPKIP00000041216	ENSPKIG00000017859	abat
ENSP00000312311	ENSG00000259494	MRPL46	ENSPKIP00000035176	ENSPKIG00000014232	mrpl46
ENSP00000359196	ENSG00000125534	PPDPF	ENSPKIP00000019733	ENSPKIG00000004786	ppdpfb
ENSP00000064571	ENSG00000054803	CBLN4	ENSPKIP00000023753	ENSPKIG00000007259	cbln4
ENSP00000220772	ENSG00000104332	SFRP1	ENSPKIP00000012165	ENSPKIG00000000058	SFRP1
ENSP00000546517	ENSG00000125755	SYMPK	ENSPKIP00000040042	ENSPKIG00000017132	sympk
ENSP00000562351	ENSG00000184708	EIF4ENIF1	ENSPKIP00000001109	ENSPKIG00000019521	EIF4ENIF1
ENSP00000299736	ENSG00000166582	CENPV	ENSPKIP00000000743	ENSPKIG00000019290	cenpv
ENSP00000455911	ENSG00000255073	ZFP91-CNTF	ENSPKIP00000021331	ENSPKIG00000005785	
ENSP00000339795	ENSG00000147604	RPL7	ENSPKIP00000041755	ENSPKIG00000018183	rpl7
ENSP00000795961	ENSG00000198336	MYL4	ENSPKIP00000021228	ENSPKIG00000005692	
ENSP00000535188	ENSG00000239282	CASTOR1	ENSPKIP00000032722	ENSPKIG00000012702	CASTOR1
ENSP00000577828	ENSG00000109819	PPARGC1A	ENSPKIP00000017908	ENSPKIG00000003643	ppargc1a
ENSP00000759048	ENSG00000224877	NDUFAF8	ENSPKIP00000034345	ENSPKIG00000013710	ndufaf8
ENSP00000764252	ENSG00000181991	MRPS11	ENSPKIP00000035843	ENSPKIG00000014626	
ENSP00000702169	ENSG00000108561	C1QBP	ENSPKIP00000040385	ENSPKIG00000017376	c1qbp
ENSP00000498622	ENSG00000135517	MIP	ENSPKIP00000008342	ENSPKIG00000023852	mipb
ENSP00000431759	ENSG00000188596	CFAP54	ENSPKIP00000005293	ENSPKIG00000022012	
ENSP00000787015	ENSG00000182944	EWSR1	ENSPKIP00000006829	ENSPKIG00000022955	ewsr1b
ENSP00000503598	ENSG00000108298	RPL19	ENSPKIP00000027745	ENSPKIG00000009673	rpl19
ENSP00000337332	ENSG00000077463	SIRT6	ENSPKIP00000030023	ENSPKIG00000011041	sirt6
ENSP00000479104	ENSG00000166111	SVOP	ENSPKIP00000010393	ENSPKIG00000025126	svopa
ENSP00000778147	ENSG00000090316	MAEA	ENSPKIP00000022394	ENSPKIG00000006400	maea
ENSP00000229595	ENSG00000111875	ASF1A	ENSPKIP00000032976	ENSPKIG00000012864	asf1bb
ENSP00000506295	ENSG00000132424	PNISR	ENSPKIP00000006816	ENSPKIG00000022936	
ENSP00000499910	ENSG00000176125	UFSP1	ENSPKIP00000013851	ENSPKIG00000001128	ufsp1
ENSP00000446918	ENSG00000170627	GTSF1	ENSPKIP00000039828	ENSPKIG00000017039	gtsf1
ENSP00000525980	ENSG00000057663	ATG5	ENSPKIP00000033166	ENSPKIG00000012978	atg5
ENSP00000623368	ENSG00000103047	TANGO6	ENSPKIP00000017864	ENSPKIG00000003592	tango6
ENSP00000349923	ENSG00000196976	LAGE3	ENSPKIP00000003831	ENSPKIG00000021166	
ENSP00000244043	ENSG00000124212	PTGIS	ENSPKIP00000035083	ENSPKIG00000014083	PTGIS
ENSP00000262990	ENSG00000109445	ZNF330	ENSPKIP00000032914	ENSPKIG00000012819	znf330
ENSP00000694672	ENSG00000140416	TPM1	ENSPKIP00000037452	ENSPKIG00000015612	tpm3
ENSP00000520920	ENSG00000157600	TMEM164	ENSPKIP00000025142	ENSPKIG00000008118	TMEM164
ENSP00000521459	ENSG00000101187	SLCO4A1	ENSPKIP00000021954	ENSPKIG00000006158	slco4a1
ENSP00000465684	ENSG00000167604	NFKBID	ENSPKIP00000035132	ENSPKIG00000014206	
ENSP00000522260	ENSG00000130707	ASS1	ENSPKIP00000019397	ENSPKIG00000004543	ASS1
ENSP00000293636	ENSG00000139610	CELA1	ENSPKIP00000009752	ENSPKIG00000024733	cela1.1
ENSP00000337040	ENSG00000109103	UNC119	ENSPKIP00000011814	ENSPKIG00000018760	unc119a2
ENSP00000792075	ENSG00000147155	EBP	ENSPKIP00000024354	ENSPKIG00000007640	ebp
ENSP00000432609	ENSG00000101146	RAE1	ENSPKIP00000041906	ENSPKIG00000018254	rae1
ENSP00000594665	ENSG00000164164	OTUD4	ENSPKIP00000038253	ENSPKIG00000016103	
ENSP00000529796	ENSG00000182492	BGN	ENSPKIP00000023644	ENSPKIG00000007187	bgnb
ENSP00000354335	ENSG00000197629	MPEG1	ENSPKIP00000005008	ENSPKIG00000021867	mpeg1.1
ENSP00000658247	ENSG00000134283	PPHLN1	ENSPKIP00000006362	ENSPKIG00000022667	pphln1
ENSP00000434024	ENSG00000188486	H2AX	ENSPKIP00000003984	ENSPKIG00000021272	
ENSP00000643099	ENSG00000254647	INS	ENSPKIP00000011602	ENSPKIG00000018619	INS
ENSP00000345826	ENSG00000124225	PMEPA1	ENSPKIP00000019614	ENSPKIG00000004698	pmepa1
ENSP00000582655	ENSG00000025772	TOMM34	ENSPKIP00000006822	ENSPKIG00000022953	tomm34
ENSP00000465776	ENSG00000104957	YJU2B	ENSPKIP00000020074	ENSPKIG00000004976	yju2b
ENSP00000496900	ENSG00000060749	QSER1	ENSPKIP00000007828	ENSPKIG00000023573	qser1
ENSP00000512847	ENSG00000175352	NRIP3	ENSPKIP00000033302	ENSPKIG00000013070	NRIP3
ENSP00000742676	ENSG00000133818	RRAS2	ENSPKIP00000038349	ENSPKIG00000016148	rras2
ENSP00000336866	ENSG00000089050	RBBP9	ENSPKIP00000019221	ENSPKIG00000004469	rbbp9
ENSP00000633860	ENSG00000099337	KCNK6	ENSPKIP00000019501	ENSPKIG00000004645	kcnk6
ENSP00000364119	ENSG00000125977	EIF2S2	ENSPKIP00000019822	ENSPKIG00000004837	eif2s2
ENSP00000605829	ENSG00000155115	GTF3C6	ENSPKIP00000007402	ENSPKIG00000023308	
ENSP00000538589	ENSG00000138798	EGF	ENSPKIP00000012880	ENSPKIG00000000516	egf
ENSP00000590392	ENSG00000112578	BYSL	ENSPKIP00000014058	ENSPKIG00000001265	bysl
ENSP00000615397	ENSG00000105053	VRK3	ENSPKIP00000003173	ENSPKIG00000020774	vrk3
ENSP00000474984	ENSG00000242950	ERVW-1	ENSPKIP00000004257	ENSPKIG00000021444	
ENSP00000559165	ENSG00000167632	TRAPPC9	ENSPKIP00000015434	ENSPKIG00000001998	trappc9
ENSP00000520621	ENSG00000164556	CFAP144P1	ENSPKIP00000031440	ENSPKIG00000011927	cfap144
ENSP00000433696	ENSG00000227600	PPT2	ENSPKIP00000030842	ENSPKIG00000011551	ppt2b
ENSP00000661878	ENSG00000065057	NTHL1	ENSPKIP00000016457	ENSPKIG00000002768	NTHL1
ENSP00000403409	ENSG00000233164	C6orf136	ENSPKIP00000029985	ENSPKIG00000011022	si:ch211-215a10.4
ENSP00000762869	ENSG00000056050	HPF1	ENSPKIP00000038493	ENSPKIG00000016194	hpf1
ENSP00000506604	ENSG00000135541	AHI1	ENSPKIP00000000790	ENSPKIG00000019324	ahi1
ENSP00000377948	ENSG00000186867	QRFPR	ENSPKIP00000025019	ENSPKIG00000008045	qrfprb
ENSP00000495061	ENSG00000164093	PITX2	ENSPKIP00000013086	ENSPKIG00000000649	pitx2
ENSP00000468354	ENSG00000154065	ANKRD29	ENSPKIP00000040520	ENSPKIG00000017446	ankrd29
ENSP00000428754	ENSG00000147536	GINS4	ENSPKIP00000022803	ENSPKIG00000006669	gins4
ENSP00000280191	ENSG00000150628	SPATA4	ENSPKIP00000022646	ENSPKIG00000006546	spata4
ENSP00000316329	ENSG00000145284	SCD5	ENSPKIP00000011052	ENSPKIG00000025520	SCD5
ENSP00000463771	ENSG00000141668	CBLN2	ENSPKIP00000021962	ENSPKIG00000006164	cbln2b
ENSP00000618450	ENSG00000168461	RAB31	ENSPKIP00000026411	ENSPKIG00000008920	RAB31
ENSP00000248306	ENSG00000127720	METTL25	ENSPKIP00000001272	ENSPKIG00000019624	mettl25
ENSP00000323275	ENSG00000256061	DNAAF4	ENSPKIP00000004897	ENSPKIG00000021803	dnaaf4
ENSP00000624603	ENSG00000145431	PDGFC	ENSPKIP00000036801	ENSPKIG00000015228	pdgfc
ENSP00000351646	ENSG00000168439	STIP1	ENSPKIP00000025660	ENSPKIG00000008434	stip1
ENSP00000286760	ENSG00000156232	WHAMM	ENSPKIP00000000830	ENSPKIG00000019349	whamm
ENSP00000309007	ENSG00000174796	THAP6	ENSPKIP00000018486	ENSPKIG00000004034	
ENSP00000314196	ENSG00000177669	MBOAT4	ENSPKIP00000021749	ENSPKIG00000006031	mboat4
ENSP00000587999	ENSG00000176225	RTTN	ENSPKIP00000022108	ENSPKIG00000006221	
ENSP00000346990	ENSG00000168079	SCARA5	ENSPKIP00000038004	ENSPKIG00000015968	SCARA5
ENSP00000333769	ENSG00000172270	BSG	ENSPKIP00000009425	ENSPKIG00000024544	BSG
ENSP00000712895	ENSG00000185043	CIB1	ENSPKIP00000035548	ENSPKIG00000014465	cib1
ENSP00000261692	ENSG00000111328	CDK2AP1	ENSPKIP00000014489	ENSPKIG00000001531	CDK2AP1
ENSP00000331845	ENSG00000183530	PRR14L	ENSPKIP00000039992	ENSPKIG00000017122	
ENSP00000489646	ENSG00000165702	GFI1B	ENSPKIP00000024359	ENSPKIG00000007643	gfi1b
ENSP00000315417	ENSG00000180318	ALX1	ENSPKIP00000008827	ENSPKIG00000024165	alx1
ENSP00000370989	ENSG00000120217	CD274	ENSPKIP00000021227	ENSPKIG00000005717	
ENSP00000527868	ENSG00000101132	PFDN4	ENSPKIP00000023677	ENSPKIG00000007211	pfdn4
ENSP00000438963	ENSG00000069943	PIGB	ENSPKIP00000004807	ENSPKIG00000021745	pigb
ENSP00000726637	ENSG00000141994	DUS3L	ENSPKIP00000041529	ENSPKIG00000018035	dus3l
ENSP00000528820	ENSG00000071889	FAM3A	ENSPKIP00000038419	ENSPKIG00000016195	fam3a
ENSP00000351207	ENSG00000197077	KIAA1671	ENSPKIP00000010387	ENSPKIG00000025128	
ENSP00000548233	ENSG00000182985	CADM1	ENSPKIP00000019107	ENSPKIG00000004394	cadm1b
ENSP00000609319	ENSG00000124228	DDX27	ENSPKIP00000016548	ENSPKIG00000002802	ddx27
ENSP00000496732	ENSG00000106410	NOBOX	ENSPKIP00000029115	ENSPKIG00000010479	
ENSP00000393154	ENSG00000141665	FBXO15	ENSPKIP00000021929	ENSPKIG00000006139	fbxo15
ENSP00000551027	ENSG00000099940	SNAP29	ENSPKIP00000015210	ENSPKIG00000002004	snap29
ENSP00000498358	ENSG00000066926	FECH	ENSPKIP00000002258	ENSPKIG00000020213	fech
ENSP00000358307	ENSG00000196865	NHLRC2	ENSPKIP00000029033	ENSPKIG00000010427	nhlrc2
ENSP00000789829	ENSG00000147654	EBAG9	ENSPKIP00000019250	ENSPKIG00000004494	ebag9
ENSP00000631417	ENSG00000133318	RTN3	ENSPKIP00000037636	ENSPKIG00000015710	
ENSP00000555832	ENSG00000105655	ISYNA1	ENSPKIP00000041226	ENSPKIG00000017847	ISYNA1
ENSP00000391901	ENSG00000225553	PHF1	ENSPKIP00000002183	ENSPKIG00000020134	phf1
ENSP00000773236	ENSG00000108010	GLRX3	ENSPKIP00000041234	ENSPKIG00000017860	glrx3
ENSP00000342411	ENSG00000188038	NRN1L	ENSPKIP00000015720	ENSPKIG00000002345	NRN1L
ENSP00000447149	ENSG00000012504	NR1H4	ENSPKIP00000031312	ENSPKIG00000011818	nr1h4
ENSP00000634342	ENSG00000169857	AVEN	ENSPKIP00000034432	ENSPKIG00000013758	
ENSP00000261600	ENSG00000079134	THOC1	ENSPKIP00000021561	ENSPKIG00000005906	thoc1
ENSP00000323288	ENSG00000166133	RPUSD2	ENSPKIP00000006917	ENSPKIG00000023017	rpusd2
ENSP00000581118	ENSG00000147257	GPC3	ENSPKIP00000003768	ENSPKIG00000021129	gpc3
ENSP00000339377	ENSG00000164129	NPY5R	ENSPKIP00000001414	ENSPKIG00000019730	npy4r
ENSP00000779285	ENSG00000136936	XPA	ENSPKIP00000042033	ENSPKIG00000018356	xpa
ENSP00000369014	ENSG00000173376	NDNF	ENSPKIP00000037277	ENSPKIG00000015515	ndnf
ENSP00000307264	ENSG00000171067	C11orf24	ENSPKIP00000017928	ENSPKIG00000003662	
ENSP00000428801	ENSG00000147592	LACTB2	ENSPKIP00000010190	ENSPKIG00000025005	LACTB2
ENSP00000628354	ENSG00000167074	TEF	ENSPKIP00000017128	ENSPKIG00000003161	tefa
ENSP00000391498	ENSG00000095981	KCNK16	ENSPKIP00000005776	ENSPKIG00000022316	KCNK16
ENSP00000635471	ENSG00000198917	SPOUT1	ENSPKIP00000010349	ENSPKIG00000025099	spout1
ENSP00000622295	ENSG00000008735	MAPK8IP2	ENSPKIP00000010713	ENSPKIG00000025326	mapk8ip2
ENSP00000432897	ENSG00000172922	RNASEH2C	ENSPKIP00000000800	ENSPKIG00000019331	rnaseh2c
ENSP00000639225	ENSG00000101445	PPP1R16B	ENSPKIP00000017582	ENSPKIG00000003423	ppp1r16b
ENSP00000603768	ENSG00000147687	TATDN1	ENSPKIP00000009096	ENSPKIG00000024331	tatdn1
ENSP00000614815	ENSG00000198026	ZNF335	ENSPKIP00000017486	ENSPKIG00000003319	znf335
ENSP00000399982	ENSG00000106290	TAF6	ENSPKIP00000023149	ENSPKIG00000006892	taf6
ENSP00000385463	ENSG00000167065	DUSP18	ENSPKIP00000007419	ENSPKIG00000023318	zgc:153044
ENSP00000343144	ENSG00000178184	PARD6G	ENSPKIP00000016707	ENSPKIG00000002917	pard6gb
ENSP00000374125	ENSG00000197046	SIGLEC15	ENSPKIP00000035033	ENSPKIG00000014129	
ENSP00000765770	ENSG00000075336	TIMM21	ENSPKIP00000020281	ENSPKIG00000005119	timm21
ENSP00000611684	ENSG00000101150	TPD52L2	ENSPKIP00000020592	ENSPKIG00000005289	TPD52L2
ENSP00000633500	ENSG00000141664	ZCCHC2	ENSPKIP00000014699	ENSPKIG00000001677	zcchc2
ENSP00000461135	ENSG00000262919	CCNQ	ENSPKIP00000023567	ENSPKIG00000007132	ccnq
ENSP00000298910	ENSG00000188906	LRRK2	ENSPKIP00000033791	ENSPKIG00000013223	lrrk2
ENSP00000528651	ENSG00000138315	OIT3	ENSPKIP00000022810	ENSPKIG00000006673	oit3
ENSP00000219439	ENSG00000103160	HSDL1	ENSPKIP00000034365	ENSPKIG00000013727	hsdl1
ENSP00000501772	ENSG00000156709	AIFM1	ENSPKIP00000017409	ENSPKIG00000003320	aifm1
ENSP00000676893	ENSG00000103978	TMEM87A	ENSPKIP00000025541	ENSPKIG00000008350	TMEM87A
ENSP00000367318	ENSG00000107185	RGP1	ENSPKIP00000036642	ENSPKIG00000015132	rgp1
ENSP00000219406	ENSG00000185615	PDIA2	ENSPKIP00000002435	ENSPKIG00000020330	pdia2
ENSP00000608093	ENSG00000196419	XRCC6	ENSPKIP00000018395	ENSPKIG00000003974	xrcc6
ENSP00000461181	ENSG00000167978	SRRM2	ENSPKIP00000000176	ENSPKIG00000018936	srrm2
ENSP00000353462	ENSG00000087589	CASS4	ENSPKIP00000020556	ENSPKIG00000005288	cass4
ENSP00000586512	ENSG00000104356	POP1	ENSPKIP00000038623	ENSPKIG00000016325	POP1
ENSP00000416683	ENSG00000099769	IGFALS	ENSPKIP00000015601	ENSPKIG00000002260	igfals
ENSP00000419081	ENSG00000129007	CALML4	ENSPKIP00000027693	ENSPKIG00000009644	calml4a
ENSP00000487795	ENSG00000197457	STMN3	ENSPKIP00000031058	ENSPKIG00000011705	STMN3
ENSP00000621081	ENSG00000105612	DNASE2	ENSPKIP00000026278	ENSPKIG00000008826	dnase2
ENSP00000328677	ENSG00000183186	C2CD4C	ENSPKIP00000025751	ENSPKIG00000008512	C2CD4C
ENSP00000589408	ENSG00000166997	CNPY4	ENSPKIP00000023196	ENSPKIG00000006916	cnpy4
ENSP00000554729	ENSG00000067167	TRAM1	ENSPKIP00000004646	ENSPKIG00000021655	zgc:113278
ENSP00000445345	ENSG00000141873	SLC39A3	ENSPKIP00000018205	ENSPKIG00000003862	SLC39A3
ENSP00000567431	ENSG00000160563	MED27	ENSPKIP00000042073	ENSPKIG00000018804	med27
ENSP00000261250	ENSG00000047621	FERRY3	ENSPKIP00000040166	ENSPKIG00000017211	zgc:154077
ENSP00000502939	ENSG00000161057	PSMC2	ENSPKIP00000022968	ENSPKIG00000006760	psmc2
ENSP00000597177	ENSG00000166797	CIAO2A	ENSPKIP00000027640	ENSPKIG00000009619	ciao2a
ENSP00000418268	ENSG00000065328	MCM10	ENSPKIP00000012806	ENSPKIG00000000479	mcm10
ENSP00000415056	ENSG00000178997	EXD1	ENSPKIP00000013116	ENSPKIG00000000671	
ENSP00000340982	ENSG00000137098	SPAG8	ENSPKIP00000011172	ENSPKIG00000025583	spag8
ENSP00000371805	ENSG00000155034	FBXL18	ENSPKIP00000029029	ENSPKIG00000010437	fbxl18
ENSP00000312599	ENSG00000175606	TMEM70	ENSPKIP00000041912	ENSPKIG00000018281	tmem70
ENSP00000515495	ENSG00000174197	MGA	ENSPKIP00000006067	ENSPKIG00000022499	
ENSP00000383715	ENSG00000112486	CCR6	ENSPKIP00000005430	ENSPKIG00000022108	CCR6
ENSP00000520600	ENSG00000101425	BPI	ENSPKIP00000002852	ENSPKIG00000020583	
ENSP00000637617	ENSG00000135249	RINT1	ENSPKIP00000023268	ENSPKIG00000006961	rint1
ENSP00000500765	ENSG00000082556	OPRK1	ENSPKIP00000029561	ENSPKIG00000010765	oprk1
ENSP00000602742	ENSG00000136942	RPL35	ENSPKIP00000008626	ENSPKIG00000024042	rpl35
ENSP00000445496	ENSG00000183715	OPCML	ENSPKIP00000019365	ENSPKIG00000004566	opcml
ENSP00000442460	ENSG00000101213	PTK6	ENSPKIP00000019691	ENSPKIG00000004760	ptk6b
ENSP00000566227	ENSG00000169371	SNUPN	ENSPKIP00000032294	ENSPKIG00000012444	snupn
ENSP00000653779	ENSG00000106803	SEC61B	ENSPKIP00000035812	ENSPKIG00000014602	sec61b
ENSP00000585545	ENSG00000176101	SSNA1	ENSPKIP00000040469	ENSPKIG00000017420	ssna1
ENSP00000637381	ENSG00000204991	SPIRE2	ENSPKIP00000019837	ENSPKIG00000004842	spire2
ENSP00000647307	ENSG00000149357	LAMTOR1	ENSPKIP00000006956	ENSPKIG00000023034	lamtor1
ENSP00000249373	ENSG00000128602	SMO	ENSPKIP00000026283	ENSPKIG00000008815	smo
ENSP00000321797	ENSG00000107831	FGF8	ENSPKIP00000015885	ENSPKIG00000002430	fgf8a
ENSP00000300181	ENSG00000166925	TSC22D4	ENSPKIP00000040345	ENSPKIG00000017348	
ENSP00000700416	ENSG00000013364	MVP	ENSPKIP00000011932	ENSPKIG00000018322	mvp
ENSP00000615013	ENSG00000175482	POLD4	ENSPKIP00000036832	ENSPKIG00000015257	pold4
ENSP00000763240	ENSG00000106682	EIF4H	ENSPKIP00000030105	ENSPKIG00000011080	eif4h
ENSP00000364839	ENSG00000171456	ASXL1	ENSPKIP00000041909	ENSPKIG00000018277	asxl1
ENSP00000513665	ENSG00000107960	STN1	ENSPKIP00000013196	ENSPKIG00000000721	stn1
ENSP00000457335	ENSG00000169752	NRG4	ENSPKIP00000025553	ENSPKIG00000008381	
ENSP00000352420	ENSG00000168675	LDLRAD4	ENSPKIP00000040278	ENSPKIG00000017292	ldlrad4b
ENSP00000653200	ENSG00000101323	HAO1	ENSPKIP00000037712	ENSPKIG00000015780	hao1
ENSP00000547477	ENSG00000062282	DGAT2	ENSPKIP00000034150	ENSPKIG00000013591	dgat2
ENSP00000349543	ENSG00000164751	PEX2	ENSPKIP00000021888	ENSPKIG00000006113	pex2
ENSP00000530867	ENSG00000159579	RSPRY1	ENSPKIP00000015989	ENSPKIG00000002468	rspry1
ENSP00000359663	ENSG00000102245	CD40LG	ENSPKIP00000040691	ENSPKIG00000017555	CD40LG
ENSP00000552171	ENSG00000140350	ANP32A	ENSPKIP00000039632	ENSPKIG00000016897	
ENSP00000331342	ENSG00000156675	RAB11FIP1	ENSPKIP00000023617	ENSPKIG00000007173	
ENSP00000000412	ENSG00000003056	M6PR	ENSPKIP00000003061	ENSPKIG00000020721	m6pr
ENSP00000499466	ENSG00000102309	PIN4	ENSPKIP00000005537	ENSPKIG00000022178	pin4
ENSP00000367644	ENSG00000132623	ANKEF1	ENSPKIP00000005414	ENSPKIG00000022097	ankef1a
ENSP00000574202	ENSG00000167130	DOLPP1	ENSPKIP00000010421	ENSPKIG00000025145	dolpp1
ENSP00000369335	ENSG00000134452	FBH1	ENSPKIP00000011073	ENSPKIG00000025529	fbxo18
ENSP00000355195	ENSG00000198881	ASB12	ENSPKIP00000001778	ENSPKIG00000019933	asb12b
ENSP00000339390	ENSG00000124215	CDH26	ENSPKIP00000010918	ENSPKIG00000025447	cdh26.1
ENSP00000311997	ENSG00000100285	NEFH	ENSPKIP00000039826	ENSPKIG00000016971	
ENSP00000257895	ENSG00000135437	RDH5	ENSPKIP00000009810	ENSPKIG00000024770	rdh5
ENSP00000472116	ENSG00000161677	JOSD2	ENSPKIP00000032225	ENSPKIG00000012398	josd2
ENSP00000340299	ENSG00000159714	ZDHHC1	ENSPKIP00000003659	ENSPKIG00000021072	zdhhc1
ENSP00000795862	ENSG00000168734	PKIG	ENSPKIP00000030858	ENSPKIG00000011567	pkig
ENSP00000795071	ENSG00000137103	TMEM8B	ENSPKIP00000029779	ENSPKIG00000010830	si:ch73-337l15.1
ENSP00000446101	ENSG00000185306	C12orf56	ENSPKIP00000026958	ENSPKIG00000009215	si:ch211-258f14.2
ENSP00000372817	ENSG00000206342	WHR1	ENSPKIP00000037140	ENSPKIG00000015444	whr1
ENSP00000566555	ENSG00000111252	SH2B3	ENSPKIP00000007047	ENSPKIG00000023098	sh2b3
ENSP00000432807	ENSG00000177700	POLR2L	ENSPKIP00000041408	ENSPKIG00000017973	polr2l
ENSP00000782971	ENSG00000140391	TSPAN3	ENSPKIP00000025903	ENSPKIG00000008584	tspan3b
ENSP00000554156	ENSG00000150316	CWC15	ENSPKIP00000001926	ENSPKIG00000020021	cwc15
ENSP00000558340	ENSG00000257017	HP	ENSPKIP00000026571	ENSPKIG00000009000	hp
ENSP00000304987	ENSG00000170819	BFSP2	ENSPKIP00000018450	ENSPKIG00000004002	bfsp2
ENSP00000340409	ENSG00000166311	SMPD1	ENSPKIP00000033528	ENSPKIG00000013212	smpd1
ENSP00000361302	ENSG00000130714	POMT1	ENSPKIP00000000210	ENSPKIG00000018915	pomt1
ENSP00000349359	ENSG00000122122	SASH3	ENSPKIP00000019363	ENSPKIG00000004567	sash3
ENSP00000722937	ENSG00000185442	FAM174B	ENSPKIP00000012772	ENSPKIG00000000461	fam174b
ENSP00000064724	ENSG00000013297	CLDN11	ENSPKIP00000002883	ENSPKIG00000020606	cldn11a
ENSP00000440396	ENSG00000168876	ANKRD49	ENSPKIP00000005902	ENSPKIG00000022399	ankrd49
ENSP00000369465	ENSG00000086712	TXLNG	ENSPKIP00000005215	ENSPKIG00000021985	txlng
ENSP00000446734	ENSG00000139644	TMBIM6	ENSPKIP00000015876	ENSPKIG00000002418	tmbim6
ENSP00000494410	ENSG00000105321	CCDC9	ENSPKIP00000023487	ENSPKIG00000007100	ccdc9
ENSP00000504268	ENSG00000163945	UVSSA	ENSPKIP00000022191	ENSPKIG00000006302	uvssa
ENSP00000404705	ENSG00000177694	NAALADL2	ENSPKIP00000007222	ENSPKIG00000023179	NAALADL2
ENSP00000312244	ENSG00000005302	MSL3	ENSPKIP00000031017	ENSPKIG00000011664	
ENSP00000275525	ENSG00000146678	IGFBP1	ENSPKIP00000018475	ENSPKIG00000004028	igfbp1b
ENSP00000328596	ENSG00000184302	SIX6	ENSPKIP00000001413	ENSPKIG00000019724	six6b
ENSP00000496601	ENSG00000172264	MACROD2	ENSPKIP00000009392	ENSPKIG00000024518	MACROD2
ENSP00000478993	ENSG00000179600	GPHB5	ENSPKIP00000011556	ENSPKIG00000018593	gphb5
ENSP00000497923	ENSG00000162244	RPL29	ENSPKIP00000010282	ENSPKIG00000025048	rpl29
ENSP00000371318	ENSG00000125895	TMEM74B	ENSPKIP00000021325	ENSPKIG00000005780	tmem74b
ENSP00000791068	ENSG00000254858	MPV17L2	ENSPKIP00000030466	ENSPKIG00000011299	mpv17l2
ENSP00000795755	ENSG00000181035	SLC25A42	ENSPKIP00000028666	ENSPKIG00000010200	slc25a42
ENSP00000335371	ENSG00000168538	TRAPPC11	ENSPKIP00000007205	ENSPKIG00000023190	trappc11
ENSP00000375024	ENSG00000211955	IGHV3-33	ENSPKIP00000018122	ENSPKIG00000003789	
ENSP00000359956	ENSG00000012660	ELOVL5	ENSPKIP00000037540	ENSPKIG00000015687	ELOVL5
ENSP00000523479	ENSG00000100296	THOC5	ENSPKIP00000009787	ENSPKIG00000024752	thoc5
ENSP00000490402	ENSG00000103264	FBXO31	ENSPKIP00000035974	ENSPKIG00000014710	fbxo31
ENSP00000520479	ENSG00000182150	ERCC6L2	ENSPKIP00000039460	ENSPKIG00000016799	ercc6l2
ENSP00000323280	ENSG00000013725	CD6	ENSPKIP00000019375	ENSPKIG00000004573	
ENSP00000311827	ENSG00000174579	MSL2	ENSPKIP00000004057	ENSPKIG00000021313	MSL2
ENSP00000363129	ENSG00000124562	SNRPC	ENSPKIP00000014695	ENSPKIG00000001671	SNRPC
ENSP00000604310	ENSG00000006712	PAF1	ENSPKIP00000004695	ENSPKIG00000021679	paf1
ENSP00000424765	ENSG00000114019	AMOTL2	ENSPKIP00000017423	ENSPKIG00000003349	amotl2a
ENSP00000579499	ENSG00000029639	TFB1M	ENSPKIP00000003749	ENSPKIG00000021117	tfb1m
ENSP00000541410	ENSG00000108179	PPIF	ENSPKIP00000025726	ENSPKIG00000008492	PPIF
ENSP00000439781	ENSG00000184828	ZBTB7C	ENSPKIP00000030282	ENSPKIG00000011207	ZBTB7C
ENSP00000589181	ENSG00000166508	MCM7	ENSPKIP00000016277	ENSPKIG00000002659	MCM7
ENSP00000464145	ENSG00000266524	GDF10	ENSPKIP00000039175	ENSPKIG00000016639	gdf10a
ENSP00000606558	ENSG00000167202	TBC1D2B	ENSPKIP00000013256	ENSPKIG00000000735	tbc1d2b
ENSP00000427108	ENSG00000168564	CDKN2AIP	ENSPKIP00000038443	ENSPKIG00000016219	cdkn2aip
ENSP00000495972	ENSG00000124479	NDP	ENSPKIP00000019353	ENSPKIG00000004561	
ENSP00000492260	ENSG00000121897	LIAS	ENSPKIP00000019641	ENSPKIG00000004572	LIAS
ENSP00000553031	ENSG00000105559	PLEKHA4	ENSPKIP00000018751	ENSPKIG00000004199	
ENSP00000712748	ENSG00000141425	RPRD1A	ENSPKIP00000004972	ENSPKIG00000021840	rprd1a
ENSP00000565154	ENSG00000088682	COQ9	ENSPKIP00000034153	ENSPKIG00000013593	coq9
ENSP00000341342	ENSG00000172578	KLHL6	ENSPKIP00000036185	ENSPKIG00000014846	KLHL6
ENSP00000510696	ENSG00000174010	KLHL15	ENSPKIP00000010511	ENSPKIG00000025208	klhl15
ENSP00000529425	ENSG00000123453	SARDH	ENSPKIP00000004161	ENSPKIG00000021365	sardh
ENSP00000404318	ENSG00000231135	MDC1	ENSPKIP00000014968	ENSPKIG00000001837	
ENSP00000446309	ENSG00000255569	TRAV1-1	ENSPKIP00000000562	ENSPKIG00000019179	
ENSP00000438195	ENSG00000211776	TRAV2	ENSPKIP00000000292	ENSPKIG00000019021	
ENSP00000497482	ENSG00000254656	RTL1	ENSPKIP00000028094	ENSPKIG00000009885	
ENSP00000258829	ENSG00000136327	NKX2-8	ENSPKIP00000027960	ENSPKIG00000009796	NKX2-8
ENSP00000695722	ENSG00000103174	NAGPA	ENSPKIP00000014344	ENSPKIG00000001439	nagpa
ENSP00000421322	ENSG00000145416	MARCHF1	ENSPKIP00000001525	ENSPKIG00000019778	MARCHF1
ENSP00000532461	ENSG00000085872	CHERP	ENSPKIP00000012732	ENSPKIG00000000423	cherp
ENSP00000599173	ENSG00000101850	GPR143	ENSPKIP00000031515	ENSPKIG00000011965	gpr143
ENSP00000440440	ENSG00000171681	ATF7IP	ENSPKIP00000023548	ENSPKIG00000007136	atf7ip
ENSP00000436644	ENSG00000175376	EIF1AD	ENSPKIP00000010400	ENSPKIG00000025136	eif1ad
ENSP00000427463	ENSG00000129128	SPCS3	ENSPKIP00000013832	ENSPKIG00000001115	spcs3
ENSP00000253413	ENSG00000131100	ATP6V1E1	ENSPKIP00000040829	ENSPKIG00000017631	atp6v1e1a
ENSP00000625355	ENSG00000104219	ZDHHC2	ENSPKIP00000021871	ENSPKIG00000006088	zdhhc2
ENSP00000482133	ENSG00000258644	SYNJ2BP-COX16	ENSPKIP00000015365	ENSPKIG00000002119	synj2bp
ENSP00000262848	ENSG00000183943	PRKX	ENSPKIP00000029253	ENSPKIG00000010569	prkx
ENSP00000566554	ENSG00000005981	ASB4	ENSPKIP00000014690	ENSPKIG00000001670	asb4
ENSP00000306523	ENSG00000168348	INSM2	ENSPKIP00000028132	ENSPKIG00000009894	insm2
ENSP00000268483	ENSG00000140830	TXNL4B	ENSPKIP00000009924	ENSPKIG00000024832	txnl4b
ENSP00000308820	ENSG00000166405	RIC3	ENSPKIP00000007627	ENSPKIG00000023448	ric3a
ENSP00000333262	ENSG00000185133	INPP5J	ENSPKIP00000040857	ENSPKIG00000017651	inpp5jb
ENSP00000496347	ENSG00000167210	LOXHD1	ENSPKIP00000002251	ENSPKIG00000020216	loxhd1a
ENSP00000497480	ENSG00000142235	LMTK3	ENSPKIP00000031372	ENSPKIG00000011879	lmtk3
ENSP00000483825	ENSG00000269335	IKBKG	ENSPKIP00000009080	ENSPKIG00000024299	ikbkg
ENSP00000438446	ENSG00000211783	TRAV9-1	ENSPKIP00000009205	ENSPKIG00000024407	
ENSP00000622200	ENSG00000137764	MAP2K5	ENSPKIP00000038049	ENSPKIG00000015970	map2k5
ENSP00000654761	ENSG00000110921	MVK	ENSPKIP00000010169	ENSPKIG00000024989	mvk
ENSP00000437362	ENSG00000211789	TRAV12-2	ENSPKIP00000000432	ENSPKIG00000019105	
ENSP00000445942	ENSG00000211790	TRAV8-4	ENSPKIP00000001008	ENSPKIG00000019459	
ENSP00000452087	ENSG00000211797	TRAV17	ENSPKIP00000001070	ENSPKIG00000019497	
ENSP00000451574	ENSG00000211798	TRAV18	ENSPKIP00000009227	ENSPKIG00000024421	
ENSP00000452148	ENSG00000211799	TRAV19	ENSPKIP00000001100	ENSPKIG00000019522	
ENSP00000452111	ENSG00000211804	TRDV1	ENSPKIP00000000640	ENSPKIG00000019225	
ENSP00000452100	ENSG00000211806	TRAV25	ENSPKIP00000001052	ENSPKIG00000019489	tradv14.0
ENSP00000452431	ENSG00000211807	TRAV26-1	ENSPKIP00000033223	ENSPKIG00000013012	
ENSP00000450804	ENSG00000211815	TRAV36DV7	ENSPKIP00000009168	ENSPKIG00000024377	
ENSP00000452332	ENSG00000211817	TRAV38-2DV8	ENSPKIP00000000816	ENSPKIG00000019341	
ENSP00000281031	ENSG00000151366	NDUFC2	ENSPKIP00000036503	ENSPKIG00000015053	ndufc2
ENSP00000598835	ENSG00000103061	SLC7A6OS	ENSPKIP00000017907	ENSPKIG00000003646	slc7a6os
ENSP00000490253	ENSG00000211899	IGHM	ENSPKIP00000034931	ENSPKIG00000014068	
ENSP00000567783	ENSG00000141452	RMC1	ENSPKIP00000041860	ENSPKIG00000018216	rmc1
ENSP00000613198	ENSG00000149591	TAGLN	ENSPKIP00000026391	ENSPKIG00000008895	tagln
ENSP00000565810	ENSG00000144810	COL8A1	ENSPKIP00000002828	ENSPKIG00000020574	col8a1b
ENSP00000455329	ENSG00000257341		ENSPKIP00000023515	ENSPKIG00000007047	crip1
ENSP00000548780	ENSG00000167965	MLST8	ENSPKIP00000015037	ENSPKIG00000001882	mlst8
ENSP00000374265	ENSG00000176153	GPX2	ENSPKIP00000014423	ENSPKIG00000001466	GPX2
ENSP00000521430	ENSG00000197818	SLC9A8	ENSPKIP00000020899	ENSPKIG00000005514	slc9a8
ENSP00000432696	ENSG00000181619	GPR135	ENSPKIP00000040405	ENSPKIG00000017387	gpr135
ENSP00000261980	ENSG00000119614	VSX2	ENSPKIP00000018083	ENSPKIG00000003775	vsx2
ENSP00000487136	ENSG00000154814	OXNAD1	ENSPKIP00000032423	ENSPKIG00000012530	oxnad1
ENSP00000369080	ENSG00000101222	SPEF1	ENSPKIP00000040486	ENSPKIG00000017438	spef1
ENSP00000779480	ENSG00000134440	NARS1	ENSPKIP00000009365	ENSPKIG00000024492	nars1
ENSP00000221486	ENSG00000104889	RNASEH2A	ENSPKIP00000027898	ENSPKIG00000009756	rnaseh2a
ENSP00000318914	ENSG00000176903	PNMA1	ENSPKIP00000001819	ENSPKIG00000019961	
ENSP00000363972	ENSG00000126970	ZC4H2	ENSPKIP00000033192	ENSPKIG00000012983	ZC4H2
ENSP00000220676	ENSG00000104237	RP1	ENSPKIP00000029897	ENSPKIG00000010939	
ENSP00000519600	ENSG00000118046	STK11	ENSPKIP00000029484	ENSPKIG00000010702	stk11
ENSP00000391826	ENSG00000167244	IGF2	ENSPKIP00000013850	ENSPKIG00000001127	igf2b
ENSP00000455434	ENSG00000227729	RD3L	ENSPKIP00000041127	ENSPKIG00000017804	RD3L
ENSP00000229379	ENSG00000111775	COX6A1	ENSPKIP00000010465	ENSPKIG00000025180	cox6a1
ENSP00000262032	ENSG00000123411	IKZF4	ENSPKIP00000024178	ENSPKIG00000007533	IKZF4
ENSP00000503309	ENSG00000258643	BCL2L2-PABPN1	ENSPKIP00000025159	ENSPKIG00000008144	
ENSP00000216923	ENSG00000020256	ZFP64	ENSPKIP00000023489	ENSPKIG00000007097	zfp64
ENSP00000684339	ENSG00000122786	CALD1	ENSPKIP00000029565	ENSPKIG00000010762	cald1b
ENSP00000793713	ENSG00000151176	PLBD2	ENSPKIP00000040076	ENSPKIG00000017176	plbd2
ENSP00000573748	ENSG00000128242	GAL3ST1	ENSPKIP00000009754	ENSPKIG00000024735	gal3st1a
ENSP00000542877	ENSG00000163827	LRRC2	ENSPKIP00000011721	ENSPKIG00000018701	LRRC2
ENSP00000427336	ENSG00000197406	DIO3	ENSPKIP00000013124	ENSPKIG00000000678	DIO3
ENSP00000385793	ENSG00000170619	COMMD5	ENSPKIP00000014224	ENSPKIG00000001371	commd5
ENSP00000640074	ENSG00000184368	MAP7D2	ENSPKIP00000000467	ENSPKIG00000019101	MAP7D2
ENSP00000501269	ENSG00000145335	SNCA	ENSPKIP00000022156	ENSPKIG00000006276	SNCA
ENSP00000376865	ENSG00000170962	PDGFD	ENSPKIP00000007780	ENSPKIG00000023533	pdgfd
ENSP00000519514	ENSG00000293569		ENSPKIP00000000653	ENSPKIG00000019228	
ENSP00000394049	ENSG00000155926	SLA	ENSPKIP00000002914	ENSPKIG00000020624	sla1a
ENSP00000668643	ENSG00000204653	ASPDH	ENSPKIP00000002885	ENSPKIG00000020604	aspdh
ENSP00000546844	ENSG00000054965	FAM168A	ENSPKIP00000008821	ENSPKIG00000024158	fam168a
ENSP00000255784	ENSG00000100147	CCDC134	ENSPKIP00000024467	ENSPKIG00000007715	ccdc134
ENSP00000362855	ENSG00000149636	DSN1	ENSPKIP00000035509	ENSPKIG00000014444	dsn1
ENSP00000605402	ENSG00000089009	RPL6	ENSPKIP00000014286	ENSPKIG00000001407	rpl6
ENSP00000480941	ENSG00000177576	C18orf32	ENSPKIP00000028336	ENSPKIG00000010022	C18orf32
ENSP00000436187	ENSG00000196323	ZBTB44	ENSPKIP00000000854	ENSPKIG00000019366	zbtb44
ENSP00000395535	ENSG00000169057	MECP2	ENSPKIP00000008532	ENSPKIG00000023979	mecp2
ENSP00000285407	ENSG00000155090	KLF10	ENSPKIP00000037937	ENSPKIG00000015931	
ENSP00000573538	ENSG00000100271	TTLL1	ENSPKIP00000039659	ENSPKIG00000016905	ttll1
ENSP00000406209	ENSG00000063245	EPN1	ENSPKIP00000014705	ENSPKIG00000001672	epn1a
ENSP00000624328	ENSG00000122490	SLC66A2	ENSPKIP00000016476	ENSPKIG00000002780	slc66a2
ENSP00000368253	ENSG00000169297	NR0B1	ENSPKIP00000032295	ENSPKIG00000012455	nr0b1
ENSP00000339090	ENSG00000134597	RBMX2	ENSPKIP00000025940	ENSPKIG00000008614	
ENSP00000227520	ENSG00000110104	CCDC86	ENSPKIP00000038927	ENSPKIG00000016503	ccdc86
ENSP00000799183	ENSG00000035720	STAP1	ENSPKIP00000033028	ENSPKIG00000012896	
ENSP00000319977	ENSG00000104419	NDRG1	ENSPKIP00000002818	ENSPKIG00000020564	ndrg1a
ENSP00000510180	ENSG00000149483	TMEM138	ENSPKIP00000011205	ENSPKIG00000018796	tmem138
ENSP00000311697	ENSG00000138675	FGF5	ENSPKIP00000000342	ENSPKIG00000019047	fgf5
ENSP00000507396	ENSG00000081307	UBA5	ENSPKIP00000040518	ENSPKIG00000017444	uba5
ENSP00000442858	ENSG00000167191	GPRC5B	ENSPKIP00000021000	ENSPKIG00000005570	gprc5ba
ENSP00000538765	ENSG00000122756	CNTFR	ENSPKIP00000007048	ENSPKIG00000023063	cntfr
ENSP00000626789	ENSG00000100242	SUN2	ENSPKIP00000019123	ENSPKIG00000004421	
ENSP00000304908	ENSG00000168454	TXNDC2	ENSPKIP00000038646	ENSPKIG00000016337	
ENSP00000268676	ENSG00000140995	DEF8	ENSPKIP00000001639	ENSPKIG00000019850	def8
ENSP00000607612	ENSG00000114857	NKTR	ENSPKIP00000030220	ENSPKIG00000011161	nktr
ENSP00000530146	ENSG00000177542	SLC25A22	ENSPKIP00000041713	ENSPKIG00000018150	slc25a22b
ENSP00000640796	ENSG00000168904	LRRC28	ENSPKIP00000033947	ENSPKIG00000013445	lrrc28
ENSP00000663993	ENSG00000141428	RMP24	ENSPKIP00000012916	ENSPKIG00000000539	rmp24
ENSP00000438273	ENSG00000181004	BBS12	ENSPKIP00000015598	ENSPKIG00000002258	bbs12
ENSP00000479735	ENSG00000108352	RAPGEFL1	ENSPKIP00000007150	ENSPKIG00000023164	rapgefl1
ENSP00000616544	ENSG00000169116	PARM1	ENSPKIP00000006016	ENSPKIG00000022469	
ENSP00000571002	ENSG00000147669	POLR2K	ENSPKIP00000021454	ENSPKIG00000005853	
ENSP00000600264	ENSG00000148334	PTGES2	ENSPKIP00000007887	ENSPKIG00000023618	PTGES2
ENSP00000548147	ENSG00000164039	BDH2	ENSPKIP00000029712	ENSPKIG00000010846	bdh2
ENSP00000620394	ENSG00000106631	MYL7	ENSPKIP00000014304	ENSPKIG00000001411	myl7
ENSP00000217173	ENSG00000185019	UBOX5	ENSPKIP00000000329	ENSPKIG00000019036	ubox5
ENSP00000402301	ENSG00000104341	LAPTM4B	ENSPKIP00000038405	ENSPKIG00000016191	LAPTM4B
ENSP00000594898	ENSG00000169750	RAC3	ENSPKIP00000025081	ENSPKIG00000008073	RAC3
ENSP00000552716	ENSG00000132823	OSER1	ENSPKIP00000007144	ENSPKIG00000023160	oser1
ENSP00000555148	ENSG00000139433	GLTP	ENSPKIP00000010122	ENSPKIG00000024961	gltpa
ENSP00000762497	ENSG00000172809	RPL38	ENSPKIP00000031327	ENSPKIG00000011849	rpl38
ENSP00000657621	ENSG00000070501	POLB	ENSPKIP00000014369	ENSPKIG00000001456	polb
ENSP00000498922	ENSG00000124299	PEPD	ENSPKIP00000002546	ENSPKIG00000020328	pepd
ENSP00000246229	ENSG00000126003	PLAGL2	ENSPKIP00000021598	ENSPKIG00000005933	
ENSP00000397881	ENSG00000232838	PET117	ENSPKIP00000003656	ENSPKIG00000021069	
ENSP00000767557	ENSG00000152240	HAUS1	ENSPKIP00000002524	ENSPKIG00000020381	haus1
ENSP00000360797	ENSG00000187796	CARD9	ENSPKIP00000001059	ENSPKIG00000019487	card9
ENSP00000386807	ENSG00000243449	NICOL1	ENSPKIP00000036990	ENSPKIG00000015352	nicol1
ENSP00000455100	ENSG00000167515	TRAPPC2L	ENSPKIP00000025515	ENSPKIG00000008361	trappc2l
ENSP00000221114	ENSG00000104671	DCTN6	ENSPKIP00000019873	ENSPKIG00000004859	DCTN6
ENSP00000578546	ENSG00000111581	NUP107	ENSPKIP00000006049	ENSPKIG00000022464	nup107
ENSP00000698784	ENSG00000107954	NEURL1	ENSPKIP00000013109	ENSPKIG00000000663	neurl1aa
ENSP00000439694	ENSG00000011347	SYT7	ENSPKIP00000041633	ENSPKIG00000018110	syt7a
ENSP00000239032	ENSG00000119973	PRLHR	ENSPKIP00000023650	ENSPKIG00000007198	
ENSP00000519678	ENSG00000141510	TP53	ENSPKIP00000014805	ENSPKIG00000001744	tp53
ENSP00000339404	ENSG00000138303	ASCC1	ENSPKIP00000024226	ENSPKIG00000007571	ascc1
ENSP00000538264	ENSG00000129636	ITFG1	ENSPKIP00000020277	ENSPKIG00000005115	itfg1
ENSP00000562428	ENSG00000100116	GCAT	ENSPKIP00000022776	ENSPKIG00000006643	gcat
ENSP00000641110	ENSG00000101558	VAPA	ENSPKIP00000026453	ENSPKIG00000008933	vapal
ENSP00000782220	ENSG00000100979	PLTP	ENSPKIP00000016921	ENSPKIG00000003047	pltp
ENSP00000218340	ENSG00000102218	RP2	ENSPKIP00000006292	ENSPKIG00000022632	rp2
ENSP00000361458	ENSG00000157514	TSC22D3	ENSPKIP00000005849	ENSPKIG00000022357	TSC22D3
ENSP00000416154	ENSG00000233493	TMEM238	ENSPKIP00000014947	ENSPKIG00000001829	tmem238a
ENSP00000307604	ENSG00000168795	ZBTB5	ENSPKIP00000017751	ENSPKIG00000003547	ZBTB5
ENSP00000512565	ENSG00000180264	ADGRD2	ENSPKIP00000008757	ENSPKIG00000024114	adgrd2
ENSP00000655075	ENSG00000148057	IDNK	ENSPKIP00000004512	ENSPKIG00000021583	IDNK
ENSP00000524853	ENSG00000197977	ELOVL2	ENSPKIP00000023756	ENSPKIG00000007247	ELOVL2
ENSP00000339186	ENSG00000100351	GRAP2	ENSPKIP00000034236	ENSPKIG00000013637	GRAP2
ENSP00000278572	ENSG00000149273	RPS3	ENSPKIP00000008644	ENSPKIG00000024046	rps3
ENSP00000774282	ENSG00000187094	CCK	ENSPKIP00000031734	ENSPKIG00000012107	ccka
ENSP00000545499	ENSG00000168216	LMBRD1	ENSPKIP00000019241	ENSPKIG00000004465	lmbrd1
ENSP00000635581	ENSG00000128059	PPAT	ENSPKIP00000026184	ENSPKIG00000008752	ppat
ENSP00000419158	ENSG00000122705	CLTA	ENSPKIP00000011331	ENSPKIG00000018476	CLTA
ENSP00000669390	ENSG00000132819	RBM38	ENSPKIP00000010875	ENSPKIG00000025417	RBM38
ENSP00000216068	ENSG00000100246	DNAL4	ENSPKIP00000018572	ENSPKIG00000004101	dnal4b
ENSP00000410769	ENSG00000169714	CNBP	ENSPKIP00000009518	ENSPKIG00000024603	cnbpb
ENSP00000337889	ENSG00000123933	MXD4	ENSPKIP00000040227	ENSPKIG00000017270	mxd4
ENSP00000613279	ENSG00000100347	SAMM50	ENSPKIP00000039751	ENSPKIG00000016977	samm50
ENSP00000620857	ENSG00000198363	ASPH	ENSPKIP00000027573	ENSPKIG00000009579	unm_hu7910
ENSP00000548995	ENSG00000107341	UBE2R2	ENSPKIP00000000529	ENSPKIG00000019159	ube2r2
ENSP00000472097	ENSG00000130724	CHMP2A	ENSPKIP00000025198	ENSPKIG00000008158	chmp2a
ENSP00000297990	ENSG00000165271	NOL6	ENSPKIP00000030639	ENSPKIG00000011418	nol6
ENSP00000368102	ENSG00000151468	CCDC3	ENSPKIP00000025253	ENSPKIG00000008193	ccdc3a
ENSP00000791184	ENSG00000118271	TTR	ENSPKIP00000017776	ENSPKIG00000003564	ttr
ENSP00000340644	ENSG00000167014	TERB2	ENSPKIP00000005704	ENSPKIG00000022267	TERB2
ENSP00000229002	ENSG00000111404	RERGL	ENSPKIP00000012741	ENSPKIG00000000440	rergla
ENSP00000495988	ENSG00000233932	CTXN2	ENSPKIP00000042078	ENSPKIG00000018419	CTXN2
ENSP00000362946	ENSG00000119396	RAB14	ENSPKIP00000023187	ENSPKIG00000006906	rab14
ENSP00000490816	ENSG00000240891	PLCXD2	ENSPKIP00000001038	ENSPKIG00000019482	plcxd2
ENSP00000244241	ENSG00000124391	IL17C	ENSPKIP00000017888	ENSPKIG00000003637	IL17C
ENSP00000557886	ENSG00000047932	GOPC	ENSPKIP00000035277	ENSPKIG00000014301	gopc
ENSP00000542709	ENSG00000101265	RASSF2	ENSPKIP00000013285	ENSPKIG00000000756	rassf2a
ENSP00000418803	ENSG00000113845	TIMMDC1	ENSPKIP00000025371	ENSPKIG00000008274	timmdc1
ENSP00000332528	ENSG00000183034	OTOP2	ENSPKIP00000013198	ENSPKIG00000000714	otop2
ENSP00000595368	ENSG00000244486	SCARF2	ENSPKIP00000032237	ENSPKIG00000012399	SCARF2
ENSP00000604735	ENSG00000136051	WASHC4	ENSPKIP00000039690	ENSPKIG00000016920	washc4
ENSP00000387261	ENSG00000152229	PSTPIP2	ENSPKIP00000002811	ENSPKIG00000020526	pstpip2
ENSP00000023939	ENSG00000022277	RTF2	ENSPKIP00000039360	ENSPKIG00000016746	rtf2
ENSP00000598284	ENSG00000182899	RPL35A	ENSPKIP00000035234	ENSPKIG00000014264	rpl35a
ENSP00000552088	ENSG00000154889	MPPE1	ENSPKIP00000025561	ENSPKIG00000008384	mppe1
ENSP00000378050	ENSG00000149743	TRPT1	ENSPKIP00000025453	ENSPKIG00000008323	trpt1
ENSP00000403802	ENSG00000147912	FBXO10	ENSPKIP00000032856	ENSPKIG00000012742	fbxo10
ENSP00000408292	ENSG00000119401	TRIM32	ENSPKIP00000021166	ENSPKIG00000005679	trim32
ENSP00000635293	ENSG00000148175	STOM	ENSPKIP00000018379	ENSPKIG00000003959	STOM
ENSP00000593661	ENSG00000007264	MATK	ENSPKIP00000028841	ENSPKIG00000010328	matk
ENSP00000377748	ENSG00000170854	RIOX2	ENSPKIP00000015522	ENSPKIG00000002219	riox2
ENSP00000347184	ENSG00000197386	HTT	ENSPKIP00000012279	ENSPKIG00000000098	htt
ENSP00000482287	ENSG00000188394	GPR21	ENSPKIP00000020349	ENSPKIG00000005167	GPR21
ENSP00000345849	ENSG00000106304	SPAM1	ENSPKIP00000031056	ENSPKIG00000011661	spam1
ENSP00000500249	ENSG00000123505	AMD1	ENSPKIP00000001153	ENSPKIG00000019547	amd1
ENSP00000454268	ENSG00000186367	MINAR2	ENSPKIP00000003800	ENSPKIG00000021141	minar2
ENSP00000366190	ENSG00000175550	DRAP1	ENSPKIP00000001237	ENSPKIG00000019601	drap1
ENSP00000618862	ENSG00000125871	MGME1	ENSPKIP00000003623	ENSPKIG00000021047	MGME1
ENSP00000630793	ENSG00000160445	ZER1	ENSPKIP00000036102	ENSPKIG00000014741	zer1
ENSP00000312734	ENSG00000166128	RAB8B	ENSPKIP00000013623	ENSPKIG00000000981	rab8b
ENSP00000397679	ENSG00000111405	ENDOU	ENSPKIP00000025716	ENSPKIG00000008467	endou
ENSP00000266736	ENSG00000139344	AMDHD1	ENSPKIP00000005074	ENSPKIG00000021895	amdhd1
ENSP00000526056	ENSG00000071462	BUD23	ENSPKIP00000034747	ENSPKIG00000013949	bud23
ENSP00000606161	ENSG00000169087	HSPBAP1	ENSPKIP00000002181	ENSPKIG00000020178	hspbap1
ENSP00000490412	ENSG00000250673	REELD1	ENSPKIP00000038423	ENSPKIG00000016205	REELD1
ENSP00000596110	ENSG00000123545	NDUFAF4	ENSPKIP00000011210	ENSPKIG00000018806	ndufaf4
ENSP00000308461	ENSG00000172602	RND1	ENSPKIP00000008727	ENSPKIG00000024099	rnd1b
ENSP00000456838	ENSG00000196123	MATCAP1	ENSPKIP00000020421	ENSPKIG00000005210	kiaa0895l
ENSP00000715885	ENSG00000100304	TTLL12	ENSPKIP00000001043	ENSPKIG00000019466	ttll12
ENSP00000504134	ENSG00000135392	DNAJC14	ENSPKIP00000018297	ENSPKIG00000003910	dnajc14
ENSP00000377814	ENSG00000184508	HDDC3	ENSPKIP00000039211	ENSPKIG00000016651	hddc3
ENSP00000367965	ENSG00000198944	SOWAHA	ENSPKIP00000009184	ENSPKIG00000024393	SOWAHA
ENSP00000591065	ENSG00000137404	NRM	ENSPKIP00000030673	ENSPKIG00000011453	nrm
ENSP00000549598	ENSG00000126767	ELK1	ENSPKIP00000007522	ENSPKIG00000023382	elk1
ENSP00000296776	ENSG00000164325	TMEM174	ENSPKIP00000001270	ENSPKIG00000019625	tmem174
ENSP00000799213	ENSG00000102931	ARL2BP	ENSPKIP00000016012	ENSPKIG00000002514	arl2bp
ENSP00000641556	ENSG00000130813	SHFL	ENSPKIP00000036580	ENSPKIG00000015097	shfl
ENSP00000568056	ENSG00000119125	GDA	ENSPKIP00000013397	ENSPKIG00000000854	gda
ENSP00000230582	ENSG00000112812	PRSS16	ENSPKIP00000025576	ENSPKIG00000008400	
ENSP00000215727	ENSG00000099937	SERPIND1	ENSPKIP00000015454	ENSPKIG00000002156	serpind1
ENSP00000457241	ENSG00000102904	TSNAXIP1	ENSPKIP00000014020	ENSPKIG00000001236	
ENSP00000268125	ENSG00000140522	RLBP1	ENSPKIP00000036864	ENSPKIG00000015226	rlbp1b
ENSP00000442653	ENSG00000165195	PIGA	ENSPKIP00000004098	ENSPKIG00000021344	piga
ENSP00000483356	ENSG00000128408	RIBC2	ENSPKIP00000040587	ENSPKIG00000017486	ribc2
ENSP00000316244	ENSG00000178394	HTR1A	ENSPKIP00000039970	ENSPKIG00000017120	
ENSP00000507956	ENSG00000168137	SETD5	ENSPKIP00000011387	ENSPKIG00000018499	setd5
ENSP00000508095	ENSG00000188659	SAXO2	ENSPKIP00000011664	ENSPKIG00000018629	saxo2
ENSP00000384587	ENSG00000128272	ATF4	ENSPKIP00000019346	ENSPKIG00000004556	ATF4
ENSP00000371278	ENSG00000106993	CDC37L1	ENSPKIP00000003652	ENSPKIG00000021068	cdc37l1
ENSP00000667081	ENSG00000048544	MRPS10	ENSPKIP00000022927	ENSPKIG00000006748	mrps10
ENSP00000328016	ENSG00000183578	TNFAIP8L3	ENSPKIP00000041528	ENSPKIG00000018056	tnfaip8l3
ENSP00000513850	ENSG00000015285	WAS	ENSPKIP00000030202	ENSPKIG00000011135	wasa
ENSP00000320209	ENSG00000176194	CIDEA	ENSPKIP00000028850	ENSPKIG00000010331	cidea
ENSP00000288840	ENSG00000137834	SMAD6	ENSPKIP00000037684	ENSPKIG00000015767	smad6b
ENSP00000370568	ENSG00000138944	SHISAL1	ENSPKIP00000005809	ENSPKIG00000022343	SHISAL1
ENSP00000451261	ENSG00000198833	UBE2J1	ENSPKIP00000041719	ENSPKIG00000018161	ube2j1
ENSP00000788636	ENSG00000130638	ATXN10	ENSPKIP00000005362	ENSPKIG00000022036	atxn10
ENSP00000269919	ENSG00000130517	PGPEP1	ENSPKIP00000021911	ENSPKIG00000006118	PGPEP1
ENSP00000795114	ENSG00000099810	MTAP	ENSPKIP00000031119	ENSPKIG00000011717	MTAP
ENSP00000274813	ENSG00000146085	MMUT	ENSPKIP00000018551	ENSPKIG00000004069	mmut
ENSP00000258884	ENSG00000136379	ABHD17C	ENSPKIP00000037399	ENSPKIG00000015596	abhd17ab
ENSP00000326706	ENSG00000241839	PLEKHO2	ENSPKIP00000002854	ENSPKIG00000020587	
ENSP00000494310	ENSG00000147138	GPR174	ENSPKIP00000035263	ENSPKIG00000014290	
ENSP00000445366	ENSG00000256453	DND1	ENSPKIP00000003038	ENSPKIG00000020709	dnd1
ENSP00000261593	ENSG00000134758	RNF138	ENSPKIP00000017940	ENSPKIG00000003672	RNF138
ENSP00000495483	ENSG00000109323	MANBA	ENSPKIP00000038965	ENSPKIG00000016493	manba
ENSP00000543894	ENSG00000175220	ARHGAP1	ENSPKIP00000016787	ENSPKIG00000002970	arhgap1
ENSP00000527304	ENSG00000136273	HUS1	ENSPKIP00000014645	ENSPKIG00000001641	zgc:162895
ENSP00000573903	ENSG00000141655	TNFRSF11A	ENSPKIP00000022849	ENSPKIG00000006703	tnfrsf11a
ENSP00000481581	ENSG00000251493	FOXD1	ENSPKIP00000001249	ENSPKIG00000019613	foxd1
ENSP00000305372	ENSG00000169252	ADRB2	ENSPKIP00000022677	ENSPKIG00000006595	ADRB2
ENSP00000222256	ENSG00000105649	RAB3A	ENSPKIP00000022061	ENSPKIG00000006212	rab3ab
ENSP00000390722	ENSG00000100372	SLC25A17	ENSPKIP00000037097	ENSPKIG00000015399	
ENSP00000735710	ENSG00000118420	UBE3D	ENSPKIP00000006429	ENSPKIG00000022716	ube3d
ENSP00000681782	ENSG00000101546	RBFA	ENSPKIP00000004082	ENSPKIG00000021329	rbfa
ENSP00000595621	ENSG00000077312	SNRPA	ENSPKIP00000030890	ENSPKIG00000011587	snrpa
ENSP00000385478	ENSG00000214960	CRPPA	ENSPKIP00000031405	ENSPKIG00000011906	crppa
ENSP00000544245	ENSG00000140795	MYLK3	ENSPKIP00000019786	ENSPKIG00000004825	mylk3
ENSP00000256015	ENSG00000133639	BTG1	ENSPKIP00000020181	ENSPKIG00000005055	btg1
ENSP00000592773	ENSG00000046651	OFD1	ENSPKIP00000002313	ENSPKIG00000020235	ofd1
ENSP00000480474	ENSG00000082293	COL19A1	ENSPKIP00000019355	ENSPKIG00000004551	
ENSP00000618459	ENSG00000005007	UPF1	ENSPKIP00000021830	ENSPKIG00000006069	upf1
ENSP00000585510	ENSG00000184164	CRELD2	ENSPKIP00000036200	ENSPKIG00000014813	creld2
ENSP00000456165	ENSG00000079616	KIF22	ENSPKIP00000041999	ENSPKIG00000018408	kif22
ENSP00000588174	ENSG00000028203	VEZT	ENSPKIP00000036692	ENSPKIG00000015020	vezt
ENSP00000308733	ENSG00000173250	GPR151	ENSPKIP00000016177	ENSPKIG00000002624	GPR151
ENSP00000357297	ENSG00000118518	RNF146	ENSPKIP00000005842	ENSPKIG00000022360	rnf146
ENSP00000499082	ENSG00000109846	CRYAB	ENSPKIP00000026890	ENSPKIG00000009184	cryaba
ENSP00000408393	ENSG00000165688	PMPCA	ENSPKIP00000036040	ENSPKIG00000014739	pmpca
ENSP00000605739	ENSG00000176769	TCERG1L	ENSPKIP00000041135	ENSPKIG00000017805	tcerg1l
ENSP00000306407	ENSG00000003249	DBNDD1	ENSPKIP00000001542	ENSPKIG00000019788	DBNDD1
ENSP00000360250	ENSG00000138185	ENTPD1	ENSPKIP00000027998	ENSPKIG00000009821	entpd1
ENSP00000312709	ENSG00000178913	TAF7	ENSPKIP00000014046	ENSPKIG00000001246	taf7
ENSP00000672620	ENSG00000105135	HACL2	ENSPKIP00000037846	ENSPKIG00000015870	ilvbl
ENSP00000567119	ENSG00000152404	CWF19L2	ENSPKIP00000007920	ENSPKIG00000023622	cwf19l2
ENSP00000560639	ENSG00000162032	SPSB3	ENSPKIP00000025755	ENSPKIG00000008502	spsb3a
ENSP00000335651	ENSG00000186628	FSD2	ENSPKIP00000001351	ENSPKIG00000019682	FSD2
ENSP00000632443	ENSG00000085415	SEH1L	ENSPKIP00000012297	ENSPKIG00000000143	seh1l
ENSP00000521885	ENSG00000148824	MTG1	ENSPKIP00000040139	ENSPKIG00000017218	mtg1
ENSP00000302814	ENSG00000171540	OTP	ENSPKIP00000030230	ENSPKIG00000011167	OTP
ENSP00000283357	ENSG00000153347	FAM81B	ENSPKIP00000031341	ENSPKIG00000011858	fam81b
ENSP00000638678	ENSG00000156958	GALK2	ENSPKIP00000000072	ENSPKIG00000018866	galk2
ENSP00000317580	ENSG00000181965	NEUROG1	ENSPKIP00000012648	ENSPKIG00000000377	NEUROG1
ENSP00000500598	ENSG00000171885	AQP4	ENSPKIP00000039639	ENSPKIG00000016924	aqp4
ENSP00000625306	ENSG00000128595	CALU	ENSPKIP00000007366	ENSPKIG00000023282	CALU
ENSP00000358374	ENSG00000139218	SCAF11	ENSPKIP00000015620	ENSPKIG00000002269	scaf11
ENSP00000507795	ENSG00000114654	EFCC1	ENSPKIP00000009409	ENSPKIG00000024532	efcc1
ENSP00000786487	ENSG00000107949	BCCIP	ENSPKIP00000018222	ENSPKIG00000003838	bccip
ENSP00000362824	ENSG00000147162	OGT	ENSPKIP00000035446	ENSPKIG00000014362	ogt.1
ENSP00000616741	ENSG00000128789	PSMG2	ENSPKIP00000012381	ENSPKIG00000000197	psmg2
ENSP00000393324	ENSG00000163412	EIF4E3	ENSPKIP00000009436	ENSPKIG00000024547	eif4e3
ENSP00000430774	ENSG00000272772		ENSPKIP00000019570	ENSPKIG00000004682	skp1
ENSP00000259339	ENSG00000136816	TOR1B	ENSPKIP00000009614	ENSPKIG00000024662	tor1
ENSP00000794513	ENSG00000241360	PDXP	ENSPKIP00000000041	ENSPKIG00000018858	pdxp
ENSP00000216024	ENSG00000100206	DMC1	ENSPKIP00000024753	ENSPKIG00000007878	dmc1
ENSP00000377372	ENSG00000172020	GAP43	ENSPKIP00000019000	ENSPKIG00000004350	gap43
ENSP00000593912	ENSG00000170653	ATF7	ENSPKIP00000039446	ENSPKIG00000016778	atf7a
ENSP00000335463	ENSG00000137812	KNL1	ENSPKIP00000017105	ENSPKIG00000003148	
ENSP00000368808	ENSG00000091482	SMPX	ENSPKIP00000032437	ENSPKIG00000012545	smpx
ENSP00000269214	ENSG00000141446	ESCO1	ENSPKIP00000011666	ENSPKIG00000018658	ESCO1
ENSP00000498499	ENSG00000178971	CTC1	ENSPKIP00000004504	ENSPKIG00000021575	
ENSP00000354652	ENSG00000164128	NPY1R	ENSPKIP00000001403	ENSPKIG00000019716	npy1r
ENSP00000347781	ENSG00000156042	CFAP70	ENSPKIP00000021971	ENSPKIG00000006162	
ENSP00000331944	ENSG00000181026	AEN	ENSPKIP00000036713	ENSPKIG00000015180	isg20
ENSP00000492752	ENSG00000249662	LINC02218	ENSPKIP00000005644	ENSPKIG00000022237	taf11
ENSP00000551769	ENSG00000165449	SLC16A9	ENSPKIP00000000749	ENSPKIG00000019295	SLC16A9
ENSP00000304032	ENSG00000172345	STARD5	ENSPKIP00000003761	ENSPKIG00000021124	stard5
ENSP00000316950	ENSG00000104177	MYEF2	ENSPKIP00000041988	ENSPKIG00000018344	myef2
ENSP00000478908	ENSG00000185340	GAS2L1	ENSPKIP00000006805	ENSPKIG00000022939	gas2l1
ENSP00000593708	ENSG00000096717	SIRT1	ENSPKIP00000019993	ENSPKIG00000004943	
ENSP00000310593	ENSG00000164114	MAP9	ENSPKIP00000041749	ENSPKIG00000018163	map9
ENSP00000536476	ENSG00000013374	NUB1	ENSPKIP00000016048	ENSPKIG00000002539	nub1
ENSP00000490028	ENSG00000271824	SMIM32	ENSPKIP00000037836	ENSPKIG00000015862	
ENSP00000660419	ENSG00000186073	CDIN1	ENSPKIP00000002040	ENSPKIG00000020090	cdin1
ENSP00000530220	ENSG00000099785	MARCHF2	ENSPKIP00000014212	ENSPKIG00000001364	MARCHF2
ENSP00000385110	ENSG00000100335	MIEF1	ENSPKIP00000023929	ENSPKIG00000007377	mief1
ENSP00000318142	ENSG00000180549	FUT7	ENSPKIP00000010086	ENSPKIG00000024936	FUT7
ENSP00000362981	ENSG00000118707	TGIF2	ENSPKIP00000024803	ENSPKIG00000007916	
ENSP00000571701	ENSG00000166035	LIPC	ENSPKIP00000039851	ENSPKIG00000017054	lipca
ENSP00000217188	ENSG00000125508	SRMS	ENSPKIP00000019651	ENSPKIG00000004727	srms
ENSP00000360526	ENSG00000171940	ZNF217	ENSPKIP00000023589	ENSPKIG00000007163	znf217
ENSP00000361628	ENSG00000147231	RADX	ENSPKIP00000035468	ENSPKIG00000014388	radx
ENSP00000516066	ENSG00000177733	HNRNPA0	ENSPKIP00000002338	ENSPKIG00000020270	HNRNPA0
ENSP00000368192	ENSG00000157353	FCSK	ENSPKIP00000033548	ENSPKIG00000013172	fcsk
ENSP00000584352	ENSG00000130700	GATA5	ENSPKIP00000021902	ENSPKIG00000006112	gata5
ENSP00000714035	ENSG00000163870	TPRA1	ENSPKIP00000024888	ENSPKIG00000007955	tpra1
ENSP00000343818	ENSG00000136861	CDK5RAP2	ENSPKIP00000010749	ENSPKIG00000025345	
ENSP00000572913	ENSG00000088766	CRLS1	ENSPKIP00000037595	ENSPKIG00000015713	crls1
ENSP00000185206	ENSG00000112782	CLIC5	ENSPKIP00000018732	ENSPKIG00000004188	clic5b
ENSP00000595481	ENSG00000107937	GTPBP4	ENSPKIP00000032075	ENSPKIG00000012301	gtpbp4
ENSP00000766965	ENSG00000166803	PCLAF	ENSPKIP00000007555	ENSPKIG00000023409	
ENSP00000548960	ENSG00000016402	IL20RA	ENSPKIP00000032821	ENSPKIG00000012765	
ENSP00000438465	ENSG00000247077	PGAM5	ENSPKIP00000028503	ENSPKIG00000010127	pgam5
ENSP00000452986	ENSG00000140368	PSTPIP1	ENSPKIP00000025846	ENSPKIG00000008556	pstpip1b
ENSP00000576380	ENSG00000130706	ADRM1	ENSPKIP00000032056	ENSPKIG00000012305	adrm1
ENSP00000460666	ENSG00000083093	PALB2	ENSPKIP00000033243	ENSPKIG00000013032	
ENSP00000590477	ENSG00000008018	PSMB1	ENSPKIP00000025110	ENSPKIG00000008096	psmb1
ENSP00000252338	ENSG00000130054	NALF2	ENSPKIP00000001380	ENSPKIG00000019700	nalf2
ENSP00000529734	ENSG00000025423	HSD17B6	ENSPKIP00000012639	ENSPKIG00000000369	dhrs9
ENSP00000631077	ENSG00000085741	WNT11	ENSPKIP00000034427	ENSPKIG00000013749	wnt11
ENSP00000364126	ENSG00000169188	APEX2	ENSPKIP00000024539	ENSPKIG00000007752	apex2
ENSP00000494260	ENSG00000105991	HOXA1	ENSPKIP00000012590	ENSPKIG00000000337	hoxa1a
ENSP00000437775	ENSG00000085185	BCORL1	ENSPKIP00000033825	ENSPKIG00000013393	bcorl1
ENSP00000453854	ENSG00000138593	SECISBP2L	ENSPKIP00000002315	ENSPKIG00000020244	
ENSP00000359339	ENSG00000164430	CGAS	ENSPKIP00000022656	ENSPKIG00000006564	cgasa
ENSP00000358038	ENSG00000178409	BEND3	ENSPKIP00000012528	ENSPKIG00000000294	bend3
ENSP00000566914	ENSG00000120029	ARMH3	ENSPKIP00000035960	ENSPKIG00000014676	armh3
ENSP00000545733	ENSG00000010404	IDS	ENSPKIP00000014436	ENSPKIG00000001494	ids
ENSP00000413098	ENSG00000213079	SCAF8	ENSPKIP00000003899	ENSPKIG00000021212	SCAF8
ENSP00000441369	ENSG00000111725	PRKAB1	ENSPKIP00000007914	ENSPKIG00000023624	prkab1b
ENSP00000574944	ENSG00000261371	PECAM1	ENSPKIP00000022373	ENSPKIG00000006387	
ENSP00000367440	ENSG00000111802	TDP2	ENSPKIP00000022506	ENSPKIG00000006483	tdp2b
ENSP00000352172	ENSG00000176834	VSIG10	ENSPKIP00000026945	ENSPKIG00000009202	VSIG10
ENSP00000457853	ENSG00000140474	ULK3	ENSPKIP00000001845	ENSPKIG00000019963	ulk3
ENSP00000323183	ENSG00000181472	ZBTB2	ENSPKIP00000041721	ENSPKIG00000018172	zbtb2a
ENSP00000589142	ENSG00000131153	GINS2	ENSPKIP00000012605	ENSPKIG00000000343	gins2
ENSP00000568710	ENSG00000139624	CERS5	ENSPKIP00000009571	ENSPKIG00000024634	cers5
ENSP00000357920	ENSG00000203797	DDO	ENSPKIP00000040711	ENSPKIG00000017565	ddo
ENSP00000362021	ENSG00000126950	TMEM35A	ENSPKIP00000034152	ENSPKIG00000013592	tmem35
ENSP00000671460	ENSG00000119900	OGFRL1	ENSPKIP00000016241	ENSPKIG00000002645	ogfrl1
ENSP00000336931	ENSG00000146278	PNRC1	ENSPKIP00000041501	ENSPKIG00000018037	pnrc1
ENSP00000275358	ENSG00000146530	VWDE	ENSPKIP00000030888	ENSPKIG00000011568	VWDE
ENSP00000789314	ENSG00000233822	H2BC15	ENSPKIP00000003629	ENSPKIG00000021055	
ENSP00000665562	ENSG00000089063	TMEM230	ENSPKIP00000008434	ENSPKIG00000023927	tmem230b
ENSP00000605729	ENSG00000070413	DGCR2	ENSPKIP00000039942	ENSPKIG00000017103	dgcr2
ENSP00000681745	ENSG00000169660	HEXD	ENSPKIP00000012060	ENSPKIG00000025680	zgc:113333
ENSP00000304353	ENSG00000172336	POP7	ENSPKIP00000001650	ENSPKIG00000019869	pop7
ENSP00000426290	ENSG00000146147	MLIP	ENSPKIP00000037922	ENSPKIG00000015925	
ENSP00000259470	ENSG00000136943	CTSV	ENSPKIP00000017286	ENSPKIG00000003259	ctsla
ENSP00000509971	ENSG00000147316	MCPH1	ENSPKIP00000037208	ENSPKIG00000015473	mcph1
ENSP00000535693	ENSG00000242802	AP5Z1	ENSPKIP00000011421	ENSPKIG00000018520	ap5z1
ENSP00000571423	ENSG00000167674	HDGFL2	ENSPKIP00000025545	ENSPKIG00000008374	hdgfl2
ENSP00000790145	ENSG00000124713	GNMT	ENSPKIP00000005689	ENSPKIG00000022265	gnmt
ENSP00000633845	ENSG00000181061	HIGD1A	ENSPKIP00000021135	ENSPKIG00000005659	higd1a
ENSP00000278353	ENSG00000149084	HSD17B12	ENSPKIP00000033742	ENSPKIG00000013315	HSD17B12
ENSP00000238146	ENSG00000111364	DDX55	ENSPKIP00000007987	ENSPKIG00000023661	ddx55
ENSP00000631320	ENSG00000089123	TASP1	ENSPKIP00000009230	ENSPKIG00000024416	tasp1
ENSP00000531585	ENSG00000169592	INO80E	ENSPKIP00000014822	ENSPKIG00000001739	si:dkeyp-77h1.4
ENSP00000427761	ENSG00000120963	ZNF706	ENSPKIP00000039644	ENSPKIG00000016927	znf706
ENSP00000555713	ENSG00000130024	PHF10	ENSPKIP00000025316	ENSPKIG00000008224	phf10
ENSP00000558112	ENSG00000113812	ACTR8	ENSPKIP00000009520	ENSPKIG00000024598	actr8
ENSP00000740074	ENSG00000173113	TRMT112	ENSPKIP00000010603	ENSPKIG00000025257	trmt112
ENSP00000550591	ENSG00000122121	XPNPEP2	ENSPKIP00000004915	ENSPKIG00000021789	xpnpep2
ENSP00000570403	ENSG00000133027	PEMT	ENSPKIP00000010363	ENSPKIG00000025104	PEMT
ENSP00000335636	ENSG00000173418	NAA20	ENSPKIP00000004623	ENSPKIG00000021653	naa20
ENSP00000252037	ENSG00000077800	FKBP6	ENSPKIP00000037075	ENSPKIG00000015410	fkbp6
ENSP00000582909	ENSG00000198794	SCAMP5	ENSPKIP00000013017	ENSPKIG00000000609	scamp5b
ENSP00000655241	ENSG00000174851	YIF1A	ENSPKIP00000009650	ENSPKIG00000024673	yif1a
ENSP00000247977	ENSG00000127452	FBXL12	ENSPKIP00000016330	ENSPKIG00000002701	
ENSP00000653633	ENSG00000075188	NUP37	ENSPKIP00000022182	ENSPKIG00000006278	nup37
ENSP00000579856	ENSG00000163933	RFT1	ENSPKIP00000002229	ENSPKIG00000020189	rft1
ENSP00000295206	ENSG00000163064	EN1	ENSPKIP00000036535	ENSPKIG00000015067	en1b
ENSP00000643420	ENSG00000110906	KCTD10	ENSPKIP00000010262	ENSPKIG00000025041	kctd10
ENSP00000371291	ENSG00000101298	SNPH	ENSPKIP00000024275	ENSPKIG00000007599	snphb
ENSP00000311196	ENSG00000174576	NPAS4	ENSPKIP00000009542	ENSPKIG00000024609	npas4a
ENSP00000254765	ENSG00000132429	POPDC3	ENSPKIP00000033512	ENSPKIG00000013198	popdc3
ENSP00000361812	ENSG00000204070	SYS1	ENSPKIP00000039260	ENSPKIG00000016690	sys1
ENSP00000263681	ENSG00000077514	POLD3	ENSPKIP00000011404	ENSPKIG00000018505	pold3
ENSP00000547074	ENSG00000120054	CPN1	ENSPKIP00000028128	ENSPKIG00000009873	cpn1
ENSP00000438399	ENSG00000182149	IST1	ENSPKIP00000026660	ENSPKIG00000009049	ist1
ENSP00000261867	ENSG00000104154	SLC30A4	ENSPKIP00000000217	ENSPKIG00000018958	slc30a4
ENSP00000550566	ENSG00000135318	NT5E	ENSPKIP00000040564	ENSPKIG00000017479	nt5e
ENSP00000267843	ENSG00000140285	FGF7	ENSPKIP00000002145	ENSPKIG00000020156	FGF7
ENSP00000344831	ENSG00000075303	SLC25A40	ENSPKIP00000012267	ENSPKIG00000000115	slc25a40
ENSP00000548177	ENSG00000250479	CHCHD10	ENSPKIP00000036618	ENSPKIG00000015122	chchd10
ENSP00000204961	ENSG00000090776	EFNB1	ENSPKIP00000034324	ENSPKIG00000013701	efnb1
ENSP00000401513	ENSG00000242866	STRC	ENSPKIP00000036450	ENSPKIG00000014961	strc
ENSP00000365318	ENSG00000204498	NFKBIL1	ENSPKIP00000040934	ENSPKIG00000017701	nfkbil1
ENSP00000384490	ENSG00000183741	CBX6	ENSPKIP00000014072	ENSPKIG00000001275	cbx6b
ENSP00000367196	ENSG00000122694	GLIPR2	ENSPKIP00000006244	ENSPKIG00000022602	glipr2l
ENSP00000274793	ENSG00000146070	PLA2G7	ENSPKIP00000031940	ENSPKIG00000012237	pla2g7
ENSP00000365926	ENSG00000135002	RFK	ENSPKIP00000001187	ENSPKIG00000019577	rfk
ENSP00000296233	ENSG00000163884	KLF15	ENSPKIP00000041688	ENSPKIG00000018142	KLF15
ENSP00000418668	ENSG00000170681	CAVIN4	ENSPKIP00000023304	ENSPKIG00000006987	cavin4a
ENSP00000413707	ENSG00000172061	LRRC15	ENSPKIP00000027387	ENSPKIG00000009470	
ENSP00000774728	ENSG00000105668	UPK1A	ENSPKIP00000026702	ENSPKIG00000009074	upk1a
ENSP00000359991	ENSG00000171314	PGAM1	ENSPKIP00000038086	ENSPKIG00000016019	pgam1b
ENSP00000264734	ENSG00000113946	CLDN16	ENSPKIP00000010789	ENSPKIG00000025369	
ENSP00000415464	ENSG00000161813	LARP4	ENSPKIP00000021621	ENSPKIG00000005950	larp4ab
ENSP00000353557	ENSG00000196376	SLC35F1	ENSPKIP00000035150	ENSPKIG00000014207	slc35f1
ENSP00000673291	ENSG00000105538	RASIP1	ENSPKIP00000014299	ENSPKIG00000001398	rasip1
ENSP00000744550	ENSG00000075914	EXOSC7	ENSPKIP00000035183	ENSPKIG00000014229	exosc7
ENSP00000254853	ENSG00000132517	SLC52A1	ENSPKIP00000037178	ENSPKIG00000015457	slc52a2
ENSP00000559924	ENSG00000119953	SMNDC1	ENSPKIP00000040047	ENSPKIG00000017164	smndc1
ENSP00000516464	ENSG00000005893	LAMP2	ENSPKIP00000028728	ENSPKIG00000010253	lamp2
ENSP00000386280	ENSG00000221963	APOL6	ENSPKIP00000025797	ENSPKIG00000008522	apol1
ENSP00000756756	ENSG00000100387	RBX1	ENSPKIP00000026851	ENSPKIG00000009163	rbx1
ENSP00000568566	ENSG00000119392	GLE1	ENSPKIP00000007986	ENSPKIG00000023647	gle1
ENSP00000700962	ENSG00000157259	GATAD1	ENSPKIP00000041487	ENSPKIG00000018020	gatad1
ENSP00000554052	ENSG00000134463	ECHDC3	ENSPKIP00000011027	ENSPKIG00000025507	ECHDC3
ENSP00000777182	ENSG00000105894	PTN	ENSPKIP00000017654	ENSPKIG00000003476	ptn
ENSP00000442259	ENSG00000101327	PDYN	ENSPKIP00000031016	ENSPKIG00000011685	pdyn
ENSP00000731760	ENSG00000147403	RPL10	ENSPKIP00000022321	ENSPKIG00000006371	rpl10
ENSP00000328423	ENSG00000183324	REC114	ENSPKIP00000000936	ENSPKIG00000019414	rec114
ENSP00000787089	ENSG00000239857	GET4	ENSPKIP00000017479	ENSPKIG00000003369	get4
ENSP00000247178	ENSG00000126775	ATG14	ENSPKIP00000013891	ENSPKIG00000001142	atg14
ENSP00000267838	ENSG00000140280	LYSMD2	ENSPKIP00000003934	ENSPKIG00000021230	lysmd2
ENSP00000307423	ENSG00000168282	MGAT2	ENSPKIP00000007748	ENSPKIG00000023527	mgat2
ENSP00000477507	ENSG00000170468	RIOX1	ENSPKIP00000004355	ENSPKIG00000021498	riox1
ENSP00000385184	ENSG00000130204	TOMM40	ENSPKIP00000009044	ENSPKIG00000024296	tomm40
ENSP00000521386	ENSG00000013523	ANGEL1	ENSPKIP00000017453	ENSPKIG00000003362	angel1
ENSP00000355402	ENSG00000167178	ISLR2	ENSPKIP00000034594	ENSPKIG00000013860	islr2
ENSP00000244061	ENSG00000124226	RNF114	ENSPKIP00000021105	ENSPKIG00000005611	rnf114
ENSP00000564370	ENSG00000102967	DHODH	ENSPKIP00000008404	ENSPKIG00000023908	dhodh
ENSP00000419162	ENSG00000187260	WDR86	ENSPKIP00000034945	ENSPKIG00000014071	WDR86
ENSP00000728616	ENSG00000213741	RPS29	ENSPKIP00000007694	ENSPKIG00000023490	
ENSP00000309096	ENSG00000174684	B4GAT1	ENSPKIP00000039067	ENSPKIG00000016586	b4gat1
ENSP00000371152	ENSG00000104763	ASAH1	ENSPKIP00000008921	ENSPKIG00000024215	asah1b
ENSP00000482145	ENSG00000182704	TSKU	ENSPKIP00000021548	ENSPKIG00000005903	tsku
ENSP00000367104	ENSG00000125864	BFSP1	ENSPKIP00000019455	ENSPKIG00000004624	BFSP1
ENSP00000507574	ENSG00000009830	POMT2	ENSPKIP00000017935	ENSPKIG00000003634	pomt2
ENSP00000007390	ENSG00000007520	TSR3	ENSPKIP00000023236	ENSPKIG00000006943	tsr3
ENSP00000623380	ENSG00000164970	FAM219A	ENSPKIP00000030221	ENSPKIG00000011159	FAM219A
ENSP00000629062	ENSG00000101019	UQCC1	ENSPKIP00000007261	ENSPKIG00000023227	uqcc1
ENSP00000318900	ENSG00000112320	SOBP	ENSPKIP00000012465	ENSPKIG00000000247	sobpa
ENSP00000287097	ENSG00000156535	CD109	ENSPKIP00000001312	ENSPKIG00000019647	CD109
ENSP00000626138	ENSG00000156502	SUPV3L1	ENSPKIP00000035593	ENSPKIG00000014484	supv3l1
ENSP00000327608	ENSG00000185761	ADAMTSL5	ENSPKIP00000039097	ENSPKIG00000016593	adamtsl5
ENSP00000616126	ENSG00000103245	CIAO3	ENSPKIP00000014995	ENSPKIG00000001845	narfl
ENSP00000800173	ENSG00000181704	YIPF6	ENSPKIP00000001575	ENSPKIG00000019819	yipf6
ENSP00000411932	ENSG00000170807	LMOD2	ENSPKIP00000037492	ENSPKIG00000015654	lmod2b
ENSP00000410818	ENSG00000124688	MAD2L1BP	ENSPKIP00000003782	ENSPKIG00000021139	mad2l1bp
ENSP00000374552	ENSG00000011275	RNF216	ENSPKIP00000029178	ENSPKIG00000010505	rnf216
ENSP00000557976	ENSG00000008838	MED24	ENSPKIP00000004253	ENSPKIG00000021411	med24
ENSP00000357651	ENSG00000074935	TUBE1	ENSPKIP00000000533	ENSPKIG00000019145	TUBE1
ENSP00000310110	ENSG00000125355	TMEM255A	ENSPKIP00000034526	ENSPKIG00000013817	TMEM255A
ENSP00000521078	ENSG00000071677	PRLH	ENSPKIP00000039832	ENSPKIG00000017044	prlh2
ENSP00000766364	ENSG00000166847	DCTN5	ENSPKIP00000033311	ENSPKIG00000013072	dctn5
ENSP00000512398	ENSG00000152430	BOLL	ENSPKIP00000012946	ENSPKIG00000000551	BOLL
ENSP00000381693	ENSG00000214655	ZSWIM8	ENSPKIP00000026255	ENSPKIG00000008737	zswim8
ENSP00000617092	ENSG00000162004	CCDC78	ENSPKIP00000024589	ENSPKIG00000007785	ccdc78
ENSP00000419867	ENSG00000196990	FAM163B	ENSPKIP00000004032	ENSPKIG00000021301	fam163ba
ENSP00000359532	ENSG00000101188	NTSR1	ENSPKIP00000022073	ENSPKIG00000006216	NTSR1
ENSP00000622346	ENSG00000090097	PCBP4	ENSPKIP00000020847	ENSPKIG00000005487	pcbp4
ENSP00000372023	ENSG00000183765	CHEK2	ENSPKIP00000032063	ENSPKIG00000012294	chek2
ENSP00000763362	ENSG00000244187	TMEM141	ENSPKIP00000040863	ENSPKIG00000017663	tmem141
ENSP00000335557	ENSG00000149346	SLX4IP	ENSPKIP00000009087	ENSPKIG00000024328	SLX4IP
ENSP00000367445	ENSG00000152464	RPP38	ENSPKIP00000012080	ENSPKIG00000025652	rpp38
ENSP00000535450	ENSG00000092108	SCFD1	ENSPKIP00000000897	ENSPKIG00000019355	scfd1
ENSP00000055682	ENSG00000050030	NEXMIF	ENSPKIP00000005845	ENSPKIG00000022363	nexmifb
ENSP00000765885	ENSG00000087088	BAX	ENSPKIP00000019240	ENSPKIG00000004489	BAX
ENSP00000400932	ENSG00000176273	SLC35G1	ENSPKIP00000020892	ENSPKIG00000005513	slc35g1
ENSP00000623183	ENSG00000101331	CCM2L	ENSPKIP00000001755	ENSPKIG00000019924	ccm2l
ENSP00000384796	ENSG00000185737	NRG3	ENSPKIP00000030261	ENSPKIG00000011188	
ENSP00000513371	ENSG00000132664	POLR3F	ENSPKIP00000019150	ENSPKIG00000004427	polr3f
ENSP00000317334	ENSG00000120438	TCP1	ENSPKIP00000006626	ENSPKIG00000022823	tcp1
ENSP00000532265	ENSG00000153774	CFDP1	ENSPKIP00000014419	ENSPKIG00000001495	
ENSP00000692932	ENSG00000078487	ZCWPW1	ENSPKIP00000004756	ENSPKIG00000021728	
ENSP00000297994	ENSG00000165275	TRMT10B	ENSPKIP00000037681	ENSPKIG00000015763	trmt10b
ENSP00000537468	ENSG00000140386	SCAPER	ENSPKIP00000015031	ENSPKIG00000001843	scaper
ENSP00000316861	ENSG00000046653	GPM6B	ENSPKIP00000002397	ENSPKIG00000020298	gpm6bb
ENSP00000574095	ENSG00000100982	PCIF1	ENSPKIP00000016875	ENSPKIG00000003011	pcif1
ENSP00000798960	ENSG00000197119	SLC25A29	ENSPKIP00000013324	ENSPKIG00000000803	SLC25A29
ENSP00000477817	ENSG00000158079	PTPDC1	ENSPKIP00000020033	ENSPKIG00000004965	ptpdc1a
ENSP00000392855	ENSG00000127564	PKMYT1	ENSPKIP00000036242	ENSPKIG00000014877	pkmyt1
ENSP00000456594	ENSG00000261115	TMEM178B	ENSPKIP00000034243	ENSPKIG00000013652	tmem178bb
ENSP00000485478	ENSG00000148600	CDHR1	ENSPKIP00000023398	ENSPKIG00000006998	cdhr1b
ENSP00000782159	ENSG00000100575	TIMM9	ENSPKIP00000037193	ENSPKIG00000015476	timm9
ENSP00000432039	ENSG00000173715	TOP6BL	ENSPKIP00000000197	ENSPKIG00000018930	
ENSP00000553330	ENSG00000198276	UCKL1	ENSPKIP00000020566	ENSPKIG00000005286	UCKL1
ENSP00000362361	ENSG00000136807	CDK9	ENSPKIP00000004073	ENSPKIG00000021317	cdk9
ENSP00000617553	ENSG00000172671	ZFAND4	ENSPKIP00000041264	ENSPKIG00000017848	zfand4
ENSP00000216471	ENSG00000100583	SAMD15	ENSPKIP00000015616	ENSPKIG00000002273	
ENSP00000368332	ENSG00000004848	ARX	ENSPKIP00000010327	ENSPKIG00000025084	ARX
ENSP00000302327	ENSG00000171016	PYGO1	ENSPKIP00000004943	ENSPKIG00000021833	pygo1
ENSP00000509693	ENSG00000102362	SYTL4	ENSPKIP00000019682	ENSPKIG00000004712	sytl4
ENSP00000468041	ENSG00000126247	CAPNS1	ENSPKIP00000021330	ENSPKIG00000005778	
ENSP00000536922	ENSG00000117899	MESD	ENSPKIP00000003578	ENSPKIG00000021023	mesd
ENSP00000598560	ENSG00000167118	URM1	ENSPKIP00000004295	ENSPKIG00000021455	URM1
ENSP00000594646	ENSG00000168438	CDC40	ENSPKIP00000033799	ENSPKIG00000013333	cdc40
ENSP00000744670	ENSG00000172775	PSME3IP1	ENSPKIP00000005340	ENSPKIG00000022049	psme3ip1
ENSP00000363593	ENSG00000165124	SVEP1	ENSPKIP00000037310	ENSPKIG00000015493	svep1
ENSP00000457624	ENSG00000138614	INTS14	ENSPKIP00000008885	ENSPKIG00000024198	ints14
ENSP00000391739	ENSG00000241878	PISD	ENSPKIP00000040125	ENSPKIG00000017188	PISD
ENSP00000358956	ENSG00000146243	IRAK1BP1	ENSPKIP00000008535	ENSPKIG00000023989	irak1bp1
ENSP00000319744	ENSG00000177464	GPR4	ENSPKIP00000020828	ENSPKIG00000005476	gpr4
ENSP00000565200	ENSG00000241127	YAE1	ENSPKIP00000040637	ENSPKIG00000017520	otulina
ENSP00000545711	ENSG00000071626	DAZAP1	ENSPKIP00000024476	ENSPKIG00000007696	dazap1
ENSP00000611676	ENSG00000142082	SIRT3	ENSPKIP00000016764	ENSPKIG00000002937	sirt3
ENSP00000273067	ENSG00000144583	MARCHF4	ENSPKIP00000028198	ENSPKIG00000009933	marchf4a
ENSP00000586265	ENSG00000124783	SSR1	ENSPKIP00000022370	ENSPKIG00000006401	ssr1
ENSP00000246080	ENSG00000125878	TCF15	ENSPKIP00000022923	ENSPKIG00000006747	tcf15
ENSP00000626913	ENSG00000165078	CPA6	ENSPKIP00000024018	ENSPKIG00000007430	cpa6
ENSP00000384629	ENSG00000183955	KMT5A	ENSPKIP00000014278	ENSPKIG00000001401	kmt5ab
ENSP00000369960	ENSG00000120907	ADRA1A	ENSPKIP00000008410	ENSPKIG00000023915	adra1aa
ENSP00000707728	ENSG00000186665	C17orf58	ENSPKIP00000022649	ENSPKIG00000006567	
ENSP00000627081	ENSG00000138587	MNS1	ENSPKIP00000040311	ENSPKIG00000017328	mns1
ENSP00000523948	ENSG00000102172	SMS	ENSPKIP00000032566	ENSPKIG00000012603	sms
ENSP00000480483	ENSG00000124785	NRN1	ENSPKIP00000029248	ENSPKIG00000010579	nrn1a
ENSP00000535321	ENSG00000165672	PRDX3	ENSPKIP00000000277	ENSPKIG00000019015	prdx3
ENSP00000514894	ENSG00000165282	PIGO	ENSPKIP00000031652	ENSPKIG00000012035	pigo
ENSP00000599729	ENSG00000198042	MAK16	ENSPKIP00000015318	ENSPKIG00000002082	mak16
ENSP00000503746	ENSG00000106636	YKT6	ENSPKIP00000014239	ENSPKIG00000001369	YKT6
ENSP00000529623	ENSG00000120509	PDZD11	ENSPKIP00000011679	ENSPKIG00000018662	pdzd11
ENSP00000637321	ENSG00000155975	VPS37A	ENSPKIP00000009340	ENSPKIG00000024474	vps37a
ENSP00000349957	ENSG00000141552	ANAPC11	ENSPKIP00000022111	ENSPKIG00000006250	anapc11
ENSP00000305459	ENSG00000213380	COG8	ENSPKIP00000002421	ENSPKIG00000020319	cog8
ENSP00000297273	ENSG00000127995	CASD1	ENSPKIP00000014270	ENSPKIG00000001368	casd1
ENSP00000401018	ENSG00000181938	GINS3	ENSPKIP00000037035	ENSPKIG00000015377	gins3
ENSP00000360210	ENSG00000124237	CIMIP1	ENSPKIP00000019646	ENSPKIG00000004726	
ENSP00000493946	ENSG00000103494	RPGRIP1L	ENSPKIP00000033066	ENSPKIG00000012908	rpgrip1
ENSP00000580300	ENSG00000185024	BRF1	ENSPKIP00000000233	ENSPKIG00000018964	brf1b
ENSP00000545503	ENSG00000129682	FGF13	ENSPKIP00000030473	ENSPKIG00000011314	
ENSP00000343490	ENSG00000188501	LCTL	ENSPKIP00000037630	ENSPKIG00000015716	lctlb
ENSP00000607088	ENSG00000123064	DDX54	ENSPKIP00000041946	ENSPKIG00000018272	ddx54
ENSP00000505952	ENSG00000131043	AAR2	ENSPKIP00000020704	ENSPKIG00000005382	aar2
ENSP00000427540	ENSG00000197620	EOLA1	ENSPKIP00000001497	ENSPKIG00000019772	
ENSP00000376071	ENSG00000138439	FAM117B	ENSPKIP00000026406	ENSPKIG00000008905	fam117ba
ENSP00000334540	ENSG00000187037	GPR141	ENSPKIP00000026071	ENSPKIG00000008690	gpr141
ENSP00000790901	ENSG00000137767	SQOR	ENSPKIP00000000482	ENSPKIG00000019110	sqor
ENSP00000297161	ENSG00000164619	BMPER	ENSPKIP00000001425	ENSPKIG00000019711	bmper
ENSP00000548414	ENSG00000114054	PCCB	ENSPKIP00000004099	ENSPKIG00000021332	pccb
ENSP00000499841	ENSG00000167619	TMEM145	ENSPKIP00000004053	ENSPKIG00000021311	tmem145
ENSP00000514151	ENSG00000107521	HPS1	ENSPKIP00000025512	ENSPKIG00000008360	hps1
ENSP00000643470	ENSG00000022267	FHL1	ENSPKIP00000004151	ENSPKIG00000021378	fhl1a
ENSP00000771641	ENSG00000181019	NQO1	ENSPKIP00000002708	ENSPKIG00000020494	NQO2
ENSP00000551495	ENSG00000101413	RPRD1B	ENSPKIP00000029032	ENSPKIG00000010430	RPRD1B
ENSP00000613096	ENSG00000135341	MAP3K7	ENSPKIP00000011637	ENSPKIG00000018594	map3k7
ENSP00000710426	ENSG00000070495	JMJD6	ENSPKIP00000026273	ENSPKIG00000008819	jmjd6
ENSP00000518558	ENSG00000149554	CHEK1	ENSPKIP00000038398	ENSPKIG00000016169	chek1
ENSP00000279027	ENSG00000158296	SLC13A3	ENSPKIP00000022674	ENSPKIG00000006565	slc13a3
ENSP00000261588	ENSG00000047578	KATNIP	ENSPKIP00000027580	ENSPKIG00000009584	
ENSP00000163416	ENSG00000066455	GOLGA5	ENSPKIP00000016168	ENSPKIG00000002616	golga5
ENSP00000523591	ENSG00000099800	TIMM13	ENSPKIP00000030231	ENSPKIG00000011170	timm13
ENSP00000549093	ENSG00000186193	SAPCD2	ENSPKIP00000040931	ENSPKIG00000017704	SAPCD2
ENSP00000245919	ENSG00000125740	FOSB	ENSPKIP00000030154	ENSPKIG00000011100	fosb
ENSP00000542719	ENSG00000050405	LIMA1	ENSPKIP00000021425	ENSPKIG00000005837	
ENSP00000378138	ENSG00000006042	TMEM98	ENSPKIP00000005618	ENSPKIG00000022218	tmem98
ENSP00000789739	ENSG00000173465	ZNRD2	ENSPKIP00000019396	ENSPKIG00000004583	znrd2
ENSP00000261435	ENSG00000078177	N4BP2	ENSPKIP00000020020	ENSPKIG00000004940	n4bp2
ENSP00000511806	ENSG00000168939	SPRY3	ENSPKIP00000026112	ENSPKIG00000008724	SPRY3
ENSP00000362047	ENSG00000182489	XKRX	ENSPKIP00000020328	ENSPKIG00000005149	xkrx
ENSP00000556370	ENSG00000197958	RPL12	ENSPKIP00000011574	ENSPKIG00000018595	rpl12
ENSP00000215886	ENSG00000100079	LGALS2	ENSPKIP00000033900	ENSPKIG00000013444	lgals2b
ENSP00000579182	ENSG00000203618	GP1BB	ENSPKIP00000009618	ENSPKIG00000024663	gp1bb
ENSP00000379046	ENSG00000284194	SCO2	ENSPKIP00000037675	ENSPKIG00000015760	sco2
ENSP00000708610	ENSG00000138663	COPS4	ENSPKIP00000011081	ENSPKIG00000025533	cops4
ENSP00000260386	ENSG00000137825	ITPKA	ENSPKIP00000006693	ENSPKIG00000022868	itpka
ENSP00000297267	ENSG00000164694	FNDC1	ENSPKIP00000006390	ENSPKIG00000022686	fndc1
ENSP00000612996	ENSG00000100104	SRRD	ENSPKIP00000009704	ENSPKIG00000024711	srrd
ENSP00000429847	ENSG00000169427	KCNK9	ENSPKIP00000015465	ENSPKIG00000002180	kcnk9
ENSP00000589177	ENSG00000188612	SUMO2	ENSPKIP00000007673	ENSPKIG00000023479	sumo2b
ENSP00000621575	ENSG00000130175	PRKCSH	ENSPKIP00000038344	ENSPKIG00000016142	prkcsh
ENSP00000640847	ENSG00000025708	TYMP	ENSPKIP00000034645	ENSPKIG00000013893	TYMP
ENSP00000276682	ENSG00000147677	EIF3H	ENSPKIP00000011807	ENSPKIG00000018742	EIF3H
ENSP00000522643	ENSG00000198844	ARHGEF15	ENSPKIP00000021756	ENSPKIG00000006030	arhgef15b
ENSP00000562854	ENSG00000124702	KLHDC3	ENSPKIP00000007174	ENSPKIG00000023175	klhdc3
ENSP00000575776	ENSG00000155275	TRMT44	ENSPKIP00000019535	ENSPKIG00000004663	trmt44
ENSP00000324842	ENSG00000081760	AACS	ENSPKIP00000032691	ENSPKIG00000012644	aacs
ENSP00000338766	ENSG00000113971	NPHP3	ENSPKIP00000040573	ENSPKIG00000017478	nphp3
ENSP00000591372	ENSG00000065154	OAT	ENSPKIP00000017512	ENSPKIG00000003389	oat
ENSP00000759711	ENSG00000123992	DNPEP	ENSPKIP00000014791	ENSPKIG00000001716	dnpep
ENSP00000380275	ENSG00000205937	RNPS1	ENSPKIP00000007650	ENSPKIG00000023465	rnps1
ENSP00000390344	ENSG00000169155	ZBTB43	ENSPKIP00000009673	ENSPKIG00000024691	ZBTB43
ENSP00000601209	ENSG00000163956	LRPAP1	ENSPKIP00000012514	ENSPKIG00000000278	lrpap1
ENSP00000671765	ENSG00000171953	ATPAF2	ENSPKIP00000016634	ENSPKIG00000002878	atpaf2
ENSP00000373328	ENSG00000187288	CIDEC	ENSPKIP00000041296	ENSPKIG00000017894	cidec
ENSP00000394645	ENSG00000196367	TRRAP	ENSPKIP00000040599	ENSPKIG00000017422	trrap
ENSP00000585755	ENSG00000088930	XRN2	ENSPKIP00000039594	ENSPKIG00000016889	xrn2
ENSP00000566440	ENSG00000133678	TMEM254	ENSPKIP00000025348	ENSPKIG00000008259	tmem254
ENSP00000341219	ENSG00000099954	CECR2	ENSPKIP00000040688	ENSPKIG00000017540	
ENSP00000620191	ENSG00000069509	FUNDC1	ENSPKIP00000017299	ENSPKIG00000003268	fundc1
ENSP00000798427	ENSG00000141179	PCTP	ENSPKIP00000035424	ENSPKIG00000014387	pctp
ENSP00000655274	ENSG00000130830	MPP1	ENSPKIP00000025566	ENSPKIG00000008395	mpp1
ENSP00000640885	ENSG00000186976	EFCAB6	ENSPKIP00000040631	ENSPKIG00000017519	
ENSP00000216367	ENSG00000100479	POLE2	ENSPKIP00000007932	ENSPKIG00000023629	pole2
ENSP00000614547	ENSG00000152954	NRSN1	ENSPKIP00000008985	ENSPKIG00000024262	nrsn1
ENSP00000603004	ENSG00000145214	DGKQ	ENSPKIP00000030439	ENSPKIG00000011257	DGKQ
ENSP00000514682	ENSG00000056972	TRAF3IP2	ENSPKIP00000039550	ENSPKIG00000016873	
ENSP00000558068	ENSG00000150593	PDCD4	ENSPKIP00000040555	ENSPKIG00000017462	pdcd4b
ENSP00000530270	ENSG00000168002	POLR2G	ENSPKIP00000013477	ENSPKIG00000000902	polr2g
ENSP00000244496	ENSG00000124541	RRP36	ENSPKIP00000018919	ENSPKIG00000004303	rrp36
ENSP00000363318	ENSG00000147168	IL2RG	ENSPKIP00000014216	ENSPKIG00000001365	
ENSP00000623697	ENSG00000161179	YDJC	ENSPKIP00000033364	ENSPKIG00000013111	ydjc
ENSP00000353971	ENSG00000129696	TTI2	ENSPKIP00000015356	ENSPKIG00000002108	tti2
ENSP00000764471	ENSG00000109475	RPL34	ENSPKIP00000013126	ENSPKIG00000000673	rpl34
ENSP00000490841	ENSG00000066654	THUMPD1	ENSPKIP00000035589	ENSPKIG00000014491	thumpd1
ENSP00000359386	ENSG00000160131	VMA21	ENSPKIP00000001104	ENSPKIG00000019523	vma21
ENSP00000572795	ENSG00000136710	VMA22	ENSPKIP00000024428	ENSPKIG00000007688	vma22
ENSP00000273146	ENSG00000144649	GASK1A	ENSPKIP00000032260	ENSPKIG00000012419	gask1a
ENSP00000395738	ENSG00000099899	TRMT2A	ENSPKIP00000028770	ENSPKIG00000010268	trmt2a
ENSP00000429243	ENSG00000104435	STMN2	ENSPKIP00000011477	ENSPKIG00000018549	STMN2
ENSP00000561319	ENSG00000167699	GLOD4	ENSPKIP00000024063	ENSPKIG00000007451	glod4
ENSP00000479492	ENSG00000180628	PCGF5	ENSPKIP00000022453	ENSPKIG00000006443	pcgf5b
ENSP00000478887	ENSG00000136997	MYC	ENSPKIP00000040453	ENSPKIG00000017411	mycb
ENSP00000604180	ENSG00000087365	SF3B2	ENSPKIP00000039099	ENSPKIG00000016576	sf3b2
ENSP00000798023	ENSG00000125970	RALY	ENSPKIP00000019935	ENSPKIG00000004894	raly
ENSP00000424183	ENSG00000109270	LAMTOR3	ENSPKIP00000013113	ENSPKIG00000000669	LAMTOR3
ENSP00000536329	ENSG00000107738	VSIR	ENSPKIP00000003961	ENSPKIG00000021254	vsir
ENSP00000329312	ENSG00000128322	IGLL1	ENSPKIP00000041951	ENSPKIG00000018306	
ENSP00000600089	ENSG00000105364	MRPL4	ENSPKIP00000025085	ENSPKIG00000008086	mrpl4
ENSP00000421508	ENSG00000156136	DCK	ENSPKIP00000041871	ENSPKIG00000018245	zgc:110540
ENSP00000436836	ENSG00000075429	CACNG5	ENSPKIP00000021828	ENSPKIG00000006071	cacng5a
ENSP00000508969	ENSG00000120519	SLC10A7	ENSPKIP00000038457	ENSPKIG00000016222	SLC10A7
ENSP00000483494	ENSG00000166024	R3HCC1L	ENSPKIP00000037688	ENSPKIG00000015770	r3hcc1l
ENSP00000480350	ENSG00000168096	ANKS3	ENSPKIP00000022845	ENSPKIG00000006699	anks3
ENSP00000320936	ENSG00000177663	IL17RA	ENSPKIP00000041779	ENSPKIG00000018191	
ENSP00000257017	ENSG00000134594	RAB33A	ENSPKIP00000014847	ENSPKIG00000001765	rab33a
ENSP00000594517	ENSG00000109113	RAB34	ENSPKIP00000022850	ENSPKIG00000006695	rab34a
ENSP00000218056	ENSG00000101940	WDR13	ENSPKIP00000029752	ENSPKIG00000010852	wdr13
ENSP00000720439	ENSG00000100228	RAB36	ENSPKIP00000005218	ENSPKIG00000021975	rab36
ENSP00000689574	ENSG00000104969	SGTA	ENSPKIP00000018153	ENSPKIG00000003820	sgta
ENSP00000403396	ENSG00000122591	HYCC1	ENSPKIP00000006048	ENSPKIG00000022480	hycc1
ENSP00000685306	ENSG00000169139	UBE2V2	ENSPKIP00000015672	ENSPKIG00000002295	ube2v2
ENSP00000690857	ENSG00000196072	BLOC1S2	ENSPKIP00000015169	ENSPKIG00000001971	bloc1s2
ENSP00000684986	ENSG00000198125	MB	ENSPKIP00000015373	ENSPKIG00000002122	mb
ENSP00000306275	ENSG00000171303	KCNK3	ENSPKIP00000003557	ENSPKIG00000021013	kcnk3a
ENSP00000569080	ENSG00000106344	RBM28	ENSPKIP00000007636	ENSPKIG00000023453	rbm28
ENSP00000370288	ENSG00000073169	SELENOO	ENSPKIP00000041095	ENSPKIG00000017791	selenoo1
ENSP00000488668	ENSG00000204131	NHSL2	ENSPKIP00000001749	ENSPKIG00000019921	nhsl2
ENSP00000531622	ENSG00000135686	KLHL36	ENSPKIP00000019041	ENSPKIG00000004368	klhl36
ENSP00000622483	ENSG00000169019	COMMD8	ENSPKIP00000020120	ENSPKIG00000004983	commd8
ENSP00000775018	ENSG00000205542	TMSB4X	ENSPKIP00000002134	ENSPKIG00000020152	
ENSP00000497249	ENSG00000100122	CRYBB1	ENSPKIP00000035831	ENSPKIG00000014631	crybb1
ENSP00000263317	ENSG00000086991	NOX4	ENSPKIP00000007157	ENSPKIG00000023153	
ENSP00000762400	ENSG00000175063	UBE2C	ENSPKIP00000016730	ENSPKIG00000002925	UBE2C
ENSP00000497680	ENSG00000151611	MMAA	ENSPKIP00000038200	ENSPKIG00000016070	mmaa
ENSP00000586963	ENSG00000100360	IFT27	ENSPKIP00000034842	ENSPKIG00000014012	IFT27
ENSP00000296509	ENSG00000164109	MAD2L1	ENSPKIP00000038692	ENSPKIG00000016368	mad2l1
ENSP00000618333	ENSG00000101181	MTG2	ENSPKIP00000010456	ENSPKIG00000025173	mtg2
ENSP00000510098	ENSG00000109381	ELF2	ENSPKIP00000005433	ENSPKIG00000022104	ELF2
ENSP00000382120	ENSG00000183773	AIFM3	ENSPKIP00000009632	ENSPKIG00000024653	aifm3
ENSP00000370886	ENSG00000120215	MLANA	ENSPKIP00000003090	ENSPKIG00000020736	MLANA
ENSP00000556186	ENSG00000179583	CIITA	ENSPKIP00000011405	ENSPKIG00000018513	CIITA
ENSP00000729623	ENSG00000167904	TMEM68	ENSPKIP00000020730	ENSPKIG00000005404	tmem68
ENSP00000306410	ENSG00000169126	ODAD2	ENSPKIP00000027829	ENSPKIG00000009701	odad2
ENSP00000496526	ENSG00000131269	ABCB7	ENSPKIP00000005806	ENSPKIG00000022336	abcb7
ENSP00000558771	ENSG00000118507	AKAP7	ENSPKIP00000032471	ENSPKIG00000012538	AKAP7
ENSP00000276704	ENSG00000189376	C8orf76	ENSPKIP00000011521	ENSPKIG00000018559	zgc:101716
ENSP00000426167	ENSG00000198856	OSTC	ENSPKIP00000013160	ENSPKIG00000000697	ostc
ENSP00000324729	ENSG00000151748	SAV1	ENSPKIP00000026173	ENSPKIG00000008761	sav1
ENSP00000390666	ENSG00000154975	CA10	ENSPKIP00000030110	ENSPKIG00000011067	ca10b
ENSP00000357440	ENSG00000025156	HSF2	ENSPKIP00000033952	ENSPKIG00000013479	hsf2
ENSP00000260383	ENSG00000137822	TUBGCP4	ENSPKIP00000038358	ENSPKIG00000016146	tubgcp4
ENSP00000357643	ENSG00000148773	MKI67	ENSPKIP00000041462	ENSPKIG00000017988	
ENSP00000610570	ENSG00000121211	MND1	ENSPKIP00000040597	ENSPKIG00000017495	mnd1
ENSP00000640391	ENSG00000076641	PAG1	ENSPKIP00000023156	ENSPKIG00000006896	pag1
ENSP00000690507	ENSG00000125734	GPR108	ENSPKIP00000029157	ENSPKIG00000010510	gpr108
ENSP00000520824	ENSG00000165985	C1QL3	ENSPKIP00000017727	ENSPKIG00000003527	c1ql3a
ENSP00000262306	ENSG00000103363	ELOB	ENSPKIP00000036426	ENSPKIG00000015003	elob
ENSP00000554974	ENSG00000158636	EMSY	ENSPKIP00000034706	ENSPKIG00000013871	emsy
ENSP00000380598	ENSG00000188428	BLOC1S5	ENSPKIP00000024329	ENSPKIG00000007629	bloc1s5
ENSP00000574219	ENSG00000081177	EXD2	ENSPKIP00000024793	ENSPKIG00000007907	exd2
ENSP00000787088	ENSG00000122378	PRXL2A	ENSPKIP00000026967	ENSPKIG00000009214	selenou1a
ENSP00000384616	ENSG00000169026	SLC49A3	ENSPKIP00000037994	ENSPKIG00000015953	SLC49A3
ENSP00000518261	ENSG00000161981	SNRNP25	ENSPKIP00000002943	ENSPKIG00000020652	snrnp25
ENSP00000671726	ENSG00000112081	SRSF3	ENSPKIP00000014303	ENSPKIG00000001408	
ENSP00000644394	ENSG00000186088	GSAP	ENSPKIP00000002961	ENSPKIG00000020662	gsap
ENSP00000429538	ENSG00000133872	SARAF	ENSPKIP00000037427	ENSPKIG00000015619	saraf
ENSP00000739550	ENSG00000054148	PHPT1	ENSPKIP00000023978	ENSPKIG00000007404	si:dkey-51e6.1
ENSP00000617837	ENSG00000103591	AAGAB	ENSPKIP00000037809	ENSPKIG00000015838	aagab
ENSP00000612374	ENSG00000087302	RTRAF	ENSPKIP00000036677	ENSPKIG00000015146	rtraf
ENSP00000392257	ENSG00000185250	PPIL6	ENSPKIP00000033292	ENSPKIG00000013067	ppil6
ENSP00000420966	ENSG00000188981	MSANTD1	ENSPKIP00000019196	ENSPKIG00000004462	msantd1
ENSP00000654518	ENSG00000101473	ACOT8	ENSPKIP00000037364	ENSPKIG00000015570	acot8
ENSP00000508388	ENSG00000165181	SHOC1	ENSPKIP00000009777	ENSPKIG00000024746	
ENSP00000316173	ENSG00000176597	B3GNT5	ENSPKIP00000034570	ENSPKIG00000013843	b3gnt5b
ENSP00000581576	ENSG00000197275	RAD54B	ENSPKIP00000036385	ENSPKIG00000014974	rad54b
ENSP00000322304	ENSG00000102312	PORCN	ENSPKIP00000029558	ENSPKIG00000010726	porcnl
ENSP00000265245	ENSG00000041802	LSG1	ENSPKIP00000016696	ENSPKIG00000002895	lsg1
ENSP00000364382	ENSG00000158122	PRXL2C	ENSPKIP00000040917	ENSPKIG00000017696	prxl2c
ENSP00000550567	ENSG00000100075	SLC25A1	ENSPKIP00000012122	ENSPKIG00000000028	slc25a1a
ENSP00000401115	ENSG00000008324	SS18L2	ENSPKIP00000012816	ENSPKIG00000000487	ss18l2
ENSP00000262982	ENSG00000124207	CSE1L	ENSPKIP00000009420	ENSPKIG00000024520	cse1l
ENSP00000799123	ENSG00000135046	ANXA1	ENSPKIP00000012753	ENSPKIG00000000435	anxa1d
ENSP00000495612	ENSG00000124733	MEA1	ENSPKIP00000027751	ENSPKIG00000009678	mea1
ENSP00000570077	ENSG00000134014	ELP3	ENSPKIP00000005056	ENSPKIG00000021890	elp3
ENSP00000485698	ENSG00000130349	MTRES1	ENSPKIP00000012547	ENSPKIG00000000305	mtres1
ENSP00000455052	ENSG00000182685	BRICD5	ENSPKIP00000015061	ENSPKIG00000001902	bricd5
ENSP00000779144	ENSG00000187824	TMEM220	ENSPKIP00000036000	ENSPKIG00000014740	tmem220
ENSP00000275954	ENSG00000147027	TMEM47	ENSPKIP00000040990	ENSPKIG00000017731	
ENSP00000586549	ENSG00000178952	TUFM	ENSPKIP00000008237	ENSPKIG00000023809	tufm
ENSP00000635719	ENSG00000119630	PGF	ENSPKIP00000014899	ENSPKIG00000001806	pgfb
ENSP00000487693	ENSG00000180957	PITPNB	ENSPKIP00000007602	ENSPKIG00000023432	PITPNB
ENSP00000559667	ENSG00000146233	CYP39A1	ENSPKIP00000036859	ENSPKIG00000015264	cyp39a1
ENSP00000352265	ENSG00000141933	TPGS1	ENSPKIP00000027337	ENSPKIG00000009451	tpgs1
ENSP00000265565	ENSG00000114650	SCAP	ENSPKIP00000005065	ENSPKIG00000021879	scap
ENSP00000366586	ENSG00000148482	SLC39A12	ENSPKIP00000030247	ENSPKIG00000011166	SLC39A12
ENSP00000696809	ENSG00000070423	RNF126	ENSPKIP00000009391	ENSPKIG00000024521	rnf126
ENSP00000216832	ENSG00000100941	PNN	ENSPKIP00000035253	ENSPKIG00000014281	pnn
ENSP00000539483	ENSG00000132386	SERPINF1	ENSPKIP00000032146	ENSPKIG00000012356	serpinf1
ENSP00000580915	ENSG00000100368	CSF2RB	ENSPKIP00000014180	ENSPKIG00000001341	
ENSP00000341108	ENSG00000188816	HMX2	ENSPKIP00000013509	ENSPKIG00000000925	hmx2
ENSP00000415654	ENSG00000147642	SYBU	ENSPKIP00000019298	ENSPKIG00000004526	sybu
ENSP00000558844	ENSG00000107874	CUEDC2	ENSPKIP00000042052	ENSPKIG00000018810	cuedc2
ENSP00000612971	ENSG00000122507	BBS9	ENSPKIP00000001968	ENSPKIG00000020039	bbs9
ENSP00000425923	ENSG00000109171	SLAIN2	ENSPKIP00000018555	ENSPKIG00000004084	slain2
ENSP00000651847	ENSG00000100418	DESI1	ENSPKIP00000018461	ENSPKIG00000004018	desi1b
ENSP00000498322	ENSG00000197753	LHFPL5	ENSPKIP00000025280	ENSPKIG00000008213	lhfpl5b
ENSP00000577023	ENSG00000170638	TRABD	ENSPKIP00000041052	ENSPKIG00000017773	trabd
ENSP00000545274	ENSG00000102032	RENBP	ENSPKIP00000024398	ENSPKIG00000007655	renbp
ENSP00000544468	ENSG00000140854	KATNB1	ENSPKIP00000007246	ENSPKIG00000023208	KATNB1
ENSP00000519708	ENSG00000108219	TSPAN14	ENSPKIP00000025146	ENSPKIG00000008121	tspan14
ENSP00000689944	ENSG00000126261	UBA2	ENSPKIP00000036419	ENSPKIG00000014979	uba2
ENSP00000605809	ENSG00000111641	NOP2	ENSPKIP00000010693	ENSPKIG00000025311	
ENSP00000600864	ENSG00000157456	CCNB2	ENSPKIP00000006687	ENSPKIG00000022862	ccnb2
ENSP00000364965	ENSG00000187742	SECISBP2	ENSPKIP00000022527	ENSPKIG00000006499	secisbp2
ENSP00000231887	ENSG00000113790	EHHADH	ENSPKIP00000000574	ENSPKIG00000019188	ehhadh
ENSP00000259006	ENSG00000136490	LIMD2	ENSPKIP00000039664	ENSPKIG00000016934	limd2
ENSP00000353470	ENSG00000196476	C20orf96	ENSPKIP00000039852	ENSPKIG00000017055	
ENSP00000520504	ENSG00000198730	CTR9	ENSPKIP00000006587	ENSPKIG00000022784	ctr9
ENSP00000353854	ENSG00000167173	C15orf39	ENSPKIP00000024160	ENSPKIG00000007522	
ENSP00000344215	ENSG00000164938	TP53INP1	ENSPKIP00000014407	ENSPKIG00000001484	tp53inp1
ENSP00000594465	ENSG00000149657	LSM14B	ENSPKIP00000017359	ENSPKIG00000003275	lsm14b
ENSP00000466881	ENSG00000172733	PURG	ENSPKIP00000011017	ENSPKIG00000025501	purg
ENSP00000611098	ENSG00000099998	GGT5	ENSPKIP00000039312	ENSPKIG00000016717	ggt5b
ENSP00000520567	ENSG00000125843	AP5S1	ENSPKIP00000007900	ENSPKIG00000023623	ap5s1
ENSP00000519449	ENSG00000104221	BRF2	ENSPKIP00000002843	ENSPKIG00000020580	brf2
ENSP00000470633	ENSG00000169136	ATF5	ENSPKIP00000000698	ENSPKIG00000019269	atf5a
ENSP00000631641	ENSG00000164944	VIRMA	ENSPKIP00000036544	ENSPKIG00000015043	virma
ENSP00000659347	ENSG00000168070	MAJIN	ENSPKIP00000010021	ENSPKIG00000024902	MAJIN
ENSP00000268383	ENSG00000140743	CDR2	ENSPKIP00000024636	ENSPKIG00000007809	cdr2b
ENSP00000532618	ENSG00000071189	SNX13	ENSPKIP00000012042	ENSPKIG00000025692	snx13
ENSP00000319897	ENSG00000005238	ATOSB	ENSPKIP00000036066	ENSPKIG00000014776	atosb
ENSP00000242786	ENSG00000123146	ADGRE5	ENSPKIP00000021504	ENSPKIG00000005841	adgre5b.1
ENSP00000453345	ENSG00000140374	ETFA	ENSPKIP00000025683	ENSPKIG00000008451	etfa
ENSP00000582475	ENSG00000091651	ORC6	ENSPKIP00000019726	ENSPKIG00000004775	orc6
ENSP00000758966	ENSG00000183684	ALYREF	ENSPKIP00000023445	ENSPKIG00000007070	
ENSP00000216862	ENSG00000019186	CYP24A1	ENSPKIP00000017695	ENSPKIG00000003487	cyp24a1
ENSP00000020945	ENSG00000019549	SNAI2	ENSPKIP00000015593	ENSPKIG00000002254	SNAI2
ENSP00000417972	ENSG00000121542	SEC22A	ENSPKIP00000002473	ENSPKIG00000020337	sec22a
ENSP00000358840	ENSG00000173915	ATP5MK	ENSPKIP00000013661	ENSPKIG00000001009	atp5md
ENSP00000580977	ENSG00000011638	LDAF1	ENSPKIP00000036597	ENSPKIG00000015111	
ENSP00000610967	ENSG00000149179	CSTPP1	ENSPKIP00000009134	ENSPKIG00000024348	cstpp1
ENSP00000360437	ENSG00000124098	FAM210B	ENSPKIP00000017523	ENSPKIG00000003397	
ENSP00000217420	ENSG00000101438	SLC32A1	ENSPKIP00000017804	ENSPKIG00000003580	slc32a1
ENSP00000694736	ENSG00000120885	CLU	ENSPKIP00000038242	ENSPKIG00000016099	clu
ENSP00000478388	ENSG00000274180	NATD1	ENSPKIP00000026300	ENSPKIG00000008830	natd1
ENSP00000301364	ENSG00000167721	TSR1	ENSPKIP00000034791	ENSPKIG00000013972	tsr1
ENSP00000637549	ENSG00000138744	NAAA	ENSPKIP00000008890	ENSPKIG00000024203	NAAA
ENSP00000351644	ENSG00000130299	GTPBP3	ENSPKIP00000026104	ENSPKIG00000008711	gtpbp3
ENSP00000315659	ENSG00000107554	DNMBP	ENSPKIP00000028196	ENSPKIG00000009926	dnmbp
ENSP00000668473	ENSG00000175792	RUVBL1	ENSPKIP00000010663	ENSPKIG00000025291	ruvbl1
ENSP00000364721	ENSG00000101367	MAPRE1	ENSPKIP00000019106	ENSPKIG00000004407	mapre1b
ENSP00000394320	ENSG00000241370	RPP21	ENSPKIP00000015790	ENSPKIG00000002378	rpp21
ENSP00000260743	ENSG00000138172	CALHM2	ENSPKIP00000015235	ENSPKIG00000002024	calhm2.1
ENSP00000490516	ENSG00000140718	FTO	ENSPKIP00000010808	ENSPKIG00000025376	fto
ENSP00000303754	ENSG00000171497	PPID	ENSPKIP00000000033	ENSPKIG00000018848	ppid
ENSP00000324463	ENSG00000119596	YLPM1	ENSPKIP00000004821	ENSPKIG00000021756	ylpm1
ENSP00000672114	ENSG00000105855	ITGB8	ENSPKIP00000006427	ENSPKIG00000022705	itgb8
ENSP00000523547	ENSG00000106723	SPIN1	ENSPKIP00000011786	ENSPKIG00000018734	
ENSP00000306625	ENSG00000169696	ASPSCR1	ENSPKIP00000028881	ENSPKIG00000010341	aspscr1
ENSP00000216027	ENSG00000100209	HSCB	ENSPKIP00000032131	ENSPKIG00000012344	hscb
ENSP00000541577	ENSG00000100652	SLC10A1	ENSPKIP00000034371	ENSPKIG00000013721	slc10a1
ENSP00000369857	ENSG00000163322	ABRAXAS1	ENSPKIP00000004746	ENSPKIG00000021725	abraxas1
ENSP00000358966	ENSG00000112706	IMPG1	ENSPKIP00000002291	ENSPKIG00000020228	
ENSP00000379216	ENSG00000100427	MLC1	ENSPKIP00000012596	ENSPKIG00000000319	mlc1
ENSP00000523343	ENSG00000119929	CUTC	ENSPKIP00000024896	ENSPKIG00000007956	cutc
ENSP00000790495	ENSG00000169891	REPS2	ENSPKIP00000004408	ENSPKIG00000021514	
ENSP00000514046	ENSG00000105879	CBLL1	ENSPKIP00000039558	ENSPKIG00000016867	cbll1
ENSP00000337797	ENSG00000177595	PIDD1	ENSPKIP00000035637	ENSPKIG00000014512	
ENSP00000386385	ENSG00000101417	PXMP4	ENSPKIP00000008433	ENSPKIG00000023929	pxmp4
ENSP00000661314	ENSG00000090989	EXOC1	ENSPKIP00000025724	ENSPKIG00000008457	exoc1
ENSP00000754780	ENSG00000189043	COXFA4	ENSPKIP00000017094	ENSPKIG00000003130	ndufa4b
ENSP00000526759	ENSG00000242173	ARHGDIG	ENSPKIP00000041537	ENSPKIG00000018045	arhgdig
ENSP00000624662	ENSG00000241484	ARHGAP8	ENSPKIP00000008548	ENSPKIG00000023988	ARHGAP8
ENSP00000768077	ENSG00000178741	COX5A	ENSPKIP00000018913	ENSPKIG00000004296	cox5aa
ENSP00000520780	ENSG00000125772	GPCPD1	ENSPKIP00000017853	ENSPKIG00000003553	gpcpd1
ENSP00000306754	ENSG00000171532	NEUROD2	ENSPKIP00000002479	ENSPKIG00000020361	NEUROD2
ENSP00000455529	ENSG00000099364	FBXL19	ENSPKIP00000025500	ENSPKIG00000008308	
ENSP00000362441	ENSG00000085224	ATRX	ENSPKIP00000005496	ENSPKIG00000022151	atrx
ENSP00000259467	ENSG00000136940	PDCL	ENSPKIP00000020611	ENSPKIG00000005321	pdcl
ENSP00000401260	ENSG00000105829	BET1	ENSPKIP00000014014	ENSPKIG00000001227	bet1
ENSP00000573232	ENSG00000096872	IFT74	ENSPKIP00000000075	ENSPKIG00000018861	ift74
ENSP00000509677	ENSG00000132600	PRMT7	ENSPKIP00000003324	ENSPKIG00000020866	prmt7
ENSP00000623263	ENSG00000101400	SNTA1	ENSPKIP00000029359	ENSPKIG00000010628	SNTA1
ENSP00000797962	ENSG00000260428	SCX	ENSPKIP00000002392	ENSPKIG00000020300	SCX
ENSP00000796035	ENSG00000181045	SLC26A11	ENSPKIP00000028329	ENSPKIG00000010018	slc26a11
ENSP00000586416	ENSG00000123892	RAB38	ENSPKIP00000007476	ENSPKIG00000023351	RAB38
ENSP00000540878	ENSG00000119446	RBM18	ENSPKIP00000020771	ENSPKIG00000005430	rbm18
ENSP00000358200	ENSG00000107560	RAB11FIP2	ENSPKIP00000011794	ENSPKIG00000018743	rab11fip2
ENSP00000631163	ENSG00000132423	COQ3	ENSPKIP00000006843	ENSPKIG00000022973	COQ3
ENSP00000629337	ENSG00000133321	PLAAT4	ENSPKIP00000000218	ENSPKIG00000018946	
ENSP00000525035	ENSG00000100983	GSS	ENSPKIP00000013048	ENSPKIG00000000616	gss
ENSP00000360973	ENSG00000180772	AGTR2	ENSPKIP00000005494	ENSPKIG00000022154	agtr2
ENSP00000564987	ENSG00000120053	GOT1	ENSPKIP00000036818	ENSPKIG00000015231	got1
ENSP00000640352	ENSG00000080572	DNAAF6	ENSPKIP00000035283	ENSPKIG00000014308	dnaaf6
ENSP00000229903	ENSG00000112167	SAYSD1	ENSPKIP00000017838	ENSPKIG00000003596	saysd1
ENSP00000167106	ENSG00000071246	VASH1	ENSPKIP00000017506	ENSPKIG00000003394	VASH1
ENSP00000252575	ENSG00000130287	NCAN	ENSPKIP00000028206	ENSPKIG00000009939	
ENSP00000482313	ENSG00000160957	RECQL4	ENSPKIP00000002257	ENSPKIG00000020206	recql4
ENSP00000779446	ENSG00000182287	AP1S2	ENSPKIP00000005175	ENSPKIG00000021955	ap1s2
ENSP00000495962	ENSG00000148019	CEP78	ENSPKIP00000003818	ENSPKIG00000021157	cep78
ENSP00000229758	ENSG00000112029	FBXO5	ENSPKIP00000003441	ENSPKIG00000020947	fbxo5
ENSP00000216039	ENSG00000100221	JOSD1	ENSPKIP00000013625	ENSPKIG00000000985	josd1
ENSP00000378897	ENSG00000188611	ASAH2	ENSPKIP00000010444	ENSPKIG00000025163	asah2
ENSP00000624872	ENSG00000183576	SETD3	ENSPKIP00000026021	ENSPKIG00000008654	setd3
ENSP00000494051	ENSG00000100167	SEPTIN3	ENSPKIP00000015282	ENSPKIG00000002056	septin3
ENSP00000544734	ENSG00000144847	IGSF11	ENSPKIP00000004597	ENSPKIG00000021637	igsf11
ENSP00000765771	ENSG00000161980	POLR3K	ENSPKIP00000002964	ENSPKIG00000020663	polr3k
ENSP00000328940	ENSG00000181625	SLX1B	ENSPKIP00000023972	ENSPKIG00000007396	slx1b
ENSP00000746151	ENSG00000161618	ALDH16A1	ENSPKIP00000002070	ENSPKIG00000020091	aldh16a1
ENSP00000332325	ENSG00000183779	ZNF703	ENSPKIP00000034807	ENSPKIG00000014003	ZNF703
ENSP00000232519	ENSG00000114405	CEP15	ENSPKIP00000008063	ENSPKIG00000023719	si:dkey-274m17.3
ENSP00000324270	ENSG00000180914	OXTR	ENSPKIP00000009669	ENSPKIG00000024683	oxtrb
ENSP00000491568	ENSG00000284024	MSANTD7	ENSPKIP00000013079	ENSPKIG00000000642	
ENSP00000523265	ENSG00000139192	TAPBPL	ENSPKIP00000024665	ENSPKIG00000007806	tapbpl
ENSP00000378326	ENSG00000188372	ZP3	ENSPKIP00000041772	ENSPKIG00000018176	
ENSP00000785773	ENSG00000172340	SUCLG2	ENSPKIP00000006109	ENSPKIG00000022512	SUCLG2
ENSP00000245957	ENSG00000089101	CFAP61	ENSPKIP00000039878	ENSPKIG00000017034	si:zfos-223e1.2
ENSP00000372750	ENSG00000184984	CHRM5	ENSPKIP00000015684	ENSPKIG00000002319	chrm5a
ENSP00000456845	ENSG00000103994	ZNF106	ENSPKIP00000025859	ENSPKIG00000008506	znf106a
ENSP00000518253	ENSG00000126746	ZNF384	ENSPKIP00000015533	ENSPKIG00000002222	znf384b
ENSP00000576535	ENSG00000138617	PARP16	ENSPKIP00000037919	ENSPKIG00000015906	parp16
ENSP00000386845	ENSG00000144331	ZNF385B	ENSPKIP00000003965	ENSPKIG00000021255	znf385b
ENSP00000397020	ENSG00000233436	BTBD18	ENSPKIP00000025286	ENSPKIG00000008221	
ENSP00000360855	ENSG00000152779	SLC16A12	ENSPKIP00000010098	ENSPKIG00000024944	slc16a12b
ENSP00000627699	ENSG00000151229	SLC2A13	ENSPKIP00000033912	ENSPKIG00000013437	slc2a13b
ENSP00000362442	ENSG00000124143	ARHGAP40	ENSPKIP00000017714	ENSPKIG00000003490	ARHGAP40
ENSP00000615485	ENSG00000141750	STAC2	ENSPKIP00000005419	ENSPKIG00000022092	STAC2
ENSP00000255078	ENSG00000132740	IGHMBP2	ENSPKIP00000000798	ENSPKIG00000019306	ighmbp2
ENSP00000363925	ENSG00000136824	SMC2	ENSPKIP00000014927	ENSPKIG00000001788	smc2
ENSP00000586734	ENSG00000105486	LIG1	ENSPKIP00000038267	ENSPKIG00000016081	lig1
ENSP00000797412	ENSG00000111711	GOLT1B	ENSPKIP00000025018	ENSPKIG00000008042	golt1bb
ENSP00000647194	ENSG00000107798	LIPA	ENSPKIP00000010223	ENSPKIG00000025024	lipf
ENSP00000613450	ENSG00000198898	CAPZA2	ENSPKIP00000025728	ENSPKIG00000008482	CAPZA2
ENSP00000342254	ENSG00000189227	C15orf61	ENSPKIP00000037867	ENSPKIG00000015892	zgc:162898
ENSP00000266395	ENSG00000139053	PDE6H	ENSPKIP00000029612	ENSPKIG00000010790	pde6ha.2
ENSP00000780032	ENSG00000213397	HAUS7	ENSPKIP00000023247	ENSPKIG00000006922	haus7
ENSP00000574353	ENSG00000166938	DIS3L	ENSPKIP00000037248	ENSPKIG00000015490	dis3l
ENSP00000596172	ENSG00000088833	NSFL1C	ENSPKIP00000023919	ENSPKIG00000007360	nsfl1c
ENSP00000530373	ENSG00000006282	SPATA20	ENSPKIP00000004218	ENSPKIG00000021415	spata20
ENSP00000356602	ENSG00000009844	VTA1	ENSPKIP00000015295	ENSPKIG00000002058	vta1
ENSP00000616158	ENSG00000149573	MPZL2	ENSPKIP00000010626	ENSPKIG00000025272	MPZL2
ENSP00000415836	ENSG00000158805	ZNF276	ENSPKIP00000019460	ENSPKIG00000004626	znf276
ENSP00000318158	ENSG00000062582	MRPS24	ENSPKIP00000016758	ENSPKIG00000002949	mrps24
ENSP00000571966	ENSG00000094631	HDAC6	ENSPKIP00000008725	ENSPKIG00000024072	hdac6
ENSP00000362202	ENSG00000136908	DPM2	ENSPKIP00000004313	ENSPKIG00000021474	dpm2
ENSP00000349568	ENSG00000197748	CFAP43	ENSPKIP00000015074	ENSPKIG00000001908	
ENSP00000668082	ENSG00000166477	LEO1	ENSPKIP00000004078	ENSPKIG00000021315	leo1
ENSP00000359116	ENSG00000125531	FNDC11	ENSPKIP00000021465	ENSPKIG00000005857	
ENSP00000644308	ENSG00000170786	SDR16C5	ENSPKIP00000028985	ENSPKIG00000010405	sdr16c5b
ENSP00000567151	ENSG00000198171	DDRGK1	ENSPKIP00000000418	ENSPKIG00000019095	DDRGK1
ENSP00000448580	ENSG00000166211	SPIC	ENSPKIP00000023473	ENSPKIG00000007092	spic
ENSP00000333833	ENSG00000183723	CMTM4	ENSPKIP00000023727	ENSPKIG00000007240	cmtm4
ENSP00000433926	ENSG00000100697	DICER1	ENSPKIP00000001827	ENSPKIG00000019962	dicer1
ENSP00000266732	ENSG00000120802	TMPO	ENSPKIP00000024624	ENSPKIG00000007795	tmpob
ENSP00000528363	ENSG00000099282	TSPAN15	ENSPKIP00000025701	ENSPKIG00000008464	tspan15
ENSP00000283905	ENSG00000153790	SPMIP4	ENSPKIP00000027665	ENSPKIG00000009627	
ENSP00000406203	ENSG00000171552	BCL2L1	ENSPKIP00000008639	ENSPKIG00000024053	BCL2L1
ENSP00000554442	ENSG00000110871	COQ5	ENSPKIP00000027468	ENSPKIG00000009514	COQ5
ENSP00000267803	ENSG00000140254	DUOXA1	ENSPKIP00000005481	ENSPKIG00000022139	duoxa
ENSP00000322508	ENSG00000100478	AP4S1	ENSPKIP00000033147	ENSPKIG00000012967	ap4s1
ENSP00000616580	ENSG00000157782	CABP1	ENSPKIP00000038078	ENSPKIG00000015994	cabp2a
ENSP00000634035	ENSG00000103227	LMF1	ENSPKIP00000010330	ENSPKIG00000025082	lmf1
ENSP00000634269	ENSG00000107745	MICU1	ENSPKIP00000022665	ENSPKIG00000006562	micu1
ENSP00000415026	ENSG00000224940	PRRT4	ENSPKIP00000007601	ENSPKIG00000023436	prrt4b
ENSP00000490100	ENSG00000153179	RASSF3	ENSPKIP00000027355	ENSPKIG00000009457	rassf3
ENSP00000397927	ENSG00000100227	POLDIP3	ENSPKIP00000015474	ENSPKIG00000002188	poldip3
ENSP00000266744	ENSG00000139352	ASCL1	ENSPKIP00000021951	ENSPKIG00000006153	ascl1a
ENSP00000772878	ENSG00000124194	GDAP1L1	ENSPKIP00000030582	ENSPKIG00000011388	gdap1l1
ENSP00000596709	ENSG00000100600	LGMN	ENSPKIP00000035194	ENSPKIG00000014058	lgmn
ENSP00000297537	ENSG00000164900	GBX1	ENSPKIP00000019883	ENSPKIG00000004870	gbx1
ENSP00000635241	ENSG00000188176	SMTNL2	ENSPKIP00000003671	ENSPKIG00000021081	SMTNL2
ENSP00000685199	ENSG00000090054	SPTLC1	ENSPKIP00000003617	ENSPKIG00000021034	sptlc1
ENSP00000288912	ENSG00000158023	CFAP251	ENSPKIP00000008129	ENSPKIG00000023760	cfap251
ENSP00000383594	ENSG00000215712	TMEM242	ENSPKIP00000007639	ENSPKIG00000023456	tmem242
ENSP00000657937	ENSG00000099812	MISP	ENSPKIP00000031869	ENSPKIG00000012191	
ENSP00000418593	ENSG00000124104	SNX21	ENSPKIP00000042034	ENSPKIG00000018370	snx21
ENSP00000393987	ENSG00000198673	TAFA2	ENSPKIP00000041735	ENSPKIG00000018157	TAFA3
ENSP00000492160	ENSG00000206069	LHFPL7	ENSPKIP00000001469	ENSPKIG00000019759	si:dkey-35m8.1
ENSP00000800771	ENSG00000100216	TOMM22	ENSPKIP00000016144	ENSPKIG00000002598	tomm22
ENSP00000349446	ENSG00000118520	ARG1	ENSPKIP00000015942	ENSPKIG00000002459	arg1
ENSP00000499661	ENSG00000188322	SBK1	ENSPKIP00000022320	ENSPKIG00000006373	sbk1
ENSP00000249014	ENSG00000128283	CDC42EP1	ENSPKIP00000016371	ENSPKIG00000002717	cdc42ep1a
ENSP00000380251	ENSG00000213965	NUDT19	ENSPKIP00000002738	ENSPKIG00000020518	nudt19
ENSP00000495832	ENSG00000119913	TECTB	ENSPKIP00000013798	ENSPKIG00000001093	tectb
ENSP00000254250	ENSG00000131931	THAP1	ENSPKIP00000000193	ENSPKIG00000018957	THAP1
ENSP00000672588	ENSG00000161944	ASGR2	ENSPKIP00000030818	ENSPKIG00000011534	
ENSP00000360998	ENSG00000152766	ANKRD22	ENSPKIP00000010216	ENSPKIG00000025019	ankrd22
ENSP00000566595	ENSG00000102934	PLLP	ENSPKIP00000005310	ENSPKIG00000022030	pllp
ENSP00000509830	ENSG00000122877	EGR2	ENSPKIP00000013472	ENSPKIG00000000900	egr2b
ENSP00000417278	ENSG00000178053	MLF1	ENSPKIP00000019982	ENSPKIG00000004936	mlf1
ENSP00000323897	ENSG00000167984	NLRC3	ENSPKIP00000015738	ENSPKIG00000002323	nlrc3
ENSP00000358902	ENSG00000130590	SAMD10	ENSPKIP00000020667	ENSPKIG00000005361	samd10b
ENSP00000229554	ENSG00000111834	RSPH4A	ENSPKIP00000039856	ENSPKIG00000017045	rsph4a
ENSP00000215912	ENSG00000100100	PIK3IP1	ENSPKIP00000007334	ENSPKIG00000023271	PIK3IP1
ENSP00000480722	ENSG00000275074	NUDT18	ENSPKIP00000010158	ENSPKIG00000024982	nudt18
ENSP00000344071	ENSG00000053328	METTL24	ENSPKIP00000033860	ENSPKIG00000013414	METTL24
ENSP00000552425	ENSG00000166169	POLL	ENSPKIP00000014142	ENSPKIG00000001318	poll
ENSP00000329757	ENSG00000185883	ATP6V0C	ENSPKIP00000025678	ENSPKIG00000008460	ATP6V0C
ENSP00000502774	ENSG00000185900	POMK	ENSPKIP00000039413	ENSPKIG00000016773	pomk
ENSP00000505244	ENSG00000239900	ADSL	ENSPKIP00000023768	ENSPKIG00000007255	adsl
ENSP00000636312	ENSG00000065457	ADAT1	ENSPKIP00000019969	ENSPKIG00000004925	adat1
ENSP00000617341	ENSG00000104723	TUSC3	ENSPKIP00000009579	ENSPKIG00000024639	tusc3
ENSP00000277010	ENSG00000147955	SIGMAR1	ENSPKIP00000006808	ENSPKIG00000022940	sigmar1
ENSP00000419713	ENSG00000163584	RPL22L1	ENSPKIP00000003059	ENSPKIG00000020724	rpl22l1
ENSP00000397863	ENSG00000157368	IL34	ENSPKIP00000016515	ENSPKIG00000002808	il34
ENSP00000587180	ENSG00000153107	ANAPC1	ENSPKIP00000003654	ENSPKIG00000021019	anapc1
ENSP00000585016	ENSG00000118162	KPTN	ENSPKIP00000037172	ENSPKIG00000015461	kptn
ENSP00000006015	ENSG00000005073	HOXA11	ENSPKIP00000012392	ENSPKIG00000000203	hoxa11b
ENSP00000571436	ENSG00000182220	ATP6AP2	ENSPKIP00000032751	ENSPKIG00000012713	atp6ap2
ENSP00000777359	ENSG00000145103	ILDR1	ENSPKIP00000028349	ENSPKIG00000010032	ildr1b
ENSP00000347197	ENSG00000197405	C5AR1	ENSPKIP00000011973	ENSPKIG00000025668	c3ar1
ENSP00000787029	ENSG00000104976	SNAPC2	ENSPKIP00000012210	ENSPKIG00000000084	
ENSP00000376504	ENSG00000110002	VWA5A	ENSPKIP00000026563	ENSPKIG00000008958	
ENSP00000490925	ENSG00000227051	C14orf132	ENSPKIP00000006248	ENSPKIG00000022610	C14orf132
ENSP00000529108	ENSG00000136444	RSAD1	ENSPKIP00000041034	ENSPKIG00000017753	rsad1
ENSP00000346359	ENSG00000100578	KIAA0586	ENSPKIP00000037253	ENSPKIG00000015498	si:ch211-185a18.2
ENSP00000376506	ENSG00000114209	PDCD10	ENSPKIP00000009270	ENSPKIG00000024386	pdcd10b
ENSP00000530582	ENSG00000140287	HDC	ENSPKIP00000001326	ENSPKIG00000019642	hdc
ENSP00000532809	ENSG00000105583	WDR83OS	ENSPKIP00000020245	ENSPKIG00000005091	wdr83os
ENSP00000525735	ENSG00000111911	HINT3	ENSPKIP00000033067	ENSPKIG00000012913	hint3
ENSP00000603145	ENSG00000101191	DIDO1	ENSPKIP00000004414	ENSPKIG00000021536	
ENSP00000257787	ENSG00000135334	AKIRIN2	ENSPKIP00000038794	ENSPKIG00000016435	akirin2
ENSP00000379369	ENSG00000171956	FOXB1	ENSPKIP00000025104	ENSPKIG00000008092	FOXB1
ENSP00000616230	ENSG00000109991	P2RX3	ENSPKIP00000036781	ENSPKIG00000015212	p2rx3b
ENSP00000319739	ENSG00000117906	RCN2	ENSPKIP00000025796	ENSPKIG00000008525	rcn2
ENSP00000381928	ENSG00000137463	MGARP	ENSPKIP00000033709	ENSPKIG00000013320	
ENSP00000514095	ENSG00000042980	ADAM28	ENSPKIP00000012095	ENSPKIG00000000009	adam28
ENSP00000398350	ENSG00000175573	C11orf68	ENSPKIP00000024205	ENSPKIG00000007550	zgc:63470
ENSP00000582825	ENSG00000138771	SHROOM3	ENSPKIP00000025165	ENSPKIG00000008146	shroom3
ENSP00000613704	ENSG00000104142	VPS18	ENSPKIP00000013260	ENSPKIG00000000753	vps18
ENSP00000335147	ENSG00000186352	ANKRD37	ENSPKIP00000007994	ENSPKIG00000023670	ankrd37
ENSP00000424718	ENSG00000174130	TLR6	ENSPKIP00000033701	ENSPKIG00000013318	
ENSP00000424757	ENSG00000137601	NEK1	ENSPKIP00000017934	ENSPKIG00000003655	NEK1
ENSP00000590295	ENSG00000178445	GLDC	ENSPKIP00000021629	ENSPKIG00000005912	gldc
ENSP00000722224	ENSG00000100568	VTI1B	ENSPKIP00000005900	ENSPKIG00000022396	vti1b
ENSP00000239690	ENSG00000120526	NUDCD1	ENSPKIP00000035764	ENSPKIG00000014572	nudcd1
ENSP00000262794	ENSG00000073146	MOV10L1	ENSPKIP00000015949	ENSPKIG00000002415	
ENSP00000326630	ENSG00000179588	ZFPM1	ENSPKIP00000018028	ENSPKIG00000003731	zfpm1
ENSP00000375647	ENSG00000105605	CACNG7	ENSPKIP00000032711	ENSPKIG00000012687	CACNG7
ENSP00000402038	ENSG00000135297	MTO1	ENSPKIP00000024950	ENSPKIG00000008001	mto1
ENSP00000354468	ENSG00000100243	CYB5R3	ENSPKIP00000009837	ENSPKIG00000024781	cyb5r3
ENSP00000397313	ENSG00000015413	DPEP1	ENSPKIP00000026468	ENSPKIG00000008937	dpep1
ENSP00000537808	ENSG00000052841	TTC17	ENSPKIP00000004761	ENSPKIG00000021708	ttc17
ENSP00000282701	ENSG00000152785	BMP3	ENSPKIP00000037102	ENSPKIG00000015421	bmp3
ENSP00000790629	ENSG00000187244	BCAM	ENSPKIP00000009212	ENSPKIG00000024413	bcam
ENSP00000333946	ENSG00000119723	COQ6	ENSPKIP00000015323	ENSPKIG00000002072	COQ6
ENSP00000270861	ENSG00000142731	PLK4	ENSPKIP00000035449	ENSPKIG00000014404	plk4
ENSP00000792092	ENSG00000167536	DHRS13	ENSPKIP00000013388	ENSPKIG00000000851	dhrs13a.3
ENSP00000262219	ENSG00000104537	ANXA13	ENSPKIP00000015847	ENSPKIG00000002403	anxa13l
ENSP00000619257	ENSG00000083457	ITGAE	ENSPKIP00000033322	ENSPKIG00000013080	
ENSP00000780519	ENSG00000187735	TCEA1	ENSPKIP00000029653	ENSPKIG00000010819	tcea1
ENSP00000567786	ENSG00000163960	UBXN7	ENSPKIP00000031266	ENSPKIG00000011801	ubxn7
ENSP00000311447	ENSG00000174939	ASPHD1	ENSPKIP00000039677	ENSPKIG00000016943	
ENSP00000219837	ENSG00000103550	KNOP1	ENSPKIP00000017240	ENSPKIG00000003248	
ENSP00000775153	ENSG00000142541	RPL13A	ENSPKIP00000013197	ENSPKIG00000000720	rpl13a
ENSP00000284061	ENSG00000153933	DGKE	ENSPKIP00000019067	ENSPKIG00000004381	dgke
ENSP00000795052	ENSG00000258429	PDF	ENSPKIP00000019242	ENSPKIG00000004491	pdf
ENSP00000215941	ENSG00000100124	ANKRD54	ENSPKIP00000022515	ENSPKIG00000006491	ankrd54
ENSP00000786323	ENSG00000146540	CHLSN	ENSPKIP00000023107	ENSPKIG00000006871	zmp:0000000624
ENSP00000306473	ENSG00000171241	SHCBP1	ENSPKIP00000019371	ENSPKIG00000004554	SHCBP1
ENSP00000430711	ENSG00000174417	TRHR	ENSPKIP00000035847	ENSPKIG00000014640	trhrb
ENSP00000414786	ENSG00000180694	TMEM64	ENSPKIP00000022473	ENSPKIG00000006469	tmem64
ENSP00000693260	ENSG00000163520	FBLN2	ENSPKIP00000019803	ENSPKIG00000004833	fbln2
ENSP00000770490	ENSG00000147364	FBXO25	ENSPKIP00000022292	ENSPKIG00000006352	fbxo25
ENSP00000627586	ENSG00000130956	HABP4	ENSPKIP00000041111	ENSPKIG00000017795	
ENSP00000346805	ENSG00000196431	CRYBA4	ENSPKIP00000035857	ENSPKIG00000014643	cryba4
ENSP00000408256	ENSG00000105983	LMBR1	ENSPKIP00000021476	ENSPKIG00000005855	lmbr1
ENSP00000306788	ENSG00000170540	ARL6IP1	ENSPKIP00000029293	ENSPKIG00000010596	arl6ip1
ENSP00000510419	ENSG00000165527	ARF6	ENSPKIP00000003953	ENSPKIG00000021248	
ENSP00000450420	ENSG00000100744	GSKIP	ENSPKIP00000015977	ENSPKIG00000002495	gskip
ENSP00000363349	ENSG00000148158	SNX30	ENSPKIP00000011299	ENSPKIG00000018432	snx30
ENSP00000171757	ENSG00000078589	P2RY10	ENSPKIP00000004733	ENSPKIG00000021721	p2ry10
ENSP00000367391	ENSG00000229183	PGA4	ENSPKIP00000016930	ENSPKIG00000003046	
ENSP00000369643	ENSG00000126010	GRPR	ENSPKIP00000003987	ENSPKIG00000021273	grpr
ENSP00000603103	ENSG00000101868	POLA1	ENSPKIP00000010323	ENSPKIG00000025070	pola1
ENSP00000455829	ENSG00000155330	C16orf87	ENSPKIP00000029788	ENSPKIG00000010899	zgc:92818
ENSP00000605053	ENSG00000165802	NSMF	ENSPKIP00000009950	ENSPKIG00000024849	nsmfb
ENSP00000784056	ENSG00000175305	CCNE2	ENSPKIP00000014440	ENSPKIG00000001507	ccne2
ENSP00000601728	ENSG00000110721	CHKA	ENSPKIP00000018047	ENSPKIG00000003754	chka
ENSP00000469945	ENSG00000074842	MYDGF	ENSPKIP00000013096	ENSPKIG00000000657	mydgf
ENSP00000452007	ENSG00000165898	ISCA2	ENSPKIP00000016024	ENSPKIG00000002527	isca2
ENSP00000622446	ENSG00000185721	DRG1	ENSPKIP00000006213	ENSPKIG00000022572	drg1
ENSP00000356563	ENSG00000034693	PEX3	ENSPKIP00000014930	ENSPKIG00000001815	pex3
ENSP00000239144	ENSG00000120068	HOXB8	ENSPKIP00000012662	ENSPKIG00000000388	hoxb8b
ENSP00000511967	ENSG00000151338	MIPOL1	ENSPKIP00000036951	ENSPKIG00000015332	mipol1
ENSP00000785335	ENSG00000151466	SCLT1	ENSPKIP00000031930	ENSPKIG00000012230	sclt1
ENSP00000550429	ENSG00000135148	TRAFD1	ENSPKIP00000040426	ENSPKIG00000017365	trafd1
ENSP00000331298	ENSG00000185262	UBALD2	ENSPKIP00000026210	ENSPKIG00000008781	ubald2
ENSP00000428714	ENSG00000105339	DENND3	ENSPKIP00000001411	ENSPKIG00000019719	dennd3a
ENSP00000540186	ENSG00000162174	ASRGL1	ENSPKIP00000016301	ENSPKIG00000002669	asrgl1
ENSP00000355050	ENSG00000132792	CTNNBL1	ENSPKIP00000008393	ENSPKIG00000023902	ctnnbl1
ENSP00000514013	ENSG00000100385	IL2RB	ENSPKIP00000024027	ENSPKIG00000007443	il2rb
ENSP00000529772	ENSG00000169738	DCXR	ENSPKIP00000025033	ENSPKIG00000008044	dcxr
ENSP00000656962	ENSG00000010361	FUZ	ENSPKIP00000042022	ENSPKIG00000018379	fuz
ENSP00000507595	ENSG00000102384	CENPI	ENSPKIP00000013769	ENSPKIG00000001063	cenpi
ENSP00000500196	ENSG00000100027	YPEL1	ENSPKIP00000033019	ENSPKIG00000012882	
ENSP00000361004	ENSG00000123496	IL13RA2	ENSPKIP00000041062	ENSPKIG00000017783	il13ra2
ENSP00000639710	ENSG00000120539	MASTL	ENSPKIP00000028327	ENSPKIG00000009992	mastl
ENSP00000539624	ENSG00000151498	ACAD8	ENSPKIP00000018645	ENSPKIG00000004132	acad8
ENSP00000795253	ENSG00000071859	FAM50A	ENSPKIP00000018894	ENSPKIG00000004275	FAM50B
ENSP00000550112	ENSG00000196510	ANAPC7	ENSPKIP00000023167	ENSPKIG00000006888	anapc7
ENSP00000357348	ENSG00000135547	HEY2	ENSPKIP00000033012	ENSPKIG00000012879	hey2
ENSP00000508002	ENSG00000188993	LRRC66	ENSPKIP00000008225	ENSPKIG00000023806	
ENSP00000262043	ENSG00000118482	PHF3	ENSPKIP00000017856	ENSPKIG00000003608	phf3
ENSP00000708645	ENSG00000090539	CHRD	ENSPKIP00000034627	ENSPKIG00000013883	chrd
ENSP00000367064	ENSG00000107611	CUBN	ENSPKIP00000018011	ENSPKIG00000003626	cubn
ENSP00000363436	ENSG00000204175	GPRIN2	ENSPKIP00000016335	ENSPKIG00000002703	si:dkey-191g9.7
ENSP00000483102	ENSG00000128271	ADORA2A	ENSPKIP00000022634	ENSPKIG00000006560	adora2aa
ENSP00000630454	ENSG00000159674	SPON2	ENSPKIP00000026416	ENSPKIG00000008917	spon2a
ENSP00000562602	ENSG00000112234	FBXL4	ENSPKIP00000006903	ENSPKIG00000022995	fbxl4
ENSP00000677588	ENSG00000070761	CFAP20	ENSPKIP00000001922	ENSPKIG00000020019	cfap20
ENSP00000760790	ENSG00000180879	SSR4	ENSPKIP00000038569	ENSPKIG00000016289	ssr4
ENSP00000385300	ENSG00000106404	CLDN15	ENSPKIP00000022890	ENSPKIG00000006689	cldn15a
ENSP00000358727	ENSG00000148834	GSTO1	ENSPKIP00000015090	ENSPKIG00000001925	
ENSP00000568177	ENSG00000176476	SGF29	ENSPKIP00000011432	ENSPKIG00000018503	sgf29
ENSP00000469759	ENSG00000183423	LRIT3	ENSPKIP00000012809	ENSPKIG00000000482	lrit3a
ENSP00000631518	ENSG00000198208	RPS6KL1	ENSPKIP00000017362	ENSPKIG00000003306	rps6kl1
ENSP00000295213	ENSG00000163071	SPATA18	ENSPKIP00000019232	ENSPKIG00000004474	spata18
ENSP00000607432	ENSG00000136982	DSCC1	ENSPKIP00000000352	ENSPKIG00000019054	dscc1
ENSP00000545224	ENSG00000114779	ABHD14B	ENSPKIP00000014486	ENSPKIG00000001528	abhd14b
ENSP00000216075	ENSG00000100253	MIOX	ENSPKIP00000033983	ENSPKIG00000013486	miox
ENSP00000550210	ENSG00000175567	UCP2	ENSPKIP00000008854	ENSPKIG00000024180	ucp2
ENSP00000533128	ENSG00000078114	NEBL	ENSPKIP00000029511	ENSPKIG00000010728	
ENSP00000156471	ENSG00000021776	AQR	ENSPKIP00000018225	ENSPKIG00000003825	aqr
ENSP00000369049	ENSG00000147010	SH3KBP1	ENSPKIP00000037714	ENSPKIG00000015727	sh3kbp1
ENSP00000477532	ENSG00000104691	UBXN8	ENSPKIP00000011028	ENSPKIG00000025508	ubxn8
ENSP00000538112	ENSG00000145439	CBR4	ENSPKIP00000018334	ENSPKIG00000003928	cbr4
ENSP00000621487	ENSG00000100151	PICK1	ENSPKIP00000025497	ENSPKIG00000008339	pick1
ENSP00000640483	ENSG00000006062	MAP3K14	ENSPKIP00000011726	ENSPKIG00000018705	map3k14a
ENSP00000427262	ENSG00000145700	ANKRD31	ENSPKIP00000000237	ENSPKIG00000018983	
ENSP00000496731	ENSG00000122335	SERAC1	ENSPKIP00000008222	ENSPKIG00000023790	serac1
ENSP00000508993	ENSG00000172046	USP19	ENSPKIP00000006838	ENSPKIG00000022950	usp19
ENSP00000309087	ENSG00000173261	PLAC8L1	ENSPKIP00000009410	ENSPKIG00000024535	plac8l1
ENSP00000567501	ENSG00000099795	NDUFB7	ENSPKIP00000033241	ENSPKIG00000013028	ndufb7
ENSP00000299952	ENSG00000140832	MARVELD3	ENSPKIP00000024755	ENSPKIG00000007876	si:ch211-191a24.4
ENSP00000560216	ENSG00000074527	NTN4	ENSPKIP00000036140	ENSPKIG00000014811	ntn4
ENSP00000283441	ENSG00000188818	ZDHHC11	ENSPKIP00000000789	ENSPKIG00000019317	zdhhc11
ENSP00000303325	ENSG00000169836	TACR3	ENSPKIP00000029658	ENSPKIG00000010824	
ENSP00000518195	ENSG00000099381	SETD1A	ENSPKIP00000002461	ENSPKIG00000020335	
ENSP00000293845	ENSG00000161973	CCDC42	ENSPKIP00000020285	ENSPKIG00000005116	
ENSP00000256996	ENSG00000134574	DDB2	ENSPKIP00000017830	ENSPKIG00000003594	ddb2
ENSP00000777055	ENSG00000136819	C9orf78	ENSPKIP00000010249	ENSPKIG00000025036	zgc:103692
ENSP00000632448	ENSG00000127415	IDUA	ENSPKIP00000037548	ENSPKIG00000015667	idua
ENSP00000452201	ENSG00000198133	TMEM229B	ENSPKIP00000023749	ENSPKIG00000007264	tmem229b
ENSP00000262510	ENSG00000140853	NLRC5	ENSPKIP00000005565	ENSPKIG00000022182	
ENSP00000467600	ENSG00000108639	SYNGR2	ENSPKIP00000024548	ENSPKIG00000007758	SYNGR2
ENSP00000720553	ENSG00000129595	EPB41L4A	ENSPKIP00000011942	ENSPKIG00000025599	epb41l4a
ENSP00000555882	ENSG00000137077	CCL21	ENSPKIP00000026966	ENSPKIG00000009232	
ENSP00000231009	ENSG00000113088	GZMK	ENSPKIP00000002930	ENSPKIG00000020640	
ENSP00000442773	ENSG00000008283	CYB561	ENSPKIP00000003325	ENSPKIG00000020881	cyb561
ENSP00000494872	ENSG00000147894	C9orf72	ENSPKIP00000015013	ENSPKIG00000001859	zgc:100846
ENSP00000366901	ENSG00000204856	FAM216A	ENSPKIP00000023283	ENSPKIG00000006969	
ENSP00000353915	ENSG00000164270	HTR4	ENSPKIP00000001205	ENSPKIG00000019566	htr4
ENSP00000665426	ENSG00000180817	PPA1	ENSPKIP00000024336	ENSPKIG00000007633	ppa1a
ENSP00000333113	ENSG00000170448	NFXL1	ENSPKIP00000041621	ENSPKIG00000018097	nfxl1
ENSP00000397297	ENSG00000185652	NTF3	ENSPKIP00000027750	ENSPKIG00000009677	ntf3
ENSP00000568734	ENSG00000198951	NAGA	ENSPKIP00000033022	ENSPKIG00000012875	NAGA
ENSP00000396301	ENSG00000113141	IK	ENSPKIP00000002795	ENSPKIG00000020532	ik
ENSP00000333433	ENSG00000182628	SKA2	ENSPKIP00000034023	ENSPKIG00000013504	ska2
ENSP00000584968	ENSG00000205250	E2F4	ENSPKIP00000007359	ENSPKIG00000023286	e2f4
ENSP00000468818	ENSG00000161888	SPC24	ENSPKIP00000024289	ENSPKIG00000007607	spc24
ENSP00000332806	ENSG00000183798	EMILIN3	ENSPKIP00000020748	ENSPKIG00000005418	emilin3a
ENSP00000787331	ENSG00000163607	GTPBP8	ENSPKIP00000034035	ENSPKIG00000013526	gtpbp8
ENSP00000302441	ENSG00000170191	NANP	ENSPKIP00000024269	ENSPKIG00000007595	nanp
ENSP00000322579	ENSG00000040633	PHF23	ENSPKIP00000014429	ENSPKIG00000001497	PHF23
ENSP00000349244	ENSG00000107938	EDRF1	ENSPKIP00000014219	ENSPKIG00000001321	edrf1
ENSP00000628541	ENSG00000196365	LONP1	ENSPKIP00000012033	ENSPKIG00000025624	LONP1
ENSP00000389383	ENSG00000144589	STK11IP	ENSPKIP00000034182	ENSPKIG00000013611	stk11ip
ENSP00000556564	ENSG00000103769	RAB11A	ENSPKIP00000024299	ENSPKIG00000007606	rab11a
ENSP00000335201	ENSG00000186666	BCDIN3D	ENSPKIP00000009541	ENSPKIG00000024617	bcdin3d
ENSP00000331479	ENSG00000182224	CYB5D1	ENSPKIP00000022667	ENSPKIG00000006579	cyb5d1
ENSP00000293851	ENSG00000103355	PRSS33	ENSPKIP00000011776	ENSPKIG00000018665	si:dkey-16l2.17
ENSP00000534387	ENSG00000108468	CBX1	ENSPKIP00000035632	ENSPKIG00000014496	cbx1a
ENSP00000468980	ENSG00000269743	SLC25A53	ENSPKIP00000012158	ENSPKIG00000000056	
ENSP00000538062	ENSG00000120725	SIL1	ENSPKIP00000002453	ENSPKIG00000020342	sil1
ENSP00000635452	ENSG00000103266	STUB1	ENSPKIP00000024843	ENSPKIG00000007913	stub1
ENSP00000479889	ENSG00000198001	IRAK4	ENSPKIP00000006911	ENSPKIG00000023007	irak4
ENSP00000527435	ENSG00000183624	HMCES	ENSPKIP00000008041	ENSPKIG00000023701	hmces
ENSP00000352414	ENSG00000158815	FGF17	ENSPKIP00000010096	ENSPKIG00000024947	fgf17
ENSP00000774198	ENSG00000165283	STOML2	ENSPKIP00000031563	ENSPKIG00000011990	stoml2
ENSP00000305255	ENSG00000170310	STX8	ENSPKIP00000022057	ENSPKIG00000006210	stx8
ENSP00000542511	ENSG00000168924	LETM1	ENSPKIP00000035004	ENSPKIG00000014103	letm1
ENSP00000351258	ENSG00000125375	DMAC2L	ENSPKIP00000032021	ENSPKIG00000012276	dmac2l
ENSP00000530528	ENSG00000101361	NOP56	ENSPKIP00000039967	ENSPKIG00000017104	nop56
ENSP00000468578	ENSG00000166482	MFAP4	ENSPKIP00000014693	ENSPKIG00000001640	MFAP4
ENSP00000412524	ENSG00000163449	TMEM169	ENSPKIP00000028389	ENSPKIG00000010060	tmem169b
ENSP00000331720	ENSG00000182831	HAPSTR1	ENSPKIP00000042017	ENSPKIG00000018384	hapstr1a
ENSP00000649272	ENSG00000148719	DNAJB12	ENSPKIP00000024143	ENSPKIG00000007501	dnajb12b
ENSP00000393719	ENSG00000187912	CLEC17A	ENSPKIP00000038636	ENSPKIG00000016340	
ENSP00000404916	ENSG00000163701	IL17RE	ENSPKIP00000018895	ENSPKIG00000004284	
ENSP00000282572	ENSG00000152669	CCNO	ENSPKIP00000005863	ENSPKIG00000022371	CCNO
ENSP00000652007	ENSG00000187097	ENTPD5	ENSPKIP00000015346	ENSPKIG00000002102	entpd5a
ENSP00000363322	ENSG00000176386	CDC26	ENSPKIP00000040281	ENSPKIG00000017309	cdc26
ENSP00000659278	ENSG00000165097	KDM1B	ENSPKIP00000020048	ENSPKIG00000004938	KDM1B
ENSP00000512616	ENSG00000160211	G6PD	ENSPKIP00000008950	ENSPKIG00000024234	g6pd
ENSP00000370624	ENSG00000155545	MIER3	ENSPKIP00000011823	ENSPKIG00000018744	mier3b
ENSP00000314444	ENSG00000118965	WDR35	ENSPKIP00000007002	ENSPKIG00000023031	wdr35
ENSP00000625730	ENSG00000188554	NBR1	ENSPKIP00000014716	ENSPKIG00000001662	nbr1a
ENSP00000368219	ENSG00000165609	NUDT5	ENSPKIP00000011011	ENSPKIG00000025499	nudt5
ENSP00000360498	ENSG00000182154	MRPL41	ENSPKIP00000009977	ENSPKIG00000024870	mrpl41
ENSP00000265340	ENSG00000069011	PITX1	ENSPKIP00000028744	ENSPKIG00000010273	pitx1
ENSP00000394682	ENSG00000132153	DHX30	ENSPKIP00000013230	ENSPKIG00000000741	dhx30
ENSP00000363714	ENSG00000106771	TMEM245	ENSPKIP00000005947	ENSPKIG00000022402	tmem245
ENSP00000414906	ENSG00000132912	DCTN4	ENSPKIP00000038247	ENSPKIG00000016087	dctn4
ENSP00000497609	ENSG00000128908	INO80	ENSPKIP00000004344	ENSPKIG00000021450	ino80
ENSP00000322460	ENSG00000177098	SCN4B	ENSPKIP00000010599	ENSPKIG00000025258	scn4ba
ENSP00000713503	ENSG00000131174	COX7B	ENSPKIP00000026556	ENSPKIG00000008987	
ENSP00000556583	ENSG00000100225	FBXO7	ENSPKIP00000014985	ENSPKIG00000001848	fbxo7
ENSP00000368931	ENSG00000164221	CCDC112	ENSPKIP00000040442	ENSPKIG00000017406	
ENSP00000332123	ENSG00000088899	LZTS3	ENSPKIP00000000370	ENSPKIG00000019072	LZTS3
ENSP00000345895	ENSG00000093000	NUP50	ENSPKIP00000000361	ENSPKIG00000019064	nup50
ENSP00000784117	ENSG00000051596	THOC3	ENSPKIP00000012406	ENSPKIG00000000208	thoc3
ENSP00000478501	ENSG00000164162	ANAPC10	ENSPKIP00000038184	ENSPKIG00000016066	anapc10
ENSP00000377211	ENSG00000126903	SLC10A3	ENSPKIP00000019540	ENSPKIG00000004672	slc10a3
ENSP00000513244	ENSG00000104320	NBN	ENSPKIP00000012676	ENSPKIG00000000399	nbn
ENSP00000589669	ENSG00000104112	SCG3	ENSPKIP00000003881	ENSPKIG00000021206	scg3
ENSP00000323872	ENSG00000244165	P2RY11	ENSPKIP00000028521	ENSPKIG00000010137	p2ry11
ENSP00000481110	ENSG00000101447	FAM83D	ENSPKIP00000021290	ENSPKIG00000005759	fam83d
ENSP00000384273	ENSG00000173039	RELA	ENSPKIP00000024235	ENSPKIG00000007574	rela
ENSP00000268459	ENSG00000140807	NKD1	ENSPKIP00000020641	ENSPKIG00000005346	nkd1
ENSP00000360310	ENSG00000054796	SPO11	ENSPKIP00000010884	ENSPKIG00000025422	spo11
ENSP00000550990	ENSG00000198780	FAM169A	ENSPKIP00000042008	ENSPKIG00000018819	FAM169A
ENSP00000392896	ENSG00000230989	HSBP1	ENSPKIP00000005113	ENSPKIG00000021926	hsbp1a
ENSP00000536831	ENSG00000106927	AMBP	ENSPKIP00000004536	ENSPKIG00000021601	ambp
ENSP00000306080	ENSG00000171861	MRM3	ENSPKIP00000032715	ENSPKIG00000012704	MRM3
ENSP00000562777	ENSG00000060491	OGFR	ENSPKIP00000004288	ENSPKIG00000021464	ogfr
ENSP00000401023	ENSG00000165338	HECTD2	ENSPKIP00000022239	ENSPKIG00000006267	hectd2
ENSP00000610246	ENSG00000108528	SLC25A11	ENSPKIP00000021441	ENSPKIG00000005819	slc25a11
ENSP00000645830	ENSG00000087495	PHACTR3	ENSPKIP00000041885	ENSPKIG00000018263	phactr3a
ENSP00000498265	ENSG00000197603	CPLANE1	ENSPKIP00000001080	ENSPKIG00000019502	
ENSP00000378332	ENSG00000140682	TGFB1I1	ENSPKIP00000036557	ENSPKIG00000015056	TGFB1I1
ENSP00000358140	ENSG00000107581	EIF3A	ENSPKIP00000000325	ENSPKIG00000019034	EIF3A
ENSP00000738772	ENSG00000174720	LARP7	ENSPKIP00000007696	ENSPKIG00000023484	larp7
ENSP00000257245	ENSG00000134809	TIMM10	ENSPKIP00000025344	ENSPKIG00000008256	timm10
ENSP00000216797	ENSG00000100906	NFKBIA	ENSPKIP00000028182	ENSPKIG00000009920	nfkbiab
ENSP00000325120	ENSG00000082175	PGR	ENSPKIP00000035172	ENSPKIG00000014228	pgr
ENSP00000494686	ENSG00000126778	SIX1	ENSPKIP00000041689	ENSPKIG00000018141	SIX1
ENSP00000761278	ENSG00000125356	NDUFA1	ENSPKIP00000000955	ENSPKIG00000019416	ndufa1
ENSP00000451167	ENSG00000100554	ATP6V1D	ENSPKIP00000024238	ENSPKIG00000007568	atp6v1d
ENSP00000363284	ENSG00000148229	POLE3	ENSPKIP00000011652	ENSPKIG00000018647	pole3
ENSP00000566723	ENSG00000166819	PLIN1	ENSPKIP00000003133	ENSPKIG00000020761	
ENSP00000620759	ENSG00000166257	SCN3B	ENSPKIP00000020359	ENSPKIG00000005172	SCN3B
ENSP00000303490	ENSG00000172244	C5orf34	ENSPKIP00000037703	ENSPKIG00000015775	zgc:153352
ENSP00000369399	ENSG00000088836	SLC4A11	ENSPKIP00000027681	ENSPKIG00000009632	SLC4A11
ENSP00000403214	ENSG00000198252	STYX	ENSPKIP00000005318	ENSPKIG00000022038	styx
ENSP00000309415	ENSG00000175416	CLTB	ENSPKIP00000006551	ENSPKIG00000022782	cltb
ENSP00000541456	ENSG00000164167	LSM6	ENSPKIP00000038373	ENSPKIG00000016176	lsm6
ENSP00000294258	ENSG00000162300	ZFPL1	ENSPKIP00000026249	ENSPKIG00000008808	zfpl1
ENSP00000327846	ENSG00000183476	SH2D7	ENSPKIP00000013321	ENSPKIG00000000795	
ENSP00000306070	ENSG00000170917	NUDT6	ENSPKIP00000036871	ENSPKIG00000015281	nudt6
ENSP00000274311	ENSG00000152684	PELO	ENSPKIP00000036764	ENSPKIG00000015190	pelo
ENSP00000415662	ENSG00000231256	CFAP97D1	ENSPKIP00000027055	ENSPKIG00000009281	si:ch211-284k5.2
ENSP00000263774	ENSG00000213619	NDUFS3	ENSPKIP00000032217	ENSPKIG00000012394	ndufs3
ENSP00000384564	ENSG00000198832	SELENOM	ENSPKIP00000040810	ENSPKIG00000017624	selenom
ENSP00000611657	ENSG00000130560	UBAC1	ENSPKIP00000036352	ENSPKIG00000014942	ubac1
ENSP00000382474	ENSG00000242259	C22orf39	ENSPKIP00000009368	ENSPKIG00000024499	si:ch211-51h9.6
ENSP00000560544	ENSG00000074071	MRPS34	ENSPKIP00000005793	ENSPKIG00000022331	mrps34
ENSP00000341243	ENSG00000124232	RBPJL	ENSPKIP00000007133	ENSPKIG00000023144	rbpjl
ENSP00000260191	ENSG00000149305	HTR3B	ENSPKIP00000026332	ENSPKIG00000008861	htr3b
ENSP00000400482	ENSG00000140931	CMTM3	ENSPKIP00000023680	ENSPKIG00000007213	cmtm3
ENSP00000573569	ENSG00000124164	VAPB	ENSPKIP00000018519	ENSPKIG00000004051	vapb
ENSP00000522594	ENSG00000146476	DCPH1	ENSPKIP00000035102	ENSPKIG00000014176	dcph1
ENSP00000483946	ENSG00000119403	PHF19	ENSPKIP00000001856	ENSPKIG00000019966	phf19
ENSP00000763143	ENSG00000100380	ST13	ENSPKIP00000017973	ENSPKIG00000003681	st13
ENSP00000364639	ENSG00000076053	RBM7	ENSPKIP00000039194	ENSPKIG00000016648	rbm7
ENSP00000590089	ENSG00000198663	C6orf89	ENSPKIP00000020577	ENSPKIG00000005293	zgc:162255
ENSP00000512375	ENSG00000196839	ADA	ENSPKIP00000030892	ENSPKIG00000011595	ada
ENSP00000530517	ENSG00000148444	COMMD3	ENSPKIP00000029609	ENSPKIG00000010783	commd3
ENSP00000263674	ENSG00000110237	ARHGEF17	ENSPKIP00000008801	ENSPKIG00000024134	arhgef17
ENSP00000554341	ENSG00000174903	RAB1B	ENSPKIP00000018284	ENSPKIG00000003902	rab1ba
ENSP00000406037	ENSG00000103510	KAT8	ENSPKIP00000010847	ENSPKIG00000025402	kat8
ENSP00000266984	ENSG00000139537	DRC2	ENSPKIP00000024081	ENSPKIG00000007474	drc2
ENSP00000498441	ENSG00000171560	FGA	ENSPKIP00000037312	ENSPKIG00000015539	fga
ENSP00000792913	ENSG00000185742	C11orf87	ENSPKIP00000037575	ENSPKIG00000015706	si:dkey-35i13.1
ENSP00000452514	ENSG00000123374	CDK2	ENSPKIP00000019890	ENSPKIG00000004872	cdk2
ENSP00000392903	ENSG00000214367	HAUS3	ENSPKIP00000037119	ENSPKIG00000015434	haus3
ENSP00000396976	ENSG00000140320	BAHD1	ENSPKIP00000006793	ENSPKIG00000022921	bahd1
ENSP00000357556	ENSG00000151650	VENTX	ENSPKIP00000037416	ENSPKIG00000015609	
ENSP00000641451	ENSG00000119912	IDE	ENSPKIP00000038172	ENSPKIG00000016018	ide
ENSP00000335320	ENSG00000186174	BCL9L	ENSPKIP00000034297	ENSPKIG00000013683	bcl9l
ENSP00000743971	ENSG00000197081	IGF2R	ENSPKIP00000037340	ENSPKIG00000015510	igf2r
ENSP00000626568	ENSG00000135063	ENTREP1	ENSPKIP00000014381	ENSPKIG00000001461	fam189a2
ENSP00000529167	ENSG00000167264	DUS2	ENSPKIP00000003938	ENSPKIG00000021221	dus2
ENSP00000436881	ENSG00000109851	DBX1	ENSPKIP00000006628	ENSPKIG00000022829	dbx1b
ENSP00000298231	ENSG00000165462	PHOX2A	ENSPKIP00000006733	ENSPKIG00000022891	phox2a
ENSP00000534213	ENSG00000164077	MON1A	ENSPKIP00000001081	ENSPKIG00000019496	mon1a
ENSP00000540631	ENSG00000183801	OLFML1	ENSPKIP00000008231	ENSPKIG00000023812	OLFML1
ENSP00000789491	ENSG00000149474	KAT14	ENSPKIP00000018984	ENSPKIG00000004334	kat14
ENSP00000430515	ENSG00000008513	ST3GAL1	ENSPKIP00000015943	ENSPKIG00000002472	st3gal1l
ENSP00000586919	ENSG00000136930	PSMB7	ENSPKIP00000025076	ENSPKIG00000008080	psmb7
ENSP00000242576	ENSG00000076248	UNG	ENSPKIP00000040728	ENSPKIG00000017575	UNG
ENSP00000530538	ENSG00000124570	SERPINB6	ENSPKIP00000014663	ENSPKIG00000001654	SERPINB8
ENSP00000417654	ENSG00000138459	SLC35A5	ENSPKIP00000017099	ENSPKIG00000003144	slc35a5
ENSP00000363191	ENSG00000125995	ROMO1	ENSPKIP00000020283	ENSPKIG00000005121	romo1
ENSP00000252032	ENSG00000088854	DNAAF9	ENSPKIP00000027511	ENSPKIG00000009526	dnaaf9
ENSP00000606941	ENSG00000130717	UCK1	ENSPKIP00000010694	ENSPKIG00000025313	uck1
ENSP00000692335	ENSG00000242498	ARPIN	ENSPKIP00000002507	ENSPKIG00000020365	arpin
ENSP00000592237	ENSG00000243789	JMJD7	ENSPKIP00000013792	ENSPKIG00000001085	jmjd7
ENSP00000315182	ENSG00000144736	SHQ1	ENSPKIP00000004388	ENSPKIG00000021517	shq1
ENSP00000328236	ENSG00000184445	KNTC1	ENSPKIP00000016030	ENSPKIG00000002395	kntc1
ENSP00000276449	ENSG00000147465	STAR	ENSPKIP00000000839	ENSPKIG00000019350	star
ENSP00000575200	ENSG00000164989	CCDC171	ENSPKIP00000034121	ENSPKIG00000013576	
ENSP00000332530	ENSG00000184719	RNLS	ENSPKIP00000010236	ENSPKIG00000025034	rnls
ENSP00000381499	ENSG00000125813	PAX1	ENSPKIP00000039502	ENSPKIG00000016833	pax1b
ENSP00000342560	ENSG00000101180	HRH3	ENSPKIP00000019465	ENSPKIG00000004617	hrh3
ENSP00000628940	ENSG00000126777	KTN1	ENSPKIP00000014043	ENSPKIG00000001256	ktn1
ENSP00000709715	ENSG00000185838	GNB1L	ENSPKIP00000029874	ENSPKIG00000010949	gnb1l
ENSP00000616109	ENSG00000204291	COL15A1	ENSPKIP00000027993	ENSPKIG00000009806	col15a1b
ENSP00000573359	ENSG00000198863	RUNDC1	ENSPKIP00000011615	ENSPKIG00000018627	rundc1
ENSP00000617364	ENSG00000135472	FAIM2	ENSPKIP00000017896	ENSPKIG00000003638	FAIM2
ENSP00000602515	ENSG00000011260	UTP18	ENSPKIP00000020783	ENSPKIG00000005441	UTP18
ENSP00000314441	ENSG00000037897	METTL1	ENSPKIP00000020922	ENSPKIG00000005523	METTL1
ENSP00000248846	ENSG00000128159	TUBGCP6	ENSPKIP00000031400	ENSPKIG00000011883	
ENSP00000256545	ENSG00000134153	EMC7	ENSPKIP00000015615	ENSPKIG00000002271	emc7a
ENSP00000377755	ENSG00000153130	SCOC	ENSPKIP00000033123	ENSPKIG00000012952	SCOC
ENSP00000587607	ENSG00000100297	MCM5	ENSPKIP00000022716	ENSPKIG00000006585	mcm5
ENSP00000765015	ENSG00000189050	RNFT1	ENSPKIP00000002149	ENSPKIG00000020150	rnft1
ENSP00000409443	ENSG00000164620	RELL2	ENSPKIP00000003002	ENSPKIG00000020688	rell2
ENSP00000786708	ENSG00000146416	AIG1	ENSPKIP00000015071	ENSPKIG00000001904	aig1
ENSP00000668785	ENSG00000103111	MON1B	ENSPKIP00000037819	ENSPKIG00000015856	mon1bb
ENSP00000600173	ENSG00000148843	PDCD11	ENSPKIP00000013616	ENSPKIG00000000973	pdcd11
ENSP00000300850	ENSG00000167395	ZNF646	ENSPKIP00000036112	ENSPKIG00000014797	si:dkey-89b17.4
ENSP00000406012	ENSG00000187535	IFT140	ENSPKIP00000006008	ENSPKIG00000022432	ift140
ENSP00000497041	ENSG00000137558	PI15	ENSPKIP00000022469	ENSPKIG00000006460	pi15a
ENSP00000346927	ENSG00000243477	NAA80	ENSPKIP00000014579	ENSPKIG00000001618	naa80
ENSP00000787025	ENSG00000134851	TMEM165	ENSPKIP00000016979	ENSPKIG00000003086	tmem165
ENSP00000498711	ENSG00000080511	RDH8	ENSPKIP00000006819	ENSPKIG00000022947	RDH8
ENSP00000551046	ENSG00000148200	NR6A1	ENSPKIP00000008703	ENSPKIG00000024074	nr6a1a
ENSP00000349658	ENSG00000196236	XPNPEP3	ENSPKIP00000018036	ENSPKIG00000003746	xpnpep3
ENSP00000348757	ENSG00000198003	ODAD3	ENSPKIP00000026135	ENSPKIG00000008735	odad3
ENSP00000299638	ENSG00000255529	POLR2M	ENSPKIP00000006022	ENSPKIG00000022476	
ENSP00000420180	ENSG00000175455	CCDC14	ENSPKIP00000012043	ENSPKIG00000025623	CCDC14
ENSP00000282226	ENSG00000152380	FAM151B	ENSPKIP00000035440	ENSPKIG00000014403	fam151b
ENSP00000416128	ENSG00000175334	BANF1	ENSPKIP00000010419	ENSPKIG00000025141	banf1
ENSP00000403535	ENSG00000040608	RTN4R	ENSPKIP00000032172	ENSPKIG00000012374	rtn4r
ENSP00000347847	ENSG00000196588	MRTFA	ENSPKIP00000018515	ENSPKIG00000004053	mrtfab
ENSP00000530526	ENSG00000063176	SPHK2	ENSPKIP00000030814	ENSPKIG00000011535	sphk2
ENSP00000605348	ENSG00000228716	DHFR	ENSPKIP00000032296	ENSPKIG00000012408	dhfr
ENSP00000603251	ENSG00000137807	KIF23	ENSPKIP00000039036	ENSPKIG00000016508	kif23
ENSP00000514004	ENSG00000109689	STIM2	ENSPKIP00000000589	ENSPKIG00000019185	stim2b
ENSP00000543074	ENSG00000135919	SERPINE2	ENSPKIP00000028978	ENSPKIG00000010406	serpine2
ENSP00000310801	ENSG00000171695	LKAAEAR1	ENSPKIP00000011761	ENSPKIG00000018722	
ENSP00000477725	ENSG00000107104	KANK1	ENSPKIP00000017136	ENSPKIG00000003169	kank1a
ENSP00000625854	ENSG00000125991	ERGIC3	ENSPKIP00000020112	ENSPKIG00000004998	ergic3
ENSP00000616235	ENSG00000080819	CPOX	ENSPKIP00000024980	ENSPKIG00000008002	cpox
ENSP00000332565	ENSG00000130540	SULT4A1	ENSPKIP00000040788	ENSPKIG00000017612	sult4a1
ENSP00000656099	ENSG00000148690	FRA10AC1	ENSPKIP00000020739	ENSPKIG00000005409	fra10ac1
ENSP00000588296	ENSG00000189091	SF3B3	ENSPKIP00000016408	ENSPKIG00000002712	sf3b3
ENSP00000157600	ENSG00000071282	LMCD1	ENSPKIP00000029286	ENSPKIG00000010590	lmcd1
ENSP00000774095	ENSG00000105707	HPN	ENSPKIP00000022474	ENSPKIG00000006466	hpn
ENSP00000514003	ENSG00000149177	PTPRJ	ENSPKIP00000014821	ENSPKIG00000001750	
ENSP00000560766	ENSG00000164038	SLC9B2	ENSPKIP00000040837	ENSPKIG00000017634	
ENSP00000385480	ENSG00000217442	SYCE3	ENSPKIP00000022362	ENSPKIG00000006394	
ENSP00000446576	ENSG00000204842	ATXN2	ENSPKIP00000007141	ENSPKIG00000023134	atxn2
ENSP00000560474	ENSG00000104442	ARMC1	ENSPKIP00000025298	ENSPKIG00000008223	armc1
ENSP00000760903	ENSG00000070010	UFD1	ENSPKIP00000009397	ENSPKIG00000024516	ufd1l
ENSP00000429633	ENSG00000185697	MYBL1	ENSPKIP00000024801	ENSPKIG00000007912	mybl1
ENSP00000544038	ENSG00000066651	TRMT11	ENSPKIP00000033007	ENSPKIG00000012868	trmt11
ENSP00000384653	ENSG00000179988	PSTK	ENSPKIP00000016907	ENSPKIG00000003035	PSTK
ENSP00000451945	ENSG00000229544	NKX1-2	ENSPKIP00000013664	ENSPKIG00000001014	nkx1.2la
ENSP00000603516	ENSG00000069482	GAL	ENSPKIP00000017237	ENSPKIG00000003239	gal
ENSP00000665053	ENSG00000129422	MTUS1	ENSPKIP00000022223	ENSPKIG00000006318	mtus1a
ENSP00000384552	ENSG00000171557	FGG	ENSPKIP00000041568	ENSPKIG00000018048	fgg
ENSP00000487420	ENSG00000156531	PHF6	ENSPKIP00000003877	ENSPKIG00000021203	phf6
ENSP00000337991	ENSG00000179119	SPTY2D1	ENSPKIP00000013300	ENSPKIG00000000785	
ENSP00000216124	ENSG00000100299	ARSA	ENSPKIP00000010760	ENSPKIG00000025353	arsa
ENSP00000244728	ENSG00000124749	COL21A1	ENSPKIP00000009415	ENSPKIG00000024536	col21a1
ENSP00000627439	ENSG00000167969	ECI1	ENSPKIP00000041446	ENSPKIG00000017987	eci1
ENSP00000261868	ENSG00000104131	EIF3J	ENSPKIP00000036517	ENSPKIG00000015047	EIF3J
ENSP00000423822	ENSG00000164294	GPX8	ENSPKIP00000005936	ENSPKIG00000022420	gpx8
ENSP00000337976	ENSG00000101945	SUV39H1	ENSPKIP00000029792	ENSPKIG00000010905	suv39h1b
ENSP00000764815	ENSG00000169020	ATP5ME	ENSPKIP00000005505	ENSPKIG00000022156	atp5mea
ENSP00000509893	ENSG00000164404	GDF9	ENSPKIP00000009163	ENSPKIG00000024372	gdf9
ENSP00000274565	ENSG00000145879	SPINK7	ENSPKIP00000034593	ENSPKIG00000013853	
ENSP00000483001	ENSG00000048162	NOP16	ENSPKIP00000027584	ENSPKIG00000009587	nop16
ENSP00000361596	ENSG00000124257	NEURL2	ENSPKIP00000014867	ENSPKIG00000001781	neurl2
ENSP00000760310	ENSG00000101220	ADISSP	ENSPKIP00000034187	ENSPKIG00000013610	adisspa
ENSP00000722365	ENSG00000114850	SSR3	ENSPKIP00000009572	ENSPKIG00000024635	ssr3
ENSP00000554380	ENSG00000099194	SCD	ENSPKIP00000024095	ENSPKIG00000007466	SCD
ENSP00000440756	ENSG00000181924	COA4	ENSPKIP00000037592	ENSPKIG00000015712	coa4
ENSP00000320508	ENSG00000138942	RNF185	ENSPKIP00000040184	ENSPKIG00000017239	rnf185
ENSP00000635539	ENSG00000089682	RBM41	ENSPKIP00000026225	ENSPKIG00000008793	rbm41
ENSP00000531659	ENSG00000157426	AASDH	ENSPKIP00000026063	ENSPKIG00000008688	aasdh
ENSP00000315774	ENSG00000110717	NDUFS8	ENSPKIP00000036651	ENSPKIG00000015131	ndufs8a
ENSP00000265087	ENSG00000113739	STC2	ENSPKIP00000023438	ENSPKIG00000007067	STC2
ENSP00000363254	ENSG00000165606	DRGX	ENSPKIP00000039703	ENSPKIG00000016958	drgx
ENSP00000360995	ENSG00000138134	STAMBPL1	ENSPKIP00000010187	ENSPKIG00000025004	stambpl1
ENSP00000775512	ENSG00000113456	RAD1	ENSPKIP00000021549	ENSPKIG00000005895	rad1
ENSP00000603918	ENSG00000133874	RNF122	ENSPKIP00000015227	ENSPKIG00000002009	rnf122
ENSP00000605440	ENSG00000011376	LARS2	ENSPKIP00000007698	ENSPKIG00000023485	lars2
ENSP00000287020	ENSG00000156466	GDF6	ENSPKIP00000032801	ENSPKIG00000012754	gdf6a
ENSP00000583557	ENSG00000155287	SLC25A28	ENSPKIP00000025706	ENSPKIG00000008475	slc25a28
ENSP00000532768	ENSG00000147576	ADHFE1	ENSPKIP00000040789	ENSPKIG00000017608	adhfe1
ENSP00000412763	ENSG00000204740	MALRD1	ENSPKIP00000026417	ENSPKIG00000008913	malrd1
ENSP00000764751	ENSG00000025770	NCAPH2	ENSPKIP00000014342	ENSPKIG00000001436	NCAPH2
ENSP00000387187	ENSG00000140264	SERF2	ENSPKIP00000004081	ENSPKIG00000021321	serf2a
ENSP00000789044	ENSG00000108187	PBLD	ENSPKIP00000025472	ENSPKIG00000008337	pbld2
ENSP00000168712	ENSG00000075388	FGF4	ENSPKIP00000040171	ENSPKIG00000017244	fgf4
ENSP00000482232	ENSG00000135346	CGA	ENSPKIP00000038632	ENSPKIG00000016334	cga
ENSP00000379250	ENSG00000087586	AURKA	ENSPKIP00000017863	ENSPKIG00000003609	aurka
ENSP00000261881	ENSG00000075131	TIPIN	ENSPKIP00000037347	ENSPKIG00000015565	tipin
ENSP00000437184	ENSG00000154114	TBCEL	ENSPKIP00000003682	ENSPKIG00000021079	tbcelb
ENSP00000587794	ENSG00000173040	EVC2	ENSPKIP00000018923	ENSPKIG00000004278	
ENSP00000289292	ENSG00000158352	SHROOM4	ENSPKIP00000002186	ENSPKIG00000020179	
ENSP00000718427	ENSG00000119326	CTNNAL1	ENSPKIP00000002995	ENSPKIG00000020665	ctnnal1
ENSP00000565567	ENSG00000155008	APOOL	ENSPKIP00000005514	ENSPKIG00000022159	APOOL
ENSP00000222250	ENSG00000105643	ARRDC2	ENSPKIP00000021609	ENSPKIG00000005934	arrdc2
ENSP00000268613	ENSG00000140945	CDH13	ENSPKIP00000017199	ENSPKIG00000003185	cdh13
ENSP00000358667	ENSG00000102178	UBL4A	ENSPKIP00000024767	ENSPKIG00000007895	zgc:56596
ENSP00000446205	ENSG00000179111	HES7	ENSPKIP00000022773	ENSPKIG00000006648	
ENSP00000262768	ENSG00000035862	TIMP2	ENSPKIP00000033195	ENSPKIG00000012987	timp2b
ENSP00000568321	ENSG00000103381	CPPED1	ENSPKIP00000038791	ENSPKIG00000016430	cpped1
ENSP00000334851	ENSG00000186479	RGS7BP	ENSPKIP00000040035	ENSPKIG00000017146	rgs7bpa
ENSP00000685526	ENSG00000112981	NME5	ENSPKIP00000025928	ENSPKIG00000008576	nme5
ENSP00000471388	ENSG00000083845	RPS5	ENSPKIP00000030860	ENSPKIG00000011575	rps5
ENSP00000770517	ENSG00000168589	DYNLRB2	ENSPKIP00000013194	ENSPKIG00000000719	dynlrb2
ENSP00000497423	ENSG00000121073	SLC35B1	ENSPKIP00000039256	ENSPKIG00000016666	slc35b1
ENSP00000581326	ENSG00000166439	RNF169	ENSPKIP00000030865	ENSPKIG00000011555	rnf169
ENSP00000566665	ENSG00000155229	MMS19	ENSPKIP00000038280	ENSPKIG00000016111	mms19
ENSP00000308107	ENSG00000173083	HPSE	ENSPKIP00000004674	ENSPKIG00000021681	hpse
ENSP00000528341	ENSG00000087237	CETP	ENSPKIP00000015663	ENSPKIG00000002300	cetp
ENSP00000447690	ENSG00000205323	SARNP	ENSPKIP00000015530	ENSPKIG00000002212	sarnp
ENSP00000380670	ENSG00000188549	CCDC9B	ENSPKIP00000019352	ENSPKIG00000004559	
ENSP00000370021	ENSG00000044459	CNTLN	ENSPKIP00000033483	ENSPKIG00000013170	cntln
ENSP00000596317	ENSG00000167291	TBC1D16	ENSPKIP00000018901	ENSPKIG00000004277	tbc1d16
ENSP00000305651	ENSG00000169245	CXCL10	ENSPKIP00000016615	ENSPKIG00000002863	
ENSP00000262844	ENSG00000101935	AMMECR1	ENSPKIP00000025087	ENSPKIG00000008084	ammecr1
ENSP00000539352	ENSG00000109519	GRPEL1	ENSPKIP00000040009	ENSPKIG00000017144	grpel1
ENSP00000712734	ENSG00000011485	PPP5C	ENSPKIP00000041359	ENSPKIG00000017925	ppp5c
ENSP00000376572	ENSG00000212864	RNF208	ENSPKIP00000005972	ENSPKIG00000022439	RNF208
ENSP00000362760	ENSG00000171448	ZBTB26	ENSPKIP00000035573	ENSPKIG00000014483	zbtb26
ENSP00000371517	ENSG00000242110	AMACR	ENSPKIP00000002996	ENSPKIG00000020682	amacr
ENSP00000579936	ENSG00000104731	KLHDC4	ENSPKIP00000036198	ENSPKIG00000014845	klhdc4
ENSP00000454719	ENSG00000178761	FAM219B	ENSPKIP00000001296	ENSPKIG00000019629	fam219b
ENSP00000190165	ENSG00000064218	DMRT3	ENSPKIP00000017016	ENSPKIG00000003109	dmrt3a
ENSP00000242729	ENSG00000123096	SSPN	ENSPKIP00000000902	ENSPKIG00000019395	sspn
ENSP00000397459	ENSG00000112679	DUSP22	ENSPKIP00000026155	ENSPKIG00000008750	dusp22b
ENSP00000261233	ENSG00000090376	IRAK3	ENSPKIP00000011873	ENSPKIG00000018360	irak3
ENSP00000401853	ENSG00000068001	HYAL2	ENSPKIP00000009022	ENSPKIG00000024287	HYAL2
ENSP00000350708	ENSG00000119318	RAD23B	ENSPKIP00000028015	ENSPKIG00000009831	rad23b
ENSP00000791440	ENSG00000138621	PPCDC	ENSPKIP00000024256	ENSPKIG00000007573	ppcdc
ENSP00000479708	ENSG00000147676	MAL2	ENSPKIP00000001348	ENSPKIG00000019681	mal2
ENSP00000615821	ENSG00000104866	PPP1R37	ENSPKIP00000028849	ENSPKIG00000010325	ppp1r37
ENSP00000285243	ENSG00000154945	ANKRD40	ENSPKIP00000023700	ENSPKIG00000007226	ankrd40
ENSP00000542774	ENSG00000165071	TMEM71	ENSPKIP00000023440	ENSPKIG00000007061	tmem71
ENSP00000588365	ENSG00000156970	BUB1B	ENSPKIP00000018859	ENSPKIG00000004255	BUB1B
ENSP00000585223	ENSG00000109066	SLC38A12	ENSPKIP00000006895	ENSPKIG00000022994	slc38a12
ENSP00000729663	ENSG00000167106	EEIG1	ENSPKIP00000004371	ENSPKIG00000021496	eeig1b
ENSP00000512467	ENSG00000012232	EXTL3	ENSPKIP00000004726	ENSPKIG00000021711	extl3
ENSP00000248142	ENSG00000127580	WDR24	ENSPKIP00000022797	ENSPKIG00000006666	wdr24
ENSP00000252456	ENSG00000130176	CNN1	ENSPKIP00000024156	ENSPKIG00000007513	CNN1
ENSP00000215095	ENSG00000099365	STX1B	ENSPKIP00000029087	ENSPKIG00000010459	stx1a
ENSP00000316786	ENSG00000176387	HSD11B2	ENSPKIP00000003742	ENSPKIG00000021107	hsd11b2
ENSP00000626602	ENSG00000167967	E4F1	ENSPKIP00000015118	ENSPKIG00000001942	e4f1
ENSP00000552471	ENSG00000135454	B4GALNT1	ENSPKIP00000025131	ENSPKIG00000008114	b4galnt1b
ENSP00000360659	ENSG00000107281	NPDC1	ENSPKIP00000010168	ENSPKIG00000024991	npdc1b
ENSP00000753174	ENSG00000166831	RBPMS2	ENSPKIP00000032598	ENSPKIG00000012634	RBPMS2
ENSP00000357979	ENSG00000112333	NR2E1	ENSPKIP00000033006	ENSPKIG00000012867	nr2e1
ENSP00000542093	ENSG00000105695	MAG	ENSPKIP00000008079	ENSPKIG00000023723	mag
ENSP00000300658	ENSG00000161395	PGAP3	ENSPKIP00000023925	ENSPKIG00000007363	pgap3
ENSP00000486574	ENSG00000165006	UBAP1	ENSPKIP00000039524	ENSPKIG00000016858	ubap1
ENSP00000543264	ENSG00000011295	TTC19	ENSPKIP00000025702	ENSPKIG00000008469	ttc19
ENSP00000219197	ENSG00000102924	CBLN1	ENSPKIP00000016725	ENSPKIG00000002929	cbln1
ENSP00000437360	ENSG00000110200	ANAPC15	ENSPKIP00000006885	ENSPKIG00000022993	anapc15
ENSP00000217402	ENSG00000101421	CHMP4B	ENSPKIP00000019671	ENSPKIG00000004747	
ENSP00000282878	ENSG00000152932	RAB3C	ENSPKIP00000011600	ENSPKIG00000018618	rab3c
ENSP00000793388	ENSG00000132821	VSTM2L	ENSPKIP00000008360	ENSPKIG00000023894	VSTM2L
ENSP00000544996	ENSG00000101193	GID8	ENSPKIP00000020700	ENSPKIG00000005381	GID8
ENSP00000372056	ENSG00000170561	IRX2	ENSPKIP00000002365	ENSPKIG00000020276	irx2a
ENSP00000481733	ENSG00000063322	MED29	ENSPKIP00000004569	ENSPKIG00000021625	med29
ENSP00000317872	ENSG00000122257	RBBP6	ENSPKIP00000011697	ENSPKIG00000018682	RBBP6
ENSP00000628487	ENSG00000064601	CTSA	ENSPKIP00000017023	ENSPKIG00000003093	ctsa
ENSP00000561851	ENSG00000090581	GNPTG	ENSPKIP00000023201	ENSPKIG00000006919	gnptg
ENSP00000583039	ENSG00000198887	SMC5	ENSPKIP00000029505	ENSPKIG00000010713	smc5
ENSP00000476525	ENSG00000105185	PDCD5	ENSPKIP00000001909	ENSPKIG00000020016	pdcd5
ENSP00000499145	ENSG00000141527	CARD14	ENSPKIP00000018823	ENSPKIG00000004238	card14
ENSP00000379086	ENSG00000128165	ADM2	ENSPKIP00000027362	ENSPKIG00000009463	
ENSP00000761938	ENSG00000186468	RPS23	ENSPKIP00000010778	ENSPKIG00000025362	rps23
ENSP00000793183	ENSG00000103855	CD276	ENSPKIP00000013218	ENSPKIG00000000737	cd276
ENSP00000489956	ENSG00000118308	IRAG2	ENSPKIP00000024233	ENSPKIG00000007570	IRAG2
ENSP00000547659	ENSG00000113638	TTC33	ENSPKIP00000002001	ENSPKIG00000020064	ttc33
ENSP00000497456	ENSG00000176715	ACSF3	ENSPKIP00000025793	ENSPKIG00000008534	ACSF3
ENSP00000593739	ENSG00000100220	RTCB	ENSPKIP00000015048	ENSPKIG00000001881	RTCB
ENSP00000342295	ENSG00000164512	ANKRD55	ENSPKIP00000001207	ENSPKIG00000019590	ankrd55
ENSP00000704504	ENSG00000104886	PLEKHJ1	ENSPKIP00000027378	ENSPKIG00000009464	plekhj1
ENSP00000307259	ENSG00000169313	P2RY12	ENSPKIP00000028802	ENSPKIG00000010302	p2ry12
ENSP00000543482	ENSG00000129084	PSMA1	ENSPKIP00000007842	ENSPKIG00000023584	psma1
ENSP00000348936	ENSG00000197980	LEKR1	ENSPKIP00000009506	ENSPKIG00000024595	
ENSP00000331127	ENSG00000183336	BOLA2	ENSPKIP00000023913	ENSPKIG00000007368	zgc:112271
ENSP00000758786	ENSG00000242372	EIF6	ENSPKIP00000007423	ENSPKIG00000023303	EIF6
ENSP00000363298	ENSG00000119411	BSPRY	ENSPKIP00000040738	ENSPKIG00000017584	bspry
ENSP00000540664	ENSG00000135452	TSPAN31	ENSPKIP00000021074	ENSPKIG00000005616	TSPAN31
ENSP00000571585	ENSG00000065054	NHERF2	ENSPKIP00000019512	ENSPKIG00000004643	NHERF2
ENSP00000631788	ENSG00000131386	GALNT15	ENSPKIP00000032403	ENSPKIG00000012470	GALNT15
ENSP00000552185	ENSG00000108950	FAM20A	ENSPKIP00000025192	ENSPKIG00000008150	fam20a
ENSP00000445806	ENSG00000105197	TIMM50	ENSPKIP00000021782	ENSPKIG00000006036	timm50
ENSP00000617499	ENSG00000111726	CMAS	ENSPKIP00000025506	ENSPKIG00000008357	cmasa
ENSP00000439244	ENSG00000148337	CIZ1	ENSPKIP00000023888	ENSPKIG00000007343	ciz1b
ENSP00000219660	ENSG00000103375	AQP8	ENSPKIP00000011959	ENSPKIG00000025640	aqp8a.1
ENSP00000605778	ENSG00000198356	GET3	ENSPKIP00000025510	ENSPKIG00000008352	ASNA1
ENSP00000624769	ENSG00000102181	CD99L2	ENSPKIP00000012471	ENSPKIG00000000258	cd99l2
ENSP00000601345	ENSG00000089195	TRMT6	ENSPKIP00000017589	ENSPKIG00000003441	trmt6
ENSP00000205636	ENSG00000091317	CMTM6	ENSPKIP00000005545	ENSPKIG00000022181	
ENSP00000535340	ENSG00000140688	RUSF1	ENSPKIP00000041239	ENSPKIG00000017868	rusf1
ENSP00000641416	ENSG00000155329	ZCCHC10	ENSPKIP00000009011	ENSPKIG00000024279	zcchc10
ENSP00000562660	ENSG00000126461	SCAF1	ENSPKIP00000000688	ENSPKIG00000019247	scaf1
ENSP00000729687	ENSG00000170296	GABARAP	ENSPKIP00000014681	ENSPKIG00000001666	gabarapa
ENSP00000623547	ENSG00000163898	LIPH	ENSPKIP00000000515	ENSPKIG00000019149	lipia
ENSP00000536991	ENSG00000104897	SF3A2	ENSPKIP00000027415	ENSPKIG00000009487	sf3a2
ENSP00000289431	ENSG00000158480	SPATA2	ENSPKIP00000021004	ENSPKIG00000005572	spata2
ENSP00000789753	ENSG00000179761	PIPOX	ENSPKIP00000014044	ENSPKIG00000001259	pipox
ENSP00000601715	ENSG00000198646	NCOA6	ENSPKIP00000022103	ENSPKIG00000006227	ncoa6
ENSP00000558214	ENSG00000111229	ARPC3	ENSPKIP00000037764	ENSPKIG00000015814	ARPC3
ENSP00000650973	ENSG00000162298	SYVN1	ENSPKIP00000013298	ENSPKIG00000000759	syvn1
ENSP00000645236	ENSG00000109016	DHRS7B	ENSPKIP00000026185	ENSPKIG00000008762	dhrs7b
ENSP00000380189	ENSG00000126759	CFP	ENSPKIP00000024043	ENSPKIG00000007455	
ENSP00000309751	ENSG00000174327	SLC16A13	ENSPKIP00000023803	ENSPKIG00000007295	slc16a13
ENSP00000330432	ENSG00000133477	FAM83F	ENSPKIP00000017717	ENSPKIG00000003519	fam83fa
ENSP00000649251	ENSG00000093217	XYLB	ENSPKIP00000015970	ENSPKIG00000002438	xylb
ENSP00000567481	ENSG00000165678	GHITM	ENSPKIP00000023461	ENSPKIG00000007078	GHITM
ENSP00000611149	ENSG00000108599	AKAP10	ENSPKIP00000001428	ENSPKIG00000019721	akap10
ENSP00000356444	ENSG00000203727	SAMD5	ENSPKIP00000034098	ENSPKIG00000013570	SAMD5
ENSP00000655550	ENSG00000089177	KIF16B	ENSPKIP00000018861	ENSPKIG00000004258	KIF16B
ENSP00000341843	ENSG00000010030	ETV7	ENSPKIP00000031296	ENSPKIG00000011834	etv7
ENSP00000337178	ENSG00000148841	ITPRIP	ENSPKIP00000015145	ENSPKIG00000001965	itprip
ENSP00000356465	ENSG00000118508	RAB32	ENSPKIP00000034251	ENSPKIG00000013660	rab32a
ENSP00000406986	ENSG00000146360	GPR6	ENSPKIP00000033554	ENSPKIG00000013224	gpr6
ENSP00000791736	ENSG00000101463	SYNDIG1	ENSPKIP00000027029	ENSPKIG00000009263	
ENSP00000604552	ENSG00000181350	LRRC75A	ENSPKIP00000003759	ENSPKIG00000021120	lrrc75a
ENSP00000329558	ENSG00000164284	GRPEL2	ENSPKIP00000022408	ENSPKIG00000006425	grpel2
ENSP00000639057	ENSG00000125834	STK35	ENSPKIP00000030990	ENSPKIG00000011662	stk35
ENSP00000373647	ENSG00000188522	FAM83G	ENSPKIP00000034072	ENSPKIG00000013549	fam83gb
ENSP00000262487	ENSG00000101230	ISM1	ENSPKIP00000009188	ENSPKIG00000024391	ism1
ENSP00000509334	ENSG00000147123	NDUFB11	ENSPKIP00000008709	ENSPKIG00000024094	ndufb11
ENSP00000511680	ENSG00000137409	MTCH1	ENSPKIP00000020101	ENSPKIG00000005010	MTCH1
ENSP00000652945	ENSG00000124214	STAU1	ENSPKIP00000009511	ENSPKIG00000024588	stau1
ENSP00000296785	ENSG00000164331	ANKRA2	ENSPKIP00000000973	ENSPKIG00000019426	ankra2
ENSP00000276055	ENSG00000147119	CHST7	ENSPKIP00000006432	ENSPKIG00000022718	chst7
ENSP00000360874	ENSG00000204010	IFIT1B	ENSPKIP00000010121	ENSPKIG00000024963	
ENSP00000625029	ENSG00000166575	TMEM135	ENSPKIP00000015491	ENSPKIG00000002203	tmem135
ENSP00000448051	ENSG00000183283	DAZAP2	ENSPKIP00000017367	ENSPKIG00000003308	DAZAP2
ENSP00000361566	ENSG00000171462	DLK2	ENSPKIP00000027803	ENSPKIG00000009706	dlk2
ENSP00000348714	ENSG00000119682	AREL1	ENSPKIP00000017645	ENSPKIG00000003455	AREL1
ENSP00000490886	ENSG00000152582	SPEF2	ENSPKIP00000038197	ENSPKIG00000016017	spef2
ENSP00000514450	ENSG00000081087	OSTM1	ENSPKIP00000032946	ENSPKIG00000012840	ostm1
ENSP00000712128	ENSG00000122882	ECD	ENSPKIP00000012798	ENSPKIG00000000476	ecd
ENSP00000608002	ENSG00000100038	TOP3B	ENSPKIP00000033277	ENSPKIG00000013034	top3b
ENSP00000422440	ENSG00000112667	DNPH1	ENSPKIP00000027780	ENSPKIG00000009695	DNPH1
ENSP00000610770	ENSG00000033011	ALG1	ENSPKIP00000001329	ENSPKIG00000019652	alg1
ENSP00000718354	ENSG00000156411	ATP5MJ	ENSPKIP00000001605	ENSPKIG00000019839	
ENSP00000793141	ENSG00000166900	STX3	ENSPKIP00000000592	ENSPKIG00000019165	stx3b
ENSP00000360485	ENSG00000186471	AKAP14	ENSPKIP00000034596	ENSPKIG00000013858	si:dkeyp-81f3.4
ENSP00000370430	ENSG00000006757	PNPLA4	ENSPKIP00000002991	ENSPKIG00000020668	pnpla4
ENSP00000363979	ENSG00000125971	DYNLRB1	ENSPKIP00000041060	ENSPKIG00000017775	dynlrb1
ENSP00000582165	ENSG00000100632	ERH	ENSPKIP00000024664	ENSPKIG00000007829	erh
ENSP00000533301	ENSG00000148803	FUOM	ENSPKIP00000040261	ENSPKIG00000017295	fuom
ENSP00000523374	ENSG00000137806	NDUFAF1	ENSPKIP00000016072	ENSPKIG00000002562	ndufaf1
ENSP00000365630	ENSG00000165105	RASEF	ENSPKIP00000002980	ENSPKIG00000020661	rasef2
ENSP00000509130	ENSG00000205436	EXOC3L4	ENSPKIP00000001892	ENSPKIG00000020005	
ENSP00000737464	ENSG00000126602	TRAP1	ENSPKIP00000022962	ENSPKIG00000006765	trap1
ENSP00000566446	ENSG00000169895	SYAP1	ENSPKIP00000005241	ENSPKIG00000021997	syap1
ENSP00000299213	ENSG00000166173	LARP6	ENSPKIP00000002051	ENSPKIG00000020103	larp6a
ENSP00000544705	ENSG00000137106	GRHPR	ENSPKIP00000032684	ENSPKIG00000012671	grhpra
ENSP00000620474	ENSG00000167671	UBXN6	ENSPKIP00000038729	ENSPKIG00000016379	ubxn6
ENSP00000531668	ENSG00000104047	DTWD1	ENSPKIP00000002122	ENSPKIG00000020145	dtwd1
ENSP00000595950	ENSG00000100836	PABPN1	ENSPKIP00000041532	ENSPKIG00000018052	pabpn1
ENSP00000629018	ENSG00000165637	VDAC2	ENSPKIP00000030372	ENSPKIG00000011243	
ENSP00000581777	ENSG00000071794	HLTF	ENSPKIP00000004415	ENSPKIG00000021535	hltf
ENSP00000547857	ENSG00000146072	TNFRSF21	ENSPKIP00000035872	ENSPKIG00000014657	tnfrsf21
ENSP00000616922	ENSG00000101199	ARFGAP1	ENSPKIP00000039039	ENSPKIG00000016575	arfgap1
ENSP00000618017	ENSG00000131981	LGALS3	ENSPKIP00000014029	ENSPKIG00000001252	
ENSP00000615233	ENSG00000129946	SHC2	ENSPKIP00000040458	ENSPKIG00000017414	shc2
ENSP00000304078	ENSG00000168143	FAM83B	ENSPKIP00000038022	ENSPKIG00000015977	fam83b
ENSP00000256969	ENSG00000134548	SPX	ENSPKIP00000024979	ENSPKIG00000008015	spx
ENSP00000610810	ENSG00000100028	SNRPD3	ENSPKIP00000022402	ENSPKIG00000006412	snrpd3
ENSP00000300209	ENSG00000123427	EEF1AKMT3	ENSPKIP00000020827	ENSPKIG00000005473	EEF1AKMT3
ENSP00000357792	ENSG00000009413	REV3L	ENSPKIP00000000833	ENSPKIG00000019348	rev3l
ENSP00000367265	ENSG00000136026	CKAP4	ENSPKIP00000039701	ENSPKIG00000016956	
ENSP00000791408	ENSG00000100129	EIF3L	ENSPKIP00000039799	ENSPKIG00000016998	EIF3L
ENSP00000454612	ENSG00000128989	ARPP19	ENSPKIP00000041090	ENSPKIG00000017772	
ENSP00000640177	ENSG00000141293	SKAP1	ENSPKIP00000012828	ENSPKIG00000000481	skap1
ENSP00000456851	ENSG00000104164	BLOC1S6	ENSPKIP00000000383	ENSPKIG00000019017	bloc1s6
ENSP00000370150	ENSG00000124535	WRNIP1	ENSPKIP00000013316	ENSPKIG00000000778	wrnip1
ENSP00000573671	ENSG00000167280	ENGASE	ENSPKIP00000006353	ENSPKIG00000022668	engase
ENSP00000763815	ENSG00000254999	BRK1	ENSPKIP00000009912	ENSPKIG00000024826	BRK1
ENSP00000590413	ENSG00000055211	GINM1	ENSPKIP00000001513	ENSPKIG00000019780	ginm1
ENSP00000775428	ENSG00000134146	DPH6	ENSPKIP00000027279	ENSPKIG00000009415	dph6
ENSP00000422375	ENSG00000198585	NUDT16	ENSPKIP00000008955	ENSPKIG00000024242	zgc:103759
ENSP00000298307	ENSG00000165516	KLHDC2	ENSPKIP00000008015	ENSPKIG00000023673	KLHDC2
ENSP00000498029	ENSG00000057657	PRDM1	ENSPKIP00000033351	ENSPKIG00000013054	prdm1a
ENSP00000576221	ENSG00000163812	ZDHHC3	ENSPKIP00000035242	ENSPKIG00000014268	zdhhc3b
ENSP00000663116	ENSG00000065325	GLP2R	ENSPKIP00000016410	ENSPKIG00000002745	
ENSP00000609848	ENSG00000129292	PHF20L1	ENSPKIP00000004409	ENSPKIG00000021529	phf20l1
ENSP00000364412	ENSG00000130948	HSD17B3	ENSPKIP00000039557	ENSPKIG00000016875	hsd17b3
ENSP00000360425	ENSG00000172348	RCAN2	ENSPKIP00000036927	ENSPKIG00000015313	rcan2
ENSP00000580028	ENSG00000070731	ST6GALNAC2	ENSPKIP00000007134	ENSPKIG00000023148	
ENSP00000621012	ENSG00000112699	GMDS	ENSPKIP00000026727	ENSPKIG00000009075	gmds
ENSP00000518840	ENSG00000111012	CYP27B1	ENSPKIP00000020855	ENSPKIG00000005491	cyp27b1
ENSP00000415488	ENSG00000186407	CD300E	ENSPKIP00000015390	ENSPKIG00000002133	
ENSP00000331741	ENSG00000173917	HOXB2	ENSPKIP00000012747	ENSPKIG00000000447	hoxb2a
ENSP00000634435	ENSG00000152133	GPATCH11	ENSPKIP00000008658	ENSPKIG00000024060	gpatch11
ENSP00000333920	ENSG00000125482	TTF1	ENSPKIP00000022987	ENSPKIG00000006790	ttf1.4
ENSP00000387180	ENSG00000141378	PTRH2	ENSPKIP00000001846	ENSPKIG00000019982	ptrh2
ENSP00000528732	ENSG00000151413	NUBPL	ENSPKIP00000031516	ENSPKIG00000011974	nubpl
ENSP00000636942	ENSG00000241399	CD302	ENSPKIP00000015716	ENSPKIG00000002341	cd302
ENSP00000295926	ENSG00000163660	CCNL1	ENSPKIP00000009483	ENSPKIG00000024570	ccnl1a
ENSP00000548360	ENSG00000140527	WDR93	ENSPKIP00000004197	ENSPKIG00000021383	
ENSP00000561240	ENSG00000167005	NUDT21	ENSPKIP00000014606	ENSPKIG00000001620	nudt21
ENSP00000554618	ENSG00000155846	PPARGC1B	ENSPKIP00000001455	ENSPKIG00000019743	ppargc1b
ENSP00000381148	ENSG00000175215	CTDSP2	ENSPKIP00000020461	ENSPKIG00000005236	ctdsp2
ENSP00000601426	ENSG00000020426	MNAT1	ENSPKIP00000041747	ENSPKIG00000018174	mnat1
ENSP00000360672	ENSG00000124171	PARD6B	ENSPKIP00000008559	ENSPKIG00000024001	pard6b
ENSP00000507991	ENSG00000013619	MAMLD1	ENSPKIP00000038893	ENSPKIG00000016489	
ENSP00000353868	ENSG00000132635	PCED1A	ENSPKIP00000031160	ENSPKIG00000011761	fam113
ENSP00000306678	ENSG00000170209	ANKK1	ENSPKIP00000020284	ENSPKIG00000005120	ankk1
ENSP00000550845	ENSG00000241935	HOGA1	ENSPKIP00000036657	ENSPKIG00000015141	hoga1
ENSP00000410396	ENSG00000184220	CMSS1	ENSPKIP00000032565	ENSPKIG00000012609	cmss1
ENSP00000520781	ENSG00000102390	PBDC1	ENSPKIP00000041667	ENSPKIG00000018127	pbdc1
ENSP00000795988	ENSG00000110011	DNAJC4	ENSPKIP00000035129	ENSPKIG00000014195	dnajc4
ENSP00000522221	ENSG00000187266	EPOR	ENSPKIP00000026020	ENSPKIG00000008670	epor
ENSP00000311135	ENSG00000150990	DHX37	ENSPKIP00000009657	ENSPKIG00000024671	dhx37
ENSP00000666644	ENSG00000151023	ENKUR	ENSPKIP00000029314	ENSPKIG00000010616	enkur
ENSP00000427715	ENSG00000164684	ZNF704	ENSPKIP00000011412	ENSPKIG00000018510	znf704
ENSP00000417651	ENSG00000138495	COX17	ENSPKIP00000009869	ENSPKIG00000024803	cox17
ENSP00000352272	ENSG00000177791	MYOZ1	ENSPKIP00000026009	ENSPKIG00000008662	myoz1a
ENSP00000322652	ENSG00000104497	SNX16	ENSPKIP00000037967	ENSPKIG00000015948	SNX16
ENSP00000494123	ENSG00000018610	STEEP1	ENSPKIP00000032442	ENSPKIG00000012535	steep1
ENSP00000604161	ENSG00000103502	CDIPT	ENSPKIP00000041732	ENSPKIG00000018156	cdipt
ENSP00000238379	ENSG00000119431	HDHD3	ENSPKIP00000001373	ENSPKIG00000019695	hdhd3
ENSP00000261530	ENSG00000089916	GPATCH2L	ENSPKIP00000017159	ENSPKIG00000003198	GPATCH2L
ENSP00000318607	ENSG00000179241	LDLRAD3	ENSPKIP00000012285	ENSPKIG00000000134	LDLRAD3
ENSP00000364621	ENSG00000157303	SUSD3	ENSPKIP00000032521	ENSPKIG00000012581	
ENSP00000430128	ENSG00000184672	RALYL	ENSPKIP00000037927	ENSPKIG00000015926	
ENSP00000527751	ENSG00000112186	CAP2	ENSPKIP00000014684	ENSPKIG00000001661	cap2
ENSP00000359518	ENSG00000101189	MRGBP	ENSPKIP00000004969	ENSPKIG00000021844	mrgbp
ENSP00000650942	ENSG00000175348	TMEM9B	ENSPKIP00000033329	ENSPKIG00000013090	tmem9b
ENSP00000604654	ENSG00000124160	NCOA5	ENSPKIP00000017088	ENSPKIG00000003145	ncoa5
ENSP00000791764	ENSG00000104853	CLPTM1	ENSPKIP00000029323	ENSPKIG00000010548	clptm1
ENSP00000610469	ENSG00000126953	TIMM8A	ENSPKIP00000034368	ENSPKIG00000013715	timm8a
ENSP00000545880	ENSG00000175287	PHYHD1	ENSPKIP00000010715	ENSPKIG00000025327	phyhd1
ENSP00000599844	ENSG00000167513	CDT1	ENSPKIP00000025250	ENSPKIG00000008196	cdt1
ENSP00000364346	ENSG00000131061	ZNF341	ENSPKIP00000008465	ENSPKIG00000023946	znf341
ENSP00000748232	ENSG00000089157	RPLP0	ENSPKIP00000038494	ENSPKIG00000016238	rplp0
ENSP00000778581	ENSG00000171766	GATM	ENSPKIP00000001168	ENSPKIG00000019560	gatm
ENSP00000572800	ENSG00000214253	FIS1	ENSPKIP00000023023	ENSPKIG00000006754	FIS1
ENSP00000743949	ENSG00000145592	RPL37	ENSPKIP00000002099	ENSPKIG00000020129	rpl37
ENSP00000499830	ENSG00000156671	SAMD8	ENSPKIP00000012087	ENSPKIG00000000002	SAMD8
ENSP00000360412	ENSG00000173145	NOC3L	ENSPKIP00000021430	ENSPKIG00000005812	noc3l
ENSP00000617359	ENSG00000091127	PUS7	ENSPKIP00000023387	ENSPKIG00000007013	pus7
ENSP00000353850	ENSG00000119185	ITGB1BP1	ENSPKIP00000003414	ENSPKIG00000020930	itgb1bp1
ENSP00000455459	ENSG00000188266	HYKK	ENSPKIP00000008396	ENSPKIG00000023907	hykk.1
ENSP00000307214	ENSG00000168806	LCMT2	ENSPKIP00000012622	ENSPKIG00000000360	lcmt2
ENSP00000377224	ENSG00000129355	CDKN2D	ENSPKIP00000024399	ENSPKIG00000007669	CDKN2D
ENSP00000238936	ENSG00000138111	SLC68A1	ENSPKIP00000032816	ENSPKIG00000012741	slc68a1a
ENSP00000797327	ENSG00000140650	PMM2	ENSPKIP00000002506	ENSPKIG00000020367	pmm2
ENSP00000362800	ENSG00000147174	GCNA	ENSPKIP00000035617	ENSPKIG00000014504	gcna
ENSP00000354223	ENSG00000060762	MPC1	ENSPKIP00000036217	ENSPKIG00000014857	mpc1
ENSP00000528153	ENSG00000068354	TBC1D25	ENSPKIP00000030535	ENSPKIG00000011364	tbc1d25
ENSP00000262962	ENSG00000105248	YJU2	ENSPKIP00000040282	ENSPKIG00000017199	YJU2
ENSP00000800354	ENSG00000163319	MRPS18C	ENSPKIP00000004768	ENSPKIG00000021736	mrps18c
ENSP00000302621	ENSG00000171236	LRG1	ENSPKIP00000018558	ENSPKIG00000004088	
ENSP00000513482	ENSG00000166224	SGPL1	ENSPKIP00000024474	ENSPKIG00000007677	sgpl1
ENSP00000395122	ENSG00000178234	GALNT11	ENSPKIP00000040884	ENSPKIG00000017665	GALNT11
ENSP00000477443	ENSG00000130520	LSM4	ENSPKIP00000021955	ENSPKIG00000006154	LSM4
ENSP00000244020	ENSG00000124193	SRSF6	ENSPKIP00000011506	ENSPKIG00000018463	SRSF6
ENSP00000621389	ENSG00000125351	UPF3B	ENSPKIP00000000836	ENSPKIG00000019226	upf3b
ENSP00000626454	ENSG00000165633	VSTM4	ENSPKIP00000039027	ENSPKIG00000016571	VSTM4
ENSP00000380326	ENSG00000166619	BLCAP	ENSPKIP00000021302	ENSPKIG00000005765	blcap
ENSP00000350102	ENSG00000198113	TOR4A	ENSPKIP00000013915	ENSPKIG00000001168	tor4ab
ENSP00000381785	ENSG00000119471	HSDL2	ENSPKIP00000011628	ENSPKIG00000018620	hsdl2
ENSP00000628132	ENSG00000134461	ANKRD16	ENSPKIP00000011075	ENSPKIG00000025531	ankrd16
ENSP00000262318	ENSG00000103249	CLCN7	ENSPKIP00000041725	ENSPKIG00000018139	clcn7
ENSP00000512895	ENSG00000101003	GINS1	ENSPKIP00000028975	ENSPKIG00000010392	gins1
ENSP00000510785	ENSG00000011332	DPF1	ENSPKIP00000012963	ENSPKIG00000000542	dpf1
ENSP00000791599	ENSG00000107902	LHPP	ENSPKIP00000017621	ENSPKIG00000003434	lhpp
ENSP00000534725	ENSG00000124191	TOX2	ENSPKIP00000029563	ENSPKIG00000010730	tox2
ENSP00000547011	ENSG00000198382	UVRAG	ENSPKIP00000034308	ENSPKIG00000013651	uvrag
ENSP00000510190	ENSG00000099219	ERMP1	ENSPKIP00000003132	ENSPKIG00000020759	ERMP1
ENSP00000361186	ENSG00000172315	TP53RK	ENSPKIP00000018311	ENSPKIG00000003915	tp53rk
ENSP00000246062	ENSG00000125863	MKKS	ENSPKIP00000009065	ENSPKIG00000024314	mkks
ENSP00000296641	ENSG00000164220	F2RL2	ENSPKIP00000011846	ENSPKIG00000018396	f2rl2
ENSP00000371587	ENSG00000185774	KCNIP4	ENSPKIP00000019941	ENSPKIG00000004893	KCNIP4
ENSP00000367239	ENSG00000165983	PTER	ENSPKIP00000024145	ENSPKIG00000007511	pter
ENSP00000364902	ENSG00000101346	POFUT1	ENSPKIP00000021531	ENSPKIG00000005881	pofut1
ENSP00000627092	ENSG00000109472	CPE	ENSPKIP00000001931	ENSPKIG00000020014	cpe
ENSP00000733568	ENSG00000078403	MLLT10	ENSPKIP00000022832	ENSPKIG00000006615	mllt10
ENSP00000332591	ENSG00000185149	NPY2R	ENSPKIP00000036925	ENSPKIG00000015322	npy2rl
ENSP00000591236	ENSG00000136875	PRPF4	ENSPKIP00000040224	ENSPKIG00000017259	prpf4
ENSP00000337862	ENSG00000172818	OVOL1	ENSPKIP00000009713	ENSPKIG00000024718	ovol1a
ENSP00000414979	ENSG00000073060	SCARB1	ENSPKIP00000027555	ENSPKIG00000009570	scarb1
ENSP00000328777	ENSG00000184349	EFNA5	ENSPKIP00000040834	ENSPKIG00000017639	efna5a
ENSP00000429793	ENSG00000171530	TBCA	ENSPKIP00000041459	ENSPKIG00000018004	tbca
ENSP00000414066	ENSG00000196636	SDHAF3	ENSPKIP00000028991	ENSPKIG00000010418	sdhaf3
ENSP00000405068	ENSG00000087269	NOP14	ENSPKIP00000028087	ENSPKIG00000009879	nop14
ENSP00000792457	ENSG00000105372	RPS19	ENSPKIP00000009259	ENSPKIG00000024441	RPS19
ENSP00000339047	ENSG00000127399	LRRC61	ENSPKIP00000013428	ENSPKIG00000000874	lrrc61
ENSP00000397269	ENSG00000035141	FAM136A	ENSPKIP00000006447	ENSPKIG00000022708	fam136a
ENSP00000223145	ENSG00000106415	GLCCI1	ENSPKIP00000029993	ENSPKIG00000011025	GLCCI1
ENSP00000499243	ENSG00000186684	CYP27C1	ENSPKIP00000040488	ENSPKIG00000017426	cyp27c1
ENSP00000345702	ENSG00000001167	NFYA	ENSPKIP00000019602	ENSPKIG00000004690	nfyal
ENSP00000577038	ENSG00000130222	GADD45G	ENSPKIP00000040785	ENSPKIG00000017614	gadd45ga
ENSP00000279168	ENSG00000149735	GPHA2	ENSPKIP00000010037	ENSPKIG00000024906	gpha2
ENSP00000790760	ENSG00000101152	DNAJC5	ENSPKIP00000020656	ENSPKIG00000005353	dnajc5aa
ENSP00000264029	ENSG00000118094	TREH	ENSPKIP00000034510	ENSPKIG00000013790	treh
ENSP00000373304	ENSG00000154781	CCDC174	ENSPKIP00000001977	ENSPKIG00000020044	ccdc174
ENSP00000365411	ENSG00000077420	APBB1IP	ENSPKIP00000028787	ENSPKIG00000010262	apbb1ip
ENSP00000308405	ENSG00000105968	H2AZ2	ENSPKIP00000027145	ENSPKIG00000009326	h2az2a
ENSP00000360183	ENSG00000124222	STX16	ENSPKIP00000018442	ENSPKIG00000004007	stx16
ENSP00000577888	ENSG00000174564	IL20RB	ENSPKIP00000032805	ENSPKIG00000012760	
ENSP00000273968	ENSG00000145337	PYURF	ENSPKIP00000006349	ENSPKIG00000022665	zgc:162634
ENSP00000484398	ENSG00000183963	SMTN	ENSPKIP00000040591	ENSPKIG00000017489	
ENSP00000421169	ENSG00000188848	BEND4	ENSPKIP00000030262	ENSPKIG00000011193	bend4
ENSP00000278193	ENSG00000148943	LIN7C	ENSPKIP00000014048	ENSPKIG00000001263	lin7c
ENSP00000621083	ENSG00000148541	FAM13C	ENSPKIP00000010705	ENSPKIG00000025316	FAM13C
ENSP00000522653	ENSG00000131966	ACTR10	ENSPKIP00000014854	ENSPKIG00000001758	actr10
ENSP00000296271	ENSG00000163914	RHO	ENSPKIP00000031780	ENSPKIG00000012132	exorh
ENSP00000344299	ENSG00000188647	PTAR1	ENSPKIP00000014084	ENSPKIG00000001266	ptar1
ENSP00000243673	ENSG00000123901	GPR83	ENSPKIP00000005777	ENSPKIG00000022322	gpr83
ENSP00000301825	ENSG00000168032	ENTPD3	ENSPKIP00000032318	ENSPKIG00000012457	entpd3
ENSP00000518228	ENSG00000166164	BRD7	ENSPKIP00000020575	ENSPKIG00000005303	brd7
ENSP00000263897	ENSG00000053501	USE1	ENSPKIP00000013432	ENSPKIG00000000876	use1
ENSP00000596490	ENSG00000038002	AGA	ENSPKIP00000022794	ENSPKIG00000006658	aga
ENSP00000738710	ENSG00000103042	SLC38A7	ENSPKIP00000016363	ENSPKIG00000002694	slc38a7
ENSP00000478305	ENSG00000088826	SMOX	ENSPKIP00000030304	ENSPKIG00000011205	smox
ENSP00000425010	ENSG00000168421	RHOH	ENSPKIP00000020069	ENSPKIG00000004992	rhoh
ENSP00000727931	ENSG00000120837	NFYB	ENSPKIP00000039023	ENSPKIG00000016560	NFYB
ENSP00000344794	ENSG00000124615	MOCS1	ENSPKIP00000006191	ENSPKIG00000022566	mocs1
ENSP00000334675	ENSG00000186871	ERCC6L	ENSPKIP00000005787	ENSPKIG00000022325	ercc6l
ENSP00000425721	ENSG00000310517	CAST	ENSPKIP00000039153	ENSPKIG00000016588	cast
ENSP00000359215	ENSG00000107807	TLX1	ENSPKIP00000016073	ENSPKIG00000002563	tlx1
ENSP00000342828	ENSG00000119919	NKX2-3	ENSPKIP00000036882	ENSPKIG00000015279	nkx2.3
ENSP00000719200	ENSG00000081154	PCNP	ENSPKIP00000009930	ENSPKIG00000024838	pcnp
ENSP00000552452	ENSG00000109758	HGFAC	ENSPKIP00000019256	ENSPKIG00000004495	HGFAC
ENSP00000631155	ENSG00000060566	CREB3L3	ENSPKIP00000030066	ENSPKIG00000011068	
ENSP00000363382	ENSG00000106868	SUSD1	ENSPKIP00000009649	ENSPKIG00000024675	susd1
ENSP00000631838	ENSG00000132639	SNAP25	ENSPKIP00000005487	ENSPKIG00000022134	snap25a
ENSP00000620297	ENSG00000053254	FOXN3	ENSPKIP00000006716	ENSPKIG00000022881	
ENSP00000535287	ENSG00000169903	TM4SF4	ENSPKIP00000010996	ENSPKIG00000025489	tm4sf4
ENSP00000524307	ENSG00000213782	DDX47	ENSPKIP00000022926	ENSPKIG00000006718	ddx47
ENSP00000260803	ENSG00000138231	DBR1	ENSPKIP00000012567	ENSPKIG00000000310	dbr1
ENSP00000599637	ENSG00000107614	TRDMT1	ENSPKIP00000018093	ENSPKIG00000003764	trdmt1
ENSP00000333401	ENSG00000185608	MRPL40	ENSPKIP00000009356	ENSPKIG00000024494	mrpl40
ENSP00000579818	ENSG00000114315	HES1	ENSPKIP00000018071	ENSPKIG00000003768	her6
ENSP00000581537	ENSG00000115486	GGCX	ENSPKIP00000006702	ENSPKIG00000022863	ggcx
ENSP00000501408	ENSG00000140157	NIPA2	ENSPKIP00000006745	ENSPKIG00000022900	nipa2
ENSP00000579042	ENSG00000100234	TIMP3	ENSPKIP00000041982	ENSPKIG00000018394	TIMP3
ENSP00000376304	ENSG00000184986	TMEM121	ENSPKIP00000004131	ENSPKIG00000021372	tmem121aa
ENSP00000390531	ENSG00000053770	AP5M1	ENSPKIP00000014686	ENSPKIG00000001673	ap5m1
ENSP00000682614	ENSG00000119487	MAPKAP1	ENSPKIP00000031481	ENSPKIG00000011942	mapkap1
ENSP00000631162	ENSG00000101161	PRPF6	ENSPKIP00000021119	ENSPKIG00000005627	prpf6
ENSP00000362401	ENSG00000173198	CYSLTR1	ENSPKIP00000004801	ENSPKIG00000021751	cysltr1
ENSP00000498186	ENSG00000102393	GLA	ENSPKIP00000003867	ENSPKIG00000021176	gla
ENSP00000677161	ENSG00000085382	HACE1	ENSPKIP00000033852	ENSPKIG00000013369	hace1
ENSP00000627790	ENSG00000100767	PAPLN	ENSPKIP00000024470	ENSPKIG00000007713	paplna
ENSP00000612723	ENSG00000188026	RILPL1	ENSPKIP00000014162	ENSPKIG00000001328	RILPL1
ENSP00000365899	ENSG00000100987	VSX1	ENSPKIP00000028550	ENSPKIG00000010156	vsx1
ENSP00000622752	ENSG00000125912	NCLN	ENSPKIP00000029086	ENSPKIG00000010457	ncln
ENSP00000602733	ENSG00000101474	APMAP	ENSPKIP00000026802	ENSPKIG00000009133	apmap
ENSP00000602163	ENSG00000101412	E2F1	ENSPKIP00000008418	ENSPKIG00000023922	e2f1
ENSP00000520818	ENSG00000118816	CCNI	ENSPKIP00000025354	ENSPKIG00000008262	ccni
ENSP00000395281	ENSG00000160345	PIERCE1	ENSPKIP00000012412	ENSPKIG00000000214	pierce1
ENSP00000726927	ENSG00000164961	WASHC5	ENSPKIP00000036943	ENSPKIG00000015294	washc5
ENSP00000549642	ENSG00000165476	REEP3	ENSPKIP00000001149	ENSPKIG00000019555	
ENSP00000222266	ENSG00000205155	PSENEN	ENSPKIP00000035327	ENSPKIG00000014335	
ENSP00000615739	ENSG00000122367	LDB3	ENSPKIP00000026407	ENSPKIG00000008914	ldb3a
ENSP00000577334	ENSG00000103485	QPRT	ENSPKIP00000024854	ENSPKIG00000007944	
ENSP00000216144	ENSG00000100314	CABP7	ENSPKIP00000032274	ENSPKIG00000012439	cabp7a
ENSP00000295683	ENSG00000163464	CXCR1	ENSPKIP00000000301	ENSPKIG00000019026	cxcr2
ENSP00000548682	ENSG00000100413	POLR3H	ENSPKIP00000025783	ENSPKIG00000008527	polr3h
ENSP00000507100	ENSG00000111554	MDM1	ENSPKIP00000005848	ENSPKIG00000022365	mdm1
ENSP00000368766	ENSG00000171873	ADRA1D	ENSPKIP00000030113	ENSPKIG00000011098	adra1d
ENSP00000494193	ENSG00000101276	SLC52A3	ENSPKIP00000022963	ENSPKIG00000006769	slc52a3-1
ENSP00000354152	ENSG00000103248	MTHFSD	ENSPKIP00000001355	ENSPKIG00000019658	mthfsd
ENSP00000380037	ENSG00000197296	FITM2	ENSPKIP00000030635	ENSPKIG00000011423	fitm2
ENSP00000641966	ENSG00000100311	PDGFB	ENSPKIP00000019078	ENSPKIG00000004396	pdgfba
ENSP00000385579	ENSG00000162929	SANBR	ENSPKIP00000017585	ENSPKIG00000003437	sanbr
ENSP00000668942	ENSG00000081041	CXCL2	ENSPKIP00000038612	ENSPKIG00000016310	
ENSP00000474230	ENSG00000270885	RASL10B	ENSPKIP00000033798	ENSPKIG00000013373	RASL10B
ENSP00000339992	ENSG00000118513	MYB	ENSPKIP00000007107	ENSPKIG00000023135	myb
ENSP00000460567	ENSG00000166676	TVP23A	ENSPKIP00000032601	ENSPKIG00000012636	TVP23A
ENSP00000450584	ENSG00000205707	ETFRF1	ENSPKIP00000024138	ENSPKIG00000007509	lyrm5a
ENSP00000261427	ENSG00000078140	UBE2K	ENSPKIP00000019833	ENSPKIG00000004838	ube2kb
ENSP00000768864	ENSG00000104325	DECR1	ENSPKIP00000012751	ENSPKIG00000000433	decr1
ENSP00000451976	ENSG00000100577	GSTZ1	ENSPKIP00000015482	ENSPKIG00000002197	gstz1
ENSP00000630226	ENSG00000111737	RAB35	ENSPKIP00000010315	ENSPKIG00000025079	rab35b
ENSP00000274024	ENSG00000145384	FABP2	ENSPKIP00000015177	ENSPKIG00000001969	fabp2
ENSP00000243903	ENSG00000101442	ACTR5	ENSPKIP00000023071	ENSPKIG00000006836	actr5
ENSP00000510165	ENSG00000107929	LARP4B	ENSPKIP00000032171	ENSPKIG00000012368	
ENSP00000416149	ENSG00000104907	TRMT1	ENSPKIP00000020608	ENSPKIG00000005309	trmt1
ENSP00000364037	ENSG00000136891	TEX10	ENSPKIP00000036082	ENSPKIG00000014782	tex10
ENSP00000641912	ENSG00000061918	GUCY1B1	ENSPKIP00000041922	ENSPKIG00000018265	gucy1b1
ENSP00000672034	ENSG00000101017	CD40	ENSPKIP00000023797	ENSPKIG00000007291	cd40
ENSP00000486540	ENSG00000144580	CNOT9	ENSPKIP00000027972	ENSPKIG00000009784	cnot9
ENSP00000336775	ENSG00000182253	SYNM	ENSPKIP00000034907	ENSPKIG00000014056	
ENSP00000619816	ENSG00000158186	MRAS	ENSPKIP00000000642	ENSPKIG00000019227	MRAS
ENSP00000257857	ENSG00000135404	CD63	ENSPKIP00000021750	ENSPKIG00000006017	cd63
ENSP00000290536	ENSG00000159374	M1AP	ENSPKIP00000006060	ENSPKIG00000022489	m1ap
ENSP00000414657	ENSG00000164920	OSR2	ENSPKIP00000038950	ENSPKIG00000016499	osr2
ENSP00000376776	ENSG00000123454	DBH	ENSPKIP00000004084	ENSPKIG00000021325	dbh
ENSP00000245543	ENSG00000125449	ARMC7	ENSPKIP00000016881	ENSPKIG00000003019	armc7
ENSP00000314709	ENSG00000178764	ZHX2	ENSPKIP00000011808	ENSPKIG00000018756	zhx2a
ENSP00000406546	ENSG00000213901	SLC23A3	ENSPKIP00000013861	ENSPKIG00000001119	slc23a3
ENSP00000600419	ENSG00000148384	INPP5E	ENSPKIP00000020545	ENSPKIG00000005282	inpp5e
ENSP00000427694	ENSG00000173868	PHOSPHO1	ENSPKIP00000003147	ENSPKIG00000020768	phospho1
ENSP00000503050	ENSG00000104368	PLAT	ENSPKIP00000014608	ENSPKIG00000001615	plat
ENSP00000482504	ENSG00000278570	NR2E3	ENSPKIP00000012591	ENSPKIG00000000334	nr2e3
ENSP00000363329	ENSG00000136868	SLC31A1	ENSPKIP00000001344	ENSPKIG00000019675	SLC31A1
ENSP00000341550	ENSG00000188467	SLC24A5	ENSPKIP00000003037	ENSPKIG00000020692	slc24a5
ENSP00000354829	ENSG00000198964	SGMS1	ENSPKIP00000010412	ENSPKIG00000025149	sgms1a
ENSP00000386264	ENSG00000155755	TMEM237	ENSPKIP00000025722	ENSPKIG00000008472	tmem237a
ENSP00000607549	ENSG00000025293	PHF20	ENSPKIP00000013561	ENSPKIG00000000955	PHF20
ENSP00000314295	ENSG00000284753	EEF1AKMT4	ENSPKIP00000035852	ENSPKIG00000014637	ece2a
ENSP00000599169	ENSG00000151576	QTRT2	ENSPKIP00000033412	ENSPKIG00000013085	QTRT2
ENSP00000295121	ENSG00000243667	DNAAF10	ENSPKIP00000019951	ENSPKIG00000004908	dnaaf10
ENSP00000777627	ENSG00000169249	ZRSR2	ENSPKIP00000033893	ENSPKIG00000013433	zrsr2
ENSP00000287600	ENSG00000156973	PDE6D	ENSPKIP00000010689	ENSPKIG00000025307	PDE6D
ENSP00000426421	ENSG00000034533	ASTE1	ENSPKIP00000004683	ENSPKIG00000021687	
ENSP00000544716	ENSG00000103876	FAH	ENSPKIP00000041093	ENSPKIG00000017777	fah
ENSP00000312224	ENSG00000129480	DTD2	ENSPKIP00000036030	ENSPKIG00000014747	dtd2
ENSP00000498288	ENSG00000102125	TAFAZZIN	ENSPKIP00000022095	ENSPKIG00000006241	tafazzin
ENSP00000407375	ENSG00000233276	GPX1	ENSPKIP00000000340	ENSPKIG00000019013	GPX1
ENSP00000281741	ENSG00000087301	TXNDC16	ENSPKIP00000018578	ENSPKIG00000004094	txndc16
ENSP00000421772	ENSG00000113430	IRX4	ENSPKIP00000002293	ENSPKIG00000020245	irx4a
ENSP00000796055	ENSG00000067365	METTL22	ENSPKIP00000041155	ENSPKIG00000017807	mettl22
ENSP00000619622	ENSG00000187231	SESTD1	ENSPKIP00000003880	ENSPKIG00000021147	sestd1
ENSP00000682554	ENSG00000125046	SSUH2	ENSPKIP00000028004	ENSPKIG00000009826	ssuh2.4
ENSP00000546110	ENSG00000163631	ALB	ENSPKIP00000035797	ENSPKIG00000014596	
ENSP00000297063	ENSG00000164542	MATCAP2	ENSPKIP00000028713	ENSPKIG00000010249	matcap2
ENSP00000266718	ENSG00000139329	LUM	ENSPKIP00000020282	ENSPKIG00000005122	lum
ENSP00000556690	ENSG00000197586	ENTPD6	ENSPKIP00000028601	ENSPKIG00000010184	entpd6
ENSP00000525681	ENSG00000100591	AHSA1	ENSPKIP00000008394	ENSPKIG00000023904	AHSA1
ENSP00000515512	ENSG00000185261	KIAA0825	ENSPKIP00000031905	ENSPKIG00000012216	KIAA0825
ENSP00000622449	ENSG00000132434	LANCL2	ENSPKIP00000023120	ENSPKIG00000006870	lancl2
ENSP00000347444	ENSG00000196116	TDRD7	ENSPKIP00000012155	ENSPKIG00000000052	tdrd7b
ENSP00000287139	ENSG00000156574	NODAL	ENSPKIP00000024433	ENSPKIG00000007695	ndr2
ENSP00000764672	ENSG00000197889	MEIG1	ENSPKIP00000010335	ENSPKIG00000025091	meig1
ENSP00000347836	ENSG00000186591	UBE2H	ENSPKIP00000026354	ENSPKIG00000008867	ube2h
ENSP00000364919	ENSG00000165023	DIRAS2	ENSPKIP00000003249	ENSPKIG00000020836	DIRAS2
ENSP00000532907	ENSG00000187045	TMPRSS6	ENSPKIP00000019523	ENSPKIG00000004659	TMPRSS6
ENSP00000729743	ENSG00000167103	PIP5KL1	ENSPKIP00000004270	ENSPKIG00000021448	pip5kl1
ENSP00000313572	ENSG00000177453	NIM1K	ENSPKIP00000040602	ENSPKIG00000017499	nim1ka
ENSP00000350937	ENSG00000135269	TES	ENSPKIP00000011124	ENSPKIG00000025554	tes
ENSP00000405529	ENSG00000101966	XIAP	ENSPKIP00000005190	ENSPKIG00000021969	xiap
ENSP00000268184	ENSG00000140577	CRTC3	ENSPKIP00000039019	ENSPKIG00000016547	crtc3
ENSP00000340648	ENSG00000086758	HUWE1	ENSPKIP00000037897	ENSPKIG00000015785	huwe1
ENSP00000564049	ENSG00000156398	SFXN2	ENSPKIP00000033128	ENSPKIG00000012936	sfxn2
ENSP00000346879	ENSG00000136352	NKX2-1	ENSPKIP00000023911	ENSPKIG00000007364	NKX2-1
ENSP00000503677	ENSG00000072121	ZFYVE26	ENSPKIP00000016890	ENSPKIG00000002954	zfyve26
ENSP00000482228	ENSG00000169499	PLEKHA2	ENSPKIP00000012535	ENSPKIG00000000296	plekha2
ENSP00000521616	ENSG00000166794	PPIB	ENSPKIP00000007539	ENSPKIG00000023392	ppib
ENSP00000560486	ENSG00000104412	EMC2	ENSPKIP00000033086	ENSPKIG00000012898	emc2
ENSP00000318423	ENSG00000140471	LINS1	ENSPKIP00000040703	ENSPKIG00000017561	lins1
ENSP00000537968	ENSG00000099377	HSD3B7	ENSPKIP00000036073	ENSPKIG00000014779	hsd3b7
ENSP00000751648	ENSG00000105072	C19orf44	ENSPKIP00000028773	ENSPKIG00000010285	
ENSP00000626961	ENSG00000151575	TEX9	ENSPKIP00000005564	ENSPKIG00000022193	tex9
ENSP00000538021	ENSG00000064115	TM7SF3	ENSPKIP00000010894	ENSPKIG00000025432	tm7sf3
ENSP00000446057	ENSG00000166192	SENP8	ENSPKIP00000040325	ENSPKIG00000017332	senp8
ENSP00000340017	ENSG00000149927	DOC2A	ENSPKIP00000011867	ENSPKIG00000018343	DOC2A
ENSP00000549344	ENSG00000106049	HIBADH	ENSPKIP00000027117	ENSPKIG00000009313	hibadhb
ENSP00000454411	ENSG00000228474	OST4	ENSPKIP00000033643	ENSPKIG00000013283	ost4
ENSP00000562015	ENSG00000100294	MCAT	ENSPKIP00000022589	ENSPKIG00000006538	mcat
ENSP00000638908	ENSG00000043462	LCP2	ENSPKIP00000041039	ENSPKIG00000017751	lcp2a
ENSP00000542273	ENSG00000130150	MOSPD2	ENSPKIP00000002541	ENSPKIG00000020393	mospd2
ENSP00000277903	ENSG00000148702	HABP2	ENSPKIP00000028218	ENSPKIG00000009948	HABP2
ENSP00000768466	ENSG00000233927	RPS28	ENSPKIP00000025042	ENSPKIG00000008060	rps28
ENSP00000523284	ENSG00000099917	MED15	ENSPKIP00000000317	ENSPKIG00000019016	MED15
ENSP00000512700	ENSG00000077721	UBE2A	ENSPKIP00000034829	ENSPKIG00000014011	ube2a
ENSP00000589509	ENSG00000107679	PLEKHA1	ENSPKIP00000013357	ENSPKIG00000000810	plekha1a
ENSP00000342035	ENSG00000120913	PDLIM2	ENSPKIP00000002769	ENSPKIG00000020534	PDLIM2
ENSP00000329200	ENSG00000185482	STAC3	ENSPKIP00000017261	ENSPKIG00000003255	STAC3
ENSP00000483484	ENSG00000164346	NSA2	ENSPKIP00000000032	ENSPKIG00000018852	nsa2
ENSP00000322924	ENSG00000179097	HTR1F	ENSPKIP00000039465	ENSPKIG00000016808	htr1fb
ENSP00000543600	ENSG00000164237	CMBL	ENSPKIP00000021047	ENSPKIG00000005583	cmbl
ENSP00000548651	ENSG00000147100	SLC16A2	ENSPKIP00000041012	ENSPKIG00000017749	slc16a2
ENSP00000295984	ENSG00000163704	PRRT3	ENSPKIP00000030769	ENSPKIG00000011505	
ENSP00000555132	ENSG00000163528	CHCHD4	ENSPKIP00000007610	ENSPKIG00000023439	chchd4a
ENSP00000336687	ENSG00000122565	CBX3	ENSPKIP00000012625	ENSPKIG00000000364	cbx3a
ENSP00000590853	ENSG00000136045	PWP1	ENSPKIP00000010935	ENSPKIG00000025455	pwp1
ENSP00000365908	ENSG00000106772	PRUNE2	ENSPKIP00000001381	ENSPKIG00000019698	
ENSP00000496592	ENSG00000114656	CFAP92	ENSPKIP00000009389	ENSPKIG00000024519	cfap92
ENSP00000769288	ENSG00000077984	CST7	ENSPKIP00000026994	ENSPKIG00000009194	cst7
ENSP00000715068	ENSG00000140598	EFL1	ENSPKIP00000011433	ENSPKIG00000018456	efl1
ENSP00000527056	ENSG00000103534	TMC5	ENSPKIP00000028587	ENSPKIG00000010157	tmc5
ENSP00000434727	ENSG00000197816	CCDC180	ENSPKIP00000035171	ENSPKIG00000014222	
ENSP00000500775	ENSG00000184992	BRI3BP	ENSPKIP00000032772	ENSPKIG00000012729	bri3bp
ENSP00000654244	ENSG00000101246	ARFRP1	ENSPKIP00000021889	ENSPKIG00000006104	arfrp1
ENSP00000502508	ENSG00000118971	CCND2	ENSPKIP00000039933	ENSPKIG00000017099	ccnd2a
ENSP00000363654	ENSG00000157654	PALM2AKAP2	ENSPKIP00000011877	ENSPKIG00000018367	
ENSP00000539852	ENSG00000084090	STARD7	ENSPKIP00000006298	ENSPKIG00000022629	stard7
ENSP00000553080	ENSG00000114812	VIPR1	ENSPKIP00000036593	ENSPKIG00000015105	vipr1a
ENSP00000600350	ENSG00000112685	EXOC2	ENSPKIP00000026426	ENSPKIG00000008891	exoc2
ENSP00000556338	ENSG00000125347	IRF1	ENSPKIP00000018235	ENSPKIG00000003880	
ENSP00000452342	ENSG00000128739	SNRPN	ENSPKIP00000016611	ENSPKIG00000002865	snrpb
ENSP00000322486	ENSG00000178602	OTOS	ENSPKIP00000034609	ENSPKIG00000013877	otos
ENSP00000351885	ENSG00000119383	PTPA	ENSPKIP00000009260	ENSPKIG00000024438	ptpa
ENSP00000748044	ENSG00000100099	HPS4	ENSPKIP00000010447	ENSPKIG00000025166	hps4
ENSP00000603128	ENSG00000186815	TPCN1	ENSPKIP00000011860	ENSPKIG00000018355	tpcn1
ENSP00000454546	ENSG00000166446	CDYL2	ENSPKIP00000013147	ENSPKIG00000000693	CDYL2
ENSP00000636257	ENSG00000170632	ARMC10	ENSPKIP00000022000	ENSPKIG00000006186	armc10
ENSP00000600895	ENSG00000152359	POC5	ENSPKIP00000011410	ENSPKIG00000018516	poc5
ENSP00000333837	ENSG00000262814	MRPL12	ENSPKIP00000032825	ENSPKIG00000012772	mrpl12
ENSP00000386433	ENSG00000075292	ZNF638	ENSPKIP00000001102	ENSPKIG00000019515	
ENSP00000510595	ENSG00000196712	NF1	ENSPKIP00000040253	ENSPKIG00000017206	nf1a
ENSP00000499021	ENSG00000156050	FAM161B	ENSPKIP00000015266	ENSPKIG00000002047	fam161b
ENSP00000352510	ENSG00000196663	TECPR2	ENSPKIP00000026445	ENSPKIG00000008929	tecpr2
ENSP00000537057	ENSG00000102241	HTATSF1	ENSPKIP00000009958	ENSPKIG00000024852	htatsf1
ENSP00000297354	ENSG00000164764	SBSPON	ENSPKIP00000015171	ENSPKIG00000001980	si:dkey-178e17.3
ENSP00000246070	ENSG00000125869	LAMP5	ENSPKIP00000016369	ENSPKIG00000002715	LAMP5
ENSP00000332757	ENSG00000172728	POFUT3	ENSPKIP00000010959	ENSPKIG00000025470	pofut3
ENSP00000341597	ENSG00000055147	FAM114A2	ENSPKIP00000028207	ENSPKIG00000009941	fam114a2
ENSP00000379065	ENSG00000104447	TRPS1	ENSPKIP00000011754	ENSPKIG00000018718	trps1
ENSP00000402092	ENSG00000164483	SAMD3	ENSPKIP00000033944	ENSPKIG00000013471	
ENSP00000797941	ENSG00000115286	NDUFS7	ENSPKIP00000024295	ENSPKIG00000007604	ndufs7
ENSP00000522862	ENSG00000131558	EXOC4	ENSPKIP00000021200	ENSPKIG00000005678	exoc4
ENSP00000374399	ENSG00000166166	TRMT61A	ENSPKIP00000000561	ENSPKIG00000019170	trmt61a
ENSP00000379263	ENSG00000125409	TEKT3	ENSPKIP00000031603	ENSPKIG00000012020	tekt3
ENSP00000443194	ENSG00000171428	NAT1	ENSPKIP00000012479	ENSPKIG00000000263	zgc:101040
ENSP00000358474	ENSG00000185515	BRCC3	ENSPKIP00000025236	ENSPKIG00000008182	brcc3
ENSP00000526953	ENSG00000100601	ALKBH1	ENSPKIP00000036369	ENSPKIG00000014959	alkbh1
ENSP00000384817	ENSG00000198807	PAX9	ENSPKIP00000027929	ENSPKIG00000009764	pax9
ENSP00000362395	ENSG00000078596	ITM2A	ENSPKIP00000004697	ENSPKIG00000021697	ITM2A
ENSP00000596718	ENSG00000148396	SEC16A	ENSPKIP00000020306	ENSPKIG00000005095	
ENSP00000536896	ENSG00000165171	METTL27	ENSPKIP00000028628	ENSPKIG00000010193	mettl27
ENSP00000403059	ENSG00000273899	NOL12	ENSPKIP00000023917	ENSPKIG00000007375	nol12
ENSP00000699128	ENSG00000163719	MTMR14	ENSPKIP00000041968	ENSPKIG00000018293	mtmr14
ENSP00000395220	ENSG00000147041	SYTL5	ENSPKIP00000003702	ENSPKIG00000021093	sytl5
ENSP00000563032	ENSG00000138085	ATRAID	ENSPKIP00000019892	ENSPKIG00000004864	atraid
ENSP00000353824	ENSG00000198355	PIM3	ENSPKIP00000036253	ENSPKIG00000014884	pim3
ENSP00000301924	ENSG00000104228	TRIM35	ENSPKIP00000018190	ENSPKIG00000003853	
ENSP00000620787	ENSG00000138780	GSTCD	ENSPKIP00000031706	ENSPKIG00000012085	gstcd
ENSP00000434849	ENSG00000254402	LRRC24	ENSPKIP00000015774	ENSPKIG00000002373	lrrc24
ENSP00000582147	ENSG00000160539	PLPP7	ENSPKIP00000025360	ENSPKIG00000008266	plpp7a
ENSP00000456707	ENSG00000103522	IL21R	ENSPKIP00000015350	ENSPKIG00000002105	
ENSP00000671416	ENSG00000126249	PDCD2L	ENSPKIP00000006174	ENSPKIG00000022557	pdcd2l
ENSP00000666253	ENSG00000162236	STX5	ENSPKIP00000034863	ENSPKIG00000014020	stx5a
ENSP00000291041	ENSG00000159792	PSKH1	ENSPKIP00000013498	ENSPKIG00000000919	pskh1
ENSP00000426761	ENSG00000121207	LRAT	ENSPKIP00000041653	ENSPKIG00000018121	lrata
ENSP00000378378	ENSG00000161016	RPL8	ENSPKIP00000018900	ENSPKIG00000004287	rpl8
ENSP00000398269	ENSG00000179820	MYADM	ENSPKIP00000024730	ENSPKIG00000007862	myadmb
ENSP00000391596	ENSG00000162066	AMDHD2	ENSPKIP00000005859	ENSPKIG00000022364	amdhd2
ENSP00000628715	ENSG00000067829	IDH3G	ENSPKIP00000038491	ENSPKIG00000016241	idh3g
ENSP00000585762	ENSG00000187135	VSTM2B	ENSPKIP00000019244	ENSPKIG00000004488	vstm2b
ENSP00000797057	ENSG00000153976	HS3ST3A1	ENSPKIP00000017462	ENSPKIG00000003366	hs3st3b1b
ENSP00000285311	ENSG00000155011	DKK2	ENSPKIP00000032712	ENSPKIG00000012697	
ENSP00000617166	ENSG00000185339	TCN2	ENSPKIP00000006553	ENSPKIG00000022785	tcn2
ENSP00000264935	ENSG00000112877	CEP72	ENSPKIP00000000633	ENSPKIG00000019222	cep72
ENSP00000259400	ENSG00000136874	STX17	ENSPKIP00000035908	ENSPKIG00000014680	
ENSP00000333551	ENSG00000147471	PLPBP	ENSPKIP00000036491	ENSPKIG00000015029	PROSC
ENSP00000576581	ENSG00000163516	ANKZF1	ENSPKIP00000027311	ENSPKIG00000009427	ankzf1
ENSP00000305892	ENSG00000168701	TMEM208	ENSPKIP00000007267	ENSPKIG00000023228	tmem208
ENSP00000482954	ENSG00000113494	PRLR	ENSPKIP00000021685	ENSPKIG00000005991	PRLR
ENSP00000262376	ENSG00000118900	UBN1	ENSPKIP00000030116	ENSPKIG00000011088	UBN1
ENSP00000216106	ENSG00000100281	HMGXB4	ENSPKIP00000029127	ENSPKIG00000010496	hmgxb4a
ENSP00000379601	ENSG00000069974	RAB27A	ENSPKIP00000004760	ENSPKIG00000021729	rab27a
ENSP00000310459	ENSG00000166452	AKIP1	ENSPKIP00000038888	ENSPKIG00000016481	AKIP1
ENSP00000389900	ENSG00000109184	DCUN1D4	ENSPKIP00000019128	ENSPKIG00000004419	dcun1d4
ENSP00000354964	ENSG00000171467	ZNF318	ENSPKIP00000027541	ENSPKIG00000009562	
ENSP00000340691	ENSG00000187840	EIF4EBP1	ENSPKIP00000015355	ENSPKIG00000002110	eif4ebp1
ENSP00000370521	ENSG00000129221	AIPL1	ENSPKIP00000020628	ENSPKIG00000005329	aipl1
ENSP00000505416	ENSG00000078124	ACER3	ENSPKIP00000021979	ENSPKIG00000006173	acer3
ENSP00000387462	ENSG00000205189	ZBTB10	ENSPKIP00000023073	ENSPKIG00000006844	zbtb10
ENSP00000318029	ENSG00000181781	CIMAP1D	ENSPKIP00000026686	ENSPKIG00000009061	odf3l2a
ENSP00000747856	ENSG00000187595	ZNF385C	ENSPKIP00000014182	ENSPKIG00000001346	ZNF385C
ENSP00000584162	ENSG00000112306	RPS12	ENSPKIP00000008825	ENSPKIG00000024161	rps12
ENSP00000264093	ENSG00000114956	DGUOK	ENSPKIP00000015312	ENSPKIG00000002079	dguok
ENSP00000306682	ENSG00000170836	PPM1D	ENSPKIP00000012865	ENSPKIG00000000512	PPM1D
ENSP00000381498	ENSG00000127418	FGFRL1	ENSPKIP00000022840	ENSPKIG00000006697	fgfrl1a
ENSP00000418648	ENSG00000157741	UBN2	ENSPKIP00000022783	ENSPKIG00000006635	ubn2a
ENSP00000598457	ENSG00000159111	MRPL10	ENSPKIP00000013241	ENSPKIG00000000749	mrpl10
ENSP00000683536	ENSG00000175920	DOK7	ENSPKIP00000012455	ENSPKIG00000000227	dok7b
ENSP00000484732	ENSG00000274070	CASTOR2	ENSPKIP00000033032	ENSPKIG00000012878	castor2
ENSP00000206020	ENSG00000091640	SPAG7	ENSPKIP00000021332	ENSPKIG00000005781	spag7
ENSP00000357588	ENSG00000178033	CALHM5	ENSPKIP00000012000	ENSPKIG00000025628	calhm5.2
ENSP00000391504	ENSG00000154479	CFAP210	ENSPKIP00000017744	ENSPKIG00000003541	cfap210
ENSP00000337946	ENSG00000112530	PACRG	ENSPKIP00000035571	ENSPKIG00000014473	pacrg
ENSP00000564422	ENSG00000184076	UQCR10	ENSPKIP00000008011	ENSPKIG00000023679	uqcr10
ENSP00000539640	ENSG00000120437	ACAT2	ENSPKIP00000006574	ENSPKIG00000022793	acat2
ENSP00000538545	ENSG00000128191	DGCR8	ENSPKIP00000028896	ENSPKIG00000010338	dgcr8
ENSP00000635821	ENSG00000197093	GAL3ST4	ENSPKIP00000014789	ENSPKIG00000001720	gal3st4
ENSP00000288422	ENSG00000157625	TAB3	ENSPKIP00000039633	ENSPKIG00000016918	tab3
ENSP00000297459	ENSG00000164841	TMEM74	ENSPKIP00000032978	ENSPKIG00000012866	TMEM74
ENSP00000283006	ENSG00000153044	CENPH	ENSPKIP00000000133	ENSPKIG00000018893	cenph
ENSP00000597136	ENSG00000258289	CHURC1	ENSPKIP00000006615	ENSPKIG00000022819	churc1
ENSP00000613576	ENSG00000012822	CALCOCO1	ENSPKIP00000017435	ENSPKIG00000003333	calcoco1a
ENSP00000533420	ENSG00000135912	TTLL4	ENSPKIP00000016620	ENSPKIG00000002839	ttll4
ENSP00000314153	ENSG00000177485	ZBTB33	ENSPKIP00000028660	ENSPKIG00000010219	zbtb33
ENSP00000398679	ENSG00000096080	MRPS18A	ENSPKIP00000032877	ENSPKIG00000012807	mrps18a
ENSP00000556099	ENSG00000165591	FAAH2	ENSPKIP00000038974	ENSPKIG00000016526	faah2a
ENSP00000308219	ENSG00000174136	RGMB	ENSPKIP00000038375	ENSPKIG00000016180	rgmb
ENSP00000756570	ENSG00000100162	CENPM	ENSPKIP00000015405	ENSPKIG00000002143	
ENSP00000480043	ENSG00000150630	VEGFC	ENSPKIP00000013863	ENSPKIG00000001136	vegfc
ENSP00000262238	ENSG00000100811	YY1	ENSPKIP00000007353	ENSPKIG00000023281	yy1a
ENSP00000260372	ENSG00000137814	HAUS2	ENSPKIP00000006260	ENSPKIG00000022609	haus2
ENSP00000336887	ENSG00000029364	SLC39A9	ENSPKIP00000017389	ENSPKIG00000003322	slc39a9
ENSP00000794070	ENSG00000225921	NOL7	ENSPKIP00000025191	ENSPKIG00000008152	nol7
ENSP00000608679	ENSG00000164815	ORC5	ENSPKIP00000012196	ENSPKIG00000000068	orc5
ENSP00000550495	ENSG00000184117	NIPSNAP1	ENSPKIP00000032810	ENSPKIG00000012750	nipsnap1
ENSP00000434614	ENSG00000004897	CDC27	ENSPKIP00000008051	ENSPKIG00000023697	cdc27
ENSP00000368927	ENSG00000173674	EIF1AX	ENSPKIP00000000368	ENSPKIG00000019062	eif1axb
ENSP00000633891	ENSG00000036054	TBC1D23	ENSPKIP00000005973	ENSPKIG00000022418	tbc1d23
ENSP00000796475	ENSG00000104635	SLC39A14	ENSPKIP00000010297	ENSPKIG00000025065	slc39a14
ENSP00000541177	ENSG00000137221	TJAP1	ENSPKIP00000027865	ENSPKIG00000009733	tjap1
ENSP00000386608	ENSG00000124380	SNRNP27	ENSPKIP00000015008	ENSPKIG00000001853	
ENSP00000215885	ENSG00000100078	PLA2G3	ENSPKIP00000007792	ENSPKIG00000023555	
ENSP00000266269	ENSG00000100105	PATZ1	ENSPKIP00000001208	ENSPKIG00000019584	patz1
ENSP00000492671	ENSG00000196503	ARL9	ENSPKIP00000037550	ENSPKIG00000015693	arl9
ENSP00000284767	ENSG00000154553	PDLIM3	ENSPKIP00000008027	ENSPKIG00000023684	pdlim3a
ENSP00000497849	ENSG00000108960	MMD	ENSPKIP00000029772	ENSPKIG00000010889	MMD2
ENSP00000531889	ENSG00000130731	METTL26	ENSPKIP00000028469	ENSPKIG00000010115	mettl26
ENSP00000362481	ENSG00000094841	UPRT	ENSPKIP00000005782	ENSPKIG00000022317	uprt
ENSP00000555275	ENSG00000182768	NGRN	ENSPKIP00000034977	ENSPKIG00000014107	ngrn
ENSP00000305069	ENSG00000170088	TMEM192	ENSPKIP00000001596	ENSPKIG00000019831	tmem192
ENSP00000410689	ENSG00000196526	AFAP1	ENSPKIP00000039231	ENSPKIG00000016612	afap1
ENSP00000532481	ENSG00000242114	MTFP1	ENSPKIP00000041590	ENSPKIG00000018083	MTFP1
ENSP00000670015	ENSG00000167720	SRR	ENSPKIP00000027007	ENSPKIG00000009245	si:ch73-263o4.3
ENSP00000791423	ENSG00000145982	FARS2	ENSPKIP00000029198	ENSPKIG00000010545	fars2
ENSP00000495128	ENSG00000174780	SRP72	ENSPKIP00000028662	ENSPKIG00000010207	srp72
ENSP00000792561	ENSG00000136404	TM6SF1	ENSPKIP00000028104	ENSPKIG00000009889	tm6sf2a
ENSP00000562432	ENSG00000100321	SYNGR1	ENSPKIP00000034891	ENSPKIG00000014046	syngr1b
ENSP00000531330	ENSG00000163517	HDAC11	ENSPKIP00000019703	ENSPKIG00000004742	hdac11
ENSP00000265036	ENSG00000035499	DEPDC1B	ENSPKIP00000037569	ENSPKIG00000015689	DEPDC1B
ENSP00000526926	ENSG00000129214	SHBG	ENSPKIP00000021428	ENSPKIG00000005838	
ENSP00000385477	ENSG00000184113	CLDN5	ENSPKIP00000009484	ENSPKIG00000024581	cldn5a
ENSP00000302485	ENSG00000172346	CSDC2	ENSPKIP00000025756	ENSPKIG00000008510	CSDC2
ENSP00000761493	ENSG00000092841	MYL6	ENSPKIP00000026290	ENSPKIG00000008811	
ENSP00000714990	ENSG00000140299	BNIP2	ENSPKIP00000025023	ENSPKIG00000008039	bnip2
ENSP00000764231	ENSG00000158806	NPM2	ENSPKIP00000027787	ENSPKIG00000009700	npm2b
ENSP00000216271	ENSG00000100429	HDAC10	ENSPKIP00000005437	ENSPKIG00000022112	hdac10
ENSP00000574110	ENSG00000107669	ATE1	ENSPKIP00000004380	ENSPKIG00000021502	ate1
ENSP00000436897	ENSG00000256235	SMIM3	ENSPKIP00000038318	ENSPKIG00000016138	
ENSP00000233668	ENSG00000115325	DOK1	ENSPKIP00000006110	ENSPKIG00000022525	dok1b
ENSP00000283268	ENSG00000153266	FEZF2	ENSPKIP00000008053	ENSPKIG00000023711	fezf2
ENSP00000373169	ENSG00000151577	DRD3	ENSPKIP00000033484	ENSPKIG00000013157	drd3
ENSP00000677205	ENSG00000074410	CA12	ENSPKIP00000023847	ENSPKIG00000007299	
ENSP00000377401	ENSG00000157593	SLC35B2	ENSPKIP00000016156	ENSPKIG00000002605	slc35b2
ENSP00000343633	ENSG00000170802	FOXN2	ENSPKIP00000016106	ENSPKIG00000002583	FOXN2
ENSP00000355162	ENSG00000169989	TIGD4	ENSPKIP00000033365	ENSPKIG00000013108	
ENSP00000512464	ENSG00000188897		ENSPKIP00000014025	ENSPKIG00000001230	
ENSP00000568101	ENSG00000122376	SHLD2	ENSPKIP00000030925	ENSPKIG00000011616	shld2
ENSP00000626662	ENSG00000163291	PAQR3	ENSPKIP00000036946	ENSPKIG00000015318	paqr3b
ENSP00000466680	ENSG00000108830	RND2	ENSPKIP00000003288	ENSPKIG00000020855	rnd2
ENSP00000527695	ENSG00000137200	CMTR1	ENSPKIP00000021104	ENSPKIG00000005638	cmtr1
ENSP00000254806	ENSG00000132471	WBP2	ENSPKIP00000005390	ENSPKIG00000022073	wbp2
ENSP00000618366	ENSG00000078081	LAMP3	ENSPKIP00000006469	ENSPKIG00000022732	
ENSP00000495847	ENSG00000188517	COL25A1	ENSPKIP00000038689	ENSPKIG00000016362	
ENSP00000426653	ENSG00000061492	WNT8A	ENSPKIP00000022313	ENSPKIG00000006356	wnt8a
ENSP00000558107	ENSG00000104388	RAB2A	ENSPKIP00000027870	ENSPKIG00000009739	rab2a
ENSP00000730202	ENSG00000140307	GTF2A2	ENSPKIP00000013931	ENSPKIG00000001173	gtf2a2
ENSP00000672608	ENSG00000171566	PLRG1	ENSPKIP00000041396	ENSPKIG00000017944	plrg1
ENSP00000296978	ENSG00000164484	TMEM200A	ENSPKIP00000032158	ENSPKIG00000012365	tmem200a
ENSP00000783384	ENSG00000120896	SORBS3	ENSPKIP00000023338	ENSPKIG00000006928	sorbs3
ENSP00000750760	ENSG00000196511	TPK1	ENSPKIP00000009507	ENSPKIG00000024582	tpk1
ENSP00000378343	ENSG00000145331	TRMT10A	ENSPKIP00000018626	ENSPKIG00000004059	trmt10a
ENSP00000260264	ENSG00000137709	POU2F3	ENSPKIP00000040571	ENSPKIG00000017470	pou2f3
ENSP00000611975	ENSG00000205678	TECRL	ENSPKIP00000019898	ENSPKIG00000004882	
ENSP00000794346	ENSG00000156639	ZFAND3	ENSPKIP00000041904	ENSPKIG00000018269	ZFAND3
ENSP00000718542	ENSG00000123130	ACOT9	ENSPKIP00000031637	ENSPKIG00000011966	acot9.2
ENSP00000536282	ENSG00000261236	BOP1	ENSPKIP00000002348	ENSPKIG00000020273	BOP1
ENSP00000260257	ENSG00000255561	FDXACB1	ENSPKIP00000027264	ENSPKIG00000009407	fdxacb1
ENSP00000520815	ENSG00000189306	RRP7A	ENSPKIP00000023668	ENSPKIG00000007209	rrp7a
ENSP00000407130	ENSG00000119725	ZNF410	ENSPKIP00000015236	ENSPKIG00000001996	znf410
ENSP00000627712	ENSG00000159322	ADPGK	ENSPKIP00000007146	ENSPKIG00000023154	adpgk
ENSP00000528752	ENSG00000051620	HEBP2	ENSPKIP00000029113	ENSPKIG00000010478	soul5l
ENSP00000425996	ENSG00000243317	STMP1	ENSPKIP00000013672	ENSPKIG00000001016	stmp1
ENSP00000384725	ENSG00000061455	PRDM6	ENSPKIP00000041914	ENSPKIG00000018259	PRDM6
ENSP00000384364	ENSG00000122585	NPY	ENSPKIP00000031960	ENSPKIG00000012245	npy
ENSP00000405588	ENSG00000105982	RNF32	ENSPKIP00000021518	ENSPKIG00000005880	rnf32
ENSP00000561678	ENSG00000070540	WIPI1	ENSPKIP00000025367	ENSPKIG00000008235	WIPI1
ENSP00000725472	ENSG00000103852	TTC23	ENSPKIP00000034944	ENSPKIG00000014084	TTC23
ENSP00000384894	ENSG00000185176	AQP12B	ENSPKIP00000015853	ENSPKIG00000002404	aqp12
ENSP00000310057	ENSG00000174137	FAM53A	ENSPKIP00000035744	ENSPKIG00000014577	
ENSP00000544218	ENSG00000077232	DNAJC10	ENSPKIP00000009262	ENSPKIG00000024427	dnajc10
ENSP00000481886	ENSG00000164040	PGRMC2	ENSPKIP00000035355	ENSPKIG00000014348	pgrmc2
ENSP00000651795	ENSG00000005075	POLR2J	ENSPKIP00000033221	ENSPKIG00000013014	
ENSP00000283921	ENSG00000253293	HOXA10	ENSPKIP00000012402	ENSPKIG00000000211	hoxa10b
ENSP00000612829	ENSG00000065615	CYB5R4	ENSPKIP00000005819	ENSPKIG00000022300	cyb5r4
ENSP00000160373	ENSG00000077063	CTTNBP2	ENSPKIP00000011090	ENSPKIG00000025537	cttnbp2
ENSP00000386532	ENSG00000182177	ASB18	ENSPKIP00000030969	ENSPKIG00000011638	asb18
ENSP00000242159	ENSG00000122592	HOXA7	ENSPKIP00000012426	ENSPKIG00000000233	HOXA7
ENSP00000324403	ENSG00000056487	PHF21B	ENSPKIP00000008435	ENSPKIG00000023928	
ENSP00000798770	ENSG00000115541	HSPE1	ENSPKIP00000013142	ENSPKIG00000000682	hspe1
ENSP00000314556	ENSG00000137831	UACA	ENSPKIP00000038610	ENSPKIG00000016315	uacab
ENSP00000356056	ENSG00000146425	DYNLT1	ENSPKIP00000008461	ENSPKIG00000023942	dynlt1b
ENSP00000695726	ENSG00000156795	NTAQ1	ENSPKIP00000009742	ENSPKIG00000024731	ntaq1
ENSP00000275560	ENSG00000146700	SSC4D	ENSPKIP00000040071	ENSPKIG00000017182	
ENSP00000561968	ENSG00000151151	IPMK	ENSPKIP00000010591	ENSPKIG00000025253	ipmkb
ENSP00000301061	ENSG00000169884	WNT10B	ENSPKIP00000010518	ENSPKIG00000025210	wnt10b
ENSP00000474558	ENSG00000154493	C10orf90	ENSPKIP00000014487	ENSPKIG00000001535	
ENSP00000378431	ENSG00000138722	MMRN1	ENSPKIP00000022113	ENSPKIG00000006231	
ENSP00000265322	ENSG00000115425	PECR	ENSPKIP00000028404	ENSPKIG00000010071	pecr
ENSP00000674215	ENSG00000169439	SDC2	ENSPKIP00000000377	ENSPKIG00000019071	sdc2
ENSP00000223029	ENSG00000106305	AIMP2	ENSPKIP00000037378	ENSPKIG00000015584	aimp2
ENSP00000425261	ENSG00000163626	COX18	ENSPKIP00000012142	ENSPKIG00000000041	cox18
ENSP00000323302	ENSG00000139323	POC1B	ENSPKIP00000011125	ENSPKIG00000025555	
ENSP00000640614	ENSG00000107140	TESK1	ENSPKIP00000036829	ENSPKIG00000015256	tesk1b
ENSP00000606522	ENSG00000141577	CEP131	ENSPKIP00000030509	ENSPKIG00000011200	cep131
ENSP00000567113	ENSG00000156831	NSMCE2	ENSPKIP00000037031	ENSPKIG00000015376	nsmce2
ENSP00000626775	ENSG00000105875	WDR91	ENSPKIP00000037433	ENSPKIG00000015624	wdr91
ENSP00000453581	ENSG00000157766	ACAN	ENSPKIP00000037064	ENSPKIG00000015394	acanb
ENSP00000416125	ENSG00000236699	ARHGEF38	ENSPKIP00000031585	ENSPKIG00000012009	arhgef38
ENSP00000551538	ENSG00000122203	KIAA1191	ENSPKIP00000000422	ENSPKIG00000019097	zgc:123105
ENSP00000636727	ENSG00000115827	DCAF17	ENSPKIP00000021862	ENSPKIG00000006090	dcaf17
ENSP00000409594	ENSG00000155256	ZFYVE27	ENSPKIP00000037812	ENSPKIG00000015847	zfyve27
ENSP00000613790	ENSG00000137193	PIM1	ENSPKIP00000038298	ENSPKIG00000016119	pim1
ENSP00000627118	ENSG00000137070	IL11RA	ENSPKIP00000007115	ENSPKIG00000023130	il11ra
ENSP00000617613	ENSG00000087253	LPCAT2	ENSPKIP00000004616	ENSPKIG00000021649	lpcat2
ENSP00000745959	ENSG00000227500	SCAMP4	ENSPKIP00000025460	ENSPKIG00000008326	scamp4
ENSP00000431822	ENSG00000149806	FAU	ENSPKIP00000003892	ENSPKIG00000021210	faua
ENSP00000339754	ENSG00000188042	ARL4C	ENSPKIP00000025625	ENSPKIG00000008422	ARL4C
ENSP00000222747	ENSG00000106025	TSPAN12	ENSPKIP00000037972	ENSPKIG00000015944	tspan12
ENSP00000229238	ENSG00000111639	MRPL51	ENSPKIP00000023631	ENSPKIG00000007188	mrpl51
ENSP00000486723	ENSG00000146414	SHPRH	ENSPKIP00000041457	ENSPKIG00000017964	shprh
ENSP00000297316	ENSG00000164736	SOX17	ENSPKIP00000029800	ENSPKIG00000010909	sox17
ENSP00000586868	ENSG00000131653	TRAF7	ENSPKIP00000033672	ENSPKIG00000013277	traf7
ENSP00000509301	ENSG00000169122	FAM110B	ENSPKIP00000028928	ENSPKIG00000010377	FAM110B
ENSP00000251038	ENSG00000100722	ZC3H14	ENSPKIP00000035205	ENSPKIG00000014248	zc3h14
ENSP00000168216	ENSG00000072506	HSD17B10	ENSPKIP00000021231	ENSPKIG00000005700	hsd17b10
ENSP00000397555	ENSG00000104679	R3HCC1	ENSPKIP00000002544	ENSPKIG00000020397	
ENSP00000548246	ENSG00000085365	SCAMP1	ENSPKIP00000036854	ENSPKIG00000015262	scamp1
ENSP00000558799	ENSG00000147874	HAUS6	ENSPKIP00000007578	ENSPKIG00000023404	haus6
ENSP00000362795	ENSG00000186810	CXCR3	ENSPKIP00000003261	ENSPKIG00000020845	CXCR3
ENSP00000668173	ENSG00000167461	RAB8A	ENSPKIP00000012227	ENSPKIG00000000101	
ENSP00000625257	ENSG00000171160	MORN4	ENSPKIP00000025397	ENSPKIG00000008291	
ENSP00000494732	ENSG00000178217	SH2D4B	ENSPKIP00000025093	ENSPKIG00000008088	sh2d4bb
ENSP00000285979	ENSG00000108242	CYP2C18	ENSPKIP00000032401	ENSPKIG00000012517	si:zfos-411a11.2
ENSP00000751537	ENSG00000153975	ZUP1	ENSPKIP00000012031	ENSPKIG00000025593	zufsp
ENSP00000587301	ENSG00000111203	ITFG2	ENSPKIP00000013061	ENSPKIG00000000624	itfg2
ENSP00000371770	ENSG00000137440	FGFBP1	ENSPKIP00000006806	ENSPKIG00000022941	fgfbp1a
ENSP00000572616	ENSG00000185973	TMLHE	ENSPKIP00000025798	ENSPKIG00000008528	tmlhe
ENSP00000602485	ENSG00000137133	HINT2	ENSPKIP00000008655	ENSPKIG00000024049	hint2
ENSP00000540343	ENSG00000026297	RNASET2	ENSPKIP00000036318	ENSPKIG00000014931	rnaset2
ENSP00000636235	ENSG00000165392	WRN	ENSPKIP00000011013	ENSPKIG00000025497	wrn
ENSP00000395849	ENSG00000163491	NEK10	ENSPKIP00000029698	ENSPKIG00000010756	nek10
ENSP00000329638	ENSG00000182348	ZNF804B	ENSPKIP00000006481	ENSPKIG00000022746	
ENSP00000766173	ENSG00000132432	SEC61G	ENSPKIP00000022775	ENSPKIG00000006649	sec61g
ENSP00000643415	ENSG00000007237	GAS7	ENSPKIP00000016791	ENSPKIG00000002957	GAS7
ENSP00000365210	ENSG00000147082	CCNB3	ENSPKIP00000014118	ENSPKIG00000001308	ccnb3
ENSP00000252971	ENSG00000130675	MNX1	ENSPKIP00000021365	ENSPKIG00000005808	mnx1
ENSP00000478518	ENSG00000180347	ITPRID1	ENSPKIP00000018407	ENSPKIG00000003983	itprid1
ENSP00000217909	ENSG00000077713	SLC25A43	ENSPKIP00000000226	ENSPKIG00000018978	slc25a43
ENSP00000502034	ENSG00000114354	TFG	ENSPKIP00000002867	ENSPKIG00000020591	tfg
ENSP00000470643	ENSG00000105219	CCNP	ENSPKIP00000031442	ENSPKIG00000011926	ccnp
ENSP00000274625	ENSG00000156427	FGF18	ENSPKIP00000039515	ENSPKIG00000016851	fgf18a
ENSP00000499622	ENSG00000140948	ZCCHC14	ENSPKIP00000036042	ENSPKIG00000014759	zcchc14
ENSP00000712157	ENSG00000049130	KITLG	ENSPKIP00000009000	ENSPKIG00000024265	kitlga
ENSP00000327975	ENSG00000184544	DHRS7C	ENSPKIP00000022270	ENSPKIG00000006346	dhrs7cb
ENSP00000284601	ENSG00000154415	PPP1R3A	ENSPKIP00000030359	ENSPKIG00000011225	
ENSP00000299709	ENSG00000166558	SLC38A8	ENSPKIP00000015939	ENSPKIG00000002452	slc38a8b
ENSP00000572519	ENSG00000165102	HGSNAT	ENSPKIP00000012776	ENSPKIG00000000460	hgsnat
ENSP00000603416	ENSG00000130305	NSUN5	ENSPKIP00000029858	ENSPKIG00000010935	nsun5
ENSP00000258214	ENSG00000135736	CCDC102A	ENSPKIP00000006969	ENSPKIG00000023041	ccdc102a
ENSP00000529285	ENSG00000154240	CEP112	ENSPKIP00000025141	ENSPKIG00000008117	cep112
ENSP00000366230	ENSG00000155621	C9orf85	ENSPKIP00000013436	ENSPKIG00000000880	zgc:101016
ENSP00000587684	ENSG00000120253	NUP43	ENSPKIP00000001660	ENSPKIG00000019871	nup43
ENSP00000361345	ENSG00000126882	FAM78A	ENSPKIP00000025332	ENSPKIG00000008247	fam78ab
ENSP00000505991	ENSG00000109618	SEPSECS	ENSPKIP00000018436	ENSPKIG00000003978	sepsecs
ENSP00000283228	ENSG00000153233	PTPRR	ENSPKIP00000006889	ENSPKIG00000022989	ptprr
ENSP00000480851	ENSG00000177679	SRRM3	ENSPKIP00000040153	ENSPKIG00000017233	SRRM3
ENSP00000265077	ENSG00000038427	VCAN	ENSPKIP00000034681	ENSPKIG00000013920	vcana
ENSP00000538835	ENSG00000164306	PRIMPOL	ENSPKIP00000007684	ENSPKIG00000023486	primpol
ENSP00000473777	ENSG00000112761	CCN6	ENSPKIP00000000613	ENSPKIG00000019211	ccn6
ENSP00000644943	ENSG00000086504	MRPL28	ENSPKIP00000028925	ENSPKIG00000010370	mrpl28
ENSP00000609973	ENSG00000164465	DCBLD1	ENSPKIP00000035410	ENSPKIG00000014358	dcbld1
ENSP00000696610	ENSG00000164808	SPIDR	ENSPKIP00000016006	ENSPKIG00000002496	
ENSP00000600549	ENSG00000115685	PPP1R7	ENSPKIP00000031355	ENSPKIG00000011862	ppp1r7
ENSP00000742606	ENSG00000126787	DLGAP5	ENSPKIP00000019213	ENSPKIG00000004471	
ENSP00000298032	ENSG00000165309	ARMC3	ENSPKIP00000029869	ENSPKIG00000010944	armc3
ENSP00000342385	ENSG00000148344	PTGES	ENSPKIP00000010196	ENSPKIG00000025010	ptges
ENSP00000485925	ENSG00000186153	WWOX	ENSPKIP00000013255	ENSPKIG00000000751	wwox
ENSP00000228644	ENSG00000111049	MYF5	ENSPKIP00000018884	ENSPKIG00000004272	myf5
ENSP00000343398	ENSG00000188167	TMPPE	ENSPKIP00000016056	ENSPKIG00000002552	tmppe
ENSP00000605580	ENSG00000030066	NUP160	ENSPKIP00000034105	ENSPKIG00000013522	nup160
ENSP00000264245	ENSG00000031081	ARHGAP31	ENSPKIP00000036199	ENSPKIG00000014842	arhgap31
ENSP00000359660	ENSG00000119986	AVPI1	ENSPKIP00000038029	ENSPKIG00000015982	
ENSP00000296564	ENSG00000164151	ICE1	ENSPKIP00000002632	ENSPKIG00000020458	ice1
ENSP00000181796	ENSG00000065809	FAM107B	ENSPKIP00000010482	ENSPKIG00000025186	fam107b
ENSP00000540443	ENSG00000136247	ZDHHC4	ENSPKIP00000015176	ENSPKIG00000001983	zdhhc4
ENSP00000307722	ENSG00000170091	NSG2	ENSPKIP00000026726	ENSPKIG00000009079	nsg2
ENSP00000307126	ENSG00000168350	DEGS2	ENSPKIP00000007329	ENSPKIG00000023263	degs2
ENSP00000298288	ENSG00000165501	LRR1	ENSPKIP00000007728	ENSPKIG00000023508	lrr1
ENSP00000498740	ENSG00000105254	TBCB	ENSPKIP00000029455	ENSPKIG00000010679	tbcb
ENSP00000358466	ENSG00000155961	RAB39B	ENSPKIP00000003177	ENSPKIG00000020795	rab39ba
ENSP00000320924	ENSG00000171475	WIPF2	ENSPKIP00000007135	ENSPKIG00000023149	wipf2a
ENSP00000669612	ENSG00000140107	SLC25A47	ENSPKIP00000013305	ENSPKIG00000000789	slc25a47a
ENSP00000448696	ENSG00000178498	DTX3	ENSPKIP00000039282	ENSPKIG00000016692	dtx3
ENSP00000326519	ENSG00000280789	PAGR1	ENSPKIP00000011866	ENSPKIG00000018363	pagr1
ENSP00000353458	ENSG00000198604	BAZ1A	ENSPKIP00000015310	ENSPKIG00000002068	baz1a
ENSP00000611154	ENSG00000168434	COG7	ENSPKIP00000015430	ENSPKIG00000002136	cog7
ENSP00000452763	ENSG00000108107	RPL28	ENSPKIP00000035941	ENSPKIG00000014698	rpl28
ENSP00000406934	ENSG00000183621	ZNF438	ENSPKIP00000039322	ENSPKIG00000016726	znf438
ENSP00000501453	ENSG00000144115	THNSL2	ENSPKIP00000038445	ENSPKIG00000016221	thnsl2
ENSP00000413572	ENSG00000073536	NLE1	ENSPKIP00000012109	ENSPKIG00000000011	nle1
ENSP00000306449	ENSG00000170775	GPR37	ENSPKIP00000030839	ENSPKIG00000011550	GPR37
ENSP00000480240	ENSG00000148655	LRMDA	ENSPKIP00000030415	ENSPKIG00000011274	lrmda
ENSP00000569696	ENSG00000137563	GGH	ENSPKIP00000025056	ENSPKIG00000008065	zgc:171566
ENSP00000363259	ENSG00000177354	C10orf71	ENSPKIP00000039752	ENSPKIG00000016992	
ENSP00000601408	ENSG00000070669	ASNS	ENSPKIP00000028903	ENSPKIG00000010350	asns
ENSP00000242505	ENSG00000138286	FAM149B1	ENSPKIP00000012866	ENSPKIG00000000509	fam149b1
ENSP00000301327	ENSG00000167700	SLC33A2	ENSPKIP00000012696	ENSPKIG00000000410	slc33a2
ENSP00000281043	ENSG00000134323	MYCN	ENSPKIP00000032243	ENSPKIG00000012414	mycn
ENSP00000431180	ENSG00000137720	CFAP68	ENSPKIP00000027006	ENSPKIG00000009235	cfap68
ENSP00000562991	ENSG00000119599	DCAF4	ENSPKIP00000004154	ENSPKIG00000021382	
ENSP00000253107	ENSG00000130810	PPAN	ENSPKIP00000037249	ENSPKIG00000015508	
ENSP00000577865	ENSG00000067836	ROGDI	ENSPKIP00000007156	ENSPKIG00000023158	rogdi
ENSP00000587352	ENSG00000110696	C11orf58	ENSPKIP00000008066	ENSPKIG00000023721	zgc:56106
ENSP00000464050	ENSG00000198231	DDX42	ENSPKIP00000016715	ENSPKIG00000002901	ddx42
ENSP00000796554	ENSG00000166886	NAB2	ENSPKIP00000018262	ENSPKIG00000003895	nab2
ENSP00000621834	ENSG00000129932	DOHH	ENSPKIP00000033891	ENSPKIG00000013430	DOHH
ENSP00000507745	ENSG00000173578	XCR1	ENSPKIP00000015394	ENSPKIG00000002137	xcr1b.1
ENSP00000359212	ENSG00000138136	LBX1	ENSPKIP00000014460	ENSPKIG00000001513	
ENSP00000311436	ENSG00000174429	ABRA	ENSPKIP00000000223	ENSPKIG00000018974	abrab
ENSP00000447310	ENSG00000075415	SLC25A3	ENSPKIP00000024707	ENSPKIG00000007841	slc25a3b
ENSP00000527646	ENSG00000178719	GRINA	ENSPKIP00000004892	ENSPKIG00000021796	grinab
ENSP00000455906	ENSG00000261272	MUC22	ENSPKIP00000040605	ENSPKIG00000017498	
ENSP00000419762	ENSG00000095951	HIVEP1	ENSPKIP00000018199	ENSPKIG00000003860	hivep1
ENSP00000646322	ENSG00000182400	TRAPPC6B	ENSPKIP00000040983	ENSPKIG00000017722	trappc6b
ENSP00000386607	ENSG00000214376	VSTM5	ENSPKIP00000005568	ENSPKIG00000022195	
ENSP00000613689	ENSG00000147526	TACC1	ENSPKIP00000024337	ENSPKIG00000007617	tacc1
ENSP00000265909	ENSG00000120451	SNX19	ENSPKIP00000001756	ENSPKIG00000019923	snx19b
ENSP00000254940	ENSG00000132603	NIP7	ENSPKIP00000002458	ENSPKIG00000020345	nip7
ENSP00000586954	ENSG00000099622	CIRBP	ENSPKIP00000009277	ENSPKIG00000024430	RBM3
ENSP00000640095	ENSG00000156642	NPTN	ENSPKIP00000000917	ENSPKIG00000019379	NPTN
ENSP00000247194	ENSG00000126790	L3HYPDH	ENSPKIP00000002290	ENSPKIG00000020240	l3hypdh
ENSP00000464009	ENSG00000286075	SMIM10L3	ENSPKIP00000037209	ENSPKIG00000015488	
ENSP00000525091	ENSG00000148584	A1CF	ENSPKIP00000010464	ENSPKIG00000025176	a1cf
ENSP00000732944	ENSG00000197912	SPG7	ENSPKIP00000026008	ENSPKIG00000008639	spg7
ENSP00000618577	ENSG00000168092	PAFAH1B2	ENSPKIP00000012055	ENSPKIG00000025616	pafah1b2
ENSP00000632173	ENSG00000087152	ATXN7L3	ENSPKIP00000038454	ENSPKIG00000016201	ATXN7L3
ENSP00000343507	ENSG00000188760	TMEM198	ENSPKIP00000040902	ENSPKIG00000017682	TMEM198
ENSP00000388823	ENSG00000168824	NSG1	ENSPKIP00000018636	ENSPKIG00000004134	NSG1
ENSP00000597521	ENSG00000164323	CFAP97	ENSPKIP00000007840	ENSPKIG00000023583	cfap97
ENSP00000396452	ENSG00000130021	PUDP	ENSPKIP00000029161	ENSPKIG00000010520	pudp
ENSP00000639882	ENSG00000158517	NCF1	ENSPKIP00000033150	ENSPKIG00000012970	ncf1
ENSP00000588480	ENSG00000130935	NOL11	ENSPKIP00000022277	ENSPKIG00000006353	nol11
ENSP00000424846	ENSG00000087266	SH3BP2	ENSPKIP00000005930	ENSPKIG00000022417	sh3bp2
ENSP00000530858	ENSG00000092148	HECTD1	ENSPKIP00000033055	ENSPKIG00000012862	hectd1
ENSP00000339495	ENSG00000188986	NELFB	ENSPKIP00000012955	ENSPKIG00000000550	nelfb
ENSP00000648566	ENSG00000176919	C8G	ENSPKIP00000010478	ENSPKIG00000025185	c8g
ENSP00000362026	ENSG00000188917	TRMT2B	ENSPKIP00000040144	ENSPKIG00000017232	trmt2b
ENSP00000550953	ENSG00000070610	GBA2	ENSPKIP00000036574	ENSPKIG00000015073	gba2
ENSP00000281950	ENSG00000152147	GEMIN6	ENSPKIP00000040562	ENSPKIG00000017473	gemin6
ENSP00000797523	ENSG00000126391	FRMD8	ENSPKIP00000006874	ENSPKIG00000022980	frmd8
ENSP00000496570	ENSG00000012048	BRCA1	ENSPKIP00000006458	ENSPKIG00000022724	
ENSP00000319651	ENSG00000176399	DMRTA1	ENSPKIP00000022136	ENSPKIG00000006264	DMRTA1
ENSP00000482890	ENSG00000124490	CRISP2	ENSPKIP00000028459	ENSPKIG00000010105	
ENSP00000270115	ENSG00000161328	LRRC56	ENSPKIP00000012520	ENSPKIG00000000287	lrrc56
ENSP00000480945	ENSG00000104524	PYCR3	ENSPKIP00000026032	ENSPKIG00000008677	pycr3
ENSP00000286824	ENSG00000156298	TSPAN7	ENSPKIP00000033056	ENSPKIG00000012905	tspan7
ENSP00000380794	ENSG00000147457	CHMP7	ENSPKIP00000009768	ENSPKIG00000024747	chmp7
ENSP00000406846	ENSG00000274944		ENSPKIP00000013130	ENSPKIG00000000689	gja9b
ENSP00000399421	ENSG00000135218	CD36	ENSPKIP00000017308	ENSPKIG00000003276	cd36
ENSP00000535841	ENSG00000130347	RTN4IP1	ENSPKIP00000012637	ENSPKIG00000000366	rtn4ip1
ENSP00000727218	ENSG00000182718	ANXA2	ENSPKIP00000014005	ENSPKIG00000001223	anxa2a
ENSP00000379946	ENSG00000063169	BICRA	ENSPKIP00000039486	ENSPKIG00000016826	BICRA
ENSP00000535312	ENSG00000198087	CD2AP	ENSPKIP00000035984	ENSPKIG00000014703	cd2ap
ENSP00000408283	ENSG00000070087	PFN2	ENSPKIP00000008612	ENSPKIG00000024034	pfn2b
ENSP00000617556	ENSG00000164329	TENT2	ENSPKIP00000040612	ENSPKIG00000017504	tent2
ENSP00000582135	ENSG00000077238	IL4R	ENSPKIP00000014416	ENSPKIG00000001491	
ENSP00000549807	ENSG00000125652	ALKBH7	ENSPKIP00000020146	ENSPKIG00000005035	alkbh7
ENSP00000320679	ENSG00000178750	STX19	ENSPKIP00000027895	ENSPKIG00000009755	STX19
ENSP00000384408	ENSG00000227345	PARG	ENSPKIP00000020261	ENSPKIG00000005078	parga
ENSP00000555959	ENSG00000099817	POLR2E	ENSPKIP00000008773	ENSPKIG00000024123	POLR2E
ENSP00000302665	ENSG00000017427	IGF1	ENSPKIP00000022318	ENSPKIG00000006362	igf1
ENSP00000614870	ENSG00000100711	ZFYVE21	ENSPKIP00000000380	ENSPKIG00000019061	zfyve21
ENSP00000256592	ENSG00000134200	TSHB	ENSPKIP00000018760	ENSPKIG00000004210	tshba
ENSP00000276594	ENSG00000147596	PRDM14	ENSPKIP00000023625	ENSPKIG00000007176	prdm14
ENSP00000326948	ENSG00000068438	FTSJ1	ENSPKIP00000000795	ENSPKIG00000019318	ftsj1
ENSP00000295886	ENSG00000163623	NKX6-1	ENSPKIP00000004843	ENSPKIG00000021776	nkx6.1
ENSP00000558703	ENSG00000169676	DRD5	ENSPKIP00000018383	ENSPKIG00000003967	
ENSP00000369391	ENSG00000124787	RPP40	ENSPKIP00000022209	ENSPKIG00000006311	rpp40
ENSP00000573371	ENSG00000089041	P2RX7	ENSPKIP00000007475	ENSPKIG00000023338	p2rx7
ENSP00000361177	ENSG00000148602	LRIT1	ENSPKIP00000020012	ENSPKIG00000004918	lrit1b
ENSP00000574316	ENSG00000168228	ZCCHC4	ENSPKIP00000038883	ENSPKIG00000016454	zcchc4
ENSP00000321455	ENSG00000155970	MICU3	ENSPKIP00000009481	ENSPKIG00000024566	micu3a
ENSP00000450945	ENSG00000126822	PLEKHG3	ENSPKIP00000018435	ENSPKIG00000004001	PLEKHG3
ENSP00000367384	ENSG00000171659	GPR34	ENSPKIP00000017685	ENSPKIG00000003500	gpr34b
ENSP00000513411	ENSG00000166349	RAG1	ENSPKIP00000005089	ENSPKIG00000021898	rag1
ENSP00000564550	ENSG00000111863	ADTRP	ENSPKIP00000041661	ENSPKIG00000018124	adtrp1
ENSP00000600182	ENSG00000102030	NAA10	ENSPKIP00000038821	ENSPKIG00000016446	naa10
ENSP00000454014	ENSG00000237515	SHISA9	ENSPKIP00000038822	ENSPKIG00000016449	shisa9a
ENSP00000419126	ENSG00000119965	C10orf88	ENSPKIP00000016792	ENSPKIG00000002972	si:rp71-19m20.1
ENSP00000298292	ENSG00000165506	DNAAF2	ENSPKIP00000007763	ENSPKIG00000023536	DNAAF2
ENSP00000367715	ENSG00000146038	DCDC2	ENSPKIP00000002175	ENSPKIG00000020174	DCDC2
ENSP00000250454	ENSG00000129518	EAPP	ENSPKIP00000015623	ENSPKIG00000002266	eapp
ENSP00000522356	ENSG00000160613	PCSK7	ENSPKIP00000026307	ENSPKIG00000008783	pcsk7
ENSP00000310596	ENSG00000175324	LSM1	ENSPKIP00000014975	ENSPKIG00000001839	LSM1
ENSP00000358831	ENSG00000118402	ELOVL4	ENSPKIP00000006050	ENSPKIG00000022487	ELOVL4
ENSP00000231461	ENSG00000113532	ST8SIA4	ENSPKIP00000009756	ENSPKIG00000024739	st8sia4
ENSP00000302111	ENSG00000170430	MGMT	ENSPKIP00000020258	ENSPKIG00000005102	MGMT
ENSP00000378127	ENSG00000109534	GAR1	ENSPKIP00000000250	ENSPKIG00000018991	gar1
ENSP00000705659	ENSG00000167508	MVD	ENSPKIP00000001883	ENSPKIG00000019988	mvda
ENSP00000364886	ENSG00000115963	RND3	ENSPKIP00000030911	ENSPKIG00000011603	RND3
ENSP00000355605	ENSG00000116903	EXOC8	ENSPKIP00000037753	ENSPKIG00000015813	exoc8
ENSP00000501341	ENSG00000256053	COA8	ENSPKIP00000000479	ENSPKIG00000019126	coa8
ENSP00000428343	ENSG00000253148	RGS21	ENSPKIP00000011902	ENSPKIG00000018325	rgs13b
ENSP00000623410	ENSG00000130826	DKC1	ENSPKIP00000025677	ENSPKIG00000008443	dkc1
ENSP00000461824	ENSG00000183979	NPB	ENSPKIP00000028432	ENSPKIG00000010078	npb
ENSP00000363571	ENSG00000030304	MUSK	ENSPKIP00000007256	ENSPKIG00000023201	MUSK
ENSP00000370962	ENSG00000167741	GGT6	ENSPKIP00000029620	ENSPKIG00000010795	
ENSP00000588440	ENSG00000110987	BCL7A	ENSPKIP00000008141	ENSPKIG00000023772	bcl7a
ENSP00000546703	ENSG00000145386	CCNA2	ENSPKIP00000034632	ENSPKIG00000013895	ccna2
ENSP00000722848	ENSG00000119636	BBOF1	ENSPKIP00000015385	ENSPKIG00000002128	bbof1b
ENSP00000356658	ENSG00000203737	GPR52	ENSPKIP00000017348	ENSPKIG00000003297	gpr52
ENSP00000445277	ENSG00000251692	PTX4	ENSPKIP00000041836	ENSPKIG00000018235	ptx4
ENSP00000790476	ENSG00000213930	GALT	ENSPKIP00000006880	ENSPKIG00000022988	galt
ENSP00000188312	ENSG00000075089	ACTR6	ENSPKIP00000021661	ENSPKIG00000005971	actr6
ENSP00000318222	ENSG00000177108	ZDHHC22	ENSPKIP00000014942	ENSPKIG00000001828	zdhhc22
ENSP00000570139	ENSG00000164494	PDSS2	ENSPKIP00000012505	ENSPKIG00000000271	pdss2
ENSP00000626169	ENSG00000109065	NAT9	ENSPKIP00000025874	ENSPKIG00000008570	nat9
ENSP00000376540	ENSG00000138161	CUZD1	ENSPKIP00000013470	ENSPKIG00000000897	
ENSP00000637364	ENSG00000188313	PLSCR1	ENSPKIP00000014366	ENSPKIG00000001457	plscr3b
ENSP00000331397	ENSG00000183114	FAM43B	ENSPKIP00000025535	ENSPKIG00000008376	fam43b
ENSP00000370673	ENSG00000205693	MANSC4	ENSPKIP00000023990	ENSPKIG00000007415	MANSC4
ENSP00000507474	ENSG00000196459	TRAPPC2	ENSPKIP00000002224	ENSPKIG00000020200	TRAPPC2B
ENSP00000426741	ENSG00000251246	EFNA4-EFNA3	ENSPKIP00000034766	ENSPKIG00000013966	efna3b
ENSP00000662769	ENSG00000142330	CAPN10	ENSPKIP00000035284	ENSPKIG00000014289	capn10
ENSP00000356036	ENSG00000130363	RSPH3	ENSPKIP00000003828	ENSPKIG00000021155	rsph3
ENSP00000299155	ENSG00000166126	AMN	ENSPKIP00000013099	ENSPKIG00000000659	amn
ENSP00000598814	ENSG00000156017	CARNMT1	ENSPKIP00000012466	ENSPKIG00000000241	carnmt1
ENSP00000311280	ENSG00000102034	ELF4	ENSPKIP00000004105	ENSPKIG00000021354	elf1
ENSP00000366534	ENSG00000160973	FOXH1	ENSPKIP00000022752	ENSPKIG00000006628	foxh1
ENSP00000358496	ENSG00000182712	CMC4	ENSPKIP00000025207	ENSPKIG00000008166	
ENSP00000297574	ENSG00000164929	BAALC	ENSPKIP00000020016	ENSPKIG00000004955	
ENSP00000432845	ENSG00000254726	MEX3A	ENSPKIP00000028068	ENSPKIG00000009869	MEX3A
ENSP00000317039	ENSG00000178966	RMI1	ENSPKIP00000004764	ENSPKIG00000021735	rmi1
ENSP00000618750	ENSG00000122873	CISD1	ENSPKIP00000010605	ENSPKIG00000025260	cisd1
ENSP00000309270	ENSG00000175264	CHST1	ENSPKIP00000011499	ENSPKIG00000018563	chst1
ENSP00000629677	ENSG00000104213	PDGFRL	ENSPKIP00000022184	ENSPKIG00000006299	pdgfrl
ENSP00000294818	ENSG00000162763	LRRC52	ENSPKIP00000028166	ENSPKIG00000009915	lrrc52
ENSP00000385763	ENSG00000106853	PTGR1	ENSPKIP00000038884	ENSPKIG00000016407	ptgr1.1
ENSP00000358238	ENSG00000121634	GJA8	ENSPKIP00000026371	ENSPKIG00000008881	gja8b
ENSP00000328455	ENSG00000185565	LSAMP	ENSPKIP00000018980	ENSPKIG00000004331	LSAMP
ENSP00000489900	ENSG00000163673	DCLK3	ENSPKIP00000029628	ENSPKIG00000010804	dclk3
ENSP00000627280	ENSG00000204316	MRPL38	ENSPKIP00000005308	ENSPKIG00000022027	mrpl38
ENSP00000296051	ENSG00000163755	HPS3	ENSPKIP00000031543	ENSPKIG00000011984	hps3
ENSP00000633744	ENSG00000166086	JAM3	ENSPKIP00000024869	ENSPKIG00000007932	JAM3
ENSP00000497071	ENSG00000285641		ENSPKIP00000035702	ENSPKIG00000014528	
ENSP00000384869	ENSG00000162994	CLHC1	ENSPKIP00000004316	ENSPKIG00000021479	
ENSP00000541973	ENSG00000103326	CAPN15	ENSPKIP00000025011	ENSPKIG00000008024	capn15
ENSP00000364263	ENSG00000178828	RNF186	ENSPKIP00000040002	ENSPKIG00000017139	im:7152348
ENSP00000699857	ENSG00000122965	RBM19	ENSPKIP00000039935	ENSPKIG00000017095	rbm19
ENSP00000389111	ENSG00000228594	FNDC10	ENSPKIP00000015433	ENSPKIG00000002167	fndc10
ENSP00000359095	ENSG00000198890	PRMT6	ENSPKIP00000026331	ENSPKIG00000008857	prmt6
ENSP00000521410	ENSG00000103150	MLYCD	ENSPKIP00000017380	ENSPKIG00000003317	mlycd
ENSP00000243347	ENSG00000123610	TNFAIP6	ENSPKIP00000003530	ENSPKIG00000020996	tnfaip6
ENSP00000547263	ENSG00000151092	NGLY1	ENSPKIP00000028343	ENSPKIG00000010026	ngly1
ENSP00000568807	ENSG00000171490	RSL1D1	ENSPKIP00000006384	ENSPKIG00000022687	rsl1d1
ENSP00000579189	ENSG00000133315	MACROD1	ENSPKIP00000025758	ENSPKIG00000008514	MACROD1
ENSP00000596063	ENSG00000133739	LRRCC1	ENSPKIP00000037870	ENSPKIG00000015894	lrrcc1
ENSP00000254928	ENSG00000132591	ERAL1	ENSPKIP00000038545	ENSPKIG00000016278	eral1
ENSP00000264260	ENSG00000115607	IL18RAP	ENSPKIP00000031705	ENSPKIG00000012087	
ENSP00000310551	ENSG00000172954	LCLAT1	ENSPKIP00000007375	ENSPKIG00000023290	lclat1
ENSP00000598591	ENSG00000060339	CCAR1	ENSPKIP00000027159	ENSPKIG00000009310	ccar1
ENSP00000346127	ENSG00000021300	PLEKHB1	ENSPKIP00000008994	ENSPKIG00000024269	plekhb1
ENSP00000367023	ENSG00000137054	POLR1E	ENSPKIP00000017782	ENSPKIG00000003562	polr1e
ENSP00000428902	ENSG00000214050	FBXO16	ENSPKIP00000018676	ENSPKIG00000004140	fbxo16
ENSP00000267485	ENSG00000139971	ARMH4	ENSPKIP00000014766	ENSPKIG00000001722	
ENSP00000406665	ENSG00000233198	RNF224	ENSPKIP00000040257	ENSPKIG00000017299	rnf224
ENSP00000263187	ENSG00000057468	MSH4	ENSPKIP00000013846	ENSPKIG00000001123	msh4
ENSP00000335675	ENSG00000186314	PRELID2	ENSPKIP00000022618	ENSPKIG00000006552	
ENSP00000410533	ENSG00000237330	RNF223	ENSPKIP00000013690	ENSPKIG00000001034	RNF223
ENSP00000350425	ENSG00000110244	APOA4	ENSPKIP00000009104	ENSPKIG00000024340	
ENSP00000294635	ENSG00000162621	LRRC53	ENSPKIP00000028224	ENSPKIG00000009952	
ENSP00000394163	ENSG00000112977	DAP	ENSPKIP00000021306	ENSPKIG00000005766	dap
ENSP00000781111	ENSG00000174695	TMEM167A	ENSPKIP00000034861	ENSPKIG00000013964	TMEM167A
ENSP00000259335	ENSG00000136813	ECPAS	ENSPKIP00000014680	ENSPKIG00000001522	ecpas
ENSP00000409231	ENSG00000113597	TRAPPC13	ENSPKIP00000011104	ENSPKIG00000025545	trappc13
ENSP00000339449	ENSG00000166596	CFAP52	ENSPKIP00000021965	ENSPKIG00000006146	cfap52
ENSP00000332790	ENSG00000184270	H2AC21	ENSPKIP00000003142	ENSPKIG00000020771	
ENSP00000301917	ENSG00000170128	GPR25	ENSPKIP00000009258	ENSPKIG00000024445	gpr25
ENSP00000568897	ENSG00000113924	HGD	ENSPKIP00000010358	ENSPKIG00000025095	hgd
ENSP00000429367	ENSG00000188343	CIBAR1	ENSPKIP00000022133	ENSPKIG00000006256	cibar1
ENSP00000296824	ENSG00000164366	CCDC127	ENSPKIP00000042040	ENSPKIG00000018361	CCDC127
ENSP00000450873	ENSG00000119640	ACYP1	ENSPKIP00000016416	ENSPKIG00000002754	ACYP1
ENSP00000239223	ENSG00000120129	DUSP1	ENSPKIP00000025329	ENSPKIG00000008245	dusp1
ENSP00000328059	ENSG00000131263	RLIM	ENSPKIP00000005864	ENSPKIG00000022378	rlim
ENSP00000631909	ENSG00000170037	CNTROB	ENSPKIP00000038781	ENSPKIG00000016425	
ENSP00000425961	ENSG00000128040	SPINK2	ENSPKIP00000002503	ENSPKIG00000020372	si:ch211-195b11.3
ENSP00000383505	ENSG00000179023	KLHDC7A	ENSPKIP00000030650	ENSPKIG00000011433	klhdc7a
ENSP00000479027	ENSG00000113716	HMGXB3	ENSPKIP00000027764	ENSPKIG00000009686	hmgxb3
ENSP00000421446	ENSG00000174607	UGT8	ENSPKIP00000004629	ENSPKIG00000021657	ugt8
ENSP00000335060	ENSG00000186603	HPDL	ENSPKIP00000017837	ENSPKIG00000003595	hpdl
ENSP00000267023	ENSG00000139579	NABP2	ENSPKIP00000017732	ENSPKIG00000003530	nabp2
ENSP00000361564	ENSG00000148335	NTMT1	ENSPKIP00000011924	ENSPKIG00000018336	ntmt1
ENSP00000377369	ENSG00000100565	LRRC74A	ENSPKIP00000017413	ENSPKIG00000003331	lrrc74a
ENSP00000744907	ENSG00000109736	SLC75A1	ENSPKIP00000022278	ENSPKIG00000006333	slc75a1
ENSP00000490571	ENSG00000183092	BEGAIN	ENSPKIP00000013189	ENSPKIG00000000718	
ENSP00000228641	ENSG00000111046	MYF6	ENSPKIP00000018836	ENSPKIG00000004248	myf6
ENSP00000343021	ENSG00000189046	ALKBH2	ENSPKIP00000010362	ENSPKIG00000025109	alkbh2
ENSP00000377195	ENSG00000113758	DBN1	ENSPKIP00000027324	ENSPKIG00000009434	dbn1
ENSP00000361932	ENSG00000196968	POFUT4	ENSPKIP00000035786	ENSPKIG00000014605	pofut4
ENSP00000334642	ENSG00000165650	PDZD8	ENSPKIP00000027666	ENSPKIG00000009620	pdzd8
ENSP00000354972	ENSG00000135040	NAA35	ENSPKIP00000005612	ENSPKIG00000022177	naa35
ENSP00000678827	ENSG00000166503	HDGFL3	ENSPKIP00000001600	ENSPKIG00000019830	HDGFL3
ENSP00000258052	ENSG00000135587	SMPD2	ENSPKIP00000030499	ENSPKIG00000011322	smpd2b
ENSP00000318986	ENSG00000178694	NSUN3	ENSPKIP00000031320	ENSPKIG00000011846	nsun3
ENSP00000356549	ENSG00000162783	IER5	ENSPKIP00000015791	ENSPKIG00000002367	ier5
ENSP00000633338	ENSG00000122359	ANXA11	ENSPKIP00000030589	ENSPKIG00000011390	anxa11a
ENSP00000403208	ENSG00000212916	MAP10	ENSPKIP00000007467	ENSPKIG00000023342	map10
ENSP00000767572	ENSG00000174446	SNAPC5	ENSPKIP00000024451	ENSPKIG00000007703	SNAPC5
ENSP00000366299	ENSG00000013306	SLC25A39	ENSPKIP00000020238	ENSPKIG00000005073	slc25a39
ENSP00000483983	ENSG00000110934	BIN2	ENSPKIP00000017392	ENSPKIG00000003328	bin2b
ENSP00000567799	ENSG00000132437	DDC	ENSPKIP00000032379	ENSPKIG00000012496	ddc
ENSP00000502172	ENSG00000112137	PHACTR1	ENSPKIP00000018163	ENSPKIG00000003807	phactr1
ENSP00000249910	ENSG00000129071	MBD4	ENSPKIP00000032055	ENSPKIG00000012306	MBD4
ENSP00000454012	ENSG00000246922	UBAP1L	ENSPKIP00000039655	ENSPKIG00000016932	UBAP1L
ENSP00000643765	ENSG00000149292	TTC12	ENSPKIP00000020190	ENSPKIG00000005060	ttc12
ENSP00000350132	ENSG00000198523	PLN	ENSPKIP00000035018	ENSPKIG00000014130	pln2
ENSP00000445618	ENSG00000066427	ATXN3	ENSPKIP00000020184	ENSPKIG00000005056	atxn3
ENSP00000788015	ENSG00000112294	ALDH5A1	ENSPKIP00000014956	ENSPKIG00000001816	aldh5a1
ENSP00000475261	ENSG00000184389	A3GALT2	ENSPKIP00000033341	ENSPKIG00000013089	A3GALT2
ENSP00000472681	ENSG00000232237	ASCL5	ENSPKIP00000013382	ENSPKIG00000000847	ASCL4
ENSP00000490213	ENSG00000274386	TMEM269	ENSPKIP00000029318	ENSPKIG00000010608	tmem269
ENSP00000731559	ENSG00000164919	COX6C	ENSPKIP00000006853	ENSPKIG00000022977	cox6c
ENSP00000442464	ENSG00000144959	NCEH1	ENSPKIP00000003999	ENSPKIG00000021276	nceh1a
ENSP00000352565	ENSG00000164107	HAND2	ENSPKIP00000028643	ENSPKIG00000010209	hand2
ENSP00000524752	ENSG00000140400	MAN2C1	ENSPKIP00000023712	ENSPKIG00000007096	man2c1
ENSP00000301159	ENSG00000267796	LIN37	ENSPKIP00000035377	ENSPKIG00000014355	lin37
ENSP00000594696	ENSG00000122145	TBX22	ENSPKIP00000004688	ENSPKIG00000021685	TBX22
ENSP00000307766	ENSG00000168830	HTR1E	ENSPKIP00000040806	ENSPKIG00000017632	
ENSP00000357409	ENSG00000163354	DCST2	ENSPKIP00000034639	ENSPKIG00000013897	dcst2
ENSP00000356630	ENSG00000112406	HECA	ENSPKIP00000038523	ENSPKIG00000016260	heca
ENSP00000540918	ENSG00000008952	SEC62	ENSPKIP00000002485	ENSPKIG00000020358	sec62
ENSP00000359870	ENSG00000171004	HS6ST2	ENSPKIP00000003701	ENSPKIG00000021099	hs6st2
ENSP00000587353	ENSG00000104299	INTS9	ENSPKIP00000004820	ENSPKIG00000021742	ints9
ENSP00000368984	ENSG00000123737	EXOSC9	ENSPKIP00000021547	ENSPKIG00000005890	exosc9
ENSP00000363804	ENSG00000136826	KLF4	ENSPKIP00000028042	ENSPKIG00000009851	klf4
ENSP00000365550	ENSG00000165113	GKAP1	ENSPKIP00000004591	ENSPKIG00000021632	gkap1
ENSP00000568523	ENSG00000187664	HAPLN4	ENSPKIP00000008946	ENSPKIG00000024235	hapln4
ENSP00000358151	ENSG00000184678	H2BC21	ENSPKIP00000002246	ENSPKIG00000020224	
ENSP00000408730	ENSG00000007080	CCDC124	ENSPKIP00000025465	ENSPKIG00000008316	ccdc124
ENSP00000724933	ENSG00000148082	SHC3	ENSPKIP00000030118	ENSPKIG00000011090	shc3
ENSP00000297837	ENSG00000165138	ANKS6	ENSPKIP00000014055	ENSPKIG00000001258	ANKS6
ENSP00000569020	ENSG00000086827	ZW10	ENSPKIP00000026613	ENSPKIG00000009001	zw10
ENSP00000411913	ENSG00000211454	AKR7L	ENSPKIP00000035231	ENSPKIG00000014257	akr7a3
ENSP00000350878	ENSG00000213694	S1PR3	ENSPKIP00000030255	ENSPKIG00000011190	S1PR3
ENSP00000219431	ENSG00000103152	MPG	ENSPKIP00000003391	ENSPKIG00000020918	mpg
ENSP00000521690	ENSG00000059378	PARP12	ENSPKIP00000041839	ENSPKIG00000018215	si:ch73-252i11.1
ENSP00000766281	ENSG00000103490	PYCARD	ENSPKIP00000009800	ENSPKIG00000024762	pycard
ENSP00000512573	ENSG00000181544	FANCB	ENSPKIP00000031393	ENSPKIG00000011897	fancb
ENSP00000387380	ENSG00000123119	NECAB1	ENSPKIP00000022426	ENSPKIG00000006434	necab1
ENSP00000402297	ENSG00000215906	LACTBL1	ENSPKIP00000030309	ENSPKIG00000011202	lactbl1b
ENSP00000532653	ENSG00000106333	PCOLCE	ENSPKIP00000001362	ENSPKIG00000019688	pcolcea
ENSP00000379497	ENSG00000164949	GEM	ENSPKIP00000036353	ENSPKIG00000014954	gem
ENSP00000369699	ENSG00000147003	CLTRN	ENSPKIP00000004326	ENSPKIG00000021486	cltrn
ENSP00000253303	ENSG00000130988	RGN	ENSPKIP00000006193	ENSPKIG00000022567	rgn
ENSP00000492425	ENSG00000177144	NUDT4B	ENSPKIP00000010946	ENSPKIG00000025462	nudt4b
ENSP00000362870	ENSG00000162510	MATN1	ENSPKIP00000028964	ENSPKIG00000010387	matn1
ENSP00000569384	ENSG00000147601	TERF1	ENSPKIP00000022896	ENSPKIG00000006720	terf1
ENSP00000271532	ENSG00000163518	FCRL4	ENSPKIP00000031764	ENSPKIG00000012121	
ENSP00000222725	ENSG00000106003	LFNG	ENSPKIP00000031350	ENSPKIG00000011844	lfng
ENSP00000595278	ENSG00000054967	RELT	ENSPKIP00000008736	ENSPKIG00000024107	relt
ENSP00000485401	ENSG00000233954	UQCRHL	ENSPKIP00000025887	ENSPKIG00000008557	uqcrh
ENSP00000641803	ENSG00000185753	CXorf38	ENSPKIP00000019746	ENSPKIG00000004790	CXorf38
ENSP00000599577	ENSG00000107882	SUFU	ENSPKIP00000026537	ENSPKIG00000008960	sufu
ENSP00000599369	ENSG00000148296	SURF6	ENSPKIP00000010314	ENSPKIG00000025080	surf6
ENSP00000585630	ENSG00000186806	VSIG10L	ENSPKIP00000012118	ENSPKIG00000000025	
ENSP00000430389	ENSG00000015592	STMN4	ENSPKIP00000005359	ENSPKIG00000022059	stmn4
ENSP00000289081	ENSG00000158169	FANCC	ENSPKIP00000039265	ENSPKIG00000016689	fancc
ENSP00000323300	ENSG00000076382	SPAG5	ENSPKIP00000033844	ENSPKIG00000013381	si:dkey-25o16.4
ENSP00000586775	ENSG00000099624	ATP5F1D	ENSPKIP00000029367	ENSPKIG00000010642	atp5f1d
ENSP00000443900	ENSG00000214113	LYRM4	ENSPKIP00000029124	ENSPKIG00000010494	lyrm4b
ENSP00000716025	ENSG00000102383	ZDHHC15	ENSPKIP00000005729	ENSPKIG00000022279	zdhhc15b
ENSP00000642944	ENSG00000164199	ADGRV1	ENSPKIP00000032705	ENSPKIG00000012593	adgrv1
ENSP00000365395	ENSG00000204518	AADACL4	ENSPKIP00000030591	ENSPKIG00000011392	aadacl4
ENSP00000483547	ENSG00000165175	MID1IP1	ENSPKIP00000033036	ENSPKIG00000012894	mid1ip1b
ENSP00000675216	ENSG00000187783	TMEM72	ENSPKIP00000039932	ENSPKIG00000017091	
ENSP00000360269	ENSG00000184292	TACSTD2	ENSPKIP00000004463	ENSPKIG00000021561	epcam
ENSP00000495537	ENSG00000156313	RPGR	ENSPKIP00000003563	ENSPKIG00000021014	RPGR
ENSP00000583851	ENSG00000135597	REPS1	ENSPKIP00000038353	ENSPKIG00000016141	reps1
ENSP00000375808	ENSG00000104884	ERCC2	ENSPKIP00000023198	ENSPKIG00000006883	ercc2
ENSP00000358327	ENSG00000165806	CASP7	ENSPKIP00000028667	ENSPKIG00000010166	casp7
ENSP00000360157	ENSG00000187140	FOXD3	ENSPKIP00000037816	ENSPKIG00000015853	
ENSP00000368496	ENSG00000176022	B3GALT6	ENSPKIP00000012582	ENSPKIG00000000332	b3galt6
ENSP00000440402	ENSG00000013573	DDX11	ENSPKIP00000016114	ENSPKIG00000002544	ddx11
ENSP00000565024	ENSG00000178814	OPLAH	ENSPKIP00000023022	ENSPKIG00000006711	oplah
ENSP00000588321	ENSG00000163617	CCDC191	ENSPKIP00000033257	ENSPKIG00000013036	ccdc191
ENSP00000383873	ENSG00000215912	TTC34	ENSPKIP00000031738	ENSPKIG00000012106	ttc34
ENSP00000379839	ENSG00000159921	GNE	ENSPKIP00000038450	ENSPKIG00000016155	gne
ENSP00000350651	ENSG00000196678	ERI2	ENSPKIP00000035499	ENSPKIG00000014436	
ENSP00000495997	ENSG00000163632	C3orf49	ENSPKIP00000007541	ENSPKIG00000023394	
ENSP00000369346	ENSG00000164291	ARSK	ENSPKIP00000030739	ENSPKIG00000011476	arsk
ENSP00000483183	ENSG00000214087	ARL16	ENSPKIP00000041231	ENSPKIG00000017866	arl16
ENSP00000362085	ENSG00000171159	BBLN	ENSPKIP00000019536	ENSPKIG00000004667	bbln
ENSP00000219299	ENSG00000103021	CFAP263	ENSPKIP00000036667	ENSPKIG00000015150	cfap263
ENSP00000638468	ENSG00000157657	ZNF618	ENSPKIP00000020637	ENSPKIG00000005325	znf618
ENSP00000367032	ENSG00000182836	PLCXD3	ENSPKIP00000040122	ENSPKIG00000017214	plcxd3
ENSP00000220514	ENSG00000104147	OIP5	ENSPKIP00000016014	ENSPKIG00000002521	
ENSP00000571374	ENSG00000149923	PPP4C	ENSPKIP00000015238	ENSPKIG00000002017	ppp4ca
ENSP00000274341	ENSG00000145681	HAPLN1	ENSPKIP00000022151	ENSPKIG00000006269	hapln1b
ENSP00000380524	ENSG00000152611	CAPSL	ENSPKIP00000001862	ENSPKIG00000019975	capslb
ENSP00000353106	ENSG00000131831	RAI2	ENSPKIP00000033611	ENSPKIG00000013265	RAI2
ENSP00000786561	ENSG00000157613	CREB3L1	ENSPKIP00000032962	ENSPKIG00000012854	creb3l1
ENSP00000425906	ENSG00000145685	LHFPL2	ENSPKIP00000041238	ENSPKIG00000017855	lhfpl2a
ENSP00000368245	ENSG00000120280	TASL	ENSPKIP00000032275	ENSPKIG00000012438	TASL
ENSP00000495202	ENSG00000285053		ENSPKIP00000026916	ENSPKIG00000009157	tbce
ENSP00000515109	ENSG00000105223	PLD3	ENSPKIP00000020565	ENSPKIG00000005278	pld3
ENSP00000346015	ENSG00000166441	RPL27A	ENSPKIP00000033719	ENSPKIG00000013311	RPL27A
ENSP00000583789	ENSG00000108788	MLX	ENSPKIP00000000451	ENSPKIG00000019108	mlx
ENSP00000370303	ENSG00000175893	ZDHHC21	ENSPKIP00000012266	ENSPKIG00000000118	
ENSP00000354294	ENSG00000168925	CTRB1	ENSPKIP00000022706	ENSPKIG00000006600	ctrb.1
ENSP00000431445	ENSG00000160654	CD3G	ENSPKIP00000010644	ENSPKIG00000025281	
ENSP00000397181	ENSG00000117152	RGS4	ENSPKIP00000011273	ENSPKIG00000018438	RGS4
ENSP00000618177	ENSG00000169239	CA5B	ENSPKIP00000036348	ENSPKIG00000014941	CA5B
ENSP00000306887	ENSG00000171202	TMEM126A	ENSPKIP00000017018	ENSPKIG00000003107	tmem126a
ENSP00000344129	ENSG00000179930	ZNF648	ENSPKIP00000020539	ENSPKIG00000005276	znf648
ENSP00000601227	ENSG00000123131	PRDX4	ENSPKIP00000031723	ENSPKIG00000012090	prdx4
ENSP00000306425	ENSG00000170791	CHCHD7	ENSPKIP00000029074	ENSPKIG00000010440	chchd7
ENSP00000518166	ENSG00000177606	JUN	ENSPKIP00000027496	ENSPKIG00000009525	JUN
ENSP00000507912	ENSG00000175595	ERCC4	ENSPKIP00000038711	ENSPKIG00000016373	ercc4
ENSP00000527917	ENSG00000149136	SSRP1	ENSPKIP00000024254	ENSPKIG00000007580	ssrp1b
ENSP00000579490	ENSG00000073331	ALPK1	ENSPKIP00000010628	ENSPKIG00000025274	ALPK1
ENSP00000552762	ENSG00000136560	TANK	ENSPKIP00000014386	ENSPKIG00000001469	tank
ENSP00000210313	ENSG00000095261	PSMD5	ENSPKIP00000018789	ENSPKIG00000004218	psmd5
ENSP00000673028	ENSG00000213398	LCAT	ENSPKIP00000036531	ENSPKIG00000015064	lcat
ENSP00000401831	ENSG00000167107	ACSF2	ENSPKIP00000032125	ENSPKIG00000012328	acsf2
ENSP00000263233	ENSG00000102003	SYP	ENSPKIP00000028400	ENSPKIG00000010067	sypa
ENSP00000361923	ENSG00000172586	CHCHD1	ENSPKIP00000025936	ENSPKIG00000008612	chchd1
ENSP00000217958	ENSG00000101843	PSMD10	ENSPKIP00000005236	ENSPKIG00000021992	psmd10
ENSP00000388169	ENSG00000241553	ARPC4	ENSPKIP00000008024	ENSPKIG00000023685	arpc4
ENSP00000364574	ENSG00000204356	NELFE	ENSPKIP00000031661	ENSPKIG00000012048	nelfe
ENSP00000377280	ENSG00000164117	FBXO8	ENSPKIP00000028591	ENSPKIG00000010171	fbxo8
ENSP00000278483	ENSG00000149196	HIKESHI	ENSPKIP00000021149	ENSPKIG00000005655	hikeshi
ENSP00000564778	ENSG00000114388	NPRL2	ENSPKIP00000014034	ENSPKIG00000001215	nprl2
ENSP00000307298	ENSG00000169018	FEM1B	ENSPKIP00000039876	ENSPKIG00000017070	fem1b
ENSP00000385422	ENSG00000156097	GPR61	ENSPKIP00000036777	ENSPKIG00000015223	gpr61
ENSP00000667438	ENSG00000166816	LDHD	ENSPKIP00000036966	ENSPKIG00000015311	ldhd
ENSP00000585402	ENSG00000128915	ICE2	ENSPKIP00000014093	ENSPKIG00000001276	ice2
ENSP00000262340	ENSG00000116745	RPE65	ENSPKIP00000017949	ENSPKIG00000003658	rpe65a
ENSP00000247815	ENSG00000127311	HELB	ENSPKIP00000004968	ENSPKIG00000021837	helb
ENSP00000360676	ENSG00000198841	KTI12	ENSPKIP00000025966	ENSPKIG00000008621	kti12
ENSP00000567497	ENSG00000166171	DPCD	ENSPKIP00000014237	ENSPKIG00000001362	dpcd
ENSP00000432163	ENSG00000182359	KBTBD3	ENSPKIP00000008035	ENSPKIG00000023695	kbtbd3
ENSP00000249356	ENSG00000128590	DNAJB9	ENSPKIP00000029327	ENSPKIG00000010622	dnajb9b
ENSP00000419242	ENSG00000127993	RBM48	ENSPKIP00000013327	ENSPKIG00000000801	rbm48
ENSP00000303987	ENSG00000168569	TMEM223	ENSPKIP00000023040	ENSPKIG00000006829	tmem223
ENSP00000630317	ENSG00000103066	PLA2G15	ENSPKIP00000036562	ENSPKIG00000015085	pla2g15
ENSP00000775622	ENSG00000180992	MRPL14	ENSPKIP00000005736	ENSPKIG00000022296	mrpl14
ENSP00000795948	ENSG00000139437	TCHP	ENSPKIP00000010095	ENSPKIG00000024941	tchp
ENSP00000616933	ENSG00000112531	QKI	ENSPKIP00000029696	ENSPKIG00000010813	qki2
ENSP00000507655	ENSG00000125124	BBS2	ENSPKIP00000015369	ENSPKIG00000002095	bbs2
ENSP00000625015	ENSG00000110583	NAA40	ENSPKIP00000008054	ENSPKIG00000023709	naa40
ENSP00000216361	ENSG00000100473	COCH	ENSPKIP00000033481	ENSPKIG00000013154	coch
ENSP00000613930	ENSG00000114796	KLHL24	ENSPKIP00000036038	ENSPKIG00000014745	klhl24b
ENSP00000226279	ENSG00000004468	CD38	ENSPKIP00000022530	ENSPKIG00000006488	cd38
ENSP00000606267	ENSG00000185624	P4HB	ENSPKIP00000022228	ENSPKIG00000006291	p4hb
ENSP00000544560	ENSG00000175600	SUGCT	ENSPKIP00000028695	ENSPKIG00000010227	sugct
ENSP00000533305	ENSG00000176946	THAP4	ENSPKIP00000016503	ENSPKIG00000002801	thap4
ENSP00000434517	ENSG00000184363	PKP3	ENSPKIP00000002334	ENSPKIG00000020239	PKP3
ENSP00000441890	ENSG00000087494	PTHLH	ENSPKIP00000015399	ENSPKIG00000002142	PTHLH
ENSP00000798241	ENSG00000132406	TMEM128	ENSPKIP00000018453	ENSPKIG00000004016	TMEM128
ENSP00000587760	ENSG00000133895	MEN1	ENSPKIP00000037505	ENSPKIG00000015655	men1
ENSP00000489869	ENSG00000283654	CIROP	ENSPKIP00000023750	ENSPKIG00000007262	cirop
ENSP00000297581	ENSG00000164935	DCSTAMP	ENSPKIP00000041412	ENSPKIG00000017966	DCSTAMP
ENSP00000356795	ENSG00000143178	TBX19	ENSPKIP00000005651	ENSPKIG00000022234	tbx19
ENSP00000637837	ENSG00000164603	SAMTOR	ENSPKIP00000013784	ENSPKIG00000001087	BMT2
ENSP00000666970	ENSG00000138430	OLA1	ENSPKIP00000019387	ENSPKIG00000004546	OLA1
ENSP00000326813	ENSG00000180667	YOD1	ENSPKIP00000005803	ENSPKIG00000022339	yod1
ENSP00000560629	ENSG00000184060	ADAP2	ENSPKIP00000020343	ENSPKIG00000005159	ADAP2
ENSP00000622211	ENSG00000187164	SHTN1	ENSPKIP00000028176	ENSPKIG00000009916	shtn1
ENSP00000378690	ENSG00000183166	CALN1	ENSPKIP00000022683	ENSPKIG00000006593	caln1
ENSP00000372088	ENSG00000051180	RAD51	ENSPKIP00000017180	ENSPKIG00000003208	rad51
ENSP00000572958	ENSG00000182087	TMEM259	ENSPKIP00000021223	ENSPKIG00000005713	tmem259
ENSP00000427797	ENSG00000104427	ZC2HC1A	ENSPKIP00000019731	ENSPKIG00000004774	
ENSP00000638196	ENSG00000188177	ZC3H6	ENSPKIP00000023941	ENSPKIG00000007353	zc3h6
ENSP00000478261	ENSG00000147145	LPAR4	ENSPKIP00000004757	ENSPKIG00000021733	lpar4
ENSP00000339672	ENSG00000137745	MMP13	ENSPKIP00000033103	ENSPKIG00000012933	mmp13b
ENSP00000297313	ENSG00000147509	RGS20	ENSPKIP00000020634	ENSPKIG00000005342	rgs20
ENSP00000284116	ENSG00000153982	GDPD1	ENSPKIP00000036052	ENSPKIG00000014754	GDPD1
ENSP00000359813	ENSG00000101928	MOSPD1	ENSPKIP00000003991	ENSPKIG00000021269	mospd1
ENSP00000634625	ENSG00000198825	INPP5F	ENSPKIP00000020926	ENSPKIG00000005502	inpp5f
ENSP00000579273	ENSG00000112335	SNX3	ENSPKIP00000033038	ENSPKIG00000012897	snx3
ENSP00000628915	ENSG00000110429	FBXO3	ENSPKIP00000033558	ENSPKIG00000013214	fbxo3
ENSP00000446252	ENSG00000291237	SOD2	ENSPKIP00000006462	ENSPKIG00000022722	sod2
ENSP00000614146	ENSG00000064042	LIMCH1	ENSPKIP00000020833	ENSPKIG00000005460	limch1a
ENSP00000499199	ENSG00000132330	SCLY	ENSPKIP00000014979	ENSPKIG00000001841	scly
ENSP00000419923	ENSG00000067082	KLF6	ENSPKIP00000029529	ENSPKIG00000010739	klf6a
ENSP00000490468	ENSG00000187772	LIN28B	ENSPKIP00000033688	ENSPKIG00000013309	lin28b
ENSP00000636025	ENSG00000172053	QARS1	ENSPKIP00000005577	ENSPKIG00000022198	qars1
ENSP00000496415	ENSG00000137273	FOXF2	ENSPKIP00000026614	ENSPKIG00000009023	
ENSP00000455009	ENSG00000167526	RPL13	ENSPKIP00000014901	ENSPKIG00000001789	rpl13
ENSP00000356713	ENSG00000027697	IFNGR1	ENSPKIP00000010972	ENSPKIG00000025478	
ENSP00000588486	ENSG00000171311	EXOSC1	ENSPKIP00000038143	ENSPKIG00000016037	exosc1
ENSP00000508228	ENSG00000175946	KLHL38	ENSPKIP00000037126	ENSPKIG00000015435	klhl38a
ENSP00000678028	ENSG00000040341	STAU2	ENSPKIP00000022805	ENSPKIG00000006663	stau2
ENSP00000581324	ENSG00000131264	CDX4	ENSPKIP00000000198	ENSPKIG00000018962	cdx4
ENSP00000555518	ENSG00000119688	ABCD4	ENSPKIP00000004732	ENSPKIG00000021635	abcd4
ENSP00000379226	ENSG00000120498	TEX11	ENSPKIP00000042070	ENSPKIG00000018791	tex11
ENSP00000582721	ENSG00000166848	TERF2IP	ENSPKIP00000029237	ENSPKIG00000010564	
ENSP00000579259	ENSG00000144369	FAM171B	ENSPKIP00000000885	ENSPKIG00000019388	fam171b
ENSP00000456337	ENSG00000261652	PIERCE2	ENSPKIP00000004922	ENSPKIG00000021823	
ENSP00000364430	ENSG00000204335	SP5	ENSPKIP00000000745	ENSPKIG00000019297	SP5
ENSP00000265990	ENSG00000095564	BTAF1	ENSPKIP00000037792	ENSPKIG00000015810	btaf1
ENSP00000488378	ENSG00000105854	PON2	ENSPKIP00000004220	ENSPKIG00000021420	pon3.1
ENSP00000464625	ENSG00000141526	SLC16A3	ENSPKIP00000028436	ENSPKIG00000010086	slc16a3b
ENSP00000468425	ENSG00000167900	TK1	ENSPKIP00000024576	ENSPKIG00000007773	tk1
ENSP00000283936	ENSG00000153822	KCNJ16	ENSPKIP00000035459	ENSPKIG00000014415	kcnj16a
ENSP00000335196	ENSG00000186417	GLDN	ENSPKIP00000041591	ENSPKIG00000018075	gldn
ENSP00000520917	ENSG00000283516	LITAFD	ENSPKIP00000002406	ENSPKIG00000020309	
ENSP00000288050	ENSG00000090857	PDPR	ENSPKIP00000002140	ENSPKIG00000020136	pdpr
ENSP00000319991	ENSG00000108932	SLC16A6	ENSPKIP00000025463	ENSPKIG00000008333	slc16a6a
ENSP00000373594	ENSG00000169758	TMEM266	ENSPKIP00000014857	ENSPKIG00000001761	tmem266
ENSP00000323927	ENSG00000161381	PLXDC1	ENSPKIP00000004804	ENSPKIG00000021750	PLXDC1
ENSP00000373600	ENSG00000154237	LRRK1	ENSPKIP00000040475	ENSPKIG00000017382	lrrk1
ENSP00000610733	ENSG00000137207	YIPF3	ENSPKIP00000028009	ENSPKIG00000009819	yipf3
ENSP00000578465	ENSG00000146674	IGFBP3	ENSPKIP00000025530	ENSPKIG00000008313	igfbp3
ENSP00000438209	ENSG00000189120	SP6	ENSPKIP00000024140	ENSPKIG00000007504	sp6
ENSP00000351346	ENSG00000132549	VPS13B	ENSPKIP00000039163	ENSPKIG00000016567	VPS13B
ENSP00000482599	ENSG00000181038	METTL23	ENSPKIP00000007089	ENSPKIG00000023121	mettl23
ENSP00000633786	ENSG00000139726	DENR	ENSPKIP00000013819	ENSPKIG00000001107	denr
ENSP00000676767	ENSG00000166965	RCCD1	ENSPKIP00000036602	ENSPKIG00000015114	rccd1
ENSP00000387007	ENSG00000146918	NCAPG2	ENSPKIP00000021214	ENSPKIG00000005698	ncapg2
ENSP00000357037	ENSG00000112282	MED23	ENSPKIP00000032664	ENSPKIG00000012622	med23
ENSP00000474253	ENSG00000139718	SETD1B	ENSPKIP00000007087	ENSPKIG00000023115	setd1ba
ENSP00000319482	ENSG00000188215	DCUN1D3	ENSPKIP00000027536	ENSPKIG00000009560	DCUN1D3
ENSP00000746503	ENSG00000141560	FN3KRP	ENSPKIP00000041260	ENSPKIG00000017883	fn3krp
ENSP00000753548	ENSG00000172500	FIBP	ENSPKIP00000009594	ENSPKIG00000024645	fibpa
ENSP00000340274	ENSG00000123728	RAP2C	ENSPKIP00000003570	ENSPKIG00000021020	rap2c
ENSP00000328174	ENSG00000140451	PIF1	ENSPKIP00000025782	ENSPKIG00000008520	PIF1
ENSP00000502556	ENSG00000169562	GJB1	ENSPKIP00000001290	ENSPKIG00000019632	gjb1b
ENSP00000423812	ENSG00000136457	CHAD	ENSPKIP00000016850	ENSPKIG00000003007	chad
ENSP00000756357	ENSG00000111196	MAGOHB	ENSPKIP00000030489	ENSPKIG00000011331	magoh
ENSP00000354361	ENSG00000168411	RFWD3	ENSPKIP00000002302	ENSPKIG00000020249	rfwd3
ENSP00000216513	ENSG00000100625	SIX4	ENSPKIP00000041706	ENSPKIG00000018158	six4a
ENSP00000299157	ENSG00000166130	IKBIP	ENSPKIP00000022218	ENSPKIG00000006312	
ENSP00000451129	ENSG00000100603	SNW1	ENSPKIP00000036433	ENSPKIG00000014994	snw1
ENSP00000438886	ENSG00000108465	CDK5RAP3	ENSPKIP00000013152	ENSPKIG00000000684	cdk5rap3
ENSP00000598080	ENSG00000163608	RMP64	ENSPKIP00000033873	ENSPKIG00000013402	rmp64
ENSP00000614997	ENSG00000159387	IRX6	ENSPKIP00000004712	ENSPKIG00000021704	irx6a
ENSP00000543133	ENSG00000120992	LYPLA1	ENSPKIP00000029714	ENSPKIG00000010847	lypla1
ENSP00000367154	ENSG00000148484	RSU1	ENSPKIP00000024067	ENSPKIG00000007464	rsu1
ENSP00000496577	ENSG00000185338	SOCS1	ENSPKIP00000032653	ENSPKIG00000012662	socs1a
ENSP00000505954	ENSG00000003393	ALS2	ENSPKIP00000025975	ENSPKIG00000008582	als2b
ENSP00000310042	ENSG00000173545	ZNF622	ENSPKIP00000024946	ENSPKIG00000008000	znf622
ENSP00000360002	ENSG00000170899	GSTA4	ENSPKIP00000037343	ENSPKIG00000015561	
ENSP00000759138	ENSG00000138160	KIF11	ENSPKIP00000014452	ENSPKIG00000001508	kif11
ENSP00000309493	ENSG00000173612	GPRC6A	ENSPKIP00000006657	ENSPKIG00000022846	olfcb1
ENSP00000559800	ENSG00000100726	TELO2	ENSPKIP00000022075	ENSPKIG00000006217	telo2
ENSP00000502668	ENSG00000112367	FIG4	ENSPKIP00000033529	ENSPKIG00000013189	FIG4
ENSP00000587597	ENSG00000151332	MBIP	ENSPKIP00000028007	ENSPKIG00000009827	mbip
ENSP00000366487	ENSG00000165997	ARL5B	ENSPKIP00000030564	ENSPKIG00000011377	arl8
ENSP00000362314	ENSG00000148730	EIF4EBP2	ENSPKIP00000024418	ENSPKIG00000007681	eif4ebp2
ENSP00000358789	ENSG00000107957	SH3PXD2A	ENSPKIP00000013167	ENSPKIG00000000694	sh3pxd2aa
ENSP00000370376	ENSG00000128951	DUT	ENSPKIP00000011279	ENSPKIG00000018434	DUT
ENSP00000748998	ENSG00000241058	NSUN6	ENSPKIP00000030521	ENSPKIG00000011356	nsun6
ENSP00000451653	ENSG00000092140	G2E3	ENSPKIP00000000732	ENSPKIG00000019286	g2e3
ENSP00000428480	ENSG00000006377	DLX6	ENSPKIP00000014852	ENSPKIG00000001768	dlx6a
ENSP00000586334	ENSG00000203780	FANK1	ENSPKIP00000018348	ENSPKIG00000003940	fank1
ENSP00000466399	ENSG00000185379	RAD51D	ENSPKIP00000029850	ENSPKIG00000010933	rad51d
ENSP00000297788	ENSG00000128596	CCDC136	ENSPKIP00000037695	ENSPKIG00000015779	ccdc136a
ENSP00000305151	ENSG00000170234	PWWP2A	ENSPKIP00000027042	ENSPKIG00000009270	PWWP2A
ENSP00000799133	ENSG00000119616	FCF1	ENSPKIP00000017567	ENSPKIG00000003415	fcf1
ENSP00000231524	ENSG00000113595	TRIM23	ENSPKIP00000011100	ENSPKIG00000025543	trim23
ENSP00000570395	ENSG00000131373	HACL1	ENSPKIP00000026095	ENSPKIG00000008678	hacl1
ENSP00000608927	ENSG00000111906	HDDC2	ENSPKIP00000033065	ENSPKIG00000012901	hddc2
ENSP00000316482	ENSG00000151364	KCTD14	ENSPKIP00000008656	ENSPKIG00000024063	kctd14
ENSP00000604186	ENSG00000131475	VPS25	ENSPKIP00000008814	ENSPKIG00000024136	vps25
ENSP00000344244	ENSG00000168060	NAALADL1	ENSPKIP00000036007	ENSPKIG00000014715	naaladl1
ENSP00000787347	ENSG00000041357	PSMA4	ENSPKIP00000032787	ENSPKIG00000012736	psma4
ENSP00000571684	ENSG00000133028	SCO1	ENSPKIP00000036032	ENSPKIG00000014753	sco1
ENSP00000591947	ENSG00000089486	CDIP1	ENSPKIP00000002979	ENSPKIG00000020674	cdip1
ENSP00000357402	ENSG00000188580	NKAIN2	ENSPKIP00000033328	ENSPKIG00000013082	nkain2
ENSP00000529464	ENSG00000100883	SRP54	ENSPKIP00000015199	ENSPKIG00000001953	srp54
ENSP00000367069	ENSG00000066827	ZFAT	ENSPKIP00000004135	ENSPKIG00000021355	zfat
ENSP00000327368	ENSG00000123500	COL10A1	ENSPKIP00000039432	ENSPKIG00000016786	col10a1a
ENSP00000797531	ENSG00000121057	AKAP1	ENSPKIP00000039990	ENSPKIG00000017133	akap1b
ENSP00000576850	ENSG00000014641	MDH1	ENSPKIP00000020734	ENSPKIG00000005390	MDH1
ENSP00000752512	ENSG00000106443	PHF14	ENSPKIP00000029225	ENSPKIG00000010552	phf14
ENSP00000396937	ENSG00000185627	PSMD13	ENSPKIP00000016819	ENSPKIG00000002977	psmd13
ENSP00000393840	ENSG00000189114	BLOC1S3	ENSPKIP00000019062	ENSPKIG00000004389	bloc1s3
ENSP00000417544	ENSG00000112514	CUTA	ENSPKIP00000034575	ENSPKIG00000013845	
ENSP00000501911	ENSG00000123810	B9D2	ENSPKIP00000041126	ENSPKIG00000017799	b9d2
ENSP00000407976	ENSG00000135185	TMEM243	ENSPKIP00000035876	ENSPKIG00000014653	tmem243a
ENSP00000578610	ENSG00000130734	ATG4D	ENSPKIP00000028324	ENSPKIG00000010015	atg4da
ENSP00000587874	ENSG00000077235	GTF3C1	ENSPKIP00000035749	ENSPKIG00000014570	GTF3C1
ENSP00000591650	ENSG00000136271	DDX56	ENSPKIP00000000300	ENSPKIG00000018998	ddx56
ENSP00000588157	ENSG00000121316	PLBD1	ENSPKIP00000025594	ENSPKIG00000008398	plbd1a
ENSP00000396445	ENSG00000164823	OSGIN2	ENSPKIP00000020488	ENSPKIG00000005252	osgn1
ENSP00000380959	ENSG00000214226	C17orf67	ENSPKIP00000025526	ENSPKIG00000008369	si:dkey-31g6.6
ENSP00000344446	ENSG00000180263	FGD6	ENSPKIP00000036748	ENSPKIG00000015199	fgd6
ENSP00000330523	ENSG00000164932	CTHRC1	ENSPKIP00000040484	ENSPKIG00000017436	cthrc1a
ENSP00000511886	ENSG00000113048	MRPS27	ENSPKIP00000000156	ENSPKIG00000018916	mrps27
ENSP00000268138	ENSG00000140534	TICRR	ENSPKIP00000036836	ENSPKIG00000015258	
ENSP00000267484	ENSG00000139970	RTN1	ENSPKIP00000041166	ENSPKIG00000017827	
ENSP00000312624	ENSG00000173991	TCAP	ENSPKIP00000003720	ENSPKIG00000021114	tcap
ENSP00000254605	ENSG00000132275	RRP8	ENSPKIP00000008916	ENSPKIG00000024217	rrp8
ENSP00000239165	ENSG00000260027	HOXB7	ENSPKIP00000012672	ENSPKIG00000000397	hoxb7a
ENSP00000547633	ENSG00000079112	CDH17	ENSPKIP00000036304	ENSPKIG00000014915	cdh17
ENSP00000722125	ENSG00000064961	HMG20B	ENSPKIP00000011232	ENSPKIG00000018784	hmg20b
ENSP00000631750	ENSG00000063046	EIF4B	ENSPKIP00000037737	ENSPKIG00000015805	eif4bb
ENSP00000555560	ENSG00000110435	PDHX	ENSPKIP00000005220	ENSPKIG00000021977	pdhx
ENSP00000245451	ENSG00000125378	BMP4	ENSPKIP00000005185	ENSPKIG00000021967	bmp4
ENSP00000773889	ENSG00000219200	RNASEK	ENSPKIP00000000864	ENSPKIG00000019376	rnasekb
ENSP00000387926	ENSG00000188186	LAMTOR4	ENSPKIP00000010804	ENSPKIG00000025377	lamtor4
ENSP00000269097	ENSG00000141349	G6PC3	ENSPKIP00000003597	ENSPKIG00000021038	g6pc3
ENSP00000592017	ENSG00000198554	WDHD1	ENSPKIP00000019876	ENSPKIG00000004863	wdhd1
ENSP00000602031	ENSG00000071564	TCF3	ENSPKIP00000011349	ENSPKIG00000018482	tcf3b
ENSP00000306123	ENSG00000103932	RPAP1	ENSPKIP00000006451	ENSPKIG00000022720	rpap1
ENSP00000507129	ENSG00000128652	HOXD3	ENSPKIP00000006881	ENSPKIG00000022968	hoxd3a
ENSP00000798025	ENSG00000145491	ROPN1L	ENSPKIP00000021264	ENSPKIG00000005739	ropn1l
ENSP00000641502	ENSG00000146701	MDH2	ENSPKIP00000033934	ENSPKIG00000013451	mdh2
ENSP00000306999	ENSG00000171320	ESCO2	ENSPKIP00000038126	ENSPKIG00000016038	esco2
ENSP00000622671	ENSG00000112130	RNF8	ENSPKIP00000016066	ENSPKIG00000002550	RNF8
ENSP00000569376	ENSG00000108671	PSMD11	ENSPKIP00000013710	ENSPKIG00000001035	psmd11a
ENSP00000603010	ENSG00000051341	POLQ	ENSPKIP00000037222	ENSPKIG00000015375	polq
ENSP00000320893	ENSG00000177981	ASB8	ENSPKIP00000026149	ENSPKIG00000008744	asb8
ENSP00000747252	ENSG00000179361	ARID3B	ENSPKIP00000001338	ENSPKIG00000019662	arid3b
ENSP00000296161	ENSG00000163840	DTX3L	ENSPKIP00000023399	ENSPKIG00000007031	
ENSP00000527928	ENSG00000196821	ILRUN	ENSPKIP00000014640	ENSPKIG00000001636	ilrun
ENSP00000549627	ENSG00000169359	SLC33A1	ENSPKIP00000009716	ENSPKIG00000024720	slc33a1
ENSP00000619122	ENSG00000106524	ANKMY2	ENSPKIP00000031575	ENSPKIG00000012001	ankmy2b
ENSP00000524715	ENSG00000112039	FANCE	ENSPKIP00000038642	ENSPKIG00000016341	fance
ENSP00000690716	ENSG00000116062	MSH6	ENSPKIP00000016214	ENSPKIG00000002633	msh6
ENSP00000571079	ENSG00000075785	RAB7A	ENSPKIP00000024728	ENSPKIG00000007864	zgc:100918
ENSP00000400500	ENSG00000177683	THAP5	ENSPKIP00000014889	ENSPKIG00000001801	
ENSP00000536228	ENSG00000204954	UQCC6	ENSPKIP00000038743	ENSPKIG00000016405	uqcc6
ENSP00000221130	ENSG00000104687	GSR	ENSPKIP00000039374	ENSPKIG00000016731	gsr
ENSP00000342336	ENSG00000189320	FAM180A	ENSPKIP00000001155	ENSPKIG00000019551	
ENSP00000325564	ENSG00000179751	SYCN	ENSPKIP00000039240	ENSPKIG00000016677	sycn.3
ENSP00000375711	ENSG00000204673	AKT1S1	ENSPKIP00000004140	ENSPKIG00000021374	akt1s1
ENSP00000384948	ENSG00000168301	KCTD6	ENSPKIP00000021510	ENSPKIG00000005875	KCTD6
ENSP00000679527	ENSG00000183018	SPNS2	ENSPKIP00000041456	ENSPKIG00000017965	SPNS2
ENSP00000505433	ENSG00000159063	ALG8	ENSPKIP00000036568	ENSPKIG00000015070	alg8
ENSP00000549464	ENSG00000182551	ADI1	ENSPKIP00000004977	ENSPKIG00000021850	ADI1
ENSP00000324248	ENSG00000181195	PENK	ENSPKIP00000028949	ENSPKIG00000010388	penkb
ENSP00000465828	ENSG00000167468	GPX4	ENSPKIP00000031407	ENSPKIG00000011901	gpx4a
ENSP00000262394	ENSG00000109046	WSB1	ENSPKIP00000014420	ENSPKIG00000001486	wsb1
ENSP00000612054	ENSG00000165959	CLMN	ENSPKIP00000006344	ENSPKIG00000022663	
ENSP00000355156	ENSG00000198829	SUCNR1	ENSPKIP00000030583	ENSPKIG00000011391	SUCNR1
ENSP00000630987	ENSG00000114473	DRC9	ENSPKIP00000035131	ENSPKIG00000014192	
ENSP00000281513	ENSG00000151779	NBAS	ENSPKIP00000032619	ENSPKIG00000012592	nbas
ENSP00000297347	ENSG00000164758	MED30	ENSPKIP00000000126	ENSPKIG00000018912	med30
ENSP00000384580	ENSG00000259431	THTPA	ENSPKIP00000025122	ENSPKIG00000008107	thtpa
ENSP00000765300	ENSG00000278615	C11orf98	ENSPKIP00000000056	ENSPKIG00000018877	C11orf98
ENSP00000726428	ENSG00000007392	LUC7L	ENSPKIP00000027707	ENSPKIG00000009647	luc7l
ENSP00000494998	ENSG00000139998	RAB15	ENSPKIP00000014572	ENSPKIG00000001593	rab15
ENSP00000500914	ENSG00000074266	EED	ENSPKIP00000011148	ENSPKIG00000025571	eed
ENSP00000180166	ENSG00000078579	FGF20	ENSPKIP00000021804	ENSPKIG00000006061	FGF20
ENSP00000724581	ENSG00000157110	RBPMS	ENSPKIP00000012939	ENSPKIG00000000535	RBPMS
ENSP00000456568	ENSG00000074696	HACD3	ENSPKIP00000008918	ENSPKIG00000024214	hacd3
ENSP00000633649	ENSG00000132004	FBXW9	ENSPKIP00000019686	ENSPKIG00000004759	fbxw9
ENSP00000345156	ENSG00000188846	RPL14	ENSPKIP00000008555	ENSPKIG00000024000	rpl14
ENSP00000355250	ENSG00000198920	KIAA0753	ENSPKIP00000024277	ENSPKIG00000007566	si:dkey-243i1.1
ENSP00000492287	ENSG00000184307	ZDHHC23	ENSPKIP00000033224	ENSPKIG00000013009	zdhhc23a
ENSP00000344424	ENSG00000100647	SUSD6	ENSPKIP00000015052	ENSPKIG00000001823	susd6
ENSP00000620463	ENSG00000171533	MAP6	ENSPKIP00000031993	ENSPKIG00000012268	map6b
ENSP00000550125	ENSG00000170017	ALCAM	ENSPKIP00000031042	ENSPKIG00000011629	alcama
ENSP00000633741	ENSG00000135272	MDFIC	ENSPKIP00000030422	ENSPKIG00000011284	mdfic
ENSP00000604277	ENSG00000110711	AIP	ENSPKIP00000009868	ENSPKIG00000024802	aip
ENSP00000741640	ENSG00000134152	KATNBL1	ENSPKIP00000015556	ENSPKIG00000002234	katnbl1
ENSP00000612188	ENSG00000196428	TSC22D2	ENSPKIP00000008596	ENSPKIG00000024026	TSC22D2
ENSP00000775891	ENSG00000048405	ZNF800	ENSPKIP00000040053	ENSPKIG00000017172	znf800a
ENSP00000381543	ENSG00000188895	MSL1	ENSPKIP00000007233	ENSPKIG00000023211	msl1b
ENSP00000435835	ENSG00000135373	EHF	ENSPKIP00000005165	ENSPKIG00000021956	ehf
ENSP00000295108	ENSG00000162992	NEUROD1	ENSPKIP00000004367	ENSPKIG00000021509	neurod1
ENSP00000490292	ENSG00000248109	MARCOL	ENSPKIP00000020861	ENSPKIG00000005490	
ENSP00000264664	ENSG00000070193	FGF10	ENSPKIP00000002829	ENSPKIG00000020575	fgf10b
ENSP00000387471	ENSG00000166595	CIAO2B	ENSPKIP00000024248	ENSPKIG00000007575	ciao2b
ENSP00000253697	ENSG00000131379	C3orf20	ENSPKIP00000036309	ENSPKIG00000014922	
ENSP00000380256	ENSG00000162063	CCNF	ENSPKIP00000021869	ENSPKIG00000006094	ccnf
ENSP00000478298	ENSG00000005206	SPPL2B	ENSPKIP00000030360	ENSPKIG00000011242	sppl2
ENSP00000454283	ENSG00000140365	COMMD4	ENSPKIP00000023188	ENSPKIG00000006908	commd4
ENSP00000264926	ENSG00000070950	RAD18	ENSPKIP00000019427	ENSPKIG00000004607	rad18
ENSP00000411770	ENSG00000118004	COLEC11	ENSPKIP00000002534	ENSPKIG00000020364	colec11
ENSP00000438748	ENSG00000167447	SMG8	ENSPKIP00000035982	ENSPKIG00000014728	smg8
ENSP00000417207	ENSG00000120093	HOXB3	ENSPKIP00000012723	ENSPKIG00000000431	hoxb3a
ENSP00000300589	ENSG00000167207	NOD2	ENSPKIP00000005878	ENSPKIG00000022380	nod2
ENSP00000342805	ENSG00000158234	FAIM	ENSPKIP00000014134	ENSPKIG00000001313	faima
ENSP00000444029	ENSG00000124789	NUP153	ENSPKIP00000014794	ENSPKIG00000001734	nup153
ENSP00000392812	ENSG00000141506	PIK3R5	ENSPKIP00000022153	ENSPKIG00000006271	pik3r5
ENSP00000537798	ENSG00000105993	DNAJB6	ENSPKIP00000032697	ENSPKIG00000012679	
ENSP00000403705	ENSG00000120709	FAM53C	ENSPKIP00000026252	ENSPKIG00000008805	FAM53C
ENSP00000735531	ENSG00000169217	CD2BP2	ENSPKIP00000041138	ENSPKIG00000017798	cd2bp2
ENSP00000523318	ENSG00000103254	ANTKMT	ENSPKIP00000006069	ENSPKIG00000022501	antkmt
ENSP00000376544	ENSG00000007312	CD79B	ENSPKIP00000008526	ENSPKIG00000023981	cd79b
ENSP00000554651	ENSG00000139977	NAA30	ENSPKIP00000014717	ENSPKIG00000001688	naa30
ENSP00000426745	ENSG00000113161	HMGCR	ENSPKIP00000011773	ENSPKIG00000018702	hmgcra
ENSP00000611278	ENSG00000134419	RPS15A	ENSPKIP00000001621	ENSPKIG00000019847	rps15a
ENSP00000367972	ENSG00000172201	ID4	ENSPKIP00000039821	ENSPKIG00000017036	id4
ENSP00000593289	ENSG00000166426	CRABP1	ENSPKIP00000032834	ENSPKIG00000012775	CRABP1
ENSP00000599789	ENSG00000104973	MED25	ENSPKIP00000003351	ENSPKIG00000020895	med25
ENSP00000280987	ENSG00000151327	FAM177A1	ENSPKIP00000006420	ENSPKIG00000022709	zgc:153383
ENSP00000387006	ENSG00000163510	CWC22	ENSPKIP00000004139	ENSPKIG00000021346	cwc22
ENSP00000312286	ENSG00000170890	PLA2G1B	ENSPKIP00000010483	ENSPKIG00000025187	pla2g1b
ENSP00000679954	ENSG00000146373	RNF217	ENSPKIP00000033248	ENSPKIG00000013026	rnf217
ENSP00000241256	ENSG00000121853	GHSR	ENSPKIP00000003584	ENSPKIG00000021028	ghsra
ENSP00000393316	ENSG00000139921	TMX1	ENSPKIP00000019789	ENSPKIG00000004832	tmx1
ENSP00000571153	ENSG00000126062	TMEM115	ENSPKIP00000013925	ENSPKIG00000001171	tmem115
ENSP00000593975	ENSG00000160584	SIK3	ENSPKIP00000012038	ENSPKIG00000025617	sik3
ENSP00000449452	ENSG00000167778	SPRYD3	ENSPKIP00000021363	ENSPKIG00000005793	spryd3
ENSP00000513678	ENSG00000135604	STX11	ENSPKIP00000041702	ENSPKIG00000018148	stx11a
ENSP00000453962	ENSG00000232070	TMEM253	ENSPKIP00000006108	ENSPKIG00000022522	si:dkey-30c15.13
ENSP00000262710	ENSG00000100813	ACIN1	ENSPKIP00000023237	ENSPKIG00000006917	
ENSP00000548926	ENSG00000111142	METAP2	ENSPKIP00000036272	ENSPKIG00000014889	METAP2
ENSP00000614741	ENSG00000186889	TMEM17	ENSPKIP00000033747	ENSPKIG00000013336	tmem17
ENSP00000467201	ENSG00000182963	GJC1	ENSPKIP00000006776	ENSPKIG00000022925	GJC1
ENSP00000287916	ENSG00000157224	CLDN12	ENSPKIP00000012566	ENSPKIG00000000315	cldn12
ENSP00000347591	ENSG00000151892	GFRA1	ENSPKIP00000030391	ENSPKIG00000011238	gfra1b
ENSP00000466121	ENSG00000131944	FAAP24	ENSPKIP00000002899	ENSPKIG00000020612	faap24
ENSP00000273317	ENSG00000144791	LIMD1	ENSPKIP00000007647	ENSPKIG00000023463	LIMD1
ENSP00000629843	ENSG00000170624	SGCD	ENSPKIP00000027941	ENSPKIG00000009791	sgcd
ENSP00000609698	ENSG00000142507	PSMB6	ENSPKIP00000021523	ENSPKIG00000005887	psmb6
ENSP00000451866	ENSG00000224531	SMIM13	ENSPKIP00000018046	ENSPKIG00000003755	smim13
ENSP00000404042	ENSG00000158604	TMED4	ENSPKIP00000036417	ENSPKIG00000014993	tmed4
ENSP00000360299	ENSG00000153292	ADGRF1	ENSPKIP00000031818	ENSPKIG00000012147	
ENSP00000689061	ENSG00000114480	GBE1	ENSPKIP00000016679	ENSPKIG00000002874	gbe1a
ENSP00000621519	ENSG00000006715	VPS41	ENSPKIP00000040755	ENSPKIG00000017570	vps41
ENSP00000791258	ENSG00000189007	ADAT2	ENSPKIP00000015006	ENSPKIG00000001855	adat2
ENSP00000370803	ENSG00000103540	CCP110	ENSPKIP00000017747	ENSPKIG00000003539	
ENSP00000655870	ENSG00000120265	PCMT1	ENSPKIP00000006902	ENSPKIG00000022992	pcmtl
ENSP00000640731	ENSG00000011465	DCN	ENSPKIP00000020235	ENSPKIG00000005086	dcn
ENSP00000332659	ENSG00000183813	CCR4	ENSPKIP00000032744	ENSPKIG00000012712	ccr2
ENSP00000406164	ENSG00000205835	GMNC	ENSPKIP00000014638	ENSPKIG00000001644	gmnc
ENSP00000705459	ENSG00000176171	BNIP3	ENSPKIP00000041020	ENSPKIG00000017750	bnip3
ENSP00000636308	ENSG00000164761	TNFRSF11B	ENSPKIP00000009299	ENSPKIG00000024462	
ENSP00000547731	ENSG00000110442	COMMD9	ENSPKIP00000004540	ENSPKIG00000021605	commd9
ENSP00000229771	ENSG00000112041	TULP1	ENSPKIP00000009332	ENSPKIG00000024476	tulp1b
ENSP00000456557	ENSG00000198736	MSRB1	ENSPKIP00000012168	ENSPKIG00000000059	MSRB1
ENSP00000646880	ENSG00000133265	HSPBP1	ENSPKIP00000002941	ENSPKIG00000020646	hspbp1
ENSP00000611134	ENSG00000114127	XRN1	ENSPKIP00000031466	ENSPKIG00000011925	
ENSP00000434776	ENSG00000178685	PARP10	ENSPKIP00000015984	ENSPKIG00000002499	
ENSP00000286639	ENSG00000156127	BATF	ENSPKIP00000016861	ENSPKIG00000003014	batf
ENSP00000637630	ENSG00000124784	RIOK1	ENSPKIP00000022440	ENSPKIG00000006442	riok1
ENSP00000216554	ENSG00000100664	EIF5	ENSPKIP00000001127	ENSPKIG00000019525	eif5
ENSP00000532165	ENSG00000180210	F2	ENSPKIP00000016733	ENSPKIG00000002920	f2
ENSP00000499548	ENSG00000171840	NINJ2	ENSPKIP00000012383	ENSPKIG00000000198	ninj2
ENSP00000437464	ENSG00000145743	FBXL17	ENSPKIP00000040864	ENSPKIG00000017667	FBXL17
ENSP00000626755	ENSG00000095209	TMEM38B	ENSPKIP00000021849	ENSPKIG00000006083	TMEM38B
ENSP00000577519	ENSG00000179271	GADD45GIP1	ENSPKIP00000026379	ENSPKIG00000008896	gadd45gip1
ENSP00000303088	ENSG00000168495	POLR3D	ENSPKIP00000022889	ENSPKIG00000006727	POLR3D
ENSP00000793916	ENSG00000151148	UBE3B	ENSPKIP00000010232	ENSPKIG00000025027	ube3b
ENSP00000521488	ENSG00000145868	FBXO38	ENSPKIP00000002677	ENSPKIG00000020462	fbxo38
ENSP00000615307	ENSG00000179454	KLHL28	ENSPKIP00000013662	ENSPKIG00000001002	KLHL28
ENSP00000355865	ENSG00000185345	PRKN	ENSPKIP00000016560	ENSPKIG00000002825	prkn
ENSP00000503587	ENSG00000128609	NDUFA5	ENSPKIP00000003825	ENSPKIG00000021162	ndufa5
ENSP00000548016	ENSG00000283526	PRRT1B	ENSPKIP00000008356	ENSPKIG00000023889	
ENSP00000416829	ENSG00000124596	OARD1	ENSPKIP00000019688	ENSPKIG00000004754	oard1
ENSP00000337386	ENSG00000185650	ZFP36L1	ENSPKIP00000027443	ENSPKIG00000009504	zfp36l1b
ENSP00000391549	ENSG00000176209	SMIM19	ENSPKIP00000032016	ENSPKIG00000012282	smim19
ENSP00000597110	ENSG00000099821	POLRMT	ENSPKIP00000009482	ENSPKIG00000024580	polrmt
ENSP00000450661	ENSG00000176473	WDR25	ENSPKIP00000013244	ENSPKIG00000000750	WDR25
ENSP00000300179	ENSG00000166924	NYAP1	ENSPKIP00000040457	ENSPKIG00000017410	
ENSP00000509206	ENSG00000064313	TAF2	ENSPKIP00000000581	ENSPKIG00000019134	taf2
ENSP00000296015	ENSG00000163728	TTC14	ENSPKIP00000015360	ENSPKIG00000002114	ttc14
ENSP00000261783	ENSG00000081181	ARG2	ENSPKIP00000017030	ENSPKIG00000003104	arg2
ENSP00000351813	ENSG00000198060	MARCHF5	ENSPKIP00000037963	ENSPKIG00000015945	marchf5
ENSP00000563238	ENSG00000137161	CNPY3	ENSPKIP00000038020	ENSPKIG00000015975	cnpy3
ENSP00000656074	ENSG00000180185	FAHD1	ENSPKIP00000012152	ENSPKIG00000000050	fahd1
ENSP00000680728	ENSG00000172530	BANP	ENSPKIP00000035814	ENSPKIG00000014629	banp
ENSP00000347942	ENSG00000165731	RET	ENSPKIP00000024788	ENSPKIG00000007875	ret
ENSP00000366240	ENSG00000107362	ABHD17B	ENSPKIP00000013461	ENSPKIG00000000894	abhd17b
ENSP00000767708	ENSG00000118418	HMGN3	ENSPKIP00000008735	ENSPKIG00000024106	HMGN3
ENSP00000583211	ENSG00000136938	ANP32B	ENSPKIP00000027867	ENSPKIG00000009742	anp32a
ENSP00000369318	ENSG00000164292	RHOBTB3	ENSPKIP00000039382	ENSPKIG00000016755	rhobtb3
ENSP00000358183	ENSG00000165669	FAM204A	ENSPKIP00000011736	ENSPKIG00000018710	fam204a
ENSP00000610801	ENSG00000123975	CKS2	ENSPKIP00000022497	ENSPKIG00000006479	zgc:86839
ENSP00000222567	ENSG00000105849	POLR1F	ENSPKIP00000011975	ENSPKIG00000025635	polr1f
ENSP00000502644	ENSG00000203485	INF2	ENSPKIP00000017571	ENSPKIG00000003431	
ENSP00000536802	ENSG00000198721	ECI2	ENSPKIP00000028797	ENSPKIG00000010287	eci2
ENSP00000428205	ENSG00000156804	FBXO32	ENSPKIP00000037229	ENSPKIG00000015472	fbxo32
ENSP00000625192	ENSG00000121691	CAT	ENSPKIP00000031924	ENSPKIG00000012209	cat
ENSP00000524626	ENSG00000147586	MRPS28	ENSPKIP00000005754	ENSPKIG00000022304	mrps28
ENSP00000796515	ENSG00000213563	C8orf82	ENSPKIP00000025842	ENSPKIG00000008555	C8orf82
ENSP00000431115	ENSG00000147684	NDUFB9	ENSPKIP00000001820	ENSPKIG00000019952	ndufb9
ENSP00000618561	ENSG00000092871	RFFL	ENSPKIP00000037114	ENSPKIG00000015430	zgc:171740
ENSP00000265993	ENSG00000119977	TCTN3	ENSPKIP00000025003	ENSPKIG00000008033	
ENSP00000548082	ENSG00000145901	TNIP1	ENSPKIP00000038394	ENSPKIG00000016171	tnip1
ENSP00000379133	ENSG00000149089	APIP	ENSPKIP00000033848	ENSPKIG00000013406	APIP
ENSP00000379683	ENSG00000137869	CYP19A1	ENSPKIP00000041647	ENSPKIG00000018111	CYP19A1
ENSP00000340494	ENSG00000186918	ZNF395	ENSPKIP00000032557	ENSPKIG00000012613	znf395a
ENSP00000306285	ENSG00000111907	TPD52L1	ENSPKIP00000033135	ENSPKIG00000012956	tpd52l1
ENSP00000636556	ENSG00000135124	P2RX4	ENSPKIP00000036819	ENSPKIG00000015229	p2rx4a
ENSP00000449079	ENSG00000139988	RDH12	ENSPKIP00000016970	ENSPKIG00000003068	rdh12
ENSP00000594102	ENSG00000139926	FRMD6	ENSPKIP00000019722	ENSPKIG00000004763	frmd6
ENSP00000620272	ENSG00000164985	PSIP1	ENSPKIP00000033296	ENSPKIG00000013066	
ENSP00000296238	ENSG00000163888	CAMK2N2	ENSPKIP00000037523	ENSPKIG00000015679	camk2n2b
ENSP00000480489	ENSG00000186862	PDZD7	ENSPKIP00000026790	ENSPKIG00000009127	pdzd7a
ENSP00000263390	ENSG00000105085	MED26	ENSPKIP00000023392	ENSPKIG00000007041	MED26
ENSP00000474215	ENSG00000108176	DNAJC12	ENSPKIP00000020076	ENSPKIG00000004969	dnajc12
ENSP00000574211	ENSG00000105767	CADM4	ENSPKIP00000009312	ENSPKIG00000024459	cadm4
ENSP00000538309	ENSG00000152601	MBNL1	ENSPKIP00000028606	ENSPKIG00000010173	mbnl1
ENSP00000452603	ENSG00000100902	PSMA6	ENSPKIP00000006492	ENSPKIG00000022730	psma6a
ENSP00000320567	ENSG00000090263	MRPS33	ENSPKIP00000041613	ENSPKIG00000018098	mrps33
ENSP00000524658	ENSG00000128463	EMC4	ENSPKIP00000030694	ENSPKIG00000011465	emc4
ENSP00000636470	ENSG00000173744	AGFG1	ENSPKIP00000039473	ENSPKIG00000016707	agfg1a
ENSP00000379310	ENSG00000118307	DNAI7	ENSPKIP00000024164	ENSPKIG00000007520	dnai7
ENSP00000668745	ENSG00000095059	DHPS	ENSPKIP00000019574	ENSPKIG00000004683	dhps
ENSP00000466448	ENSG00000161544	CYGB	ENSPKIP00000024475	ENSPKIG00000007709	cygb2
ENSP00000254051	ENSG00000131746	TNS4	ENSPKIP00000023744	ENSPKIG00000007254	
ENSP00000380241	ENSG00000106268	NUDT1	ENSPKIP00000028810	ENSPKIG00000010301	nudt1
ENSP00000434552	ENSG00000184384	MAML2	ENSPKIP00000035260	ENSPKIG00000014288	
ENSP00000308750	ENSG00000173894	CBX2	ENSPKIP00000035371	ENSPKIG00000014359	cbx2
ENSP00000764831	ENSG00000137309	HMGA1	ENSPKIP00000014202	ENSPKIG00000001356	hmga1a
ENSP00000800965	ENSG00000166920	COXFA4L3	ENSPKIP00000000174	ENSPKIG00000018939	zgc:153317
ENSP00000290374	ENSG00000159248	GJD2	ENSPKIP00000006057	ENSPKIG00000022492	gjd2b
ENSP00000335632	ENSG00000187446	CHP1	ENSPKIP00000015978	ENSPKIG00000002491	chp1
ENSP00000653502	ENSG00000169902	TPST1	ENSPKIP00000030882	ENSPKIG00000011589	tpst1
ENSP00000362381	ENSG00000160404	TOR2A	ENSPKIP00000020741	ENSPKIG00000005408	tor2a
ENSP00000671662	ENSG00000135679	MDM2	ENSPKIP00000006167	ENSPKIG00000022554	mdm2
ENSP00000329735	ENSG00000185614	INKA1	ENSPKIP00000009986	ENSPKIG00000024879	
ENSP00000610610	ENSG00000105705	SUGP1	ENSPKIP00000029532	ENSPKIG00000010747	SUGP1
ENSP00000347649	ENSG00000141696	P3H4	ENSPKIP00000002878	ENSPKIG00000020600	P3H4
ENSP00000363345	ENSG00000119457	SLC46A2	ENSPKIP00000005957	ENSPKIG00000022436	slc46a2
ENSP00000527398	ENSG00000106638	TBL2	ENSPKIP00000036522	ENSPKIG00000014995	tbl2
ENSP00000363081	ENSG00000107984	DKK1	ENSPKIP00000010545	ENSPKIG00000025228	dkk1b
ENSP00000438792	ENSG00000214530	STARD10	ENSPKIP00000006633	ENSPKIG00000022830	stard10
ENSP00000523757	ENSG00000107816	LZTS2	ENSPKIP00000032593	ENSPKIG00000012642	LZTS2
ENSP00000512521	ENSG00000106804	C5	ENSPKIP00000023486	ENSPKIG00000007014	c5
ENSP00000546210	ENSG00000118514	ALDH8A1	ENSPKIP00000007249	ENSPKIG00000023217	aldh8a1
ENSP00000549723	ENSG00000135945	REV1	ENSPKIP00000030248	ENSPKIG00000011180	rev1
ENSP00000599377	ENSG00000083123	BCKDHB	ENSPKIP00000006154	ENSPKIG00000022547	bckdhb
ENSP00000576285	ENSG00000103811	CTSH	ENSPKIP00000026648	ENSPKIG00000009033	CTSH
ENSP00000588316	ENSG00000108055	SMC3	ENSPKIP00000040185	ENSPKIG00000017212	smc3
ENSP00000703244	ENSG00000091972	CD200	ENSPKIP00000029434	ENSPKIG00000010677	
ENSP00000559858	ENSG00000087299	L2HGDH	ENSPKIP00000016584	ENSPKIG00000002823	l2hgdh
ENSP00000532217	ENSG00000188493	ACTMAP	ENSPKIP00000030913	ENSPKIG00000011611	actmap
ENSP00000415235	ENSG00000189058	APOD	ENSPKIP00000002412	ENSPKIG00000020317	apoda.1
ENSP00000396915	ENSG00000105711	SCN1B	ENSPKIP00000028911	ENSPKIG00000010360	scn1ba
ENSP00000295488	ENSG00000163312	HELQ	ENSPKIP00000004706	ENSPKIG00000021702	helq
ENSP00000327048	ENSG00000178573	MAF	ENSPKIP00000013283	ENSPKIG00000000774	MAF
ENSP00000595646	ENSG00000100567	PSMA3	ENSPKIP00000037025	ENSPKIG00000015367	psma3
ENSP00000268802	ENSG00000141101	NOB1	ENSPKIP00000002395	ENSPKIG00000020293	nob1
ENSP00000371398	ENSG00000107249	GLIS3	ENSPKIP00000041002	ENSPKIG00000017730	glis3
ENSP00000343435	ENSG00000167645	YIF1B	ENSPKIP00000019384	ENSPKIG00000004571	yif1b
ENSP00000604606	ENSG00000156959	LHFPL4	ENSPKIP00000011295	ENSPKIG00000018442	lhfpl4a
ENSP00000222693	ENSG00000105971	CAV2	ENSPKIP00000025555	ENSPKIG00000008391	cav2
ENSP00000419422	ENSG00000144891	AGTR1	ENSPKIP00000004507	ENSPKIG00000021582	agtr1a
ENSP00000521095	ENSG00000140943	MBTPS1	ENSPKIP00000013411	ENSPKIG00000000838	mbtps1
ENSP00000273963	ENSG00000145332	KLHL8	ENSPKIP00000024417	ENSPKIG00000007668	klhl8
ENSP00000697278	ENSG00000154743	TSEN2	ENSPKIP00000009871	ENSPKIG00000024801	tsen2
ENSP00000601307	ENSG00000110218	PANX1	ENSPKIP00000005755	ENSPKIG00000022305	PANX
ENSP00000550919	ENSG00000135094	SDS	ENSPKIP00000007556	ENSPKIG00000023402	SDS
ENSP00000358865	ENSG00000148798	INA	ENSPKIP00000013764	ENSPKIG00000001077	inab
ENSP00000287996	ENSG00000127080	IPPK	ENSPKIP00000010360	ENSPKIG00000025106	ippk
ENSP00000795553	ENSG00000166411	IDH3A	ENSPKIP00000013495	ENSPKIG00000000910	IDH3A
ENSP00000005226	ENSG00000006611	USH1C	ENSPKIP00000015429	ENSPKIG00000002131	ush1c
ENSP00000373657	ENSG00000074356	NCBP3	ENSPKIP00000025696	ENSPKIG00000008466	ncbp3
ENSP00000221973	ENSG00000105370	LIM2	ENSPKIP00000017019	ENSPKIG00000003113	lim2.4
ENSP00000599465	ENSG00000127445	PIN1	ENSPKIP00000006637	ENSPKIG00000022832	pin1
ENSP00000421259	ENSG00000174125	TLR1	ENSPKIP00000034160	ENSPKIG00000013599	
ENSP00000795793	ENSG00000105676	ARMC6	ENSPKIP00000028764	ENSPKIG00000010274	ARMC6
ENSP00000226951	ENSG00000109684	CLNK	ENSPKIP00000008733	ENSPKIG00000024102	
ENSP00000355304	ENSG00000080823	MOK	ENSPKIP00000008109	ENSPKIG00000023740	MOK
ENSP00000418582	ENSG00000189283	FHIT	ENSPKIP00000008192	ENSPKIG00000023792	fhit
ENSP00000259989	ENSG00000137441	FGFBP2	ENSPKIP00000034713	ENSPKIG00000013943	fgfbp2a
ENSP00000379321	ENSG00000056291	NPFFR2	ENSPKIP00000015587	ENSPKIG00000002249	npffr2b
ENSP00000770315	ENSG00000310560	PAXX	ENSPKIP00000009982	ENSPKIG00000024876	
ENSP00000511849	ENSG00000131368	MRPS25	ENSPKIP00000031274	ENSPKIG00000011826	mrps25
ENSP00000637504	ENSG00000178802	MPI	ENSPKIP00000007832	ENSPKIG00000023570	mpi
ENSP00000225648	ENSG00000108511	HOXB6	ENSPKIP00000012680	ENSPKIG00000000403	hoxb6a
ENSP00000537112	ENSG00000148935	GAS2	ENSPKIP00000018847	ENSPKIG00000004250	gas2b
ENSP00000548853	ENSG00000108588	CCDC47	ENSPKIP00000040506	ENSPKIG00000017431	ccdc47
ENSP00000324882	ENSG00000164675	IQUB	ENSPKIP00000003853	ENSPKIG00000021186	iqub
ENSP00000613054	ENSG00000137842	TMEM62	ENSPKIP00000026839	ENSPKIG00000009151	tmem62
ENSP00000266126	ENSG00000119718	EIF2B2	ENSPKIP00000016551	ENSPKIG00000002826	eif2b2
ENSP00000257663	ENSG00000135211	TMEM60	ENSPKIP00000003134	ENSPKIG00000020764	TMEM60
ENSP00000265018	ENSG00000047662	FAM184B	ENSPKIP00000005785	ENSPKIG00000022319	fam184b
ENSP00000763393	ENSG00000241468	ATP5MF	ENSPKIP00000039813	ENSPKIG00000017026	atp5mf
ENSP00000308022	ENSG00000173011	TADA2B	ENSPKIP00000040172	ENSPKIG00000017247	tada2b
ENSP00000610522	ENSG00000138738	PRDM5	ENSPKIP00000037235	ENSPKIG00000015492	prdm5
ENSP00000498011	ENSG00000092208	GEMIN2	ENSPKIP00000028886	ENSPKIG00000010339	gemin2
ENSP00000441875	ENSG00000215021	PHB2	ENSPKIP00000010684	ENSPKIG00000025302	PHB2
ENSP00000792414	ENSG00000174871	CNIH2	ENSPKIP00000002351	ENSPKIG00000020266	cnih2
ENSP00000220062	ENSG00000103710	RASL12	ENSPKIP00000039619	ENSPKIG00000016904	rasl12
ENSP00000025008	ENSG00000023287	RB1CC1	ENSPKIP00000019665	ENSPKIG00000004705	rb1cc1
ENSP00000800878	ENSG00000140263	SORD	ENSPKIP00000005653	ENSPKIG00000022223	sord
ENSP00000630531	ENSG00000114735	HEMK1	ENSPKIP00000033526	ENSPKIG00000013207	hemk1
ENSP00000228463	ENSG00000110876	SELPLG	ENSPKIP00000040354	ENSPKIG00000017354	
ENSP00000243108	ENSG00000197757	HOXC6	ENSPKIP00000022290	ENSPKIG00000006360	hoxc6a
ENSP00000577784	ENSG00000152128	TMEM163	ENSPKIP00000019597	ENSPKIG00000004686	tmem163b
ENSP00000562667	ENSG00000064102	INTS13	ENSPKIP00000000660	ENSPKIG00000019221	ints13
ENSP00000639740	ENSG00000160602	NEK8	ENSPKIP00000022992	ENSPKIG00000006771	nek8
ENSP00000781283	ENSG00000118564	FBXL5	ENSPKIP00000022145	ENSPKIG00000006259	fbxl5
ENSP00000500115	ENSG00000165588	OTX2	ENSPKIP00000014539	ENSPKIG00000001576	otx2b
ENSP00000589663	ENSG00000005189	REXO5	ENSPKIP00000035453	ENSPKIG00000014406	REXO5
ENSP00000361141	ENSG00000122375	OPN4	ENSPKIP00000031152	ENSPKIG00000011684	opn4b
ENSP00000548524	ENSG00000164535	DAGLB	ENSPKIP00000024436	ENSPKIG00000007674	daglb
ENSP00000407767	ENSG00000156030	MIDEAS	ENSPKIP00000026956	ENSPKIG00000009226	mideasb
ENSP00000798260	ENSG00000154473	BUB3	ENSPKIP00000017098	ENSPKIG00000003151	bub3
ENSP00000551954	ENSG00000143921	ABCG8	ENSPKIP00000005879	ENSPKIG00000022373	abcg8
ENSP00000242592	ENSG00000122971	ACADS	ENSPKIP00000028221	ENSPKIG00000009951	acads
ENSP00000626396	ENSG00000023318	ERP44	ENSPKIP00000035963	ENSPKIG00000014706	erp44
ENSP00000264904	ENSG00000138768	USO1	ENSPKIP00000034446	ENSPKIG00000013731	uso1
ENSP00000272438	ENSG00000144043	TEX261	ENSPKIP00000034315	ENSPKIG00000013695	tex261
ENSP00000451000	ENSG00000126804	ZBTB1	ENSPKIP00000019399	ENSPKIG00000004589	zbtb1
ENSP00000561450	ENSG00000086666	ZFAND6	ENSPKIP00000003237	ENSPKIG00000020837	ZFAND6
ENSP00000507388	ENSG00000023041	ZDHHC6	ENSPKIP00000014111	ENSPKIG00000001306	zdhhc6
ENSP00000020926	ENSG00000019505	SYT13	ENSPKIP00000016549	ENSPKIG00000002827	SYT13
ENSP00000366161	ENSG00000107372	ZFAND5	ENSPKIP00000013337	ENSPKIG00000000811	zfand5a
ENSP00000616913	ENSG00000143951	WDPCP	ENSPKIP00000018921	ENSPKIG00000004302	wdpcp
ENSP00000352065	ENSG00000137501	SYTL2	ENSPKIP00000016968	ENSPKIG00000003069	sytl2a
ENSP00000488929	ENSG00000181982	CCDC149	ENSPKIP00000016179	ENSPKIG00000002620	ccdc149b
ENSP00000608612	ENSG00000136280	CCM2	ENSPKIP00000018912	ENSPKIG00000004285	ccm2
ENSP00000252100	ENSG00000113119	TMCO6	ENSPKIP00000002732	ENSPKIG00000020502	tmco6
ENSP00000463188	ENSG00000221926	TRIM16	ENSPKIP00000035243	ENSPKIG00000014273	
ENSP00000559045	ENSG00000137100	DCTN3	ENSPKIP00000024223	ENSPKIG00000007565	dctn3
ENSP00000438284	ENSG00000112541	PDE10A	ENSPKIP00000023017	ENSPKIG00000006763	pde10a
ENSP00000381970	ENSG00000145723	GIN1	ENSPKIP00000038603	ENSPKIG00000016312	
ENSP00000410267	ENSG00000135898	GPR55	ENSPKIP00000027082	ENSPKIG00000009300	GPR55
ENSP00000361800	ENSG00000119333	DYNC2I2	ENSPKIP00000035663	ENSPKIG00000014526	dync2i2
ENSP00000512861	ENSG00000026103	FAS	ENSPKIP00000010161	ENSPKIG00000024985	
ENSP00000285873	ENSG00000082516	GEMIN5	ENSPKIP00000028135	ENSPKIG00000009900	gemin5
ENSP00000264344	ENSG00000138640	FAM13A	ENSPKIP00000035804	ENSPKIG00000014610	fam13a
ENSP00000604558	ENSG00000146223	RPL7L1	ENSPKIP00000036669	ENSPKIG00000015136	rpl7l1
ENSP00000510559	ENSG00000165684	SNAPC4	ENSPKIP00000001025	ENSPKIG00000019469	
ENSP00000673538	ENSG00000164300	SERINC5	ENSPKIP00000040370	ENSPKIG00000017366	serinc5
ENSP00000541313	ENSG00000188732	FAM221A	ENSPKIP00000031981	ENSPKIG00000012259	fam221a
ENSP00000313172	ENSG00000112276	POPDC1	ENSPKIP00000033619	ENSPKIG00000013243	popdc1
ENSP00000357300	ENSG00000146374	RSPO3	ENSPKIP00000001967	ENSPKIG00000020046	rspo3
ENSP00000540647	ENSG00000156345	CDK20	ENSPKIP00000008624	ENSPKIG00000024030	cdk20
ENSP00000304286	ENSG00000168269	FOXI1	ENSPKIP00000022333	ENSPKIG00000006380	foxi3b
ENSP00000515098	ENSG00000102898	NUTF2	ENSPKIP00000015391	ENSPKIG00000002135	NUTF2
ENSP00000544850	ENSG00000099804	CDC34	ENSPKIP00000039326	ENSPKIG00000016724	cdc34a
ENSP00000446184	ENSG00000052749	RRP12	ENSPKIP00000039028	ENSPKIG00000016516	rrp12
ENSP00000558489	ENSG00000214941	ZSWIM7	ENSPKIP00000001086	ENSPKIG00000019504	zswim7
ENSP00000713079	ENSG00000164209	SLC25A46	ENSPKIP00000011183	ENSPKIG00000025588	slc25a46
ENSP00000327557	ENSG00000183760	ACP7	ENSPKIP00000015466	ENSPKIG00000002166	acp7
ENSP00000521755	ENSG00000158428	CATIP	ENSPKIP00000030376	ENSPKIG00000011251	catip
ENSP00000344903	ENSG00000198517	MAFK	ENSPKIP00000007520	ENSPKIG00000023381	mafk
ENSP00000495373	ENSG00000109265	CRACD	ENSPKIP00000026023	ENSPKIG00000008665	cracd
ENSP00000594211	ENSG00000087263	OGFOD1	ENSPKIP00000014860	ENSPKIG00000001772	ogfod1
ENSP00000321874	ENSG00000179913	B3GNT3	ENSPKIP00000025208	ENSPKIG00000008170	b3gnt3.4
ENSP00000436759	ENSG00000118363	SPCS2	ENSPKIP00000030804	ENSPKIG00000011349	spcs2
ENSP00000292433	ENSG00000160888	IER2	ENSPKIP00000019344	ENSPKIG00000004550	ier2a
ENSP00000587117	ENSG00000163481	RNF25	ENSPKIP00000000037	ENSPKIG00000018841	rnf25
ENSP00000504875	ENSG00000131142	CCL25	ENSPKIP00000012102	ENSPKIG00000000017	ccl25a
ENSP00000403663	ENSG00000221838	AP4M1	ENSPKIP00000001020	ENSPKIG00000019442	ap4m1
ENSP00000348815	ENSG00000198331	HYLS1	ENSPKIP00000025121	ENSPKIG00000008104	hyls1
ENSP00000735300	ENSG00000161692	DBF4B	ENSPKIP00000006795	ENSPKIG00000022933	
ENSP00000582305	ENSG00000168000	BSCL2	ENSPKIP00000010476	ENSPKIG00000025182	BSCL2
ENSP00000526820	ENSG00000042286	AIFM2	ENSPKIP00000031307	ENSPKIG00000011840	aifm2
ENSP00000508148	ENSG00000163703	CRELD1	ENSPKIP00000032115	ENSPKIG00000012326	creld1b
ENSP00000357341	ENSG00000111912	NCOA7	ENSPKIP00000031808	ENSPKIG00000012149	NCOA7
ENSP00000602059	ENSG00000007545	CRAMP1	ENSPKIP00000026083	ENSPKIG00000008706	cramp1
ENSP00000607681	ENSG00000129244	ATP1B2	ENSPKIP00000040398	ENSPKIG00000017386	atp1b2a
ENSP00000734584	ENSG00000197451	HNRNPAB	ENSPKIP00000026011	ENSPKIG00000008659	hnrnpabb
ENSP00000259008	ENSG00000136492	BRIP1	ENSPKIP00000013148	ENSPKIG00000000690	brip1
ENSP00000318066	ENSG00000001561	ENPP4	ENSPKIP00000018768	ENSPKIG00000004217	enpp4
ENSP00000753979	ENSG00000100804	PSMB5	ENSPKIP00000028490	ENSPKIG00000010120	psmb5
ENSP00000478061	ENSG00000277443	MARCKS	ENSPKIP00000000359	ENSPKIG00000019063	marcksa
ENSP00000502632	ENSG00000070061	ELP1	ENSPKIP00000007899	ENSPKIG00000023615	elp1
ENSP00000261842	ENSG00000081014	AP4E1	ENSPKIP00000041499	ENSPKIG00000018030	ap4e1
ENSP00000690768	ENSG00000095485	CWF19L1	ENSPKIP00000026739	ENSPKIG00000009086	cwf19l1
ENSP00000354566	ENSG00000198851	CD3E	ENSPKIP00000010632	ENSPKIG00000025276	
ENSP00000639649	ENSG00000170190	SLC16A5	ENSPKIP00000016770	ENSPKIG00000002956	slc16a5a
ENSP00000265896	ENSG00000104549	SQLE	ENSPKIP00000041833	ENSPKIG00000018220	sqleb
ENSP00000304553	ENSG00000168303	MPLKIP	ENSPKIP00000019295	ENSPKIG00000004524	mplkip
ENSP00000390126	ENSG00000161040	FBXL13	ENSPKIP00000002851	ENSPKIG00000020579	
ENSP00000703982	ENSG00000170549	IRX1	ENSPKIP00000002451	ENSPKIG00000020325	irx1a
ENSP00000219313	ENSG00000103035	PSMD7	ENSPKIP00000014991	ENSPKIG00000001844	psmd7
ENSP00000431150	ENSG00000119707	RBM25	ENSPKIP00000017256	ENSPKIG00000003203	rbm25b
ENSP00000682534	ENSG00000074317	SNCB	ENSPKIP00000006163	ENSPKIG00000022552	sncb
ENSP00000297142	ENSG00000164600	NEUROD6	ENSPKIP00000015421	ENSPKIG00000002159	neurod6b
ENSP00000277632	ENSG00000148481	MINDY3	ENSPKIP00000010759	ENSPKIG00000025352	mindy3
ENSP00000557833	ENSG00000147649	MTDH	ENSPKIP00000038377	ENSPKIG00000016174	
ENSP00000314036	ENSG00000026652	AGPAT4	ENSPKIP00000038754	ENSPKIG00000016403	agpat4
ENSP00000533437	ENSG00000105393	BABAM1	ENSPKIP00000025985	ENSPKIG00000008634	babam1
ENSP00000258770	ENSG00000136270	TBRG4	ENSPKIP00000006412	ENSPKIG00000022701	tbrg4
ENSP00000437357	ENSG00000121351	IAPP	ENSPKIP00000025230	ENSPKIG00000008179	IAPP
ENSP00000444080	ENSG00000178882	RFLNA	ENSPKIP00000006291	ENSPKIG00000022634	rflna
ENSP00000337998	ENSG00000167566	NCKAP5L	ENSPKIP00000015788	ENSPKIG00000002369	nckap5l
ENSP00000374049	ENSG00000175267	VWA3A	ENSPKIP00000036779	ENSPKIG00000015219	VWA3A
ENSP00000637642	ENSG00000137275	RIPK1	ENSPKIP00000018924	ENSPKIG00000004307	ripk1l
ENSP00000301904	ENSG00000168077	SCARA3	ENSPKIP00000038194	ENSPKIG00000016074	scara3
ENSP00000300574	ENSG00000167193	CRK	ENSPKIP00000004205	ENSPKIG00000021410	CRK
ENSP00000220913	ENSG00000104472	CHRAC1	ENSPKIP00000015021	ENSPKIG00000001875	chrac1
ENSP00000789372	ENSG00000198546	ZNF511	ENSPKIP00000040291	ENSPKIG00000017314	znf511
ENSP00000537904	ENSG00000137547	MRPL15	ENSPKIP00000029754	ENSPKIG00000010877	mrpl15
ENSP00000361383	ENSG00000126878	AIF1L	ENSPKIP00000009836	ENSPKIG00000024785	aif1l
ENSP00000775921	ENSG00000100564	PIGH	ENSPKIP00000004198	ENSPKIG00000021400	pigh
ENSP00000256496	ENSG00000134108	ARL8B	ENSPKIP00000010326	ENSPKIG00000025083	arl8ba
ENSP00000307833	ENSG00000167196	FBXO22	ENSPKIP00000025517	ENSPKIG00000008362	fbxo22
ENSP00000405854	ENSG00000211448	DIO2	ENSPKIP00000026602	ENSPKIG00000009017	dio2
ENSP00000245680	ENSG00000115084	SLC35F5	ENSPKIP00000013970	ENSPKIG00000001198	SLC35F5
ENSP00000639997	ENSG00000113569	NUP155	ENSPKIP00000001133	ENSPKIG00000019534	nup155
ENSP00000506349	ENSG00000178974	FBXO34	ENSPKIP00000013945	ENSPKIG00000001187	fbxo34
ENSP00000401878	ENSG00000163376	KBTBD8	ENSPKIP00000006222	ENSPKIG00000022588	kbtbd8
ENSP00000555377	ENSG00000070269	TMEM260	ENSPKIP00000014504	ENSPKIG00000001543	tmem260
ENSP00000275216	ENSG00000146399	TAAR1	ENSPKIP00000030480	ENSPKIG00000011320	
ENSP00000250003	ENSG00000129152	MYOD1	ENSPKIP00000015740	ENSPKIG00000002354	myod1
ENSP00000598443	ENSG00000104064	GABPB1	ENSPKIP00000001389	ENSPKIG00000019705	gabpb1
ENSP00000565910	ENSG00000112379	ARFGEF3	ENSPKIP00000014671	ENSPKIG00000001633	arfgef3
ENSP00000659935	ENSG00000172663	TMEM134	ENSPKIP00000009854	ENSPKIG00000024793	tmem134
ENSP00000367952	ENSG00000165623	UCMA	ENSPKIP00000034293	ENSPKIG00000013686	ucmaa
ENSP00000299432	ENSG00000166343	MSS51	ENSPKIP00000024940	ENSPKIG00000007982	mss51
ENSP00000435373	ENSG00000107443	CCNJ	ENSPKIP00000037689	ENSPKIG00000015771	ccnj
ENSP00000371554	ENSG00000109610	SOD3	ENSPKIP00000016159	ENSPKIG00000002602	sod3b
ENSP00000263960	ENSG00000115520	COQ10B	ENSPKIP00000013214	ENSPKIG00000000731	coq10b
ENSP00000502453	ENSG00000145375	AFG2A	ENSPKIP00000037010	ENSPKIG00000015347	AFG2A
ENSP00000516199	ENSG00000151532	VTI1A	ENSPKIP00000014215	ENSPKIG00000001358	vti1a
ENSP00000646165	ENSG00000114520	SNX4	ENSPKIP00000038746	ENSPKIG00000016386	snx4
ENSP00000343230	ENSG00000173918	C1QTNF1	ENSPKIP00000028612	ENSPKIG00000010190	c1qtnf1
ENSP00000372059	ENSG00000206013	IFITM5	ENSPKIP00000031843	ENSPKIG00000012176	
ENSP00000563219	ENSG00000130348	QRSL1	ENSPKIP00000012601	ENSPKIG00000000328	QRSL1
ENSP00000554999	ENSG00000125633	CCDC93	ENSPKIP00000013723	ENSPKIG00000001052	ccdc93
ENSP00000239367	ENSG00000120256	LRP11	ENSPKIP00000001674	ENSPKIG00000019882	lrp11
ENSP00000466665	ENSG00000130165	ELOF1	ENSPKIP00000026550	ENSPKIG00000008991	ELOF1
ENSP00000603923	ENSG00000145494	NDUFS6	ENSPKIP00000008965	ENSPKIG00000024253	ndufs6
ENSP00000406885	ENSG00000163900	TMEM41A	ENSPKIP00000024685	ENSPKIG00000007837	tmem41ab
ENSP00000464197	ENSG00000171595	DNAI2	ENSPKIP00000031265	ENSPKIG00000011804	dnai2b
ENSP00000555495	ENSG00000122787	AKR1D1	ENSPKIP00000005107	ENSPKIG00000021920	AKR1D1
ENSP00000392667	ENSG00000145012	LPP	ENSPKIP00000023277	ENSPKIG00000006935	lpp
ENSP00000554700	ENSG00000113600	C9	ENSPKIP00000017440	ENSPKIG00000003353	c9
ENSP00000585191	ENSG00000175931	UBE2O	ENSPKIP00000024252	ENSPKIG00000007569	UBE2O
ENSP00000507501	ENSG00000176438	SYNE3	ENSPKIP00000006290	ENSPKIG00000022630	syne3
ENSP00000542485	ENSG00000103569	AQP9	ENSPKIP00000006128	ENSPKIG00000022537	
ENSP00000520767	ENSG00000145287	PLAC8	ENSPKIP00000011084	ENSPKIG00000025534	plac8.2
ENSP00000504874	ENSG00000129646	QRICH2	ENSPKIP00000018003	ENSPKIG00000003719	
ENSP00000336817	ENSG00000187398	LUZP2	ENSPKIP00000007012	ENSPKIG00000023061	luzp2
ENSP00000568751	ENSG00000168890	TMEM150A	ENSPKIP00000039903	ENSPKIG00000017087	tmem150ab
ENSP00000330631	ENSG00000185924	RTN4RL1	ENSPKIP00000012368	ENSPKIG00000000185	RTN4RL1
ENSP00000478702	ENSG00000137502	RAB30	ENSPKIP00000036752	ENSPKIG00000015202	rab30
ENSP00000771766	ENSG00000131876	SNRPA1	ENSPKIP00000003030	ENSPKIG00000020705	snrpa1
ENSP00000414237	ENSG00000108506	INTS2	ENSPKIP00000002390	ENSPKIG00000020268	ints2
ENSP00000565516	ENSG00000122550	KLHL7	ENSPKIP00000005967	ENSPKIG00000022428	klhl7
ENSP00000216487	ENSG00000100599	RIN3	ENSPKIP00000004145	ENSPKIG00000021377	rin3
ENSP00000659575	ENSG00000139190	VAMP1	ENSPKIP00000001313	ENSPKIG00000019641	vamp2
ENSP00000509610	ENSG00000144647	POMGNT2	ENSPKIP00000032226	ENSPKIG00000012403	pomgnt2
ENSP00000484580	ENSG00000184203	PPP1R2	ENSPKIP00000015957	ENSPKIG00000002482	ppp1r2
ENSP00000497588	ENSG00000112245	PTP4A1	ENSPKIP00000017790	ENSPKIG00000003563	ptp4a1
ENSP00000386413	ENSG00000187123	LYPD6	ENSPKIP00000018331	ENSPKIG00000003918	
ENSP00000296603	ENSG00000164187	LMBRD2	ENSPKIP00000001724	ENSPKIG00000019894	lmbrd2a
ENSP00000714483	ENSG00000054983	GALC	ENSPKIP00000035352	ENSPKIG00000014344	galcb
ENSP00000757465	ENSG00000183513	COA5	ENSPKIP00000032030	ENSPKIG00000012293	coa5
ENSP00000364515	ENSG00000204347	BTBD17	ENSPKIP00000035109	ENSPKIG00000014185	btbd17b
ENSP00000377545	ENSG00000145861	C1QTNF2	ENSPKIP00000027305	ENSPKIG00000009423	c1qtnf2
ENSP00000378401	ENSG00000152377	SPOCK1	ENSPKIP00000037711	ENSPKIG00000015769	spock1
ENSP00000457694	ENSG00000206053	JPT2	ENSPKIP00000026051	ENSPKIG00000008686	jpt2
ENSP00000574348	ENSG00000153086	ACMSD	ENSPKIP00000030848	ENSPKIG00000011557	acmsd
ENSP00000638856	ENSG00000150776	NKAPD1	ENSPKIP00000019933	ENSPKIG00000004907	nkapd1
ENSP00000368688	ENSG00000186687	LYRM7	ENSPKIP00000003722	ENSPKIG00000021096	lyrm7
ENSP00000248378	ENSG00000127774	EMC6	ENSPKIP00000000643	ENSPKIG00000019230	emc6
ENSP00000429721	ENSG00000178125	PPP1R42	ENSPKIP00000027109	ENSPKIG00000009308	ppp1r42
ENSP00000506356	ENSG00000168209	DDIT4	ENSPKIP00000024177	ENSPKIG00000007530	ddit4
ENSP00000652392	ENSG00000119711	ALDH6A1	ENSPKIP00000015437	ENSPKIG00000002153	ALDH6A1
ENSP00000302543	ENSG00000171604	CXXC5	ENSPKIP00000003667	ENSPKIG00000021076	cxxc5b
ENSP00000577640	ENSG00000062725	APPBP2	ENSPKIP00000012832	ENSPKIG00000000485	appbp2
ENSP00000780736	ENSG00000090487	SPG21	ENSPKIP00000002812	ENSPKIG00000020553	SPG21
ENSP00000577480	ENSG00000123600	METTL8	ENSPKIP00000021934	ENSPKIG00000006147	mettl8
ENSP00000332407	ENSG00000184860	SDR42E1	ENSPKIP00000020157	ENSPKIG00000005042	sdr42e1
ENSP00000424870	ENSG00000153037	SRP19	ENSPKIP00000011693	ENSPKIG00000018671	srp19
ENSP00000459901	ENSG00000166260	COX11	ENSPKIP00000029360	ENSPKIG00000010637	cox11
ENSP00000636701	ENSG00000205060	SLC35B4	ENSPKIP00000020909	ENSPKIG00000005507	slc35b4
ENSP00000441365	ENSG00000155254	MARVELD1	ENSPKIP00000038546	ENSPKIG00000016279	marveld1
ENSP00000274496	ENSG00000145817	YIPF5	ENSPKIP00000008761	ENSPKIG00000024119	yipf5
ENSP00000573205	ENSG00000103316	CRYM	ENSPKIP00000025074	ENSPKIG00000008078	crym
ENSP00000304360	ENSG00000186532	SMYD4	ENSPKIP00000032108	ENSPKIG00000012323	smyd4
ENSP00000599868	ENSG00000151657	KIN	ENSPKIP00000010102	ENSPKIG00000024945	kin
ENSP00000305503	ENSG00000213024	NUP62	ENSPKIP00000005230	ENSPKIG00000021980	nup62l
ENSP00000450439	ENSG00000183379	SYNDIG1L	ENSPKIP00000004521	ENSPKIG00000021585	syndig1l
ENSP00000423914	ENSG00000163138	PACRGL	ENSPKIP00000019299	ENSPKIG00000004516	PACRGL
ENSP00000391713	ENSG00000166170	BAG5	ENSPKIP00000000512	ENSPKIG00000019147	bag5
ENSP00000545893	ENSG00000113318	MSH3	ENSPKIP00000035338	ENSPKIG00000014339	msh3
ENSP00000497351	ENSG00000261609	GAN	ENSPKIP00000018616	ENSPKIG00000004115	gan
ENSP00000415998	ENSG00000211584	SLC48A1	ENSPKIP00000037037	ENSPKIG00000015378	SLC48A1
ENSP00000394849	ENSG00000141314	RHBDL3	ENSPKIP00000020580	ENSPKIG00000005296	rhbdl3
ENSP00000740633	ENSG00000103018	CYB5B	ENSPKIP00000027920	ENSPKIG00000009771	cyb5b
ENSP00000337103	ENSG00000070748	CHAT	ENSPKIP00000020151	ENSPKIG00000005022	chata
ENSP00000698364	ENSG00000174099	MSRB3	ENSPKIP00000004718	ENSPKIG00000021710	msrb3
ENSP00000612876	ENSG00000148343	MIGA2	ENSPKIP00000010389	ENSPKIG00000025123	miga2
ENSP00000205061	ENSG00000090863	GLG1	ENSPKIP00000002276	ENSPKIG00000020211	glg1a
ENSP00000298130	ENSG00000165389	SPTSSA	ENSPKIP00000015647	ENSPKIG00000002293	sptssa
ENSP00000429374	ENSG00000008988	RPS20	ENSPKIP00000029138	ENSPKIG00000010499	RPS20
ENSP00000525015	ENSG00000185347	TEDC1	ENSPKIP00000033773	ENSPKIG00000013359	
ENSP00000789261	ENSG00000163466	ARPC2	ENSPKIP00000000245	ENSPKIG00000018973	arpc2
ENSP00000261708	ENSG00000108651	UTP6	ENSPKIP00000019520	ENSPKIG00000004653	utp6
ENSP00000262365	ENSG00000145002	FAM86B2	ENSPKIP00000001343	ENSPKIG00000019673	eef2kmt
ENSP00000364526	ENSG00000165757	JCAD	ENSPKIP00000027233	ENSPKIG00000009364	jcada
ENSP00000346986	ENSG00000095787	WAC	ENSPKIP00000029205	ENSPKIG00000010533	WAC
ENSP00000297375	ENSG00000164778	EN2	ENSPKIP00000033052	ENSPKIG00000012903	en2b
ENSP00000300213	ENSG00000166946	CCNDBP1	ENSPKIP00000019411	ENSPKIG00000004582	ccndbp1
ENSP00000618448	ENSG00000149929	HIRIP3	ENSPKIP00000039982	ENSPKIG00000017127	hirip3
ENSP00000203629	ENSG00000089692	LAG3	ENSPKIP00000023577	ENSPKIG00000007152	
ENSP00000216733	ENSG00000100842	EFS	ENSPKIP00000023098	ENSPKIG00000006817	efs
ENSP00000364260	ENSG00000136932	TRMO	ENSPKIP00000033995	ENSPKIG00000013505	trmo
ENSP00000381089	ENSG00000175782	SLC35E3	ENSPKIP00000006134	ENSPKIG00000022538	slc35e3
ENSP00000638576	ENSG00000112414	ADGRG6	ENSPKIP00000015241	ENSPKIG00000002007	adgrg6
ENSP00000354842	ENSG00000198846	TOX	ENSPKIP00000028103	ENSPKIG00000009875	tox
ENSP00000343635	ENSG00000140950	MEAK7	ENSPKIP00000018876	ENSPKIG00000004260	meak7
ENSP00000521093	ENSG00000198791	CNOT7	ENSPKIP00000021978	ENSPKIG00000006165	cnot7
ENSP00000635277	ENSG00000166839	ANKDD1A	ENSPKIP00000039930	ENSPKIG00000017082	ankdd1a
ENSP00000303129	ENSG00000171724	VAT1L	ENSPKIP00000028781	ENSPKIG00000010278	vat1l
ENSP00000415078	ENSG00000105298	CACTIN	ENSPKIP00000025392	ENSPKIG00000008269	cactin
ENSP00000384801	ENSG00000126773	PCNX4	ENSPKIP00000041400	ENSPKIG00000017970	pcnx4
ENSP00000551413	ENSG00000165533	TTC8	ENSPKIP00000016202	ENSPKIG00000002621	ttc8
ENSP00000510269	ENSG00000105520	PLPPR2	ENSPKIP00000026428	ENSPKIG00000008928	plppr2b
ENSP00000244217	ENSG00000124370	MCEE	ENSPKIP00000038996	ENSPKIG00000016546	mcee
ENSP00000634286	ENSG00000011243	AKAP8L	ENSPKIP00000035924	ENSPKIG00000014648	akap8l
ENSP00000788958	ENSG00000103507	BCKDK	ENSPKIP00000033342	ENSPKIG00000013099	bckdk
ENSP00000373570	ENSG00000107165	TYRP1	ENSPKIP00000021738	ENSPKIG00000006008	tyrp1a
ENSP00000640373	ENSG00000114988	LMAN2L	ENSPKIP00000041520	ENSPKIG00000018038	lman2la
ENSP00000641779	ENSG00000146457	WTAP	ENSPKIP00000006485	ENSPKIG00000022748	wtap
ENSP00000305494	ENSG00000171763	AFG2B	ENSPKIP00000001834	ENSPKIG00000019971	afg2b
ENSP00000540633	ENSG00000148356	LRSAM1	ENSPKIP00000011448	ENSPKIG00000018514	lrsam1
ENSP00000578807	ENSG00000168803	MAPDA	ENSPKIP00000019243	ENSPKIG00000004490	mapda
ENSP00000591614	ENSG00000155561	NUP205	ENSPKIP00000008217	ENSPKIG00000023777	nup205
ENSP00000773696	ENSG00000137691	CFAP300	ENSPKIP00000037352	ENSPKIG00000015569	cfap300
ENSP00000530102	ENSG00000206113	CFAP99	ENSPKIP00000011612	ENSPKIG00000018622	cfap99
ENSP00000787798	ENSG00000014824	SLC30A9	ENSPKIP00000030296	ENSPKIG00000011211	slc30a9
ENSP00000606511	ENSG00000197299	BLM	ENSPKIP00000026501	ENSPKIG00000008954	blm
ENSP00000507955	ENSG00000167470	MIDN	ENSPKIP00000009327	ENSPKIG00000024469	midn
ENSP00000222339	ENSG00000105732	ZNF574	ENSPKIP00000039646	ENSPKIG00000016928	znf526
ENSP00000302232	ENSG00000166199	ALKBH3	ENSPKIP00000004910	ENSPKIG00000021815	alkbh3
ENSP00000481892	ENSG00000143870	PDIA6	ENSPKIP00000012186	ENSPKIG00000000066	pdia6
ENSP00000316109	ENSG00000164252	AGGF1	ENSPKIP00000041775	ENSPKIG00000018193	aggf1
ENSP00000402756	ENSG00000184162	NR2C2AP	ENSPKIP00000009012	ENSPKIG00000024281	nr2c2ap
ENSP00000534473	ENSG00000140740	UQCRC2	ENSPKIP00000036891	ENSPKIG00000015284	uqcrc2b
ENSP00000636445	ENSG00000122068	FYTTD1	ENSPKIP00000006013	ENSPKIG00000022465	
ENSP00000485390	ENSG00000234616	JRK	ENSPKIP00000011618	ENSPKIG00000018634	
ENSP00000436926	ENSG00000170322	NFRKB	ENSPKIP00000039059	ENSPKIG00000016542	nfrkb
ENSP00000504750	ENSG00000164182	NDUFAF2	ENSPKIP00000041711	ENSPKIG00000018166	ndufaf2
ENSP00000314173	ENSG00000177570	SAMD12	ENSPKIP00000000191	ENSPKIG00000018954	SAMD12
ENSP00000571973	ENSG00000134363	FST	ENSPKIP00000038025	ENSPKIG00000015978	FST
ENSP00000707177	ENSG00000197858	GPAA1	ENSPKIP00000011912	ENSPKIG00000018328	
ENSP00000222726	ENSG00000106004	HOXA5	ENSPKIP00000012541	ENSPKIG00000000291	hoxa5a
ENSP00000301962	ENSG00000106346	USP42	ENSPKIP00000025554	ENSPKIG00000008385	usp42
ENSP00000328570	ENSG00000182512	GLRX5	ENSPKIP00000006262	ENSPKIG00000022618	glrx5
ENSP00000580255	ENSG00000184178	SCFD2	ENSPKIP00000017638	ENSPKIG00000003465	scfd2
ENSP00000230256	ENSG00000112494	UNC93A	ENSPKIP00000035821	ENSPKIG00000014633	unc93a
ENSP00000426359	ENSG00000234602	MCIDAS	ENSPKIP00000005883	ENSPKIG00000022388	MCIDAS
ENSP00000574206	ENSG00000133687	TMTC1	ENSPKIP00000016873	ENSPKIG00000003001	tmtc1
ENSP00000244426	ENSG00000112146	FBXO9	ENSPKIP00000037468	ENSPKIG00000015638	fbxo9
ENSP00000261893	ENSG00000103642	LACTB	ENSPKIP00000025482	ENSPKIG00000008344	lactb
ENSP00000434511	ENSG00000211450	SELENOH	ENSPKIP00000024499	ENSPKIG00000007722	
ENSP00000732276	ENSG00000167770	OTUB1	ENSPKIP00000004351	ENSPKIG00000021494	otub1b
ENSP00000221459	ENSG00000104863	LIN7B	ENSPKIP00000019366	ENSPKIG00000004564	lin7b
ENSP00000259963	ENSG00000137414	FAM8A1	ENSPKIP00000011891	ENSPKIG00000018357	fam8a1b
ENSP00000593045	ENSG00000164362	TERT	ENSPKIP00000005810	ENSPKIG00000022342	tert
ENSP00000389175	ENSG00000168237	GLYCTK	ENSPKIP00000033403	ENSPKIG00000013132	glyctk
ENSP00000337838	ENSG00000115310	RTN4	ENSPKIP00000004256	ENSPKIG00000021443	rtn4a
ENSP00000252951	ENSG00000130656	HBZ	ENSPKIP00000004639	ENSPKIG00000021665	si:ch211-5k11.8
ENSP00000324901	ENSG00000174628	IQCK	ENSPKIP00000021032	ENSPKIG00000005591	iqck
ENSP00000368152	ENSG00000239382	ALKBH6	ENSPKIP00000037009	ENSPKIG00000015358	alkbh6
ENSP00000329357	ENSG00000185591	SP1	ENSPKIP00000015713	ENSPKIG00000002335	sp1
ENSP00000601423	ENSG00000164091	WDR82	ENSPKIP00000033458	ENSPKIG00000013151	wdr82
ENSP00000507342	ENSG00000154153	RETREG1	ENSPKIP00000025034	ENSPKIG00000008029	retreg1
ENSP00000314407	ENSG00000178538	CA8	ENSPKIP00000027956	ENSPKIG00000009787	ca8
ENSP00000714541	ENSG00000148120	AOPEP	ENSPKIP00000039195	ENSPKIG00000016645	AOPEP
ENSP00000295268	ENSG00000163116	STPG2	ENSPKIP00000039454	ENSPKIG00000016792	stpg2
ENSP00000354213	ENSG00000125430	HS3ST3B1	ENSPKIP00000032524	ENSPKIG00000012590	
ENSP00000302657	ENSG00000168792	ABHD15	ENSPKIP00000020685	ENSPKIG00000005376	abhd15a
ENSP00000265801	ENSG00000061337	LZTS1	ENSPKIP00000010054	ENSPKIG00000024916	lzts1
ENSP00000425253	ENSG00000146083	RNF44	ENSPKIP00000006397	ENSPKIG00000022693	rnf44
ENSP00000597132	ENSG00000141580	WDR45B	ENSPKIP00000029487	ENSPKIG00000010698	wdr45b
ENSP00000629504	ENSG00000103051	COG4	ENSPKIP00000016256	ENSPKIG00000002644	cog4
ENSP00000363899	ENSG00000136783	NIPSNAP3A	ENSPKIP00000008252	ENSPKIG00000023824	nipsnap3a
ENSP00000331907	ENSG00000134815	DHX34	ENSPKIP00000033976	ENSPKIG00000013394	dhx34
ENSP00000301645	ENSG00000167910	CYP7A1	ENSPKIP00000021171	ENSPKIG00000005680	cyp7a1
ENSP00000428858	ENSG00000253457	SMIM18	ENSPKIP00000012854	ENSPKIG00000000504	
ENSP00000573521	ENSG00000156469	MTERF3	ENSPKIP00000020788	ENSPKIG00000005444	mterf3
ENSP00000502249	ENSG00000106211	HSPB1	ENSPKIP00000040112	ENSPKIG00000017205	hspb1
ENSP00000613519	ENSG00000183828	NUDT14	ENSPKIP00000000426	ENSPKIG00000019103	nudt14
ENSP00000398798	ENSG00000115568	ZNF142	ENSPKIP00000036078	ENSPKIG00000014768	znf142
ENSP00000413029	ENSG00000136197	C7orf25	ENSPKIP00000019082	ENSPKIG00000004401	zgc:55781
ENSP00000400821	ENSG00000138823	MTTP	ENSPKIP00000016354	ENSPKIG00000002708	mttp
ENSP00000311816	ENSG00000084093	REST	ENSPKIP00000012066	ENSPKIG00000025685	rest
ENSP00000250498	ENSG00000129562	DAD1	ENSPKIP00000035986	ENSPKIG00000014730	
ENSP00000385525	ENSG00000173960	UBXN2A	ENSPKIP00000018415	ENSPKIG00000003981	ubxn2a
ENSP00000469474	ENSG00000267909	CCDC177	ENSPKIP00000017518	ENSPKIG00000003401	
ENSP00000538419	ENSG00000119650	IFT43	ENSPKIP00000017103	ENSPKIG00000003158	IFT43
ENSP00000312150	ENSG00000173334	TRIB1	ENSPKIP00000037054	ENSPKIG00000015389	trib1
ENSP00000633391	ENSG00000205403	CFI	ENSPKIP00000034286	ENSPKIG00000013679	
ENSP00000374240	ENSG00000168779	SHOX2	ENSPKIP00000020093	ENSPKIG00000005003	shox2
ENSP00000599589	ENSG00000104312	RIPK2	ENSPKIP00000024234	ENSPKIG00000007572	ripk2
ENSP00000594420	ENSG00000006634	DBF4	ENSPKIP00000012281	ENSPKIG00000000131	dbf4
ENSP00000270642	ENSG00000142549	IGLON5	ENSPKIP00000012208	ENSPKIG00000000081	iglon5
ENSP00000387278	ENSG00000082126	MPP4	ENSPKIP00000017537	ENSPKIG00000003356	MPP4
ENSP00000393538	ENSG00000095794	CREM	ENSPKIP00000030791	ENSPKIG00000011506	CREM
ENSP00000462339	ENSG00000198933	TBKBP1	ENSPKIP00000013483	ENSPKIG00000000901	
ENSP00000595937	ENSG00000140395	SKIC8	ENSPKIP00000032686	ENSPKIG00000012667	skic8
ENSP00000565135	ENSG00000166971	AKTIP	ENSPKIP00000004790	ENSPKIG00000021744	aktip
ENSP00000360398	ENSG00000153291	SLC25A27	ENSPKIP00000036797	ENSPKIG00000015221	slc25a27
ENSP00000261367	ENSG00000064692	SNCAIP	ENSPKIP00000041489	ENSPKIG00000018019	sncaip
ENSP00000769646	ENSG00000030110	BAK1	ENSPKIP00000020664	ENSPKIG00000005350	BAK1
ENSP00000250559	ENSG00000127314	RAP1B	ENSPKIP00000011240	ENSPKIG00000018787	RAP1B
ENSP00000310873	ENSG00000173085	COQ2	ENSPKIP00000021816	ENSPKIG00000006052	COQ2
ENSP00000790124	ENSG00000167543	TP53I13	ENSPKIP00000034920	ENSPKIG00000014069	tp53i13
ENSP00000428785	ENSG00000164953	TMEM67	ENSPKIP00000036233	ENSPKIG00000014869	tmem67
ENSP00000767067	ENSG00000042753	AP2S1	ENSPKIP00000028475	ENSPKIG00000010112	ap2s1
ENSP00000356033	ENSG00000164691	TAGAP	ENSPKIP00000003871	ENSPKIG00000021199	tagapb
ENSP00000426654	ENSG00000053900	ANAPC4	ENSPKIP00000018510	ENSPKIG00000004047	anapc4
ENSP00000500708	ENSG00000146143	PRIM2	ENSPKIP00000009032	ENSPKIG00000024286	prim2
ENSP00000510415	ENSG00000127838	PNKD	ENSPKIP00000030343	ENSPKIG00000011208	pnkd
ENSP00000456218	ENSG00000103356	EARS2	ENSPKIP00000015733	ENSPKIG00000002340	ears2
ENSP00000699872	ENSG00000146409	SLC18B1	ENSPKIP00000000674	ENSPKIG00000019233	slc18b1
ENSP00000251143	ENSG00000103544	VPS35L	ENSPKIP00000017381	ENSPKIG00000003287	vps35l
ENSP00000260952	ENSG00000138381	ASNSD1	ENSPKIP00000027215	ENSPKIG00000009369	asnsd1
ENSP00000792602	ENSG00000147419	CCDC25	ENSPKIP00000038158	ENSPKIG00000016058	ccdc25
ENSP00000332208	ENSG00000185002	RFX6	ENSPKIP00000035597	ENSPKIG00000014493	rfx6
ENSP00000496368	ENSG00000124786	SLC35B3	ENSPKIP00000024210	ENSPKIG00000007555	slc35b3
ENSP00000641294	ENSG00000162927	PUS10	ENSPKIP00000021591	ENSPKIG00000005909	pus10
ENSP00000565105	ENSG00000173581	CCDC106	ENSPKIP00000014913	ENSPKIG00000001808	ccdc106b
ENSP00000273286	ENSG00000144771	LRTM1	ENSPKIP00000012218	ENSPKIG00000000091	lrtm1
ENSP00000800456	ENSG00000114391	RPL24	ENSPKIP00000028691	ENSPKIG00000010232	rpl24
ENSP00000564424	ENSG00000140497	SCAMP2	ENSPKIP00000007859	ENSPKIG00000023594	SCAMP2
ENSP00000607397	ENSG00000165630	PRPF18	ENSPKIP00000035042	ENSPKIG00000014128	prpf18
ENSP00000380354	ENSG00000141255	SPATA22	ENSPKIP00000001486	ENSPKIG00000019766	spata22
ENSP00000571121	ENSG00000103707	MTFMT	ENSPKIP00000039583	ENSPKIG00000016876	mtfmt
ENSP00000390011	ENSG00000142544	CTU1	ENSPKIP00000010377	ENSPKIG00000025122	CTU1
ENSP00000568381	ENSG00000185049	NELFA	ENSPKIP00000036923	ENSPKIG00000015309	nelfa
ENSP00000229955	ENSG00000112218	GPR63	ENSPKIP00000011235	ENSPKIG00000018795	gpr63
ENSP00000610961	ENSG00000106605	BLVRA	ENSPKIP00000023894	ENSPKIG00000007346	blvra
ENSP00000642174	ENSG00000186868	MAPT	ENSPKIP00000008190	ENSPKIG00000023770	mapta
ENSP00000413632	ENSG00000178460	MCMDC2	ENSPKIP00000027147	ENSPKIG00000009329	
ENSP00000710147	ENSG00000175318	GRAMD2A	ENSPKIP00000007670	ENSPKIG00000023467	gramd2aa
ENSP00000259512	ENSG00000136986	DERL1	ENSPKIP00000009711	ENSPKIG00000024714	derl1
ENSP00000258111	ENSG00000135643	KCNMB4	ENSPKIP00000006738	ENSPKIG00000022894	KCNMB4
ENSP00000447127	ENSG00000139343	SNRPF	ENSPKIP00000036083	ENSPKIG00000014784	snrpf
ENSP00000576313	ENSG00000119943	PYROXD2	ENSPKIP00000025844	ENSPKIG00000008509	pyroxd2
ENSP00000326052	ENSG00000178449	COX14	ENSPKIP00000009611	ENSPKIG00000024660	COX14
ENSP00000500157	ENSG00000198056	PRIM1	ENSPKIP00000008688	ENSPKIG00000024076	prim1
ENSP00000410007	ENSG00000177051	FBXO46	ENSPKIP00000012578	ENSPKIG00000000321	fbxo46
ENSP00000609187	ENSG00000005194	CIAPIN1	ENSPKIP00000003238	ENSPKIG00000020811	CIAPIN1
ENSP00000354109	ENSG00000132554	RGS22	ENSPKIP00000039230	ENSPKIG00000016656	
ENSP00000256495	ENSG00000134107	BHLHE40	ENSPKIP00000010337	ENSPKIG00000025093	bhlhe40
ENSP00000724624	ENSG00000112592	TBP	ENSPKIP00000025072	ENSPKIG00000008077	tbp
ENSP00000331745	ENSG00000184344	GDF3	ENSPKIP00000037628	ENSPKIG00000015729	gdf3
ENSP00000448780	ENSG00000139168	ZCRB1	ENSPKIP00000022707	ENSPKIG00000006587	zcrb1
ENSP00000588008	ENSG00000128829	EIF2AK4	ENSPKIP00000016578	ENSPKIG00000002734	EIF2AK4
ENSP00000256078	ENSG00000133703	KRAS	ENSPKIP00000000999	ENSPKIG00000019449	kras
ENSP00000600344	ENSG00000112237	CCNC	ENSPKIP00000032678	ENSPKIG00000012665	ccnc
ENSP00000381666	ENSG00000151233	GXYLT1	ENSPKIP00000004389	ENSPKIG00000021508	gxylt1b
ENSP00000781439	ENSG00000106327	TFR2	ENSPKIP00000004602	ENSPKIG00000021639	tfr2
ENSP00000572770	ENSG00000153944	MSI2	ENSPKIP00000023477	ENSPKIG00000007038	MSI2
ENSP00000728715	ENSG00000103187	COTL1	ENSPKIP00000018902	ENSPKIG00000004291	COTL1
ENSP00000558538	ENSG00000089693	MLF2	ENSPKIP00000026087	ENSPKIG00000008704	mlf2
ENSP00000793554	ENSG00000205629	LCMT1	ENSPKIP00000015748	ENSPKIG00000002333	lcmt1
ENSP00000479134	ENSG00000248905	FMN1	ENSPKIP00000015838	ENSPKIG00000002400	
ENSP00000427862	ENSG00000156467	UQCRB	ENSPKIP00000020727	ENSPKIG00000005311	uqcrb
ENSP00000482304	ENSG00000116996	ZP4	ENSPKIP00000002913	ENSPKIG00000020616	
ENSP00000323913	ENSG00000147573	TRIM55	ENSPKIP00000040690	ENSPKIG00000017552	trim55a
ENSP00000581501	ENSG00000131469	RPL27	ENSPKIP00000011655	ENSPKIG00000018651	rpl27
ENSP00000793260	ENSG00000166734	GOLM2	ENSPKIP00000036241	ENSPKIG00000014876	GOLM2
ENSP00000501290	ENSG00000187555	USP7	ENSPKIP00000041936	ENSPKIG00000018286	usp7
ENSP00000619186	ENSG00000170876	TMEM43	ENSPKIP00000008711	ENSPKIG00000024093	TMEM43
ENSP00000293414	ENSG00000161664	ASB16	ENSPKIP00000038309	ENSPKIG00000016135	asb16
ENSP00000598990	ENSG00000105677	TMEM147	ENSPKIP00000011130	ENSPKIG00000025560	tmem147
ENSP00000519539	ENSG00000287839		ENSPKIP00000021730	ENSPKIG00000006005	
ENSP00000478589	ENSG00000204815	ODAD4	ENSPKIP00000002432	ENSPKIG00000020316	odad4
ENSP00000637972	ENSG00000135677	GNS	ENSPKIP00000027472	ENSPKIG00000009510	gnsa
ENSP00000736780	ENSG00000125386	FAM193A	ENSPKIP00000029226	ENSPKIG00000010534	fam193a
ENSP00000789420	ENSG00000170222	ADPRM	ENSPKIP00000016839	ENSPKIG00000002994	adprm
ENSP00000457180	ENSG00000140511	HAPLN3	ENSPKIP00000037019	ENSPKIG00000015365	hapln3
ENSP00000268711	ENSG00000141026	MED9	ENSPKIP00000007884	ENSPKIG00000023613	MED9
ENSP00000387209	ENSG00000174007	CEP19	ENSPKIP00000015819	ENSPKIG00000002399	cep19
ENSP00000790829	ENSG00000175906	ARL4D	ENSPKIP00000014578	ENSPKIG00000001594	arl4d
ENSP00000567212	ENSG00000173163	COMMD1	ENSPKIP00000020929	ENSPKIG00000005530	commd1
ENSP00000798234	ENSG00000128928	IVD	ENSPKIP00000006726	ENSPKIG00000022883	ivd
ENSP00000573867	ENSG00000120159	CAAP1	ENSPKIP00000021894	ENSPKIG00000006115	CAAP1
ENSP00000526796	ENSG00000167283	ATP5MG	ENSPKIP00000011398	ENSPKIG00000018506	atp5l
ENSP00000219139	ENSG00000125149	PHAF1	ENSPKIP00000015251	ENSPKIG00000002016	phaf1
ENSP00000332812	ENSG00000183134	PTGDR2	ENSPKIP00000010668	ENSPKIG00000025294	PTGDR2
ENSP00000436649	ENSG00000168061	SAC3D1	ENSPKIP00000040609	ENSPKIG00000017506	sac3d1
ENSP00000302599	ENSG00000172461	FUT9	ENSPKIP00000011737	ENSPKIG00000018708	FUT9
ENSP00000266534	ENSG00000139173	TMEM117	ENSPKIP00000006794	ENSPKIG00000022930	tmem117
ENSP00000363201	ENSG00000106948	AKNA	ENSPKIP00000034579	ENSPKIG00000013846	akna
ENSP00000525607	ENSG00000051108	HERPUD1	ENSPKIP00000015628	ENSPKIG00000002281	herpud1
ENSP00000507809	ENSG00000175224	ATG13	ENSPKIP00000033249	ENSPKIG00000012989	atg13
ENSP00000449341	ENSG00000111481	COPZ1	ENSPKIP00000022002	ENSPKIG00000006185	copz1
ENSP00000697975	ENSG00000087008	ACOX3	ENSPKIP00000019608	ENSPKIG00000004695	acox3
ENSP00000614385	ENSG00000135052	GOLM1	ENSPKIP00000005686	ENSPKIG00000022264	
ENSP00000515246	ENSG00000129460	NGDN	ENSPKIP00000025238	ENSPKIG00000008183	ngdn
ENSP00000640667	ENSG00000205363	INSYN1	ENSPKIP00000013169	ENSPKIG00000000703	insyn1
ENSP00000662320	ENSG00000169609	C15orf40	ENSPKIP00000001511	ENSPKIG00000019779	zgc:193812
ENSP00000789780	ENSG00000161036	LRWD1	ENSPKIP00000033294	ENSPKIG00000013065	lrwd1
ENSP00000599641	ENSG00000174928	C3orf33	ENSPKIP00000009753	ENSPKIG00000024734	c18h3orf33
ENSP00000250092	ENSG00000129226	CD68	ENSPKIP00000019780	ENSPKIG00000004814	
ENSP00000298875	ENSG00000165934	CPSF2	ENSPKIP00000004287	ENSPKIG00000021453	cpsf2
ENSP00000377789	ENSG00000171992	SYNPO	ENSPKIP00000038157	ENSPKIG00000016057	SYNPO
ENSP00000572545	ENSG00000003147	ICA1	ENSPKIP00000030119	ENSPKIG00000011063	ica1
ENSP00000418661	ENSG00000187024	PTRH1	ENSPKIP00000020799	ENSPKIG00000005449	ptrh1
ENSP00000530600	ENSG00000205336	ADGRG1	ENSPKIP00000017824	ENSPKIG00000003570	
ENSP00000639952	ENSG00000170584	NUDCD2	ENSPKIP00000009279	ENSPKIG00000024450	nudcd2
ENSP00000607170	ENSG00000078674	PCM1	ENSPKIP00000009042	ENSPKIG00000024266	pcm1
ENSP00000367787	ENSG00000005156	LIG3	ENSPKIP00000029789	ENSPKIG00000010887	lig3
ENSP00000266671	ENSG00000139289	PHLDA1	ENSPKIP00000001361	ENSPKIG00000019691	phlda1
ENSP00000377854	ENSG00000106852	LHX6	ENSPKIP00000020825	ENSPKIG00000005455	lhx6a
ENSP00000541593	ENSG00000100448	CTSG	ENSPKIP00000009543	ENSPKIG00000024618	
ENSP00000282185	ENSG00000152348	ATG10	ENSPKIP00000022451	ENSPKIG00000006450	atg10
ENSP00000621932	ENSG00000063761	ADCK1	ENSPKIP00000026410	ENSPKIG00000008899	adck1
ENSP00000618687	ENSG00000122733	PHF24	ENSPKIP00000036587	ENSPKIG00000015104	phf24
ENSP00000370115	ENSG00000021355	SERPINB1	ENSPKIP00000027044	ENSPKIG00000009257	SERPINB1
ENSP00000582612	ENSG00000197324	LRP10	ENSPKIP00000023695	ENSPKIG00000007221	lrp10
ENSP00000490540	ENSG00000151131	NOPCHAP1	ENSPKIP00000039587	ENSPKIG00000016894	nopchap1
ENSP00000593876	ENSG00000111880	RNGTT	ENSPKIP00000041367	ENSPKIG00000017946	rngtt
ENSP00000297540	ENSG00000164902	PHAX	ENSPKIP00000035048	ENSPKIG00000014146	phax
ENSP00000442770	ENSG00000111231	GPN3	ENSPKIP00000037814	ENSPKIG00000015849	gpn3
ENSP00000359219	ENSG00000107821	KAZALD1	ENSPKIP00000010091	ENSPKIG00000024942	kazald3
ENSP00000363390	ENSG00000158022	TRIM63	ENSPKIP00000005348	ENSPKIG00000022050	TRIM63
ENSP00000640100	ENSG00000178078	STAP2	ENSPKIP00000024857	ENSPKIG00000007926	stap2a
ENSP00000356057	ENSG00000146433	TMEM181	ENSPKIP00000008402	ENSPKIG00000023911	tmem181
ENSP00000498917	ENSG00000148604	RGR	ENSPKIP00000000023	ENSPKIG00000018846	rgra
ENSP00000420939	ENSG00000250722	SELENOP	ENSPKIP00000029594	ENSPKIG00000010779	selenop2
ENSP00000363459	ENSG00000204179	PTPN20	ENSPKIP00000039200	ENSPKIG00000016650	ptpn20
ENSP00000630744	ENSG00000126749	EMG1	ENSPKIP00000010682	ENSPKIG00000025303	emg1
ENSP00000358265	ENSG00000186231	KLHL32	ENSPKIP00000011972	ENSPKIG00000025636	klhl32
ENSP00000314518	ENSG00000176018	LYSMD3	ENSPKIP00000021163	ENSPKIG00000005668	lysmd3
ENSP00000300057	ENSG00000166823	MESP1	ENSPKIP00000002202	ENSPKIG00000020187	
ENSP00000588575	ENSG00000013810	TACC3	ENSPKIP00000011750	ENSPKIG00000018717	tacc3
ENSP00000348462	ENSG00000013561	RNF14	ENSPKIP00000009108	ENSPKIG00000024337	zmp:0000000524
ENSP00000670932	ENSG00000137364	TPMT	ENSPKIP00000000507	ENSPKIG00000019144	tpmt.2
ENSP00000532535	ENSG00000123154	WDR83	ENSPKIP00000020207	ENSPKIG00000005064	wdr83
ENSP00000507687	ENSG00000173064	HECTD4	ENSPKIP00000007695	ENSPKIG00000023446	HECTD4
ENSP00000763200	ENSG00000137876	RSL24D1	ENSPKIP00000040793	ENSPKIG00000017615	rsl24d1
ENSP00000417764	ENSG00000119523	ALG2	ENSPKIP00000035753	ENSPKIG00000014585	alg2
ENSP00000794628	ENSG00000167136	ENDOG	ENSPKIP00000003103	ENSPKIG00000020744	endog
ENSP00000774178	ENSG00000173267	SNCG	ENSPKIP00000030763	ENSPKIG00000011494	sncga
ENSP00000603030	ENSG00000180376	CCDC66	ENSPKIP00000029549	ENSPKIG00000010727	CCDC66
ENSP00000656096	ENSG00000120533	ENY2	ENSPKIP00000035695	ENSPKIG00000014542	ENY2
ENSP00000321684	ENSG00000005102	MEOX1	ENSPKIP00000014363	ENSPKIG00000001445	meox1
ENSP00000490393	ENSG00000167302	TEPSIN	ENSPKIP00000034392	ENSPKIG00000013741	tepsin
ENSP00000750051	ENSG00000173992	CCS	ENSPKIP00000026536	ENSPKIG00000008944	ccs
ENSP00000360540	ENSG00000138180	CEP55	ENSPKIP00000020521	ENSPKIG00000005257	cep55l
ENSP00000358854	ENSG00000148835	TAF5	ENSPKIP00000015333	ENSPKIG00000002076	taf5
ENSP00000444198	ENSG00000164442	CITED2	ENSPKIP00000038600	ENSPKIG00000016308	cited2
ENSP00000533098	ENSG00000171772	SYCE1	ENSPKIP00000030595	ENSPKIG00000011395	
ENSP00000556704	ENSG00000124664	SPDEF	ENSPKIP00000014588	ENSPKIG00000001617	spdef
ENSP00000427695	ENSG00000141232	TOB1	ENSPKIP00000023779	ENSPKIG00000007266	tob1a
ENSP00000409976	ENSG00000108381	ASPA	ENSPKIP00000001316	ENSPKIG00000019648	aspa
ENSP00000379902	ENSG00000106460	TMEM106B	ENSPKIP00000030737	ENSPKIG00000011479	tmem106bb
ENSP00000795012	ENSG00000163075	CFAP221	ENSPKIP00000036973	ENSPKIG00000015344	
ENSP00000393577	ENSG00000118503	TNFAIP3	ENSPKIP00000014537	ENSPKIG00000001568	tnfaip3
ENSP00000561705	ENSG00000137804	NUSAP1	ENSPKIP00000016043	ENSPKIG00000002537	nusap1
ENSP00000555122	ENSG00000153989	NUS1	ENSPKIP00000035212	ENSPKIG00000014250	nus1
ENSP00000386141	ENSG00000221947	XKR9	ENSPKIP00000023448	ENSPKIG00000007080	xkr9
ENSP00000534088	ENSG00000132470	ITGB4	ENSPKIP00000006099	ENSPKIG00000022391	itgb4
ENSP00000351686	ENSG00000170325	PRDM10	ENSPKIP00000034148	ENSPKIG00000013587	prdm10
ENSP00000604213	ENSG00000124496	TRERF1	ENSPKIP00000036061	ENSPKIG00000014668	TRERF1
ENSP00000605351	ENSG00000158457	TSPAN33	ENSPKIP00000026204	ENSPKIG00000008773	tspan33a
ENSP00000420405	ENSG00000265817	FSBP	ENSPKIP00000036415	ENSPKIG00000015000	fsbp
ENSP00000640625	ENSG00000160746	ANO10	ENSPKIP00000008437	ENSPKIG00000023909	ano10a
ENSP00000454404	ENSG00000166822	TMEM170A	ENSPKIP00000014399	ENSPKIG00000001477	tmem170a
ENSP00000428140	ENSG00000123643	SLC36A1	ENSPKIP00000006017	ENSPKIG00000022467	slc36a1
ENSP00000550123	ENSG00000167964	RAB26	ENSPKIP00000007811	ENSPKIG00000023561	RAB26
ENSP00000401639	ENSG00000146733	PSPH	ENSPKIP00000021783	ENSPKIG00000006038	psph
ENSP00000442478	ENSG00000067221	STOML1	ENSPKIP00000034724	ENSPKIG00000013950	stoml1
ENSP00000284031	ENSG00000153904	DDAH1	ENSPKIP00000016356	ENSPKIG00000002698	ddah1
ENSP00000267377	ENSG00000139874	SSTR1	ENSPKIP00000038956	ENSPKIG00000016527	sstr1b
ENSP00000616407	ENSG00000171798	KNDC1	ENSPKIP00000041634	ENSPKIG00000018104	KNDC1
ENSP00000451920	ENSG00000197045	GMFB	ENSPKIP00000015435	ENSPKIG00000002165	gmfb
ENSP00000512714	ENSG00000162624	LHX8	ENSPKIP00000027906	ENSPKIG00000009750	lhx8a
ENSP00000393388	ENSG00000143977	SNRPG	ENSPKIP00000036539	ENSPKIG00000015072	snrpg
ENSP00000348596	ENSG00000198301	SDAD1	ENSPKIP00000024260	ENSPKIG00000007518	sdad1
ENSP00000261167	ENSG00000084463	WBP11	ENSPKIP00000029383	ENSPKIG00000010650	
ENSP00000788399	ENSG00000129151	BBOX1	ENSPKIP00000009075	ENSPKIG00000024319	bbox1
ENSP00000299237	ENSG00000166188	ZNF319	ENSPKIP00000036646	ENSPKIG00000015139	znf319b
ENSP00000381631	ENSG00000177994	CIMIP6	ENSPKIP00000025621	ENSPKIG00000008430	
ENSP00000532107	ENSG00000171307	ZDHHC16	ENSPKIP00000038762	ENSPKIG00000016398	zdhhc16a
ENSP00000258888	ENSG00000136383	ALPK3	ENSPKIP00000003475	ENSPKIG00000020937	
ENSP00000640378	ENSG00000137776	SLTM	ENSPKIP00000006503	ENSPKIG00000022760	sltm
ENSP00000333845	ENSG00000183644	HOATZ	ENSPKIP00000027689	ENSPKIG00000009642	hoatz
ENSP00000539342	ENSG00000177666	PNPLA2	ENSPKIP00000041815	ENSPKIG00000018204	pnpla2
ENSP00000705466	ENSG00000111325	OGFOD2	ENSPKIP00000002609	ENSPKIG00000020443	ogfod2
ENSP00000561750	ENSG00000164144	ARFIP1	ENSPKIP00000040123	ENSPKIG00000017215	arfip1
ENSP00000637580	ENSG00000137497	NUMA1	ENSPKIP00000007036	ENSPKIG00000023088	
ENSP00000302578	ENSG00000168672	LRATD2	ENSPKIP00000037086	ENSPKIG00000015418	LRATD2
ENSP00000767429	ENSG00000130311	DDA1	ENSPKIP00000026423	ENSPKIG00000008923	dda1
ENSP00000449144	ENSG00000184752	NDUFA12	ENSPKIP00000037103	ENSPKIG00000015374	ndufa12
ENSP00000309772	ENSG00000106034	CPED1	ENSPKIP00000038151	ENSPKIG00000016047	cped1
ENSP00000615329	ENSG00000171453	POLR1C	ENSPKIP00000028062	ENSPKIG00000009858	polr1c
ENSP00000794252	ENSG00000139725	RHOF	ENSPKIP00000039854	ENSPKIG00000017051	rhof
ENSP00000632084	ENSG00000151135	TMEM263	ENSPKIP00000009629	ENSPKIG00000024668	tmem263
ENSP00000462192	ENSG00000180304	OAZ2	ENSPKIP00000033268	ENSPKIG00000013030	oaz2a
ENSP00000544844	ENSG00000004838	ZMYND10	ENSPKIP00000014109	ENSPKIG00000001286	zmynd10
ENSP00000256151	ENSG00000133773	CCDC59	ENSPKIP00000001305	ENSPKIG00000019649	ccdc59
ENSP00000476312	ENSG00000180535	BHLHA15	ENSPKIP00000017602	ENSPKIG00000003450	bhlha15
ENSP00000722854	ENSG00000111678	C12orf57	ENSPKIP00000005798	ENSPKIG00000022334	grcc10
ENSP00000608430	ENSG00000126267	COX6B1	ENSPKIP00000027677	ENSPKIG00000009630	cox6b1
ENSP00000361970	ENSG00000196683	TOMM7	ENSPKIP00000006076	ENSPKIG00000022505	TOMM7
ENSP00000357069	ENSG00000143315	PIGM	ENSPKIP00000014952	ENSPKIG00000001831	pigm
ENSP00000266643	ENSG00000139266	MARCHF9	ENSPKIP00000016016	ENSPKIG00000002517	MARCHF9
ENSP00000520789	ENSG00000170542	SERPINB9	ENSPKIP00000023475	ENSPKIG00000007093	
ENSP00000571202	ENSG00000131375	CAPN7	ENSPKIP00000033870	ENSPKIG00000013391	capn7
ENSP00000523872	ENSG00000182196	ARL6IP4	ENSPKIP00000015025	ENSPKIG00000001878	arl6ip4
ENSP00000248071	ENSG00000127528	KLF2	ENSPKIP00000028501	ENSPKIG00000010130	klf2a
ENSP00000586164	ENSG00000174799	CEP135	ENSPKIP00000025942	ENSPKIG00000008609	cep135
ENSP00000365773	ENSG00000135069	PSAT1	ENSPKIP00000003896	ENSPKIG00000021208	psat1
ENSP00000634062	ENSG00000104774	MAN2B1	ENSPKIP00000020679	ENSPKIG00000005364	man2b1
ENSP00000629637	ENSG00000157796	WDR19	ENSPKIP00000018906	ENSPKIG00000004251	wdr19
ENSP00000655540	ENSG00000100445	SDR39U1	ENSPKIP00000025232	ENSPKIG00000008181	sdr39u1
ENSP00000490916	ENSG00000235106	BRD3OS	ENSPKIP00000025871	ENSPKIG00000008569	
ENSP00000609496	ENSG00000112305	SMAP1	ENSPKIP00000014589	ENSPKIG00000001603	smap1
ENSP00000592200	ENSG00000106692	FKTN	ENSPKIP00000042006	ENSPKIG00000018834	fktn
ENSP00000494558	ENSG00000165730	STOX1	ENSPKIP00000027032	ENSPKIG00000009267	stox1
ENSP00000395328	ENSG00000166292	TMEM100	ENSPKIP00000029218	ENSPKIG00000010557	TMEM100
ENSP00000238651	ENSG00000119673	ACOT2	ENSPKIP00000034452	ENSPKIG00000013779	
ENSP00000540567	ENSG00000197746	PSAP	ENSPKIP00000022462	ENSPKIG00000006454	psap
ENSP00000421965	ENSG00000164244	PRRC1	ENSPKIP00000035565	ENSPKIG00000014479	prrc1
ENSP00000434045	ENSG00000119714	GPR68	ENSPKIP00000023983	ENSPKIG00000007411	GPR68
ENSP00000720214	ENSG00000114062	UBE3A	ENSPKIP00000007431	ENSPKIG00000023315	ube3a
ENSP00000306245	ENSG00000170345	FOS	ENSPKIP00000016748	ENSPKIG00000002938	FOS
ENSP00000285419	ENSG00000155099	PIP4P2	ENSPKIP00000022374	ENSPKIG00000006388	pip4p2
ENSP00000778713	ENSG00000104760	FGL1	ENSPKIP00000009137	ENSPKIG00000024355	fgl1
ENSP00000604265	ENSG00000159593	NAE1	ENSPKIP00000023932	ENSPKIG00000007379	nae1
ENSP00000664335	ENSG00000161955	TNFSF13	ENSPKIP00000022058	ENSPKIG00000006211	tnfsf13
ENSP00000597764	ENSG00000108039	XPNPEP1	ENSPKIP00000039625	ENSPKIG00000016830	xpnpep1
ENSP00000554196	ENSG00000133636	NTS	ENSPKIP00000008843	ENSPKIG00000024177	nts
ENSP00000420618	ENSG00000110680	CALCA	ENSPKIP00000038111	ENSPKIG00000016029	calca
ENSP00000330240	ENSG00000109881	CCDC34	ENSPKIP00000002260	ENSPKIG00000020230	
ENSP00000760525	ENSG00000167862	MRPL58	ENSPKIP00000022025	ENSPKIG00000006177	
ENSP00000611421	ENSG00000154518	ATP5MC3	ENSPKIP00000007091	ENSPKIG00000023124	atp5mc3b
ENSP00000563460	ENSG00000213221	DNLZ	ENSPKIP00000010697	ENSPKIG00000025315	dnlz
ENSP00000263610	ENSG00000125492	BARHL1	ENSPKIP00000022915	ENSPKIG00000006740	barhl1b
ENSP00000321346	ENSG00000175764	TTLL11	ENSPKIP00000010085	ENSPKIG00000024931	ttll11
ENSP00000581512	ENSG00000137818	RPLP1	ENSPKIP00000000757	ENSPKIG00000019305	rplp1
ENSP00000380747	ENSG00000146842	TMEM209	ENSPKIP00000011342	ENSPKIG00000018416	tmem209
ENSP00000319636	ENSG00000176383	B3GNT4	ENSPKIP00000016644	ENSPKIG00000002885	B3GNT4
ENSP00000544584	ENSG00000137500	CCDC90B	ENSPKIP00000036605	ENSPKIG00000015115	ccdc90b
ENSP00000360850	ENSG00000122140	MRPS2	ENSPKIP00000019215	ENSPKIG00000004472	mrps2
ENSP00000594356	ENSG00000165084	C8orf34	ENSPKIP00000023858	ENSPKIG00000007285	zgc:162928
ENSP00000534890	ENSG00000130203	APOE	ENSPKIP00000009116	ENSPKIG00000024347	apoeb
ENSP00000444425	ENSG00000111452	ADGRD1	ENSPKIP00000006798	ENSPKIG00000022859	adgrd1
ENSP00000766018	ENSG00000115738	ID2	ENSPKIP00000002741	ENSPKIG00000020522	id2a
ENSP00000353794	ENSG00000197361	FBXL22	ENSPKIP00000023905	ENSPKIG00000007359	fbxl22
ENSP00000446058	ENSG00000105251	SHD	ENSPKIP00000026460	ENSPKIG00000008906	shda
ENSP00000311429	ENSG00000174442	ZWILCH	ENSPKIP00000024372	ENSPKIG00000007647	zwilch
ENSP00000412302	ENSG00000071655	MBD3	ENSPKIP00000011524	ENSPKIG00000018562	mbd3a
ENSP00000538951	ENSG00000197265	GTF2E2	ENSPKIP00000019759	ENSPKIG00000004797	gtf2e2
ENSP00000320184	ENSG00000181610	MRPS23	ENSPKIP00000028331	ENSPKIG00000010021	mrps23
ENSP00000523983	ENSG00000106399	RPA3	ENSPKIP00000029114	ENSPKIG00000010490	rpa3
ENSP00000752749	ENSG00000115875	SRSF7	ENSPKIP00000040471	ENSPKIG00000017425	srsf7b
ENSP00000531994	ENSG00000128585	MKLN1	ENSPKIP00000021421	ENSPKIG00000005833	mkln1
ENSP00000484492	ENSG00000176731	RBIS	ENSPKIP00000010403	ENSPKIG00000025139	rbis
ENSP00000361518	ENSG00000204052	LRRC73	ENSPKIP00000027943	ENSPKIG00000009786	lrrc73
ENSP00000341346	ENSG00000167858	TEKT1	ENSPKIP00000005276	ENSPKIG00000021946	tekt1
ENSP00000264025	ENSG00000110400	NECTIN1	ENSPKIP00000034624	ENSPKIG00000013887	nectin1b
ENSP00000378464	ENSG00000213578	CPLX3	ENSPKIP00000001741	ENSPKIG00000019916	CPLX3
ENSP00000267260	ENSG00000139767	SRRM4	ENSPKIP00000027230	ENSPKIG00000009374	srrm4
ENSP00000458101	ENSG00000102900	NUP93	ENSPKIP00000005758	ENSPKIG00000022268	nup93
ENSP00000416673	ENSG00000229474	PATL2	ENSPKIP00000039584	ENSPKIG00000016887	patl2
ENSP00000792023	ENSG00000149476	TKFC	ENSPKIP00000034002	ENSPKIG00000013506	tkfc
ENSP00000254627	ENSG00000253117	OC90	ENSPKIP00000024174	ENSPKIG00000007435	
ENSP00000319796	ENSG00000184716	SERINC4	ENSPKIP00000002219	ENSPKIG00000020153	serinc4
ENSP00000371475	ENSG00000067369	TP53BP1	ENSPKIP00000038141	ENSPKIG00000015980	tp53bp1
ENSP00000377696	ENSG00000114021	NIT2	ENSPKIP00000006058	ENSPKIG00000022495	nit2
ENSP00000712347	ENSG00000213551	DNAJC9	ENSPKIP00000016251	ENSPKIG00000002650	dnajc9
ENSP00000363753	ENSG00000119328	ABITRAM	ENSPKIP00000003056	ENSPKIG00000020713	abitram
ENSP00000314080	ENSG00000177374	HIC1	ENSPKIP00000012354	ENSPKIG00000000175	hic1
ENSP00000493302	ENSG00000108439	PNPO	ENSPKIP00000013215	ENSPKIG00000000733	pnpo
ENSP00000616287	ENSG00000137168	PPIL1	ENSPKIP00000019269	ENSPKIG00000004501	ppil1
ENSP00000698000	ENSG00000136279	DBNL	ENSPKIP00000009942	ENSPKIG00000024839	dbnlb
ENSP00000531088	ENSG00000080608	PUM3	ENSPKIP00000005687	ENSPKIG00000022249	pum3
ENSP00000767629	ENSG00000163832	ELP6	ENSPKIP00000004975	ENSPKIG00000021845	elp6
ENSP00000605849	ENSG00000149308	NPAT	ENSPKIP00000032581	ENSPKIG00000012627	npat
ENSP00000369081	ENSG00000239264	TXNDC5	ENSPKIP00000024381	ENSPKIG00000007645	txndc5
ENSP00000393648	ENSG00000178562	CD28	ENSPKIP00000025249	ENSPKIG00000008189	
ENSP00000376941	ENSG00000153094	BCL2L11	ENSPKIP00000003758	ENSPKIG00000021123	
ENSP00000601962	ENSG00000108424	KPNB1	ENSPKIP00000040742	ENSPKIG00000017563	kpnb1
ENSP00000298223	ENSG00000165457	FOLR2	ENSPKIP00000006856	ENSPKIG00000022982	folr
ENSP00000360560	ENSG00000146221	DRC5	ENSPKIP00000016096	ENSPKIG00000002579	drc5
ENSP00000221452	ENSG00000104856	RELB	ENSPKIP00000028967	ENSPKIG00000010400	relb
ENSP00000528715	ENSG00000124587	PEX6	ENSPKIP00000000583	ENSPKIG00000019191	pex6
ENSP00000453273	ENSG00000137821	LRRC49	ENSPKIP00000002126	ENSPKIG00000020144	
ENSP00000536608	ENSG00000163811	WDR43	ENSPKIP00000006804	ENSPKIG00000022935	wdr43
ENSP00000469035	ENSG00000105669	COPE	ENSPKIP00000013067	ENSPKIG00000000623	cope
ENSP00000380793	ENSG00000214160	ALG3	ENSPKIP00000035740	ENSPKIG00000014561	alg3
ENSP00000520549	ENSG00000164941	INTS8	ENSPKIP00000019653	ENSPKIG00000004704	ints8
ENSP00000434190	ENSG00000149792	MRPL49	ENSPKIP00000007004	ENSPKIG00000023054	MRPL49
ENSP00000387303	ENSG00000156414	TDRD9	ENSPKIP00000041046	ENSPKIG00000017763	tdrd9
ENSP00000259698	ENSG00000111913	RIPOR2	ENSPKIP00000022660	ENSPKIG00000006575	ripor2
ENSP00000286353	ENSG00000155893	PXYLP1	ENSPKIP00000028358	ENSPKIG00000010037	pxylp1
ENSP00000264607	ENSG00000065802	ASB1	ENSPKIP00000035201	ENSPKIG00000014236	asb1
ENSP00000791667	ENSG00000104765	BNIP3L	ENSPKIP00000008324	ENSPKIG00000023867	bnip3la
ENSP00000306817	ENSG00000171174	RBKS	ENSPKIP00000006338	ENSPKIG00000022653	RBKS
ENSP00000789182	ENSG00000197070	ARRDC1	ENSPKIP00000033279	ENSPKIG00000013037	arrdc1b
ENSP00000495986	ENSG00000121075	TBX4	ENSPKIP00000013015	ENSPKIG00000000606	tbx4
ENSP00000593722	ENSG00000204628	RACK1	ENSPKIP00000025800	ENSPKIG00000008532	rack1
ENSP00000380437	ENSG00000092096	SLC22A17	ENSPKIP00000025297	ENSPKIG00000008226	SLC22A17
ENSP00000630673	ENSG00000164169	PRMT9	ENSPKIP00000038699	ENSPKIG00000016354	prmt9
ENSP00000263038	ENSG00000107537	PHYH	ENSPKIP00000034353	ENSPKIG00000013717	phyh
ENSP00000317836	ENSG00000176532	PRR15	ENSPKIP00000012160	ENSPKIG00000000055	
ENSP00000515158	ENSG00000175895	PLEKHF2	ENSPKIP00000014251	ENSPKIG00000001385	plekhf2
ENSP00000342518	ENSG00000151812	SLC35F4	ENSPKIP00000014743	ENSPKIG00000001699	slc35f4
ENSP00000784703	ENSG00000034239	CLXN	ENSPKIP00000013346	ENSPKIG00000000818	clxn
ENSP00000352271	ENSG00000196584	XRCC2	ENSPKIP00000040957	ENSPKIG00000017715	XRCC2
ENSP00000427888	ENSG00000249853	HS3ST5	ENSPKIP00000000187	ENSPKIG00000018953	HS3ST5
ENSP00000545058	ENSG00000105887	MTPN	ENSPKIP00000017612	ENSPKIG00000003452	mtpn
ENSP00000520503	ENSG00000120868	APAF1	ENSPKIP00000021399	ENSPKIG00000005791	apaf1
ENSP00000345659	ENSG00000168748	CA7	ENSPKIP00000024153	ENSPKIG00000007497	ca7
ENSP00000638973	ENSG00000135324	MRAP2	ENSPKIP00000031878	ENSPKIG00000012201	
ENSP00000429015	ENSG00000186106	ANKRD46	ENSPKIP00000012674	ENSPKIG00000000396	ankrd46b
ENSP00000219551	ENSG00000103269	RHBDL1	ENSPKIP00000022712	ENSPKIG00000006617	rhbdl1
ENSP00000363360	ENSG00000148153	INIP	ENSPKIP00000041992	ENSPKIG00000018405	inip
ENSP00000267812	ENSG00000140259	MFAP1	ENSPKIP00000002322	ENSPKIG00000020254	mfap1
ENSP00000471454	ENSG00000104983	CCDC61	ENSPKIP00000031084	ENSPKIG00000011692	ccdc61
ENSP00000732837	ENSG00000119927	GPAM	ENSPKIP00000013643	ENSPKIG00000000983	gpam
ENSP00000263985	ENSG00000059691	GATB	ENSPKIP00000039925	ENSPKIG00000017076	GATB
ENSP00000253968	ENSG00000131668	BARX1	ENSPKIP00000041468	ENSPKIG00000018006	BARX1
ENSP00000779818	ENSG00000063854	HAGH	ENSPKIP00000012144	ENSPKIG00000000005	hagh
ENSP00000353739	ENSG00000168300	PCMTD1	ENSPKIP00000019051	ENSPKIG00000004373	
ENSP00000621394	ENSG00000042493	CAPG	ENSPKIP00000021193	ENSPKIG00000005690	capgb
ENSP00000628150	ENSG00000107263	RAPGEF1	ENSPKIP00000010579	ENSPKIG00000025229	rapgef1b
ENSP00000328397	ENSG00000182853	VMO1	ENSPKIP00000028315	ENSPKIG00000010013	
ENSP00000357474	ENSG00000111860	CEP85L	ENSPKIP00000034946	ENSPKIG00000014086	cep85l
ENSP00000379430	ENSG00000156170	NDUFAF6	ENSPKIP00000014298	ENSPKIG00000001402	ndufaf6
ENSP00000293695	ENSG00000161860	SYCE2	ENSPKIP00000023708	ENSPKIG00000007229	syce2
ENSP00000280612	ENSG00000151012	SLC7A11	ENSPKIP00000033840	ENSPKIG00000013390	slc7a11
ENSP00000548755	ENSG00000137561	TTPA	ENSPKIP00000040391	ENSPKIG00000017372	ttpa
ENSP00000437237	ENSG00000165233	CARD19	ENSPKIP00000032476	ENSPKIG00000012559	
ENSP00000349547	ENSG00000068028	RASSF1	ENSPKIP00000014210	ENSPKIG00000001347	RASSF1
ENSP00000428489	ENSG00000168078	PBK	ENSPKIP00000038064	ENSPKIG00000016007	pbk
ENSP00000627870	ENSG00000147872	PLIN2	ENSPKIP00000007635	ENSPKIG00000023455	plin2
ENSP00000301633	ENSG00000089685	BIRC5	ENSPKIP00000027648	ENSPKIG00000009625	
ENSP00000426768	ENSG00000171643	S100Z	ENSPKIP00000041856	ENSPKIG00000018247	s100z
ENSP00000494836	ENSG00000163682	RPL9	ENSPKIP00000019146	ENSPKIG00000004425	rpl9
ENSP00000489742	ENSG00000113749	HRH2	ENSPKIP00000039988	ENSPKIG00000017130	hrh2a
ENSP00000328625	ENSG00000174004	NRROS	ENSPKIP00000014167	ENSPKIG00000001337	NRROS
ENSP00000341483	ENSG00000031823	RANBP3	ENSPKIP00000012079	ENSPKIG00000025677	ranbp3b
ENSP00000297151	ENSG00000164609	SLU7	ENSPKIP00000027244	ENSPKIG00000009367	slu7
ENSP00000534495	ENSG00000172817	CYP7B1	ENSPKIP00000040476	ENSPKIG00000017430	cyp7b1
ENSP00000630336	ENSG00000104324	CPQ	ENSPKIP00000006226	ENSPKIG00000022581	CPQ
ENSP00000338806	ENSG00000102908	NFAT5	ENSPKIP00000028236	ENSPKIG00000009959	nfat5a
ENSP00000620039	ENSG00000219545	UMAD1	ENSPKIP00000029141	ENSPKIG00000010508	umad1
ENSP00000575344	ENSG00000140025	EFCAB11	ENSPKIP00000026719	ENSPKIG00000009091	efcab11
ENSP00000390204	ENSG00000188175	HEPACAM2	ENSPKIP00000013595	ENSPKIG00000000968	hepacam2
ENSP00000489837	ENSG00000259417	CTXND1	ENSPKIP00000041152	ENSPKIG00000017817	
ENSP00000296786	ENSG00000164332	UBLCP1	ENSPKIP00000040583	ENSPKIG00000017480	ublcp1
ENSP00000627983	ENSG00000140557	ST8SIA2	ENSPKIP00000012755	ENSPKIG00000000449	st8sia2
ENSP00000429726	ENSG00000182183	SHISAL2A	ENSPKIP00000030602	ENSPKIG00000011398	SHISAL2A
ENSP00000769528	ENSG00000111245	MYL2	ENSPKIP00000035211	ENSPKIG00000014253	myl10
ENSP00000398401	ENSG00000234545	FAM133B	ENSPKIP00000013490	ENSPKIG00000000908	FAM133B
ENSP00000505214	ENSG00000100749	VRK1	ENSPKIP00000035825	ENSPKIG00000014616	vrk1
ENSP00000356104	ENSG00000162877	PM20D1	ENSPKIP00000031101	ENSPKIG00000011727	pm20d1.2
ENSP00000354483	ENSG00000198842	STYXL2	ENSPKIP00000025551	ENSPKIG00000008386	styxl2
ENSP00000386759	ENSG00000181555	SETD2	ENSPKIP00000011223	ENSPKIG00000018775	setd2
ENSP00000265164	ENSG00000138794	CASP6	ENSPKIP00000034326	ENSPKIG00000013707	casp6b.1
ENSP00000302768	ENSG00000172239	PAIP1	ENSPKIP00000002625	ENSPKIG00000020456	paip1
ENSP00000708476	ENSG00000047249	ATP6V1H	ENSPKIP00000020510	ENSPKIG00000005242	atp6v1h
ENSP00000302935	ENSG00000172349	IL16	ENSPKIP00000041780	ENSPKIG00000018194	IL16
ENSP00000794583	ENSG00000131013	PPIL4	ENSPKIP00000001468	ENSPKIG00000019748	ppil4
ENSP00000254231	ENSG00000131914	LIN28A	ENSPKIP00000019312	ENSPKIG00000004532	lin28aa
ENSP00000627395	ENSG00000164074	ABHD18	ENSPKIP00000021771	ENSPKIG00000006009	abhd18
ENSP00000490026	ENSG00000198954	KIFBP	ENSPKIP00000035776	ENSPKIG00000014592	kifbp
ENSP00000561089	ENSG00000122687	MRM2	ENSPKIP00000028837	ENSPKIG00000010326	mrm2
ENSP00000368872	ENSG00000188487	INSC	ENSPKIP00000007982	ENSPKIG00000023663	INSC
ENSP00000627657	ENSG00000183696	UPP1	ENSPKIP00000011578	ENSPKIG00000018600	upp1
ENSP00000304501	ENSG00000170425	ADORA2B	ENSPKIP00000001113	ENSPKIG00000019530	adora2b
ENSP00000544050	ENSG00000198015	MRPL42	ENSPKIP00000010939	ENSPKIG00000025457	mrpl42
ENSP00000628498	ENSG00000165886	UBTD1	ENSPKIP00000038341	ENSPKIG00000016156	ubtd1b
ENSP00000358293	ENSG00000165813	CCDC186	ENSPKIP00000029149	ENSPKIG00000010489	ccdc186
ENSP00000300557	ENSG00000167183	PRR15L	ENSPKIP00000013188	ENSPKIG00000000717	prr15lb
ENSP00000508579	ENSG00000138606	SHF	ENSPKIP00000037256	ENSPKIG00000015514	SHF
ENSP00000636782	ENSG00000124279	FASTKD3	ENSPKIP00000029390	ENSPKIG00000010662	fastkd3
ENSP00000313199	ENSG00000138668	HNRNPD	ENSPKIP00000011036	ENSPKIG00000025512	hnrnpd
ENSP00000459943	ENSG00000185722	ANKFY1	ENSPKIP00000041211	ENSPKIG00000017845	ankfy1
ENSP00000636783	ENSG00000122912	SLC25A16	ENSPKIP00000027652	ENSPKIG00000009602	slc25a16
ENSP00000550878	ENSG00000090447	TFAP4	ENSPKIP00000022323	ENSPKIG00000006361	TFAP4
ENSP00000516156	ENSG00000166435	XRRA1	ENSPKIP00000011538	ENSPKIG00000018577	xrra1
ENSP00000592814	ENSG00000113643	RARS1	ENSPKIP00000027703	ENSPKIG00000009639	rars1
ENSP00000286574	ENSG00000156076	WIF1	ENSPKIP00000004824	ENSPKIG00000021753	wif1
ENSP00000527376	ENSG00000047579	DTNBP1	ENSPKIP00000041745	ENSPKIG00000018159	dtnbp1a
ENSP00000615757	ENSG00000138002	IFT172	ENSPKIP00000037245	ENSPKIG00000015440	ift172
ENSP00000297613	ENSG00000164967	RPP25L	ENSPKIP00000034965	ENSPKIG00000014101	rpp25l
ENSP00000567264	ENSG00000126883	NUP214	ENSPKIP00000000145	ENSPKIG00000018901	
ENSP00000458350	ENSG00000185298	CCDC137	ENSPKIP00000022023	ENSPKIG00000006197	ccdc137
ENSP00000398665	ENSG00000170011	MYRIP	ENSPKIP00000033788	ENSPKIG00000013371	
ENSP00000304941	ENSG00000168778	TCTN2	ENSPKIP00000007230	ENSPKIG00000023207	tctn2
ENSP00000737076	ENSG00000126215	XRCC3	ENSPKIP00000027271	ENSPKIG00000009412	xrcc3
ENSP00000309595	ENSG00000107815	TWNK	ENSPKIP00000032644	ENSPKIG00000012661	twnk
ENSP00000561167	ENSG00000135372	NAT10	ENSPKIP00000018623	ENSPKIG00000004093	NAT10
ENSP00000596776	ENSG00000133597	ADCK2	ENSPKIP00000023687	ENSPKIG00000007208	adck2
ENSP00000731954	ENSG00000149948	HMGA2	ENSPKIP00000004690	ENSPKIG00000021690	hmga2
ENSP00000523309	ENSG00000147439	BIN3	ENSPKIP00000025067	ENSPKIG00000008022	bin3
ENSP00000343477	ENSG00000020633	RUNX3	ENSPKIP00000025202	ENSPKIG00000008160	runx3
ENSP00000242208	ENSG00000122641	INHBA	ENSPKIP00000019321	ENSPKIG00000004538	INHBA
ENSP00000411010	ENSG00000067334	DNTTIP2	ENSPKIP00000023036	ENSPKIG00000006816	
ENSP00000652751	ENSG00000122678	POLM	ENSPKIP00000027005	ENSPKIG00000009249	polm
ENSP00000597246	ENSG00000127184	COX7C	ENSPKIP00000014832	ENSPKIG00000001757	cox7c
ENSP00000684906	ENSG00000006744	ELAC2	ENSPKIP00000035839	ENSPKIG00000014594	elac2
ENSP00000417122	ENSG00000163689	CFAP20DC	ENSPKIP00000008915	ENSPKIG00000024211	
ENSP00000365522	ENSG00000165118	QNG1	ENSPKIP00000004673	ENSPKIG00000021683	qng1
ENSP00000659867	ENSG00000172426	RSPH9	ENSPKIP00000032854	ENSPKIG00000012795	rsph9
ENSP00000398410	ENSG00000155666	KDM8	ENSPKIP00000014525	ENSPKIG00000001559	kdm8
ENSP00000276925	ENSG00000147883	CDKN2B	ENSPKIP00000040023	ENSPKIG00000017156	
ENSP00000224356	ENSG00000095596	CYP26A1	ENSPKIP00000014028	ENSPKIG00000001238	cyp26a1
ENSP00000741586	ENSG00000169180	XPO6	ENSPKIP00000006221	ENSPKIG00000022550	xpo6
ENSP00000311486	ENSG00000174206	KICS2	ENSPKIP00000003538	ENSPKIG00000021002	kics2
ENSP00000418381	ENSG00000144815	NXPE3	ENSPKIP00000028655	ENSPKIG00000010215	nxpe3
ENSP00000448785	ENSG00000185432	TMT1A	ENSPKIP00000021042	ENSPKIG00000005603	TMT1A
ENSP00000665464	ENSG00000127324	TSPAN8	ENSPKIP00000007017	ENSPKIG00000023069	TSPAN8
ENSP00000403293	ENSG00000156509	FBXO43	ENSPKIP00000039289	ENSPKIG00000016709	FBXO43
ENSP00000521412	ENSG00000166326	TRIM44	ENSPKIP00000012269	ENSPKIG00000000119	trim44
ENSP00000390181	ENSG00000080345	RIF1	ENSPKIP00000018877	ENSPKIG00000004267	rif1
ENSP00000360793	ENSG00000138182	KIF20B	ENSPKIP00000010014	ENSPKIG00000024881	kif20bb
ENSP00000548558	ENSG00000165495	PKNOX2	ENSPKIP00000019530	ENSPKIG00000004642	pknox2
ENSP00000502161	ENSG00000198707	CEP290	ENSPKIP00000008938	ENSPKIG00000024226	cep290
ENSP00000784365	ENSG00000119421	NDUFA8	ENSPKIP00000035658	ENSPKIG00000014521	ndufa8
ENSP00000323046	ENSG00000107371	EXOSC3	ENSPKIP00000012050	ENSPKIG00000025606	exosc3
ENSP00000617260	ENSG00000078070	MCCC1	ENSPKIP00000006413	ENSPKIG00000022682	mccc1
ENSP00000583493	ENSG00000188921	HACD4	ENSPKIP00000012906	ENSPKIG00000000528	hacd4
ENSP00000456480	ENSG00000048471	SNX29	ENSPKIP00000006641	ENSPKIG00000022833	snx29
ENSP00000368341	ENSG00000112183	RBM24	ENSPKIP00000014754	ENSPKIG00000001701	
ENSP00000358718	ENSG00000120051	CFAP58	ENSPKIP00000013047	ENSPKIG00000000602	cfap58
ENSP00000598117	ENSG00000168116	KIAA1586	ENSPKIP00000000672	ENSPKIG00000019245	
ENSP00000337501	ENSG00000053702	NRIP2	ENSPKIP00000026850	ENSPKIG00000009160	nrip2
ENSP00000424123	ENSG00000164181	ELOVL7	ENSPKIP00000041873	ENSPKIG00000018248	ELOVL7
ENSP00000784228	ENSG00000112378	PERP	ENSPKIP00000014560	ENSPKIG00000001596	perp
ENSP00000465213	ENSG00000105171	POP4	ENSPKIP00000019212	ENSPKIG00000004468	pop4
ENSP00000359899	ENSG00000137252	HCRTR2	ENSPKIP00000038045	ENSPKIG00000015988	hcrtr2
ENSP00000374280	ENSG00000137815	RTF1	ENSPKIP00000016124	ENSPKIG00000002581	rtf1
ENSP00000401678	ENSG00000141052	MYOCD	ENSPKIP00000017327	ENSPKIG00000003265	MYOCD
ENSP00000590301	ENSG00000104133	SPG11	ENSPKIP00000027529	ENSPKIG00000009424	spg11
ENSP00000373948	ENSG00000105792	CFAP69	ENSPKIP00000020239	ENSPKIG00000005074	CFAP69
ENSP00000264824	ENSG00000104903	LYL1	ENSPKIP00000029062	ENSPKIG00000010456	
ENSP00000354590	ENSG00000198818	SFT2D1	ENSPKIP00000023365	ENSPKIG00000006967	sft2d1
ENSP00000355506	ENSG00000174371	EXO1	ENSPKIP00000027503	ENSPKIG00000009478	exo1
ENSP00000371294	ENSG00000040531	CTNS	ENSPKIP00000026936	ENSPKIG00000009205	ctns
ENSP00000384088	ENSG00000164654	MIOS	ENSPKIP00000029964	ENSPKIG00000011000	mios
ENSP00000636393	ENSG00000151116	UEVLD	ENSPKIP00000013360	ENSPKIG00000000822	uevld
ENSP00000791757	ENSG00000123240	OPTN	ENSPKIP00000012768	ENSPKIG00000000456	optn
ENSP00000343339	ENSG00000187848	P2RX2	ENSPKIP00000009856	ENSPKIG00000024780	p2rx2
ENSP00000356951	ENSG00000188931	CFAP126	ENSPKIP00000023583	ENSPKIG00000007159	cfap126
ENSP00000638733	ENSG00000079689	SCGN	ENSPKIP00000001696	ENSPKIG00000019887	scgn
ENSP00000320566	ENSG00000071243	ING3	ENSPKIP00000038083	ENSPKIG00000015991	ing3
ENSP00000620766	ENSG00000178038	ALS2CL	ENSPKIP00000000048	ENSPKIG00000018860	ALS2CL
ENSP00000298310	ENSG00000165525	NEMF	ENSPKIP00000008057	ENSPKIG00000023715	
ENSP00000342162	ENSG00000188051	TMEM221	ENSPKIP00000009023	ENSPKIG00000024288	tmem221
ENSP00000309644	ENSG00000145919	BOD1	ENSPKIP00000026512	ENSPKIG00000008972	bod1
ENSP00000419712	ENSG00000187616	MYMK	ENSPKIP00000020984	ENSPKIG00000005555	mymk
ENSP00000562252	ENSG00000196937	FAM3C	ENSPKIP00000039462	ENSPKIG00000016789	
ENSP00000341952	ENSG00000103253	HAGHL	ENSPKIP00000012077	ENSPKIG00000025653	HAGHL
ENSP00000532639	ENSG00000164253	WDR41	ENSPKIP00000041517	ENSPKIG00000018046	wdr41
ENSP00000438040	ENSG00000123106	CCDC91	ENSPKIP00000000121	ENSPKIG00000018895	
ENSP00000298048	ENSG00000165304	MELK	ENSPKIP00000032622	ENSPKIG00000012654	melk
ENSP00000355580	ENSG00000135750	KCNK1	ENSPKIP00000039162	ENSPKIG00000016633	kcnk1b
ENSP00000502327	ENSG00000104381	GDAP1	ENSPKIP00000022551	ENSPKIG00000006510	gdap1
ENSP00000551439	ENSG00000166068	SPRED1	ENSPKIP00000006173	ENSPKIG00000022559	spred1
ENSP00000381150	ENSG00000214309	MBLAC1	ENSPKIP00000013827	ENSPKIG00000001117	mblac1
ENSP00000260563	ENSG00000137996	RTCA	ENSPKIP00000014667	ENSPKIG00000001653	rtca
ENSP00000553265	ENSG00000005020	SKAP2	ENSPKIP00000027296	ENSPKIG00000009409	skap2
ENSP00000267622	ENSG00000100815	TRIP11	ENSPKIP00000016250	ENSPKIG00000002652	trip11
ENSP00000316176	ENSG00000177889	UBE2N	ENSPKIP00000041574	ENSPKIG00000018073	
ENSP00000539778	ENSG00000129295	DNAAF11	ENSPKIP00000023729	ENSPKIG00000007235	dnaaf11
ENSP00000362466	ENSG00000072080	SPP2	ENSPKIP00000017024	ENSPKIG00000003117	
ENSP00000173527	ENSG00000066583	ISOC1	ENSPKIP00000003949	ENSPKIG00000021245	isoc1
ENSP00000574643	ENSG00000183258	DDX41	ENSPKIP00000024483	ENSPKIG00000007704	DDX41
ENSP00000578100	ENSG00000168090	COPS6	ENSPKIP00000001199	ENSPKIG00000019588	COPS6
ENSP00000368737	ENSG00000205269	TMEM170B	ENSPKIP00000018127	ENSPKIG00000003794	tmem170b
ENSP00000330433	ENSG00000184277	TM2D3	ENSPKIP00000002015	ENSPKIG00000020067	tm2d3
ENSP00000293771	ENSG00000161914	ZNF653	ENSPKIP00000026076	ENSPKIG00000008708	znf653
ENSP00000298352	ENSG00000165553	NGB	ENSPKIP00000015133	ENSPKIG00000001955	ngb
ENSP00000502526	ENSG00000185942	NKAIN3	ENSPKIP00000025550	ENSPKIG00000008379	NKAIN3
ENSP00000451131	ENSG00000139865	TTC6	ENSPKIP00000036905	ENSPKIG00000015307	
ENSP00000773948	ENSG00000205423	CNEP1R1	ENSPKIP00000020187	ENSPKIG00000005054	cnep1r1
ENSP00000563634	ENSG00000123219	CENPK	ENSPKIP00000014503	ENSPKIG00000001546	cenpk
ENSP00000567749	ENSG00000115484	CCT4	ENSPKIP00000021091	ENSPKIG00000005618	cct4
ENSP00000581829	ENSG00000092203	TOX4	ENSPKIP00000030433	ENSPKIG00000011252	tox4b
ENSP00000673478	ENSG00000109084	TMEM97	ENSPKIP00000031158	ENSPKIG00000011756	tmem97
ENSP00000250340	ENSG00000105472	CLEC11A	ENSPKIP00000037398	ENSPKIG00000015602	clec11a
ENSP00000599777	ENSG00000105662	CRTC1	ENSPKIP00000023057	ENSPKIG00000006807	crtc1b
ENSP00000764941	ENSG00000108443	RPS6KB1	ENSPKIP00000002091	ENSPKIG00000020084	rps6kb1a
ENSP00000520721	ENSG00000185787	MORF4L1	ENSPKIP00000038543	ENSPKIG00000016253	morf4l1
ENSP00000389709	ENSG00000178222	RNF212	ENSPKIP00000022798	ENSPKIG00000006667	rnf212
ENSP00000799811	ENSG00000154582	ELOC	ENSPKIP00000022651	ENSPKIG00000006568	elocb
ENSP00000498228	ENSG00000127252	PLAAT1	ENSPKIP00000013947	ENSPKIG00000001183	plaat1
ENSP00000387100	ENSG00000176058	TPRN	ENSPKIP00000040492	ENSPKIG00000017441	tprn
ENSP00000349677	ENSG00000196104	SPOCK3	ENSPKIP00000004585	ENSPKIG00000021579	spock3
ENSP00000519256	ENSG00000167985	SDHAF2	ENSPKIP00000041597	ENSPKIG00000018087	SDHAF2
ENSP00000479255	ENSG00000176087	SLC35A4	ENSPKIP00000027676	ENSPKIG00000009634	SLC35A4
ENSP00000323816	ENSG00000063438	AHRR	ENSPKIP00000014131	ENSPKIG00000001317	AHRR
ENSP00000385118	ENSG00000184838	PRR16	ENSPKIP00000041394	ENSPKIG00000017969	prr16
ENSP00000575633	ENSG00000107020	PLGRKT	ENSPKIP00000003428	ENSPKIG00000020935	plgrkt
ENSP00000784181	ENSG00000182934	SRPRA	ENSPKIP00000038278	ENSPKIG00000016106	srpra
ENSP00000356113	ENSG00000158715	SLC45A3	ENSPKIP00000040067	ENSPKIG00000017181	zgc:77158
ENSP00000296266	ENSG00000163913	IFT122	ENSPKIP00000031956	ENSPKIG00000012198	IFT122
ENSP00000345477	ENSG00000157350	ST3GAL2	ENSPKIP00000016181	ENSPKIG00000002618	st3gal2
ENSP00000282670	ENSG00000152760	DYNLT5	ENSPKIP00000000132	ENSPKIG00000018906	dynlt5
ENSP00000262053	ENSG00000123268	ATF1	ENSPKIP00000021072	ENSPKIG00000005615	atf1
ENSP00000585716	ENSG00000150768	DLAT	ENSPKIP00000026713	ENSPKIG00000009080	dlat
ENSP00000602965	ENSG00000142937	RPS8	ENSPKIP00000029269	ENSPKIG00000010571	rps8a
ENSP00000558092	ENSG00000138686	BBS7	ENSPKIP00000034585	ENSPKIG00000013836	bbs7
ENSP00000705516	ENSG00000148735	PLEKHS1	ENSPKIP00000028785	ENSPKIG00000010276	plekhs1.3
ENSP00000332062	ENSG00000167208	SNX20	ENSPKIP00000020672	ENSPKIG00000005366	snx20
ENSP00000493462	ENSG00000061987	MON2	ENSPKIP00000003902	ENSPKIG00000021175	mon2
ENSP00000320543	ENSG00000072134	EPN2	ENSPKIP00000040749	ENSPKIG00000017596	epn2
ENSP00000631445	ENSG00000203867	RBM20	ENSPKIP00000040364	ENSPKIG00000017337	RBM20
ENSP00000705306	ENSG00000134056	KGD4	ENSPKIP00000000008	ENSPKIG00000018821	kgd4
ENSP00000333947	ENSG00000182022	CHST15	ENSPKIP00000017463	ENSPKIG00000003364	CHST15
ENSP00000422708	ENSG00000173221	GLRX	ENSPKIP00000039424	ENSPKIG00000016780	glrx
ENSP00000554756	ENSG00000025796	SEC63	ENSPKIP00000032852	ENSPKIG00000012759	sec63
ENSP00000380172	ENSG00000187699	AKAP19	ENSPKIP00000027358	ENSPKIG00000009458	
ENSP00000320180	ENSG00000106128	GHRHR	ENSPKIP00000017314	ENSPKIG00000003111	GHRHR
ENSP00000507278	ENSG00000163749	CCDC158	ENSPKIP00000009176	ENSPKIG00000024385	
ENSP00000782902	ENSG00000121988	ZRANB3	ENSPKIP00000030475	ENSPKIG00000011277	zranb3
ENSP00000361602	ENSG00000165655	ZNF503	ENSPKIP00000026899	ENSPKIG00000009190	ZNF503
ENSP00000306324	ENSG00000171813	PWWP2B	ENSPKIP00000011502	ENSPKIG00000018566	pwwp2b
ENSP00000400333	ENSG00000143376	SNX27	ENSPKIP00000035304	ENSPKIG00000014279	snx27a
ENSP00000585104	ENSG00000166197	NOLC1	ENSPKIP00000022565	ENSPKIG00000006522	nolc1
ENSP00000512444	ENSG00000134086	VHL	ENSPKIP00000041964	ENSPKIG00000018315	
ENSP00000550139	ENSG00000067560	RHOA	ENSPKIP00000033584	ENSPKIG00000013242	
ENSP00000698922	ENSG00000103043	VAC14	ENSPKIP00000030699	ENSPKIG00000011459	vac14
ENSP00000382091	ENSG00000091542	ALKBH5	ENSPKIP00000034552	ENSPKIG00000013829	ALKBH5
ENSP00000620119	ENSG00000106366	SERPINE1	ENSPKIP00000020468	ENSPKIG00000005233	serpine1
ENSP00000569968	ENSG00000179387	ELMOD2	ENSPKIP00000036453	ENSPKIG00000015008	elmod2
ENSP00000751003	ENSG00000128534	LSM8	ENSPKIP00000021863	ENSPKIG00000006092	LSM8
ENSP00000677211	ENSG00000164347	GFM2	ENSPKIP00000000100	ENSPKIG00000018878	GFM2
ENSP00000399233	ENSG00000093144	ECHDC1	ENSPKIP00000005871	ENSPKIG00000022379	ECHDC1
ENSP00000303928	ENSG00000170871	KIAA0232	ENSPKIP00000034742	ENSPKIG00000013956	kiaa0232
ENSP00000648332	ENSG00000095906	NUBP2	ENSPKIP00000025710	ENSPKIG00000008473	NUBP2
ENSP00000423190	ENSG00000109576	AADAT	ENSPKIP00000037901	ENSPKIG00000015890	aadat
ENSP00000480703	ENSG00000076351	SLC46A1	ENSPKIP00000029751	ENSPKIG00000010879	slc46a1
ENSP00000339467	ENSG00000177105	RHOG	ENSPKIP00000027826	ENSPKIG00000009718	RHOG
ENSP00000493790	ENSG00000131951	LRRC9	ENSPKIP00000041328	ENSPKIG00000017888	LRRC9
ENSP00000614819	ENSG00000122180	MYOG	ENSPKIP00000020320	ENSPKIG00000005145	myog
ENSP00000789892	ENSG00000177697	CD151	ENSPKIP00000000113	ENSPKIG00000018897	cd151l
ENSP00000355512	ENSG00000054277	OPN3	ENSPKIP00000038435	ENSPKIG00000016215	opn3
ENSP00000515615	ENSG00000136238	RAC1	ENSPKIP00000037181	ENSPKIG00000015464	RAC1
ENSP00000295379	ENSG00000163217	BMP10	ENSPKIP00000015231	ENSPKIG00000002020	bmp10
ENSP00000646717	ENSG00000140968	IRF8	ENSPKIP00000012540	ENSPKIG00000000299	irf8
ENSP00000272223	ENSG00000143867	OSR1	ENSPKIP00000005515	ENSPKIG00000022160	osr1
ENSP00000543903	ENSG00000124532	MRS2	ENSPKIP00000000570	ENSPKIG00000019173	mrs2
ENSP00000788530	ENSG00000185619	PCGF3	ENSPKIP00000038180	ENSPKIG00000016052	PCGF3
ENSP00000411012	ENSG00000035681	NSMAF	ENSPKIP00000028360	ENSPKIG00000010003	nsmaf
ENSP00000381821	ENSG00000090238	YPEL3	ENSPKIP00000015517	ENSPKIG00000002210	ypel3
ENSP00000760827	ENSG00000138138	ATAD1	ENSPKIP00000010303	ENSPKIG00000025074	atad1b
ENSP00000440167	ENSG00000146955	RAB19	ENSPKIP00000013182	ENSPKIG00000000707	RAB19
ENSP00000257940	ENSG00000135482	ZC3H10	ENSPKIP00000023581	ENSPKIG00000007158	zc3h10
ENSP00000296657	ENSG00000164236	ANKRD33B	ENSPKIP00000021282	ENSPKIG00000005755	ankrd33ba
ENSP00000580016	ENSG00000145708	CRHBP	ENSPKIP00000041824	ENSPKIG00000018218	crhbp
ENSP00000240364	ENSG00000121104	FAM117A	ENSPKIP00000016964	ENSPKIG00000003060	fam117ab
ENSP00000591450	ENSG00000157823	AP3S2	ENSPKIP00000002364	ENSPKIG00000020282	ap3s2
ENSP00000357425	ENSG00000172594	SMPDL3A	ENSPKIP00000033694	ENSPKIG00000013305	smpdl3a
ENSP00000388920	ENSG00000182552	RWDD4	ENSPKIP00000023711	ENSPKIG00000007232	rwdd
ENSP00000520490	ENSG00000293600		ENSPKIP00000001003	ENSPKIG00000019455	
ENSP00000470252	ENSG00000196235	SUPT5H	ENSPKIP00000022196	ENSPKIG00000006261	supt5h
ENSP00000225719	ENSG00000108582	CPD	ENSPKIP00000029331	ENSPKIG00000010546	cpda
ENSP00000648586	ENSG00000137656	BUD13	ENSPKIP00000038037	ENSPKIG00000015986	bud13
ENSP00000368468	ENSG00000050393	MCUR1	ENSPKIP00000041041	ENSPKIG00000017770	mcur1
ENSP00000328818	ENSG00000183484	GPR132	ENSPKIP00000021638	ENSPKIG00000005968	gpr132b
ENSP00000613369	ENSG00000167799	NUDT8	ENSPKIP00000013265	ENSPKIG00000000764	nudt8
ENSP00000759146	ENSG00000108963	DPH1	ENSPKIP00000025164	ENSPKIG00000008137	dph1
ENSP00000261249	ENSG00000126814	TRMT5	ENSPKIP00000041787	ENSPKIG00000018196	TRMT5
ENSP00000376374	ENSG00000151500	THYN1	ENSPKIP00000018670	ENSPKIG00000004157	thyn1
ENSP00000363015	ENSG00000117748	RPA2	ENSPKIP00000019085	ENSPKIG00000004392	rpa2
ENSP00000765471	ENSG00000106153	CHCHD2	ENSPKIP00000022074	ENSPKIG00000006219	chchd2
ENSP00000244769	ENSG00000124788	ATXN1	ENSPKIP00000016932	ENSPKIG00000003054	atxn1a
ENSP00000507772	ENSG00000135709	KIAA0513	ENSPKIP00000018501	ENSPKIG00000003996	kiaa0513
ENSP00000692272	ENSG00000205476	CCDC85C	ENSPKIP00000036039	ENSPKIG00000014752	ccdc85ca
ENSP00000713872	ENSG00000119638	NEK9	ENSPKIP00000016358	ENSPKIG00000002696	NEK9
ENSP00000352540	ENSG00000213853	EMP2	ENSPKIP00000011275	ENSPKIG00000018436	emp2
ENSP00000297157	ENSG00000164610	RP9	ENSPKIP00000012942	ENSPKIG00000000552	rp9
ENSP00000593747	ENSG00000054116	TRAPPC3	ENSPKIP00000008638	ENSPKIG00000024048	trappc3
ENSP00000610327	ENSG00000166788	SAAL1	ENSPKIP00000002551	ENSPKIG00000020375	saal1
ENSP00000633076	ENSG00000128050	PAICS	ENSPKIP00000026217	ENSPKIG00000008784	paics
ENSP00000361180	ENSG00000148308	GTF3C5	ENSPKIP00000024316	ENSPKIG00000007611	gtf3c5
ENSP00000240651	ENSG00000121350	PYROXD1	ENSPKIP00000025181	ENSPKIG00000008141	pyroxd1
ENSP00000673234	ENSG00000004142	POLDIP2	ENSPKIP00000004136	ENSPKIG00000021351	poldip2
ENSP00000282728	ENSG00000152804	HHEX	ENSPKIP00000014387	ENSPKIG00000001463	HHEX
ENSP00000532077	ENSG00000113194	FAF2	ENSPKIP00000006499	ENSPKIG00000022745	faf2
ENSP00000446093	ENSG00000130640	TUBGCP2	ENSPKIP00000012686	ENSPKIG00000000389	tubgcp2
ENSP00000271375	ENSG00000213064	SFT2D2	ENSPKIP00000005718	ENSPKIG00000022280	sft2d2a
ENSP00000770712	ENSG00000198755	RPL10A	ENSPKIP00000038706	ENSPKIG00000016374	rpl10a
ENSP00000789605	ENSG00000198732	SMOC1	ENSPKIP00000017671	ENSPKIG00000003464	smoc1
ENSP00000394178	ENSG00000170417	TMEM182	ENSPKIP00000029308	ENSPKIG00000010605	tmem182a
ENSP00000521941	ENSG00000185324	CDK10	ENSPKIP00000002873	ENSPKIG00000020585	cdk10
ENSP00000356202	ENSG00000112031	MTRF1L	ENSPKIP00000003416	ENSPKIG00000020934	mtrf1l
ENSP00000233331	ENSG00000115274	INO80B	ENSPKIP00000037827	ENSPKIG00000015858	ino80b
ENSP00000533186	ENSG00000134262	AP4B1	ENSPKIP00000031684	ENSPKIG00000012057	ap4b1
ENSP00000336655	ENSG00000266173	STRADA	ENSPKIP00000039588	ENSPKIG00000016871	strada
ENSP00000374529	ENSG00000090061	CCNK	ENSPKIP00000035973	ENSPKIG00000014721	CCNK
ENSP00000569708	ENSG00000085871	MGST2	ENSPKIP00000033200	ENSPKIG00000012999	mgst2
ENSP00000463027	ENSG00000266412	NCOA4	ENSPKIP00000016389	ENSPKIG00000002720	ncoa4
ENSP00000484644	ENSG00000128965	CHAC1	ENSPKIP00000013207	ENSPKIG00000000730	chac1
ENSP00000543503	ENSG00000196405	EVL	ENSPKIP00000034752	ENSPKIG00000013969	evlb
ENSP00000290271	ENSG00000159167	STC1	ENSPKIP00000009699	ENSPKIG00000024706	stc1
ENSP00000263921	ENSG00000109220	CHIC2	ENSPKIP00000038149	ENSPKIG00000016044	chic2
ENSP00000763905	ENSG00000168081	PNOC	ENSPKIP00000041287	ENSPKIG00000017904	
ENSP00000315017	ENSG00000169288	MRPL1	ENSPKIP00000000751	ENSPKIG00000019299	mrpl1
ENSP00000681830	ENSG00000014164	ZC3H3	ENSPKIP00000016745	ENSPKIG00000002936	zc3h3
ENSP00000593924	ENSG00000146350	TBC1D32	ENSPKIP00000034408	ENSPKIG00000013747	tbc1d32
ENSP00000227163	ENSG00000066336	SPI1	ENSPKIP00000013430	ENSPKIG00000000872	spi1b
ENSP00000546692	ENSG00000162426	SLC45A1	ENSPKIP00000034107	ENSPKIG00000013561	slc45a1
ENSP00000394770	ENSG00000164309	CMYA5	ENSPKIP00000037421	ENSPKIG00000015594	cmya5
ENSP00000384420	ENSG00000149131	SERPING1	ENSPKIP00000009835	ENSPKIG00000024786	serping1
ENSP00000355866	ENSG00000143507	DUSP10	ENSPKIP00000015085	ENSPKIG00000001920	dusp10
ENSP00000559726	ENSG00000102575	ACP5	ENSPKIP00000025658	ENSPKIG00000008444	acp5a
ENSP00000640838	ENSG00000135521	LTV1	ENSPKIP00000021744	ENSPKIG00000006014	ltv1
ENSP00000387262	ENSG00000132305	IMMT	ENSPKIP00000021323	ENSPKIG00000005697	immt
ENSP00000769843	ENSG00000249915	PDCD6	ENSPKIP00000024526	ENSPKIG00000007739	PDCD6
ENSP00000546867	ENSG00000100916	BRMS1L	ENSPKIP00000027393	ENSPKIG00000009472	brms1la
ENSP00000378803	ENSG00000137819	PAQR5	ENSPKIP00000027422	ENSPKIG00000009491	PAQR6
ENSP00000594364	ENSG00000095380	NANS	ENSPKIP00000011367	ENSPKIG00000018490	nansa
ENSP00000307449	ENSG00000103154	NECAB2	ENSPKIP00000013225	ENSPKIG00000000740	necab2
ENSP00000630166	ENSG00000148795	CYP17A1	ENSPKIP00000014054	ENSPKIG00000001260	cyp17a1
ENSP00000428361	ENSG00000165066	NKX6-3	ENSPKIP00000023108	ENSPKIG00000006868	nkx6.3
ENSP00000297579	ENSG00000164934	DCAF13	ENSPKIP00000040557	ENSPKIG00000017471	dcaf13
ENSP00000234626	ENSG00000097046	CDC7	ENSPKIP00000018352	ENSPKIG00000003934	cdc7
ENSP00000313933	ENSG00000112624	BICRAL	ENSPKIP00000017336	ENSPKIG00000003292	bicral
ENSP00000474807	ENSG00000196422	PPP1R26	ENSPKIP00000019157	ENSPKIG00000004442	
ENSP00000356214	ENSG00000120279	MYCT1	ENSPKIP00000008125	ENSPKIG00000023763	myct1a
ENSP00000558451	ENSG00000166391	MOGAT2	ENSPKIP00000034119	ENSPKIG00000013578	mogat2
ENSP00000606466	ENSG00000136933	RABEPK	ENSPKIP00000020407	ENSPKIG00000005203	rabepk
ENSP00000536769	ENSG00000165644	COMTD1	ENSPKIP00000026920	ENSPKIG00000009199	comtd1a
ENSP00000299427	ENSG00000166340	TPP1	ENSPKIP00000007422	ENSPKIG00000023305	tpp1
ENSP00000495686	ENSG00000001084	GCLC	ENSPKIP00000037673	ENSPKIG00000015736	gclc
ENSP00000602115	ENSG00000160949	TONSL	ENSPKIP00000012752	ENSPKIG00000000446	tonsl
ENSP00000322316	ENSG00000167186	COQ7	ENSPKIP00000029479	ENSPKIG00000010695	COQ7
ENSP00000799709	ENSG00000165152	PGAP4	ENSPKIP00000000326	ENSPKIG00000019039	pgap4
ENSP00000356780	ENSG00000117477	CCDC181	ENSPKIP00000025025	ENSPKIG00000008047	ccdc181
ENSP00000416951	ENSG00000158545	ZC3H18	ENSPKIP00000017948	ENSPKIG00000003664	zc3h18
ENSP00000537449	ENSG00000108828	VAT1	ENSPKIP00000003259	ENSPKIG00000020842	VAT1
ENSP00000287380	ENSG00000156787	TBC1D31	ENSPKIP00000011705	ENSPKIG00000018687	tbc1d31
ENSP00000598228	ENSG00000136888	ATP6V1G1	ENSPKIP00000040344	ENSPKIG00000017345	atp6v1g1
ENSP00000424372	ENSG00000123552	USP45	ENSPKIP00000006756	ENSPKIG00000022877	usp45
ENSP00000583073	ENSG00000256525	POLG2	ENSPKIP00000023097	ENSPKIG00000006859	polg2
ENSP00000649331	ENSG00000139990	DCAF5	ENSPKIP00000014837	ENSPKIG00000001762	dcaf5
ENSP00000565874	ENSG00000090530	P3H2	ENSPKIP00000027075	ENSPKIG00000009290	p3h3
ENSP00000395605	ENSG00000103202	NME4	ENSPKIP00000022269	ENSPKIG00000006351	nme4
ENSP00000503853	ENSG00000130816	DNMT1	ENSPKIP00000028718	ENSPKIG00000010235	dnmt1
ENSP00000294702	ENSG00000162676	GFI1	ENSPKIP00000018954	ENSPKIG00000004263	gfi1ab
ENSP00000320709	ENSG00000181092	ADIPOQ	ENSPKIP00000034678	ENSPKIG00000013924	adipoqb
ENSP00000311219	ENSG00000213186	TRIM59	ENSPKIP00000027964	ENSPKIG00000009803	trim59
ENSP00000620636	ENSG00000107672	NSMCE4A	ENSPKIP00000003717	ENSPKIG00000021110	nsmce4a
ENSP00000551965	ENSG00000113391	ARB2A	ENSPKIP00000032096	ENSPKIG00000012314	arb2a
ENSP00000452037	ENSG00000119661	DNAL1	ENSPKIP00000033823	ENSPKIG00000013385	si:dkey-84k17.3
ENSP00000309640	ENSG00000173950	XXYLT1	ENSPKIP00000016582	ENSPKIG00000002844	xxylt1
ENSP00000354461	ENSG00000198324	PHETA1	ENSPKIP00000013696	ENSPKIG00000001042	pheta1
ENSP00000265440	ENSG00000105967	TFEC	ENSPKIP00000011451	ENSPKIG00000018525	tfec
ENSP00000413496	ENSG00000114279	FGF12	ENSPKIP00000032953	ENSPKIG00000012832	fgf12a
ENSP00000450749	ENSG00000050130	JKAMP	ENSPKIP00000040355	ENSPKIG00000017351	jkamp
ENSP00000418001	ENSG00000175066	GK5	ENSPKIP00000031497	ENSPKIG00000011960	gk5
ENSP00000514016	ENSG00000145949	MYLK4	ENSPKIP00000026880	ENSPKIG00000009177	mylk4b
ENSP00000794112	ENSG00000129691	ASH2L	ENSPKIP00000000775	ENSPKIG00000019252	ash2l
ENSP00000370748	ENSG00000067064	IDI1	ENSPKIP00000031996	ENSPKIG00000012252	
ENSP00000540971	ENSG00000131148	EMC8	ENSPKIP00000012575	ENSPKIG00000000324	emc8
ENSP00000286307	ENSG00000155858	LSM11	ENSPKIP00000015799	ENSPKIG00000002386	lsm11
ENSP00000421669	ENSG00000164338	UTP15	ENSPKIP00000000908	ENSPKIG00000019386	utp15
ENSP00000362994	ENSG00000056558	TRAF1	ENSPKIP00000001715	ENSPKIG00000019901	traf1
ENSP00000500264	ENSG00000106633	GCK	ENSPKIP00000000446	ENSPKIG00000019104	gck
ENSP00000378145	ENSG00000005059	MCUB	ENSPKIP00000033063	ENSPKIG00000012909	
ENSP00000559096	ENSG00000196284	SUPT3H	ENSPKIP00000036955	ENSPKIG00000015333	supt3h
ENSP00000379353	ENSG00000111728	ST8SIA1	ENSPKIP00000027459	ENSPKIG00000009498	st8sia1
ENSP00000216446	ENSG00000100558	PLEK2	ENSPKIP00000016479	ENSPKIG00000002789	plek2
ENSP00000580716	ENSG00000041880	PARP3	ENSPKIP00000019589	ENSPKIG00000004678	parp3
ENSP00000356655	ENSG00000203734	ECT2L	ENSPKIP00000020755	ENSPKIG00000005402	ect2l
ENSP00000488055	ENSG00000033030	ZCCHC8	ENSPKIP00000016355	ENSPKIG00000002641	zcchc8
ENSP00000523375	ENSG00000164849	GPR146	ENSPKIP00000023154	ENSPKIG00000006900	
ENSP00000593291	ENSG00000175985	PLEKHD1	ENSPKIP00000017478	ENSPKIG00000003360	plekhd1
ENSP00000377055	ENSG00000137509	PRCP	ENSPKIP00000005500	ENSPKIG00000022148	prcp
ENSP00000681731	ENSG00000151893	CACUL1	ENSPKIP00000020147	ENSPKIG00000005023	cacul1
ENSP00000206474	ENSG00000092036	HAUS4	ENSPKIP00000020326	ENSPKIG00000005146	haus4
ENSP00000569805	ENSG00000164896	FASTK	ENSPKIP00000025593	ENSPKIG00000008408	fastk
ENSP00000510753	ENSG00000118873	RAB3GAP2	ENSPKIP00000006097	ENSPKIG00000022482	rab3gap2
ENSP00000529802	ENSG00000010626	LRRC23	ENSPKIP00000023875	ENSPKIG00000007338	lrrc23
ENSP00000496942	ENSG00000171135	JAGN1	ENSPKIP00000032292	ENSPKIG00000012451	jagn1b
ENSP00000799810	ENSG00000136521	NDUFB5	ENSPKIP00000013772	ENSPKIG00000001082	ndufb5
ENSP00000596165	ENSG00000167113	COQ4	ENSPKIP00000001393	ENSPKIG00000019707	COQ4
ENSP00000497078	ENSG00000138069	RAB1A	ENSPKIP00000019635	ENSPKIG00000004714	rab1ab
ENSP00000596126	ENSG00000105176	URI1	ENSPKIP00000018993	ENSPKIG00000004345	uri1
ENSP00000632054	ENSG00000145244	CORIN	ENSPKIP00000041566	ENSPKIG00000018057	corin
ENSP00000332592	ENSG00000144451	SPAG16	ENSPKIP00000037106	ENSPKIG00000015427	
ENSP00000536765	ENSG00000130193	THEM6	ENSPKIP00000015753	ENSPKIG00000002358	them6
ENSP00000542827	ENSG00000142186	SCYL1	ENSPKIP00000026454	ENSPKIG00000008898	scyl1
ENSP00000273352	ENSG00000144820	ADGRG7	ENSPKIP00000018080	ENSPKIG00000003774	
ENSP00000295628	ENSG00000163428	LRRC58	ENSPKIP00000026559	ENSPKIG00000008994	LRRC58
ENSP00000337839	ENSG00000147905	ZCCHC7	ENSPKIP00000032866	ENSPKIG00000012787	zcchc7
ENSP00000361160	ENSG00000107771	CCSER2	ENSPKIP00000013019	ENSPKIG00000000607	ccser2a
ENSP00000524345	ENSG00000070367	EXOC5	ENSPKIP00000014623	ENSPKIG00000001619	exoc5
ENSP00000354919	ENSG00000197415	VEPH1	ENSPKIP00000009426	ENSPKIG00000024540	veph1
ENSP00000526602	ENSG00000167874	TMEM88	ENSPKIP00000013049	ENSPKIG00000000630	
ENSP00000766267	ENSG00000105246	EBI3	ENSPKIP00000026600	ENSPKIG00000009019	ebi3
ENSP00000641362	ENSG00000198894	CIPC	ENSPKIP00000014923	ENSPKIG00000001821	cipca
ENSP00000360296	ENSG00000162407	PLPP3	ENSPKIP00000015269	ENSPKIG00000002028	PLPP3
ENSP00000425107	ENSG00000145782	ATG12	ENSPKIP00000014787	ENSPKIG00000001735	atg12
ENSP00000402674	ENSG00000237452	MEIOSIN	ENSPKIP00000029782	ENSPKIG00000010897	
ENSP00000650959	ENSG00000161091	MFSD12	ENSPKIP00000038724	ENSPKIG00000016382	mfsd12a
ENSP00000328079	ENSG00000185798	WDR53	ENSPKIP00000028878	ENSPKIG00000010346	wdr53
ENSP00000623751	ENSG00000108679	LGALS3BP	ENSPKIP00000024648	ENSPKIG00000007816	lgals3bp.2
ENSP00000590371	ENSG00000062650	WAPL	ENSPKIP00000016510	ENSPKIG00000002803	waplb
ENSP00000272091	ENSG00000143751	SDE2	ENSPKIP00000005710	ENSPKIG00000022275	
ENSP00000341268	ENSG00000102871	TRADD	ENSPKIP00000015009	ENSPKIG00000001865	tradd
ENSP00000252102	ENSG00000131495	NDUFA2	ENSPKIP00000002715	ENSPKIG00000020504	ndufa2
ENSP00000628142	ENSG00000103121	CMC2	ENSPKIP00000013105	ENSPKIG00000000667	cmc2
ENSP00000572472	ENSG00000137274	BPHL	ENSPKIP00000026127	ENSPKIG00000008728	BPHL
ENSP00000307786	ENSG00000172115	CYCS	ENSPKIP00000001734	ENSPKIG00000019914	cycsb
ENSP00000343867	ENSG00000148187	MRRF	ENSPKIP00000020722	ENSPKIG00000005396	mrrf
ENSP00000588408	ENSG00000105948	IFT56	ENSPKIP00000022908	ENSPKIG00000006719	ift56
ENSP00000379836	ENSG00000145740	SLC30A5	ENSPKIP00000011168	ENSPKIG00000025580	slc30a5
ENSP00000515947	ENSG00000131773	KHDRBS3	ENSPKIP00000015884	ENSPKIG00000002433	KHDRBS3
ENSP00000295297	ENSG00000163145	C1QTNF7	ENSPKIP00000022298	ENSPKIG00000006363	c1qtnf7
ENSP00000627822	ENSG00000165996	HACD1	ENSPKIP00000029882	ENSPKIG00000010955	hacd1
ENSP00000468733	ENSG00000105518	TMEM205	ENSPKIP00000024195	ENSPKIG00000007544	tmem205
ENSP00000571111	ENSG00000119777	TMEM214	ENSPKIP00000033671	ENSPKIG00000013296	tmem214
ENSP00000707420	ENSG00000134020	PEBP4	ENSPKIP00000025135	ENSPKIG00000008120	PEBP4
ENSP00000384966	ENSG00000184903	IMMP2L	ENSPKIP00000029887	ENSPKIG00000010962	immp2l
ENSP00000548260	ENSG00000146729	NIPSNAP2	ENSPKIP00000042037	ENSPKIG00000018371	NIPSNAP2
ENSP00000356179	ENSG00000058673	ZC3H11A	ENSPKIP00000033877	ENSPKIG00000013419	zc3h11a
ENSP00000359292	ENSG00000119906	SLF2	ENSPKIP00000026708	ENSPKIG00000009055	
ENSP00000616379	ENSG00000107130	NCS1	ENSPKIP00000012675	ENSPKIG00000000393	ncs1a
ENSP00000314776	ENSG00000176055	MBLAC2	ENSPKIP00000032790	ENSPKIG00000012746	mblac2
ENSP00000166345	ENSG00000071539	TRIP13	ENSPKIP00000001047	ENSPKIG00000019468	trip13
ENSP00000793960	ENSG00000137413	TAF8	ENSPKIP00000036913	ENSPKIG00000015306	taf8
ENSP00000438863	ENSG00000065600	PACC1	ENSPKIP00000001703	ENSPKIG00000019895	pacc1
ENSP00000726912	ENSG00000014919	COX15	ENSPKIP00000024794	ENSPKIG00000007901	cox15
ENSP00000522833	ENSG00000134697	GNL2	ENSPKIP00000020780	ENSPKIG00000005438	gnl2
ENSP00000261438	ENSG00000109787	KLF3	ENSPKIP00000018314	ENSPKIG00000003917	klf3
ENSP00000454360	ENSG00000169682	SPNS1	ENSPKIP00000011728	ENSPKIG00000018690	spns1
ENSP00000581783	ENSG00000253729	PRKDC	ENSPKIP00000032643	ENSPKIG00000012565	prkdc
ENSP00000378221	ENSG00000138785	INTS12	ENSPKIP00000031646	ENSPKIG00000012046	ints12
ENSP00000516492	ENSG00000140092	FBLN5	ENSPKIP00000016326	ENSPKIG00000002688	fbln5
ENSP00000278175	ENSG00000148926	ADM	ENSPKIP00000006869	ENSPKIG00000022984	
ENSP00000569489	ENSG00000213281	NRAS	ENSPKIP00000027291	ENSPKIG00000009416	nras
ENSP00000569383	ENSG00000112695	COX7A2	ENSPKIP00000001567	ENSPKIG00000019811	COX7A2
ENSP00000263370	ENSG00000086544	ITPKC	ENSPKIP00000030971	ENSPKIG00000011642	itpkca
ENSP00000588564	ENSG00000011426	ANLN	ENSPKIP00000028769	ENSPKIG00000010284	anln
ENSP00000593330	ENSG00000229833	PET100	ENSPKIP00000035962	ENSPKIG00000014713	pet100
ENSP00000640252	ENSG00000167930	FAM234A	ENSPKIP00000002300	ENSPKIG00000020248	
ENSP00000630196	ENSG00000112419	PHACTR2	ENSPKIP00000021695	ENSPKIG00000005983	phactr2
ENSP00000360129	ENSG00000203965	EFCAB7	ENSPKIP00000034310	ENSPKIG00000013694	efcab7
ENSP00000354888	ENSG00000198865	CCDC152	ENSPKIP00000029775	ENSPKIG00000010892	CCDC152
ENSP00000313332	ENSG00000131943	C19orf12	ENSPKIP00000019124	ENSPKIG00000004426	C19orf12
ENSP00000687239	ENSG00000165424	ZCCHC24	ENSPKIP00000025773	ENSPKIG00000008523	zcchc24
ENSP00000263776	ENSG00000110455	ACCS	ENSPKIP00000004992	ENSPKIG00000021855	
ENSP00000516730	ENSG00000075891	PAX2	ENSPKIP00000023643	ENSPKIG00000007166	pax2a
ENSP00000596411	ENSG00000151694	ADAM17	ENSPKIP00000001430	ENSPKIG00000019712	
ENSP00000555708	ENSG00000136305	CIDEB	ENSPKIP00000011817	ENSPKIG00000018746	cideb
ENSP00000296677	ENSG00000164251	F2RL1	ENSPKIP00000030206	ENSPKIG00000011155	f2rl1.2
ENSP00000464443	ENSG00000109083	IFT20	ENSPKIP00000031126	ENSPKIG00000011743	ift20
ENSP00000409007	ENSG00000168621	GDNF	ENSPKIP00000038726	ENSPKIG00000016387	gdnfb
ENSP00000492713	ENSG00000133863	TEX15	ENSPKIP00000011019	ENSPKIG00000025503	
ENSP00000337439	ENSG00000165617	DACT1	ENSPKIP00000037295	ENSPKIG00000015541	dact1
ENSP00000629168	ENSG00000151304	SRFBP1	ENSPKIP00000009029	ENSPKIG00000024291	
ENSP00000455444	ENSG00000261787	TCF24	ENSPKIP00000027126	ENSPKIG00000009320	TCF24
ENSP00000737529	ENSG00000161654	LSM12	ENSPKIP00000003642	ENSPKIG00000021058	lsm12a
ENSP00000497648	ENSG00000104738	MCM4	ENSPKIP00000015768	ENSPKIG00000002350	mcm4
ENSP00000670394	ENSG00000177225	GATD1	ENSPKIP00000031918	ENSPKIG00000012226	gatd1
ENSP00000337226	ENSG00000170779	CDCA4	ENSPKIP00000021657	ENSPKIG00000005978	cdca4
ENSP00000301396	ENSG00000141456	PELP1	ENSPKIP00000012374	ENSPKIG00000000176	PELP1
ENSP00000447488	ENSG00000111052	LIN7A	ENSPKIP00000014761	ENSPKIG00000001713	lin7a
ENSP00000357917	ENSG00000213190	MLLT11	ENSPKIP00000012421	ENSPKIG00000000230	mllt11
ENSP00000564676	ENSG00000135678	CPM	ENSPKIP00000042047	ENSPKIG00000018823	cpm
ENSP00000421927	ENSG00000168310	IRF2	ENSPKIP00000007587	ENSPKIG00000023423	IRF2
ENSP00000419370	ENSG00000156928	MALSU1	ENSPKIP00000028292	ENSPKIG00000009997	malsu1
ENSP00000379889	ENSG00000171243	SOSTDC1	ENSPKIP00000031443	ENSPKIG00000011930	sostdc1a
ENSP00000379897	ENSG00000122644	ARL4A	ENSPKIP00000029523	ENSPKIG00000010744	arl4ab
ENSP00000605128	ENSG00000108578	BLMH	ENSPKIP00000012177	ENSPKIG00000000062	blmh
ENSP00000506793	ENSG00000155906	RMND1	ENSPKIP00000035070	ENSPKIG00000014133	rmnd1
ENSP00000573662	ENSG00000197157	SND1	ENSPKIP00000007734	ENSPKIG00000023494	snd1
ENSP00000566975	ENSG00000183431	SF3A3	ENSPKIP00000019652	ENSPKIG00000004719	sf3a3
ENSP00000607768	ENSG00000068383	INPP5A	ENSPKIP00000011381	ENSPKIG00000018494	INPP5A
ENSP00000587218	ENSG00000164066	INTU	ENSPKIP00000037807	ENSPKIG00000015816	intu
ENSP00000553788	ENSG00000161800	RACGAP1	ENSPKIP00000035662	ENSPKIG00000014511	racgap1
ENSP00000356632	ENSG00000146386	ABRACL	ENSPKIP00000038481	ENSPKIG00000016236	abracl
ENSP00000429225	ENSG00000113312	TTC1	ENSPKIP00000026990	ENSPKIG00000009242	ttc1
ENSP00000256367	ENSG00000133985	TTC9	ENSPKIP00000015823	ENSPKIG00000002393	si:ch211-259k16.3
ENSP00000295824	ENSG00000163576	EFHB	ENSPKIP00000028738	ENSPKIG00000010264	efhb
ENSP00000518551	ENSG00000180488	MIGA1	ENSPKIP00000027072	ENSPKIG00000009278	miga1
ENSP00000553635	ENSG00000002834	LASP1	ENSPKIP00000004865	ENSPKIG00000021782	lasp1
ENSP00000435444	ENSG00000167994	RAB3IL1	ENSPKIP00000011326	ENSPKIG00000018471	rab3il1
ENSP00000265351	ENSG00000124571	XPO5	ENSPKIP00000004165	ENSPKIG00000021336	xpo5
ENSP00000491193	ENSG00000243335	KCTD7	ENSPKIP00000034486	ENSPKIG00000013797	kctd7
ENSP00000397240	ENSG00000163923	RPL39L	ENSPKIP00000000873	ENSPKIG00000019381	rpl39
ENSP00000501025	ENSG00000185670	ZBTB3	ENSPKIP00000025418	ENSPKIG00000008304	zbtb3
ENSP00000329214	ENSG00000184005	ST6GALNAC3	ENSPKIP00000027675	ENSPKIG00000009626	st6galnac3
ENSP00000542188	ENSG00000165478	HEPACAM	ENSPKIP00000040157	ENSPKIG00000017231	hepacama
ENSP00000418757	ENSG00000163659	TIPARP	ENSPKIP00000009549	ENSPKIG00000024616	tiparp
ENSP00000432386	ENSG00000110060	PUS3	ENSPKIP00000013084	ENSPKIG00000000646	pus3
ENSP00000587393	ENSG00000104859	CLASRP	ENSPKIP00000030402	ENSPKIG00000011266	clasrp
ENSP00000346564	ENSG00000175274	TP53I11	ENSPKIP00000036400	ENSPKIG00000014988	TP53I11
ENSP00000248706	ENSG00000128045	RASL11B	ENSPKIP00000017704	ENSPKIG00000003511	rasl11b
ENSP00000427006	ENSG00000109133	TMEM33	ENSPKIP00000021449	ENSPKIG00000005840	tmem33
ENSP00000233826	ENSG00000115474	KCNJ13	ENSPKIP00000027016	ENSPKIG00000009260	kcnj13
ENSP00000361850	ENSG00000122861	PLAU	ENSPKIP00000012391	ENSPKIG00000000202	
ENSP00000263753	ENSG00000129810	SGO1	ENSPKIP00000027722	ENSPKIG00000009664	
ENSP00000376366	ENSG00000112290	WASF1	ENSPKIP00000033621	ENSPKIG00000013254	wasf1
ENSP00000512004	ENSG00000138750	NUP54	ENSPKIP00000024877	ENSPKIG00000007952	nup54
ENSP00000365007	ENSG00000116138	DNAJC16	ENSPKIP00000025779	ENSPKIG00000008526	dnajc16
ENSP00000484686	ENSG00000084207	GSTP1	ENSPKIP00000036053	ENSPKIG00000014769	GSTP1
ENSP00000450482	ENSG00000168398	BDKRB2	ENSPKIP00000001958	ENSPKIG00000020042	BDKRB2
ENSP00000593693	ENSG00000023608	SNAPC1	ENSPKIP00000011314	ENSPKIG00000018455	SNAPC1
ENSP00000586038	ENSG00000172780	RAB43	ENSPKIP00000009452	ENSPKIG00000024563	rab43
ENSP00000523585	ENSG00000162227	TAF6L	ENSPKIP00000037921	ENSPKIG00000015908	taf6l
ENSP00000264234	ENSG00000114638	UPK1B	ENSPKIP00000037109	ENSPKIG00000015419	UPK1B
ENSP00000578243	ENSG00000100532	CGRRF1	ENSPKIP00000005205	ENSPKIG00000021984	cgrrf1
ENSP00000226067	ENSG00000108924	HLF	ENSPKIP00000029234	ENSPKIG00000010568	hlfb
ENSP00000531933	ENSG00000066557	LRRC40	ENSPKIP00000004421	ENSPKIG00000021522	lrrc40
ENSP00000762419	ENSG00000254901	BORCS8	ENSPKIP00000028319	ENSPKIG00000010007	borcs8
ENSP00000328412	ENSG00000185527	PDE6G	ENSPKIP00000023021	ENSPKIG00000006811	
ENSP00000326846	ENSG00000179476	DORIP1	ENSPKIP00000013717	ENSPKIG00000001045	DORIP1
ENSP00000587902	ENSG00000115446	UNC50	ENSPKIP00000029864	ENSPKIG00000010941	unc50
ENSP00000386452	ENSG00000180336	MEIOC	ENSPKIP00000020492	ENSPKIG00000005248	
ENSP00000574226	ENSG00000106511	MEOX2	ENSPKIP00000031378	ENSPKIG00000011890	meox2a
ENSP00000463042	ENSG00000136450	SRSF1	ENSPKIP00000032975	ENSPKIG00000012857	SRSF1
ENSP00000355954	ENSG00000162772	ATF3	ENSPKIP00000014888	ENSPKIG00000001794	atf3
ENSP00000767346	ENSG00000110700	RPS13	ENSPKIP00000037202	ENSPKIG00000015485	
ENSP00000310623	ENSG00000136003	ISCU	ENSPKIP00000040317	ENSPKIG00000017322	iscub
ENSP00000350331	ENSG00000196372	ASB13	ENSPKIP00000021831	ENSPKIG00000006056	asb13b
ENSP00000686903	ENSG00000108641	B9D1	ENSPKIP00000040816	ENSPKIG00000017625	b9d1
ENSP00000521083	ENSG00000127588	GNG13	ENSPKIP00000033588	ENSPKIG00000013248	GNG13
ENSP00000301452	ENSG00000167769	ACER1	ENSPKIP00000035661	ENSPKIG00000014515	ACER1
ENSP00000542108	ENSG00000135164	DMTF1	ENSPKIP00000035953	ENSPKIG00000014686	dmtf1
ENSP00000618375	ENSG00000152463	OLAH	ENSPKIP00000020259	ENSPKIG00000005103	olah
ENSP00000425561	ENSG00000151247	EIF4E	ENSPKIP00000012422	ENSPKIG00000000226	eif4ea
ENSP00000578294	ENSG00000172482	AGXT	ENSPKIP00000016771	ENSPKIG00000002943	agxtb
ENSP00000793694	ENSG00000064652	SNX24	ENSPKIP00000006600	ENSPKIG00000022799	snx24
ENSP00000593509	ENSG00000135108	FBXO21	ENSPKIP00000032475	ENSPKIG00000012554	fbxo21
ENSP00000638376	ENSG00000173442	EHBP1L1	ENSPKIP00000018651	ENSPKIG00000004112	
ENSP00000625645	ENSG00000005844	ITGAL	ENSPKIP00000024769	ENSPKIG00000007889	
ENSP00000357981	ENSG00000163131	CTSS	ENSPKIP00000029591	ENSPKIG00000010782	CTSS
ENSP00000350699	ENSG00000164022	AIMP1	ENSPKIP00000032651	ENSPKIG00000012660	aimp1a
ENSP00000689469	ENSG00000111879	FAM184A	ENSPKIP00000034669	ENSPKIG00000013915	fam184ab
ENSP00000588699	ENSG00000174705	SH3PXD2B	ENSPKIP00000016833	ENSPKIG00000002967	sh3pxd2b
ENSP00000340292	ENSG00000185559	DLK1	ENSPKIP00000013143	ENSPKIG00000000692	DLK1
ENSP00000665190	ENSG00000178927	CYBC1	ENSPKIP00000005119	ENSPKIG00000021931	cybc1
ENSP00000339324	ENSG00000188725	SMIM15	ENSPKIP00000041687	ENSPKIG00000018143	smim15
ENSP00000298097	ENSG00000165355	FBXO33	ENSPKIP00000028384	ENSPKIG00000010059	fbxo33
ENSP00000726858	ENSG00000154813	DPH3	ENSPKIP00000031248	ENSPKIG00000011807	
ENSP00000562577	ENSG00000105771	SMG9	ENSPKIP00000014677	ENSPKIG00000001651	smg9
ENSP00000294008	ENSG00000188827	SLX4	ENSPKIP00000010201	ENSPKIG00000025014	slx4
ENSP00000749943	ENSG00000173436	MICOS10	ENSPKIP00000027448	ENSPKIG00000009507	
ENSP00000553484	ENSG00000136770	DNAJC1	ENSPKIP00000022916	ENSPKIG00000006730	dnajc1
ENSP00000569788	ENSG00000056736	IL17RB	ENSPKIP00000009475	ENSPKIG00000024578	
ENSP00000492737	ENSG00000138760	SCARB2	ENSPKIP00000024984	ENSPKIG00000008021	scarb2c
ENSP00000542099	ENSG00000111057	KRT18	ENSPKIP00000037830	ENSPKIG00000015857	krt18a.1
ENSP00000348020	ENSG00000119684	MLH3	ENSPKIP00000016454	ENSPKIG00000002774	mlh3
ENSP00000265295	ENSG00000040275	SPDL1	ENSPKIP00000002410	ENSPKIG00000020315	SPDL1
ENSP00000582149	ENSG00000130254	SAFB2	ENSPKIP00000028170	ENSPKIG00000009902	safb
ENSP00000584297	ENSG00000272325	NUDT3	ENSPKIP00000017447	ENSPKIG00000003355	NUDT3
ENSP00000566448	ENSG00000057704	TMCC3	ENSPKIP00000037184	ENSPKIG00000015465	tmcc3
ENSP00000263657	ENSG00000115946	PNO1	ENSPKIP00000019730	ENSPKIG00000004780	pno1
ENSP00000652982	ENSG00000086200	IPO11	ENSPKIP00000039788	ENSPKIG00000016964	ipo11
ENSP00000356918	ENSG00000079950	STX7	ENSPKIP00000002028	ENSPKIG00000020071	stx7l
ENSP00000655830	ENSG00000168952	STXBP6	ENSPKIP00000005047	ENSPKIG00000021881	stxbp6l
ENSP00000314806	ENSG00000176302	FOXR1	ENSPKIP00000041443	ENSPKIG00000017997	foxr1
ENSP00000257934	ENSG00000135476	ESPL1	ENSPKIP00000007235	ENSPKIG00000023139	espl1
ENSP00000345412	ENSG00000149532	CPSF7	ENSPKIP00000041533	ENSPKIG00000018054	CPSF7
ENSP00000386940	ENSG00000150540	HNMT	ENSPKIP00000039409	ENSPKIG00000016763	hnmt
ENSP00000359727	ENSG00000112208	BAG2	ENSPKIP00000009070	ENSPKIG00000024318	bag2
ENSP00000564984	ENSG00000157978	LDLRAP1	ENSPKIP00000023671	ENSPKIG00000007203	ldlrap1a
ENSP00000592489	ENSG00000112658	SRF	ENSPKIP00000006616	ENSPKIG00000022817	srfb
ENSP00000562662	ENSG00000009765	IYD	ENSPKIP00000006751	ENSPKIG00000022903	iyd
ENSP00000416583	ENSG00000023697	DERA	ENSPKIP00000004659	ENSPKIG00000021666	dera
ENSP00000557238	ENSG00000124767	GLO1	ENSPKIP00000007092	ENSPKIG00000023106	GLO1
ENSP00000501597	ENSG00000106477	CEP41	ENSPKIP00000025511	ENSPKIG00000008347	cep41
ENSP00000355996	ENSG00000123689	G0S2	ENSPKIP00000036967	ENSPKIG00000015340	g0s2
ENSP00000443292	ENSG00000139438	FAM222A	ENSPKIP00000010149	ENSPKIG00000024978	FAM222A
ENSP00000426504	ENSG00000172262	ZNF131	ENSPKIP00000040521	ENSPKIG00000017455	znf131
ENSP00000359474	ENSG00000143032	BARHL2	ENSPKIP00000017941	ENSPKIG00000003671	barhl2
ENSP00000304643	ENSG00000169885	CALML6	ENSPKIP00000019010	ENSPKIG00000004351	CALML6
ENSP00000459626	ENSG00000186260	MRTFB	ENSPKIP00000005888	ENSPKIG00000022392	
ENSP00000309116	ENSG00000143851	PTPN7	ENSPKIP00000020381	ENSPKIG00000005184	
ENSP00000789368	ENSG00000164120	HPGD	ENSPKIP00000028352	ENSPKIG00000010035	hpgd
ENSP00000265734	ENSG00000105810	CDK6	ENSPKIP00000013556	ENSPKIG00000000942	cdk6
ENSP00000438762	ENSG00000184154	LRRC51	ENSPKIP00000006982	ENSPKIG00000023052	lrrc51
ENSP00000562632	ENSG00000196975	ANXA4	ENSPKIP00000002924	ENSPKIG00000020622	anxa4
ENSP00000281623	ENSG00000151876	FBXO4	ENSPKIP00000040271	ENSPKIG00000017303	fbxo4
ENSP00000526740	ENSG00000141002	TCF25	ENSPKIP00000001738	ENSPKIG00000019915	tcf25
ENSP00000593514	ENSG00000172590	MRPL52	ENSPKIP00000023464	ENSPKIG00000007085	mrpl52
ENSP00000552156	ENSG00000177030	DEAF1	ENSPKIP00000016591	ENSPKIG00000002796	deaf1
ENSP00000490899	ENSG00000188585	CLEC20A	ENSPKIP00000033691	ENSPKIG00000013279	
ENSP00000698781	ENSG00000151743	AMN1	ENSPKIP00000040914	ENSPKIG00000017684	amn1
ENSP00000359976	ENSG00000116761	CTH	ENSPKIP00000004621	ENSPKIG00000021646	cthl
ENSP00000362962	ENSG00000119397	CNTRL	ENSPKIP00000023252	ENSPKIG00000006951	
ENSP00000430493	ENSG00000155508	CNOT8	ENSPKIP00000039857	ENSPKIG00000017056	cnot8
ENSP00000359410	ENSG00000172031	EPHX4	ENSPKIP00000018562	ENSPKIG00000004083	ephx4
ENSP00000383023	ENSG00000215375	MYL5	ENSPKIP00000004656	ENSPKIG00000020953	MYL5
ENSP00000379176	ENSG00000100490	CDKL1	ENSPKIP00000032365	ENSPKIG00000012490	
ENSP00000434435	ENSG00000166801	FAM111A	ENSPKIP00000017041	ENSPKIG00000003118	
ENSP00000324741	ENSG00000146826	TRAPPC14	ENSPKIP00000014706	ENSPKIG00000001669	trappc14
ENSP00000801041	ENSG00000049245	VAMP3	ENSPKIP00000037262	ENSPKIG00000015519	
ENSP00000319817	ENSG00000125741	OPA3	ENSPKIP00000033198	ENSPKIG00000013000	opa3
ENSP00000263181	ENSG00000121621	KIF18A	ENSPKIP00000013830	ENSPKIG00000001113	KIF18A
ENSP00000632823	ENSG00000167460	TPM4	ENSPKIP00000027782	ENSPKIG00000009682	TPM4
ENSP00000323880	ENSG00000129654	FOXJ1	ENSPKIP00000025922	ENSPKIG00000008603	
ENSP00000390084	ENSG00000188803	SHISA6	ENSPKIP00000018373	ENSPKIG00000003955	SHISA6
ENSP00000378917	ENSG00000168488	ATXN2L	ENSPKIP00000011360	ENSPKIG00000018462	
ENSP00000349541	ENSG00000177469	CAVIN1	ENSPKIP00000013553	ENSPKIG00000000943	CAVIN1
ENSP00000264031	ENSG00000110375	UPK2	ENSPKIP00000041465	ENSPKIG00000018009	
ENSP00000609022	ENSG00000159784	FAM131B	ENSPKIP00000010615	ENSPKIG00000025259	fam131bb
ENSP00000258975	ENSG00000136463	TACO1	ENSPKIP00000016522	ENSPKIG00000002814	taco1
ENSP00000718161	ENSG00000073584	SMARCE1	ENSPKIP00000024450	ENSPKIG00000007708	smarce1
ENSP00000497131	ENSG00000105825	TFPI2	ENSPKIP00000013901	ENSPKIG00000001156	tfpi2
ENSP00000625011	ENSG00000060140	STYK1	ENSPKIP00000029374	ENSPKIG00000010649	si:ch73-206d17.1
ENSP00000798045	ENSG00000180233	ZNRF2	ENSPKIP00000018120	ENSPKIG00000003795	znrf2b
ENSP00000369419	ENSG00000127954	STEAP4	ENSPKIP00000006452	ENSPKIG00000022725	steap4
ENSP00000408367	ENSG00000168802	CHTF8	ENSPKIP00000005083	ENSPKIG00000021900	chtf8
ENSP00000792670	ENSG00000164649	CDCA7L	ENSPKIP00000001927	ENSPKIG00000020031	CDCA7L
ENSP00000354218	ENSG00000104881	PPP1R13L	ENSPKIP00000033272	ENSPKIG00000013033	ppp1r13l
ENSP00000274532	ENSG00000145850	TIMD4	ENSPKIP00000041368	ENSPKIG00000017948	
ENSP00000273861	ENSG00000145248	SLC10A4	ENSPKIP00000018590	ENSPKIG00000004106	slc10a4
ENSP00000507590	ENSG00000123415	SMUG1	ENSPKIP00000022232	ENSPKIG00000006327	smug1
ENSP00000511999	ENSG00000155530	LRGUK	ENSPKIP00000020972	ENSPKIG00000005557	lrguk
ENSP00000548375	ENSG00000254772	EEF1G	ENSPKIP00000013569	ENSPKIG00000000945	eef1g
ENSP00000441549	ENSG00000168813	ZNF507	ENSPKIP00000030400	ENSPKIG00000011271	znf507
ENSP00000233057	ENSG00000055332	EIF2AK2	ENSPKIP00000008618	ENSPKIG00000024036	eif2ak2
ENSP00000365523	ENSG00000141034	GID4	ENSPKIP00000016609	ENSPKIG00000002850	GID4
ENSP00000621308	ENSG00000109680	TBC1D19	ENSPKIP00000000510	ENSPKIG00000019141	tbc1d19
ENSP00000230792	ENSG00000112874	NUDT12	ENSPKIP00000011377	ENSPKIG00000018501	nudt12
ENSP00000603845	ENSG00000106077	ABHD11	ENSPKIP00000011896	ENSPKIG00000018319	abhd11
ENSP00000274787	ENSG00000146066	HIGD2A	ENSPKIP00000006707	ENSPKIG00000022878	higd2a
ENSP00000305973	ENSG00000198353	HOXC4	ENSPKIP00000017012	ENSPKIG00000003102	hoxc4a
ENSP00000559069	ENSG00000204852	TCTN1	ENSPKIP00000037932	ENSPKIG00000015927	tctn1
ENSP00000791478	ENSG00000163634	THOC7	ENSPKIP00000007504	ENSPKIG00000023365	thoc7
ENSP00000599976	ENSG00000006704	GTF2IRD1	ENSPKIP00000000022	ENSPKIG00000018845	gtf2ird1
ENSP00000525045	ENSG00000182271	TMIGD1	ENSPKIP00000032491	ENSPKIG00000012576	tmigd1
ENSP00000378857	ENSG00000178252	WDR6	ENSPKIP00000034757	ENSPKIG00000013975	wdr6
ENSP00000222032	ENSG00000105427	CNFN	ENSPKIP00000003213	ENSPKIG00000020812	cnfn
ENSP00000323516	ENSG00000181408	UTS2R	ENSPKIP00000005010	ENSPKIG00000021869	uts2rl
ENSP00000326110	ENSG00000181751	MACIR	ENSPKIP00000010081	ENSPKIG00000024934	macir
ENSP00000442793	ENSG00000166546	BEAN1	ENSPKIP00000008084	ENSPKIG00000023737	bean1
ENSP00000532633	ENSG00000172273	HINFP	ENSPKIP00000011662	ENSPKIG00000018654	hinfp
ENSP00000792104	ENSG00000103241	FOXF1	ENSPKIP00000001190	ENSPKIG00000019583	foxf1
ENSP00000338258	ENSG00000179604	CDC42EP4	ENSPKIP00000031570	ENSPKIG00000012005	CDC42EP4
ENSP00000633756	ENSG00000154099	DNAAF1	ENSPKIP00000015793	ENSPKIG00000002381	
ENSP00000333283	ENSG00000185504	FAAP100	ENSPKIP00000033841	ENSPKIG00000013401	FAAP100
ENSP00000260810	ENSG00000163781	TOPBP1	ENSPKIP00000030740	ENSPKIG00000011486	topbp1
ENSP00000238558	ENSG00000133937	GSC	ENSPKIP00000006367	ENSPKIG00000022676	gsc
ENSP00000605874	ENSG00000042088	TDP1	ENSPKIP00000026939	ENSPKIG00000009178	tdp1
ENSP00000622654	ENSG00000076984	MAP2K7	ENSPKIP00000024257	ENSPKIG00000007567	map2k7
ENSP00000509273	ENSG00000108061	SHOC2	ENSPKIP00000040681	ENSPKIG00000017545	shoc2
ENSP00000340330	ENSG00000172977	KAT5	ENSPKIP00000000915	ENSPKIG00000019383	kat5a
ENSP00000387051	ENSG00000152102	FAM168B	ENSPKIP00000026911	ENSPKIG00000009192	fam168b
ENSP00000669326	ENSG00000122008	POLK	ENSPKIP00000037228	ENSPKIG00000015422	polk
ENSP00000320898	ENSG00000163961	RNF168	ENSPKIP00000036025	ENSPKIG00000014751	RNF168
ENSP00000351947	ENSG00000163104	SMARCAD1	ENSPKIP00000039849	ENSPKIG00000017048	smarcad1a
ENSP00000439467	ENSG00000071994	PDCD2	ENSPKIP00000025040	ENSPKIG00000008058	pdcd2
ENSP00000549677	ENSG00000151461	UPF2	ENSPKIP00000011020	ENSPKIG00000025502	UPF2
ENSP00000579921	ENSG00000161996	WDR90	ENSPKIP00000022579	ENSPKIG00000006523	wdr90
ENSP00000564290	ENSG00000055813	CCDC85A	ENSPKIP00000021997	ENSPKIG00000006178	ccdc85al
ENSP00000265840	ENSG00000110675	ELMOD1	ENSPKIP00000012010	ENSPKIG00000025661	elmod1
ENSP00000501261	ENSG00000105227	PRX	ENSPKIP00000019433	ENSPKIG00000004610	
ENSP00000230048	ENSG00000112304	ACOT13	ENSPKIP00000022568	ENSPKIG00000006508	acot13
ENSP00000357131	ENSG00000146376	ARHGAP18	ENSPKIP00000031984	ENSPKIG00000012258	arhgap18
ENSP00000299596	ENSG00000166471	TMEM41B	ENSPKIP00000005795	ENSPKIG00000022333	TMEM41B
ENSP00000346335	ENSG00000119720	NRDE2	ENSPKIP00000027150	ENSPKIG00000009331	nrde2
ENSP00000499062	ENSG00000153879	CEBPG	ENSPKIP00000003167	ENSPKIG00000020792	
ENSP00000387204	ENSG00000116030	SUMO1	ENSPKIP00000026229	ENSPKIG00000008789	sumo1
ENSP00000329452	ENSG00000183032	SLC25A21	ENSPKIP00000027769	ENSPKIG00000009692	slc25a21
ENSP00000584156	ENSG00000137692	DCUN1D5	ENSPKIP00000011960	ENSPKIG00000025639	DCUN1D5
ENSP00000564093	ENSG00000165819	METTL3	ENSPKIP00000033161	ENSPKIG00000012961	mettl3
ENSP00000709637	ENSG00000135070	ISCA1	ENSPKIP00000005744	ENSPKIG00000022298	isca1
ENSP00000312356	ENSG00000174173	TRMT10C	ENSPKIP00000028807	ENSPKIG00000010307	trmt10c
ENSP00000377492	ENSG00000072571	HMMR	ENSPKIP00000021573	ENSPKIG00000005898	hmmr
ENSP00000378289	ENSG00000166317	SYNPO2L	ENSPKIP00000030762	ENSPKIG00000011504	synpo2lb
ENSP00000327889	ENSG00000185085	INTS5	ENSPKIP00000002162	ENSPKIG00000020171	ints5
ENSP00000576901	ENSG00000163743	RCHY1	ENSPKIP00000037223	ENSPKIG00000015487	rchy1
ENSP00000263736	ENSG00000068784	SRBD1	ENSPKIP00000005196	ENSPKIG00000021973	srbd1
ENSP00000351509	ENSG00000151348	EXT2	ENSPKIP00000036588	ENSPKIG00000015088	ext2
ENSP00000484185	ENSG00000166321	NUDT13	ENSPKIP00000016148	ENSPKIG00000002600	nudt13
ENSP00000666146	ENSG00000141012	GALNS	ENSPKIP00000025416	ENSPKIG00000008276	galns
ENSP00000243786	ENSG00000123999	INHA	ENSPKIP00000042060	ENSPKIG00000018809	inha
ENSP00000722192	ENSG00000122986	HVCN1	ENSPKIP00000037986	ENSPKIG00000015957	hvcn1
ENSP00000734852	ENSG00000178999	AURKB	ENSPKIP00000001246	ENSPKIG00000019611	aurkb
ENSP00000590865	ENSG00000138175	ARL3	ENSPKIP00000041432	ENSPKIG00000017974	ARL3
ENSP00000511611	ENSG00000038274	MAT2B	ENSPKIP00000042019	ENSPKIG00000018369	mat2b
ENSP00000330918	ENSG00000184207	PGP	ENSPKIP00000015078	ENSPKIG00000001913	pgp
ENSP00000640152	ENSG00000137055	PLAA	ENSPKIP00000012234	ENSPKIG00000000092	plaa
ENSP00000296438	ENSG00000164049	FBXW12	ENSPKIP00000041423	ENSPKIG00000017983	zgc:171857
ENSP00000449535	ENSG00000111058	ACSS3	ENSPKIP00000019083	ENSPKIG00000004377	acss3
ENSP00000742623	ENSG00000100522	GNPNAT1	ENSPKIP00000018362	ENSPKIG00000003937	gnpnat1
ENSP00000299759	ENSG00000166592	RRAD	ENSPKIP00000024215	ENSPKIG00000007552	rrad
ENSP00000612985	ENSG00000163754	GYG1	ENSPKIP00000004487	ENSPKIG00000021566	gyg1a
ENSP00000787786	ENSG00000184182	UBE2F	ENSPKIP00000030838	ENSPKIG00000011547	ube2f
ENSP00000264771	ENSG00000127419	TMEM175	ENSPKIP00000037486	ENSPKIG00000015649	TMEM175
ENSP00000054950	ENSG00000049449	RCN1	ENSPKIP00000007712	ENSPKIG00000023500	rcn1
ENSP00000384411	ENSG00000175768	TOMM5	ENSPKIP00000032905	ENSPKIG00000012824	tomm5
ENSP00000531380	ENSG00000172375	C2CD2L	ENSPKIP00000011757	ENSPKIG00000018699	c2cd2l
ENSP00000777313	ENSG00000136240	KDELR2	ENSPKIP00000024478	ENSPKIG00000007721	kdelr2b
ENSP00000528039	ENSG00000103091	WDR59	ENSPKIP00000022094	ENSPKIG00000006208	wdr59
ENSP00000476746	ENSG00000089775	ZBTB25	ENSPKIP00000019420	ENSPKIG00000004604	ZBTB25
ENSP00000626359	ENSG00000107438	PDLIM1	ENSPKIP00000020965	ENSPKIG00000005554	pdlim1
ENSP00000345555	ENSG00000188316	ENO4	ENSPKIP00000028204	ENSPKIG00000009937	eno4
ENSP00000337513	ENSG00000213523	SRA1	ENSPKIP00000001055	ENSPKIG00000019491	sra1
ENSP00000346959	ENSG00000139974	SLC38A6	ENSPKIP00000041828	ENSPKIG00000018224	slc38a6
ENSP00000516709	ENSG00000220201	ZGLP1	ENSPKIP00000028999	ENSPKIG00000010420	zglp1
ENSP00000440504	ENSG00000165185	KIAA1958	ENSPKIP00000011535	ENSPKIG00000018582	
ENSP00000327758	ENSG00000183072	NKX2-5	ENSPKIP00000016655	ENSPKIG00000002891	nkx2.5
ENSP00000493623	ENSG00000082074	FYB1	ENSPKIP00000002543	ENSPKIG00000020394	fyb1b
ENSP00000376287	ENSG00000213139	CRYGS	ENSPKIP00000012683	ENSPKIG00000000390	crygs1
ENSP00000768230	ENSG00000164163	ABCE1	ENSPKIP00000038053	ENSPKIG00000015981	abce1
ENSP00000362869	ENSG00000185681	MORN5	ENSPKIP00000020874	ENSPKIG00000005500	morn5
ENSP00000419194	ENSG00000215183	MSMP	ENSPKIP00000036709	ENSPKIG00000015171	
ENSP00000576800	ENSG00000075399	VPS9D1	ENSPKIP00000019377	ENSPKIG00000004558	vps9d1
ENSP00000752475	ENSG00000137135	ARHGEF39	ENSPKIP00000004479	ENSPKIG00000021544	arhgef39
ENSP00000420588	ENSG00000108064	TFAM	ENSPKIP00000010627	ENSPKIG00000025273	tfam
ENSP00000371169	ENSG00000120158	RCL1	ENSPKIP00000003586	ENSPKIG00000021022	rcl1
ENSP00000360431	ENSG00000138193	PLCE1	ENSPKIP00000021134	ENSPKIG00000005604	plce1
ENSP00000329287	ENSG00000184602	SNN	ENSPKIP00000006347	ENSPKIG00000022664	snn
ENSP00000438677	ENSG00000166428	PLD4	ENSPKIP00000018316	ENSPKIG00000003916	PLD4
ENSP00000797030	ENSG00000102910	LONP2	ENSPKIP00000016594	ENSPKIG00000002838	LONP2
ENSP00000597491	ENSG00000110025	SNX15	ENSPKIP00000009806	ENSPKIG00000024766	snx15
ENSP00000534531	ENSG00000108479	GALK1	ENSPKIP00000041673	ENSPKIG00000018126	galk1
ENSP00000322238	ENSG00000179933	C14orf119	ENSPKIP00000026950	ENSPKIG00000009225	si:ch211-14a17.11
ENSP00000555353	ENSG00000165695	AK8	ENSPKIP00000022800	ENSPKIG00000006671	ak8
ENSP00000416996	ENSG00000144648	ACKR2	ENSPKIP00000021113	ENSPKIG00000005651	ACKR2
ENSP00000546775	ENSG00000165795	NDRG2	ENSPKIP00000006443	ENSPKIG00000022641	ndrg2
ENSP00000434286	ENSG00000175390	EIF3F	ENSPKIP00000038479	ENSPKIG00000016237	EIF3F
ENSP00000610513	ENSG00000163629	PTPN13	ENSPKIP00000023770	ENSPKIG00000007155	ptpn13
ENSP00000521502	ENSG00000130713	EXOSC2	ENSPKIP00000018883	ENSPKIG00000004271	exosc2
ENSP00000521133	ENSG00000189079	ARID2	ENSPKIP00000015700	ENSPKIG00000002325	arid2
ENSP00000361278	ENSG00000170788	DYDC1	ENSPKIP00000032207	ENSPKIG00000012389	
ENSP00000357575	ENSG00000171811	CFAP46	ENSPKIP00000041975	ENSPKIG00000018388	
ENSP00000243878	ENSG00000124074	ENKD1	ENSPKIP00000014406	ENSPKIG00000001481	enkd1
ENSP00000489189	ENSG00000107262	BAG1	ENSPKIP00000029433	ENSPKIG00000010682	bag1
ENSP00000258106	ENSG00000135638	EMX1	ENSPKIP00000010524	ENSPKIG00000025215	emx1
ENSP00000283875	ENSG00000153767	GTF2E1	ENSPKIP00000024608	ENSPKIG00000007792	gtf2e1
ENSP00000455265	ENSG00000103168	TAF1C	ENSPKIP00000025387	ENSPKIG00000008284	taf1c
ENSP00000355177	ENSG00000198853	RUSC2	ENSPKIP00000036389	ENSPKIG00000014978	RUSC2
ENSP00000754736	ENSG00000126870	DYNC2I1	ENSPKIP00000038712	ENSPKIG00000016377	dync2i1
ENSP00000796982	ENSG00000084764	MAPRE3	ENSPKIP00000001026	ENSPKIG00000019457	mapre3a
ENSP00000331152	ENSG00000119950	MXI1	ENSPKIP00000040010	ENSPKIG00000017147	mxi1
ENSP00000377971	ENSG00000160117	ANKLE1	ENSPKIP00000026610	ENSPKIG00000009027	zgc:85936
ENSP00000327675	ENSG00000185028	LRRC14B	ENSPKIP00000020497	ENSPKIG00000005256	lrrc14b
ENSP00000547985	ENSG00000113719	ERGIC1	ENSPKIP00000025303	ENSPKIG00000008199	ergic1
ENSP00000553598	ENSG00000130202	NECTIN2	ENSPKIP00000038896	ENSPKIG00000016464	
ENSP00000575238	ENSG00000013583	HEBP1	ENSPKIP00000015218	ENSPKIG00000002013	
ENSP00000395595	ENSG00000106013	ANKRD7	ENSPKIP00000021956	ENSPKIG00000006161	si:ch211-272n13.3
ENSP00000563070	ENSG00000136840	ST6GALNAC4	ENSPKIP00000010365	ENSPKIG00000025112	st6galnac4
ENSP00000588661	ENSG00000164615	CAMLG	ENSPKIP00000040297	ENSPKIG00000017319	camlg
ENSP00000357798	ENSG00000154485	MMP21	ENSPKIP00000017976	ENSPKIG00000003703	mmp21
ENSP00000427424	ENSG00000145779	TNFAIP8	ENSPKIP00000028998	ENSPKIG00000010419	tnfaip8l1
ENSP00000534487	ENSG00000165629	ATP5F1C	ENSPKIP00000010157	ENSPKIG00000024970	atp5f1c
ENSP00000558527	ENSG00000115282	TTC31	ENSPKIP00000031268	ENSPKIG00000011819	
ENSP00000297991	ENSG00000165272	AQP3	ENSPKIP00000018449	ENSPKIG00000004013	aqp3b
ENSP00000548533	ENSG00000122735	DNAI1	ENSPKIP00000030458	ENSPKIG00000011249	dnai1.1
ENSP00000719801	ENSG00000076928	ARHGEF1	ENSPKIP00000003600	ENSPKIG00000021036	arhgef1
ENSP00000341819	ENSG00000188730	VWC2	ENSPKIP00000003473	ENSPKIG00000020959	vwc2
ENSP00000223836	ENSG00000106992	AK1	ENSPKIP00000021427	ENSPKIG00000005818	AK1
ENSP00000567039	ENSG00000106603	COA1	ENSPKIP00000023863	ENSPKIG00000007327	coa1
ENSP00000625750	ENSG00000182010	RTKN2	ENSPKIP00000001111	ENSPKIG00000019526	rtkn2
ENSP00000594769	ENSG00000141569	TRIM65	ENSPKIP00000005347	ENSPKIG00000022052	trim65
ENSP00000582443	ENSG00000175826	CTDNEP1	ENSPKIP00000020568	ENSPKIG00000005291	CTDNEP1
ENSP00000384513	ENSG00000138075	ABCG5	ENSPKIP00000005961	ENSPKIG00000022422	abcg5
ENSP00000720584	ENSG00000198467	TPM2	ENSPKIP00000000787	ENSPKIG00000019316	tpm2
ENSP00000560256	ENSG00000145730	PAM	ENSPKIP00000009804	ENSPKIG00000024759	pam
ENSP00000243501	ENSG00000123739	PLA2G12A	ENSPKIP00000033189	ENSPKIG00000012993	pla2g12a
ENSP00000636061	ENSG00000011143	MKS1	ENSPKIP00000036716	ENSPKIG00000015153	mks1
ENSP00000725287	ENSG00000163644	PPM1K	ENSPKIP00000035193	ENSPKIG00000014234	ppm1kb
ENSP00000772895	ENSG00000197756	RPL37A	ENSPKIP00000002227	ENSPKIG00000020203	
ENSP00000641085	ENSG00000224982	TMEM233	ENSPKIP00000007873	ENSPKIG00000023607	TMEM233
ENSP00000508995	ENSG00000009307	CSDE1	ENSPKIP00000027395	ENSPKIG00000009459	csde1
ENSP00000311733	ENSG00000174600	CMKLR1	ENSPKIP00000014458	ENSPKIG00000001517	fpr1
ENSP00000548578	ENSG00000139428	MMAB	ENSPKIP00000010182	ENSPKIG00000025003	mmab
ENSP00000264498	ENSG00000138685	FGF2	ENSPKIP00000036831	ENSPKIG00000015195	fgf2
ENSP00000319118	ENSG00000180613	GSX2	ENSPKIP00000017317	ENSPKIG00000003283	gsx2
ENSP00000628746	ENSG00000108878	CACNG1	ENSPKIP00000021893	ENSPKIG00000006111	cacng1a
ENSP00000583334	ENSG00000138399	FASTKD1	ENSPKIP00000017688	ENSPKIG00000003497	fastkd1
ENSP00000206380	ENSG00000091947	TMEM101	ENSPKIP00000003686	ENSPKIG00000021086	tmem101
ENSP00000508312	ENSG00000188729	OSTN	ENSPKIP00000014618	ENSPKIG00000001630	ostn
ENSP00000280187	ENSG00000150625	GPM6A	ENSPKIP00000028052	ENSPKIG00000009850	GPM6A
ENSP00000344242	ENSG00000128606	LRRC17	ENSPKIP00000026054	ENSPKIG00000008689	lrrc17
ENSP00000353735	ENSG00000197579	TOPORS	ENSPKIP00000040098	ENSPKIG00000017196	TOPORS
ENSP00000363255	ENSG00000138835	RGS3	ENSPKIP00000024221	ENSPKIG00000007539	
ENSP00000337060	ENSG00000239672	NME1	ENSPKIP00000040372	ENSPKIG00000017359	nme2a
ENSP00000490280	ENSG00000272899	SPMIP1	ENSPKIP00000010672	ENSPKIG00000025295	si:ch211-193l2.10
ENSP00000266659	ENSG00000139278	GLIPR1	ENSPKIP00000016481	ENSPKIG00000002790	GLIPR1
ENSP00000534629	ENSG00000109775	UFSP2	ENSPKIP00000007962	ENSPKIG00000023651	ufsp2
ENSP00000609726	ENSG00000061794	MRPS35	ENSPKIP00000024035	ENSPKIG00000007441	mrps35
ENSP00000537539	ENSG00000087076	HSD17B14	ENSPKIP00000004792	ENSPKIG00000021694	hsd17b14
ENSP00000778218	ENSG00000103089	FA2H	ENSPKIP00000036794	ENSPKIG00000015233	fa2h
ENSP00000332413	ENSG00000127325	BEST3	ENSPKIP00000006522	ENSPKIG00000022772	BEST3
ENSP00000563657	ENSG00000087077	TRIP6	ENSPKIP00000023846	ENSPKIG00000007321	
ENSP00000370460	ENSG00000153015	CWC27	ENSPKIP00000011092	ENSPKIG00000025538	cwc27
ENSP00000505728	ENSG00000079432	CIC	ENSPKIP00000039523	ENSPKIG00000016854	cicb
ENSP00000557800	ENSG00000175336	APOF	ENSPKIP00000025325	ENSPKIG00000008244	apof
ENSP00000555165	ENSG00000089053	ANAPC5	ENSPKIP00000007512	ENSPKIG00000023361	anapc5
ENSP00000694229	ENSG00000144802	NFKBIZ	ENSPKIP00000028605	ENSPKIG00000010186	nfkbiz
ENSP00000558228	ENSG00000183207	RUVBL2	ENSPKIP00000041586	ENSPKIG00000018065	ruvbl2
ENSP00000605846	ENSG00000160446	ZDHHC12	ENSPKIP00000004811	ENSPKIG00000021757	zdhhc12b
ENSP00000329684	ENSG00000182687	GALR2	ENSPKIP00000035382	ENSPKIG00000014369	galr2a
ENSP00000285013	ENSG00000154760	SLFN13	ENSPKIP00000000170	ENSPKIG00000018935	
ENSP00000549648	ENSG00000197150	ABCB8	ENSPKIP00000020303	ENSPKIG00000005114	abcb8
ENSP00000490375	ENSG00000261210	CLEC19A	ENSPKIP00000002023	ENSPKIG00000020080	clec19a
ENSP00000351475	ENSG00000115687	PASK	ENSPKIP00000036122	ENSPKIG00000014802	pask
ENSP00000289805	ENSG00000158792	SPATA2L	ENSPKIP00000002782	ENSPKIG00000020541	
ENSP00000373206	ENSG00000163378	EOGT	ENSPKIP00000005943	ENSPKIG00000022411	eogt
ENSP00000367356	ENSG00000148468	FAM171A1	ENSPKIP00000010835	ENSPKIG00000025391	fam171a1
ENSP00000713456	ENSG00000159069	FBXW5	ENSPKIP00000040653	ENSPKIG00000017528	fbxw5
ENSP00000618838	ENSG00000165832	TRUB1	ENSPKIP00000018201	ENSPKIG00000003852	trub1
ENSP00000521172	ENSG00000197562	RAB40C	ENSPKIP00000028411	ENSPKIG00000010063	rab40c
ENSP00000513342	ENSG00000107719	PALD1	ENSPKIP00000024563	ENSPKIG00000007746	pald1a
ENSP00000518810	ENSG00000162009	SSTR5	ENSPKIP00000015681	ENSPKIG00000002314	
ENSP00000310182	ENSG00000174749	FAM241A	ENSPKIP00000007978	ENSPKIG00000023664	fam241a
ENSP00000606526	ENSG00000162104	ADCY9	ENSPKIP00000022504	ENSPKIG00000006457	ADCY9
ENSP00000301455	ENSG00000167772	ANGPTL4	ENSPKIP00000024926	ENSPKIG00000007986	angptl4
ENSP00000327994	ENSG00000146755	TRIM50	ENSPKIP00000030051	ENSPKIG00000011059	TRIM50
ENSP00000273480	ENSG00000114125	RNF7	ENSPKIP00000031622	ENSPKIG00000012033	rnf7
ENSP00000307280	ENSG00000168530	MYL1	ENSPKIP00000038886	ENSPKIG00000016470	myl1
ENSP00000379217	ENSG00000103353	UBFD1	ENSPKIP00000014282	ENSPKIG00000001405	ubfd1
ENSP00000626070	ENSG00000177728	TMEM94	ENSPKIP00000041023	ENSPKIG00000017752	tmem94
ENSP00000222224	ENSG00000105617	LENG1	ENSPKIP00000031422	ENSPKIG00000011917	leng1
ENSP00000529843	ENSG00000105479	ODAD1	ENSPKIP00000034193	ENSPKIG00000013616	odad1
ENSP00000614511	ENSG00000115750	TAF1B	ENSPKIP00000007845	ENSPKIG00000023574	taf1b
ENSP00000219782	ENSG00000103495	MAZ	ENSPKIP00000041838	ENSPKIG00000018202	maza
ENSP00000556022	ENSG00000196814	MVB12B	ENSPKIP00000036954	ENSPKIG00000015326	mvb12ba
ENSP00000702305	ENSG00000126456	IRF3	ENSPKIP00000021895	ENSPKIG00000006099	irf3
ENSP00000454370	ENSG00000240204	SMKR1	ENSPKIP00000041903	ENSPKIG00000018270	
ENSP00000614332	ENSG00000148225	WDR31	ENSPKIP00000013976	ENSPKIG00000001204	wdr31
ENSP00000326879	ENSG00000082213	C5orf22	ENSPKIP00000037451	ENSPKIG00000015632	zgc:56556
ENSP00000396123	ENSG00000139160	ETFBKMT	ENSPKIP00000040956	ENSPKIG00000017714	etfbkmt
ENSP00000587170	ENSG00000131732	ZCCHC9	ENSPKIP00000022801	ENSPKIG00000006659	zcchc9
ENSP00000199448	ENSG00000086289	EPDR1	ENSPKIP00000038427	ENSPKIG00000016214	epdr1
ENSP00000448665	ENSG00000175197	DDIT3	ENSPKIP00000016444	ENSPKIG00000002766	ddit3
ENSP00000559488	ENSG00000106537	TSPAN13	ENSPKIP00000029755	ENSPKIG00000010874	tspan13b
ENSP00000386125	ENSG00000140691	ARMC5	ENSPKIP00000039706	ENSPKIG00000016952	armc5
ENSP00000386651	ENSG00000180398	MCFD2	ENSPKIP00000004846	ENSPKIG00000021779	mcfd2
ENSP00000384701	ENSG00000170419	VSTM2A	ENSPKIP00000018943	ENSPKIG00000004322	vstm2a
ENSP00000480195	ENSG00000172179	PRL	ENSPKIP00000006531	ENSPKIG00000022777	prl2
ENSP00000429690	ENSG00000113732	ATP6V0E1	ENSPKIP00000037205	ENSPKIG00000015481	atpv0e2
ENSP00000318821	ENSG00000179562	GCC1	ENSPKIP00000010820	ENSPKIG00000025384	gcc1
ENSP00000576874	ENSG00000126522	ASL	ENSPKIP00000000456	ENSPKIG00000019088	asl
ENSP00000296632	ENSG00000164211	STARD4	ENSPKIP00000011190	ENSPKIG00000025591	stard4
ENSP00000230122	ENSG00000112365	ZBTB24	ENSPKIP00000040682	ENSPKIG00000017544	zbtb24
ENSP00000343464	ENSG00000187821	HELT	ENSPKIP00000007784	ENSPKIG00000023547	helt
ENSP00000580359	ENSG00000115363	EVA1A	ENSPKIP00000039666	ENSPKIG00000016935	eva1aa
ENSP00000628753	ENSG00000107951	MTPAP	ENSPKIP00000027254	ENSPKIG00000009397	mtpap
ENSP00000348931	ENSG00000164434	FABP7	ENSPKIP00000033739	ENSPKIG00000013341	fabp7b
ENSP00000742167	ENSG00000221829	FANCG	ENSPKIP00000035397	ENSPKIG00000014371	fancg
ENSP00000416534	ENSG00000145833	DDX46	ENSPKIP00000028935	ENSPKIG00000010351	ddx46
ENSP00000582840	ENSG00000073849	ST6GAL1	ENSPKIP00000000542	ENSPKIG00000019171	st6gal1
ENSP00000362201	ENSG00000107742	SPOCK2	ENSPKIP00000024280	ENSPKIG00000007594	SPOCK2
ENSP00000380024	ENSG00000111653	ING4	ENSPKIP00000010707	ENSPKIG00000025320	ing4
ENSP00000355631	ENSG00000115507	OTX1	ENSPKIP00000020829	ENSPKIG00000005463	OTX1
ENSP00000506866	ENSG00000172893	DHCR7	ENSPKIP00000006439	ENSPKIG00000022717	dhcr7
ENSP00000259748	ENSG00000137218	FRS3	ENSPKIP00000019342	ENSPKIG00000004553	frs3
ENSP00000406197	ENSG00000170915	PAQR8	ENSPKIP00000005201	ENSPKIG00000021982	paqr8
ENSP00000346160	ENSG00000162999	DUSP19	ENSPKIP00000004831	ENSPKIG00000021766	dusp19b
ENSP00000605202	ENSG00000047188	YTHDC2	ENSPKIP00000038122	ENSPKIG00000016010	ythdc2
ENSP00000576841	ENSG00000129347	KRI1	ENSPKIP00000024338	ENSPKIG00000007632	kri1
ENSP00000344942	ENSG00000175970	UNC119B	ENSPKIP00000007730	ENSPKIG00000023517	unc119b
ENSP00000497413	ENSG00000179941	BBS10	ENSPKIP00000016109	ENSPKIG00000002580	BBS10
ENSP00000262225	ENSG00000086598	TMED2	ENSPKIP00000007926	ENSPKIG00000023639	TMED2
ENSP00000776356	ENSG00000163683	SMIM14	ENSPKIP00000019761	ENSPKIG00000004804	smim14
ENSP00000736151	ENSG00000168374	ARF4	ENSPKIP00000010755	ENSPKIG00000025349	zgc:110286
ENSP00000435576	ENSG00000148950	IMMP1L	ENSPKIP00000007686	ENSPKIG00000023482	immp1l
ENSP00000738794	ENSG00000055950	MRPL43	ENSPKIP00000032672	ENSPKIG00000012675	mrpl43
ENSP00000636696	ENSG00000163002	NUP35	ENSPKIP00000005364	ENSPKIG00000022051	nup35
ENSP00000349575	ENSG00000172081	MOB3A	ENSPKIP00000034871	ENSPKIG00000014032	mob3a
ENSP00000465204	ENSG00000176563	CNTD1	ENSPKIP00000008829	ENSPKIG00000024162	
ENSP00000259938	ENSG00000137392	CLPS	ENSPKIP00000025304	ENSPKIG00000008229	CLPS
ENSP00000358207	ENSG00000148704	VAX1	ENSPKIP00000027916	ENSPKIG00000009767	vax1
ENSP00000311032	ENSG00000164305	CASP3	ENSPKIP00000007657	ENSPKIG00000023466	casp3a
ENSP00000537050	ENSG00000155629	PIK3AP1	ENSPKIP00000011695	ENSPKIG00000018680	pik3ap1
ENSP00000449747	ENSG00000139620	KANSL2	ENSPKIP00000015701	ENSPKIG00000002317	kansl2
ENSP00000435421	ENSG00000165490	DDIAS	ENSPKIP00000036775	ENSPKIG00000015222	
ENSP00000369145	ENSG00000137074	APTX	ENSPKIP00000034170	ENSPKIG00000013601	aptx
ENSP00000572533	ENSG00000130005	GAMT	ENSPKIP00000024343	ENSPKIG00000007631	gamt
ENSP00000498116	ENSG00000105880	DLX5	ENSPKIP00000014874	ENSPKIG00000001783	dlx5a
ENSP00000507497	ENSG00000174776	WDR49	ENSPKIP00000009051	ENSPKIG00000024303	WDR49
ENSP00000537732	ENSG00000127328	RAB3IP	ENSPKIP00000006568	ENSPKIG00000022791	rab3ip
ENSP00000422518	ENSG00000113580	NR3C1	ENSPKIP00000009357	ENSPKIG00000024489	NR3C1
ENSP00000497653	ENSG00000065618	COL17A1	ENSPKIP00000014816	ENSPKIG00000001737	
ENSP00000325402	ENSG00000176182	MYPOP	ENSPKIP00000035802	ENSPKIG00000014621	
ENSP00000378176	ENSG00000164023	SGMS2	ENSPKIP00000032803	ENSPKIG00000012756	sgms2a
ENSP00000253669	ENSG00000131351	HAUS8	ENSPKIP00000040730	ENSPKIG00000017579	
ENSP00000546411	ENSG00000029725	RABEP1	ENSPKIP00000041939	ENSPKIG00000018273	rabep1
ENSP00000605435	ENSG00000106355	LSM5	ENSPKIP00000031411	ENSPKIG00000011910	LSM5
ENSP00000423505	ENSG00000137473	TTC29	ENSPKIP00000038527	ENSPKIG00000016257	TTC29
ENSP00000258200	ENSG00000135722	FBXL8	ENSPKIP00000014989	ENSPKIG00000001851	fbxl8
ENSP00000354952	ENSG00000033327	GAB2	ENSPKIP00000035339	ENSPKIG00000014325	gab2
ENSP00000480676	ENSG00000242265	PEG10	ENSPKIP00000004701	ENSPKIG00000021696	
ENSP00000569864	ENSG00000138777	PPA2	ENSPKIP00000031511	ENSPKIG00000011957	ppa2
ENSP00000408628	ENSG00000155660	PDIA4	ENSPKIP00000014573	ENSPKIG00000001611	pdia4
ENSP00000219315	ENSG00000103037	SETD6	ENSPKIP00000007643	ENSPKIG00000023460	setd6
ENSP00000605905	ENSG00000062822	POLD1	ENSPKIP00000002662	ENSPKIG00000020431	pold1
ENSP00000543387	ENSG00000156374	PCGF6	ENSPKIP00000013694	ENSPKIG00000001037	pcgf6
ENSP00000454977	ENSG00000187741	FANCA	ENSPKIP00000019526	ENSPKIG00000004656	
ENSP00000552145	ENSG00000094916	CBX5	ENSPKIP00000022174	ENSPKIG00000006288	cbx5
ENSP00000620981	ENSG00000166250	CLMP	ENSPKIP00000039238	ENSPKIG00000016667	
ENSP00000602775	ENSG00000151465	CDC123	ENSPKIP00000025440	ENSPKIG00000008296	cdc123
ENSP00000269582	ENSG00000141744	PNMT	ENSPKIP00000006116	ENSPKIG00000022529	PNMT
ENSP00000596398	ENSG00000198522	GPN1	ENSPKIP00000024115	ENSPKIG00000007460	gpn1
ENSP00000363553	ENSG00000198121	LPAR1	ENSPKIP00000007297	ENSPKIG00000023252	lpar1
ENSP00000552215	ENSG00000103148	NPRL3	ENSPKIP00000003449	ENSPKIG00000020940	nprl3
ENSP00000367459	ENSG00000137261	KIAA0319	ENSPKIP00000012976	ENSPKIG00000000570	kiaa0319
ENSP00000451211	ENSG00000139350	NEDD1	ENSPKIP00000024562	ENSPKIG00000007764	nedd1
ENSP00000269394	ENSG00000141579	ZNF750	ENSPKIP00000028091	ENSPKIG00000009882	
ENSP00000601972	ENSG00000112312	GMNN	ENSPKIP00000022587	ENSPKIG00000006536	gmnn
ENSP00000598113	ENSG00000011523	CEP68	ENSPKIP00000019553	ENSPKIG00000004675	cep68
ENSP00000345468	ENSG00000188133	TMEM215	ENSPKIP00000031006	ENSPKIG00000011679	TMEM215
ENSP00000577433	ENSG00000148218	ALAD	ENSPKIP00000040578	ENSPKIG00000017469	alad
ENSP00000773308	ENSG00000112539	C6orf118	ENSPKIP00000022860	ENSPKIG00000006712	
ENSP00000790087	ENSG00000148450	MSRB2	ENSPKIP00000023217	ENSPKIG00000006931	
ENSP00000791987	ENSG00000112357	PEX7	ENSPKIP00000032935	ENSPKIG00000012811	pex7
ENSP00000630633	ENSG00000111731	C2CD5	ENSPKIP00000027685	ENSPKIG00000009586	c2cd5
ENSP00000431355	ENSG00000176102	CSTF3	ENSPKIP00000007957	ENSPKIG00000023648	cstf3
ENSP00000595624	ENSG00000065518	NDUFB4	ENSPKIP00000010371	ENSPKIG00000025118	ndufb4
ENSP00000640423	ENSG00000108094	CUL2	ENSPKIP00000030064	ENSPKIG00000011001	cul2
ENSP00000385609	ENSG00000115762	PLEKHB2	ENSPKIP00000015916	ENSPKIG00000002448	plekhb2
ENSP00000256497	ENSG00000134109	EDEM1	ENSPKIP00000010309	ENSPKIG00000025073	edem1
ENSP00000432799	ENSG00000145050	MANF	ENSPKIP00000028594	ENSPKIG00000010172	manf
ENSP00000795039	ENSG00000116667	C1orf21	ENSPKIP00000023792	ENSPKIG00000007290	
ENSP00000570426	ENSG00000176248	ANAPC2	ENSPKIP00000040430	ENSPKIG00000017399	anapc2
ENSP00000630743	ENSG00000106483	SFRP4	ENSPKIP00000040980	ENSPKIG00000017725	SFRP4
ENSP00000557983	ENSG00000155393	HEATR3	ENSPKIP00000012430	ENSPKIG00000000235	heatr3
ENSP00000619601	ENSG00000106012	IQCE	ENSPKIP00000031492	ENSPKIG00000011959	iqce
ENSP00000365253	ENSG00000162494	LRRC38	ENSPKIP00000030446	ENSPKIG00000011307	lrrc38b
ENSP00000352447	ENSG00000182795	C1orf116	ENSPKIP00000015096	ENSPKIG00000001924	
ENSP00000423046	ENSG00000163885	CFAP100	ENSPKIP00000041743	ENSPKIG00000018173	cfap100
ENSP00000357384	ENSG00000179085	DPM3	ENSPKIP00000015717	ENSPKIG00000002338	dpm3
ENSP00000387077	ENSG00000150556	LYPD6B	ENSPKIP00000018267	ENSPKIG00000003883	lypd6b
ENSP00000761748	ENSG00000161920	MED11	ENSPKIP00000012400	ENSPKIG00000000209	MED11
ENSP00000362469	ENSG00000136856	SLC2A8	ENSPKIP00000021035	ENSPKIG00000005575	SLC2A8
ENSP00000611540	ENSG00000169129	AFAP1L2	ENSPKIP00000029461	ENSPKIG00000010697	afap1l2
ENSP00000471974	ENSG00000104921	FCER2	ENSPKIP00000011810	ENSPKIG00000018754	
ENSP00000384048	ENSG00000157212	PAXIP1	ENSPKIP00000033173	ENSPKIG00000012980	paxip1
ENSP00000576745	ENSG00000160124	MIX23	ENSPKIP00000010413	ENSPKIG00000025147	mix23
ENSP00000603330	ENSG00000176208	ATAD5	ENSPKIP00000020118	ENSPKIG00000004953	atad5a
ENSP00000520925	ENSG00000164180	TMEM161B	ENSPKIP00000021536	ENSPKIG00000005884	tmem161b
ENSP00000302251	ENSG00000168505	GBX2	ENSPKIP00000030932	ENSPKIG00000011620	gbx2
ENSP00000225972	ENSG00000108829	LRRC59	ENSPKIP00000025795	ENSPKIG00000008516	lrrc59
ENSP00000624482	ENSG00000164638	SLC29A4	ENSPKIP00000041330	ENSPKIG00000017922	slc29a4a
ENSP00000356130	ENSG00000133059	DSTYK	ENSPKIP00000014912	ENSPKIG00000001791	dstyk
ENSP00000233948	ENSG00000115596	WNT6	ENSPKIP00000011948	ENSPKIG00000025645	wnt6b
ENSP00000375776	ENSG00000181027	FKRP	ENSPKIP00000028033	ENSPKIG00000009846	fkrp
ENSP00000385089	ENSG00000181458	TMEM45A	ENSPKIP00000005757	ENSPKIG00000022308	tmem45a
ENSP00000321804	ENSG00000162073	PAQR4	ENSPKIP00000039540	ENSPKIG00000016863	paqr4a
ENSP00000606856	ENSG00000138346	DNA2	ENSPKIP00000025420	ENSPKIG00000008300	DNA2
ENSP00000320359	ENSG00000128581	IFT22	ENSPKIP00000041792	ENSPKIG00000018200	ift22
ENSP00000698425	ENSG00000167397	VKORC1	ENSPKIP00000011456	ENSPKIG00000018541	vkorc1
ENSP00000566483	ENSG00000163453	IGFBP7	ENSPKIP00000012128	ENSPKIG00000000031	igfbp7
ENSP00000682977	ENSG00000120805	ARL1	ENSPKIP00000023525	ENSPKIG00000007118	arl1
ENSP00000789084	ENSG00000164466	SFXN1	ENSPKIP00000017545	ENSPKIG00000003404	sfxn1
ENSP00000599998	ENSG00000156931	VPS8	ENSPKIP00000032870	ENSPKIG00000012798	vps8
ENSP00000325377	ENSG00000136709	WDR33	ENSPKIP00000031736	ENSPKIG00000012104	wdr33
ENSP00000262764	ENSG00000087157	PGS1	ENSPKIP00000033593	ENSPKIG00000013232	pgs1
ENSP00000506026	ENSG00000171631	P2RY6	ENSPKIP00000008812	ENSPKIG00000024152	P2RY6
ENSP00000354583	ENSG00000198948	MFAP3L	ENSPKIP00000037951	ENSPKIG00000015936	mfap3l
ENSP00000570040	ENSG00000165660	ABRAXAS2	ENSPKIP00000013786	ENSPKIG00000001088	ABRAXAS2
ENSP00000792982	ENSG00000086065	CHMP5	ENSPKIP00000029506	ENSPKIG00000010715	chmp5b
ENSP00000296795	ENSG00000164342	TLR3	ENSPKIP00000008600	ENSPKIG00000024029	tlr3
ENSP00000362207	ENSG00000122863	CHST3	ENSPKIP00000023514	ENSPKIG00000007113	chst3b
ENSP00000285947	ENSG00000155542	SETD9	ENSPKIP00000039585	ENSPKIG00000016884	setd9
ENSP00000763463	ENSG00000110492	MDK	ENSPKIP00000017715	ENSPKIG00000003516	MDK
ENSP00000745620	ENSG00000107897	ACBD5	ENSPKIP00000028415	ENSPKIG00000010077	acbd5a
ENSP00000767072	ENSG00000164106	SCRG1	ENSPKIP00000028675	ENSPKIG00000010226	SCRG1
ENSP00000726252	ENSG00000115461	IGFBP5	ENSPKIP00000011487	ENSPKIG00000018554	igfbp5b
ENSP00000264956	ENSG00000072840	EVC	ENSPKIP00000019019	ENSPKIG00000004356	EVC
ENSP00000259455	ENSG00000136928	GABBR2	ENSPKIP00000012729	ENSPKIG00000000392	gabbr2
ENSP00000608666	ENSG00000113460	BRIX1	ENSPKIP00000021580	ENSPKIG00000005920	bxdc2
ENSP00000792870	ENSG00000168884	TNIP2	ENSPKIP00000029376	ENSPKIG00000010651	tnip2
ENSP00000424628	ENSG00000134987	WDR36	ENSPKIP00000011185	ENSPKIG00000025589	wdr36
ENSP00000455566	ENSG00000125170	DOK4	ENSPKIP00000030877	ENSPKIG00000011569	dok4
ENSP00000515216	ENSG00000168412	MTNR1A	ENSPKIP00000008786	ENSPKIG00000024139	mtnr1ab
ENSP00000377396	ENSG00000164125	GASK1B	ENSPKIP00000036423	ENSPKIG00000015004	gask1b
ENSP00000548478	ENSG00000122741	DCAF10	ENSPKIP00000039255	ENSPKIG00000016679	wdr32
ENSP00000491067	ENSG00000089818	NECAP1	ENSPKIP00000014502	ENSPKIG00000001526	necap1
ENSP00000593730	ENSG00000128567	PODXL	ENSPKIP00000021355	ENSPKIG00000005801	
ENSP00000280734	ENSG00000151117	TMEM86A	ENSPKIP00000013267	ENSPKIG00000000765	tmem86a
ENSP00000359583	ENSG00000172987	HPSE2	ENSPKIP00000025620	ENSPKIG00000008417	hpse2
ENSP00000407145	ENSG00000136449	MYCBPAP	ENSPKIP00000028373	ENSPKIG00000009999	mycbpap
ENSP00000303575	ENSG00000170502	NUDT9	ENSPKIP00000039477	ENSPKIG00000016818	nudt9
ENSP00000339340	ENSG00000188997	KCTD21	ENSPKIP00000005805	ENSPKIG00000022337	KCTD11
ENSP00000429763	ENSG00000188916	INSYN2A	ENSPKIP00000014558	ENSPKIG00000001600	INSYN2A
ENSP00000549729	ENSG00000086189	DIMT1	ENSPKIP00000041254	ENSPKIG00000017870	dimt1l
ENSP00000358896	ENSG00000214435	AS3MT	ENSPKIP00000013984	ENSPKIG00000001196	as3mt
ENSP00000380178	ENSG00000132388	UBE2G1	ENSPKIP00000041298	ENSPKIG00000017909	ube2g1a
ENSP00000228515	ENSG00000110925	CSRNP2	ENSPKIP00000036164	ENSPKIG00000014832	csrnp2
ENSP00000549429	ENSG00000099290	WASHC2A	ENSPKIP00000040976	ENSPKIG00000017719	
ENSP00000600275	ENSG00000165055	METTL2B	ENSPKIP00000003498	ENSPKIG00000020973	mettl2a
ENSP00000544161	ENSG00000213977	TAX1BP3	ENSPKIP00000027484	ENSPKIG00000009527	tax1bp3
ENSP00000367595	ENSG00000158109	TPRG1L	ENSPKIP00000034470	ENSPKIG00000013784	tprg1l
ENSP00000219252	ENSG00000102978	POLR2C	ENSPKIP00000020454	ENSPKIG00000005228	polr2c
ENSP00000550795	ENSG00000122679	RAMP3	ENSPKIP00000013981	ENSPKIG00000001210	RAMP3
ENSP00000683606	ENSG00000050628	PTGER3	ENSPKIP00000004735	ENSPKIG00000021722	ptger3
ENSP00000362170	ENSG00000171169	NAIF1	ENSPKIP00000008206	ENSPKIG00000023800	naif1
ENSP00000602272	ENSG00000132382	MYBBP1A	ENSPKIP00000037412	ENSPKIG00000015572	mybbp1a
ENSP00000320650	ENSG00000059769	DNAJC25	ENSPKIP00000012321	ENSPKIG00000000156	dnajc25
ENSP00000545391	ENSG00000146215	CRIP3	ENSPKIP00000005014	ENSPKIG00000021763	crip3
ENSP00000631791	ENSG00000187609	EXD3	ENSPKIP00000003712	ENSPKIG00000021103	exd3
ENSP00000646151	ENSG00000065485	PDIA5	ENSPKIP00000002359	ENSPKIG00000020279	pdia5
ENSP00000466342	ENSG00000142252	GEMIN7	ENSPKIP00000028899	ENSPKIG00000010356	gemin7
ENSP00000239587	ENSG00000120440	TTLL2	ENSPKIP00000035871	ENSPKIG00000014647	ttll2
ENSP00000514596	ENSG00000071127	WDR1	ENSPKIP00000008687	ENSPKIG00000024077	WDR1
ENSP00000342557	ENSG00000104951	IL4I1	ENSPKIP00000001815	ENSPKIG00000019959	il4i1
ENSP00000416289	ENSG00000184465	WDR27	ENSPKIP00000038287	ENSPKIG00000016115	
ENSP00000483260	ENSG00000174748	RPL15	ENSPKIP00000028046	ENSPKIG00000009854	rpl15
ENSP00000239938	ENSG00000120738	EGR1	ENSPKIP00000026838	ENSPKIG00000009152	egr1
ENSP00000262138	ENSG00000075461	CACNG4	ENSPKIP00000021865	ENSPKIG00000006093	cacng4a
ENSP00000591062	ENSG00000155324	GRAMD2B	ENSPKIP00000034833	ENSPKIG00000014016	GRAMD2B
ENSP00000263864	ENSG00000118640	VAMP8	ENSPKIP00000002977	ENSPKIG00000020667	vamp8
ENSP00000498292	ENSG00000164056	SPRY1	ENSPKIP00000037121	ENSPKIG00000015428	SPRY1
ENSP00000483273	ENSG00000164975	SNAPC3	ENSPKIP00000033225	ENSPKIG00000013017	snapc3
ENSP00000296468	ENSG00000164073	MFSD8	ENSPKIP00000021626	ENSPKIG00000005958	mfsd8
ENSP00000336587	ENSG00000109089	CDR2L	ENSPKIP00000021914	ENSPKIG00000006128	CDR2L
ENSP00000263268	ENSG00000118242	MREG	ENSPKIP00000024849	ENSPKIG00000007941	
ENSP00000325376	ENSG00000099783	HNRNPM	ENSPKIP00000014164	ENSPKIG00000001332	hnrnpm
ENSP00000330442	ENSG00000163803	PLB1	ENSPKIP00000006256	ENSPKIG00000022591	plb1
ENSP00000383456	ENSG00000188959	C9orf152	ENSPKIP00000016028	ENSPKIG00000002525	
ENSP00000230381	ENSG00000112619	PRPH2	ENSPKIP00000017313	ENSPKIG00000003278	prph2b
ENSP00000363397	ENSG00000148154	UGCG	ENSPKIP00000009724	ENSPKIG00000024716	ugcg
ENSP00000566863	ENSG00000114439	BBX	ENSPKIP00000015721	ENSPKIG00000002342	bbx
ENSP00000654335	ENSG00000107223	EDF1	ENSPKIP00000025475	ENSPKIG00000008336	edf1
ENSP00000583841	ENSG00000064545	TMEM161A	ENSPKIP00000028441	ENSPKIG00000010088	tmem161a
ENSP00000285298	ENSG00000239789	MRPS17	ENSPKIP00000011855	ENSPKIG00000018389	mrps17
ENSP00000669559	ENSG00000165264	NDUFB6	ENSPKIP00000031025	ENSPKIG00000011695	ndufb6
ENSP00000294053	ENSG00000162129	CLPB	ENSPKIP00000006703	ENSPKIG00000022857	CLPB
ENSP00000629308	ENSG00000105793	GTPBP10	ENSPKIP00000012621	ENSPKIG00000000352	gtpbp10
ENSP00000516078	ENSG00000213066	CEP43	ENSPKIP00000017544	ENSPKIG00000003393	cep43
ENSP00000580996	ENSG00000151552	QDPR	ENSPKIP00000006036	ENSPKIG00000022475	qdpra
ENSP00000373715	ENSG00000172795	DCP2	ENSPKIP00000009638	ENSPKIG00000024658	dcp2
ENSP00000501457	ENSG00000157703	SVOPL	ENSPKIP00000003161	ENSPKIG00000020783	svopl
ENSP00000538923	ENSG00000186994	KANK3	ENSPKIP00000024976	ENSPKIG00000008016	kank3
ENSP00000655027	ENSG00000171564	FGB	ENSPKIP00000037336	ENSPKIG00000015556	fgb
ENSP00000613269	ENSG00000083099	LYRM2	ENSPKIP00000041929	ENSPKIG00000018291	LYRM2
ENSP00000382815	ENSG00000183354	BRD10	ENSPKIP00000003055	ENSPKIG00000020722	BRD10
ENSP00000367214	ENSG00000204928	GRXCR2	ENSPKIP00000009405	ENSPKIG00000024526	GRXCR2
ENSP00000365920	ENSG00000187210	GCNT1	ENSPKIP00000001214	ENSPKIG00000019595	GCNT1
ENSP00000339834	ENSG00000168566	SNRNP48	ENSPKIP00000034333	ENSPKIG00000013703	snrnp48
ENSP00000523707	ENSG00000112308	C6orf62	ENSPKIP00000011536	ENSPKIG00000018571	zgc:111986
ENSP00000491256	ENSG00000214654	B3GALT9	ENSPKIP00000018866	ENSPKIG00000004266	b3galt9
ENSP00000544354	ENSG00000163902	RPN1	ENSPKIP00000020595	ENSPKIG00000005304	rpn1
ENSP00000601312	ENSG00000214736	TOMM6	ENSPKIP00000020621	ENSPKIG00000005331	
ENSP00000378198	ENSG00000145348	TBCK	ENSPKIP00000032098	ENSPKIG00000012287	tbck
ENSP00000618982	ENSG00000152620	NADK2	ENSPKIP00000001566	ENSPKIG00000019798	nadk2
ENSP00000502603	ENSG00000169064	ZBBX	ENSPKIP00000008993	ENSPKIG00000024255	
ENSP00000691708	ENSG00000130725	UBE2M	ENSPKIP00000025285	ENSPKIG00000008202	
ENSP00000358861	ENSG00000135338	LCA5	ENSPKIP00000008756	ENSPKIG00000024115	lca5
ENSP00000674753	ENSG00000146576	INTS15	ENSPKIP00000041370	ENSPKIG00000017941	ints15
ENSP00000520807	ENSG00000104904	OAZ1	ENSPKIP00000041482	ENSPKIG00000018015	oaz1a
ENSP00000300976	ENSG00000167487	KLHL26	ENSPKIP00000001211	ENSPKIG00000019593	klhl26
ENSP00000569033	ENSG00000132376	INPP5K	ENSPKIP00000012072	ENSPKIG00000025592	INPP5K
ENSP00000582222	ENSG00000103460	TOX3	ENSPKIP00000005625	ENSPKIG00000022220	tox3
ENSP00000337289	ENSG00000031691	CENPQ	ENSPKIP00000032535	ENSPKIG00000012598	
ENSP00000484618	ENSG00000248329	APELA	ENSPKIP00000001570	ENSPKIG00000019815	
ENSP00000694314	ENSG00000008083	JARID2	ENSPKIP00000041558	ENSPKIG00000017990	JARID2
ENSP00000288025	ENSG00000157315	TMED6	ENSPKIP00000022233	ENSPKIG00000006330	
ENSP00000265070	ENSG00000113384	GOLPH3	ENSPKIP00000024131	ENSPKIG00000007505	golph3a
ENSP00000514756	ENSG00000239697	TNFSF12	ENSPKIP00000022036	ENSPKIG00000006202	tnfsf12
ENSP00000641553	ENSG00000173692	PSMD1	ENSPKIP00000015477	ENSPKIG00000002162	psmd1
ENSP00000738208	ENSG00000144713	RPL32	ENSPKIP00000021293	ENSPKIG00000005757	rpl32
ENSP00000461388	ENSG00000262664	OVCA2	ENSPKIP00000025200	ENSPKIG00000008162	ovca2
ENSP00000407010	ENSG00000146410	MTFR2	ENSPKIP00000007061	ENSPKIG00000023105	mtfr2
ENSP00000253458	ENSG00000131149	GSE1	ENSPKIP00000012920	ENSPKIG00000000453	gse1b
ENSP00000478795	ENSG00000028839	TBPL1	ENSPKIP00000018363	ENSPKIG00000003946	tbpl1
ENSP00000494576	ENSG00000181585	TMIE	ENSPKIP00000021198	ENSPKIG00000005694	tmie
ENSP00000381428	ENSG00000163320	CGGBP1	ENSPKIP00000012313	ENSPKIG00000000151	
ENSP00000666376	ENSG00000137204	SLC22A7	ENSPKIP00000005187	ENSPKIG00000021962	slc22a7b.4
ENSP00000350314	ENSG00000197580	BCO2	ENSPKIP00000001076	ENSPKIG00000019470	bco2b
ENSP00000323068	ENSG00000146802	TMEM168	ENSPKIP00000013817	ENSPKIG00000001106	tmem168a
ENSP00000328230	ENSG00000185897	FFAR3	ENSPKIP00000012233	ENSPKIG00000000104	
ENSP00000283027	ENSG00000103274	NUBP1	ENSPKIP00000011334	ENSPKIG00000018466	NUBP1
ENSP00000785031	ENSG00000095713	CRTAC1	ENSPKIP00000026212	ENSPKIG00000008679	crtac1b
ENSP00000226105	ENSG00000108961	RANGRF	ENSPKIP00000015055	ENSPKIG00000001893	rangrf
ENSP00000495110	ENSG00000103197	TSC2	ENSPKIP00000016189	ENSPKIG00000002534	tsc2
ENSP00000356857	ENSG00000118526	TCF21	ENSPKIP00000018298	ENSPKIG00000003912	tcf21
ENSP00000718009	ENSG00000019582	CD74	ENSPKIP00000027610	ENSPKIG00000009604	
ENSP00000397113	ENSG00000169814	BTD	ENSPKIP00000012084	ENSPKIG00000025675	btd
ENSP00000547483	ENSG00000165733	BMS1	ENSPKIP00000025257	ENSPKIG00000008165	bms1
ENSP00000602837	ENSG00000028277	POU2F2	ENSPKIP00000039341	ENSPKIG00000016737	pou2f2b
ENSP00000537048	ENSG00000076043	REXO2	ENSPKIP00000013503	ENSPKIG00000000911	smfn
ENSP00000380074	ENSG00000177058	SLC38A9	ENSPKIP00000010930	ENSPKIG00000025454	slc38a9
ENSP00000619735	ENSG00000181396	OGFOD3	ENSPKIP00000005029	ENSPKIG00000021877	ogfod3
ENSP00000601430	ENSG00000130764	LRRC47	ENSPKIP00000031770	ENSPKIG00000012128	lrrc47
ENSP00000341947	ENSG00000189308	LIN54	ENSPKIP00000011074	ENSPKIG00000025530	lin54
ENSP00000275015	ENSG00000146232	NFKBIE	ENSPKIP00000016134	ENSPKIG00000002594	nfkbie
ENSP00000365388	ENSG00000148459	PDSS1	ENSPKIP00000028649	ENSPKIG00000010189	pdss1
ENSP00000512098	ENSG00000157131	C8A	ENSPKIP00000015383	ENSPKIG00000002126	C8A
ENSP00000628259	ENSG00000115657	ABCB6	ENSPKIP00000016502	ENSPKIG00000002713	abcb6a
ENSP00000374237	ENSG00000204361	NXPE2	ENSPKIP00000008262	ENSPKIG00000023832	
ENSP00000281437	ENSG00000043039	BARX2	ENSPKIP00000039170	ENSPKIG00000016634	barx2
ENSP00000507575	ENSG00000019485	PRDM11	ENSPKIP00000033399	ENSPKIG00000013122	prdm11
ENSP00000375653	ENSG00000142405	NLRP12	ENSPKIP00000023262	ENSPKIG00000006957	
ENSP00000355760	ENSG00000164488	DACT2	ENSPKIP00000039609	ENSPKIG00000016903	dact2
ENSP00000610924	ENSG00000188690	UROS	ENSPKIP00000018078	ENSPKIG00000003751	uros
ENSP00000365931	ENSG00000167182	SP2	ENSPKIP00000024607	ENSPKIG00000007769	sp2
ENSP00000606307	ENSG00000112742	TTK	ENSPKIP00000006083	ENSPKIG00000022506	ttk
ENSP00000280325	ENSG00000150750	POU2AF2	ENSPKIP00000000819	ENSPKIG00000019342	zgc:158412
ENSP00000318884	ENSG00000155816	FMN2	ENSPKIP00000014757	ENSPKIG00000001696	fmn2a
ENSP00000553749	ENSG00000185813	PCYT2	ENSPKIP00000007846	ENSPKIG00000023585	PCYT2
ENSP00000413498	ENSG00000106078	COBL	ENSPKIP00000032600	ENSPKIG00000012618	cobl
ENSP00000436260	ENSG00000214063	TSPAN4	ENSPKIP00000000466	ENSPKIG00000019092	tspan4a
ENSP00000377969	ENSG00000125651	GTF2F1	ENSPKIP00000018737	ENSPKIG00000004185	gtf2f1
ENSP00000526363	ENSG00000138821	SLC39A8	ENSPKIP00000030562	ENSPKIG00000011365	SLC39A8
ENSP00000305595	ENSG00000170340	B3GNT2	ENSPKIP00000020893	ENSPKIG00000005518	B3GNT2
ENSP00000646120	ENSG00000131507	NDFIP1	ENSPKIP00000009136	ENSPKIG00000024354	ndfip1l
ENSP00000386674	ENSG00000153237	CCDC148	ENSPKIP00000016859	ENSPKIG00000003009	CCDC148
ENSP00000559003	ENSG00000069122	ADGRF5	ENSPKIP00000035768	ENSPKIG00000014593	
ENSP00000525852	ENSG00000145604	SKP2	ENSPKIP00000001638	ENSPKIG00000019858	skp2
ENSP00000377311	ENSG00000267673	FDX2	ENSPKIP00000028963	ENSPKIG00000010398	fdx2
ENSP00000290524	ENSG00000143390	RFX5	ENSPKIP00000009929	ENSPKIG00000024836	rfx5
ENSP00000277540	ENSG00000148399	DPH7	ENSPKIP00000009988	ENSPKIG00000024878	dph7
ENSP00000586897	ENSG00000105700	KXD1	ENSPKIP00000016928	ENSPKIG00000003053	kxd1
ENSP00000613338	ENSG00000128563	PRKRIP1	ENSPKIP00000011304	ENSPKIG00000018451	prkrip1
ENSP00000327168	ENSG00000131188	PRR7	ENSPKIP00000039668	ENSPKIG00000016938	prr7
ENSP00000315212	ENSG00000063978	RNF4	ENSPKIP00000011553	ENSPKIG00000018588	RNF4
ENSP00000500993	ENSG00000011451	WIZ	ENSPKIP00000025385	ENSPKIG00000008281	wizb
ENSP00000256178	ENSG00000133800	LYVE1	ENSPKIP00000006627	ENSPKIG00000022831	
ENSP00000263461	ENSG00000120008	WDR11	ENSPKIP00000004130	ENSPKIG00000021337	wdr11
ENSP00000499430	ENSG00000110427	KIAA1549L	ENSPKIP00000008107	ENSPKIG00000023742	
ENSP00000269298	ENSG00000141504	SAT2	ENSPKIP00000015234	ENSPKIG00000002021	sat2b
ENSP00000624212	ENSG00000167986	DDB1	ENSPKIP00000000663	ENSPKIG00000019213	ddb1
ENSP00000384497	ENSG00000106018	VIPR2	ENSPKIP00000032465	ENSPKIG00000012556	vipr2
ENSP00000520519	ENSG00000125656	CLPP	ENSPKIP00000020622	ENSPKIG00000005333	clpp
ENSP00000619741	ENSG00000145388	METTL14	ENSPKIP00000004949	ENSPKIG00000021821	mettl14
ENSP00000605376	ENSG00000141741	MIEN1	ENSPKIP00000011241	ENSPKIG00000018788	selenow2a
ENSP00000384398	ENSG00000181588	MEX3D	ENSPKIP00000030235	ENSPKIG00000011176	MEX3D
ENSP00000250615	ENSG00000129673	AANAT	ENSPKIP00000024192	ENSPKIG00000007540	AANAT
ENSP00000530431	ENSG00000086062	B4GALT1	ENSPKIP00000012058	ENSPKIG00000025614	b4galt1l
ENSP00000684226	ENSG00000244045	VMA12	ENSPKIP00000003698	ENSPKIG00000021095	vma12
ENSP00000425347	ENSG00000198498	TMA16	ENSPKIP00000001464	ENSPKIG00000019747	tma16
ENSP00000790109	ENSG00000108349	CASC3	ENSPKIP00000007187	ENSPKIG00000023186	casc3
ENSP00000342581	ENSG00000136811	ODF2	ENSPKIP00000035912	ENSPKIG00000014678	odf2a
ENSP00000395340	ENSG00000222011	FAM185A	ENSPKIP00000002872	ENSPKIG00000020595	fam185a
ENSP00000668116	ENSG00000159733	ZFYVE28	ENSPKIP00000028018	ENSPKIG00000009820	zfyve28
ENSP00000539160	ENSG00000169189	NSMCE1	ENSPKIP00000014481	ENSPKIG00000001520	nsmce1
ENSP00000426991	ENSG00000124818	OPN5	ENSPKIP00000036057	ENSPKIG00000014761	opn5
ENSP00000444565	ENSG00000168591	TMUB2	ENSPKIP00000038325	ENSPKIG00000016147	tmub2
ENSP00000544079	ENSG00000156711	MAPK13	ENSPKIP00000026612	ENSPKIG00000009004	mapk13
ENSP00000705793	ENSG00000105373	NOP53	ENSPKIP00000012293	ENSPKIG00000000127	nop53
ENSP00000345206	ENSG00000168214	RBPJ	ENSPKIP00000000406	ENSPKIG00000019077	rbpja
ENSP00000353098	ENSG00000197771	MCMBP	ENSPKIP00000021017	ENSPKIG00000005579	mcmbp
ENSP00000741408	ENSG00000108433	GOSR2	ENSPKIP00000019809	ENSPKIG00000004821	gosr2
ENSP00000577168	ENSG00000153066	TXNDC11	ENSPKIP00000035302	ENSPKIG00000014319	txndc11
ENSP00000222990	ENSG00000106266	SNX8	ENSPKIP00000028752	ENSPKIG00000010257	snx8a
ENSP00000523339	ENSG00000167112	TRUB2	ENSPKIP00000001507	ENSPKIG00000019769	trub2
ENSP00000361310	ENSG00000170734	POLH	ENSPKIP00000003908	ENSPKIG00000021220	polh
ENSP00000362392	ENSG00000160401	CFAP157	ENSPKIP00000020763	ENSPKIG00000005432	cfap157
ENSP00000366945	ENSG00000122696	SLC25A51	ENSPKIP00000017899	ENSPKIG00000003640	
ENSP00000623052	ENSG00000180198	RCC1	ENSPKIP00000002971	ENSPKIG00000020659	rcc1
ENSP00000696711	ENSG00000067955	CBFB	ENSPKIP00000006018	ENSPKIG00000022466	cbfb
ENSP00000455442	ENSG00000185290	NUPR2	ENSPKIP00000039051	ENSPKIG00000016570	nupr1a
ENSP00000499386	ENSG00000146857	STRA8	ENSPKIP00000008627	ENSPKIG00000024040	
ENSP00000609248	ENSG00000076650	GPATCH1	ENSPKIP00000003108	ENSPKIG00000020745	gpatch1
ENSP00000573833	ENSG00000197712	FAM114A1	ENSPKIP00000018404	ENSPKIG00000003979	fam114a1
ENSP00000553455	ENSG00000169223	LMAN2	ENSPKIP00000001105	ENSPKIG00000019510	lman2
ENSP00000632720	ENSG00000186439	TRDN	ENSPKIP00000033498	ENSPKIG00000013171	
ENSP00000556171	ENSG00000115944	COX7A2L	ENSPKIP00000027635	ENSPKIG00000009622	cox7a2l
ENSP00000326445	ENSG00000178343	SHISA3	ENSPKIP00000030233	ENSPKIG00000011175	shisa3
ENSP00000274711	ENSG00000146006	LRRTM2	ENSPKIP00000038055	ENSPKIG00000016003	lrrtm2
ENSP00000565985	ENSG00000148090	AUH	ENSPKIP00000003430	ENSPKIG00000020941	auh
ENSP00000470262	ENSG00000181029	TRAPPC5	ENSPKIP00000022995	ENSPKIG00000006799	trappc5
ENSP00000263620	ENSG00000116017	ARID3A	ENSPKIP00000024065	ENSPKIG00000007465	arid3a
ENSP00000666904	ENSG00000213672	NCKIPSD	ENSPKIP00000008798	ENSPKIG00000024138	nckipsd
ENSP00000775230	ENSG00000142534	RPS11	ENSPKIP00000001794	ENSPKIG00000019942	rps11l
ENSP00000158771	ENSG00000072849	DERL2	ENSPKIP00000041842	ENSPKIG00000018226	derl2
ENSP00000350874	ENSG00000197006	METTL9	ENSPKIP00000024601	ENSPKIG00000007788	mettl9
ENSP00000379629	ENSG00000111276	CDKN1B	ENSPKIP00000004851	ENSPKIG00000021775	CDKN1B
ENSP00000576243	ENSG00000035928	RFC1	ENSPKIP00000019044	ENSPKIG00000004363	rfc1
ENSP00000600742	ENSG00000136021	SCYL2	ENSPKIP00000021827	ENSPKIG00000006047	scyl2
ENSP00000264819	ENSG00000105556	MIER2	ENSPKIP00000039964	ENSPKIG00000017115	mier2
ENSP00000369965	ENSG00000145741	BTF3	ENSPKIP00000000192	ENSPKIG00000018952	btf3
ENSP00000314484	ENSG00000162039	MEIOB	ENSPKIP00000014914	ENSPKIG00000001813	meiob
ENSP00000684045	ENSG00000157800	SLC37A3	ENSPKIP00000013280	ENSPKIG00000000743	
ENSP00000527405	ENSG00000134996	OSTF1	ENSPKIP00000012386	ENSPKIG00000000194	ostf1
ENSP00000584303	ENSG00000172366	MCRIP2	ENSPKIP00000010218	ENSPKIG00000025021	mcrip2
ENSP00000574492	ENSG00000084092	NOA1	ENSPKIP00000012073	ENSPKIG00000025654	noa1
ENSP00000618520	ENSG00000170242	USP47	ENSPKIP00000029242	ENSPKIG00000010423	usp47
ENSP00000368452	ENSG00000164978	NUDT2	ENSPKIP00000039478	ENSPKIG00000016821	nudt2
ENSP00000598432	ENSG00000145216	FIP1L1	ENSPKIP00000017584	ENSPKIG00000003396	fip1l1b
ENSP00000593275	ENSG00000107290	SETX	ENSPKIP00000010441	ENSPKIG00000025162	SETX
ENSP00000453934	ENSG00000105419	MEIS3	ENSPKIP00000025636	ENSPKIG00000008427	meis3
ENSP00000450461	ENSG00000258890	CEP95	ENSPKIP00000022857	ENSPKIG00000006708	CEP95
ENSP00000285871	ENSG00000135205	CCDC146	ENSPKIP00000002915	ENSPKIG00000020623	ccdc146
ENSP00000565532	ENSG00000168118	RAB4A	ENSPKIP00000021150	ENSPKIG00000005672	rab4a
ENSP00000505346	ENSG00000124523	SIRT5	ENSPKIP00000025051	ENSPKIG00000008055	SIRT5
ENSP00000411177	ENSG00000082515	MRPL22	ENSPKIP00000028071	ENSPKIG00000009864	mrpl22
ENSP00000395590	ENSG00000068079	IFI35	ENSPKIP00000011675	ENSPKIG00000018670	ifi35
ENSP00000626524	ENSG00000106400	ZNHIT1	ENSPKIP00000020609	ENSPKIG00000005317	znhit1
ENSP00000563294	ENSG00000187790	FANCM	ENSPKIP00000013407	ENSPKIG00000000861	
ENSP00000507741	ENSG00000137094	DNAJB5	ENSPKIP00000040230	ENSPKIG00000017272	dnajb5
ENSP00000554626	ENSG00000074755	ZZEF1	ENSPKIP00000041098	ENSPKIG00000017736	zzef1
ENSP00000349961	ENSG00000113810	SMC4	ENSPKIP00000027792	ENSPKIG00000009665	smc4
ENSP00000620138	ENSG00000096088	PGC	ENSPKIP00000010748	ENSPKIG00000025336	PGC
ENSP00000476650	ENSG00000175854	SWI5	ENSPKIP00000003959	ENSPKIG00000021253	swi5
ENSP00000351536	ENSG00000165661	QSOX2	ENSPKIP00000025075	ENSPKIG00000008076	qsox2
ENSP00000433547	ENSG00000112739	PRP4K	ENSPKIP00000018237	ENSPKIG00000003877	prpf4bb
ENSP00000312773	ENSG00000168256	NKIRAS2	ENSPKIP00000014265	ENSPKIG00000001394	nkiras2
ENSP00000420040	ENSG00000120049	KCNIP2	ENSPKIP00000036144	ENSPKIG00000014808	kcnip2
ENSP00000513305	ENSG00000141564	RPTOR	ENSPKIP00000022615	ENSPKIG00000006509	rptor
ENSP00000456920	ENSG00000103175	WFDC1	ENSPKIP00000017684	ENSPKIG00000003498	wfdc1
ENSP00000336762	ENSG00000214274	ANG	ENSPKIP00000012614	ENSPKIG00000000354	
ENSP00000762590	ENSG00000221983	UBA52	ENSPKIP00000021658	ENSPKIG00000005976	uba52
ENSP00000306390	ENSG00000172382	PRSS27	ENSPKIP00000010845	ENSPKIG00000025399	
ENSP00000436049	ENSG00000149100	EIF3M	ENSPKIP00000007765	ENSPKIG00000023537	EIF3M
ENSP00000300651	ENSG00000125686	MED1	ENSPKIP00000002844	ENSPKIG00000020555	med1
ENSP00000792651	ENSG00000162065	TBC1D24	ENSPKIP00000025649	ENSPKIG00000008441	tbc1d24
ENSP00000642190	ENSG00000114670	NEK11	ENSPKIP00000005352	ENSPKIG00000022055	nek11
ENSP00000356433	ENSG00000111962	UST	ENSPKIP00000040740	ENSPKIG00000017585	UST
ENSP00000509343	ENSG00000277200	CCDC92B	ENSPKIP00000021083	ENSPKIG00000005621	ccdc92ba
ENSP00000321106	ENSG00000006128	TAC1	ENSPKIP00000028946	ENSPKIG00000010384	tac1
ENSP00000420357	ENSG00000111832	RWDD1	ENSPKIP00000012006	ENSPKIG00000025660	rwdd1
ENSP00000364683	ENSG00000095739	BAMBI	ENSPKIP00000027338	ENSPKIG00000009444	bambia
ENSP00000224337	ENSG00000095585	BLNK	ENSPKIP00000037525	ENSPKIG00000015675	blnk
ENSP00000384488	ENSG00000011105	TSPAN9	ENSPKIP00000001623	ENSPKIG00000019820	tspan9a
ENSP00000386787	ENSG00000121210	TMEM131L	ENSPKIP00000040869	ENSPKIG00000017620	tmem131l
ENSP00000347213	ENSG00000054179	ENTPD2	ENSPKIP00000012881	ENSPKIG00000000514	ENTPD2
ENSP00000576073	ENSG00000171148	TADA3	ENSPKIP00000010714	ENSPKIG00000025324	tada3l
ENSP00000626751	ENSG00000065308	TRAM2	ENSPKIP00000039575	ENSPKIG00000016877	tram2
ENSP00000228741	ENSG00000111145	ELK3	ENSPKIP00000009286	ENSPKIG00000024452	ELK3
ENSP00000455026	ENSG00000007376	RPUSD1	ENSPKIP00000000085	ENSPKIG00000018890	rpusd1
ENSP00000286918	ENSG00000156381	ANKRD9	ENSPKIP00000007031	ENSPKIG00000023079	zgc:112001
ENSP00000388431	ENSG00000153485	LYSET	ENSPKIP00000020863	ENSPKIG00000005493	LYSET
ENSP00000511693	ENSG00000149262	INTS4	ENSPKIP00000008609	ENSPKIG00000024017	ints4
ENSP00000313875	ENSG00000117335	CD46	ENSPKIP00000030056	ENSPKIG00000011036	
ENSP00000297071	ENSG00000164548	TRA2A	ENSPKIP00000032037	ENSPKIG00000012298	tra2a
ENSP00000481920	ENSG00000133997	MED6	ENSPKIP00000015849	ENSPKIG00000002417	med6
ENSP00000296129	ENSG00000163814	CDCP1	ENSPKIP00000035073	ENSPKIG00000014164	
ENSP00000423623	ENSG00000154277	UCHL1	ENSPKIP00000020551	ENSPKIG00000005285	uchl1
ENSP00000326240	ENSG00000085274	MYNN	ENSPKIP00000002780	ENSPKIG00000020543	
ENSP00000689795	ENSG00000113068	PFDN1	ENSPKIP00000041748	ENSPKIG00000018180	pfdn1
ENSP00000414558	ENSG00000100439	ABHD4	ENSPKIP00000036028	ENSPKIG00000014749	ABHD4
ENSP00000522839	ENSG00000139180	NDUFA9	ENSPKIP00000008621	ENSPKIG00000024032	ndufa9a
ENSP00000350865	ENSG00000173253	DMRT2	ENSPKIP00000042001	ENSPKIG00000018410	dmrt2a
ENSP00000420552	ENSG00000181847	TIGIT	ENSPKIP00000011715	ENSPKIG00000018693	
ENSP00000532211	ENSG00000168404	MLKL	ENSPKIP00000002339	ENSPKIG00000020269	MLKL
ENSP00000452750	ENSG00000238227	TMEM250	ENSPKIP00000025125	ENSPKIG00000008111	TMEM250
ENSP00000287814	ENSG00000157150	TIMP4	ENSPKIP00000009953	ENSPKIG00000024854	TIMP4
ENSP00000617753	ENSG00000100629	CEP128	ENSPKIP00000006925	ENSPKIG00000022979	CEP128
ENSP00000387334	ENSG00000160703	NLRX1	ENSPKIP00000000548	ENSPKIG00000019168	nlrx1
ENSP00000613227	ENSG00000138772	ANXA3	ENSPKIP00000036788	ENSPKIG00000015225	anxa3b
ENSP00000364405	ENSG00000165244	ZNF367	ENSPKIP00000041149	ENSPKIG00000017815	znf367
ENSP00000455041	ENSG00000170537	TMC7	ENSPKIP00000031463	ENSPKIG00000011939	tmc4
ENSP00000361125	ENSG00000112715	VEGFA	ENSPKIP00000032916	ENSPKIG00000012831	vegfab
ENSP00000777929	ENSG00000119509	INVS	ENSPKIP00000036056	ENSPKIG00000014755	invs
ENSP00000592515	ENSG00000164587	RPS14	ENSPKIP00000000942	ENSPKIG00000019412	rps14
ENSP00000447253	ENSG00000182050	MGAT4C	ENSPKIP00000008872	ENSPKIG00000024191	mgat4c
ENSP00000710976	ENSG00000036530	CYP46A1	ENSPKIP00000036157	ENSPKIG00000014827	
ENSP00000613340	ENSG00000104872	PIH1D1	ENSPKIP00000002233	ENSPKIG00000020208	pih1d1
ENSP00000263073	ENSG00000070366	SMG6	ENSPKIP00000025294	ENSPKIG00000008205	
ENSP00000582530	ENSG00000198931	APRT	ENSPKIP00000025291	ENSPKIG00000008216	aprt
ENSP00000566207	ENSG00000176973	FAM89B	ENSPKIP00000019333	ENSPKIG00000004547	fam89b
ENSP00000530363	ENSG00000074319	TSG101	ENSPKIP00000012619	ENSPKIG00000000356	tsg101a
ENSP00000308369	ENSG00000174106	LEMD3	ENSPKIP00000004744	ENSPKIG00000021723	lemd3
ENSP00000350249	ENSG00000128513	POT1	ENSPKIP00000030825	ENSPKIG00000011529	pot1
ENSP00000245457	ENSG00000125384	PTGER2	ENSPKIP00000034440	ENSPKIG00000013768	ptger2a
ENSP00000376708	ENSG00000165816	VWA2	ENSPKIP00000029408	ENSPKIG00000010666	vwa2
ENSP00000551848	ENSG00000250799	PRODH2	ENSPKIP00000015324	ENSPKIG00000002088	zgc:92040
ENSP00000646109	ENSG00000022976	ZNF839	ENSPKIP00000026554	ENSPKIG00000008996	znf839
ENSP00000397818	ENSG00000125454	SLC25A19	ENSPKIP00000007843	ENSPKIG00000023578	slc25a19
ENSP00000790300	ENSG00000007541	PIGQ	ENSPKIP00000001423	ENSPKIG00000019710	pigq
ENSP00000724897	ENSG00000196177	ACADSB	ENSPKIP00000016998	ENSPKIG00000003087	acadsb
ENSP00000368017	ENSG00000133858	ZFC3H1	ENSPKIP00000007251	ENSPKIG00000023219	ZFC3H1
ENSP00000559698	ENSG00000272047	GTF2H5	ENSPKIP00000008298	ENSPKIG00000023857	gtf2h5
ENSP00000608268	ENSG00000132570	PCBD2	ENSPKIP00000040206	ENSPKIG00000017256	
ENSP00000318650	ENSG00000180875	GREM2	ENSPKIP00000014657	ENSPKIG00000001656	grem2a
ENSP00000555163	ENSG00000197498	RPF2	ENSPKIP00000001090	ENSPKIG00000019506	rpf2
ENSP00000516322	ENSG00000145365	TIFA	ENSPKIP00000010647	ENSPKIG00000025284	tifa
ENSP00000797983	ENSG00000119705	SLIRP	ENSPKIP00000026282	ENSPKIG00000008831	slirp
ENSP00000070846	ENSG00000057294	PKP2	ENSPKIP00000010876	ENSPKIG00000025419	
ENSP00000370839	ENSG00000163069	SGCB	ENSPKIP00000019173	ENSPKIG00000004440	sgcb
ENSP00000789383	ENSG00000172425	TTC36	ENSPKIP00000038006	ENSPKIG00000015965	ttc36
ENSP00000287641	ENSG00000157005	SST	ENSPKIP00000002622	ENSPKIG00000020455	sst1.1
ENSP00000521154	ENSG00000161031	PGLYRP2	ENSPKIP00000023052	ENSPKIG00000006826	pglyrp6
ENSP00000264993	ENSG00000091527	CDV3	ENSPKIP00000030982	ENSPKIG00000011652	cdv3
ENSP00000260283	ENSG00000137727	ARHGAP20	ENSPKIP00000032342	ENSPKIG00000012452	
ENSP00000610937	ENSG00000250317	SMIM20	ENSPKIP00000009512	ENSPKIG00000024599	
ENSP00000723859	ENSG00000162896	PIGR	ENSPKIP00000002037	ENSPKIG00000020081	
ENSP00000529296	ENSG00000140043	PTGR2	ENSPKIP00000026913	ENSPKIG00000009191	ptgr2
ENSP00000417158	ENSG00000153446	C16orf89	ENSPKIP00000001285	ENSPKIG00000019633	si:ch211-76l23.7
ENSP00000529576	ENSG00000111707	SUDS3	ENSPKIP00000027197	ENSPKIG00000009330	suds3
ENSP00000651581	ENSG00000120742	SERP1	ENSPKIP00000030605	ENSPKIG00000011400	zgc:92744
ENSP00000548194	ENSG00000160799	CCDC12	ENSPKIP00000000487	ENSPKIG00000019130	ccdc12
ENSP00000593449	ENSG00000139370	SLC15A4	ENSPKIP00000005891	ENSPKIG00000022377	slc15a4
ENSP00000385957	ENSG00000187715	KBTBD12	ENSPKIP00000013358	ENSPKIG00000000831	kbtbd12
ENSP00000587084	ENSG00000138035	PNPT1	ENSPKIP00000004599	ENSPKIG00000021612	PNPT1
ENSP00000606243	ENSG00000069849	ATP1B3	ENSPKIP00000036297	ENSPKIG00000014914	atp1b3a
ENSP00000601361	ENSG00000100442	FKBP3	ENSPKIP00000003860	ENSPKIG00000021184	fkbp3
ENSP00000348089	ENSG00000225830	ERCC6	ENSPKIP00000039819	ENSPKIG00000017015	ercc6
ENSP00000331640	ENSG00000184857	TMEM186	ENSPKIP00000002533	ENSPKIG00000020395	tmem186
ENSP00000792941	ENSG00000111652	COPS7A	ENSPKIP00000015678	ENSPKIG00000002312	cops7a
ENSP00000456908	ENSG00000174177	CTU2	ENSPKIP00000024817	ENSPKIG00000007920	CTU2
ENSP00000498075	ENSG00000140022	STON2	ENSPKIP00000026645	ENSPKIG00000009039	ston2
ENSP00000503738	ENSG00000141279	NPEPPS	ENSPKIP00000024717	ENSPKIG00000007832	npepps
ENSP00000259939	ENSG00000137393	RNF144B	ENSPKIP00000041942	ENSPKIG00000018279	rnf144b
ENSP00000689496	ENSG00000106086	PLEKHA8	ENSPKIP00000026440	ENSPKIG00000008918	plekha8
ENSP00000283141	ENSG00000153157	SYCP2L	ENSPKIP00000023821	ENSPKIG00000007306	
ENSP00000640898	ENSG00000100433	KCNK10	ENSPKIP00000006209	ENSPKIG00000022579	kcnk10a
ENSP00000298705	ENSG00000165807	PPP1R36	ENSPKIP00000000427	ENSPKIG00000019102	
ENSP00000782797	ENSG00000164124	TMEM144	ENSPKIP00000011710	ENSPKIG00000018676	tmem144b
ENSP00000331879	ENSG00000185238	PRMT3	ENSPKIP00000006564	ENSPKIG00000022779	prmt3
ENSP00000794365	ENSG00000134001	EIF2S1	ENSPKIP00000024191	ENSPKIG00000007541	eif2s1b
ENSP00000385905	ENSG00000213918	DNASE1	ENSPKIP00000041476	ENSPKIG00000018016	dnase1
ENSP00000373244	ENSG00000114646	CSPG5	ENSPKIP00000004911	ENSPKIG00000021817	CSPG5
ENSP00000265056	ENSG00000073111	MCM2	ENSPKIP00000009449	ENSPKIG00000024553	mcm2
ENSP00000503676	ENSG00000174080	CTSF	ENSPKIP00000010445	ENSPKIG00000025157	ctsf
ENSP00000231512	ENSG00000113583	C5orf15	ENSPKIP00000040859	ENSPKIG00000017660	C5orf15
ENSP00000320413	ENSG00000112210	RAB23	ENSPKIP00000009060	ENSPKIG00000024310	rab23
ENSP00000373477	ENSG00000211445	GPX3	ENSPKIP00000038464	ENSPKIG00000016229	gpx3
ENSP00000797258	ENSG00000164818	DNAAF5	ENSPKIP00000023143	ENSPKIG00000006851	DNAAF5
ENSP00000590333	ENSG00000168887	C2orf68	ENSPKIP00000040921	ENSPKIG00000017698	si:ch211-283h6.4
ENSP00000527629	ENSG00000127884	ECHS1	ENSPKIP00000017074	ENSPKIG00000003138	echs1
ENSP00000626872	ENSG00000159210	SNF8	ENSPKIP00000007345	ENSPKIG00000023268	snf8
ENSP00000773758	ENSG00000034713	GABARAPL2	ENSPKIP00000002967	ENSPKIG00000020658	GABARAPL2
ENSP00000545168	ENSG00000119004	CYP20A1	ENSPKIP00000025622	ENSPKIG00000008410	cyp20a1
ENSP00000499972	ENSG00000173214	SLC60A2	ENSPKIP00000001007	ENSPKIG00000019462	slc60a2b
ENSP00000540701	ENSG00000134057	CCNB1	ENSPKIP00000011170	ENSPKIG00000025581	ccnb1
ENSP00000280979	ENSG00000151320	AKAP6	ENSPKIP00000015930	ENSPKIG00000002444	akap6
ENSP00000275053	ENSG00000146263	MMS22L	ENSPKIP00000011947	ENSPKIG00000025598	mms22l
ENSP00000221403	ENSG00000104808	DHDH	ENSPKIP00000001000	ENSPKIG00000019453	dhdh.2
ENSP00000434515	ENSG00000134802	SLC43A3	ENSPKIP00000024585	ENSPKIG00000007782	slc43a3a
ENSP00000253079	ENSG00000130783	CCDC62	ENSPKIP00000013921	ENSPKIG00000001151	
ENSP00000264639	ENSG00000108344	PSMD3	ENSPKIP00000006065	ENSPKIG00000022477	psmd3
ENSP00000302770	ENSG00000170684	ZNF296	ENSPKIP00000030354	ENSPKIG00000011230	znf296
ENSP00000641561	ENSG00000197776	KLHDC1	ENSPKIP00000007806	ENSPKIG00000023562	
ENSP00000578469	ENSG00000112936	C7	ENSPKIP00000040072	ENSPKIG00000017183	c7b
ENSP00000566535	ENSG00000116095	PLEKHA3	ENSPKIP00000012387	ENSPKIG00000000201	plekha3
ENSP00000601358	ENSG00000213339	QTRT1	ENSPKIP00000033598	ENSPKIG00000013247	QTRT1
ENSP00000568593	ENSG00000065427	KARS1	ENSPKIP00000028115	ENSPKIG00000009896	kars1
ENSP00000404676	ENSG00000164219	PGGT1B	ENSPKIP00000040350	ENSPKIG00000017342	pggt1b
ENSP00000351742	ENSG00000112561	TFEB	ENSPKIP00000020081	ENSPKIG00000005002	tfeb
ENSP00000767804	ENSG00000197728	RPS26	ENSPKIP00000024135	ENSPKIG00000007508	rps26l
ENSP00000428177	ENSG00000037241	RPL26L1	ENSPKIP00000016384	ENSPKIG00000002725	rpl26
ENSP00000226413	ENSG00000109163	GNRHR	ENSPKIP00000003102	ENSPKIG00000020748	
ENSP00000510623	ENSG00000110888	CAPRIN2	ENSPKIP00000041416	ENSPKIG00000017980	caprin2
ENSP00000770227	ENSG00000084072	PPIE	ENSPKIP00000027905	ENSPKIG00000009753	
ENSP00000624225	ENSG00000152315	KCNK13	ENSPKIP00000006684	ENSPKIG00000022860	KCNK13
ENSP00000286149	ENSG00000155719	OTOA	ENSPKIP00000024568	ENSPKIG00000007742	
ENSP00000318234	ENSG00000160963	COL26A1	ENSPKIP00000035250	ENSPKIG00000014275	COL26A1
ENSP00000797206	ENSG00000077009	NMRK2	ENSPKIP00000028957	ENSPKIG00000010393	mibp
ENSP00000354917	ENSG00000198718	TOGARAM1	ENSPKIP00000013578	ENSPKIG00000000961	TOGARAM1
ENSP00000400224	ENSG00000166220	TBATA	ENSPKIP00000024975	ENSPKIG00000008014	tbata
ENSP00000497550	ENSG00000164530	PI16	ENSPKIP00000037112	ENSPKIG00000015424	
ENSP00000419545	ENSG00000133574	GIMAP4	ENSPKIP00000034877	ENSPKIG00000014038	zgc:113625
ENSP00000526765	ENSG00000140057	AK7	ENSPKIP00000014228	ENSPKIG00000001342	ak7a
ENSP00000539998	ENSG00000106144	CASP2	ENSPKIP00000010439	ENSPKIG00000025158	casp2
ENSP00000792543	ENSG00000112200	ZNF451	ENSPKIP00000009098	ENSPKIG00000024333	znf451
ENSP00000201586	ENSG00000088002	SULT2B1	ENSPKIP00000011128	ENSPKIG00000025559	sult2st3
ENSP00000557914	ENSG00000149503	INCENP	ENSPKIP00000011928	ENSPKIG00000018338	
ENSP00000469591	ENSG00000197483	ZNF628	ENSPKIP00000014394	ENSPKIG00000001476	
ENSP00000436773	ENSG00000007202	BLTP2	ENSPKIP00000023832	ENSPKIG00000007303	si:ch211-259g3.4
ENSP00000256362	ENSG00000133980	VRTN	ENSPKIP00000012893	ENSPKIG00000000527	vrtn
ENSP00000363414	ENSG00000182749	PAQR7	ENSPKIP00000003576	ENSPKIG00000021024	paqr7b
ENSP00000513557	ENSG00000086300	SNX10	ENSPKIP00000027437	ENSPKIG00000009486	snx10b
ENSP00000610069	ENSG00000169567	HINT1	ENSPKIP00000003743	ENSPKIG00000021119	hint1
ENSP00000311888	ENSG00000131446	MGAT1	ENSPKIP00000030520	ENSPKIG00000011357	mgat1b
ENSP00000481824	ENSG00000235718	MFRP	ENSPKIP00000013246	ENSPKIG00000000722	mfrp
ENSP00000377384	ENSG00000131470	PSMC3IP	ENSPKIP00000000501	ENSPKIG00000019135	psmc3ip
ENSP00000346173	ENSG00000105379	ETFB	ENSPKIP00000012139	ENSPKIG00000000040	etfb
ENSP00000477760	ENSG00000166295	ANAPC16	ENSPKIP00000024207	ENSPKIG00000007548	anapc16
ENSP00000514068	ENSG00000106628	POLD2	ENSPKIP00000014371	ENSPKIG00000001450	pold2
ENSP00000264668	ENSG00000124275	MTRR	ENSPKIP00000020957	ENSPKIG00000005547	mtrr
ENSP00000252603	ENSG00000130313	PGLS	ENSPKIP00000035002	ENSPKIG00000014124	pgls
ENSP00000333591	ENSG00000182747	SLC35D3	ENSPKIP00000032835	ENSPKIG00000012776	SLC35D3
ENSP00000410186	ENSG00000155085	AK9	ENSPKIP00000033363	ENSPKIG00000013096	ak9
ENSP00000376417	ENSG00000118690	ARMC2	ENSPKIP00000033098	ENSPKIG00000012931	armc2
ENSP00000450899	ENSG00000100612	DHRS7	ENSPKIP00000041502	ENSPKIG00000018017	dhrs7
ENSP00000483888	ENSG00000183648	NDUFB1	ENSPKIP00000004314	ENSPKIG00000021476	NDUFB1
ENSP00000309163	ENSG00000173653	RCE1	ENSPKIP00000038906	ENSPKIG00000016491	rce1a
ENSP00000310585	ENSG00000174788	PCP2	ENSPKIP00000036101	ENSPKIG00000014790	
ENSP00000296525	ENSG00000164122	ASB5	ENSPKIP00000027753	ENSPKIG00000009671	asb5b
ENSP00000372445	ENSG00000165792	METTL17	ENSPKIP00000025038	ENSPKIG00000008054	mettl17
ENSP00000601643	ENSG00000149922	TBX6	ENSPKIP00000015392	ENSPKIG00000002118	tbx6
ENSP00000570079	ENSG00000154144	TBRG1	ENSPKIP00000032039	ENSPKIG00000012274	tbrg1
ENSP00000305613	ENSG00000168993	CPLX1	ENSPKIP00000038246	ENSPKIG00000016102	CPLX1
ENSP00000321656	ENSG00000158402	CDC25C	ENSPKIP00000002952	ENSPKIG00000020657	CDC25C
ENSP00000348161	ENSG00000173890	GPR160	ENSPKIP00000002593	ENSPKIG00000020435	gpr160
ENSP00000539327	ENSG00000049089	COL9A2	ENSPKIP00000007823	ENSPKIG00000023550	col9a2
ENSP00000523105	ENSG00000164032	H2AZ1	ENSPKIP00000012500	ENSPKIG00000000273	H2AZ1
ENSP00000252729	ENSG00000130433	CACNG6	ENSPKIP00000032807	ENSPKIG00000012761	cacng6a
ENSP00000480827	ENSG00000196542	SPTSSB	ENSPKIP00000028322	ENSPKIG00000010016	sptssb
ENSP00000593690	ENSG00000173226	IQCB1	ENSPKIP00000015178	ENSPKIG00000001976	iqcb1
ENSP00000328551	ENSG00000157869	RAB28	ENSPKIP00000031122	ENSPKIG00000011728	RAB28
ENSP00000451852	ENSG00000100528	CNIH1	ENSPKIP00000033894	ENSPKIG00000013438	cnih1
ENSP00000531123	ENSG00000144401	METTL21A	ENSPKIP00000035934	ENSPKIG00000014696	mettl21a
ENSP00000378890	ENSG00000131979	GCH1	ENSPKIP00000020031	ENSPKIG00000004964	gch1
ENSP00000389870	ENSG00000064195	DLX3	ENSPKIP00000004554	ENSPKIG00000021616	dlx3b
ENSP00000630591	ENSG00000174827	PDZK1	ENSPKIP00000028745	ENSPKIG00000010254	pdzk1
ENSP00000626105	ENSG00000187098	MITF	ENSPKIP00000009504	ENSPKIG00000024589	mitfa
ENSP00000555054	ENSG00000213593	TMX2	ENSPKIP00000037407	ENSPKIG00000015597	tmx2b
ENSP00000644392	ENSG00000107562	CXCL12	ENSPKIP00000039418	ENSPKIG00000016660	cxcl12b
ENSP00000556345	ENSG00000135972	MRPS9	ENSPKIP00000029196	ENSPKIG00000010542	mrps9
ENSP00000512457	ENSG00000178297	TMPRSS9	ENSPKIP00000030303	ENSPKIG00000011197	
ENSP00000314608	ENSG00000178502	KLHL11	ENSPKIP00000002689	ENSPKIG00000020486	klhl11
ENSP00000354201	ENSG00000159202	UBE2Z	ENSPKIP00000007434	ENSPKIG00000023309	ube2z
ENSP00000521731	ENSG00000146909	NOM1	ENSPKIP00000021393	ENSPKIG00000005825	nom1
ENSP00000515295	ENSG00000133884	DPF2	ENSPKIP00000020065	ENSPKIG00000004967	dpf2
ENSP00000413575	ENSG00000005469	CROT	ENSPKIP00000012123	ENSPKIG00000000024	crot
ENSP00000403310	ENSG00000184209	SNRNP35	ENSPKIP00000020438	ENSPKIG00000005221	snrnp35
ENSP00000565725	ENSG00000120647	CCDC77	ENSPKIP00000013018	ENSPKIG00000000604	ccdc77
ENSP00000622528	ENSG00000133195	SLC39A11	ENSPKIP00000010443	ENSPKIG00000025165	
ENSP00000794092	ENSG00000015171	ZMYND11	ENSPKIP00000000256	ENSPKIG00000018961	zmynd11
ENSP00000543703	ENSG00000176485	PLAAT3	ENSPKIP00000026561	ENSPKIG00000008990	
ENSP00000008938	ENSG00000008438	PGLYRP1	ENSPKIP00000031713	ENSPKIG00000012093	pglyrp5
ENSP00000251268	ENSG00000105429	MEGF8	ENSPKIP00000003413	ENSPKIG00000020889	megf8
ENSP00000451180	ENSG00000119655	NPC2	ENSPKIP00000016007	ENSPKIG00000002513	npc2.1
ENSP00000467490	ENSG00000099860	GADD45B	ENSPKIP00000017553	ENSPKIG00000003412	gadd45ba
ENSP00000342032	ENSG00000172331	BPGM	ENSPKIP00000014345	ENSPKIG00000001444	bpgm
ENSP00000261386	ENSG00000006007	GDE1	ENSPKIP00000010220	ENSPKIG00000025023	gde1
ENSP00000636771	ENSG00000136536	MARCHF7	ENSPKIP00000015770	ENSPKIG00000002360	
ENSP00000257836	ENSG00000135378	PRRG4	ENSPKIP00000007796	ENSPKIG00000023558	prrg4
ENSP00000274507	ENSG00000145826	LECT2	ENSPKIP00000034080	ENSPKIG00000013555	lect2.2
ENSP00000436578	ENSG00000150433	TMEM218	ENSPKIP00000019644	ENSPKIG00000004724	tmem218
ENSP00000308948	ENSG00000049883	PTCD2	ENSPKIP00000001713	ENSPKIG00000019896	ptcd2
ENSP00000413064	ENSG00000185818	NAT8L	ENSPKIP00000037013	ENSPKIG00000015368	nat8l
ENSP00000603936	ENSG00000105974	CAV1	ENSPKIP00000011120	ENSPKIG00000025552	cav1
ENSP00000275428	ENSG00000006625	GGCT	ENSPKIP00000004601	ENSPKIG00000021643	ggcta
ENSP00000379201	ENSG00000100483	VCPKMT	ENSPKIP00000013808	ENSPKIG00000001099	vcpkmt
ENSP00000790691	ENSG00000153551	CMTM7	ENSPKIP00000008126	ENSPKIG00000023762	cmtm7
ENSP00000426119	ENSG00000182809	CRIP2	ENSPKIP00000027185	ENSPKIG00000009347	crip2
ENSP00000636382	ENSG00000106245	BUD31	ENSPKIP00000039823	ENSPKIG00000017037	bud31
ENSP00000731790	ENSG00000174775	HRAS	ENSPKIP00000012550	ENSPKIG00000000303	HRAS
ENSP00000386557	ENSG00000310576	FAM174C	ENSPKIP00000032090	ENSPKIG00000012312	fam174c
ENSP00000346508	ENSG00000197461	PDGFA	ENSPKIP00000023339	ENSPKIG00000006980	PDGFA
ENSP00000797632	ENSG00000173452	TMEM196	ENSPKIP00000011965	ENSPKIG00000025637	tmem196a
ENSP00000796690	ENSG00000091140	DLD	ENSPKIP00000036996	ENSPKIG00000015348	dldh
ENSP00000420946	ENSG00000167083	GNGT2	ENSPKIP00000003710	ENSPKIG00000021106	gngt2b
ENSP00000628257	ENSG00000172782	FADS6	ENSPKIP00000035207	ENSPKIG00000014246	FADS6
ENSP00000280258	ENSG00000150687	PRSS23	ENSPKIP00000028444	ENSPKIG00000010092	PRSS23
ENSP00000357844	ENSG00000112394	SLC16A10	ENSPKIP00000001037	ENSPKIG00000019474	slc16a10
ENSP00000553360	ENSG00000140105	WARS1	ENSPKIP00000013281	ENSPKIG00000000766	WARS1
ENSP00000342699	ENSG00000163001	CFAP36	ENSPKIP00000004797	ENSPKIG00000021747	CFAP36
ENSP00000356940	ENSG00000079931	MOXD1	ENSPKIP00000001929	ENSPKIG00000020017	moxd1
ENSP00000441434	ENSG00000166741	NNMT	ENSPKIP00000033794	ENSPKIG00000013377	zgc:64002
ENSP00000313490	ENSG00000178921	PFAS	ENSPKIP00000028573	ENSPKIG00000010149	pfas
ENSP00000476145	ENSG00000111816	FRK	ENSPKIP00000000141	ENSPKIG00000018922	frk
ENSP00000280614	ENSG00000151014	NOCT	ENSPKIP00000005371	ENSPKIG00000022066	NOCT
ENSP00000622042	ENSG00000157510	AFAP1L1	ENSPKIP00000022458	ENSPKIG00000006453	AFAP1L1
ENSP00000322524	ENSG00000179958	DCTPP1	ENSPKIP00000040024	ENSPKIG00000017155	dctpp1
ENSP00000795783	ENSG00000118579	MED28	ENSPKIP00000005881	ENSPKIG00000022383	med28
ENSP00000522549	ENSG00000124795	DEK	ENSPKIP00000014841	ENSPKIG00000001763	dek
ENSP00000595863	ENSG00000089280	FUS	ENSPKIP00000011382	ENSPKIG00000018470	fus
ENSP00000571005	ENSG00000075975	MKRN2	ENSPKIP00000009807	ENSPKIG00000024724	mkrn2
ENSP00000570350	ENSG00000153814	JAZF1	ENSPKIP00000012280	ENSPKIG00000000128	jazf1b
ENSP00000544126	ENSG00000144848	ATG3	ENSPKIP00000017003	ENSPKIG00000003083	atg3
ENSP00000560232	ENSG00000134285	FKBP11	ENSPKIP00000024108	ENSPKIG00000007495	fkbp11
ENSP00000289359	ENSG00000158411	MITD1	ENSPKIP00000030134	ENSPKIG00000011102	mitd1
ENSP00000569071	ENSG00000091073	DTX2	ENSPKIP00000000200	ENSPKIG00000018963	dtx2
ENSP00000274605	ENSG00000145911	N4BP3	ENSPKIP00000038811	ENSPKIG00000016445	n4bp3
ENSP00000589498	ENSG00000079313	REXO1	ENSPKIP00000034626	ENSPKIG00000013884	rexo1
ENSP00000627188	ENSG00000115207	GTF3C2	ENSPKIP00000037847	ENSPKIG00000015869	gtf3c2
ENSP00000589601	ENSG00000107833	NPM3	ENSPKIP00000024294	ENSPKIG00000007609	npm3
ENSP00000626131	ENSG00000109944	JHY	ENSPKIP00000019037	ENSPKIG00000004366	
ENSP00000376227	ENSG00000145014	TMEM44	ENSPKIP00000016755	ENSPKIG00000002946	tmem44
ENSP00000527248	ENSG00000126091	ST3GAL3	ENSPKIP00000025430	ENSPKIG00000008310	st3gal3b
ENSP00000566250	ENSG00000173269	MMRN2	ENSPKIP00000030648	ENSPKIG00000011431	
ENSP00000244869	ENSG00000124882	EREG	ENSPKIP00000006088	ENSPKIG00000022513	
ENSP00000490600	ENSG00000178177	LCORL	ENSPKIP00000005678	ENSPKIG00000022260	
ENSP00000305480	ENSG00000168496	FEN1	ENSPKIP00000024985	ENSPKIG00000008009	fen1
ENSP00000265007	ENSG00000039600	SOX30	ENSPKIP00000009020	ENSPKIG00000024285	
ENSP00000434631	ENSG00000148985	PGAP2	ENSPKIP00000036995	ENSPKIG00000015355	pgap2
ENSP00000769151	ENSG00000145781	COMMD10	ENSPKIP00000040771	ENSPKIG00000017602	COMMD10
ENSP00000356213	ENSG00000146469	VIP	ENSPKIP00000003477	ENSPKIG00000020964	vip
ENSP00000253332	ENSG00000131016	AKAP12	ENSPKIP00000034970	ENSPKIG00000014105	
ENSP00000417960	ENSG00000284862	CCDC39	ENSPKIP00000035348	ENSPKIG00000014216	CCDC39
ENSP00000571679	ENSG00000168246	UBTD2	ENSPKIP00000040645	ENSPKIG00000017530	ubtd2
ENSP00000333181	ENSG00000183654	MARCHF11	ENSPKIP00000024902	ENSPKIG00000007965	marchf11
ENSP00000303452	ENSG00000170893	TRH	ENSPKIP00000031301	ENSPKIG00000011838	trh
ENSP00000420200	ENSG00000144843	ADPRH	ENSPKIP00000041987	ENSPKIG00000018398	adprh
ENSP00000385215	ENSG00000135315	CEP162	ENSPKIP00000005983	ENSPKIG00000022444	cep162
ENSP00000799759	ENSG00000108786	HSD17B1	ENSPKIP00000001258	ENSPKIG00000019603	hsd17b1
ENSP00000556209	ENSG00000100519	PSMC6	ENSPKIP00000005394	ENSPKIG00000022084	psmc6
ENSP00000531864	ENSG00000198858	R3HDM4	ENSPKIP00000023996	ENSPKIG00000007421	r3hdm4
ENSP00000260585	ENSG00000138018	SELENOI	ENSPKIP00000033384	ENSPKIG00000013107	selenoi
ENSP00000578087	ENSG00000093183	SEC22C	ENSPKIP00000030111	ENSPKIG00000011092	sec22c
ENSP00000355185	ENSG00000198924	DCLRE1A	ENSPKIP00000028954	ENSPKIG00000010390	dclre1a
ENSP00000520821	ENSG00000158050	DUSP2	ENSPKIP00000014107	ENSPKIG00000001304	dusp2
ENSP00000800711	ENSG00000110958	PTGES3	ENSPKIP00000008592	ENSPKIG00000024021	ptges3b
ENSP00000377114	ENSG00000144182	LIPT1	ENSPKIP00000030162	ENSPKIG00000011118	lipt1
ENSP00000526595	ENSG00000170312	CDK1	ENSPKIP00000013286	ENSPKIG00000000772	
ENSP00000371201	ENSG00000179299	NSUN7	ENSPKIP00000033972	ENSPKIG00000013497	NSUN7
ENSP00000278935	ENSG00000110274	CEP164	ENSPKIP00000025941	ENSPKIG00000008607	
ENSP00000548255	ENSG00000105671	DDX49	ENSPKIP00000021754	ENSPKIG00000006013	ddx49
ENSP00000002596	ENSG00000002587	HS3ST1	ENSPKIP00000008776	ENSPKIG00000024125	HS3ST1
ENSP00000370781	ENSG00000164287	CDC20B	ENSPKIP00000005906	ENSPKIG00000022398	CDC20B
ENSP00000298159	ENSG00000165410	CFL2	ENSPKIP00000015368	ENSPKIG00000002121	cfl2
ENSP00000785242	ENSG00000112339	HBS1L	ENSPKIP00000007159	ENSPKIG00000023171	hbs1l
ENSP00000476267	ENSG00000205084	TMEM231	ENSPKIP00000002928	ENSPKIG00000020633	tmem231
ENSP00000423602	ENSG00000070190	DAPP1	ENSPKIP00000013252	ENSPKIG00000000754	DAPP1
ENSP00000651144	ENSG00000133935	ERG28	ENSPKIP00000016910	ENSPKIG00000003041	erg28
ENSP00000379092	ENSG00000174808	BTC	ENSPKIP00000003015	ENSPKIG00000020696	btc
ENSP00000358742	ENSG00000156384	SFR1	ENSPKIP00000015041	ENSPKIG00000001887	sfr1
ENSP00000455356	ENSG00000180209	MYL11	ENSPKIP00000036169	ENSPKIG00000014830	
ENSP00000585737	ENSG00000138660	AP1AR	ENSPKIP00000007959	ENSPKIG00000023658	ap1ar
ENSP00000343925	ENSG00000140009	ESR2	ENSPKIP00000011200	ENSPKIG00000018813	esr2b
ENSP00000414670	ENSG00000163380	LMOD3	ENSPKIP00000009552	ENSPKIG00000024622	LMOD3
ENSP00000403524	ENSG00000089234	BRAP	ENSPKIP00000007247	ENSPKIG00000023213	brap
ENSP00000569258	ENSG00000140632	GLYR1	ENSPKIP00000007005	ENSPKIG00000023060	glyr1
ENSP00000794671	ENSG00000197448	GSTK1	ENSPKIP00000010424	ENSPKIG00000025146	gstk1
ENSP00000425952	ENSG00000138796	HADH	ENSPKIP00000032982	ENSPKIG00000012813	hadh
ENSP00000487041	ENSG00000082438	COBLL1	ENSPKIP00000013374	ENSPKIG00000000828	
ENSP00000706945	ENSG00000197345	MRPL21	ENSPKIP00000032036	ENSPKIG00000012297	mrpl21
ENSP00000569323	ENSG00000130811	EIF3G	ENSPKIP00000037211	ENSPKIG00000015491	EIF3G
ENSP00000774228	ENSG00000242120	MDFIC2	ENSPKIP00000004800	ENSPKIG00000021752	mdfic2
ENSP00000619471	ENSG00000157036	EXOG	ENSPKIP00000015706	ENSPKIG00000002329	EXOG
ENSP00000361064	ENSG00000107789	MINPP1	ENSPKIP00000010397	ENSPKIG00000025134	minpp1b
ENSP00000499950	ENSG00000118096	IFT46	ENSPKIP00000017855	ENSPKIG00000003612	ift46
ENSP00000541407	ENSG00000027847	B4GALT7	ENSPKIP00000028626	ENSPKIG00000010180	b4galt7
ENSP00000547176	ENSG00000148832	PAOX	ENSPKIP00000040097	ENSPKIG00000017191	paox
ENSP00000759688	ENSG00000113838	TBCCD1	ENSPKIP00000012699	ENSPKIG00000000413	tbccd1
ENSP00000432688	ENSG00000255072	PIGY	ENSPKIP00000030030	ENSPKIG00000011045	PIGY
ENSP00000529545	ENSG00000151470	C4orf33	ENSPKIP00000031874	ENSPKIG00000012199	zgc:77739
ENSP00000369341	ENSG00000175449	RFESD	ENSPKIP00000039463	ENSPKIG00000016800	rfesd
ENSP00000670977	ENSG00000072952	IRAG1	ENSPKIP00000006673	ENSPKIG00000022852	mrvi1
ENSP00000503283	ENSG00000181163	NPM1	ENSPKIP00000008462	ENSPKIG00000023943	npm1a
ENSP00000258711	ENSG00000136213	CHST12	ENSPKIP00000028357	ENSPKIG00000010039	chst12a
ENSP00000622487	ENSG00000160991	ORAI2	ENSPKIP00000033389	ENSPKIG00000013121	orai2
ENSP00000514637	ENSG00000122512	PMS2	ENSPKIP00000025753	ENSPKIG00000008483	pms2
ENSP00000639355	ENSG00000150051	MKX	ENSPKIP00000027958	ENSPKIG00000009793	mkxa
ENSP00000444306	ENSG00000115839	RAB3GAP1	ENSPKIP00000030636	ENSPKIG00000011382	rab3gap1
ENSP00000263102	ENSG00000108091	CCDC6	ENSPKIP00000013139	ENSPKIG00000000686	ccdc6b
ENSP00000393879	ENSG00000124302	CHST8	ENSPKIP00000019557	ENSPKIG00000004680	CHST8
ENSP00000362142	ENSG00000112559	MDFI	ENSPKIP00000020041	ENSPKIG00000004974	mdfi
ENSP00000545581	ENSG00000166228	PCBD1	ENSPKIP00000024675	ENSPKIG00000007835	pcbd1
ENSP00000544158	ENSG00000089220	PEBP1	ENSPKIP00000027098	ENSPKIG00000009305	pebp1
ENSP00000589606	ENSG00000107968	MAP3K8	ENSPKIP00000027286	ENSPKIG00000009420	map3k8
ENSP00000301073	ENSG00000171443	ZNF524	ENSPKIP00000032357	ENSPKIG00000012497	
ENSP00000615253	ENSG00000131381	RBSN	ENSPKIP00000031227	ENSPKIG00000011784	rbsn
ENSP00000263384	ENSG00000105058	FAM32A	ENSPKIP00000028289	ENSPKIG00000009996	fam32a
ENSP00000523324	ENSG00000077327	SPAG6	ENSPKIP00000029768	ENSPKIG00000010880	spag6
ENSP00000324810	ENSG00000141971	MVB12A	ENSPKIP00000028547	ENSPKIG00000010155	
ENSP00000607807	ENSG00000137460	FHDC1	ENSPKIP00000034458	ENSPKIG00000013771	FHDC1
ENSP00000796704	ENSG00000164118	CEP44	ENSPKIP00000028485	ENSPKIG00000010095	cep44
ENSP00000532487	ENSG00000134308	YWHAQ	ENSPKIP00000007883	ENSPKIG00000023611	ywhaqa
ENSP00000796495	ENSG00000024862	CCDC28A	ENSPKIP00000020868	ENSPKIG00000005494	ccdc28a
ENSP00000365534	ENSG00000185875	THNSL1	ENSPKIP00000029295	ENSPKIG00000010604	THNSL1
ENSP00000674025	ENSG00000167642	SPINT2	ENSPKIP00000022419	ENSPKIG00000006432	spint2
ENSP00000574412	ENSG00000265354	TIMM23	ENSPKIP00000016425	ENSPKIG00000002755	timm23b
ENSP00000611746	ENSG00000164081	TEX264	ENSPKIP00000009735	ENSPKIG00000024729	tex264a
ENSP00000375986	ENSG00000085511	MAP3K4	ENSPKIP00000038981	ENSPKIG00000016485	map3k4
ENSP00000556615	ENSG00000157895	C12orf43	ENSPKIP00000007750	ENSPKIG00000023529	zgc:162025
ENSP00000274054	ENSG00000145414	NAF1	ENSPKIP00000001364	ENSPKIG00000019687	NAF1
ENSP00000292330	ENSG00000160813	PPP1R35	ENSPKIP00000040137	ENSPKIG00000017226	ppp1r35
ENSP00000338509	ENSG00000159788	RGS12	ENSPKIP00000012333	ENSPKIG00000000155	rgs12b
ENSP00000648437	ENSG00000168297	PXK	ENSPKIP00000010619	ENSPKIG00000025263	pxk
ENSP00000325266	ENSG00000162222	TTC9C	ENSPKIP00000002475	ENSPKIG00000020339	ttc9c
ENSP00000460236	ENSG00000262655	SPON1	ENSPKIP00000008151	ENSPKIG00000023766	spon1a
ENSP00000266743	ENSG00000139351	SYCP3	ENSPKIP00000018229	ENSPKIG00000003873	sycp3
ENSP00000311360	ENSG00000172613	RAD9A	ENSPKIP00000000375	ENSPKIG00000019073	rad9a
ENSP00000600832	ENSG00000189367	KIAA0408	ENSPKIP00000005994	ENSPKIG00000022454	mtcl3a
ENSP00000381654	ENSG00000146151	HMGCLL1	ENSPKIP00000038089	ENSPKIG00000016016	hmgcll1
ENSP00000472420	ENSG00000161671	EMC10	ENSPKIP00000004090	ENSPKIG00000021320	emc10
ENSP00000531265	ENSG00000109180	OCIAD1	ENSPKIP00000018942	ENSPKIG00000004311	OCIAD1
ENSP00000246868	ENSG00000126524	SBDS	ENSPKIP00000022519	ENSPKIG00000006489	sbds
ENSP00000597959	ENSG00000248712	DRC12	ENSPKIP00000021088	ENSPKIG00000005633	drc12
ENSP00000256953	ENSG00000134533	RERG	ENSPKIP00000042075	ENSPKIG00000018418	si:cabz01085950.1
ENSP00000490116	ENSG00000196233	LCOR	ENSPKIP00000036575	ENSPKIG00000015096	
ENSP00000671211	ENSG00000184232	OAF	ENSPKIP00000040480	ENSPKIG00000017432	oafb
ENSP00000616839	ENSG00000145996	CDKAL1	ENSPKIP00000002115	ENSPKIG00000020135	cdkal1
ENSP00000545014	ENSG00000166226	CCT2	ENSPKIP00000006435	ENSPKIG00000022706	cct2
ENSP00000481937	ENSG00000273777	CEACAM20	ENSPKIP00000032777	ENSPKIG00000012719	si:ch211-264f5.6
ENSP00000491948	ENSG00000007372	PAX6	ENSPKIP00000001172	ENSPKIG00000019558	pax6a
ENSP00000619287	ENSG00000122958	VPS26A	ENSPKIP00000035699	ENSPKIG00000014540	vps26a
ENSP00000368758	ENSG00000205279	CTXN3	ENSPKIP00000035614	ENSPKIG00000014506	ctxn3
ENSP00000502837	ENSG00000125735	TNFSF14	ENSPKIP00000004285	ENSPKIG00000021460	
ENSP00000791792	ENSG00000142039	CCDC97	ENSPKIP00000041038	ENSPKIG00000017760	ccdc97
ENSP00000503835	ENSG00000099284	MACROH2A2	ENSPKIP00000029494	ENSPKIG00000010711	macroh2a2
ENSP00000371594	ENSG00000176533	GNG7	ENSPKIP00000017574	ENSPKIG00000003433	gng7
ENSP00000574912	ENSG00000095574	IKZF5	ENSPKIP00000016939	ENSPKIG00000003059	ikzf5
ENSP00000521863	ENSG00000109062	NHERF1	ENSPKIP00000026859	ENSPKIG00000009168	nherf1a
ENSP00000467350	ENSG00000062716	VMP1	ENSPKIP00000001921	ENSPKIG00000020009	VMP1
ENSP00000371327	ENSG00000205809	KLRC2	ENSPKIP00000028495	ENSPKIG00000010128	
ENSP00000502513	ENSG00000106105	GARS1	ENSPKIP00000036240	ENSPKIG00000014863	gars1
ENSP00000385966	ENSG00000144120	TMEM177	ENSPKIP00000000670	ENSPKIG00000019251	tmem177
ENSP00000261234	ENSG00000118600	RXYLT1	ENSPKIP00000031197	ENSPKIG00000011774	rxylt1
ENSP00000355464	ENSG00000153207	AHCTF1	ENSPKIP00000023718	ENSPKIG00000007223	ahctf1
ENSP00000159087	ENSG00000074855	ANO8	ENSPKIP00000026339	ENSPKIG00000008807	ano8b
ENSP00000360216	ENSG00000107447	DNTT	ENSPKIP00000037476	ENSPKIG00000015637	dntt
ENSP00000362285	ENSG00000198246	SLC29A3	ENSPKIP00000022403	ENSPKIG00000006422	slc29a3
ENSP00000512562	ENSG00000115392	FANCL	ENSPKIP00000017188	ENSPKIG00000003202	fancl
ENSP00000679639	ENSG00000130159	ECSIT	ENSPKIP00000037692	ENSPKIG00000015773	ecsit
ENSP00000358972	ENSG00000107872	FBXL15	ENSPKIP00000023724	ENSPKIG00000007243	fbxl15
ENSP00000316809	ENSG00000174238	PITPNA	ENSPKIP00000012057	ENSPKIG00000025686	PITPNA
ENSP00000595644	ENSG00000111247	RAD51AP1	ENSPKIP00000040217	ENSPKIG00000017268	rad51ap1
ENSP00000463683	ENSG00000125445	MRPS7	ENSPKIP00000021611	ENSPKIG00000005942	mrps7
ENSP00000279206	ENSG00000149761	NUDT22	ENSPKIP00000035163	ENSPKIG00000014224	nudt22
ENSP00000518207	ENSG00000171206	TRIM8	ENSPKIP00000032925	ENSPKIG00000012827	TRIM8
ENSP00000598187	ENSG00000175216	CKAP5	ENSPKIP00000000807	ENSPKIG00000019152	ckap5
ENSP00000493146	ENSG00000131238	PPT1	ENSPKIP00000006596	ENSPKIG00000022808	ppt1
ENSP00000616021	ENSG00000009335	UBE3C	ENSPKIP00000032768	ENSPKIG00000012730	ube3c
ENSP00000607037	ENSG00000184575	XPOT	ENSPKIP00000015152	ENSPKIG00000001935	xpot
ENSP00000362036	ENSG00000182180	MRPS16	ENSPKIP00000034525	ENSPKIG00000013816	mrps16
ENSP00000464006	ENSG00000154217	PITPNC1	ENSPKIP00000022226	ENSPKIG00000006298	
ENSP00000367623	ENSG00000187522	HSPA14	ENSPKIP00000010381	ENSPKIG00000025116	hspa14
ENSP00000293805	ENSG00000161940	BCL6B	ENSPKIP00000018561	ENSPKIG00000004089	bcl6b
ENSP00000577235	ENSG00000100523	DDHD1	ENSPKIP00000005131	ENSPKIG00000021919	ddhd1b
ENSP00000376930	ENSG00000172765	TMCC1	ENSPKIP00000031334	ENSPKIG00000011848	TMCC1
ENSP00000632690	ENSG00000102921	N4BP1	ENSPKIP00000016689	ENSPKIG00000002908	n4bp1
ENSP00000493041	ENSG00000078328	RBFOX1	ENSPKIP00000027790	ENSPKIG00000009667	rbfox1
ENSP00000377601	ENSG00000119969	HELLS	ENSPKIP00000029824	ENSPKIG00000010890	hells
ENSP00000329697	ENSG00000141934	PLPP2	ENSPKIP00000026211	ENSPKIG00000008764	plpp2a
ENSP00000308606	ENSG00000173467	AGR3	ENSPKIP00000035221	ENSPKIG00000014260	
ENSP00000285848	ENSG00000155463	OXA1L	ENSPKIP00000033474	ENSPKIG00000013158	oxa1l
ENSP00000418910	ENSG00000198843	SELENOT	ENSPKIP00000035882	ENSPKIG00000014644	selenot1a
ENSP00000222823	ENSG00000106100	NOD1	ENSPKIP00000018232	ENSPKIG00000003876	nod1
ENSP00000634615	ENSG00000150753	CCT5	ENSPKIP00000029264	ENSPKIG00000010570	cct5
ENSP00000281722	ENSG00000151962	RBM46	ENSPKIP00000036963	ENSPKIG00000015334	rbm46
ENSP00000471557	ENSG00000077348	EXOSC5	ENSPKIP00000033343	ENSPKIG00000013092	exosc5
ENSP00000391447	ENSG00000143970	ASXL2	ENSPKIP00000035054	ENSPKIG00000014149	asxl2
ENSP00000496698	ENSG00000173809	TDRD12	ENSPKIP00000022391	ENSPKIG00000006407	tdrd12
ENSP00000573594	ENSG00000100462	PRMT5	ENSPKIP00000028138	ENSPKIG00000009886	prmt5
ENSP00000360436	ENSG00000112796	ENPP5	ENSPKIP00000018802	ENSPKIG00000004232	enpp5
ENSP00000254322	ENSG00000132002	DNAJB1	ENSPKIP00000033265	ENSPKIG00000013044	dnajb1a
ENSP00000297283	ENSG00000164708	PGAM2	ENSPKIP00000000671	ENSPKIG00000019244	pgam2
ENSP00000567953	ENSG00000105696	TMEM59L	ENSPKIP00000026794	ENSPKIG00000009120	
ENSP00000367319	ENSG00000204952	FBXO47	ENSPKIP00000004068	ENSPKIG00000021322	
ENSP00000531281	ENSG00000110063	DCPS	ENSPKIP00000021243	ENSPKIG00000005714	dcps
ENSP00000172229	ENSG00000064300	NGFR	ENSPKIP00000042048	ENSPKIG00000018825	ngfrb
ENSP00000329380	ENSG00000185245	GP1BA	ENSPKIP00000005265	ENSPKIG00000022009	
ENSP00000753746	ENSG00000115268	RPS15	ENSPKIP00000024662	ENSPKIG00000007804	rps15
ENSP00000561160	ENSG00000171612	SLC25A33	ENSPKIP00000033188	ENSPKIG00000012981	slc25a33
ENSP00000275072	ENSG00000146281	PM20D2	ENSPKIP00000041560	ENSPKIG00000018063	PM20D2
ENSP00000501233	ENSG00000107862	GBF1	ENSPKIP00000028840	ENSPKIG00000010267	gbf1
ENSP00000456226	ENSG00000167371	PRRT2	ENSPKIP00000041958	ENSPKIG00000018312	prrt2
ENSP00000356133	ENSG00000171217	CLDN20	ENSPKIP00000003810	ENSPKIG00000021154	CLDN20
ENSP00000287152	ENSG00000164627	KIF6	ENSPKIP00000005872	ENSPKIG00000022356	kif6
ENSP00000166139	ENSG00000070404	FSTL3	ENSPKIP00000009375	ENSPKIG00000024504	fstl3
ENSP00000334538	ENSG00000153914	SREK1	ENSPKIP00000011138	ENSPKIG00000025563	srek1
ENSP00000772689	ENSG00000137288	UQCC2	ENSPKIP00000020746	ENSPKIG00000005415	uqcc2
ENSP00000515873	ENSG00000182504	CEP97	ENSPKIP00000021082	ENSPKIG00000005628	
ENSP00000697508	ENSG00000186318	BACE1	ENSPKIP00000026111	ENSPKIG00000008713	bace1
ENSP00000423716	ENSG00000145354	CISD2	ENSPKIP00000029749	ENSPKIG00000010875	cisd2
ENSP00000346065	ENSG00000180113	TDRD6	ENSPKIP00000031990	ENSPKIG00000012265	tdrd6a
ENSP00000556953	ENSG00000183826	BTBD9	ENSPKIP00000007136	ENSPKIG00000023142	btbd9
ENSP00000373360	ENSG00000175182	FAM131A	ENSPKIP00000030917	ENSPKIG00000011576	
ENSP00000368503	ENSG00000205208	C4orf46	ENSPKIP00000042071	ENSPKIG00000018769	
ENSP00000428524	ENSG00000113249	HAVCR1	ENSPKIP00000041403	ENSPKIG00000017975	
ENSP00000451857	ENSG00000151445	VIPAS39	ENSPKIP00000021436	ENSPKIG00000005842	vipas39
ENSP00000352527	ENSG00000164626	KCNK5	ENSPKIP00000005722	ENSPKIG00000022286	kcnk5a
ENSP00000477133	ENSG00000111850	SMIM8	ENSPKIP00000040877	ENSPKIG00000017672	smim8
ENSP00000300303	ENSG00000167011	NAT16	ENSPKIP00000010871	ENSPKIG00000025414	nat16
ENSP00000513805	ENSG00000185811	IKZF1	ENSPKIP00000003513	ENSPKIG00000020981	ikzf1
ENSP00000744270	ENSG00000142230	SAE1	ENSPKIP00000023372	ENSPKIG00000007025	sae1
ENSP00000290953	ENSG00000159723	AGRP	ENSPKIP00000022740	ENSPKIG00000006632	
ENSP00000587255	ENSG00000111206	FOXM1	ENSPKIP00000017875	ENSPKIG00000003625	foxm1
ENSP00000219334	ENSG00000103056	SMPD3	ENSPKIP00000037447	ENSPKIG00000015630	smpd3
ENSP00000422319	ENSG00000015479	MATR3	ENSPKIP00000012595	ENSPKIG00000000333	matr3l1.2
ENSP00000490618	ENSG00000055208	TAB2	ENSPKIP00000001360	ENSPKIG00000019689	tab2
ENSP00000356954	ENSG00000118523	CCN2	ENSPKIP00000001866	ENSPKIG00000019991	ccn2a
ENSP00000316681	ENSG00000166004	CEP295	ENSPKIP00000005403	ENSPKIG00000022082	
ENSP00000529573	ENSG00000249481	SPATS1	ENSPKIP00000036106	ENSPKIG00000014796	
ENSP00000508250	ENSG00000259803	SLC22A31	ENSPKIP00000026394	ENSPKIG00000008907	slc22a31
ENSP00000356489	ENSG00000112425	EPM2A	ENSPKIP00000034375	ENSPKIG00000013734	epm2a
ENSP00000362195	ENSG00000119535	CSF3R	ENSPKIP00000019856	ENSPKIG00000004855	csf3r
ENSP00000325868	ENSG00000177947	CIMAP1A	ENSPKIP00000010800	ENSPKIG00000025375	cimap1b
ENSP00000633723	ENSG00000168818	STX18	ENSPKIP00000018662	ENSPKIG00000004152	stx18
ENSP00000227266	ENSG00000109861	CTSC	ENSPKIP00000007456	ENSPKIG00000023330	ctsc
ENSP00000369636	ENSG00000168994	PXDC1	ENSPKIP00000018159	ENSPKIG00000003821	PXDC1
ENSP00000382356	ENSG00000215018	COL28A1	ENSPKIP00000029048	ENSPKIG00000010444	
ENSP00000373404	ENSG00000112651	MRPL2	ENSPKIP00000006973	ENSPKIG00000023043	mrpl2
ENSP00000376582	ENSG00000111785	RIC8B	ENSPKIP00000009722	ENSPKIG00000024699	ric8b
ENSP00000607867	ENSG00000125952	MAX	ENSPKIP00000014755	ENSPKIG00000001708	max
ENSP00000711645	ENSG00000134575	ACP2	ENSPKIP00000017798	ENSPKIG00000003574	acp2
ENSP00000389176	ENSG00000106392	C1GALT1	ENSPKIP00000002361	ENSPKIG00000020278	c1galt1la
ENSP00000357079	ENSG00000213085	CFAP45	ENSPKIP00000031917	ENSPKIG00000012181	cfap45
ENSP00000257789	ENSG00000135336	ORC3	ENSPKIP00000038696	ENSPKIG00000016370	orc3
ENSP00000400713	ENSG00000283632	EXOC3L2	ENSPKIP00000022553	ENSPKIG00000006498	exoc3l2b
ENSP00000682274	ENSG00000171503	ETFDH	ENSPKIP00000011238	ENSPKIG00000018789	etfdh
ENSP00000518922	ENSG00000135835	KIAA1614	ENSPKIP00000015645	ENSPKIG00000002291	si:dkey-121a11.3
ENSP00000544261	ENSG00000206561	COLQ	ENSPKIP00000026337	ENSPKIG00000008863	colq
ENSP00000538883	ENSG00000166183	ASPG	ENSPKIP00000019697	ENSPKIG00000004729	aspg
ENSP00000249330	ENSG00000128564	VGF	ENSPKIP00000020432	ENSPKIG00000005207	vgf
ENSP00000606817	ENSG00000165916	PSMC3	ENSPKIP00000033862	ENSPKIG00000013380	psmc3
ENSP00000228820	ENSG00000111224	PARP11	ENSPKIP00000033245	ENSPKIG00000013035	PARP11
ENSP00000543104	ENSG00000240583	AQP1	ENSPKIP00000021489	ENSPKIG00000005868	aqp1a.1
ENSP00000320416	ENSG00000176428	VPS37D	ENSPKIP00000011276	ENSPKIG00000018440	vps37d
ENSP00000342015	ENSG00000240230	COX19	ENSPKIP00000010275	ENSPKIG00000025052	cox19
ENSP00000792009	ENSG00000022840	RNF10	ENSPKIP00000010407	ENSPKIG00000025140	rnf10
ENSP00000476603	ENSG00000185477	GPRIN3	ENSPKIP00000036377	ENSPKIG00000014970	
ENSP00000340979	ENSG00000145428	RNF175	ENSPKIP00000037413	ENSPKIG00000015604	rnf175
ENSP00000316490	ENSG00000163950	SLBP	ENSPKIP00000021992	ENSPKIG00000006183	slbp
ENSP00000522096	ENSG00000132485	ZRANB2	ENSPKIP00000004780	ENSPKIG00000021734	zranb2
ENSP00000237642	ENSG00000118804	STBD1	ENSPKIP00000009275	ENSPKIG00000024449	
ENSP00000794774	ENSG00000132563	REEP2	ENSPKIP00000026798	ENSPKIG00000009137	reep2
ENSP00000304355	ENSG00000169193	CCDC126	ENSPKIP00000032011	ENSPKIG00000012279	ccdc126
ENSP00000354830	ENSG00000145358	DDIT4L	ENSPKIP00000012486	ENSPKIG00000000268	DDIT4L
ENSP00000337732	ENSG00000105784	RUNDC3B	ENSPKIP00000012230	ENSPKIG00000000093	rundc3b
ENSP00000672831	ENSG00000134480	CCNH	ENSPKIP00000015012	ENSPKIG00000001858	ccnh
ENSP00000578197	ENSG00000135537	AFG1L	ENSPKIP00000040527	ENSPKIG00000017456	afg1la
ENSP00000390190	ENSG00000163492	CCDC141	ENSPKIP00000004383	ENSPKIG00000021469	ccdc141
ENSP00000431287	ENSG00000214756	CSKMT	ENSPKIP00000004324	ENSPKIG00000021487	cskmt
ENSP00000593676	ENSG00000166902	MRPL16	ENSPKIP00000028860	ENSPKIG00000010334	mrpl16
ENSP00000471477	ENSG00000105550	FGF21	ENSPKIP00000004619	ENSPKIG00000021645	fgf21
ENSP00000272418	ENSG00000144029	MRPS5	ENSPKIP00000005455	ENSPKIG00000022123	mrps5
ENSP00000443228	ENSG00000180537	RNF182	ENSPKIP00000025100	ENSPKIG00000008094	rnf182
ENSP00000530909	ENSG00000166135	HIF1AN	ENSPKIP00000000068	ENSPKIG00000018875	hif1an
ENSP00000317614	ENSG00000178163	ZNF518B	ENSPKIP00000008710	ENSPKIG00000024092	
ENSP00000494337	ENSG00000112077	RHAG	ENSPKIP00000004248	ENSPKIG00000021430	rhag
ENSP00000794126	ENSG00000111269	CREBL2	ENSPKIP00000015637	ENSPKIG00000002284	CREBL2
ENSP00000796201	ENSG00000079257	LXN	ENSPKIP00000019847	ENSPKIG00000004854	lxn
ENSP00000600151	ENSG00000167272	POP5	ENSPKIP00000010432	ENSPKIG00000025154	pop5
ENSP00000524521	ENSG00000133983	COX16	ENSPKIP00000015506	ENSPKIG00000002199	cox16
ENSP00000454770	ENSG00000230062	ANKRD66	ENSPKIP00000037374	ENSPKIG00000015580	si:ch211-189e2.2
ENSP00000498164	ENSG00000145191	EIF2B5	ENSPKIP00000021078	ENSPKIG00000005606	eif2b5
ENSP00000471149	ENSG00000178980	SELENOW	ENSPKIP00000039327	ENSPKIG00000016722	
ENSP00000512384	ENSG00000225950	NTF4	ENSPKIP00000019155	ENSPKIG00000004439	
ENSP00000544562	ENSG00000170348	TMED10	ENSPKIP00000016723	ENSPKIG00000002867	tmed10
ENSP00000418037	ENSG00000128604	IRF5	ENSPKIP00000007225	ENSPKIG00000023196	irf5
ENSP00000311687	ENSG00000172548	NIPAL4	ENSPKIP00000011572	ENSPKIG00000018602	nipal4
ENSP00000429020	ENSG00000157570	TSPAN18	ENSPKIP00000018244	ENSPKIG00000003875	tspan18a
ENSP00000526553	ENSG00000135506	OS9	ENSPKIP00000025225	ENSPKIG00000008156	os9
ENSP00000468051	ENSG00000179115	FARSA	ENSPKIP00000023628	ENSPKIG00000007170	farsa
ENSP00000539744	ENSG00000150527	MIA2	ENSPKIP00000028638	ENSPKIG00000010131	mia2
ENSP00000524077	ENSG00000138207	RBP4	ENSPKIP00000020574	ENSPKIG00000005298	rbp4
ENSP00000357507	ENSG00000143612	LTAP1	ENSPKIP00000007928	ENSPKIG00000023636	ltap1
ENSP00000417955	ENSG00000168658	VWA3B	ENSPKIP00000007589	ENSPKIG00000023414	
ENSP00000648210	ENSG00000106615	RHEB	ENSPKIP00000034793	ENSPKIG00000013982	rheb
ENSP00000363019	ENSG00000072401	UBE2D1	ENSPKIP00000010617	ENSPKIG00000025266	ube2d1b
ENSP00000306015	ENSG00000172403	SYNPO2	ENSPKIP00000015305	ENSPKIG00000002077	
ENSP00000604905	ENSG00000091732	ZC3HC1	ENSPKIP00000023605	ENSPKIG00000007172	zc3hc1
ENSP00000684738	ENSG00000152795	HNRNPDL	ENSPKIP00000011042	ENSPKIG00000025514	hnrnpdl
ENSP00000635004	ENSG00000138308	PLA2G12B	ENSPKIP00000025862	ENSPKIG00000008564	PLA2G12B
ENSP00000558792	ENSG00000120594	PLXDC2	ENSPKIP00000026538	ENSPKIG00000008966	plxdc2b
ENSP00000384551	ENSG00000122584	NXPH1	ENSPKIP00000029258	ENSPKIG00000010583	nxph1
ENSP00000603107	ENSG00000168040	FADD	ENSPKIP00000021485	ENSPKIG00000005864	fadd
ENSP00000570105	ENSG00000109917	ZPR1	ENSPKIP00000018624	ENSPKIG00000004014	zpr1
ENSP00000473370	ENSG00000269964	MEI4	ENSPKIP00000036683	ENSPKIG00000015155	
ENSP00000494515	ENSG00000090013	BLVRB	ENSPKIP00000019559	ENSPKIG00000004671	blvrb
ENSP00000375770	ENSG00000118156	ZNF541	ENSPKIP00000039534	ENSPKIG00000016860	
ENSP00000623459	ENSG00000151806	GUF1	ENSPKIP00000013474	ENSPKIG00000000883	guf1
ENSP00000570334	ENSG00000167670	CHAF1A	ENSPKIP00000038579	ENSPKIG00000016297	chaf1a
ENSP00000358016	ENSG00000146285	SCML4	ENSPKIP00000032728	ENSPKIG00000012699	scml4
ENSP00000501183	ENSG00000179240	GVQW3	ENSPKIP00000024373	ENSPKIG00000007650	
ENSP00000566733	ENSG00000019102	VSIG2	ENSPKIP00000018599	ENSPKIG00000004104	
ENSP00000598348	ENSG00000136243	NUP42	ENSPKIP00000005905	ENSPKIG00000022387	nup42
ENSP00000475727	ENSG00000145979	TBC1D7	ENSPKIP00000024914	ENSPKIG00000007972	tbc1d7
ENSP00000377520	ENSG00000173227	SYT12	ENSPKIP00000031998	ENSPKIG00000012263	syt12
ENSP00000510335	ENSG00000104885	DOT1L	ENSPKIP00000041353	ENSPKIG00000017910	dot1l
ENSP00000410944	ENSG00000164746	C7orf57	ENSPKIP00000032014	ENSPKIG00000012273	
ENSP00000274712	ENSG00000146007	ZMAT2	ENSPKIP00000041068	ENSPKIG00000017778	zmat2
ENSP00000376553	ENSG00000183160	TMEM119	ENSPKIP00000040333	ENSPKIG00000017340	tmem119b
ENSP00000409346	ENSG00000114737	CISH	ENSPKIP00000033496	ENSPKIG00000013193	CISH
ENSP00000688123	ENSG00000129103	SUMF2	ENSPKIP00000011934	ENSPKIG00000018345	
ENSP00000386558	ENSG00000177951	BET1L	ENSPKIP00000035826	ENSPKIG00000014630	BET1L
ENSP00000545695	ENSG00000164031	DNAJB14	ENSPKIP00000034250	ENSPKIG00000013657	dnajb14
ENSP00000623960	ENSG00000072954	TMEM38A	ENSPKIP00000023295	ENSPKIG00000006981	tmem38a
ENSP00000299882	ENSG00000166682	TMPRSS5	ENSPKIP00000019818	ENSPKIG00000004844	tmprss5
ENSP00000608695	ENSG00000108395	TRIM37	ENSPKIP00000034264	ENSPKIG00000013661	trim37
ENSP00000411960	ENSG00000133835	HSD17B4	ENSPKIP00000041276	ENSPKIG00000017865	hsd17b4
ENSP00000314505	ENSG00000111877	MCM9	ENSPKIP00000034860	ENSPKIG00000014026	mcm9
ENSP00000439056	ENSG00000249115	HAUS5	ENSPKIP00000038416	ENSPKIG00000016198	haus5
ENSP00000418070	ENSG00000177707	NECTIN3	ENSPKIP00000033810	ENSPKIG00000013383	
ENSP00000648658	ENSG00000206527	HACD2	ENSPKIP00000002747	ENSPKIG00000020517	hacd2
ENSP00000615909	ENSG00000107829	FBXW4	ENSPKIP00000015803	ENSPKIG00000002375	fbxw4
ENSP00000512689	ENSG00000120278	PLEKHG1	ENSPKIP00000006696	ENSPKIG00000022866	PLEKHG1
ENSP00000482899	ENSG00000149090	PAMR1	ENSPKIP00000012239	ENSPKIG00000000097	pamr1b
ENSP00000481657	ENSG00000177853	ZNF518A	ENSPKIP00000037662	ENSPKIG00000015746	
ENSP00000551023	ENSG00000178425	NT5DC1	ENSPKIP00000000070	ENSPKIG00000018862	nt5dc1
ENSP00000320757	ENSG00000180061	TMEM150B	ENSPKIP00000023691	ENSPKIG00000007220	tmem150b
ENSP00000315743	ENSG00000138764	CCNG2	ENSPKIP00000009296	ENSPKIG00000024457	ccng2
ENSP00000305725	ENSG00000171310	CHST11	ENSPKIP00000039127	ENSPKIG00000016614	chst11
ENSP00000229395	ENSG00000111790	FGFR1OP2	ENSPKIP00000019900	ENSPKIG00000004879	fgfr1op2
ENSP00000415203	ENSG00000174227	PIGG	ENSPKIP00000035935	ENSPKIG00000014681	pigg
ENSP00000626891	ENSG00000110660	SLC35F2	ENSPKIP00000011987	ENSPKIG00000025631	slc35f2
ENSP00000626430	ENSG00000096060	FKBP5	ENSPKIP00000019970	ENSPKIG00000004899	fkbp5
ENSP00000701689	ENSG00000274523	RCC1L	ENSPKIP00000033075	ENSPKIG00000012917	rcc1l
ENSP00000500633	ENSG00000139163	ETNK1	ENSPKIP00000033450	ENSPKIG00000013149	etnk2
ENSP00000607131	ENSG00000164576	SAP30L	ENSPKIP00000028317	ENSPKIG00000010010	SAP30L
ENSP00000403910	ENSG00000105341	DMAC2	ENSPKIP00000025853	ENSPKIG00000008562	dmac2
ENSP00000625997	ENSG00000140044	JDP2	ENSPKIP00000005225	ENSPKIG00000021990	jdp2b
ENSP00000571611	ENSG00000135929	CYP27A1	ENSPKIP00000002098	ENSPKIG00000020118	cyp27a3
ENSP00000222718	ENSG00000105996	HOXA2	ENSPKIP00000012573	ENSPKIG00000000322	
ENSP00000527963	ENSG00000156026	MCU	ENSPKIP00000022762	ENSPKIG00000006644	mcu
ENSP00000248598	ENSG00000127951	FGL2	ENSPKIP00000002938	ENSPKIG00000020649	fgl2a
ENSP00000392906	ENSG00000090924	PLEKHG2	ENSPKIP00000022336	ENSPKIG00000006379	plekhg2
ENSP00000319192	ENSG00000164543	STK17A	ENSPKIP00000018673	ENSPKIG00000004154	stk17a
ENSP00000305654	ENSG00000171928	TVP23B	ENSPKIP00000035273	ENSPKIG00000014299	tvp23b
ENSP00000318373	ENSG00000163795	ZNF513	ENSPKIP00000036502	ENSPKIG00000015051	znf513b
ENSP00000357915	ENSG00000004809	SLC22A16	ENSPKIP00000033905	ENSPKIG00000013446	slc22a16
ENSP00000440001	ENSG00000168003	SLC3A2	ENSPKIP00000023326	ENSPKIG00000007004	slc3a2b
ENSP00000381302	ENSG00000203805	PLPP4	ENSPKIP00000004048	ENSPKIG00000021303	plpp4
ENSP00000358400	ENSG00000112159	MDN1	ENSPKIP00000011302	ENSPKIG00000018352	mdn1
ENSP00000543938	ENSG00000015676	NUDCD3	ENSPKIP00000026930	ENSPKIG00000009200	nudcd3
ENSP00000359634	ENSG00000155265	GOLGA7B	ENSPKIP00000037720	ENSPKIG00000015794	golga7ba
ENSP00000554493	ENSG00000116005	PCYOX1	ENSPKIP00000006468	ENSPKIG00000022738	pcyox1
ENSP00000548541	ENSG00000104805	NUCB1	ENSPKIP00000004254	ENSPKIG00000021431	nucb1
ENSP00000474090	ENSG00000007001	UPP2	ENSPKIP00000032070	ENSPKIG00000012309	upp2
ENSP00000621989	ENSG00000164880	INTS1	ENSPKIP00000007479	ENSPKIG00000023307	ints1
ENSP00000357581	ENSG00000148826	NKX6-2	ENSPKIP00000011307	ENSPKIG00000018453	nkx6.2
ENSP00000564785	ENSG00000164414	SLC35A1	ENSPKIP00000041214	ENSPKIG00000017861	slc35a1
ENSP00000349640	ENSG00000187778	MCRS1	ENSPKIP00000018609	ENSPKIG00000004109	mcrs1
ENSP00000278070	ENSG00000148840	PPRC1	ENSPKIP00000029449	ENSPKIG00000010691	pprc1
ENSP00000302846	ENSG00000171522	PTGER4	ENSPKIP00000001963	ENSPKIG00000020041	PTGER4
ENSP00000419881	ENSG00000182185	RAD51B	ENSPKIP00000023778	ENSPKIG00000007276	rad51b
ENSP00000688898	ENSG00000165917	RAPSN	ENSPKIP00000017956	ENSPKIG00000003675	rapsn
ENSP00000679008	ENSG00000142494	SLC47A1	ENSPKIP00000032371	ENSPKIG00000012502	slc47a2.1
ENSP00000714659	ENSG00000129521	EGLN3	ENSPKIP00000015729	ENSPKIG00000002331	egln3
ENSP00000395259	ENSG00000232040	SCAND3	ENSPKIP00000041562	ENSPKIG00000018070	
ENSP00000434729	ENSG00000117410	ATP6V0B	ENSPKIP00000030104	ENSPKIG00000011085	atp6v0b
ENSP00000288937	ENSG00000158042	MRPL17	ENSPKIP00000004083	ENSPKIG00000021330	mrpl17
ENSP00000615522	ENSG00000164674	SYTL3	ENSPKIP00000003646	ENSPKIG00000021064	sytl3
ENSP00000287078	ENSG00000156521	TYSND1	ENSPKIP00000000111	ENSPKIG00000018909	tysnd1
ENSP00000610467	ENSG00000134825	TMEM258	ENSPKIP00000002053	ENSPKIG00000020111	tmem258
ENSP00000335304	ENSG00000119689	DLST	ENSPKIP00000017325	ENSPKIG00000003270	dlst
ENSP00000450962	ENSG00000170370	EMX2	ENSPKIP00000011840	ENSPKIG00000018768	emx2
ENSP00000371875	ENSG00000109705	NKX3-2	ENSPKIP00000031157	ENSPKIG00000011760	nkx3-2
ENSP00000349576	ENSG00000129187	DCTD	ENSPKIP00000023654	ENSPKIG00000007202	dctd
ENSP00000618729	ENSG00000104852	SNRNP70	ENSPKIP00000019293	ENSPKIG00000004513	
ENSP00000326806	ENSG00000114503	NCBP2	ENSPKIP00000010493	ENSPKIG00000025196	ncbp2
ENSP00000498469	ENSG00000113356	POLR3G	ENSPKIP00000032760	ENSPKIG00000012724	
ENSP00000431781	ENSG00000166002	SMCO4	ENSPKIP00000005358	ENSPKIG00000022063	SMCO4
ENSP00000772824	ENSG00000124701	APOBEC2	ENSPKIP00000019659	ENSPKIG00000004741	apobec2b
ENSP00000419877	ENSG00000272573	MUSTN1	ENSPKIP00000010656	ENSPKIG00000025285	MUSTN1
ENSP00000476480	ENSG00000122643	NT5C3A	ENSPKIP00000010872	ENSPKIG00000025415	nt5c3a
ENSP00000801040	ENSG00000205981	DNAJC19	ENSPKIP00000035055	ENSPKIG00000014152	dnajc19
ENSP00000613752	ENSG00000152944	MED21	ENSPKIP00000010892	ENSPKIG00000025429	med21
ENSP00000257818	ENSG00000135363	LMO2	ENSPKIP00000018349	ENSPKIG00000003941	lmo2
ENSP00000514102	ENSG00000108021	TASOR2	ENSPKIP00000011085	ENSPKIG00000025535	
ENSP00000299045	ENSG00000166046	TCP11L2	ENSPKIP00000021610	ENSPKIG00000005943	tcp11l2
ENSP00000280190	ENSG00000150627	WDR17	ENSPKIP00000027919	ENSPKIG00000009737	wdr17
ENSP00000529822	ENSG00000113269	RNF130	ENSPKIP00000036391	ENSPKIG00000014920	rnf130
ENSP00000575231	ENSG00000136451	VEZF1	ENSPKIP00000014232	ENSPKIG00000001374	
ENSP00000589560	ENSG00000129534	MIS18BP1	ENSPKIP00000007469	ENSPKIG00000023343	
ENSP00000537749	ENSG00000168827	GFM1	ENSPKIP00000019929	ENSPKIG00000004876	GFM1
ENSP00000414321	ENSG00000138326	RPS24	ENSPKIP00000025467	ENSPKIG00000008331	rps24
ENSP00000326340	ENSG00000168010	ATG16L2	ENSPKIP00000031686	ENSPKIG00000012070	
ENSP00000426964	ENSG00000250067	YJEFN3	ENSPKIP00000009140	ENSPKIG00000024358	yjefn3
ENSP00000296411	ENSG00000164024	METAP1	ENSPKIP00000012555	ENSPKIG00000000301	metap1
ENSP00000695345	ENSG00000135931	ARMC9	ENSPKIP00000016341	ENSPKIG00000002681	armc9
ENSP00000239926	ENSG00000120729	MYOT	ENSPKIP00000003110	ENSPKIG00000020749	
ENSP00000760766	ENSG00000079332	SAR1A	ENSPKIP00000040374	ENSPKIG00000017353	sar1b
ENSP00000612451	ENSG00000178028	DMAP1	ENSPKIP00000000327	ENSPKIG00000019003	dmap1
ENSP00000296333	ENSG00000163964	PIGX	ENSPKIP00000015792	ENSPKIG00000002383	pigx
ENSP00000450758	ENSG00000186469	GNG2	ENSPKIP00000019630	ENSPKIG00000004717	gng2
ENSP00000392907	ENSG00000144674	GOLGA4	ENSPKIP00000003992	ENSPKIG00000021205	golga4
ENSP00000358714	ENSG00000146250	PRSS35	ENSPKIP00000006552	ENSPKIG00000022787	prss35
ENSP00000250448	ENSG00000129514	FOXA1	ENSPKIP00000006525	ENSPKIG00000022775	foxa1
ENSP00000225688	ENSG00000108551	RASD1	ENSPKIP00000007875	ENSPKIG00000023609	
ENSP00000526496	ENSG00000162836	ACP6	ENSPKIP00000029974	ENSPKIG00000011008	acp6
ENSP00000344967	ENSG00000187678	SPRY4	ENSPKIP00000009150	ENSPKIG00000024363	spry4
ENSP00000630561	ENSG00000135299	ANKRD6	ENSPKIP00000041801	ENSPKIG00000018207	ankrd6b
ENSP00000589949	ENSG00000153140	CETN3	ENSPKIP00000021281	ENSPKIG00000005747	cetn3
ENSP00000293362	ENSG00000131467	PSME3	ENSPKIP00000014782	ENSPKIG00000001731	psme3
ENSP00000592614	ENSG00000117592	PRDX6	ENSPKIP00000027346	ENSPKIG00000009449	prdx6
ENSP00000375069	ENSG00000050767	COL23A1	ENSPKIP00000025447	ENSPKIG00000008273	
ENSP00000557201	ENSG00000133943	DGLUCY	ENSPKIP00000028107	ENSPKIG00000009877	dglucy
ENSP00000554923	ENSG00000169570	DTWD2	ENSPKIP00000006505	ENSPKIG00000022765	dtwd2
ENSP00000365687	ENSG00000168267	PTF1A	ENSPKIP00000033455	ENSPKIG00000013159	ptf1a
ENSP00000763853	ENSG00000123144	TRIR	ENSPKIP00000027518	ENSPKIG00000009548	TRIR
ENSP00000364691	ENSG00000058453	CROCC	ENSPKIP00000015724	ENSPKIG00000002334	CROCC
ENSP00000358815	ENSG00000214357	NEURL1B	ENSPKIP00000025379	ENSPKIG00000008278	neurl1b
ENSP00000231004	ENSG00000113083	LOX	ENSPKIP00000006647	ENSPKIG00000022841	loxa
ENSP00000265394	ENSG00000106066	CPVL	ENSPKIP00000026684	ENSPKIG00000009045	cpvl
ENSP00000390968	ENSG00000161217	PCYT1A	ENSPKIP00000030675	ENSPKIG00000011434	pcyt1aa
ENSP00000560044	ENSG00000131435	PDLIM4	ENSPKIP00000017951	ENSPKIG00000003686	pdlim4
ENSP00000796336	ENSG00000131771	PPP1R1B	ENSPKIP00000003839	ENSPKIG00000021172	PPP1R1B
ENSP00000338532	ENSG00000189319	FAM53B	ENSPKIP00000013689	ENSPKIG00000001032	FAM53B
ENSP00000251864	ENSG00000095627	TDRD1	ENSPKIP00000029276	ENSPKIG00000010586	tdrd1
ENSP00000625918	ENSG00000144061	NPHP1	ENSPKIP00000005365	ENSPKIG00000022064	nphp1
ENSP00000266712	ENSG00000139324	TMTC3	ENSPKIP00000030387	ENSPKIG00000011247	tmtc3
ENSP00000501296	ENSG00000042781	USH2A	ENSPKIP00000040923	ENSPKIG00000017694	
ENSP00000325808	ENSG00000177363	LRRN4CL	ENSPKIP00000021245	ENSPKIG00000005723	
ENSP00000417378	ENSG00000128524	ATP6V1F	ENSPKIP00000025811	ENSPKIG00000008542	atp6v1f
ENSP00000356820	ENSG00000143158	MPC2	ENSPKIP00000016702	ENSPKIG00000002913	mpc2a
ENSP00000778449	ENSG00000074201	CLNS1A	ENSPKIP00000008500	ENSPKIG00000023965	CLNS1A
ENSP00000360532	ENSG00000096401	CDC5L	ENSPKIP00000037085	ENSPKIG00000015398	cdc5l
ENSP00000366654	ENSG00000131686	CA6	ENSPKIP00000033304	ENSPKIG00000013073	ca6
ENSP00000512829	ENSG00000135549	PKIB	ENSPKIP00000015462	ENSPKIG00000002176	
ENSP00000581210	ENSG00000196923	PDLIM7	ENSPKIP00000006644	ENSPKIG00000022825	pdlim7
ENSP00000548397	ENSG00000114446	IFT57	ENSPKIP00000023360	ENSPKIG00000007015	ift57
ENSP00000361646	ENSG00000066185	ZMYND12	ENSPKIP00000032255	ENSPKIG00000012421	zmynd12
ENSP00000581492	ENSG00000116922	AIRIM	ENSPKIP00000006178	ENSPKIG00000022562	airim
ENSP00000516712	ENSG00000136603	SKIL	ENSPKIP00000002608	ENSPKIG00000020445	skila
ENSP00000494166	ENSG00000153303	FRMD1	ENSPKIP00000039535	ENSPKIG00000016819	zgc:172136
ENSP00000788189	ENSG00000120833	SOCS2	ENSPKIP00000037644	ENSPKIG00000015735	socs2
ENSP00000265299	ENSG00000106125	MINDY4	ENSPKIP00000011228	ENSPKIG00000018779	mindy4
ENSP00000266397	ENSG00000139055	ERP27	ENSPKIP00000029533	ENSPKIG00000010735	
ENSP00000350549	ENSG00000188620	HMX3	ENSPKIP00000017043	ENSPKIG00000003121	hmx3a
ENSP00000348043	ENSG00000172731	LRRC20	ENSPKIP00000024387	ENSPKIG00000007660	lrrc20
ENSP00000359782	ENSG00000151917	BEND6	ENSPKIP00000013093	ENSPKIG00000000651	si:ch211-194k22.8
ENSP00000416959	ENSG00000136527	TRA2B	ENSPKIP00000024737	ENSPKIG00000007871	tra2b
ENSP00000358081	ENSG00000151929	BAG3	ENSPKIP00000020797	ENSPKIG00000005450	bag3
ENSP00000470652	ENSG00000127526	SLC35E1	ENSPKIP00000023430	ENSPKIG00000007059	slc35e1
ENSP00000398568	ENSG00000180644	PRF1	ENSPKIP00000039556	ENSPKIG00000016879	prf1.1
ENSP00000414721	ENSG00000166272	WBP1L	ENSPKIP00000014086	ENSPKIG00000001289	wbp1lb
ENSP00000006777	ENSG00000005486	RHBDD2	ENSPKIP00000035415	ENSPKIG00000014382	rhbdd2
ENSP00000397598	ENSG00000174611	KY	ENSPKIP00000015730	ENSPKIG00000002324	KY
ENSP00000548876	ENSG00000136235	GPNMB	ENSPKIP00000032250	ENSPKIG00000012418	gpnmb
ENSP00000792746	ENSG00000112562	SMOC2	ENSPKIP00000039713	ENSPKIG00000016937	smoc2
ENSP00000433406	ENSG00000172409	CLP1	ENSPKIP00000024445	ENSPKIG00000007697	CLP1
ENSP00000545513	ENSG00000163430	FSTL1	ENSPKIP00000029878	ENSPKIG00000010945	fstl1b
ENSP00000512516	ENSG00000111732	AICDA	ENSPKIP00000014428	ENSPKIG00000001499	aicda
ENSP00000358515	ENSG00000163393	SLC22A15	ENSPKIP00000001308	ENSPKIG00000019581	slc22a15
ENSP00000386229	ENSG00000169220	RGS14	ENSPKIP00000004296	ENSPKIG00000021463	rgs14a
ENSP00000312652	ENSG00000174697	LEP	ENSPKIP00000036722	ENSPKIG00000015187	lepa
ENSP00000633062	ENSG00000148572	NRBF2	ENSPKIP00000013494	ENSPKIG00000000909	nrbf2b
ENSP00000422166	ENSG00000130396	AFDN	ENSPKIP00000035800	ENSPKIG00000014569	afdna
ENSP00000480443	ENSG00000167733	HSD11B1L	ENSPKIP00000029870	ENSPKIG00000010947	hsd11b1lb
ENSP00000358596	ENSG00000138166	DUSP5	ENSPKIP00000040070	ENSPKIG00000017184	dusp5
ENSP00000424007	ENSG00000253251	SHLD3	ENSPKIP00000011463	ENSPKIG00000018547	zgc:101664
ENSP00000574841	ENSG00000002016	RAD52	ENSPKIP00000003404	ENSPKIG00000020920	rad52
ENSP00000407613	ENSG00000206562	METTL6	ENSPKIP00000033664	ENSPKIG00000013289	mettl6
ENSP00000230990	ENSG00000113070	HBEGF	ENSPKIP00000027368	ENSPKIG00000009462	hbegfa
ENSP00000292566	ENSG00000160993	ALKBH4	ENSPKIP00000033258	ENSPKIG00000013042	alkbh4
ENSP00000478479	ENSG00000099246	RAB18	ENSPKIP00000028010	ENSPKIG00000009825	rab18a
ENSP00000271583	ENSG00000143337	TOR1AIP1	ENSPKIP00000024363	ENSPKIG00000007637	
ENSP00000568666	ENSG00000127990	SGCE	ENSPKIP00000014410	ENSPKIG00000001468	sgce
ENSP00000663764	ENSG00000178149	DALRD3	ENSPKIP00000034636	ENSPKIG00000013894	dalrd3
ENSP00000623390	ENSG00000112110	MRPL18	ENSPKIP00000001095	ENSPKIG00000019513	mrpl18
ENSP00000331369	ENSG00000163170	BOLA3	ENSPKIP00000028689	ENSPKIG00000010231	bola3
ENSP00000378396	ENSG00000198242	RPL23A	ENSPKIP00000033633	ENSPKIG00000013271	rpl23a
ENSP00000420716	ENSG00000198520	ARMH1	ENSPKIP00000000185	ENSPKIG00000018948	armh1
ENSP00000711533	ENSG00000189292	ALKAL2	ENSPKIP00000021515	ENSPKIG00000005879	alkal2b
ENSP00000242994	ENSG00000123307	NEUROD4	ENSPKIP00000027672	ENSPKIG00000009635	neurod4
ENSP00000368648	ENSG00000152683	SLC30A6	ENSPKIP00000003826	ENSPKIG00000021150	slc30a6
ENSP00000455385	ENSG00000225526	MKRN2OS	ENSPKIP00000009849	ENSPKIG00000024791	mkrn2os.2
ENSP00000231228	ENSG00000113302	IL12B	ENSPKIP00000015443	ENSPKIG00000002145	IL12B
ENSP00000262904	ENSG00000112242	E2F3	ENSPKIP00000009021	ENSPKIG00000024283	e2f3
ENSP00000579040	ENSG00000153071	DAB2	ENSPKIP00000017541	ENSPKIG00000003408	DAB2
ENSP00000358283	ENSG00000014123	UFL1	ENSPKIP00000011829	ENSPKIG00000018737	ufl1
ENSP00000307023	ENSG00000172059	KLF11	ENSPKIP00000014911	ENSPKIG00000001812	klf11b
ENSP00000269701	ENSG00000105127	AKAP8	ENSPKIP00000023104	ENSPKIG00000006866	
ENSP00000254122	ENSG00000131808	FSHB	ENSPKIP00000013663	ENSPKIG00000001011	fshb
ENSP00000544496	ENSG00000168936	TMEM129	ENSPKIP00000021837	ENSPKIG00000006074	tmem129
ENSP00000357594	ENSG00000188820	CALHM6	ENSPKIP00000011997	ENSPKIG00000025663	calhm6
ENSP00000221561	ENSG00000104964	TLE5	ENSPKIP00000025937	ENSPKIG00000008606	TLE5
ENSP00000264228	ENSG00000128039	SRD5A3	ENSPKIP00000017011	ENSPKIG00000003108	srd5a3
ENSP00000535271	ENSG00000167987	VPS37C	ENSPKIP00000036414	ENSPKIG00000014997	vps37c
ENSP00000341504	ENSG00000172992	DCAKD	ENSPKIP00000013059	ENSPKIG00000000634	dcakd
ENSP00000306884	ENSG00000169248	CXCL11	ENSPKIP00000016570	ENSPKIG00000002836	
ENSP00000610371	ENSG00000137522	RNF121	ENSPKIP00000036422	ENSPKIG00000014990	rnf121
ENSP00000600847	ENSG00000142687	KIAA0319L	ENSPKIP00000006515	ENSPKIG00000022762	kiaa0319l
ENSP00000556580	ENSG00000133641	RLIG1	ENSPKIP00000008903	ENSPKIG00000024208	rlig1
ENSP00000226193	ENSG00000109047	RCVRN	ENSPKIP00000036166	ENSPKIG00000014789	rcvrna
ENSP00000334100	ENSG00000182473	EXOC7	ENSPKIP00000035332	ENSPKIG00000014329	exoc7
ENSP00000322570	ENSG00000177084	POLE	ENSPKIP00000009913	ENSPKIG00000024809	pole
ENSP00000404251	ENSG00000144560	VGLL4	ENSPKIP00000009985	ENSPKIG00000024872	vgll4b
ENSP00000576510	ENSG00000149564	ESAM	ENSPKIP00000018538	ENSPKIG00000004068	esamb
ENSP00000562790	ENSG00000092020	PPP2R3C	ENSPKIP00000028283	ENSPKIG00000009983	ppp2r3c
ENSP00000262643	ENSG00000105173	CCNE1	ENSPKIP00000019068	ENSPKIG00000004378	ccne1
ENSP00000273588	ENSG00000145020	AMT	ENSPKIP00000014660	ENSPKIG00000001643	amt
ENSP00000582661	ENSG00000037757	MRI1	ENSPKIP00000017516	ENSPKIG00000003387	mri1
ENSP00000492570	ENSG00000214290	POU2AF3	ENSPKIP00000001594	ENSPKIG00000019828	linc.pou2af1
ENSP00000548227	ENSG00000149218	ENDOD1	ENSPKIP00000000319	ENSPKIG00000019032	
ENSP00000424865	ENSG00000013375	PGM3	ENSPKIP00000032493	ENSPKIG00000012575	pgm3
ENSP00000299663	ENSG00000166523	CLEC4E	ENSPKIP00000011372	ENSPKIG00000018492	
ENSP00000307369	ENSG00000169291	SHE	ENSPKIP00000007793	ENSPKIG00000023556	SHE
ENSP00000589968	ENSG00000175183	CSRP2	ENSPKIP00000001997	ENSPKIG00000020060	csrp2
ENSP00000230053	ENSG00000112309	B3GAT2	ENSPKIP00000016203	ENSPKIG00000002632	b3gat2
ENSP00000575023	ENSG00000078967	UBE2D4	ENSPKIP00000009976	ENSPKIG00000024864	ube2d4
ENSP00000798544	ENSG00000183726	TMEM50A	ENSPKIP00000025099	ENSPKIG00000008090	tmem50a
ENSP00000566279	ENSG00000111845	PAK1IP1	ENSPKIP00000025028	ENSPKIG00000008048	pak1ip1
ENSP00000376753	ENSG00000123159	GIPC1	ENSPKIP00000033308	ENSPKIG00000013069	gipc1
ENSP00000305161	ENSG00000169871	TRIM56	ENSPKIP00000024557	ENSPKIG00000007762	
ENSP00000743492	ENSG00000184990	SIVA1	ENSPKIP00000017690	ENSPKIG00000003502	siva1
ENSP00000519360	ENSG00000105607	GCDH	ENSPKIP00000023785	ENSPKIG00000007270	gcdha
ENSP00000797871	ENSG00000106244	PDAP1	ENSPKIP00000016459	ENSPKIG00000002773	pdap1a
ENSP00000516406	ENSG00000176165	FOXG1	ENSPKIP00000026110	ENSPKIG00000008721	foxg1a
ENSP00000228284	ENSG00000075856	SART3	ENSPKIP00000010507	ENSPKIG00000025203	sart3
ENSP00000442057	ENSG00000100865	CINP	ENSPKIP00000026633	ENSPKIG00000009032	cinp
ENSP00000327197	ENSG00000119231	SENP5	ENSPKIP00000031970	ENSPKIG00000012246	senp5
ENSP00000362273	ENSG00000116863	ADPRS	ENSPKIP00000010683	ENSPKIG00000025301	adprs
ENSP00000792052	ENSG00000205659	LIN52	ENSPKIP00000018030	ENSPKIG00000003735	lin52
ENSP00000274063	ENSG00000145423	SFRP2	ENSPKIP00000037367	ENSPKIG00000015578	sfrp2
ENSP00000338807	ENSG00000168826	ZBTB49	ENSPKIP00000018563	ENSPKIG00000004091	zbtb49
ENSP00000366434	ENSG00000087206	UIMC1	ENSPKIP00000027132	ENSPKIG00000009306	
ENSP00000262713	ENSG00000129474	AJUBA	ENSPKIP00000023397	ENSPKIG00000007050	ajuba
ENSP00000586319	ENSG00000144827	ABHD10	ENSPKIP00000034657	ENSPKIG00000013913	tagln3b
ENSP00000320794	ENSG00000176542	USF3	ENSPKIP00000032903	ENSPKIG00000012814	usf3
ENSP00000538432	ENSG00000100580	TMED8	ENSPKIP00000015589	ENSPKIG00000002255	tmed8
ENSP00000260818	ENSG00000138246	DNAJC13	ENSPKIP00000030631	ENSPKIG00000011342	DNAJC13
ENSP00000222329	ENSG00000105722	ERF	ENSPKIP00000039475	ENSPKIG00000016820	erfl3
ENSP00000554087	ENSG00000109805	NCAPG	ENSPKIP00000005708	ENSPKIG00000022276	ncapg
ENSP00000599684	ENSG00000183763	TRAIP	ENSPKIP00000001006	ENSPKIG00000019437	traip
ENSP00000565973	ENSG00000132837	DMGDH	ENSPKIP00000041065	ENSPKIG00000017764	dmgdh
ENSP00000377386	ENSG00000123329	ARHGAP9	ENSPKIP00000016805	ENSPKIG00000002965	ARHGAP9
ENSP00000679480	ENSG00000249242	TMEM150C	ENSPKIP00000011048	ENSPKIG00000025519	tmem150c
ENSP00000636948	ENSG00000168724	DNAJC21	ENSPKIP00000021613	ENSPKIG00000005946	dnajc21
ENSP00000376389	ENSG00000172794	RAB37	ENSPKIP00000026893	ENSPKIG00000009185	
ENSP00000501466	ENSG00000120458	MSANTD2	ENSPKIP00000019921	ENSPKIG00000004896	si:ch211-80m8.2
ENSP00000623317	ENSG00000073050	XRCC1	ENSPKIP00000004872	ENSPKIG00000021785	xrcc1
ENSP00000340753	ENSG00000121577	POPDC2	ENSPKIP00000009886	ENSPKIG00000024811	popdc2
ENSP00000788044	ENSG00000197548	ATG7	ENSPKIP00000010004	ENSPKIG00000024886	atg7
ENSP00000497060	ENSG00000145832	SLC25A48	ENSPKIP00000012335	ENSPKIG00000000162	slc25a48
ENSP00000505779	ENSG00000168066	SF1	ENSPKIP00000031762	ENSPKIG00000012116	sf1
ENSP00000509174	ENSG00000179846	NKPD1	ENSPKIP00000032145	ENSPKIG00000012354	nkpd1
ENSP00000509788	ENSG00000031003	FAM13B	ENSPKIP00000002059	ENSPKIG00000020108	fam13b
ENSP00000456436	ENSG00000064666	CNN2	ENSPKIP00000023702	ENSPKIG00000007219	
ENSP00000197268	ENSG00000084444	FAM234B	ENSPKIP00000023806	ENSPKIG00000007288	fam234b
ENSP00000280701	ENSG00000151093	OXSM	ENSPKIP00000028379	ENSPKIG00000010056	oxsm
ENSP00000521213	ENSG00000196151	WDSUB1	ENSPKIP00000016399	ENSPKIG00000002741	wdsub1
ENSP00000368190	ENSG00000161270	NPHS1	ENSPKIP00000001881	ENSPKIG00000019917	nphs1
ENSP00000684602	ENSG00000145293	ENOPH1	ENSPKIP00000011045	ENSPKIG00000025516	enoph1
ENSP00000415516	ENSG00000184937	WT1	ENSPKIP00000007742	ENSPKIG00000023518	wt1a
ENSP00000619858	ENSG00000164053	ATRIP	ENSPKIP00000010345	ENSPKIG00000025096	atrip
ENSP00000798489	ENSG00000173542	MOB1B	ENSPKIP00000015888	ENSPKIG00000002431	mob1ba
ENSP00000394352	ENSG00000150764	DIXDC1	ENSPKIP00000026775	ENSPKIG00000009118	dixdc1b
ENSP00000592553	ENSG00000198961	PJA2	ENSPKIP00000011177	ENSPKIG00000025586	pja2
ENSP00000532652	ENSG00000143891	GALM	ENSPKIP00000006428	ENSPKIG00000022715	galm
ENSP00000025399	ENSG00000023734	STRAP	ENSPKIP00000024497	ENSPKIG00000007718	strap
ENSP00000465432	ENSG00000104979	C19orf53	ENSPKIP00000017467	ENSPKIG00000003368	zgc:136864
ENSP00000278947	ENSG00000149575	SCN2B	ENSPKIP00000010610	ENSPKIG00000025265	scn2b
ENSP00000628770	ENSG00000172399	MYOZ2	ENSPKIP00000019382	ENSPKIG00000004580	myoz2a
ENSP00000248244	ENSG00000127666	TICAM1	ENSPKIP00000033861	ENSPKIG00000013407	ticam1
ENSP00000525734	ENSG00000188505	NCCRP1	ENSPKIP00000001195	ENSPKIG00000019587	nccrp1
ENSP00000227348	ENSG00000109943	CRTAM	ENSPKIP00000018864	ENSPKIG00000004262	
ENSP00000226299	ENSG00000002549	LAP3	ENSPKIP00000005965	ENSPKIG00000022415	lap3
ENSP00000425040	ENSG00000184305	CCSER1	ENSPKIP00000040107	ENSPKIG00000017203	ccser1
ENSP00000511946	ENSG00000115761	NOL10	ENSPKIP00000007658	ENSPKIG00000023459	nol10
ENSP00000340578	ENSG00000169435	RASSF6	ENSPKIP00000007163	ENSPKIG00000023173	rassf6
ENSP00000370812	ENSG00000164283	ESM1	ENSPKIP00000023103	ENSPKIG00000006852	esm1
ENSP00000296589	ENSG00000164175	SLC45A2	ENSPKIP00000002974	ENSPKIG00000020666	slc45a2
ENSP00000558657	ENSG00000074276	CDHR2	ENSPKIP00000006296	ENSPKIG00000022600	cdhr2
ENSP00000281453	ENSG00000151725	CENPU	ENSPKIP00000023918	ENSPKIG00000007373	cenpu
ENSP00000294119	ENSG00000162191	UBXN1	ENSPKIP00000002297	ENSPKIG00000020247	ubxn1
ENSP00000679784	ENSG00000117533	VAMP4	ENSPKIP00000026830	ENSPKIG00000009114	vamp4
ENSP00000642142	ENSG00000115526	CHST10	ENSPKIP00000001092	ENSPKIG00000019509	chst10
ENSP00000664128	ENSG00000181513	ACBD4	ENSPKIP00000017060	ENSPKIG00000003043	acbd4
ENSP00000471735	ENSG00000008382	MPND	ENSPKIP00000038116	ENSPKIG00000016034	mpnd
ENSP00000261796	ENSG00000127743	IL17B	ENSPKIP00000016357	ENSPKIG00000002711	IL17B
ENSP00000313385	ENSG00000181826	RELL1	ENSPKIP00000031308	ENSPKIG00000011835	rell1
ENSP00000776916	ENSG00000094880	CDC23	ENSPKIP00000003143	ENSPKIG00000020734	cdc23
ENSP00000538634	ENSG00000013288	MAN2B2	ENSPKIP00000034652	ENSPKIG00000013850	man2b2
ENSP00000598501	ENSG00000130695	CEP85	ENSPKIP00000005812	ENSPKIG00000022345	cep85
ENSP00000773996	ENSG00000125743	SNRPD2	ENSPKIP00000013818	ENSPKIG00000001110	snrpd2
ENSP00000794761	ENSG00000082068	WDR70	ENSPKIP00000001013	ENSPKIG00000019441	WDR70
ENSP00000330190	ENSG00000184271	POU6F1	ENSPKIP00000035940	ENSPKIG00000014689	pou6f1
ENSP00000437738	ENSG00000061936	SFSWAP	ENSPKIP00000025462	ENSPKIG00000008327	sfswap
ENSP00000633808	ENSG00000144366	GULP1	ENSPKIP00000001610	ENSPKIG00000019734	GULP1
ENSP00000602557	ENSG00000130332	LSM7	ENSPKIP00000030487	ENSPKIG00000011325	lsm7
ENSP00000372316	ENSG00000130997	POLN	ENSPKIP00000037050	ENSPKIG00000015380	poln
ENSP00000787417	ENSG00000009780	FAM76A	ENSPKIP00000005290	ENSPKIG00000022004	FAM76A
ENSP00000793837	ENSG00000081791	DELE1	ENSPKIP00000037243	ENSPKIG00000015505	
ENSP00000770738	ENSG00000171401	KRT13	ENSPKIP00000024504	ENSPKIG00000007736	krt94
ENSP00000591821	ENSG00000149548	CCDC15	ENSPKIP00000040192	ENSPKIG00000017258	ccdc15
ENSP00000546380	ENSG00000168743	NPNT	ENSPKIP00000031880	ENSPKIG00000012155	npnta
ENSP00000610403	ENSG00000169710	FASN	ENSPKIP00000028328	ENSPKIG00000009964	fasn
ENSP00000643176	ENSG00000110917	MLEC	ENSPKIP00000007711	ENSPKIG00000023496	mlec
ENSP00000261267	ENSG00000090382	LYZ	ENSPKIP00000003162	ENSPKIG00000020778	LYZ
ENSP00000237837	ENSG00000118972	FGF23	ENSPKIP00000039975	ENSPKIG00000017124	fgf23
ENSP00000266604	ENSG00000139233	LLPH	ENSPKIP00000039453	ENSPKIG00000016802	llph
ENSP00000350552	ENSG00000111783	RFX4	ENSPKIP00000009776	ENSPKIG00000024742	rfx4
ENSP00000419475	ENSG00000114744	COMMD2	ENSPKIP00000008670	ENSPKIG00000024071	commd2
ENSP00000261507	ENSG00000052802	MSMO1	ENSPKIP00000001833	ENSPKIG00000019967	msmo1
ENSP00000395772	ENSG00000163938	GNL3	ENSPKIP00000009038	ENSPKIG00000024295	gnl3
ENSP00000331470	ENSG00000185610	DBX2	ENSPKIP00000006504	ENSPKIG00000022766	DBX2
ENSP00000320509	ENSG00000153064	BANK1	ENSPKIP00000012363	ENSPKIG00000000178	BANK1
ENSP00000253801	ENSG00000131482	G6PC1	ENSPKIP00000014921	ENSPKIG00000001818	g6pc1a.2
ENSP00000642136	ENSG00000143498	TAF1A	ENSPKIP00000015148	ENSPKIG00000001964	taf1a
ENSP00000623798	ENSG00000113648	MACROH2A1	ENSPKIP00000028661	ENSPKIG00000010198	macroh2a1
ENSP00000307701	ENSG00000168785	TSPAN5	ENSPKIP00000007020	ENSPKIG00000023070	
ENSP00000498248	ENSG00000213516	RBMXL1	ENSPKIP00000010050	ENSPKIG00000024910	rbmx
ENSP00000337014	ENSG00000168509	HJV	ENSPKIP00000033551	ENSPKIG00000013220	hjv
ENSP00000179259	ENSG00000078237	TIGAR	ENSPKIP00000039952	ENSPKIG00000017112	tigarb
ENSP00000737044	ENSG00000079387	SENP1	ENSPKIP00000018105	ENSPKIG00000003757	senp1
ENSP00000345917	ENSG00000145220	LYAR	ENSPKIP00000018516	ENSPKIG00000004048	lyar
ENSP00000514924	ENSG00000099341	PSMD8	ENSPKIP00000033661	ENSPKIG00000013294	psmd8
ENSP00000691984	ENSG00000164111	ANXA5	ENSPKIP00000034673	ENSPKIG00000013918	anxa5b
ENSP00000320797	ENSG00000108423	TUBD1	ENSPKIP00000032561	ENSPKIG00000012615	tubd1
ENSP00000442424	ENSG00000127318	IL22	ENSPKIP00000011819	ENSPKIG00000018762	
ENSP00000586098	ENSG00000069248	NUP133	ENSPKIP00000026813	ENSPKIG00000009104	nup133
ENSP00000315357	ENSG00000177917	ARL6IP6	ENSPKIP00000031487	ENSPKIG00000011962	ARL6IP6
ENSP00000299886	ENSG00000166685	COG1	ENSPKIP00000006812	ENSPKIG00000022943	cog1
ENSP00000305877	ENSG00000171596	NMUR1	ENSPKIP00000006491	ENSPKIG00000022754	nmur1b
ENSP00000618606	ENSG00000185909	KLHDC8B	ENSPKIP00000006953	ENSPKIG00000023033	klhdc8b
ENSP00000630104	ENSG00000105290	APLP1	ENSPKIP00000035118	ENSPKIG00000014186	aplp1
ENSP00000544926	ENSG00000161204	ABCF3	ENSPKIP00000034953	ENSPKIG00000014055	abcf3
ENSP00000354053	ENSG00000120820	GLT8D2	ENSPKIP00000038889	ENSPKIG00000016471	glt8d2
ENSP00000355955	ENSG00000117691	NENF	ENSPKIP00000001765	ENSPKIG00000019926	nenf
ENSP00000286317	ENSG00000155868	MED7	ENSPKIP00000021843	ENSPKIG00000006078	
ENSP00000627168	ENSG00000123095	BHLHE41	ENSPKIP00000000928	ENSPKIG00000019406	bhlhe41
ENSP00000394114	ENSG00000137747	TMPRSS13	ENSPKIP00000010544	ENSPKIG00000025227	tmprss13a
ENSP00000341564	ENSG00000188582	PAQR9	ENSPKIP00000030082	ENSPKIG00000011076	paqr9
ENSP00000250693	ENSG00000129744	ART1	ENSPKIP00000038785	ENSPKIG00000016432	
ENSP00000568718	ENSG00000090512	FETUB	ENSPKIP00000031834	ENSPKIG00000012168	fetub
ENSP00000323246	ENSG00000165891	E2F7	ENSPKIP00000015624	ENSPKIG00000002278	e2f7
ENSP00000539820	ENSG00000120860	WASHC3	ENSPKIP00000022378	ENSPKIG00000006403	washc3
ENSP00000322469	ENSG00000179021	C3orf38	ENSPKIP00000031166	ENSPKIG00000011752	si:ch211-261p9.4
ENSP00000488530	ENSG00000113966	ARL6	ENSPKIP00000004143	ENSPKIG00000021369	arl6
ENSP00000588421	ENSG00000105404	RABAC1	ENSPKIP00000039122	ENSPKIG00000016608	rabac1
ENSP00000334153	ENSG00000131378	RFTN1	ENSPKIP00000032495	ENSPKIG00000012571	rftn1a
ENSP00000347486	ENSG00000139714	MORN3	ENSPKIP00000007237	ENSPKIG00000023214	morn3
ENSP00000013807	ENSG00000012061	ERCC1	ENSPKIP00000024704	ENSPKIG00000007852	ercc1
ENSP00000596771	ENSG00000166881	NEMP1	ENSPKIP00000021880	ENSPKIG00000006105	nemp1
ENSP00000561544	ENSG00000197798	FAM118B	ENSPKIP00000038188	ENSPKIG00000016061	fam118b
ENSP00000376440	ENSG00000151164	RAD9B	ENSPKIP00000023324	ENSPKIG00000007002	rad9b
ENSP00000386088	ENSG00000115970	THADA	ENSPKIP00000006332	ENSPKIG00000022654	THADA
ENSP00000355541	ENSG00000119285	HEATR1	ENSPKIP00000015709	ENSPKIG00000002326	heatr1
ENSP00000411898	ENSG00000182585	EPGN	ENSPKIP00000003292	ENSPKIG00000020863	
ENSP00000040584	ENSG00000037965	HOXC8	ENSPKIP00000017112	ENSPKIG00000003163	hoxc8a
ENSP00000703732	ENSG00000180354	MTURN	ENSPKIP00000018096	ENSPKIG00000003782	mturn
ENSP00000274569	ENSG00000145882	PCYOX1L	ENSPKIP00000009307	ENSPKIG00000024455	pcyox1l
ENSP00000307183	ENSG00000168556	ING2	ENSPKIP00000007118	ENSPKIG00000023141	ing2
ENSP00000264596	ENSG00000109674	NEIL3	ENSPKIP00000022738	ENSPKIG00000006630	neil3
ENSP00000618614	ENSG00000198074	AKR1B10	ENSPKIP00000026716	ENSPKIG00000009077	akr1b1.2
ENSP00000296513	ENSG00000164113	ADAD1	ENSPKIP00000036643	ENSPKIG00000015129	adad1
ENSP00000538354	ENSG00000142784	WDTC1	ENSPKIP00000035587	ENSPKIG00000014467	wdtc1
ENSP00000311513	ENSG00000048649	RSF1	ENSPKIP00000008544	ENSPKIG00000023983	RSF1
ENSP00000575309	ENSG00000039537	C6	ENSPKIP00000030312	ENSPKIG00000011218	c6.2
ENSP00000633484	ENSG00000004766	VPS50	ENSPKIP00000013814	ENSPKIG00000001030	vps50
ENSP00000529458	ENSG00000163159	VPS72	ENSPKIP00000013180	ENSPKIG00000000704	vps72a
ENSP00000226382	ENSG00000109132	PHOX2B	ENSPKIP00000034522	ENSPKIG00000013815	PHOX2B
ENSP00000549750	ENSG00000105186	ANKRD27	ENSPKIP00000002653	ENSPKIG00000020433	ankrd27
ENSP00000644203	ENSG00000187546	AGMO	ENSPKIP00000031343	ENSPKIG00000011859	agmo
ENSP00000223324	ENSG00000106591	MRPL32	ENSPKIP00000042000	ENSPKIG00000018407	mrpl32
ENSP00000357904	ENSG00000163155	LYSMD1	ENSPKIP00000029785	ENSPKIG00000010901	lysmd1
ENSP00000349785	ENSG00000197769	MAP1LC3C	ENSPKIP00000002853	ENSPKIG00000020581	map1lc3c
ENSP00000419266	ENSG00000106038	EVX1	ENSPKIP00000012349	ENSPKIG00000000173	EVX1
ENSP00000630055	ENSG00000074416	MGLL	ENSPKIP00000034935	ENSPKIG00000014070	mgll
ENSP00000700926	ENSG00000008311	AASS	ENSPKIP00000004142	ENSPKIG00000021350	aass
ENSP00000352544	ENSG00000145920	CPLX2	ENSPKIP00000012373	ENSPKIG00000000187	cplx2b
ENSP00000518238	ENSG00000136504	KAT7	ENSPKIP00000004407	ENSPKIG00000021511	kat7b
ENSP00000272746	ENSG00000115935	WIPF1	ENSPKIP00000007192	ENSPKIG00000023181	wipf1a
ENSP00000430100	ENSG00000094755	GABRP	ENSPKIP00000011874	ENSPKIG00000018358	
ENSP00000273550	ENSG00000167996	FTH1	ENSPKIP00000042077	ENSPKIG00000018417	fth1b
ENSP00000320376	ENSG00000181631	P2RY13	ENSPKIP00000028815	ENSPKIG00000010310	p2ry13
ENSP00000592254	ENSG00000187118	CMC1	ENSPKIP00000024882	ENSPKIG00000007960	cmc1
ENSP00000629664	ENSG00000121289	CEP89	ENSPKIP00000002864	ENSPKIG00000020582	cep89
ENSP00000283109	ENSG00000058729	RIOK2	ENSPKIP00000038501	ENSPKIG00000016220	riok2
ENSP00000696228	ENSG00000171824	EXOSC10	ENSPKIP00000033348	ENSPKIG00000013098	exosc10
ENSP00000545938	ENSG00000016391	CHDH	ENSPKIP00000009451	ENSPKIG00000024560	chdh
ENSP00000610902	ENSG00000145912	NHP2	ENSPKIP00000022384	ENSPKIG00000006410	nhp2
ENSP00000490726	ENSG00000188878	FBF1	ENSPKIP00000023772	ENSPKIG00000007273	
ENSP00000085219	ENSG00000012124	CD22	ENSPKIP00000022609	ENSPKIG00000006528	si:dkey-33i11.1
ENSP00000659053	ENSG00000198624	CCDC69	ENSPKIP00000005851	ENSPKIG00000022369	ccdc69
ENSP00000562303	ENSG00000185475	TMEM179B	ENSPKIP00000023286	ENSPKIG00000006970	tmem179bb
ENSP00000562937	ENSG00000149182	ARFGAP2	ENSPKIP00000020560	ENSPKIG00000005287	arfgap2
ENSP00000550110	ENSG00000144840	RABL3	ENSPKIP00000024659	ENSPKIG00000007818	rabl3
ENSP00000410402	ENSG00000065559	MAP2K4	ENSPKIP00000017063	ENSPKIG00000003071	map2k4b
ENSP00000238875	ENSG00000119862	LGALSL	ENSPKIP00000020354	ENSPKIG00000005170	lgalslb
ENSP00000307235	ENSG00000172071	EIF2AK3	ENSPKIP00000027931	ENSPKIG00000009777	eif2ak3
ENSP00000707103	ENSG00000237190	CDKN2AIPNL	ENSPKIP00000029643	ENSPKIG00000010812	cdkn2aipnl
ENSP00000597638	ENSG00000179029	TMEM107	ENSPKIP00000030308	ENSPKIG00000011204	tmem107l
ENSP00000727919	ENSG00000173818	ENDOV	ENSPKIP00000022818	ENSPKIG00000006685	ENDOV
ENSP00000373312	ENSG00000157020	SEC13	ENSPKIP00000027566	ENSPKIG00000009564	sec13
ENSP00000495557	ENSG00000177807	KCNJ10	ENSPKIP00000037153	ENSPKIG00000015445	kcnj10b
ENSP00000499133	ENSG00000185129	PURA	ENSPKIP00000003833	ENSPKIG00000021168	puraa
ENSP00000792842	ENSG00000126453	BCL2L12	ENSPKIP00000021247	ENSPKIG00000005725	bcl2l12
ENSP00000376335	ENSG00000163328	GPR155	ENSPKIP00000007244	ENSPKIG00000023215	gpr155a
ENSP00000231668	ENSG00000113734	BNIP1	ENSPKIP00000016621	ENSPKIG00000002855	bnip1a
ENSP00000597025	ENSG00000106608	URGCP	ENSPKIP00000025556	ENSPKIG00000008388	
ENSP00000552324	ENSG00000173599	PC	ENSPKIP00000009896	ENSPKIG00000024799	PC
ENSP00000479598	ENSG00000171792	RHNO1	ENSPKIP00000017847	ENSPKIG00000003611	rhno1
ENSP00000323074	ENSG00000108557	RAI1	ENSPKIP00000038767	ENSPKIG00000016408	RAI1
ENSP00000410926	ENSG00000185621	LMLN	ENSPKIP00000038288	ENSPKIG00000016041	lmln
ENSP00000553048	ENSG00000050426	LETMD1	ENSPKIP00000021675	ENSPKIG00000005986	letmd1
ENSP00000584462	ENSG00000010244	ZNF207	ENSPKIP00000020675	ENSPKIG00000005356	znf207a
ENSP00000551184	ENSG00000010270	STARD3NL	ENSPKIP00000038473	ENSPKIG00000016225	stard3nl
ENSP00000797785	ENSG00000158985	CDC42SE2	ENSPKIP00000003665	ENSPKIG00000021075	cdc42se2
ENSP00000694201	ENSG00000169228	RAB24	ENSPKIP00000038924	ENSPKIG00000016494	RAB24
ENSP00000311899	ENSG00000123977	DAW1	ENSPKIP00000039147	ENSPKIG00000016621	daw1
ENSP00000385574	ENSG00000138028	CGREF1	ENSPKIP00000020340	ENSPKIG00000005161	cgref1
ENSP00000263409	ENSG00000113594	LIFR	ENSPKIP00000037956	ENSPKIG00000015938	lifra
ENSP00000534842	ENSG00000169919	GUSB	ENSPKIP00000039150	ENSPKIG00000016604	gusb
ENSP00000332103	ENSG00000183011	NAA38	ENSPKIP00000022699	ENSPKIG00000006614	
ENSP00000656921	ENSG00000138434	ITPRID2	ENSPKIP00000004542	ENSPKIG00000021555	itprid2
ENSP00000304697	ENSG00000170315	UBB	ENSPKIP00000000715	ENSPKIG00000019243	si:ch211-202a12.4
ENSP00000386156	ENSG00000170473	PYM1	ENSPKIP00000022190	ENSPKIG00000006301	pym1
ENSP00000586208	ENSG00000129197	RPAIN	ENSPKIP00000040334	ENSPKIG00000017333	rpain
ENSP00000606696	ENSG00000111752	PHC1	ENSPKIP00000010357	ENSPKIG00000025100	phc1
ENSP00000321326	ENSG00000181104	F2R	ENSPKIP00000011864	ENSPKIG00000018365	F2R
ENSP00000424328	ENSG00000112996	MRPS30	ENSPKIP00000008579	ENSPKIG00000024011	mrps30
ENSP00000735780	ENSG00000039560	RAI14	ENSPKIP00000002865	ENSPKIG00000020593	rai14
ENSP00000537293	ENSG00000170293	CMTM8	ENSPKIP00000008147	ENSPKIG00000023775	cmtm8a
ENSP00000760409	ENSG00000198258	UBL5	ENSPKIP00000006602	ENSPKIG00000022811	UBL5
ENSP00000751709	ENSG00000180773	SLC36A4	ENSPKIP00000025805	ENSPKIG00000008540	slc36a4
ENSP00000540291	ENSG00000006015	REX1BD	ENSPKIP00000040770	ENSPKIG00000017606	rex1bd
ENSP00000561689	ENSG00000143217	NECTIN4	ENSPKIP00000037645	ENSPKIG00000015737	
ENSP00000601034	ENSG00000109118	PHF12	ENSPKIP00000013462	ENSPKIG00000000881	PHF12
ENSP00000581406	ENSG00000110344	UBE4A	ENSPKIP00000011455	ENSPKIG00000018526	ube4a
ENSP00000724262	ENSG00000108666	C17orf75	ENSPKIP00000021746	ENSPKIG00000006019	zgc:153240
ENSP00000601566	ENSG00000162636	EEIG2	ENSPKIP00000040170	ENSPKIG00000017219	EEIG2
ENSP00000378356	ENSG00000112984	KIF20A	ENSPKIP00000003150	ENSPKIG00000020756	kif20a
ENSP00000359333	ENSG00000154511	DIPK1A	ENSPKIP00000019965	ENSPKIG00000004912	dipk1ab
ENSP00000295092	ENSG00000162981	LRATD1	ENSPKIP00000032656	ENSPKIG00000012666	lratd1
ENSP00000327647	ENSG00000169372	CRADD	ENSPKIP00000037620	ENSPKIG00000015725	cradd
ENSP00000240316	ENSG00000121058	COIL	ENSPKIP00000025834	ENSPKIG00000008553	
ENSP00000618025	ENSG00000157637	SLC38A10	ENSPKIP00000034174	ENSPKIG00000013606	slc38a10
ENSP00000797900	ENSG00000124356	STAMBP	ENSPKIP00000010017	ENSPKIG00000024897	stambpb
ENSP00000339802	ENSG00000189127	ANKRD34B	ENSPKIP00000035418	ENSPKIG00000014386	ANKRD34B
ENSP00000586003	ENSG00000121653	MAPK8IP1	ENSPKIP00000011722	ENSPKIG00000018678	mapk8ip1a
ENSP00000525906	ENSG00000143369	ECM1	ENSPKIP00000037903	ENSPKIG00000015915	
ENSP00000353785	ENSG00000171368	TPPP	ENSPKIP00000000722	ENSPKIG00000019267	tppp
ENSP00000509891	ENSG00000178105	DDX10	ENSPKIP00000037700	ENSPKIG00000015739	ddx10
ENSP00000306397	ENSG00000169021	UQCRFS1	ENSPKIP00000029982	ENSPKIG00000011020	uqcrfs1
ENSP00000424495	ENSG00000113761	ZNF346	ENSPKIP00000027002	ENSPKIG00000009247	znf346
ENSP00000368591	ENSG00000162571	TTLL10	ENSPKIP00000032176	ENSPKIG00000012360	ttll10
ENSP00000776554	ENSG00000142546	NOSIP	ENSPKIP00000021361	ENSPKIG00000005790	nosip
ENSP00000795601	ENSG00000113328	CCNG1	ENSPKIP00000009254	ENSPKIG00000024439	ccng1
ENSP00000300650	ENSG00000167257	RNF214	ENSPKIP00000036598	ENSPKIG00000015107	
ENSP00000678995	ENSG00000028310	BRD9	ENSPKIP00000000904	ENSPKIG00000019374	brd9
ENSP00000638448	ENSG00000108405	P2RX1	ENSPKIP00000040549	ENSPKIG00000017459	p2rx1
ENSP00000310729	ENSG00000122557	HERPUD2	ENSPKIP00000024284	ENSPKIG00000007602	herpud2
ENSP00000466613	ENSG00000092931	MFSD11	ENSPKIP00000007051	ENSPKIG00000023067	mfsd11
ENSP00000417841	ENSG00000185055	EFCAB10	ENSPKIP00000038248	ENSPKIG00000016101	si:dkey-42p14.3
ENSP00000505402	ENSG00000169379	ARL13B	ENSPKIP00000031278	ENSPKIG00000011815	arl13b
ENSP00000351100	ENSG00000120314	WDR55	ENSPKIP00000002902	ENSPKIG00000020607	wdr55
ENSP00000551099	ENSG00000143224	PPOX	ENSPKIP00000000331	ENSPKIG00000019041	ppox
ENSP00000274306	ENSG00000145649	GZMA	ENSPKIP00000005999	ENSPKIG00000022453	
ENSP00000423152	ENSG00000171421	MRPL36	ENSPKIP00000008977	ENSPKIG00000024258	mrpl36
ENSP00000426387	ENSG00000177311	ZBTB38	ENSPKIP00000036521	ENSPKIG00000015055	ZBTB38
ENSP00000432463	ENSG00000146067	FAM193B	ENSPKIP00000024554	ENSPKIG00000007761	fam193b
ENSP00000376952	ENSG00000154920	EME1	ENSPKIP00000029988	ENSPKIG00000011023	eme1
ENSP00000225873	ENSG00000108733	PEX12	ENSPKIP00000033428	ENSPKIG00000013143	pex12
ENSP00000223023	ENSG00000106299	WASL	ENSPKIP00000003738	ENSPKIG00000021112	WASL
ENSP00000376794	ENSG00000168917	SLC35G2	ENSPKIP00000004321	ENSPKIG00000021484	SLC35G2
ENSP00000628748	ENSG00000138468	SENP7	ENSPKIP00000032607	ENSPKIG00000012646	SENP7
ENSP00000476236	ENSG00000272391	POM121C	ENSPKIP00000036336	ENSPKIG00000014943	wu:fb30f12
ENSP00000501934	ENSG00000196704	AMZ2	ENSPKIP00000025505	ENSPKIG00000008351	AMZ2
ENSP00000272928	ENSG00000144476	ACKR3	ENSPKIP00000030983	ENSPKIG00000011654	ackr3b
ENSP00000788211	ENSG00000115956	PLEK	ENSPKIP00000020143	ENSPKIG00000005025	plek
ENSP00000353089	ENSG00000161547	SRSF2	ENSPKIP00000007096	ENSPKIG00000023128	
ENSP00000351922	ENSG00000127914	AKAP9	ENSPKIP00000040723	ENSPKIG00000017576	
ENSP00000604411	ENSG00000136715	SAP130	ENSPKIP00000016111	ENSPKIG00000002565	sap130b
ENSP00000433825	ENSG00000054118	THRAP3	ENSPKIP00000020330	ENSPKIG00000005150	thrap3a
ENSP00000429366	ENSG00000177556	ATOX1	ENSPKIP00000006113	ENSPKIG00000022528	atox1
ENSP00000566832	ENSG00000129596	CDO1	ENSPKIP00000040529	ENSPKIG00000017457	cdo1
ENSP00000615503	ENSG00000106635	BCL7B	ENSPKIP00000036600	ENSPKIG00000015098	bcl7bb
ENSP00000776774	ENSG00000108861	DUSP3	ENSPKIP00000014446	ENSPKIG00000001501	dusp3a
ENSP00000742324	ENSG00000182158	CREB3L2	ENSPKIP00000027107	ENSPKIG00000009299	creb3l2
ENSP00000296921	ENSG00000164438	TLX3	ENSPKIP00000008431	ENSPKIG00000023925	tlx3b
ENSP00000585359	ENSG00000110713	NUP98	ENSPKIP00000037144	ENSPKIG00000015404	nup98
ENSP00000545342	ENSG00000184371	CSF1	ENSPKIP00000036799	ENSPKIG00000015237	
ENSP00000507587	ENSG00000164080	RAD54L2	ENSPKIP00000013794	ENSPKIG00000001065	rad54l2
ENSP00000367936	ENSG00000164405	UQCRQ	ENSPKIP00000009151	ENSPKIG00000024365	uqcrq
ENSP00000379640	ENSG00000105997	HOXA3	ENSPKIP00000012553	ENSPKIG00000000306	hoxa3a
ENSP00000608872	ENSG00000170085	SIMC1	ENSPKIP00000004177	ENSPKIG00000021396	simc1
ENSP00000252723	ENSG00000130427	EPO	ENSPKIP00000013823	ENSPKIG00000001109	epob
ENSP00000481032	ENSG00000142765	SYTL1	ENSPKIP00000005434	ENSPKIG00000022115	sytl1
ENSP00000326200	ENSG00000066422	ZBTB11	ENSPKIP00000028763	ENSPKIG00000010269	zbtb11
ENSP00000515478	ENSG00000173706	HEG1	ENSPKIP00000039072	ENSPKIG00000016587	heg1
ENSP00000393333	ENSG00000006638	TBXA2R	ENSPKIP00000014165	ENSPKIG00000001335	TBXA2R
ENSP00000262970	ENSG00000089847	ANKRD24	ENSPKIP00000040431	ENSPKIG00000017374	ankrd24
ENSP00000591188	ENSG00000176390	CRLF3	ENSPKIP00000019840	ENSPKIG00000004843	crlf3
ENSP00000527533	ENSG00000183077	AFMID	ENSPKIP00000029344	ENSPKIG00000010623	afmid
ENSP00000254260	ENSG00000131941	RHPN2	ENSPKIP00000002954	ENSPKIG00000020647	rhpn2
ENSP00000550184	ENSG00000105755	ETHE1	ENSPKIP00000007701	ENSPKIG00000023493	ethe1
ENSP00000514321	ENSG00000116044	NFE2L2	ENSPKIP00000006713	ENSPKIG00000022873	nfe2l2a
ENSP00000587066	ENSG00000099625	CBARP	ENSPKIP00000009346	ENSPKIG00000024483	cbarpb
ENSP00000464814	ENSG00000068120	COASY	ENSPKIP00000013193	ENSPKIG00000000708	coasy
ENSP00000513301	ENSG00000083454	P2RX5	ENSPKIP00000033492	ENSPKIG00000013160	p2rx8
ENSP00000248572	ENSG00000127928	GNGT1	ENSPKIP00000013927	ENSPKIG00000001175	gngt1
ENSP00000709597	ENSG00000205356	TECPR1	ENSPKIP00000017557	ENSPKIG00000003402	tecpr1a
ENSP00000547514	ENSG00000126432	PRDX5	ENSPKIP00000007546	ENSPKIG00000023395	prdx5
ENSP00000271732	ENSG00000143457	GOLPH3L	ENSPKIP00000013264	ENSPKIG00000000761	golph3l
ENSP00000335397	ENSG00000186907	RTN4RL2	ENSPKIP00000037609	ENSPKIG00000015719	rtn4rl2a
ENSP00000363250	ENSG00000142751	GPN2	ENSPKIP00000002030	ENSPKIG00000020086	gpn2
ENSP00000464231	ENSG00000125434	SLC25A35	ENSPKIP00000015004	ENSPKIG00000001860	slc25a35
ENSP00000373278	ENSG00000206559	ZCWPW2	ENSPKIP00000004789	ENSPKIG00000021743	
ENSP00000534567	ENSG00000110057	UNC93B1	ENSPKIP00000025382	ENSPKIG00000008283	unc93b1
ENSP00000332448	ENSG00000213638	ADAT3	ENSPKIP00000027315	ENSPKIG00000009430	adat3
ENSP00000557487	ENSG00000171962	DRC3	ENSPKIP00000039241	ENSPKIG00000016622	drc3
ENSP00000359679	ENSG00000174021	GNG5	ENSPKIP00000016639	ENSPKIG00000002879	gng5
ENSP00000433681	ENSG00000151503	NCAPD3	ENSPKIP00000024718	ENSPKIG00000007855	ncapd3
ENSP00000270502	ENSG00000142444	TIMM29	ENSPKIP00000020362	ENSPKIG00000005175	timm29
ENSP00000328083	ENSG00000183111	ARHGEF37	ENSPKIP00000001532	ENSPKIG00000019789	arhgef37
ENSP00000622976	ENSG00000093167	LRRFIP2	ENSPKIP00000004096	ENSPKIG00000021339	lrrfip2
ENSP00000427401	ENSG00000153006	SREK1IP1	ENSPKIP00000011095	ENSPKIG00000025540	srek1ip1
ENSP00000374152	ENSG00000135632	SMYD5	ENSPKIP00000019666	ENSPKIG00000004723	smyd5
ENSP00000598125	ENSG00000135093	USP30	ENSPKIP00000010374	ENSPKIG00000025113	usp30
ENSP00000612709	ENSG00000166263	STXBP4	ENSPKIP00000029278	ENSPKIG00000010589	stxbp4
ENSP00000692518	ENSG00000105258	POLR2I	ENSPKIP00000013788	ENSPKIG00000001086	polr2i
ENSP00000521394	ENSG00000205765	RIMOC1	ENSPKIP00000030176	ENSPKIG00000011126	rimoc1
ENSP00000253233	ENSG00000130921	MTRFR	ENSPKIP00000014530	ENSPKIG00000001571	mtrfr
ENSP00000572974	ENSG00000037474	NSUN2	ENSPKIP00000008897	ENSPKIG00000024200	nsun2
ENSP00000241051	ENSG00000121690	DEPDC7	ENSPKIP00000007871	ENSPKIG00000023604	depdc7a
ENSP00000376611	ENSG00000139372	TDG	ENSPKIP00000038820	ENSPKIG00000016444	tdg.1
ENSP00000270631	ENSG00000142538	PTH2	ENSPKIP00000033680	ENSPKIG00000013306	pth2
ENSP00000528083	ENSG00000137507	LRRC32	ENSPKIP00000034798	ENSPKIG00000014002	lrrc32
ENSP00000480157	ENSG00000276231	PIK3R6	ENSPKIP00000022261	ENSPKIG00000006340	PIK3R6
ENSP00000292090	ENSG00000160606	TLCD1	ENSPKIP00000022924	ENSPKIG00000006744	tlcd1
ENSP00000268933	ENSG00000049283	EPN3	ENSPKIP00000028233	ENSPKIG00000009918	epn3b
ENSP00000463159	ENSG00000160392	C19orf47	ENSPKIP00000030063	ENSPKIG00000011066	si:ch211-160d20.3
ENSP00000674388	ENSG00000167740	CYB5D2	ENSPKIP00000041143	ENSPKIG00000017813	cyb5d2
ENSP00000338927	ENSG00000161642	ZNF385A	ENSPKIP00000025616	ENSPKIG00000008396	ZNF385A
ENSP00000587221	ENSG00000108106	UBE2S	ENSPKIP00000032242	ENSPKIG00000012412	ube2s
ENSP00000606826	ENSG00000094804	CDC6	ENSPKIP00000007100	ENSPKIG00000023131	cdc6
ENSP00000632936	ENSG00000067113	PLPP1	ENSPKIP00000003479	ENSPKIG00000020958	plpp1a
ENSP00000501355	ENSG00000173928	SWSAP1	ENSPKIP00000026053	ENSPKIG00000008687	swsap1
ENSP00000253237	ENSG00000105447	GRWD1	ENSPKIP00000031844	ENSPKIG00000012163	grwd1
ENSP00000433427	ENSG00000185305	ARL15	ENSPKIP00000016959	ENSPKIG00000003061	ARL15
ENSP00000725987	ENSG00000002822	MAD1L1	ENSPKIP00000031746	ENSPKIG00000012044	mad1l1
ENSP00000424798	ENSG00000177034	MTX3	ENSPKIP00000037564	ENSPKIG00000015695	mtx3
ENSP00000205948	ENSG00000091583	APOH	ENSPKIP00000021466	ENSPKIG00000005848	APOH
ENSP00000463069	ENSG00000108375	RNF43	ENSPKIP00000039708	ENSPKIG00000016965	RNF43
ENSP00000462159	ENSG00000109101	FOXN1	ENSPKIP00000029647	ENSPKIG00000010814	foxn1
ENSP00000321706	ENSG00000179409	GEMIN4	ENSPKIP00000003581	ENSPKIG00000021025	gemin4
ENSP00000664594	ENSG00000163431	LMOD1	ENSPKIP00000040134	ENSPKIG00000017225	lmod1b
ENSP00000264711	ENSG00000115137	DNAJC27	ENSPKIP00000021601	ENSPKIG00000005931	DNAJC27
ENSP00000494186	ENSG00000105928	GSDME	ENSPKIP00000031778	ENSPKIG00000012129	gsdmea
ENSP00000442400	ENSG00000157992	KRTCAP3	ENSPKIP00000041154	ENSPKIG00000017819	KRTCAP3
ENSP00000531372	ENSG00000039650	PNKP	ENSPKIP00000013053	ENSPKIG00000000629	pnkp
ENSP00000375909	ENSG00000153820	SPHKAP	ENSPKIP00000039068	ENSPKIG00000016583	sphkap
ENSP00000296777	ENSG00000164326	CARTPT	ENSPKIP00000038485	ENSPKIG00000016239	
ENSP00000528371	ENSG00000049541	RFC2	ENSPKIP00000037198	ENSPKIG00000015469	rfc2
ENSP00000793069	ENSG00000153574	RPIA	ENSPKIP00000034813	ENSPKIG00000013993	rpia
ENSP00000644977	ENSG00000113140	SPARC	ENSPKIP00000006139	ENSPKIG00000022543	sparc
ENSP00000636822	ENSG00000087502	ERGIC2	ENSPKIP00000016988	ENSPKIG00000003075	ergic2
ENSP00000504151	ENSG00000185359	HGS	ENSPKIP00000032800	ENSPKIG00000012695	hgs
ENSP00000417003	ENSG00000178385	PLEKHM3	ENSPKIP00000035673	ENSPKIG00000014532	plekhm3
ENSP00000376172	ENSG00000003436	TFPI	ENSPKIP00000007890	ENSPKIG00000023605	
ENSP00000503801	ENSG00000150773	PIH1D2	ENSPKIP00000019891	ENSPKIG00000004873	pih1d2
ENSP00000585919	ENSG00000089154	GCN1	ENSPKIP00000010353	ENSPKIG00000025090	gcn1
ENSP00000265140	ENSG00000133302	SLF1	ENSPKIP00000031745	ENSPKIG00000012081	slf1
ENSP00000348132	ENSG00000196335	STK31	ENSPKIP00000028231	ENSPKIG00000009950	stk31
ENSP00000284274	ENSG00000154124	OTULIN	ENSPKIP00000040574	ENSPKIG00000017476	
ENSP00000270538	ENSG00000104980	TIMM44	ENSPKIP00000030928	ENSPKIG00000011604	TIMM44
ENSP00000790245	ENSG00000162869	PPP1R21	ENSPKIP00000016068	ENSPKIG00000002532	ppp1r21
ENSP00000538865	ENSG00000129625	REEP5	ENSPKIP00000009676	ENSPKIG00000024686	reep5
ENSP00000399902	ENSG00000106367	AP1S1	ENSPKIP00000000739	ENSPKIG00000019292	ap1s1
ENSP00000263593	ENSG00000110013	SIAE	ENSPKIP00000037284	ENSPKIG00000015532	siae
ENSP00000750116	ENSG00000184863	RBM33	ENSPKIP00000003426	ENSPKIG00000020938	rbm33a
ENSP00000537007	ENSG00000113360	DROSHA	ENSPKIP00000030805	ENSPKIG00000011514	drosha
ENSP00000526718	ENSG00000106554	CHCHD3	ENSPKIP00000024928	ENSPKIG00000007988	chchd6a
ENSP00000520510	ENSG00000146834	MEPCE	ENSPKIP00000004778	ENSPKIG00000021740	MEPCE
ENSP00000264192	ENSG00000115165	CYTIP	ENSPKIP00000031919	ENSPKIG00000012227	cytip
ENSP00000387099	ENSG00000142102	PGGHG	ENSPKIP00000041923	ENSPKIG00000018282	pgghg
ENSP00000797666	ENSG00000114999	TTL	ENSPKIP00000024125	ENSPKIG00000007468	ttl
ENSP00000624763	ENSG00000111684	LPCAT3	ENSPKIP00000026401	ENSPKIG00000008908	lpcat3
ENSP00000258400	ENSG00000135914	HTR2B	ENSPKIP00000015569	ENSPKIG00000002239	htr2b
ENSP00000386227	ENSG00000171444	MCC	ENSPKIP00000037864	ENSPKIG00000015886	mcc
ENSP00000422338	ENSG00000150756	ATPSCKMT	ENSPKIP00000020598	ENSPKIG00000005315	atpsckmt
ENSP00000483403	ENSG00000112964	GHR	ENSPKIP00000040388	ENSPKIG00000017380	ghra
ENSP00000282091	ENSG00000152266	PTH	ENSPKIP00000030003	ENSPKIG00000011033	pth1b
ENSP00000598163	ENSG00000129173	E2F8	ENSPKIP00000007314	ENSPKIG00000023259	e2f8
ENSP00000447947	ENSG00000123352	SPATS2	ENSPKIP00000022140	ENSPKIG00000006242	SPATS2
ENSP00000626552	ENSG00000198952	SMG5	ENSPKIP00000027367	ENSPKIG00000009402	smg5
ENSP00000269385	ENSG00000141570	CBX8	ENSPKIP00000018999	ENSPKIG00000004344	cbx8b
ENSP00000596636	ENSG00000113621	TXNDC15	ENSPKIP00000028794	ENSPKIG00000010296	txndc15
ENSP00000272452	ENSG00000198075	SULT1C4	ENSPKIP00000025134	ENSPKIG00000008115	sult1st6
ENSP00000432097	ENSG00000162139	NEU3	ENSPKIP00000034922	ENSPKIG00000014067	NEU3
ENSP00000612000	ENSG00000068697	LAPTM4A	ENSPKIP00000007147	ENSPKIG00000023157	LAPTM4A
ENSP00000585375	ENSG00000105821	DNAJC2	ENSPKIP00000022862	ENSPKIG00000006694	dnajc2
ENSP00000789825	ENSG00000158552	ZFAND2B	ENSPKIP00000007260	ENSPKIG00000023226	zfand2a
ENSP00000302289	ENSG00000170571	EMB	ENSPKIP00000008525	ENSPKIG00000023980	emb
ENSP00000608791	ENSG00000115942	ORC2	ENSPKIP00000017950	ENSPKIG00000003680	orc2
ENSP00000544044	ENSG00000164591	MYOZ3	ENSPKIP00000028792	ENSPKIG00000010295	myoz3a
ENSP00000563354	ENSG00000126581	BECN1	ENSPKIP00000006394	ENSPKIG00000022690	becn1
ENSP00000495413	ENSG00000166436	TRIM66	ENSPKIP00000038694	ENSPKIG00000016352	trim66
ENSP00000508389	ENSG00000131844	MCCC2	ENSPKIP00000029975	ENSPKIG00000010994	mccc2
ENSP00000638955	ENSG00000165915	SLC39A13	ENSPKIP00000013370	ENSPKIG00000000830	slc39a13
ENSP00000639834	ENSG00000163382	NAXE	ENSPKIP00000003737	ENSPKIG00000021115	APOA1BP
ENSP00000323889	ENSG00000121060	TRIM25	ENSPKIP00000019166	ENSPKIG00000004447	trim25
ENSP00000346378	ENSG00000113108	APBB3	ENSPKIP00000001019	ENSPKIG00000019465	apbb3
ENSP00000716074	ENSG00000144357	UBR3	ENSPKIP00000023046	ENSPKIG00000006757	ubr3
ENSP00000248600	ENSG00000127952	STYXL1	ENSPKIP00000035874	ENSPKIG00000014655	styxl1
ENSP00000592130	ENSG00000214114	MYCBP	ENSPKIP00000013178	ENSPKIG00000000699	MYCBP
ENSP00000266754	ENSG00000139354	GAS2L3	ENSPKIP00000010908	ENSPKIG00000025440	
ENSP00000304713	ENSG00000170903	MSANTD4	ENSPKIP00000007839	ENSPKIG00000023582	msantd4
ENSP00000489959	ENSG00000157211	CDCP2	ENSPKIP00000028874	ENSPKIG00000010337	cdcp2
ENSP00000627804	ENSG00000076706	MCAM	ENSPKIP00000041628	ENSPKIG00000018102	mcama
ENSP00000355064	ENSG00000198892	SHISA4	ENSPKIP00000040175	ENSPKIG00000017242	shisa4
ENSP00000788884	ENSG00000084110	HAL	ENSPKIP00000005018	ENSPKIG00000021860	hal
ENSP00000385151	ENSG00000164850	GPER1	ENSPKIP00000015187	ENSPKIG00000001986	gper1
ENSP00000223215	ENSG00000106484	MEST	ENSPKIP00000020743	ENSPKIG00000005413	mest
ENSP00000416660	ENSG00000135956	TMEM127	ENSPKIP00000035888	ENSPKIG00000014662	tmem127
ENSP00000574873	ENSG00000057252	SOAT1	ENSPKIP00000024322	ENSPKIG00000007623	soat1
ENSP00000637077	ENSG00000080371	RAB21	ENSPKIP00000007441	ENSPKIG00000023317	RAB21
ENSP00000306157	ENSG00000168685	IL7R	ENSPKIP00000001919	ENSPKIG00000020030	
ENSP00000436893	ENSG00000150783	TEX12	ENSPKIP00000002024	ENSPKIG00000020052	si:dkey-40g16.5
ENSP00000593556	ENSG00000120800	UTP20	ENSPKIP00000023976	ENSPKIG00000007196	utp20
ENSP00000342011	ENSG00000152422	XRCC4	ENSPKIP00000022293	ENSPKIG00000006359	xrcc4
ENSP00000482604	ENSG00000196684	HSH2D	ENSPKIP00000027537	ENSPKIG00000009561	hsh2d
ENSP00000632849	ENSG00000170271	FAXDC2	ENSPKIP00000028535	ENSPKIG00000010140	faxdc2
ENSP00000405926	ENSG00000134970	TMED7	ENSPKIP00000032344	ENSPKIG00000012486	tmed7
ENSP00000307853	ENSG00000172732	MUS81	ENSPKIP00000009746	ENSPKIG00000024730	mus81
ENSP00000296684	ENSG00000164258	NDUFS4	ENSPKIP00000017084	ENSPKIG00000003139	ndufs4
ENSP00000524491	ENSG00000145545	SRD5A1	ENSPKIP00000008840	ENSPKIG00000024172	srd5a1
ENSP00000549821	ENSG00000243943	ZNF512	ENSPKIP00000037914	ENSPKIG00000015921	znf512
ENSP00000787287	ENSG00000169230	PRELID1	ENSPKIP00000024744	ENSPKIG00000007865	prelid1a
ENSP00000229390	ENSG00000111786	SRSF9	ENSPKIP00000009954	ENSPKIG00000024851	
ENSP00000266673	ENSG00000139291	TMEM19	ENSPKIP00000007374	ENSPKIG00000023289	TMEM19
ENSP00000529900	ENSG00000143947	RPS27A	ENSPKIP00000004347	ENSPKIG00000021492	rps27a
ENSP00000426067	ENSG00000151881	TMEM267	ENSPKIP00000036890	ENSPKIG00000015300	tmem267
ENSP00000269346	ENSG00000141540	TTYH2	ENSPKIP00000040439	ENSPKIG00000017373	ttyh2l
ENSP00000538607	ENSG00000134352	IL6ST	ENSPKIP00000001248	ENSPKIG00000019610	IL6ST
ENSP00000633177	ENSG00000164828	SUN1	ENSPKIP00000021133	ENSPKIG00000005653	
ENSP00000174618	ENSG00000070444	MNT	ENSPKIP00000011431	ENSPKIG00000018523	mntb
ENSP00000528697	ENSG00000168393	DTYMK	ENSPKIP00000016724	ENSPKIG00000002923	dtymk
ENSP00000765042	ENSG00000213465	ARL2	ENSPKIP00000010099	ENSPKIG00000024946	arl2
ENSP00000396673	ENSG00000108592	FTSJ3	ENSPKIP00000032945	ENSPKIG00000012838	FTSJ3
ENSP00000521688	ENSG00000204381	LAYN	ENSPKIP00000027624	ENSPKIG00000009616	layna
ENSP00000540260	ENSG00000170515	PA2G4	ENSPKIP00000023685	ENSPKIG00000007200	pa2g4a
ENSP00000246657	ENSG00000126353	CCR7	ENSPKIP00000024414	ENSPKIG00000007679	ccr7
ENSP00000238892	ENSG00000119878	CRIPT	ENSPKIP00000004982	ENSPKIG00000021848	cript
ENSP00000548637	ENSG00000085117	CD82	ENSPKIP00000018161	ENSPKIG00000003827	cd82a
ENSP00000713005	ENSG00000116871	MAP7D1	ENSPKIP00000020442	ENSPKIG00000005222	MAP7D1
ENSP00000262633	ENSG00000126254	RBM42	ENSPKIP00000036695	ENSPKIG00000015165	rbm42
ENSP00000578061	ENSG00000133706	LARS1	ENSPKIP00000022851	ENSPKIG00000006650	lars1b
ENSP00000363748	ENSG00000179546	HTR1D	ENSPKIP00000040233	ENSPKIG00000017276	
ENSP00000634208	ENSG00000162604	TM2D1	ENSPKIP00000016259	ENSPKIG00000002662	tm2d1
ENSP00000531477	ENSG00000167654	ATCAY	ENSPKIP00000028920	ENSPKIG00000010369	atcaya
ENSP00000319141	ENSG00000071967	CYBRD1	ENSPKIP00000021826	ENSPKIG00000006073	cybrd1
ENSP00000279281	ENSG00000149823	VPS51	ENSPKIP00000006913	ENSPKIG00000023002	vps51
ENSP00000312770	ENSG00000178074	C2orf69	ENSPKIP00000031680	ENSPKIG00000012067	zgc:153521
ENSP00000085068	ENSG00000063241	ISOC2	ENSPKIP00000014771	ENSPKIG00000001726	isoc2
ENSP00000354762	ENSG00000183978	COA3	ENSPKIP00000008770	ENSPKIG00000024121	coa3a
ENSP00000682642	ENSG00000256269	HMBS	ENSPKIP00000000924	ENSPKIG00000019391	hmbsb
ENSP00000333018	ENSG00000183891	TTC32	ENSPKIP00000007548	ENSPKIG00000023398	ttc32
ENSP00000676578	ENSG00000162729	IGSF8	ENSPKIP00000015983	ENSPKIG00000002498	igsf8
ENSP00000499595	ENSG00000170892	TSEN34	ENSPKIP00000035897	ENSPKIG00000014674	tsen34
ENSP00000260643	ENSG00000138073	PREB	ENSPKIP00000008005	ENSPKIG00000023669	preb
ENSP00000744163	ENSG00000108469	RECQL5	ENSPKIP00000007259	ENSPKIG00000023225	recql5
ENSP00000568708	ENSG00000187510	PLEKHG7	ENSPKIP00000010990	ENSPKIG00000025485	plekhg7
ENSP00000582493	ENSG00000105193	RPS16	ENSPKIP00000018430	ENSPKIG00000004000	rps16
ENSP00000768984	ENSG00000104883	PEX11G	ENSPKIP00000023565	ENSPKIG00000007147	pex11g
ENSP00000384886	ENSG00000216490	IFI30	ENSPKIP00000022463	ENSPKIG00000006449	ifi30b
ENSP00000260502	ENSG00000137936	BCAR3	ENSPKIP00000022835	ENSPKIG00000006682	bcar3
ENSP00000367755	ENSG00000143919	CAMKMT	ENSPKIP00000005420	ENSPKIG00000022102	camkmt
ENSP00000263433	ENSG00000125503	PPP1R12C	ENSPKIP00000025581	ENSPKIG00000008387	ppp1r12c
ENSP00000566199	ENSG00000115053	NCL	ENSPKIP00000016178	ENSPKIG00000002604	ncl
ENSP00000712376	ENSG00000149231	CCDC82	ENSPKIP00000000768	ENSPKIG00000019291	ccdc82
ENSP00000439937	ENSG00000051128	HOMER3	ENSPKIP00000008331	ENSPKIG00000023870	HOMER3
ENSP00000343674	ENSG00000188886	ASTL	ENSPKIP00000010850	ENSPKIG00000025342	
ENSP00000366474	ENSG00000178585	CTNNBIP1	ENSPKIP00000034644	ENSPKIG00000013900	ctnnbip1
ENSP00000546222	ENSG00000164197	RNF180	ENSPKIP00000030423	ENSPKIG00000011285	rnf180b
ENSP00000791931	ENSG00000243147	MRPL33	ENSPKIP00000006378	ENSPKIG00000022674	mrpl33
ENSP00000585129	ENSG00000167491	GATAD2A	ENSPKIP00000029101	ENSPKIG00000010439	GATAD2A
ENSP00000797020	ENSG00000115350	POLE4	ENSPKIP00000012132	ENSPKIG00000000035	pole4
ENSP00000396127	ENSG00000132341	RAN	ENSPKIP00000036577	ENSPKIG00000015092	ran
ENSP00000467585	ENSG00000167925	GHDC	ENSPKIP00000013841	ENSPKIG00000001116	ghdc
ENSP00000382423	ENSG00000095015	MAP3K1	ENSPKIP00000001145	ENSPKIG00000019531	map3k1
ENSP00000236137	ENSG00000117479	SLC19A2	ENSPKIP00000016913	ENSPKIG00000003038	slc19a2
ENSP00000471511	ENSG00000105698	USF2	ENSPKIP00000012178	ENSPKIG00000000057	USF2
ENSP00000604803	ENSG00000125319	HROB	ENSPKIP00000038286	ENSPKIG00000016113	hrob
ENSP00000789971	ENSG00000166579	NDEL1	ENSPKIP00000032187	ENSPKIG00000012372	ndel1b
ENSP00000494667	ENSG00000284844	TOMT	ENSPKIP00000006910	ENSPKIG00000023006	tomt
ENSP00000545719	ENSG00000134780	DAGLA	ENSPKIP00000041222	ENSPKIG00000017841	dagla
ENSP00000331209	ENSG00000182919	C11orf54	ENSPKIP00000001368	ENSPKIG00000019680	bkgd
ENSP00000337065	ENSG00000145824	CXCL14	ENSPKIP00000001965	ENSPKIG00000020045	cxcl14
ENSP00000005386	ENSG00000005175	RPAP3	ENSPKIP00000041530	ENSPKIG00000018036	rpap3
ENSP00000538462	ENSG00000161526	SAP30BP	ENSPKIP00000006196	ENSPKIG00000022577	sap30bp
ENSP00000595877	ENSG00000076924	XAB2	ENSPKIP00000036289	ENSPKIG00000014874	xab2
ENSP00000606264	ENSG00000197860	SGTB	ENSPKIP00000011114	ENSPKIG00000025548	sgtb
ENSP00000334437	ENSG00000186364	NUDT17	ENSPKIP00000033970	ENSPKIG00000013496	nudt17
ENSP00000258385	ENSG00000135902	CHRND	ENSPKIP00000037478	ENSPKIG00000015634	chrnd
ENSP00000231198	ENSG00000113272	THG1L	ENSPKIP00000015839	ENSPKIG00000002407	thg1l
ENSP00000524476	ENSG00000115317	HTRA2	ENSPKIP00000013164	ENSPKIG00000000701	si:dkey-84o3.7
ENSP00000799873	ENSG00000113387	SUB1	ENSPKIP00000024454	ENSPKIG00000007706	
ENSP00000497374	ENSG00000213625	LEPROT	ENSPKIP00000035058	ENSPKIG00000014148	LEPROT
ENSP00000272852	ENSG00000144410	CPO	ENSPKIP00000024885	ENSPKIG00000007966	cpo
ENSP00000362135	ENSG00000196449	YRDC	ENSPKIP00000019385	ENSPKIG00000004574	yrdc
ENSP00000712332	ENSG00000150977	RILPL2	ENSPKIP00000014253	ENSPKIG00000001387	rilpl2
ENSP00000763881	ENSG00000145029	NICN1	ENSPKIP00000028824	ENSPKIG00000010313	nicn1
ENSP00000776695	ENSG00000135447	PPP1R1A	ENSPKIP00000014209	ENSPKIG00000001339	PPP1R1A
ENSP00000293662	ENSG00000161835	TAMALIN	ENSPKIP00000039748	ENSPKIG00000016990	tamalin
ENSP00000712351	ENSG00000090266	NDUFB2	ENSPKIP00000012127	ENSPKIG00000000032	ndufb2
ENSP00000329466	ENSG00000187531	SIRT7	ENSPKIP00000028600	ENSPKIG00000010175	sirt7
ENSP00000580795	ENSG00000168938	PPIC	ENSPKIP00000041810	ENSPKIG00000018208	PPIC
ENSP00000545173	ENSG00000116120	FARSB	ENSPKIP00000022826	ENSPKIG00000006661	farsb
ENSP00000338990	ENSG00000123395	ATG101	ENSPKIP00000003047	ENSPKIG00000020716	atg101
ENSP00000265038	ENSG00000049167	ERCC8	ENSPKIP00000041796	ENSPKIG00000018192	ercc8
ENSP00000481593	ENSG00000255154	HTD2	ENSPKIP00000010630	ENSPKIG00000025275	HTD2
ENSP00000446479	ENSG00000198855	FICD	ENSPKIP00000010512	ENSPKIG00000025207	ficd
ENSP00000524518	ENSG00000114771	AADAC	ENSPKIP00000028731	ENSPKIG00000010255	aadac
ENSP00000338034	ENSG00000176422	SPRYD4	ENSPKIP00000022187	ENSPKIG00000006304	spryd4
ENSP00000334974	ENSG00000187068	C3orf70	ENSPKIP00000028173	ENSPKIG00000009919	si:dkey-22o12.2
ENSP00000503768	ENSG00000173540	GMPPB	ENSPKIP00000029335	ENSPKIG00000010618	gmppb
ENSP00000239243	ENSG00000120149	MSX2	ENSPKIP00000023246	ENSPKIG00000006948	MSX2
ENSP00000252674	ENSG00000130382	MLLT1	ENSPKIP00000035820	ENSPKIG00000014598	mllt1a
ENSP00000509001	ENSG00000123094	RASSF8	ENSPKIP00000000965	ENSPKIG00000019425	RASSF8
ENSP00000611493	ENSG00000197043	ANXA6	ENSPKIP00000038658	ENSPKIG00000016281	anxa6
ENSP00000313877	ENSG00000123297	TSFM	ENSPKIP00000025736	ENSPKIG00000008495	TSFM
ENSP00000611755	ENSG00000163060	TEKT4	ENSPKIP00000015606	ENSPKIG00000002264	tekt4
ENSP00000347032	ENSG00000166908	PIP4K2C	ENSPKIP00000016364	ENSPKIG00000002709	pip4k2ca
ENSP00000621847	ENSG00000127980	PEX1	ENSPKIP00000013251	ENSPKIG00000000748	pex1
ENSP00000300101	ENSG00000166860	ZBTB39	ENSPKIP00000016313	ENSPKIG00000002690	zbtb39
ENSP00000538503	ENSG00000111011	RSRC2	ENSPKIP00000016143	ENSPKIG00000002596	rsrc2
ENSP00000592087	ENSG00000177879	AP3S1	ENSPKIP00000040598	ENSPKIG00000017487	AP3S1
ENSP00000502271	ENSG00000153827	TRIP12	ENSPKIP00000036701	ENSPKIG00000015157	trip12
ENSP00000380157	ENSG00000164172	MOCS2	ENSPKIP00000038179	ENSPKIG00000016063	MOCS2
ENSP00000712381	ENSG00000180891	CUEDC1	ENSPKIP00000014353	ENSPKIG00000001432	cuedc1b
ENSP00000303058	ENSG00000168944	CEP120	ENSPKIP00000011859	ENSPKIG00000018351	cep120
ENSP00000309439	ENSG00000170689	HOXB9	ENSPKIP00000007082	ENSPKIG00000023117	hoxb9a
ENSP00000461252	ENSG00000167842	MIS12	ENSPKIP00000041812	ENSPKIG00000018214	mis12
ENSP00000561123	ENSG00000164885	CDK5	ENSPKIP00000020182	ENSPKIG00000005046	cdk5
ENSP00000640210	ENSG00000177885	GRB2	ENSPKIP00000007863	ENSPKIG00000023597	grb2b
ENSP00000523355	ENSG00000110074	FOXRED1	ENSPKIP00000021278	ENSPKIG00000005738	foxred1
ENSP00000592314	ENSG00000164611	PTTG1	ENSPKIP00000022423	ENSPKIG00000006435	
ENSP00000549663	ENSG00000205309	NT5M	ENSPKIP00000010380	ENSPKIG00000025119	NT5M
ENSP00000582288	ENSG00000006530	AGK	ENSPKIP00000008322	ENSPKIG00000023869	agk
ENSP00000545790	ENSG00000197170	PSMD12	ENSPKIP00000022122	ENSPKIG00000006249	psmd12
ENSP00000528943	ENSG00000110801	PSMD9	ENSPKIP00000008105	ENSPKIG00000023747	psmd9
ENSP00000309463	ENSG00000175536	LIPT2	ENSPKIP00000011354	ENSPKIG00000018486	lipt2
ENSP00000477310	ENSG00000264364	DYNLL2	ENSPKIP00000033121	ENSPKIG00000012949	dynll2b
ENSP00000414886	ENSG00000182132	KCNIP1	ENSPKIP00000008518	ENSPKIG00000023974	kcnip1b
ENSP00000247026	ENSG00000126653	NSRP1	ENSPKIP00000012222	ENSPKIG00000000088	nsrp1
ENSP00000523257	ENSG00000113492	AGXT2	ENSPKIP00000021648	ENSPKIG00000005970	agxt2
ENSP00000309336	ENSG00000172789	HOXC5	ENSPKIP00000022314	ENSPKIG00000006374	HOXC5
ENSP00000386790	ENSG00000122574	WIPF3	ENSPKIP00000012146	ENSPKIG00000000045	wipf3
ENSP00000354501	ENSG00000198839	ZNF277	ENSPKIP00000013924	ENSPKIG00000001137	znf277
ENSP00000380911	ENSG00000173588	CEP83	ENSPKIP00000037385	ENSPKIG00000015577	cep83
ENSP00000334140	ENSG00000128607	KLHDC10	ENSPKIP00000023566	ENSPKIG00000007124	klhdc10
ENSP00000637815	ENSG00000160917	CPSF4	ENSPKIP00000035262	ENSPKIG00000014278	cpsf4
ENSP00000349687	ENSG00000196743	GM2A	ENSPKIP00000005885	ENSPKIG00000022390	gm2a
ENSP00000572311	ENSG00000113593	PPWD1	ENSPKIP00000011099	ENSPKIG00000025542	ppwd1
ENSP00000667146	ENSG00000129255	MPDU1	ENSPKIP00000013856	ENSPKIG00000001131	mpdu1b
ENSP00000267017	ENSG00000139574	NPFF	ENSPKIP00000014123	ENSPKIG00000001314	npffl
ENSP00000265981	ENSG00000110315	RNF141	ENSPKIP00000040120	ENSPKIG00000017208	rnf141
ENSP00000229270	ENSG00000111669	TPI1	ENSPKIP00000026313	ENSPKIG00000008843	tpi1b
ENSP00000331087	ENSG00000184281	TSSC4	ENSPKIP00000002133	ENSPKIG00000020149	tssc4
ENSP00000278949	ENSG00000160588	MPZL3	ENSPKIP00000010621	ENSPKIG00000025269	MPZL3
ENSP00000708389	ENSG00000177192	PUS1	ENSPKIP00000000882	ENSPKIG00000019369	pus1
ENSP00000274382	ENSG00000145721	LIX1	ENSPKIP00000038572	ENSPKIG00000016287	lix1
ENSP00000377549	ENSG00000170231	FABP6	ENSPKIP00000027086	ENSPKIG00000009298	fabp6
ENSP00000343619	ENSG00000078399	HOXA9	ENSPKIP00000012414	ENSPKIG00000000219	hoxa9a
ENSP00000631523	ENSG00000106609	TMEM248	ENSPKIP00000029892	ENSPKIG00000010961	tmem248
ENSP00000490811	ENSG00000164904	ALDH7A1	ENSPKIP00000034991	ENSPKIG00000014073	aldh7a1
ENSP00000617102	ENSG00000131370	SH3BP5	ENSPKIP00000033705	ENSPKIG00000013317	sh3bp5b
ENSP00000751440	ENSG00000117862	TXNDC12	ENSPKIP00000026473	ENSPKIG00000008934	txndc12
ENSP00000243056	ENSG00000123364	HOXC13	ENSPKIP00000022475	ENSPKIG00000006471	hoxc13b
ENSP00000361048	ENSG00000171357	LURAP1	ENSPKIP00000014078	ENSPKIG00000001285	lurap1
ENSP00000558263	ENSG00000186063	AIDA	ENSPKIP00000015508	ENSPKIG00000002195	aida
ENSP00000349356	ENSG00000132436	FIGNL1	ENSPKIP00000003553	ENSPKIG00000021009	fignl1
ENSP00000800993	ENSG00000106080	FKBP14	ENSPKIP00000026495	ENSPKIG00000008955	fkbp14
ENSP00000232217	ENSG00000114113	RBP2	ENSPKIP00000027978	ENSPKIG00000009801	rbp2a
ENSP00000357305	ENSG00000143622	RIT1	ENSPKIP00000034997	ENSPKIG00000014123	rit1
ENSP00000560522	ENSG00000106009	BRAT1	ENSPKIP00000031032	ENSPKIG00000011698	brat1
ENSP00000639348	ENSG00000198677	SKIC3	ENSPKIP00000031154	ENSPKIG00000011621	skic3
ENSP00000659311	ENSG00000265808	SEC22B	ENSPKIP00000036594	ENSPKIG00000015103	sec22bb
ENSP00000701207	ENSG00000070081	NUCB2	ENSPKIP00000008724	ENSPKIG00000024097	nucb2a
ENSP00000581245	ENSG00000145198	VWA5B2	ENSPKIP00000035697	ENSPKIG00000014524	vwa5b2
ENSP00000356251	ENSG00000170075	GPR37L1	ENSPKIP00000020422	ENSPKIG00000005214	gpr37l1a
ENSP00000296137	ENSG00000163820	FYCO1	ENSPKIP00000015291	ENSPKIG00000002060	
ENSP00000005257	ENSG00000006451	RALA	ENSPKIP00000019130	ENSPKIG00000004423	ralab
ENSP00000285814	ENSG00000155438	NIFK	ENSPKIP00000001899	ENSPKIG00000020011	nifk
ENSP00000273596	ENSG00000248487	ABHD14A	ENSPKIP00000009056	ENSPKIG00000024308	abhd14a
ENSP00000303709	ENSG00000170142	UBE2E1	ENSPKIP00000029162	ENSPKIG00000010516	
ENSP00000566455	ENSG00000177156	TALDO1	ENSPKIP00000000291	ENSPKIG00000019007	taldo1
ENSP00000402581	ENSG00000179152	TCAIM	ENSPKIP00000031845	ENSPKIG00000012174	tcaim
ENSP00000337044	ENSG00000181904	C5orf24	ENSPKIP00000040270	ENSPKIG00000017304	C5orf24
ENSP00000791777	ENSG00000139154	AEBP2	ENSPKIP00000012491	ENSPKIG00000000269	
ENSP00000309142	ENSG00000174840	PDE12	ENSPKIP00000010763	ENSPKIG00000025354	pde12
ENSP00000781447	ENSG00000110080	ST3GAL4	ENSPKIP00000038364	ENSPKIG00000016173	ST3GAL4
ENSP00000691628	ENSG00000089060	SLC8B1	ENSPKIP00000025813	ENSPKIG00000008531	slc8b1
ENSP00000605529	ENSG00000143207	COP1	ENSPKIP00000007818	ENSPKIG00000023513	cop1
ENSP00000343171	ENSG00000188674	C2orf80	ENSPKIP00000033360	ENSPKIG00000013106	
ENSP00000370671	ENSG00000087448	KLHL42	ENSPKIP00000026796	ENSPKIG00000009132	klhl42
ENSP00000413152	ENSG00000079150	FKBP7	ENSPKIP00000041181	ENSPKIG00000017833	fkbp7
ENSP00000581119	ENSG00000115204	MPV17	ENSPKIP00000037743	ENSPKIG00000015772	mpv17
ENSP00000632788	ENSG00000154803	FLCN	ENSPKIP00000031938	ENSPKIG00000012236	flcn
ENSP00000295746	ENSG00000163507	CIP2A	ENSPKIP00000001137	ENSPKIG00000019528	cip2a
ENSP00000631684	ENSG00000151414	NEK7	ENSPKIP00000041475	ENSPKIG00000018005	NEK7
ENSP00000506390	ENSG00000134321	RSAD2	ENSPKIP00000002685	ENSPKIG00000020478	rsad2
ENSP00000502952	ENSG00000085982	USP40	ENSPKIP00000026663	ENSPKIG00000009015	usp40
ENSP00000580865	ENSG00000130768	SMPDL3B	ENSPKIP00000019151	ENSPKIG00000004430	smpdl3b
ENSP00000312673	ENSG00000259384	GH1	ENSPKIP00000041417	ENSPKIG00000017982	gh1
ENSP00000392985	ENSG00000109854	HTATIP2	ENSPKIP00000006607	ENSPKIG00000022813	htatip2
ENSP00000438455	ENSG00000150779	TIMM8B	ENSPKIP00000001855	ENSPKIG00000019983	timm8b
ENSP00000417132	ENSG00000163930	BAP1	ENSPKIP00000034663	ENSPKIG00000013889	bap1
ENSP00000548034	ENSG00000175213	ZNF408	ENSPKIP00000016645	ENSPKIG00000002884	znf408
ENSP00000612703	ENSG00000135974	C2orf49	ENSPKIP00000029165	ENSPKIG00000010523	si:dkeyp-118h3.6
ENSP00000332809	ENSG00000179270	PCARE	ENSPKIP00000006621	ENSPKIG00000022826	
ENSP00000631283	ENSG00000197121	PGAP1	ENSPKIP00000031618	ENSPKIG00000012027	pgap1
ENSP00000379267	ENSG00000109911	ELP4	ENSPKIP00000007612	ENSPKIG00000023421	elp4
ENSP00000758266	ENSG00000189159	JPT1	ENSPKIP00000021089	ENSPKIG00000005629	jpt1a
ENSP00000419834	ENSG00000182329	KIAA2012	ENSPKIP00000017707	ENSPKIG00000003510	
ENSP00000225474	ENSG00000108342	CSF3	ENSPKIP00000004290	ENSPKIG00000021465	csf3a
ENSP00000598455	ENSG00000173889	PHC3	ENSPKIP00000002821	ENSPKIG00000020569	
ENSP00000596299	ENSG00000167792	NDUFV1	ENSPKIP00000027251	ENSPKIG00000009379	ndufv1
ENSP00000400471	ENSG00000134291	TMEM106C	ENSPKIP00000037391	ENSPKIG00000015600	tmem106c
ENSP00000264444	ENSG00000059728	MXD1	ENSPKIP00000015040	ENSPKIG00000001886	mxd1
ENSP00000650110	ENSG00000141542	RAB40B	ENSPKIP00000029400	ENSPKIG00000010660	rab40b
ENSP00000232766	ENSG00000114648	KLHL18	ENSPKIP00000018528	ENSPKIG00000004058	klhl18
ENSP00000499396	ENSG00000006695	COX10	ENSPKIP00000031721	ENSPKIG00000012098	cox10
ENSP00000312672	ENSG00000181264	TLCD5	ENSPKIP00000020673	ENSPKIG00000005367	tlcd5a
ENSP00000521684	ENSG00000129158	SERGEF	ENSPKIP00000030852	ENSPKIG00000011561	sergef
ENSP00000462046	ENSG00000233670	PIRT	ENSPKIP00000035626	ENSPKIG00000014509	
ENSP00000544134	ENSG00000132514	CLEC10A	ENSPKIP00000005818	ENSPKIG00000022351	
ENSP00000375855	ENSG00000116703	PDC	ENSPKIP00000039293	ENSPKIG00000016703	pdca
ENSP00000586541	ENSG00000174547	MRPL11	ENSPKIP00000009486	ENSPKIG00000024583	mrpl11
ENSP00000544943	ENSG00000065548	ZC3H15	ENSPKIP00000005468	ENSPKIG00000022132	zc3h15
ENSP00000331211	ENSG00000184898	RBM43	ENSPKIP00000003251	ENSPKIG00000020840	
ENSP00000305675	ENSG00000168497	CAVIN2	ENSPKIP00000018272	ENSPKIG00000003900	
ENSP00000762580	ENSG00000108587	GOSR1	ENSPKIP00000029094	ENSPKIG00000010461	gosr1
ENSP00000442982	ENSG00000144230	GPR17	ENSPKIP00000010846	ENSPKIG00000025400	gpr17
ENSP00000307077	ENSG00000171806	METTL18	ENSPKIP00000038175	ENSPKIG00000016064	mettl18
ENSP00000543227	ENSG00000115041	KCNIP3	ENSPKIP00000013496	ENSPKIG00000000914	KCNIP3
ENSP00000507138	ENSG00000163825	RTP3	ENSPKIP00000008484	ENSPKIG00000023958	
ENSP00000733095	ENSG00000188807	TMEM201	ENSPKIP00000033118	ENSPKIG00000012941	tmem201
ENSP00000601875	ENSG00000074582	BCS1L	ENSPKIP00000028123	ENSPKIG00000009893	bcs1l
ENSP00000633880	ENSG00000137714	FDX1	ENSPKIP00000032388	ENSPKIG00000012508	
ENSP00000376257	ENSG00000170633	RNF34	ENSPKIP00000039546	ENSPKIG00000016872	rnf34b
ENSP00000469471	ENSG00000149311	ATM	ENSPKIP00000032528	ENSPKIG00000012515	atm
ENSP00000225504	ENSG00000213246	SUPT4H1	ENSPKIP00000039783	ENSPKIG00000017008	supt4h1
ENSP00000273308	ENSG00000257727	CNPY2	ENSPKIP00000017437	ENSPKIG00000003354	cnpy2
ENSP00000464171	ENSG00000068489	PRR11	ENSPKIP00000035942	ENSPKIG00000014701	prr11
ENSP00000597291	ENSG00000111665	CDCA3	ENSPKIP00000026959	ENSPKIG00000009213	
ENSP00000603901	ENSG00000143106	PSMA5	ENSPKIP00000019337	ENSPKIG00000004521	psma5
ENSP00000499135	ENSG00000173486	FKBP2	ENSPKIP00000023504	ENSPKIG00000007109	fkbp2
ENSP00000443647	ENSG00000127423	AUNIP	ENSPKIP00000014641	ENSPKIG00000001645	
ENSP00000442291	ENSG00000160051	IQCC	ENSPKIP00000031021	ENSPKIG00000011690	iqcc
ENSP00000792993	ENSG00000152137	HSPB8	ENSPKIP00000027322	ENSPKIG00000009429	hspb8
ENSP00000402758	ENSG00000185664	PMEL	ENSPKIP00000019816	ENSPKIG00000004841	pmelb
ENSP00000292180	ENSG00000160688	FLAD1	ENSPKIP00000034671	ENSPKIG00000013919	flad1
ENSP00000527808	ENSG00000167281	RBFOX3	ENSPKIP00000028800	ENSPKIG00000010299	rbfox3a
ENSP00000513913	ENSG00000186141	POLR3C	ENSPKIP00000036265	ENSPKIG00000014883	polr3c
ENSP00000575487	ENSG00000196850	PPTC7	ENSPKIP00000037905	ENSPKIG00000015910	pptc7b
ENSP00000445162	ENSG00000111358	GTF2H3	ENSPKIP00000008065	ENSPKIG00000023706	gtf2h3
ENSP00000303515	ENSG00000169718	DUS1L	ENSPKIP00000028129	ENSPKIG00000009901	dus1l
ENSP00000400669	ENSG00000166578	DRC10	ENSPKIP00000002491	ENSPKIG00000020368	drc10
ENSP00000376647	ENSG00000176601	MAP3K19	ENSPKIP00000019416	ENSPKIG00000004594	map3k19
ENSP00000498999	ENSG00000174989	FBXW8	ENSPKIP00000032544	ENSPKIG00000012605	fbxw8
ENSP00000327533	ENSG00000185674	LYG2	ENSPKIP00000035791	ENSPKIG00000014607	zgc:162941
ENSP00000295727	ENSG00000163497	FEV	ENSPKIP00000011957	ENSPKIG00000025641	fev
ENSP00000296130	ENSG00000163815	CLEC3B	ENSPKIP00000035142	ENSPKIG00000014209	clec3ba
ENSP00000587195	ENSG00000111670	GNPTAB	ENSPKIP00000022502	ENSPKIG00000006461	gnptab
ENSP00000607553	ENSG00000163389	POGLUT1	ENSPKIP00000025340	ENSPKIG00000008240	poglut1
ENSP00000301037	ENSG00000167524	RSKR	ENSPKIP00000032770	ENSPKIG00000012725	rskrb
ENSP00000440850	ENSG00000185480	PARPBP	ENSPKIP00000022217	ENSPKIG00000006315	parpbp
ENSP00000261652	ENSG00000240505	TNFRSF13B	ENSPKIP00000010429	ENSPKIG00000025152	
ENSP00000376919	ENSG00000108848	LUC7L3	ENSPKIP00000023618	ENSPKIG00000007180	LUC7L3
ENSP00000374268	ENSG00000172986	GXYLT2	ENSPKIP00000004359	ENSPKIG00000021503	gxylt2
ENSP00000446428	ENSG00000149716	LTO1	ENSPKIP00000006274	ENSPKIG00000022620	lto1
ENSP00000313437	ENSG00000123342	MMP19	ENSPKIP00000022405	ENSPKIG00000006358	mmp19
ENSP00000532299	ENSG00000116459	ATP5PB	ENSPKIP00000016440	ENSPKIG00000002761	atp5pb
ENSP00000363873	ENSG00000204237	OXLD1	ENSPKIP00000029674	ENSPKIG00000010837	OXLD1
ENSP00000548503	ENSG00000162882	HAAO	ENSPKIP00000006521	ENSPKIG00000022771	haao
ENSP00000265843	ENSG00000110723	EXPH5	ENSPKIP00000037197	ENSPKIG00000015482	
ENSP00000360327	ENSG00000162396	PARS2	ENSPKIP00000014166	ENSPKIG00000001336	pars2
ENSP00000632156	ENSG00000102189	EEA1	ENSPKIP00000010980	ENSPKIG00000025472	eea1
ENSP00000512232	ENSG00000119844	AFTPH	ENSPKIP00000020301	ENSPKIG00000005133	aftpha
ENSP00000629934	ENSG00000135127	BICDL1	ENSPKIP00000010302	ENSPKIG00000025071	bicdl1
ENSP00000419005	ENSG00000117597	UTP25	ENSPKIP00000005534	ENSPKIG00000022176	utp25
ENSP00000635082	ENSG00000004700	RECQL	ENSPKIP00000025071	ENSPKIG00000008072	recql
ENSP00000556666	ENSG00000125457	MIF4GD	ENSPKIP00000007814	ENSPKIG00000023565	mif4gdb
ENSP00000344779	ENSG00000144468	RHBDD1	ENSPKIP00000026931	ENSPKIG00000009198	rhbdd1
ENSP00000543698	ENSG00000178307	TMEM11	ENSPKIP00000026224	ENSPKIG00000008790	tmem11
ENSP00000247087	ENSG00000126705	AHDC1	ENSPKIP00000028842	ENSPKIG00000010324	ahdc1
ENSP00000633784	ENSG00000136048	DRAM1	ENSPKIP00000022415	ENSPKIG00000006429	dram1
ENSP00000735262	ENSG00000114767	RRP9	ENSPKIP00000019716	ENSPKIG00000004751	rrp9
ENSP00000598656	ENSG00000072609	CHFR	ENSPKIP00000028158	ENSPKIG00000009865	chfr
ENSP00000700636	ENSG00000175467	SART1	ENSPKIP00000007774	ENSPKIG00000023523	sart1
ENSP00000355759	ENSG00000143799	PARP1	ENSPKIP00000021872	ENSPKIG00000006039	parp1
ENSP00000535585	ENSG00000055483	USP36	ENSPKIP00000024720	ENSPKIG00000007858	usp36
ENSP00000618052	ENSG00000136717	BIN1	ENSPKIP00000013982	ENSPKIG00000001205	bin1b
ENSP00000782306	ENSG00000149557	FEZ1	ENSPKIP00000020051	ENSPKIG00000004972	fez1
ENSP00000603640	ENSG00000161513	FDXR	ENSPKIP00000005252	ENSPKIG00000021979	
ENSP00000262345	ENSG00000081985	IL12RB2	ENSPKIP00000036537	ENSPKIG00000015066	
ENSP00000433071	ENSG00000173914	RBM4B	ENSPKIP00000003188	ENSPKIG00000020805	rbm4.1
ENSP00000677560	ENSG00000121680	PEX16	ENSPKIP00000006509	ENSPKIG00000022756	pex16
ENSP00000798957	ENSG00000144681	STAC	ENSPKIP00000012799	ENSPKIG00000000478	stac
ENSP00000566138	ENSG00000114455	HHLA2	ENSPKIP00000001175	ENSPKIG00000019573	
ENSP00000504720	ENSG00000166352	IFTAP	ENSPKIP00000005125	ENSPKIG00000021938	iftap
ENSP00000296318	ENSG00000144730	IL17RD	ENSPKIP00000029863	ENSPKIG00000010943	il17rd
ENSP00000571458	ENSG00000169733	RFNG	ENSPKIP00000022900	ENSPKIG00000006732	rfng
ENSP00000434508	ENSG00000254469	XNDC1N	ENSPKIP00000036487	ENSPKIG00000015037	xndc1
ENSP00000330341	ENSG00000184557	SOCS3	ENSPKIP00000033699	ENSPKIG00000013300	socs3a
ENSP00000311005	ENSG00000166484	MAPK7	ENSPKIP00000011501	ENSPKIG00000018558	mapk7
ENSP00000759155	ENSG00000125450	NUP85	ENSPKIP00000007743	ENSPKIG00000023507	nup85
ENSP00000377275	ENSG00000173230	GOLGB1	ENSPKIP00000039513	ENSPKIG00000016843	golgb1
ENSP00000790709	ENSG00000170855	TRIAP1	ENSPKIP00000008230	ENSPKIG00000023808	triap1
ENSP00000745487	ENSG00000177425	PAWR	ENSPKIP00000017840	ENSPKIG00000003600	pawr
ENSP00000603881	ENSG00000130413	STK33	ENSPKIP00000038566	ENSPKIG00000016292	stk33
ENSP00000543101	ENSG00000198265	HELZ	ENSPKIP00000021958	ENSPKIG00000006157	helz
ENSP00000622588	ENSG00000114631	PODXL2	ENSPKIP00000025113	ENSPKIG00000008102	
ENSP00000480032	ENSG00000083937	CHMP2B	ENSPKIP00000039520	ENSPKIG00000016849	chmp2bb
ENSP00000495778	ENSG00000011198	ABHD5	ENSPKIP00000032137	ENSPKIG00000012332	ABHD5
ENSP00000450048	ENSG00000166225	FRS2	ENSPKIP00000006361	ENSPKIG00000022670	frs2b
ENSP00000555802	ENSG00000144659	SLC25A38	ENSPKIP00000023122	ENSPKIG00000006855	SLC25A38
ENSP00000492384	ENSG00000266826	IGBP1C	ENSPKIP00000034505	ENSPKIG00000013802	igbp1
ENSP00000633488	ENSG00000108784	NAGLU	ENSPKIP00000013282	ENSPKIG00000000770	naglu
ENSP00000664917	ENSG00000078808	SDF4	ENSPKIP00000024462	ENSPKIG00000007691	sdf4
ENSP00000334592	ENSG00000186104	CYP2R1	ENSPKIP00000007924	ENSPKIG00000023638	cyp2r1
ENSP00000354376	ENSG00000132698	RAB25	ENSPKIP00000003313	ENSPKIG00000020869	rab25a
ENSP00000575449	ENSG00000151948	GLT1D1	ENSPKIP00000005914	ENSPKIG00000022406	glt1d1
ENSP00000622008	ENSG00000121064	SCPEP1	ENSPKIP00000025748	ENSPKIG00000008480	scpep1
ENSP00000633667	ENSG00000162852	CNST	ENSPKIP00000005559	ENSPKIG00000022184	
ENSP00000637134	ENSG00000089159	PXN	ENSPKIP00000010367	ENSPKIG00000025111	PXN
ENSP00000367263	ENSG00000124942	AHNAK	ENSPKIP00000013636	ENSPKIG00000000988	
ENSP00000290295	ENSG00000159184	HOXB13	ENSPKIP00000007071	ENSPKIG00000023111	hoxb13a
ENSP00000482499	ENSG00000276600	RAB7B	ENSPKIP00000019294	ENSPKIG00000004522	RAB7B
ENSP00000260197	ENSG00000137642	SORL1	ENSPKIP00000001242	ENSPKIG00000019562	sorl1
ENSP00000317177	ENSG00000179598	PLD6	ENSPKIP00000026577	ENSPKIG00000009005	pld6
ENSP00000226225	ENSG00000109079	TNFAIP1	ENSPKIP00000031100	ENSPKIG00000011713	tnfaip1
ENSP00000573896	ENSG00000114395	CYB561D2	ENSPKIP00000013941	ENSPKIG00000001184	cyb561d2
ENSP00000797083	ENSG00000151502	VPS26B	ENSPKIP00000024667	ENSPKIG00000007828	vps26bl
ENSP00000601343	ENSG00000213123	DYNLT2B	ENSPKIP00000006460	ENSPKIG00000022729	dynlt2b
ENSP00000781290	ENSG00000116791	CRYZ	ENSPKIP00000028003	ENSPKIG00000009817	cryz
ENSP00000541266	ENSG00000175110	MRPS22	ENSPKIP00000021949	ENSPKIG00000006156	mrps22
ENSP00000539287	ENSG00000135362	PRR5L	ENSPKIP00000004565	ENSPKIG00000021622	prr5l
ENSP00000515542	ENSG00000114573	ATP6V1A	ENSPKIP00000033093	ENSPKIG00000012921	atp6v1ab
ENSP00000511565	ENSG00000176155	CCDC57	ENSPKIP00000028406	ENSPKIG00000010049	CCDC57
ENSP00000351631	ENSG00000077458	FAM76B	ENSPKIP00000006077	ENSPKIG00000022497	fam76b
ENSP00000303706	ENSG00000164045	CDC25A	ENSPKIP00000019766	ENSPKIG00000004805	
ENSP00000738634	ENSG00000166889	PATL1	ENSPKIP00000038456	ENSPKIG00000016224	patl1
ENSP00000313318	ENSG00000181830	SLC35C1	ENSPKIP00000011516	ENSPKIG00000018572	slc35c1
ENSP00000233025	ENSG00000114902	SPCS1	ENSPKIP00000035698	ENSPKIG00000014547	spcs1
ENSP00000562975	ENSG00000133316	WDR74	ENSPKIP00000007119	ENSPKIG00000023145	wdr74
ENSP00000522558	ENSG00000173905	GOLIM4	ENSPKIP00000009384	ENSPKIG00000024512	
ENSP00000544387	ENSG00000117601	SERPINC1	ENSPKIP00000015264	ENSPKIG00000002045	serpinc1
ENSP00000397373	ENSG00000163536	SERPINI1	ENSPKIP00000009351	ENSPKIG00000024487	serpini1
ENSP00000619023	ENSG00000144824	PHLDB2	ENSPKIP00000010093	ENSPKIG00000024943	phldb2a
ENSP00000299178	ENSG00000166148	AVPR1A	ENSPKIP00000003748	ENSPKIG00000021118	avpr1aa
ENSP00000263671	ENSG00000054938	CHRDL2	ENSPKIP00000011461	ENSPKIG00000018535	chrdl2
ENSP00000539172	ENSG00000167780	SOAT2	ENSPKIP00000016013	ENSPKIG00000002516	soat2
ENSP00000511835	ENSG00000137513	NARS2	ENSPKIP00000036851	ENSPKIG00000015253	nars2
ENSP00000618641	ENSG00000166986	MARS1	ENSPKIP00000016612	ENSPKIG00000002833	mars1
ENSP00000308000	ENSG00000149016	TUT1	ENSPKIP00000005405	ENSPKIG00000022062	tut1
ENSP00000294485	ENSG00000162490	DRAXIN	ENSPKIP00000030184	ENSPKIG00000011138	draxinb
ENSP00000432816	ENSG00000134940	ACRV1	ENSPKIP00000023425	ENSPKIG00000007057	
ENSP00000689548	ENSG00000167100	SAMD14	ENSPKIP00000004168	ENSPKIG00000021388	SAMD14
ENSP00000719782	ENSG00000149547	EI24	ENSPKIP00000037993	ENSPKIG00000015962	ei24
ENSP00000516261	ENSG00000087111	PIGS	ENSPKIP00000032899	ENSPKIG00000012792	pigs
ENSP00000417261	ENSG00000175697	GPR156	ENSPKIP00000029732	ENSPKIG00000010864	gpr156
ENSP00000387907	ENSG00000206199	ANKUB1	ENSPKIP00000008650	ENSPKIG00000024057	ANKUB1
ENSP00000581732	ENSG00000118961	LDAH	ENSPKIP00000007430	ENSPKIG00000023322	LDAH
ENSP00000733981	ENSG00000167085	PHB1	ENSPKIP00000006714	ENSPKIG00000022876	phb
ENSP00000686762	ENSG00000065911	MTHFD2	ENSPKIP00000015102	ENSPKIG00000001917	mthfd2
ENSP00000305416	ENSG00000170989	S1PR1	ENSPKIP00000015214	ENSPKIG00000002010	s1pr1
ENSP00000247843	ENSG00000127337	YEATS4	ENSPKIP00000006310	ENSPKIG00000022638	yeats4
ENSP00000357036	ENSG00000162739	SLAMF6	ENSPKIP00000015613	ENSPKIG00000002267	
ENSP00000225388	ENSG00000108256	NUFIP2	ENSPKIP00000028036	ENSPKIG00000009841	nufip2
ENSP00000361311	ENSG00000126106	TMEM53	ENSPKIP00000029713	ENSPKIG00000010855	tmem53
ENSP00000561067	ENSG00000169683	LRRC45	ENSPKIP00000025118	ENSPKIG00000008103	lrrc45
ENSP00000350369	ENSG00000197063	MAFG	ENSPKIP00000028722	ENSPKIG00000010251	MAFG
ENSP00000282032	ENSG00000152219	ARL14EP	ENSPKIP00000013628	ENSPKIG00000000982	arl14ep
ENSP00000701845	ENSG00000108559	NUP88	ENSPKIP00000042013	ENSPKIG00000018374	nup88
ENSP00000280357	ENSG00000150782	IL18	ENSPKIP00000001891	ENSPKIG00000020004	
ENSP00000717145	ENSG00000149541	B3GAT3	ENSPKIP00000010131	ENSPKIG00000024966	b3gat3
ENSP00000344431	ENSG00000187726	DNAJB13	ENSPKIP00000008882	ENSPKIG00000024195	dnajb13
ENSP00000786485	ENSG00000176894	PXMP2	ENSPKIP00000009923	ENSPKIG00000024833	pxmp2
ENSP00000312814	ENSG00000180901	KCTD2	ENSPKIP00000032045	ENSPKIG00000012295	kctd2
ENSP00000794102	ENSG00000004139	SARM1	ENSPKIP00000029802	ENSPKIG00000010900	sarm1
ENSP00000573614	ENSG00000110887	DAO	ENSPKIP00000010415	ENSPKIG00000025144	dao.3
ENSP00000389745	ENSG00000162144	CYB561A3	ENSPKIP00000012278	ENSPKIG00000000129	cyb561a3a
ENSP00000673904	ENSG00000109072	VTN	ENSPKIP00000000013	ENSPKIG00000018843	VTN
ENSP00000359345	ENSG00000122406	RPL5	ENSPKIP00000019888	ENSPKIG00000004868	RPL5
ENSP00000599742	ENSG00000125691	RPL23	ENSPKIP00000023578	ENSPKIG00000007151	rpl23
ENSP00000400892	ENSG00000135426	TESPA1	ENSPKIP00000015804	ENSPKIG00000002388	tespa1
ENSP00000294312	ENSG00000162344	FGF19	ENSPKIP00000021110	ENSPKIG00000005648	fgf19
ENSP00000462963	ENSG00000172171	TEFM	ENSPKIP00000020296	ENSPKIG00000005125	tefm
ENSP00000602594	ENSG00000141499	WRAP53	ENSPKIP00000013548	ENSPKIG00000000944	wrap53
ENSP00000419184	ENSG00000185420	SMYD3	ENSPKIP00000023402	ENSPKIG00000007049	smyd3
ENSP00000773605	ENSG00000067533	RRP15	ENSPKIP00000012105	ENSPKIG00000000018	rrp15
ENSP00000377470	ENSG00000173786	CNP	ENSPKIP00000002462	ENSPKIG00000020351	CNP
ENSP00000383851	ENSG00000162522	NHSL3	ENSPKIP00000009563	ENSPKIG00000024629	nhsl3
ENSP00000225609	ENSG00000108474	PIGL	ENSPKIP00000000760	ENSPKIG00000019311	pigl
ENSP00000268717	ENSG00000141030	COPS3	ENSPKIP00000010398	ENSPKIG00000025131	cops3
ENSP00000348440	ENSG00000139531	SUOX	ENSPKIP00000018742	ENSPKIG00000004195	suox
ENSP00000360664	ENSG00000134717	BTF3L4	ENSPKIP00000026395	ENSPKIG00000008904	btf3l4
ENSP00000495855	ENSG00000204311	PJVK	ENSPKIP00000041224	ENSPKIG00000017857	pjvk
ENSP00000328928	ENSG00000182742	HOXB4	ENSPKIP00000012704	ENSPKIG00000000416	hoxb4a
ENSP00000350198	ENSG00000180616	SSTR2	ENSPKIP00000007575	ENSPKIG00000023422	SSTR2
ENSP00000269397	ENSG00000141582	CBX4	ENSPKIP00000018949	ENSPKIG00000004326	CBX4
ENSP00000544394	ENSG00000181523	SGSH	ENSPKIP00000028386	ENSPKIG00000010051	sgsh
ENSP00000335321	ENSG00000115524	SF3B1	ENSPKIP00000013335	ENSPKIG00000000784	sf3b1
ENSP00000433022	ENSG00000185187	SIGIRR	ENSPKIP00000030518	ENSPKIG00000011359	sigirr
ENSP00000300098	ENSG00000166856	ACKR5	ENSPKIP00000016325	ENSPKIG00000002695	ackr5
ENSP00000184956	ENSG00000068097	HEATR6	ENSPKIP00000033155	ENSPKIG00000012969	heatr6
ENSP00000318770	ENSG00000178301	AQP11	ENSPKIP00000008480	ENSPKIG00000023955	aqp11
ENSP00000573642	ENSG00000197702	PARVA	ENSPKIP00000029470	ENSPKIG00000010704	parvab
ENSP00000357199	ENSG00000143303	METTL25B	ENSPKIP00000029251	ENSPKIG00000010567	mettl25b
ENSP00000311837	ENSG00000172554	SNTG2	ENSPKIP00000038304	ENSPKIG00000016120	sntg2
ENSP00000264027	ENSG00000109929	SC5D	ENSPKIP00000025377	ENSPKIG00000008272	sc5d
ENSP00000504984	ENSG00000182173	TSEN54	ENSPKIP00000006940	ENSPKIG00000023018	tsen54
ENSP00000553974	ENSG00000160838	LRRC71	ENSPKIP00000015419	ENSPKIG00000002155	lrrc71
ENSP00000442688	ENSG00000182544	SLC61A1	ENSPKIP00000017843	ENSPKIG00000003605	slc61a1
ENSP00000446830	ENSG00000178401	DNAJC22	ENSPKIP00000010571	ENSPKIG00000025244	dnajc22
ENSP00000270812	ENSG00000142684	ZNF593	ENSPKIP00000013070	ENSPKIG00000000619	znf593
ENSP00000363533	ENSG00000138400	MDH1B	ENSPKIP00000016886	ENSPKIG00000003031	mdh1b
ENSP00000309338	ENSG00000175505	CLCF1	ENSPKIP00000024297	ENSPKIG00000007613	clcf1
ENSP00000359042	ENSG00000134186	PRPF38B	ENSPKIP00000040265	ENSPKIG00000017291	
ENSP00000573180	ENSG00000138386	NAB1	ENSPKIP00000026429	ENSPKIG00000008903	nab1b
ENSP00000531887	ENSG00000110851	PRDM4	ENSPKIP00000013445	ENSPKIG00000000875	prdm4
ENSP00000606427	ENSG00000167881	SRP68	ENSPKIP00000023168	ENSPKIG00000006884	srp68
ENSP00000560945	ENSG00000158769	F11R	ENSPKIP00000003295	ENSPKIG00000020862	
ENSP00000535231	ENSG00000111602	TIMELESS	ENSPKIP00000019053	ENSPKIG00000004370	timeless
ENSP00000309429	ENSG00000174165	ZDHHC24	ENSPKIP00000000717	ENSPKIG00000019276	zdhhc24
ENSP00000407193	ENSG00000141337	ARSG	ENSPKIP00000025429	ENSPKIG00000008309	arsg
ENSP00000359130	ENSG00000162695	SLC30A7	ENSPKIP00000015111	ENSPKIG00000001921	slc30a7
ENSP00000370648	ENSG00000240857	RDH14	ENSPKIP00000005451	ENSPKIG00000022126	rdh14a
ENSP00000721992	ENSG00000115239	ASB3	ENSPKIP00000009809	ENSPKIG00000024768	asb3
ENSP00000415885	ENSG00000137760	ALKBH8	ENSPKIP00000008016	ENSPKIG00000023662	alkbh8
ENSP00000378040	ENSG00000002330	BAD	ENSPKIP00000010006	ENSPKIG00000024892	bada
ENSP00000599793	ENSG00000111361	EIF2B1	ENSPKIP00000007985	ENSPKIG00000023668	eif2b1
ENSP00000227135	ENSG00000064199	SPA17	ENSPKIP00000020406	ENSPKIG00000005201	SPA17
ENSP00000343023	ENSG00000067066	SP100	ENSPKIP00000013930	ENSPKIG00000001174	sp100.1
ENSP00000414303	ENSG00000176697	BDNF	ENSPKIP00000005223	ENSPKIG00000021989	bdnf
ENSP00000435667	ENSG00000176148	TCP11L1	ENSPKIP00000007916	ENSPKIG00000023633	tcp11l1
ENSP00000310723	ENSG00000174243	DDX23	ENSPKIP00000008748	ENSPKIG00000024110	ddx23
ENSP00000577961	ENSG00000117385	P3H1	ENSPKIP00000010815	ENSPKIG00000025379	p3h1
ENSP00000622522	ENSG00000144895	EIF2A	ENSPKIP00000035794	ENSPKIG00000014595	eif2a
ENSP00000299424	ENSG00000166337	TAF10	ENSPKIP00000032448	ENSPKIG00000012550	taf10
ENSP00000409131	ENSG00000176871	WSB2	ENSPKIP00000026883	ENSPKIG00000009180	wsb2
ENSP00000412209	ENSG00000091181	IL5RA	ENSPKIP00000018070	ENSPKIG00000003767	
ENSP00000412237	ENSG00000136634	IL10	ENSPKIP00000019300	ENSPKIG00000004527	il10
ENSP00000451546	ENSG00000166888	STAT6	ENSPKIP00000008240	ENSPKIG00000023811	stat6
ENSP00000292782	ENSG00000043093	DCUN1D1	ENSPKIP00000006318	ENSPKIG00000022649	DCUN1D1
ENSP00000509850	ENSG00000137707	BTG4	ENSPKIP00000020072	ENSPKIG00000004973	btg4
ENSP00000340939	ENSG00000066405	CLDN18	ENSPKIP00000010836	ENSPKIG00000025394	CLDN18
ENSP00000529637	ENSG00000172890	NADSYN1	ENSPKIP00000006342	ENSPKIG00000022645	nadsyn1
ENSP00000287652	ENSG00000157014	TATDN2	ENSPKIP00000010513	ENSPKIG00000025206	
ENSP00000416658	ENSG00000172113	NME6	ENSPKIP00000019985	ENSPKIG00000004932	nme6
ENSP00000498847	ENSG00000172667	ZMAT3	ENSPKIP00000007496	ENSPKIG00000023370	zmat3
ENSP00000482180	ENSG00000188070	ZFTA	ENSPKIP00000037672	ENSPKIG00000015752	zfta
ENSP00000609829	ENSG00000129235	TXNDC17	ENSPKIP00000024155	ENSPKIG00000007514	txndc17
ENSP00000454303	ENSG00000254470	AP5B1	ENSPKIP00000000555	ENSPKIG00000019180	ap5b1
ENSP00000534227	ENSG00000108591	DRG2	ENSPKIP00000040601	ENSPKIG00000017492	drg2
ENSP00000418994	ENSG00000163630	SYNPR	ENSPKIP00000007562	ENSPKIG00000023412	SYNPR
ENSP00000431140	ENSG00000223953	C1QTNF5	ENSPKIP00000041703	ENSPKIG00000018154	c1qtnf5
ENSP00000415327	ENSG00000110497	AMBRA1	ENSPKIP00000032374	ENSPKIG00000012478	ambra1b
ENSP00000585625	ENSG00000138376	BARD1	ENSPKIP00000008335	ENSPKIG00000023872	
ENSP00000399751	ENSG00000186001	LRCH3	ENSPKIP00000029938	ENSPKIG00000010946	lrch4
ENSP00000301587	ENSG00000167863	ATP5PD	ENSPKIP00000032003	ENSPKIG00000012275	atp5pd
ENSP00000537321	ENSG00000184047	DIABLO	ENSPKIP00000008967	ENSPKIG00000024250	diabloa
ENSP00000239151	ENSG00000120075	HOXB5	ENSPKIP00000012695	ENSPKIG00000000411	hoxb5b
ENSP00000263092	ENSG00000127804	METTL16	ENSPKIP00000011498	ENSPKIG00000018552	mettl16
ENSP00000583837	ENSG00000172878	METAP1D	ENSPKIP00000021391	ENSPKIG00000005824	metap1d
ENSP00000314193	ENSG00000115368	WDR75	ENSPKIP00000027000	ENSPKIG00000009219	wdr75
ENSP00000303942	ENSG00000169704	GP9	ENSPKIP00000040839	ENSPKIG00000017636	gp9
ENSP00000301831	ENSG00000168038	ULK4	ENSPKIP00000031250	ENSPKIG00000011800	ulk4
ENSP00000330391	ENSG00000163209	SPRR3	ENSPKIP00000012459	ENSPKIG00000000252	
ENSP00000270776	ENSG00000142657	PGD	ENSPKIP00000033915	ENSPKIG00000013450	pgd
ENSP00000281772	ENSG00000144445	KANSL1L	ENSPKIP00000039516	ENSPKIG00000016828	
ENSP00000566286	ENSG00000060971	ACAA1	ENSPKIP00000031022	ENSPKIG00000011666	acaa1
ENSP00000584353	ENSG00000162878	PKDCC	ENSPKIP00000017373	ENSPKIG00000003311	pkdcca
ENSP00000309432	ENSG00000141699	RETREG3	ENSPKIP00000000520	ENSPKIG00000019157	retreg3
ENSP00000685239	ENSG00000023572	GLRX2	ENSPKIP00000037669	ENSPKIG00000015759	glrx2
ENSP00000538940	ENSG00000109111	SUPT6H	ENSPKIP00000034044	ENSPKIG00000013468	supt6h
ENSP00000440191	ENSG00000116133	DHCR24	ENSPKIP00000014876	ENSPKIG00000001778	dhcr24
ENSP00000232975	ENSG00000114854	TNNC1	ENSPKIP00000010261	ENSPKIG00000025038	
ENSP00000355428	ENSG00000175137	SH3BP5L	ENSPKIP00000030369	ENSPKIG00000011245	sh3bp5lb
ENSP00000518403	ENSG00000154175	ABI3BP	ENSPKIP00000002988	ENSPKIG00000020672	abi3bpb
ENSP00000053867	ENSG00000030582	GRN	ENSPKIP00000020068	ENSPKIG00000004991	grnb
ENSP00000360170	ENSG00000132855	ANGPTL3	ENSPKIP00000037924	ENSPKIG00000015888	ANGPTL3
ENSP00000294742	ENSG00000162704	ARPC5	ENSPKIP00000039443	ENSPKIG00000016790	arpc5b
ENSP00000606999	ENSG00000180423	HARBI1	ENSPKIP00000023429	ENSPKIG00000007062	
ENSP00000325958	ENSG00000110536	PTPMT1	ENSPKIP00000032177	ENSPKIG00000012375	ptpmt1
ENSP00000518873	ENSG00000120832	MTERF2	ENSPKIP00000012836	ENSPKIG00000000498	mterf2
ENSP00000361642	ENSG00000127125	PPCS	ENSPKIP00000033079	ENSPKIG00000012923	
ENSP00000423861	ENSG00000180806	HOXC9	ENSPKIP00000022396	ENSPKIG00000006420	HOXC9
ENSP00000547120	ENSG00000115289	PCGF1	ENSPKIP00000001885	ENSPKIG00000019995	pcgf1
ENSP00000330393	ENSG00000116678	LEPR	ENSPKIP00000000601	ENSPKIG00000019200	lepr
ENSP00000331411	ENSG00000144152	FBLN7	ENSPKIP00000023807	ENSPKIG00000007296	fbln7
ENSP00000755358	ENSG00000110107	PRPF19	ENSPKIP00000001431	ENSPKIG00000019715	prpf19
ENSP00000486361	ENSG00000155368	DBI	ENSPKIP00000037071	ENSPKIG00000015396	dbi
ENSP00000542935	ENSG00000099834	CDHR5	ENSPKIP00000016349	ENSPKIG00000002707	
ENSP00000571302	ENSG00000115234	SNX17	ENSPKIP00000019784	ENSPKIG00000004801	snx17
ENSP00000225728	ENSG00000108590	MED31	ENSPKIP00000024715	ENSPKIG00000007857	med31
ENSP00000525931	ENSG00000121858	TNFSF10	ENSPKIP00000004030	ENSPKIG00000021294	
ENSP00000518920	ENSG00000135837	CEP350	ENSPKIP00000013779	ENSPKIG00000001076	cep350
ENSP00000442304	ENSG00000178752	ERFE	ENSPKIP00000024386	ENSPKIG00000007658	c1qtnf12
ENSP00000416227	ENSG00000156603	MED19	ENSPKIP00000037346	ENSPKIG00000015554	MED19
ENSP00000611969	ENSG00000162873	KLHDC8A	ENSPKIP00000010600	ENSPKIG00000025256	klhdc8a
ENSP00000475986	ENSG00000170634	ACYP2	ENSPKIP00000025599	ENSPKIG00000008416	ACYP2
ENSP00000272430	ENSG00000114993	RTKN	ENSPKIP00000017809	ENSPKIG00000003583	rtkna
ENSP00000302321	ENSG00000130414	NDUFA10	ENSPKIP00000025857	ENSPKIG00000008563	ndufa10
ENSP00000318999	ENSG00000176029	C11orf16	ENSPKIP00000033359	ENSPKIG00000013104	si:dkey-8l13.5
ENSP00000343081	ENSG00000129317	PUS7L	ENSPKIP00000006937	ENSPKIG00000023027	pus7l
ENSP00000384369	ENSG00000169519	METTL15	ENSPKIP00000013742	ENSPKIG00000001056	mettl15
ENSP00000354855	ENSG00000082641	NFE2L1	ENSPKIP00000012938	ENSPKIG00000000547	NFE2L1
ENSP00000639964	ENSG00000122970	IFT81	ENSPKIP00000022897	ENSPKIG00000006715	ift81
ENSP00000478104	ENSG00000048707	VPS13D	ENSPKIP00000029399	ENSPKIG00000010575	vps13d
ENSP00000654072	ENSG00000175581	MRPL48	ENSPKIP00000008901	ENSPKIG00000024210	mrpl48
ENSP00000644840	ENSG00000150787	PTS	ENSPKIP00000016490	ENSPKIG00000002785	pts
ENSP00000420195	ENSG00000188529	SRSF10	ENSPKIP00000017361	ENSPKIG00000003304	srsf10b
ENSP00000295083	ENSG00000162976	SLC66A3	ENSPKIP00000012235	ENSPKIG00000000100	slc66a3
ENSP00000334379	ENSG00000168014	C2CD3	ENSPKIP00000009053	ENSPKIG00000024301	c2cd3
ENSP00000391200	ENSG00000171163	ZNF692	ENSPKIP00000036232	ENSPKIG00000014868	znf692
ENSP00000619463	ENSG00000070526	ST6GALNAC1	ENSPKIP00000026351	ENSPKIG00000008877	st6galnac1.1
ENSP00000435633	ENSG00000110651	CD81	ENSPKIP00000002372	ENSPKIG00000020289	cd81a
ENSP00000754007	ENSG00000110786	PTPN5	ENSPKIP00000035256	ENSPKIG00000014280	ptpn5
ENSP00000431391	ENSG00000166181	API5	ENSPKIP00000004667	ENSPKIG00000021667	api5
ENSP00000358064	ENSG00000163125	RPRD2	ENSPKIP00000029247	ENSPKIG00000010576	rprd2b
ENSP00000596987	ENSG00000128654	MTX2	ENSPKIP00000036089	ENSPKIG00000014775	mtx2
ENSP00000468592	ENSG00000141376	BCAS3	ENSPKIP00000012944	ENSPKIG00000000537	bcas3
ENSP00000534521	ENSG00000138463	SLC49A4	ENSPKIP00000015289	ENSPKIG00000002061	slc49a4
ENSP00000654002	ENSG00000114626	ABTB1	ENSPKIP00000021688	ENSPKIG00000005980	abtb1
ENSP00000367193	ENSG00000204923	FBXO48	ENSPKIP00000019569	ENSPKIG00000004681	fbxo48
ENSP00000279249	ENSG00000149798	CDC42EP2	ENSPKIP00000000393	ENSPKIG00000019081	cdc42ep2
ENSP00000572884	ENSG00000159352	PSMD4	ENSPKIP00000033142	ENSPKIG00000012954	psmd4a
ENSP00000664990	ENSG00000177830	CHID1	ENSPKIP00000000523	ENSPKIG00000019161	chid1
ENSP00000554791	ENSG00000163872	YEATS2	ENSPKIP00000035928	ENSPKIG00000014684	yeats2
ENSP00000522117	ENSG00000132383	RPA1	ENSPKIP00000025037	ENSPKIG00000008053	rpa1
ENSP00000286424	ENSG00000155957	TMBIM4	ENSPKIP00000004877	ENSPKIG00000021788	tmbim4
ENSP00000656840	ENSG00000116586	LAMTOR2	ENSPKIP00000028038	ENSPKIG00000009843	lamtor2
ENSP00000272645	ENSG00000144231	POLR2D	ENSPKIP00000031841	ENSPKIG00000012166	polr2d
ENSP00000568225	ENSG00000088205	DDX18	ENSPKIP00000013839	ENSPKIG00000001118	ddx18
ENSP00000379880	ENSG00000179796	LRRC3B	ENSPKIP00000028399	ENSPKIG00000010062	lrrc3b
ENSP00000384597	ENSG00000242441	GTF2A1L	ENSPKIP00000015947	ENSPKIG00000002477	GTF2A1L
ENSP00000313681	ENSG00000176170	SPHK1	ENSPKIP00000024333	ENSPKIG00000007627	sphk1
ENSP00000792924	ENSG00000089022	MAPKAPK5	ENSPKIP00000007281	ENSPKIG00000023236	mapkapk5
ENSP00000549233	ENSG00000153214	TMEM87B	ENSPKIP00000023693	ENSPKIG00000007164	TMEM87B
ENSP00000581166	ENSG00000127463	EMC1	ENSPKIP00000030733	ENSPKIG00000011488	
ENSP00000484664	ENSG00000182612	TSPAN10	ENSPKIP00000029733	ENSPKIG00000010865	tspan10
ENSP00000228837	ENSG00000111241	FGF6	ENSPKIP00000012086	ENSPKIG00000000003	FGF6
ENSP00000617329	ENSG00000149582	TMEM25	ENSPKIP00000012022	ENSPKIG00000025658	TMEM25
ENSP00000600482	ENSG00000108384	RAD51C	ENSPKIP00000034101	ENSPKIG00000013565	rad51c
ENSP00000261745	ENSG00000111300	NAA25	ENSPKIP00000007529	ENSPKIG00000023372	naa25
ENSP00000310572	ENSG00000087191	PSMC5	ENSPKIP00000039146	ENSPKIG00000016599	psmc5
ENSP00000673410	ENSG00000158019	BABAM2	ENSPKIP00000006288	ENSPKIG00000022616	babam2
ENSP00000448385	ENSG00000166153	DEPDC4	ENSPKIP00000021709	ENSPKIG00000005995	si:ch211-265o23.1
ENSP00000518252	ENSG00000163605	PPP4R2	ENSPKIP00000009388	ENSPKIG00000024507	ppp4r2a
ENSP00000595445	ENSG00000010292	NCAPD2	ENSPKIP00000010735	ENSPKIG00000025333	ncapd2
ENSP00000414678	ENSG00000141562	NARF	ENSPKIP00000005157	ENSPKIG00000021947	narf
ENSP00000317902	ENSG00000166037	CEP57	ENSPKIP00000006124	ENSPKIG00000022533	cep57
ENSP00000580106	ENSG00000134242	PTPN22	ENSPKIP00000029831	ENSPKIG00000010916	ptpn22
ENSP00000338207	ENSG00000166407	LMO1	ENSPKIP00000038542	ENSPKIG00000016258	lmo1
ENSP00000548167	ENSG00000149313	AASDHPPT	ENSPKIP00000018213	ENSPKIG00000003858	
ENSP00000578015	ENSG00000075239	ACAT1	ENSPKIP00000022511	ENSPKIG00000006487	acat1
ENSP00000441130	ENSG00000170043	TRAPPC1	ENSPKIP00000005287	ENSPKIG00000022018	trappc1
ENSP00000512713	ENSG00000116560	SFPQ	ENSPKIP00000006961	ENSPKIG00000023035	sfpq
ENSP00000467630	ENSG00000180329	CCDC43	ENSPKIP00000000954	ENSPKIG00000019424	ccdc43
ENSP00000358397	ENSG00000188610	FAM72B	ENSPKIP00000019863	ENSPKIG00000004851	zgc:101564
ENSP00000606255	ENSG00000020922	MRE11	ENSPKIP00000005825	ENSPKIG00000022353	mre11a
ENSP00000520598	ENSG00000198270	TMEM116	ENSPKIP00000007392	ENSPKIG00000023297	tmem116
ENSP00000800446	ENSG00000176108	CHMP6	ENSPKIP00000030862	ENSPKIG00000011562	CHMP6
ENSP00000413645	ENSG00000173065	FAM222B	ENSPKIP00000038512	ENSPKIG00000016254	fam222ba
ENSP00000559753	ENSG00000076201	PTPN23	ENSPKIP00000005244	ENSPKIG00000021974	ptpn23a
ENSP00000273153	ENSG00000144655	CSRNP1	ENSPKIP00000035433	ENSPKIG00000014397	csrnp1b
ENSP00000204726	ENSG00000090615	GOLGA3	ENSPKIP00000028288	ENSPKIG00000009961	golga3
ENSP00000544720	ENSG00000004487	KDM1A	ENSPKIP00000035773	ENSPKIG00000014589	kdm1a
ENSP00000340776	ENSG00000181378	CFAP65	ENSPKIP00000020484	ENSPKIG00000005246	cfap65
ENSP00000300738	ENSG00000167325	RRM1	ENSPKIP00000036614	ENSPKIG00000015120	rrm1
ENSP00000499674	ENSG00000114982	KANSL3	ENSPKIP00000003443	ENSPKIG00000020921	kansl3
ENSP00000295694	ENSG00000163472	TMEM79	ENSPKIP00000036581	ENSPKIG00000015101	tmem79a
ENSP00000298317	ENSG00000165526	RPUSD4	ENSPKIP00000008533	ENSPKIG00000023986	rpusd4
ENSP00000479773	ENSG00000243710	CFAP57	ENSPKIP00000037806	ENSPKIG00000015827	cfap57
ENSP00000508500	ENSG00000165494	PCF11	ENSPKIP00000036671	ENSPKIG00000015149	pcf11
ENSP00000318486	ENSG00000176749	CDK5R1	ENSPKIP00000013673	ENSPKIG00000001019	cdk5r1b
ENSP00000616594	ENSG00000163785	RYK	ENSPKIP00000017139	ENSPKIG00000003183	ryk
ENSP00000480853	ENSG00000111237	VPS29	ENSPKIP00000037866	ENSPKIG00000015881	vps29
ENSP00000776787	ENSG00000137648	TMPRSS4	ENSPKIP00000010581	ENSPKIG00000025247	
ENSP00000403817	ENSG00000196531	NACA	ENSPKIP00000039126	ENSPKIG00000016613	naca
ENSP00000368547	ENSG00000171055	FEZ2	ENSPKIP00000033289	ENSPKIG00000013046	fez2a
ENSP00000356156	ENSG00000158615	PPP1R15B	ENSPKIP00000008922	ENSPKIG00000024221	
ENSP00000391668	ENSG00000014914	MTMR11	ENSPKIP00000027653	ENSPKIG00000009597	
ENSP00000554530	ENSG00000132329	RAMP1	ENSPKIP00000036171	ENSPKIG00000014837	ramp1
ENSP00000406705	ENSG00000196639	HRH1	ENSPKIP00000010016	ENSPKIG00000024898	HRH1
ENSP00000572139	ENSG00000115457	IGFBP2	ENSPKIP00000011520	ENSPKIG00000018569	IGFBP2
ENSP00000387128	ENSG00000176771	NCKAP5	ENSPKIP00000038048	ENSPKIG00000015993	NCKAP5
ENSP00000349016	ENSG00000142655	PEX14	ENSPKIP00000033583	ENSPKIG00000013236	pex14
ENSP00000388598	ENSG00000144559	TAMM41	ENSPKIP00000009969	ENSPKIG00000024860	tamm41
ENSP00000711732	ENSG00000175203	DCTN2	ENSPKIP00000016319	ENSPKIG00000002672	dctn2
ENSP00000370745	ENSG00000079785	DDX1	ENSPKIP00000032413	ENSPKIG00000012466	ddx1
ENSP00000521696	ENSG00000175582	RAB6A	ENSPKIP00000011539	ENSPKIG00000018584	rab41
ENSP00000500749	ENSG00000171680	PLEKHG5	ENSPKIP00000023966	ENSPKIG00000007380	plekhg5b
ENSP00000611285	ENSG00000144746	ARL6IP5	ENSPKIP00000009565	ENSPKIG00000024630	arl6ip5b
ENSP00000376963	ENSG00000180881	CAPS2	ENSPKIP00000001121	ENSPKIG00000019532	
ENSP00000324651	ENSG00000144868	TMEM108	ENSPKIP00000030944	ENSPKIG00000011627	
ENSP00000790674	ENSG00000254986	DPP3	ENSPKIP00000017974	ENSPKIG00000003665	dpp3
ENSP00000791812	ENSG00000111445	RFC5	ENSPKIP00000026845	ENSPKIG00000009147	rfc5
ENSP00000296327	ENSG00000163959	SLC51A	ENSPKIP00000000981	ENSPKIG00000019420	slc51a
ENSP00000418401	ENSG00000144867	SRPRB	ENSPKIP00000033448	ENSPKIG00000013147	srprb
ENSP00000240922	ENSG00000121579	NAA50	ENSPKIP00000032987	ENSPKIG00000012869	naa50
ENSP00000376432	ENSG00000151704	KCNJ1	ENSPKIP00000008677	ENSPKIG00000024075	kcnj1b
ENSP00000518233	ENSG00000139546	TARBP2	ENSPKIP00000015928	ENSPKIG00000002455	TARBP2
ENSP00000794582	ENSG00000163686	ABHD6	ENSPKIP00000010657	ENSPKIG00000025287	abhd6b
ENSP00000547884	ENSG00000154133	ROBO4	ENSPKIP00000019685	ENSPKIG00000004757	robo4
ENSP00000281961	ENSG00000152154	TMEM178A	ENSPKIP00000005634	ENSPKIG00000022228	tmem178a
ENSP00000289371	ENSG00000158417	EIF5B	ENSPKIP00000030183	ENSPKIG00000011133	eif5b
ENSP00000713047	ENSG00000121769	FABP3	ENSPKIP00000029599	ENSPKIG00000010776	fabp3
ENSP00000418575	ENSG00000183662	TAFA1	ENSPKIP00000009688	ENSPKIG00000024695	tafa1a
ENSP00000599607	ENSG00000177600	RPLP2	ENSPKIP00000041756	ENSPKIG00000018186	rplp2b
ENSP00000402140	ENSG00000163072	NOSTRIN	ENSPKIP00000012845	ENSPKIG00000000491	nostrin
ENSP00000624184	ENSG00000135473	PAN2	ENSPKIP00000018437	ENSPKIG00000003973	PAN2
ENSP00000265983	ENSG00000110169	HPX	ENSPKIP00000030514	ENSPKIG00000011323	hpxa
ENSP00000601012	ENSG00000067704	IARS2	ENSPKIP00000005908	ENSPKIG00000022381	iars2
ENSP00000285021	ENSG00000154767	XPC	ENSPKIP00000034363	ENSPKIG00000013720	xpc
ENSP00000386895	ENSG00000124019	FAM124B	ENSPKIP00000020663	ENSPKIG00000005357	fam124b
ENSP00000344829	ENSG00000115828	QPCT	ENSPKIP00000004028	ENSPKIG00000021290	qpct
ENSP00000330389	ENSG00000184924	PTRHD1	ENSPKIP00000036754	ENSPKIG00000015207	ptrhd1
ENSP00000568219	ENSG00000132300	PTCD3	ENSPKIP00000021039	ENSPKIG00000005592	ptcd3
ENSP00000386597	ENSG00000172269	DPAGT1	ENSPKIP00000000764	ENSPKIG00000019260	dpagt1
ENSP00000376332	ENSG00000135119	RNFT2	ENSPKIP00000032597	ENSPKIG00000012630	rnft2
ENSP00000261318	ENSG00000111412	SPRING1	ENSPKIP00000032648	ENSPKIG00000012659	spring1
ENSP00000328004	ENSG00000015153	YAF2	ENSPKIP00000004332	ENSPKIG00000021482	YAF2
ENSP00000264952	ENSG00000114124	GRK7	ENSPKIP00000031597	ENSPKIG00000012017	grk7a
ENSP00000419124	ENSG00000168309	FAM107A	ENSPKIP00000008258	ENSPKIG00000023826	si:ch211-236d3.4
ENSP00000795595	ENSG00000139722	VPS37B	ENSPKIP00000002523	ENSPKIG00000020384	VPS37B
ENSP00000379513	ENSG00000008394	MGST1	ENSPKIP00000004574	ENSPKIG00000021627	mgst1.1
ENSP00000601248	ENSG00000076242	MLH1	ENSPKIP00000004259	ENSPKIG00000021434	mlh1
ENSP00000379658	ENSG00000139083	ETV6	ENSPKIP00000041763	ENSPKIG00000018189	ETV6
ENSP00000299162	ENSG00000139445	FOXN4	ENSPKIP00000010299	ENSPKIG00000025067	foxn4
ENSP00000386994	ENSG00000125611	CHCHD5	ENSPKIP00000035475	ENSPKIG00000014423	
ENSP00000475224	ENSG00000286053	ASDURF	ENSPKIP00000027181	ENSPKIG00000009346	
ENSP00000334785	ENSG00000088992	TESC	ENSPKIP00000032514	ENSPKIG00000012583	tesca
ENSP00000706189	ENSG00000136643	RPS6KC1	ENSPKIP00000020896	ENSPKIG00000005516	RPS6KC1
ENSP00000261900	ENSG00000129315	CCNT1	ENSPKIP00000015619	ENSPKIG00000002270	ccnt1
ENSP00000581418	ENSG00000144354	CDCA7	ENSPKIP00000015659	ENSPKIG00000002298	
ENSP00000229214	ENSG00000111615	KRR1	ENSPKIP00000001293	ENSPKIG00000019635	krr1
ENSP00000267015	ENSG00000139572	GPR84	ENSPKIP00000025494	ENSPKIG00000008354	
ENSP00000398536	ENSG00000114686	MRPL3	ENSPKIP00000008008	ENSPKIG00000023678	mrpl3
ENSP00000381436	ENSG00000206538	VGLL3	ENSPKIP00000024236	ENSPKIG00000007578	vgll3
ENSP00000548386	ENSG00000186132	C2orf76	ENSPKIP00000037096	ENSPKIG00000015420	zgc:101851
ENSP00000475168	ENSG00000157916	RER1	ENSPKIP00000031945	ENSPKIG00000012231	RER1
ENSP00000343741	ENSG00000175054	ATR	ENSPKIP00000005146	ENSPKIG00000021904	atr
ENSP00000513252	ENSG00000204334	ERICH2	ENSPKIP00000022708	ENSPKIG00000006610	
ENSP00000258383	ENSG00000135900	MRPL44	ENSPKIP00000039510	ENSPKIG00000016845	mrpl44
ENSP00000620559	ENSG00000144591	GMPPA	ENSPKIP00000030452	ENSPKIG00000011280	gmppaa
ENSP00000308591	ENSG00000175229	GAL3ST3	ENSPKIP00000026343	ENSPKIG00000008872	gal3st3
ENSP00000194530	ENSG00000082146	STRADB	ENSPKIP00000028302	ENSPKIG00000009985	STRADB
ENSP00000366006	ENSG00000120942	UBIAD1	ENSPKIP00000032595	ENSPKIG00000012639	ubiad1
ENSP00000574318	ENSG00000137752	CASP1	ENSPKIP00000028783	ENSPKIG00000010208	caspa
ENSP00000294728	ENSG00000162692	VCAM1	ENSPKIP00000015028	ENSPKIG00000001873	
ENSP00000648354	ENSG00000153936	HS2ST1	ENSPKIP00000017511	ENSPKIG00000003383	hs2st1b
ENSP00000355623	ENSG00000119280	C1orf198	ENSPKIP00000037376	ENSPKIG00000015582	si:ch73-111k22.2
ENSP00000359222	ENSG00000152078	TLCD4	ENSPKIP00000025848	ENSPKIG00000008560	TLCD4
ENSP00000613366	ENSG00000063660	GPC1	ENSPKIP00000022467	ENSPKIG00000006462	GPC1
ENSP00000192314	ENSG00000154252	GAL3ST2	ENSPKIP00000026824	ENSPKIG00000009144	gal3st2
ENSP00000359295	ENSG00000117505	DR1	ENSPKIP00000020295	ENSPKIG00000005128	dr1
ENSP00000296218	ENSG00000163879	DNALI1	ENSPKIP00000020701	ENSPKIG00000005377	dnali1
ENSP00000496061	ENSG00000163864	NMNAT3	ENSPKIP00000021785	ENSPKIG00000006051	nmnat3
ENSP00000752933	ENSG00000187049	TMEM216	ENSPKIP00000012503	ENSPKIG00000000272	tmem216
ENSP00000509253	ENSG00000114023	FAM162A	ENSPKIP00000010427	ENSPKIG00000025151	fam162a
ENSP00000307801	ENSG00000170044	ZPLD1	ENSPKIP00000016094	ENSPKIG00000002569	zpld1a
ENSP00000266014	ENSG00000016864	GLT8D1	ENSPKIP00000035636	ENSPKIG00000014505	glt8d1
ENSP00000557425	ENSG00000151715	TMEM45B	ENSPKIP00000039176	ENSPKIG00000016638	tmem45b
ENSP00000358120	ENSG00000023902	PLEKHO1	ENSPKIP00000009857	ENSPKIG00000024797	plekho1b
ENSP00000351328	ENSG00000164002	EXO5	ENSPKIP00000020740	ENSPKIG00000005414	exo5
ENSP00000794719	ENSG00000087884	AAMDC	ENSPKIP00000008564	ENSPKIG00000024002	aamdc
ENSP00000791867	ENSG00000144677	CTDSPL	ENSPKIP00000036111	ENSPKIG00000014795	ctdsplb
ENSP00000365116	ENSG00000162438	CTRC	ENSPKIP00000032892	ENSPKIG00000012799	ela2l
ENSP00000573586	ENSG00000050165	DKK3	ENSPKIP00000029342	ENSPKIG00000010629	dkk3a
ENSP00000541024	ENSG00000184432	COPB2	ENSPKIP00000027876	ENSPKIG00000009722	copb2
ENSP00000497932	ENSG00000160710	ADAR	ENSPKIP00000035504	ENSPKIG00000014435	adar
ENSP00000264717	ENSG00000084734	GCKR	ENSPKIP00000036554	ENSPKIG00000015074	
ENSP00000295959	ENSG00000163684	RPP14	ENSPKIP00000010652	ENSPKIG00000025282	rpp14
ENSP00000435489	ENSG00000162241	SLC25A45	ENSPKIP00000029919	ENSPKIG00000010976	SLC25A45
ENSP00000418813	ENSG00000113811	SELENOK	ENSPKIP00000009548	ENSPKIG00000024615	
ENSP00000546723	ENSG00000114491	UMPS	ENSPKIP00000011976	ENSPKIG00000025669	umps
ENSP00000377735	ENSG00000080822	CLDND1	ENSPKIP00000019133	ENSPKIG00000004429	cldnd1a
ENSP00000361060	ENSG00000085998	POMGNT1	ENSPKIP00000029393	ENSPKIG00000010659	pomgnt1
ENSP00000423933	ENSG00000138050	THUMPD2	ENSPKIP00000005597	ENSPKIG00000022207	THUMPD2
ENSP00000386987	ENSG00000137478	FCHSD2	ENSPKIP00000008717	ENSPKIG00000024091	si:ch211-176g13.8
ENSP00000236980	ENSG00000118246	FASTKD2	ENSPKIP00000025189	ENSPKIG00000008149	
ENSP00000532930	ENSG00000163818	LZTFL1	ENSPKIP00000027849	ENSPKIG00000009710	lztfl1
ENSP00000555048	ENSG00000115998	C2orf42	ENSPKIP00000039808	ENSPKIG00000017025	si:ch211-127d4.3
ENSP00000585164	ENSG00000144554	FANCD2	ENSPKIP00000000242	ENSPKIG00000018927	fancd2
ENSP00000364699	ENSG00000204370	SDHD	ENSPKIP00000001868	ENSPKIG00000019994	sdhda
ENSP00000418690	ENSG00000152904	GGPS1	ENSPKIP00000026975	ENSPKIG00000009234	ggps1
ENSP00000551205	ENSG00000163444	TMEM183A	ENSPKIP00000020188	ENSPKIG00000005053	tmem183a
ENSP00000513706	ENSG00000072756	TRNT1	ENSPKIP00000001915	ENSPKIG00000020015	trnt1
ENSP00000261007	ENSG00000138435	CHRNA1	ENSPKIP00000019092	ENSPKIG00000004406	chrna1
ENSP00000373354	ENSG00000170364	SETMAR	ENSPKIP00000001841	ENSPKIG00000019979	setmar
ENSP00000556554	ENSG00000196660	SLC30A10	ENSPKIP00000006323	ENSPKIG00000022650	slc30a10
ENSP00000379047	ENSG00000164051	CCDC51	ENSPKIP00000009494	ENSPKIG00000024587	ccdc51
ENSP00000290663	ENSG00000159479	MED8	ENSPKIP00000038164	ENSPKIG00000016056	MED8
ENSP00000563898	ENSG00000173409	ARV1	ENSPKIP00000037657	ENSPKIG00000015750	arv1
ENSP00000595489	ENSG00000114742	WDR48	ENSPKIP00000035293	ENSPKIG00000014276	wdr48a
ENSP00000712733	ENSG00000174606	ANGEL2	ENSPKIP00000014526	ENSPKIG00000001565	angel2
ENSP00000355896	ENSG00000092969	TGFB2	ENSPKIP00000033076	ENSPKIG00000012907	tgfb2
ENSP00000641638	ENSG00000034971	MYOC	ENSPKIP00000026875	ENSPKIG00000009176	myoc
ENSP00000308727	ENSG00000173705	SUSD5	ENSPKIP00000030465	ENSPKIG00000011308	
ENSP00000341940	ENSG00000182533	CAV3	ENSPKIP00000009679	ENSPKIG00000024693	cav3
ENSP00000540333	ENSG00000116350	SRSF4	ENSPKIP00000037634	ENSPKIG00000015703	
ENSP00000341422	ENSG00000178467	P4HTM	ENSPKIP00000013499	ENSPKIG00000000917	p4htmb
ENSP00000376272	ENSG00000163918	RFC4	ENSPKIP00000006614	ENSPKIG00000022814	rfc4
ENSP00000296484	ENSG00000164087	POC1A	ENSPKIP00000010307	ENSPKIG00000025072	poc1a
ENSP00000234195	ENSG00000115841	RMDN2	ENSPKIP00000026353	ENSPKIG00000008860	
ENSP00000314807	ENSG00000196083	IL1RAP	ENSPKIP00000012485	ENSPKIG00000000251	
ENSP00000568318	ENSG00000211460	TSN	ENSPKIP00000015224	ENSPKIG00000002005	tsn
ENSP00000387216	ENSG00000221823	PPP3R1	ENSPKIP00000019678	ENSPKIG00000004748	PPP3R1
ENSP00000238831	ENSG00000119820	YIPF4	ENSPKIP00000027290	ENSPKIG00000009413	yipf4
ENSP00000358149	ENSG00000178096	BOLA1	ENSPKIP00000027859	ENSPKIG00000009727	bola1
ENSP00000360065	ENSG00000152763	DNAI4	ENSPKIP00000036324	ENSPKIG00000014864	dnai4
ENSP00000380054	ENSG00000144597	EAF1	ENSPKIP00000002144	ENSPKIG00000020151	eaf2
ENSP00000360913	ENSG00000132122	SPATA6	ENSPKIP00000023064	ENSPKIG00000006841	spata6
ENSP00000530038	ENSG00000163848	ZNF148	ENSPKIP00000038972	ENSPKIG00000016467	znf148
ENSP00000344235	ENSG00000188542	DUSP28	ENSPKIP00000031707	ENSPKIG00000012080	dusp28
ENSP00000315137	ENSG00000163082	SGPP2	ENSPKIP00000028527	ENSPKIG00000010148	SGPP2
ENSP00000537298	ENSG00000196872	CRACDL	ENSPKIP00000030033	ENSPKIG00000011021	
ENSP00000596011	ENSG00000143971	ETAA1	ENSPKIP00000019775	ENSPKIG00000004813	
ENSP00000378568	ENSG00000116754	SRSF11	ENSPKIP00000004519	ENSPKIG00000021584	srsf11
ENSP00000258105	ENSG00000204822	MRPL53	ENSPKIP00000023298	ENSPKIG00000006982	mrpl53
ENSP00000612490	ENSG00000138029	HADHB	ENSPKIP00000035496	ENSPKIG00000014396	hadhb
ENSP00000577182	ENSG00000114383	TUSC2	ENSPKIP00000014241	ENSPKIG00000001381	TUSC2
ENSP00000417559	ENSG00000169251	NMD3	ENSPKIP00000028227	ENSPKIG00000009928	nmd3
ENSP00000290541	ENSG00000159377	PSMB4	ENSPKIP00000009921	ENSPKIG00000024828	psmb4
ENSP00000415536	ENSG00000163882	POLR2H	ENSPKIP00000006640	ENSPKIG00000022836	polr2h
ENSP00000795703	ENSG00000054392	HHAT	ENSPKIP00000004689	ENSPKIG00000021677	hhat
ENSP00000418194	ENSG00000173193	PARP14	ENSPKIP00000018474	ENSPKIG00000004027	
ENSP00000358320	ENSG00000121851	POLR3GL	ENSPKIP00000033406	ENSPKIG00000013127	
ENSP00000232905	ENSG00000114784	EIF1B	ENSPKIP00000018491	ENSPKIG00000004040	eif1b
ENSP00000325978	ENSG00000114248	LRRC31	ENSPKIP00000040909	ENSPKIG00000017690	lrrc31
ENSP00000569302	ENSG00000152492	CCDC50	ENSPKIP00000011157	ENSPKIG00000025575	
ENSP00000284320	ENSG00000154174	TOMM70	ENSPKIP00000005822	ENSPKIG00000022338	tomm70a
ENSP00000328287	ENSG00000164068	RNF123	ENSPKIP00000029079	ENSPKIG00000010414	rnf123
ENSP00000534382	ENSG00000032389	EIPR1	ENSPKIP00000005046	ENSPKIG00000021880	eipr1
ENSP00000530409	ENSG00000168883	USP39	ENSPKIP00000041025	ENSPKIG00000017728	usp39
ENSP00000518857	ENSG00000116212	LRRC42	ENSPKIP00000028962	ENSPKIG00000010397	lrrc42
ENSP00000355968	ENSG00000170385	SLC30A1	ENSPKIP00000004193	ENSPKIG00000021406	slc30a1a
ENSP00000418232	ENSG00000010322	NISCH	ENSPKIP00000010455	ENSPKIG00000025174	nisch
ENSP00000792234	ENSG00000162368	CMPK1	ENSPKIP00000036416	ENSPKIG00000014992	CMPK1
ENSP00000360281	ENSG00000021852	C8B	ENSPKIP00000015450	ENSPKIG00000002158	c8b
ENSP00000319006	ENSG00000177352	CCDC71	ENSPKIP00000021532	ENSPKIG00000005896	
ENSP00000582580	ENSG00000163512	AZI2	ENSPKIP00000004758	ENSPKIG00000021732	azi2
ENSP00000336750	ENSG00000119760	SUPT7L	ENSPKIP00000006562	ENSPKIG00000022790	supt7l
ENSP00000258302	ENSG00000135824	RGS8	ENSPKIP00000037464	ENSPKIG00000015620	rgs8
ENSP00000777847	ENSG00000144040	SFXN5	ENSPKIP00000019448	ENSPKIG00000004618	sfxn5a
ENSP00000406052	ENSG00000162782	TDRD5	ENSPKIP00000017155	ENSPKIG00000003193	
ENSP00000574580	ENSG00000088543	C3orf18	ENSPKIP00000014557	ENSPKIG00000001599	si:ch211-161c3.5
ENSP00000414635	ENSG00000171757	LRRC34	ENSPKIP00000002755	ENSPKIG00000020508	lrrc34
ENSP00000628100	ENSG00000214097	SMCO1	ENSPKIP00000026844	ENSPKIG00000009158	SMCO1
ENSP00000618226	ENSG00000144747	TMF1	ENSPKIP00000005869	ENSPKIG00000022370	tmf1
ENSP00000481680	ENSG00000144362	PHOSPHO2	ENSPKIP00000017792	ENSPKIG00000003569	phospho2
ENSP00000377428	ENSG00000206530	CFAP44	ENSPKIP00000033673	ENSPKIG00000013259	
ENSP00000635162	ENSG00000138036	DYNC2LI1	ENSPKIP00000006004	ENSPKIG00000022455	dync2li1
ENSP00000694761	ENSG00000143409	MINDY1	ENSPKIP00000012329	ENSPKIG00000000158	mindy1
ENSP00000783850	ENSG00000068615	REEP1	ENSPKIP00000021409	ENSPKIG00000005831	reep1
ENSP00000296449	ENSG00000173421	IHO1	ENSPKIP00000009309	ENSPKIG00000024466	
ENSP00000323076	ENSG00000178057	NDUFAF3	ENSPKIP00000008767	ENSPKIG00000024122	ndufaf3
ENSP00000364403	ENSG00000127481	UBR4	ENSPKIP00000030680	ENSPKIG00000011288	ubr4
ENSP00000417659	ENSG00000163590	PPM1L	ENSPKIP00000028131	ENSPKIG00000009899	ppm1lb
ENSP00000444081	ENSG00000138068	SULT6B1	ENSPKIP00000003774	ENSPKIG00000021133	sult6b1
ENSP00000370997	ENSG00000150873	CIMIP5	ENSPKIP00000012212	ENSPKIG00000000085	cimip5
ENSP00000792136	ENSG00000168874	ATOH8	ENSPKIP00000020696	ENSPKIG00000005372	atoh8
ENSP00000385887	ENSG00000144504	ANKMY1	ENSPKIP00000030651	ENSPKIG00000011429	
ENSP00000364240	ENSG00000162543	UBXN10	ENSPKIP00000025223	ENSPKIG00000008174	ubxn10
ENSP00000580632	ENSG00000082996	RNF13	ENSPKIP00000008634	ENSPKIG00000024044	rnf13
ENSP00000264254	ENSG00000115539	PDCL3	ENSPKIP00000001142	ENSPKIG00000019544	PDCL3
ENSP00000608520	ENSG00000071082	RPL31	ENSPKIP00000001350	ENSPKIG00000019677	rpl31
ENSP00000507218	ENSG00000155744	HYCC2	ENSPKIP00000028901	ENSPKIG00000010348	hycc2
ENSP00000504065	ENSG00000158864	NDUFS2	ENSPKIP00000024376	ENSPKIG00000007619	ndufs2
ENSP00000498719	ENSG00000215717	TMEM167B	ENSPKIP00000038885	ENSPKIG00000016477	tmem167b
ENSP00000545916	ENSG00000169599	NFU1	ENSPKIP00000024169	ENSPKIG00000007527	nfu1
ENSP00000618036	ENSG00000116918	TSNAX	ENSPKIP00000007795	ENSPKIG00000023546	tsnax
ENSP00000778510	ENSG00000144339	TMEFF2	ENSPKIP00000031817	ENSPKIG00000012145	tmeff2a
ENSP00000588183	ENSG00000163666	HESX1	ENSPKIP00000029896	ENSPKIG00000010964	HESX1
ENSP00000624613	ENSG00000196455	PIK3R4	ENSPKIP00000034210	ENSPKIG00000013607	pik3r4
ENSP00000677880	ENSG00000134330	IAH1	ENSPKIP00000003469	ENSPKIG00000020955	iah1
ENSP00000362965	ENSG00000169403	PTAFR	ENSPKIP00000035585	ENSPKIG00000014490	ptafr
ENSP00000380605	ENSG00000150551	LYPD1	ENSPKIP00000038024	ENSPKIG00000015979	LYPD1
ENSP00000626732	ENSG00000085760	MTIF2	ENSPKIP00000004374	ENSPKIG00000021512	mtif2
ENSP00000789703	ENSG00000172936	MYD88	ENSPKIP00000031201	ENSPKIG00000011777	myd88
ENSP00000419465	ENSG00000018408	WWTR1	ENSPKIP00000008701	ENSPKIG00000024085	wwtr1
ENSP00000347224	ENSG00000159592	GPBP1L1	ENSPKIP00000019052	ENSPKIG00000004379	GPBP1L1
ENSP00000565796	ENSG00000221955	SLC12A8	ENSPKIP00000039037	ENSPKIG00000016555	slc12a8
ENSP00000758391	ENSG00000151665	PIGF	ENSPKIP00000025963	ENSPKIG00000008632	pigf
ENSP00000363596	ENSG00000188822	CNR2	ENSPKIP00000013058	ENSPKIG00000000635	cnr2
ENSP00000413017	ENSG00000160050	CCDC28B	ENSPKIP00000030989	ENSPKIG00000011655	ccdc28b
ENSP00000359160	ENSG00000122435	TRMT13	ENSPKIP00000014463	ENSPKIG00000001514	trmt13
ENSP00000544164	ENSG00000144837	PLA1A	ENSPKIP00000009904	ENSPKIG00000024818	pla1a
ENSP00000577403	ENSG00000163687	DNASE1L3	ENSPKIP00000010665	ENSPKIG00000025293	DNASE1L3
ENSP00000310332	ENSG00000174013	FBXO45	ENSPKIP00000026873	ENSPKIG00000009174	fbxo45
ENSP00000332371	ENSG00000114270	COL7A1	ENSPKIP00000010848	ENSPKIG00000025392	
ENSP00000551724	ENSG00000174891	RSRC1	ENSPKIP00000020034	ENSPKIG00000004966	RSRC1
ENSP00000548354	ENSG00000144320	LNPK	ENSPKIP00000007035	ENSPKIG00000023083	lnpk
ENSP00000624095	ENSG00000174151	CYB561D1	ENSPKIP00000019089	ENSPKIG00000004408	cyb561d1
ENSP00000294454	ENSG00000162461	SLC25A34	ENSPKIP00000016001	ENSPKIG00000002511	SLC25A34
ENSP00000624353	ENSG00000163468	CCT3	ENSPKIP00000036457	ENSPKIG00000014977	cct3
ENSP00000362936	ENSG00000180098	TRNAU1AP	ENSPKIP00000037250	ENSPKIG00000015511	trnau1apa
ENSP00000355827	ENSG00000143756	FBXO28	ENSPKIP00000028125	ENSPKIG00000009895	fbxo28
ENSP00000603317	ENSG00000068878	PSME4	ENSPKIP00000038176	ENSPKIG00000016022	psme4a
ENSP00000508664	ENSG00000143379	SETDB1	ENSPKIP00000029908	ENSPKIG00000010963	setdb1b
ENSP00000768801	ENSG00000170860	LSM3	ENSPKIP00000025009	ENSPKIG00000008037	LSM3
ENSP00000611443	ENSG00000197885	NKIRAS1	ENSPKIP00000028026	ENSPKIG00000009837	nkiras1
ENSP00000307004	ENSG00000169621	APLF	ENSPKIP00000019502	ENSPKIG00000004644	APLF
ENSP00000564991	ENSG00000175105	ZNF654	ENSPKIP00000039420	ENSPKIG00000016775	znf654
ENSP00000527661	ENSG00000132323	ILKAP	ENSPKIP00000003510	ENSPKIG00000020989	ilkap
ENSP00000569539	ENSG00000176261	ZBTB8OS	ENSPKIP00000030823	ENSPKIG00000011531	zbtb8os
ENSP00000419413	ENSG00000114098	ARMC8	ENSPKIP00000012504	ENSPKIG00000000262	armc8
ENSP00000684551	ENSG00000122176	FMOD	ENSPKIP00000019191	ENSPKIG00000004457	fmoda
ENSP00000592658	ENSG00000132768	DPH2	ENSPKIP00000000517	ENSPKIG00000019137	dph2
ENSP00000543854	ENSG00000135622	SEMA4F	ENSPKIP00000005990	ENSPKIG00000022384	
ENSP00000566928	ENSG00000151353	TMEM18	ENSPKIP00000035771	ENSPKIG00000014597	tmem18
ENSP00000554024	ENSG00000144021	CIAO1	ENSPKIP00000035920	ENSPKIG00000014682	CIAO1
ENSP00000272164	ENSG00000143816	WNT9A	ENSPKIP00000020977	ENSPKIG00000005561	wnt9a
ENSP00000543889	ENSG00000144566	RAB5A	ENSPKIP00000027571	ENSPKIG00000009578	RAB5A
ENSP00000420161	ENSG00000121578	B4GALT4	ENSPKIP00000036392	ENSPKIG00000014983	b4galt4
ENSP00000308976	ENSG00000174453	VWC2L	ENSPKIP00000008296	ENSPKIG00000023855	vwc2l
ENSP00000379739	ENSG00000197429	IPP	ENSPKIP00000018938	ENSPKIG00000004299	IPP
ENSP00000296098	ENSG00000138100	TRIM54	ENSPKIP00000037582	ENSPKIG00000015701	trim54
ENSP00000608021	ENSG00000136522	MRPL47	ENSPKIP00000032551	ENSPKIG00000012608	mrpl47
ENSP00000578342	ENSG00000138030	KHK	ENSPKIP00000023930	ENSPKIG00000007365	khk
ENSP00000561132	ENSG00000116977	LGALS8	ENSPKIP00000007713	ENSPKIG00000023498	lgals8b
ENSP00000795572	ENSG00000115364	MRPL19	ENSPKIP00000019585	ENSPKIG00000004696	mrpl19
ENSP00000421842	ENSG00000129055	ANAPC13	ENSPKIP00000025350	ENSPKIG00000008258	anapc13
ENSP00000236959	ENSG00000138363	ATIC	ENSPKIP00000015478	ENSPKIG00000002172	atic
ENSP00000761403	ENSG00000182004	SNRPE	ENSPKIP00000033829	ENSPKIG00000013388	snrpe
ENSP00000753935	ENSG00000213337	ANKRD39	ENSPKIP00000009844	ENSPKIG00000024789	ankrd39
ENSP00000282388	ENSG00000152518	ZFP36L2	ENSPKIP00000006474	ENSPKIG00000022742	ZFP36L2
ENSP00000263341	ENSG00000125538	IL1B	ENSPKIP00000027193	ENSPKIG00000009356	il1b
ENSP00000516056	ENSG00000178104	PDE4DIP	ENSPKIP00000020936	ENSPKIG00000005176	pde4dip
ENSP00000417222	ENSG00000153002	CPB1	ENSPKIP00000027888	ENSPKIG00000009744	cpb1
ENSP00000326933	ENSG00000179833	SERTAD2	ENSPKIP00000019445	ENSPKIG00000004619	
ENSP00000234111	ENSG00000115758	ODC1	ENSPKIP00000007595	ENSPKIG00000023433	odc1
ENSP00000775656	ENSG00000125037	EMC3	ENSPKIP00000000536	ENSPKIG00000019158	emc3
ENSP00000306561	ENSG00000114026	OGG1	ENSPKIP00000030723	ENSPKIG00000011480	ogg1
ENSP00000547993	ENSG00000115947	ORC4	ENSPKIP00000017900	ENSPKIG00000003619	orc4
ENSP00000339524	ENSG00000169598	DFFB	ENSPKIP00000031915	ENSPKIG00000012225	dffb
ENSP00000315914	ENSG00000008226	DLEC1	ENSPKIP00000030812	ENSPKIG00000011528	DLEC1
ENSP00000399679	ENSG00000116690	PRG4	ENSPKIP00000023766	ENSPKIG00000007268	prg4b
ENSP00000709972	ENSG00000175193	PARL	ENSPKIP00000032840	ENSPKIG00000012782	parlb
ENSP00000272163	ENSG00000143815	LBR	ENSPKIP00000036299	ENSPKIG00000014887	lbr
ENSP00000559723	ENSG00000084693	AGBL5	ENSPKIP00000033521	ENSPKIG00000013187	agbl5
ENSP00000326305	ENSG00000178537	SLC25A20	ENSPKIP00000008898	ENSPKIG00000024205	slc25a20
ENSP00000404384	ENSG00000144455	SUMF1	ENSPKIP00000010411	ENSPKIG00000025148	sumf1
ENSP00000588166	ENSG00000095002	MSH2	ENSPKIP00000026384	ENSPKIG00000008812	msh2
ENSP00000784071	ENSG00000114904	NEK4	ENSPKIP00000009010	ENSPKIG00000024277	nek4
ENSP00000528290	ENSG00000142892	PIGK	ENSPKIP00000027544	ENSPKIG00000009549	pigk
ENSP00000507186	ENSG00000088727	KIF9	ENSPKIP00000031047	ENSPKIG00000011678	KIF9
ENSP00000462099	ENSG00000266094	RASSF5	ENSPKIP00000019476	ENSPKIG00000004634	rassf5
ENSP00000308549	ENSG00000163485	ADORA1	ENSPKIP00000013660	ENSPKIG00000001010	adora1b
ENSP00000264255	ENSG00000115514	TXNDC9	ENSPKIP00000032211	ENSPKIG00000012396	txndc9
ENSP00000373073	ENSG00000159650	UROC1	ENSPKIP00000010785	ENSPKIG00000025363	uroc1
ENSP00000249501	ENSG00000128710	HOXD10	ENSPKIP00000006927	ENSPKIG00000023022	hoxd10a
ENSP00000607821	ENSG00000163975	MELTF	ENSPKIP00000032002	ENSPKIG00000012270	meltf
ENSP00000339723	ENSG00000138433	CIRSR	ENSPKIP00000019177	ENSPKIG00000004454	cirsr
ENSP00000534009	ENSG00000117448	AKR1A1	ENSPKIP00000035538	ENSPKIG00000014456	akr1a1a
ENSP00000726026	ENSG00000226124	FTCDNL1	ENSPKIP00000031714	ENSPKIG00000012083	ftcdnl1
ENSP00000336528	ENSG00000144852	NR1I2	ENSPKIP00000026744	ENSPKIG00000009082	nr1i2
ENSP00000560094	ENSG00000115307	AUP1	ENSPKIP00000002139	ENSPKIG00000020155	aup1
ENSP00000356405	ENSG00000134371	CDC73	ENSPKIP00000041746	ENSPKIG00000018155	cdc73
ENSP00000720017	ENSG00000162576	MXRA8	ENSPKIP00000028223	ENSPKIG00000009945	mxra8b
ENSP00000534057	ENSG00000272886	DCP1A	ENSPKIP00000009353	ENSPKIG00000024486	dcp1a
ENSP00000603310	ENSG00000170577	SIX2	ENSPKIP00000005355	ENSPKIG00000022042	six2a
ENSP00000263946	ENSG00000081277	PKP1	ENSPKIP00000029235	ENSPKIG00000010549	
ENSP00000391456	ENSG00000138078	PREPL	ENSPKIP00000005480	ENSPKIG00000022136	prepl
ENSP00000358312	ENSG00000131779	PEX11B	ENSPKIP00000003084	ENSPKIG00000020730	pex11a
ENSP00000350256	ENSG00000173585	CCR9	ENSPKIP00000027889	ENSPKIG00000009754	ccr9b
ENSP00000506896	ENSG00000182923	CEP63	ENSPKIP00000021699	ENSPKIG00000005992	cep63
ENSP00000355306	ENSG00000198912	C1orf174	ENSPKIP00000031892	ENSPKIG00000012207	
ENSP00000522443	ENSG00000070785	EIF2B3	ENSPKIP00000008334	ENSPKIG00000023868	eif2b3
ENSP00000417806	ENSG00000168273	UQCC5	ENSPKIP00000010561	ENSPKIG00000025238	uqcc5
ENSP00000295981	ENSG00000163702	IL17RC	ENSPKIP00000018774	ENSPKIG00000004219	
ENSP00000612855	ENSG00000121486	TRMT1L	ENSPKIP00000021612	ENSPKIG00000005941	trmt1l
ENSP00000636378	ENSG00000115590	IL1R2	ENSPKIP00000000425	ENSPKIG00000019089	
ENSP00000721317	ENSG00000160097	FNDC5	ENSPKIP00000023620	ENSPKIG00000007165	fndc5b
ENSP00000615217	ENSG00000115211	EIF2B4	ENSPKIP00000019931	ENSPKIG00000004903	eif2b4
ENSP00000359935	ENSG00000254685	FPGT	ENSPKIP00000036756	ENSPKIG00000015211	fpgt
ENSP00000696449	ENSG00000143774	GUK1	ENSPKIP00000020756	ENSPKIG00000005424	guk1a
ENSP00000256722	ENSG00000134326	CMPK2	ENSPKIP00000002636	ENSPKIG00000020457	cmpk2
ENSP00000322170	ENSG00000176732	PFN4	ENSPKIP00000040033	ENSPKIG00000017157	pfn4
ENSP00000512418	ENSG00000131374	TBC1D5	ENSPKIP00000027058	ENSPKIG00000009255	tbc1d5
ENSP00000365767	ENSG00000177000	MTHFR	ENSPKIP00000035226	ENSPKIG00000014252	mthfr
ENSP00000526609	ENSG00000177674	AGTRAP	ENSPKIP00000019112	ENSPKIG00000004417	agtrap
ENSP00000616994	ENSG00000158014	SLC30A2	ENSPKIP00000037811	ENSPKIG00000015850	slc30a2
ENSP00000599043	ENSG00000163655	GMPS	ENSPKIP00000009695	ENSPKIG00000024697	gmps
ENSP00000272065	ENSG00000143727	ACP1	ENSPKIP00000022569	ENSPKIG00000006517	ACP1
ENSP00000531716	ENSG00000155636	RBM45	ENSPKIP00000012525	ENSPKIG00000000284	rbm45
ENSP00000389241	ENSG00000073737	DHRS9	ENSPKIP00000012611	ENSPKIG00000000349	rdh1
ENSP00000249887	ENSG00000129048	ACKR4	ENSPKIP00000033710	ENSPKIG00000013325	ACKR4
ENSP00000582159	ENSG00000134077	THUMPD3	ENSPKIP00000034817	ENSPKIG00000014009	thumpd3
ENSP00000261015	ENSG00000138442	WDR12	ENSPKIP00000026341	ENSPKIG00000008839	WDR12
ENSP00000362127	ENSG00000188786	MTF1	ENSPKIP00000019474	ENSPKIG00000004616	mtf1
ENSP00000367398	ENSG00000131697	NPHP4	ENSPKIP00000031971	ENSPKIG00000012248	NPHP4
ENSP00000360323	ENSG00000006555	TTC22	ENSPKIP00000014100	ENSPKIG00000001299	ttc22
ENSP00000787231	ENSG00000162496	DHRS3	ENSPKIP00000029460	ENSPKIG00000010699	dhrs3a
ENSP00000653490	ENSG00000135637	CCDC142	ENSPKIP00000022070	ENSPKIG00000006215	ccdc142
ENSP00000291416	ENSG00000116525	TRIM62	ENSPKIP00000033574	ENSPKIG00000013240	trim62.1
ENSP00000766661	ENSG00000178796	RIIAD1	ENSPKIP00000038352	ENSPKIG00000016161	
ENSP00000361895	ENSG00000168389	MFSD2A	ENSPKIP00000009476	ENSPKIG00000024568	mfsd2ab
ENSP00000607361	ENSG00000072135	PTPN18	ENSPKIP00000037784	ENSPKIG00000015834	ptpn18
ENSP00000368834	ENSG00000119801	YPEL5	ENSPKIP00000006275	ENSPKIG00000022624	ypel5
ENSP00000776319	ENSG00000132031	MATN3	ENSPKIP00000007101	ENSPKIG00000023132	matn3b
ENSP00000703944	ENSG00000143156	NME7	ENSPKIP00000020594	ENSPKIG00000005301	nme7
ENSP00000304133	ENSG00000171951	SCG2	ENSPKIP00000028680	ENSPKIG00000010228	SCG2
ENSP00000788384	ENSG00000153823	PID1	ENSPKIP00000031837	ENSPKIG00000012167	pid1
ENSP00000619617	ENSG00000163541	SUCLG1	ENSPKIP00000029796	ENSPKIG00000010907	SUCLG1
ENSP00000665965	ENSG00000144579	CTDSP1	ENSPKIP00000000278	ENSPKIG00000018996	ctdsp1
ENSP00000302037	ENSG00000168958	MFF	ENSPKIP00000039656	ENSPKIG00000016886	mffa
ENSP00000355969	ENSG00000198570	RD3	ENSPKIP00000004208	ENSPKIG00000021412	rd3
ENSP00000489320	ENSG00000282872	C1orf232	ENSPKIP00000012524	ENSPKIG00000000292	
ENSP00000550089	ENSG00000158716	DUSP23	ENSPKIP00000039691	ENSPKIG00000016940	dusp23b
ENSP00000495867	ENSG00000117523	PRRC2C	ENSPKIP00000018598	ENSPKIG00000004107	prrc2c
ENSP00000562192	ENSG00000169972	PUSL1	ENSPKIP00000015919	ENSPKIG00000002447	pusl1
ENSP00000587545	ENSG00000143494	VASH2	ENSPKIP00000014575	ENSPKIG00000001610	vash2
ENSP00000563495	ENSG00000159348	CYB5R1	ENSPKIP00000040851	ENSPKIG00000017647	CYB5R1
ENSP00000295709	ENSG00000163482	STK36	ENSPKIP00000000730	ENSPKIG00000019285	stk36
ENSP00000685419	ENSG00000143952	VPS54	ENSPKIP00000020472	ENSPKIG00000005241	vps54
ENSP00000318176	ENSG00000180228	PRKRA	ENSPKIP00000005850	ENSPKIG00000022368	prkra
ENSP00000623624	ENSG00000143196	DPT	ENSPKIP00000020514	ENSPKIG00000005260	dpt
ENSP00000356574	ENSG00000116260	QSOX1	ENSPKIP00000014027	ENSPKIG00000001244	qsox1
ENSP00000585561	ENSG00000143314	MRPL24	ENSPKIP00000003920	ENSPKIG00000021226	mrpl24
ENSP00000338019	ENSG00000135924	DNAJB2	ENSPKIP00000015092	ENSPKIG00000001907	dnajb2
ENSP00000344411	ENSG00000169962	TAS1R3	ENSPKIP00000034442	ENSPKIG00000013729	tas1r3
ENSP00000362695	ENSG00000160055	TMEM234	ENSPKIP00000031087	ENSPKIG00000011724	tmem234
ENSP00000591163	ENSG00000064933	PMS1	ENSPKIP00000036305	ENSPKIG00000014918	pms1
ENSP00000636232	ENSG00000174950	CD164L2	ENSPKIP00000033263	ENSPKIG00000013043	cd164
ENSP00000463650	ENSG00000265491	RNF115	ENSPKIP00000036209	ENSPKIG00000014855	rnf115a
ENSP00000708322	ENSG00000265972	TXNIP	ENSPKIP00000033499	ENSPKIG00000013184	txnipb
ENSP00000512744	ENSG00000160753	RUSC1	ENSPKIP00000035829	ENSPKIG00000014636	rusc1
ENSP00000489752	ENSG00000135631	RAB11FIP5	ENSPKIP00000019359	ENSPKIG00000004565	
ENSP00000294409	ENSG00000162419	GMEB1	ENSPKIP00000003709	ENSPKIG00000021105	GMEB1
ENSP00000362179	ENSG00000163874	ZC3H12A	ENSPKIP00000019701	ENSPKIG00000004769	zc3h12aa
ENSP00000547287	ENSG00000163586	FABP1	ENSPKIP00000000641	ENSPKIG00000019196	fabp1a
ENSP00000618182	ENSG00000115241	PPM1G	ENSPKIP00000025374	ENSPKIG00000008275	ppm1g
ENSP00000499741	ENSG00000118194	TNNT2	ENSPKIP00000030305	ENSPKIG00000011216	tnnt2a
ENSP00000308893	ENSG00000162804	SNED1	ENSPKIP00000009423	ENSPKIG00000024517	sned1
ENSP00000370214	ENSG00000138092	CENPO	ENSPKIP00000040383	ENSPKIG00000017377	cenpo
ENSP00000272641	ENSG00000144227	NXPH2	ENSPKIP00000029309	ENSPKIG00000010613	NXPH2
ENSP00000368898	ENSG00000163806	SPDYA	ENSPKIP00000037871	ENSPKIG00000015895	spdya
ENSP00000549913	ENSG00000142669	SH3BGRL3	ENSPKIP00000005781	ENSPKIG00000022324	sh3bgrl3
ENSP00000586289	ENSG00000182134	TDRKH	ENSPKIP00000040800	ENSPKIG00000017597	tdrkh
ENSP00000553575	ENSG00000154305	MIA3	ENSPKIP00000015304	ENSPKIG00000002065	mia3
ENSP00000577930	ENSG00000011007	ELOA	ENSPKIP00000006840	ENSPKIG00000022960	eloa
ENSP00000234454	ENSG00000116096	SPR	ENSPKIP00000038307	ENSPKIG00000016133	sprb
ENSP00000233710	ENSG00000115361	ACADL	ENSPKIP00000038952	ENSPKIG00000016509	acadl
ENSP00000245787	ENSG00000125629	INSIG2	ENSPKIP00000013596	ENSPKIG00000000966	INSIG2
ENSP00000554785	ENSG00000005436	GCFC2	ENSPKIP00000039710	ENSPKIG00000016963	gcfc2
ENSP00000540943	ENSG00000198929	NOS1AP	ENSPKIP00000037040	ENSPKIG00000015372	nos1apa
ENSP00000544954	ENSG00000162971	TYW5	ENSPKIP00000031577	ENSPKIG00000012003	tyw5
ENSP00000358778	ENSG00000121931	LRIF1	ENSPKIP00000023273	ENSPKIG00000006964	
ENSP00000564973	ENSG00000126088	UROD	ENSPKIP00000029477	ENSPKIG00000010701	urod
ENSP00000699198	ENSG00000175707	KDF1	ENSPKIP00000034808	ENSPKIG00000013997	kdf1b
ENSP00000384006	ENSG00000138380	CARF	ENSPKIP00000017933	ENSPKIG00000003659	carf
ENSP00000254227	ENSG00000131910	NR0B2	ENSPKIP00000001989	ENSPKIG00000020062	nr0b2a
ENSP00000354488	ENSG00000159173	TNNI1	ENSPKIP00000014441	ENSPKIG00000001505	tnni1b
ENSP00000789721	ENSG00000144118	RALB	ENSPKIP00000020205	ENSPKIG00000005070	
ENSP00000799032	ENSG00000184731	FAM110C	ENSPKIP00000022338	ENSPKIG00000006382	fam110c
ENSP00000342876	ENSG00000030419	IKZF2	ENSPKIP00000041162	ENSPKIG00000017825	ikzf2
ENSP00000362942	ENSG00000204138	PHACTR4	ENSPKIP00000003190	ENSPKIG00000020770	phactr4b
ENSP00000305204	ENSG00000169607	CKAP2L	ENSPKIP00000002161	ENSPKIG00000020166	ckap2l
ENSP00000544549	ENSG00000172005	MAL	ENSPKIP00000005423	ENSPKIG00000022101	malb
ENSP00000529499	ENSG00000136718	IMP4	ENSPKIP00000018622	ENSPKIG00000004119	imp4
ENSP00000360021	ENSG00000172380	GNG12	ENSPKIP00000020413	ENSPKIG00000005204	gng12a
ENSP00000272732	ENSG00000144306	SCRN3	ENSPKIP00000007302	ENSPKIG00000023253	
ENSP00000386884	ENSG00000121966	CXCR4	ENSPKIP00000011937	ENSPKIG00000025601	CXCR4
ENSP00000378195	ENSG00000119737	GPR75	ENSPKIP00000038033	ENSPKIG00000015985	gpr75
ENSP00000545201	ENSG00000126107	HECTD3	ENSPKIP00000029394	ENSPKIG00000010636	hectd3
ENSP00000302548	ENSG00000170166	HOXD4	ENSPKIP00000006899	ENSPKIG00000022999	hoxd4a
ENSP00000701171	ENSG00000117222	RBBP5	ENSPKIP00000037233	ENSPKIG00000015479	rbbp5
ENSP00000392678	ENSG00000174574	AKIRIN1	ENSPKIP00000013076	ENSPKIG00000000640	akirin1
ENSP00000584146	ENSG00000183155	RABIF	ENSPKIP00000040459	ENSPKIG00000017415	rabif
ENSP00000319341	ENSG00000181817	LSM10	ENSPKIP00000018014	ENSPKIG00000003728	lsm10
ENSP00000362424	ENSG00000204104	TRAF3IP1	ENSPKIP00000028519	ENSPKIG00000010143	
ENSP00000366430	ENSG00000162441	LZIC	ENSPKIP00000034447	ENSPKIG00000013762	lzic
ENSP00000401834	ENSG00000119013	NDUFB3	ENSPKIP00000028942	ENSPKIG00000010383	ndufb3
ENSP00000679224	ENSG00000116815	CD58	ENSPKIP00000030857	ENSPKIG00000011571	
ENSP00000364261	ENSG00000169914	OTUD3	ENSPKIP00000027590	ENSPKIG00000009590	otud3
ENSP00000235090	ENSG00000116455	WDR77	ENSPKIP00000018271	ENSPKIG00000003899	WDR77
ENSP00000552701	ENSG00000277893	SRD5A2	ENSPKIP00000009045	ENSPKIG00000024297	srd5a2a
ENSP00000492098	ENSG00000115525	ST3GAL5	ENSPKIP00000020726	ENSPKIG00000005401	st3gal5
ENSP00000500814	ENSG00000158887	MPZ	ENSPKIP00000038132	ENSPKIG00000016043	mpz
ENSP00000404131	ENSG00000163235	TGFA	ENSPKIP00000001323	ENSPKIG00000019657	tgfa
ENSP00000351273	ENSG00000064012	CASP8	ENSPKIP00000040055	ENSPKIG00000017175	CASP8
ENSP00000580688	ENSG00000162706	CADM3	ENSPKIP00000037862	ENSPKIG00000015887	cadm3
ENSP00000477563	ENSG00000153029	MR1	ENSPKIP00000000654	ENSPKIG00000019237	
ENSP00000322730	ENSG00000135916	ITM2C	ENSPKIP00000027138	ENSPKIG00000009323	itm2cb
ENSP00000544510	ENSG00000118263	KLF7	ENSPKIP00000036051	ENSPKIG00000014765	klf7b
ENSP00000238044	ENSG00000119147	ECRG4	ENSPKIP00000029081	ENSPKIG00000010463	ecrg4a
ENSP00000567178	ENSG00000118960	HS1BP3	ENSPKIP00000007360	ENSPKIG00000023287	hs1bp3
ENSP00000370171	ENSG00000115138	POMC	ENSPKIP00000018612	ENSPKIG00000004128	pomca
ENSP00000641524	ENSG00000115641	FHL2	ENSPKIP00000031279	ENSPKIG00000011824	fhl2a
ENSP00000355556	ENSG00000168243	GNG4	ENSPKIP00000026601	ENSPKIG00000009012	GNG4
ENSP00000476499	ENSG00000273274	ZBTB8B	ENSPKIP00000009185	ENSPKIG00000024392	zbtb8b
ENSP00000365679	ENSG00000011021	CLCN6	ENSPKIP00000035121	ENSPKIG00000014156	clcn6
ENSP00000502380	ENSG00000134259	NGF	ENSPKIP00000031397	ENSPKIG00000011902	ngfa
ENSP00000356701	ENSG00000135845	PIGC	ENSPKIP00000026461	ENSPKIG00000008938	pigc
ENSP00000565210	ENSG00000143363	PRUNE1	ENSPKIP00000012375	ENSPKIG00000000191	prune
ENSP00000770725	ENSG00000158062	UBXN11	ENSPKIP00000005723	ENSPKIG00000022285	ubxn11
ENSP00000264151	ENSG00000128694	OSGEPL1	ENSPKIP00000036397	ENSPKIG00000014986	osgepl1
ENSP00000460964	ENSG00000123472	ATPAF1	ENSPKIP00000016943	ENSPKIG00000003063	atpaf1
ENSP00000263857	ENSG00000068654	POLR1A	ENSPKIP00000020917	ENSPKIG00000005468	polr1a
ENSP00000540658	ENSG00000160741	CRTC2	ENSPKIP00000032228	ENSPKIG00000012400	CRTC2
ENSP00000387156	ENSG00000115661	STK16	ENSPKIP00000015256	ENSPKIG00000002035	stk16
ENSP00000381577	ENSG00000115464	USP34	ENSPKIP00000021459	ENSPKIG00000005774	usp34
ENSP00000526250	ENSG00000116670	MAD2L2	ENSPKIP00000034924	ENSPKIG00000014062	mad2l2
ENSP00000496757	ENSG00000171863	RPS7	ENSPKIP00000017025	ENSPKIG00000003098	rps7
ENSP00000305133	ENSG00000171150	SOCS5	ENSPKIP00000004888	ENSPKIG00000021801	socs5b
ENSP00000408683	ENSG00000138398	PPIG	ENSPKIP00000000877	ENSPKIG00000019384	ppig
ENSP00000406286	ENSG00000160685	ZBTB7B	ENSPKIP00000030332	ENSPKIG00000011228	zbtb7b
ENSP00000403888	ENSG00000162946	DISC1	ENSPKIP00000007745	ENSPKIG00000023521	
ENSP00000263991	ENSG00000115504	EHBP1	ENSPKIP00000018575	ENSPKIG00000004032	ehbp1
ENSP00000624499	ENSG00000144381	HSPD1	ENSPKIP00000013174	ENSPKIG00000000702	hspd1
ENSP00000513813	ENSG00000136631	VPS45	ENSPKIP00000031716	ENSPKIG00000012065	vps45
ENSP00000498687	ENSG00000286095	SPEGNB	ENSPKIP00000033854	ENSPKIG00000013404	SPEGNB
ENSP00000255030	ENSG00000132693	CRP	ENSPKIP00000024729	ENSPKIG00000007863	crp1
ENSP00000385158	ENSG00000170264	FAM161A	ENSPKIP00000021139	ENSPKIG00000005663	fam161a
ENSP00000322175	ENSG00000162433	AK4	ENSPKIP00000034827	ENSPKIG00000014010	AK3
ENSP00000575081	ENSG00000066248	NGEF	ENSPKIP00000027050	ENSPKIG00000009273	ngef
ENSP00000553919	ENSG00000115718	PROC	ENSPKIP00000031896	ENSPKIG00000012214	
ENSP00000555131	ENSG00000007923	DNAJC11	ENSPKIP00000026882	ENSPKIG00000009161	dnajc11a
ENSP00000343742	ENSG00000162819	BROX	ENSPKIP00000015651	ENSPKIG00000002272	brox
ENSP00000410992	ENSG00000115275	MOGS	ENSPKIP00000030642	ENSPKIG00000011420	mogs
ENSP00000355141	ENSG00000162430	SELENON	ENSPKIP00000013004	ENSPKIG00000000584	selenon
ENSP00000523645	ENSG00000176720	BOK	ENSPKIP00000016484	ENSPKIG00000002794	boka
ENSP00000360270	ENSG00000162600	OMA1	ENSPKIP00000021554	ENSPKIG00000005899	oma1
ENSP00000513494	ENSG00000214694	ARHGEF33	ENSPKIP00000006089	ENSPKIG00000022496	
ENSP00000722352	ENSG00000068912	ERLEC1	ENSPKIP00000037945	ENSPKIG00000015930	erlec1
ENSP00000264703	ENSG00000115226	FNDC4	ENSPKIP00000019534	ENSPKIG00000004661	fndc4a
ENSP00000573333	ENSG00000080293	SCTR	ENSPKIP00000037038	ENSPKIG00000015373	sctr
ENSP00000331867	ENSG00000173662	TAS1R1	ENSPKIP00000030285	ENSPKIG00000011191	tas1r1
ENSP00000522902	ENSG00000125703	ATG4C	ENSPKIP00000033987	ENSPKIG00000013466	atg4c
ENSP00000560750	ENSG00000035115	SH3YL1	ENSPKIP00000021415	ENSPKIG00000005826	sh3yl1
ENSP00000537324	ENSG00000084652	TXLNA	ENSPKIP00000009739	ENSPKIG00000024727	txlna
ENSP00000393596	ENSG00000115760	BIRC6	ENSPKIP00000027237	ENSPKIG00000009293	birc6
ENSP00000581836	ENSG00000078618	NRDC	ENSPKIP00000022164	ENSPKIG00000006230	NRDC
ENSP00000512655	ENSG00000163599	CTLA4	ENSPKIP00000016938	ENSPKIG00000003058	cd28
ENSP00000341159	ENSG00000188452	CERKL	ENSPKIP00000004322	ENSPKIG00000021481	cerkl
ENSP00000260956	ENSG00000138385	SSB	ENSPKIP00000000801	ENSPKIG00000019325	ssb
ENSP00000576527	ENSG00000075884	ARHGAP15	ENSPKIP00000031562	ENSPKIG00000012000	arhgap15
ENSP00000544416	ENSG00000019169	MARCO	ENSPKIP00000037267	ENSPKIG00000015522	MARCO
ENSP00000529713	ENSG00000121644	DESI2	ENSPKIP00000005342	ENSPKIG00000022033	desi2
ENSP00000560108	ENSG00000123684	LPGAT1	ENSPKIP00000004107	ENSPKIG00000021349	lpgat1
ENSP00000498608	ENSG00000138395	CDK15	ENSPKIP00000017628	ENSPKIG00000003440	cdk15
ENSP00000380494	ENSG00000116990	MYCL	ENSPKIP00000009446	ENSPKIG00000024559	myclb
ENSP00000638304	ENSG00000115966	ATF2	ENSPKIP00000007126	ENSPKIG00000023136	atf2
ENSP00000474667	ENSG00000134222	PSRC1	ENSPKIP00000019222	ENSPKIG00000004464	
ENSP00000264198	ENSG00000090432	MUL1	ENSPKIP00000035774	ENSPKIG00000014601	mul2
ENSP00000777510	ENSG00000143013	LMO4	ENSPKIP00000017580	ENSPKIG00000003425	lmo4b
ENSP00000611981	ENSG00000116750	UCHL5	ENSPKIP00000041893	ENSPKIG00000018255	uchl5
ENSP00000009105	ENSG00000008118	CAMK1G	ENSPKIP00000037005	ENSPKIG00000015360	camk1gb
ENSP00000244230	ENSG00000124383	MPHOSPH10	ENSPKIP00000039055	ENSPKIG00000016578	mphosph10
ENSP00000403039	ENSG00000127483	HP1BP3	ENSPKIP00000029632	ENSPKIG00000010808	hp1bp3
ENSP00000295148	ENSG00000163026	WDCP	ENSPKIP00000018483	ENSPKIG00000004029	wdcp
ENSP00000485216	ENSG00000175701	MTLN	ENSPKIP00000005329	ENSPKIG00000022046	MTLN
ENSP00000386893	ENSG00000240344	PPIL3	ENSPKIP00000000314	ENSPKIG00000019031	PPIL3
ENSP00000287482	ENSG00000156876	SASS6	ENSPKIP00000014396	ENSPKIG00000001454	sass6
ENSP00000744947	ENSG00000143368	SF3B4	ENSPKIP00000002984	ENSPKIG00000020669	sf3b4
ENSP00000323424	ENSG00000143319	ISG20L2	ENSPKIP00000029202	ENSPKIG00000010547	ISG20L2
ENSP00000627832	ENSG00000162998	FRZB	ENSPKIP00000005108	ENSPKIG00000021917	frzb
ENSP00000507939	ENSG00000138095	LRPPRC	ENSPKIP00000005746	ENSPKIG00000022232	lrpprc
ENSP00000362435	ENSG00000243749	TMEM35B	ENSPKIP00000010673	ENSPKIG00000025297	
ENSP00000507340	ENSG00000284308	C2orf81	ENSPKIP00000018411	ENSPKIG00000003992	
ENSP00000598885	ENSG00000144224	UBXN4	ENSPKIP00000030256	ENSPKIG00000011187	UBXN4
ENSP00000264059	ENSG00000115468	EFHD1	ENSPKIP00000033072	ENSPKIG00000012914	efhd2
ENSP00000497576	ENSG00000198715	GLMP	ENSPKIP00000036555	ENSPKIG00000015068	glmp
ENSP00000657725	ENSG00000198130	HIBCH	ENSPKIP00000027528	ENSPKIG00000009544	hibch
ENSP00000735747	ENSG00000119782	FKBP1B	ENSPKIP00000018509	ENSPKIG00000004050	fkbp1b
ENSP00000586272	ENSG00000160691	SHC1	ENSPKIP00000025036	ENSPKIG00000008043	shc1
ENSP00000631601	ENSG00000115233	PSMD14	ENSPKIP00000033211	ENSPKIG00000012919	psmd14
ENSP00000799266	ENSG00000132313	MRPL35	ENSPKIP00000011469	ENSPKIG00000018550	mrpl35
ENSP00000548808	ENSG00000158828	PINK1	ENSPKIP00000025676	ENSPKIG00000008461	pink1
ENSP00000351671	ENSG00000115009	CCL20	ENSPKIP00000037504	ENSPKIG00000015662	
ENSP00000321330	ENSG00000151692	RNF144A	ENSPKIP00000016719	ENSPKIG00000002921	rnf144ab
ENSP00000597824	ENSG00000143294	PRCC	ENSPKIP00000003974	ENSPKIG00000021265	prcc
ENSP00000356652	ENSG00000116161	CACYBP	ENSPKIP00000008447	ENSPKIG00000023931	cacybp
ENSP00000289753	ENSG00000158748	HTR6	ENSPKIP00000027466	ENSPKIG00000009517	
ENSP00000428746	ENSG00000176092	CRYBG2	ENSPKIP00000005684	ENSPKIG00000022263	
ENSP00000600413	ENSG00000122481	RWDD3	ENSPKIP00000036395	ENSPKIG00000014985	RWDD3
ENSP00000386911	ENSG00000163219	ARHGAP25	ENSPKIP00000015200	ENSPKIG00000001995	arhgap25
ENSP00000568638	ENSG00000115816	CEBPZ	ENSPKIP00000007208	ENSPKIG00000023192	cebpz
ENSP00000386766	ENSG00000196950	SLC39A10	ENSPKIP00000031886	ENSPKIG00000012206	
ENSP00000356737	ENSG00000120370	GORAB	ENSPKIP00000039882	ENSPKIG00000017073	gorab
ENSP00000556181	ENSG00000239305	RNF103	ENSPKIP00000021524	ENSPKIG00000005883	rnf103
ENSP00000272217	ENSG00000143862	ARL8A	ENSPKIP00000020627	ENSPKIG00000005327	arl8a
ENSP00000407034	ENSG00000117450	PRDX1	ENSPKIP00000020218	ENSPKIG00000005079	prdx1
ENSP00000238823	ENSG00000119812	FAM98A	ENSPKIP00000026656	ENSPKIG00000009038	fam98a
ENSP00000603650	ENSG00000143771	CNIH4	ENSPKIP00000012076	ENSPKIG00000025684	cnih4
ENSP00000576144	ENSG00000084733	RAB10	ENSPKIP00000035196	ENSPKIG00000014241	RAB10
ENSP00000625206	ENSG00000143486	EIF2D	ENSPKIP00000031730	ENSPKIG00000012100	eif2d
ENSP00000387159	ENSG00000163273	NPPC	ENSPKIP00000016123	ENSPKIG00000002587	nppc
ENSP00000490802	ENSG00000235118	FAM237A	ENSPKIP00000039969	ENSPKIG00000017119	FAM237A
ENSP00000649759	ENSG00000162980	ARL5A	ENSPKIP00000003039	ENSPKIG00000020706	arl5a
ENSP00000343890	ENSG00000224051	CPTP	ENSPKIP00000025194	ENSPKIG00000008154	cptp
ENSP00000501117	ENSG00000078018	MAP2	ENSPKIP00000039378	ENSPKIG00000016754	MAP2
ENSP00000294360	ENSG00000162384	CZIB	ENSPKIP00000020013	ENSPKIG00000004933	czib
ENSP00000616306	ENSG00000135776	ABCB10	ENSPKIP00000021289	ENSPKIG00000005742	abcb10
ENSP00000508649	ENSG00000169507	SLC38A11	ENSPKIP00000013309	ENSPKIG00000000788	slc38a11
ENSP00000677337	ENSG00000198860	TSEN15	ENSPKIP00000023842	ENSPKIG00000007319	tsen15
ENSP00000598606	ENSG00000116874	WARS2	ENSPKIP00000009974	ENSPKIG00000024865	wars2
ENSP00000363617	ENSG00000173166	RAPH1	ENSPKIP00000025307	ENSPKIG00000008230	raph1a
ENSP00000639455	ENSG00000157181	ODR4	ENSPKIP00000039239	ENSPKIG00000016551	odr4
ENSP00000592661	ENSG00000169679	BUB1	ENSPKIP00000026704	ENSPKIG00000009072	bub1
ENSP00000258436	ENSG00000135953	SLC67A2	ENSPKIP00000029347	ENSPKIG00000010634	slc67a2
ENSP00000286186	ENSG00000003400	CASP10	ENSPKIP00000028645	ENSPKIG00000010185	casp10
ENSP00000520902	ENSG00000128699	ORMDL1	ENSPKIP00000036367	ENSPKIG00000014960	ormdl1
ENSP00000552873	ENSG00000119203	CPSF3	ENSPKIP00000007976	ENSPKIG00000023646	cpsf3
ENSP00000251296	ENSG00000117154	IGSF21	ENSPKIP00000030688	ENSPKIG00000011451	igsf21a
ENSP00000618612	ENSG00000203666	DRC8	ENSPKIP00000023222	ENSPKIG00000006927	DRC8
ENSP00000613557	ENSG00000153832	FBXO36	ENSPKIP00000036571	ENSPKIG00000015080	
ENSP00000593019	ENSG00000163029	SMC6	ENSPKIP00000022739	ENSPKIG00000006625	si:dkey-119f1.1
ENSP00000358421	ENSG00000203857	HSD3B1	ENSPKIP00000014924	ENSPKIG00000001764	hsd3b2
ENSP00000502548	ENSG00000116198	CEP104	ENSPKIP00000031813	ENSPKIG00000012150	cep104
ENSP00000587663	ENSG00000196290	NIF3L1	ENSPKIP00000015571	ENSPKIG00000002240	nif3l1
ENSP00000593364	ENSG00000116288	PARK7	ENSPKIP00000034630	ENSPKIG00000013874	park7
ENSP00000579749	ENSG00000121964	QTMAN	ENSPKIP00000031486	ENSPKIG00000011945	gtdc1
ENSP00000349805	ENSG00000197852	INKA2	ENSPKIP00000002197	ENSPKIG00000020185	inka2
ENSP00000357304	ENSG00000132680	KHDC4	ENSPKIP00000030403	ENSPKIG00000011269	khdc4
ENSP00000656382	ENSG00000162910	MRPL55	ENSPKIP00000022947	ENSPKIG00000006753	zgc:171480
ENSP00000318977	ENSG00000178295	GEN1	ENSPKIP00000022856	ENSPKIG00000006705	
ENSP00000589500	ENSG00000055044	NOP58	ENSPKIP00000017819	ENSPKIG00000003585	nop58
ENSP00000558110	ENSG00000197273	GUCA2A	ENSPKIP00000030167	ENSPKIG00000011120	
ENSP00000258281	ENSG00000135801	TAF5L	ENSPKIP00000026938	ENSPKIG00000009210	taf5l
ENSP00000006526	ENSG00000005448	WDR54	ENSPKIP00000018371	ENSPKIG00000003958	wdr54
ENSP00000573131	ENSG00000143167	GPA33	ENSPKIP00000028251	ENSPKIG00000009968	
ENSP00000355902	ENSG00000092978	GPATCH2	ENSPKIP00000018834	ENSPKIG00000004245	gpatch2
ENSP00000356529	ENSG00000143333	RGS16	ENSPKIP00000041991	ENSPKIG00000018406	rgs5b
ENSP00000601183	ENSG00000116830	TTF2	ENSPKIP00000031066	ENSPKIG00000011691	
ENSP00000498042	ENSG00000118655	DCLRE1B	ENSPKIP00000025378	ENSPKIG00000008279	dclre1b
ENSP00000509836	ENSG00000060642	PIGV	ENSPKIP00000002377	ENSPKIG00000020294	pigv
ENSP00000484182	ENSG00000143570	SLC39A1	ENSPKIP00000032178	ENSPKIG00000012366	SLC39A1
ENSP00000601480	ENSG00000174842	GLMN	ENSPKIP00000018674	ENSPKIG00000004156	glmnb
ENSP00000288710	ENSG00000157856	DRC1	ENSPKIP00000031753	ENSPKIG00000012114	drc1
ENSP00000579857	ENSG00000115020	PIKFYVE	ENSPKIP00000013681	ENSPKIG00000000993	pikfyve
ENSP00000383840	ENSG00000132763	MMACHC	ENSPKIP00000028193	ENSPKIG00000009932	mmachc
ENSP00000295228	ENSG00000163083	INHBB	ENSPKIP00000001319	ENSPKIG00000019656	inhbb
ENSP00000356853	ENSG00000143179	UCK2	ENSPKIP00000030385	ENSPKIG00000011255	UCK2
ENSP00000318264	ENSG00000115459	ELMOD3	ENSPKIP00000014564	ENSPKIG00000001597	elmod3
ENSP00000613017	ENSG00000121481	RNF2	ENSPKIP00000021551	ENSPKIG00000005901	rnf2
ENSP00000590411	ENSG00000162735	PEX19	ENSPKIP00000024678	ENSPKIG00000007840	pex19
ENSP00000474487	ENSG00000271601	LIX1L	ENSPKIP00000002785	ENSPKIG00000020538	LIX1L
ENSP00000573058	ENSG00000204859	ZBTB48	ENSPKIP00000024118	ENSPKIG00000007498	zbtb48
ENSP00000574030	ENSG00000115652	UXS1	ENSPKIP00000029005	ENSPKIG00000010421	uxs1
ENSP00000460924	ENSG00000242485	MRPL20	ENSPKIP00000015582	ENSPKIG00000002248	mrpl20
ENSP00000590102	ENSG00000162928	PEX13	ENSPKIP00000017539	ENSPKIG00000003409	pex13
ENSP00000572665	ENSG00000168397	ATG4B	ENSPKIP00000016602	ENSPKIG00000002856	atg4b
ENSP00000355536	ENSG00000116984	MTR	ENSPKIP00000015457	ENSPKIG00000002127	mtr
ENSP00000355870	ENSG00000136630	HLX	ENSPKIP00000003499	ENSPKIG00000020979	hlx1
ENSP00000356404	ENSG00000162630	B3GALT2	ENSPKIP00000041795	ENSPKIG00000018205	b3galt2
ENSP00000785511	ENSG00000171103	TRMT61B	ENSPKIP00000006847	ENSPKIG00000022965	trmt61b
ENSP00000375946	ENSG00000163499	CRYBA2	ENSPKIP00000030732	ENSPKIG00000011485	CRYBA2
ENSP00000355167	ENSG00000143452	HORMAD1	ENSPKIP00000029654	ENSPKIG00000010817	hormad1
ENSP00000497569	ENSG00000117593	DARS2	ENSPKIP00000022719	ENSPKIG00000006591	dars2
ENSP00000621691	ENSG00000180902	D2HGDH	ENSPKIP00000036560	ENSPKIG00000015069	d2hgdh
ENSP00000519481	ENSG00000156966	B3GNT7	ENSPKIP00000016234	ENSPKIG00000002643	b3gnt7
ENSP00000295049	ENSG00000162944	RFTN2	ENSPKIP00000033267	ENSPKIG00000013039	rftn2
ENSP00000688704	ENSG00000135930	EIF4E2	ENSPKIP00000035455	ENSPKIG00000014411	eif4e2
ENSP00000244221	ENSG00000124374	PAIP2B	ENSPKIP00000006207	ENSPKIG00000022573	paip2b
ENSP00000572852	ENSG00000075426	FOSL2	ENSPKIP00000006235	ENSPKIG00000022592	fosl2
ENSP00000403683	ENSG00000173559	NABP1	ENSPKIP00000031744	ENSPKIG00000012112	nabp1a
ENSP00000508876	ENSG00000197780	TAF13	ENSPKIP00000037238	ENSPKIG00000015501	taf13
ENSP00000495619	ENSG00000163161	ERCC3	ENSPKIP00000014245	ENSPKIG00000001319	ercc3
ENSP00000581959	ENSG00000189339	SLC35E2B	ENSPKIP00000032490	ENSPKIG00000012570	si:ch73-236j9.2
ENSP00000359157	ENSG00000122477	LRRC39	ENSPKIP00000014508	ENSPKIG00000001544	lrrc39
ENSP00000794658	ENSG00000127837	AAMP	ENSPKIP00000000127	ENSPKIG00000018913	aamp
ENSP00000741560	ENSG00000116809	ZBTB17	ENSPKIP00000029602	ENSPKIG00000010773	
ENSP00000604718	ENSG00000018699	TTC27	ENSPKIP00000026949	ENSPKIG00000009196	ttc27
ENSP00000559827	ENSG00000151689	INPP1	ENSPKIP00000036987	ENSPKIG00000015353	INPP1
ENSP00000538515	ENSG00000160783	PMF1	ENSPKIP00000013956	ENSPKIG00000001164	si:dkey-6i22.5
ENSP00000501211	ENSG00000144406	UNC80	ENSPKIP00000039309	ENSPKIG00000016630	unc80
ENSP00000604308	ENSG00000168288	MMADHC	ENSPKIP00000018357	ENSPKIG00000003948	mmadhcb
ENSP00000356988	ENSG00000158793	NIT1	ENSPKIP00000039005	ENSPKIG00000016558	nit1
ENSP00000547572	ENSG00000162391	FAM151A	ENSPKIP00000028247	ENSPKIG00000009966	fam151a
ENSP00000432172	ENSG00000159588	CCDC17	ENSPKIP00000006424	ENSPKIG00000022711	
ENSP00000667683	ENSG00000137944	KYAT3	ENSPKIP00000032989	ENSPKIG00000012863	kyat3.1
ENSP00000709777	ENSG00000122085	MTERF4	ENSPKIP00000036092	ENSPKIG00000014785	mterf4
ENSP00000642005	ENSG00000136732	GYPC	ENSPKIP00000025817	ENSPKIG00000008545	gypc
ENSP00000623461	ENSG00000115561	CHMP3	ENSPKIP00000011437	ENSPKIG00000018528	chmp3
ENSP00000395249	ENSG00000144567	RETREG2	ENSPKIP00000016690	ENSPKIG00000002909	
ENSP00000568577	ENSG00000144485	HES6	ENSPKIP00000022236	ENSPKIG00000006326	hes6
ENSP00000572227	ENSG00000132196	HSD17B7	ENSPKIP00000000046	ENSPKIG00000018855	hsd17b7
ENSP00000346340	ENSG00000198612	COPS8	ENSPKIP00000031001	ENSPKIG00000011676	cops8
ENSP00000648449	ENSG00000183386	FHL3	ENSPKIP00000013331	ENSPKIG00000000805	fhl3b
ENSP00000304147	ENSG00000172428	COPS9	ENSPKIP00000034634	ENSPKIG00000013891	cops9
ENSP00000639184	ENSG00000121775	TMEM39B	ENSPKIP00000030931	ENSPKIG00000011617	tmem39b
ENSP00000364986	ENSG00000116771	AGMAT	ENSPKIP00000025754	ENSPKIG00000008505	agmat
ENSP00000541420	ENSG00000023909	GCLM	ENSPKIP00000023001	ENSPKIG00000006800	gclm
ENSP00000533943	ENSG00000125459	MSTO1	ENSPKIP00000033049	ENSPKIG00000012900	msto1
ENSP00000389087	ENSG00000124357	NAGK	ENSPKIP00000006152	ENSPKIG00000022542	nagk
ENSP00000272797	ENSG00000213160	KLHL23	ENSPKIP00000023225	ENSPKIG00000006936	klhl23
ENSP00000380254	ENSG00000218739	CEBPZOS	ENSPKIP00000007234	ENSPKIG00000023212	CEBPZOS
ENSP00000799638	ENSG00000126698	DNAJC8	ENSPKIP00000023830	ENSPKIG00000007311	dnajc8
ENSP00000359034	ENSG00000143107	FNDC7	ENSPKIP00000019623	ENSPKIG00000004693	FNDC7
ENSP00000629750	ENSG00000182827	ACBD3	ENSPKIP00000022100	ENSPKIG00000006236	acbd3
ENSP00000561323	ENSG00000189409	MMP23B	ENSPKIP00000032562	ENSPKIG00000012616	MMP23B
ENSP00000596612	ENSG00000239779	WBP1	ENSPKIP00000030918	ENSPKIG00000011613	
ENSP00000296096	ENSG00000163792	TCF23	ENSPKIP00000036514	ENSPKIG00000015058	tcf23
ENSP00000567351	ENSG00000168758	SEMA4C	ENSPKIP00000029961	ENSPKIG00000011012	sema4c
ENSP00000500930	ENSG00000117598	PLPPR5	ENSPKIP00000024878	ENSPKIG00000007935	plppr5b
ENSP00000536292	ENSG00000131778	CHD1L	ENSPKIP00000005560	ENSPKIG00000022166	chd1l
ENSP00000522143	ENSG00000115919	KYNU	ENSPKIP00000031630	ENSPKIG00000012039	KYNU
ENSP00000355273	ENSG00000144057	ST6GAL2	ENSPKIP00000031150	ENSPKIG00000011732	ST6GAL2
ENSP00000263655	ENSG00000119865	CNRIP1	ENSPKIP00000020095	ENSPKIG00000005004	cnrip1a
ENSP00000323837	ENSG00000163798	SLC4A1AP	ENSPKIP00000006473	ENSPKIG00000022736	slc4a1ap
ENSP00000315702	ENSG00000115540	MOB4	ENSPKIP00000013087	ENSPKIG00000000644	mob4
ENSP00000408527	ENSG00000239605	STPG4	ENSPKIP00000004622	ENSPKIG00000021652	si:ch211-93n23.7
ENSP00000557883	ENSG00000213699	SLC35F6	ENSPKIP00000003537	ENSPKIG00000020998	slc35f6
ENSP00000258083	ENSG00000135617	PRADC1	ENSPKIP00000000777	ENSPKIG00000019327	PRADC1
ENSP00000238738	ENSG00000119729	RHOQ	ENSPKIP00000005013	ENSPKIG00000021865	rhoq
ENSP00000444136	ENSG00000125630	POLR1B	ENSPKIP00000024217	ENSPKIG00000007536	polr1b
ENSP00000258399	ENSG00000135913	USP37	ENSPKIP00000027856	ENSPKIG00000009730	usp37
ENSP00000425166	ENSG00000142686	C1orf216	ENSPKIP00000006365	ENSPKIG00000022675	
ENSP00000361845	ENSG00000084073	ZMPSTE24	ENSPKIP00000013141	ENSPKIG00000000685	zmpste24
ENSP00000562811	ENSG00000138074	SLC5A6	ENSPKIP00000036559	ENSPKIG00000015083	slc5a6a
ENSP00000384304	ENSG00000197223	C1D	ENSPKIP00000019895	ENSPKIG00000004877	c1d
ENSP00000560734	ENSG00000003402	CFLAR	ENSPKIP00000028995	ENSPKIG00000010416	cflara
ENSP00000595836	ENSG00000163006	CCDC138	ENSPKIP00000003582	ENSPKIG00000020946	
ENSP00000234198	ENSG00000115844	DLX2	ENSPKIP00000021326	ENSPKIG00000005783	dlx2b
ENSP00000625733	ENSG00000134375	TIMM17A	ENSPKIP00000040114	ENSPKIG00000017204	timm17a
ENSP00000539926	ENSG00000144535	DIS3L2	ENSPKIP00000021890	ENSPKIG00000006103	dis3l2
ENSP00000260649	ENSG00000138079	SLC3A1	ENSPKIP00000005516	ENSPKIG00000022161	slc3a1
ENSP00000604534	ENSG00000243725	TTC4	ENSPKIP00000014128	ENSPKIG00000001315	ttc4
ENSP00000551902	ENSG00000120333	MRPS14	ENSPKIP00000008467	ENSPKIG00000023947	mrps14
ENSP00000707416	ENSG00000143162	CREG1	ENSPKIP00000028008	ENSPKIG00000009816	creg1
ENSP00000506139	ENSG00000118217	ATF6	ENSPKIP00000038444	ENSPKIG00000016163	
ENSP00000602182	ENSG00000173726	TOMM20	ENSPKIP00000027131	ENSPKIG00000009309	tomm20b
ENSP00000572423	ENSG00000178821	TMEM52	ENSPKIP00000032290	ENSPKIG00000012440	
ENSP00000355966	ENSG00000117650	NEK2	ENSPKIP00000004148	ENSPKIG00000021375	nek2
ENSP00000344468	ENSG00000162512	SDC3	ENSPKIP00000029160	ENSPKIG00000010522	SDC3
ENSP00000756769	ENSG00000117362	APH1A	ENSPKIP00000012658	ENSPKIG00000000382	aph1b
ENSP00000498104	ENSG00000142867	BCL10	ENSPKIP00000016380	ENSPKIG00000002727	
ENSP00000364814	ENSG00000185519	FAM131C	ENSPKIP00000029356	ENSPKIG00000010639	fam131c
ENSP00000626702	ENSG00000162607	USP1	ENSPKIP00000032661	ENSPKIG00000012668	usp1
ENSP00000552856	ENSG00000115128	SF3B6	ENSPKIP00000032072	ENSPKIG00000012311	sf3b6
ENSP00000599388	ENSG00000119041	GTF3C3	ENSPKIP00000018141	ENSPKIG00000003724	gtf3c3
ENSP00000585946	ENSG00000162458	FBLIM1	ENSPKIP00000016131	ENSPKIG00000002546	fblim1
ENSP00000569058	ENSG00000187957	DNER	ENSPKIP00000031889	ENSPKIG00000012205	dner
ENSP00000295702	ENSG00000163479	SSR2	ENSPKIP00000033092	ENSPKIG00000012929	ssr2
ENSP00000002125	ENSG00000003509	NDUFAF7	ENSPKIP00000007250	ENSPKIG00000023222	ndufaf7
ENSP00000337804	ENSG00000155761	SPAG17	ENSPKIP00000010001	ENSPKIG00000024882	
ENSP00000574860	ENSG00000158825	CDA	ENSPKIP00000025635	ENSPKIG00000008437	CDA
ENSP00000764929	ENSG00000115271	GCA	ENSPKIP00000013679	ENSPKIG00000001015	gca
ENSP00000507013	ENSG00000142694	EVA1B	ENSPKIP00000020244	ENSPKIG00000005092	EVA1B
ENSP00000417185	ENSG00000179403	VWA1	ENSPKIP00000027561	ENSPKIG00000009575	vwa1
ENSP00000702463	ENSG00000127054	INTS11	ENSPKIP00000025126	ENSPKIG00000008091	ints11
ENSP00000617523	ENSG00000079246	XRCC5	ENSPKIP00000022487	ENSPKIG00000006477	xrcc5
ENSP00000387662	ENSG00000115263	GCG	ENSPKIP00000013963	ENSPKIG00000001190	gcga
ENSP00000260653	ENSG00000138083	SIX3	ENSPKIP00000005375	ENSPKIG00000022071	six3a
ENSP00000386380	ENSG00000115594	IL1R1	ENSPKIP00000015057	ENSPKIG00000001894	
ENSP00000327611	ENSG00000184261	KCNK12	ENSPKIP00000004438	ENSPKIG00000021547	KCNK12
ENSP00000295321	ENSG00000163166	IWS1	ENSPKIP00000003408	ENSPKIG00000020922	IWS1
ENSP00000715106	ENSG00000143793	C1orf35	ENSPKIP00000020805	ENSPKIG00000005451	zgc:63882
ENSP00000240423	ENSG00000121152	NCAPH	ENSPKIP00000002929	ENSPKIG00000020634	ncaph
ENSP00000719049	ENSG00000162623	TYW3	ENSPKIP00000027965	ENSPKIG00000009802	tyw3
ENSP00000752544	ENSG00000143748	NVL	ENSPKIP00000028254	ENSPKIG00000009967	nvl
ENSP00000596828	ENSG00000135968	GCC2	ENSPKIP00000003921	ENSPKIG00000021194	GCC2
ENSP00000391998	ENSG00000117407	ARTN	ENSPKIP00000025503	ENSPKIG00000008359	artna
ENSP00000592258	ENSG00000041988	THAP3	ENSPKIP00000026797	ENSPKIG00000009115	THAP3
ENSP00000545253	ENSG00000158435	CNOT11	ENSPKIP00000001415	ENSPKIG00000019709	cnot11
ENSP00000256644	ENSG00000134248	LAMTOR5	ENSPKIP00000034024	ENSPKIG00000013519	lamtor5
ENSP00000362058	ENSG00000168653	NDUFS5	ENSPKIP00000007160	ENSPKIG00000023159	ndufs5
ENSP00000782386	ENSG00000143418	CERS2	ENSPKIP00000040761	ENSPKIG00000017601	cers3a
ENSP00000264161	ENSG00000115866	DARS1	ENSPKIP00000029545	ENSPKIG00000010740	dars1
ENSP00000387056	ENSG00000138382	METTL5	ENSPKIP00000000837	ENSPKIG00000019358	mettl5
ENSP00000430698	ENSG00000179921	GPBAR1	ENSPKIP00000000183	ENSPKIG00000018945	gpbar1
ENSP00000552756	ENSG00000158869	FCER1G	ENSPKIP00000024406	ENSPKIG00000007671	
ENSP00000386389	ENSG00000168427	KLHL30	ENSPKIP00000003268	ENSPKIG00000020846	klhl30
ENSP00000508725	ENSG00000143153	ATP1B1	ENSPKIP00000020460	ENSPKIG00000005219	ATP1B1
ENSP00000558130	ENSG00000170035	UBE2E3	ENSPKIP00000004202	ENSPKIG00000021408	ube2e3
ENSP00000597971	ENSG00000136628	EPRS1	ENSPKIP00000006965	ENSPKIG00000023015	eprs1
ENSP00000621209	ENSG00000115648	MLPH	ENSPKIP00000031371	ENSPKIG00000011882	mlpha
ENSP00000505544	ENSG00000137992	DBT	ENSPKIP00000014586	ENSPKIG00000001602	dbt
ENSP00000600394	ENSG00000117122	MFAP2	ENSPKIP00000015653	ENSPKIG00000002297	MFAP2
ENSP00000544524	ENSG00000115649	CNPPD1	ENSPKIP00000025030	ENSPKIG00000008050	cnppd1
ENSP00000356999	ENSG00000158773	USF1	ENSPKIP00000002321	ENSPKIG00000020259	usf1l
ENSP00000692554	ENSG00000157911	PEX10	ENSPKIP00000035268	ENSPKIG00000014293	pex10
ENSP00000603828	ENSG00000156171	DRAM2	ENSPKIP00000020317	ENSPKIG00000005144	dram2b
ENSP00000263174	ENSG00000099260	PALMD	ENSPKIP00000036107	ENSPKIG00000014794	palmda
ENSP00000551167	ENSG00000187736	NHEJ1	ENSPKIP00000013748	ENSPKIG00000001066	nhej1
ENSP00000604374	ENSG00000198793	MTOR	ENSPKIP00000033208	ENSPKIG00000012939	mtor
ENSP00000547207	ENSG00000117480	FAAH	ENSPKIP00000038421	ENSPKIG00000016208	faah
ENSP00000513394	ENSG00000282881	TMEM275	ENSPKIP00000025993	ENSPKIG00000008646	tmem275a
ENSP00000356430	ENSG00000150681	RGS18	ENSPKIP00000011869	ENSPKIG00000018364	rgs18
ENSP00000614236	ENSG00000143643	TTC13	ENSPKIP00000037578	ENSPKIG00000015671	ttc13
ENSP00000234739	ENSG00000116128	BCL9	ENSPKIP00000030031	ENSPKIG00000011043	bcl9
ENSP00000359018	ENSG00000162641	AKNAD1	ENSPKIP00000040747	ENSPKIG00000017591	
ENSP00000508276	ENSG00000142609	CFAP74	ENSPKIP00000032216	ENSPKIG00000012388	CFAP74
ENSP00000549099	ENSG00000143375	CGN	ENSPKIP00000007872	ENSPKIG00000023587	cgna
ENSP00000348394	ENSG00000020129	NCDN	ENSPKIP00000006470	ENSPKIG00000022739	ncdn
ENSP00000258243	ENSG00000135763	URB2	ENSPKIP00000021334	ENSPKIG00000005787	urb2
ENSP00000351899	ENSG00000134258	VTCN1	ENSPKIP00000010144	ENSPKIG00000024975	vtcn1
ENSP00000551393	ENSG00000162642	C1orf52	ENSPKIP00000013874	ENSPKIG00000001140	zgc:65873
ENSP00000498282	ENSG00000162399	BSND	ENSPKIP00000014246	ENSPKIG00000001386	bsnd
ENSP00000540321	ENSG00000162408	NOL9	ENSPKIP00000024076	ENSPKIG00000007469	nol9
ENSP00000606865	ENSG00000177954	RPS27	ENSPKIP00000035607	ENSPKIG00000014499	
ENSP00000328729	ENSG00000183291	SELENOF	ENSPKIP00000017464	ENSPKIG00000003365	selenof
ENSP00000597858	ENSG00000143033	MTF2	ENSPKIP00000020030	ENSPKIG00000004962	mtf2
ENSP00000263440	ENSG00000088035	ALG6	ENSPKIP00000034202	ENSPKIG00000013621	alg6
ENSP00000601590	ENSG00000081721	DUSP12	ENSPKIP00000038505	ENSPKIG00000016247	dusp12
ENSP00000556319	ENSG00000116752	BCAS2	ENSPKIP00000027080	ENSPKIG00000009296	bcas2
ENSP00000730003	ENSG00000142676	RPL11	ENSPKIP00000006743	ENSPKIG00000022899	
ENSP00000714680	ENSG00000169218	RSPO1	ENSPKIP00000020887	ENSPKIG00000005509	rspo1
ENSP00000356906	ENSG00000198574	SH2D1B	ENSPKIP00000011714	ENSPKIG00000018697	
ENSP00000363371	ENSG00000142675	CNKSR1	ENSPKIP00000025709	ENSPKIG00000008477	cnksr1
ENSP00000308179	ENSG00000065183	WDR3	ENSPKIP00000010034	ENSPKIG00000024900	wdr3
ENSP00000357927	ENSG00000163141	BNIPL	ENSPKIP00000030249	ENSPKIG00000011184	bnipl
ENSP00000308583	ENSG00000175279	CENPS	ENSPKIP00000031810	ENSPKIG00000012136	cenps
ENSP00000441039	ENSG00000143147	GPR161	ENSPKIP00000016836	ENSPKIG00000002988	gpr161a
ENSP00000346827	ENSG00000143149	ALDH9A1	ENSPKIP00000030266	ENSPKIG00000011195	aldh9a1a.2
ENSP00000256649	ENSG00000134253	TRIM45	ENSPKIP00000010129	ENSPKIG00000024968	trim45
ENSP00000580070	ENSG00000004455	AK2	ENSPKIP00000007067	ENSPKIG00000023102	AK2
ENSP00000412292	ENSG00000024526	DEPDC1	ENSPKIP00000028099	ENSPKIG00000009884	depdc1a
ENSP00000358753	ENSG00000173947	CIMAP3	ENSPKIP00000036941	ENSPKIG00000015330	si:ch211-66i15.4
ENSP00000360623	ENSG00000085840	ORC1	ENSPKIP00000030797	ENSPKIG00000011491	orc1
ENSP00000477802	ENSG00000157330	CFAP107	ENSPKIP00000030618	ENSPKIG00000011404	si:ch211-226m7.4
ENSP00000349052	ENSG00000116885	OSCP1	ENSPKIP00000020104	ENSPKIG00000004997	OSCP1
ENSP00000420296	ENSG00000189334	S100A14	ENSPKIP00000013868	ENSPKIG00000001138	
ENSP00000624082	ENSG00000162618	ADGRL4	ENSPKIP00000005143	ENSPKIG00000021943	adgrl4
ENSP00000429775	ENSG00000179178	TMEM125	ENSPKIP00000019509	ENSPKIG00000004650	TMEM125
ENSP00000548307	ENSG00000143653	SCCPDH	ENSPKIP00000023557	ENSPKIG00000007129	sccpdhb
ENSP00000789714	ENSG00000198771	RCSD1	ENSPKIP00000036475	ENSPKIG00000015032	
ENSP00000670314	ENSG00000058799	YIPF1	ENSPKIP00000028994	ENSPKIG00000010413	yipf1
ENSP00000642028	ENSG00000143553	SNAPIN	ENSPKIP00000032736	ENSPKIG00000012708	snapin
ENSP00000514800	ENSG00000198821	CD247	ENSPKIP00000028021	ENSPKIG00000009835	
ENSP00000272190	ENSG00000143839	REN	ENSPKIP00000031518	ENSPKIG00000011976	ren
ENSP00000530063	ENSG00000116668	SWT1	ENSPKIP00000021665	ENSPKIG00000005979	SWT1
ENSP00000361915	ENSG00000116985	BMP8B	ENSPKIP00000007397	ENSPKIG00000023298	bmp8a
ENSP00000755693	ENSG00000160087	UBE2J2	ENSPKIP00000024765	ENSPKIG00000007880	ube2j2
ENSP00000367086	ENSG00000097021	ACOT7	ENSPKIP00000033858	ENSPKIG00000013344	acot7
ENSP00000596216	ENSG00000198700	IPO9	ENSPKIP00000040302	ENSPKIG00000017281	ipo9
ENSP00000518176	ENSG00000169174	PCSK9	ENSPKIP00000014287	ENSPKIG00000001404	pcsk9
ENSP00000360382	ENSG00000116205	TCEANC2	ENSPKIP00000028940	ENSPKIG00000010382	tceanc2
ENSP00000534953	ENSG00000188783	PRELP	ENSPKIP00000019267	ENSPKIG00000004496	prelp
ENSP00000362464	ENSG00000188910	GJB3	ENSPKIP00000030550	ENSPKIG00000011373	gjb3
ENSP00000752089	ENSG00000168275	COA6	ENSPKIP00000013652	ENSPKIG00000001008	coa6
ENSP00000671588	ENSG00000265241	RBM8A	ENSPKIP00000002820	ENSPKIG00000020558	RBM8A
ENSP00000358535	ENSG00000198765	SYCP1	ENSPKIP00000018553	ENSPKIG00000004078	
ENSP00000361600	ENSG00000177868	SVBP	ENSPKIP00000000699	ENSPKIG00000019263	svbp
ENSP00000352276	ENSG00000000460	FIRRM	ENSPKIP00000023922	ENSPKIG00000007367	firrm
ENSP00000762789	ENSG00000053372	MRTO4	ENSPKIP00000041315	ENSPKIG00000017917	mrto4
ENSP00000576125	ENSG00000134684	YARS1	ENSPKIP00000009508	ENSPKIG00000024596	yars1
ENSP00000356590	ENSG00000162779	AXDND1	ENSPKIP00000017057	ENSPKIG00000003124	axdnd1
ENSP00000359688	ENSG00000117133	RPF1	ENSPKIP00000015072	ENSPKIG00000001892	rpf1
ENSP00000638878	ENSG00000188976	NOC2L	ENSPKIP00000033864	ENSPKIG00000013389	noc2l
ENSP00000239461	ENSG00000116132	PRRX1	ENSPKIP00000021265	ENSPKIG00000005726	prrx1b
ENSP00000782013	ENSG00000117525	F3	ENSPKIP00000026000	ENSPKIG00000008650	F3
ENSP00000480635	ENSG00000175087	PDIK1L	ENSPKIP00000019276	ENSPKIG00000004508	pdik1l
ENSP00000357901	ENSG00000163156	SCNM1	ENSPKIP00000029757	ENSPKIG00000010881	scnm1
ENSP00000769206	ENSG00000160752	FDPS	ENSPKIP00000035798	ENSPKIG00000014612	fdps
ENSP00000505301	ENSG00000143502	SUSD4	ENSPKIP00000015986	ENSPKIG00000002487	susd4
ENSP00000359705	ENSG00000203943	SAMD13	ENSPKIP00000006228	ENSPKIG00000022571	SAMD13
ENSP00000361095	ENSG00000159596	TMEM69	ENSPKIP00000019026	ENSPKIG00000004362	tmem69
ENSP00000348527	ENSG00000120334	CENPL	ENSPKIP00000028055	ENSPKIG00000009857	cenpl
ENSP00000260505	ENSG00000137941	TTLL7	ENSPKIP00000005892	ENSPKIG00000022327	ttll7
ENSP00000356807	ENSG00000143155	TIPRL	ENSPKIP00000015591	ENSPKIG00000002244	tiprl
ENSP00000368007	ENSG00000205090	TMEM240	ENSPKIP00000015479	ENSPKIG00000002190	tmem240a
ENSP00000364798	ENSG00000184677	ZBTB40	ENSPKIP00000019047	ENSPKIG00000004371	zbtb40
ENSP00000397261	ENSG00000143416	SELENBP1	ENSPKIP00000030847	ENSPKIG00000011542	selenbp1
ENSP00000473980	ENSG00000116221	MRPL37	ENSPKIP00000028809	ENSPKIG00000010297	mrpl37
ENSP00000560233	ENSG00000197622	CDC42SE1	ENSPKIP00000012411	ENSPKIG00000000218	CDC42SE1
ENSP00000362222	ENSG00000196182	STK40	ENSPKIP00000020213	ENSPKIG00000005059	stk40
ENSP00000330221	ENSG00000171621	SPSB1	ENSPKIP00000033242	ENSPKIG00000013027	spsb1
ENSP00000356107	ENSG00000117280	RAB29	ENSPKIP00000037270	ENSPKIG00000015524	RAB29
ENSP00000580143	ENSG00000000457	SCYL3	ENSPKIP00000023867	ENSPKIG00000007332	scyl3
ENSP00000271277	ENSG00000143079	CTTNBP2NL	ENSPKIP00000002043	ENSPKIG00000020094	CTTNBP2NL
ENSP00000360195	ENSG00000132854	KANK4	ENSPKIP00000032549	ENSPKIG00000012600	kank4
ENSP00000410452	ENSG00000117632	STMN1	ENSPKIP00000003542	ENSPKIG00000021005	STMN1
ENSP00000395389	ENSG00000171517	LPAR3	ENSPKIP00000000412	ENSPKIG00000019093	lpar3
ENSP00000550838	ENSG00000036549	ZZZ3	ENSPKIP00000027451	ENSPKIG00000009499	zzz3
ENSP00000330460	ENSG00000118197	DDX59	ENSPKIP00000019025	ENSPKIG00000004361	ddx59
ENSP00000747451	ENSG00000159445	THEM4	ENSPKIP00000037729	ENSPKIG00000015792	them4
ENSP00000295050	ENSG00000010072	SPRTN	ENSPKIP00000037735	ENSPKIG00000015797	sprtn
ENSP00000539330	ENSG00000164008	C1orf50	ENSPKIP00000000519	ENSPKIG00000019156	zgc:112255
ENSP00000362609	ENSG00000160062	ZBTB8A	ENSPKIP00000010746	ENSPKIG00000025347	zbtb8a
ENSP00000420270	ENSG00000152332	UHMK1	ENSPKIP00000036935	ENSPKIG00000015328	uhmk1
ENSP00000602606	ENSG00000085999	RAD54L	ENSPKIP00000038368	ENSPKIG00000016172	rad54l
ENSP00000559783	ENSG00000117543	DPH5	ENSPKIP00000015190	ENSPKIG00000001985	dph5
ENSP00000544203	ENSG00000132773	TOE1	ENSPKIP00000029650	ENSPKIG00000010811	toe1
ENSP00000604461	ENSG00000077152	UBE2T	ENSPKIP00000031146	ENSPKIG00000011750	ube2t
ENSP00000362566	ENSG00000121905	HPCA	ENSPKIP00000009284	ENSPKIG00000024453	hpca
ENSP00000720901	ENSG00000117308	GALE	ENSPKIP00000010724	ENSPKIG00000025328	gale
ENSP00000314223	ENSG00000181656	GPR88	ENSPKIP00000014980	ENSPKIG00000001846	GPR88
ENSP00000613825	ENSG00000186283	TOR3A	ENSPKIP00000023904	ENSPKIG00000007356	tor3a
ENSP00000510597	ENSG00000122483	CCDC18	ENSPKIP00000020122	ENSPKIG00000005015	ccdc18
ENSP00000580918	ENSG00000152382	TADA1	ENSPKIP00000021460	ENSPKIG00000005850	TADA1
ENSP00000505063	ENSG00000135744	AGT	ENSPKIP00000021625	ENSPKIG00000005959	agt
ENSP00000354645	ENSG00000198746	GPATCH3	ENSPKIP00000002008	ENSPKIG00000020073	gpatch3
ENSP00000549522	ENSG00000134748	PRPF38A	ENSPKIP00000030658	ENSPKIG00000011439	prpf38a
ENSP00000505384	ENSG00000066279	ASPM	ENSPKIP00000037794	ENSPKIG00000015833	aspm
ENSP00000636305	ENSG00000197965	MPZL1	ENSPKIP00000034873	ENSPKIG00000014033	mpzl1l
ENSP00000355944	ENSG00000117697	NSL1	ENSPKIP00000014851	ENSPKIG00000001767	nsl1
ENSP00000294428	ENSG00000162437	RAVER2	ENSPKIP00000000840	ENSPKIG00000019357	raver2
ENSP00000503706	ENSG00000084623	EIF3I	ENSPKIP00000031132	ENSPKIG00000011742	EIF3I
ENSP00000766853	ENSG00000266472	MRPS21	ENSPKIP00000029041	ENSPKIG00000010445	mrps21
ENSP00000607569	ENSG00000064703	DDX20	ENSPKIP00000002155	ENSPKIG00000020161	ddx20
ENSP00000589245	ENSG00000158816	VWA5B1	ENSPKIP00000025443	ENSPKIG00000008315	VWA5B1
ENSP00000525951	ENSG00000168679	SLC16A4	ENSPKIP00000034074	ENSPKIG00000013548	slc16a4
ENSP00000368644	ENSG00000131591	C1orf159	ENSPKIP00000013708	ENSPKIG00000001047	si:ch211-157b11.12
ENSP00000645328	ENSG00000162885	B3GALNT2	ENSPKIP00000008401	ENSPKIG00000023912	b3galnt2
ENSP00000354891	ENSG00000143340	FAM163A	ENSPKIP00000017194	ENSPKIG00000003216	fam163aa
ENSP00000407560	ENSG00000160785	SLC25A44	ENSPKIP00000032755	ENSPKIG00000012726	slc25a44b
ENSP00000359699	ENSG00000137976	DNASE2B	ENSPKIP00000006283	ENSPKIG00000022628	dnase2b
ENSP00000368719	ENSG00000187583	PLEKHN1	ENSPKIP00000013100	ENSPKIG00000000648	plekhn1
ENSP00000548197	ENSG00000185946	RNPC3	ENSPKIP00000026276	ENSPKIG00000008828	rnpc3
ENSP00000610410	ENSG00000163344	PMVK	ENSPKIP00000037571	ENSPKIG00000015704	pmvk
ENSP00000359454	ENSG00000162669	HFM1	ENSPKIP00000018305	ENSPKIG00000003810	hfm1
ENSP00000407323	ENSG00000117395	EBNA1BP2	ENSPKIP00000031403	ENSPKIG00000011907	ebna1bp2
ENSP00000506754	ENSG00000173212	MAB21L3	ENSPKIP00000030474	ENSPKIG00000011309	mab21l3
ENSP00000357753	ENSG00000163207	IVL	ENSPKIP00000033490	ENSPKIG00000013183	
ENSP00000356311	ENSG00000163362	INAVA	ENSPKIP00000009280	ENSPKIG00000024451	
ENSP00000490161	ENSG00000189195	BTBD8	ENSPKIP00000018638	ENSPKIG00000004122	
ENSP00000389639	ENSG00000065978	YBX1	ENSPKIP00000032363	ENSPKIG00000012488	ybx1
ENSP00000360905	ENSG00000186094	AGBL4	ENSPKIP00000023133	ENSPKIG00000006874	bend5
ENSP00000359799	ENSG00000162616	DNAJB4	ENSPKIP00000026582	ENSPKIG00000009008	dnajb4
ENSP00000355672	ENSG00000181873	IBA57	ENSPKIP00000021076	ENSPKIG00000005623	iba57
ENSP00000430918	ENSG00000253313	C1orf210	ENSPKIP00000031218	ENSPKIG00000011775	
ENSP00000533750	ENSG00000117151	CTBS	ENSPKIP00000015003	ENSPKIG00000001857	ctbs
ENSP00000571571	ENSG00000116704	SLC35D1	ENSPKIP00000011815	ENSPKIG00000018736	slc35d1a
ENSP00000355586	ENSG00000135778	NTPCR	ENSPKIP00000007421	ENSPKIG00000023312	ntpcr
ENSP00000340811	ENSG00000189280	GJB5	ENSPKIP00000030537	ENSPKIG00000011362	gjb10
ENSP00000507211	ENSG00000162650	ATXN7L2	ENSPKIP00000019159	ENSPKIG00000004434	atxn7l2a
ENSP00000355900	ENSG00000162814	SPATA17	ENSPKIP00000040699	ENSPKIG00000017557	spata17
ENSP00000403476	ENSG00000214193	SH3D21	ENSPKIP00000020273	ENSPKIG00000005110	sh3d21
ENSP00000350266	ENSG00000162777	DENND2D	ENSPKIP00000037670	ENSPKIG00000015755	dennd2da
ENSP00000499662	ENSG00000186409	CCDC30	ENSPKIP00000032105	ENSPKIG00000012329	ccdc30
ENSP00000356814	ENSG00000143164	DCAF6	ENSPKIP00000016769	ENSPKIG00000002944	dcaf6
ENSP00000527621	ENSG00000081692	JMJD4	ENSPKIP00000021059	ENSPKIG00000005607	jmjd4
ENSP00000483276	ENSG00000186501	TMEM222	ENSPKIP00000034847	ENSPKIG00000014015	tmem222a
ENSP00000518236	ENSG00000160679	CHTOP	ENSPKIP00000032704	ENSPKIG00000012692	CHTOP
ENSP00000356984	ENSG00000158796	DEDD	ENSPKIP00000008981	ENSPKIG00000024245	dedd
ENSP00000599526	ENSG00000116251	RPL22	ENSPKIP00000019016	ENSPKIG00000004354	RPL22
ENSP00000408058	ENSG00000203740	NTMT2	ENSPKIP00000021286	ENSPKIG00000005754	ntmt2
ENSP00000356375	ENSG00000177888	ZBTB41	ENSPKIP00000041627	ENSPKIG00000018092	zbtb41
ENSP00000575370	ENSG00000011009	LYPLA2	ENSPKIP00000006921	ENSPKIG00000023009	lypla2
ENSP00000678043	ENSG00000116729	WLS	ENSPKIP00000020363	ENSPKIG00000005148	wls
ENSP00000322087	ENSG00000177551	NHLH2	ENSPKIP00000030397	ENSPKIG00000011268	nhlh2
ENSP00000765150	ENSG00000044012	GUCA2B	ENSPKIP00000030185	ENSPKIG00000011140	
ENSP00000312367	ENSG00000066294	CD84	ENSPKIP00000015551	ENSPKIG00000002233	
ENSP00000490182	ENSG00000143850	PLEKHA6	ENSPKIP00000025619	ENSPKIG00000008393	plekha6
ENSP00000794554	ENSG00000116171	SCP2	ENSPKIP00000019819	ENSPKIG00000004817	scp2a
ENSP00000526588	ENSG00000123091	RNF11	ENSPKIP00000023579	ENSPKIG00000007154	
ENSP00000577614	ENSG00000158850	B4GALT3	ENSPKIP00000008920	ENSPKIG00000024219	b4galt3
ENSP00000271843	ENSG00000143543	JTB	ENSPKIP00000009797	ENSPKIG00000024760	jtb
ENSP00000588186	ENSG00000090273	NUDC	ENSPKIP00000034753	ENSPKIG00000013960	nudc
ENSP00000518165	ENSG00000143321	HDGF	ENSPKIP00000003944	ENSPKIG00000021241	HDGF
ENSP00000551676	ENSG00000117009	KMO	ENSPKIP00000038383	ENSPKIG00000016167	KMO
ENSP00000333938	ENSG00000162614	NEXN	ENSPKIP00000026963	ENSPKIG00000009211	nexn
ENSP00000355629	ENSG00000135775	COG2	ENSPKIP00000021564	ENSPKIG00000005893	cog2
ENSP00000587958	ENSG00000143493	INTS7	ENSPKIP00000004051	ENSPKIG00000021288	ints7
ENSP00000786716	ENSG00000117472	TSPAN1	ENSPKIP00000026139	ENSPKIG00000008740	tspan34b
ENSP00000587203	ENSG00000117155	SSX2IP	ENSPKIP00000016600	ENSPKIG00000002857	ssx2ipa
ENSP00000781756	ENSG00000244038	DDOST	ENSPKIP00000016431	ENSPKIG00000002739	ddost
ENSP00000558064	ENSG00000052723	SIKE1	ENSPKIP00000027423	ENSPKIG00000009488	im:6912630
ENSP00000764835	ENSG00000173207	CKS1B	ENSPKIP00000015862	ENSPKIG00000002421	cks1b
ENSP00000607080	ENSG00000230124	ACBD6	ENSPKIP00000014096	ENSPKIG00000001297	acbd6
ENSP00000363520	ENSG00000001461	NIPAL3	ENSPKIP00000025525	ENSPKIG00000008368	nipal3
ENSP00000532848	ENSG00000060688	SNRNP40	ENSPKIP00000029490	ENSPKIG00000010709	snrnp40
ENSP00000361935	ENSG00000116983	HPCAL4	ENSPKIP00000009328	ENSPKIG00000024475	hpcal4
ENSP00000359172	ENSG00000117620	SLC35A3	ENSPKIP00000023434	ENSPKIG00000007060	slc35a3a
ENSP00000497590	ENSG00000189266	PNRC2	ENSPKIP00000013042	ENSPKIG00000000627	pnrc2
ENSP00000380901	ENSG00000171812	COL8A2	ENSPKIP00000008590	ENSPKIG00000024023	col8a2
ENSP00000499873	ENSG00000159658	EFCAB14	ENSPKIP00000017368	ENSPKIG00000003310	
ENSP00000356115	ENSG00000174514	SLC60A1	ENSPKIP00000012650	ENSPKIG00000000378	slc60a1a
ENSP00000611815	ENSG00000028137	TNFRSF1B	ENSPKIP00000033630	ENSPKIG00000013275	tnfrsf1b
ENSP00000545275	ENSG00000117560	FASLG	ENSPKIP00000027559	ENSPKIG00000009569	faslg
ENSP00000539141	ENSG00000116898	MRPS15	ENSPKIP00000019997	ENSPKIG00000004939	mrps15
ENSP00000356982	ENSG00000143222	UFC1	ENSPKIP00000027216	ENSPKIG00000009366	ufc1
ENSP00000385458	ENSG00000187554	TLR5	ENSPKIP00000015937	ENSPKIG00000002471	TLR5
ENSP00000762577	ENSG00000169241	SLC50A1	ENSPKIP00000034838	ENSPKIG00000014019	slc50a1
ENSP00000366702	ENSG00000116285	ERRFI1	ENSPKIP00000034497	ENSPKIG00000013800	errfi1a
ENSP00000621331	ENSG00000158286	RNF207	ENSPKIP00000030026	ENSPKIG00000010985	rnf207b
ENSP00000565784	ENSG00000178922	HYI	ENSPKIP00000038106	ENSPKIG00000016026	hyi
ENSP00000359787	ENSG00000137959	IFI44L	ENSPKIP00000011503	ENSPKIG00000018512	
ENSP00000357055	ENSG00000162734	PEA15	ENSPKIP00000008451	ENSPKIG00000023932	pea15
ENSP00000341682	ENSG00000174502	SLC26A9	ENSPKIP00000030295	ENSPKIG00000011210	SLC26A9
ENSP00000713245	ENSG00000163875	MEAF6	ENSPKIP00000020944	ENSPKIG00000005531	meaf6
ENSP00000366015	ENSG00000171819	ANGPTL7	ENSPKIP00000033250	ENSPKIG00000013029	angptl7
ENSP00000615000	ENSG00000116237	ICMT	ENSPKIP00000030107	ENSPKIG00000011083	icmt
ENSP00000344816	ENSG00000160058	BSDC1	ENSPKIP00000024780	ENSPKIG00000007898	bsdc1
ENSP00000702676	ENSG00000001460	STPG1	ENSPKIP00000017765	ENSPKIG00000003521	stpg1
ENSP00000386226	ENSG00000188739	RBM34	ENSPKIP00000027060	ENSPKIG00000009284	rbm34
ENSP00000752916	ENSG00000196505	GDAP2	ENSPKIP00000010072	ENSPKIG00000024924	gdap2
ENSP00000366886	ENSG00000162413	KLHL21	ENSPKIP00000024186	ENSPKIG00000007526	klhl21
ENSP00000549123	ENSG00000117174	ZNHIT6	ENSPKIP00000016267	ENSPKIG00000002657	
ENSP00000363827	ENSG00000142798	HSPG2	ENSPKIP00000029020	ENSPKIG00000009289	hspg2
ENSP00000536766	ENSG00000179902	CFAP276	ENSPKIP00000025053	ENSPKIG00000008059	si:ch211-163l21.7
ENSP00000594456	ENSG00000171960	PPIH	ENSPKIP00000033133	ENSPKIG00000012944	ppih
ENSP00000785688	ENSG00000157064	NMNAT2	ENSPKIP00000023546	ENSPKIG00000007121	nmnat2
ENSP00000440896	ENSG00000180287	PLD5	ENSPKIP00000004871	ENSPKIG00000021787	PLD5
ENSP00000356860	ENSG00000143198	MGST3	ENSPKIP00000021068	ENSPKIG00000005612	mgst3a
ENSP00000508915	ENSG00000116698	SMG7	ENSPKIP00000023776	ENSPKIG00000007242	smg7
ENSP00000586852	ENSG00000162813	BPNT1	ENSPKIP00000017919	ENSPKIG00000003629	bpnt1
ENSP00000636347	ENSG00000133055	MYBPH	ENSPKIP00000014659	ENSPKIG00000001655	
ENSP00000295314	ENSG00000163157	TMOD4	ENSPKIP00000013132	ENSPKIG00000000688	tmod4
ENSP00000782518	ENSG00000116353	MECR	ENSPKIP00000019217	ENSPKIG00000004463	mecr
ENSP00000356696	ENSG00000094975	SUCO	ENSPKIP00000014649	ENSPKIG00000001642	
ENSP00000295542	ENSG00000163357	DCST1	ENSPKIP00000034603	ENSPKIG00000013838	dcst1
ENSP00000431949	ENSG00000090686	USP48	ENSPKIP00000013533	ENSPKIG00000000899	usp48
ENSP00000559864	ENSG00000143842	SOX13	ENSPKIP00000022358	ENSPKIG00000006391	sox13
ENSP00000598856	ENSG00000118193	KIF14	ENSPKIP00000018989	ENSPKIG00000004304	kif14
ENSP00000616354	ENSG00000116701	NCF2	ENSPKIP00000027553	ENSPKIG00000009553	ncf2
ENSP00000598641	ENSG00000133226	SRRM1	ENSPKIP00000025372	ENSPKIG00000008252	srrm1
ENSP00000354920	ENSG00000010165	METTL13	ENSPKIP00000026700	ENSPKIG00000009076	mettl13
ENSP00000357360	ENSG00000173171	MTX1	ENSPKIP00000033929	ENSPKIG00000013449	mtx1a
ENSP00000563990	ENSG00000143252	SDHC	ENSPKIP00000037980	ENSPKIG00000015959	sdhc
ENSP00000356989	ENSG00000143256	PFDN2	ENSPKIP00000039044	ENSPKIG00000016574	pfdn2
ENSP00000287474	ENSG00000156869	FRRS1	ENSPKIP00000024578	ENSPKIG00000007771	frrs1b
ENSP00000586312	ENSG00000084628	NKAIN1	ENSPKIP00000029440	ENSPKIG00000010673	nkain1
ENSP00000524398	ENSG00000143401	ANP32E	ENSPKIP00000031867	ENSPKIG00000012177	anp32e
ENSP00000271331	ENSG00000143125	PROK1	ENSPKIP00000033994	ENSPKIG00000013503	prok1
ENSP00000666586	ENSG00000135823	STX6	ENSPKIP00000015710	ENSPKIG00000002328	stx6
ENSP00000463851	ENSG00000265107	GJA5	ENSPKIP00000029932	ENSPKIG00000010992	GJA5
ENSP00000419901	ENSG00000240563	L1TD1	ENSPKIP00000014370	ENSPKIG00000001458	
ENSP00000492435	ENSG00000187730	GABRD	ENSPKIP00000032149	ENSPKIG00000012348	gabrd
ENSP00000581729	ENSG00000143621	ILF2	ENSPKIP00000035299	ENSPKIG00000014302	ilf2
ENSP00000322273	ENSG00000116774	OLFML3	ENSPKIP00000024360	ENSPKIG00000007644	olfml3a
ENSP00000506515	ENSG00000143740	SNAP47	ENSPKIP00000021006	ENSPKIG00000005577	snap47
ENSP00000246151	ENSG00000057757	PITHD1	ENSPKIP00000006892	ENSPKIG00000022990	pithd1
ENSP00000617520	ENSG00000162520	SYNC	ENSPKIP00000009601	ENSPKIG00000024650	sync
ENSP00000572805	ENSG00000092850	TEKT2	ENSPKIP00000017248	ENSPKIG00000003234	tekt2
ENSP00000594032	ENSG00000132780	NASP	ENSPKIP00000019149	ENSPKIG00000004431	NASP
ENSP00000364938	ENSG00000162460	TMEM82	ENSPKIP00000029021	ENSPKIG00000010434	tmem82
ENSP00000383752	ENSG00000116747	RO60	ENSPKIP00000041819	ENSPKIG00000018217	ro60
ENSP00000767051	ENSG00000162444	RBP7	ENSPKIP00000018521	ENSPKIG00000004054	rbp7b
ENSP00000355752	ENSG00000203685	STUM	ENSPKIP00000028546	ENSPKIG00000010144	stum
ENSP00000516434	ENSG00000173673	HES3	ENSPKIP00000032142	ENSPKIG00000012352	her3
ENSP00000712633	ENSG00000116685	KIAA2013	ENSPKIP00000034865	ENSPKIG00000014031	si:dkeyp-104h9.5
ENSP00000322609	ENSG00000178965	ERICH3	ENSPKIP00000028029	ENSPKIG00000009840	erich3
ENSP00000559040	ENSG00000198758	EPS8L3	ENSPKIP00000036848	ENSPKIG00000015267	
ENSP00000773432	ENSG00000162851	TFB2M	ENSPKIP00000023452	ENSPKIG00000007071	tfb2m
ENSP00000357072	ENSG00000162723	SLAMF9	ENSPKIP00000034592	ENSPKIG00000013854	
ENSP00000433553	ENSG00000159388	BTG2	ENSPKIP00000020401	ENSPKIG00000005200	btg2
ENSP00000360429	ENSG00000081870	IFT25	ENSPKIP00000030045	ENSPKIG00000011052	hspb11
ENSP00000294543	ENSG00000162542	TMCO4	ENSPKIP00000027505	ENSPKIG00000009539	tmco4
ENSP00000579558	ENSG00000117500	TMED5	ENSPKIP00000034038	ENSPKIG00000013530	tmed1b
ENSP00000442439	ENSG00000185155	MIXL1	ENSPKIP00000022067	ENSPKIG00000006218	mixl1
ENSP00000359048	ENSG00000162639	HENMT1	ENSPKIP00000019824	ENSPKIG00000004845	henmt1
ENSP00000608557	ENSG00000116663	FBXO6	ENSPKIP00000030702	ENSPKIG00000011468	
ENSP00000435088	ENSG00000143575	HAX1	ENSPKIP00000033511	ENSPKIG00000013156	hax1
ENSP00000493382	ENSG00000092621	PHGDH	ENSPKIP00000017872	ENSPKIG00000003606	phgdh
ENSP00000289248	ENSG00000158315	RHBDL2	ENSPKIP00000013101	ENSPKIG00000000655	rhbdl2
ENSP00000308450	ENSG00000117399	CDC20	ENSPKIP00000026209	ENSPKIG00000008772	cdc20
ENSP00000528569	ENSG00000160712	IL6R	ENSPKIP00000020003	ENSPKIG00000004910	
ENSP00000355106	ENSG00000162688	AGL	ENSPKIP00000035703	ENSPKIG00000014487	agla
ENSP00000549557	ENSG00000135838	NPL	ENSPKIP00000036675	ENSPKIG00000015152	npl
ENSP00000367065	ENSG00000069812	HES2	ENSPKIP00000033641	ENSPKIG00000013282	hes2.2
ENSP00000366203	ENSG00000175262	CIROZ	ENSPKIP00000033809	ENSPKIG00000013365	ciroz
ENSP00000542876	ENSG00000134202	GSTM3	ENSPKIP00000035068	ENSPKIG00000014159	GSTM4
ENSP00000500453	ENSG00000130939	UBE4B	ENSPKIP00000018720	ENSPKIG00000004133	ube4b
ENSP00000310696	ENSG00000117411	B4GALT2	ENSPKIP00000030072	ENSPKIG00000011065	b4galt2
ENSP00000296215	ENSG00000163877	SNIP1	ENSPKIP00000020659	ENSPKIG00000005359	SNIP1
ENSP00000340988	ENSG00000187942	LDLRAD2	ENSPKIP00000012592	ENSPKIG00000000339	ldlrad2
ENSP00000353350	ENSG00000196188	CTSE	ENSPKIP00000016911	ENSPKIG00000003042	nots
ENSP00000357801	ENSG00000197747	S100A10	ENSPKIP00000015667	ENSPKIG00000002263	
ENSP00000499487	ENSG00000142224	IL19	ENSPKIP00000019280	ENSPKIG00000004512	il19l
ENSP00000613809	ENSG00000031698	SARS1	ENSPKIP00000019007	ENSPKIG00000004342	sars1
ENSP00000606404	ENSG00000130775	THEMIS2	ENSPKIP00000018983	ENSPKIG00000004339	themis2
ENSP00000645519	ENSG00000131791	PRKAB2	ENSPKIP00000040066	ENSPKIG00000017163	PRKAB2
ENSP00000436538	ENSG00000169504	CLIC4	ENSPKIP00000025246	ENSPKIG00000008185	clic4
ENSP00000362991	ENSG00000158156	XKR8	ENSPKIP00000037668	ENSPKIG00000015758	xkr8.3
ENSP00000362334	ENSG00000126067	PSMB2	ENSPKIP00000006386	ENSPKIG00000022685	psmb2
ENSP00000312995	ENSG00000092853	CLSPN	ENSPKIP00000006322	ENSPKIG00000022647	CLSPN
ENSP00000627772	ENSG00000122484	RPAP2	ENSPKIP00000018754	ENSPKIG00000004203	rpap2
ENSP00000589095	ENSG00000117682	DHDDS	ENSPKIP00000012442	ENSPKIG00000000236	dhdds
ENSP00000665367	ENSG00000116691	MIIP	ENSPKIP00000033784	ENSPKIG00000013351	miip
ENSP00000311677	ENSG00000117751	PPP1R8	ENSPKIP00000030876	ENSPKIG00000011577	PPP1R8
ENSP00000234961	ENSG00000116329	OPRD1	ENSPKIP00000002933	ENSPKIG00000020632	oprd1a
ENSP00000355609	ENSG00000143633	FSAF1	ENSPKIP00000037863	ENSPKIG00000015891	fsaf1
ENSP00000583656	ENSG00000162736	NCSTN	ENSPKIP00000024332	ENSPKIG00000007630	ncstn
ENSP00000358012	ENSG00000143420	ENSA	ENSPKIP00000013224	ENSPKIG00000000739	ensaa
ENSP00000367013	ENSG00000215788	TNFRSF25	ENSPKIP00000031827	ENSPKIG00000012162	
ENSP00000417583	ENSG00000117069	ST6GALNAC5	ENSPKIP00000027622	ENSPKIG00000009591	st6galnac5a
ENSP00000359531	ENSG00000137947	GTF2B	ENSPKIP00000017868	ENSPKIG00000003604	gtf2b
ENSP00000502859	ENSG00000143384	MCL1	ENSPKIP00000013199	ENSPKIG00000000726	mcl1a
ENSP00000750195	ENSG00000163463	KRTCAP2	ENSPKIP00000034884	ENSPKIG00000014039	krtcap2
ENSP00000529666	ENSG00000117640	MTFR1L	ENSPKIP00000012954	ENSPKIG00000000553	mtfr1l
ENSP00000358880	ENSG00000181754	AMIGO1	ENSPKIP00000016757	ENSPKIG00000002950	AMIGO1
ENSP00000581899	ENSG00000143228	NUF2	ENSPKIP00000009428	ENSPKIG00000024545	nuf2
ENSP00000270708	ENSG00000116213	WRAP73	ENSPKIP00000034362	ENSPKIG00000013725	wrap73
ENSP00000289749	ENSG00000158747	NBL1	ENSPKIP00000015186	ENSPKIG00000001984	NBL1
ENSP00000355880	ENSG00000117791	MTARC2	ENSPKIP00000038587	ENSPKIG00000016301	MTARC2
ENSP00000449584	ENSG00000132906	CASP9	ENSPKIP00000025858	ENSPKIG00000008565	casp9
ENSP00000357048	ENSG00000122218	COPA	ENSPKIP00000024511	ENSPKIG00000007692	copa
ENSP00000356520	ENSG00000135829	DHX9	ENSPKIP00000022848	ENSPKIG00000006698	dhx9
ENSP00000368030	ENSG00000197785	ATAD3A	ENSPKIP00000015526	ENSPKIG00000002213	ATAD3A
ENSP00000358091	ENSG00000159208	CIART	ENSPKIP00000023927	ENSPKIG00000007383	
ENSP00000498227	ENSG00000188404	SELL	ENSPKIP00000038662	ENSPKIG00000016345	
ENSP00000359794	ENSG00000122420	PTGFR	ENSPKIP00000026494	ENSPKIG00000008959	ptgfr
ENSP00000356879	ENSG00000143248	RGS5	ENSPKIP00000011253	ENSPKIG00000018423	rgs5a
ENSP00000536661	ENSG00000160049	DFFA	ENSPKIP00000033535	ENSPKIG00000013216	dffa
ENSP00000356110	ENSG00000069275	NUCKS1	ENSPKIP00000030943	ENSPKIG00000011625	nucks1b
ENSP00000366221	ENSG00000130940	CASZ1	ENSPKIP00000033637	ENSPKIG00000013278	casz1
ENSP00000609560	ENSG00000082512	TRAF5	ENSPKIP00000000755	ENSPKIG00000019302	TRAF5
ENSP00000540414	ENSG00000159423	ALDH4A1	ENSPKIP00000035521	ENSPKIG00000014420	aldh4a1
ENSP00000521247	ENSG00000157933	SKI	ENSPKIP00000035392	ENSPKIG00000014364	skia
ENSP00000576057	ENSG00000117625	RCOR3	ENSPKIP00000000707	ENSPKIG00000019270	rcor3
ENSP00000540867	ENSG00000117153	KLHL12	ENSPKIP00000028002	ENSPKIG00000009824	KLHL12
ENSP00000263733	ENSG00000116199	FAM20B	ENSPKIP00000027593	ENSPKIG00000009592	fam20b
ENSP00000379212	ENSG00000174348	PODN	ENSPKIP00000030532	ENSPKIG00000011351	podn
ENSP00000361668	ENSG00000127129	EDN2	ENSPKIP00000034438	ENSPKIG00000013750	edn2
ENSP00000559926	ENSG00000135766	EGLN1	ENSPKIP00000007825	ENSPKIG00000023572	EGLN1
ENSP00000359224	ENSG00000172339	ALG14	ENSPKIP00000025901	ENSPKIG00000008593	alg14
ENSP00000357823	ENSG00000143436	MRPL9	ENSPKIP00000004103	ENSPKIG00000021327	mrpl9
ENSP00000367890	ENSG00000008130	NADK	ENSPKIP00000032378	ENSPKIG00000012495	nadka
ENSP00000569476	ENSG00000117475	BLZF1	ENSPKIP00000026443	ENSPKIG00000008931	blzf1
ENSP00000559845	ENSG00000077585	GPR137B	ENSPKIP00000026330	ENSPKIG00000008855	gpr137bb
ENSP00000321810	ENSG00000043514	TRIT1	ENSPKIP00000009418	ENSPKIG00000024527	trit1
ENSP00000367432	ENSG00000196581	AJAP1	ENSPKIP00000032058	ENSPKIG00000012307	ajap1
ENSP00000355577	ENSG00000183780	SLC35F3	ENSPKIP00000039221	ENSPKIG00000016654	slc35f3b
ENSP00000406026	ENSG00000189410	SH2D5	ENSPKIP00000029589	ENSPKIG00000010781	sh2d5
ENSP00000543923	ENSG00000070759	TESK2	ENSPKIP00000029691	ENSPKIG00000010839	tesk2
ENSP00000360593	ENSG00000162377	COA7	ENSPKIP00000021116	ENSPKIG00000005652	coa7
ENSP00000605214	ENSG00000137955	RABGGTB	ENSPKIP00000027718	ENSPKIG00000009653	rabggtb
ENSP00000353132	ENSG00000197587	DMBX1	ENSPKIP00000025961	ENSPKIG00000008622	dmbx1b
ENSP00000700738	ENSG00000077549	CAPZB	ENSPKIP00000015086	ENSPKIG00000001919	capzb
ENSP00000605071	ENSG00000117614	SYF2	ENSPKIP00000025151	ENSPKIG00000008130	syf2
ENSP00000576310	ENSG00000121774	KHDRBS1	ENSPKIP00000009674	ENSPKIG00000024687	khdrbs1b
ENSP00000366628	ENSG00000180758	GPR157	ENSPKIP00000012745	ENSPKIG00000000445	gpr157
ENSP00000376899	ENSG00000134247	PTGFRN	ENSPKIP00000001096	ENSPKIG00000019512	
ENSP00000512144	ENSG00000159189	C1QC	ENSPKIP00000037958	ENSPKIG00000015943	
ENSP00000567394	ENSG00000097033	SH3GLB1	ENSPKIP00000026821	ENSPKIG00000009119	sh3glb1a
ENSP00000355648	ENSG00000154429	CCSAP	ENSPKIP00000021213	ENSPKIG00000005706	ccsapb
ENSP00000361769	ENSG00000117016	RIMS3	ENSPKIP00000007710	ENSPKIG00000023497	rims3
ENSP00000362105	ENSG00000183520	UTP11	ENSPKIP00000013302	ENSPKIG00000000780	utp11
ENSP00000506973	ENSG00000142621	FHAD1	ENSPKIP00000032988	ENSPKIG00000012873	
ENSP00000399370	ENSG00000142700	DMRTA2	ENSPKIP00000023483	ENSPKIG00000007101	dmrta2
ENSP00000389945	ENSG00000188859	FAM78B	ENSPKIP00000036439	ENSPKIG00000015016	fam78bb
ENSP00000546399	ENSG00000188641	DPYD	ENSPKIP00000025427	ENSPKIG00000008228	dpydb
ENSP00000637280	ENSG00000117400	MPL	ENSPKIP00000030896	ENSPKIG00000011598	mpl
ENSP00000335076	ENSG00000186197	EDARADD	ENSPKIP00000027600	ENSPKIG00000009594	edaradd
ENSP00000783374	ENSG00000143195	ILDR2	ENSPKIP00000028309	ENSPKIG00000009993	ildr2
ENSP00000644139	ENSG00000169242	EFNA1	ENSPKIP00000034809	ENSPKIG00000013998	efna1b
ENSP00000315379	ENSG00000117360	PRPF3	ENSPKIP00000029176	ENSPKIG00000010501	prpf3
ENSP00000626649	ENSG00000040487	SLC66A1	ENSPKIP00000026872	ENSPKIG00000009165	slc66a1
ENSP00000350364	ENSG00000172260	NEGR1	ENSPKIP00000004819	ENSPKIG00000021762	negr1
ENSP00000774851	ENSG00000091483	FH	ENSPKIP00000014556	ENSPKIG00000001583	fh
ENSP00000365182	ENSG00000171729	TMEM51	ENSPKIP00000032826	ENSPKIG00000012773	tmem51a
ENSP00000531546	ENSG00000186510	CLCNKA	ENSPKIP00000029442	ENSPKIG00000010684	clcnk
ENSP00000357315	ENSG00000116580	GON4L	ENSPKIP00000036131	ENSPKIG00000014800	gon4lb
ENSP00000605041	ENSG00000117724	CENPF	ENSPKIP00000017986	ENSPKIG00000003704	cenpf
ENSP00000294811	ENSG00000162757	C1orf74	ENSPKIP00000020605	ENSPKIG00000005314	zgc:112163
ENSP00000235382	ENSG00000116741	RGS2	ENSPKIP00000041948	ENSPKIG00000018309	RGS2
ENSP00000477602	ENSG00000066322	ELOVL1	ENSPKIP00000026074	ENSPKIG00000008705	ELOVL1
ENSP00000679073	ENSG00000134690	CDCA8	ENSPKIP00000006142	ENSPKIG00000022545	cdca8
ENSP00000510282	ENSG00000120656	TAF12	ENSPKIP00000003857	ENSPKIG00000021181	taf12
ENSP00000489255	ENSG00000198198	SZT2	ENSPKIP00000032391	ENSPKIG00000012435	SZT2
ENSP00000548914	ENSG00000132676	DAP3	ENSPKIP00000036099	ENSPKIG00000014766	dap3
ENSP00000312617	ENSG00000066136	NFYC	ENSPKIP00000007659	ENSPKIG00000023464	nfyc
ENSP00000501566	ENSG00000121940	CLCC1	ENSPKIP00000040977	ENSPKIG00000017723	clcc1
ENSP00000766911	ENSG00000121766	ZCCHC17	ENSPKIP00000029534	ENSPKIG00000010742	zcchc17
ENSP00000483313	ENSG00000158195	WASF2	ENSPKIP00000028733	ENSPKIG00000010237	wasf2
ENSP00000429657	ENSG00000169641	LUZP1	ENSPKIP00000035907	ENSPKIG00000014679	luzp1
ENSP00000357596	ENSG00000143578	CREB3L4	ENSPKIP00000032031	ENSPKIG00000012269	CREB3L4
ENSP00000360951	ENSG00000162367	TAL1	ENSPKIP00000015807	ENSPKIG00000002391	tal1
ENSP00000473348	ENSG00000049239	H6PD	ENSPKIP00000012713	ENSPKIG00000000427	h6pd
ENSP00000357906	ENSG00000163154	TNFAIP8L2	ENSPKIP00000013112	ENSPKIG00000000668	tnfaip8l2a
ENSP00000742896	ENSG00000058804	NDC1	ENSPKIP00000029058	ENSPKIG00000010451	ndc1
ENSP00000331643	ENSG00000185220	PGBD2	ENSPKIP00000032136	ENSPKIG00000012345	
ENSP00000360262	ENSG00000172456	FGGY	ENSPKIP00000018778	ENSPKIG00000004201	fggy
ENSP00000480514	ENSG00000143183	TMCO1	ENSPKIP00000030350	ENSPKIG00000011236	tmco1
ENSP00000631101	ENSG00000117758	STX12	ENSPKIP00000005627	ENSPKIG00000022221	stx12l
ENSP00000699324	ENSG00000175206	NPPA	ENSPKIP00000034995	ENSPKIG00000014121	
ENSP00000356150	ENSG00000198625	MDM4	ENSPKIP00000031415	ENSPKIG00000011912	mdm4
ENSP00000348384	ENSG00000196878	LAMB3	ENSPKIP00000018389	ENSPKIG00000003962	
ENSP00000355486	ENSG00000203667	COX20	ENSPKIP00000014722	ENSPKIG00000001685	COX20
ENSP00000405083	ENSG00000143387	CTSK	ENSPKIP00000004340	ENSPKIG00000021458	CTSK
ENSP00000359871	ENSG00000117054	ACADM	ENSPKIP00000027756	ENSPKIG00000009680	
ENSP00000355785	ENSG00000143768	LEFTY2	ENSPKIP00000023065	ENSPKIG00000006839	lft1
ENSP00000356850	ENSG00000143157	POGK	ENSPKIP00000011766	ENSPKIG00000018726	
ENSP00000414022	ENSG00000187642	PERM1	ENSPKIP00000032928	ENSPKIG00000012834	
ENSP00000554975	ENSG00000132692	BCAN	ENSPKIP00000029151	ENSPKIG00000010476	bcan
ENSP00000605687	ENSG00000143476	DTL	ENSPKIP00000003967	ENSPKIG00000021256	dtl
ENSP00000360944	ENSG00000123473	STIL	ENSPKIP00000015543	ENSPKIG00000002226	stil
ENSP00000519325	ENSG00000117118	SDHB	ENSPKIP00000015611	ENSPKIG00000002268	sdhb
ENSP00000793394	ENSG00000162627	SNX7	ENSPKIP00000024996	ENSPKIG00000008019	snx7
ENSP00000527746	ENSG00000159214	CCDC24	ENSPKIP00000030038	ENSPKIG00000011048	
ENSP00000294664	ENSG00000162643	DNAI3	ENSPKIP00000000271	ENSPKIG00000018999	DNAI3
ENSP00000418734	ENSG00000162601	MYSM1	ENSPKIP00000026277	ENSPKIG00000008829	mysm1
ENSP00000342676	ENSG00000175756	AURKAIP1	ENSPKIP00000028276	ENSPKIG00000009988	aurkaip1
ENSP00000364870	ENSG00000173641	HSPB7	ENSPKIP00000016359	ENSPKIG00000002714	hspb7
ENSP00000375733	ENSG00000177614	PGBD5	ENSPKIP00000021453	ENSPKIG00000005843	pgbd5
ENSP00000531836	ENSG00000142910	TINAGL1	ENSPKIP00000007481	ENSPKIG00000023340	TINAGL1
ENSP00000040877	ENSG00000059588	TARBP1	ENSPKIP00000039319	ENSPKIG00000016716	tarbp1
ENSP00000360034	ENSG00000142864	SERBP1	ENSPKIP00000000011	ENSPKIG00000018832	serbp1b
ENSP00000359469	ENSG00000122482	ZNF644	ENSPKIP00000017990	ENSPKIG00000003708	znf644b
ENSP00000512133	ENSG00000173372	C1QA	ENSPKIP00000037944	ENSPKIG00000015920	c1qa
ENSP00000296387	ENSG00000164007	CLDN19	ENSPKIP00000010799	ENSPKIG00000025373	cldn19
ENSP00000620545	ENSG00000203705	TATDN3	ENSPKIP00000040252	ENSPKIG00000017290	TATDN3
ENSP00000357206	ENSG00000132688	NES	ENSPKIP00000028589	ENSPKIG00000010176	
