Hsa Gene ID	Hsa Protein ID	Hsa Gene Name	Eel Gene ID	Eel Protein ID	Eel Gene Name
ENSP00000482514	ENSG00000278817		ENSEEEP00000010400	ENSEEEG00000005266	dgcr6
ENSP00000478035	ENSG00000276345		ENSEEEP00000027154	ENSEEEG00000013105	mrpl23
ENSP00000478289	ENSG00000275063		ENSEEEP00000008176	ENSEEEG00000004263	
ENSP00000493835	ENSG00000281766	RYBP	ENSEEEP00000059525	ENSEEEG00000026113	rybpb
ENSP00000516858	ENSG00000291382	CPLANE2	ENSEEEP00000012043	ENSEEEG00000006071	CPLANE2
ENSP00000518167	ENSG00000292224	ASPN	ENSEEEP00000016327	ENSEEEG00000008075	ASPN
ENSP00000516842	ENSG00000291379	SZRD1	ENSEEEP00000052930	ENSEEEG00000027806	SZRD1
ENSP00000499988	ENSG00000288512	C1R	ENSEEEP00000010554	ENSEEEG00000005353	C1R
ENSP00000486611	ENSG00000280680	HHAT	ENSEEEP00000022007	ENSEEEG00000010688	HHAT
ENSP00000500294	ENSG00000288186	PPP1R27	ENSEEEP00000047193	ENSEEEG00000022217	PPP1R27
ENSP00000486120	ENSG00000280689	BORCS5	ENSEEEP00000016055	ENSEEEG00000007953	BORCS5
ENSP00000485909	ENSG00000281309	SURF6	ENSEEEP00000031318	ENSEEEG00000014997	SURF6
ENSP00000487443	ENSG00000280858	RPL7A	ENSEEEP00000059316	ENSEEEG00000014979	RPL7A
ENSP00000487370	ENSG00000281024	SURF2	ENSEEEP00000036210	ENSEEEG00000017224	SURF2
ENSP00000486049	ENSG00000280951	SURF4	ENSEEEP00000051358	ENSEEEG00000024100	SURF4
ENSP00000486065	ENSG00000280706	REXO4	ENSEEEP00000042916	ENSEEEG00000020249	REXO4
ENSP00000487067	ENSG00000281165	SLC2A6	ENSEEEP00000044638	ENSEEEG00000021077	SLC2A6
ENSP00000494079	ENSG00000281879	ABO	ENSEEEP00000011250	ENSEEEG00000027711	
ENSP00000516890	ENSG00000291426	TOLLIP	ENSEEEP00000007519	ENSEEEG00000003932	TOLLIP
ENSP00000486878	ENSG00000281665	KIAA1143	ENSEEEP00000052460	ENSEEEG00000024572	zgc:77056
ENSP00000487390	ENSG00000280548	FBL	ENSEEEP00000023853	ENSEEEG00000011575	FBL
ENSP00000500298	ENSG00000288292	CLDN7	ENSEEEP00000002247	ENSEEEG00000001360	cldn7a
ENSP00000500563	ENSG00000288325	GPS2	ENSEEEP00000041736	ENSEEEG00000019741	GPS2
ENSP00000494976	ENSG00000285377	EMC9	ENSEEEP00000053733	ENSEEEG00000025297	EMC9
ENSP00000491711	ENSG00000283771	TMEM256	ENSEEEP00000002409	ENSEEEG00000001410	tmem256
ENSP00000516945	ENSG00000291483	DUSP11	ENSEEEP00000044790	ENSEEEG00000021141	DUSP11
ENSP00000496420	ENSG00000285246	NEDD8	ENSEEEP00000063555	ENSEEEG00000028062	NEDD8
ENSP00000494562	ENSG00000285182	FNBP4	ENSEEEP00000040140	ENSEEEG00000019036	FNBP4
ENSP00000495027	ENSG00000285121	MTCH2	ENSEEEP00000028228	ENSEEEG00000013578	MTCH2
ENSP00000495235	ENSG00000285199	CIDEB	ENSEEEP00000011666	ENSEEEG00000005866	CIDEB
ENSP00000495490	ENSG00000285379	RIPK3	ENSEEEP00000063352	ENSEEEG00000025608	
ENSP00000518355	ENSG00000284807	DHRS4	ENSEEEP00000058326	ENSEEEG00000005869	dhrs4
ENSP00000516996	ENSG00000291520	NXNL2	ENSEEEP00000026963	ENSEEEG00000013015	NXNL2
ENSP00000494635	ENSG00000284850	DCP1B	ENSEEEP00000062797	ENSEEEG00000009918	DCP1B
ENSP00000500767	ENSG00000288362	CYP11A1	ENSEEEP00000003152	ENSEEEG00000001748	cyp11a2
ENSP00000500266	ENSG00000288408	UBL7	ENSEEEP00000017455	ENSEEEG00000008637	ubl7b
ENSP00000487197	ENSG00000280975	CENATAC	ENSEEEP00000009691	ENSEEEG00000004942	ccdc84
ENSP00000486392	ENSG00000280831	RPS25	ENSEEEP00000022529	ENSEEEG00000010938	RPS25
ENSP00000488659	ENSG00000282739	SLC25A26	ENSEEEP00000023507	ENSEEEG00000011400	SLC25A26
ENSP00000500630	ENSG00000288411	SAA1	ENSEEEP00000063394	ENSEEEG00000001235	saa
ENSP00000517083	ENSG00000291596	COX5B	ENSEEEP00000044834	ENSEEEG00000021160	COX5B
ENSP00000491438	ENSG00000284103	DUS4L	ENSEEEP00000002555	ENSEEEG00000001475	DUS4L
ENSP00000490977	ENSG00000283852	BCAP29	ENSEEEP00000002561	ENSEEEG00000001476	BCAP29
ENSP00000518371	ENSG00000288475	CASP8AP2	ENSEEEP00000008963	ENSEEEG00000004624	CASP8AP2
ENSP00000517221	ENSG00000291712	RNF135	ENSEEEP00000012400	ENSEEEG00000006232	
ENSP00000493830	ENSG00000284774	HSF1	ENSEEEP00000002236	ENSEEEG00000001357	HSF1
ENSP00000517281	ENSG00000291745	MED10	ENSEEEP00000028836	ENSEEEG00000013846	MED10
ENSP00000517282	ENSG00000291747	UBE2QL1	ENSEEEP00000028834	ENSEEEG00000013845	UBE2QL1
ENSP00000517288	ENSG00000291756	HAPLN2	ENSEEEP00000030759	ENSEEEG00000014715	HAPLN2
ENSP00000518217	ENSG00000292251	GPATCH4	ENSEEEP00000036874	ENSEEEG00000017509	GPATCH4
ENSP00000495408	ENSG00000285339	VPS28	ENSEEEP00000033283	ENSEEEG00000015808	VPS28
ENSP00000516999	ENSG00000291523	RWDD2B	ENSEEEP00000057992	ENSEEEG00000029113	RWDD2B
ENSP00000517339	ENSG00000291796	APEX1	ENSEEEP00000002749	ENSEEEG00000001579	APEX1
ENSP00000517542	ENSG00000291917	GPRC5C	ENSEEEP00000000177	ENSEEEG00000000135	GPRC5C
ENSP00000366413	ENSG00000152192	POU4F1	ENSEEEP00000014158	ENSEEEG00000007031	POU4F1
ENSP00000330218	ENSG00000182968	SOX1	ENSEEEP00000057851	ENSEEEG00000025275	sox1a
ENSP00000365080	ENSG00000204442	NALF1	ENSEEEP00000064146	ENSEEEG00000027001	NALF1
ENSP00000366288	ENSG00000178235	SLITRK1	ENSEEEP00000063824	ENSEEEG00000028635	SLITRK1
ENSP00000242819	ENSG00000123171	CCDC70	ENSEEEP00000059328	ENSEEEG00000025280	si:ch211-114c12.5
ENSP00000366694	ENSG00000178695	KCTD12	ENSEEEP00000011408	ENSEEEG00000005765	kctd12.1
ENSP00000245312	ENSG00000125255	SLC10A2	ENSEEEP00000038882	ENSEEEG00000018422	SLC10A2
ENSP00000267294	ENSG00000139800	ZIC5	ENSEEEP00000004140	ENSEEEG00000002196	ZIC5
ENSP00000304331	ENSG00000169840	GSX1	ENSEEEP00000032513	ENSEEEG00000015501	GSX1
ENSP00000334216	ENSG00000186009	ATP4B	ENSEEEP00000025741	ENSEEEG00000012470	ATP4B
ENSP00000368402	ENSG00000180332	KCTD4	ENSEEEP00000011435	ENSEEEG00000005778	KCTD4
ENSP00000426528	ENSG00000165566	AMER2	ENSEEEP00000063474	ENSEEEG00000028642	AMER2
ENSP00000366682	ENSG00000102794	ACOD1	ENSEEEP00000011409	ENSEEEG00000005766	ACOD1
ENSP00000284885	ENSG00000154646	TMPRSS15	ENSEEEP00000009270	ENSEEEG00000004755	tmprss15
ENSP00000366144	ENSG00000125285	SOX21	ENSEEEP00000056531	ENSEEEG00000025687	sox21b
ENSP00000491834	ENSG00000284099	SQSTM1	ENSEEEP00000050660	ENSEEEG00000023814	SQSTM1
ENSP00000333490	ENSG00000183463	URAD	ENSEEEP00000047457	ENSEEEG00000022330	urad
ENSP00000382783	ENSG00000156284	CLDN8	ENSEEEP00000000436	ENSEEEG00000000323	cldn8.3
ENSP00000489438	ENSG00000282986	EIF3K	ENSEEEP00000036842	ENSEEEG00000017493	EIF3K
ENSP00000492334	ENSG00000283887	LTC4S	ENSEEEP00000050723	ENSEEEG00000023830	LTC4S
ENSP00000489530	ENSG00000282853	ECH1	ENSEEEP00000063583	ENSEEEG00000015750	ech1
ENSP00000371785	ENSG00000184221	OLIG1	ENSEEEP00000040763	ENSEEEG00000019318	olig1
ENSP00000491752	ENSG00000283864		ENSEEEP00000060773	ENSEEEG00000028555	
ENSP00000491876	ENSG00000284487	MOSMO	ENSEEEP00000063190	ENSEEEG00000028023	MOSMO
ENSP00000517432	ENSG00000291835	MYG1	ENSEEEP00000019826	ENSEEEG00000009702	MYG1
ENSP00000517571	ENSG00000291930	NDUFB10	ENSEEEP00000008740	ENSEEEG00000004530	NDUFB10
ENSP00000493848	ENSG00000285250	MSRA	ENSEEEP00000060160	ENSEEEG00000028375	si:ch1073-358c10.1
ENSP00000517634	ENSG00000291958	GCSH	ENSEEEP00000052811	ENSEEEG00000027903	gcsha
ENSP00000495318	ENSG00000285327	XKR5	ENSEEEP00000044915	ENSEEEG00000021200	xkr5a
ENSP00000493647	ENSG00000285109	GATA4	ENSEEEP00000044485	ENSEEEG00000021014	GATA4
ENSP00000518496	ENSG00000292288	FAM167A	ENSEEEP00000002877	ENSEEEG00000001643	FAM167B
ENSP00000495308	ENSG00000285147	C8orf74	ENSEEEP00000020444	ENSEEEG00000009978	c13h8orf74
ENSP00000518539	ENSG00000292301	ERI1	ENSEEEP00000035134	ENSEEEG00000016719	ERI1
ENSP00000496345	ENSG00000284872	TRMT9B	ENSEEEP00000027385	ENSEEEG00000013210	trmt9b
ENSP00000482330	ENSG00000276130	SLC67A1	ENSEEEP00000062586	ENSEEEG00000006153	SLC22A18
ENSP00000477831	ENSG00000273831	LRRC56	ENSEEEP00000049177	ENSEEEG00000023108	LRRC56
ENSP00000483129	ENSG00000274780	PHRF1	ENSEEEP00000049170	ENSEEEG00000023105	PHRF1
ENSP00000480036	ENSG00000276230	RNH1	ENSEEEP00000019716	ENSEEEG00000026315	
ENSP00000379118	ENSG00000278545	MARCHF8	ENSEEEP00000017484	ENSEEEG00000008650	MARCHF8
ENSP00000299766	ENSG00000166603	MC4R	ENSEEEP00000019740	ENSEEEG00000009660	MC4R
ENSP00000488830	ENSG00000275035	CCDC92	ENSEEEP00000061705	ENSEEEG00000027335	CCDC92
ENSP00000465194	ENSG00000267228		ENSEEEP00000062140	ENSEEEG00000027594	ier3ip1
ENSP00000463379	ENSG00000215472	RPL17-C18orf32	ENSEEEP00000030490	ENSEEEG00000014601	rpl17
ENSP00000419185	ENSG00000119547	ONECUT2	ENSEEEP00000034133	ENSEEEG00000016251	ONECUT2
ENSP00000319052	ENSG00000177143	CETN1	ENSEEEP00000017248	ENSEEEG00000008523	cetn4
ENSP00000372959	ENSG00000206422	LRRC30	ENSEEEP00000050195	ENSEEEG00000023610	lrrc30a
ENSP00000468086	ENSG00000176136	MC5R	ENSEEEP00000000125	ENSEEEG00000000087	mc5ra
ENSP00000432279	ENSG00000255112	CHMP1B	ENSEEEP00000029232	ENSEEEG00000014007	CHMP1B
ENSP00000518446	ENSG00000250878	METTL21EP	ENSEEEP00000027212	ENSEEEG00000013130	zgc:92518
ENSP00000485962	ENSG00000282657	IGHM	ENSEEEP00000015703	ENSEEEG00000007777	
ENSP00000368459	ENSG00000083635	NUFIP1	ENSEEEP00000047688	ENSEEEG00000022448	nufip1
ENSP00000594411	ENSG00000139687	RB1	ENSEEEP00000060286	ENSEEEG00000004262	RB1
ENSP00000380610	ENSG00000125245	GPR18	ENSEEEP00000009927	ENSEEEG00000005049	GPR18
ENSP00000558755	ENSG00000102760	RGCC	ENSEEEP00000013248	ENSEEEG00000006639	RGCC
ENSP00000460944	ENSG00000262145	ATP23	ENSEEEP00000011121	ENSEEEG00000005642	ATP23
ENSP00000479117	ENSG00000275568	ARHGAP11A	ENSEEEP00000046576	ENSEEEG00000021935	arhgap11a
ENSP00000290200	ENSG00000243646	IL10RB	ENSEEEP00000003043	ENSEEEG00000001728	EMB
ENSP00000632708	ENSG00000136098	NEK3	ENSEEEP00000041558	ENSEEEG00000019656	NEK3
ENSP00000482615	ENSG00000277614	SCG5	ENSEEEP00000021361	ENSEEEG00000010408	SCG5
ENSP00000498493	ENSG00000134897	BIVM	ENSEEEP00000033220	ENSEEEG00000015792	bivm
ENSP00000286835	ENSG00000156304	SCAF4	ENSEEEP00000030154	ENSEEEG00000014458	scaf4a
ENSP00000383433	ENSG00000180776	ZDHHC20	ENSEEEP00000036395	ENSEEEG00000017306	zdhhc20a
ENSP00000325776	ENSG00000180440	SERTM1	ENSEEEP00000012358	ENSEEEG00000006219	SERTM1
ENSP00000561183	ENSG00000120686	UFM1	ENSEEEP00000030108	ENSEEEG00000014431	UFM1
ENSP00000481547	ENSG00000274296	DECR2	ENSEEEP00000006659	ENSEEEG00000003534	DECR2
ENSP00000573460	ENSG00000165487	MICU2	ENSEEEP00000046640	ENSEEEG00000021959	MICU2
ENSP00000553090	ENSG00000188342	GTF2F2	ENSEEEP00000027817	ENSEEEG00000013391	gtf2f2a
ENSP00000701338	ENSG00000157617	C2CD2	ENSEEEP00000016937	ENSEEEG00000008396	C2CD2
ENSP00000291582	ENSG00000160224	AIRE	ENSEEEP00000044037	ENSEEEG00000020805	AIRE
ENSP00000382092	ENSG00000159261	CLDN14	ENSEEEP00000045246	ENSEEEG00000021355	CLDN14
ENSP00000481595	ENSG00000276336	SCARF1	ENSEEEP00000061942	ENSEEEG00000009389	SCARF1
ENSP00000478917	ENSG00000275947	LYSET	ENSEEEP00000024720	ENSEEEG00000011967	TMEM251
ENSP00000382971	ENSG00000154723	ATP5PF	ENSEEEP00000043152	ENSEEEG00000020376	ATP5PF
ENSP00000483908	ENSG00000278787	UBR7	ENSEEEP00000024724	ENSEEEG00000011970	ubr7
ENSP00000481874	ENSG00000276838	SERPINF2	ENSEEEP00000040895	ENSEEEG00000019368	serpinf2a
ENSP00000512890	ENSG00000182670	TTC3	ENSEEEP00000025946	ENSEEEG00000012572	TTC3
ENSP00000486067	ENSG00000277377	SERPINA1	ENSEEEP00000021713	ENSEEEG00000010391	SERPINA4
ENSP00000494031	ENSG00000198824	CHAMP1	ENSEEEP00000063640	ENSEEEG00000027503	
ENSP00000258662	ENSG00000136159	NUDT15	ENSEEEP00000062261	ENSEEEG00000026581	NUDT15
ENSP00000495664	ENSG00000136143	SUCLA2	ENSEEEP00000018475	ENSEEEG00000008991	SUCLA2
ENSP00000365895	ENSG00000185352	HS6ST3	ENSEEEP00000025919	ENSEEEG00000012556	hs6st3b
ENSP00000298248	ENSG00000165475	CRYL1	ENSEEEP00000049743	ENSEEEG00000023379	CRYL1
ENSP00000496481	ENSG00000136104	RNASEH2B	ENSEEEP00000038198	ENSEEEG00000018157	RNASEH2B
ENSP00000481426	ENSG00000273686	B2M	ENSEEEP00000001887	ENSEEEG00000001183	B2M
ENSP00000348299	ENSG00000204977	TRIM13	ENSEEEP00000029087	ENSEEEG00000013953	TRIM13
ENSP00000312631	ENSG00000173404	INSM1	ENSEEEP00000019590	ENSEEEG00000009602	insm1b
ENSP00000219022	ENSG00000102837	OLFM4	ENSEEEP00000018996	ENSEEEG00000009313	si:ch211-173a9.6
ENSP00000482916	ENSG00000284776		ENSEEEP00000012159	ENSEEEG00000006133	dtd1
ENSP00000366845	ENSG00000188243	COMMD6	ENSEEEP00000061811	ENSEEEG00000027632	commd6
ENSP00000243911	ENSG00000124089	MC3R	ENSEEEP00000023472	ENSEEEG00000011379	MC3R
ENSP00000480998	ENSG00000125533	BHLHE23	ENSEEEP00000013603	ENSEEEG00000006798	bhlhe23
ENSP00000365351	ENSG00000198542	ITGBL1	ENSEEEP00000004370	ENSEEEG00000002288	ITGBL1
ENSP00000246081	ENSG00000125879	OTOR	ENSEEEP00000018371	ENSEEEG00000009022	OTOR
ENSP00000477059	ENSG00000260903	XKR7	ENSEEEP00000048334	ENSEEEG00000022763	XKR7
ENSP00000363529	ENSG00000125998	FAM83C	ENSEEEP00000004727	ENSEEEG00000002474	FAM83C
ENSP00000454021	ENSG00000259399	TGIF2-RAB5IF	ENSEEEP00000062904	ENSEEEG00000028370	rab5if
ENSP00000369647	ENSG00000101200	AVP	ENSEEEP00000036096	ENSEEEG00000017170	
ENSP00000362410	ENSG00000204103	MAFB	ENSEEEP00000059230	ENSEEEG00000025951	mafba
ENSP00000484056	ENSG00000247315	ZCCHC3	ENSEEEP00000055145	ENSEEEG00000025905	
ENSP00000244051	ENSG00000124217	MOCS3	ENSEEEP00000047609	ENSEEEG00000022409	MOCS3
ENSP00000347646	ENSG00000177732	SOX12	ENSEEEP00000058955	ENSEEEG00000026500	SOX12
ENSP00000279028	ENSG00000149635	OCSTAMP	ENSEEEP00000023463	ENSEEEG00000011376	OCSTAMP
ENSP00000243913	ENSG00000124091	GCNT7	ENSEEEP00000015706	ENSEEEG00000007766	GCNT7
ENSP00000504398	ENSG00000152217	SETBP1	ENSEEEP00000053593	ENSEEEG00000027241	
ENSP00000498370	ENSG00000177150	FAM210A	ENSEEEP00000000094	ENSEEEG00000000061	fam210aa
ENSP00000633646	ENSG00000074695	LMAN1	ENSEEEP00000008681	ENSEEEG00000004506	LMAN1
ENSP00000369372	ENSG00000177324	BEND2	ENSEEEP00000023422	ENSEEEG00000011351	zgc:113423
ENSP00000368813	ENSG00000185915	KLHL34	ENSEEEP00000063914	ENSEEEG00000022191	KLHL34
ENSP00000499210	ENSG00000286070		ENSEEEP00000037933	ENSEEEG00000018023	snrpd3l
ENSP00000420037	ENSG00000185808	PIGP	ENSEEEP00000059948	ENSEEEG00000012573	PIGP
ENSP00000360035	ENSG00000132825	PPP1R3D	ENSEEEP00000026324	ENSEEEG00000012747	ppp1r3db
ENSP00000218436	ENSG00000102313	ITIH6	ENSEEEP00000050545	ENSEEEG00000023728	itih6
ENSP00000394757	ENSG00000101493	ZNF516	ENSEEEP00000011163	ENSEEEG00000005662	ZNF516
ENSP00000291554	ENSG00000160202	CRYAA	ENSEEEP00000024596	ENSEEEG00000011917	cryaa
ENSP00000383366	ENSG00000215529	EFCAB8	ENSEEEP00000051938	ENSEEEG00000024368	
ENSP00000520773	ENSG00000172216	CEBPB	ENSEEEP00000001640	ENSEEEG00000001051	CEBPB
ENSP00000599206	ENSG00000080986	NDC80	ENSEEEP00000016121	ENSEEEG00000007974	NDC80
ENSP00000495996	ENSG00000196767	POU3F4	ENSEEEP00000000101	ENSEEEG00000000062	POU3F4
ENSP00000372160	ENSG00000206052	DOK6	ENSEEEP00000020362	ENSEEEG00000009937	DOK6
ENSP00000434235	ENSG00000288683		ENSEEEP00000051213	ENSEEEG00000024040	pex26
ENSP00000364003	ENSG00000184675	AMER1	ENSEEEP00000013748	ENSEEEG00000006849	AMER1
ENSP00000291536	ENSG00000160188	RSPH1	ENSEEEP00000024963	ENSEEEG00000012107	RSPH1
ENSP00000483030	ENSG00000277936	MRPL45	ENSEEEP00000036051	ENSEEEG00000017145	MRPL45
ENSP00000344504	ENSG00000189060	H1-0	ENSEEEP00000006699	ENSEEEG00000003551	H1-0
ENSP00000328671	ENSG00000160193	WDR4	ENSEEEP00000023778	ENSEEEG00000011527	WDR4
ENSP00000329318	ENSG00000183307	TMEM121B	ENSEEEP00000037357	ENSEEEG00000017757	tmem121b
ENSP00000488051	ENSG00000276914	CEP20	ENSEEEP00000053976	ENSEEEG00000026197	fopnl
ENSP00000512282	ENSG00000188263	IL17REL	ENSEEEP00000045561	ENSEEEG00000021496	il17rel
ENSP00000249016	ENSG00000128285	MCHR1	ENSEEEP00000013322	ENSEEEG00000006674	MCHR2
ENSP00000497003	ENSG00000184058	TBX1	ENSEEEP00000027056	ENSEEEG00000013061	tbx1
ENSP00000328992	ENSG00000159086	PAXBP1	ENSEEEP00000036537	ENSEEEG00000017357	PAXBP1
ENSP00000304956	ENSG00000169184	MN1	ENSEEEP00000046484	ENSEEEG00000021899	mn1b
ENSP00000498524	ENSG00000286268		ENSEEEP00000058285	ENSEEEG00000028440	ebp
ENSP00000498972	ENSG00000165370	GPR101	ENSEEEP00000052085	ENSEEEG00000024430	gpr101
ENSP00000648887	ENSG00000159131	GART	ENSEEEP00000039499	ENSEEEG00000018757	GART
ENSP00000483858	ENSG00000278823	BMERB1	ENSEEEP00000011769	ENSEEEG00000005923	BMERB1
ENSP00000362095	ENSG00000102359	SRPX2	ENSEEEP00000035542	ENSEEEG00000016931	SRPX2
ENSP00000282041	ENSG00000152223	EPG5	ENSEEEP00000047062	ENSEEEG00000022104	EPG5
ENSP00000488050	ENSG00000275911	NDE1	ENSEEEP00000060196	ENSEEEG00000028047	NDE1
ENSP00000360497	ENSG00000125352	RNF113A	ENSEEEP00000002104	ENSEEEG00000001278	rnf113a
ENSP00000481504	ENSG00000278574	ZNHIT3	ENSEEEP00000050519	ENSEEEG00000023757	ZNHIT3
ENSP00000541645	ENSG00000101782	RIOK3	ENSEEEP00000034863	ENSEEEG00000016342	RIOK3
ENSP00000478520	ENSG00000274853	MRM1	ENSEEEP00000044667	ENSEEEG00000021092	MRM1
ENSP00000528642	ENSG00000126218	F10	ENSEEEP00000024913	ENSEEEG00000012023	F10
ENSP00000508182	ENSG00000147262	GPR119	ENSEEEP00000037914	ENSEEEG00000018014	GPR119
ENSP00000481894	ENSG00000276072	AATF	ENSEEEP00000044672	ENSEEEG00000021095	AATF
ENSP00000369840	ENSG00000175664	TEX26	ENSEEEP00000044971	ENSEEEG00000021225	fam78ab
ENSP00000480736	ENSG00000274229	SOCS7	ENSEEEP00000036042	ENSEEEG00000017141	SOCS7
ENSP00000481061	ENSG00000276432	RDM1	ENSEEEP00000022691	ENSEEEG00000011017	zgc:103564
ENSP00000370420	ENSG00000205642	VCX3B	ENSEEEP00000016866	ENSEEEG00000008356	
ENSP00000369320	ENSG00000102104	RS1	ENSEEEP00000052220	ENSEEEG00000024483	RS1
ENSP00000363643	ENSG00000186912	P2RY4	ENSEEEP00000026075	ENSEEEG00000012628	P2RY4
ENSP00000367913	ENSG00000198173	FAM47C	ENSEEEP00000055203	ENSEEEG00000028045	
ENSP00000256429	ENSG00000134046	MBD2	ENSEEEP00000008646	ENSEEEG00000004488	MBD2
ENSP00000767719	ENSG00000152234	ATP5F1A	ENSEEEP00000020699	ENSEEEG00000010092	atp5fa1
ENSP00000255305	ENSG00000132953	XPO4	ENSEEEP00000049695	ENSEEEG00000023337	XPO4
ENSP00000596502	ENSG00000151849	CPAP	ENSEEEP00000026054	ENSEEEG00000012617	CENPJ
ENSP00000460799	ENSG00000261972	CES5A	ENSEEEP00000055179	ENSEEEG00000010338	CES3
ENSP00000483747	ENSG00000275397	DHRS11	ENSEEEP00000050505	ENSEEEG00000023747	dhrs11a
ENSP00000269601	ENSG00000141759	TXNL4A	ENSEEEP00000047046	ENSEEEG00000022148	TXNL4A
ENSP00000483956	ENSG00000275903	PSMB3	ENSEEEP00000038548	ENSEEEG00000018300	PSMB3
ENSP00000622448	ENSG00000134884	ARGLU1	ENSEEEP00000041055	ENSEEEG00000019440	arglu1b
ENSP00000267273	ENSG00000139780	METTL21C	ENSEEEP00000047186	ENSEEEG00000022213	METTL21C
ENSP00000597103	ENSG00000139835	GRTP1	ENSEEEP00000061610	ENSEEEG00000025252	grtp1a
ENSP00000344331	ENSG00000187773	DIPK1C	ENSEEEP00000010192	ENSEEEG00000005178	DIPK1C
ENSP00000334813	ENSG00000134438	RAX	ENSEEEP00000008671	ENSEEEG00000004500	rx3
ENSP00000262126	ENSG00000101745	ANKRD12	ENSEEEP00000062013	ENSEEEG00000028523	ANKRD12
ENSP00000505596	ENSG00000139793	MBNL2	ENSEEEP00000037089	ENSEEEG00000017616	MBNL2
ENSP00000488242	ENSG00000274636	GLIS2	ENSEEEP00000045672	ENSEEEG00000021538	glis2b
ENSP00000490181	ENSG00000102805	CLN5	ENSEEEP00000024959	ENSEEEG00000012106	cln5
ENSP00000370055	ENSG00000122042	UBL3	ENSEEEP00000057980	ENSEEEG00000002500	ubl3a
ENSP00000311984	ENSG00000213995	NAXD	ENSEEEP00000037862	ENSEEEG00000017997	NAXD
ENSP00000683992	ENSG00000101624	CEP76	ENSEEEP00000027128	ENSEEEG00000013094	CEP76
ENSP00000258613	ENSG00000136114	THSD1	ENSEEEP00000036701	ENSEEEG00000017414	THSD1
ENSP00000352798	ENSG00000182871	COL18A1	ENSEEEP00000043555	ENSEEEG00000020577	col18a1a
ENSP00000508137	ENSG00000167216	KATNAL2	ENSEEEP00000039994	ENSEEEG00000018962	KATNAL2
ENSP00000488916	ENSG00000282830	CALB2	ENSEEEP00000047003	ENSEEEG00000022119	calb2a
ENSP00000787704	ENSG00000151778	SERP2	ENSEEEP00000011440	ENSEEEG00000005781	SERP2
ENSP00000365596	ENSG00000169508	GPR183	ENSEEEP00000009925	ENSEEEG00000005048	gpr183a
ENSP00000439902	ENSG00000139618	BRCA2	ENSEEEP00000055096	ENSEEEG00000027450	
ENSP00000488893	ENSG00000282013	RPH3AL	ENSEEEP00000008593	ENSEEEG00000004452	RPH3AL
ENSP00000479494	ENSG00000126226	PCID2	ENSEEEP00000024951	ENSEEEG00000012089	PCID2
ENSP00000617771	ENSG00000101557	USP14	ENSEEEP00000022461	ENSEEEG00000010814	USP14
ENSP00000481626	ENSG00000152242	ARK2N	ENSEEEP00000061296	ENSEEEG00000027581	C18orf25
ENSP00000498881	ENSG00000134899	ERCC5	ENSEEEP00000027213	ENSEEEG00000013131	ercc5
ENSP00000521128	ENSG00000167220	HDHD2	ENSEEEP00000039986	ENSEEEG00000018959	HDHD2
ENSP00000508153	ENSG00000005810	MYCBP2	ENSEEEP00000017096	ENSEEEG00000006725	MYCBP2
ENSP00000794597	ENSG00000101670	LIPG	ENSEEEP00000037905	ENSEEEG00000018000	LIPG
ENSP00000493716	ENSG00000125266	EFNB2	ENSEEEP00000056066	ENSEEEG00000010437	efnb2a
ENSP00000535887	ENSG00000153339	TRAPPC8	ENSEEEP00000001013	ENSEEEG00000000589	TRAPPC8
ENSP00000602983	ENSG00000154640	BTG3	ENSEEEP00000004765	ENSEEEG00000002494	BTG3
ENSP00000520998	ENSG00000130589	HELZ2	ENSEEEP00000017868	ENSEEEG00000008819	helz2a
ENSP00000502087	ENSG00000159267	HLCS	ENSEEEP00000025950	ENSEEEG00000012575	HLCS
ENSP00000489048	ENSG00000153531	ADPRHL1	ENSEEEP00000025497	ENSEEEG00000012344	adprhl1
ENSP00000437737	ENSG00000102468	HTR2A	ENSEEEP00000022927	ENSEEEG00000011122	htr2aa
ENSP00000561230	ENSG00000165556	CDX2	ENSEEEP00000027268	ENSEEEG00000013156	cdx1b
ENSP00000331734	ENSG00000183145	RIPPLY3	ENSEEEP00000025949	ENSEEEG00000012574	RIPPLY3
ENSP00000269844	ENSG00000141956	PRDM15	ENSEEEP00000016933	ENSEEEG00000008381	PRDM15
ENSP00000349571	ENSG00000136153	LMO7	ENSEEEP00000011395	ENSEEEG00000005671	LMO7
ENSP00000550962	ENSG00000075643	MOCOS	ENSEEEP00000010314	ENSEEEG00000005202	MOCOS
ENSP00000621500	ENSG00000119537	KDSR	ENSEEEP00000020087	ENSEEEG00000009816	KDSR
ENSP00000488046	ENSG00000277956	MAPT	ENSEEEP00000027867	ENSEEEG00000013419	maptb
ENSP00000529538	ENSG00000173638	SLC19A1	ENSEEEP00000049488	ENSEEEG00000023264	SLC19A1
ENSP00000430858	ENSG00000276418		ENSEEEP00000031544	ENSEEEG00000015090	tpd52
ENSP00000454445	ENSG00000258677		ENSEEEP00000058024	ENSEEEG00000026431	ube2w
ENSP00000291560	ENSG00000160207	HSF2BP	ENSEEEP00000024604	ENSEEEG00000011927	HSF2BP
ENSP00000269187	ENSG00000141424	SLC39A6	ENSEEEP00000052859	ENSEEEG00000012555	SLC39A6
ENSP00000559290	ENSG00000160310	PRMT2	ENSEEEP00000015134	ENSEEEG00000007539	EBPL
ENSP00000520912	ENSG00000125810	CD93	ENSEEEP00000047814	ENSEEEG00000022506	
ENSP00000201031	ENSG00000087510	TFAP2C	ENSEEEP00000015710	ENSEEEG00000007781	TFAP2A
ENSP00000318799	ENSG00000180828	BHLHE22	ENSEEEP00000021928	ENSEEEG00000010653	BHLHE22
ENSP00000368612	ENSG00000102763	VWA8	ENSEEEP00000013134	ENSEEEG00000005805	VWA8
ENSP00000366557	ENSG00000101343	CRNKL1	ENSEEEP00000019580	ENSEEEG00000009593	CRNKL1
ENSP00000310722	ENSG00000172680	MOS	ENSEEEP00000025421	ENSEEEG00000012338	MOS
ENSP00000367299	ENSG00000136100	VPS36	ENSEEEP00000036669	ENSEEEG00000017403	VPS36
ENSP00000329858	ENSG00000183665	TYW2	ENSEEEP00000035546	ENSEEEG00000016933	TRMT12
ENSP00000361636	ENSG00000101470	TNNC2	ENSEEEP00000015513	ENSEEEG00000007684	TNNC2
ENSP00000666067	ENSG00000244687	UBE2V1	ENSEEEP00000032826	ENSEEEG00000015591	ube2v1
ENSP00000320089	ENSG00000180053	NKX2-6	ENSEEEP00000001955	ENSEEEG00000001221	nkx2.7
ENSP00000364929	ENSG00000153487	ING1	ENSEEEP00000024619	ENSEEEG00000011937	ING1
ENSP00000328364	ENSG00000182759	MAFA	ENSEEEP00000061231	ENSEEEG00000027431	mafaa
ENSP00000261296	ENSG00000088451	TGDS	ENSEEEP00000047701	ENSEEEG00000022451	TGDS
ENSP00000302924	ENSG00000172458	IL17D	ENSEEEP00000049713	ENSEEEG00000023372	il17d
ENSP00000318960	ENSG00000080189	SLC35H1	ENSEEEP00000015526	ENSEEEG00000007709	SLC35C2
ENSP00000375267	ENSG00000203950	RTL8A	ENSEEEP00000053106	ENSEEEG00000028378	
ENSP00000502252	ENSG00000102445	RUBCNL	ENSEEEP00000022895	ENSEEEG00000011112	RUBCNL
ENSP00000521068	ENSG00000234469	CLDN34	ENSEEEP00000031989	ENSEEEG00000015265	
ENSP00000631215	ENSG00000134882	UBAC2	ENSEEEP00000056792	ENSEEEG00000028046	UBAC2
ENSP00000322396	ENSG00000179041	RRS1	ENSEEEP00000054724	ENSEEEG00000010532	RRS1
ENSP00000521113	ENSG00000225366	CRIPTO3	ENSEEEP00000025240	ENSEEEG00000012248	tdgf1
ENSP00000515414	ENSG00000290230		ENSEEEP00000023232	ENSEEEG00000011262	EXOSC4
ENSP00000516752	ENSG00000164933	SLC25A32	ENSEEEP00000006233	ENSEEEG00000003328	slc25a32b
ENSP00000342121	ENSG00000127870	RNF6	ENSEEEP00000061030	ENSEEEG00000024699	RNF6
ENSP00000328326	ENSG00000206579	XKR4	ENSEEEP00000058857	ENSEEEG00000026714	XKR4
ENSP00000216117	ENSG00000100292	HMOX1	ENSEEEP00000009518	ENSEEEG00000004866	HMOX1
ENSP00000297324	ENSG00000164743	C8orf48	ENSEEEP00000004011	ENSEEEG00000002146	uba52
ENSP00000498157	ENSG00000100138	SNU13	ENSEEEP00000059917	ENSEEEG00000015257	snu13b
ENSP00000369411	ENSG00000133119	RFC3	ENSEEEP00000022821	ENSEEEG00000011065	RFC3
ENSP00000565202	ENSG00000069998	HDHD5	ENSEEEP00000040264	ENSEEEG00000019088	HDHD5
ENSP00000596305	ENSG00000155959	VBP1	ENSEEEP00000010666	ENSEEEG00000005402	VBP1
ENSP00000319914	ENSG00000176907	TCIM	ENSEEEP00000048870	ENSEEEG00000022982	tcima
ENSP00000796126	ENSG00000185825	BCAP31	ENSEEEP00000031295	ENSEEEG00000014986	BCAP31
ENSP00000366267	ENSG00000179399	GPC5	ENSEEEP00000057746	ENSEEEG00000027991	gpc5a
ENSP00000318982	ENSG00000133106	EPSTI1	ENSEEEP00000011451	ENSEEEG00000005785	EPSTI1
ENSP00000217426	ENSG00000101444	AHCY	ENSEEEP00000040072	ENSEEEG00000018907	AHCY
ENSP00000603106	ENSG00000125246	CLYBL	ENSEEEP00000004138	ENSEEEG00000002195	CLYBL
ENSP00000369618	ENSG00000215251	FASTKD5	ENSEEEP00000016128	ENSEEEG00000007983	FASTKD5
ENSP00000380872	ENSG00000182405	PGBD4	ENSEEEP00000032378	ENSEEEG00000015436	
ENSP00000217446	ENSG00000101464	PIGU	ENSEEEP00000057498	ENSEEEG00000000208	pigu
ENSP00000370345	ENSG00000152520	PAN3	ENSEEEP00000029176	ENSEEEG00000013875	PAN3
ENSP00000286732	ENSG00000156206	CFAP161	ENSEEEP00000013911	ENSEEEG00000006914	CFAP161
ENSP00000489069	ENSG00000259316		ENSEEEP00000041804	ENSEEEG00000019772	pclaf
ENSP00000509067	ENSG00000102158	MAGT1	ENSEEEP00000012279	ENSEEEG00000006166	MAGT1
ENSP00000746017	ENSG00000215440	NPEPL1	ENSEEEP00000037398	ENSEEEG00000017768	NPEPL1
ENSP00000342392	ENSG00000188095	MESP2	ENSEEEP00000061932	ENSEEEG00000027941	mespba
ENSP00000489525	ENSG00000259332	ST20-MTHFS	ENSEEEP00000056701	ENSEEEG00000025471	mthfs
ENSP00000388723	ENSG00000234438	KBTBD13	ENSEEEP00000032306	ENSEEEG00000015403	KBTBD13
ENSP00000392762	ENSG00000080166	DCT	ENSEEEP00000041776	ENSEEEG00000019274	DCT
ENSP00000613896	ENSG00000017797	RALBP1	ENSEEEP00000016440	ENSEEEG00000008137	RALBP1
ENSP00000399547	ENSG00000230778	ANKRD63	ENSEEEP00000052839	ENSEEEG00000025091	ANKRD63
ENSP00000384667	ENSG00000128346	C22orf23	ENSEEEP00000060298	ENSEEEG00000029126	si:dkey-43k4.3
ENSP00000512259	ENSG00000183287	CCBE1	ENSEEEP00000008707	ENSEEEG00000004519	CCBE1
ENSP00000492634	ENSG00000259330	INAFM2	ENSEEEP00000045391	ENSEEEG00000021423	INAFM2
ENSP00000307297	ENSG00000169105	CHST14	ENSEEEP00000040628	ENSEEEG00000019255	chst14
ENSP00000298743	ENSG00000180447	GAS1	ENSEEEP00000006654	ENSEEEG00000003531	gas1a
ENSP00000424768	ENSG00000251349	MSANTD3-TMEFF1	ENSEEEP00000033582	ENSEEEG00000015976	tmeff1b
ENSP00000783576	ENSG00000100399	CHADL	ENSEEEP00000023291	ENSEEEG00000011292	chadlb
ENSP00000606927	ENSG00000159873	CCDC117	ENSEEEP00000019048	ENSEEEG00000009351	si:ch211-102c2.7
ENSP00000440217	ENSG00000130032	PRRG3	ENSEEEP00000038199	ENSEEEG00000018161	PRRG1
ENSP00000479370	ENSG00000138867	GUCD1	ENSEEEP00000023565	ENSEEEG00000011424	GUCD1
ENSP00000435033	ENSG00000284341		ENSEEEP00000061021	ENSEEEG00000010750	ptgdsa
ENSP00000788172	ENSG00000099994	SUSD2	ENSEEEP00000046389	ENSEEEG00000021841	SUSD2
ENSP00000375053	ENSG00000187713	TMEM203	ENSEEEP00000020703	ENSEEEG00000010099	TMEM203
ENSP00000349041	ENSG00000198435	NRARP	ENSEEEP00000022140	ENSEEEG00000010756	nrarpb
ENSP00000488580	ENSG00000274619	CFD	ENSEEEP00000043252	ENSEEEG00000020429	CFD
ENSP00000361569	ENSG00000188483	IER5L	ENSEEEP00000033896	ENSEEEG00000016141	IER5L
ENSP00000512931	ENSG00000132958	TPTE2	ENSEEEP00000036739	ENSEEEG00000017429	tpte
ENSP00000749656	ENSG00000134873	CLDN10	ENSEEEP00000012631	ENSEEEG00000006342	cldn10a
ENSP00000370508	ENSG00000122033	MTIF3	ENSEEEP00000032510	ENSEEEG00000015498	MTIF3
ENSP00000495484	ENSG00000257524		ENSEEEP00000054809	ENSEEEG00000026467	st6galnac6
ENSP00000497618	ENSG00000285942		ENSEEEP00000027748	ENSEEEG00000013359	LRRC57
ENSP00000536344	ENSG00000133103	COG6	ENSEEEP00000056211	ENSEEEG00000019663	COG6
ENSP00000477141	ENSG00000260230	FRRS1L	ENSEEEP00000042749	ENSEEEG00000020171	FRRS1L
ENSP00000497886	ENSG00000206418	RAB12	ENSEEEP00000064210	ENSEEEG00000024872	RAB12
ENSP00000361151	ENSG00000170835	CEL	ENSEEEP00000007115	ENSEEEG00000003754	cel.2
ENSP00000299727	ENSG00000166573	GALR1	ENSEEEP00000011389	ENSEEEG00000005756	galr1a
ENSP00000360640	ENSG00000000419	DPM1	ENSEEEP00000015570	ENSEEEG00000007718	DPM1
ENSP00000255224	ENSG00000132872	SYT4	ENSEEEP00000010669	ENSEEEG00000005405	SYT4
ENSP00000650206	ENSG00000100353	EIF3D	ENSEEEP00000008936	ENSEEEG00000004609	EIF3D
ENSP00000370527	ENSG00000159200	RCAN1	ENSEEEP00000029909	ENSEEEG00000014325	rcan1a
ENSP00000371514	ENSG00000168263	KCNV2	ENSEEEP00000041164	ENSEEEG00000019482	kcnv2a
ENSP00000361667	ENSG00000175283	DOLK	ENSEEEP00000012983	ENSEEEG00000006527	DOLK
ENSP00000439287	ENSG00000101098	RIMS4	ENSEEEP00000004790	ENSEEEG00000002501	RIMS4
ENSP00000505761	ENSG00000183337	BCOR	ENSEEEP00000023547	ENSEEEG00000011419	BCOR
ENSP00000308759	ENSG00000173276	ZBTB21	ENSEEEP00000058688	ENSEEEG00000024821	ZBTB21
ENSP00000497510	ENSG00000285723		ENSEEEP00000061332	ENSEEEG00000028942	
ENSP00000582805	ENSG00000134900	TPP2	ENSEEEP00000027203	ENSEEEG00000013124	TPP2
ENSP00000799860	ENSG00000178127	NDUFV2	ENSEEEP00000048245	ENSEEEG00000022716	NDUFV2
ENSP00000563050	ENSG00000241837	ATP5PO	ENSEEEP00000050378	ENSEEEG00000023686	atp5po
ENSP00000478308	ENSG00000273936	TNFRSF14	ENSEEEP00000011984	ENSEEEG00000006042	CD40
ENSP00000332034	ENSG00000120685	PROSER1	ENSEEEP00000036645	ENSEEEG00000017400	PROSER1
ENSP00000317691	ENSG00000178718	RPP25	ENSEEEP00000033445	ENSEEEG00000015897	rpp25b
ENSP00000411940	ENSG00000234829	IFNA17	ENSEEEP00000060039	ENSEEEG00000011016	
ENSP00000369554	ENSG00000188379	IFNA2	ENSEEEP00000058030	ENSEEEG00000028007	pdcd10a
ENSP00000487073	ENSG00000255192	NANOGP8	ENSEEEP00000032895	ENSEEEG00000015658	nanog
ENSP00000365426	ENSG00000134864	GGACT	ENSEEEP00000038211	ENSEEEG00000018170	
ENSP00000383115	ENSG00000158270	COLEC12	ENSEEEP00000013440	ENSEEEG00000006726	COLEC12
ENSP00000558508	ENSG00000156273	BACH1	ENSEEEP00000025050	ENSEEEG00000012155	bach1b
ENSP00000303549	ENSG00000171657	GPR82	ENSEEEP00000015531	ENSEEEG00000007712	GPR82
ENSP00000368682	ENSG00000102174	PHEX	ENSEEEP00000035345	ENSEEEG00000016824	PHEX
ENSP00000735604	ENSG00000141380	SS18	ENSEEEP00000011229	ENSEEEG00000005689	SS18
ENSP00000377807	ENSG00000187866	PABIR1	ENSEEEP00000051943	ENSEEEG00000024372	fam122b
ENSP00000484288	ENSG00000174405	LIG4	ENSEEEP00000024668	ENSEEEG00000011951	LIG4
ENSP00000366897	ENSG00000118922	KLF12	ENSEEEP00000009941	ENSEEEG00000005058	klf12b
ENSP00000371307	ENSG00000205808	PLPP6	ENSEEEP00000023636	ENSEEEG00000011450	PLPP6
ENSP00000465231	ENSG00000137878	GCOM1	ENSEEEP00000052809	ENSEEEG00000017838	myzap
ENSP00000559903	ENSG00000101216	GMEB2	ENSEEEP00000024994	ENSEEEG00000012121	GMEB2
ENSP00000504566	ENSG00000171791	BCL2	ENSEEEP00000020091	ENSEEEG00000009818	bcl2b
ENSP00000319417	ENSG00000165480	SKA3	ENSEEEP00000049591	ENSEEEG00000023316	ska3
ENSP00000391457	ENSG00000153391	INO80C	ENSEEEP00000042762	ENSEEEG00000020176	INO80C
ENSP00000364265	ENSG00000178919	FOXE1	ENSEEEP00000048040	ENSEEEG00000022635	FOXE1
ENSP00000345147	ENSG00000125816	NKX2-4	ENSEEEP00000047579	ENSEEEG00000022397	nkx2.4a
ENSP00000371388	ENSG00000271303	SRXN1	ENSEEEP00000001690	ENSEEEG00000001081	
ENSP00000555125	ENSG00000125901	MRPS26	ENSEEEP00000031091	ENSEEEG00000014882	MRPS26
ENSP00000465953	ENSG00000132874	SLC14A2	ENSEEEP00000027708	ENSEEEG00000013327	SLC14A2
ENSP00000267328	ENSG00000139832	RAB20	ENSEEEP00000037849	ENSEEEG00000017994	RAB20
ENSP00000523595	ENSG00000141448	GATA6	ENSEEEP00000013316	ENSEEEG00000006671	GATA6
ENSP00000261590	ENSG00000046604	DSG2	ENSEEEP00000063252	ENSEEEG00000026881	DSG2
ENSP00000443783	ENSG00000174306	ZHX3	ENSEEEP00000055592	ENSEEEG00000025902	ZHX3
ENSP00000461521	ENSG00000263290	SCAMP3	ENSEEEP00000013666	ENSEEEG00000006822	SCAMP3
ENSP00000497783	ENSG00000154059	IMPACT	ENSEEEP00000038453	ENSEEEG00000018264	IMPACT
ENSP00000720303	ENSG00000150403	SLC9D1	ENSEEEP00000025726	ENSEEEG00000012415	TMCO3
ENSP00000348273	ENSG00000197971	MBP	ENSEEEP00000053505	ENSEEEG00000028180	mbpb
ENSP00000645106	ENSG00000100319	ZMAT5	ENSEEEP00000039355	ENSEEEG00000018693	ZMAT5
ENSP00000590510	ENSG00000183579	ZNRF3	ENSEEEP00000057926	ENSEEEG00000008586	ZNRF3
ENSP00000544598	ENSG00000244005	NFS1	ENSEEEP00000016438	ENSEEEG00000008139	NFS1
ENSP00000270112	ENSG00000142149	HUNK	ENSEEEP00000057274	ENSEEEG00000028155	HUNK
ENSP00000494248	ENSG00000285390	ATP5IF1	ENSEEEP00000001070	ENSEEEG00000000714	atp5if1b
ENSP00000371794	ENSG00000205927	OLIG2	ENSEEEP00000040764	ENSEEEG00000019319	OLIG2
ENSP00000501955	ENSG00000102452	NALCN	ENSEEEP00000004349	ENSEEEG00000002286	NALCN
ENSP00000355180	ENSG00000142156	COL6A1	ENSEEEP00000024040	ENSEEEG00000011664	col6a1
ENSP00000244745	ENSG00000124766	SOX4	ENSEEEP00000016613	ENSEEEG00000008225	sox4b
ENSP00000415430	ENSG00000075218	GTSE1	ENSEEEP00000045886	ENSEEEG00000021630	GTSE1
ENSP00000493906	ENSG00000054598	FOXC1	ENSEEEP00000052799	ENSEEEG00000028435	foxc1a
ENSP00000345464	ENSG00000187566	NHLRC1	ENSEEEP00000021523	ENSEEEG00000010487	NHLRC1
ENSP00000329170	ENSG00000184486	POU3F2	ENSEEEP00000011433	ENSEEEG00000005777	pou3f2b
ENSP00000360240	ENSG00000203972	GLYATL3	ENSEEEP00000001849	ENSEEEG00000001168	si:dkey-76k16.6
ENSP00000498505	ENSG00000166265	CYYR1	ENSEEEP00000039668	ENSEEEG00000018820	CYYR1
ENSP00000369962	ENSG00000183067	IGSF5	ENSEEEP00000022521	ENSEEEG00000010932	igsf5a
ENSP00000300255	ENSG00000166979	EVA1C	ENSEEEP00000062015	ENSEEEG00000028847	eva1c
ENSP00000216036	ENSG00000100218	RSPH14	ENSEEEP00000016990	ENSEEEG00000008418	RSPH14
ENSP00000583515	ENSG00000089091	DZANK1	ENSEEEP00000051907	ENSEEEG00000024359	DZANK1
ENSP00000641289	ENSG00000196199	MPHOSPH8	ENSEEEP00000052709	ENSEEEG00000026680	MPHOSPH8
ENSP00000215742	ENSG00000184436	THAP7	ENSEEEP00000001504	ENSEEEG00000000975	THAP7
ENSP00000486510	ENSG00000280663	PCMTD2	ENSEEEP00000048323	ENSEEEG00000022759	pcmtd2a
ENSP00000555418	ENSG00000093072	ADA2	ENSEEEP00000033935	ENSEEEG00000016165	ada2b
ENSP00000275198	ENSG00000146383	TAAR6	ENSEEEP00000062266	ENSEEEG00000025990	TAAR5
ENSP00000533346	ENSG00000136110	CNMD	ENSEEEP00000039920	ENSEEEG00000018928	CNMD
ENSP00000330606	ENSG00000182601	HS3ST4	ENSEEEP00000001167	ENSEEEG00000000789	hs3st4
ENSP00000411658	ENSG00000141433	ADCYAP1	ENSEEEP00000002265	ENSEEEG00000001366	adcyap1a
ENSP00000291592	ENSG00000160233	LRRC3	ENSEEEP00000049496	ENSEEEG00000023270	LRRC3
ENSP00000607325	ENSG00000159259	CHAF1B	ENSEEEP00000050358	ENSEEEG00000023681	CHAF1B
ENSP00000394624	ENSG00000112038	OPRM1	ENSEEEP00000007506	ENSEEEG00000003922	OPRM1
ENSP00000400882	ENSG00000256812	CAPNS2	ENSEEEP00000038605	ENSEEEG00000018327	capns1b
ENSP00000556158	ENSG00000166347	CYB5A	ENSEEEP00000057544	ENSEEEG00000025116	CYB5A
ENSP00000025301	ENSG00000023516	AKAP11	ENSEEEP00000011463	ENSEEEG00000005791	AKAP11
ENSP00000370421	ENSG00000139515	PDX1	ENSEEEP00000047454	ENSEEEG00000022328	PDX1
ENSP00000397435	ENSG00000102804	TSC22D1	ENSEEEP00000055653	ENSEEEG00000028803	tsc22d1
ENSP00000496779	ENSG00000099949	LZTR1	ENSEEEP00000017930	ENSEEEG00000008721	LZTR1
ENSP00000326603	ENSG00000101596	SMCHD1	ENSEEEP00000002321	ENSEEEG00000001380	SMCHD1
ENSP00000761740	ENSG00000132963	POMP	ENSEEEP00000040576	ENSEEEG00000019207	POMP
ENSP00000291568	ENSG00000160213	CSTB	ENSEEEP00000041797	ENSEEEG00000019768	cst14a.1
ENSP00000332513	ENSG00000185437	SH3BGR	ENSEEEP00000015945	ENSEEEG00000007886	sh3bgr
ENSP00000356708	ENSG00000177468	OLIG3	ENSEEEP00000018288	ENSEEEG00000008985	OLIG3
ENSP00000269466	ENSG00000141642	ELAC1	ENSEEEP00000061192	ENSEEEG00000026928	ELAC1
ENSP00000323580	ENSG00000032742	IFT88	ENSEEEP00000049736	ENSEEEG00000023373	IFT88
ENSP00000490709	ENSG00000261832		ENSEEEP00000002730	ENSEEEG00000001577	CLN3
ENSP00000458900	ENSG00000263160	TMEM50B	ENSEEEP00000006824	ENSEEEG00000003602	TMEM50B
ENSP00000528843	ENSG00000100307	CBX7	ENSEEEP00000023708	ENSEEEG00000011486	cbx7b
ENSP00000262039	ENSG00000078142	PIK3C3	ENSEEEP00000012177	ENSEEEG00000006139	PIK3C3
ENSP00000008391	ENSG00000008197	TFAP2D	ENSEEEP00000033008	ENSEEEG00000015715	TFAP2D
ENSP00000458791	ENSG00000180269	GPR139	ENSEEEP00000037545	ENSEEEG00000017859	GPR139
ENSP00000368805	ENSG00000124827	GCM2	ENSEEEP00000033482	ENSEEEG00000015915	GCM2
ENSP00000563275	ENSG00000166845	C18orf54	ENSEEEP00000022946	ENSEEEG00000011135	zgc:152948
ENSP00000398597	ENSG00000223496	EXOSC6	ENSEEEP00000034808	ENSEEEG00000016561	exosc6
ENSP00000230361	ENSG00000112599	GUCA1B	ENSEEEP00000011829	ENSEEEG00000005953	GUCA1B
ENSP00000332340	ENSG00000182810	DDX28	ENSEEEP00000016251	ENSEEEG00000008043	DDX28
ENSP00000319590	ENSG00000176381	PRR18	ENSEEEP00000021058	ENSEEEG00000010271	prr18
ENSP00000712364	ENSG00000134490	SLC35D4	ENSEEEP00000034866	ENSEEEG00000016583	TMEM241
ENSP00000341214	ENSG00000187475	H1-6	ENSEEEP00000049399	ENSEEEG00000023215	histh1l
ENSP00000566681	ENSG00000160183	TMPRSS3	ENSEEEP00000023543	ENSEEEG00000011417	tmprss3a
ENSP00000282003	ENSG00000152193	OBI1	ENSEEEP00000014157	ENSEEEG00000007030	obi1
ENSP00000361967	ENSG00000124659	TBCC	ENSEEEP00000011696	ENSEEEG00000005889	TBCC
ENSP00000246115	ENSG00000125910	S1PR4	ENSEEEP00000021318	ENSEEEG00000010385	S1PR4
ENSP00000255476	ENSG00000133111	RFXAP	ENSEEEP00000012360	ENSEEEG00000006221	RFXAP
ENSP00000527062	ENSG00000101457	DNTTIP1	ENSEEEP00000015022	ENSEEEG00000007359	ube2c
ENSP00000292574	ENSG00000160994	TEKTL1	ENSEEEP00000042807	ENSEEEG00000020198	CCDC105
ENSP00000455755	ENSG00000258539		ENSEEEP00000035975	ENSEEEG00000017113	eef1akmt2
ENSP00000485690	ENSG00000275003	DDT	ENSEEEP00000012965	ENSEEEG00000006517	ddt
ENSP00000245304	ENSG00000125249	RAP2A	ENSEEEP00000037083	ENSEEEG00000017611	rap2aa
ENSP00000487431	ENSG00000281013	NDUFA6	ENSEEEP00000020725	ENSEEEG00000010115	NDUFA6
ENSP00000372199	ENSG00000142207	URB1	ENSEEEP00000015324	ENSEEEG00000007613	URB1
ENSP00000472547	ENSG00000268790		ENSEEEP00000046376	ENSEEEG00000021831	SMIM7
ENSP00000284674	ENSG00000154478	GPR26	ENSEEEP00000007861	ENSEEEG00000004110	GPR26
ENSP00000481741	ENSG00000277656	GSTT1	ENSEEEP00000012967	ENSEEEG00000006519	gstt1b
ENSP00000370849	ENSG00000205730	ITPRIPL2	ENSEEEP00000028856	ENSEEEG00000013858	ITPRIPL2
ENSP00000535637	ENSG00000100325	ASCC2	ENSEEEP00000019434	ENSEEEG00000009521	ASCC2
ENSP00000577133	ENSG00000175354	PTPN2	ENSEEEP00000050327	ENSEEEG00000023663	ptpn2b
ENSP00000632458	ENSG00000185917	SETD4	ENSEEEP00000050062	ENSEEEG00000023543	SETD4
ENSP00000491678	ENSG00000124155	PIGT	ENSEEEP00000018597	ENSEEEG00000009141	PIGT
ENSP00000410041	ENSG00000180592	SKIDA1	ENSEEEP00000035174	ENSEEEG00000016737	SKIDA1
ENSP00000476672	ENSG00000235376	RPEL1	ENSEEEP00000043985	ENSEEEG00000020775	rpe
ENSP00000558986	ENSG00000133104	SPART	ENSEEEP00000018690	ENSEEEG00000009192	spartb
ENSP00000469872	ENSG00000171570	RAB4B-EGLN2	ENSEEEP00000064558	ENSEEEG00000025968	rab4b
ENSP00000413100	ENSG00000174109	UQCC4	ENSEEEP00000057296	ENSEEEG00000028469	si:ch211-231f6.6
ENSP00000492108	ENSG00000284395	PERCC1	ENSEEEP00000052795	ENSEEEG00000027329	PERCC1
ENSP00000244314	ENSG00000124449	IRGC	ENSEEEP00000034594	ENSEEEG00000016453	IRGC
ENSP00000484263	ENSG00000232258	TMEM114	ENSEEEP00000043109	ENSEEEG00000020351	TMEM114
ENSP00000304689	ENSG00000168286	THAP11	ENSEEEP00000034946	ENSEEEG00000016627	THAP11
ENSP00000458537	ENSG00000141086	CTRL	ENSEEEP00000007683	ENSEEEG00000004024	CTRL
ENSP00000306220	ENSG00000169446	MMGT1	ENSEEEP00000056800	ENSEEEG00000027391	MMGT1
ENSP00000255499	ENSG00000133135	RNF128	ENSEEEP00000059513	ENSEEEG00000025837	rnf128a
ENSP00000464780	ENSG00000134779	TPGS2	ENSEEEP00000031508	ENSEEEG00000015070	TPGS2
ENSP00000299238	ENSG00000166189	HPS6	ENSEEEP00000052956	ENSEEEG00000028341	
ENSP00000307265	ENSG00000170604	IRF2BP1	ENSEEEP00000026710	ENSEEEG00000012896	irf2bp1
ENSP00000360918	ENSG00000138135	CH25H	ENSEEEP00000030977	ENSEEEG00000014819	ch25h
ENSP00000258042	ENSG00000135577	NMBR	ENSEEEP00000052578	ENSEEEG00000024627	NMBR
ENSP00000456832	ENSG00000255339		ENSEEEP00000011346	ENSEEEG00000005740	ndufb8
ENSP00000517824	ENSG00000292086	FAHD2A	ENSEEEP00000037486	ENSEEEG00000017823	FAHD2A
ENSP00000430706	ENSG00000253626	EIF5AL1	ENSEEEP00000041742	ENSEEEG00000019742	EIF5AL1
ENSP00000507261	ENSG00000288721		ENSEEEP00000031808	ENSEEEG00000015191	med20
ENSP00000345716	ENSG00000189134	NKAPL	ENSEEEP00000030225	ENSEEEG00000014490	NKAP
ENSP00000358703	ENSG00000203877	RIPPLY2	ENSEEEP00000038197	ENSEEEG00000018160	RIPPLY1
ENSP00000517863	ENSG00000292118	CCDC74B	ENSEEEP00000056724	ENSEEEG00000028333	si:ch211-222n4.2
ENSP00000329926	ENSG00000185933	CALHM1	ENSEEEP00000058020	ENSEEEG00000020495	CALHM1
ENSP00000358798	ENSG00000183128	CALHM3	ENSEEEP00000050389	ENSEEEG00000023694	CALHM3
ENSP00000493805	ENSG00000224578	HNRNPA1L3	ENSEEEP00000043157	ENSEEEG00000020377	hnrnpa1a
ENSP00000362777	ENSG00000179774	ATOH7	ENSEEEP00000014620	ENSEEEG00000007267	ATOH7
ENSP00000517833	ENSG00000292097	METAP1D	ENSEEEP00000010305	ENSEEEG00000005216	METAP1D
ENSP00000568941	ENSG00000183255	PTTG1IP	ENSEEEP00000046668	ENSEEEG00000021978	PTTG1IP
ENSP00000366157	ENSG00000152749	GPR180	ENSEEEP00000047707	ENSEEEG00000022456	GPR180
ENSP00000280155	ENSG00000150594	ADRA2A	ENSEEEP00000021774	ENSEEEG00000010590	ADRA2A
ENSP00000356541	ENSG00000169976	SF3B5	ENSEEEP00000007499	ENSEEEG00000003920	SF3B5
ENSP00000496438	ENSG00000267534	S1PR2	ENSEEEP00000040521	ENSEEEG00000019194	S1PR2
ENSP00000640697	ENSG00000136156	ITM2B	ENSEEEP00000018504	ENSEEEG00000009093	itm2ba
ENSP00000485701	ENSG00000277926	NEU4	ENSEEEP00000051858	ENSEEEG00000024336	NEU4
ENSP00000358301	ENSG00000043591	ADRB1	ENSEEEP00000012292	ENSEEEG00000006184	ADRA1B
ENSP00000337432	ENSG00000112116	IL17F	ENSEEEP00000010745	ENSEEEG00000005440	il17a/f3
ENSP00000365678	ENSG00000165312	OTUD1	ENSEEEP00000033424	ENSEEEG00000015886	OTUD1
ENSP00000568861	ENSG00000139684	ESD	ENSEEEP00000022921	ENSEEEG00000011118	ESD
ENSP00000252818	ENSG00000130522	JUND	ENSEEEP00000000127	ENSEEEG00000000093	JUND
ENSP00000470609	ENSG00000167774		ENSEEEP00000007563	ENSEEEG00000003951	ndufa7
ENSP00000291577	ENSG00000160221	GATD3	ENSEEEP00000054011	ENSEEEG00000019320	gatd3a
ENSP00000630460	ENSG00000101997	CCDC22	ENSEEEP00000024788	ENSEEEG00000012001	CCDC22
ENSP00000513596	ENSG00000100146	SOX10	ENSEEEP00000032925	ENSEEEG00000015674	SOX10
ENSP00000466140	ENSG00000267335		ENSEEEP00000045309	ENSEEEG00000021389	lhb
ENSP00000506368	ENSG00000100023	PPIL2	ENSEEEP00000017979	ENSEEEG00000008861	PPIL2
ENSP00000483729	ENSG00000132938	MTUS2	ENSEEEP00000059319	ENSEEEG00000019682	CCDC69
ENSP00000518214	ENSG00000292253	TGOLN2	ENSEEEP00000060304	ENSEEEG00000026895	tgoln2
ENSP00000365301	ENSG00000102466	FGF14	ENSEEEP00000004383	ENSEEEG00000002297	FGF14
ENSP00000441381	ENSG00000162006	MSLNL	ENSEEEP00000034813	ENSEEEG00000016566	
ENSP00000463762	ENSG00000249961	TERB1	ENSEEEP00000014239	ENSEEEG00000007078	TERB1
ENSP00000381036	ENSG00000118492	ADGB	ENSEEEP00000023895	ENSEEEG00000011598	
ENSP00000303315	ENSG00000171223	JUNB	ENSEEEP00000020002	ENSEEEG00000009780	junba
ENSP00000618353	ENSG00000120662	MTRF1	ENSEEEP00000047680	ENSEEEG00000022442	MTRF1
ENSP00000297977	ENSG00000165259	HDX	ENSEEEP00000003321	ENSEEEG00000001874	HDX
ENSP00000518177	ENSG00000181915	ADO	ENSEEEP00000012457	ENSEEEG00000006255	adob
ENSP00000277570	ENSG00000148426	PROSER2	ENSEEEP00000003401	ENSEEEG00000001901	
ENSP00000600784	ENSG00000100211	CBY1	ENSEEEP00000022894	ENSEEEG00000011111	CBY1
ENSP00000549918	ENSG00000240849	PEDS1	ENSEEEP00000001644	ENSEEEG00000001053	tmem189
ENSP00000649334	ENSG00000141401	IMPA2	ENSEEEP00000015424	ENSEEEG00000007652	IMPA2
ENSP00000505169	ENSG00000101160	CTSZ	ENSEEEP00000037434	ENSEEEG00000017784	CTSZ
ENSP00000315070	ENSG00000177291	GJD4	ENSEEEP00000000168	ENSEEEG00000000127	GJD4
ENSP00000256925	ENSG00000134508	CABLES1	ENSEEEP00000060897	ENSEEEG00000006651	CABLES1
ENSP00000358997	ENSG00000184216	IRAK1	ENSEEEP00000006739	ENSEEEG00000003563	IRAK1
ENSP00000305631	ENSG00000171773	NXNL1	ENSEEEP00000049090	ENSEEEG00000023067	nxnl1
ENSP00000499711	ENSG00000184381	PLA2G6	ENSEEEP00000025787	ENSEEEG00000012499	PLA2G6
ENSP00000547391	ENSG00000142168	SOD1	ENSEEEP00000064239	ENSEEEG00000026047	SOD1
ENSP00000496809	ENSG00000118680	MYL12B	ENSEEEP00000033684	ENSEEEG00000015991	
ENSP00000340677	ENSG00000075290	WNT8B	ENSEEEP00000001163	ENSEEEG00000000778	WNT8B
ENSP00000270458	ENSG00000142408	CACNG8	ENSEEEP00000058302	ENSEEEG00000012767	cacng8b
ENSP00000403049	ENSG00000139737	SLAIN1	ENSEEEP00000013256	ENSEEEG00000006646	slain1a
ENSP00000548472	ENSG00000101194	SLC17A9	ENSEEEP00000053736	ENSEEEG00000006800	slc17a9b
ENSP00000570268	ENSG00000123179	EBPL	ENSEEEP00000048966	ENSEEEG00000023013	EBPL
ENSP00000633651	ENSG00000118939	UCHL3	ENSEEEP00000011168	ENSEEEG00000005665	UCHL3
ENSP00000358963	ENSG00000135312	HTR1B	ENSEEEP00000025110	ENSEEEG00000012175	HTR1B
ENSP00000638762	ENSG00000100060	MFNG	ENSEEEP00000044482	ENSEEEG00000021008	MFNG
ENSP00000489993	ENSG00000283391	EEF1B2	ENSEEEP00000042082	ENSEEEG00000019878	EEF1B2
ENSP00000370299	ENSG00000146950	SHROOM2	ENSEEEP00000031991	ENSEEEG00000015267	shroom2a
ENSP00000243938	ENSG00000124116	WFDC3	ENSEEEP00000018599	ENSEEEG00000009142	wfdc2
ENSP00000513571	ENSG00000183918	SH2D1A	ENSEEEP00000003608	ENSEEEG00000001974	sh2d1ab
ENSP00000221496	ENSG00000104899	AMH	ENSEEEP00000025383	ENSEEEG00000012317	amh
ENSP00000631425	ENSG00000101337	TM9SF4	ENSEEEP00000057375	ENSEEEG00000010944	TM9SF4
ENSP00000426174	ENSG00000242715	CCDC169	ENSEEEP00000012328	ENSEEEG00000006204	
ENSP00000368165	ENSG00000205138	SDHAF1	ENSEEEP00000005766	ENSEEEG00000003046	SDHAF1
ENSP00000612528	ENSG00000102683	SGCG	ENSEEEP00000043220	ENSEEEG00000020412	SGCG
ENSP00000582872	ENSG00000101639	CEP192	ENSEEEP00000020522	ENSEEEG00000010021	RPS6KL1
ENSP00000461225	ENSG00000262860	LSM14A	ENSEEEP00000007568	ENSEEEG00000003953	lsm14aa
ENSP00000487383	ENSG00000277585	MUC4	ENSEEEP00000062825	ENSEEEG00000002647	FKBP9
ENSP00000468614	ENSG00000267059		ENSEEEP00000028534	ENSEEEG00000013707	UQCR11
ENSP00000531753	ENSG00000125247	TMTC4	ENSEEEP00000004268	ENSEEEG00000002206	TMTC4
ENSP00000491574	ENSG00000268041	ERFL	ENSEEEP00000057426	ENSEEEG00000020265	si:ch211-265g22.4
ENSP00000253048	ENSG00000130749	ZC3H4	ENSEEEP00000052480	ENSEEEG00000024579	ZC3H4
ENSP00000795238	ENSG00000243927	MRPS6	ENSEEEP00000022241	ENSEEEG00000010801	MRPS6
ENSP00000248958	ENSG00000128228	SDF2L1	ENSEEEP00000018791	ENSEEEG00000009239	SDF2L1
ENSP00000656882	ENSG00000160201	U2AF1	ENSEEEP00000018437	ENSEEEG00000009049	u2af1
ENSP00000470441	ENSG00000269855	RNF225	ENSEEEP00000041577	ENSEEEG00000019669	RNF183
ENSP00000642025	ENSG00000139496	NUP58	ENSEEEP00000018174	ENSEEEG00000008918	NUP58
ENSP00000566383	ENSG00000184979	USP18	ENSEEEP00000051209	ENSEEEG00000024037	usp18
ENSP00000718300	ENSG00000136152	COG3	ENSEEEP00000039645	ENSEEEG00000018807	COG3
ENSP00000427514	ENSG00000245848	CEBPA	ENSEEEP00000025572	ENSEEEG00000012403	CEBPA
ENSP00000512637	ENSG00000102145	GATA1	ENSEEEP00000022492	ENSEEEG00000010919	gata1a
ENSP00000620748	ENSG00000134444	RELCH	ENSEEEP00000036337	ENSEEEG00000017035	RELCH
ENSP00000379183	ENSG00000073150	PANX2	ENSEEEP00000024865	ENSEEEG00000012050	PANX2
ENSP00000556572	ENSG00000088448	ANKRD10	ENSEEEP00000024605	ENSEEEG00000011931	ankrd10a
ENSP00000366347	ENSG00000125820	NKX2-2	ENSEEEP00000047580	ENSEEEG00000022398	nkx2.2a
ENSP00000800199	ENSG00000147164	SNX12	ENSEEEP00000060337	ENSEEEG00000007382	SNX12
ENSP00000793006	ENSG00000100359	SGSM3	ENSEEEP00000016974	ENSEEEG00000007892	SGSM3
ENSP00000745566	ENSG00000171858	RPS21	ENSEEEP00000060268	ENSEEEG00000025144	RPS21
ENSP00000530226	ENSG00000188706	ZDHHC9	ENSEEEP00000030496	ENSEEEG00000014610	ZDHHC9
ENSP00000483550	ENSG00000276111	SDCCAG8	ENSEEEP00000015356	ENSEEEG00000007628	SDCCAG8
ENSP00000631036	ENSG00000101004	NINL	ENSEEEP00000009276	ENSEEEG00000004759	NINL
ENSP00000781585	ENSG00000139508	SLC46A3	ENSEEEP00000030052	ENSEEEG00000014400	SLC46A3
ENSP00000452549	ENSG00000258674		ENSEEEP00000050223	ENSEEEG00000023622	NDUFA13
ENSP00000262094	ENSG00000041353	RAB27B	ENSEEEP00000022967	ENSEEEG00000011146	rab27b
ENSP00000299721	ENSG00000166569	CPLX4	ENSEEEP00000008673	ENSEEEG00000004504	cplx4a
ENSP00000483499	ENSG00000177426	TGIF1	ENSEEEP00000054457	ENSEEEG00000028590	TGIF1
ENSP00000544842	ENSG00000101247	NDUFAF5	ENSEEEP00000036780	ENSEEEG00000017461	NDUFAF5
ENSP00000372964	ENSG00000088756	ARHGAP28	ENSEEEP00000000424	ENSEEEG00000000311	ARHGAP28
ENSP00000372170	ENSG00000163132	MSX1	ENSEEEP00000042720	ENSEEEG00000020159	msx1a
ENSP00000630125	ENSG00000198176	TFDP1	ENSEEEP00000047197	ENSEEEG00000022218	tfdp1a
ENSP00000473159	ENSG00000126262	FFAR2	ENSEEEP00000043614	ENSEEEG00000020617	si:ch211-231m23.4
ENSP00000358904	ENSG00000196700	ZNF512B	ENSEEEP00000052354	ENSEEEG00000024532	ZNF512B
ENSP00000440038	ENSG00000176896	TCEANC	ENSEEEP00000037757	ENSEEEG00000017948	TCEANC
ENSP00000262605	ENSG00000124120	TTPAL	ENSEEEP00000050628	ENSEEEG00000023801	TTPAL
ENSP00000269878	ENSG00000141977	CIB3	ENSEEEP00000050251	ENSEEEG00000023628	CIB3
ENSP00000597842	ENSG00000189403	HMGB1	ENSEEEP00000004772	ENSEEEG00000002498	hmgb1a
ENSP00000537790	ENSG00000160209	PDXK	ENSEEEP00000050033	ENSEEEG00000023528	pdxkb
ENSP00000484421	ENSG00000275544	BDH1	ENSEEEP00000038891	ENSEEEG00000018448	BDH1
ENSP00000692204	ENSG00000091164	TXNL1	ENSEEEP00000062286	ENSEEEG00000007919	txnl1
ENSP00000639704	ENSG00000100997	ABHD12	ENSEEEP00000056349	ENSEEEG00000021687	ABHD12
ENSP00000460395	ENSG00000263238	CTSO	ENSEEEP00000012799	ENSEEEG00000006431	CTSO
ENSP00000371607	ENSG00000027001	MIPEP	ENSEEEP00000042723	ENSEEEG00000019918	MIPEP
ENSP00000569792	ENSG00000100410	PHF5A	ENSEEEP00000022915	ENSEEEG00000011117	PHF5A
ENSP00000303584	ENSG00000156239	HEMK2	ENSEEEP00000039513	ENSEEEG00000018764	N6AMT1
ENSP00000613481	ENSG00000183762	KREMEN1	ENSEEEP00000046383	ENSEEEG00000021837	KREMEN1
ENSP00000517921	ENSG00000292158	RPS3A	ENSEEEP00000015600	ENSEEEG00000007732	RPS3A
ENSP00000368572	ENSG00000130066	SAT1	ENSEEEP00000043011	ENSEEEG00000020302	SAT1
ENSP00000517937	ENSG00000292165	SH3D19	ENSEEEP00000015591	ENSEEEG00000007731	sh3d19
ENSP00000370532	ENSG00000122034	GTF3A	ENSEEEP00000047438	ENSEEEG00000022314	gtf3ab
ENSP00000479256	ENSG00000255690	TRIL	ENSEEEP00000002583	ENSEEEG00000001491	TRIL
ENSP00000746718	ENSG00000101773	RBBP8	ENSEEEP00000034871	ENSEEEG00000016585	rbbp8
ENSP00000244040	ENSG00000124209	RAB22A	ENSEEEP00000055672	ENSEEEG00000027656	RAB22A
ENSP00000527265	ENSG00000120697	ALG5	ENSEEEP00000012390	ENSEEEG00000006226	ALG5
ENSP00000254803	ENSG00000132467	UTP3	ENSEEEP00000009463	ENSEEEG00000004830	UTP3
ENSP00000496394	ENSG00000100106	TRIOBP	ENSEEEP00000005851	ENSEEEG00000003109	triobpb
ENSP00000297203	ENSG00000164645	TEX47	ENSEEEP00000058599	ENSEEEG00000028758	
ENSP00000442515	ENSG00000131044	TTLL9	ENSEEEP00000018587	ENSEEEG00000009134	TTLL9
ENSP00000669958	ENSG00000244754	N4BP2L2	ENSEEEP00000026816	ENSEEEG00000012938	n4bp2l2
ENSP00000621456	ENSG00000128791	TWSG1	ENSEEEP00000053232	ENSEEEG00000023097	TWSG1
ENSP00000334879	ENSG00000186212	SOWAHB	ENSEEEP00000059045	ENSEEEG00000027578	
ENSP00000318113	ENSG00000177300	CLDN22	ENSEEEP00000017637	ENSEEEG00000008707	si:dkey-98f17.3
ENSP00000362963	ENSG00000147140	NONO	ENSEEEP00000002862	ENSEEEG00000001636	NONO
ENSP00000281321	ENSG00000151615	POU4F2	ENSEEEP00000020959	ENSEEEG00000010220	POU4F2
ENSP00000401564	ENSG00000099901	RANBP1	ENSEEEP00000019832	ENSEEEG00000009700	RANBP1
ENSP00000395244	ENSG00000234224	TMEM229A	ENSEEEP00000043090	ENSEEEG00000020342	TMEM229A
ENSP00000367691	ENSG00000139679	LPAR6	ENSEEEP00000041552	ENSEEEG00000019655	lpar6a
ENSP00000407978	ENSG00000235608	NKX1-1	ENSEEEP00000017718	ENSEEEG00000008755	nkx1.2lb
ENSP00000437289	ENSG00000189167	ZAR1L	ENSEEEP00000061442	ENSEEEG00000011079	ZAR1L
ENSP00000507480	ENSG00000102796	DHRS12	ENSEEEP00000010647	ENSEEEG00000005374	si:ch211-165b10.3
ENSP00000316628	ENSG00000176641	RNF152	ENSEEEP00000000093	ENSEEEG00000000060	RNF152
ENSP00000463041	ENSG00000134504	KCTD1	ENSEEEP00000019135	ENSEEEG00000009386	
ENSP00000562507	ENSG00000100258	LMF2	ENSEEEP00000032695	ENSEEEG00000015564	lmf2a
ENSP00000497892	ENSG00000197168	NEK5	ENSEEEP00000013017	ENSEEEG00000006559	
ENSP00000295589	ENSG00000163394	CCKAR	ENSEEEP00000024672	ENSEEEG00000011954	si:dkey-1h24.2
ENSP00000617486	ENSG00000126216	TUBGCP3	ENSEEEP00000062826	ENSEEEG00000023000	TUBGCP3
ENSP00000314992	ENSG00000180245	RRH	ENSEEEP00000033408	ENSEEEG00000015876	RRH
ENSP00000484677	ENSG00000274382	PROP1	ENSEEEP00000021390	ENSEEEG00000010423	prop1
ENSP00000596658	ENSG00000159055	MIS18A	ENSEEEP00000029768	ENSEEEG00000014260	MIS18A
ENSP00000346196	ENSG00000160194	NDUFV3	ENSEEEP00000053427	ENSEEEG00000011522	naca
ENSP00000427555	ENSG00000248713	C4orf54	ENSEEEP00000062180	ENSEEEG00000026261	c19h4orf54
ENSP00000296358	ENSG00000163982	OTOP1	ENSEEEP00000045865	ENSEEEG00000021620	OTOP1
ENSP00000378605	ENSG00000176410	DNAJC30	ENSEEEP00000054715	ENSEEEG00000028846	
ENSP00000378577	ENSG00000165215	CLDN3	ENSEEEP00000010727	ENSEEEG00000005430	cldnc
ENSP00000318128	ENSG00000186222	BLOC1S4	ENSEEEP00000024436	ENSEEEG00000011855	BLOC1S4
ENSP00000534811	ENSG00000128311	TST	ENSEEEP00000049529	ENSEEEG00000023290	TST
ENSP00000581625	ENSG00000160199	PKNOX1	ENSEEEP00000023736	ENSEEEG00000011423	pknox1.1
ENSP00000751829	ENSG00000100029	PES1	ENSEEEP00000017971	ENSEEEG00000008854	pes
ENSP00000424711	ENSG00000249581	CLRN2	ENSEEEP00000043089	ENSEEEG00000020343	CLRN2
ENSP00000302216	ENSG00000172238	ATOH1	ENSEEEP00000015688	ENSEEEG00000007767	atoh1a
ENSP00000455744	ENSG00000256646		ENSEEEP00000008092	ENSEEEG00000004213	PSMA2
ENSP00000382670	ENSG00000215203	GRXCR1	ENSEEEP00000046554	ENSEEEG00000021926	grxcr1a
ENSP00000379051	ENSG00000146676	PURB	ENSEEEP00000044702	ENSEEEG00000021109	PURB
ENSP00000386069	ENSG00000184160	ADRA2C	ENSEEEP00000029059	ENSEEEG00000013942	ADRA2C
ENSP00000513781	ENSG00000168772	CXXC4	ENSEEEP00000006631	ENSEEEG00000003514	CXXC4
ENSP00000348984	ENSG00000159140	SON	ENSEEEP00000029923	ENSEEEG00000014331	
ENSP00000483614	ENSG00000277957	SENP3-EIF4A1	ENSEEEP00000034029	ENSEEEG00000016211	senp3a
ENSP00000638746	ENSG00000183569	SERHL2	ENSEEEP00000041445	ENSEEEG00000019599	serhl
ENSP00000505429	ENSG00000046647	GEMIN8	ENSEEEP00000060087	ENSEEEG00000028483	GEMIN8
ENSP00000284881	ENSG00000154642	C21orf91	ENSEEEP00000013333	ENSEEEG00000006680	C21orf91
ENSP00000479118	ENSG00000275333	FAM120B	ENSEEEP00000031601	ENSEEEG00000015112	FAM120B
ENSP00000329803	ENSG00000182223	ZAR1	ENSEEEP00000043718	ENSEEEG00000020665	ZAR1
ENSP00000373669	ENSG00000196544	BORCS6	ENSEEEP00000044174	ENSEEEG00000020875	si:dkey-72l14.4
ENSP00000330051	ENSG00000185156	MFSD6L	ENSEEEP00000008685	ENSEEEG00000004509	MFSD6L
ENSP00000612513	ENSG00000157538	VPS26C	ENSEEEP00000025942	ENSEEEG00000012571	VPS26C
ENSP00000657589	ENSG00000175556	LONRF3	ENSEEEP00000041302	ENSEEEG00000019547	
ENSP00000393128	ENSG00000187416	LHFPL3	ENSEEEP00000021929	ENSEEEG00000010652	LHFPL3
ENSP00000218652	ENSG00000102471	NDFIP2	ENSEEEP00000036879	ENSEEEG00000017513	NDFIP2
ENSP00000275461	ENSG00000146618	FERD3L	ENSEEEP00000010896	ENSEEEG00000005515	FERD3L
ENSP00000215793	ENSG00000099995	SF3A1	ENSEEEP00000040400	ENSEEEG00000019119	SF3A1
ENSP00000609512	ENSG00000134905	CARS2	ENSEEEP00000024651	ENSEEEG00000011938	CARS2
ENSP00000309285	ENSG00000173013	CFAP184	ENSEEEP00000054393	ENSEEEG00000025816	cfap184
ENSP00000490760	ENSG00000250821	EXOC1L	ENSEEEP00000017780	ENSEEEG00000008783	si:dkey-245p14.4
ENSP00000338348	ENSG00000184787	UBE2G2	ENSEEEP00000061925	ENSEEEG00000024956	UBE2G2
ENSP00000405726	ENSG00000093009	CDC45	ENSEEEP00000021921	ENSEEEG00000010633	CDC45
ENSP00000497112	ENSG00000106031	HOXA13	ENSEEEP00000030757	ENSEEEG00000014718	hoxa13b
ENSP00000425786	ENSG00000197826	CFAP299	ENSEEEP00000001106	ENSEEEG00000000743	CFAP299
ENSP00000348206	ENSG00000101166	PRELID3B	ENSEEEP00000059337	ENSEEEG00000027928	PRELID3B
ENSP00000461324	ENSG00000262660		ENSEEEP00000054419	ENSEEEG00000008332	slc25a10
ENSP00000496813	ENSG00000182093	GET1	ENSEEEP00000015946	ENSEEEG00000007887	GET1
ENSP00000340402	ENSG00000188991	SLC15A5	ENSEEEP00000040155	ENSEEEG00000019044	SLC15A5
ENSP00000658950	ENSG00000149600	COMMD7	ENSEEEP00000013642	ENSEEEG00000006815	commd7
ENSP00000551696	ENSG00000175198	PCCA	ENSEEEP00000018404	ENSEEEG00000008545	pcca
ENSP00000328773	ENSG00000186834	HEXIM1	ENSEEEP00000063477	ENSEEEG00000028745	HEXIM1
ENSP00000480630	ENSG00000275122	THEMIS	ENSEEEP00000033762	ENSEEEG00000016081	THEMIS
ENSP00000293330	ENSG00000161610	HCRT	ENSEEEP00000014094	ENSEEEG00000007000	
ENSP00000615334	ENSG00000071553	ATP6AP1	ENSEEEP00000050449	ENSEEEG00000023716	atp6ap1b
ENSP00000594653	ENSG00000154727	GABPA	ENSEEEP00000047180	ENSEEEG00000022203	GABPA
ENSP00000386170	ENSG00000164532	TBX20	ENSEEEP00000024544	ENSEEEG00000011899	TBX20
ENSP00000341145	ENSG00000088325	TPX2	ENSEEEP00000009746	ENSEEEG00000004957	TPX2
ENSP00000284629	ENSG00000154438	ASZ1	ENSEEEP00000045705	ENSEEEG00000021551	ASZ1
ENSP00000450524	ENSG00000258102	MAP1LC3B2	ENSEEEP00000011968	ENSEEEG00000006036	map1lc3b
ENSP00000326579	ENSG00000004961	HCCS	ENSEEEP00000023367	ENSEEEG00000011321	hccsb
ENSP00000488536	ENSG00000282813	ARMC10	ENSEEEP00000043483	ENSEEEG00000020557	armc10
ENSP00000333821	ENSG00000185231	MC2R	ENSEEEP00000038154	ENSEEEG00000018131	MC2R
ENSP00000375248	ENSG00000205899	BHLHA9	ENSEEEP00000035114	ENSEEEG00000016706	bhlha9
ENSP00000480279	ENSG00000182040	USH1G	ENSEEEP00000048509	ENSEEEG00000022828	ush1ga
ENSP00000427802	ENSG00000253506	NACA2	ENSEEEP00000059962	ENSEEEG00000006759	naca
ENSP00000619000	ENSG00000155962	CLIC2	ENSEEEP00000021877	ENSEEEG00000010629	CLIC2
ENSP00000450085	ENSG00000161939	RNASEK-C17orf49	ENSEEEP00000024326	ENSEEEG00000011793	zgc:92664
ENSP00000291572	ENSG00000160216	AGPAT3	ENSEEEP00000050032	ENSEEEG00000023524	AGPAT3
ENSP00000399588	ENSG00000160219	GAB3	ENSEEEP00000013796	ENSEEEG00000006866	GAB3
ENSP00000255324	ENSG00000132972	RNF17	ENSEEEP00000026052	ENSEEEG00000012616	RNF17
ENSP00000386502	ENSG00000157999	ANKRD61	ENSEEEP00000061611	ENSEEEG00000029095	ASB9
ENSP00000596498	ENSG00000134874	DZIP1	ENSEEEP00000012624	ENSEEEG00000006333	DZIP1
ENSP00000257627	ENSG00000135175	OCM2	ENSEEEP00000008897	ENSEEEG00000004593	pvalb8
ENSP00000621663	ENSG00000101844	ATG4A	ENSEEEP00000055276	ENSEEEG00000020632	ATG4A
ENSP00000460028	ENSG00000262771	SSBP1	ENSEEEP00000043165	ENSEEEG00000020375	SSBP1
ENSP00000482331	ENSG00000278461	KGD4	ENSEEEP00000022450	ENSEEEG00000010903	MRPS36
ENSP00000524430	ENSG00000182240	BACE2	ENSEEEP00000015865	ENSEEEG00000007818	BACE2
ENSP00000374447	ENSG00000136141	LRCH1	ENSEEEP00000055320	ENSEEEG00000011113	LRCH1
ENSP00000199447	ENSG00000086288	NME8	ENSEEEP00000044597	ENSEEEG00000021056	NME8
ENSP00000363680	ENSG00000158813	EDA	ENSEEEP00000060836	ENSEEEG00000028192	EDA
ENSP00000400168	ENSG00000248919	ATP5MF-PTCD1	ENSEEEP00000039123	ENSEEEG00000018581	ptcd1
ENSP00000762239	ENSG00000154639	CXADR	ENSEEEP00000021234	ENSEEEG00000010334	CXADR
ENSP00000261172	ENSG00000083782	EPYC	ENSEEEP00000036484	ENSEEEG00000017336	OPTC
ENSP00000321320	ENSG00000235173	HGH1	ENSEEEP00000007415	ENSEEEG00000003896	HGH1
ENSP00000450281	ENSG00000111780		ENSEEEP00000043601	ENSEEEG00000020610	gatc
ENSP00000343799	ENSG00000189051	RNF222	ENSEEEP00000040185	ENSEEEG00000019060	
ENSP00000251108	ENSG00000102543	CDADC1	ENSEEEP00000048957	ENSEEEG00000023010	CDADC1
ENSP00000447000	ENSG00000257390		ENSEEEP00000049975	ENSEEEG00000023492	dnajc14
ENSP00000335158	ENSG00000257008	GPR142	ENSEEEP00000000162	ENSEEEG00000000117	GPR142
ENSP00000569561	ENSG00000184831	APOO	ENSEEEP00000056975	ENSEEEG00000020316	apooa
ENSP00000386165	ENSG00000221869	CEBPD	ENSEEEP00000022270	ENSEEEG00000010813	cebpd
ENSP00000303423	ENSG00000168522	FNTA	ENSEEEP00000032603	ENSEEEG00000015535	FNTA
ENSP00000310335	ENSG00000174236	REP15	ENSEEEP00000028773	ENSEEEG00000013826	sb:cb470
ENSP00000330875	ENSG00000183161	FANCF	ENSEEEP00000003299	ENSEEEG00000001857	FANCF
ENSP00000636326	ENSG00000159147	DONSON	ENSEEEP00000029920	ENSEEEG00000014329	DONSON
ENSP00000400223	ENSG00000179431	FJX1	ENSEEEP00000023285	ENSEEEG00000011289	FJX1
ENSP00000375066	ENSG00000182782	HCAR2	ENSEEEP00000045805	ENSEEEG00000021593	
ENSP00000225387	ENSG00000108255	CRYBA1	ENSEEEP00000019008	ENSEEEG00000009304	cryba1a
ENSP00000480303	ENSG00000273814	OCLN	ENSEEEP00000044842	ENSEEEG00000021163	oclna
ENSP00000444503	ENSG00000274529	SEBOX	ENSEEEP00000007733	ENSEEEG00000004048	SEBOX
ENSP00000310726	ENSG00000173141	MRPL57	ENSEEEP00000041032	ENSEEEG00000019432	MRPL57
ENSP00000462879	ENSG00000266202		ENSEEEP00000006110	ENSEEEG00000003259	
ENSP00000447650	ENSG00000258311		ENSEEEP00000015766	ENSEEEG00000007803	bloc1s1
ENSP00000552391	ENSG00000080618	CPB2	ENSEEEP00000016739	ENSEEEG00000008298	CPB2
ENSP00000325290	ENSG00000177602	HASPIN	ENSEEEP00000062329	ENSEEEG00000024175	
ENSP00000547739	ENSG00000159079	CFAP298	ENSEEEP00000063262	ENSEEEG00000014265	cfap298
ENSP00000461460	ENSG00000262633		ENSEEEP00000006816	ENSEEEG00000003599	gosr2
ENSP00000318032	ENSG00000179673	RPRML	ENSEEEP00000018656	ENSEEEG00000009173	RPRML
ENSP00000375151	ENSG00000196156	KRTAP4-3	ENSEEEP00000063917	ENSEEEG00000025700	VWDE
ENSP00000321962	ENSG00000176971	FIBIN	ENSEEEP00000044551	ENSEEEG00000021042	fibinb
ENSP00000334122	ENSG00000186895	FGF3	ENSEEEP00000038536	ENSEEEG00000018294	FGF3
ENSP00000340434	ENSG00000188636	RTL6	ENSEEEP00000063573	ENSEEEG00000025339	
ENSP00000483259	ENSG00000139304	PTPRQ	ENSEEEP00000032781	ENSEEEG00000015614	PTPRQ
ENSP00000497686	ENSG00000285897		ENSEEEP00000059920	ENSEEEG00000029037	
ENSP00000429067	ENSG00000157168	NRG1	ENSEEEP00000018059	ENSEEEG00000008856	NRG1
ENSP00000532097	ENSG00000100350	FOXRED2	ENSEEEP00000016239	ENSEEEG00000008035	FOXRED2
ENSP00000328181	ENSG00000183691	NOG	ENSEEEP00000017850	ENSEEEG00000008814	nog3
ENSP00000301691	ENSG00000167941	SOST	ENSEEEP00000023948	ENSEEEG00000011630	SOST
ENSP00000794439	ENSG00000100379	KCTD17	ENSEEEP00000023245	ENSEEEG00000011272	KCTD17
ENSP00000792067	ENSG00000099942	CRKL	ENSEEEP00000030538	ENSEEEG00000014627	CRKL
ENSP00000658082	ENSG00000253710	ALG11	ENSEEEP00000016738	ENSEEEG00000008296	ALG11
ENSP00000218008	ENSG00000101892	ATP1B4	ENSEEEP00000030232	ENSEEEG00000014496	ATP1B4
ENSP00000284288	ENSG00000154143	PANX3	ENSEEEP00000027071	ENSEEEG00000013071	PANX3
ENSP00000345420	ENSG00000187855	ASCL4	ENSEEEP00000044118	ENSEEEG00000020850	ASCL4
ENSP00000302552	ENSG00000171433	GLOD5	ENSEEEP00000053049	ENSEEEG00000027351	glod5
ENSP00000501411	ENSG00000130119	GNL3L	ENSEEEP00000026711	ENSEEEG00000012891	GNL3L
ENSP00000495242	ENSG00000266714	MYO15B	ENSEEEP00000034580	ENSEEEG00000016441	DOP1A
ENSP00000293549	ENSG00000125084	WNT1	ENSEEEP00000018958	ENSEEEG00000009295	WNT1
ENSP00000368920	ENSG00000188811	NHLRC3	ENSEEEP00000025642	ENSEEEG00000012439	NHLRC3
ENSP00000220616	ENSG00000042832	TG	ENSEEEP00000036180	ENSEEEG00000017213	
ENSP00000623075	ENSG00000120688	WBP4	ENSEEEP00000047678	ENSEEEG00000022441	WBP4
ENSP00000488057	ENSG00000282730	TRBV24-1	ENSEEEP00000010510	ENSEEEG00000005324	
ENSP00000355140	ENSG00000120094	HOXB1	ENSEEEP00000007583	ENSEEEG00000003958	hoxb1a
ENSP00000776428	ENSG00000182858	ALG12	ENSEEEP00000045575	ENSEEEG00000021500	ALG12
ENSP00000519010	ENSG00000134755	DSC2	ENSEEEP00000000494	ENSEEEG00000000365	dsc2l
ENSP00000561314	ENSG00000057593	F7	ENSEEEP00000062276	ENSEEEG00000025930	F7
ENSP00000483322	ENSG00000275798	BTNL2	ENSEEEP00000053806	ENSEEEG00000000512	
ENSP00000553982	ENSG00000132541	RIDA	ENSEEEP00000031354	ENSEEEG00000015010	rida
ENSP00000512272	ENSG00000289695		ENSEEEP00000060332	ENSEEEG00000028140	tmt1a.2
ENSP00000383060	ENSG00000180530	NRIP1	ENSEEEP00000019240	ENSEEEG00000009431	nrip1b
ENSP00000705415	ENSG00000133112	TPT1	ENSEEEP00000027820	ENSEEEG00000013398	TPT1
ENSP00000528277	ENSG00000100024	UPB1	ENSEEEP00000023551	ENSEEEG00000011404	UPB1
ENSP00000568257	ENSG00000186866	POFUT2	ENSEEEP00000049280	ENSEEEG00000023147	POFUT2
ENSP00000443432	ENSG00000188676	IDO2	ENSEEEP00000001950	ENSEEEG00000001200	IDO1
ENSP00000311695	ENSG00000175602	CCDC85B	ENSEEEP00000042321	ENSEEEG00000019988	CCDC85B
ENSP00000299687	ENSG00000215421	ZNF407	ENSEEEP00000057126	ENSEEEG00000027553	ZNF407
ENSP00000588274	ENSG00000180182	MED14	ENSEEEP00000047654	ENSEEEG00000022365	MED14
ENSP00000308117	ENSG00000174807	CD248	ENSEEEP00000039893	ENSEEEG00000018913	cd248b
ENSP00000329499	ENSG00000214447	FAM187A	ENSEEEP00000061389	ENSEEEG00000026164	FAM187A
ENSP00000330161	ENSG00000183421	RIPK4	ENSEEEP00000013338	ENSEEEG00000006681	RIPK4
ENSP00000528673	ENSG00000197563	PIGN	ENSEEEP00000020035	ENSEEEG00000009128	PIGN
ENSP00000786926	ENSG00000179091	CYC1	ENSEEEP00000040146	ENSEEEG00000019031	CYC1
ENSP00000243103	ENSG00000123407	HOXC12	ENSEEEP00000061733	ENSEEEG00000028081	hoxc12a
ENSP00000263119	ENSG00000099991	CABIN1	ENSEEEP00000053506	ENSEEEG00000024735	CABIN1
ENSP00000445725	ENSG00000120925	RNF170	ENSEEEP00000056356	ENSEEEG00000025725	RNF170
ENSP00000480527	ENSG00000256514		ENSEEEP00000006797	ENSEEEG00000003589	si:dkey-28b4.7
ENSP00000332225	ENSG00000183395	PMCH	ENSEEEP00000028936	ENSEEEG00000013884	pmchl
ENSP00000527157	ENSG00000142173	COL6A2	ENSEEEP00000024021	ENSEEEG00000011479	COL6A2
ENSP00000310241	ENSG00000172940	SLC22A13	ENSEEEP00000023375	ENSEEEG00000011325	slc22a13b
ENSP00000525077	ENSG00000183722	LHFPL6	ENSEEEP00000054579	ENSEEEG00000024677	LHFPL6
ENSP00000403645	ENSG00000183597	TANGO2	ENSEEEP00000036854	ENSEEEG00000017497	TANGO2
ENSP00000615116	ENSG00000132561	MATN2	ENSEEEP00000004606	ENSEEEG00000002403	MATN2
ENSP00000631362	ENSG00000165416	SUGT1	ENSEEEP00000039919	ENSEEEG00000018926	SUGT1
ENSP00000365295	ENSG00000182103	FAM181B	ENSEEEP00000038125	ENSEEEG00000018113	FAM181B
ENSP00000532853	ENSG00000197496	SLC2A10	ENSEEEP00000063166	ENSEEEG00000015764	SLC2A10
ENSP00000193391	ENSG00000081148	IMPG2	ENSEEEP00000047283	ENSEEEG00000022254	impg2b
ENSP00000549456	ENSG00000125818	PSMF1	ENSEEEP00000004812	ENSEEEG00000002511	PSMF1
ENSP00000320649	ENSG00000179071	CCDC89	ENSEEEP00000039162	ENSEEEG00000018614	zgc:172182
ENSP00000567536	ENSG00000198034	RPS4X	ENSEEEP00000021796	ENSEEEG00000010561	rps4x
ENSP00000436376	ENSG00000254550	OMP	ENSEEEP00000000930	ENSEEEG00000000630	ompa
ENSP00000422431	ENSG00000249992	TMEM158	ENSEEEP00000048988	ENSEEEG00000023022	TMEM158
ENSP00000497606	ENSG00000285943	SPICE1-CFAP44	ENSEEEP00000047176	ENSEEEG00000022205	spice1
ENSP00000367315	ENSG00000204950	LRRC10B	ENSEEEP00000007276	ENSEEEG00000003825	LRRC10B
ENSP00000305343	ENSG00000168875	SOX14	ENSEEEP00000007057	ENSEEEG00000003730	SOX14
ENSP00000556053	ENSG00000131067	GGT7	ENSEEEP00000027917	ENSEEEG00000013441	GGT7
ENSP00000313243	ENSG00000176160	HSF5	ENSEEEP00000000544	ENSEEEG00000000404	
ENSP00000516711	ENSG00000102743	SLC25A15	ENSEEEP00000036581	ENSEEEG00000017375	slc25a15b
ENSP00000491841	ENSG00000283977		ENSEEEP00000025625	ENSEEEG00000012433	timm10b
ENSP00000260129	ENSG00000137574	TGS1	ENSEEEP00000049103	ENSEEEG00000023076	PSD4
ENSP00000505992	ENSG00000130234	ACE2	ENSEEEP00000010240	ENSEEEG00000005187	ACE2
ENSP00000737706	ENSG00000204899	MZT1	ENSEEEP00000010178	ENSEEEG00000005168	MZT1
ENSP00000374390	ENSG00000174948	GPR149	ENSEEEP00000025161	ENSEEEG00000012194	GPR149
ENSP00000287322	ENSG00000156735	BAG4	ENSEEEP00000053478	ENSEEEG00000029154	BAG4
ENSP00000407763	ENSG00000151773	CCDC122	ENSEEEP00000047685	ENSEEEG00000022444	
ENSP00000493011	ENSG00000196778	OR52K1	ENSEEEP00000049841	ENSEEEG00000023424	
ENSP00000328487	ENSG00000182791	CCDC87	ENSEEEP00000051337	ENSEEEG00000024090	
ENSP00000720912	ENSG00000150456	EEF1AKMT1	ENSEEEP00000049709	ENSEEEG00000023370	EEF1AKMT1
ENSP00000493050	ENSG00000176925	OR51F2	ENSEEEP00000004799	ENSEEEG00000002505	or103-1
ENSP00000371503	ENSG00000240654	C1QTNF9	ENSEEEP00000028687	ENSEEEG00000013782	c1qtnf9
ENSP00000787412	ENSG00000154721	JAM2	ENSEEEP00000054891	ENSEEEG00000020378	jam2a
ENSP00000338641	ENSG00000157502	PWWP3B	ENSEEEP00000032887	ENSEEEG00000015656	si:dkey-127k13.1
ENSP00000331915	ENSG00000183688	RFLNB	ENSEEEP00000052640	ENSEEEG00000024660	RFLNB
ENSP00000479266	ENSG00000136122	BORA	ENSEEEP00000010181	ENSEEEG00000005169	BORA
ENSP00000477608	ENSG00000273594	EEF1D	ENSEEEP00000044303	ENSEEEG00000020928	eef1db
ENSP00000577661	ENSG00000182902	SLC25A18	ENSEEEP00000044751	ENSEEEG00000021125	slc25a18
ENSP00000334134	ENSG00000186326	RGS9BP	ENSEEEP00000034773	ENSEEEG00000016537	RGS9BP
ENSP00000416050	ENSG00000169490	TM2D2	ENSEEEP00000063361	ENSEEEG00000020453	TM2D2
ENSP00000588072	ENSG00000176890	TYMS	ENSEEEP00000002221	ENSEEEG00000001289	TYMS
ENSP00000572382	ENSG00000088356	PDRG1	ENSEEEP00000062962	ENSEEEG00000025577	pdrg1
ENSP00000241125	ENSG00000121743	GJA3	ENSEEEP00000020582	ENSEEEG00000010044	cx39.9
ENSP00000555158	ENSG00000120675	DNAJC15	ENSEEEP00000011449	ENSEEEG00000005784	DNAJC15
ENSP00000498217	ENSG00000052850	ALX4	ENSEEEP00000041985	ENSEEEG00000019843	alx4a
ENSP00000363377	ENSG00000184481	FOXO4	ENSEEEP00000041945	ENSEEEG00000019825	FOXO4
ENSP00000269439	ENSG00000141622	ARK2C	ENSEEEP00000020608	ENSEEEG00000010053	rnf165b
ENSP00000484497	ENSG00000183378	OVCH2	ENSEEEP00000028629	ENSEEEG00000013757	OVCH2
ENSP00000323678	ENSG00000180011	PTGR3	ENSEEEP00000060059	ENSEEEG00000008442	PTGR3
ENSP00000532578	ENSG00000172172	MRPL13	ENSEEEP00000026901	ENSEEEG00000012987	MRPL13
ENSP00000385962	ENSG00000291317	TMEM276	ENSEEEP00000027816	ENSEEEG00000013395	
ENSP00000619598	ENSG00000100417	PMM1	ENSEEEP00000062099	ENSEEEG00000024519	PMM1
ENSP00000326981	ENSG00000177971	IMP3	ENSEEEP00000020993	ENSEEEG00000010233	IMP3
ENSP00000428281	ENSG00000104660	LEPROTL1	ENSEEEP00000017494	ENSEEEG00000008653	LEPROTL1
ENSP00000663712	ENSG00000159228	CBR1	ENSEEEP00000050063	ENSEEEG00000023544	cbr1
ENSP00000483093	ENSG00000274205	MAPK15	ENSEEEP00000033244	ENSEEEG00000015805	MAPK15
ENSP00000509422	ENSG00000283703	VSIG10L2	ENSEEEP00000055910	ENSEEEG00000027995	
ENSP00000371397	ENSG00000185112	FAM43A	ENSEEEP00000024062	ENSEEEG00000011670	FAM43A
ENSP00000478790	ENSG00000273889	FAM83H	ENSEEEP00000016379	ENSEEEG00000008111	fam83hb
ENSP00000407236	ENSG00000242038	EGFL8	ENSEEEP00000058505	ENSEEEG00000005506	EGFL7
ENSP00000381553	ENSG00000172361	CFAP53	ENSEEEP00000007894	ENSEEEG00000004124	CFAP53
ENSP00000487640	ENSG00000278243	GFUS	ENSEEEP00000044288	ENSEEEG00000020893	GFUS
ENSP00000766044	ENSG00000164924	YWHAZ	ENSEEEP00000004786	ENSEEEG00000002495	ywhaba
ENSP00000639845	ENSG00000132199	ENOSF1	ENSEEEP00000053896	ENSEEEG00000001361	ENOSF1
ENSP00000369004	ENSG00000173681	BCLAF3	ENSEEEP00000028407	ENSEEEG00000013662	zgc:112982
ENSP00000654064	ENSG00000100348	TXN2	ENSEEEP00000050979	ENSEEEG00000023942	TXN2
ENSP00000585133	ENSG00000160218	TRAPPC10	ENSEEEP00000007527	ENSEEEG00000003935	trappc10
ENSP00000323096	ENSG00000176020	AMIGO3	ENSEEEP00000020996	ENSEEEG00000010237	AMIGO3
ENSP00000497217	ENSG00000183770	FOXL2	ENSEEEP00000015986	ENSEEEG00000007913	foxl2a
ENSP00000257254	ENSG00000134817	APLNR	ENSEEEP00000049767	ENSEEEG00000023392	aplnra
ENSP00000480836	ENSG00000099968	BCL2L13	ENSEEEP00000062505	ENSEEEG00000028976	BCL2L13
ENSP00000376786	ENSG00000110777	POU2AF1	ENSEEEP00000006969	ENSEEEG00000003672	POU2AF1
ENSP00000490744	ENSG00000114786	ABHD14A-ACY1	ENSEEEP00000005464	ENSEEEG00000002808	acy1
ENSP00000633264	ENSG00000131171	SH3BGRL	ENSEEEP00000047971	ENSEEEG00000022601	SH3BGRL
ENSP00000312439	ENSG00000173456	RNF26	ENSEEEP00000057179	ENSEEEG00000009639	RNF26
ENSP00000285667	ENSG00000155304	HSPA13	ENSEEEP00000034786	ENSEEEG00000016541	HSPA13
ENSP00000276420	ENSG00000147443	DOK2	ENSEEEP00000050734	ENSEEEG00000023837	DOK2
ENSP00000537094	ENSG00000001497	LAS1L	ENSEEEP00000013700	ENSEEEG00000006833	LAS1L
ENSP00000642273	ENSG00000104331	BPNT2	ENSEEEP00000023233	ENSEEEG00000011263	BPNT2
ENSP00000308548	ENSG00000174276	ZNHIT2	ENSEEEP00000021172	ENSEEEG00000010322	ZNHIT2
ENSP00000329158	ENSG00000163646	CLRN1	ENSEEEP00000058624	ENSEEEG00000028294	CLRN1
ENSP00000800858	ENSG00000182362	YBEY	ENSEEEP00000027490	ENSEEEG00000013258	YBEY
ENSP00000482442	ENSG00000255245	FXYD6-FXYD2	ENSEEEP00000018639	ENSEEEG00000009163	fxyd6
ENSP00000204549	ENSG00000090470	PDCD7	ENSEEEP00000056510	ENSEEEG00000025762	PDCD7
ENSP00000351602	ENSG00000196371	FUT4	ENSEEEP00000024856	ENSEEEG00000012045	FUT4
ENSP00000512936	ENSG00000289716	XNDC1N-ZNF705EP-ALG1L9P	ENSEEEP00000012611	ENSEEEG00000006326	zgc:110224
ENSP00000794058	ENSG00000166140	ZFYVE19	ENSEEEP00000045402	ENSEEEG00000021431	ZFYVE19
ENSP00000411822	ENSG00000261796	ISY1-RAB43	ENSEEEP00000016495	ENSEEEG00000008173	isy1
ENSP00000308620	ENSG00000175097	RAG2	ENSEEEP00000038592	ENSEEEG00000018318	RAG2
ENSP00000417510	ENSG00000102710	SUPT20H	ENSEEEP00000013126	ENSEEEG00000006261	supt20
ENSP00000458290	ENSG00000101574	METTL4	ENSEEEP00000002268	ENSEEEG00000001367	METTL4
ENSP00000372791	ENSG00000238130	LTA	ENSEEEP00000017739	ENSEEEG00000008761	tnfa
ENSP00000592678	ENSG00000140319	SRP14	ENSEEEP00000057631	ENSEEEG00000026317	SRP14
ENSP00000262198	ENSG00000101544	ADNP2	ENSEEEP00000047049	ENSEEEG00000022149	adnp2b
ENSP00000313324	ENSG00000180044	C3orf80	ENSEEEP00000055925	ENSEEEG00000024670	
ENSP00000499540	ENSG00000157557	ETS2	ENSEEEP00000025649	ENSEEEG00000012445	ETS2
ENSP00000578961	ENSG00000150477	KIAA1328	ENSEEEP00000031509	ENSEEEG00000015071	zgc:162344
ENSP00000485526	ENSG00000189431	RASSF10	ENSEEEP00000034013	ENSEEEG00000016204	RASSF10
ENSP00000479976	ENSG00000187479	C11orf96	ENSEEEP00000039274	ENSEEEG00000018660	C11orf96
ENSP00000769093	ENSG00000126756	UXT	ENSEEEP00000031233	ENSEEEG00000014959	UXT
ENSP00000445492	ENSG00000101638	ST8SIA5	ENSEEEP00000020877	ENSEEEG00000025134	ST8SIA5
ENSP00000336861	ENSG00000103599	IQCH	ENSEEEP00000019907	ENSEEEG00000009734	IQCH
ENSP00000342931	ENSG00000064835	POU1F1	ENSEEEP00000011423	ENSEEEG00000005770	POU1F1
ENSP00000648530	ENSG00000101751	POLI	ENSEEEP00000019510	ENSEEEG00000009569	POLI
ENSP00000434842	ENSG00000131871	SELENOS	ENSEEEP00000032141	ENSEEEG00000015331	SELENOS
ENSP00000319799	ENSG00000178804	H1-8	ENSEEEP00000031752	ENSEEEG00000015167	
ENSP00000308479	ENSG00000174946	GPR171	ENSEEEP00000000135	ENSEEEG00000000097	GPR171
ENSP00000346697	ENSG00000104081	BMF	ENSEEEP00000004738	ENSEEEG00000002481	bmf1
ENSP00000260843	ENSG00000138271	GPR87	ENSEEEP00000051841	ENSEEEG00000024335	GPR87
ENSP00000432011	ENSG00000255307	OR52B2	ENSEEEP00000062392	ENSEEEG00000024782	or103-1
ENSP00000280200	ENSG00000150637	CD226	ENSEEEP00000020357	ENSEEEG00000009930	CD226
ENSP00000372582	ENSG00000230708	HLA-DPB1	ENSEEEP00000056041	ENSEEEG00000005539	mhc2dab
ENSP00000520524	ENSG00000159197	KCNE2	ENSEEEP00000050383	ENSEEEG00000023689	KCNE2
ENSP00000532584	ENSG00000241945	PWP2	ENSEEEP00000037719	ENSEEEG00000017927	pwp2h
ENSP00000383931	ENSG00000178732	GP5	ENSEEEP00000025212	ENSEEEG00000012221	si:ch211-117l17.7
ENSP00000615447	ENSG00000134265	NAPG	ENSEEEP00000015462	ENSEEEG00000007663	napga
ENSP00000521069	ENSG00000204612	FOXB2	ENSEEEP00000000338	ENSEEEG00000000244	foxb2
ENSP00000322617	ENSG00000178084	HTR3C	ENSEEEP00000006880	ENSEEEG00000003635	kcnh5b
ENSP00000384474	ENSG00000242028	HYPK	ENSEEEP00000040687	ENSEEEG00000019277	HYPK
ENSP00000491768	ENSG00000284546	SSU72L3	ENSEEEP00000046893	ENSEEEG00000022072	SSU72
ENSP00000326272	ENSG00000176678	FOXL1	ENSEEEP00000058663	ENSEEEG00000028246	FOXL1
ENSP00000488305	ENSG00000270170	NCBP2AS2	ENSEEEP00000013955	ENSEEEG00000006937	si:ch211-162e15.3
ENSP00000330808	ENSG00000182447	OTOL1	ENSEEEP00000025585	ENSEEEG00000012412	otol1b
ENSP00000596450	ENSG00000134278	SPIRE1	ENSEEEP00000057195	ENSEEEG00000028093	spire1a
ENSP00000482169	ENSG00000277586	NEFL	ENSEEEP00000030497	ENSEEEG00000014611	neflb
ENSP00000344285	ENSG00000188909	BSX	ENSEEEP00000027330	ENSEEEG00000013186	BSX
ENSP00000502474	ENSG00000140525	FANCI	ENSEEEP00000046194	ENSEEEG00000021759	FANCI
ENSP00000482773	ENSG00000101365	IDH3B	ENSEEEP00000039991	ENSEEEG00000018900	IDH3B
ENSP00000517980	ENSG00000292192	NSDHL	ENSEEEP00000017590	ENSEEEG00000008690	NSDHL
ENSP00000313833	ENSG00000177984	LCN15	ENSEEEP00000058151	ENSEEEG00000028119	
ENSP00000435954	ENSG00000164794	KCNV1	ENSEEEP00000049027	ENSEEEG00000023034	kcnv1
ENSP00000378260	ENSG00000101901	ALG13	ENSEEEP00000042014	ENSEEEG00000019852	ALG13
ENSP00000557479	ENSG00000121022	COPS5	ENSEEEP00000061336	ENSEEEG00000009892	COPS5
ENSP00000422941	ENSG00000248592	STIMATE-MUSTN1	ENSEEEP00000035261	ENSEEEG00000016769	stimate
ENSP00000487295	ENSG00000277800	TBX22	ENSEEEP00000047963	ENSEEEG00000022595	TBX22
ENSP00000516065	ENSG00000184897	H1-10	ENSEEEP00000018168	ENSEEEG00000008935	H1-10
ENSP00000240100	ENSG00000120875	DUSP4	ENSEEEP00000033711	ENSEEEG00000016052	DUSP4
ENSP00000262545	ENSG00000125851	PCSK2	ENSEEEP00000018362	ENSEEEG00000009002	PCSK2
ENSP00000429276	ENSG00000147481	SNTG1	ENSEEEP00000022483	ENSEEEG00000010912	SNTG1
ENSP00000360817	ENSG00000124201	ZNFX1	ENSEEEP00000015770	ENSEEEG00000007788	znfx1
ENSP00000518005	ENSG00000292208	PQBP1	ENSEEEP00000004514	ENSEEEG00000002353	PQBP1
ENSP00000299295	ENSG00000154645	CHODL	ENSEEEP00000028507	ENSEEEG00000013695	CHODL
ENSP00000164227	ENSG00000069399	BCL3	ENSEEEP00000019302	ENSEEEG00000009455	BCL3
ENSP00000518046	ENSG00000292215	TIMM17B	ENSEEEP00000004521	ENSEEEG00000002355	TIMM17B
ENSP00000761146	ENSG00000103496	STX4	ENSEEEP00000023824	ENSEEEG00000011559	STX4
ENSP00000342609	ENSG00000177076	ACER2	ENSEEEP00000038867	ENSEEEG00000018433	ACER2
ENSP00000305682	ENSG00000154719	MRPL39	ENSEEEP00000064295	ENSEEEG00000020379	MRPL39
ENSP00000321026	ENSG00000153714	LURAP1L	ENSEEEP00000014209	ENSEEEG00000007059	LURAP1L
ENSP00000787220	ENSG00000104613	INTS10	ENSEEEP00000009363	ENSEEEG00000004795	INTS10
ENSP00000569022	ENSG00000101407	TTI1	ENSEEEP00000023864	ENSEEEG00000011579	TTI1
ENSP00000362702	ENSG00000119408	NEK6	ENSEEEP00000021206	ENSEEEG00000010267	NEK6
ENSP00000254528	ENSG00000132205	EMILIN2	ENSEEEP00000016797	ENSEEEG00000008325	emilin2a
ENSP00000310356	ENSG00000175643	RMI2	ENSEEEP00000061963	ENSEEEG00000027894	RMI2
ENSP00000560795	ENSG00000158201	ABHD3	ENSEEEP00000020867	ENSEEEG00000010176	abhd3
ENSP00000378536	ENSG00000130584	ZBTB46	ENSEEEP00000052346	ENSEEEG00000024530	ZBTB46
ENSP00000412498	ENSG00000180509	KCNE1	ENSEEEP00000058332	ENSEEEG00000027414	
ENSP00000518684	ENSG00000103275	UBE2I	ENSEEEP00000057764	ENSEEEG00000011412	ube2ib
ENSP00000308332	ENSG00000147679	UTP23	ENSEEEP00000033929	ENSEEEG00000016160	UTP23
ENSP00000568816	ENSG00000101955	SRPX	ENSEEEP00000038216	ENSEEEG00000018172	SRPX
ENSP00000619614	ENSG00000205758	CRYZL1	ENSEEEP00000050060	ENSEEEG00000023542	CRYZL1
ENSP00000581382	ENSG00000125870	SNRPB2	ENSEEEP00000035296	ENSEEEG00000016798	SNRPB2
ENSP00000476369	ENSG00000119402	FBXW2	ENSEEEP00000039134	ENSEEEG00000018589	FBXW2
ENSP00000501694	ENSG00000141627	DYM	ENSEEEP00000006592	ENSEEEG00000003488	DYM
ENSP00000537114	ENSG00000124205	EDN3	ENSEEEP00000026319	ENSEEEG00000012739	MFAP5
ENSP00000417581	ENSG00000123575	FAM199X	ENSEEEP00000041307	ENSEEEG00000019550	FAM199X
ENSP00000218099	ENSG00000101981	F9	ENSEEEP00000020689	ENSEEEG00000010087	f9b
ENSP00000536430	ENSG00000101347	SAMHD1	ENSEEEP00000001807	ENSEEEG00000001142	SAMHD1
ENSP00000295910	ENSG00000163645	ERICH6	ENSEEEP00000023780	ENSEEEG00000011528	
ENSP00000309031	ENSG00000175073	VCPIP1	ENSEEEP00000015331	ENSEEEG00000007620	VCPIP1
ENSP00000518158	ENSG00000292222	PRAF2	ENSEEEP00000056693	ENSEEEG00000027424	praf2
ENSP00000544059	ENSG00000160256	SLX9	ENSEEEP00000027608	ENSEEEG00000013296	slx9
ENSP00000491923	ENSG00000214237	MINDY4B	ENSEEEP00000056228	ENSEEEG00000027637	MINDY4B
ENSP00000323588	ENSG00000181449	SOX2	ENSEEEP00000028998	ENSEEEG00000013908	SOX2
ENSP00000304767	ENSG00000169860	P2RY1	ENSEEEP00000015052	ENSEEEG00000007489	P2RY1
ENSP00000486482	ENSG00000133101	CCNA1	ENSEEEP00000012356	ENSEEEG00000006207	CCNA1
ENSP00000401307	ENSG00000187902	SHISA7	ENSEEEP00000058317	ENSEEEG00000010902	shisa7b
ENSP00000780556	ENSG00000176623	RMDN1	ENSEEEP00000012285	ENSEEEG00000006182	RMDN1
ENSP00000365063	ENSG00000139826	ABHD13	ENSEEEP00000034191	ENSEEEG00000016284	abhd13
ENSP00000291294	ENSG00000160013	PTGIR	ENSEEEP00000043504	ENSEEEG00000020570	PTGIR
ENSP00000328327	ENSG00000183475	ASB7	ENSEEEP00000053485	ENSEEEG00000027146	ASB7
ENSP00000541413	ENSG00000101052	IFT52	ENSEEEP00000022817	ENSEEEG00000011071	IFT52
ENSP00000319096	ENSG00000181467	RAP2B	ENSEEEP00000015049	ENSEEEG00000007488	RAP2B
ENSP00000575582	ENSG00000177943	MAMDC4	ENSEEEP00000031679	ENSEEEG00000015137	
ENSP00000790608	ENSG00000088970	KIZ	ENSEEEP00000047572	ENSEEEG00000022393	KIZ
ENSP00000716333	ENSG00000147655	RSPO2	ENSEEEP00000033948	ENSEEEG00000016171	RSPO2
ENSP00000360576	ENSG00000188566	NDOR1	ENSEEEP00000033919	ENSEEEG00000016145	NDOR1
ENSP00000268281	ENSG00000178226	PRSS36	ENSEEEP00000017251	ENSEEEG00000007941	
ENSP00000430474	ENSG00000183808	RBM12B	ENSEEEP00000053303	ENSEEEG00000028405	RBM12B
ENSP00000386499	ENSG00000161992	PRR35	ENSEEEP00000051034	ENSEEEG00000023961	si:ch211-248l17.3
ENSP00000485308	ENSG00000223802	CERS1	ENSEEEP00000021269	ENSEEEG00000010366	CERS1
ENSP00000737494	ENSG00000100084	HIRA	ENSEEEP00000036975	ENSEEEG00000017233	HIRA
ENSP00000520744	ENSG00000125968	ID1	ENSEEEP00000010580	ENSEEEG00000005369	ID1
ENSP00000694222	ENSG00000188352	FOCAD	ENSEEEP00000035051	ENSEEEG00000016638	FOCAD
ENSP00000521071	ENSG00000186795	KCNK18	ENSEEEP00000046203	ENSEEEG00000021763	KCNK18
ENSP00000663006	ENSG00000160226	CFAP410	ENSEEEP00000061268	ENSEEEG00000027037	cfap410
ENSP00000363489	ENSG00000125965	GDF5	ENSEEEP00000004708	ENSEEEG00000002459	GDF5
ENSP00000323362	ENSG00000186187	ZNRF1	ENSEEEP00000029017	ENSEEEG00000013924	ZNRF1
ENSP00000551654	ENSG00000088298	EDEM2	ENSEEEP00000052359	ENSEEEG00000024535	EDEM2
ENSP00000504602	ENSG00000184012	TMPRSS2	ENSEEEP00000055724	ENSEEEG00000010924	TMPRSS2
ENSP00000369798	ENSG00000178473	UCN3	ENSEEEP00000022006	ENSEEEG00000010689	ucn3l
ENSP00000403975	ENSG00000167394	ZNF668	ENSEEEP00000062701	ENSEEEG00000026296	ZNF668
ENSP00000732736	ENSG00000130255	RPL36	ENSEEEP00000025030	ENSEEEG00000012147	rpl36
ENSP00000416111	ENSG00000158856	DMTN	ENSEEEP00000056912	ENSEEEG00000008421	
ENSP00000364293	ENSG00000158526	TSR2	ENSEEEP00000011403	ENSEEEG00000005764	TSR2
ENSP00000365505	ENSG00000102007	PLP2	ENSEEEP00000004585	ENSEEEG00000002393	plp2
ENSP00000556923	ENSG00000065268	WDR18	ENSEEEP00000063051	ENSEEEG00000005818	WDR18
ENSP00000394078	ENSG00000187905	LRRC74B	ENSEEEP00000019676	ENSEEEG00000009634	LRRC74B
ENSP00000505762	ENSG00000100139	MICALL1	ENSEEEP00000025681	ENSEEEG00000012456	micall1a
ENSP00000455187	ENSG00000166548	TK2	ENSEEEP00000043533	ENSEEEG00000020571	TK2
ENSP00000250160	ENSG00000104415	CCN4	ENSEEEP00000036183	ENSEEEG00000017214	ccn4b
ENSP00000311121	ENSG00000154611	PSMA8	ENSEEEP00000019158	ENSEEEG00000009391	PSMA8
ENSP00000338272	ENSG00000164683	HEY1	ENSEEEP00000031549	ENSEEEG00000015092	HEY1
ENSP00000371800	ENSG00000099999	RNF215	ENSEEEP00000019450	ENSEEEG00000009532	RNF215
ENSP00000649065	ENSG00000167315	ACAA2	ENSEEEP00000031832	ENSEEEG00000015176	ACAA2
ENSP00000366915	ENSG00000102554	KLF5	ENSEEEP00000027356	ENSEEEG00000013203	klf5a
ENSP00000465469	ENSG00000119559	C19orf25	ENSEEEP00000051390	ENSEEEG00000024116	si:ch73-238c9.1
ENSP00000573408	ENSG00000150459	SAP18	ENSEEEP00000049598	ENSEEEG00000023317	SAP18
ENSP00000478892	ENSG00000128266	GNAZ	ENSEEEP00000033064	ENSEEEG00000015736	GNAZ
ENSP00000368880	ENSG00000150907	FOXO1	ENSEEEP00000045371	ENSEEEG00000021413	foxo1b
ENSP00000525564	ENSG00000103942	HOMER2	ENSEEEP00000038671	ENSEEEG00000018350	HOMER2
ENSP00000594910	ENSG00000131143	COX4I1	ENSEEEP00000036068	ENSEEEG00000017154	COX4I1
ENSP00000255304	ENSG00000132952	USPL1	ENSEEEP00000004768	ENSEEEG00000002497	USPL1
ENSP00000425286	ENSG00000196932	TMEM26	ENSEEEP00000002447	ENSEEEG00000001433	tmem26a
ENSP00000238994	ENSG00000119938	PPP1R3C	ENSEEEP00000058798	ENSEEEG00000026179	ppp1r3cb
ENSP00000663825	ENSG00000105701	FKBP8	ENSEEEP00000025523	ENSEEEG00000012388	FKBP8
ENSP00000793174	ENSG00000101654	RNMT	ENSEEEP00000000110	ENSEEEG00000000072	RNMT
ENSP00000457479	ENSG00000140463	BBS4	ENSEEEP00000037529	ENSEEEG00000017845	BBS4
ENSP00000520782	ENSG00000165030	NFIL3	ENSEEEP00000041846	ENSEEEG00000019782	NFIL3
ENSP00000585422	ENSG00000165060	FXN	ENSEEEP00000021634	ENSEEEG00000010527	FXN
ENSP00000499604	ENSG00000286905		ENSEEEP00000019908	ENSEEEG00000009735	rnaseh1
ENSP00000721717	ENSG00000165716	DIPK1B	ENSEEEP00000057019	ENSEEEG00000028343	DIPK1B
ENSP00000281047	ENSG00000151379	MSGN1	ENSEEEP00000043746	ENSEEEG00000020681	msgn1
ENSP00000711237	ENSG00000166451	CENPN	ENSEEEP00000036097	ENSEEEG00000017169	CENPN
ENSP00000420127	ENSG00000123595	RAB9A	ENSEEEP00000026838	ENSEEEG00000012952	RAB9A
ENSP00000384932	ENSG00000132975	GPR12	ENSEEEP00000047218	ENSEEEG00000022231	GPR12
ENSP00000599156	ENSG00000123200	ZC3H13	ENSEEEP00000016741	ENSEEEG00000008300	ZC3H13
ENSP00000516153	ENSG00000141644	MBD1	ENSEEEP00000055280	ENSEEEG00000025519	mbd1b
ENSP00000739737	ENSG00000183527	PSMG1	ENSEEEP00000025647	ENSEEEG00000012444	PSMG1
ENSP00000782873	ENSG00000128203	ASPHD2	ENSEEEP00000050776	ENSEEEG00000023855	ASPHD2
ENSP00000366715	ENSG00000148483	TMEM236	ENSEEEP00000013383	ENSEEEG00000006706	si:dkey-32m20.1
ENSP00000360058	ENSG00000181274	FRAT2	ENSEEEP00000049028	ENSEEEG00000023035	gbp
ENSP00000343155	ENSG00000100219	XBP1	ENSEEEP00000017375	ENSEEEG00000008589	XBP1
ENSP00000393275	ENSG00000188613	NANOS1	ENSEEEP00000033687	ENSEEEG00000016035	NANOS1
ENSP00000347538	ENSG00000103528	SYT17	ENSEEEP00000028858	ENSEEEG00000013860	ARRB2
ENSP00000343290	ENSG00000188523	CFAP77	ENSEEEP00000051304	ENSEEEG00000024073	CFAP77
ENSP00000328228	ENSG00000184661	CDCA2	ENSEEEP00000016617	ENSEEEG00000008229	
ENSP00000605741	ENSG00000186998	EMID1	ENSEEEP00000034050	ENSEEEG00000016222	COL26A1
ENSP00000277458	ENSG00000148331	ASB6	ENSEEEP00000023716	ENSEEEG00000011490	ASB6
ENSP00000218004	ENSG00000101888	NXT2	ENSEEEP00000035201	ENSEEEG00000016748	NXT2
ENSP00000720455	ENSG00000083535	PIBF1	ENSEEEP00000027764	ENSEEEG00000013207	pibf1
ENSP00000386126	ENSG00000177398	UMODL1	ENSEEEP00000028960	ENSEEEG00000013892	CD200R1L
ENSP00000342499	ENSG00000136925	TSTD2	ENSEEEP00000017199	ENSEEEG00000008514	TSTD2
ENSP00000377529	ENSG00000159713	TPPP3	ENSEEEP00000045524	ENSEEEG00000021480	TPPP3
ENSP00000363040	ENSG00000106780	MEGF9	ENSEEEP00000054609	ENSEEEG00000025909	si:dkey-220k22.1
ENSP00000664297	ENSG00000105726	ATP13A1	ENSEEEP00000061516	ENSEEEG00000020422	ATP13A1
ENSP00000583883	ENSG00000101057	MYBL2	ENSEEEP00000022825	ENSEEEG00000011075	mybl2b
ENSP00000369695	ENSG00000171843	MLLT3	ENSEEEP00000035062	ENSEEEG00000016672	MLLT3
ENSP00000365830	ENSG00000198142	SOWAHC	ENSEEEP00000022386	ENSEEEG00000010872	sowahcb
ENSP00000480171	ENSG00000100109	TFIP11	ENSEEEP00000013592	ENSEEEG00000006780	TFIP11
ENSP00000485627	ENSG00000181404	WASHC1	ENSEEEP00000032750	ENSEEEG00000015603	wash1
ENSP00000377197	ENSG00000157423	HYDIN	ENSEEEP00000047007	ENSEEEG00000022128	HYDIN
ENSP00000745431	ENSG00000164983	TMEM65	ENSEEEP00000007213	ENSEEEG00000003799	TMEM65
ENSP00000660015	ENSG00000205643	CDPF1	ENSEEEP00000001329	ENSEEEG00000000887	CDPF1
ENSP00000552906	ENSG00000004779	NDUFAB1	ENSEEEP00000012603	ENSEEEG00000006323	ndufab1b
ENSP00000490718	ENSG00000281106	TMEM272	ENSEEEP00000062382	ENSEEEG00000026541	si:dkey-19b23.12
ENSP00000551447	ENSG00000123178	SPRYD7	ENSEEEP00000029085	ENSEEEG00000013952	spryd7b
ENSP00000259526	ENSG00000136999	CCN3	ENSEEEP00000001721	ENSEEEG00000001102	CCN3
ENSP00000394954	ENSG00000169181	GSG1L	ENSEEEP00000042888	ENSEEEG00000020235	gsg1l
ENSP00000266066	ENSG00000120057	SFRP5	ENSEEEP00000005764	ENSEEEG00000003044	SFRP5
ENSP00000427177	ENSG00000186047	DLEU7	ENSEEEP00000050027	ENSEEEG00000023520	si:ch73-160h15.3
ENSP00000634956	ENSG00000093010	COMT	ENSEEEP00000000599	ENSEEEG00000000388	comtb
ENSP00000360860	ENSG00000152778	IFIT5	ENSEEEP00000030978	ENSEEEG00000014821	ifit9
ENSP00000353549	ENSG00000130177	CDC16	ENSEEEP00000062408	ENSEEEG00000022226	CDC16
ENSP00000268699	ENSG00000141013	DRC4	ENSEEEP00000036049	ENSEEEG00000017144	GAS8
ENSP00000532191	ENSG00000137824	RMDN3	ENSEEEP00000017359	ENSEEEG00000008579	RMDN3
ENSP00000363275	ENSG00000165383	LRRC18	ENSEEEP00000002971	ENSEEEG00000001694	lrrc18a
ENSP00000360184	ENSG00000077147	TM9SF3	ENSEEEP00000009736	ENSEEEG00000004753	TM9SF3
ENSP00000402515	ENSG00000157106	SMG1	ENSEEEP00000028882	ENSEEEG00000013865	SMG1
ENSP00000621572	ENSG00000100422	CERK	ENSEEEP00000032346	ENSEEEG00000015416	CERK
ENSP00000512077	ENSG00000177125	ZBTB34	ENSEEEP00000052885	ENSEEEG00000027580	ZBTB34
ENSP00000355114	ENSG00000198876	DCAF12	ENSEEEP00000031482	ENSEEEG00000015030	DCAF12
ENSP00000303252	ENSG00000170396	ZNF804A	ENSEEEP00000054146	ENSEEEG00000026087	ZNF804A
ENSP00000699837	ENSG00000124172	ATP5F1E	ENSEEEP00000039845	ENSEEEG00000018891	atp5f1e
ENSP00000554030	ENSG00000088888	MAVS	ENSEEEP00000005380	ENSEEEG00000002815	mavs
ENSP00000547402	ENSG00000128923	MINDY2	ENSEEEP00000038349	ENSEEEG00000018217	MINDY2
ENSP00000308908	ENSG00000173302	GPR148	ENSEEEP00000012988	ENSEEEG00000006532	
ENSP00000574103	ENSG00000042062	RIPOR3	ENSEEEP00000004824	ENSEEEG00000002518	RIPOR3
ENSP00000285379	ENSG00000104267	CA2	ENSEEEP00000033593	ENSEEEG00000015946	CA2
ENSP00000268624	ENSG00000140955	ADAD2	ENSEEEP00000049675	ENSEEEG00000023359	ADAD2
ENSP00000796919	ENSG00000165704	HPRT1	ENSEEEP00000039681	ENSEEEG00000018819	hprt1l
ENSP00000429517	ENSG00000205133	TRIQK	ENSEEEP00000018001	ENSEEEG00000008872	TRIQK
ENSP00000396593	ENSG00000232125	DYTN	ENSEEEP00000042102	ENSEEEG00000019887	dytn
ENSP00000302478	ENSG00000186184	POLR1D	ENSEEEP00000057111	ENSEEEG00000026257	POLR1D
ENSP00000393875	ENSG00000224379	TCF19	ENSEEEP00000055968	ENSEEEG00000022514	TIMD4
ENSP00000241463	ENSG00000122035	RASL11A	ENSEEEP00000021528	ENSEEEG00000010489	RASL11A
ENSP00000386186	ENSG00000221944	TIGD1	ENSEEEP00000057320	ENSEEEG00000014565	
ENSP00000521364	ENSG00000179630	LACC1	ENSEEEP00000011443	ENSEEEG00000005782	lacc1
ENSP00000390891	ENSG00000241962		ENSEEEP00000054898	ENSEEEG00000003751	mrpl30
ENSP00000605319	ENSG00000095319	NUP188	ENSEEEP00000062410	ENSEEEG00000006530	NUP188
ENSP00000691449	ENSG00000166887	VPS39	ENSEEEP00000008606	ENSEEEG00000004176	VPS39
ENSP00000474534	ENSG00000270757	HSPE1-MOB4	ENSEEEP00000056877	ENSEEEG00000019280	MOB1A
ENSP00000549220	ENSG00000100263	RHBDD3	ENSEEEP00000026212	ENSEEEG00000012673	RHBDD3
ENSP00000723572	ENSG00000130748	TMEM160	ENSEEEP00000003871	ENSEEEG00000002071	TMEM160
ENSP00000754012	ENSG00000133114	GPALPP1	ENSEEEP00000027799	ENSEEEG00000013387	GPALPP1
ENSP00000507897	ENSG00000224470	ATXN1L	ENSEEEP00000057960	ENSEEEG00000019861	ATXN1L
ENSP00000583351	ENSG00000176853	FAM91A1	ENSEEEP00000017991	ENSEEEG00000008865	FAM91A1
ENSP00000385357	ENSG00000187860	CCDC157	ENSEEEP00000040404	ENSEEEG00000019133	
ENSP00000613713	ENSG00000100324	TAB1	ENSEEEP00000009405	ENSEEEG00000004625	TAB1
ENSP00000555028	ENSG00000183617	MRPL54	ENSEEEP00000032962	ENSEEEG00000015695	MRPL54
ENSP00000645962	ENSG00000150401	DCUN1D2	ENSEEEP00000047201	ENSEEEG00000022224	dcun1d2a
ENSP00000297904	ENSG00000165197	VEGFD	ENSEEEP00000010079	ENSEEEG00000005111	VEGFD
ENSP00000703421	ENSG00000131634	TMEM204	ENSEEEP00000061997	ENSEEEG00000029032	TMEM204
ENSP00000380334	ENSG00000100365	NCF4	ENSEEEP00000056157	ENSEEEG00000012488	NCF4
ENSP00000479870	ENSG00000132965	ALOX5AP	ENSEEEP00000004767	ENSEEEG00000002496	ALOX5AP
ENSP00000407087	ENSG00000104361	NIPAL2	ENSEEEP00000031151	ENSEEEG00000014909	NIPAL2
ENSP00000384848	ENSG00000186654	PRR5	ENSEEEP00000011074	ENSEEEG00000005611	PRR5
ENSP00000310803	ENSG00000173349	SFT2D3	ENSEEEP00000023003	ENSEEEG00000011171	SFT2D3
ENSP00000303398	ENSG00000172167	MTBP	ENSEEEP00000026923	ENSEEEG00000012992	MTBP
ENSP00000005284	ENSG00000006116	CACNG3	ENSEEEP00000038163	ENSEEEG00000018137	cacng3b
ENSP00000609494	ENSG00000122026	RPL21	ENSEEEP00000047407	ENSEEEG00000022309	rpl21
ENSP00000798637	ENSG00000156482	RPL30	ENSEEEP00000031352	ENSEEEG00000015007	rpl30
ENSP00000401237	ENSG00000122390	NAA60	ENSEEEP00000057566	ENSEEEG00000025677	nat15
ENSP00000557345	ENSG00000079974	RABL2B	ENSEEEP00000014434	ENSEEEG00000007188	rabl2
ENSP00000385586	ENSG00000170178	HOXD12	ENSEEEP00000021319	ENSEEEG00000010386	hoxd12a
ENSP00000371711	ENSG00000137090	DMRT1	ENSEEEP00000005795	ENSEEEG00000003068	DMRT1
ENSP00000546389	ENSG00000136935	GOLGA1	ENSEEEP00000056541	ENSEEEG00000011083	GOLGA1
ENSP00000370253	ENSG00000167034	NKX3-1	ENSEEEP00000001956	ENSEEEG00000001222	NKX3-1
ENSP00000371693	ENSG00000127863	TNFRSF19	ENSEEEP00000043205	ENSEEEG00000020404	TNFRSF19
ENSP00000203556	ENSG00000089639	GMIP	ENSEEEP00000043115	ENSEEEG00000020355	GMIP
ENSP00000399324	ENSG00000196468	FGF16	ENSEEEP00000018837	ENSEEEG00000009254	FGF16
ENSP00000362122	ENSG00000000005	TNMD	ENSEEEP00000046105	ENSEEEG00000021726	TNMD
ENSP00000529745	ENSG00000232119	MCTS1	ENSEEEP00000030493	ENSEEEG00000014603	MCTS1
ENSP00000565005	ENSG00000176978	DPP7	ENSEEEP00000040802	ENSEEEG00000019331	DPP7
ENSP00000607917	ENSG00000102901	CENPT	ENSEEEP00000034945	ENSEEEG00000016626	
ENSP00000714314	ENSG00000125676	THOC2	ENSEEEP00000061173	ENSEEEG00000005252	THOC2
ENSP00000281830	ENSG00000152049	KCNE4	ENSEEEP00000033985	ENSEEEG00000016192	KCNE4
ENSP00000647728	ENSG00000120699	EXOSC8	ENSEEEP00000012421	ENSEEEG00000006234	EXOSC8
ENSP00000400173	ENSG00000236765	DXO	ENSEEEP00000007714	ENSEEEG00000004043	DXO
ENSP00000370337	ENSG00000103995	CEP152	ENSEEEP00000034159	ENSEEEG00000016265	CEP152
ENSP00000371512	ENSG00000185053	SGCZ	ENSEEEP00000045296	ENSEEEG00000021381	SGCZ
ENSP00000480573	ENSG00000274286	ADRA2B	ENSEEEP00000058481	ENSEEEG00000023452	adra2b
ENSP00000698209	ENSG00000101190	TCFL5	ENSEEEP00000028305	ENSEEEG00000013605	TP53
ENSP00000536974	ENSG00000140398	NEIL1	ENSEEEP00000002939	ENSEEEG00000001673	NEIL1
ENSP00000550321	ENSG00000161999	JMJD8	ENSEEEP00000040438	ENSEEEG00000019155	JMJD8
ENSP00000532230	ENSG00000157693	TMEM268	ENSEEEP00000060251	ENSEEEG00000025044	tmem268
ENSP00000312385	ENSG00000174279	EVX2	ENSEEEP00000021296	ENSEEEG00000010377	EVX2
ENSP00000556178	ENSG00000185896	LAMP1	ENSEEEP00000025426	ENSEEEG00000012337	lamp1a
ENSP00000296099	ENSG00000163794	UCN	ENSEEEP00000042140	ENSEEEG00000019904	uts1
ENSP00000620472	ENSG00000136937	NCBP1	ENSEEEP00000017188	ENSEEEG00000008508	NCBP1
ENSP00000438800	ENSG00000165621	OXGR1	ENSEEEP00000024409	ENSEEEG00000011840	oxgr1a.2
ENSP00000358217	ENSG00000112238	PRDM13	ENSEEEP00000024785	ENSEEEG00000011997	PRDM13
ENSP00000401633	ENSG00000041515	MYO16	ENSEEEP00000040412	ENSEEEG00000019140	MYO16
ENSP00000346931	ENSG00000185127	C6orf120	ENSEEEP00000031146	ENSEEEG00000014919	C6orf120
ENSP00000473290	ENSG00000101158	NELFCD	ENSEEEP00000037614	ENSEEEG00000017805	NELFCD
ENSP00000616140	ENSG00000121390	PSPC1	ENSEEEP00000024366	ENSEEEG00000011818	PSPC1
ENSP00000341681	ENSG00000153786	ZDHHC7	ENSEEEP00000034771	ENSEEEG00000016528	ZDHHC7
ENSP00000616924	ENSG00000260916	CCPG1	ENSEEEP00000000632	ENSEEEG00000000449	CCPG1
ENSP00000282276	ENSG00000247626	MARS2	ENSEEEP00000031037	ENSEEEG00000014852	MARS2
ENSP00000624504	ENSG00000095637	SORBS1	ENSEEEP00000008258	ENSEEEG00000004319	SORBS1
ENSP00000573426	ENSG00000107159	CA9	ENSEEEP00000043022	ENSEEEG00000020310	CA9
ENSP00000453076	ENSG00000166073	GPR176	ENSEEEP00000058534	ENSEEEG00000025737	GPR176
ENSP00000588414	ENSG00000104059	ENTREP2	ENSEEEP00000038498	ENSEEEG00000018279	FAM189A1
ENSP00000507358	ENSG00000137504	CREBZF	ENSEEEP00000031900	ENSEEEG00000015231	CREBZF
ENSP00000219281	ENSG00000103005	USB1	ENSEEEP00000057773	ENSEEEG00000026156	USB1
ENSP00000500894	ENSG00000125510	OPRL1	ENSEEEP00000029279	ENSEEEG00000014031	OPRL1
ENSP00000339626	ENSG00000100036	SLC35E4	ENSEEEP00000051672	ENSEEEG00000024262	SLC35E4
ENSP00000625817	ENSG00000128849	CGNL1	ENSEEEP00000037511	ENSEEEG00000017837	CGNL1
ENSP00000305071	ENSG00000064490	RFXANK	ENSEEEP00000047696	ENSEEEG00000022452	RFXANK
ENSP00000612347	ENSG00000089048	ESF1	ENSEEEP00000036771	ENSEEEG00000017455	ESF1
ENSP00000621475	ENSG00000100056	ESS2	ENSEEEP00000044787	ENSEEEG00000021140	ESS2
ENSP00000503543	ENSG00000288658	RNF228	ENSEEEP00000000804	ENSEEEG00000000548	RNF228
ENSP00000648378	ENSG00000083544	TDRD3	ENSEEEP00000006447	ENSEEEG00000003397	TDRD3
ENSP00000634944	ENSG00000138964	PARVG	ENSEEEP00000006956	ENSEEEG00000003664	PARVG
ENSP00000333097	ENSG00000183733	FIGLA	ENSEEEP00000023508	ENSEEEG00000011401	FIGLA
ENSP00000280236	ENSG00000150667	FSIP1	ENSEEEP00000046415	ENSEEEG00000021856	
ENSP00000557398	ENSG00000132970	WASF3	ENSEEEP00000047217	ENSEEEG00000022230	wasf3b
ENSP00000648603	ENSG00000103351	CLUAP1	ENSEEEP00000023673	ENSEEEG00000011471	CLUAP1
ENSP00000365048	ENSG00000102524	TNFSF13B	ENSEEEP00000056042	ENSEEEG00000026125	tnfsf13b
ENSP00000590115	ENSG00000105699	LSR	ENSEEEP00000002664	ENSEEEG00000001537	LSR
ENSP00000650923	ENSG00000125877	ITPA	ENSEEEP00000056819	ENSEEEG00000011892	ITPA
ENSP00000561435	ENSG00000102738	MRPS31	ENSEEEP00000036583	ENSEEEG00000017376	MRPS31
ENSP00000252505	ENSG00000151360	ALLC	ENSEEEP00000019965	ENSEEEG00000009756	ALLC
ENSP00000569250	ENSG00000104231	ZFAND1	ENSEEEP00000015870	ENSEEEG00000007840	zfand1
ENSP00000313079	ENSG00000180730	SHISA2	ENSEEEP00000047178	ENSEEEG00000022207	shisa2b
ENSP00000322568	ENSG00000176887	SOX11	ENSEEEP00000056976	ENSEEEG00000026550	sox11b
ENSP00000383232	ENSG00000100031	GGT1	ENSEEEP00000029665	ENSEEEG00000014202	ggt1b
ENSP00000398089	ENSG00000102984	ZNF821	ENSEEEP00000042040	ENSEEEG00000019862	znf821
ENSP00000327417	ENSG00000183840	GPR39	ENSEEEP00000040270	ENSEEEG00000019087	GPR39
ENSP00000498060	ENSG00000235272	RAMACL	ENSEEEP00000038654	ENSEEEG00000018347	
ENSP00000354518	ENSG00000198783	ZNF830	ENSEEEP00000036801	ENSEEEG00000017473	ZNF830
ENSP00000404232	ENSG00000183690	EFHC2	ENSEEEP00000054397	ENSEEEG00000007641	EFHC2
ENSP00000777960	ENSG00000253250	C8orf88	ENSEEEP00000027565	ENSEEEG00000013286	
ENSP00000367465	ENSG00000188937	NYX	ENSEEEP00000015535	ENSEEEG00000007715	NYX
ENSP00000351206	ENSG00000164440	TXLNB	ENSEEEP00000021221	ENSEEEG00000010337	txlnbb
ENSP00000351040	ENSG00000196227	FAM217B	ENSEEEP00000018589	ENSEEEG00000009137	FAM217B
ENSP00000276570	ENSG00000147570	DNAJC5B	ENSEEEP00000021676	ENSEEEG00000010541	DNAJC5B
ENSP00000516154	ENSG00000140521	POLG	ENSEEEP00000046169	ENSEEEG00000021749	POLG
ENSP00000314480	ENSG00000164853	UNCX	ENSEEEP00000026195	ENSEEEG00000012666	uncx4.1
ENSP00000501711	ENSG00000288611	NPBWR1	ENSEEEP00000048329	ENSEEEG00000022761	npbwr2a
ENSP00000296839	ENSG00000164379	FOXQ1	ENSEEEP00000051476	ENSEEEG00000024167	foxq1a
ENSP00000314946	ENSG00000177519	RPRM	ENSEEEP00000025494	ENSEEEG00000012376	rprma
ENSP00000380597	ENSG00000265818	EEF1E1-BLOC1S5	ENSEEEP00000033514	ENSEEEG00000015935	eef1e1
ENSP00000400341	ENSG00000125798	FOXA2	ENSEEEP00000047587	ENSEEEG00000022403	FOXA2
ENSP00000328983	ENSG00000183196	CHST6	ENSEEEP00000045188	ENSEEEG00000021333	chst6
ENSP00000708666	ENSG00000137154	RPS6	ENSEEEP00000039639	ENSEEEG00000018809	rps6
ENSP00000377869	ENSG00000159625	DRC7	ENSEEEP00000034746	ENSEEEG00000016500	ccdc135
ENSP00000285420	ENSG00000155100	OTUD6B	ENSEEEP00000018121	ENSEEEG00000008912	OTUD6B
ENSP00000623247	ENSG00000135698	MPHOSPH6	ENSEEEP00000062764	ENSEEEG00000025731	MPHOSPH6
ENSP00000341911	ENSG00000099864	PALM	ENSEEEP00000051660	ENSEEEG00000024258	palm1a
ENSP00000276571	ENSG00000147571	CRH	ENSEEEP00000021655	ENSEEEG00000010533	crhb
ENSP00000373450	ENSG00000104450	SPAG1	ENSEEEP00000045606	ENSEEEG00000021518	spag1a
ENSP00000582518	ENSG00000174444	RPL4	ENSEEEP00000007521	ENSEEEG00000003795	rpl4
ENSP00000653884	ENSG00000102897	LYRM1	ENSEEEP00000051068	ENSEEEG00000023979	LYRM1
ENSP00000609579	ENSG00000197114	ZGPAT	ENSEEEP00000009044	ENSEEEG00000004658	ZGPAT
ENSP00000297737	ENSG00000165061	ZMAT4	ENSEEEP00000048869	ENSEEEG00000022981	zmat4b
ENSP00000580397	ENSG00000086102	NFX1	ENSEEEP00000002656	ENSEEEG00000001529	NFX1
ENSP00000362353	ENSG00000112164	GLP1R	ENSEEEP00000054101	ENSEEEG00000014711	gcgra
ENSP00000574464	ENSG00000038532	CLEC16A	ENSEEEP00000045295	ENSEEEG00000021366	CLEC16A
ENSP00000488010	ENSG00000112297	CRYBG1	ENSEEEP00000054260	ENSEEEG00000020953	crybg1a
ENSP00000258456	ENSG00000135973	GPR45	ENSEEEP00000000631	ENSEEEG00000000448	GPR45
ENSP00000764343	ENSG00000167641	PPP1R14A	ENSEEEP00000052425	ENSEEEG00000024558	ppp1r14ab
ENSP00000328069	ENSG00000184530	C6orf58	ENSEEEP00000033760	ENSEEEG00000016076	leg1.1
ENSP00000386702	ENSG00000185105	MYADML2	ENSEEEP00000047532	ENSEEEG00000022375	MYADML2
ENSP00000348234	ENSG00000198650	TAT	ENSEEEP00000022518	ENSEEEG00000010929	TAT
ENSP00000622651	ENSG00000167646	DNAAF3	ENSEEEP00000017241	ENSEEEG00000008528	dnaaf3l
ENSP00000498597	ENSG00000189241	TSPYL1	ENSEEEP00000029459	ENSEEEG00000014106	tspy
ENSP00000603021	ENSG00000180822	PSMG4	ENSEEEP00000044325	ENSEEEG00000020942	psmg4
ENSP00000505197	ENSG00000125875	TBC1D20	ENSEEEP00000015771	ENSEEEG00000007805	TBC1D20
ENSP00000486314	ENSG00000127586	CHTF18	ENSEEEP00000034171	ENSEEEG00000016269	CHTF18
ENSP00000798462	ENSG00000170162	VGLL2	ENSEEEP00000015041	ENSEEEG00000007483	vgll2a
ENSP00000300413	ENSG00000167088	SNRPD1	ENSEEEP00000028150	ENSEEEG00000013549	SNRPD1
ENSP00000719303	ENSG00000188130	MAPK12	ENSEEEP00000002820	ENSEEEG00000001618	mapk12b
ENSP00000352314	ENSG00000197705	KLHL14	ENSEEEP00000022210	ENSEEEG00000010786	KLHL14
ENSP00000577507	ENSG00000125812	GZF1	ENSEEEP00000054116	ENSEEEG00000026063	GZF1
ENSP00000583741	ENSG00000140326	CDAN1	ENSEEEP00000062182	ENSEEEG00000028117	CDAN1
ENSP00000260126	ENSG00000137571	SLCO5A1	ENSEEEP00000026551	ENSEEEG00000012846	SLCO5A1
ENSP00000593573	ENSG00000165724	ZMYND19	ENSEEEP00000042601	ENSEEEG00000020116	ZMYND19
ENSP00000606055	ENSG00000066855	MTFR1	ENSEEEP00000021923	ENSEEEG00000010649	MTFR1
ENSP00000478799	ENSG00000167110	GOLGA2	ENSEEEP00000055065	ENSEEEG00000028063	golga2
ENSP00000377504	ENSG00000133250	ZNF414	ENSEEEP00000042638	ENSEEEG00000020133	ZNF414
ENSP00000300249	ENSG00000166974	MAPRE2	ENSEEEP00000022266	ENSEEEG00000010810	MAPRE2
ENSP00000217109	ENSG00000101138	CSTF1	ENSEEEP00000031709	ENSEEEG00000015147	CSTF1
ENSP00000764795	ENSG00000105640	RPL18A	ENSEEEP00000001414	ENSEEEG00000000927	RPL18A
ENSP00000320431	ENSG00000177511	ST8SIA3	ENSEEEP00000034130	ENSEEEG00000016250	ST8SIA3
ENSP00000756279	ENSG00000140612	SEC11A	ENSEEEP00000024285	ENSEEEG00000011771	SEC11A
ENSP00000575777	ENSG00000198081	ZBTB14	ENSEEEP00000000084	ENSEEEG00000000054	ZBTB14
ENSP00000367044	ENSG00000125844	RRBP1	ENSEEEP00000056890	ENSEEEG00000029145	rrbp1b
ENSP00000246672	ENSG00000126368	NR1D1	ENSEEEP00000007659	ENSEEEG00000004006	NR1D1
ENSP00000379203	ENSG00000155097	ATP6V1C1	ENSEEEP00000021225	ENSEEEG00000010003	atp6v1c1a
ENSP00000312411	ENSG00000175175	PPM1E	ENSEEEP00000064201	ENSEEEG00000002232	PPM1E
ENSP00000429200	ENSG00000147454	SLC25A37	ENSEEEP00000061445	ENSEEEG00000026858	SLC25A37
ENSP00000336856	ENSG00000140382	HMG20A	ENSEEEP00000048815	ENSEEEG00000022962	HMG20A
ENSP00000318057	ENSG00000179388	EGR3	ENSEEEP00000063004	ENSEEEG00000001192	EGR3
ENSP00000618697	ENSG00000101082	SLA2	ENSEEEP00000022999	ENSEEEG00000011167	SLA2
ENSP00000482265	ENSG00000182108	DEXI	ENSEEEP00000045259	ENSEEEG00000021362	DEXI
ENSP00000369976	ENSG00000198759	EGFL6	ENSEEEP00000026835	ENSEEEG00000012950	EGFL6
ENSP00000428184	ENSG00000137575	SDCBP	ENSEEEP00000014110	ENSEEEG00000007008	SDCBP2
ENSP00000368439	ENSG00000102230	PCYT1B	ENSEEEP00000016719	ENSEEEG00000008273	pcyt1ba
ENSP00000404375	ENSG00000241343	RPL36A	ENSEEEP00000014584	ENSEEEG00000007249	rpl36a
ENSP00000591004	ENSG00000166145	SPINT1	ENSEEEP00000045407	ENSEEEG00000021433	spint1a
ENSP00000769012	ENSG00000100142	POLR2F	ENSEEEP00000032935	ENSEEEG00000015675	POLR2F
ENSP00000521782	ENSG00000038358	EDC4	ENSEEEP00000048340	ENSEEEG00000022615	EDC4
ENSP00000622232	ENSG00000125826	RBCK1	ENSEEEP00000015775	ENSEEEG00000007806	RBCK1
ENSP00000508580	ENSG00000119321	FKBP15	ENSEEEP00000026607	ENSEEEG00000012826	si:ch73-199g24.2
ENSP00000633471	ENSG00000100416	TRMU	ENSEEEP00000032315	ENSEEEG00000015408	TRMU
ENSP00000447224	ENSG00000188039	NWD1	ENSEEEP00000051418	ENSEEEG00000024130	NWD1
ENSP00000349298	ENSG00000007944	MYLIP	ENSEEEP00000018829	ENSEEEG00000009249	mylipa
ENSP00000414302	ENSG00000154548	SRSF12	ENSEEEP00000020027	ENSEEEG00000009796	
ENSP00000786362	ENSG00000109667	SLC2A9	ENSEEEP00000061714	ENSEEEG00000008609	SLC2A9
ENSP00000620714	ENSG00000136842	TMOD1	ENSEEEP00000037173	ENSEEEG00000017664	TMOD1
ENSP00000545542	ENSG00000140455	USP3	ENSEEEP00000002854	ENSEEEG00000001460	USP3
ENSP00000381448	ENSG00000101439	CST3	ENSEEEP00000001850	ENSEEEG00000001170	CST3
ENSP00000286688	ENSG00000156172	CFAP418	ENSEEEP00000049045	ENSEEEG00000023045	CFAP418
ENSP00000274031	ENSG00000145391	SETD7	ENSEEEP00000001258	ENSEEEG00000000854	SETD7
ENSP00000574257	ENSG00000140876	NUDT7	ENSEEEP00000046148	ENSEEEG00000021746	NUDT7
ENSP00000234371	ENSG00000116014	KISS1R	ENSEEEP00000046230	ENSEEEG00000021709	kiss1rb
ENSP00000576102	ENSG00000178951	ZBTB7A	ENSEEEP00000028588	ENSEEEG00000013728	ZBTB7A
ENSP00000296026	ENSG00000163734	CXCL3	ENSEEEP00000016547	ENSEEEG00000008201	cxcl8a
ENSP00000498778	ENSG00000172007	RAB33B	ENSEEEP00000063627	ENSEEEG00000027250	rab33ba
ENSP00000438689	ENSG00000072778	ACADVL	ENSEEEP00000002570	ENSEEEG00000001057	ACADVL
ENSP00000370297	ENSG00000147869	CER1	ENSEEEP00000039644	ENSEEEG00000018811	
ENSP00000683032	ENSG00000179632	MAF1	ENSEEEP00000032519	ENSEEEG00000015506	MAF1
ENSP00000392147	ENSG00000119414	PPP6C	ENSEEEP00000039380	ENSEEEG00000018707	PPP6C
ENSP00000304736	ENSG00000170522	ELOVL6	ENSEEEP00000012708	ENSEEEG00000006382	ELOVL6
ENSP00000537876	ENSG00000134759	ELP2	ENSEEEP00000039173	ENSEEEG00000018613	ELP2
ENSP00000508968	ENSG00000146282	RARS2	ENSEEEP00000051359	ENSEEEG00000024085	RARS2
ENSP00000467612	ENSG00000153885	KCTD15	ENSEEEP00000004075	ENSEEEG00000002170	KCTD15
ENSP00000792476	ENSG00000100300	TSPO	ENSEEEP00000020057	ENSEEEG00000009808	TSPO
ENSP00000608235	ENSG00000104129	DNAJC17	ENSEEEP00000046396	ENSEEEG00000021844	DNAJC17
ENSP00000566871	ENSG00000155792	DEPTOR	ENSEEEP00000026880	ENSEEEG00000012975	DEPTOR
ENSP00000637650	ENSG00000215305	VPS16	ENSEEEP00000022555	ENSEEEG00000010954	VPS16
ENSP00000332204	ENSG00000185033	SEMA4B	ENSEEEP00000036158	ENSEEEG00000017194	sema4ba
ENSP00000431971	ENSG00000141858	SAMD1	ENSEEEP00000032066	ENSEEEG00000015296	samd1a
ENSP00000369863	ENSG00000149926	TLCD3B	ENSEEEP00000008169	ENSEEEG00000004257	tlcd3bb
ENSP00000543962	ENSG00000131652	THOC6	ENSEEEP00000028640	ENSEEEG00000013761	THOC6
ENSP00000331682	ENSG00000099910	KLHL22	ENSEEEP00000001333	ENSEEEG00000000877	IPP
ENSP00000608509	ENSG00000112701	SENP6	ENSEEEP00000062181	ENSEEEG00000012225	senp6a
ENSP00000541356	ENSG00000126246	IGFLR1	ENSEEEP00000058644	ENSEEEG00000026898	igflr1
ENSP00000408526	ENSG00000133731	IMPA1	ENSEEEP00000025892	ENSEEEG00000012540	IMPA1
ENSP00000452796	ENSG00000173517	PEAK1	ENSEEEP00000048819	ENSEEEG00000022963	PEAK1
ENSP00000402505	ENSG00000160111	CPAMD8	ENSEEEP00000005469	ENSEEEG00000002870	CPAMD8
ENSP00000355166	ENSG00000198812	LRRC10	ENSEEEP00000040137	ENSEEEG00000019032	LRRC10
ENSP00000456330	ENSG00000183044	ABAT	ENSEEEP00000043529	ENSEEEG00000020394	ABAT
ENSP00000312311	ENSG00000259494	MRPL46	ENSEEEP00000034448	ENSEEEG00000016397	MRPL46
ENSP00000359196	ENSG00000125534	PPDPF	ENSEEEP00000033849	ENSEEEG00000016118	ppdpfa
ENSP00000064571	ENSG00000054803	CBLN4	ENSEEEP00000050554	ENSEEEG00000023775	CBLN4
ENSP00000220772	ENSG00000104332	SFRP1	ENSEEEP00000049389	ENSEEEG00000023202	sfrp1a
ENSP00000546517	ENSG00000125755	SYMPK	ENSEEEP00000009135	ENSEEEG00000004564	SYMPK
ENSP00000562351	ENSG00000184708	EIF4ENIF1	ENSEEEP00000018054	ENSEEEG00000008891	EIF4ENIF1
ENSP00000299736	ENSG00000166582	CENPV	ENSEEEP00000011848	ENSEEEG00000005967	cenpv
ENSP00000339795	ENSG00000147604	RPL7	ENSEEEP00000050899	ENSEEEG00000023909	rpl7
ENSP00000301653	ENSG00000186832	KRT16	ENSEEEP00000054282	ENSEEEG00000025954	krt97
ENSP00000795961	ENSG00000198336	MYL4	ENSEEEP00000032923	ENSEEEG00000015670	
ENSP00000535188	ENSG00000239282	CASTOR1	ENSEEEP00000019644	ENSEEEG00000009620	CASTOR1
ENSP00000577828	ENSG00000109819	PPARGC1A	ENSEEEP00000007442	ENSEEEG00000003907	PPARGC1A
ENSP00000759048	ENSG00000224877	NDUFAF8	ENSEEEP00000011689	ENSEEEG00000005884	NDUFAF8
ENSP00000764252	ENSG00000181991	MRPS11	ENSEEEP00000034447	ENSEEEG00000016395	mrps11
ENSP00000702169	ENSG00000108561	C1QBP	ENSEEEP00000050540	ENSEEEG00000023762	hnrnpc
ENSP00000498622	ENSG00000135517	MIP	ENSEEEP00000009116	ENSEEEG00000004693	mipa
ENSP00000431759	ENSG00000188596	CFAP54	ENSEEEP00000000361	ENSEEEG00000000259	naa15b
ENSP00000787015	ENSG00000182944	EWSR1	ENSEEEP00000026218	ENSEEEG00000012675	ewsr1b
ENSP00000503598	ENSG00000108298	RPL19	ENSEEEP00000047910	ENSEEEG00000022557	RPL19
ENSP00000337332	ENSG00000077463	SIRT6	ENSEEEP00000004297	ENSEEEG00000002268	SIRT6
ENSP00000479104	ENSG00000166111	SVOP	ENSEEEP00000049502	ENSEEEG00000023273	svopa
ENSP00000778147	ENSG00000090316	MAEA	ENSEEEP00000034394	ENSEEEG00000016358	MAEA
ENSP00000443598	ENSG00000047346	ATOSA	ENSEEEP00000055858	ENSEEEG00000014427	FAM214A
ENSP00000229595	ENSG00000111875	ASF1A	ENSEEEP00000064421	ENSEEEG00000028190	asf1ba
ENSP00000506295	ENSG00000132424	PNISR	ENSEEEP00000064002	ENSEEEG00000005758	SRSF4
ENSP00000499910	ENSG00000176125	UFSP1	ENSEEEP00000032601	ENSEEEG00000015541	ufsp1
ENSP00000446918	ENSG00000170627	GTSF1	ENSEEEP00000009690	ENSEEEG00000004943	zgc:56699
ENSP00000525980	ENSG00000057663	ATG5	ENSEEEP00000063077	ENSEEEG00000026030	ATG5
ENSP00000623368	ENSG00000103047	TANGO6	ENSEEEP00000060281	ENSEEEG00000010261	TANGO6
ENSP00000349923	ENSG00000196976	LAGE3	ENSEEEP00000006774	ENSEEEG00000003575	MLLT11
ENSP00000244043	ENSG00000124212	PTGIS	ENSEEEP00000051776	ENSEEEG00000024307	PTGIS
ENSP00000262990	ENSG00000109445	ZNF330	ENSEEEP00000025446	ENSEEEG00000012345	ZNF330
ENSP00000694672	ENSG00000140416	TPM1	ENSEEEP00000035451	ENSEEEG00000016837	TPM1
ENSP00000520920	ENSG00000157600	TMEM164	ENSEEEP00000043577	ENSEEEG00000020594	TMEM164
ENSP00000521459	ENSG00000101187	SLCO4A1	ENSEEEP00000014127	ENSEEEG00000007015	SLCO4A1
ENSP00000465684	ENSG00000167604	NFKBID	ENSEEEP00000037249	ENSEEEG00000017707	
ENSP00000278853	ENSG00000149506	ZP1	ENSEEEP00000061303	ENSEEEG00000026106	zp2l2
ENSP00000522260	ENSG00000130707	ASS1	ENSEEEP00000036145	ENSEEEG00000017178	ASS1
ENSP00000293636	ENSG00000139610	CELA1	ENSEEEP00000015603	ENSEEEG00000007734	CELA1
ENSP00000337040	ENSG00000109103	UNC119	ENSEEEP00000040296	ENSEEEG00000019103	UNC119B
ENSP00000519700	ENSG00000137462	TLR2	ENSEEEP00000040213	ENSEEEG00000019064	
ENSP00000432609	ENSG00000101146	RAE1	ENSEEEP00000064420	ENSEEEG00000024316	RAE1
ENSP00000529796	ENSG00000182492	BGN	ENSEEEP00000013472	ENSEEEG00000006739	bgnb
ENSP00000354335	ENSG00000197629	MPEG1	ENSEEEP00000016835	ENSEEEG00000008343	MPEG1
ENSP00000585575	ENSG00000166479	TMX3	ENSEEEP00000061696	ENSEEEG00000026909	TMX3
ENSP00000315477	ENSG00000090659	CD209	ENSEEEP00000006015	ENSEEEG00000027766	
ENSP00000658247	ENSG00000134283	PPHLN1	ENSEEEP00000051447	ENSEEEG00000024151	PPHLN1
ENSP00000434024	ENSG00000188486	H2AX	ENSEEEP00000029833	ENSEEEG00000014296	H2AX
ENSP00000345826	ENSG00000124225	PMEPA1	ENSEEEP00000036323	ENSEEEG00000017275	PMEPA1
ENSP00000582655	ENSG00000025772	TOMM34	ENSEEEP00000004764	ENSEEEG00000002493	TOMM34
ENSP00000465776	ENSG00000104957	YJU2B	ENSEEEP00000052203	ENSEEEG00000024475	ccdc130
ENSP00000496900	ENSG00000060749	QSER1	ENSEEEP00000002702	ENSEEEG00000001563	QSER1
ENSP00000742676	ENSG00000133818	RRAS2	ENSEEEP00000041653	ENSEEEG00000019707	RRAS2
ENSP00000336866	ENSG00000089050	RBBP9	ENSEEEP00000062417	ENSEEEG00000028856	RBBP9
ENSP00000364119	ENSG00000125977	EIF2S2	ENSEEEP00000003658	ENSEEEG00000001997	EIF2S2
ENSP00000605829	ENSG00000155115	GTF3C6	ENSEEEP00000041635	ENSEEEG00000019696	GTF3C6
ENSP00000538589	ENSG00000138798	EGF	ENSEEEP00000056888	ENSEEEG00000006384	EGF
ENSP00000590392	ENSG00000112578	BYSL	ENSEEEP00000057353	ENSEEEG00000027743	BYSL
ENSP00000615397	ENSG00000105053	VRK3	ENSEEEP00000034935	ENSEEEG00000016618	VRK3
ENSP00000559165	ENSG00000167632	TRAPPC9	ENSEEEP00000044536	ENSEEEG00000021003	TRAPPC9
ENSP00000520621	ENSG00000164556	CFAP144P1	ENSEEEP00000015282	ENSEEEG00000007599	FAM183A
ENSP00000433696	ENSG00000227600	PPT2	ENSEEEP00000042794	ENSEEEG00000020183	zgc:66024
ENSP00000661878	ENSG00000065057	NTHL1	ENSEEEP00000038588	ENSEEEG00000018316	NTHL1
ENSP00000403409	ENSG00000233164	C6orf136	ENSEEEP00000037831	ENSEEEG00000017977	si:ch211-215a10.4
ENSP00000762869	ENSG00000056050	HPF1	ENSEEEP00000044804	ENSEEEG00000021147	HPF1
ENSP00000506604	ENSG00000135541	AHI1	ENSEEEP00000041096	ENSEEEG00000019449	ahi1
ENSP00000495061	ENSG00000164093	PITX2	ENSEEEP00000012707	ENSEEEG00000006380	PITX2
ENSP00000468354	ENSG00000154065	ANKRD29	ENSEEEP00000036613	ENSEEEG00000017384	ANKRD29
ENSP00000428754	ENSG00000147536	GINS4	ENSEEEP00000057011	ENSEEEG00000029039	GINS4
ENSP00000280191	ENSG00000150628	SPATA4	ENSEEEP00000012741	ENSEEEG00000006404	SPATA4
ENSP00000316329	ENSG00000145284	SCD5	ENSEEEP00000005609	ENSEEEG00000002848	SCD
ENSP00000463771	ENSG00000141668	CBLN2	ENSEEEP00000020295	ENSEEEG00000009907	cbln2b
ENSP00000248306	ENSG00000127720	METTL25	ENSEEEP00000050272	ENSEEEG00000023641	mettl25
ENSP00000323275	ENSG00000256061	DNAAF4	ENSEEEP00000000654	ENSEEEG00000000463	DNAAF4
ENSP00000624603	ENSG00000145431	PDGFC	ENSEEEP00000026422	ENSEEEG00000012716	PDGFC
ENSP00000351646	ENSG00000168439	STIP1	ENSEEEP00000007033	ENSEEEG00000003357	STIP1
ENSP00000314196	ENSG00000177669	MBOAT4	ENSEEEP00000046859	ENSEEEG00000022061	MBOAT4
ENSP00000346990	ENSG00000168079	SCARA5	ENSEEEP00000006996	ENSEEEG00000003674	SCARA5
ENSP00000712895	ENSG00000185043	CIB1	ENSEEEP00000008629	ENSEEEG00000004479	CIB1
ENSP00000261692	ENSG00000111328	CDK2AP1	ENSEEEP00000020665	ENSEEEG00000010078	CDK2AP1
ENSP00000331845	ENSG00000183530	PRR14L	ENSEEEP00000053497	ENSEEEG00000026280	prr14
ENSP00000489646	ENSG00000165702	GFI1B	ENSEEEP00000007330	ENSEEEG00000003850	GFI1B
ENSP00000503911	ENSG00000138757	G3BP2	ENSEEEP00000048088	ENSEEEG00000022647	G3BP2
ENSP00000315417	ENSG00000180318	ALX1	ENSEEEP00000011815	ENSEEEG00000005949	ALX1
ENSP00000370989	ENSG00000120217	CD274	ENSEEEP00000003529	ENSEEEG00000001949	si:ch211-241b2.5
ENSP00000527868	ENSG00000101132	PFDN4	ENSEEEP00000050547	ENSEEEG00000023766	PFDN4
ENSP00000438963	ENSG00000069943	PIGB	ENSEEEP00000000608	ENSEEEG00000000390	PIGB
ENSP00000216268	ENSG00000100426	ZBED4	ENSEEEP00000045577	ENSEEEG00000021503	ZBED4
ENSP00000726637	ENSG00000141994	DUS3L	ENSEEEP00000009152	ENSEEEG00000004700	DUS3L
ENSP00000528820	ENSG00000071889	FAM3A	ENSEEEP00000051170	ENSEEEG00000024024	FAM3A
ENSP00000351207	ENSG00000197077	KIAA1671	ENSEEEP00000059213	ENSEEEG00000026986	si:ch73-138n13.1
ENSP00000548233	ENSG00000182985	CADM1	ENSEEEP00000008972	ENSEEEG00000004629	cadm1a
ENSP00000609319	ENSG00000124228	DDX27	ENSEEEP00000015832	ENSEEEG00000007816	DDX27
ENSP00000393154	ENSG00000141665	FBXO15	ENSEEEP00000044295	ENSEEEG00000020929	zgc:161973
ENSP00000551027	ENSG00000099940	SNAP29	ENSEEEP00000010288	ENSEEEG00000005211	SNAP29
ENSP00000498358	ENSG00000066926	FECH	ENSEEEP00000034147	ENSEEEG00000016253	FECH
ENSP00000358307	ENSG00000196865	NHLRC2	ENSEEEP00000012296	ENSEEEG00000006185	NHLRC2
ENSP00000789829	ENSG00000147654	EBAG9	ENSEEEP00000052453	ENSEEEG00000024567	EBAG9
ENSP00000631417	ENSG00000133318	RTN3	ENSEEEP00000035119	ENSEEEG00000016705	RTN3
ENSP00000555832	ENSG00000105655	ISYNA1	ENSEEEP00000034901	ENSEEEG00000016595	ISYNA1
ENSP00000773236	ENSG00000108010	GLRX3	ENSEEEP00000009376	ENSEEEG00000004783	GLRX3
ENSP00000342411	ENSG00000188038	NRN1L	ENSEEEP00000047961	ENSEEEG00000022593	nrn1la
ENSP00000447149	ENSG00000012504	NR1H4	ENSEEEP00000056177	ENSEEEG00000006931	NR1H4
ENSP00000634342	ENSG00000169857	AVEN	ENSEEEP00000021384	ENSEEEG00000010420	AVEN
ENSP00000261600	ENSG00000079134	THOC1	ENSEEEP00000022567	ENSEEEG00000010910	THOC1
ENSP00000323288	ENSG00000166133	RPUSD2	ENSEEEP00000035771	ENSEEEG00000017024	RPUSD2
ENSP00000581118	ENSG00000147257	GPC3	ENSEEEP00000041873	ENSEEEG00000019792	GPC3
ENSP00000779285	ENSG00000136936	XPA	ENSEEEP00000037230	ENSEEEG00000017692	XPA
ENSP00000373060	ENSG00000206481	MDC1	ENSEEEP00000000225	ENSEEEG00000000160	MDC1
ENSP00000369014	ENSG00000173376	NDNF	ENSEEEP00000006336	ENSEEEG00000003371	NDNF
ENSP00000307264	ENSG00000171067	C11orf24	ENSEEEP00000038660	ENSEEEG00000018348	SNORC
ENSP00000428801	ENSG00000147592	LACTB2	ENSEEEP00000026552	ENSEEEG00000012847	LACTB2
ENSP00000628354	ENSG00000167074	TEF	ENSEEEP00000022905	ENSEEEG00000011115	tefa
ENSP00000391498	ENSG00000095981	KCNK16	ENSEEEP00000055712	ENSEEEG00000026567	KCNK16
ENSP00000635471	ENSG00000198917	SPOUT1	ENSEEEP00000012935	ENSEEEG00000006447	SPOUT1
ENSP00000622295	ENSG00000008735	MAPK8IP2	ENSEEEP00000014452	ENSEEEG00000007200	MAPK8IP2
ENSP00000432897	ENSG00000172922	RNASEH2C	ENSEEEP00000035549	ENSEEEG00000016934	RNASEH2C
ENSP00000368079	ENSG00000145476	CYP4V2	ENSEEEP00000043249	ENSEEEG00000020426	cyp4v7
ENSP00000639225	ENSG00000101445	PPP1R16B	ENSEEEP00000036307	ENSEEEG00000017266	PPP1R16B
ENSP00000603768	ENSG00000147687	TATDN1	ENSEEEP00000007198	ENSEEEG00000003736	TATDN1
ENSP00000269202	ENSG00000141434	MEP1B	ENSEEEP00000051506	ENSEEEG00000024180	MEP1B
ENSP00000614815	ENSG00000198026	ZNF335	ENSEEEP00000034278	ENSEEEG00000015899	ZNF335
ENSP00000399982	ENSG00000106290	TAF6	ENSEEEP00000014764	ENSEEEG00000007330	TAF6
ENSP00000343144	ENSG00000178184	PARD6G	ENSEEEP00000024438	ENSEEEG00000011856	pard6gb
ENSP00000374125	ENSG00000197046	SIGLEC15	ENSEEEP00000020461	ENSEEEG00000009989	
ENSP00000385319	ENSG00000169635	HIC2	ENSEEEP00000027026	ENSEEEG00000013050	HIC2
ENSP00000765770	ENSG00000075336	TIMM21	ENSEEEP00000055606	ENSEEEG00000001590	TIMM21
ENSP00000611684	ENSG00000101150	TPD52L2	ENSEEEP00000013617	ENSEEEG00000006807	tpd52l2b
ENSP00000461135	ENSG00000262919	CCNQ	ENSEEEP00000013466	ENSEEEG00000006736	CCNQ
ENSP00000298910	ENSG00000188906	LRRK2	ENSEEEP00000003360	ENSEEEG00000001888	LRRK2
ENSP00000528651	ENSG00000138315	OIT3	ENSEEEP00000021260	ENSEEEG00000010362	OIT3
ENSP00000219439	ENSG00000103160	HSDL1	ENSEEEP00000014895	ENSEEEG00000007419	HSDL1
ENSP00000501772	ENSG00000156709	AIFM1	ENSEEEP00000057189	ENSEEEG00000002762	AIFM1
ENSP00000676893	ENSG00000103978	TMEM87A	ENSEEEP00000035520	ENSEEEG00000016916	TMEM87A
ENSP00000367318	ENSG00000107185	RGP1	ENSEEEP00000012185	ENSEEEG00000006145	RGP1
ENSP00000219406	ENSG00000185615	PDIA2	ENSEEEP00000025134	ENSEEEG00000012184	PDIA2
ENSP00000793637	ENSG00000139651	ZNF740	ENSEEEP00000054770	ENSEEEG00000025694	znf740b
ENSP00000608093	ENSG00000196419	XRCC6	ENSEEEP00000023730	ENSEEEG00000011488	XRCC6
ENSP00000461181	ENSG00000167978	SRRM2	ENSEEEP00000028638	ENSEEEG00000013760	
ENSP00000353462	ENSG00000087589	CASS4	ENSEEEP00000031714	ENSEEEG00000015149	CASS4
ENSP00000586512	ENSG00000104356	POP1	ENSEEEP00000053295	ENSEEEG00000014926	POP1
ENSP00000416683	ENSG00000099769	IGFALS	ENSEEEP00000002006	ENSEEEG00000001246	IGFALS
ENSP00000419081	ENSG00000129007	CALML4	ENSEEEP00000038259	ENSEEEG00000018186	calml4a
ENSP00000487795	ENSG00000197457	STMN3	ENSEEEP00000017836	ENSEEEG00000008795	STMN3
ENSP00000621081	ENSG00000105612	DNASE2	ENSEEEP00000042427	ENSEEEG00000020032	DNASE2
ENSP00000495226	ENSG00000167522	ANKRD11	ENSEEEP00000064483	ENSEEEG00000025099	
ENSP00000328677	ENSG00000183186	C2CD4C	ENSEEEP00000052891	ENSEEEG00000026818	C2CD4C
ENSP00000589408	ENSG00000166997	CNPY4	ENSEEEP00000021826	ENSEEEG00000010606	CNPY4
ENSP00000554729	ENSG00000067167	TRAM1	ENSEEEP00000007582	ENSEEEG00000003945	TRAM1
ENSP00000445345	ENSG00000141873	SLC39A3	ENSEEEP00000059844	ENSEEEG00000028812	SLC39A3
ENSP00000567431	ENSG00000160563	MED27	ENSEEEP00000044497	ENSEEEG00000021021	MED27
ENSP00000261250	ENSG00000047621	FERRY3	ENSEEEP00000015247	ENSEEEG00000007586	C12orf4
ENSP00000502939	ENSG00000161057	PSMC2	ENSEEEP00000021813	ENSEEEG00000010534	PSMC2
ENSP00000597177	ENSG00000166797	CIAO2A	ENSEEEP00000041023	ENSEEEG00000019426	CIAO2A
ENSP00000418268	ENSG00000065328	MCM10	ENSEEEP00000015077	ENSEEEG00000007505	MCM10
ENSP00000415056	ENSG00000178997	EXD1	ENSEEEP00000030802	ENSEEEG00000014736	EXD1
ENSP00000340982	ENSG00000137098	SPAG8	ENSEEEP00000020764	ENSEEEG00000010131	SPAG8
ENSP00000371805	ENSG00000155034	FBXL18	ENSEEEP00000039108	ENSEEEG00000018573	FBXL18
ENSP00000312599	ENSG00000175606	TMEM70	ENSEEEP00000050879	ENSEEEG00000023900	TMEM70
ENSP00000515495	ENSG00000174197	MGA	ENSEEEP00000008244	ENSEEEG00000004309	E2F8
ENSP00000383715	ENSG00000112486	CCR6	ENSEEEP00000019880	ENSEEEG00000009725	ccr6a
ENSP00000520600	ENSG00000101425	BPI	ENSEEEP00000017733	ENSEEEG00000002924	NOVA1
ENSP00000637617	ENSG00000135249	RINT1	ENSEEEP00000001233	ENSEEEG00000000395	RINT1
ENSP00000500765	ENSG00000082556	OPRK1	ENSEEEP00000018359	ENSEEEG00000009011	OPRK1
ENSP00000363822	ENSG00000169083	AR	ENSEEEP00000011252	ENSEEEG00000005698	AR
ENSP00000602742	ENSG00000136942	RPL35	ENSEEEP00000042972	ENSEEEG00000020284	RPL35
ENSP00000445496	ENSG00000183715	OPCML	ENSEEEP00000027080	ENSEEEG00000013075	OPCML
ENSP00000442460	ENSG00000101213	PTK6	ENSEEEP00000013626	ENSEEEG00000006809	ptk6b
ENSP00000566227	ENSG00000169371	SNUPN	ENSEEEP00000048811	ENSEEEG00000022957	SNUPN
ENSP00000653779	ENSG00000106803	SEC61B	ENSEEEP00000040139	ENSEEEG00000019034	SEC61B
ENSP00000585545	ENSG00000176101	SSNA1	ENSEEEP00000020711	ENSEEEG00000010101	ssna1
ENSP00000637381	ENSG00000204991	SPIRE2	ENSEEEP00000045185	ENSEEEG00000021331	SPIRE2
ENSP00000647307	ENSG00000149357	LAMTOR1	ENSEEEP00000002986	ENSEEEG00000001701	LAMTOR1
ENSP00000249373	ENSG00000128602	SMO	ENSEEEP00000029491	ENSEEEG00000014079	SMO
ENSP00000321797	ENSG00000107831	FGF8	ENSEEEP00000001129	ENSEEEG00000000736	fgf8a
ENSP00000388550	ENSG00000101236	RNF24	ENSEEEP00000056957	ENSEEEG00000027810	RNF24
ENSP00000300181	ENSG00000166925	TSC22D4	ENSEEEP00000057383	ENSEEEG00000028977	zgc:153012
ENSP00000700416	ENSG00000013364	MVP	ENSEEEP00000007192	ENSEEEG00000002941	MVP
ENSP00000763240	ENSG00000106682	EIF4H	ENSEEEP00000049944	ENSEEEG00000023479	EIF4H
ENSP00000364839	ENSG00000171456	ASXL1	ENSEEEP00000048321	ENSEEEG00000022757	ASXL1
ENSP00000513665	ENSG00000107960	STN1	ENSEEEP00000050079	ENSEEEG00000023553	STN1
ENSP00000457335	ENSG00000169752	NRG4	ENSEEEP00000031658	ENSEEEG00000015131	NRG4
ENSP00000352420	ENSG00000168675	LDLRAD4	ENSEEEP00000038147	ENSEEEG00000018125	ldlrad4b
ENSP00000477297	ENSG00000285508		ENSEEEP00000036727	ENSEEEG00000017438	
ENSP00000653200	ENSG00000101323	HAO1	ENSEEEP00000019777	ENSEEEG00000009678	HAO1
ENSP00000547477	ENSG00000062282	DGAT2	ENSEEEP00000028816	ENSEEEG00000013828	DGAT2
ENSP00000349543	ENSG00000164751	PEX2	ENSEEEP00000018498	ENSEEEG00000009086	PEX2
ENSP00000530867	ENSG00000159579	RSPRY1	ENSEEEP00000047569	ENSEEEG00000022391	RSPRY1
ENSP00000331342	ENSG00000156675	RAB11FIP1	ENSEEEP00000014646	ENSEEEG00000007281	RAB11FIP1
ENSP00000000412	ENSG00000003056	M6PR	ENSEEEP00000041603	ENSEEEG00000019680	M6PR
ENSP00000499466	ENSG00000102309	PIN4	ENSEEEP00000035211	ENSEEEG00000016752	PIN4
ENSP00000574202	ENSG00000167130	DOLPP1	ENSEEEP00000012811	ENSEEEG00000006435	DOLPP1
ENSP00000369335	ENSG00000134452	FBH1	ENSEEEP00000038019	ENSEEEG00000018051	fbxo18
ENSP00000355195	ENSG00000198881	ASB12	ENSEEEP00000004010	ENSEEEG00000002145	asb12b
ENSP00000339390	ENSG00000124215	CDH26	ENSEEEP00000002080	ENSEEEG00000001282	cdh26.1
ENSP00000257895	ENSG00000135437	RDH5	ENSEEEP00000015765	ENSEEEG00000007744	RDH5
ENSP00000472116	ENSG00000161677	JOSD2	ENSEEEP00000026541	ENSEEEG00000012840	JOSD2
ENSP00000340299	ENSG00000159714	ZDHHC1	ENSEEEP00000045520	ENSEEEG00000021478	ZDHHC1
ENSP00000795862	ENSG00000168734	PKIG	ENSEEEP00000050627	ENSEEEG00000023800	
ENSP00000795071	ENSG00000137103	TMEM8B	ENSEEEP00000009434	ENSEEEG00000004822	TMEM8B
ENSP00000446101	ENSG00000185306	C12orf56	ENSEEEP00000043143	ENSEEEG00000020370	si:ch211-258f14.2
ENSP00000372817	ENSG00000206342	WHR1	ENSEEEP00000000409	ENSEEEG00000000305	STK19
ENSP00000512851	ENSG00000182450	KCNK4	ENSEEEP00000039730	ENSEEEG00000018839	KCNK4
ENSP00000566555	ENSG00000111252	SH2B3	ENSEEEP00000058287	ENSEEEG00000024943	SH2B3
ENSP00000432807	ENSG00000177700	POLR2L	ENSEEEP00000001997	ENSEEEG00000001244	POLR2L
ENSP00000782971	ENSG00000140391	TSPAN3	ENSEEEP00000024254	ENSEEEG00000011750	tspan3a
ENSP00000554156	ENSG00000150316	CWC15	ENSEEEP00000059714	ENSEEEG00000010036	CWC15
ENSP00000340409	ENSG00000166311	SMPD1	ENSEEEP00000036769	ENSEEEG00000017452	SMPD1
ENSP00000361302	ENSG00000130714	POMT1	ENSEEEP00000028593	ENSEEEG00000013730	POMT1
ENSP00000349359	ENSG00000122122	SASH3	ENSEEEP00000030498	ENSEEEG00000014612	SASH3
ENSP00000722937	ENSG00000185442	FAM174B	ENSEEEP00000036443	ENSEEEG00000017326	FAM174B
ENSP00000064724	ENSG00000013297	CLDN11	ENSEEEP00000014298	ENSEEEG00000007109	cldn11a
ENSP00000440396	ENSG00000168876	ANKRD49	ENSEEEP00000024858	ENSEEEG00000012046	ANKRD49
ENSP00000369465	ENSG00000086712	TXLNG	ENSEEEP00000008999	ENSEEEG00000004535	TXLNG
ENSP00000446734	ENSG00000139644	TMBIM6	ENSEEEP00000029171	ENSEEEG00000013992	tegt
ENSP00000494410	ENSG00000105321	CCDC9	ENSEEEP00000001726	ENSEEEG00000001107	CCDC9
ENSP00000504268	ENSG00000163945	UVSSA	ENSEEEP00000017720	ENSEEEG00000008757	UVSSA
ENSP00000404705	ENSG00000177694	NAALADL2	ENSEEEP00000050667	ENSEEEG00000023816	TMCO4
ENSP00000312244	ENSG00000005302	MSL3	ENSEEEP00000039856	ENSEEEG00000018898	MSL3
ENSP00000275525	ENSG00000146678	IGFBP1	ENSEEEP00000049581	ENSEEEG00000023310	igfbp1a
ENSP00000328596	ENSG00000184302	SIX6	ENSEEEP00000049299	ENSEEEG00000023173	six6a
ENSP00000496601	ENSG00000172264	MACROD2	ENSEEEP00000023762	ENSEEEG00000011511	macrod2
ENSP00000478993	ENSG00000179600	GPHB5	ENSEEEP00000026340	ENSEEEG00000012755	GPHB5
ENSP00000497923	ENSG00000162244	RPL29	ENSEEEP00000049867	ENSEEEG00000023440	rpl29
ENSP00000371318	ENSG00000125895	TMEM74B	ENSEEEP00000004815	ENSEEEG00000002512	TMEM74B
ENSP00000791068	ENSG00000254858	MPV17L2	ENSEEEP00000046566	ENSEEEG00000021929	MPV17L2
ENSP00000384085	ENSG00000006468	ETV1	ENSEEEP00000002695	ENSEEEG00000001561	ETV1
ENSP00000795755	ENSG00000181035	SLC25A42	ENSEEEP00000057269	ENSEEEG00000025131	slc25a42
ENSP00000335371	ENSG00000168538	TRAPPC11	ENSEEEP00000028136	ENSEEEG00000013539	TRAPPC11
ENSP00000359956	ENSG00000012660	ELOVL5	ENSEEEP00000045260	ENSEEEG00000021361	ELOVL5
ENSP00000523479	ENSG00000100296	THOC5	ENSEEEP00000040986	ENSEEEG00000019393	THOC5
ENSP00000490402	ENSG00000103264	FBXO31	ENSEEEP00000046312	ENSEEEG00000021770	FBXO31
ENSP00000520479	ENSG00000182150	ERCC6L2	ENSEEEP00000016819	ENSEEEG00000008335	ercc6l2
ENSP00000323280	ENSG00000013725	CD6	ENSEEEP00000047002	ENSEEEG00000022124	CD6
ENSP00000311827	ENSG00000174579	MSL2	ENSEEEP00000042146	ENSEEEG00000019911	msl2b
ENSP00000363129	ENSG00000124562	SNRPC	ENSEEEP00000014433	ENSEEEG00000007187	SNRPC
ENSP00000604310	ENSG00000006712	PAF1	ENSEEEP00000000941	ENSEEEG00000000625	PAF1
ENSP00000424765	ENSG00000114019	AMOTL2	ENSEEEP00000010811	ENSEEEG00000005477	amotl2a
ENSP00000579499	ENSG00000029639	TFB1M	ENSEEEP00000011924	ENSEEEG00000006010	TFB1M
ENSP00000541410	ENSG00000108179	PPIF	ENSEEEP00000033095	ENSEEEG00000015747	ppifb
ENSP00000439781	ENSG00000184828	ZBTB7C	ENSEEEP00000006569	ENSEEEG00000003475	ZBTB7C
ENSP00000589181	ENSG00000166508	MCM7	ENSEEEP00000042225	ENSEEEG00000019897	MCM7
ENSP00000464145	ENSG00000266524	GDF10	ENSEEEP00000003593	ENSEEEG00000001956	gdf10a
ENSP00000427108	ENSG00000168564	CDKN2AIP	ENSEEEP00000054291	ENSEEEG00000026421	CDKN2AIP
ENSP00000495972	ENSG00000124479	NDP	ENSEEEP00000015398	ENSEEEG00000007645	NDP
ENSP00000492260	ENSG00000121897	LIAS	ENSEEEP00000013844	ENSEEEG00000006847	LIAS
ENSP00000712748	ENSG00000141425	RPRD1A	ENSEEEP00000033236	ENSEEEG00000015800	RPRD1A
ENSP00000565154	ENSG00000088682	COQ9	ENSEEEP00000034474	ENSEEEG00000016411	COQ9
ENSP00000341342	ENSG00000172578	KLHL6	ENSEEEP00000013193	ENSEEEG00000006613	KLHL6
ENSP00000510696	ENSG00000174010	KLHL15	ENSEEEP00000060068	ENSEEEG00000027813	KLHL15
ENSP00000529425	ENSG00000123453	SARDH	ENSEEEP00000022062	ENSEEEG00000010699	SARDH
ENSP00000444955	ENSG00000211777	TRAV3	ENSEEEP00000056111	ENSEEEG00000025625	
ENSP00000799629	ENSG00000075142	SRI	ENSEEEP00000052962	ENSEEEG00000012653	sri
ENSP00000695722	ENSG00000103174	NAGPA	ENSEEEP00000049038	ENSEEEG00000023041	NAGPA
ENSP00000532461	ENSG00000085872	CHERP	ENSEEEP00000020792	ENSEEEG00000010143	CHERP
ENSP00000599173	ENSG00000101850	GPR143	ENSEEEP00000038843	ENSEEEG00000018421	GPR143
ENSP00000440440	ENSG00000171681	ATF7IP	ENSEEEP00000041844	ENSEEEG00000019779	ATF7IP
ENSP00000436644	ENSG00000175376	EIF1AD	ENSEEEP00000029518	ENSEEEG00000014135	EIF1AD
ENSP00000427463	ENSG00000129128	SPCS3	ENSEEEP00000036512	ENSEEEG00000017355	SPCS3
ENSP00000253413	ENSG00000131100	ATP6V1E1	ENSEEEP00000033866	ENSEEEG00000015843	atp6v1e1b
ENSP00000625355	ENSG00000104219	ZDHHC2	ENSEEEP00000042560	ENSEEEG00000020011	ZDHHC2
ENSP00000482133	ENSG00000258644	SYNJ2BP-COX16	ENSEEEP00000013994	ENSEEEG00000006960	SYNJ2BP
ENSP00000566554	ENSG00000005981	ASB4	ENSEEEP00000046591	ENSEEEG00000021941	ASB4
ENSP00000497529	ENSG00000223609	HBD	ENSEEEP00000056822	ENSEEEG00000001581	HBB
ENSP00000268483	ENSG00000140830	TXNL4B	ENSEEEP00000027219	ENSEEEG00000013135	TXNL4B
ENSP00000308820	ENSG00000166405	RIC3	ENSEEEP00000003242	ENSEEEG00000001824	RIC3
ENSP00000333262	ENSG00000185133	INPP5J	ENSEEEP00000008856	ENSEEEG00000004572	inpp5jb
ENSP00000496347	ENSG00000167210	LOXHD1	ENSEEEP00000020600	ENSEEEG00000010045	loxhd1b
ENSP00000438290	ENSG00000211780	TRAV6	ENSEEEP00000058376	ENSEEEG00000026476	
ENSP00000483825	ENSG00000269335	IKBKG	ENSEEEP00000037274	ENSEEEG00000017714	IKBKG
ENSP00000438446	ENSG00000211783	TRAV9-1	ENSEEEP00000055496	ENSEEEG00000028885	tradv36.2.12
ENSP00000622200	ENSG00000137764	MAP2K5	ENSEEEP00000042756	ENSEEEG00000020174	MAP2K5
ENSP00000654761	ENSG00000110921	MVK	ENSEEEP00000057496	ENSEEEG00000015244	MVK
ENSP00000451822	ENSG00000211794	TRAV12-3	ENSEEEP00000061679	ENSEEEG00000025335	tradv36.2.12
ENSP00000452087	ENSG00000211797	TRAV17	ENSEEEP00000012534	ENSEEEG00000025209	BORCS8
ENSP00000452148	ENSG00000211799	TRAV19	ENSEEEP00000052971	ENSEEEG00000026149	
ENSP00000452420	ENSG00000211802	TRAV22	ENSEEEP00000061211	ENSEEEG00000025326	
ENSP00000450950	ENSG00000211816	TRAV38-1	ENSEEEP00000004667	ENSEEEG00000002435	tradv2.0.4
ENSP00000281031	ENSG00000151366	NDUFC2	ENSEEEP00000038100	ENSEEEG00000018104	ndufc2
ENSP00000598835	ENSG00000103061	SLC7A6OS	ENSEEEP00000031095	ENSEEEG00000014884	SLC7A6OS
ENSP00000567783	ENSG00000141452	RMC1	ENSEEEP00000034309	ENSEEEG00000016200	RMC1
ENSP00000613198	ENSG00000149591	TAGLN	ENSEEEP00000037336	ENSEEEG00000017748	TAGLN2
ENSP00000277225	ENSG00000148143	ZNF462	ENSEEEP00000054231	ENSEEEG00000027955	ZNF462
ENSP00000485200	ENSG00000274576	IGHV2-70	ENSEEEP00000054681	ENSEEEG00000026442	
ENSP00000382422	ENSG00000215048	HLA-DPB1	ENSEEEP00000015639	ENSEEEG00000007669	
ENSP00000455329	ENSG00000257341		ENSEEEP00000010825	ENSEEEG00000005480	crip1
ENSP00000548780	ENSG00000167965	MLST8	ENSEEEP00000018559	ENSEEEG00000009112	MLST8
ENSP00000493129	ENSG00000211893	IGHG2	ENSEEEP00000015700	ENSEEEG00000007774	SYT10
ENSP00000374265	ENSG00000176153	GPX2	ENSEEEP00000004289	ENSEEEG00000002262	GPX2
ENSP00000521430	ENSG00000197818	SLC9A8	ENSEEEP00000043439	ENSEEEG00000020324	SLC9A8
ENSP00000432696	ENSG00000181619	GPR135	ENSEEEP00000027350	ENSEEEG00000013197	GPR135
ENSP00000261980	ENSG00000119614	VSX2	ENSEEEP00000035930	ENSEEEG00000017086	VSX2
ENSP00000487136	ENSG00000154814	OXNAD1	ENSEEEP00000017277	ENSEEEG00000008542	OXNAD1
ENSP00000369080	ENSG00000101222	SPEF1	ENSEEEP00000004938	ENSEEEG00000002575	zgc:66426
ENSP00000779480	ENSG00000134440	NARS1	ENSEEEP00000060106	ENSEEEG00000005638	NARS1
ENSP00000221486	ENSG00000104889	RNASEH2A	ENSEEEP00000059477	ENSEEEG00000003305	RNASEH2A
ENSP00000370215	ENSG00000165555	NOXRED1	ENSEEEP00000062354	ENSEEEG00000016862	NOXRED1
ENSP00000363972	ENSG00000126970	ZC4H2	ENSEEEP00000004015	ENSEEEG00000002147	ZC4H2
ENSP00000220676	ENSG00000104237	RP1	ENSEEEP00000058091	ENSEEEG00000026353	RP1
ENSP00000519600	ENSG00000118046	STK11	ENSEEEP00000061124	ENSEEEG00000023616	STK11
ENSP00000391826	ENSG00000167244	IGF2	ENSEEEP00000040353	ENSEEEG00000019117	IGF2
ENSP00000518858	ENSG00000229126	MUC22	ENSEEEP00000056960	ENSEEEG00000024894	
ENSP00000455434	ENSG00000227729	RD3L	ENSEEEP00000050532	ENSEEEG00000023767	si:ch211-253p18.5
ENSP00000229379	ENSG00000111775	COX6A1	ENSEEEP00000050747	ENSEEEG00000023845	cox6a1
ENSP00000262032	ENSG00000123411	IKZF4	ENSEEEP00000018978	ENSEEEG00000009305	IKZF4
ENSP00000216923	ENSG00000020256	ZFP64	ENSEEEP00000050516	ENSEEEG00000023755	ZFP64
ENSP00000450842	ENSG00000182107	TMEM30B	ENSEEEP00000016642	ENSEEEG00000008215	TMEM30B
ENSP00000684339	ENSG00000122786	CALD1	ENSEEEP00000003492	ENSEEEG00000001938	
ENSP00000793713	ENSG00000151176	PLBD2	ENSEEEP00000022831	ENSEEEG00000010868	PLBD2
ENSP00000573748	ENSG00000128242	GAL3ST1	ENSEEEP00000017974	ENSEEEG00000008859	gal3st1a
ENSP00000542877	ENSG00000163827	LRRC2	ENSEEEP00000018715	ENSEEEG00000009206	LRRC2
ENSP00000541359	ENSG00000150455	TIRAP	ENSEEEP00000043811	ENSEEEG00000020706	TIRAP
ENSP00000602854	ENSG00000105229	PIAS4	ENSEEEP00000028969	ENSEEEG00000013886	pias4a
ENSP00000427336	ENSG00000197406	DIO3	ENSEEEP00000018557	ENSEEEG00000009121	
ENSP00000385793	ENSG00000170619	COMMD5	ENSEEEP00000041306	ENSEEEG00000019549	COMMD5
ENSP00000501269	ENSG00000145335	SNCA	ENSEEEP00000000844	ENSEEEG00000000544	SNCA
ENSP00000376865	ENSG00000170962	PDGFD	ENSEEEP00000054411	ENSEEEG00000027189	PDGFD
ENSP00000519514	ENSG00000293569		ENSEEEP00000053019	ENSEEEG00000028596	
ENSP00000394049	ENSG00000155926	SLA	ENSEEEP00000036177	ENSEEEG00000017210	SLA
ENSP00000668643	ENSG00000204653	ASPDH	ENSEEEP00000002414	ENSEEEG00000001404	ASPDH
ENSP00000546844	ENSG00000054965	FAM168A	ENSEEEP00000062479	ENSEEEG00000023458	FAM168A
ENSP00000255784	ENSG00000100147	CCDC134	ENSEEEP00000032801	ENSEEEG00000015625	CCDC134
ENSP00000362855	ENSG00000149636	DSN1	ENSEEEP00000043983	ENSEEEG00000020777	DSN1
ENSP00000605402	ENSG00000089009	RPL6	ENSEEEP00000062448	ENSEEEG00000015200	rpl6
ENSP00000480941	ENSG00000177576	C18orf32	ENSEEEP00000036808	ENSEEEG00000017475	C18orf32
ENSP00000436187	ENSG00000196323	ZBTB44	ENSEEEP00000030614	ENSEEEG00000014662	ZBTB44
ENSP00000395535	ENSG00000169057	MECP2	ENSEEEP00000006746	ENSEEEG00000003570	MECP2
ENSP00000573538	ENSG00000100271	TTLL1	ENSEEEP00000063117	ENSEEEG00000020808	TTLL1
ENSP00000406209	ENSG00000063245	EPN1	ENSEEEP00000026314	ENSEEEG00000012735	EPN1
ENSP00000624328	ENSG00000122490	SLC66A2	ENSEEEP00000059171	ENSEEEG00000027094	SLC66A2
ENSP00000368253	ENSG00000169297	NR0B1	ENSEEEP00000009989	ENSEEEG00000005078	NR0B1
ENSP00000339090	ENSG00000134597	RBMX2	ENSEEEP00000061410	ENSEEEG00000027696	
ENSP00000227520	ENSG00000110104	CCDC86	ENSEEEP00000006196	ENSEEEG00000003306	si:ch211-217k17.7
ENSP00000319977	ENSG00000104419	NDRG1	ENSEEEP00000039154	ENSEEEG00000016498	ndrg1a
ENSP00000510180	ENSG00000149483	TMEM138	ENSEEEP00000037750	ENSEEEG00000017946	TMEM138
ENSP00000311697	ENSG00000138675	FGF5	ENSEEEP00000001116	ENSEEEG00000000748	FGF5
ENSP00000507396	ENSG00000081307	UBA5	ENSEEEP00000056880	ENSEEEG00000015901	UBA5
ENSP00000442858	ENSG00000167191	GPRC5B	ENSEEEP00000063214	ENSEEEG00000026316	gprc5bb
ENSP00000538765	ENSG00000122756	CNTFR	ENSEEEP00000004917	ENSEEEG00000002563	CNTFR
ENSP00000379330	ENSG00000101096	NFATC2	ENSEEEP00000050462	ENSEEEG00000023723	nfatc2a
ENSP00000304908	ENSG00000168454	TXNDC2	ENSEEEP00000012113	ENSEEEG00000006106	TXN
ENSP00000268676	ENSG00000140995	DEF8	ENSEEEP00000053826	ENSEEEG00000017065	DEF8
ENSP00000607612	ENSG00000114857	NKTR	ENSEEEP00000041259	ENSEEEG00000019513	NKTR
ENSP00000530146	ENSG00000177542	SLC25A22	ENSEEEP00000007293	ENSEEEG00000003828	slc25a22a
ENSP00000640796	ENSG00000168904	LRRC28	ENSEEEP00000000369	ENSEEEG00000000261	LRRC28
ENSP00000663993	ENSG00000141428	RMP24	ENSEEEP00000012574	ENSEEEG00000006310	si:dkey-184p18.2
ENSP00000438273	ENSG00000181004	BBS12	ENSEEEP00000017257	ENSEEEG00000008536	bbs12
ENSP00000479735	ENSG00000108352	RAPGEFL1	ENSEEEP00000007674	ENSEEEG00000004015	RAPGEFL1
ENSP00000616544	ENSG00000169116	PARM1	ENSEEEP00000055064	ENSEEEG00000026649	parm1
ENSP00000571002	ENSG00000147669	POLR2K	ENSEEEP00000058801	ENSEEEG00000025593	POLR2K
ENSP00000600264	ENSG00000148334	PTGES2	ENSEEEP00000040396	ENSEEEG00000019132	ptgesl
ENSP00000548147	ENSG00000164039	BDH2	ENSEEEP00000038390	ENSEEEG00000018225	BDH2
ENSP00000620394	ENSG00000106631	MYL7	ENSEEEP00000049772	ENSEEEG00000023396	MYL7
ENSP00000217173	ENSG00000185019	UBOX5	ENSEEEP00000020230	ENSEEEG00000009879	UBOX5
ENSP00000402301	ENSG00000104341	LAPTM4B	ENSEEEP00000031349	ENSEEEG00000015004	LAPTM4B
ENSP00000594898	ENSG00000169750	RAC3	ENSEEEP00000034344	ENSEEEG00000016298	rac3a
ENSP00000552716	ENSG00000132823	OSER1	ENSEEEP00000004698	ENSEEEG00000002455	OSER1
ENSP00000555148	ENSG00000139433	GLTP	ENSEEEP00000043660	ENSEEEG00000020639	gltpa
ENSP00000762497	ENSG00000172809	RPL38	ENSEEEP00000024900	ENSEEEG00000012077	RPL38
ENSP00000657621	ENSG00000070501	POLB	ENSEEEP00000058194	ENSEEEG00000026603	POLB
ENSP00000498922	ENSG00000124299	PEPD	ENSEEEP00000004310	ENSEEEG00000002182	PEPD
ENSP00000246229	ENSG00000126003	PLAGL2	ENSEEEP00000061796	ENSEEEG00000027325	PLAGL2
ENSP00000767557	ENSG00000152240	HAUS1	ENSEEEP00000025476	ENSEEEG00000012364	HAUS1
ENSP00000360797	ENSG00000187796	CARD9	ENSEEEP00000028578	ENSEEEG00000013725	CARD9
ENSP00000386807	ENSG00000243449	NICOL1	ENSEEEP00000012127	ENSEEEG00000006118	C4orf48
ENSP00000455100	ENSG00000167515	TRAPPC2L	ENSEEEP00000041379	ENSEEEG00000019573	TRAPPC2L
ENSP00000221114	ENSG00000104671	DCTN6	ENSEEEP00000037113	ENSEEEG00000017621	DCTN6
ENSP00000578546	ENSG00000111581	NUP107	ENSEEEP00000052372	ENSEEEG00000024527	NUP107
ENSP00000698784	ENSG00000107954	NEURL1	ENSEEEP00000050083	ENSEEEG00000023557	neurl1aa
ENSP00000239032	ENSG00000119973	PRLHR	ENSEEEP00000014644	ENSEEEG00000007280	prlhr2a
ENSP00000519678	ENSG00000141510	TP53	ENSEEEP00000033982	ENSEEEG00000016191	TP53
ENSP00000339404	ENSG00000138303	ASCC1	ENSEEEP00000033661	ENSEEEG00000016020	ASCC1
ENSP00000538264	ENSG00000129636	ITFG1	ENSEEEP00000062319	ENSEEEG00000021868	ITFG1
ENSP00000562428	ENSG00000100116	GCAT	ENSEEEP00000016321	ENSEEEG00000008048	GCAT
ENSP00000641110	ENSG00000101558	VAPA	ENSEEEP00000049599	ENSEEEG00000023318	VAPA
ENSP00000782220	ENSG00000100979	PLTP	ENSEEEP00000015334	ENSEEEG00000007548	PLTP
ENSP00000218340	ENSG00000102218	RP2	ENSEEEP00000000792	ENSEEEG00000000540	RP2
ENSP00000361458	ENSG00000157514	TSC22D3	ENSEEEP00000035336	ENSEEEG00000016828	TSC22D3
ENSP00000416154	ENSG00000233493	TMEM238	ENSEEEP00000015122	ENSEEEG00000007537	si:dkey-16i5.8
ENSP00000307604	ENSG00000168795	ZBTB5	ENSEEEP00000061019	ENSEEEG00000026956	ZBTB5
ENSP00000262158	ENSG00000101665	SMAD7	ENSEEEP00000006576	ENSEEEG00000003484	SMAD7
ENSP00000524853	ENSG00000197977	ELOVL2	ENSEEEP00000033478	ENSEEEG00000015914	ELOVL2
ENSP00000339186	ENSG00000100351	GRAP2	ENSEEEP00000042472	ENSEEEG00000020053	grap2a
ENSP00000372982	ENSG00000206432	TMEM200C	ENSEEEP00000000344	ENSEEEG00000000249	TMEM200C
ENSP00000278572	ENSG00000149273	RPS3	ENSEEEP00000050010	ENSEEEG00000023509	RPS3
ENSP00000360268	ENSG00000059573	ALDH18A1	ENSEEEP00000008512	ENSEEEG00000003644	ALDH18A1
ENSP00000774282	ENSG00000187094	CCK	ENSEEEP00000021703	ENSEEEG00000010555	ccka
ENSP00000545499	ENSG00000168216	LMBRD1	ENSEEEP00000051318	ENSEEEG00000024058	LMBRD1
ENSP00000635581	ENSG00000128059	PPAT	ENSEEEP00000040598	ENSEEEG00000019228	PPAT
ENSP00000669390	ENSG00000132819	RBM38	ENSEEEP00000058343	ENSEEEG00000027317	RBM38
ENSP00000216068	ENSG00000100246	DNAL4	ENSEEEP00000055051	ENSEEEG00000028315	DNAL4
ENSP00000410769	ENSG00000169714	CNBP	ENSEEEP00000059777	ENSEEEG00000025213	cnbpa
ENSP00000337889	ENSG00000123933	MXD4	ENSEEEP00000037068	ENSEEEG00000017604	MXD4
ENSP00000613279	ENSG00000100347	SAMM50	ENSEEEP00000043944	ENSEEEG00000020746	SAMM50
ENSP00000620857	ENSG00000198363	ASPH	ENSEEEP00000003283	ENSEEEG00000001844	unm_hu7910
ENSP00000548995	ENSG00000107341	UBE2R2	ENSEEEP00000031404	ENSEEEG00000015025	UBE2R2
ENSP00000472097	ENSG00000130724	CHMP2A	ENSEEEP00000023873	ENSEEEG00000011583	CHMP2A
ENSP00000297990	ENSG00000165271	NOL6	ENSEEEP00000029999	ENSEEEG00000014315	NOL6
ENSP00000368102	ENSG00000151468	CCDC3	ENSEEEP00000010345	ENSEEEG00000005237	ccdc3a
ENSP00000791184	ENSG00000118271	TTR	ENSEEEP00000000695	ENSEEEG00000000474	ttr
ENSP00000340644	ENSG00000167014	TERB2	ENSEEEP00000039400	ENSEEEG00000018716	TERB2
ENSP00000761445	ENSG00000215187	CIMIP2B	ENSEEEP00000032954	ENSEEEG00000015690	FAM166B
ENSP00000229002	ENSG00000111404	RERGL	ENSEEEP00000037380	ENSEEEG00000017769	rergla
ENSP00000362946	ENSG00000119396	RAB14	ENSEEEP00000058627	ENSEEEG00000025270	rab14l
ENSP00000490816	ENSG00000240891	PLCXD2	ENSEEEP00000011262	ENSEEEG00000005710	PLCXD2
ENSP00000641842	ENSG00000149679	CABLES2	ENSEEEP00000055080	ENSEEEG00000017862	cables2b
ENSP00000557886	ENSG00000047932	GOPC	ENSEEEP00000015033	ENSEEEG00000007481	gopc
ENSP00000542709	ENSG00000101265	RASSF2	ENSEEEP00000024732	ENSEEEG00000011978	rassf2a
ENSP00000418803	ENSG00000113845	TIMMDC1	ENSEEEP00000037625	ENSEEEG00000017901	TIMMDC1
ENSP00000332528	ENSG00000183034	OTOP2	ENSEEEP00000048507	ENSEEEG00000022827	otop2
ENSP00000595368	ENSG00000244486	SCARF2	ENSEEEP00000019491	ENSEEEG00000009559	SCARF2
ENSP00000604735	ENSG00000136051	WASHC4	ENSEEEP00000039811	ENSEEEG00000018770	WASHC4
ENSP00000387261	ENSG00000152229	PSTPIP2	ENSEEEP00000041957	ENSEEEG00000019828	PSTPIP2
ENSP00000023939	ENSG00000022277	RTF2	ENSEEEP00000015676	ENSEEEG00000007762	RTF2
ENSP00000598284	ENSG00000182899	RPL35A	ENSEEEP00000061929	ENSEEEG00000025597	rpl35a
ENSP00000552088	ENSG00000154889	MPPE1	ENSEEEP00000025908	ENSEEEG00000012544	MPPE1
ENSP00000378050	ENSG00000149743	TRPT1	ENSEEEP00000029502	ENSEEEG00000014131	TRPT1
ENSP00000403802	ENSG00000147912	FBXO10	ENSEEEP00000018658	ENSEEEG00000009168	FBXO10
ENSP00000408292	ENSG00000119401	TRIM32	ENSEEEP00000033279	ENSEEEG00000015816	TRIM32
ENSP00000352849	ENSG00000196209	SIRPB2	ENSEEEP00000057321	ENSEEEG00000028142	nitr13
ENSP00000635293	ENSG00000148175	STOM	ENSEEEP00000007371	ENSEEEG00000003869	STOM
ENSP00000593661	ENSG00000007264	MATK	ENSEEEP00000021219	ENSEEEG00000010161	MATK
ENSP00000377748	ENSG00000170854	RIOX2	ENSEEEP00000025963	ENSEEEG00000012579	RIOX2
ENSP00000345849	ENSG00000106304	SPAM1	ENSEEEP00000023155	ENSEEEG00000011222	HYAL4
ENSP00000500249	ENSG00000123505	AMD1	ENSEEEP00000062368	ENSEEEG00000003728	AMD1
ENSP00000454268	ENSG00000186367	MINAR2	ENSEEEP00000036792	ENSEEEG00000017468	MINAR2
ENSP00000366190	ENSG00000175550	DRAP1	ENSEEEP00000064331	ENSEEEG00000028014	DRAP1
ENSP00000618862	ENSG00000125871	MGME1	ENSEEEP00000045870	ENSEEEG00000021622	MGME1
ENSP00000630793	ENSG00000160445	ZER1	ENSEEEP00000053273	ENSEEEG00000013579	ZER1
ENSP00000312734	ENSG00000166128	RAB8B	ENSEEEP00000037532	ENSEEEG00000017846	RAB8B
ENSP00000381247	ENSG00000214360	EFCAB9	ENSEEEP00000004990	ENSEEEG00000002597	EFCAB9
ENSP00000397679	ENSG00000111405	ENDOU	ENSEEEP00000021556	ENSEEEG00000010494	ENDOU
ENSP00000266736	ENSG00000139344	AMDHD1	ENSEEEP00000035310	ENSEEEG00000016807	AMDHD1
ENSP00000526056	ENSG00000071462	BUD23	ENSEEEP00000051939	ENSEEEG00000024366	BUD23
ENSP00000606161	ENSG00000169087	HSPBAP1	ENSEEEP00000038928	ENSEEEG00000018473	HSPBAP1
ENSP00000601007	ENSG00000101079	NDRG3	ENSEEEP00000023317	ENSEEEG00000011173	ndrg3a
ENSP00000490412	ENSG00000250673	REELD1	ENSEEEP00000001738	ENSEEEG00000001116	gabrr2b
ENSP00000596110	ENSG00000123545	NDUFAF4	ENSEEEP00000010866	ENSEEEG00000005498	NDUFAF4
ENSP00000308461	ENSG00000172602	RND1	ENSEEEP00000060274	ENSEEEG00000027838	rnd1a
ENSP00000456838	ENSG00000196123	MATCAP1	ENSEEEP00000001254	ENSEEEG00000000732	KIAA0895L
ENSP00000564389	ENSG00000006534	ALDH3B1	ENSEEEP00000008435	ENSEEEG00000004287	aldh3b1
ENSP00000715885	ENSG00000100304	TTLL12	ENSEEEP00000010327	ENSEEEG00000005230	TTLL12
ENSP00000377814	ENSG00000184508	HDDC3	ENSEEEP00000040671	ENSEEEG00000019272	HDDC3
ENSP00000367965	ENSG00000198944	SOWAHA	ENSEEEP00000044183	ENSEEEG00000020878	sowahaa
ENSP00000498969	ENSG00000151617	EDNRA	ENSEEEP00000020957	ENSEEEG00000010219	ednraa
ENSP00000591065	ENSG00000137404	NRM	ENSEEEP00000006935	ENSEEEG00000003656	NRM
ENSP00000549598	ENSG00000126767	ELK1	ENSEEEP00000031234	ENSEEEG00000014960	ELK4
ENSP00000296776	ENSG00000164325	TMEM174	ENSEEEP00000031044	ENSEEEG00000014858	TMEM174
ENSP00000799213	ENSG00000102931	ARL2BP	ENSEEEP00000030830	ENSEEEG00000014748	ARL2BP
ENSP00000641556	ENSG00000130813	SHFL	ENSEEEP00000045731	ENSEEEG00000021558	SHFL
ENSP00000568056	ENSG00000119125	GDA	ENSEEEP00000029014	ENSEEEG00000013912	GDA
ENSP00000230582	ENSG00000112812	PRSS16	ENSEEEP00000034177	ENSEEEG00000016273	PRSS16
ENSP00000215727	ENSG00000099937	SERPIND1	ENSEEEP00000010331	ENSEEEG00000005229	SERPIND1
ENSP00000457241	ENSG00000102904	TSNAXIP1	ENSEEEP00000048412	ENSEEEG00000022787	tsnaxip1
ENSP00000268125	ENSG00000140522	RLBP1	ENSEEEP00000045969	ENSEEEG00000021660	rlbp1b
ENSP00000442653	ENSG00000165195	PIGA	ENSEEEP00000038202	ENSEEEG00000018164	PIGA
ENSP00000483356	ENSG00000128408	RIBC2	ENSEEEP00000044756	ENSEEEG00000021128	RIBC2
ENSP00000508095	ENSG00000188659	SAXO2	ENSEEEP00000034679	ENSEEEG00000016495	SAXO2
ENSP00000384587	ENSG00000128272	ATF4	ENSEEEP00000009509	ENSEEEG00000004858	atf4a
ENSP00000371278	ENSG00000106993	CDC37L1	ENSEEEP00000022162	ENSEEEG00000010768	CDC37L1
ENSP00000667081	ENSG00000048544	MRPS10	ENSEEEP00000043740	ENSEEEG00000020679	MRPS10
ENSP00000328016	ENSG00000183578	TNFAIP8L3	ENSEEEP00000038601	ENSEEEG00000018325	TNFAIP8L3
ENSP00000513850	ENSG00000015285	WAS	ENSEEEP00000055135	ENSEEEG00000016324	wasb
ENSP00000288840	ENSG00000137834	SMAD6	ENSEEEP00000019555	ENSEEEG00000009587	smad6b
ENSP00000370568	ENSG00000138944	SHISAL1	ENSEEEP00000054894	ENSEEEG00000003667	SHISAL1
ENSP00000451261	ENSG00000198833	UBE2J1	ENSEEEP00000061262	ENSEEEG00000028348	UBE2J1
ENSP00000788636	ENSG00000130638	ATXN10	ENSEEEP00000002175	ENSEEEG00000001330	ATXN10
ENSP00000369048	ENSG00000122711	SPINK4	ENSEEEP00000037199	ENSEEEG00000017682	spink4
ENSP00000269919	ENSG00000130517	PGPEP1	ENSEEEP00000053452	ENSEEEG00000027260	PGPEP1
ENSP00000795114	ENSG00000099810	MTAP	ENSEEEP00000037051	ENSEEEG00000017597	mtap
ENSP00000274813	ENSG00000146085	MMUT	ENSEEEP00000025936	ENSEEEG00000012526	mut
ENSP00000258884	ENSG00000136379	ABHD17C	ENSEEEP00000029412	ENSEEEG00000014086	ABHD17C
ENSP00000368104	ENSG00000125845	BMP2	ENSEEEP00000059193	ENSEEEG00000024856	bmp2a
ENSP00000326706	ENSG00000241839	PLEKHO2	ENSEEEP00000054603	ENSEEEG00000027490	plekho2
ENSP00000494310	ENSG00000147138	GPR174	ENSEEEP00000047958	ENSEEEG00000022591	GPR174
ENSP00000445366	ENSG00000256453	DND1	ENSEEEP00000062863	ENSEEEG00000013898	dnd1
ENSP00000261593	ENSG00000134758	RNF138	ENSEEEP00000051491	ENSEEEG00000024177	
ENSP00000495483	ENSG00000109323	MANBA	ENSEEEP00000036604	ENSEEEG00000017381	MANBA
ENSP00000543894	ENSG00000175220	ARHGAP1	ENSEEEP00000024912	ENSEEEG00000012079	ARHGAP1
ENSP00000527304	ENSG00000136273	HUS1	ENSEEEP00000043450	ENSEEEG00000020539	HUS1
ENSP00000305372	ENSG00000169252	ADRB2	ENSEEEP00000005017	ENSEEEG00000002610	adrb2a
ENSP00000222256	ENSG00000105649	RAB3A	ENSEEEP00000046432	ENSEEEG00000021851	rab3ab
ENSP00000390722	ENSG00000100372	SLC25A17	ENSEEEP00000059739	ENSEEEG00000011392	SLC25A17
ENSP00000735710	ENSG00000118420	UBE3D	ENSEEEP00000058334	ENSEEEG00000022880	UBE3D
ENSP00000681782	ENSG00000101546	RBFA	ENSEEEP00000034145	ENSEEEG00000016258	RBFA
ENSP00000595621	ENSG00000077312	SNRPA	ENSEEEP00000048605	ENSEEEG00000022870	SNRPA
ENSP00000385478	ENSG00000214960	CRPPA	ENSEEEP00000007644	ENSEEEG00000003998	CRPPA
ENSP00000544245	ENSG00000140795	MYLK3	ENSEEEP00000009726	ENSEEEG00000004955	creb1a
ENSP00000256015	ENSG00000133639	BTG1	ENSEEEP00000057977	ENSEEEG00000029036	BTG1
ENSP00000592773	ENSG00000046651	OFD1	ENSEEEP00000026854	ENSEEEG00000012965	OFD1
ENSP00000371932	ENSG00000169777	TAS2R1	ENSEEEP00000055680	ENSEEEG00000028563	drd1b
ENSP00000618459	ENSG00000005007	UPF1	ENSEEEP00000000106	ENSEEEG00000000063	UPF1
ENSP00000585510	ENSG00000184164	CRELD2	ENSEEEP00000045565	ENSEEEG00000021499	CRELD2
ENSP00000456165	ENSG00000079616	KIF22	ENSEEEP00000042957	ENSEEEG00000020274	KIF22
ENSP00000711120	ENSG00000168291	PDHB	ENSEEEP00000015877	ENSEEEG00000007841	PDHB
ENSP00000588174	ENSG00000028203	VEZT	ENSEEEP00000014258	ENSEEEG00000007091	VEZT
ENSP00000308733	ENSG00000173250	GPR151	ENSEEEP00000034825	ENSEEEG00000016573	GPR151
ENSP00000357297	ENSG00000118518	RNF146	ENSEEEP00000053799	ENSEEEG00000025755	RNF146
ENSP00000499082	ENSG00000109846	CRYAB	ENSEEEP00000060323	ENSEEEG00000024794	cryabb
ENSP00000408393	ENSG00000165688	PMPCA	ENSEEEP00000046811	ENSEEEG00000021976	PMPCA
ENSP00000605739	ENSG00000176769	TCERG1L	ENSEEEP00000009386	ENSEEEG00000004800	TCERG1L
ENSP00000306407	ENSG00000003249	DBNDD1	ENSEEEP00000060123	ENSEEEG00000025036	si:ch1073-174d20.1
ENSP00000360250	ENSG00000138185	ENTPD1	ENSEEEP00000008532	ENSEEEG00000004432	ENTPD1
ENSP00000312709	ENSG00000178913	TAF7	ENSEEEP00000046074	ENSEEEG00000021664	TAF7
ENSP00000672620	ENSG00000105135	HACL2	ENSEEEP00000043650	ENSEEEG00000020147	ILVBL
ENSP00000567119	ENSG00000152404	CWF19L2	ENSEEEP00000002999	ENSEEEG00000001703	CWF19L2
ENSP00000560639	ENSG00000162032	SPSB3	ENSEEEP00000033481	ENSEEEG00000015916	spsb3a
ENSP00000335651	ENSG00000186628	FSD2	ENSEEEP00000038681	ENSEEEG00000018359	FSD2
ENSP00000632443	ENSG00000085415	SEH1L	ENSEEEP00000050342	ENSEEEG00000023666	SEH1L
ENSP00000521885	ENSG00000148824	MTG1	ENSEEEP00000009009	ENSEEEG00000004646	MTG1
ENSP00000302814	ENSG00000171540	OTP	ENSEEEP00000052554	ENSEEEG00000024614	otpa
ENSP00000283357	ENSG00000153347	FAM81B	ENSEEEP00000030049	ENSEEEG00000014399	fam81b
ENSP00000638678	ENSG00000156958	GALK2	ENSEEEP00000034109	ENSEEEG00000016218	GALK2
ENSP00000282611	ENSG00000152705	CATSPER3	ENSEEEP00000027740	ENSEEEG00000013355	
ENSP00000317580	ENSG00000181965	NEUROG1	ENSEEEP00000061989	ENSEEEG00000025018	NEUROG1
ENSP00000500598	ENSG00000171885	AQP4	ENSEEEP00000011235	ENSEEEG00000005692	AQP4
ENSP00000625306	ENSG00000128595	CALU	ENSEEEP00000032591	ENSEEEG00000015534	calub
ENSP00000358374	ENSG00000139218	SCAF11	ENSEEEP00000014343	ENSEEEG00000007129	SCAF11
ENSP00000507795	ENSG00000114654	EFCC1	ENSEEEP00000004404	ENSEEEG00000002306	EFCC1
ENSP00000786487	ENSG00000107949	BCCIP	ENSEEEP00000048508	ENSEEEG00000022826	BCCIP
ENSP00000362824	ENSG00000147162	OGT	ENSEEEP00000017701	ENSEEEG00000008703	ogt.1
ENSP00000520613	ENSG00000163736	PPBP	ENSEEEP00000034796	ENSEEEG00000016552	cxcl19
ENSP00000616741	ENSG00000128789	PSMG2	ENSEEEP00000050318	ENSEEEG00000023662	PSMG2
ENSP00000393324	ENSG00000163412	EIF4E3	ENSEEEP00000055461	ENSEEEG00000028914	EIF4E3
ENSP00000430774	ENSG00000272772		ENSEEEP00000047043	ENSEEEG00000022141	SKP1
ENSP00000259339	ENSG00000136816	TOR1B	ENSEEEP00000012945	ENSEEEG00000006509	tor1
ENSP00000794513	ENSG00000241360	PDXP	ENSEEEP00000045136	ENSEEEG00000021309	PDXP
ENSP00000216024	ENSG00000100206	DMC1	ENSEEEP00000021955	ENSEEEG00000010572	DMC1
ENSP00000377372	ENSG00000172020	GAP43	ENSEEEP00000041193	ENSEEEG00000019495	GAP43
ENSP00000368808	ENSG00000091482	SMPX	ENSEEEP00000047147	ENSEEEG00000022192	SMPX
ENSP00000498499	ENSG00000178971	CTC1	ENSEEEP00000013335	ENSEEEG00000006679	ctc1
ENSP00000354652	ENSG00000164128	NPY1R	ENSEEEP00000061593	ENSEEEG00000010039	NPY1R
ENSP00000347781	ENSG00000156042	CFAP70	ENSEEEP00000053831	ENSEEEG00000021373	CFAP70
ENSP00000375081	ENSG00000212122	TSSK1B	ENSEEEP00000044782	ENSEEEG00000021139	TSSK2
ENSP00000331944	ENSG00000181026	AEN	ENSEEEP00000045976	ENSEEEG00000021661	ISG20
ENSP00000551769	ENSG00000165449	SLC16A9	ENSEEEP00000003512	ENSEEEG00000001945	slc16a9b
ENSP00000304032	ENSG00000172345	STARD5	ENSEEEP00000029228	ENSEEEG00000014005	STARD5
ENSP00000316950	ENSG00000104177	MYEF2	ENSEEEP00000058946	ENSEEEG00000015028	MYEF2
ENSP00000613602	ENSG00000100196	KDELR3	ENSEEEP00000032818	ENSEEEG00000015633	KDELR3
ENSP00000425471	ENSG00000164256	PRDM9	ENSEEEP00000062872	ENSEEEG00000002454	ZNF180
ENSP00000478908	ENSG00000185340	GAS2L1	ENSEEEP00000026232	ENSEEEG00000012683	GAS2L1
ENSP00000593708	ENSG00000096717	SIRT1	ENSEEEP00000035306	ENSEEEG00000016808	SIRT1
ENSP00000310593	ENSG00000164114	MAP9	ENSEEEP00000009223	ENSEEEG00000004737	MAP9
ENSP00000536476	ENSG00000013374	NUB1	ENSEEEP00000005595	ENSEEEG00000002944	NUB1
ENSP00000490028	ENSG00000271824	SMIM32	ENSEEEP00000021053	ENSEEEG00000010268	SMIM8
ENSP00000660419	ENSG00000186073	CDIN1	ENSEEEP00000015608	ENSEEEG00000007741	CDIN1
ENSP00000771595	ENSG00000102078	SLC25A14	ENSEEEP00000038040	ENSEEEG00000018017	SLC25A30
ENSP00000530220	ENSG00000099785	MARCHF2	ENSEEEP00000058565	ENSEEEG00000026969	march2
ENSP00000385110	ENSG00000100335	MIEF1	ENSEEEP00000049525	ENSEEEG00000023286	MIEF1
ENSP00000571701	ENSG00000166035	LIPC	ENSEEEP00000038268	ENSEEEG00000018189	lipca
ENSP00000360526	ENSG00000171940	ZNF217	ENSEEEP00000050525	ENSEEEG00000023759	ZNF217
ENSP00000361628	ENSG00000147231	RADX	ENSEEEP00000058494	ENSEEEG00000027635	radx
ENSP00000516066	ENSG00000177733	HNRNPA0	ENSEEEP00000029594	ENSEEEG00000014178	hnrnpa0b
ENSP00000368192	ENSG00000157353	FCSK	ENSEEEP00000053901	ENSEEEG00000000636	fuk
ENSP00000584352	ENSG00000130700	GATA5	ENSEEEP00000014133	ENSEEEG00000007020	GATA5
ENSP00000470129	ENSG00000261857	MIA	ENSEEEP00000038873	ENSEEEG00000018441	mia
ENSP00000714035	ENSG00000163870	TPRA1	ENSEEEP00000051704	ENSEEEG00000024278	TPRA1
ENSP00000343818	ENSG00000136861	CDK5RAP2	ENSEEEP00000056536	ENSEEEG00000000255	CDK5RAP2
ENSP00000185206	ENSG00000112782	CLIC5	ENSEEEP00000026182	ENSEEEG00000012658	clic5b
ENSP00000595481	ENSG00000107937	GTPBP4	ENSEEEP00000059168	ENSEEEG00000012567	GTPBP4
ENSP00000548960	ENSG00000016402	IL20RA	ENSEEEP00000038004	ENSEEEG00000018050	il20ra
ENSP00000438465	ENSG00000247077	PGAM5	ENSEEEP00000019515	ENSEEEG00000009571	PGAM5
ENSP00000452986	ENSG00000140368	PSTPIP1	ENSEEEP00000024230	ENSEEEG00000011747	pstpip1a
ENSP00000590477	ENSG00000008018	PSMB1	ENSEEEP00000018297	ENSEEEG00000008988	psmb1
ENSP00000252338	ENSG00000130054	NALF2	ENSEEEP00000005114	ENSEEEG00000002668	fam155b
ENSP00000529734	ENSG00000025423	HSD17B6	ENSEEEP00000011083	ENSEEEG00000005616	DHRS9
ENSP00000631077	ENSG00000085741	WNT11	ENSEEEP00000045358	ENSEEEG00000021404	WNT11
ENSP00000364126	ENSG00000169188	APEX2	ENSEEEP00000048970	ENSEEEG00000023016	APEX2
ENSP00000494260	ENSG00000105991	HOXA1	ENSEEEP00000002623	ENSEEEG00000001513	hoxa1a
ENSP00000453854	ENSG00000138593	SECISBP2L	ENSEEEP00000049266	ENSEEEG00000023151	SECISBP2L
ENSP00000359339	ENSG00000164430	CGAS	ENSEEEP00000040178	ENSEEEG00000019056	CGAS
ENSP00000358038	ENSG00000178409	BEND3	ENSEEEP00000049239	ENSEEEG00000023141	BEND3
ENSP00000566914	ENSG00000120029	ARMH3	ENSEEEP00000051351	ENSEEEG00000024064	ARMH3
ENSP00000545733	ENSG00000010404	IDS	ENSEEEP00000054927	ENSEEEG00000016992	ids
ENSP00000413098	ENSG00000213079	SCAF8	ENSEEEP00000011900	ENSEEEG00000005997	SCAF8
ENSP00000441369	ENSG00000111725	PRKAB1	ENSEEEP00000029107	ENSEEEG00000013965	prkab1a
ENSP00000574944	ENSG00000261371	PECAM1	ENSEEEP00000047195	ENSEEEG00000022221	PECAM1
ENSP00000367440	ENSG00000111802	TDP2	ENSEEEP00000037920	ENSEEEG00000018015	tdp2b
ENSP00000352172	ENSG00000176834	VSIG10	ENSEEEP00000020356	ENSEEEG00000009933	VSIG10
ENSP00000457853	ENSG00000140474	ULK3	ENSEEEP00000007260	ENSEEEG00000003815	ULK3
ENSP00000323183	ENSG00000181472	ZBTB2	ENSEEEP00000028323	ENSEEEG00000013616	zbtb2b
ENSP00000589142	ENSG00000131153	GINS2	ENSEEEP00000036077	ENSEEEG00000017159	GINS2
ENSP00000568710	ENSG00000139624	CERS5	ENSEEEP00000015342	ENSEEEG00000007622	cers5
ENSP00000357920	ENSG00000203797	DDO	ENSEEEP00000000130	ENSEEEG00000000094	zgc:172341
ENSP00000624396	ENSG00000102981	PARD6A	ENSEEEP00000048416	ENSEEEG00000022790	PARD6A
ENSP00000251993	ENSG00000100364	KIAA0930	ENSEEEP00000044224	ENSEEEG00000020890	zgc:172139
ENSP00000362021	ENSG00000126950	TMEM35A	ENSEEEP00000057894	ENSEEEG00000027944	tmem35
ENSP00000671460	ENSG00000119900	OGFRL1	ENSEEEP00000000988	ENSEEEG00000000659	OGFRL1
ENSP00000336931	ENSG00000146278	PNRC1	ENSEEEP00000011908	ENSEEEG00000006001	PNRC1
ENSP00000665562	ENSG00000089063	TMEM230	ENSEEEP00000063766	ENSEEEG00000026926	tmem230b
ENSP00000605729	ENSG00000070413	DGCR2	ENSEEEP00000044778	ENSEEEG00000021137	DGCR2
ENSP00000681745	ENSG00000169660	HEXD	ENSEEEP00000017406	ENSEEEG00000008610	hexdc
ENSP00000304353	ENSG00000172336	POP7	ENSEEEP00000032645	ENSEEEG00000015566	POP7
ENSP00000426290	ENSG00000146147	MLIP	ENSEEEP00000017068	ENSEEEG00000008466	mlip
ENSP00000259470	ENSG00000136943	CTSV	ENSEEEP00000006235	ENSEEEG00000003114	ctsla
ENSP00000509971	ENSG00000147316	MCPH1	ENSEEEP00000018396	ENSEEEG00000009034	MCPH1
ENSP00000535693	ENSG00000242802	AP5Z1	ENSEEEP00000053142	ENSEEEG00000000014	AP5Z1
ENSP00000571423	ENSG00000167674	HDGFL2	ENSEEEP00000028991	ENSEEEG00000013905	HDGFL2
ENSP00000790145	ENSG00000124713	GNMT	ENSEEEP00000012024	ENSEEEG00000006063	GNMT
ENSP00000278353	ENSG00000149084	HSD17B12	ENSEEEP00000039267	ENSEEEG00000018628	hsd17b12a
ENSP00000238146	ENSG00000111364	DDX55	ENSEEEP00000022166	ENSEEEG00000010631	DDX55
ENSP00000631320	ENSG00000089123	TASP1	ENSEEEP00000061909	ENSEEEG00000028427	TASP1
ENSP00000531585	ENSG00000169592	INO80E	ENSEEEP00000053763	ENSEEEG00000025927	ino80e
ENSP00000427761	ENSG00000120963	ZNF706	ENSEEEP00000050305	ENSEEEG00000023657	ZNF706
ENSP00000555713	ENSG00000130024	PHF10	ENSEEEP00000031618	ENSEEEG00000015121	PHF10
ENSP00000558112	ENSG00000113812	ACTR8	ENSEEEP00000002808	ENSEEEG00000001612	ACTR8
ENSP00000740074	ENSG00000173113	TRMT112	ENSEEEP00000034584	ENSEEEG00000016445	TRMT112
ENSP00000550591	ENSG00000122121	XPNPEP2	ENSEEEP00000030543	ENSEEEG00000014614	XPNPEP2
ENSP00000570403	ENSG00000133027	PEMT	ENSEEEP00000005071	ENSEEEG00000002643	PEMT
ENSP00000335636	ENSG00000173418	NAA20	ENSEEEP00000019564	ENSEEEG00000009578	NAA20
ENSP00000252037	ENSG00000077800	FKBP6	ENSEEEP00000005797	ENSEEEG00000027465	FKBP6
ENSP00000582909	ENSG00000198794	SCAMP5	ENSEEEP00000017452	ENSEEEG00000008635	scamp5a
ENSP00000655241	ENSG00000174851	YIF1A	ENSEEEP00000042314	ENSEEEG00000019986	YIF1A
ENSP00000247977	ENSG00000127452	FBXL12	ENSEEEP00000053890	ENSEEEG00000024898	
ENSP00000653633	ENSG00000075188	NUP37	ENSEEEP00000028943	ENSEEEG00000013887	NUP37
ENSP00000788643	ENSG00000124762	CDKN1A	ENSEEEP00000031815	ENSEEEG00000015194	CDKN1A
ENSP00000579856	ENSG00000163933	RFT1	ENSEEEP00000018065	ENSEEEG00000008895	rft1
ENSP00000632258	ENSG00000179832	MROH1	ENSEEEP00000037454	ENSEEEG00000017328	MROH1
ENSP00000295206	ENSG00000163064	EN1	ENSEEEP00000039251	ENSEEEG00000018653	en1b
ENSP00000643420	ENSG00000110906	KCTD10	ENSEEEP00000022074	ENSEEEG00000010721	KCTD10
ENSP00000371291	ENSG00000101298	SNPH	ENSEEEP00000014112	ENSEEEG00000007009	snphb
ENSP00000311196	ENSG00000174576	NPAS4	ENSEEEP00000042340	ENSEEEG00000020000	npas4a
ENSP00000254765	ENSG00000132429	POPDC3	ENSEEEP00000044026	ENSEEEG00000020798	POPDC3
ENSP00000361812	ENSG00000204070	SYS1	ENSEEEP00000014436	ENSEEEG00000027040	sys1
ENSP00000472266	ENSG00000130312	MRPL34	ENSEEEP00000016600	ENSEEEG00000008221	MRPL34
ENSP00000263681	ENSG00000077514	POLD3	ENSEEEP00000005809	ENSEEEG00000003079	pold3
ENSP00000547074	ENSG00000120054	CPN1	ENSEEEP00000058102	ENSEEEG00000018927	cpn1
ENSP00000438399	ENSG00000182149	IST1	ENSEEEP00000001474	ENSEEEG00000000953	IST1
ENSP00000261867	ENSG00000104154	SLC30A4	ENSEEEP00000048997	ENSEEEG00000023026	SLC30A4
ENSP00000550566	ENSG00000135318	NT5E	ENSEEEP00000025105	ENSEEEG00000012171	NT5E
ENSP00000267843	ENSG00000140285	FGF7	ENSEEEP00000049261	ENSEEEG00000023150	FGF7
ENSP00000344831	ENSG00000075303	SLC25A40	ENSEEEP00000012472	ENSEEEG00000006200	SLC25A39
ENSP00000548177	ENSG00000250479	CHCHD10	ENSEEEP00000012957	ENSEEEG00000006514	CHCHD10
ENSP00000204961	ENSG00000090776	EFNB1	ENSEEEP00000004030	ENSEEEG00000002152	EFNB1
ENSP00000384490	ENSG00000183741	CBX6	ENSEEEP00000025793	ENSEEEG00000012503	cbx6a
ENSP00000367196	ENSG00000122694	GLIPR2	ENSEEEP00000040476	ENSEEEG00000019171	glipr2l
ENSP00000274793	ENSG00000146070	PLA2G7	ENSEEEP00000013066	ENSEEEG00000006576	PLA2G7
ENSP00000365926	ENSG00000135002	RFK	ENSEEEP00000054063	ENSEEEG00000026933	RFK
ENSP00000296233	ENSG00000163884	KLF15	ENSEEEP00000005410	ENSEEEG00000002832	KLF15
ENSP00000418668	ENSG00000170681	CAVIN4	ENSEEEP00000033585	ENSEEEG00000015979	cavin4b
ENSP00000413707	ENSG00000172061	LRRC15	ENSEEEP00000014225	ENSEEEG00000007069	GP5
ENSP00000455698	ENSG00000230873	STMND1	ENSEEEP00000059114	ENSEEEG00000025329	stmnd1
ENSP00000774728	ENSG00000105668	UPK1A	ENSEEEP00000008409	ENSEEEG00000004388	UPK1A
ENSP00000359991	ENSG00000171314	PGAM1	ENSEEEP00000012717	ENSEEEG00000006381	pgam1b
ENSP00000415464	ENSG00000161813	LARP4	ENSEEEP00000027945	ENSEEEG00000013451	larp4ab
ENSP00000353557	ENSG00000196376	SLC35F1	ENSEEEP00000062631	ENSEEEG00000007477	SLC35F1
ENSP00000673291	ENSG00000105538	RASIP1	ENSEEEP00000026250	ENSEEEG00000012687	RASIP1
ENSP00000744550	ENSG00000075914	EXOSC7	ENSEEEP00000007420	ENSEEEG00000003897	EXOSC7
ENSP00000254853	ENSG00000132517	SLC52A1	ENSEEEP00000011530	ENSEEEG00000005811	slc52a2
ENSP00000559924	ENSG00000119953	SMNDC1	ENSEEEP00000055669	ENSEEEG00000027388	SMNDC1
ENSP00000386280	ENSG00000221963	APOL6	ENSEEEP00000050156	ENSEEEG00000023592	si:cabz01007802.1
ENSP00000756756	ENSG00000100387	RBX1	ENSEEEP00000049513	ENSEEEG00000023280	RBX1
ENSP00000568566	ENSG00000119392	GLE1	ENSEEEP00000031763	ENSEEEG00000015094	GLE1
ENSP00000700962	ENSG00000157259	GATAD1	ENSEEEP00000055908	ENSEEEG00000028057	GATAD1
ENSP00000554052	ENSG00000134463	ECHDC3	ENSEEEP00000003396	ENSEEEG00000001899	ECHDC3
ENSP00000777182	ENSG00000105894	PTN	ENSEEEP00000003422	ENSEEEG00000001910	PTN
ENSP00000442259	ENSG00000101327	PDYN	ENSEEEP00000062628	ENSEEEG00000027449	PDYN
ENSP00000731760	ENSG00000147403	RPL10	ENSEEEP00000012109	ENSEEEG00000006045	rpl10
ENSP00000321646	ENSG00000057019	DCBLD2	ENSEEEP00000016658	ENSEEEG00000008248	DCBLD2
ENSP00000328423	ENSG00000183324	REC114	ENSEEEP00000034079	ENSEEEG00000016232	REC114
ENSP00000787089	ENSG00000239857	GET4	ENSEEEP00000045165	ENSEEEG00000021315	GET4
ENSP00000247178	ENSG00000126775	ATG14	ENSEEEP00000008214	ENSEEEG00000004291	ATG14
ENSP00000301305	ENSG00000147804	SLC39A4	ENSEEEP00000011103	ENSEEEG00000005628	SLC39A4
ENSP00000267838	ENSG00000140280	LYSMD2	ENSEEEP00000041502	ENSEEEG00000019629	LYSMD2
ENSP00000307423	ENSG00000168282	MGAT2	ENSEEEP00000025039	ENSEEEG00000012150	MGAT2
ENSP00000477507	ENSG00000170468	RIOX1	ENSEEEP00000018931	ENSEEEG00000009261	RIOX1
ENSP00000385184	ENSG00000130204	TOMM40	ENSEEEP00000033635	ENSEEEG00000015984	TOMM40
ENSP00000521386	ENSG00000013523	ANGEL1	ENSEEEP00000018979	ENSEEEG00000009302	ANGEL1
ENSP00000244061	ENSG00000124226	RNF114	ENSEEEP00000043475	ENSEEEG00000020552	RNF114
ENSP00000564370	ENSG00000102967	DHODH	ENSEEEP00000001468	ENSEEEG00000000951	DHODH
ENSP00000728616	ENSG00000213741	RPS29	ENSEEEP00000025040	ENSEEEG00000012151	RPS29
ENSP00000309096	ENSG00000174684	B4GAT1	ENSEEEP00000033111	ENSEEEG00000015755	B4GAT1
ENSP00000371152	ENSG00000104763	ASAH1	ENSEEEP00000039515	ENSEEEG00000018655	asah1b
ENSP00000482145	ENSG00000182704	TSKU	ENSEEEP00000043000	ENSEEEG00000020299	TSKU
ENSP00000507574	ENSG00000009830	POMT2	ENSEEEP00000035951	ENSEEEG00000017099	POMT2
ENSP00000007390	ENSG00000007520	TSR3	ENSEEEP00000022257	ENSEEEG00000010806	TSR3
ENSP00000623380	ENSG00000164970	FAM219A	ENSEEEP00000031557	ENSEEEG00000015077	fam219aa
ENSP00000629062	ENSG00000101019	UQCC1	ENSEEEP00000004722	ENSEEEG00000002468	UQCC1
ENSP00000318900	ENSG00000112320	SOBP	ENSEEEP00000049232	ENSEEEG00000023135	sobpa
ENSP00000287097	ENSG00000156535	CD109	ENSEEEP00000019393	ENSEEEG00000009367	CD109
ENSP00000626138	ENSG00000156502	SUPV3L1	ENSEEEP00000008389	ENSEEEG00000004374	SUPV3L1
ENSP00000327608	ENSG00000185761	ADAMTSL5	ENSEEEP00000040690	ENSEEEG00000019282	ENPP2
ENSP00000616126	ENSG00000103245	CIAO3	ENSEEEP00000009051	ENSEEEG00000004660	narfl
ENSP00000800173	ENSG00000181704	YIPF6	ENSEEEP00000059008	ENSEEEG00000025624	YIPF6
ENSP00000411932	ENSG00000170807	LMOD2	ENSEEEP00000062292	ENSEEEG00000026187	lmod2b
ENSP00000410818	ENSG00000124688	MAD2L1BP	ENSEEEP00000058928	ENSEEEG00000027403	MAD2L1BP
ENSP00000374552	ENSG00000011275	RNF216	ENSEEEP00000000008	ENSEEEG00000000006	RNF216
ENSP00000557976	ENSG00000008838	MED24	ENSEEEP00000044844	ENSEEEG00000021155	MED24
ENSP00000357651	ENSG00000074935	TUBE1	ENSEEEP00000027163	ENSEEEG00000013110	TUBE1
ENSP00000310110	ENSG00000125355	TMEM255A	ENSEEEP00000030229	ENSEEEG00000014493	TMEM255A
ENSP00000499168	ENSG00000166509	CLEC3A	ENSEEEP00000035094	ENSEEEG00000016692	CLEC3A
ENSP00000766364	ENSG00000166847	DCTN5	ENSEEEP00000012613	ENSEEEG00000006325	DCTN5
ENSP00000519059	ENSG00000036473	OTC	ENSEEEP00000038275	ENSEEEG00000018174	OTC
ENSP00000512398	ENSG00000152430	BOLL	ENSEEEP00000022549	ENSEEEG00000010885	BOLL
ENSP00000381693	ENSG00000214655	ZSWIM8	ENSEEEP00000018179	ENSEEEG00000008458	ZSWIM8
ENSP00000617092	ENSG00000162004	CCDC78	ENSEEEP00000051037	ENSEEEG00000023963	CCDC78
ENSP00000419867	ENSG00000196990	FAM163B	ENSEEEP00000022078	ENSEEEG00000010726	fam163ba
ENSP00000359532	ENSG00000101188	NTSR1	ENSEEEP00000014115	ENSEEEG00000007010	NTSR1
ENSP00000622346	ENSG00000090097	PCBP4	ENSEEEP00000020938	ENSEEEG00000010210	PCBP4
ENSP00000372023	ENSG00000183765	CHEK2	ENSEEEP00000047643	ENSEEEG00000022419	CHEK2
ENSP00000763362	ENSG00000244187	TMEM141	ENSEEEP00000042598	ENSEEEG00000020114	TMEM141
ENSP00000367445	ENSG00000152464	RPP38	ENSEEEP00000006528	ENSEEEG00000003451	RPP38
ENSP00000535450	ENSG00000092108	SCFD1	ENSEEEP00000057444	ENSEEEG00000001975	SCFD1
ENSP00000055682	ENSG00000050030	NEXMIF	ENSEEEP00000011623	ENSEEEG00000005846	NEXMIF
ENSP00000765885	ENSG00000087088	BAX	ENSEEEP00000055176	ENSEEEG00000003603	BAX
ENSP00000324792	ENSG00000176953	NFATC2IP	ENSEEEP00000005468	ENSEEEG00000002869	nfatc2ip
ENSP00000400932	ENSG00000176273	SLC35G1	ENSEEEP00000055186	ENSEEEG00000018253	slc35g1
ENSP00000384796	ENSG00000185737	NRG3	ENSEEEP00000056129	ENSEEEG00000026341	
ENSP00000513371	ENSG00000132664	POLR3F	ENSEEEP00000051905	ENSEEEG00000024357	POLR3F
ENSP00000317334	ENSG00000120438	TCP1	ENSEEEP00000045106	ENSEEEG00000021285	TCP1
ENSP00000532265	ENSG00000153774	CFDP1	ENSEEEP00000048728	ENSEEEG00000022930	CFDP1
ENSP00000297994	ENSG00000165275	TRMT10B	ENSEEEP00000034793	ENSEEEG00000016549	TRMT10B
ENSP00000537468	ENSG00000140386	SCAPER	ENSEEEP00000033888	ENSEEEG00000015865	SCAPER
ENSP00000316861	ENSG00000046653	GPM6B	ENSEEEP00000037789	ENSEEEG00000017954	gpm6ba
ENSP00000574095	ENSG00000100982	PCIF1	ENSEEEP00000015109	ENSEEEG00000007486	PCIF1
ENSP00000798960	ENSG00000197119	SLC25A29	ENSEEEP00000018560	ENSEEEG00000009123	SLC25A29
ENSP00000477817	ENSG00000158079	PTPDC1	ENSEEEP00000032017	ENSEEEG00000015278	ptpdc1a
ENSP00000392855	ENSG00000127564	PKMYT1	ENSEEEP00000047926	ENSEEEG00000022566	PKMYT1
ENSP00000456594	ENSG00000261115	TMEM178B	ENSEEEP00000037317	ENSEEEG00000017739	TMEM178B
ENSP00000782159	ENSG00000100575	TIMM9	ENSEEEP00000041160	ENSEEEG00000019481	timm9
ENSP00000432039	ENSG00000173715	TOP6BL	ENSEEEP00000046229	ENSEEEG00000021777	
ENSP00000362361	ENSG00000136807	CDK9	ENSEEEP00000025235	ENSEEEG00000012242	CDK9
ENSP00000617553	ENSG00000172671	ZFAND4	ENSEEEP00000017491	ENSEEEG00000008654	ZFAND4
ENSP00000368332	ENSG00000004848	ARX	ENSEEEP00000018496	ENSEEEG00000009084	arxa
ENSP00000302327	ENSG00000171016	PYGO1	ENSEEEP00000053336	ENSEEEG00000028086	PYGO1
ENSP00000509693	ENSG00000102362	SYTL4	ENSEEEP00000035543	ENSEEEG00000016932	SYTL4
ENSP00000536922	ENSG00000117899	MESD	ENSEEEP00000029240	ENSEEEG00000014014	MESD
ENSP00000598560	ENSG00000167118	URM1	ENSEEEP00000021983	ENSEEEG00000010677	urm1
ENSP00000744670	ENSG00000172775	PSME3IP1	ENSEEEP00000056448	ENSEEEG00000022388	PSME3IP1
ENSP00000363593	ENSG00000165124	SVEP1	ENSEEEP00000012108	ENSEEEG00000006104	SVEP1
ENSP00000457624	ENSG00000138614	INTS14	ENSEEEP00000048134	ENSEEEG00000022663	INTS14
ENSP00000391739	ENSG00000241878	PISD	ENSEEEP00000060300	ENSEEEG00000015766	PISD
ENSP00000358956	ENSG00000146243	IRAK1BP1	ENSEEEP00000053192	ENSEEEG00000028592	irak1bp1
ENSP00000319744	ENSG00000177464	GPR4	ENSEEEP00000046583	ENSEEEG00000021937	GPR4
ENSP00000310382	ENSG00000171931	FBXW10	ENSEEEP00000021771	ENSEEEG00000010589	
ENSP00000545711	ENSG00000071626	DAZAP1	ENSEEEP00000030246	ENSEEEG00000014502	DAZAP1
ENSP00000611676	ENSG00000142082	SIRT3	ENSEEEP00000000073	ENSEEEG00000000040	SIRT3
ENSP00000273067	ENSG00000144583	MARCHF4	ENSEEEP00000018452	ENSEEEG00000009068	march4l
ENSP00000586265	ENSG00000124783	SSR1	ENSEEEP00000060801	ENSEEEG00000023096	SSR1
ENSP00000246080	ENSG00000125878	TCF15	ENSEEEP00000001694	ENSEEEG00000001082	TCF15
ENSP00000626913	ENSG00000165078	CPA6	ENSEEEP00000033838	ENSEEEG00000016110	CPA6
ENSP00000216338	ENSG00000100450	GZMH	ENSEEEP00000040729	ENSEEEG00000019303	
ENSP00000384629	ENSG00000183955	KMT5A	ENSEEEP00000045941	ENSEEEG00000021649	kmt5aa
ENSP00000369960	ENSG00000120907	ADRA1A	ENSEEEP00000020783	ENSEEEG00000010130	ADRA1D
ENSP00000707728	ENSG00000186665	C17orf58	ENSEEEP00000010748	ENSEEEG00000005442	C17orf58
ENSP00000627081	ENSG00000138587	MNS1	ENSEEEP00000006182	ENSEEEG00000003296	MNS1
ENSP00000523948	ENSG00000102172	SMS	ENSEEEP00000010457	ENSEEEG00000005205	SMS
ENSP00000480483	ENSG00000124785	NRN1	ENSEEEP00000061225	ENSEEEG00000028544	nrn1a
ENSP00000535321	ENSG00000165672	PRDX3	ENSEEEP00000009750	ENSEEEG00000004960	PRDX3
ENSP00000514894	ENSG00000165282	PIGO	ENSEEEP00000032827	ENSEEEG00000015638	PIGO
ENSP00000599729	ENSG00000198042	MAK16	ENSEEEP00000024541	ENSEEEG00000011888	MAK16
ENSP00000503746	ENSG00000106636	YKT6	ENSEEEP00000045437	ENSEEEG00000021449	YKT6
ENSP00000529623	ENSG00000120509	PDZD11	ENSEEEP00000030021	ENSEEEG00000014393	PDZD11
ENSP00000637321	ENSG00000155975	VPS37A	ENSEEEP00000049071	ENSEEEG00000023053	VPS37A
ENSP00000349957	ENSG00000141552	ANAPC11	ENSEEEP00000012017	ENSEEEG00000006061	ANAPC11
ENSP00000305459	ENSG00000213380	COG8	ENSEEEP00000034756	ENSEEEG00000016523	cog8
ENSP00000297273	ENSG00000127995	CASD1	ENSEEEP00000046077	ENSEEEG00000021675	CASD1
ENSP00000406674	ENSG00000124003	MOGAT1	ENSEEEP00000057629	ENSEEEG00000026651	mogat3a
ENSP00000228936	ENSG00000111339	ART4	ENSEEEP00000044366	ENSEEEG00000020957	
ENSP00000401018	ENSG00000181938	GINS3	ENSEEEP00000055168	ENSEEEG00000025640	GINS3
ENSP00000441543	ENSG00000150991	UBC	ENSEEEP00000059093	ENSEEEG00000027118	UBB
ENSP00000493946	ENSG00000103494	RPGRIP1L	ENSEEEP00000008467	ENSEEEG00000004415	RPGRIP1L
ENSP00000545503	ENSG00000129682	FGF13	ENSEEEP00000020676	ENSEEEG00000010074	fgf13b
ENSP00000343490	ENSG00000188501	LCTL	ENSEEEP00000042808	ENSEEEG00000020199	lctla
ENSP00000607088	ENSG00000123064	DDX54	ENSEEEP00000010691	ENSEEEG00000005409	DDX54
ENSP00000505952	ENSG00000131043	AAR2	ENSEEEP00000043027	ENSEEEG00000020312	AAR2
ENSP00000575724	ENSG00000100092	SH3BP1	ENSEEEP00000022877	ENSEEEG00000011049	sh3bp1
ENSP00000427540	ENSG00000197620	EOLA1	ENSEEEP00000055261	ENSEEEG00000026752	EOLA1
ENSP00000544328	ENSG00000197838	CYP2A13	ENSEEEP00000004655	ENSEEEG00000002405	cyp2y3
ENSP00000376071	ENSG00000138439	FAM117B	ENSEEEP00000059330	ENSEEEG00000028767	fam117bb
ENSP00000334540	ENSG00000187037	GPR141	ENSEEEP00000020541	ENSEEEG00000010026	GPR141
ENSP00000790901	ENSG00000137767	SQOR	ENSEEEP00000034025	ENSEEEG00000016177	sqor
ENSP00000303775	ENSG00000169618	PROKR1	ENSEEEP00000018317	ENSEEEG00000008998	prokr1b
ENSP00000297161	ENSG00000164619	BMPER	ENSEEEP00000026086	ENSEEEG00000012591	BMPER
ENSP00000566601	ENSG00000076344	RGS11	ENSEEEP00000025519	ENSEEEG00000012196	RGS11
ENSP00000263212	ENSG00000100034	PPM1F	ENSEEEP00000057864	ENSEEEG00000026256	PPM1F
ENSP00000548414	ENSG00000114054	PCCB	ENSEEEP00000009572	ENSEEEG00000004847	PCCB
ENSP00000499841	ENSG00000167619	TMEM145	ENSEEEP00000043269	ENSEEEG00000020438	TMEM145
ENSP00000514151	ENSG00000107521	HPS1	ENSEEEP00000006337	ENSEEEG00000003372	HPS1
ENSP00000643470	ENSG00000022267	FHL1	ENSEEEP00000051960	ENSEEEG00000024384	fhl1a
ENSP00000586621	ENSG00000125753	VASP	ENSEEEP00000014324	ENSEEEG00000007117	vaspb
ENSP00000647935	ENSG00000167850	CD300C	ENSEEEP00000043382	ENSEEEG00000020498	
ENSP00000551495	ENSG00000101413	RPRD1B	ENSEEEP00000023868	ENSEEEG00000011582	RPRD1B
ENSP00000613096	ENSG00000135341	MAP3K7	ENSEEEP00000008945	ENSEEEG00000004586	MAP3K7
ENSP00000710426	ENSG00000070495	JMJD6	ENSEEEP00000047428	ENSEEEG00000022317	JMJD6
ENSP00000518558	ENSG00000149554	CHEK1	ENSEEEP00000008052	ENSEEEG00000004126	CHEK1
ENSP00000279027	ENSG00000158296	SLC13A3	ENSEEEP00000023470	ENSEEEG00000011378	SLC13A3
ENSP00000635123	ENSG00000087087	SRRT	ENSEEEP00000043064	ENSEEEG00000020326	SRRT
ENSP00000261588	ENSG00000047578	KATNIP	ENSEEEP00000051064	ENSEEEG00000023976	
ENSP00000163416	ENSG00000066455	GOLGA5	ENSEEEP00000048740	ENSEEEG00000022932	GOLGA5
ENSP00000523591	ENSG00000099800	TIMM13	ENSEEEP00000024273	ENSEEEG00000011773	TIMM13
ENSP00000615382	ENSG00000136918	WDR38	ENSEEEP00000042976	ENSEEEG00000020286	tmprss4b
ENSP00000549093	ENSG00000186193	SAPCD2	ENSEEEP00000042600	ENSEEEG00000020115	sapcd2
ENSP00000245919	ENSG00000125740	FOSB	ENSEEEP00000061004	ENSEEEG00000015837	FOSB
ENSP00000542719	ENSG00000050405	LIMA1	ENSEEEP00000032685	ENSEEEG00000015580	LIMA1
ENSP00000378138	ENSG00000006042	TMEM98	ENSEEEP00000027284	ENSEEEG00000013162	TMEM98
ENSP00000464822	ENSG00000021488	SLC7A9	ENSEEEP00000037444	ENSEEEG00000017724	SLC7A9
ENSP00000789739	ENSG00000173465	ZNRD2	ENSEEEP00000062691	ENSEEEG00000026920	ZNRD2
ENSP00000261435	ENSG00000078177	N4BP2	ENSEEEP00000017888	ENSEEEG00000008830	N4BP2
ENSP00000612367	ENSG00000101294	HM13	ENSEEEP00000020314	ENSEEEG00000009908	HM13
ENSP00000511806	ENSG00000168939	SPRY3	ENSEEEP00000038181	ENSEEEG00000018147	SPRY3
ENSP00000362047	ENSG00000182489	XKRX	ENSEEEP00000035508	ENSEEEG00000016906	XKRX
ENSP00000556370	ENSG00000197958	RPL12	ENSEEEP00000031820	ENSEEEG00000015168	rpl12
ENSP00000215886	ENSG00000100079	LGALS2	ENSEEEP00000042163	ENSEEEG00000019916	
ENSP00000579182	ENSG00000203618	GP1BB	ENSEEEP00000023243	ENSEEEG00000011271	GP1BB
ENSP00000379046	ENSG00000284194	SCO2	ENSEEEP00000011076	ENSEEEG00000005613	sco2
ENSP00000708610	ENSG00000138663	COPS4	ENSEEEP00000023083	ENSEEEG00000011200	COPS4
ENSP00000260386	ENSG00000137825	ITPKA	ENSEEEP00000035835	ENSEEEG00000017056	ITPKA
ENSP00000297267	ENSG00000164694	FNDC1	ENSEEEP00000019363	ENSEEEG00000009480	FNDC1
ENSP00000320658	ENSG00000139131	YARS2	ENSEEEP00000037395	ENSEEEG00000017777	YARS2
ENSP00000612996	ENSG00000100104	SRRD	ENSEEEP00000023283	ENSEEEG00000011288	SRRD
ENSP00000429847	ENSG00000169427	KCNK9	ENSEEEP00000044438	ENSEEEG00000020990	KCNK9
ENSP00000589177	ENSG00000188612	SUMO2	ENSEEEP00000044058	ENSEEEG00000020771	SUMO2
ENSP00000621575	ENSG00000130175	PRKCSH	ENSEEEP00000010594	ENSEEEG00000005274	PRKCSH
ENSP00000640847	ENSG00000025708	TYMP	ENSEEEP00000008359	ENSEEEG00000004340	TYMP
ENSP00000276682	ENSG00000147677	EIF3H	ENSEEEP00000006080	ENSEEEG00000003063	eif3ha
ENSP00000522643	ENSG00000198844	ARHGEF15	ENSEEEP00000039125	ENSEEEG00000018583	ARHGEF15
ENSP00000562854	ENSG00000124702	KLHDC3	ENSEEEP00000014040	ENSEEEG00000006981	KLHDC3
ENSP00000575776	ENSG00000155275	TRMT44	ENSEEEP00000039059	ENSEEEG00000018540	TRMT44
ENSP00000324842	ENSG00000081760	AACS	ENSEEEP00000019494	ENSEEEG00000009542	AACS
ENSP00000591372	ENSG00000065154	OAT	ENSEEEP00000007900	ENSEEEG00000004117	OAT
ENSP00000759711	ENSG00000123992	DNPEP	ENSEEEP00000041674	ENSEEEG00000019637	DNPEP
ENSP00000380275	ENSG00000205937	RNPS1	ENSEEEP00000063649	ENSEEEG00000026999	RNPS1
ENSP00000390344	ENSG00000169155	ZBTB43	ENSEEEP00000041299	ENSEEEG00000019543	ZBTB43
ENSP00000601209	ENSG00000163956	LRPAP1	ENSEEEP00000004850	ENSEEEG00000002531	LRPAP1
ENSP00000490448	ENSG00000077279	DCX	ENSEEEP00000027632	ENSEEEG00000013302	DCX
ENSP00000671765	ENSG00000171953	ATPAF2	ENSEEEP00000012154	ENSEEEG00000006131	ATPAF2
ENSP00000373328	ENSG00000187288	CIDEC	ENSEEEP00000063112	ENSEEEG00000024988	CIDEC
ENSP00000394645	ENSG00000196367	TRRAP	ENSEEEP00000059841	ENSEEEG00000028652	TRRAP
ENSP00000585755	ENSG00000088930	XRN2	ENSEEEP00000019609	ENSEEEG00000009608	XRN2
ENSP00000400906	ENSG00000185651	UBE2L3	ENSEEEP00000018805	ENSEEEG00000009242	ube2l3b
ENSP00000566440	ENSG00000133678	TMEM254	ENSEEEP00000060925	ENSEEEG00000027356	TMEM254
ENSP00000341219	ENSG00000099954	CECR2	ENSEEEP00000044752	ENSEEEG00000021126	CECR2
ENSP00000297857	ENSG00000165156	ZHX1	ENSEEEP00000008015	ENSEEEG00000004187	ZHX1
ENSP00000620191	ENSG00000069509	FUNDC1	ENSEEEP00000015385	ENSEEEG00000007638	FUNDC1
ENSP00000491442	ENSG00000113851	CRBN	ENSEEEP00000020115	ENSEEEG00000009825	CRBN
ENSP00000798427	ENSG00000141179	PCTP	ENSEEEP00000064484	ENSEEEG00000026912	PCTP
ENSP00000655274	ENSG00000130830	MPP1	ENSEEEP00000060999	ENSEEEG00000020485	MPP1
ENSP00000640885	ENSG00000186976	EFCAB6	ENSEEEP00000043891	ENSEEEG00000020744	
ENSP00000216367	ENSG00000100479	POLE2	ENSEEEP00000000250	ENSEEEG00000000140	POLE2
ENSP00000614547	ENSG00000152954	NRSN1	ENSEEEP00000016864	ENSEEEG00000008354	NRSN1
ENSP00000603004	ENSG00000145214	DGKQ	ENSEEEP00000041504	ENSEEEG00000019626	DGKQ
ENSP00000313226	ENSG00000178531	CTXN1	ENSEEEP00000012354	ENSEEEG00000006217	CTXN1
ENSP00000514682	ENSG00000056972	TRAF3IP2	ENSEEEP00000028832	ENSEEEG00000013844	traf3ip2a
ENSP00000558068	ENSG00000150593	PDCD4	ENSEEEP00000021684	ENSEEEG00000010144	pdcd4b
ENSP00000530270	ENSG00000168002	POLR2G	ENSEEEP00000046637	ENSEEEG00000021957	POLR2G
ENSP00000290607	ENSG00000159433	STARD9	ENSEEEP00000045102	ENSEEEG00000021297	
ENSP00000244496	ENSG00000124541	RRP36	ENSEEEP00000051230	ENSEEEG00000024047	RRP36
ENSP00000363318	ENSG00000147168	IL2RG	ENSEEEP00000056981	ENSEEEG00000028215	il2rga
ENSP00000623697	ENSG00000161179	YDJC	ENSEEEP00000018792	ENSEEEG00000009241	YDJC
ENSP00000353971	ENSG00000129696	TTI2	ENSEEEP00000024515	ENSEEEG00000011886	TTI2
ENSP00000764471	ENSG00000109475	RPL34	ENSEEEP00000062232	ENSEEEG00000026115	RPL34
ENSP00000490841	ENSG00000066654	THUMPD1	ENSEEEP00000042199	ENSEEEG00000019936	THUMPD1
ENSP00000359386	ENSG00000160131	VMA21	ENSEEEP00000056330	ENSEEEG00000028025	VMA21
ENSP00000572795	ENSG00000136710	VMA22	ENSEEEP00000011801	ENSEEEG00000005943	CCDC115
ENSP00000273146	ENSG00000144649	GASK1A	ENSEEEP00000024255	ENSEEEG00000011758	GASK1A
ENSP00000395738	ENSG00000099899	TRMT2A	ENSEEEP00000045242	ENSEEEG00000021343	TRMT2A
ENSP00000429243	ENSG00000104435	STMN2	ENSEEEP00000031653	ENSEEEG00000015093	STMN2
ENSP00000561319	ENSG00000167699	GLOD4	ENSEEEP00000003289	ENSEEEG00000001754	GLOD4
ENSP00000479492	ENSG00000180628	PCGF5	ENSEEEP00000046016	ENSEEEG00000021681	pcgf5a
ENSP00000478887	ENSG00000136997	MYC	ENSEEEP00000015241	ENSEEEG00000007584	myca
ENSP00000624669	ENSG00000125166	GOT2	ENSEEEP00000056645	ENSEEEG00000021685	got2b
ENSP00000604180	ENSG00000087365	SF3B2	ENSEEEP00000028414	ENSEEEG00000013571	SF3B2
ENSP00000798023	ENSG00000125970	RALY	ENSEEEP00000040130	ENSEEEG00000019028	RALY
ENSP00000424183	ENSG00000109270	LAMTOR3	ENSEEEP00000033432	ENSEEEG00000015880	LAMTOR3
ENSP00000536329	ENSG00000107738	VSIR	ENSEEEP00000039445	ENSEEEG00000018733	VSIR
ENSP00000600089	ENSG00000105364	MRPL4	ENSEEEP00000031144	ENSEEEG00000014914	MRPL4
ENSP00000421508	ENSG00000156136	DCK	ENSEEEP00000055488	ENSEEEG00000020242	DCK
ENSP00000412091	ENSG00000111596	CNOT2	ENSEEEP00000040102	ENSEEEG00000018890	CNOT2
ENSP00000436836	ENSG00000075429	CACNG5	ENSEEEP00000040073	ENSEEEG00000018994	cacng5a
ENSP00000360538	ENSG00000186188	FFAR4	ENSEEEP00000013949	ENSEEEG00000006932	
ENSP00000508969	ENSG00000120519	SLC10A7	ENSEEEP00000001742	ENSEEEG00000001118	SLC10A7
ENSP00000483494	ENSG00000166024	R3HCC1L	ENSEEEP00000012843	ENSEEEG00000006450	R3HCC1L
ENSP00000480350	ENSG00000168096	ANKS3	ENSEEEP00000006680	ENSEEEG00000003542	ANKS3
ENSP00000320936	ENSG00000177663	IL17RA	ENSEEEP00000037364	ENSEEEG00000017762	IL17RA
ENSP00000642964	ENSG00000095397	WHRN	ENSEEEP00000040795	ENSEEEG00000019329	whrnb
ENSP00000257017	ENSG00000134594	RAB33A	ENSEEEP00000036256	ENSEEEG00000017241	RAB33A
ENSP00000594517	ENSG00000109113	RAB34	ENSEEEP00000007128	ENSEEEG00000003764	rab34a
ENSP00000218056	ENSG00000101940	WDR13	ENSEEEP00000057706	ENSEEEG00000017685	WDR13
ENSP00000720439	ENSG00000100228	RAB36	ENSEEEP00000033059	ENSEEEG00000015734	RAB36
ENSP00000623364	ENSG00000148288	GBGT1	ENSEEEP00000062320	ENSEEEG00000024781	NAMPT
ENSP00000689574	ENSG00000104969	SGTA	ENSEEEP00000051541	ENSEEEG00000024200	SGTA
ENSP00000403396	ENSG00000122591	HYCC1	ENSEEEP00000011004	ENSEEEG00000005571	FAM126A
ENSP00000685306	ENSG00000169139	UBE2V2	ENSEEEP00000022479	ENSEEEG00000010905	UBE2V2
ENSP00000690857	ENSG00000196072	BLOC1S2	ENSEEEP00000049337	ENSEEEG00000023188	BLOC1S2
ENSP00000684986	ENSG00000198125	MB	ENSEEEP00000009481	ENSEEEG00000004841	MB
ENSP00000581131	ENSG00000171227	TMEM37	ENSEEEP00000050429	ENSEEEG00000023709	TMEM37
ENSP00000306275	ENSG00000171303	KCNK3	ENSEEEP00000044441	ENSEEEG00000027369	kcnk3b
ENSP00000569080	ENSG00000106344	RBM28	ENSEEEP00000021142	ENSEEEG00000010306	RBM28
ENSP00000370288	ENSG00000073169	SELENOO	ENSEEEP00000024898	ENSEEEG00000012060	selenoo1
ENSP00000531622	ENSG00000135686	KLHL36	ENSEEEP00000022509	ENSEEEG00000010925	KLHL36
ENSP00000622483	ENSG00000169019	COMMD8	ENSEEEP00000033466	ENSEEEG00000015909	COMMD8
ENSP00000497249	ENSG00000100122	CRYBB1	ENSEEEP00000004056	ENSEEEG00000002144	crybb1
ENSP00000263317	ENSG00000086991	NOX4	ENSEEEP00000002432	ENSEEEG00000001384	NOX4
ENSP00000762400	ENSG00000175063	UBE2C	ENSEEEP00000014755	ENSEEEG00000007338	ube2c
ENSP00000497680	ENSG00000151611	MMAA	ENSEEEP00000012782	ENSEEEG00000006425	MMAA
ENSP00000586963	ENSG00000100360	IFT27	ENSEEEP00000008938	ENSEEEG00000004614	IFT27
ENSP00000296509	ENSG00000164109	MAD2L1	ENSEEEP00000008203	ENSEEEG00000004284	MAD2L1
ENSP00000618333	ENSG00000101181	MTG2	ENSEEEP00000054223	ENSEEEG00000027276	MTG2
ENSP00000510098	ENSG00000109381	ELF2	ENSEEEP00000060768	ENSEEEG00000025853	elf2b
ENSP00000370886	ENSG00000120215	MLANA	ENSEEEP00000022048	ENSEEEG00000010707	MLANA
ENSP00000556186	ENSG00000179583	CIITA	ENSEEEP00000045253	ENSEEEG00000021358	CIITA
ENSP00000729623	ENSG00000167904	TMEM68	ENSEEEP00000049105	ENSEEEG00000023077	TMEM68
ENSP00000306410	ENSG00000169126	ODAD2	ENSEEEP00000062651	ENSEEEG00000013542	armc4
ENSP00000496526	ENSG00000131269	ABCB7	ENSEEEP00000062716	ENSEEEG00000005801	ABCB7
ENSP00000558771	ENSG00000118507	AKAP7	ENSEEEP00000053734	ENSEEEG00000025267	AKAP7
ENSP00000276704	ENSG00000189376	C8orf76	ENSEEEP00000008406	ENSEEEG00000004386	zgc:101716
ENSP00000426167	ENSG00000198856	OSTC	ENSEEEP00000039040	ENSEEEG00000018525	OSTC
ENSP00000324729	ENSG00000151748	SAV1	ENSEEEP00000027649	ENSEEEG00000013319	SAV1
ENSP00000357440	ENSG00000025156	HSF2	ENSEEEP00000061450	ENSEEEG00000017747	HSF2
ENSP00000260383	ENSG00000137822	TUBGCP4	ENSEEEP00000037308	ENSEEEG00000017732	TUBGCP4
ENSP00000357643	ENSG00000148773	MKI67	ENSEEEP00000062859	ENSEEEG00000027477	mki67
ENSP00000610570	ENSG00000121211	MND1	ENSEEEP00000015489	ENSEEEG00000007687	MND1
ENSP00000640391	ENSG00000076641	PAG1	ENSEEEP00000057705	ENSEEEG00000025564	PAG1
ENSP00000520824	ENSG00000165985	C1QL3	ENSEEEP00000020492	ENSEEEG00000010005	c1ql3a
ENSP00000262306	ENSG00000103363	ELOB	ENSEEEP00000058065	ENSEEEG00000028725	elob
ENSP00000554974	ENSG00000158636	EMSY	ENSEEEP00000053441	ENSEEEG00000012440	EMSY
ENSP00000380598	ENSG00000188428	BLOC1S5	ENSEEEP00000058435	ENSEEEG00000025559	bloc1s5
ENSP00000574219	ENSG00000081177	EXD2	ENSEEEP00000002537	ENSEEEG00000001444	exd2
ENSP00000787088	ENSG00000122378	PRXL2A	ENSEEEP00000060520	ENSEEEG00000027547	selenou1a
ENSP00000384616	ENSG00000169026	SLC49A3	ENSEEEP00000017167	ENSEEEG00000008504	SLC49A3
ENSP00000518261	ENSG00000161981	SNRNP25	ENSEEEP00000002015	ENSEEEG00000001253	SNRNP25
ENSP00000671726	ENSG00000112081	SRSF3	ENSEEEP00000031826	ENSEEEG00000015196	srsf3b
ENSP00000644394	ENSG00000186088	GSAP	ENSEEEP00000019994	ENSEEEG00000009774	gsap
ENSP00000429538	ENSG00000133872	SARAF	ENSEEEP00000037237	ENSEEEG00000017700	SARAF
ENSP00000739550	ENSG00000054148	PHPT1	ENSEEEP00000031676	ENSEEEG00000015136	PHPT1
ENSP00000617837	ENSG00000103591	AAGAB	ENSEEEP00000019896	ENSEEEG00000009726	AAGAB
ENSP00000612374	ENSG00000087302	RTRAF	ENSEEEP00000052735	ENSEEEG00000027592	RTRAF
ENSP00000392257	ENSG00000185250	PPIL6	ENSEEEP00000027153	ENSEEEG00000013103	PPIL6
ENSP00000420966	ENSG00000188981	MSANTD1	ENSEEEP00000035085	ENSEEEG00000016689	MSANTD1
ENSP00000654518	ENSG00000101473	ACOT8	ENSEEEP00000022807	ENSEEEG00000011064	ACOT8
ENSP00000316173	ENSG00000176597	B3GNT5	ENSEEEP00000027457	ENSEEEG00000013244	b3gnt5b
ENSP00000581576	ENSG00000197275	RAD54B	ENSEEEP00000042780	ENSEEEG00000020185	rad54b
ENSP00000265245	ENSG00000041802	LSG1	ENSEEEP00000056977	ENSEEEG00000011669	LSG1
ENSP00000364382	ENSG00000158122	PRXL2C	ENSEEEP00000063358	ENSEEEG00000027575	PRXL2C
ENSP00000412696	ENSG00000177752	YIPF7	ENSEEEP00000031071	ENSEEEG00000014873	zgc:123321
ENSP00000401115	ENSG00000008324	SS18L2	ENSEEEP00000058374	ENSEEEG00000002167	SS18L2
ENSP00000262982	ENSG00000124207	CSE1L	ENSEEEP00000008811	ENSEEEG00000004407	CSE1L
ENSP00000799123	ENSG00000135046	ANXA1	ENSEEEP00000049320	ENSEEEG00000023155	anxa1a
ENSP00000495612	ENSG00000124733	MEA1	ENSEEEP00000062574	ENSEEEG00000025376	MEA1
ENSP00000570077	ENSG00000134014	ELP3	ENSEEEP00000010668	ENSEEEG00000005247	ELP3
ENSP00000485698	ENSG00000130349	MTRES1	ENSEEEP00000061308	ENSEEEG00000026782	MTRES1
ENSP00000455052	ENSG00000182685	BRICD5	ENSEEEP00000018567	ENSEEEG00000009127	BRICD5
ENSP00000275954	ENSG00000147027	TMEM47	ENSEEEP00000062473	ENSEEEG00000027472	TMEM47
ENSP00000586549	ENSG00000178952	TUFM	ENSEEEP00000057836	ENSEEEG00000026342	TUFM
ENSP00000635719	ENSG00000119630	PGF	ENSEEEP00000035605	ENSEEEG00000016957	pgfb
ENSP00000487693	ENSG00000180957	PITPNB	ENSEEEP00000058240	ENSEEEG00000025472	
ENSP00000559667	ENSG00000146233	CYP39A1	ENSEEEP00000040565	ENSEEEG00000019215	cyp39a1
ENSP00000352265	ENSG00000141933	TPGS1	ENSEEEP00000034885	ENSEEEG00000016591	TPGS1
ENSP00000265565	ENSG00000114650	SCAP	ENSEEEP00000056375	ENSEEEG00000009925	SCAP
ENSP00000366586	ENSG00000148482	SLC39A12	ENSEEEP00000002756	ENSEEEG00000001587	SLC39A4
ENSP00000696809	ENSG00000070423	RNF126	ENSEEEP00000048278	ENSEEEG00000022724	RNF126
ENSP00000216832	ENSG00000100941	PNN	ENSEEEP00000027365	ENSEEEG00000013205	PNN
ENSP00000539483	ENSG00000132386	SERPINF1	ENSEEEP00000040897	ENSEEEG00000019370	SERPINF1
ENSP00000580915	ENSG00000100368	CSF2RB	ENSEEEP00000007268	ENSEEEG00000003819	CSF2RB
ENSP00000341108	ENSG00000188816	HMX2	ENSEEEP00000023440	ENSEEEG00000011362	HMX2
ENSP00000415654	ENSG00000147642	SYBU	ENSEEEP00000057115	ENSEEEG00000024566	SYBU
ENSP00000558844	ENSG00000107874	CUEDC2	ENSEEEP00000001205	ENSEEEG00000000817	CUEDC2
ENSP00000612971	ENSG00000122507	BBS9	ENSEEEP00000053153	ENSEEEG00000008205	BBS9
ENSP00000425923	ENSG00000109171	SLAIN2	ENSEEEP00000060565	ENSEEEG00000020670	SLAIN2
ENSP00000450392	ENSG00000151322	NPAS3	ENSEEEP00000009275	ENSEEEG00000004757	NPAS3
ENSP00000651847	ENSG00000100418	DESI1	ENSEEEP00000028267	ENSEEEG00000013589	desi1a
ENSP00000796643	ENSG00000196642	RABL6	ENSEEEP00000019059	ENSEEEG00000009357	rabl6b
ENSP00000299259	ENSG00000166200	COPS2	ENSEEEP00000034152	ENSEEEG00000016244	COPS2
ENSP00000577023	ENSG00000170638	TRABD	ENSEEEP00000024873	ENSEEEG00000025354	TRABD
ENSP00000545274	ENSG00000102032	RENBP	ENSEEEP00000004407	ENSEEEG00000002287	RENBP
ENSP00000544468	ENSG00000140854	KATNB1	ENSEEEP00000001975	ENSEEEG00000001158	KATNB1
ENSP00000615599	ENSG00000138698	RAP1GDS1	ENSEEEP00000008996	ENSEEEG00000004643	si:dkey-191g9.5
ENSP00000519708	ENSG00000108219	TSPAN14	ENSEEEP00000014057	ENSEEEG00000006983	TSPAN14
ENSP00000689944	ENSG00000126261	UBA2	ENSEEEP00000021488	ENSEEEG00000010232	UBA2
ENSP00000605809	ENSG00000111641	NOP2	ENSEEEP00000041638	ENSEEEG00000019698	NOP2
ENSP00000600864	ENSG00000157456	CCNB2	ENSEEEP00000038358	ENSEEEG00000018221	CCNB2
ENSP00000231887	ENSG00000113790	EHHADH	ENSEEEP00000043590	ENSEEEG00000020602	EHHADH
ENSP00000259006	ENSG00000136490	LIMD2	ENSEEEP00000061362	ENSEEEG00000027413	LIMD2
ENSP00000353470	ENSG00000196476	C20orf96	ENSEEEP00000016165	ENSEEEG00000008007	c20h20orf96
ENSP00000520504	ENSG00000198730	CTR9	ENSEEEP00000031305	ENSEEEG00000014989	CTR9
ENSP00000353854	ENSG00000167173	C15orf39	ENSEEEP00000030840	ENSEEEG00000014751	si:dkey-73n10.1
ENSP00000344215	ENSG00000164938	TP53INP1	ENSEEEP00000049037	ENSEEEG00000023040	TP53INP1
ENSP00000466881	ENSG00000172733	PURG	ENSEEEP00000017951	ENSEEEG00000008849	PURG
ENSP00000611098	ENSG00000099998	GGT5	ENSEEEP00000029640	ENSEEEG00000014194	GGT5
ENSP00000520567	ENSG00000125843	AP5S1	ENSEEEP00000000089	ENSEEEG00000000056	AP5S1
ENSP00000519449	ENSG00000104221	BRF2	ENSEEEP00000027534	ENSEEEG00000013277	BRF2
ENSP00000470633	ENSG00000169136	ATF5	ENSEEEP00000006981	ENSEEEG00000003678	atf5b
ENSP00000631641	ENSG00000164944	VIRMA	ENSEEEP00000053983	ENSEEEG00000020187	VIRMA
ENSP00000500006	ENSG00000175155	YPEL2	ENSEEEP00000025359	ENSEEEG00000012296	YPEL1
ENSP00000532618	ENSG00000071189	SNX13	ENSEEEP00000010885	ENSEEEG00000005496	SNX13
ENSP00000319897	ENSG00000005238	ATOSB	ENSEEEP00000053567	ENSEEEG00000027590	FAM214B
ENSP00000242786	ENSG00000123146	ADGRE5	ENSEEEP00000042471	ENSEEEG00000020050	adgre5a
ENSP00000308452	ENSG00000128422	KRT17	ENSEEEP00000031191	ENSEEEG00000014923	krt15
ENSP00000453345	ENSG00000140374	ETFA	ENSEEEP00000033339	ENSEEEG00000015150	ETFA
ENSP00000582475	ENSG00000091651	ORC6	ENSEEEP00000028041	ENSEEEG00000013490	ORC6
ENSP00000758966	ENSG00000183684	ALYREF	ENSEEEP00000047183	ENSEEEG00000022212	ALYREF
ENSP00000216862	ENSG00000019186	CYP24A1	ENSEEEP00000015663	ENSEEEG00000007760	CYP24A1
ENSP00000020945	ENSG00000019549	SNAI2	ENSEEEP00000022482	ENSEEEG00000010911	SNAI2
ENSP00000417972	ENSG00000121542	SEC22A	ENSEEEP00000039796	ENSEEEG00000018870	SEC22A
ENSP00000358840	ENSG00000173915	ATP5MK	ENSEEEP00000043392	ENSEEEG00000020503	atp5md
ENSP00000610967	ENSG00000149179	CSTPP1	ENSEEEP00000034660	ENSEEEG00000016480	C11orf49
ENSP00000360437	ENSG00000124098	FAM210B	ENSEEEP00000036301	ENSEEEG00000017264	fam210b
ENSP00000788752	ENSG00000171703	TCEA2	ENSEEEP00000029290	ENSEEEG00000014037	TCEA2
ENSP00000694736	ENSG00000120885	CLU	ENSEEEP00000036752	ENSEEEG00000017446	CLU
ENSP00000478388	ENSG00000274180	NATD1	ENSEEEP00000033524	ENSEEEG00000015941	NATD1
ENSP00000301364	ENSG00000167721	TSR1	ENSEEEP00000001008	ENSEEEG00000000685	TSR1
ENSP00000637549	ENSG00000138744	NAAA	ENSEEEP00000047607	ENSEEEG00000022412	NAAA
ENSP00000351644	ENSG00000130299	GTPBP3	ENSEEEP00000030318	ENSEEEG00000014536	GTPBP3
ENSP00000315659	ENSG00000107554	DNMBP	ENSEEEP00000063411	ENSEEEG00000018923	DNMBP
ENSP00000668473	ENSG00000175792	RUVBL1	ENSEEEP00000018078	ENSEEEG00000008896	RUVBL1
ENSP00000364721	ENSG00000101367	MAPRE1	ENSEEEP00000057735	ENSEEEG00000026672	mapre1b
ENSP00000394320	ENSG00000241370	RPP21	ENSEEEP00000034914	ENSEEEG00000016609	RPP21
ENSP00000260743	ENSG00000138172	CALHM2	ENSEEEP00000057040	ENSEEEG00000026437	calhm2.1
ENSP00000490516	ENSG00000140718	FTO	ENSEEEP00000055309	ENSEEEG00000024818	fto
ENSP00000303754	ENSG00000171497	PPID	ENSEEEP00000032492	ENSEEEG00000015492	PPID
ENSP00000523547	ENSG00000106723	SPIN1	ENSEEEP00000056545	ENSEEEG00000026644	spina
ENSP00000306625	ENSG00000169696	ASPSCR1	ENSEEEP00000046066	ENSEEEG00000021708	ASPSCR1
ENSP00000216027	ENSG00000100209	HSCB	ENSEEEP00000019478	ENSEEEG00000009550	si:ch211-207k7.4
ENSP00000541577	ENSG00000100652	SLC10A1	ENSEEEP00000004316	ENSEEEG00000002273	SLC10A1
ENSP00000369857	ENSG00000163322	ABRAXAS1	ENSEEEP00000030443	ENSEEEG00000014584	ABRAXAS1
ENSP00000237536	ENSG00000149639	MTCL2	ENSEEEP00000051951	ENSEEEG00000024380	SOGA1
ENSP00000379216	ENSG00000100427	MLC1	ENSEEEP00000024862	ENSEEEG00000012044	MLC1
ENSP00000523343	ENSG00000119929	CUTC	ENSEEEP00000028280	ENSEEEG00000013583	CUTC
ENSP00000514046	ENSG00000105879	CBLL1	ENSEEEP00000045907	ENSEEEG00000021640	CBLL1
ENSP00000337797	ENSG00000177595	PIDD1	ENSEEEP00000007299	ENSEEEG00000003839	PIDD1
ENSP00000571764	ENSG00000124145	SDC4	ENSEEEP00000004702	ENSEEEG00000002457	SDC4
ENSP00000524721	ENSG00000144744	UBA3	ENSEEEP00000059759	ENSEEEG00000005841	UBA3
ENSP00000386385	ENSG00000101417	PXMP4	ENSEEEP00000059750	ENSEEEG00000028097	PXMP4
ENSP00000661314	ENSG00000090989	EXOC1	ENSEEEP00000040641	ENSEEEG00000019259	EXOC1
ENSP00000754780	ENSG00000189043	COXFA4	ENSEEEP00000048468	ENSEEEG00000022813	NDUFA4
ENSP00000526759	ENSG00000242173	ARHGDIG	ENSEEEP00000043579	ENSEEEG00000020590	ARHGDIG
ENSP00000624662	ENSG00000241484	ARHGAP8	ENSEEEP00000044262	ENSEEEG00000020912	ARHGAP8
ENSP00000768077	ENSG00000178741	COX5A	ENSEEEP00000039477	ENSEEEG00000018746	cox5aa
ENSP00000520780	ENSG00000125772	GPCPD1	ENSEEEP00000025750	ENSEEEG00000012466	GPCPD1
ENSP00000678976	ENSG00000171045	TSNARE1	ENSEEEP00000049080	ENSEEEG00000023060	
ENSP00000306754	ENSG00000171532	NEUROD2	ENSEEEP00000047863	ENSEEEG00000022530	NEUROD2
ENSP00000580382	ENSG00000134453	RBM17	ENSEEEP00000014569	ENSEEEG00000007246	RBM17
ENSP00000222584	ENSG00000105866	SP4	ENSEEEP00000010972	ENSEEEG00000005546	SP4
ENSP00000455529	ENSG00000099364	FBXL19	ENSEEEP00000034978	ENSEEEG00000016633	zgc:158376
ENSP00000362441	ENSG00000085224	ATRX	ENSEEEP00000018631	ENSEEEG00000008318	ATRX
ENSP00000259467	ENSG00000136940	PDCL	ENSEEEP00000007762	ENSEEEG00000004061	PDCL
ENSP00000401260	ENSG00000105829	BET1	ENSEEEP00000044930	ENSEEEG00000021204	bet1
ENSP00000573232	ENSG00000096872	IFT74	ENSEEEP00000047361	ENSEEEG00000022298	IFT74
ENSP00000509677	ENSG00000132600	PRMT7	ENSEEEP00000034466	ENSEEEG00000016406	PRMT7
ENSP00000623263	ENSG00000101400	SNTA1	ENSEEEP00000054714	ENSEEEG00000008756	SNTA1
ENSP00000797962	ENSG00000260428	SCX	ENSEEEP00000007319	ENSEEEG00000003844	scxa
ENSP00000796035	ENSG00000181045	SLC26A11	ENSEEEP00000026384	ENSEEEG00000012771	SLC26A11
ENSP00000586416	ENSG00000123892	RAB38	ENSEEEP00000002167	ENSEEEG00000001325	RAB38
ENSP00000540878	ENSG00000119446	RBM18	ENSEEEP00000024102	ENSEEEG00000011692	RBM18
ENSP00000358200	ENSG00000107560	RAB11FIP2	ENSEEEP00000044624	ENSEEEG00000021070	RAB11FIP2
ENSP00000631163	ENSG00000132423	COQ3	ENSEEEP00000011396	ENSEEEG00000005759	COQ3
ENSP00000525035	ENSG00000100983	GSS	ENSEEEP00000051978	ENSEEEG00000024392	GSS
ENSP00000360973	ENSG00000180772	AGTR2	ENSEEEP00000064270	ENSEEEG00000027343	AGTR2
ENSP00000564987	ENSG00000120053	GOT1	ENSEEEP00000006310	ENSEEEG00000003358	GOT1
ENSP00000640352	ENSG00000080572	DNAAF6	ENSEEEP00000030976	ENSEEEG00000014818	pih1d3
ENSP00000229903	ENSG00000112167	SAYSD1	ENSEEEP00000016178	ENSEEEG00000008014	si:ch211-59d15.9
ENSP00000167106	ENSG00000071246	VASH1	ENSEEEP00000018969	ENSEEEG00000009301	VASH1
ENSP00000482313	ENSG00000160957	RECQL4	ENSEEEP00000064064	ENSEEEG00000005625	recql4
ENSP00000779446	ENSG00000182287	AP1S2	ENSEEEP00000006011	ENSEEEG00000003177	AP1S2
ENSP00000495962	ENSG00000148019	CEP78	ENSEEEP00000001279	ENSEEEG00000000869	CEP78
ENSP00000229758	ENSG00000112029	FBXO5	ENSEEEP00000046039	ENSEEEG00000021689	FBXO5
ENSP00000216039	ENSG00000100221	JOSD1	ENSEEEP00000062005	ENSEEEG00000024962	JOSD1
ENSP00000378897	ENSG00000188611	ASAH2	ENSEEEP00000005109	ENSEEEG00000002581	asah2
ENSP00000624872	ENSG00000183576	SETD3	ENSEEEP00000047025	ENSEEEG00000022126	SETD3
ENSP00000451760	ENSG00000258839	MC1R	ENSEEEP00000035867	ENSEEEG00000017060	MC1R
ENSP00000544734	ENSG00000144847	IGSF11	ENSEEEP00000018849	ENSEEEG00000009257	IGSF11
ENSP00000765771	ENSG00000161980	POLR3K	ENSEEEP00000002017	ENSEEEG00000001255	POLR3K
ENSP00000328940	ENSG00000181625	SLX1B	ENSEEEP00000039145	ENSEEEG00000018598	slx1b
ENSP00000746151	ENSG00000161618	ALDH16A1	ENSEEEP00000034016	ENSEEEG00000016205	ALDH16A1
ENSP00000324270	ENSG00000180914	OXTR	ENSEEEP00000055159	ENSEEEG00000024457	OXTR
ENSP00000491568	ENSG00000284024	MSANTD7	ENSEEEP00000040603	ENSEEEG00000019234	
ENSP00000523265	ENSG00000139192	TAPBPL	ENSEEEP00000027099	ENSEEEG00000013085	TAPBPL
ENSP00000378326	ENSG00000188372	ZP3	ENSEEEP00000014248	ENSEEEG00000006856	zp2l2
ENSP00000785773	ENSG00000172340	SUCLG2	ENSEEEP00000023639	ENSEEEG00000011449	SUCLG2
ENSP00000245957	ENSG00000089101	CFAP61	ENSEEEP00000019588	ENSEEEG00000009599	
ENSP00000386025	ENSG00000106541	AGR2	ENSEEEP00000037664	ENSEEEG00000017908	AGR2
ENSP00000456845	ENSG00000103994	ZNF106	ENSEEEP00000034209	ENSEEEG00000016294	znf106a
ENSP00000367202	ENSG00000122707	RECK	ENSEEEP00000049162	ENSEEEG00000023088	RECK
ENSP00000518253	ENSG00000126746	ZNF384	ENSEEEP00000047913	ENSEEEG00000022558	znf384l
ENSP00000393258	ENSG00000154556	SORBS2	ENSEEEP00000060380	ENSEEEG00000028548	sorbs2a
ENSP00000576535	ENSG00000138617	PARP16	ENSEEEP00000017449	ENSEEEG00000008633	PARP16
ENSP00000386845	ENSG00000144331	ZNF385B	ENSEEEP00000010717	ENSEEEG00000005200	znf385b
ENSP00000360855	ENSG00000152779	SLC16A12	ENSEEEP00000030983	ENSEEEG00000014824	slc16a12b
ENSP00000615485	ENSG00000141750	STAC2	ENSEEEP00000047903	ENSEEEG00000022556	STAC2
ENSP00000255078	ENSG00000132740	IGHMBP2	ENSEEEP00000045619	ENSEEEG00000021524	IGHMBP2
ENSP00000363925	ENSG00000136824	SMC2	ENSEEEP00000017792	ENSEEEG00000008786	SMC2
ENSP00000586734	ENSG00000105486	LIG1	ENSEEEP00000030969	ENSEEEG00000014707	lig1
ENSP00000797412	ENSG00000111711	GOLT1B	ENSEEEP00000021949	ENSEEEG00000010661	golt1ba
ENSP00000647194	ENSG00000107798	LIPA	ENSEEEP00000021559	ENSEEEG00000010496	lipf
ENSP00000342254	ENSG00000189227	C15orf61	ENSEEEP00000019909	ENSEEEG00000009736	C15orf61
ENSP00000780032	ENSG00000213397	HAUS7	ENSEEEP00000013042	ENSEEEG00000006567	HAUS7
ENSP00000596172	ENSG00000088833	NSFL1C	ENSEEEP00000037137	ENSEEEG00000017638	NSFL1C
ENSP00000530373	ENSG00000006282	SPATA20	ENSEEEP00000056283	ENSEEEG00000011831	SPATA20
ENSP00000356602	ENSG00000009844	VTA1	ENSEEEP00000052574	ENSEEEG00000024626	VTA1
ENSP00000616158	ENSG00000149573	MPZL2	ENSEEEP00000041198	ENSEEEG00000019497	
ENSP00000415836	ENSG00000158805	ZNF276	ENSEEEP00000021686	ENSEEEG00000010548	ZNF276
ENSP00000318158	ENSG00000062582	MRPS24	ENSEEEP00000045572	ENSEEEG00000021501	MRPS24
ENSP00000439697	ENSG00000010219	DYRK4	ENSEEEP00000015250	ENSEEEG00000007588	dyrk4
ENSP00000571966	ENSG00000094631	HDAC6	ENSEEEP00000006529	ENSEEEG00000003118	HDAC6
ENSP00000362202	ENSG00000136908	DPM2	ENSEEEP00000004842	ENSEEEG00000002527	DPM2
ENSP00000349568	ENSG00000197748	CFAP43	ENSEEEP00000053728	ENSEEEG00000026224	
ENSP00000668082	ENSG00000166477	LEO1	ENSEEEP00000015399	ENSEEEG00000007570	LEO1
ENSP00000644308	ENSG00000170786	SDR16C5	ENSEEEP00000003261	ENSEEEG00000001835	sdr16c5b
ENSP00000567151	ENSG00000198171	DDRGK1	ENSEEEP00000016123	ENSEEEG00000007977	DDRGK1
ENSP00000448580	ENSG00000166211	SPIC	ENSEEEP00000037305	ENSEEEG00000017733	SPIC
ENSP00000333833	ENSG00000183723	CMTM4	ENSEEEP00000043499	ENSEEEG00000020566	CMTM4
ENSP00000433926	ENSG00000100697	DICER1	ENSEEEP00000032990	ENSEEEG00000015686	DICER1
ENSP00000616666	ENSG00000129925	PGAP6	ENSEEEP00000025143	ENSEEEG00000012187	PGAP6
ENSP00000266732	ENSG00000120802	TMPO	ENSEEEP00000008612	ENSEEEG00000004467	tmpob
ENSP00000528363	ENSG00000099282	TSPAN15	ENSEEEP00000060858	ENSEEEG00000025445	TSPAN15
ENSP00000283905	ENSG00000153790	SPMIP4	ENSEEEP00000058040	ENSEEEG00000025432	
ENSP00000406203	ENSG00000171552	BCL2L1	ENSEEEP00000057913	ENSEEEG00000027672	BCL2L1
ENSP00000354884	ENSG00000198774	RASSF9	ENSEEEP00000011807	ENSEEEG00000005946	RASSF9
ENSP00000554442	ENSG00000110871	COQ5	ENSEEEP00000017357	ENSEEEG00000008534	COQ5
ENSP00000267803	ENSG00000140254	DUOXA1	ENSEEEP00000017437	ENSEEEG00000008626	DUOX2
ENSP00000322508	ENSG00000100478	AP4S1	ENSEEEP00000002504	ENSEEEG00000001459	AP4S1
ENSP00000616580	ENSG00000157782	CABP1	ENSEEEP00000050774	ENSEEEG00000023853	cabp1a
ENSP00000634035	ENSG00000103227	LMF1	ENSEEEP00000005061	ENSEEEG00000002632	LMF1
ENSP00000634269	ENSG00000107745	MICU1	ENSEEEP00000022147	ENSEEEG00000010395	MICU1
ENSP00000415026	ENSG00000224940	PRRT4	ENSEEEP00000018211	ENSEEEG00000008951	prrt4b
ENSP00000490100	ENSG00000153179	RASSF3	ENSEEEP00000063891	ENSEEEG00000026697	RASSF3
ENSP00000397927	ENSG00000100227	POLDIP3	ENSEEEP00000020712	ENSEEEG00000010103	POLDIP3
ENSP00000266744	ENSG00000139352	ASCL1	ENSEEEP00000029004	ENSEEEG00000013916	ascl1a
ENSP00000772878	ENSG00000124194	GDAP1L1	ENSEEEP00000057215	ENSEEEG00000026089	GDAP1L1
ENSP00000596709	ENSG00000100600	LGMN	ENSEEEP00000000746	ENSEEEG00000000350	LGMN
ENSP00000297537	ENSG00000164900	GBX1	ENSEEEP00000001515	ENSEEEG00000000985	GBX1
ENSP00000635241	ENSG00000188176	SMTNL2	ENSEEEP00000060307	ENSEEEG00000024633	smtnl
ENSP00000685199	ENSG00000090054	SPTLC1	ENSEEEP00000064063	ENSEEEG00000019588	SPTLC1
ENSP00000288912	ENSG00000158023	CFAP251	ENSEEEP00000049608	ENSEEEG00000023325	wdr66
ENSP00000383594	ENSG00000215712	TMEM242	ENSEEEP00000032390	ENSEEEG00000015444	TMEM242
ENSP00000657937	ENSG00000099812	MISP	ENSEEEP00000051657	ENSEEEG00000024257	si:ch211-262i1.3
ENSP00000418593	ENSG00000124104	SNX21	ENSEEEP00000057464	ENSEEEG00000026264	SNX21
ENSP00000393987	ENSG00000198673	TAFA2	ENSEEEP00000011140	ENSEEEG00000005652	TAFA3
ENSP00000492160	ENSG00000206069	LHFPL7	ENSEEEP00000010492	ENSEEEG00000005313	si:dkey-35m8.1
ENSP00000800771	ENSG00000100216	TOMM22	ENSEEEP00000021990	ENSEEEG00000010680	TOMM22
ENSP00000349446	ENSG00000118520	ARG1	ENSEEEP00000033620	ENSEEEG00000015995	ARG1
ENSP00000499661	ENSG00000188322	SBK1	ENSEEEP00000023649	ENSEEEG00000011458	SBK1
ENSP00000249014	ENSG00000128283	CDC42EP1	ENSEEEP00000053014	ENSEEEG00000025276	cdc42ep1b
ENSP00000380251	ENSG00000213965	NUDT19	ENSEEEP00000037248	ENSEEEG00000017706	NUDT19
ENSP00000495832	ENSG00000119913	TECTB	ENSEEEP00000040425	ENSEEEG00000019148	TECTB
ENSP00000254250	ENSG00000131931	THAP1	ENSEEEP00000064258	ENSEEEG00000027844	THAP1
ENSP00000360998	ENSG00000152766	ANKRD22	ENSEEEP00000064444	ENSEEEG00000010501	HPRT1
ENSP00000566595	ENSG00000102934	PLLP	ENSEEEP00000030829	ENSEEEG00000014746	PLLP
ENSP00000509830	ENSG00000122877	EGR2	ENSEEEP00000032252	ENSEEEG00000015384	egr2b
ENSP00000323897	ENSG00000167984	NLRC3	ENSEEEP00000057902	ENSEEEG00000011464	NLRC3
ENSP00000358902	ENSG00000130590	SAMD10	ENSEEEP00000023007	ENSEEEG00000011172	samd10a
ENSP00000229554	ENSG00000111834	RSPH4A	ENSEEEP00000009263	ENSEEEG00000004754	RSPH4A
ENSP00000215912	ENSG00000100100	PIK3IP1	ENSEEEP00000048938	ENSEEEG00000023004	PIK3IP1
ENSP00000480722	ENSG00000275074	NUDT18	ENSEEEP00000022624	ENSEEEG00000010990	NUDT18
ENSP00000344071	ENSG00000053328	METTL24	ENSEEEP00000023865	ENSEEEG00000011578	METTL24
ENSP00000552425	ENSG00000166169	POLL	ENSEEEP00000027848	ENSEEEG00000013410	POLL
ENSP00000552604	ENSG00000170471	RALGAPB	ENSEEEP00000017774	ENSEEEG00000008773	RALGAPB
ENSP00000329757	ENSG00000185883	ATP6V0C	ENSEEEP00000033479	ENSEEEG00000015890	ATP6V0C
ENSP00000502774	ENSG00000185900	POMK	ENSEEEP00000031070	ENSEEEG00000014871	POMK
ENSP00000505244	ENSG00000239900	ADSL	ENSEEEP00000007551	ENSEEEG00000003851	ADSL
ENSP00000636312	ENSG00000065457	ADAT1	ENSEEEP00000057266	ENSEEEG00000006248	ADAT1
ENSP00000277010	ENSG00000147955	SIGMAR1	ENSEEEP00000040000	ENSEEEG00000018966	SIGMAR1
ENSP00000419713	ENSG00000163584	RPL22L1	ENSEEEP00000046851	ENSEEEG00000022057	rpl22l1
ENSP00000397863	ENSG00000157368	IL34	ENSEEEP00000030583	ENSEEEG00000014649	IL34
ENSP00000587180	ENSG00000153107	ANAPC1	ENSEEEP00000046193	ENSEEEG00000021720	ANAPC1
ENSP00000585016	ENSG00000118162	KPTN	ENSEEEP00000058947	ENSEEEG00000020442	KPTN
ENSP00000006015	ENSG00000005073	HOXA11	ENSEEEP00000030760	ENSEEEG00000014719	hoxa11b
ENSP00000571436	ENSG00000182220	ATP6AP2	ENSEEEP00000023552	ENSEEEG00000011421	ATP6AP2
ENSP00000777359	ENSG00000145103	ILDR1	ENSEEEP00000024595	ENSEEEG00000011924	ildr1a
ENSP00000787029	ENSG00000104976	SNAPC2	ENSEEEP00000024334	ENSEEEG00000011797	SNAPC2
ENSP00000490925	ENSG00000227051	C14orf132	ENSEEEP00000019433	ENSEEEG00000009523	C14orf132
ENSP00000529108	ENSG00000136444	RSAD1	ENSEEEP00000028763	ENSEEEG00000013819	RSAD1
ENSP00000346359	ENSG00000100578	KIAA0586	ENSEEEP00000059281	ENSEEEG00000026334	si:ch211-185a18.2
ENSP00000555819	ENSG00000197894	ADH5	ENSEEEP00000014574	ENSEEEG00000007247	ADH5
ENSP00000376506	ENSG00000114209	PDCD10	ENSEEEP00000013201	ENSEEEG00000006615	pdcd10b
ENSP00000532809	ENSG00000105583	WDR83OS	ENSEEEP00000026043	ENSEEEG00000012608	WDR83OS
ENSP00000525735	ENSG00000111911	HINT3	ENSEEEP00000052508	ENSEEEG00000024592	HINT3
ENSP00000603145	ENSG00000101191	DIDO1	ENSEEEP00000023388	ENSEEEG00000011335	fybb
ENSP00000257787	ENSG00000135334	AKIRIN2	ENSEEEP00000062690	ENSEEEG00000009498	AKIRIN2
ENSP00000379369	ENSG00000171956	FOXB1	ENSEEEP00000001110	ENSEEEG00000000745	foxb1a
ENSP00000616230	ENSG00000109991	P2RX3	ENSEEEP00000006787	ENSEEEG00000003581	p2rx3b
ENSP00000319739	ENSG00000117906	RCN2	ENSEEEP00000024229	ENSEEEG00000011745	RCN2
ENSP00000514095	ENSG00000042980	ADAM28	ENSEEEP00000048881	ENSEEEG00000022983	ADAM28
ENSP00000398350	ENSG00000175573	C11orf68	ENSEEEP00000035433	ENSEEEG00000016875	C11orf68
ENSP00000582825	ENSG00000138771	SHROOM3	ENSEEEP00000007770	ENSEEEG00000004064	SHROOM3
ENSP00000613704	ENSG00000104142	VPS18	ENSEEEP00000027628	ENSEEEG00000013305	VPS18
ENSP00000335147	ENSG00000186352	ANKRD37	ENSEEEP00000003106	ENSEEEG00000001761	ANKRD37
ENSP00000590295	ENSG00000178445	GLDC	ENSEEEP00000046854	ENSEEEG00000022056	GLDC
ENSP00000722224	ENSG00000100568	VTI1B	ENSEEEP00000048848	ENSEEEG00000022974	VTI1B
ENSP00000239690	ENSG00000120526	NUDCD1	ENSEEEP00000012404	ENSEEEG00000006233	NUDCD1
ENSP00000262794	ENSG00000073146	MOV10L1	ENSEEEP00000041806	ENSEEEG00000019773	MOV10L1
ENSP00000326630	ENSG00000179588	ZFPM1	ENSEEEP00000021195	ENSEEEG00000010329	zfpm1
ENSP00000375647	ENSG00000105605	CACNG7	ENSEEEP00000049313	ENSEEEG00000023181	cacng7a
ENSP00000402038	ENSG00000135297	MTO1	ENSEEEP00000048184	ENSEEEG00000022684	MTO1
ENSP00000354468	ENSG00000100243	CYB5R3	ENSEEEP00000036521	ENSEEEG00000017318	cyb5r3
ENSP00000397313	ENSG00000015413	DPEP1	ENSEEEP00000001312	ENSEEEG00000000878	DPEP1
ENSP00000537808	ENSG00000052841	TTC17	ENSEEEP00000040635	ENSEEEG00000019260	TTC17
ENSP00000282701	ENSG00000152785	BMP3	ENSEEEP00000001098	ENSEEEG00000000722	BMP3
ENSP00000790629	ENSG00000187244	BCAM	ENSEEEP00000029308	ENSEEEG00000014041	BCAM
ENSP00000333946	ENSG00000119723	COQ6	ENSEEEP00000035582	ENSEEEG00000016898	COQ6
ENSP00000270861	ENSG00000142731	PLK4	ENSEEEP00000012632	ENSEEEG00000006341	PLK4
ENSP00000792092	ENSG00000167536	DHRS13	ENSEEEP00000018961	ENSEEEG00000009298	dhrs13a.3
ENSP00000262219	ENSG00000104537	ANXA13	ENSEEEP00000020827	ENSEEEG00000010152	anxa13l
ENSP00000520997	ENSG00000103257	SLC7A5	ENSEEEP00000021652	ENSEEEG00000010522	SLC7A5
ENSP00000619257	ENSG00000083457	ITGAE	ENSEEEP00000003445	ENSEEEG00000001923	itgae.2
ENSP00000780519	ENSG00000187735	TCEA1	ENSEEEP00000001075	ENSEEEG00000010032	TCEA1
ENSP00000567786	ENSG00000163960	UBXN7	ENSEEEP00000032872	ENSEEEG00000015652	UBXN7
ENSP00000311447	ENSG00000174939	ASPHD1	ENSEEEP00000005430	ENSEEEG00000002850	asphd1
ENSP00000219837	ENSG00000103550	KNOP1	ENSEEEP00000012695	ENSEEEG00000006376	
ENSP00000775153	ENSG00000142541	RPL13A	ENSEEEP00000001082	ENSEEEG00000000718	rpl13a
ENSP00000284061	ENSG00000153933	DGKE	ENSEEEP00000012060	ENSEEEG00000006085	DGKE
ENSP00000795052	ENSG00000258429	PDF	ENSEEEP00000025982	ENSEEEG00000012588	PDF
ENSP00000215941	ENSG00000100124	ANKRD54	ENSEEEP00000016228	ENSEEEG00000008033	ANKRD54
ENSP00000786323	ENSG00000146540	CHLSN	ENSEEEP00000006663	ENSEEEG00000003536	zmp:0000000624
ENSP00000303394	ENSG00000169271	HSPB3	ENSEEEP00000000228	ENSEEEG00000000180	HSPB3
ENSP00000306473	ENSG00000171241	SHCBP1	ENSEEEP00000025703	ENSEEEG00000012437	SHCBP1
ENSP00000430711	ENSG00000174417	TRHR	ENSEEEP00000034042	ENSEEEG00000016187	trhra
ENSP00000414786	ENSG00000180694	TMEM64	ENSEEEP00000001393	ENSEEEG00000000918	TMEM64
ENSP00000770490	ENSG00000147364	FBXO25	ENSEEEP00000064172	ENSEEEG00000006097	FBXO25
ENSP00000495718	ENSG00000091010	POU4F3	ENSEEEP00000013842	ENSEEEG00000006888	POU4F3
ENSP00000346805	ENSG00000196431	CRYBA4	ENSEEEP00000004001	ENSEEEG00000002143	CRYBA4
ENSP00000306788	ENSG00000170540	ARL6IP1	ENSEEEP00000028889	ENSEEEG00000027299	arl6ip1
ENSP00000509530	ENSG00000204397	CARD16	ENSEEEP00000054631	ENSEEEG00000027288	
ENSP00000450420	ENSG00000100744	GSKIP	ENSEEEP00000062287	ENSEEEG00000026281	GSKIP
ENSP00000363349	ENSG00000148158	SNX30	ENSEEEP00000005144	ENSEEEG00000002590	SNX30
ENSP00000171757	ENSG00000078589	P2RY10	ENSEEEP00000047956	ENSEEEG00000022588	P2RY10
ENSP00000367391	ENSG00000229183	PGA4	ENSEEEP00000062458	ENSEEEG00000024239	
ENSP00000369643	ENSG00000126010	GRPR	ENSEEEP00000010076	ENSEEEG00000005092	grpr
ENSP00000603103	ENSG00000101868	POLA1	ENSEEEP00000016683	ENSEEEG00000008268	POLA1
ENSP00000455829	ENSG00000155330	C16orf87	ENSEEEP00000028052	ENSEEEG00000013499	C16orf87
ENSP00000605053	ENSG00000165802	NSMF	ENSEEEP00000019021	ENSEEEG00000009334	nsmfb
ENSP00000378399	ENSG00000140006	WDR89	ENSEEEP00000024324	ENSEEEG00000011795	WDR89
ENSP00000784056	ENSG00000175305	CCNE2	ENSEEEP00000049036	ENSEEEG00000023039	CCNE2
ENSP00000601728	ENSG00000110721	CHKA	ENSEEEP00000045914	ENSEEEG00000021639	CHKA
ENSP00000469945	ENSG00000074842	MYDGF	ENSEEEP00000021261	ENSEEEG00000010363	MYDGF
ENSP00000452007	ENSG00000165898	ISCA2	ENSEEEP00000012666	ENSEEEG00000006359	ISCA2
ENSP00000622446	ENSG00000185721	DRG1	ENSEEEP00000036193	ENSEEEG00000017189	DRG1
ENSP00000356563	ENSG00000034693	PEX3	ENSEEEP00000052564	ENSEEEG00000024620	PEX3
ENSP00000239144	ENSG00000120068	HOXB8	ENSEEEP00000007612	ENSEEEG00000003979	hoxb8a
ENSP00000511967	ENSG00000151338	MIPOL1	ENSEEEP00000008253	ENSEEEG00000004317	MIPOL1
ENSP00000785335	ENSG00000151466	SCLT1	ENSEEEP00000043905	ENSEEEG00000020747	
ENSP00000550429	ENSG00000135148	TRAFD1	ENSEEEP00000040786	ENSEEEG00000019324	TRAFD1
ENSP00000331298	ENSG00000185262	UBALD2	ENSEEEP00000047461	ENSEEEG00000022332	UBALD2
ENSP00000540186	ENSG00000162174	ASRGL1	ENSEEEP00000000956	ENSEEEG00000000649	ASRGL1
ENSP00000355050	ENSG00000132792	CTNNBL1	ENSEEEP00000023854	ENSEEEG00000011573	CTNNBL1
ENSP00000514013	ENSG00000100385	IL2RB	ENSEEEP00000040415	ENSEEEG00000019142	IL2RB
ENSP00000529772	ENSG00000169738	DCXR	ENSEEEP00000007197	ENSEEEG00000003794	DCXR
ENSP00000656962	ENSG00000010361	FUZ	ENSEEEP00000038063	ENSEEEG00000018078	FUZ
ENSP00000507595	ENSG00000102384	CENPI	ENSEEEP00000035496	ENSEEEG00000016902	CENPI
ENSP00000500196	ENSG00000100027	YPEL1	ENSEEEP00000017987	ENSEEEG00000008863	YPEL1
ENSP00000450444	ENSG00000187105	HEATR4	ENSEEEP00000035903	ENSEEEG00000017079	
ENSP00000420477	ENSG00000136274	NACAD	ENSEEEP00000040486	ENSEEEG00000019172	nacad
ENSP00000361004	ENSG00000123496	IL13RA2	ENSEEEP00000019999	ENSEEEG00000009778	IL13RA2
ENSP00000639710	ENSG00000120539	MASTL	ENSEEEP00000007880	ENSEEEG00000004116	MASTL
ENSP00000539624	ENSG00000151498	ACAD8	ENSEEEP00000023694	ENSEEEG00000011408	ACAD8
ENSP00000795253	ENSG00000071859	FAM50A	ENSEEEP00000058179	ENSEEEG00000024417	FAM50A
ENSP00000550112	ENSG00000196510	ANAPC7	ENSEEEP00000044472	ENSEEEG00000021010	ANAPC7
ENSP00000357348	ENSG00000135547	HEY2	ENSEEEP00000036903	ENSEEEG00000017526	HEY2
ENSP00000262043	ENSG00000118482	PHF3	ENSEEEP00000056522	ENSEEEG00000005600	PHF3
ENSP00000708645	ENSG00000090539	CHRD	ENSEEEP00000002112	ENSEEEG00000001292	CHRD
ENSP00000367064	ENSG00000107611	CUBN	ENSEEEP00000020447	ENSEEEG00000009911	CUBN
ENSP00000363436	ENSG00000204175	GPRIN2	ENSEEEP00000008997	ENSEEEG00000004644	si:dkey-191g9.7
ENSP00000483102	ENSG00000128271	ADORA2A	ENSEEEP00000037934	ENSEEEG00000018025	ADORA2A
ENSP00000630454	ENSG00000159674	SPON2	ENSEEEP00000036268	ENSEEEG00000017247	spon2b
ENSP00000562602	ENSG00000112234	FBXL4	ENSEEEP00000011432	ENSEEEG00000005775	FBXL4
ENSP00000677588	ENSG00000070761	CFAP20	ENSEEEP00000011110	ENSEEEG00000005636	CFAP20
ENSP00000760790	ENSG00000180879	SSR4	ENSEEEP00000050585	ENSEEEG00000023787	SSR4
ENSP00000385300	ENSG00000106404	CLDN15	ENSEEEP00000005773	ENSEEEG00000003038	cldn15a
ENSP00000358727	ENSG00000148834	GSTO1	ENSEEEP00000050393	ENSEEEG00000023696	GSTO2
ENSP00000568177	ENSG00000176476	SGF29	ENSEEEP00000005471	ENSEEEG00000002871	SGF29
ENSP00000469759	ENSG00000183423	LRIT3	ENSEEEP00000012714	ENSEEEG00000006386	lrit3a
ENSP00000295213	ENSG00000163071	SPATA18	ENSEEEP00000040009	ENSEEEG00000018971	SPATA18
ENSP00000607432	ENSG00000136982	DSCC1	ENSEEEP00000026867	ENSEEEG00000012974	dscc1
ENSP00000545224	ENSG00000114779	ABHD14B	ENSEEEP00000014400	ENSEEEG00000007167	ABHD14B
ENSP00000216075	ENSG00000100253	MIOX	ENSEEEP00000032636	ENSEEEG00000015560	MIOX
ENSP00000550210	ENSG00000175567	UCP2	ENSEEEP00000019144	ENSEEEG00000009392	UCP2
ENSP00000156471	ENSG00000021776	AQR	ENSEEEP00000018673	ENSEEEG00000008519	AQR
ENSP00000369049	ENSG00000147010	SH3KBP1	ENSEEEP00000046970	ENSEEEG00000022111	sh3kbp1
ENSP00000477532	ENSG00000104691	UBXN8	ENSEEEP00000056202	ENSEEEG00000025223	UBXN8
ENSP00000538112	ENSG00000145439	CBR4	ENSEEEP00000062756	ENSEEEG00000028424	CBR4
ENSP00000787240	ENSG00000107021	TBC1D13	ENSEEEP00000028341	ENSEEEG00000013625	TBC1D13
ENSP00000621487	ENSG00000100151	PICK1	ENSEEEP00000062314	ENSEEEG00000013594	PICK1
ENSP00000640483	ENSG00000006062	MAP3K14	ENSEEEP00000006823	ENSEEEG00000003601	map3k14a
ENSP00000427262	ENSG00000145700	ANKRD31	ENSEEEP00000054459	ENSEEEG00000024743	
ENSP00000496731	ENSG00000122335	SERAC1	ENSEEEP00000028655	ENSEEEG00000013683	SERAC1
ENSP00000508993	ENSG00000172046	USP19	ENSEEEP00000013757	ENSEEEG00000006854	USP19
ENSP00000309087	ENSG00000173261	PLAC8L1	ENSEEEP00000057701	ENSEEEG00000005844	PLAC8L1
ENSP00000567501	ENSG00000099795	NDUFB7	ENSEEEP00000045099	ENSEEEG00000021294	NDUFB7
ENSP00000299952	ENSG00000140832	MARVELD3	ENSEEEP00000052963	ENSEEEG00000028306	si:ch211-191a24.4
ENSP00000560216	ENSG00000074527	NTN4	ENSEEEP00000035319	ENSEEEG00000016815	NTN4
ENSP00000573080	ENSG00000197057	DTHD1	ENSEEEP00000040899	ENSEEEG00000019372	dthd1
ENSP00000293845	ENSG00000161973	CCDC42	ENSEEEP00000041252	ENSEEEG00000019526	
ENSP00000256996	ENSG00000134574	DDB2	ENSEEEP00000022741	ENSEEEG00000011028	DDB2
ENSP00000777055	ENSG00000136819	C9orf78	ENSEEEP00000031259	ENSEEEG00000014971	C9orf78
ENSP00000632448	ENSG00000127415	IDUA	ENSEEEP00000060144	ENSEEEG00000001602	IDUA
ENSP00000452201	ENSG00000198133	TMEM229B	ENSEEEP00000013302	ENSEEEG00000006664	TMEM229B
ENSP00000262510	ENSG00000140853	NLRC5	ENSEEEP00000053210	ENSEEEG00000022396	
ENSP00000503596	ENSG00000104408	EIF3E	ENSEEEP00000012330	ENSEEEG00000006194	eif3ea
ENSP00000720553	ENSG00000129595	EPB41L4A	ENSEEEP00000025233	ENSEEEG00000012240	EPB41L4A
ENSP00000564989	ENSG00000092201	SUPT16H	ENSEEEP00000000674	ENSEEEG00000000306	SUPT16H
ENSP00000231009	ENSG00000113088	GZMK	ENSEEEP00000030259	ENSEEEG00000014507	GZMA
ENSP00000442773	ENSG00000008283	CYB561	ENSEEEP00000054444	ENSEEEG00000017365	cyb561
ENSP00000494872	ENSG00000147894	C9orf72	ENSEEEP00000045847	ENSEEEG00000021607	C9orf72
ENSP00000353915	ENSG00000164270	HTR4	ENSEEEP00000029782	ENSEEEG00000014266	HTR4
ENSP00000665426	ENSG00000180817	PPA1	ENSEEEP00000001026	ENSEEEG00000000634	PPA1
ENSP00000333113	ENSG00000170448	NFXL1	ENSEEEP00000013395	ENSEEEG00000006699	NFXL1
ENSP00000397297	ENSG00000185652	NTF3	ENSEEEP00000001893	ENSEEEG00000001188	NTF3
ENSP00000568734	ENSG00000198951	NAGA	ENSEEEP00000051335	ENSEEEG00000024088	NAGA
ENSP00000396301	ENSG00000113141	IK	ENSEEEP00000028469	ENSEEEG00000013544	IK
ENSP00000333433	ENSG00000182628	SKA2	ENSEEEP00000016947	ENSEEEG00000008401	SKA2
ENSP00000584968	ENSG00000205250	E2F4	ENSEEEP00000014359	ENSEEEG00000007138	E2F4
ENSP00000468818	ENSG00000161888	SPC24	ENSEEEP00000016217	ENSEEEG00000008027	SPC24
ENSP00000332806	ENSG00000183798	EMILIN3	ENSEEEP00000043028	ENSEEEG00000020314	EMILIN3
ENSP00000787331	ENSG00000163607	GTPBP8	ENSEEEP00000055199	ENSEEEG00000024674	GTPBP8
ENSP00000302441	ENSG00000170191	NANP	ENSEEEP00000009115	ENSEEEG00000004697	NANP
ENSP00000322579	ENSG00000040633	PHF23	ENSEEEP00000026918	ENSEEEG00000012994	phf23b
ENSP00000349244	ENSG00000107938	EDRF1	ENSEEEP00000044777	ENSEEEG00000021088	EDRF1
ENSP00000628541	ENSG00000196365	LONP1	ENSEEEP00000055630	ENSEEEG00000012149	LONP1
ENSP00000389383	ENSG00000144589	STK11IP	ENSEEEP00000049466	ENSEEEG00000023249	LRRC32
ENSP00000556564	ENSG00000103769	RAB11A	ENSEEEP00000048115	ENSEEEG00000022658	RAB11A
ENSP00000335201	ENSG00000186666	BCDIN3D	ENSEEEP00000050263	ENSEEEG00000023637	BCDIN3D
ENSP00000331479	ENSG00000182224	CYB5D1	ENSEEEP00000004040	ENSEEEG00000002159	CYB5D1
ENSP00000293851	ENSG00000103355	PRSS33	ENSEEEP00000042874	ENSEEEG00000020227	zgc:92313
ENSP00000534387	ENSG00000108468	CBX1	ENSEEEP00000007581	ENSEEEG00000003957	cbx1a
ENSP00000468980	ENSG00000269743	SLC25A53	ENSEEEP00000047872	ENSEEEG00000022534	SLC25A53
ENSP00000538062	ENSG00000120725	SIL1	ENSEEEP00000022769	ENSEEEG00000011040	SIL1
ENSP00000635452	ENSG00000103266	STUB1	ENSEEEP00000051045	ENSEEEG00000023968	STUB1
ENSP00000479889	ENSG00000198001	IRAK4	ENSEEEP00000041903	ENSEEEG00000019799	IRAK4
ENSP00000527435	ENSG00000183624	HMCES	ENSEEEP00000007824	ENSEEEG00000004091	HMCES
ENSP00000352414	ENSG00000158815	FGF17	ENSEEEP00000026988	ENSEEEG00000012960	FGF17
ENSP00000774198	ENSG00000165283	STOML2	ENSEEEP00000032904	ENSEEEG00000015641	STOML2
ENSP00000305255	ENSG00000170310	STX8	ENSEEEP00000043845	ENSEEEG00000020722	STX8
ENSP00000542511	ENSG00000168924	LETM1	ENSEEEP00000046009	ENSEEEG00000021641	LETM1
ENSP00000351258	ENSG00000125375	DMAC2L	ENSEEEP00000027468	ENSEEEG00000013246	DMAC2L
ENSP00000530528	ENSG00000101361	NOP56	ENSEEEP00000031496	ENSEEEG00000015063	NOP56
ENSP00000468578	ENSG00000166482	MFAP4	ENSEEEP00000044238	ENSEEEG00000020900	MFAP4
ENSP00000331720	ENSG00000182831	HAPSTR1	ENSEEEP00000045198	ENSEEEG00000021341	C16orf72
ENSP00000649272	ENSG00000148719	DNAJB12	ENSEEEP00000001136	ENSEEEG00000000755	dnajb12a
ENSP00000693346	ENSG00000109762	SNX25	ENSEEEP00000033262	ENSEEEG00000015562	SNX25
ENSP00000282572	ENSG00000152669	CCNO	ENSEEEP00000049710	ENSEEEG00000023371	
ENSP00000652007	ENSG00000187097	ENTPD5	ENSEEEP00000025479	ENSEEEG00000012354	entpd5b
ENSP00000363322	ENSG00000176386	CDC26	ENSEEEP00000063232	ENSEEEG00000027820	CDC26
ENSP00000659278	ENSG00000165097	KDM1B	ENSEEEP00000048859	ENSEEEG00000022978	KDM1B
ENSP00000512616	ENSG00000160211	G6PD	ENSEEEP00000052338	ENSEEEG00000024525	G6PD
ENSP00000314444	ENSG00000118965	WDR35	ENSEEEP00000049262	ENSEEEG00000023148	WDR35
ENSP00000625730	ENSG00000188554	NBR1	ENSEEEP00000023938	ENSEEEG00000011619	nbr1a
ENSP00000368219	ENSG00000165609	NUDT5	ENSEEEP00000029550	ENSEEEG00000014154	NUDT5
ENSP00000360498	ENSG00000182154	MRPL41	ENSEEEP00000019039	ENSEEEG00000009348	MRPL41
ENSP00000265340	ENSG00000069011	PITX1	ENSEEEP00000011869	ENSEEEG00000005971	PITX1
ENSP00000394682	ENSG00000132153	DHX30	ENSEEEP00000000165	ENSEEEG00000000108	DHX30
ENSP00000363714	ENSG00000106771	TMEM245	ENSEEEP00000042752	ENSEEEG00000020173	TMEM245
ENSP00000414906	ENSG00000132912	DCTN4	ENSEEEP00000013403	ENSEEEG00000006707	DCTN4
ENSP00000497609	ENSG00000128908	INO80	ENSEEEP00000057597	ENSEEEG00000013268	INO80
ENSP00000322460	ENSG00000177098	SCN4B	ENSEEEP00000018624	ENSEEEG00000009156	scn4ba
ENSP00000713503	ENSG00000131174	COX7B	ENSEEEP00000054174	ENSEEEG00000027808	COX7B
ENSP00000556583	ENSG00000100225	FBXO7	ENSEEEP00000003394	ENSEEEG00000001898	FBXO7
ENSP00000360683	ENSG00000196396	PTPN1	ENSEEEP00000004134	ENSEEEG00000002193	PTPN1
ENSP00000368931	ENSG00000164221	CCDC112	ENSEEEP00000015716	ENSEEEG00000007784	CCDC112
ENSP00000332123	ENSG00000088899	LZTS3	ENSEEEP00000063557	ENSEEEG00000026997	lzts3b
ENSP00000345895	ENSG00000093000	NUP50	ENSEEEP00000060608	ENSEEEG00000028902	NUP50
ENSP00000784117	ENSG00000051596	THOC3	ENSEEEP00000029824	ENSEEEG00000014288	THOC3
ENSP00000478501	ENSG00000164162	ANAPC10	ENSEEEP00000001706	ENSEEEG00000001090	anapc10
ENSP00000377211	ENSG00000126903	SLC10A3	ENSEEEP00000016755	ENSEEEG00000008308	SLC10A3
ENSP00000513244	ENSG00000104320	NBN	ENSEEEP00000010371	ENSEEEG00000005255	NBN
ENSP00000589669	ENSG00000104112	SCG3	ENSEEEP00000041496	ENSEEEG00000019611	SCG3
ENSP00000323872	ENSG00000244165	P2RY11	ENSEEEP00000059421	ENSEEEG00000019973	P2RY11
ENSP00000481110	ENSG00000101447	FAM83D	ENSEEEP00000022429	ENSEEEG00000010892	FAM83D
ENSP00000384273	ENSG00000173039	RELA	ENSEEEP00000035430	ENSEEEG00000016874	RELA
ENSP00000268459	ENSG00000140807	NKD1	ENSEEEP00000049314	ENSEEEG00000023180	NKD1
ENSP00000651300	ENSG00000076770	MBNL3	ENSEEEP00000041891	ENSEEEG00000019796	MBNL3
ENSP00000360310	ENSG00000054796	SPO11	ENSEEEP00000014255	ENSEEEG00000007083	SPO11
ENSP00000550990	ENSG00000198780	FAM169A	ENSEEEP00000028595	ENSEEEG00000013736	fam169aa
ENSP00000392896	ENSG00000230989	HSBP1	ENSEEEP00000031009	ENSEEEG00000014840	hsbp1b
ENSP00000536831	ENSG00000106927	AMBP	ENSEEEP00000022131	ENSEEEG00000010751	AMBP
ENSP00000306080	ENSG00000171861	MRM3	ENSEEEP00000003295	ENSEEEG00000001853	MRM3
ENSP00000562777	ENSG00000060491	OGFR	ENSEEEP00000028309	ENSEEEG00000013606	OGFR
ENSP00000401023	ENSG00000165338	HECTD2	ENSEEEP00000056993	ENSEEEG00000014888	HECTD2
ENSP00000354718	ENSG00000170776	AKAP13	ENSEEEP00000034456	ENSEEEG00000016402	si:dkey-172h23.2
ENSP00000610246	ENSG00000108528	SLC25A11	ENSEEEP00000032041	ENSEEEG00000015285	SLC25A11
ENSP00000645830	ENSG00000087495	PHACTR3	ENSEEEP00000059097	ENSEEEG00000012749	phactr3b
ENSP00000378332	ENSG00000140682	TGFB1I1	ENSEEEP00000054302	ENSEEEG00000022572	TGFB1I1
ENSP00000452914	ENSG00000185215	TNFAIP2	ENSEEEP00000019311	ENSEEEG00000009457	tnfaip2a
ENSP00000358140	ENSG00000107581	EIF3A	ENSEEEP00000044608	ENSEEEG00000021059	eif3s10
ENSP00000738772	ENSG00000174720	LARP7	ENSEEEP00000038915	ENSEEEG00000018463	LARP7
ENSP00000257245	ENSG00000134809	TIMM10	ENSEEEP00000059117	ENSEEEG00000026248	TIMM10
ENSP00000216797	ENSG00000100906	NFKBIA	ENSEEEP00000027626	ENSEEEG00000013274	nfkbiab
ENSP00000325120	ENSG00000082175	PGR	ENSEEEP00000048411	ENSEEEG00000022786	PGR
ENSP00000494686	ENSG00000126778	SIX1	ENSEEEP00000050566	ENSEEEG00000023780	six1b
ENSP00000761278	ENSG00000125356	NDUFA1	ENSEEEP00000056457	ENSEEEG00000025107	ndufa1
ENSP00000451167	ENSG00000100554	ATP6V1D	ENSEEEP00000026381	ENSEEEG00000012603	ATP6V1D
ENSP00000363284	ENSG00000148229	POLE3	ENSEEEP00000031747	ENSEEEG00000015165	POLE3
ENSP00000620759	ENSG00000166257	SCN3B	ENSEEEP00000007219	ENSEEEG00000003802	scn1bb
ENSP00000403214	ENSG00000198252	STYX	ENSEEEP00000026097	ENSEEEG00000012634	STYX
ENSP00000309415	ENSG00000175416	CLTB	ENSEEEP00000014544	ENSEEEG00000007235	CLTA
ENSP00000541456	ENSG00000164167	LSM6	ENSEEEP00000035969	ENSEEEG00000017109	LSM6
ENSP00000294258	ENSG00000162300	ZFPL1	ENSEEEP00000006279	ENSEEEG00000003345	ZFPL1
ENSP00000400157	ENSG00000237172	B3GNT9	ENSEEEP00000047806	ENSEEEG00000022500	B3GNT9
ENSP00000789817	ENSG00000148814	LRRC27	ENSEEEP00000056035	ENSEEEG00000024917	
ENSP00000327846	ENSG00000183476	SH2D7	ENSEEEP00000002475	ENSEEEG00000001449	sh2d7
ENSP00000306070	ENSG00000170917	NUDT6	ENSEEEP00000009589	ENSEEEG00000004895	NUDT6
ENSP00000368438	ENSG00000132646	PCNA	ENSEEEP00000028033	ENSEEEG00000013487	PCNA
ENSP00000274311	ENSG00000152684	PELO	ENSEEEP00000047945	ENSEEEG00000022578	PELO
ENSP00000415662	ENSG00000231256	CFAP97D1	ENSEEEP00000035272	ENSEEEG00000016783	si:ch211-284k5.2
ENSP00000263774	ENSG00000213619	NDUFS3	ENSEEEP00000036946	ENSEEEG00000017547	NDUFS3
ENSP00000384564	ENSG00000198832	SELENOM	ENSEEEP00000059161	ENSEEEG00000026666	SELENOM
ENSP00000611657	ENSG00000130560	UBAC1	ENSEEEP00000028565	ENSEEEG00000013719	UBAC1
ENSP00000382474	ENSG00000242259	C22orf39	ENSEEEP00000031779	ENSEEEG00000015174	si:ch211-51h9.6
ENSP00000560544	ENSG00000074071	MRPS34	ENSEEEP00000033484	ENSEEEG00000015917	MRPS34
ENSP00000341243	ENSG00000124232	RBPJL	ENSEEEP00000004684	ENSEEEG00000002410	RBPJL
ENSP00000260191	ENSG00000149305	HTR3B	ENSEEEP00000008881	ENSEEEG00000004579	HTR3B
ENSP00000400482	ENSG00000140931	CMTM3	ENSEEEP00000043500	ENSEEEG00000020567	CMTM3
ENSP00000573569	ENSG00000124164	VAPB	ENSEEEP00000062663	ENSEEEG00000017763	VAPB
ENSP00000522594	ENSG00000146476	DCPH1	ENSEEEP00000028327	ENSEEEG00000013619	ARMT1
ENSP00000483946	ENSG00000119403	PHF19	ENSEEEP00000044626	ENSEEEG00000021032	PHF19
ENSP00000763143	ENSG00000100380	ST13	ENSEEEP00000059887	ENSEEEG00000026364	st13
ENSP00000364639	ENSG00000076053	RBM7	ENSEEEP00000056249	ENSEEEG00000028815	rbm7
ENSP00000590089	ENSG00000198663	C6orf89	ENSEEEP00000031855	ENSEEEG00000015212	zgc:162255
ENSP00000512375	ENSG00000196839	ADA	ENSEEEP00000050618	ENSEEEG00000023790	ADA
ENSP00000530517	ENSG00000148444	COMMD3	ENSEEEP00000035181	ENSEEEG00000016740	COMMD3
ENSP00000263674	ENSG00000110237	ARHGEF17	ENSEEEP00000049903	ENSEEEG00000023460	ARHGEF17
ENSP00000688319	ENSG00000145687	SSBP2	ENSEEEP00000013824	ENSEEEG00000006875	si:ch211-130m23.3
ENSP00000406037	ENSG00000103510	KAT8	ENSEEEP00000028665	ENSEEEG00000013771	KAT8
ENSP00000266984	ENSG00000139537	DRC2	ENSEEEP00000004535	ENSEEEG00000002367	CCDC65
ENSP00000498441	ENSG00000171560	FGA	ENSEEEP00000025017	ENSEEEG00000012136	fga
ENSP00000792913	ENSG00000185742	C11orf87	ENSEEEP00000049939	ENSEEEG00000023478	si:dkey-35i13.1
ENSP00000340889	ENSG00000010438	PRSS3	ENSEEEP00000056567	ENSEEEG00000027769	prss59.1
ENSP00000452514	ENSG00000123374	CDK2	ENSEEEP00000018427	ENSEEEG00000009035	CDK2
ENSP00000392903	ENSG00000214367	HAUS3	ENSEEEP00000012118	ENSEEEG00000006109	HAUS3
ENSP00000396976	ENSG00000140320	BAHD1	ENSEEEP00000035781	ENSEEEG00000017029	BAHD1
ENSP00000641451	ENSG00000119912	IDE	ENSEEEP00000011022	ENSEEEG00000005006	IDE
ENSP00000335320	ENSG00000186174	BCL9L	ENSEEEP00000038225	ENSEEEG00000018176	BCL9L
ENSP00000743971	ENSG00000197081	IGF2R	ENSEEEP00000032149	ENSEEEG00000014629	IGF2R
ENSP00000626568	ENSG00000135063	ENTREP1	ENSEEEP00000026935	ENSEEEG00000013003	FAM189A2
ENSP00000529167	ENSG00000167264	DUS2	ENSEEEP00000008516	ENSEEEG00000004427	DUS2
ENSP00000436881	ENSG00000109851	DBX1	ENSEEEP00000034452	ENSEEEG00000016396	dbx1b
ENSP00000298231	ENSG00000165462	PHOX2A	ENSEEEP00000008069	ENSEEEG00000004207	PHOX2A
ENSP00000534213	ENSG00000164077	MON1A	ENSEEEP00000012543	ENSEEEG00000006296	MON1A
ENSP00000261921	ENSG00000129038	LOXL1	ENSEEEP00000058976	ENSEEEG00000016282	LOXL1
ENSP00000540631	ENSG00000183801	OLFML1	ENSEEEP00000029638	ENSEEEG00000014192	OLFML1
ENSP00000789491	ENSG00000149474	KAT14	ENSEEEP00000059850	ENSEEEG00000024360	KAT14
ENSP00000430515	ENSG00000008513	ST3GAL1	ENSEEEP00000053437	ENSEEEG00000027016	ST3GAL1
ENSP00000586919	ENSG00000136930	PSMB7	ENSEEEP00000021255	ENSEEEG00000010340	PSMB7
ENSP00000242576	ENSG00000076248	UNG	ENSEEEP00000049622	ENSEEEG00000023329	unga
ENSP00000417654	ENSG00000138459	SLC35A5	ENSEEEP00000010631	ENSEEEG00000005387	SLC35A5
ENSP00000766361	ENSG00000145321	GC	ENSEEEP00000005576	ENSEEEG00000002926	gc
ENSP00000363191	ENSG00000125995	ROMO1	ENSEEEP00000059208	ENSEEEG00000024989	ROMO1
ENSP00000252032	ENSG00000088854	DNAAF9	ENSEEEP00000043255	ENSEEEG00000020430	
ENSP00000606941	ENSG00000130717	UCK1	ENSEEEP00000040016	ENSEEEG00000018976	UCK1
ENSP00000692335	ENSG00000242498	ARPIN	ENSEEEP00000045797	ENSEEEG00000021590	arpin
ENSP00000592237	ENSG00000243789	JMJD7	ENSEEEP00000053301	ENSEEEG00000004297	JMJD7
ENSP00000315182	ENSG00000144736	SHQ1	ENSEEEP00000008331	ENSEEEG00000004346	SHQ1
ENSP00000328236	ENSG00000184445	KNTC1	ENSEEEP00000049504	ENSEEEG00000023275	KNTC1
ENSP00000276449	ENSG00000147465	STAR	ENSEEEP00000039961	ENSEEEG00000018947	STAR
ENSP00000575200	ENSG00000164989	CCDC171	ENSEEEP00000061227	ENSEEEG00000025387	foxp3b
ENSP00000332530	ENSG00000184719	RNLS	ENSEEEP00000021536	ENSEEEG00000010492	RNLS
ENSP00000381499	ENSG00000125813	PAX1	ENSEEEP00000019642	ENSEEEG00000009617	pax1b
ENSP00000342560	ENSG00000101180	HRH3	ENSEEEP00000028032	ENSEEEG00000013473	HRH3
ENSP00000628940	ENSG00000126777	KTN1	ENSEEEP00000055350	ENSEEEG00000006385	KTN1
ENSP00000789048	ENSG00000010256	UQCRC1	ENSEEEP00000051988	ENSEEEG00000024345	UQCRC1
ENSP00000709715	ENSG00000185838	GNB1L	ENSEEEP00000027049	ENSEEEG00000013060	GNB1L
ENSP00000616109	ENSG00000204291	COL15A1	ENSEEEP00000055193	ENSEEEG00000025819	col15a1b
ENSP00000573359	ENSG00000198863	RUNDC1	ENSEEEP00000012308	ENSEEEG00000006190	RUNDC1
ENSP00000602515	ENSG00000011260	UTP18	ENSEEEP00000034969	ENSEEEG00000016629	UTP18
ENSP00000314441	ENSG00000037897	METTL1	ENSEEEP00000032509	ENSEEEG00000015495	METTL1
ENSP00000248846	ENSG00000128159	TUBGCP6	ENSEEEP00000037628	ENSEEEG00000017770	appl2
ENSP00000587670	ENSG00000048140	TSPAN17	ENSEEEP00000013370	ENSEEEG00000013729	TSPAN17
ENSP00000307461	ENSG00000169330	MINAR1	ENSEEEP00000029801	ENSEEEG00000014277	MINAR1
ENSP00000378132	ENSG00000176842	IRX5	ENSEEEP00000007083	ENSEEEG00000003740	irx5a
ENSP00000256545	ENSG00000134153	EMC7	ENSEEEP00000021394	ENSEEEG00000010424	EMC7
ENSP00000377755	ENSG00000153130	SCOC	ENSEEEP00000062822	ENSEEEG00000028204	scoca
ENSP00000587607	ENSG00000100297	MCM5	ENSEEEP00000016262	ENSEEEG00000008042	MCM5
ENSP00000765015	ENSG00000189050	RNFT1	ENSEEEP00000004629	ENSEEEG00000002416	RNFT1
ENSP00000409443	ENSG00000164620	RELL2	ENSEEEP00000022777	ENSEEEG00000011045	RELL2
ENSP00000416696	ENSG00000107036	RIC1	ENSEEEP00000020633	ENSEEEG00000009765	RIC1
ENSP00000786708	ENSG00000146416	AIG1	ENSEEEP00000052570	ENSEEEG00000024622	AIG1
ENSP00000668785	ENSG00000103111	MON1B	ENSEEEP00000000425	ENSEEEG00000000316	mon1bb
ENSP00000600173	ENSG00000148843	PDCD11	ENSEEEP00000043389	ENSEEEG00000020497	PDCD11
ENSP00000300850	ENSG00000167395	ZNF646	ENSEEEP00000011727	ENSEEEG00000005904	ZNF646
ENSP00000406012	ENSG00000187535	IFT140	ENSEEEP00000051039	ENSEEEG00000023965	IFT140
ENSP00000497041	ENSG00000137558	PI15	ENSEEEP00000050872	ENSEEEG00000023896	pi15b
ENSP00000346927	ENSG00000243477	NAA80	ENSEEEP00000000141	ENSEEEG00000000104	NAA80
ENSP00000787025	ENSG00000134851	TMEM165	ENSEEEP00000057238	ENSEEEG00000026469	TMEM165
ENSP00000498711	ENSG00000080511	RDH8	ENSEEEP00000045745	ENSEEEG00000021566	rdh8a
ENSP00000551046	ENSG00000148200	NR6A1	ENSEEEP00000027027	ENSEEEG00000013045	nr6a1a
ENSP00000349658	ENSG00000196236	XPNPEP3	ENSEEEP00000028259	ENSEEEG00000013586	XPNPEP3
ENSP00000299638	ENSG00000255529	POLR2M	ENSEEEP00000037514	ENSEEEG00000017839	POLR2M
ENSP00000420180	ENSG00000175455	CCDC14	ENSEEEP00000022579	ENSEEEG00000010966	ccdc14
ENSP00000282226	ENSG00000152380	FAM151B	ENSEEEP00000035989	ENSEEEG00000017122	FAM151B
ENSP00000416128	ENSG00000175334	BANF1	ENSEEEP00000006929	ENSEEEG00000003653	BANF1
ENSP00000403535	ENSG00000040608	RTN4R	ENSEEEP00000019483	ENSEEEG00000009552	RTN4R
ENSP00000347847	ENSG00000196588	MRTFA	ENSEEEP00000023755	ENSEEEG00000011506	mrtfab
ENSP00000605348	ENSG00000228716	DHFR	ENSEEEP00000035986	ENSEEEG00000017120	dhfr
ENSP00000603251	ENSG00000137807	KIF23	ENSEEEP00000022708	ENSEEEG00000010714	KIF23
ENSP00000543074	ENSG00000135919	SERPINE2	ENSEEEP00000034169	ENSEEEG00000016271	SERPINE2
ENSP00000310170	ENSG00000175592	FOSL1	ENSEEEP00000042316	ENSEEEG00000019987	fosl1a
ENSP00000310801	ENSG00000171695	LKAAEAR1	ENSEEEP00000029285	ENSEEEG00000014034	LKAAEAR1
ENSP00000625854	ENSG00000125991	ERGIC3	ENSEEEP00000040172	ENSEEEG00000019046	ERGIC3
ENSP00000616235	ENSG00000080819	CPOX	ENSEEEP00000040507	ENSEEEG00000019188	cpox
ENSP00000332565	ENSG00000130540	SULT4A1	ENSEEEP00000010267	ENSEEEG00000005197	SULT4A1
ENSP00000656099	ENSG00000148690	FRA10AC1	ENSEEEP00000038424	ENSEEEG00000018245	FRA10AC1
ENSP00000588296	ENSG00000189091	SF3B3	ENSEEEP00000030627	ENSEEEG00000014658	SF3B3
ENSP00000157600	ENSG00000071282	LMCD1	ENSEEEP00000021000	ENSEEEG00000010240	lmcd1
ENSP00000774095	ENSG00000105707	HPN	ENSEEEP00000042421	ENSEEEG00000020029	HPN
ENSP00000384115	ENSG00000167077	MEI1	ENSEEEP00000032809	ENSEEEG00000015627	
ENSP00000560766	ENSG00000164038	SLC9B2	ENSEEEP00000038355	ENSEEEG00000018215	SLC9B2
ENSP00000385480	ENSG00000217442	SYCE3	ENSEEEP00000005199	ENSEEEG00000002712	syce3
ENSP00000446576	ENSG00000204842	ATXN2	ENSEEEP00000053879	ENSEEEG00000022082	ATXN2
ENSP00000560474	ENSG00000104442	ARMC1	ENSEEEP00000021925	ENSEEEG00000010651	ARMC1
ENSP00000760903	ENSG00000070010	UFD1	ENSEEEP00000021486	ENSEEEG00000010184	ufd1l
ENSP00000544038	ENSG00000066651	TRMT11	ENSEEEP00000052512	ENSEEEG00000024594	TRMT11
ENSP00000384653	ENSG00000179988	PSTK	ENSEEEP00000043013	ENSEEEG00000020305	PSTK
ENSP00000451945	ENSG00000229544	NKX1-2	ENSEEEP00000006344	ENSEEEG00000003375	nkx1.2la
ENSP00000603516	ENSG00000069482	GAL	ENSEEEP00000037445	ENSEEEG00000017808	galn
ENSP00000665053	ENSG00000129422	MTUS1	ENSEEEP00000042587	ENSEEEG00000020109	mtus1a
ENSP00000384552	ENSG00000171557	FGG	ENSEEEP00000009234	ENSEEEG00000004743	FGG
ENSP00000487420	ENSG00000156531	PHF6	ENSEEEP00000041866	ENSEEEG00000019790	PHF6
ENSP00000337991	ENSG00000179119	SPTY2D1	ENSEEEP00000049222	ENSEEEG00000023130	SPTY2D1
ENSP00000216124	ENSG00000100299	ARSA	ENSEEEP00000014450	ENSEEEG00000007199	ARSA
ENSP00000244728	ENSG00000124749	COL21A1	ENSEEEP00000017143	ENSEEEG00000008488	COL21A1
ENSP00000627439	ENSG00000167969	ECI1	ENSEEEP00000043556	ENSEEEG00000020586	ECI1
ENSP00000261868	ENSG00000104131	EIF3J	ENSEEEP00000017447	ENSEEEG00000008632	eif3jb
ENSP00000423822	ENSG00000164294	GPX8	ENSEEEP00000001431	ENSEEEG00000000939	gpx8
ENSP00000337976	ENSG00000101945	SUV39H1	ENSEEEP00000029450	ENSEEEG00000014101	suv39h1b
ENSP00000764815	ENSG00000169020	ATP5ME	ENSEEEP00000002782	ENSEEEG00000001600	atp5mea
ENSP00000509893	ENSG00000164404	GDF9	ENSEEEP00000048180	ENSEEEG00000022679	GDF9
ENSP00000483001	ENSG00000048162	NOP16	ENSEEEP00000063580	ENSEEEG00000027176	NOP16
ENSP00000361596	ENSG00000124257	NEURL2	ENSEEEP00000018534	ENSEEEG00000009104	NEURL2
ENSP00000760310	ENSG00000101220	ADISSP	ENSEEEP00000063492	ENSEEEG00000028407	C20orf27
ENSP00000603684	ENSG00000103194	USP10	ENSEEEP00000042090	ENSEEEG00000019881	USP10
ENSP00000722365	ENSG00000114850	SSR3	ENSEEEP00000005102	ENSEEEG00000002634	SSR3
ENSP00000554380	ENSG00000099194	SCD	ENSEEEP00000010981	ENSEEEG00000005352	SCD
ENSP00000440756	ENSG00000181924	COA4	ENSEEEP00000051700	ENSEEEG00000024279	COA4
ENSP00000320508	ENSG00000138942	RNF185	ENSEEEP00000016138	ENSEEEG00000007986	RNF185
ENSP00000635539	ENSG00000089682	RBM41	ENSEEEP00000038194	ENSEEEG00000018158	RBM41
ENSP00000531659	ENSG00000157426	AASDH	ENSEEEP00000040613	ENSEEEG00000019240	AASDH
ENSP00000315774	ENSG00000110717	NDUFS8	ENSEEEP00000006779	ENSEEEG00000003573	ndufs8a
ENSP00000265087	ENSG00000113739	STC2	ENSEEEP00000026632	ENSEEEG00000012880	stc2a
ENSP00000363254	ENSG00000165606	DRGX	ENSEEEP00000002962	ENSEEEG00000001687	DRGX
ENSP00000360995	ENSG00000138134	STAMBPL1	ENSEEEP00000060749	ENSEEEG00000010505	stambpb
ENSP00000775512	ENSG00000113456	RAD1	ENSEEEP00000052483	ENSEEEG00000024582	RAD1
ENSP00000603918	ENSG00000133874	RNF122	ENSEEEP00000024568	ENSEEEG00000011916	RNF122
ENSP00000605440	ENSG00000011376	LARS2	ENSEEEP00000048985	ENSEEEG00000022937	LARS2
ENSP00000287020	ENSG00000156466	GDF6	ENSEEEP00000034119	ENSEEEG00000016243	gdf6a
ENSP00000583557	ENSG00000155287	SLC25A28	ENSEEEP00000006307	ENSEEEG00000003354	SLC25A28
ENSP00000532768	ENSG00000147576	ADHFE1	ENSEEEP00000015349	ENSEEEG00000007623	adhfe1
ENSP00000412763	ENSG00000204740	MALRD1	ENSEEEP00000002673	ENSEEEG00000001543	MALRD1
ENSP00000764751	ENSG00000025770	NCAPH2	ENSEEEP00000011084	ENSEEEG00000005615	NCAPH2
ENSP00000387187	ENSG00000140264	SERF2	ENSEEEP00000057645	ENSEEEG00000027893	SERF2
ENSP00000789044	ENSG00000108187	PBLD	ENSEEEP00000009016	ENSEEEG00000004649	PBLD
ENSP00000482232	ENSG00000135346	CGA	ENSEEEP00000019360	ENSEEEG00000009452	CGA
ENSP00000379250	ENSG00000087586	AURKA	ENSEEEP00000028376	ENSEEEG00000013646	AURKA
ENSP00000261881	ENSG00000075131	TIPIN	ENSEEEP00000042809	ENSEEEG00000020200	TIPIN
ENSP00000718427	ENSG00000119326	CTNNAL1	ENSEEEP00000039157	ENSEEEG00000018608	CTNNAL1
ENSP00000222250	ENSG00000105643	ARRDC2	ENSEEEP00000058781	ENSEEEG00000005735	ARRDC2
ENSP00000268613	ENSG00000140945	CDH13	ENSEEEP00000030085	ENSEEEG00000014419	CDH13
ENSP00000358667	ENSG00000102178	UBL4A	ENSEEEP00000001886	ENSEEEG00000001182	UBL4A
ENSP00000446205	ENSG00000179111	HES7	ENSEEEP00000027666	ENSEEEG00000013326	her1
ENSP00000262768	ENSG00000035862	TIMP2	ENSEEEP00000011332	ENSEEEG00000005738	timp2a
ENSP00000568321	ENSG00000103381	CPPED1	ENSEEEP00000020905	ENSEEEG00000010195	CPPED1
ENSP00000334851	ENSG00000186479	RGS7BP	ENSEEEP00000014911	ENSEEEG00000007424	rgs7bpb
ENSP00000685526	ENSG00000112981	NME5	ENSEEEP00000004347	ENSEEEG00000002250	nme5
ENSP00000376359	ENSG00000109956	B3GAT1	ENSEEEP00000030441	ENSEEEG00000014581	b3gat1a
ENSP00000471388	ENSG00000083845	RPS5	ENSEEEP00000026799	ENSEEEG00000016853	RPS5
ENSP00000770517	ENSG00000168589	DYNLRB2	ENSEEEP00000008645	ENSEEEG00000004482	DYNLRB2
ENSP00000497423	ENSG00000121073	SLC35B1	ENSEEEP00000003473	ENSEEEG00000001929	SLC35B1
ENSP00000566665	ENSG00000155229	MMS19	ENSEEEP00000006755	ENSEEEG00000003561	MMS19
ENSP00000528341	ENSG00000087237	CETP	ENSEEEP00000047581	ENSEEEG00000022399	cetp
ENSP00000312002	ENSG00000135077	HAVCR2	ENSEEEP00000043755	ENSEEEG00000020684	HAVCR1
ENSP00000447690	ENSG00000205323	SARNP	ENSEEEP00000057208	ENSEEEG00000026621	SARNP
ENSP00000619975	ENSG00000103671	TRIP4	ENSEEEP00000038750	ENSEEEG00000018387	TRIP4
ENSP00000370021	ENSG00000044459	CNTLN	ENSEEEP00000048034	ENSEEEG00000022630	
ENSP00000596317	ENSG00000167291	TBC1D16	ENSEEEP00000011043	ENSEEEG00000005592	TBC1D16
ENSP00000305651	ENSG00000169245	CXCL10	ENSEEEP00000001596	ENSEEEG00000001020	cxcl11.1
ENSP00000262844	ENSG00000101935	AMMECR1	ENSEEEP00000043584	ENSEEEG00000020596	AMMECR1
ENSP00000712734	ENSG00000011485	PPP5C	ENSEEEP00000063694	ENSEEEG00000003432	PPP5C
ENSP00000376572	ENSG00000212864	RNF208	ENSEEEP00000032956	ENSEEEG00000015691	RNF208
ENSP00000362760	ENSG00000171448	ZBTB26	ENSEEEP00000000303	ENSEEEG00000000226	ZBTB26
ENSP00000371230	ENSG00000147853	AK3	ENSEEEP00000022163	ENSEEEG00000010770	AK3
ENSP00000371517	ENSG00000242110	AMACR	ENSEEEP00000030267	ENSEEEG00000014511	AMACR
ENSP00000579936	ENSG00000104731	KLHDC4	ENSEEEP00000021678	ENSEEEG00000010542	KLHDC4
ENSP00000454719	ENSG00000178761	FAM219B	ENSEEEP00000063572	ENSEEEG00000028921	FAM219B
ENSP00000190165	ENSG00000064218	DMRT3	ENSEEEP00000005790	ENSEEEG00000003065	dmrt3a
ENSP00000242729	ENSG00000123096	SSPN	ENSEEEP00000045916	ENSEEEG00000021644	SSPN
ENSP00000397459	ENSG00000112679	DUSP22	ENSEEEP00000051487	ENSEEEG00000024173	dusp22b
ENSP00000261233	ENSG00000090376	IRAK3	ENSEEEP00000037424	ENSEEEG00000017796	IRAK3
ENSP00000401853	ENSG00000068001	HYAL2	ENSEEEP00000005336	ENSEEEG00000002792	hyal2b
ENSP00000350708	ENSG00000119318	RAD23B	ENSEEEP00000058841	ENSEEEG00000010777	RAD23B
ENSP00000791440	ENSG00000138621	PPCDC	ENSEEEP00000048153	ENSEEEG00000022669	PPCDC
ENSP00000479708	ENSG00000147676	MAL2	ENSEEEP00000001724	ENSEEEG00000001103	MAL2
ENSP00000615821	ENSG00000104866	PPP1R37	ENSEEEP00000048550	ENSEEEG00000022835	PPP1R37
ENSP00000285243	ENSG00000154945	ANKRD40	ENSEEEP00000008697	ENSEEEG00000004513	ANKRD40
ENSP00000542774	ENSG00000165071	TMEM71	ENSEEEP00000025929	ENSEEEG00000012561	si:ch211-235o23.1
ENSP00000588365	ENSG00000156970	BUB1B	ENSEEEP00000045400	ENSEEEG00000021429	bub1bb
ENSP00000585223	ENSG00000109066	SLC38A12	ENSEEEP00000060945	ENSEEEG00000024897	TMEM104
ENSP00000221166	ENSG00000104722	NEFM	ENSEEEP00000030495	ENSEEEG00000014609	nefma
ENSP00000729663	ENSG00000167106	EEIG1	ENSEEEP00000061314	ENSEEEG00000002521	fam102ab
ENSP00000512467	ENSG00000012232	EXTL3	ENSEEEP00000018957	ENSEEEG00000009291	EXTL3
ENSP00000248142	ENSG00000127580	WDR24	ENSEEEP00000006686	ENSEEEG00000003544	WDR24
ENSP00000252456	ENSG00000130176	CNN1	ENSEEEP00000039013	ENSEEEG00000018513	cnn1b
ENSP00000215095	ENSG00000099365	STX1B	ENSEEEP00000053351	ENSEEEG00000016619	STX1B
ENSP00000316786	ENSG00000176387	HSD11B2	ENSEEEP00000045517	ENSEEEG00000021476	HSD11B2
ENSP00000362386	ENSG00000167094	TTC16	ENSEEEP00000047296	ENSEEEG00000022255	ttc16
ENSP00000626602	ENSG00000167967	E4F1	ENSEEEP00000009056	ENSEEEG00000004667	E4F1
ENSP00000552471	ENSG00000135454	B4GALNT1	ENSEEEP00000009319	ENSEEEG00000004787	b4galnt1b
ENSP00000360659	ENSG00000107281	NPDC1	ENSEEEP00000034304	ENSEEEG00000016336	npdc1a
ENSP00000753174	ENSG00000166831	RBPMS2	ENSEEEP00000056369	ENSEEEG00000026440	rbpms2a
ENSP00000357979	ENSG00000112333	NR2E1	ENSEEEP00000023941	ENSEEEG00000000656	NR2E1
ENSP00000542093	ENSG00000105695	MAG	ENSEEEP00000002652	ENSEEEG00000001530	MAG
ENSP00000387252	ENSG00000167131	DNAAF19	ENSEEEP00000012539	ENSEEEG00000006293	CCDC103
ENSP00000393099	ENSG00000137802	MAPKBP1	ENSEEEP00000008231	ENSEEEG00000004301	
ENSP00000300658	ENSG00000161395	PGAP3	ENSEEEP00000057545	ENSEEEG00000025573	PGAP3
ENSP00000486574	ENSG00000165006	UBAP1	ENSEEEP00000031411	ENSEEEG00000015029	UBAP1
ENSP00000543264	ENSG00000011295	TTC19	ENSEEEP00000031050	ENSEEEG00000014865	TTC19
ENSP00000219197	ENSG00000102924	CBLN1	ENSEEEP00000030562	ENSEEEG00000014639	CBLN1
ENSP00000437360	ENSG00000110200	ANAPC15	ENSEEEP00000008057	ENSEEEG00000004203	ANAPC15
ENSP00000217402	ENSG00000101421	CHMP4B	ENSEEEP00000003653	ENSEEEG00000001996	chmp4bb
ENSP00000793388	ENSG00000132821	VSTM2L	ENSEEEP00000023861	ENSEEEG00000011577	VSTM2L
ENSP00000544996	ENSG00000101193	GID8	ENSEEEP00000013612	ENSEEEG00000006802	gid8b
ENSP00000372056	ENSG00000170561	IRX2	ENSEEEP00000006865	ENSEEEG00000003628	irx2a
ENSP00000481733	ENSG00000063322	MED29	ENSEEEP00000036788	ENSEEEG00000017453	MED29
ENSP00000317872	ENSG00000122257	RBBP6	ENSEEEP00000038174	ENSEEEG00000018142	RBBP6
ENSP00000205194	ENSG00000090971	NAT14	ENSEEEP00000060448	ENSEEEG00000028385	NAT14
ENSP00000628487	ENSG00000064601	CTSA	ENSEEEP00000015626	ENSEEEG00000007635	CTSA
ENSP00000536325	ENSG00000180104	EXOC3	ENSEEEP00000002685	ENSEEEG00000001541	EXOC3
ENSP00000561851	ENSG00000090581	GNPTG	ENSEEEP00000017247	ENSEEEG00000008531	gnptg
ENSP00000583039	ENSG00000198887	SMC5	ENSEEEP00000023984	ENSEEEG00000011620	SMC5
ENSP00000476525	ENSG00000105185	PDCD5	ENSEEEP00000035016	ENSEEEG00000016650	PDCD5
ENSP00000454153	ENSG00000164241	C5orf63	ENSEEEP00000060319	ENSEEEG00000015716	c17h5orf63
ENSP00000332656	ENSG00000182156	ENPP7	ENSEEEP00000013369	ENSEEEG00000006700	ENPP7
ENSP00000499145	ENSG00000141527	CARD14	ENSEEEP00000012032	ENSEEEG00000006065	CARD14
ENSP00000379086	ENSG00000128165	ADM2	ENSEEEP00000038003	ENSEEEG00000018047	adm2a
ENSP00000761938	ENSG00000186468	RPS23	ENSEEEP00000059298	ENSEEEG00000010666	rps23
ENSP00000793183	ENSG00000103855	CD276	ENSEEEP00000034170	ENSEEEG00000016270	cd276
ENSP00000489956	ENSG00000118308	IRAG2	ENSEEEP00000028871	ENSEEEG00000013866	lrmp
ENSP00000547659	ENSG00000113638	TTC33	ENSEEEP00000029605	ENSEEEG00000014182	TTC33
ENSP00000497456	ENSG00000176715	ACSF3	ENSEEEP00000041321	ENSEEEG00000019554	ACSF3
ENSP00000593739	ENSG00000100220	RTCB	ENSEEEP00000003387	ENSEEEG00000001893	RTCB
ENSP00000342295	ENSG00000164512	ANKRD55	ENSEEEP00000044275	ENSEEEG00000020917	ANKRD55
ENSP00000704504	ENSG00000104886	PLEKHJ1	ENSEEEP00000056016	ENSEEEG00000027809	PLEKHJ1
ENSP00000307259	ENSG00000169313	P2RY12	ENSEEEP00000051837	ENSEEEG00000024331	P2RY12
ENSP00000543482	ENSG00000129084	PSMA1	ENSEEEP00000003246	ENSEEEG00000001825	psma1
ENSP00000331127	ENSG00000183336	BOLA2	ENSEEEP00000039147	ENSEEEG00000018599	BOLA2
ENSP00000527299	ENSG00000075234	TTC38	ENSEEEP00000016801	ENSEEEG00000008323	TTC38
ENSP00000758786	ENSG00000242372	EIF6	ENSEEEP00000004746	ENSEEEG00000002482	EIF6
ENSP00000363298	ENSG00000119411	BSPRY	ENSEEEP00000053552	ENSEEEG00000020117	BSPRY
ENSP00000540664	ENSG00000135452	TSPAN31	ENSEEEP00000003092	ENSEEEG00000001753	TSPAN31
ENSP00000571585	ENSG00000065054	NHERF2	ENSEEEP00000037599	ENSEEEG00000017889	SLC9A3R2
ENSP00000325091	ENSG00000130224	LRCH2	ENSEEEP00000060785	ENSEEEG00000007209	LRCH2
ENSP00000552185	ENSG00000108950	FAM20A	ENSEEEP00000007141	ENSEEEG00000003760	FAM20A
ENSP00000445806	ENSG00000105197	TIMM50	ENSEEEP00000052405	ENSEEEG00000024549	TIMM50
ENSP00000617499	ENSG00000111726	CMAS	ENSEEEP00000037350	ENSEEEG00000017750	CMAS
ENSP00000439244	ENSG00000148337	CIZ1	ENSEEEP00000051360	ENSEEEG00000024102	ciz1b
ENSP00000219660	ENSG00000103375	AQP8	ENSEEEP00000010983	ENSEEEG00000005210	AQP8
ENSP00000605778	ENSG00000198356	GET3	ENSEEEP00000062886	ENSEEEG00000026795	GET3
ENSP00000624769	ENSG00000102181	CD99L2	ENSEEEP00000063341	ENSEEEG00000027715	CD99L2
ENSP00000601345	ENSG00000089195	TRMT6	ENSEEEP00000025713	ENSEEEG00000012462	TRMT6
ENSP00000535340	ENSG00000140688	RUSF1	ENSEEEP00000032404	ENSEEEG00000015430	zgc:162613
ENSP00000641416	ENSG00000155329	ZCCHC10	ENSEEEP00000059414	ENSEEEG00000028788	ZCCHC10
ENSP00000562660	ENSG00000126461	SCAF1	ENSEEEP00000054285	ENSEEEG00000025374	SCAF1
ENSP00000729687	ENSG00000170296	GABARAP	ENSEEEP00000034003	ENSEEEG00000016196	gabarapa
ENSP00000623547	ENSG00000163898	LIPH	ENSEEEP00000009260	ENSEEEG00000004748	lipia
ENSP00000536991	ENSG00000104897	SF3A2	ENSEEEP00000034877	ENSEEEG00000016587	SF3A2
ENSP00000289431	ENSG00000158480	SPATA2	ENSEEEP00000054401	ENSEEEG00000025169	SPATA2
ENSP00000706967	ENSG00000176463	SLCO3A1	ENSEEEP00000036440	ENSEEEG00000017324	SLCO3A1
ENSP00000789753	ENSG00000179761	PIPOX	ENSEEEP00000052532	ENSEEEG00000024605	PIPOX
ENSP00000601715	ENSG00000198646	NCOA6	ENSEEEP00000053376	ENSEEEG00000013440	NCOA6
ENSP00000558214	ENSG00000111229	ARPC3	ENSEEEP00000007177	ENSEEEG00000003783	ARPC3
ENSP00000650973	ENSG00000162298	SYVN1	ENSEEEP00000030616	ENSEEEG00000014663	SYVN1
ENSP00000645236	ENSG00000109016	DHRS7B	ENSEEEP00000033516	ENSEEEG00000015936	DHRS7B
ENSP00000367879	ENSG00000047597	XK	ENSEEEP00000057661	ENSEEEG00000024964	XK
ENSP00000380189	ENSG00000126759	CFP	ENSEEEP00000024849	ENSEEEG00000012038	CFP
ENSP00000309751	ENSG00000174327	SLC16A13	ENSEEEP00000001149	ENSEEEG00000000772	SLC16A13
ENSP00000330432	ENSG00000133477	FAM83F	ENSEEEP00000008307	ENSEEEG00000004339	fam83fb
ENSP00000518693	ENSG00000205704	SMIM45	ENSEEEP00000041448	ENSEEEG00000019601	
ENSP00000649251	ENSG00000093217	XYLB	ENSEEEP00000005637	ENSEEEG00000002955	XYLB
ENSP00000567481	ENSG00000165678	GHITM	ENSEEEP00000042950	ENSEEEG00000020270	GHITM
ENSP00000539219	ENSG00000077942	FBLN1	ENSEEEP00000063250	ENSEEEG00000019045	FBLN1
ENSP00000611149	ENSG00000108599	AKAP10	ENSEEEP00000010487	ENSEEEG00000005032	AKAP10
ENSP00000356444	ENSG00000203727	SAMD5	ENSEEEP00000023886	ENSEEEG00000011595	SAMD5
ENSP00000655550	ENSG00000089177	KIF16B	ENSEEEP00000036959	ENSEEEG00000017487	kif16ba
ENSP00000341843	ENSG00000010030	ETV7	ENSEEEP00000054144	ENSEEEG00000011311	ETV7
ENSP00000337178	ENSG00000148841	ITPRIP	ENSEEEP00000050390	ENSEEEG00000023695	ITPRIP
ENSP00000356465	ENSG00000118508	RAB32	ENSEEEP00000023898	ENSEEEG00000011601	rab32a
ENSP00000406986	ENSG00000146360	GPR6	ENSEEEP00000044513	ENSEEEG00000021028	GPR6
ENSP00000775099	ENSG00000029993	HMGB3	ENSEEEP00000042008	ENSEEEG00000019850	hmgb3b
ENSP00000319831	ENSG00000023892	DEF6	ENSEEEP00000014601	ENSEEEG00000007251	def6a
ENSP00000791736	ENSG00000101463	SYNDIG1	ENSEEEP00000031572	ENSEEEG00000015099	SYNDIG1
ENSP00000604552	ENSG00000181350	LRRC75A	ENSEEEP00000056961	ENSEEEG00000024647	si:ch211-214j8.12
ENSP00000638890	ENSG00000112232	KHDRBS2	ENSEEEP00000008222	ENSEEEG00000004295	KHDRBS2
ENSP00000329558	ENSG00000164284	GRPEL2	ENSEEEP00000014930	ENSEEEG00000007436	GRPEL2
ENSP00000373647	ENSG00000188522	FAM83G	ENSEEEP00000039146	ENSEEEG00000018597	FAM83G
ENSP00000262487	ENSG00000101230	ISM1	ENSEEEP00000047041	ENSEEEG00000022146	ism2a
ENSP00000509334	ENSG00000147123	NDUFB11	ENSEEEP00000014577	ENSEEEG00000007248	NDUFB11
ENSP00000652945	ENSG00000124214	STAU1	ENSEEEP00000044685	ENSEEEG00000021091	STAU1
ENSP00000296785	ENSG00000164331	ANKRA2	ENSEEEP00000060806	ENSEEEG00000014880	ANKRA2
ENSP00000276055	ENSG00000147119	CHST7	ENSEEEP00000036644	ENSEEEG00000017399	CHST7
ENSP00000625029	ENSG00000166575	TMEM135	ENSEEEP00000025107	ENSEEEG00000012164	TMEM135
ENSP00000448051	ENSG00000183283	DAZAP2	ENSEEEP00000057026	ENSEEEG00000025891	DAZAP2
ENSP00000348714	ENSG00000119682	AREL1	ENSEEEP00000018945	ENSEEEG00000009288	AREL1
ENSP00000490886	ENSG00000152582	SPEF2	ENSEEEP00000012884	ENSEEEG00000006473	SPEF2
ENSP00000514450	ENSG00000081087	OSTM1	ENSEEEP00000056374	ENSEEEG00000029151	OSTM1
ENSP00000712128	ENSG00000122882	ECD	ENSEEEP00000016488	ENSEEEG00000008172	ECD
ENSP00000608002	ENSG00000100038	TOP3B	ENSEEEP00000018762	ENSEEEG00000009149	TOP3B
ENSP00000422440	ENSG00000112667	DNPH1	ENSEEEP00000026487	ENSEEEG00000012816	DNPH1
ENSP00000610770	ENSG00000033011	ALG1	ENSEEEP00000042511	ENSEEEG00000020079	alg1
ENSP00000793141	ENSG00000166900	STX3	ENSEEEP00000031891	ENSEEEG00000015224	stx3a
ENSP00000360485	ENSG00000186471	AKAP14	ENSEEEP00000051339	ENSEEEG00000024092	si:dkeyp-81f3.4
ENSP00000497334	ENSG00000165182	CXorf58	ENSEEEP00000043040	ENSEEEG00000020318	zgc:171929
ENSP00000370430	ENSG00000006757	PNPLA4	ENSEEEP00000027241	ENSEEEG00000013148	PNPLA4
ENSP00000363979	ENSG00000125971	DYNLRB1	ENSEEEP00000059312	ENSEEEG00000002315	DYNLRB1
ENSP00000582165	ENSG00000100632	ERH	ENSEEEP00000061317	ENSEEEG00000024991	ERH
ENSP00000533301	ENSG00000148803	FUOM	ENSEEEP00000004961	ENSEEEG00000002584	fuom
ENSP00000523374	ENSG00000137806	NDUFAF1	ENSEEEP00000048721	ENSEEEG00000022923	NDUFAF1
ENSP00000365630	ENSG00000165105	RASEF	ENSEEEP00000053280	ENSEEEG00000027727	RASEF
ENSP00000737464	ENSG00000126602	TRAP1	ENSEEEP00000047390	ENSEEEG00000022243	TRAP1
ENSP00000566446	ENSG00000169895	SYAP1	ENSEEEP00000006012	ENSEEEG00000003202	SYAP1
ENSP00000299213	ENSG00000166173	LARP6	ENSEEEP00000004518	ENSEEEG00000002352	larp6a
ENSP00000544705	ENSG00000137106	GRHPR	ENSEEEP00000029992	ENSEEEG00000014369	grhpra
ENSP00000620474	ENSG00000167671	UBXN6	ENSEEEP00000028982	ENSEEEG00000013903	UBXN6
ENSP00000531668	ENSG00000104047	DTWD1	ENSEEEP00000049260	ENSEEEG00000023149	DTWD1
ENSP00000362601	ENSG00000204116	CHIC1	ENSEEEP00000056164	ENSEEEG00000027792	CHIC1
ENSP00000595950	ENSG00000100836	PABPN1	ENSEEEP00000007613	ENSEEEG00000003977	pabpn1
ENSP00000629018	ENSG00000165637	VDAC2	ENSEEEP00000051596	ENSEEEG00000024229	VDAC2
ENSP00000581777	ENSG00000071794	HLTF	ENSEEEP00000009327	ENSEEEG00000004781	hltf
ENSP00000547857	ENSG00000146072	TNFRSF21	ENSEEEP00000026805	ENSEEEG00000012932	TNFRSF21
ENSP00000616922	ENSG00000101199	ARFGAP1	ENSEEEP00000032544	ENSEEEG00000015522	ARFGAP1
ENSP00000618017	ENSG00000131981	LGALS3	ENSEEEP00000009258	ENSEEEG00000004751	lgals3b
ENSP00000304078	ENSG00000168143	FAM83B	ENSEEEP00000017072	ENSEEEG00000008467	fam83b
ENSP00000256969	ENSG00000134548	SPX	ENSEEEP00000021965	ENSEEEG00000010667	SPX
ENSP00000300209	ENSG00000123427	EEF1AKMT3	ENSEEEP00000032418	ENSEEEG00000015457	
ENSP00000357792	ENSG00000009413	REV3L	ENSEEEP00000018397	ENSEEEG00000009036	
ENSP00000367265	ENSG00000136026	CKAP4	ENSEEEP00000043863	ENSEEEG00000020730	
ENSP00000791408	ENSG00000100129	EIF3L	ENSEEEP00000039394	ENSEEEG00000018704	eif3s6ip
ENSP00000454612	ENSG00000128989	ARPP19	ENSEEEP00000022847	ENSEEEG00000011084	arpp19b
ENSP00000640177	ENSG00000141293	SKAP1	ENSEEEP00000023921	ENSEEEG00000011611	SKAP1
ENSP00000560173	ENSG00000105329	TGFB1	ENSEEEP00000004598	ENSEEEG00000002400	tgfb1a
ENSP00000508005	ENSG00000288701	PRRC2B	ENSEEEP00000032762	ENSEEEG00000015610	PRRC2B
ENSP00000456851	ENSG00000104164	BLOC1S6	ENSEEEP00000048992	ENSEEEG00000023021	BLOC1S6
ENSP00000370150	ENSG00000124535	WRNIP1	ENSEEEP00000000217	ENSEEEG00000000164	wrnip1
ENSP00000573671	ENSG00000167280	ENGASE	ENSEEEP00000060814	ENSEEEG00000016212	ENGASE
ENSP00000763815	ENSG00000254999	BRK1	ENSEEEP00000020203	ENSEEEG00000009864	BRK1
ENSP00000590413	ENSG00000055211	GINM1	ENSEEEP00000008993	ENSEEEG00000004641	GINM1
ENSP00000775428	ENSG00000134146	DPH6	ENSEEEP00000025827	ENSEEEG00000012518	DPH6
ENSP00000422375	ENSG00000198585	NUDT16	ENSEEEP00000061144	ENSEEEG00000024755	zgc:103759
ENSP00000298307	ENSG00000165516	KLHDC2	ENSEEEP00000014100	ENSEEEG00000006821	KLHDC2
ENSP00000498029	ENSG00000057657	PRDM1	ENSEEEP00000054905	ENSEEEG00000025307	prdm1a
ENSP00000576221	ENSG00000163812	ZDHHC3	ENSEEEP00000036022	ENSEEEG00000017136	zdhhc3b
ENSP00000663116	ENSG00000065325	GLP2R	ENSEEEP00000014666	ENSEEEG00000007296	
ENSP00000609848	ENSG00000129292	PHF20L1	ENSEEEP00000036164	ENSEEEG00000017197	PHF20L1
ENSP00000364412	ENSG00000130948	HSD17B3	ENSEEEP00000016827	ENSEEEG00000008338	HSD17B3
ENSP00000360425	ENSG00000172348	RCAN2	ENSEEEP00000040572	ENSEEEG00000019217	RCAN2
ENSP00000580028	ENSG00000070731	ST6GALNAC2	ENSEEEP00000001951	ENSEEEG00000001219	st6galnac
ENSP00000621012	ENSG00000112699	GMDS	ENSEEEP00000061960	ENSEEEG00000010849	GMDS
ENSP00000518840	ENSG00000111012	CYP27B1	ENSEEEP00000032485	ENSEEEG00000015460	CYP27B1
ENSP00000634435	ENSG00000152133	GPATCH11	ENSEEEP00000008819	ENSEEEG00000004558	GPATCH11
ENSP00000333920	ENSG00000125482	TTF1	ENSEEEP00000051306	ENSEEEG00000024074	ttf1.3
ENSP00000387180	ENSG00000141378	PTRH2	ENSEEEP00000004633	ENSEEEG00000002418	PTRH2
ENSP00000528732	ENSG00000151413	NUBPL	ENSEEEP00000035960	ENSEEEG00000017106	NUBPL
ENSP00000636942	ENSG00000241399	CD302	ENSEEEP00000050159	ENSEEEG00000023594	CD302
ENSP00000295926	ENSG00000163660	CCNL1	ENSEEEP00000033286	ENSEEEG00000015731	ccnl1a
ENSP00000786266	ENSG00000183605	SFXN4	ENSEEEP00000009758	ENSEEEG00000004963	SFXN4
ENSP00000321386	ENSG00000177294	FBXO39	ENSEEEP00000042995	ENSEEEG00000020295	FBXO39
ENSP00000561240	ENSG00000167005	NUDT21	ENSEEEP00000048756	ENSEEEG00000022936	NUDT21
ENSP00000554618	ENSG00000155846	PPARGC1B	ENSEEEP00000029688	ENSEEEG00000014222	PPARGC1B
ENSP00000381148	ENSG00000175215	CTDSP2	ENSEEEP00000030460	ENSEEEG00000014597	CTDSP2
ENSP00000601426	ENSG00000020426	MNAT1	ENSEEEP00000049294	ENSEEEG00000023169	MNAT1
ENSP00000360672	ENSG00000124171	PARD6B	ENSEEEP00000036483	ENSEEEG00000017340	PARD6B
ENSP00000507991	ENSG00000013619	MAMLD1	ENSEEEP00000023961	ENSEEEG00000011640	MAMLD1
ENSP00000353868	ENSG00000132635	PCED1A	ENSEEEP00000057484	ENSEEEG00000023360	fam113
ENSP00000306678	ENSG00000170209	ANKK1	ENSEEEP00000033946	ENSEEEG00000016169	ankk1
ENSP00000550845	ENSG00000241935	HOGA1	ENSEEEP00000012196	ENSEEEG00000006148	HOGA1
ENSP00000410396	ENSG00000184220	CMSS1	ENSEEEP00000016644	ENSEEEG00000008241	CMSS1
ENSP00000520781	ENSG00000102390	PBDC1	ENSEEEP00000016946	ENSEEEG00000008400	PBDC1
ENSP00000795988	ENSG00000110011	DNAJC4	ENSEEEP00000034726	ENSEEEG00000016508	DNAJC4
ENSP00000522221	ENSG00000187266	EPOR	ENSEEEP00000058504	ENSEEEG00000026570	EPOR
ENSP00000311135	ENSG00000150990	DHX37	ENSEEEP00000023256	ENSEEEG00000011275	DHX37
ENSP00000666644	ENSG00000151023	ENKUR	ENSEEEP00000001839	ENSEEEG00000001163	ENKUR
ENSP00000427715	ENSG00000164684	ZNF704	ENSEEEP00000031533	ENSEEEG00000015087	ZNF704
ENSP00000417651	ENSG00000138495	COX17	ENSEEEP00000018955	ENSEEEG00000009293	COX17
ENSP00000352272	ENSG00000177791	MYOZ1	ENSEEEP00000011586	ENSEEEG00000005830	myoz1a
ENSP00000322652	ENSG00000104497	SNX16	ENSEEEP00000015299	ENSEEEG00000007607	SNX16
ENSP00000494123	ENSG00000018610	STEEP1	ENSEEEP00000000076	ENSEEEG00000000045	STEEP1
ENSP00000604161	ENSG00000103502	CDIPT	ENSEEEP00000003764	ENSEEEG00000002032	CDIPT
ENSP00000238379	ENSG00000119431	HDHD3	ENSEEEP00000018037	ENSEEEG00000008882	HDHD3
ENSP00000261530	ENSG00000089916	GPATCH2L	ENSEEEP00000043972	ENSEEEG00000020769	GPATCH2L
ENSP00000318607	ENSG00000179241	LDLRAD3	ENSEEEP00000062778	ENSEEEG00000025619	LDLRAD3
ENSP00000364621	ENSG00000157303	SUSD3	ENSEEEP00000003922	ENSEEEG00000002097	
ENSP00000430128	ENSG00000184672	RALYL	ENSEEEP00000015301	ENSEEEG00000007608	hnrnpc
ENSP00000554108	ENSG00000123243	ITIH5	ENSEEEP00000032203	ENSEEEG00000015361	ITIH5
ENSP00000359518	ENSG00000101189	MRGBP	ENSEEEP00000024830	ENSEEEG00000012031	MRGBP
ENSP00000650942	ENSG00000175348	TMEM9B	ENSEEEP00000030881	ENSEEEG00000014778	TMEM9
ENSP00000604654	ENSG00000124160	NCOA5	ENSEEEP00000015652	ENSEEEG00000007755	NCOA5
ENSP00000791764	ENSG00000104853	CLPTM1	ENSEEEP00000025390	ENSEEEG00000012322	CLPTM1
ENSP00000610469	ENSG00000126953	TIMM8A	ENSEEEP00000031159	ENSEEEG00000014920	TIMM8A
ENSP00000545880	ENSG00000175287	PHYHD1	ENSEEEP00000040012	ENSEEEG00000018972	PHYHD1
ENSP00000599844	ENSG00000167513	CDT1	ENSEEEP00000041412	ENSEEEG00000019584	CDT1
ENSP00000364346	ENSG00000131061	ZNF341	ENSEEEP00000023838	ENSEEEG00000011568	ZNF341
ENSP00000440273	ENSG00000160999	SH2B2	ENSEEEP00000051930	ENSEEEG00000024365	SH2B2
ENSP00000748232	ENSG00000089157	RPLP0	ENSEEEP00000003781	ENSEEEG00000002037	RPLP0
ENSP00000778581	ENSG00000171766	GATM	ENSEEEP00000054286	ENSEEEG00000018363	GATM
ENSP00000572800	ENSG00000214253	FIS1	ENSEEEP00000039124	ENSEEEG00000018580	FIS1
ENSP00000743949	ENSG00000145592	RPL37	ENSEEEP00000020870	ENSEEEG00000010180	rpl37
ENSP00000494538	ENSG00000102974	CTCF	ENSEEEP00000048722	ENSEEEG00000022925	CTCF
ENSP00000360412	ENSG00000173145	NOC3L	ENSEEEP00000038578	ENSEEEG00000018261	NOC3L
ENSP00000617359	ENSG00000091127	PUS7	ENSEEEP00000041091	ENSEEEG00000019428	PUS7
ENSP00000353850	ENSG00000119185	ITGB1BP1	ENSEEEP00000035578	ENSEEEG00000016941	ITGB1BP1
ENSP00000455459	ENSG00000188266	HYKK	ENSEEEP00000059355	ENSEEEG00000028926	hykk.1
ENSP00000307214	ENSG00000168806	LCMT2	ENSEEEP00000039212	ENSEEEG00000018635	lcmt2
ENSP00000377224	ENSG00000129355	CDKN2D	ENSEEEP00000009535	ENSEEEG00000004881	CDKN2D
ENSP00000238936	ENSG00000138111	SLC68A1	ENSEEEP00000011289	ENSEEEG00000005723	MFSD13A
ENSP00000262958	ENSG00000060558	GNA15	ENSEEEP00000020774	ENSEEEG00000010128	gna15.4
ENSP00000362800	ENSG00000147174	GCNA	ENSEEEP00000017607	ENSEEEG00000008697	gcna
ENSP00000354223	ENSG00000060762	MPC1	ENSEEEP00000012862	ENSEEEG00000006459	MPC1
ENSP00000528153	ENSG00000068354	TBC1D25	ENSEEEP00000024843	ENSEEEG00000012035	TBC1D25
ENSP00000262962	ENSG00000105248	YJU2	ENSEEEP00000058786	ENSEEEG00000025141	YJU2
ENSP00000800354	ENSG00000163319	MRPS18C	ENSEEEP00000030440	ENSEEEG00000014582	mrps18c
ENSP00000302621	ENSG00000171236	LRG1	ENSEEEP00000043722	ENSEEEG00000020667	si:dkey-90m5.4
ENSP00000513482	ENSG00000166224	SGPL1	ENSEEEP00000035882	ENSEEEG00000017070	SGPL1
ENSP00000395122	ENSG00000178234	GALNT11	ENSEEEP00000047873	ENSEEEG00000022519	GALNT11
ENSP00000244020	ENSG00000124193	SRSF6	ENSEEEP00000018133	ENSEEEG00000008920	srsf6a
ENSP00000621389	ENSG00000125351	UPF3B	ENSEEEP00000030218	ENSEEEG00000014486	UPF3B
ENSP00000626454	ENSG00000165633	VSTM4	ENSEEEP00000002967	ENSEEEG00000001690	vstm4a
ENSP00000380326	ENSG00000166619	BLCAP	ENSEEEP00000004818	ENSEEEG00000002514	BLCAP
ENSP00000350102	ENSG00000198113	TOR4A	ENSEEEP00000022281	ENSEEEG00000010816	tor4aa
ENSP00000381785	ENSG00000119471	HSDL2	ENSEEEP00000023041	ENSEEEG00000011182	HSDL2
ENSP00000628132	ENSG00000134461	ANKRD16	ENSEEEP00000050289	ENSEEEG00000023654	ANKRD16
ENSP00000262318	ENSG00000103249	CLCN7	ENSEEEP00000052865	ENSEEEG00000020612	CLCN7
ENSP00000512895	ENSG00000101003	GINS1	ENSEEEP00000009268	ENSEEEG00000004750	GINS1
ENSP00000510785	ENSG00000011332	DPF1	ENSEEEP00000057713	ENSEEEG00000023690	DPF1
ENSP00000552572	ENSG00000109458	GAB1	ENSEEEP00000011726	ENSEEEG00000005905	GAB1
ENSP00000791599	ENSG00000107902	LHPP	ENSEEEP00000007913	ENSEEEG00000004128	LHPP
ENSP00000534725	ENSG00000124191	TOX2	ENSEEEP00000017742	ENSEEEG00000008762	TOX2
ENSP00000547011	ENSG00000198382	UVRAG	ENSEEEP00000028765	ENSEEEG00000013781	UVRAG
ENSP00000510190	ENSG00000099219	ERMP1	ENSEEEP00000002687	ENSEEEG00000001555	ERMP1
ENSP00000361186	ENSG00000172315	TP53RK	ENSEEEP00000003826	ENSEEEG00000002051	TP53RK
ENSP00000246062	ENSG00000125863	MKKS	ENSEEEP00000018149	ENSEEEG00000008926	MKKS
ENSP00000296641	ENSG00000164220	F2RL2	ENSEEEP00000013819	ENSEEEG00000006873	F2RL2
ENSP00000371587	ENSG00000185774	KCNIP4	ENSEEEP00000007400	ENSEEEG00000003883	KCNIP4
ENSP00000367239	ENSG00000165983	PTER	ENSEEEP00000036713	ENSEEEG00000017427	PTER
ENSP00000411274	ENSG00000059377	TBXAS1	ENSEEEP00000007182	ENSEEEG00000003642	TBXAS1
ENSP00000364902	ENSG00000101346	POFUT1	ENSEEEP00000023733	ENSEEEG00000011494	POFUT1
ENSP00000627092	ENSG00000109472	CPE	ENSEEEP00000016710	ENSEEEG00000008281	CPE
ENSP00000733568	ENSG00000078403	MLLT10	ENSEEEP00000035178	ENSEEEG00000016738	MLLT10
ENSP00000332591	ENSG00000185149	NPY2R	ENSEEEP00000025002	ENSEEEG00000012126	npy2rl
ENSP00000591236	ENSG00000136875	PRPF4	ENSEEEP00000033396	ENSEEEG00000015778	PRPF4
ENSP00000337862	ENSG00000172818	OVOL1	ENSEEEP00000036778	ENSEEEG00000017459	zgc:171929
ENSP00000617065	ENSG00000068305	MEF2A	ENSEEEP00000048804	ENSEEEG00000022953	mef2aa
ENSP00000414979	ENSG00000073060	SCARB1	ENSEEEP00000063185	ENSEEEG00000020899	SCARB1
ENSP00000328777	ENSG00000184349	EFNA5	ENSEEEP00000019236	ENSEEEG00000009428	efna5b
ENSP00000429793	ENSG00000171530	TBCA	ENSEEEP00000052555	ENSEEEG00000024615	TBCA
ENSP00000414066	ENSG00000196636	SDHAF3	ENSEEEP00000057991	ENSEEEG00000025305	SDHAF3
ENSP00000405068	ENSG00000087269	NOP14	ENSEEEP00000000583	ENSEEEG00000000391	NOP14
ENSP00000792457	ENSG00000105372	RPS19	ENSEEEP00000029301	ENSEEEG00000014039	RPS19
ENSP00000339047	ENSG00000127399	LRRC61	ENSEEEP00000002472	ENSEEEG00000001446	LRRC61
ENSP00000397269	ENSG00000035141	FAM136A	ENSEEEP00000062497	ENSEEEG00000028531	fam136a
ENSP00000223145	ENSG00000106415	GLCCI1	ENSEEEP00000024414	ENSEEEG00000011839	glcci1a
ENSP00000499243	ENSG00000186684	CYP27C1	ENSEEEP00000022598	ENSEEEG00000010979	CYP27C1
ENSP00000345702	ENSG00000001167	NFYA	ENSEEEP00000028822	ENSEEEG00000013840	nfyal
ENSP00000577038	ENSG00000130222	GADD45G	ENSEEEP00000043486	ENSEEEG00000020561	gadd45ga
ENSP00000279168	ENSG00000149735	GPHA2	ENSEEEP00000049625	ENSEEEG00000023333	GPHA2
ENSP00000790760	ENSG00000101152	DNAJC5	ENSEEEP00000033842	ENSEEEG00000016112	dnajc5aa
ENSP00000264029	ENSG00000118094	TREH	ENSEEEP00000064587	ENSEEEG00000018108	TREH
ENSP00000373304	ENSG00000154781	CCDC174	ENSEEEP00000020156	ENSEEEG00000009842	CCDC174
ENSP00000365411	ENSG00000077420	APBB1IP	ENSEEEP00000007826	ENSEEEG00000004090	APBB1IP
ENSP00000308405	ENSG00000105968	H2AZ2	ENSEEEP00000019093	ENSEEEG00000009332	h2az2a
ENSP00000360183	ENSG00000124222	STX16	ENSEEEP00000037375	ENSEEEG00000017766	stx16
ENSP00000577888	ENSG00000174564	IL20RB	ENSEEEP00000023169	ENSEEEG00000011235	crfb16
ENSP00000273968	ENSG00000145337	PYURF	ENSEEEP00000015860	ENSEEEG00000007838	PYURF
ENSP00000484398	ENSG00000183963	SMTN	ENSEEEP00000008852	ENSEEEG00000004569	smtnb
ENSP00000421169	ENSG00000188848	BEND4	ENSEEEP00000062419	ENSEEEG00000027917	BEND4
ENSP00000621083	ENSG00000148541	FAM13C	ENSEEEP00000003547	ENSEEEG00000001947	FAM13C
ENSP00000522653	ENSG00000131966	ACTR10	ENSEEEP00000025280	ENSEEEG00000012261	ACTR10
ENSP00000344299	ENSG00000188647	PTAR1	ENSEEEP00000026955	ENSEEEG00000013012	PTAR1
ENSP00000243673	ENSG00000123901	GPR83	ENSEEEP00000050829	ENSEEEG00000023870	GPR83
ENSP00000301825	ENSG00000168032	ENTPD3	ENSEEEP00000024251	ENSEEEG00000011744	entpd3
ENSP00000518228	ENSG00000166164	BRD7	ENSEEEP00000041220	ENSEEEG00000019507	BRD7
ENSP00000263897	ENSG00000053501	USE1	ENSEEEP00000057172	ENSEEEG00000026203	USE1
ENSP00000596490	ENSG00000038002	AGA	ENSEEEP00000012754	ENSEEEG00000006411	AGA
ENSP00000526482	ENSG00000214517	PPME1	ENSEEEP00000010268	ENSEEEG00000005198	PPME1
ENSP00000420168	ENSG00000244067	GSTA2	ENSEEEP00000018383	ENSEEEG00000009026	Gsta3
ENSP00000738710	ENSG00000103042	SLC38A7	ENSEEEP00000007423	ENSEEEG00000003891	SLC38A7
ENSP00000478305	ENSG00000088826	SMOX	ENSEEEP00000024940	ENSEEEG00000012097	SMOX
ENSP00000425010	ENSG00000168421	RHOH	ENSEEEP00000017890	ENSEEEG00000008831	RHOH
ENSP00000727931	ENSG00000120837	NFYB	ENSEEEP00000055405	ENSEEEG00000004480	nfyba
ENSP00000344794	ENSG00000124615	MOCS1	ENSEEEP00000057231	ENSEEEG00000006169	MOCS1
ENSP00000359215	ENSG00000107807	TLX1	ENSEEEP00000001010	ENSEEEG00000000686	TLX1
ENSP00000342828	ENSG00000119919	NKX2-3	ENSEEEP00000006309	ENSEEEG00000003356	nkx2.3
ENSP00000719200	ENSG00000081154	PCNP	ENSEEEP00000040504	ENSEEEG00000019186	PCNP
ENSP00000552452	ENSG00000109758	HGFAC	ENSEEEP00000007689	ENSEEEG00000004029	HGFAC
ENSP00000631155	ENSG00000060566	CREB3L3	ENSEEEP00000047821	ENSEEEG00000022509	creb3l3a
ENSP00000363382	ENSG00000106868	SUSD1	ENSEEEP00000002547	ENSEEEG00000001469	SUSD1
ENSP00000631838	ENSG00000132639	SNAP25	ENSEEEP00000010904	ENSEEEG00000005459	snap25a
ENSP00000620297	ENSG00000053254	FOXN3	ENSEEEP00000056520	ENSEEEG00000025086	FOXN3
ENSP00000535287	ENSG00000169903	TM4SF4	ENSEEEP00000050918	ENSEEEG00000023911	TM4SF4
ENSP00000524307	ENSG00000213782	DDX47	ENSEEEP00000004657	ENSEEEG00000002428	DDX47
ENSP00000260803	ENSG00000138231	DBR1	ENSEEEP00000055788	ENSEEEG00000018643	DBR1
ENSP00000599637	ENSG00000107614	TRDMT1	ENSEEEP00000020257	ENSEEEG00000009889	TRDMT1
ENSP00000333401	ENSG00000185608	MRPL40	ENSEEEP00000031780	ENSEEEG00000015175	MRPL40
ENSP00000579818	ENSG00000114315	HES1	ENSEEEP00000014218	ENSEEEG00000007061	her6
ENSP00000581537	ENSG00000115486	GGCX	ENSEEEP00000036303	ENSEEEG00000017259	GGCX
ENSP00000501408	ENSG00000140157	NIPA2	ENSEEEP00000037878	ENSEEEG00000018005	NIPA2
ENSP00000579042	ENSG00000100234	TIMP3	ENSEEEP00000027083	ENSEEEG00000013074	TIMP3
ENSP00000376304	ENSG00000184986	TMEM121	ENSEEEP00000007346	ENSEEEG00000003858	tmem121aa
ENSP00000390531	ENSG00000053770	AP5M1	ENSEEEP00000035612	ENSEEEG00000016961	AP5M1
ENSP00000682614	ENSG00000119487	MAPKAP1	ENSEEEP00000041289	ENSEEEG00000019539	MAPKAP1
ENSP00000631162	ENSG00000101161	PRPF6	ENSEEEP00000062100	ENSEEEG00000024534	PRPF6
ENSP00000362401	ENSG00000173198	CYSLTR1	ENSEEEP00000047952	ENSEEEG00000022585	CYSLTR1
ENSP00000677161	ENSG00000085382	HACE1	ENSEEEP00000053880	ENSEEEG00000020787	HACE1
ENSP00000612723	ENSG00000188026	RILPL1	ENSEEEP00000045935	ENSEEEG00000021647	RILPL1
ENSP00000365899	ENSG00000100987	VSX1	ENSEEEP00000011379	ENSEEEG00000005752	VSX1
ENSP00000622752	ENSG00000125912	NCLN	ENSEEEP00000021305	ENSEEEG00000010373	NCLN
ENSP00000602733	ENSG00000101474	APMAP	ENSEEEP00000063449	ENSEEEG00000028636	APMAP
ENSP00000342755	ENSG00000181852	RNF41	ENSEEEP00000055285	ENSEEEG00000024678	RNF41
ENSP00000602163	ENSG00000101412	E2F1	ENSEEEP00000023841	ENSEEEG00000011570	E2F1
ENSP00000520818	ENSG00000118816	CCNI	ENSEEEP00000007778	ENSEEEG00000004069	CCNI
ENSP00000395281	ENSG00000160345	PIERCE1	ENSEEEP00000021610	ENSEEEG00000010519	si:ch211-248e11.2
ENSP00000726927	ENSG00000164961	WASHC5	ENSEEEP00000007997	ENSEEEG00000004162	WASHC5
ENSP00000549642	ENSG00000165476	REEP3	ENSEEEP00000032237	ENSEEEG00000015377	reep3b
ENSP00000222266	ENSG00000205155	PSENEN	ENSEEEP00000041485	ENSEEEG00000019617	psenen
ENSP00000591555	ENSG00000114346	ECT2	ENSEEEP00000050695	ENSEEEG00000023822	ECT2
ENSP00000615739	ENSG00000122367	LDB3	ENSEEEP00000011573	ENSEEEG00000005827	ldb3a
ENSP00000216144	ENSG00000100314	CABP7	ENSEEEP00000019495	ENSEEEG00000009560	CABP7
ENSP00000295683	ENSG00000163464	CXCR1	ENSEEEP00000015072	ENSEEEG00000007500	cxcr2
ENSP00000548682	ENSG00000100413	POLR3H	ENSEEEP00000052294	ENSEEEG00000024516	POLR3H
ENSP00000507100	ENSG00000111554	MDM1	ENSEEEP00000000190	ENSEEEG00000000144	MDM1
ENSP00000368766	ENSG00000171873	ADRA1D	ENSEEEP00000024942	ENSEEEG00000012100	ADRA1D
ENSP00000623226	ENSG00000136542	GALNT5	ENSEEEP00000061715	ENSEEEG00000020531	GALNT5
ENSP00000494193	ENSG00000101276	SLC52A3	ENSEEEP00000001684	ENSEEEG00000001075	SLC52A3
ENSP00000354152	ENSG00000103248	MTHFSD	ENSEEEP00000036050	ENSEEEG00000017146	MTHFSD
ENSP00000380037	ENSG00000197296	FITM2	ENSEEEP00000050647	ENSEEEG00000023807	FITM2
ENSP00000641966	ENSG00000100311	PDGFB	ENSEEEP00000025766	ENSEEEG00000012483	pdgfba
ENSP00000385579	ENSG00000162929	SANBR	ENSEEEP00000060240	ENSEEEG00000027774	
ENSP00000474230	ENSG00000270885	RASL10B	ENSEEEP00000056297	ENSEEEG00000027764	RASL10B
ENSP00000460567	ENSG00000166676	TVP23A	ENSEEEP00000036717	ENSEEEG00000017431	TVP23A
ENSP00000261427	ENSG00000078140	UBE2K	ENSEEEP00000009338	ENSEEEG00000004792	ube2ka
ENSP00000768864	ENSG00000104325	DECR1	ENSEEEP00000049002	ENSEEEG00000023025	DECR1
ENSP00000363942	ENSG00000078804	TP53INP2	ENSEEEP00000054015	ENSEEEG00000028764	TP53INP2
ENSP00000451976	ENSG00000100577	GSTZ1	ENSEEEP00000035410	ENSEEEG00000016867	GSTZ1
ENSP00000630226	ENSG00000111737	RAB35	ENSEEEP00000062617	ENSEEEG00000026028	RAB35
ENSP00000274024	ENSG00000145384	FABP2	ENSEEEP00000037093	ENSEEEG00000017585	FABP2
ENSP00000243903	ENSG00000101442	ACTR5	ENSEEEP00000029956	ENSEEEG00000014351	ACTR5
ENSP00000413289	ENSG00000081320	STK17B	ENSEEEP00000002894	ENSEEEG00000001654	STK17B
ENSP00000510165	ENSG00000107929	LARP4B	ENSEEEP00000034683	ENSEEEG00000016440	LARP4B
ENSP00000416149	ENSG00000104907	TRMT1	ENSEEEP00000045625	ENSEEEG00000021353	TRMT1
ENSP00000364037	ENSG00000136891	TEX10	ENSEEEP00000016365	ENSEEEG00000008102	TEX10
ENSP00000641912	ENSG00000061918	GUCY1B1	ENSEEEP00000009212	ENSEEEG00000004720	GUCY1B1
ENSP00000486540	ENSG00000144580	CNOT9	ENSEEEP00000026509	ENSEEEG00000012825	CNOT9
ENSP00000336775	ENSG00000182253	SYNM	ENSEEEP00000045749	ENSEEEG00000021567	SYNM
ENSP00000428518	ENSG00000168546	GFRA2	ENSEEEP00000017314	ENSEEEG00000008553	gfra2b
ENSP00000619816	ENSG00000158186	MRAS	ENSEEEP00000054707	ENSEEEG00000027873	MRAS
ENSP00000257857	ENSG00000135404	CD63	ENSEEEP00000057644	ENSEEEG00000004952	cd63
ENSP00000290536	ENSG00000159374	M1AP	ENSEEEP00000018205	ENSEEEG00000008946	M1AP
ENSP00000414657	ENSG00000164920	OSR2	ENSEEEP00000031119	ENSEEEG00000014907	OSR2
ENSP00000376776	ENSG00000123454	DBH	ENSEEEP00000022077	ENSEEEG00000010724	DBH
ENSP00000245543	ENSG00000125449	ARMC7	ENSEEEP00000017828	ENSEEEG00000008803	ARMC7
ENSP00000314709	ENSG00000178764	ZHX2	ENSEEEP00000055034	ENSEEEG00000027993	zhx2a
ENSP00000567868	ENSG00000113889	KNG1	ENSEEEP00000024693	ENSEEEG00000011957	KNG1
ENSP00000600419	ENSG00000148384	INPP5E	ENSEEEP00000046826	ENSEEEG00000022042	INPP5E
ENSP00000427694	ENSG00000173868	PHOSPHO1	ENSEEEP00000033527	ENSEEEG00000015942	PHOSPHO1
ENSP00000503050	ENSG00000104368	PLAT	ENSEEEP00000005244	ENSEEEG00000002691	PLAT
ENSP00000482504	ENSG00000278570	NR2E3	ENSEEEP00000003194	ENSEEEG00000001799	NR2E3
ENSP00000380734	ENSG00000171262	FAM98B	ENSEEEP00000015815	ENSEEEG00000007822	FAM98B
ENSP00000363329	ENSG00000136868	SLC31A1	ENSEEEP00000033420	ENSEEEG00000015882	SLC31A1
ENSP00000341550	ENSG00000188467	SLC24A5	ENSEEEP00000032639	ENSEEEG00000015561	SLC24A5
ENSP00000386264	ENSG00000155755	TMEM237	ENSEEEP00000018694	ENSEEEG00000009196	tmem237b
ENSP00000314295	ENSG00000284753	EEF1AKMT4	ENSEEEP00000053305	ENSEEEG00000025787	ece2a
ENSP00000599169	ENSG00000151576	QTRT2	ENSEEEP00000044383	ENSEEEG00000020966	QTRT2
ENSP00000295121	ENSG00000243667	DNAAF10	ENSEEEP00000018304	ENSEEEG00000008989	wdr92
ENSP00000777627	ENSG00000169249	ZRSR2	ENSEEEP00000008639	ENSEEEG00000004483	ZRSR2
ENSP00000452126	ENSG00000182175	RGMA	ENSEEEP00000036688	ENSEEEG00000017417	RGMA
ENSP00000287600	ENSG00000156973	PDE6D	ENSEEEP00000032534	ENSEEEG00000015512	PDE6D
ENSP00000426421	ENSG00000034533	ASTE1	ENSEEEP00000002564	ENSEEEG00000001479	ASTE1
ENSP00000544716	ENSG00000103876	FAH	ENSEEEP00000029781	ENSEEEG00000014251	FAH
ENSP00000312224	ENSG00000129480	DTD2	ENSEEEP00000035956	ENSEEEG00000017104	DTD2
ENSP00000498288	ENSG00000102125	TAFAZZIN	ENSEEEP00000020143	ENSEEEG00000009836	taz
ENSP00000407375	ENSG00000233276	GPX1	ENSEEEP00000020198	ENSEEEG00000009861	gpx1a
ENSP00000281741	ENSG00000087301	TXNDC16	ENSEEEP00000026453	ENSEEEG00000012798	TXNDC16
ENSP00000421772	ENSG00000113430	IRX4	ENSEEEP00000006861	ENSEEEG00000003625	irx4a
ENSP00000796055	ENSG00000067365	METTL22	ENSEEEP00000043120	ENSEEEG00000020357	METTL22
ENSP00000619622	ENSG00000187231	SESTD1	ENSEEEP00000010223	ENSEEEG00000005066	SESTD1
ENSP00000614776	ENSG00000108100	CCNY	ENSEEEP00000000271	ENSEEEG00000000185	CCNY
ENSP00000682554	ENSG00000125046	SSUH2	ENSEEEP00000049558	ENSEEEG00000023301	ssuh2rs1
ENSP00000266718	ENSG00000139329	LUM	ENSEEEP00000029268	ENSEEEG00000014027	LUM
ENSP00000556690	ENSG00000197586	ENTPD6	ENSEEEP00000011375	ENSEEEG00000005751	ENTPD6
ENSP00000525681	ENSG00000100591	AHSA1	ENSEEEP00000035530	ENSEEEG00000016921	ahsa1b
ENSP00000622449	ENSG00000132434	LANCL2	ENSEEEP00000015381	ENSEEEG00000007637	LANCL2
ENSP00000287139	ENSG00000156574	NODAL	ENSEEEP00000054536	ENSEEEG00000028949	ndr1
ENSP00000764672	ENSG00000197889	MEIG1	ENSEEEP00000008262	ENSEEEG00000004326	MEIG1
ENSP00000347836	ENSG00000186591	UBE2H	ENSEEEP00000022334	ENSEEEG00000010839	UBE2H
ENSP00000364919	ENSG00000165023	DIRAS2	ENSEEEP00000041924	ENSEEEG00000019813	DIRAS2
ENSP00000729743	ENSG00000167103	PIP5KL1	ENSEEEP00000004847	ENSEEEG00000002529	PIP5KL1
ENSP00000313572	ENSG00000177453	NIM1K	ENSEEEP00000060973	ENSEEEG00000020536	NIM1K
ENSP00000359019	ENSG00000107859	PITX3	ENSEEEP00000008962	ENSEEEG00000004623	pitx3
ENSP00000608699	ENSG00000148429	USP6NL	ENSEEEP00000029481	ENSEEEG00000014118	USP6NL
ENSP00000350937	ENSG00000135269	TES	ENSEEEP00000015787	ENSEEEG00000007809	TES
ENSP00000405529	ENSG00000101966	XIAP	ENSEEEP00000035197	ENSEEEG00000016746	XIAP
ENSP00000580507	ENSG00000136877	FPGS	ENSEEEP00000026028	ENSEEEG00000012260	FPGS
ENSP00000268184	ENSG00000140577	CRTC3	ENSEEEP00000056921	ENSEEEG00000025035	CRTC3
ENSP00000340648	ENSG00000086758	HUWE1	ENSEEEP00000030867	ENSEEEG00000013961	huwe1
ENSP00000564049	ENSG00000156398	SFXN2	ENSEEEP00000011318	ENSEEEG00000005732	SFXN2
ENSP00000346879	ENSG00000136352	NKX2-1	ENSEEEP00000045068	ENSEEEG00000021275	nkx2.1
ENSP00000503677	ENSG00000072121	ZFYVE26	ENSEEEP00000048845	ENSEEEG00000022971	ZFYVE26
ENSP00000521616	ENSG00000166794	PPIB	ENSEEEP00000037693	ENSEEEG00000017919	PPIB
ENSP00000560486	ENSG00000104412	EMC2	ENSEEEP00000033957	ENSEEEG00000016180	EMC2
ENSP00000318423	ENSG00000140471	LINS1	ENSEEEP00000057922	ENSEEEG00000025237	lins1
ENSP00000537968	ENSG00000099377	HSD3B7	ENSEEEP00000028854	ENSEEEG00000013856	HSD3B7
ENSP00000626961	ENSG00000151575	TEX9	ENSEEEP00000038261	ENSEEEG00000018187	
ENSP00000538021	ENSG00000064115	TM7SF3	ENSEEEP00000045990	ENSEEEG00000021670	TM7SF3
ENSP00000446057	ENSG00000166192	SENP8	ENSEEEP00000038741	ENSEEEG00000018384	SENP8
ENSP00000549344	ENSG00000106049	HIBADH	ENSEEEP00000030747	ENSEEEG00000014704	hibadhb
ENSP00000454411	ENSG00000228474	OST4	ENSEEEP00000043759	ENSEEEG00000020686	OST4
ENSP00000562015	ENSG00000100294	MCAT	ENSEEEP00000000326	ENSEEEG00000000240	MCAT
ENSP00000638908	ENSG00000043462	LCP2	ENSEEEP00000014935	ENSEEEG00000007439	lcp2a
ENSP00000542273	ENSG00000130150	MOSPD2	ENSEEEP00000026878	ENSEEEG00000012973	MOSPD2
ENSP00000277903	ENSG00000148702	HABP2	ENSEEEP00000053132	ENSEEEG00000027825	HABP2
ENSP00000768466	ENSG00000233927	RPS28	ENSEEEP00000015990	ENSEEEG00000007915	RPS28
ENSP00000523284	ENSG00000099917	MED15	ENSEEEP00000030594	ENSEEEG00000014633	MED15
ENSP00000512700	ENSG00000077721	UBE2A	ENSEEEP00000026143	ENSEEEG00000023425	ube2al
ENSP00000589509	ENSG00000107679	PLEKHA1	ENSEEEP00000057404	ENSEEEG00000021345	plekha1b
ENSP00000342035	ENSG00000120913	PDLIM2	ENSEEEP00000014661	ENSEEEG00000007290	pdlim2
ENSP00000329200	ENSG00000185482	STAC3	ENSEEEP00000029951	ENSEEEG00000014347	STAC3
ENSP00000483484	ENSG00000164346	NSA2	ENSEEEP00000059771	ENSEEEG00000006508	NSA2
ENSP00000322924	ENSG00000179097	HTR1F	ENSEEEP00000011415	ENSEEEG00000005769	HTR1F
ENSP00000543600	ENSG00000164237	CMBL	ENSEEEP00000002443	ENSEEEG00000001430	CMBL
ENSP00000548651	ENSG00000147100	SLC16A2	ENSEEEP00000009411	ENSEEEG00000004799	SLC16A2
ENSP00000555132	ENSG00000163528	CHCHD4	ENSEEEP00000051519	ENSEEEG00000024192	chchd4a
ENSP00000590853	ENSG00000136045	PWP1	ENSEEEP00000021105	ENSEEEG00000010182	PWP1
ENSP00000365908	ENSG00000106772	PRUNE2	ENSEEEP00000031476	ENSEEEG00000015052	prune2
ENSP00000496592	ENSG00000114656	CFAP92	ENSEEEP00000004400	ENSEEEG00000002305	si:dkey-57n24.6
ENSP00000769288	ENSG00000077984	CST7	ENSEEEP00000031574	ENSEEEG00000015101	CST7
ENSP00000715068	ENSG00000140598	EFL1	ENSEEEP00000053667	ENSEEEG00000016497	EFL1
ENSP00000527056	ENSG00000103534	TMC5	ENSEEEP00000045463	ENSEEEG00000021457	tmc5
ENSP00000500775	ENSG00000184992	BRI3BP	ENSEEEP00000019453	ENSEEEG00000009535	BRI3BP
ENSP00000370343	ENSG00000137265	IRF4	ENSEEEP00000051484	ENSEEEG00000024171	irf4a
ENSP00000654244	ENSG00000101246	ARFRP1	ENSEEEP00000017800	ENSEEEG00000008789	ARFRP1
ENSP00000502508	ENSG00000118971	CCND2	ENSEEEP00000015181	ENSEEEG00000007568	ccnd2a
ENSP00000363654	ENSG00000157654	PALM2AKAP2	ENSEEEP00000004960	ENSEEEG00000002585	
ENSP00000539852	ENSG00000084090	STARD7	ENSEEEP00000036198	ENSEEEG00000017219	STARD7
ENSP00000288828	ENSG00000157954	WIPI2	ENSEEEP00000061246	ENSEEEG00000000012	WIPI2
ENSP00000553080	ENSG00000114812	VIPR1	ENSEEEP00000063082	ENSEEEG00000019761	vipr1b
ENSP00000600350	ENSG00000112685	EXOC2	ENSEEEP00000022324	ENSEEEG00000010829	EXOC2
ENSP00000556338	ENSG00000125347	IRF1	ENSEEEP00000049932	ENSEEEG00000023472	irf1b
ENSP00000452342	ENSG00000128739	SNRPN	ENSEEEP00000015843	ENSEEEG00000007833	SNRPB
ENSP00000322486	ENSG00000178602	OTOS	ENSEEEP00000046922	ENSEEEG00000022091	OTOS
ENSP00000351885	ENSG00000119383	PTPA	ENSEEEP00000033871	ENSEEEG00000015855	PTPA
ENSP00000748044	ENSG00000100099	HPS4	ENSEEEP00000050761	ENSEEEG00000023846	HPS4
ENSP00000603128	ENSG00000186815	TPCN1	ENSEEEP00000004497	ENSEEEG00000002338	TPCN1
ENSP00000454546	ENSG00000166446	CDYL2	ENSEEEP00000036102	ENSEEEG00000017173	CDYL2
ENSP00000600895	ENSG00000152359	POC5	ENSEEEP00000007988	ENSEEEG00000004170	POC5
ENSP00000333837	ENSG00000262814	MRPL12	ENSEEEP00000030738	ENSEEEG00000014709	MRPL12
ENSP00000320949	ENSG00000125107	CNOT1	ENSEEEP00000013151	ENSEEEG00000006603	CNOT1
ENSP00000499021	ENSG00000156050	FAM161B	ENSEEEP00000035595	ENSEEEG00000016950	FAM161B
ENSP00000352510	ENSG00000196663	TECPR2	ENSEEEP00000004733	ENSEEEG00000002473	TECPR2
ENSP00000537057	ENSG00000102241	HTATSF1	ENSEEEP00000020648	ENSEEEG00000010070	HTATSF1
ENSP00000297354	ENSG00000164764	SBSPON	ENSEEEP00000007657	ENSEEEG00000004000	SBSPON
ENSP00000246070	ENSG00000125869	LAMP5	ENSEEEP00000025548	ENSEEEG00000012395	LAMP5
ENSP00000332757	ENSG00000172728	POFUT3	ENSEEEP00000005603	ENSEEEG00000002949	FUT10
ENSP00000341597	ENSG00000055147	FAM114A2	ENSEEEP00000038278	ENSEEEG00000018195	FAM114A2
ENSP00000510743	ENSG00000158683	PKD1L1	ENSEEEP00000035194	ENSEEEG00000016743	sorcs3b
ENSP00000379065	ENSG00000104447	TRPS1	ENSEEEP00000033963	ENSEEEG00000016185	TRPS1
ENSP00000768813	ENSG00000034510	TMSB10	ENSEEEP00000038189	ENSEEEG00000018155	tmsb4x
ENSP00000797941	ENSG00000115286	NDUFS7	ENSEEEP00000030227	ENSEEEG00000014491	NDUFS7
ENSP00000522862	ENSG00000131558	EXOC4	ENSEEEP00000064625	ENSEEEG00000000959	EXOC4
ENSP00000374399	ENSG00000166166	TRMT61A	ENSEEEP00000009711	ENSEEEG00000004950	TRMT61A
ENSP00000379263	ENSG00000125409	TEKT3	ENSEEEP00000039848	ENSEEEG00000018894	TEKT3
ENSP00000570118	ENSG00000126785	RHOJ	ENSEEEP00000050990	ENSEEEG00000023944	RHOJ
ENSP00000443194	ENSG00000171428	NAT1	ENSEEEP00000039415	ENSEEEG00000018720	si:dkey-78a14.4
ENSP00000358474	ENSG00000185515	BRCC3	ENSEEEP00000043547	ENSEEEG00000020583	BRCC3
ENSP00000526953	ENSG00000100601	ALKBH1	ENSEEEP00000047133	ENSEEEG00000022184	ALKBH1
ENSP00000384817	ENSG00000198807	PAX9	ENSEEEP00000045064	ENSEEEG00000021270	PAX9
ENSP00000362395	ENSG00000078596	ITM2A	ENSEEEP00000064212	ENSEEEG00000026894	ITM2A
ENSP00000596718	ENSG00000148396	SEC16A	ENSEEEP00000007757	ENSEEEG00000004059	SEC16A
ENSP00000536896	ENSG00000165171	METTL27	ENSEEEP00000010823	ENSEEEG00000005484	mettl27
ENSP00000403059	ENSG00000273899	NOL12	ENSEEEP00000000658	ENSEEEG00000000466	nol12
ENSP00000381086	ENSG00000147113	DIPK2B	ENSEEEP00000064615	ENSEEEG00000027905	DIPK2B
ENSP00000699128	ENSG00000163719	MTMR14	ENSEEEP00000005354	ENSEEEG00000002789	MTMR14
ENSP00000395220	ENSG00000147041	SYTL5	ENSEEEP00000038210	ENSEEEG00000018168	SYTL5
ENSP00000563032	ENSG00000138085	ATRAID	ENSEEEP00000051008	ENSEEEG00000023954	ATRAID
ENSP00000353824	ENSG00000198355	PIM3	ENSEEEP00000054222	ENSEEEG00000025388	PIM3
ENSP00000301924	ENSG00000104228	TRIM35	ENSEEEP00000028786	ENSEEEG00000028600	trim35-12
ENSP00000607072	ENSG00000105401	CDC37	ENSEEEP00000034821	ENSEEEG00000016572	CDC37
ENSP00000620787	ENSG00000138780	GSTCD	ENSEEEP00000023467	ENSEEEG00000011375	GSTCD
ENSP00000434849	ENSG00000254402	LRRC24	ENSEEEP00000003421	ENSEEEG00000001909	lrrc24
ENSP00000582147	ENSG00000160539	PLPP7	ENSEEEP00000032763	ENSEEEG00000015611	PLPP7
ENSP00000456707	ENSG00000103522	IL21R	ENSEEEP00000001658	ENSEEEG00000001062	il21r.1
ENSP00000361483	ENSG00000148358	GPR107	ENSEEEP00000033926	ENSEEEG00000016155	GPR107
ENSP00000671416	ENSG00000126249	PDCD2L	ENSEEEP00000014831	ENSEEEG00000007386	pdcd2l
ENSP00000666253	ENSG00000162236	STX5	ENSEEEP00000034720	ENSEEEG00000016492	stx5a
ENSP00000291041	ENSG00000159792	PSKH1	ENSEEEP00000047959	ENSEEEG00000022590	PSKH1
ENSP00000426761	ENSG00000121207	LRAT	ENSEEEP00000025009	ENSEEEG00000012130	lratb.1
ENSP00000378378	ENSG00000161016	RPL8	ENSEEEP00000050337	ENSEEEG00000023665	RPL8
ENSP00000398269	ENSG00000179820	MYADM	ENSEEEP00000027178	ENSEEEG00000013115	MYADM
ENSP00000391596	ENSG00000162066	AMDHD2	ENSEEEP00000040431	ENSEEEG00000019153	amdhd2
ENSP00000384716	ENSG00000099904	ZDHHC8	ENSEEEP00000019425	ENSEEEG00000009519	zdhhc8b
ENSP00000295304	ENSG00000143942	CHAC2	ENSEEEP00000009493	ENSEEEG00000004845	CHAC2
ENSP00000642910	ENSG00000144119	C1QL2	ENSEEEP00000005515	ENSEEEG00000002884	C1QL2
ENSP00000585762	ENSG00000187135	VSTM2B	ENSEEEP00000000301	ENSEEEG00000000221	VSTM2B
ENSP00000797057	ENSG00000153976	HS3ST3A1	ENSEEEP00000021746	ENSEEEG00000010560	TTPA
ENSP00000285311	ENSG00000155011	DKK2	ENSEEEP00000001162	ENSEEEG00000000765	DKK2
ENSP00000617166	ENSG00000185339	TCN2	ENSEEEP00000019056	ENSEEEG00000009354	TCN2
ENSP00000259400	ENSG00000136874	STX17	ENSEEEP00000040127	ENSEEEG00000019027	STX17
ENSP00000333551	ENSG00000147471	PLPBP	ENSEEEP00000052066	ENSEEEG00000024421	PLPBP
ENSP00000576581	ENSG00000163516	ANKZF1	ENSEEEP00000044976	ENSEEEG00000021231	ankzf1
ENSP00000305892	ENSG00000168701	TMEM208	ENSEEEP00000001978	ENSEEEG00000001232	TMEM208
ENSP00000482954	ENSG00000113494	PRLR	ENSEEEP00000056098	ENSEEEG00000029119	prlra
ENSP00000216106	ENSG00000100281	HMGXB4	ENSEEEP00000016222	ENSEEEG00000008031	hmgxb4a
ENSP00000379601	ENSG00000069974	RAB27A	ENSEEEP00000055379	ENSEEEG00000025709	RAB27A
ENSP00000389900	ENSG00000109184	DCUN1D4	ENSEEEP00000040091	ENSEEEG00000018982	DCUN1D4
ENSP00000354964	ENSG00000171467	ZNF318	ENSEEEP00000031457	ENSEEEG00000015045	ZNF318
ENSP00000340691	ENSG00000187840	EIF4EBP1	ENSEEEP00000054850	ENSEEEG00000029028	eif4ebp1
ENSP00000370521	ENSG00000129221	AIPL1	ENSEEEP00000052635	ENSEEEG00000024655	AIPL1
ENSP00000505416	ENSG00000078124	ACER3	ENSEEEP00000021780	ENSEEEG00000010594	ACER3
ENSP00000387462	ENSG00000205189	ZBTB10	ENSEEEP00000031548	ENSEEEG00000015091	zbtb10
ENSP00000318029	ENSG00000181781	CIMAP1D	ENSEEEP00000005461	ENSEEEG00000002866	odf3l2b
ENSP00000584162	ENSG00000112306	RPS12	ENSEEEP00000035262	ENSEEEG00000016770	rps12
ENSP00000306682	ENSG00000170836	PPM1D	ENSEEEP00000001732	ENSEEEG00000001109	ppm1da
ENSP00000225969	ENSG00000108826	MRPL27	ENSEEEP00000051611	ENSEEEG00000024235	MRPL27
ENSP00000418648	ENSG00000157741	UBN2	ENSEEEP00000050798	ENSEEEG00000023864	ubn2b
ENSP00000598457	ENSG00000159111	MRPL10	ENSEEEP00000012623	ENSEEEG00000006332	MRPL10
ENSP00000683536	ENSG00000175920	DOK7	ENSEEEP00000004854	ENSEEEG00000002536	DOK7
ENSP00000484732	ENSG00000274070	CASTOR2	ENSEEEP00000059001	ENSEEEG00000024893	CASTOR2
ENSP00000206020	ENSG00000091640	SPAG7	ENSEEEP00000032053	ENSEEEG00000015288	SPAG7
ENSP00000357588	ENSG00000178033	CALHM5	ENSEEEP00000020249	ENSEEEG00000009888	calhm5.2
ENSP00000391504	ENSG00000154479	CFAP210	ENSEEEP00000039064	ENSEEEG00000018543	CCDC173
ENSP00000337946	ENSG00000112530	PACRG	ENSEEEP00000055510	ENSEEEG00000010989	PACRG
ENSP00000564422	ENSG00000184076	UQCR10	ENSEEEP00000063436	ENSEEEG00000028056	UQCR10
ENSP00000539640	ENSG00000120437	ACAT2	ENSEEEP00000019789	ENSEEEG00000009685	ACAT2
ENSP00000538545	ENSG00000128191	DGCR8	ENSEEEP00000045264	ENSEEEG00000021363	DGCR8
ENSP00000288422	ENSG00000157625	TAB3	ENSEEEP00000040512	ENSEEEG00000019192	TAB3
ENSP00000297459	ENSG00000164841	TMEM74	ENSEEEP00000033960	ENSEEEG00000016183	TMEM74
ENSP00000388093	ENSG00000092929	UNC13D	ENSEEEP00000021794	ENSEEEG00000010592	UNC13D
ENSP00000283006	ENSG00000153044	CENPH	ENSEEEP00000022448	ENSEEEG00000010901	CENPH
ENSP00000597136	ENSG00000258289	CHURC1	ENSEEEP00000061650	ENSEEEG00000026943	CHURC1
ENSP00000613576	ENSG00000012822	CALCOCO1	ENSEEEP00000056907	ENSEEEG00000025488	calcoco1a
ENSP00000314153	ENSG00000177485	ZBTB33	ENSEEEP00000060630	ENSEEEG00000026426	ZBTB33
ENSP00000398679	ENSG00000096080	MRPS18A	ENSEEEP00000051328	ENSEEEG00000024083	MRPS18A
ENSP00000556099	ENSG00000165591	FAAH2	ENSEEEP00000029036	ENSEEEG00000013914	faah2a
ENSP00000308219	ENSG00000174136	RGMB	ENSEEEP00000060624	ENSEEEG00000027947	RGMB
ENSP00000756570	ENSG00000100162	CENPM	ENSEEEP00000009476	ENSEEEG00000004839	pane1
ENSP00000480043	ENSG00000150630	VEGFC	ENSEEEP00000049985	ENSEEEG00000023489	VEGFC
ENSP00000262238	ENSG00000100811	YY1	ENSEEEP00000034297	ENSEEEG00000016332	yy1a
ENSP00000260372	ENSG00000137814	HAUS2	ENSEEEP00000035909	ENSEEEG00000017080	si:dkey-170l10.1
ENSP00000336887	ENSG00000029364	SLC39A9	ENSEEEP00000010464	ENSEEEG00000005287	SLC39A9
ENSP00000794070	ENSG00000225921	NOL7	ENSEEEP00000000071	ENSEEEG00000000042	NOL7
ENSP00000608679	ENSG00000164815	ORC5	ENSEEEP00000052196	ENSEEEG00000024470	ORC5
ENSP00000434614	ENSG00000004897	CDC27	ENSEEEP00000028671	ENSEEEG00000013492	CDC27
ENSP00000610906	ENSG00000118894	EEF2KMT	ENSEEEP00000042502	ENSEEEG00000020060	eef2kmt
ENSP00000368927	ENSG00000173674	EIF1AX	ENSEEEP00000028394	ENSEEEG00000013657	eif1axb
ENSP00000633891	ENSG00000036054	TBC1D23	ENSEEEP00000011603	ENSEEEG00000005678	TBC1D23
ENSP00000796475	ENSG00000104635	SLC39A14	ENSEEEP00000058138	ENSEEEG00000021846	SLC39A14
ENSP00000541177	ENSG00000137221	TJAP1	ENSEEEP00000026451	ENSEEEG00000012740	TJAP1
ENSP00000314914	ENSG00000178171	AMER3	ENSEEEP00000033280	ENSEEEG00000015817	si:dkey-231j24.3
ENSP00000364476	ENSG00000158423	RIBC1	ENSEEEP00000047993	ENSEEEG00000022608	RIBC1
ENSP00000215885	ENSG00000100078	PLA2G3	ENSEEEP00000046470	ENSEEEG00000021891	ZNF800
ENSP00000266269	ENSG00000100105	PATZ1	ENSEEEP00000018053	ENSEEEG00000008890	PATZ1
ENSP00000492671	ENSG00000196503	ARL9	ENSEEEP00000007337	ENSEEEG00000003854	ARL9
ENSP00000344087	ENSG00000158321	AUTS2	ENSEEEP00000056167	ENSEEEG00000025167	auts2a
ENSP00000284767	ENSG00000154553	PDLIM3	ENSEEEP00000062226	ENSEEEG00000011057	pdlim3b
ENSP00000497849	ENSG00000108960	MMD	ENSEEEP00000064393	ENSEEEG00000025491	MMD
ENSP00000362481	ENSG00000094841	UPRT	ENSEEEP00000056336	ENSEEEG00000000591	uprt
ENSP00000555275	ENSG00000182768	NGRN	ENSEEEP00000053051	ENSEEEG00000027549	NGRN
ENSP00000305069	ENSG00000170088	TMEM192	ENSEEEP00000018664	ENSEEEG00000009180	TMEM192
ENSP00000410689	ENSG00000196526	AFAP1	ENSEEEP00000028080	ENSEEEG00000013477	AFAP1
ENSP00000426203	ENSG00000109771	LRP2BP	ENSEEEP00000032608	ENSEEEG00000015544	LRP2BP
ENSP00000555248	ENSG00000189045	ANKDD1B	ENSEEEP00000007983	ENSEEEG00000004166	ANKDD1B
ENSP00000532481	ENSG00000242114	MTFP1	ENSEEEP00000056178	ENSEEEG00000024686	MTFP1
ENSP00000791423	ENSG00000145982	FARS2	ENSEEEP00000010185	ENSEEEG00000005172	FARS2
ENSP00000495128	ENSG00000174780	SRP72	ENSEEEP00000007297	ENSEEEG00000003821	SRP72
ENSP00000792561	ENSG00000136404	TM6SF1	ENSEEEP00000038632	ENSEEEG00000018338	TM6SF1
ENSP00000562432	ENSG00000100321	SYNGR1	ENSEEEP00000008939	ENSEEEG00000004615	SYNGR1
ENSP00000531330	ENSG00000163517	HDAC11	ENSEEEP00000058818	ENSEEEG00000026701	HDAC11
ENSP00000265036	ENSG00000035499	DEPDC1B	ENSEEEP00000046723	ENSEEEG00000022003	DEPDC1B
ENSP00000526926	ENSG00000129214	SHBG	ENSEEEP00000035294	ENSEEEG00000016772	SHBG
ENSP00000385477	ENSG00000184113	CLDN5	ENSEEEP00000022020	ENSEEEG00000010693	cldn5a
ENSP00000302485	ENSG00000172346	CSDC2	ENSEEEP00000022958	ENSEEEG00000011143	csdc2a
ENSP00000761493	ENSG00000092841	MYL6	ENSEEEP00000021773	ENSEEEG00000010511	MYL6
ENSP00000376500	ENSG00000131323	TRAF3	ENSEEEP00000004709	ENSEEEG00000002463	TRAF3
ENSP00000714990	ENSG00000140299	BNIP2	ENSEEEP00000001123	ENSEEEG00000000752	BNIP2
ENSP00000216271	ENSG00000100429	HDAC10	ENSEEEP00000006886	ENSEEEG00000003633	HDAC10
ENSP00000574110	ENSG00000107669	ATE1	ENSEEEP00000045701	ENSEEEG00000021549	ATE1
ENSP00000233668	ENSG00000115325	DOK1	ENSEEEP00000018207	ENSEEEG00000008948	dok1b
ENSP00000276431	ENSG00000120889	TNFRSF10B	ENSEEEP00000049406	ENSEEEG00000023221	hdr
ENSP00000283268	ENSG00000153266	FEZF2	ENSEEEP00000035455	ENSEEEG00000016851	FEZF2
ENSP00000373169	ENSG00000151577	DRD3	ENSEEEP00000044377	ENSEEEG00000020964	DRD3
ENSP00000677205	ENSG00000074410	CA12	ENSEEEP00000002900	ENSEEEG00000001658	CA12
ENSP00000377401	ENSG00000157593	SLC35B2	ENSEEEP00000028701	ENSEEEG00000013788	SLC35B2
ENSP00000343633	ENSG00000170802	FOXN2	ENSEEEP00000054897	ENSEEEG00000025922	FOXN2
ENSP00000354125	ENSG00000106263	EIF3B	ENSEEEP00000000043	ENSEEEG00000000020	eif3ba
ENSP00000626662	ENSG00000163291	PAQR3	ENSEEEP00000001164	ENSEEEG00000000784	paqr3a
ENSP00000466680	ENSG00000108830	RND2	ENSEEEP00000047883	ENSEEEG00000022542	RND2
ENSP00000527695	ENSG00000137200	CMTR1	ENSEEEP00000012654	ENSEEEG00000006114	hhatla
ENSP00000254806	ENSG00000132471	WBP2	ENSEEEP00000048503	ENSEEEG00000022825	WBP2
ENSP00000618366	ENSG00000078081	LAMP3	ENSEEEP00000024700	ENSEEEG00000011960	
ENSP00000426653	ENSG00000061492	WNT8A	ENSEEEP00000005343	ENSEEEG00000002796	wnt8a
ENSP00000558107	ENSG00000104388	RAB2A	ENSEEEP00000045178	ENSEEEG00000021325	RAB2A
ENSP00000730202	ENSG00000140307	GTF2A2	ENSEEEP00000037548	ENSEEEG00000017850	GTF2A2
ENSP00000672608	ENSG00000171566	PLRG1	ENSEEEP00000015246	ENSEEEG00000007559	PLRG1
ENSP00000296978	ENSG00000164484	TMEM200A	ENSEEEP00000013012	ENSEEEG00000006555	TMEM200A
ENSP00000783384	ENSG00000120896	SORBS3	ENSEEEP00000014665	ENSEEEG00000007295	SORBS3
ENSP00000750760	ENSG00000196511	TPK1	ENSEEEP00000044758	ENSEEEG00000021130	TPK1
ENSP00000286758	ENSG00000156234	CXCL13	ENSEEEP00000001571	ENSEEEG00000001008	
ENSP00000378343	ENSG00000145331	TRMT10A	ENSEEEP00000035071	ENSEEEG00000016677	TRMT10A
ENSP00000260264	ENSG00000137709	POU2F3	ENSEEEP00000009701	ENSEEEG00000004946	POU2F3
ENSP00000358999	ENSG00000177854	TMEM187	ENSEEEP00000006781	ENSEEEG00000003580	TMEM187
ENSP00000794346	ENSG00000156639	ZFAND3	ENSEEEP00000023770	ENSEEEG00000011520	ZFAND3
ENSP00000718542	ENSG00000123130	ACOT9	ENSEEEP00000028676	ENSEEEG00000013706	acot9.2
ENSP00000536282	ENSG00000261236	BOP1	ENSEEEP00000059706	ENSEEEG00000003847	BOP1
ENSP00000260257	ENSG00000255561	FDXACB1	ENSEEEP00000038937	ENSEEEG00000018478	FDXACB1
ENSP00000520815	ENSG00000189306	RRP7A	ENSEEEP00000020709	ENSEEEG00000010102	RRP7A
ENSP00000407130	ENSG00000119725	ZNF410	ENSEEEP00000025452	ENSEEEG00000012352	ZNF410
ENSP00000627712	ENSG00000159322	ADPGK	ENSEEEP00000037530	ENSEEEG00000017847	ADPGK
ENSP00000528752	ENSG00000051620	HEBP2	ENSEEEP00000019793	ENSEEEG00000009687	HEBP2
ENSP00000425996	ENSG00000243317	STMP1	ENSEEEP00000021938	ENSEEEG00000010659	STMP1
ENSP00000384725	ENSG00000061455	PRDM6	ENSEEEP00000016305	ENSEEEG00000008061	PRDM6
ENSP00000384364	ENSG00000122585	NPY	ENSEEEP00000016912	ENSEEEG00000008383	NPY
ENSP00000405588	ENSG00000105982	RNF32	ENSEEEP00000019467	ENSEEEG00000009544	RNF32
ENSP00000561678	ENSG00000070540	WIPI1	ENSEEEP00000034571	ENSEEEG00000016442	WIPI1
ENSP00000384894	ENSG00000185176	AQP12B	ENSEEEP00000034913	ENSEEEG00000016608	aqp12
ENSP00000544218	ENSG00000077232	DNAJC10	ENSEEEP00000015013	ENSEEEG00000006654	DNAJC10
ENSP00000481886	ENSG00000164040	PGRMC2	ENSEEEP00000035716	ENSEEEG00000017001	PGRMC2
ENSP00000634204	ENSG00000107164	FUBP3	ENSEEEP00000036108	ENSEEEG00000017174	FUBP3
ENSP00000651795	ENSG00000005075	POLR2J	ENSEEEP00000008622	ENSEEEG00000004474	polr2j
ENSP00000612829	ENSG00000065615	CYB5R4	ENSEEEP00000018713	ENSEEEG00000009205	CYB5R4
ENSP00000160373	ENSG00000077063	CTTNBP2	ENSEEEP00000045720	ENSEEEG00000021553	CTTNBP2
ENSP00000386532	ENSG00000182177	ASB18	ENSEEEP00000045523	ENSEEEG00000021479	ASB18
ENSP00000324403	ENSG00000056487	PHF21B	ENSEEEP00000044258	ENSEEEG00000020910	PHF21B
ENSP00000314556	ENSG00000137831	UACA	ENSEEEP00000042739	ENSEEEG00000020165	uacab
ENSP00000356056	ENSG00000146425	DYNLT1	ENSEEEP00000059981	ENSEEEG00000025999	DYNLT1
ENSP00000695726	ENSG00000156795	NTAQ1	ENSEEEP00000034550	ENSEEEG00000016437	wdyhv1
ENSP00000561968	ENSG00000151151	IPMK	ENSEEEP00000003597	ENSEEEG00000001969	ipmkb
ENSP00000301061	ENSG00000169884	WNT10B	ENSEEEP00000061607	ENSEEEG00000028403	WNT10B
ENSP00000474558	ENSG00000154493	C10orf90	ENSEEEP00000035977	ENSEEEG00000017115	
ENSP00000265322	ENSG00000115425	PECR	ENSEEEP00000013539	ENSEEEG00000006768	PECR
ENSP00000674215	ENSG00000169439	SDC2	ENSEEEP00000015891	ENSEEEG00000007858	SDC2
ENSP00000223029	ENSG00000106305	AIMP2	ENSEEEP00000008896	ENSEEEG00000004592	AIMP2
ENSP00000425261	ENSG00000163626	COX18	ENSEEEP00000033530	ENSEEEG00000015947	COX18
ENSP00000606522	ENSG00000141577	CEP131	ENSEEEP00000001946	ENSEEEG00000001208	CEP131
ENSP00000567113	ENSG00000156831	NSMCE2	ENSEEEP00000033665	ENSEEEG00000016022	NSMCE2
ENSP00000626775	ENSG00000105875	WDR91	ENSEEEP00000022965	ENSEEEG00000011142	WDR91
ENSP00000453581	ENSG00000157766	ACAN	ENSEEEP00000039543	ENSEEEG00000018777	acana
ENSP00000416125	ENSG00000236699	ARHGEF38	ENSEEEP00000062937	ENSEEEG00000022649	arhgef38
ENSP00000551538	ENSG00000122203	KIAA1191	ENSEEEP00000040048	ENSEEEG00000018989	zgc:123105
ENSP00000361773	ENSG00000119335	SET	ENSEEEP00000058042	ENSEEEG00000028648	setb
ENSP00000636727	ENSG00000115827	DCAF17	ENSEEEP00000064021	ENSEEEG00000018406	DCAF17
ENSP00000409594	ENSG00000155256	ZFYVE27	ENSEEEP00000012778	ENSEEEG00000006412	ZFYVE27
ENSP00000613790	ENSG00000137193	PIM1	ENSEEEP00000055296	ENSEEEG00000028589	PIM1
ENSP00000627118	ENSG00000137070	IL11RA	ENSEEEP00000004919	ENSEEEG00000002565	il11ra
ENSP00000617613	ENSG00000087253	LPCAT2	ENSEEEP00000046188	ENSEEEG00000021756	LPCAT2
ENSP00000745959	ENSG00000227500	SCAMP4	ENSEEEP00000059173	ENSEEEG00000025899	SCAMP4
ENSP00000431822	ENSG00000149806	FAU	ENSEEEP00000025045	ENSEEEG00000012154	faua
ENSP00000339754	ENSG00000188042	ARL4C	ENSEEEP00000048223	ENSEEEG00000029122	arl4cb
ENSP00000222747	ENSG00000106025	TSPAN12	ENSEEEP00000044684	ENSEEEG00000021100	TSPAN12
ENSP00000229238	ENSG00000111639	MRPL51	ENSEEEP00000051174	ENSEEEG00000024026	MRPL51
ENSP00000486723	ENSG00000146414	SHPRH	ENSEEEP00000001340	ENSEEEG00000000892	SHPRH
ENSP00000297316	ENSG00000164736	SOX17	ENSEEEP00000002716	ENSEEEG00000001570	SOX17
ENSP00000586868	ENSG00000131653	TRAF7	ENSEEEP00000012711	ENSEEEG00000006339	TRAF7
ENSP00000509301	ENSG00000169122	FAM110B	ENSEEEP00000045164	ENSEEEG00000021320	FAM110B
ENSP00000251038	ENSG00000100722	ZC3H14	ENSEEEP00000017356	ENSEEEG00000008576	ZC3H14
ENSP00000384152	ENSG00000089225	TBX5	ENSEEEP00000010672	ENSEEEG00000005398	tbx5a
ENSP00000168216	ENSG00000072506	HSD17B10	ENSEEEP00000011565	ENSEEEG00000005824	HSD17B10
ENSP00000397555	ENSG00000104679	R3HCC1	ENSEEEP00000028310	ENSEEEG00000013607	
ENSP00000548246	ENSG00000085365	SCAMP1	ENSEEEP00000012955	ENSEEEG00000006511	SCAMP1
ENSP00000558799	ENSG00000147874	HAUS6	ENSEEEP00000038883	ENSEEEG00000018444	HAUS6
ENSP00000362795	ENSG00000186810	CXCR3	ENSEEEP00000061349	ENSEEEG00000025848	CXCR3
ENSP00000625257	ENSG00000171160	MORN4	ENSEEEP00000006342	ENSEEEG00000003374	MORN4
ENSP00000494732	ENSG00000178217	SH2D4B	ENSEEEP00000010927	ENSEEEG00000005534	sh2d4bb
ENSP00000751537	ENSG00000153975	ZUP1	ENSEEEP00000062883	ENSEEEG00000009897	zufsp
ENSP00000587301	ENSG00000111203	ITFG2	ENSEEEP00000039039	ENSEEEG00000018530	ITFG2
ENSP00000243346	ENSG00000123609	NMI	ENSEEEP00000048275	ENSEEEG00000022734	nmi
ENSP00000371770	ENSG00000137440	FGFBP1	ENSEEEP00000032402	ENSEEEG00000015450	fgfbp1b
ENSP00000572616	ENSG00000185973	TMLHE	ENSEEEP00000040596	ENSEEEG00000019227	TMLHE
ENSP00000602485	ENSG00000137133	HINT2	ENSEEEP00000047559	ENSEEEG00000022390	HINT2
ENSP00000540343	ENSG00000026297	RNASET2	ENSEEEP00000018745	ENSEEEG00000009213	rnaset2
ENSP00000636235	ENSG00000165392	WRN	ENSEEEP00000059911	ENSEEEG00000008853	wrn
ENSP00000395849	ENSG00000163491	NEK10	ENSEEEP00000004852	ENSEEEG00000002522	NEK10
ENSP00000766173	ENSG00000132432	SEC61G	ENSEEEP00000057791	ENSEEEG00000026692	SEC61G
ENSP00000643415	ENSG00000007237	GAS7	ENSEEEP00000040372	ENSEEEG00000019109	gas7a
ENSP00000365210	ENSG00000147082	CCNB3	ENSEEEP00000008269	ENSEEEG00000004322	ccnb3
ENSP00000252971	ENSG00000130675	MNX1	ENSEEEP00000026937	ENSEEEG00000013005	MNX1
ENSP00000478518	ENSG00000180347	ITPRID1	ENSEEEP00000059305	ENSEEEG00000028137	
ENSP00000217909	ENSG00000077713	SLC25A43	ENSEEEP00000026242	ENSEEEG00000012688	SLC25A43
ENSP00000502034	ENSG00000114354	TFG	ENSEEEP00000016664	ENSEEEG00000008252	TFG
ENSP00000470643	ENSG00000105219	CCNP	ENSEEEP00000029991	ENSEEEG00000014374	ccnp
ENSP00000274625	ENSG00000156427	FGF18	ENSEEEP00000029392	ENSEEEG00000014081	fgf18a
ENSP00000499622	ENSG00000140948	ZCCHC14	ENSEEEP00000054542	ENSEEEG00000028966	ZNF503
ENSP00000327975	ENSG00000184544	DHRS7C	ENSEEEP00000047250	ENSEEEG00000022238	dhrs7ca
ENSP00000284601	ENSG00000154415	PPP1R3A	ENSEEEP00000058498	ENSEEEG00000028850	ppp1r3aa
ENSP00000256103	ENSG00000147588	PMP2	ENSEEEP00000031527	ENSEEEG00000015083	fabp11a
ENSP00000299709	ENSG00000166558	SLC38A8	ENSEEEP00000061622	ENSEEEG00000022140	slc38a8a
ENSP00000572519	ENSG00000165102	HGSNAT	ENSEEEP00000043840	ENSEEEG00000020721	HGSNAT
ENSP00000603416	ENSG00000130305	NSUN5	ENSEEEP00000013342	ENSEEEG00000006685	NSUN5
ENSP00000258214	ENSG00000135736	CCDC102A	ENSEEEP00000035222	ENSEEEG00000016676	CCDC102A
ENSP00000529285	ENSG00000154240	CEP112	ENSEEEP00000001346	ENSEEEG00000000836	CEP112
ENSP00000669911	ENSG00000155016	CYP2U1	ENSEEEP00000023497	ENSEEEG00000011395	CYP2U1
ENSP00000366230	ENSG00000155621	C9orf85	ENSEEEP00000053503	ENSEEEG00000026791	C9orf85
ENSP00000587684	ENSG00000120253	NUP43	ENSEEEP00000054731	ENSEEEG00000022295	NUP43
ENSP00000361345	ENSG00000126882	FAM78A	ENSEEEP00000032765	ENSEEEG00000015612	fam78ab
ENSP00000505991	ENSG00000109618	SEPSECS	ENSEEEP00000038701	ENSEEEG00000018368	SEPSECS
ENSP00000283228	ENSG00000153233	PTPRR	ENSEEEP00000043665	ENSEEEG00000020462	PTPRR
ENSP00000538835	ENSG00000164306	PRIMPOL	ENSEEEP00000032384	ENSEEEG00000015440	PRIMPOL
ENSP00000473777	ENSG00000112761	CCN6	ENSEEEP00000027172	ENSEEEG00000013111	CCN6
ENSP00000644943	ENSG00000086504	MRPL28	ENSEEEP00000025428	ENSEEEG00000012341	MRPL28
ENSP00000609973	ENSG00000164465	DCBLD1	ENSEEEP00000015040	ENSEEEG00000007482	DCBLD1
ENSP00000696610	ENSG00000164808	SPIDR	ENSEEEP00000022267	ENSEEEG00000010811	spidr
ENSP00000600549	ENSG00000115685	PPP1R7	ENSEEEP00000032982	ENSEEEG00000015655	ppp1r7
ENSP00000742606	ENSG00000126787	DLGAP5	ENSEEEP00000020880	ENSEEEG00000010185	naca
ENSP00000342385	ENSG00000148344	PTGES	ENSEEEP00000031251	ENSEEEG00000014967	PTGES
ENSP00000424838	ENSG00000152670	DDX4	ENSEEEP00000044300	ENSEEEG00000020926	DDX4
ENSP00000485925	ENSG00000186153	WWOX	ENSEEEP00000039697	ENSEEEG00000018828	WWOX
ENSP00000228644	ENSG00000111049	MYF5	ENSEEEP00000029977	ENSEEEG00000014364	MYF5
ENSP00000343398	ENSG00000188167	TMPPE	ENSEEEP00000034810	ENSEEEG00000016563	TMPPE
ENSP00000605580	ENSG00000030066	NUP160	ENSEEEP00000002796	ENSEEEG00000001601	NUP160
ENSP00000296564	ENSG00000164151	ICE1	ENSEEEP00000024465	ENSEEEG00000011864	
ENSP00000576754	ENSG00000171759	PAH	ENSEEEP00000029003	ENSEEEG00000013909	PAH
ENSP00000181796	ENSG00000065809	FAM107B	ENSEEEP00000006546	ENSEEEG00000003460	FAM107B
ENSP00000540443	ENSG00000136247	ZDHHC4	ENSEEEP00000018569	ENSEEEG00000009130	ZDHHC4
ENSP00000307722	ENSG00000170091	NSG2	ENSEEEP00000006999	ENSEEEG00000003688	NSG2
ENSP00000467909	ENSG00000198597	ZNF536	ENSEEEP00000042837	ENSEEEG00000020210	ZNF536
ENSP00000307126	ENSG00000168350	DEGS2	ENSEEEP00000034298	ENSEEEG00000016334	DEGS2
ENSP00000298288	ENSG00000165501	LRR1	ENSEEEP00000014116	ENSEEEG00000007011	zgc:77287
ENSP00000498740	ENSG00000105254	TBCB	ENSEEEP00000033179	ENSEEEG00000015783	TBCB
ENSP00000358466	ENSG00000155961	RAB39B	ENSEEEP00000010663	ENSEEEG00000028601	rab39ba
ENSP00000320924	ENSG00000171475	WIPF2	ENSEEEP00000033745	ENSEEEG00000016071	wipf2b
ENSP00000669612	ENSG00000140107	SLC25A47	ENSEEEP00000037630	ENSEEEG00000017903	slc25a47b
ENSP00000448696	ENSG00000178498	DTX3	ENSEEEP00000063393	ENSEEEG00000028556	dtx3
ENSP00000326519	ENSG00000280789	PAGR1	ENSEEEP00000008166	ENSEEEG00000004256	PAGR1
ENSP00000353458	ENSG00000198604	BAZ1A	ENSEEEP00000008382	ENSEEEG00000004373	BAZ1A
ENSP00000611154	ENSG00000168434	COG7	ENSEEEP00000023643	ENSEEEG00000011451	COG7
ENSP00000452763	ENSG00000108107	RPL28	ENSEEEP00000007746	ENSEEEG00000004053	rpl28
ENSP00000406934	ENSG00000183621	ZNF438	ENSEEEP00000059987	ENSEEEG00000002485	ZNF438
ENSP00000501453	ENSG00000144115	THNSL2	ENSEEEP00000035512	ENSEEEG00000016909	THNSL2
ENSP00000413572	ENSG00000073536	NLE1	ENSEEEP00000006444	ENSEEEG00000003406	NLE1
ENSP00000306449	ENSG00000170775	GPR37	ENSEEEP00000023194	ENSEEEG00000011245	gpr37a
ENSP00000480240	ENSG00000148655	LRMDA	ENSEEEP00000016390	ENSEEEG00000008116	LRMDA
ENSP00000569696	ENSG00000137563	GGH	ENSEEEP00000003292	ENSEEEG00000001850	GGH
ENSP00000363259	ENSG00000177354	C10orf71	ENSEEEP00000002965	ENSEEEG00000001688	
ENSP00000601408	ENSG00000070669	ASNS	ENSEEEP00000058555	ENSEEEG00000011852	ASNS
ENSP00000242505	ENSG00000138286	FAM149B1	ENSEEEP00000047349	ENSEEEG00000022289	FAM149B1
ENSP00000301327	ENSG00000167700	SLC33A2	ENSEEEP00000053012	ENSEEEG00000025030	MFSD3
ENSP00000281043	ENSG00000134323	MYCN	ENSEEEP00000043673	ENSEEEG00000020644	mycn
ENSP00000562991	ENSG00000119599	DCAF4	ENSEEEP00000027651	ENSEEEG00000013318	wdr21
ENSP00000253107	ENSG00000130810	PPAN	ENSEEEP00000042325	ENSEEEG00000019975	ppan
ENSP00000577865	ENSG00000067836	ROGDI	ENSEEEP00000034619	ENSEEEG00000016464	ROGDI
ENSP00000587352	ENSG00000110696	C11orf58	ENSEEEP00000022675	ENSEEEG00000011011	C11orf58
ENSP00000464050	ENSG00000198231	DDX42	ENSEEEP00000054374	ENSEEEG00000001260	DDX42
ENSP00000796554	ENSG00000166886	NAB2	ENSEEEP00000049976	ENSEEEG00000023493	NAB2
ENSP00000621834	ENSG00000129932	DOHH	ENSEEEP00000037527	ENSEEEG00000017843	DOHH
ENSP00000475626	ENSG00000079393	DUSP13B	ENSEEEP00000000104	ENSEEEG00000000071	dusp13a
ENSP00000507745	ENSG00000173578	XCR1	ENSEEEP00000053750	ENSEEEG00000025318	xcr1a.1
ENSP00000359212	ENSG00000138136	LBX1	ENSEEEP00000001017	ENSEEEG00000000691	lbx1a
ENSP00000311436	ENSG00000174429	ABRA	ENSEEEP00000039079	ENSEEEG00000018556	abrab
ENSP00000447310	ENSG00000075415	SLC25A3	ENSEEEP00000053382	ENSEEEG00000027082	slc25a3b
ENSP00000419762	ENSG00000095951	HIVEP1	ENSEEEP00000002118	ENSEEEG00000001301	HIVEP1
ENSP00000719280	ENSG00000177646	ACAD9	ENSEEEP00000004367	ENSEEEG00000002291	ACAD9
ENSP00000433523	ENSG00000135540	NHSL1	ENSEEEP00000019799	ENSEEEG00000009690	nhsl1b
ENSP00000646322	ENSG00000182400	TRAPPC6B	ENSEEEP00000009781	ENSEEEG00000004968	trappc6b
ENSP00000362650	ENSG00000173611	SCAI	ENSEEEP00000063994	ENSEEEG00000018705	SCAI
ENSP00000613689	ENSG00000147526	TACC1	ENSEEEP00000028072	ENSEEEG00000013511	TACC1
ENSP00000265909	ENSG00000120451	SNX19	ENSEEEP00000006766	ENSEEEG00000003574	snx19b
ENSP00000254940	ENSG00000132603	NIP7	ENSEEEP00000059594	ENSEEEG00000028166	NIP7
ENSP00000586954	ENSG00000099622	CIRBP	ENSEEEP00000047725	ENSEEEG00000022469	cirbpb
ENSP00000640095	ENSG00000156642	NPTN	ENSEEEP00000034083	ENSEEEG00000016233	nptnb
ENSP00000247194	ENSG00000126790	L3HYPDH	ENSEEEP00000027501	ENSEEEG00000013262	L3HYPDH
ENSP00000464009	ENSG00000286075	SMIM10L3	ENSEEEP00000000972	ENSEEEG00000000661	SMIM10
ENSP00000525091	ENSG00000148584	A1CF	ENSEEEP00000004941	ENSEEEG00000002573	A1CF
ENSP00000578629	ENSG00000089902	RCOR1	ENSEEEP00000004714	ENSEEEG00000002466	RCOR1
ENSP00000309826	ENSG00000106459	NRF1	ENSEEEP00000001633	ENSEEEG00000001046	NRF1
ENSP00000732944	ENSG00000197912	SPG7	ENSEEEP00000055897	ENSEEEG00000019401	SPG7
ENSP00000618577	ENSG00000168092	PAFAH1B2	ENSEEEP00000037340	ENSEEEG00000017752	PAFAH1B2
ENSP00000632173	ENSG00000087152	ATXN7L3	ENSEEEP00000002158	ENSEEEG00000001319	ATXN7L3
ENSP00000565838	ENSG00000157450	RNF111	ENSEEEP00000059226	ENSEEEG00000026903	RNF111
ENSP00000343507	ENSG00000188760	TMEM198	ENSEEEP00000038684	ENSEEEG00000018361	tmem198a
ENSP00000597521	ENSG00000164323	CFAP97	ENSEEEP00000003105	ENSEEEG00000001760	CFAP97
ENSP00000396452	ENSG00000130021	PUDP	ENSEEEP00000027243	ENSEEEG00000013150	PUDP
ENSP00000639882	ENSG00000158517	NCF1	ENSEEEP00000008619	ENSEEEG00000004471	NCF1
ENSP00000588480	ENSG00000130935	NOL11	ENSEEEP00000011078	ENSEEEG00000005614	NOL11
ENSP00000424846	ENSG00000087266	SH3BP2	ENSEEEP00000039441	ENSEEEG00000018732	SH3BP2
ENSP00000530858	ENSG00000092148	HECTD1	ENSEEEP00000002497	ENSEEEG00000001458	HECTD1
ENSP00000339495	ENSG00000188986	NELFB	ENSEEEP00000042631	ENSEEEG00000020125	NELFB
ENSP00000648566	ENSG00000176919	C8G	ENSEEEP00000035160	ENSEEEG00000016731	C8G
ENSP00000362026	ENSG00000188917	TRMT2B	ENSEEEP00000001143	ENSEEEG00000000766	TRMT2B
ENSP00000550953	ENSG00000070610	GBA2	ENSEEEP00000012190	ENSEEEG00000006146	GBA2
ENSP00000281950	ENSG00000152147	GEMIN6	ENSEEEP00000056648	ENSEEEG00000026549	GEMIN6
ENSP00000797523	ENSG00000126391	FRMD8	ENSEEEP00000021003	ENSEEEG00000010243	FRMD8
ENSP00000600248	ENSG00000145495	MARCHF6	ENSEEEP00000020467	ENSEEEG00000009679	march6
ENSP00000626292	ENSG00000168907	PLA2G4F	ENSEEEP00000046195	ENSEEEG00000021761	pla2g4f.1
ENSP00000319651	ENSG00000176399	DMRTA1	ENSEEEP00000037024	ENSEEEG00000017584	DMRTA1
ENSP00000482890	ENSG00000124490	CRISP2	ENSEEEP00000005654	ENSEEEG00000002642	
ENSP00000490958	ENSG00000189337	KAZN	ENSEEEP00000051471	ENSEEEG00000024163	kaznb
ENSP00000480945	ENSG00000104524	PYCR3	ENSEEEP00000044290	ENSEEEG00000020927	PYCR3
ENSP00000286824	ENSG00000156298	TSPAN7	ENSEEEP00000026434	ENSEEEG00000012789	tspan7b
ENSP00000380794	ENSG00000147457	CHMP7	ENSEEEP00000053033	ENSEEEG00000026736	CHMP7
ENSP00000406846	ENSG00000274944		ENSEEEP00000063255	ENSEEEG00000008800	cx52.9
ENSP00000399421	ENSG00000135218	CD36	ENSEEEP00000052289	ENSEEEG00000024515	CD36
ENSP00000535841	ENSG00000130347	RTN4IP1	ENSEEEP00000062862	ENSEEEG00000020949	RTN4IP1
ENSP00000727218	ENSG00000182718	ANXA2	ENSEEEP00000001102	ENSEEEG00000000553	anxa2a
ENSP00000535312	ENSG00000198087	CD2AP	ENSEEEP00000026794	ENSEEEG00000012931	CD2AP
ENSP00000408283	ENSG00000070087	PFN2	ENSEEEP00000006885	ENSEEEG00000003637	PFN2
ENSP00000617556	ENSG00000164329	TENT2	ENSEEEP00000028096	ENSEEEG00000013409	TENT2
ENSP00000582135	ENSG00000077238	IL4R	ENSEEEP00000057316	ENSEEEG00000000769	
ENSP00000549807	ENSG00000125652	ALKBH7	ENSEEEP00000015722	ENSEEEG00000007789	ALKBH7
ENSP00000320679	ENSG00000178750	STX19	ENSEEEP00000024968	ENSEEEG00000012108	STX19
ENSP00000384408	ENSG00000227345	PARG	ENSEEEP00000045751	ENSEEEG00000021568	pargl
ENSP00000555959	ENSG00000099817	POLR2E	ENSEEEP00000048765	ENSEEEG00000022939	POLR2E
ENSP00000384371	ENSG00000113916	BCL6	ENSEEEP00000010986	ENSEEEG00000005565	bcl6aa
ENSP00000302665	ENSG00000017427	IGF1	ENSEEEP00000028930	ENSEEEG00000013869	IGF1
ENSP00000614870	ENSG00000100711	ZFYVE21	ENSEEEP00000039260	ENSEEEG00000018657	ZFYVE21
ENSP00000256592	ENSG00000134200	TSHB	ENSEEEP00000053390	ENSEEEG00000024499	tshba
ENSP00000276594	ENSG00000147596	PRDM14	ENSEEEP00000007598	ENSEEEG00000003967	PRDM14
ENSP00000326948	ENSG00000068438	FTSJ1	ENSEEEP00000005672	ENSEEEG00000002980	FTSJ1
ENSP00000295886	ENSG00000163623	NKX6-1	ENSEEEP00000030484	ENSEEEG00000014599	nkx6.1
ENSP00000558703	ENSG00000169676	DRD5	ENSEEEP00000045868	ENSEEEG00000021621	DRD5
ENSP00000376436	ENSG00000134954	ETS1	ENSEEEP00000048700	ENSEEEG00000022896	ETS1
ENSP00000369391	ENSG00000124787	RPP40	ENSEEEP00000016005	ENSEEEG00000007924	RPP40
ENSP00000573371	ENSG00000089041	P2RX7	ENSEEEP00000023599	ENSEEEG00000011426	P2RX7
ENSP00000361177	ENSG00000148602	LRIT1	ENSEEEP00000042975	ENSEEEG00000020285	lrit1b
ENSP00000259605	ENSG00000137075	RNF38	ENSEEEP00000024211	ENSEEEG00000011690	RNF38
ENSP00000574316	ENSG00000168228	ZCCHC4	ENSEEEP00000053277	ENSEEEG00000016871	ZCCHC4
ENSP00000340271	ENSG00000165632	TAF3	ENSEEEP00000062115	ENSEEEG00000027738	TAF3
ENSP00000321455	ENSG00000155970	MICU3	ENSEEEP00000054758	ENSEEEG00000006418	MICU3
ENSP00000367384	ENSG00000171659	GPR34	ENSEEEP00000015533	ENSEEEG00000007713	gpr34b
ENSP00000513411	ENSG00000166349	RAG1	ENSEEEP00000061062	ENSEEEG00000026963	RAG1
ENSP00000600182	ENSG00000102030	NAA10	ENSEEEP00000052341	ENSEEEG00000024528	NAA10
ENSP00000454014	ENSG00000237515	SHISA9	ENSEEEP00000002008	ENSEEEG00000001247	shisa9b
ENSP00000419126	ENSG00000119965	C10orf88	ENSEEEP00000045193	ENSEEEG00000021336	si:rp71-19m20.1
ENSP00000298292	ENSG00000165506	DNAAF2	ENSEEEP00000014119	ENSEEEG00000007013	DNAAF2
ENSP00000367715	ENSG00000146038	DCDC2	ENSEEEP00000016869	ENSEEEG00000008359	DCDC2
ENSP00000250454	ENSG00000129518	EAPP	ENSEEEP00000009253	ENSEEEG00000004749	EAPP
ENSP00000522356	ENSG00000160613	PCSK7	ENSEEEP00000051781	ENSEEEG00000024298	PCSK7
ENSP00000310596	ENSG00000175324	LSM1	ENSEEEP00000039849	ENSEEEG00000018895	LSM1
ENSP00000358831	ENSG00000118402	ELOVL4	ENSEEEP00000048685	ENSEEEG00000022907	elovl4a
ENSP00000231461	ENSG00000113532	ST8SIA4	ENSEEEP00000042165	ENSEEEG00000019917	ST8SIA4
ENSP00000302111	ENSG00000170430	MGMT	ENSEEEP00000045388	ENSEEEG00000021421	mgmt
ENSP00000378127	ENSG00000109534	GAR1	ENSEEEP00000014586	ENSEEEG00000007250	GAR1
ENSP00000705659	ENSG00000167508	MVD	ENSEEEP00000035042	ENSEEEG00000016660	mvda
ENSP00000364886	ENSG00000115963	RND3	ENSEEEP00000000721	ENSEEEG00000000497	rnd3a
ENSP00000355605	ENSG00000116903	EXOC8	ENSEEEP00000008442	ENSEEEG00000004405	EXOC8
ENSP00000501341	ENSG00000256053	COA8	ENSEEEP00000009739	ENSEEEG00000004958	COA8
ENSP00000428343	ENSG00000253148	RGS21	ENSEEEP00000037420	ENSEEEG00000017793	RGS1
ENSP00000623410	ENSG00000130826	DKC1	ENSEEEP00000043322	ENSEEEG00000020192	DKC1
ENSP00000461824	ENSG00000183979	NPB	ENSEEEP00000026358	ENSEEEG00000012763	npb
ENSP00000363571	ENSG00000030304	MUSK	ENSEEEP00000004932	ENSEEEG00000002571	MUSK
ENSP00000370962	ENSG00000167741	GGT6	ENSEEEP00000009428	ENSEEEG00000004819	si:ch73-337l15.2
ENSP00000588440	ENSG00000110987	BCL7A	ENSEEEP00000049613	ENSEEEG00000023327	BCL7A
ENSP00000546703	ENSG00000145386	CCNA2	ENSEEEP00000032386	ENSEEEG00000015439	CCNA2
ENSP00000295025	ENSG00000162924	REL	ENSEEEP00000035898	ENSEEEG00000017073	REL
ENSP00000722848	ENSG00000119636	BBOF1	ENSEEEP00000035444	ENSEEEG00000016880	BBOF1
ENSP00000445277	ENSG00000251692	PTX4	ENSEEEP00000044244	ENSEEEG00000020902	PTX4
ENSP00000541655	ENSG00000166869	CHP2	ENSEEEP00000052408	ENSEEEG00000024551	CHP2
ENSP00000790476	ENSG00000213930	GALT	ENSEEEP00000040002	ENSEEEG00000002548	GALT
ENSP00000188312	ENSG00000075089	ACTR6	ENSEEEP00000045872	ENSEEEG00000021556	ACTR6
ENSP00000318222	ENSG00000177108	ZDHHC22	ENSEEEP00000035600	ENSEEEG00000016955	ZDHHC22
ENSP00000570139	ENSG00000164494	PDSS2	ENSEEEP00000049237	ENSEEEG00000023139	PDSS2
ENSP00000626169	ENSG00000109065	NAT9	ENSEEEP00000060090	ENSEEEG00000025508	NAT9
ENSP00000376540	ENSG00000138161	CUZD1	ENSEEEP00000023621	ENSEEEG00000011437	cuzd1.2
ENSP00000637364	ENSG00000188313	PLSCR1	ENSEEEP00000026743	ENSEEEG00000012907	si:ch211-71m22.1
ENSP00000370673	ENSG00000205693	MANSC4	ENSEEEP00000037403	ENSEEEG00000017782	
ENSP00000662769	ENSG00000142330	CAPN10	ENSEEEP00000016953	ENSEEEG00000008402	CAPN10
ENSP00000404296	ENSG00000052126	PLEKHA5	ENSEEEP00000002615	ENSEEEG00000001494	plekha5
ENSP00000356036	ENSG00000130363	RSPH3	ENSEEEP00000044049	ENSEEEG00000020814	RSPH3
ENSP00000299155	ENSG00000166126	AMN	ENSEEEP00000048515	ENSEEEG00000022830	AMN
ENSP00000598814	ENSG00000156017	CARNMT1	ENSEEEP00000049221	ENSEEEG00000023129	CARNMT1
ENSP00000311280	ENSG00000102034	ELF4	ENSEEEP00000046098	ENSEEEG00000021724	ELF1
ENSP00000366534	ENSG00000160973	FOXH1	ENSEEEP00000037685	ENSEEEG00000017920	FOXH1
ENSP00000358496	ENSG00000182712	CMC4	ENSEEEP00000043561	ENSEEEG00000020587	CMC4
ENSP00000297574	ENSG00000164929	BAALC	ENSEEEP00000021367	ENSEEEG00000010411	BAALC
ENSP00000432845	ENSG00000254726	MEX3A	ENSEEEP00000021581	ENSEEEG00000010507	MEX3B
ENSP00000317039	ENSG00000178966	RMI1	ENSEEEP00000055875	ENSEEEG00000025610	RMI1
ENSP00000618750	ENSG00000122873	CISD1	ENSEEEP00000006414	ENSEEEG00000003401	CISD1
ENSP00000629677	ENSG00000104213	PDGFRL	ENSEEEP00000042586	ENSEEEG00000020108	PDGFRL
ENSP00000294818	ENSG00000162763	LRRC52	ENSEEEP00000017131	ENSEEEG00000008483	si:dkey-52j6.3
ENSP00000385763	ENSG00000106853	PTGR1	ENSEEEP00000059130	ENSEEEG00000006108	si:dkey-11k2.7
ENSP00000358238	ENSG00000121634	GJA8	ENSEEEP00000050072	ENSEEEG00000023549	gja8b
ENSP00000328455	ENSG00000185565	LSAMP	ENSEEEP00000041192	ENSEEEG00000019494	LSAMP
ENSP00000489900	ENSG00000163673	DCLK3	ENSEEEP00000053383	ENSEEEG00000007752	dclk3
ENSP00000627280	ENSG00000204316	MRPL38	ENSEEEP00000048501	ENSEEEG00000022822	MRPL38
ENSP00000296051	ENSG00000163755	HPS3	ENSEEEP00000050873	ENSEEEG00000023891	HPS3
ENSP00000633744	ENSG00000166086	JAM3	ENSEEEP00000009046	ENSEEEG00000004653	jam3b
ENSP00000497071	ENSG00000285641		ENSEEEP00000010380	ENSEEEG00000005258	rab13
ENSP00000384869	ENSG00000162994	CLHC1	ENSEEEP00000009441	ENSEEEG00000004820	CLHC1
ENSP00000541973	ENSG00000103326	CAPN15	ENSEEEP00000059667	ENSEEEG00000018153	CAPN15
ENSP00000419705	ENSG00000162456	KNCN	ENSEEEP00000026980	ENSEEEG00000013022	KNCN
ENSP00000699857	ENSG00000122965	RBM19	ENSEEEP00000044899	ENSEEEG00000021194	RBM19
ENSP00000389111	ENSG00000228594	FNDC10	ENSEEEP00000046889	ENSEEEG00000022071	FNDC10
ENSP00000359095	ENSG00000198890	PRMT6	ENSEEEP00000011051	ENSEEEG00000005597	PRMT6
ENSP00000521410	ENSG00000103150	MLYCD	ENSEEEP00000025330	ENSEEEG00000012287	MLYCD
ENSP00000243347	ENSG00000123610	TNFAIP6	ENSEEEP00000008601	ENSEEEG00000004456	TNFAIP6
ENSP00000547263	ENSG00000151092	NGLY1	ENSEEEP00000047088	ENSEEEG00000022154	NGLY1
ENSP00000568807	ENSG00000171490	RSL1D1	ENSEEEP00000021023	ENSEEEG00000010254	RSL1D1
ENSP00000596063	ENSG00000133739	LRRCC1	ENSEEEP00000000904	ENSEEEG00000000606	LRRCC1
ENSP00000254928	ENSG00000132591	ERAL1	ENSEEEP00000050476	ENSEEEG00000023729	ERAL1
ENSP00000503200	ENSG00000288674		ENSEEEP00000036724	ENSEEEG00000017435	psen2
ENSP00000310551	ENSG00000172954	LCLAT1	ENSEEEP00000024101	ENSEEEG00000011691	LCLAT1
ENSP00000598591	ENSG00000060339	CCAR1	ENSEEEP00000060563	ENSEEEG00000014756	CCAR1
ENSP00000367023	ENSG00000137054	POLR1E	ENSEEEP00000018662	ENSEEEG00000009178	POLR1E
ENSP00000428902	ENSG00000214050	FBXO16	ENSEEEP00000012228	ENSEEEG00000006160	FBXO16
ENSP00000406665	ENSG00000233198	RNF224	ENSEEEP00000033143	ENSEEEG00000015769	RNF224
ENSP00000263187	ENSG00000057468	MSH4	ENSEEEP00000012710	ENSEEEG00000006383	MSH4
ENSP00000410533	ENSG00000237330	RNF223	ENSEEEP00000059950	ENSEEEG00000026190	
ENSP00000350425	ENSG00000110244	APOA4	ENSEEEP00000013028	ENSEEEG00000006562	apoa4a
ENSP00000294635	ENSG00000162621	LRRC53	ENSEEEP00000023270	ENSEEEG00000011281	
ENSP00000394163	ENSG00000112977	DAP	ENSEEEP00000018426	ENSEEEG00000009054	DAP
ENSP00000781111	ENSG00000174695	TMEM167A	ENSEEEP00000045121	ENSEEEG00000021306	TMEM167A
ENSP00000335560	ENSG00000240771	ARHGEF25	ENSEEEP00000039981	ENSEEEG00000018952	arhgef25a
ENSP00000259335	ENSG00000136813	ECPAS	ENSEEEP00000018588	ENSEEEG00000008804	ECPAS
ENSP00000409231	ENSG00000113597	TRAPPC13	ENSEEEP00000023351	ENSEEEG00000011279	TRAPPC13
ENSP00000339449	ENSG00000166596	CFAP52	ENSEEEP00000043853	ENSEEEG00000020725	CFAP52
ENSP00000332790	ENSG00000184270	H2AC21	ENSEEEP00000029755	ENSEEEG00000014253	h2ax1
ENSP00000301917	ENSG00000170128	GPR25	ENSEEEP00000016511	ENSEEEG00000008182	gpr25
ENSP00000356135	ENSG00000174529	TMEM81	ENSEEEP00000033412	ENSEEEG00000015879	si:dkey-48j7.3
ENSP00000568897	ENSG00000113924	HGD	ENSEEEP00000018491	ENSEEEG00000009069	HGD
ENSP00000429367	ENSG00000188343	CIBAR1	ENSEEEP00000018000	ENSEEEG00000008871	fam92a1
ENSP00000296824	ENSG00000164366	CCDC127	ENSEEEP00000008098	ENSEEEG00000004217	ccdc127a
ENSP00000450873	ENSG00000119640	ACYP1	ENSEEEP00000043821	ENSEEEG00000020710	ACYP1
ENSP00000239223	ENSG00000120129	DUSP1	ENSEEEP00000017728	ENSEEEG00000008760	DUSP1
ENSP00000328059	ENSG00000131263	RLIM	ENSEEEP00000057414	ENSEEEG00000025400	RNF6
ENSP00000631909	ENSG00000170037	CNTROB	ENSEEEP00000013290	ENSEEEG00000006658	CNTROB
ENSP00000383505	ENSG00000179023	KLHDC7A	ENSEEEP00000057783	ENSEEEG00000025553	klhdc7a
ENSP00000421446	ENSG00000174607	UGT8	ENSEEEP00000046998	ENSEEEG00000022121	UGT8
ENSP00000335060	ENSG00000186603	HPDL	ENSEEEP00000007922	ENSEEEG00000004134	HPDL
ENSP00000267023	ENSG00000139579	NABP2	ENSEEEP00000050045	ENSEEEG00000023535	NABP2
ENSP00000361564	ENSG00000148335	NTMT1	ENSEEEP00000033901	ENSEEEG00000016143	NTMT1
ENSP00000744907	ENSG00000109736	SLC75A1	ENSEEEP00000046831	ENSEEEG00000022045	mfsd10
ENSP00000490571	ENSG00000183092	BEGAIN	ENSEEEP00000009864	ENSEEEG00000005018	BEGAIN
ENSP00000634079	ENSG00000166557	TMED3	ENSEEEP00000056116	ENSEEEG00000026578	TMED3
ENSP00000228641	ENSG00000111046	MYF6	ENSEEEP00000029975	ENSEEEG00000014363	MYF6
ENSP00000343021	ENSG00000189046	ALKBH2	ENSEEEP00000049614	ENSEEEG00000023328	ALKBH2
ENSP00000493254	ENSG00000197403	OR6N1	ENSEEEP00000040907	ENSEEEG00000019380	or101-1
ENSP00000377195	ENSG00000113758	DBN1	ENSEEEP00000044087	ENSEEEG00000020838	DBN1
ENSP00000361932	ENSG00000196968	POFUT4	ENSEEEP00000017582	ENSEEEG00000008687	FUT11
ENSP00000398124	ENSG00000133740	E2F5	ENSEEEP00000000921	ENSEEEG00000000620	E2F5
ENSP00000334642	ENSG00000165650	PDZD8	ENSEEEP00000009784	ENSEEEG00000004979	PDZD8
ENSP00000354972	ENSG00000135040	NAA35	ENSEEEP00000003158	ENSEEEG00000001786	NAA35
ENSP00000405424	ENSG00000164830	OXR1	ENSEEEP00000008365	ENSEEEG00000004237	oxr1b
ENSP00000678827	ENSG00000166503	HDGFL3	ENSEEEP00000038631	ENSEEEG00000018337	HDGFL3
ENSP00000258052	ENSG00000135587	SMPD2	ENSEEEP00000061740	ENSEEEG00000007204	smpd2b
ENSP00000318986	ENSG00000178694	NSUN3	ENSEEEP00000027326	ENSEEEG00000013183	NSUN3
ENSP00000356549	ENSG00000162783	IER5	ENSEEEP00000064316	ENSEEEG00000017183	IER5
ENSP00000633338	ENSG00000122359	ANXA11	ENSEEEP00000012191	ENSEEEG00000005282	anxa11a
ENSP00000403208	ENSG00000212916	MAP10	ENSEEEP00000063929	ENSEEEG00000026250	si:ch1073-266p11.2
ENSP00000767572	ENSG00000174446	SNAPC5	ENSEEEP00000007637	ENSEEEG00000003993	SNAPC5
ENSP00000483983	ENSG00000110934	BIN2	ENSEEEP00000053081	ENSEEEG00000018712	bin2b
ENSP00000567799	ENSG00000132437	DDC	ENSEEEP00000006583	ENSEEEG00000003465	DDC
ENSP00000502172	ENSG00000112137	PHACTR1	ENSEEEP00000051552	ENSEEEG00000024197	PHACTR1
ENSP00000338369	ENSG00000219073	CELA3B	ENSEEEP00000006332	ENSEEEG00000003369	CELA3A
ENSP00000249910	ENSG00000129071	MBD4	ENSEEEP00000044419	ENSEEEG00000020980	mbd4
ENSP00000643765	ENSG00000149292	TTC12	ENSEEEP00000033950	ENSEEEG00000016172	
ENSP00000350132	ENSG00000198523	PLN	ENSEEEP00000053548	ENSEEEG00000026805	si:ch211-270g19.5
ENSP00000445618	ENSG00000066427	ATXN3	ENSEEEP00000015882	ENSEEEG00000007826	atxn3
ENSP00000788015	ENSG00000112294	ALDH5A1	ENSEEEP00000049020	ENSEEEG00000023032	ALDH5A1
ENSP00000472681	ENSG00000232237	ASCL5	ENSEEEP00000033222	ENSEEEG00000015793	ASCL5
ENSP00000490213	ENSG00000274386	TMEM269	ENSEEEP00000041166	ENSEEEG00000019484	si:dkey-205h13.1
ENSP00000731559	ENSG00000164919	COX6C	ENSEEEP00000004761	ENSEEEG00000002492	cox6c
ENSP00000442464	ENSG00000144959	NCEH1	ENSEEEP00000042158	ENSEEEG00000019913	nceh1b.1
ENSP00000352565	ENSG00000164107	HAND2	ENSEEEP00000036673	ENSEEEG00000017411	HAND2
ENSP00000524752	ENSG00000140400	MAN2C1	ENSEEEP00000002925	ENSEEEG00000001663	MAN2C1
ENSP00000301159	ENSG00000267796	LIN37	ENSEEEP00000041478	ENSEEEG00000019612	LIN37
ENSP00000307766	ENSG00000168830	HTR1E	ENSEEEP00000051410	ENSEEEG00000024123	HTR1E
ENSP00000356630	ENSG00000112406	HECA	ENSEEEP00000052589	ENSEEEG00000024632	HECA
ENSP00000540918	ENSG00000008952	SEC62	ENSEEEP00000056895	ENSEEEG00000028399	SEC62
ENSP00000359870	ENSG00000171004	HS6ST2	ENSEEEP00000041882	ENSEEEG00000019795	HS6ST2
ENSP00000587353	ENSG00000104299	INTS9	ENSEEEP00000018980	ENSEEEG00000009300	INTS9
ENSP00000317895	ENSG00000215853	RPTN	ENSEEEP00000054060	ENSEEEG00000028935	AJM1
ENSP00000368984	ENSG00000123737	EXOSC9	ENSEEEP00000016060	ENSEEEG00000007954	EXOSC9
ENSP00000363804	ENSG00000136826	KLF4	ENSEEEP00000062722	ENSEEEG00000025289	KLF4
ENSP00000365550	ENSG00000165113	GKAP1	ENSEEEP00000063470	ENSEEEG00000001987	GKAP1
ENSP00000568523	ENSG00000187664	HAPLN4	ENSEEEP00000047674	ENSEEEG00000022435	HAPLN4
ENSP00000358151	ENSG00000184678	H2BC21	ENSEEEP00000029779	ENSEEEG00000014255	hist2h2l
ENSP00000408730	ENSG00000007080	CCDC124	ENSEEEP00000035464	ENSEEEG00000016890	CCDC124
ENSP00000297837	ENSG00000165138	ANKS6	ENSEEEP00000043444	ENSEEEG00000020535	DYNC1LI1
ENSP00000569020	ENSG00000086827	ZW10	ENSEEEP00000008869	ENSEEEG00000004568	ZW10
ENSP00000411913	ENSG00000211454	AKR7L	ENSEEEP00000028392	ENSEEEG00000013654	akr7a3
ENSP00000350878	ENSG00000213694	S1PR3	ENSEEEP00000006568	ENSEEEG00000003474	S1PR3
ENSP00000219431	ENSG00000103152	MPG	ENSEEEP00000002311	ENSEEEG00000001385	MPG
ENSP00000521690	ENSG00000059378	PARP12	ENSEEEP00000022547	ENSEEEG00000010952	parp12a
ENSP00000766281	ENSG00000103490	PYCARD	ENSEEEP00000003704	ENSEEEG00000002013	
ENSP00000718851	ENSG00000140859	KIFC3	ENSEEEP00000064253	ENSEEEG00000012424	KIFC3
ENSP00000512573	ENSG00000181544	FANCB	ENSEEEP00000026863	ENSEEEG00000012969	FANCB
ENSP00000387380	ENSG00000123119	NECAB1	ENSEEEP00000001392	ENSEEEG00000000917	NECAB1
ENSP00000402297	ENSG00000215906	LACTBL1	ENSEEEP00000027663	ENSEEEG00000013323	lactbl1b
ENSP00000379497	ENSG00000164949	GEM	ENSEEEP00000016166	ENSEEEG00000008008	REM1
ENSP00000369699	ENSG00000147003	CLTRN	ENSEEEP00000003136	ENSEEEG00000001776	si:dkey-194e6.1
ENSP00000495142	ENSG00000124614	RPS10	ENSEEEP00000014416	ENSEEEG00000007178	rps10
ENSP00000253303	ENSG00000130988	RGN	ENSEEEP00000062211	ENSEEEG00000027675	rgn
ENSP00000492425	ENSG00000177144	NUDT4B	ENSEEEP00000060417	ENSEEEG00000027271	nudt4b
ENSP00000362870	ENSG00000162510	MATN1	ENSEEEP00000038230	ENSEEEG00000018178	MATN1
ENSP00000222725	ENSG00000106003	LFNG	ENSEEEP00000000050	ENSEEEG00000000024	LFNG
ENSP00000580965	ENSG00000161847	RAVER1	ENSEEEP00000010275	ENSEEEG00000005206	raver1
ENSP00000595278	ENSG00000054967	RELT	ENSEEEP00000049905	ENSEEEG00000023462	RELT
ENSP00000641803	ENSG00000185753	CXorf38	ENSEEEP00000039944	ENSEEEG00000018938	CXorf38
ENSP00000599577	ENSG00000107882	SUFU	ENSEEEP00000035601	ENSEEEG00000016951	SUFU
ENSP00000430389	ENSG00000015592	STMN4	ENSEEEP00000059352	ENSEEEG00000025873	STMN4
ENSP00000289081	ENSG00000158169	FANCC	ENSEEEP00000025181	ENSEEEG00000012209	FANCC
ENSP00000323300	ENSG00000076382	SPAG5	ENSEEEP00000048043	ENSEEEG00000022637	si:dkey-25o16.4
ENSP00000586775	ENSG00000099624	ATP5F1D	ENSEEEP00000062109	ENSEEEG00000022471	ATP5F1D
ENSP00000443900	ENSG00000214113	LYRM4	ENSEEEP00000010186	ENSEEEG00000005173	LYRM4
ENSP00000716025	ENSG00000102383	ZDHHC15	ENSEEEP00000018876	ENSEEEG00000009256	zdhhc15b
ENSP00000642944	ENSG00000164199	ADGRV1	ENSEEEP00000063318	ENSEEEG00000027570	ADGRV1
ENSP00000365395	ENSG00000204518	AADACL4	ENSEEEP00000027630	ENSEEEG00000013309	aadacl4
ENSP00000483547	ENSG00000165175	MID1IP1	ENSEEEP00000026437	ENSEEEG00000012790	mid1ip1b
ENSP00000675216	ENSG00000187783	TMEM72	ENSEEEP00000060956	ENSEEEG00000028017	
ENSP00000360269	ENSG00000184292	TACSTD2	ENSEEEP00000021662	ENSEEEG00000010538	EPCAM
ENSP00000495537	ENSG00000156313	RPGR	ENSEEEP00000057968	ENSEEEG00000026548	rpgrb
ENSP00000583851	ENSG00000135597	REPS1	ENSEEEP00000036741	ENSEEEG00000017424	REPS1
ENSP00000375808	ENSG00000104884	ERCC2	ENSEEEP00000052474	ENSEEEG00000024576	ERCC2
ENSP00000358327	ENSG00000165806	CASP7	ENSEEEP00000012309	ENSEEEG00000006192	CASP7
ENSP00000788922	ENSG00000134824	FADS2	ENSEEEP00000007227	ENSEEEG00000003733	fads2
ENSP00000360157	ENSG00000187140	FOXD3	ENSEEEP00000039602	ENSEEEG00000018803	foxd3
ENSP00000368496	ENSG00000176022	B3GALT6	ENSEEEP00000014153	ENSEEEG00000007029	B3GALT6
ENSP00000440402	ENSG00000013573	DDX11	ENSEEEP00000032737	ENSEEEG00000015601	DDX11
ENSP00000565024	ENSG00000178814	OPLAH	ENSEEEP00000037676	ENSEEEG00000017910	OPLAH
ENSP00000710918	ENSG00000135926	TMBIM1	ENSEEEP00000047714	ENSEEEG00000022460	tmbim1a
ENSP00000365637	ENSG00000120549	KIAA1217	ENSEEEP00000033431	ENSEEEG00000015889	si:ch211-285f17.1
ENSP00000588321	ENSG00000163617	CCDC191	ENSEEEP00000044386	ENSEEEG00000020969	CCDC191
ENSP00000383873	ENSG00000215912	TTC34	ENSEEEP00000059910	ENSEEEG00000007801	ttc34
ENSP00000379839	ENSG00000159921	GNE	ENSEEEP00000053129	ENSEEEG00000007169	GNE
ENSP00000350651	ENSG00000196678	ERI2	ENSEEEP00000042201	ENSEEEG00000019937	eri2
ENSP00000369346	ENSG00000164291	ARSK	ENSEEEP00000058110	ENSEEEG00000014312	ARSK
ENSP00000483183	ENSG00000214087	ARL16	ENSEEEP00000028740	ENSEEEG00000013811	ARL16
ENSP00000362085	ENSG00000171159	BBLN	ENSEEEP00000061940	ENSEEEG00000027666	BBLN
ENSP00000219299	ENSG00000103021	CFAP263	ENSEEEP00000034790	ENSEEEG00000016544	cfap263
ENSP00000638468	ENSG00000157657	ZNF618	ENSEEEP00000057916	ENSEEEG00000026938	ZNF618
ENSP00000367032	ENSG00000182836	PLCXD3	ENSEEEP00000037963	ENSEEEG00000018032	PLCXD3
ENSP00000220514	ENSG00000104147	OIP5	ENSEEEP00000048718	ENSEEEG00000022920	OIP5
ENSP00000571374	ENSG00000149923	PPP4C	ENSEEEP00000039870	ENSEEEG00000018908	ppp4cb
ENSP00000274341	ENSG00000145681	HAPLN1	ENSEEEP00000045142	ENSEEEG00000021312	HAPLN1
ENSP00000380524	ENSG00000152611	CAPSL	ENSEEEP00000005995	ENSEEEG00000003186	capslb
ENSP00000353106	ENSG00000131831	RAI2	ENSEEEP00000005900	ENSEEEG00000003133	RAI2
ENSP00000425906	ENSG00000145685	LHFPL2	ENSEEEP00000001509	ENSEEEG00000000978	lhfpl2a
ENSP00000368245	ENSG00000120280	TASL	ENSEEEP00000038200	ENSEEEG00000018162	
ENSP00000495202	ENSG00000285053		ENSEEEP00000002331	ENSEEEG00000001386	tbce
ENSP00000515109	ENSG00000105223	PLD3	ENSEEEP00000026951	ENSEEEG00000012903	PLD3
ENSP00000602445	ENSG00000138375	SMARCAL1	ENSEEEP00000044505	ENSEEEG00000020918	SMARCAL1
ENSP00000346015	ENSG00000166441	RPL27A	ENSEEEP00000003241	ENSEEEG00000001810	RPL27A
ENSP00000473550	ENSG00000270136	MICOS10-NBL1	ENSEEEP00000029527	ENSEEEG00000014140	micos10
ENSP00000583789	ENSG00000108788	MLX	ENSEEEP00000010452	ENSEEEG00000005285	MLX
ENSP00000370303	ENSG00000175893	ZDHHC21	ENSEEEP00000039151	ENSEEEG00000018602	ZDHHC21
ENSP00000354294	ENSG00000168925	CTRB1	ENSEEEP00000040254	ENSEEEG00000018887	CTRL
ENSP00000397181	ENSG00000117152	RGS4	ENSEEEP00000014242	ENSEEEG00000007080	RGS4
ENSP00000618177	ENSG00000169239	CA5B	ENSEEEP00000021608	ENSEEEG00000010517	ca5a
ENSP00000306887	ENSG00000171202	TMEM126A	ENSEEEP00000031896	ENSEEEG00000015226	tmem126a
ENSP00000262352	ENSG00000106688	SLC1A1	ENSEEEP00000027524	ENSEEEG00000013038	SLC1A1
ENSP00000601227	ENSG00000123131	PRDX4	ENSEEEP00000042989	ENSEEEG00000020254	PRDX4
ENSP00000489642	ENSG00000241224	C3orf85	ENSEEEP00000032516	ENSEEEG00000015504	
ENSP00000306425	ENSG00000170791	CHCHD7	ENSEEEP00000003257	ENSEEEG00000001834	CHCHD7
ENSP00000518166	ENSG00000177606	JUN	ENSEEEP00000036871	ENSEEEG00000017505	JUN
ENSP00000507912	ENSG00000175595	ERCC4	ENSEEEP00000020903	ENSEEEG00000010194	ERCC4
ENSP00000579490	ENSG00000073331	ALPK1	ENSEEEP00000037277	ENSEEEG00000017716	ALPK1
ENSP00000552762	ENSG00000136560	TANK	ENSEEEP00000050185	ENSEEEG00000023603	TANK
ENSP00000210313	ENSG00000095261	PSMD5	ENSEEEP00000020885	ENSEEEG00000010186	PSMD5
ENSP00000673028	ENSG00000213398	LCAT	ENSEEEP00000034769	ENSEEEG00000016521	LCAT
ENSP00000401831	ENSG00000167107	ACSF2	ENSEEEP00000017809	ENSEEEG00000008638	ACSF2
ENSP00000263233	ENSG00000102003	SYP	ENSEEEP00000034284	ENSEEEG00000016328	sypa
ENSP00000361923	ENSG00000172586	CHCHD1	ENSEEEP00000016968	ENSEEEG00000008409	CHCHD1
ENSP00000217958	ENSG00000101843	PSMD10	ENSEEEP00000035198	ENSEEEG00000016747	PSMD10
ENSP00000388169	ENSG00000241553	ARPC4	ENSEEEP00000007885	ENSEEEG00000004099	ARPC4
ENSP00000377280	ENSG00000164117	FBXO8	ENSEEEP00000036670	ENSEEEG00000017410	FBXO8
ENSP00000278483	ENSG00000149196	HIKESHI	ENSEEEP00000024555	ENSEEEG00000011906	HIKESHI
ENSP00000564778	ENSG00000114388	NPRL2	ENSEEEP00000051752	ENSEEEG00000024303	NPRL2
ENSP00000307298	ENSG00000169018	FEM1B	ENSEEEP00000064255	ENSEEEG00000028890	FEM1B
ENSP00000385422	ENSG00000156097	GPR61	ENSEEEP00000045509	ENSEEEG00000021470	GPR61
ENSP00000667438	ENSG00000166816	LDHD	ENSEEEP00000029178	ENSEEEG00000013931	LDHD
ENSP00000585402	ENSG00000128915	ICE2	ENSEEEP00000000702	ENSEEEG00000000483	ICE2
ENSP00000296741	ENSG00000164303	ENPP6	ENSEEEP00000033334	ENSEEEG00000015839	ENPP6
ENSP00000247815	ENSG00000127311	HELB	ENSEEEP00000037422	ENSEEEG00000017794	HELB
ENSP00000360676	ENSG00000198841	KTI12	ENSEEEP00000024265	ENSEEEG00000011767	kti12
ENSP00000567497	ENSG00000166171	DPCD	ENSEEEP00000027845	ENSEEEG00000013408	DPCD
ENSP00000432163	ENSG00000182359	KBTBD3	ENSEEEP00000008043	ENSEEEG00000004197	KBTBD3
ENSP00000249356	ENSG00000128590	DNAJB9	ENSEEEP00000046541	ENSEEEG00000021919	dnajb9a
ENSP00000419242	ENSG00000127993	RBM48	ENSEEEP00000043687	ENSEEEG00000020652	RBM48
ENSP00000303987	ENSG00000168569	TMEM223	ENSEEEP00000010522	ENSEEEG00000005332	tmem223
ENSP00000630317	ENSG00000103066	PLA2G15	ENSEEEP00000034770	ENSEEEG00000016534	PLA2G15
ENSP00000775622	ENSG00000180992	MRPL14	ENSEEEP00000053252	ENSEEEG00000008001	MRPL14
ENSP00000795948	ENSG00000139437	TCHP	ENSEEEP00000043655	ENSEEEG00000020637	TCHP
ENSP00000507655	ENSG00000125124	BBS2	ENSEEEP00000047799	ENSEEEG00000022495	bbs2
ENSP00000625015	ENSG00000110583	NAA40	ENSEEEP00000049635	ENSEEEG00000023347	NAA40
ENSP00000216361	ENSG00000100473	COCH	ENSEEEP00000003532	ENSEEEG00000001946	COCH
ENSP00000226279	ENSG00000004468	CD38	ENSEEEP00000025894	ENSEEEG00000012541	
ENSP00000299505	ENSG00000166398	GARRE1	ENSEEEP00000062355	ENSEEEG00000002164	GARRE1
ENSP00000606267	ENSG00000185624	P4HB	ENSEEEP00000012007	ENSEEEG00000006054	P4HB
ENSP00000544560	ENSG00000175600	SUGCT	ENSEEEP00000010854	ENSEEEG00000005286	SUGCT
ENSP00000533305	ENSG00000176946	THAP4	ENSEEEP00000054602	ENSEEEG00000028307	THAP4
ENSP00000434517	ENSG00000184363	PKP3	ENSEEEP00000003200	ENSEEEG00000001801	pkp3a
ENSP00000659289	ENSG00000148677	ANKRD1	ENSEEEP00000046033	ENSEEEG00000021683	ankrd1a
ENSP00000441890	ENSG00000087494	PTHLH	ENSEEEP00000001418	ENSEEEG00000000933	pthlha
ENSP00000798241	ENSG00000132406	TMEM128	ENSEEEP00000045862	ENSEEEG00000021618	TMEM107
ENSP00000587760	ENSG00000133895	MEN1	ENSEEEP00000035111	ENSEEEG00000016703	MEN1
ENSP00000668329	ENSG00000138795	LEF1	ENSEEEP00000018408	ENSEEEG00000009045	LEF1
ENSP00000297581	ENSG00000164935	DCSTAMP	ENSEEEP00000008391	ENSEEEG00000004380	DCSTAMP
ENSP00000356795	ENSG00000143178	TBX19	ENSEEEP00000022573	ENSEEEG00000010964	TBX19
ENSP00000637837	ENSG00000164603	SAMTOR	ENSEEEP00000045428	ENSEEEG00000021447	BMT2
ENSP00000666970	ENSG00000138430	OLA1	ENSEEEP00000046497	ENSEEEG00000021904	OLA1
ENSP00000326813	ENSG00000180667	YOD1	ENSEEEP00000026283	ENSEEEG00000012711	YOD1
ENSP00000560629	ENSG00000184060	ADAP2	ENSEEEP00000011576	ENSEEEG00000005823	ADAP2
ENSP00000622211	ENSG00000187164	SHTN1	ENSEEEP00000046064	ENSEEEG00000021707	SHTN1
ENSP00000305426	ENSG00000166402	TUB	ENSEEEP00000041649	ENSEEEG00000019704	TUB
ENSP00000378690	ENSG00000183166	CALN1	ENSEEEP00000003362	ENSEEEG00000001889	CALN1
ENSP00000372088	ENSG00000051180	RAD51	ENSEEEP00000017370	ENSEEEG00000008582	RAD51
ENSP00000572958	ENSG00000182087	TMEM259	ENSEEEP00000051684	ENSEEEG00000024271	TMEM259
ENSP00000427797	ENSG00000104427	ZC2HC1A	ENSEEEP00000018413	ENSEEEG00000009046	ZC2HC1A
ENSP00000638196	ENSG00000188177	ZC3H6	ENSEEEP00000046291	ENSEEEG00000021800	ZC3H6
ENSP00000478261	ENSG00000147145	LPAR4	ENSEEEP00000047953	ENSEEEG00000022587	LPAR4
ENSP00000339672	ENSG00000137745	MMP13	ENSEEEP00000022455	ENSEEEG00000010895	mmp30
ENSP00000297313	ENSG00000147509	RGS20	ENSEEEP00000020556	ENSEEEG00000010034	RGS20
ENSP00000284116	ENSG00000153982	GDPD1	ENSEEEP00000025341	ENSEEEG00000012276	GDPD1
ENSP00000359813	ENSG00000101928	MOSPD1	ENSEEEP00000051945	ENSEEEG00000024375	MOSPD1
ENSP00000634625	ENSG00000198825	INPP5F	ENSEEEP00000035737	ENSEEEG00000017011	INPP5F
ENSP00000628915	ENSG00000110429	FBXO3	ENSEEEP00000028255	ENSEEEG00000013584	FBXO3
ENSP00000446252	ENSG00000291237	SOD2	ENSEEEP00000019686	ENSEEEG00000009496	SOD2
ENSP00000417303	ENSG00000102349	KLF8	ENSEEEP00000060370	ENSEEEG00000025068	KLF8
ENSP00000526149	ENSG00000180745	CLRN3	ENSEEEP00000049759	ENSEEEG00000023387	CLRN3
ENSP00000614146	ENSG00000064042	LIMCH1	ENSEEEP00000016065	ENSEEEG00000007957	limch1a
ENSP00000499199	ENSG00000132330	SCLY	ENSEEEP00000010590	ENSEEEG00000005213	SCLY
ENSP00000419923	ENSG00000067082	KLF6	ENSEEEP00000037909	ENSEEEG00000018010	klf6a
ENSP00000490468	ENSG00000187772	LIN28B	ENSEEEP00000044010	ENSEEEG00000020791	LIN28B
ENSP00000636025	ENSG00000172053	QARS1	ENSEEEP00000000528	ENSEEEG00000000275	QARS1
ENSP00000496415	ENSG00000137273	FOXF2	ENSEEEP00000051475	ENSEEEG00000024166	foxf2a
ENSP00000455009	ENSG00000167526	RPL13	ENSEEEP00000029548	ENSEEEG00000014153	rpl13
ENSP00000588486	ENSG00000171311	EXOSC1	ENSEEEP00000063030	ENSEEEG00000026116	EXOSC1
ENSP00000678028	ENSG00000040341	STAU2	ENSEEEP00000007760	ENSEEEG00000004028	STAU2
ENSP00000545307	ENSG00000179151	EDC3	ENSEEEP00000046636	ENSEEEG00000021958	EDC3
ENSP00000581324	ENSG00000131264	CDX4	ENSEEEP00000026257	ENSEEEG00000012696	CDX4
ENSP00000555518	ENSG00000119688	ABCD4	ENSEEEP00000022202	ENSEEEG00000010660	ABCD4
ENSP00000497389	ENSG00000177106	EPS8L2	ENSEEEP00000061995	ENSEEEG00000003683	eps8l2
ENSP00000582721	ENSG00000166848	TERF2IP	ENSEEEP00000020998	ENSEEEG00000010238	
ENSP00000579259	ENSG00000144369	FAM171B	ENSEEEP00000043585	ENSEEEG00000020598	
ENSP00000529454	ENSG00000131725	WDR44	ENSEEEP00000014453	ENSEEEG00000007100	WDR44
ENSP00000456337	ENSG00000261652	PIERCE2	ENSEEEP00000000643	ENSEEEG00000000456	C15orf65
ENSP00000364430	ENSG00000204335	SP5	ENSEEEP00000051806	ENSEEEG00000024317	sp5a
ENSP00000265990	ENSG00000095564	BTAF1	ENSEEEP00000012581	ENSEEEG00000005657	BTAF1
ENSP00000488378	ENSG00000105854	PON2	ENSEEEP00000037242	ENSEEEG00000017702	PON1
ENSP00000468425	ENSG00000167900	TK1	ENSEEEP00000046247	ENSEEEG00000021784	TK1
ENSP00000283936	ENSG00000153822	KCNJ16	ENSEEEP00000021833	ENSEEEG00000010620	KCNJ16
ENSP00000335196	ENSG00000186417	GLDN	ENSEEEP00000032671	ENSEEEG00000015576	GLDN
ENSP00000288050	ENSG00000090857	PDPR	ENSEEEP00000034964	ENSEEEG00000016546	PDPR
ENSP00000319991	ENSG00000108932	SLC16A6	ENSEEEP00000034575	ENSEEEG00000016443	slc16a6b
ENSP00000373594	ENSG00000169758	TMEM266	ENSEEEP00000031663	ENSEEEG00000015132	TMEM266
ENSP00000373600	ENSG00000154237	LRRK1	ENSEEEP00000032072	ENSEEEG00000015290	CARMIL1
ENSP00000610733	ENSG00000137207	YIPF3	ENSEEEP00000026281	ENSEEEG00000012702	YIPF3
ENSP00000578465	ENSG00000146674	IGFBP3	ENSEEEP00000063399	ENSEEEG00000028441	IGFBP3
ENSP00000438209	ENSG00000189120	SP6	ENSEEEP00000034819	ENSEEEG00000016571	SP6
ENSP00000351346	ENSG00000132549	VPS13B	ENSEEEP00000054902	ENSEEEG00000028508	VPS13B
ENSP00000482599	ENSG00000181038	METTL23	ENSEEEP00000047429	ENSEEEG00000022320	METTL23
ENSP00000633786	ENSG00000139726	DENR	ENSEEEP00000045873	ENSEEEG00000021595	DENR
ENSP00000676767	ENSG00000166965	RCCD1	ENSEEEP00000008634	ENSEEEG00000004481	RCCD1
ENSP00000387007	ENSG00000146918	NCAPG2	ENSEEEP00000058900	ENSEEEG00000022861	NCAPG2
ENSP00000357037	ENSG00000112282	MED23	ENSEEEP00000063353	ENSEEEG00000018052	MED23
ENSP00000319482	ENSG00000188215	DCUN1D3	ENSEEEP00000051065	ENSEEEG00000023978	DCUN1D3
ENSP00000746503	ENSG00000141560	FN3KRP	ENSEEEP00000058273	ENSEEEG00000028392	FN3KRP
ENSP00000753548	ENSG00000172500	FIBP	ENSEEEP00000042324	ENSEEEG00000019990	fibpa
ENSP00000340274	ENSG00000123728	RAP2C	ENSEEEP00000058169	ENSEEEG00000025200	RAP2C
ENSP00000328174	ENSG00000140451	PIF1	ENSEEEP00000024943	ENSEEEG00000012098	PIF1
ENSP00000502556	ENSG00000169562	GJB1	ENSEEEP00000022058	ENSEEEG00000010718	cx31.7
ENSP00000423812	ENSG00000136457	CHAD	ENSEEEP00000017827	ENSEEEG00000008801	CHAD
ENSP00000756357	ENSG00000111196	MAGOHB	ENSEEEP00000013495	ENSEEEG00000006749	magoh
ENSP00000629305	ENSG00000185269	NOTUM	ENSEEEP00000047534	ENSEEEG00000022376	notum1a
ENSP00000354361	ENSG00000168411	RFWD3	ENSEEEP00000059633	ENSEEEG00000027624	RFWD3
ENSP00000216513	ENSG00000100625	SIX4	ENSEEEP00000050567	ENSEEEG00000023782	six4b
ENSP00000299157	ENSG00000166130	IKBIP	ENSEEEP00000043865	ENSEEEG00000020733	DCTN2
ENSP00000451129	ENSG00000100603	SNW1	ENSEEEP00000039540	ENSEEEG00000018751	SNW1
ENSP00000438886	ENSG00000108465	CDK5RAP3	ENSEEEP00000012430	ENSEEEG00000006028	CDK5RAP3
ENSP00000598080	ENSG00000163608	RMP64	ENSEEEP00000038894	ENSEEEG00000018450	NEPRO
ENSP00000262809	ENSG00000105656	ELL	ENSEEEP00000058294	ENSEEEG00000012323	ELL
ENSP00000614997	ENSG00000159387	IRX6	ENSEEEP00000010491	ENSEEEG00000005310	irx6a
ENSP00000543133	ENSG00000120992	LYPLA1	ENSEEEP00000002701	ENSEEEG00000001511	LYPLA1
ENSP00000577986	ENSG00000172638	EFEMP2	ENSEEEP00000042335	ENSEEEG00000019991	efemp2a
ENSP00000367154	ENSG00000148484	RSU1	ENSEEEP00000020488	ENSEEEG00000010004	RSU1
ENSP00000496577	ENSG00000185338	SOCS1	ENSEEEP00000045340	ENSEEEG00000021399	socs1a
ENSP00000501794	ENSG00000131165	CHMP1A	ENSEEEP00000054661	ENSEEEG00000008309	CHMP1A
ENSP00000310042	ENSG00000173545	ZNF622	ENSEEEP00000038081	ENSEEEG00000018087	ZNF622
ENSP00000704805	ENSG00000185267	CDNF	ENSEEEP00000008299	ENSEEEG00000004337	CDNF
ENSP00000759138	ENSG00000138160	KIF11	ENSEEEP00000021725	ENSEEEG00000010564	KIF11
ENSP00000309493	ENSG00000173612	GPRC6A	ENSEEEP00000021482	ENSEEEG00000010466	GPRC6A
ENSP00000559800	ENSG00000100726	TELO2	ENSEEEP00000011003	ENSEEEG00000005537	TELO2
ENSP00000502668	ENSG00000112367	FIG4	ENSEEEP00000063603	ENSEEEG00000021024	FIG4
ENSP00000587597	ENSG00000151332	MBIP	ENSEEEP00000045070	ENSEEEG00000021277	MBIP
ENSP00000366487	ENSG00000165997	ARL5B	ENSEEEP00000002679	ENSEEEG00000001552	arl8
ENSP00000362314	ENSG00000148730	EIF4EBP2	ENSEEEP00000059044	ENSEEEG00000025703	EIF4EBP2
ENSP00000370376	ENSG00000128951	DUT	ENSEEEP00000032631	ENSEEEG00000015556	DUT
ENSP00000279873	ENSG00000150347	ARID5B	ENSEEEP00000032254	ENSEEEG00000015386	ARID5B
ENSP00000748998	ENSG00000241058	NSUN6	ENSEEEP00000002684	ENSEEEG00000001553	NSUN6
ENSP00000451653	ENSG00000092140	G2E3	ENSEEEP00000053914	ENSEEEG00000002446	G2E3
ENSP00000632505	ENSG00000117984	CTSD	ENSEEEP00000045910	ENSEEEG00000021340	ctsd
ENSP00000428480	ENSG00000006377	DLX6	ENSEEEP00000046746	ENSEEEG00000022015	dlx6a
ENSP00000586334	ENSG00000203780	FANK1	ENSEEEP00000036633	ENSEEEG00000017391	FANK1
ENSP00000466399	ENSG00000185379	RAD51D	ENSEEEP00000008581	ENSEEEG00000004450	RAD51D
ENSP00000305151	ENSG00000170234	PWWP2A	ENSEEEP00000043774	ENSEEEG00000020690	PWWP2A
ENSP00000799133	ENSG00000119616	FCF1	ENSEEEP00000018967	ENSEEEG00000009294	FCF1
ENSP00000508424	ENSG00000167414	GNG8	ENSEEEP00000010176	ENSEEEG00000005162	GNG8
ENSP00000231524	ENSG00000113595	TRIM23	ENSEEEP00000023248	ENSEEEG00000011212	TRIM23
ENSP00000570395	ENSG00000131373	HACL1	ENSEEEP00000056747	ENSEEEG00000014667	HACL1
ENSP00000608927	ENSG00000111906	HDDC2	ENSEEEP00000036905	ENSEEEG00000017527	HDDC2
ENSP00000316482	ENSG00000151364	KCTD14	ENSEEEP00000050014	ENSEEEG00000023513	KCTD14
ENSP00000604186	ENSG00000131475	VPS25	ENSEEEP00000008163	ENSEEEG00000004255	VPS25
ENSP00000344244	ENSG00000168060	NAALADL1	ENSEEEP00000036765	ENSEEEG00000017442	si:ch211-214j8.1
ENSP00000787347	ENSG00000041357	PSMA4	ENSEEEP00000037788	ENSEEEG00000017962	PSMA4
ENSP00000571684	ENSG00000133028	SCO1	ENSEEEP00000040374	ENSEEEG00000019123	SCO1
ENSP00000591947	ENSG00000089486	CDIP1	ENSEEEP00000002018	ENSEEEG00000001256	CDIP1
ENSP00000357402	ENSG00000188580	NKAIN2	ENSEEEP00000036922	ENSEEEG00000017534	NKAIN2
ENSP00000529464	ENSG00000100883	SRP54	ENSEEEP00000008374	ENSEEEG00000004368	SRP54
ENSP00000367069	ENSG00000066827	ZFAT	ENSEEEP00000034181	ENSEEEG00000016267	ZFAT
ENSP00000327368	ENSG00000123500	COL10A1	ENSEEEP00000027461	ENSEEEG00000013242	col10a1a
ENSP00000797531	ENSG00000121057	AKAP1	ENSEEEP00000025857	ENSEEEG00000012531	akap1b
ENSP00000752512	ENSG00000106443	PHF14	ENSEEEP00000048868	ENSEEEG00000022948	PHF14
ENSP00000393840	ENSG00000189114	BLOC1S3	ENSEEEP00000009288	ENSEEEG00000004770	BLOC1S3
ENSP00000417544	ENSG00000112514	CUTA	ENSEEEP00000008920	ENSEEEG00000004605	
ENSP00000501911	ENSG00000123810	B9D2	ENSEEEP00000005778	ENSEEEG00000003058	B9D2
ENSP00000407976	ENSG00000135185	TMEM243	ENSEEEP00000008261	ENSEEEG00000004323	tmem243b
ENSP00000578610	ENSG00000130734	ATG4D	ENSEEEP00000035784	ENSEEEG00000017030	atg4da
ENSP00000587874	ENSG00000077235	GTF3C1	ENSEEEP00000059112	ENSEEEG00000019928	GTF3C1
ENSP00000591650	ENSG00000136271	DDX56	ENSEEEP00000045445	ENSEEEG00000021452	DDX56
ENSP00000588157	ENSG00000121316	PLBD1	ENSEEEP00000028401	ENSEEEG00000013610	PLBD1
ENSP00000396445	ENSG00000164823	OSGIN2	ENSEEEP00000010363	ENSEEEG00000005249	OSGIN2
ENSP00000380959	ENSG00000214226	C17orf67	ENSEEEP00000012049	ENSEEEG00000006076	si:dkey-31g6.6
ENSP00000344446	ENSG00000180263	FGD6	ENSEEEP00000014256	ENSEEEG00000007089	FGD6
ENSP00000330523	ENSG00000164932	CTHRC1	ENSEEEP00000000159	ENSEEEG00000000121	cthrc1a
ENSP00000511886	ENSG00000113048	MRPS27	ENSEEEP00000020529	ENSEEEG00000009941	mrps27
ENSP00000268138	ENSG00000140534	TICRR	ENSEEEP00000039277	ENSEEEG00000018662	trappc10
ENSP00000267484	ENSG00000139970	RTN1	ENSEEEP00000061655	ENSEEEG00000023768	rtn1b
ENSP00000312624	ENSG00000173991	TCAP	ENSEEEP00000018660	ENSEEEG00000009175	TCAP
ENSP00000254605	ENSG00000132275	RRP8	ENSEEEP00000036763	ENSEEEG00000017449	RRP8
ENSP00000239165	ENSG00000260027	HOXB7	ENSEEEP00000007606	ENSEEEG00000003976	hoxb7a
ENSP00000547633	ENSG00000079112	CDH17	ENSEEEP00000042772	ENSEEEG00000020180	CDH17
ENSP00000722125	ENSG00000064961	HMG20B	ENSEEEP00000048631	ENSEEEG00000022882	HMG20B
ENSP00000445770	ENSG00000128973	CLN6	ENSEEEP00000038258	ENSEEEG00000018185	cln6a
ENSP00000631750	ENSG00000063046	EIF4B	ENSEEEP00000015612	ENSEEEG00000007739	eif4ba
ENSP00000555560	ENSG00000110435	PDHX	ENSEEEP00000056405	ENSEEEG00000012283	PDHX
ENSP00000245451	ENSG00000125378	BMP4	ENSEEEP00000019197	ENSEEEG00000009409	BMP4
ENSP00000773889	ENSG00000219200	RNASEK	ENSEEEP00000034368	ENSEEEG00000016357	rnasekb
ENSP00000387926	ENSG00000188186	LAMTOR4	ENSEEEP00000055185	ENSEEEG00000027562	LAMTOR4
ENSP00000269097	ENSG00000141349	G6PC3	ENSEEEP00000007800	ENSEEEG00000004084	G6PC3
ENSP00000592017	ENSG00000198554	WDHD1	ENSEEEP00000058320	ENSEEEG00000012642	WDHD1
ENSP00000306123	ENSG00000103932	RPAP1	ENSEEEP00000035886	ENSEEEG00000017067	RPAP1
ENSP00000507129	ENSG00000128652	HOXD3	ENSEEEP00000021328	ENSEEEG00000010392	hoxd3a
ENSP00000798025	ENSG00000145491	ROPN1L	ENSEEEP00000018438	ENSEEEG00000009057	ROPN1L
ENSP00000641502	ENSG00000146701	MDH2	ENSEEEP00000018030	ENSEEEG00000008419	MDH2
ENSP00000306999	ENSG00000171320	ESCO2	ENSEEEP00000036767	ENSEEEG00000017450	ESCO2
ENSP00000622671	ENSG00000112130	RNF8	ENSEEEP00000028710	ENSEEEG00000013793	RNF8
ENSP00000603010	ENSG00000051341	POLQ	ENSEEEP00000008137	ENSEEEG00000004242	POLQ
ENSP00000320893	ENSG00000177981	ASB8	ENSEEEP00000018187	ENSEEEG00000008941	ASB8
ENSP00000747252	ENSG00000179361	ARID3B	ENSEEEP00000039480	ENSEEEG00000018748	ARID3B
ENSP00000254900	ENSG00000112983	BRD8	ENSEEEP00000029062	ENSEEEG00000013936	BRD8
ENSP00000527928	ENSG00000196821	ILRUN	ENSEEEP00000014425	ENSEEEG00000007182	ILRUN
ENSP00000549627	ENSG00000169359	SLC33A1	ENSEEEP00000020624	ENSEEEG00000010062	slc33a1
ENSP00000619122	ENSG00000106524	ANKMY2	ENSEEEP00000007658	ENSEEEG00000004004	ankmy2a
ENSP00000524715	ENSG00000112039	FANCE	ENSEEEP00000014484	ENSEEEG00000007211	FANCE
ENSP00000690716	ENSG00000116062	MSH6	ENSEEEP00000046345	ENSEEEG00000021816	MSH6
ENSP00000571079	ENSG00000075785	RAB7A	ENSEEEP00000007822	ENSEEEG00000004060	RAB7A
ENSP00000400500	ENSG00000177683	THAP5	ENSEEEP00000037301	ENSEEEG00000017731	
ENSP00000221130	ENSG00000104687	GSR	ENSEEEP00000031112	ENSEEEG00000014731	GSR
ENSP00000342336	ENSG00000189320	FAM180A	ENSEEEP00000003415	ENSEEEG00000001905	FAM180A
ENSP00000325564	ENSG00000179751	SYCN	ENSEEEP00000010173	ENSEEEG00000005161	sycn.1
ENSP00000375711	ENSG00000204673	AKT1S1	ENSEEEP00000055453	ENSEEEG00000029148	AKT1S1
ENSP00000384948	ENSG00000168301	KCTD6	ENSEEEP00000011960	ENSEEEG00000006032	kctd6b
ENSP00000679527	ENSG00000183018	SPNS2	ENSEEEP00000028997	ENSEEEG00000013907	SPNS2
ENSP00000505433	ENSG00000159063	ALG8	ENSEEEP00000008153	ENSEEEG00000004248	ALG8
ENSP00000549464	ENSG00000182551	ADI1	ENSEEEP00000017255	ENSEEEG00000008533	ADI1
ENSP00000512647	ENSG00000179348	GATA2	ENSEEEP00000009983	ENSEEEG00000005077	gata2a
ENSP00000324248	ENSG00000181195	PENK	ENSEEEP00000003264	ENSEEEG00000001836	penkb
ENSP00000465828	ENSG00000167468	GPX4	ENSEEEP00000048769	ENSEEEG00000022942	gpx4b
ENSP00000262394	ENSG00000109046	WSB1	ENSEEEP00000024750	ENSEEEG00000011983	WSB1
ENSP00000612054	ENSG00000165959	CLMN	ENSEEEP00000033003	ENSEEEG00000015713	CLMN
ENSP00000630987	ENSG00000114473	DRC9	ENSEEEP00000002184	ENSEEEG00000001336	IQCG
ENSP00000281513	ENSG00000151779	NBAS	ENSEEEP00000041455	ENSEEEG00000019402	NBAS
ENSP00000297347	ENSG00000164758	MED30	ENSEEEP00000039089	ENSEEEG00000018561	MED30
ENSP00000384580	ENSG00000259431	THTPA	ENSEEEP00000007625	ENSEEEG00000003984	THTPA
ENSP00000765300	ENSG00000278615	C11orf98	ENSEEEP00000033307	ENSEEEG00000015830	C11orf98
ENSP00000726428	ENSG00000007392	LUC7L	ENSEEEP00000009474	ENSEEEG00000004837	zgc:158803
ENSP00000494998	ENSG00000139998	RAB15	ENSEEEP00000027949	ENSEEEG00000013452	RAB15
ENSP00000500914	ENSG00000074266	EED	ENSEEEP00000024547	ENSEEEG00000011894	EED
ENSP00000180166	ENSG00000078579	FGF20	ENSEEEP00000042350	ENSEEEG00000020008	fgf20b
ENSP00000724581	ENSG00000157110	RBPMS	ENSEEEP00000061501	ENSEEEG00000027938	RBPMS
ENSP00000456568	ENSG00000074696	HACD3	ENSEEEP00000048149	ENSEEEG00000022666	HACD3
ENSP00000633649	ENSG00000132004	FBXW9	ENSEEEP00000037670	ENSEEEG00000017914	FBXW9
ENSP00000332148	ENSG00000158163	DZIP1L	ENSEEEP00000007051	ENSEEEG00000003721	DZIP1L
ENSP00000345156	ENSG00000188846	RPL14	ENSEEEP00000061280	ENSEEEG00000012421	RPL14
ENSP00000355250	ENSG00000198920	KIAA0753	ENSEEEP00000001725	ENSEEEG00000001104	
ENSP00000492287	ENSG00000184307	ZDHHC23	ENSEEEP00000044390	ENSEEEG00000020971	zdhhc23b
ENSP00000344424	ENSG00000100647	SUSD6	ENSEEEP00000004317	ENSEEEG00000002275	SUSD6
ENSP00000620463	ENSG00000171533	MAP6	ENSEEEP00000028958	ENSEEEG00000013891	map6a
ENSP00000550125	ENSG00000170017	ALCAM	ENSEEEP00000022240	ENSEEEG00000010582	alcamb
ENSP00000633741	ENSG00000135272	MDFIC	ENSEEEP00000019294	ENSEEEG00000009447	MDFIC
ENSP00000604277	ENSG00000110711	AIP	ENSEEEP00000018549	ENSEEEG00000009114	AIP
ENSP00000741640	ENSG00000134152	KATNBL1	ENSEEEP00000021398	ENSEEEG00000010426	KATNBL1
ENSP00000612188	ENSG00000196428	TSC22D2	ENSEEEP00000035941	ENSEEEG00000017092	TSC22D2
ENSP00000775891	ENSG00000048405	ZNF800	ENSEEEP00000018741	ENSEEEG00000009212	znf800a
ENSP00000711247	ENSG00000103260	METRN	ENSEEEP00000051036	ENSEEEG00000023962	metrn
ENSP00000252050	ENSG00000112659	CUL9	ENSEEEP00000059555	ENSEEEG00000026222	
ENSP00000381543	ENSG00000188895	MSL1	ENSEEEP00000023840	ENSEEEG00000011571	msl1b
ENSP00000552638	ENSG00000119685	TTLL5	ENSEEEP00000043957	ENSEEEG00000020762	TTLL5
ENSP00000435835	ENSG00000135373	EHF	ENSEEEP00000023874	ENSEEEG00000011585	EHF
ENSP00000295108	ENSG00000162992	NEUROD1	ENSEEEP00000054462	ENSEEEG00000006077	NEUROD1
ENSP00000264664	ENSG00000070193	FGF10	ENSEEEP00000030230	ENSEEEG00000014495	fgf10a
ENSP00000387471	ENSG00000166595	CIAO2B	ENSEEEP00000039368	ENSEEEG00000018689	CIAO2B
ENSP00000380256	ENSG00000162063	CCNF	ENSEEEP00000052829	ENSEEEG00000021364	CCNF
ENSP00000478298	ENSG00000005206	SPPL2B	ENSEEEP00000032778	ENSEEEG00000015387	sppl2
ENSP00000454283	ENSG00000140365	COMMD4	ENSEEEP00000003015	ENSEEEG00000001678	COMMD4
ENSP00000264926	ENSG00000070950	RAD18	ENSEEEP00000052166	ENSEEEG00000024458	RAD18
ENSP00000411770	ENSG00000118004	COLEC11	ENSEEEP00000003588	ENSEEEG00000001964	COLEC11
ENSP00000438748	ENSG00000167447	SMG8	ENSEEEP00000036942	ENSEEEG00000017544	smg8
ENSP00000417207	ENSG00000120093	HOXB3	ENSEEEP00000007588	ENSEEEG00000003961	hoxb3a
ENSP00000300589	ENSG00000167207	NOD2	ENSEEEP00000049332	ENSEEEG00000023185	NOD2
ENSP00000342805	ENSG00000158234	FAIM	ENSEEEP00000047662	ENSEEEG00000022434	faima
ENSP00000444029	ENSG00000124789	NUP153	ENSEEEP00000033882	ENSEEEG00000016132	NUP153
ENSP00000392812	ENSG00000141506	PIK3R5	ENSEEEP00000043831	ENSEEEG00000020717	PIK3R5
ENSP00000537798	ENSG00000105993	DNAJB6	ENSEEEP00000050930	ENSEEEG00000023923	dnajb6b
ENSP00000403705	ENSG00000120709	FAM53C	ENSEEEP00000014947	ENSEEEG00000007446	FAM53C
ENSP00000735531	ENSG00000169217	CD2BP2	ENSEEEP00000032351	ENSEEEG00000015418	CD2BP2
ENSP00000503322	ENSG00000072415	PALS1	ENSEEEP00000007886	ENSEEEG00000003915	mpp5a
ENSP00000523318	ENSG00000103254	ANTKMT	ENSEEEP00000037672	ENSEEEG00000017915	ANTKMT
ENSP00000376544	ENSG00000007312	CD79B	ENSEEEP00000026754	ENSEEEG00000012910	cd79b
ENSP00000554651	ENSG00000139977	NAA30	ENSEEEP00000035609	ENSEEEG00000016960	NAA30
ENSP00000611278	ENSG00000134419	RPS15A	ENSEEEP00000020178	ENSEEEG00000009852	RPS15A
ENSP00000367972	ENSG00000172201	ID4	ENSEEEP00000027125	ENSEEEG00000013092	ID4
ENSP00000593289	ENSG00000166426	CRABP1	ENSEEEP00000038982	ENSEEEG00000018474	crabp1a
ENSP00000599789	ENSG00000104973	MED25	ENSEEEP00000056736	ENSEEEG00000004801	MED25
ENSP00000280987	ENSG00000151327	FAM177A1	ENSEEEP00000063844	ENSEEEG00000025920	FAM177A1
ENSP00000564737	ENSG00000196169	KIF19	ENSEEEP00000033470	ENSEEEG00000015888	KIF19
ENSP00000387006	ENSG00000163510	CWC22	ENSEEEP00000056471	ENSEEEG00000005509	CWC22
ENSP00000312286	ENSG00000170890	PLA2G1B	ENSEEEP00000029099	ENSEEEG00000013963	PLA2G1B
ENSP00000679954	ENSG00000146373	RNF217	ENSEEEP00000036918	ENSEEEG00000017532	RNF217
ENSP00000241256	ENSG00000121853	GHSR	ENSEEEP00000042380	ENSEEEG00000020014	ghsrb
ENSP00000393316	ENSG00000139921	TMX1	ENSEEEP00000034592	ENSEEEG00000016451	TMX1
ENSP00000571153	ENSG00000126062	TMEM115	ENSEEEP00000044144	ENSEEEG00000020860	TMEM115
ENSP00000593975	ENSG00000160584	SIK3	ENSEEEP00000062294	ENSEEEG00000019502	SIK3
ENSP00000449452	ENSG00000167778	SPRYD3	ENSEEEP00000043247	ENSEEEG00000020407	SPRYD3
ENSP00000513678	ENSG00000135604	STX11	ENSEEEP00000001350	ENSEEEG00000000897	STX11
ENSP00000597013	ENSG00000104517	UBR5	ENSEEEP00000061100	ENSEEEG00000009804	UBR5
ENSP00000262710	ENSG00000100813	ACIN1	ENSEEEP00000011741	ENSEEEG00000005872	acin1b
ENSP00000614741	ENSG00000186889	TMEM17	ENSEEEP00000040153	ENSEEEG00000019043	TMEM17
ENSP00000467201	ENSG00000182963	GJC1	ENSEEEP00000038728	ENSEEEG00000018377	cx47.1
ENSP00000574922	ENSG00000069329	VPS35	ENSEEEP00000028039	ENSEEEG00000013488	VPS35
ENSP00000287916	ENSG00000157224	CLDN12	ENSEEEP00000055522	ENSEEEG00000025125	CLDN12
ENSP00000466121	ENSG00000131944	FAAP24	ENSEEEP00000039719	ENSEEEG00000018834	FAAP24
ENSP00000273317	ENSG00000144791	LIMD1	ENSEEEP00000057098	ENSEEEG00000022913	LIMD1
ENSP00000629843	ENSG00000170624	SGCD	ENSEEEP00000040719	ENSEEEG00000026925	SGCD
ENSP00000609698	ENSG00000142507	PSMB6	ENSEEEP00000002725	ENSEEEG00000001572	PSMB6
ENSP00000451866	ENSG00000224531	SMIM13	ENSEEEP00000064617	ENSEEEG00000027524	SMIM13
ENSP00000404042	ENSG00000158604	TMED4	ENSEEEP00000052054	ENSEEEG00000024420	TMED4
ENSP00000689061	ENSG00000114480	GBE1	ENSEEEP00000058832	ENSEEEG00000019730	gbe1b
ENSP00000621519	ENSG00000006715	VPS41	ENSEEEP00000015188	ENSEEEG00000007410	VPS41
ENSP00000791258	ENSG00000189007	ADAT2	ENSEEEP00000052567	ENSEEEG00000024621	ADAT2
ENSP00000370803	ENSG00000103540	CCP110	ENSEEEP00000063152	ENSEEEG00000025607	
ENSP00000655870	ENSG00000120265	PCMT1	ENSEEEP00000053263	ENSEEEG00000026181	pcmt
ENSP00000640731	ENSG00000011465	DCN	ENSEEEP00000029266	ENSEEEG00000014022	DCN
ENSP00000341765	ENSG00000144962	SPATA16	ENSEEEP00000050691	ENSEEEG00000023820	SPATA16
ENSP00000332659	ENSG00000183813	CCR4	ENSEEEP00000006451	ENSEEEG00000003413	CCR2
ENSP00000406164	ENSG00000205835	GMNC	ENSEEEP00000003226	ENSEEEG00000001815	GMNC
ENSP00000705459	ENSG00000176171	BNIP3	ENSEEEP00000010020	ENSEEEG00000005089	BNIP3
ENSP00000324960	ENSG00000175544	CABP4	ENSEEEP00000014137	ENSEEEG00000007019	CABP4
ENSP00000636308	ENSG00000164761	TNFRSF11B	ENSEEEP00000001734	ENSEEEG00000001111	TNFRSF11B
ENSP00000547731	ENSG00000110442	COMMD9	ENSEEEP00000001410	ENSEEEG00000000926	COMMD9
ENSP00000456557	ENSG00000198736	MSRB1	ENSEEEP00000008768	ENSEEEG00000004539	msrb1a
ENSP00000646880	ENSG00000133265	HSPBP1	ENSEEEP00000040424	ENSEEEG00000019147	HSPBP1
ENSP00000611134	ENSG00000114127	XRN1	ENSEEEP00000033042	ENSEEEG00000015724	XRN1
ENSP00000441282	ENSG00000159720	ATP6V0D1	ENSEEEP00000045507	ENSEEEG00000021465	ATP6V0D1
ENSP00000286639	ENSG00000156127	BATF	ENSEEEP00000017307	ENSEEEG00000008557	BATF
ENSP00000637630	ENSG00000124784	RIOK1	ENSEEEP00000026517	ENSEEEG00000012788	RIOK1
ENSP00000532165	ENSG00000180210	F2	ENSEEEP00000024979	ENSEEEG00000012083	F2
ENSP00000499548	ENSG00000171840	NINJ2	ENSEEEP00000010367	ENSEEEG00000005254	NINJ2
ENSP00000437464	ENSG00000145743	FBXL17	ENSEEEP00000019263	ENSEEEG00000009433	FBXL17
ENSP00000306662	ENSG00000170214	ADRA1B	ENSEEEP00000043764	ENSEEEG00000020688	adra1ba
ENSP00000369395	ENSG00000184434	LRRC19	ENSEEEP00000047364	ENSEEEG00000022299	
ENSP00000626755	ENSG00000095209	TMEM38B	ENSEEEP00000022168	ENSEEEG00000010767	TMEM38B
ENSP00000577519	ENSG00000179271	GADD45GIP1	ENSEEEP00000038981	ENSEEEG00000018495	GADD45GIP1
ENSP00000303088	ENSG00000168495	POLR3D	ENSEEEP00000025998	ENSEEEG00000012595	POLR3D
ENSP00000793916	ENSG00000151148	UBE3B	ENSEEEP00000022293	ENSEEEG00000010733	ube3b
ENSP00000521488	ENSG00000145868	FBXO38	ENSEEEP00000055811	ENSEEEG00000010826	FBXO38
ENSP00000615307	ENSG00000179454	KLHL28	ENSEEEP00000029486	ENSEEEG00000014121	KLHL28
ENSP00000355865	ENSG00000185345	PRKN	ENSEEEP00000060530	ENSEEEG00000012670	PRKN
ENSP00000503587	ENSG00000128609	NDUFA5	ENSEEEP00000043110	ENSEEEG00000020352	NDUFA5
ENSP00000548016	ENSG00000283526	PRRT1B	ENSEEEP00000062905	ENSEEEG00000026890	RBFOX1
ENSP00000788408	ENSG00000115159	GPD2	ENSEEEP00000058614	ENSEEEG00000022777	gpd2
ENSP00000416829	ENSG00000124596	OARD1	ENSEEEP00000011813	ENSEEEG00000005950	oard1
ENSP00000337386	ENSG00000185650	ZFP36L1	ENSEEEP00000057947	ENSEEEG00000026918	zfp36l1a
ENSP00000391549	ENSG00000176209	SMIM19	ENSEEEP00000030854	ENSEEEG00000014762	SMIM19
ENSP00000597110	ENSG00000099821	POLRMT	ENSEEEP00000047765	ENSEEEG00000022483	POLRMT
ENSP00000450661	ENSG00000176473	WDR25	ENSEEEP00000037611	ENSEEEG00000017896	WDR25
ENSP00000300179	ENSG00000166924	NYAP1	ENSEEEP00000053932	ENSEEEG00000029146	NYAP1
ENSP00000509206	ENSG00000064313	TAF2	ENSEEEP00000024370	ENSEEEG00000011482	TAF2
ENSP00000296015	ENSG00000163728	TTC14	ENSEEEP00000036297	ENSEEEG00000017262	TTC14
ENSP00000261783	ENSG00000081181	ARG2	ENSEEEP00000048851	ENSEEEG00000022975	ARG2
ENSP00000351813	ENSG00000198060	MARCHF5	ENSEEEP00000053743	ENSEEEG00000025034	march5
ENSP00000563238	ENSG00000137161	CNPY3	ENSEEEP00000024809	ENSEEEG00000012019	CNPY3
ENSP00000656074	ENSG00000180185	FAHD1	ENSEEEP00000008779	ENSEEEG00000004543	FAHD1
ENSP00000680728	ENSG00000172530	BANP	ENSEEEP00000014830	ENSEEEG00000007385	BANP
ENSP00000347942	ENSG00000165731	RET	ENSEEEP00000035875	ENSEEEG00000017064	ret
ENSP00000366240	ENSG00000107362	ABHD17B	ENSEEEP00000064085	ENSEEEG00000027466	ABHD17B
ENSP00000767708	ENSG00000118418	HMGN3	ENSEEEP00000000133	ENSEEEG00000000095	HMGN3
ENSP00000793134	ENSG00000125484	GTF3C4	ENSEEEP00000061088	ENSEEEG00000025269	GTF3C4
ENSP00000583211	ENSG00000136938	ANP32B	ENSEEEP00000048045	ENSEEEG00000022640	anp32b
ENSP00000369318	ENSG00000164292	RHOBTB3	ENSEEEP00000031393	ENSEEEG00000015020	
ENSP00000358183	ENSG00000165669	FAM204A	ENSEEEP00000044629	ENSEEEG00000021071	FAM204A
ENSP00000610801	ENSG00000123975	CKS2	ENSEEEP00000005459	ENSEEEG00000002865	CKS2
ENSP00000222567	ENSG00000105849	POLR1F	ENSEEEP00000010899	ENSEEEG00000005516	twistnb
ENSP00000502644	ENSG00000203485	INF2	ENSEEEP00000046382	ENSEEEG00000021836	INF2
ENSP00000536802	ENSG00000198721	ECI2	ENSEEEP00000058488	ENSEEEG00000005185	ECI2
ENSP00000428205	ENSG00000156804	FBXO32	ENSEEEP00000034246	ENSEEEG00000016293	FBXO32
ENSP00000625192	ENSG00000121691	CAT	ENSEEEP00000000536	ENSEEEG00000000333	CAT
ENSP00000524626	ENSG00000147586	MRPS28	ENSEEEP00000052192	ENSEEEG00000024469	MRPS28
ENSP00000796515	ENSG00000213563	C8orf82	ENSEEEP00000044171	ENSEEEG00000020872	C8orf82
ENSP00000431115	ENSG00000147684	NDUFB9	ENSEEEP00000007062	ENSEEEG00000003732	NDUFB9
ENSP00000618561	ENSG00000092871	RFFL	ENSEEEP00000049948	ENSEEEG00000023482	RFFL
ENSP00000265993	ENSG00000119977	TCTN3	ENSEEEP00000048178	ENSEEEG00000022680	TCTN1
ENSP00000548082	ENSG00000145901	TNIP1	ENSEEEP00000056487	ENSEEEG00000006748	TNIP1
ENSP00000379133	ENSG00000149089	APIP	ENSEEEP00000040621	ENSEEEG00000019247	APIP
ENSP00000340494	ENSG00000186918	ZNF395	ENSEEEP00000011888	ENSEEEG00000005988	znf395a
ENSP00000306285	ENSG00000111907	TPD52L1	ENSEEEP00000036909	ENSEEEG00000017530	TPD52L1
ENSP00000636556	ENSG00000135124	P2RX4	ENSEEEP00000012972	ENSEEEG00000006523	p2rx4a
ENSP00000449079	ENSG00000139988	RDH12	ENSEEEP00000053719	ENSEEEG00000022973	RDH12
ENSP00000594102	ENSG00000139926	FRMD6	ENSEEEP00000034598	ENSEEEG00000016456	FRMD6
ENSP00000296238	ENSG00000163888	CAMK2N2	ENSEEEP00000046979	ENSEEEG00000022116	CAMK2N2
ENSP00000242462	ENSG00000122859	NEUROG3	ENSEEEP00000035884	ENSEEEG00000017071	NEUROG3
ENSP00000480489	ENSG00000186862	PDZD7	ENSEEEP00000031020	ENSEEEG00000014845	pdzd7a
ENSP00000263390	ENSG00000105085	MED26	ENSEEEP00000015992	ENSEEEG00000007918	MED26
ENSP00000474215	ENSG00000108176	DNAJC12	ENSEEEP00000035312	ENSEEEG00000016811	DNAJC12
ENSP00000574211	ENSG00000105767	CADM4	ENSEEEP00000056524	ENSEEEG00000014036	CADM4
ENSP00000452793	ENSG00000183208	GDPGP1	ENSEEEP00000046044	ENSEEEG00000021694	GDPGP1
ENSP00000452603	ENSG00000100902	PSMA6	ENSEEEP00000020921	ENSEEEG00000010167	psma6b
ENSP00000300056	ENSG00000166821	PEX11A	ENSEEEP00000036178	ENSEEEG00000017209	PEX11A
ENSP00000320567	ENSG00000090263	MRPS33	ENSEEEP00000037315	ENSEEEG00000017738	MRPS33
ENSP00000524658	ENSG00000128463	EMC4	ENSEEEP00000011935	ENSEEEG00000006015	EMC4
ENSP00000636470	ENSG00000173744	AGFG1	ENSEEEP00000008020	ENSEEEG00000004183	agfg1a
ENSP00000379310	ENSG00000118307	DNAI7	ENSEEEP00000028876	ENSEEEG00000013868	casc1
ENSP00000668745	ENSG00000095059	DHPS	ENSEEEP00000037616	ENSEEEG00000017892	dhps
ENSP00000466448	ENSG00000161544	CYGB	ENSEEEP00000022528	ENSEEEG00000010928	cygb2
ENSP00000627595	ENSG00000119899	SLC17A5	ENSEEEP00000039233	ENSEEEG00000018633	SLC17A5
ENSP00000490466	ENSG00000283267	FAM237B	ENSEEEP00000010355	ENSEEEG00000005243	
ENSP00000380241	ENSG00000106268	NUDT1	ENSEEEP00000000346	ENSEEEG00000000247	NUDT1
ENSP00000434552	ENSG00000184384	MAML2	ENSEEEP00000062263	ENSEEEG00000020628	synpo2lb
ENSP00000308750	ENSG00000173894	CBX2	ENSEEEP00000062806	ENSEEEG00000027295	CBX2
ENSP00000599427	ENSG00000100526	CDKN3	ENSEEEP00000014002	ENSEEEG00000006966	CDKN3
ENSP00000764831	ENSG00000137309	HMGA1	ENSEEEP00000014408	ENSEEEG00000007173	hmga1b
ENSP00000800965	ENSG00000166920	COXFA4L3	ENSEEEP00000048999	ENSEEEG00000023027	C15orf48
ENSP00000290374	ENSG00000159248	GJD2	ENSEEEP00000018736	ENSEEEG00000009209	GJD2
ENSP00000335632	ENSG00000187446	CHP1	ENSEEEP00000059802	ENSEEEG00000008320	chp1
ENSP00000653502	ENSG00000169902	TPST1	ENSEEEP00000052400	ENSEEEG00000024546	TPST1
ENSP00000362381	ENSG00000160404	TOR2A	ENSEEEP00000047524	ENSEEEG00000022369	TOR2A
ENSP00000671662	ENSG00000135679	MDM2	ENSEEEP00000052376	ENSEEEG00000024537	MDM2
ENSP00000329735	ENSG00000185614	INKA1	ENSEEEP00000012513	ENSEEEG00000006278	inka1b
ENSP00000610610	ENSG00000105705	SUGP1	ENSEEEP00000050242	ENSEEEG00000023627	SUGP1
ENSP00000347649	ENSG00000141696	P3H4	ENSEEEP00000050882	ENSEEEG00000023899	P3H4
ENSP00000363345	ENSG00000119457	SLC46A2	ENSEEEP00000004965	ENSEEEG00000002586	SLC46A2
ENSP00000527398	ENSG00000106638	TBL2	ENSEEEP00000013307	ENSEEEG00000006667	TBL2
ENSP00000363081	ENSG00000107984	DKK1	ENSEEEP00000004652	ENSEEEG00000002427	dkk1b
ENSP00000438792	ENSG00000214530	STARD10	ENSEEEP00000008788	ENSEEEG00000004547	STARD10
ENSP00000766637	ENSG00000137038	DMAC1	ENSEEEP00000056411	ENSEEEG00000028455	
ENSP00000523757	ENSG00000107816	LZTS2	ENSEEEP00000031022	ENSEEEG00000014847	lzts2a
ENSP00000512521	ENSG00000106804	C5	ENSEEEP00000051344	ENSEEEG00000024086	C5
ENSP00000546210	ENSG00000118514	ALDH8A1	ENSEEEP00000014900	ENSEEEG00000007417	ALDH8A1
ENSP00000549723	ENSG00000135945	REV1	ENSEEEP00000007242	ENSEEEG00000003761	rev1
ENSP00000599377	ENSG00000083123	BCKDHB	ENSEEEP00000048673	ENSEEEG00000022898	BCKDHB
ENSP00000576285	ENSG00000103811	CTSH	ENSEEEP00000035049	ENSEEEG00000016665	CTSH
ENSP00000588316	ENSG00000108055	SMC3	ENSEEEP00000020739	ENSEEEG00000010091	SMC3
ENSP00000703244	ENSG00000091972	CD200	ENSEEEP00000053380	ENSEEEG00000019407	zgc:113337
ENSP00000559858	ENSG00000087299	L2HGDH	ENSEEEP00000014024	ENSEEEG00000006971	L2HGDH
ENSP00000512451	ENSG00000051523	CYBA	ENSEEEP00000035052	ENSEEEG00000016667	CYBA
ENSP00000532217	ENSG00000188493	ACTMAP	ENSEEEP00000048608	ENSEEEG00000022872	C19orf54
ENSP00000415235	ENSG00000189058	APOD	ENSEEEP00000046919	ENSEEEG00000022085	apodb
ENSP00000295488	ENSG00000163312	HELQ	ENSEEEP00000030436	ENSEEEG00000014526	HELQ
ENSP00000327048	ENSG00000178573	MAF	ENSEEEP00000036103	ENSEEEG00000017175	MAF
ENSP00000595646	ENSG00000100567	PSMA3	ENSEEEP00000041148	ENSEEEG00000019468	PSMA3
ENSP00000268802	ENSG00000141101	NOB1	ENSEEEP00000034753	ENSEEEG00000016518	NOB1
ENSP00000371398	ENSG00000107249	GLIS3	ENSEEEP00000060739	ENSEEEG00000024695	GLIS3
ENSP00000343435	ENSG00000167645	YIF1B	ENSEEEP00000030514	ENSEEEG00000014600	YIF1B
ENSP00000604606	ENSG00000156959	LHFPL4	ENSEEEP00000005324	ENSEEEG00000002781	lhfpl4a
ENSP00000345773	ENSG00000165626	BEND7	ENSEEEP00000014815	ENSEEEG00000007372	BEND7
ENSP00000222693	ENSG00000105971	CAV2	ENSEEEP00000055945	ENSEEEG00000028462	CAV2
ENSP00000419422	ENSG00000144891	AGTR1	ENSEEEP00000038814	ENSEEEG00000018414	agtr1b
ENSP00000521095	ENSG00000140943	MBTPS1	ENSEEEP00000047853	ENSEEEG00000022180	MBTPS1
ENSP00000273963	ENSG00000145332	KLHL8	ENSEEEP00000034451	ENSEEEG00000016398	KLHL8
ENSP00000498976	ENSG00000183150	GPR19	ENSEEEP00000033159	ENSEEEG00000015772	GPR19
ENSP00000697278	ENSG00000154743	TSEN2	ENSEEEP00000030540	ENSEEEG00000014628	TSEN2
ENSP00000601307	ENSG00000110218	PANX1	ENSEEEP00000015329	ENSEEEG00000007619	panx1a
ENSP00000550919	ENSG00000135094	SDS	ENSEEEP00000027200	ENSEEEG00000013126	SDSL
ENSP00000358865	ENSG00000148798	INA	ENSEEEP00000027955	ENSEEEG00000013453	inab
ENSP00000287996	ENSG00000127080	IPPK	ENSEEEP00000016447	ENSEEEG00000008100	IPPK
ENSP00000795553	ENSG00000166411	IDH3A	ENSEEEP00000002468	ENSEEEG00000000906	IDH3A
ENSP00000005226	ENSG00000006611	USH1C	ENSEEEP00000014923	ENSEEEG00000007432	USH1C
ENSP00000373657	ENSG00000074356	NCBP3	ENSEEEP00000011467	ENSEEEG00000005786	NCBP3
ENSP00000221973	ENSG00000105370	LIM2	ENSEEEP00000043610	ENSEEEG00000020616	LIM2
ENSP00000599465	ENSG00000127445	PIN1	ENSEEEP00000063762	ENSEEEG00000027328	PIN1
ENSP00000556721	ENSG00000111605	CPSF6	ENSEEEP00000020179	ENSEEEG00000009854	CPSF6
ENSP00000421259	ENSG00000174125	TLR1	ENSEEEP00000037346	ENSEEEG00000017754	lgi2b
ENSP00000795793	ENSG00000105676	ARMC6	ENSEEEP00000033699	ENSEEEG00000016041	ARMC6
ENSP00000226951	ENSG00000109684	CLNK	ENSEEEP00000061699	ENSEEEG00000025771	
ENSP00000355304	ENSG00000080823	MOK	ENSEEEP00000013573	ENSEEEG00000006789	MOK
ENSP00000418582	ENSG00000189283	FHIT	ENSEEEP00000010253	ENSEEEG00000005195	FHIT
ENSP00000259989	ENSG00000137441	FGFBP2	ENSEEEP00000017010	ENSEEEG00000008433	fgfbp2b
ENSP00000379321	ENSG00000056291	NPFFR2	ENSEEEP00000005584	ENSEEEG00000002938	NPFFR2
ENSP00000770315	ENSG00000310560	PAXX	ENSEEEP00000019045	ENSEEEG00000009350	PAXX
ENSP00000511849	ENSG00000131368	MRPS25	ENSEEEP00000001154	ENSEEEG00000000773	MRPS25
ENSP00000637504	ENSG00000178802	MPI	ENSEEEP00000037573	ENSEEEG00000017871	MPI
ENSP00000311257	ENSG00000173320	STOX2	ENSEEEP00000028113	ENSEEEG00000013530	stox2b
ENSP00000581338	ENSG00000135966	TGFBRAP1	ENSEEEP00000059928	ENSEEEG00000018481	TGFBRAP1
ENSP00000225648	ENSG00000108511	HOXB6	ENSEEEP00000007603	ENSEEEG00000003973	hoxb6a
ENSP00000537112	ENSG00000148935	GAS2	ENSEEEP00000003302	ENSEEEG00000001858	gas2a
ENSP00000548853	ENSG00000108588	CCDC47	ENSEEEP00000032849	ENSEEEG00000015464	CCDC47
ENSP00000594879	ENSG00000176142	TMEM39A	ENSEEEP00000024592	ENSEEEG00000011922	TMEM39A
ENSP00000324882	ENSG00000164675	IQUB	ENSEEEP00000037854	ENSEEEG00000017996	SKA1
ENSP00000613054	ENSG00000137842	TMEM62	ENSEEEP00000010775	ENSEEEG00000005455	TMEM62
ENSP00000266126	ENSG00000119718	EIF2B2	ENSEEEP00000017346	ENSEEEG00000008568	EIF2B2
ENSP00000257663	ENSG00000135211	TMEM60	ENSEEEP00000045988	ENSEEEG00000021669	TMEM60
ENSP00000582569	ENSG00000198598	MMP17	ENSEEEP00000031568	ENSEEEG00000015096	mmp17a
ENSP00000763393	ENSG00000241468	ATP5MF	ENSEEEP00000010408	ENSEEEG00000005269	atp5mf
ENSP00000610522	ENSG00000138738	PRDM5	ENSEEEP00000060121	ENSEEEG00000003370	PRDM5
ENSP00000498011	ENSG00000092208	GEMIN2	ENSEEEP00000027397	ENSEEEG00000013206	GEMIN2
ENSP00000441875	ENSG00000215021	PHB2	ENSEEEP00000032475	ENSEEEG00000015360	phb2b
ENSP00000792414	ENSG00000174871	CNIH2	ENSEEEP00000021179	ENSEEEG00000010327	CNIH2
ENSP00000220062	ENSG00000103710	RASL12	ENSEEEP00000032309	ENSEEEG00000015405	RASL12
ENSP00000025008	ENSG00000023287	RB1CC1	ENSEEEP00000022548	ENSEEEG00000010917	RB1CC1
ENSP00000800878	ENSG00000140263	SORD	ENSEEEP00000039050	ENSEEEG00000018497	SORD
ENSP00000630531	ENSG00000114735	HEMK1	ENSEEEP00000011994	ENSEEEG00000006050	HEMK1
ENSP00000228463	ENSG00000110876	SELPLG	ENSEEEP00000062987	ENSEEEG00000027240	si:ch211-103f14.3
ENSP00000243108	ENSG00000197757	HOXC6	ENSEEEP00000043129	ENSEEEG00000020364	hoxc6a
ENSP00000577784	ENSG00000152128	TMEM163	ENSEEEP00000048225	ENSEEEG00000022706	tmem163a
ENSP00000562667	ENSG00000064102	INTS13	ENSEEEP00000042801	ENSEEEG00000020146	INTS13
ENSP00000639740	ENSG00000160602	NEK8	ENSEEEP00000007131	ENSEEEG00000003766	NEK8
ENSP00000781283	ENSG00000118564	FBXL5	ENSEEEP00000006021	ENSEEEG00000003205	FBXL5
ENSP00000500115	ENSG00000165588	OTX2	ENSEEEP00000012721	ENSEEEG00000006390	otx2b
ENSP00000589663	ENSG00000005189	REXO5	ENSEEEP00000042202	ENSEEEG00000019938	
ENSP00000361141	ENSG00000122375	OPN4	ENSEEEP00000063816	ENSEEEG00000017483	opn4b
ENSP00000371180	ENSG00000166762	CATSPER2	ENSEEEP00000011810	ENSEEEG00000005940	
ENSP00000548524	ENSG00000164535	DAGLB	ENSEEEP00000008751	ENSEEEG00000004532	DAGLB
ENSP00000407767	ENSG00000156030	MIDEAS	ENSEEEP00000053198	ENSEEEG00000027336	elmsan1b
ENSP00000798260	ENSG00000154473	BUB3	ENSEEEP00000043150	ENSEEEG00000020361	BUB3
ENSP00000551954	ENSG00000143921	ABCG8	ENSEEEP00000056227	ENSEEEG00000007615	ABCG8
ENSP00000242592	ENSG00000122971	ACADS	ENSEEEP00000004089	ENSEEEG00000002165	ACADS
ENSP00000258930	ENSG00000136425	CIB2	ENSEEEP00000002473	ENSEEEG00000001447	CIB2
ENSP00000626396	ENSG00000023318	ERP44	ENSEEEP00000040117	ENSEEEG00000019008	ERP44
ENSP00000682409	ENSG00000175166	PSMD2	ENSEEEP00000046175	ENSEEEG00000021743	PSMD2
ENSP00000264904	ENSG00000138768	USO1	ENSEEEP00000055643	ENSEEEG00000022642	USO1
ENSP00000272438	ENSG00000144043	TEX261	ENSEEEP00000000925	ENSEEEG00000000623	tex261
ENSP00000451000	ENSG00000126804	ZBTB1	ENSEEEP00000025375	ENSEEEG00000012315	ZBTB1
ENSP00000507388	ENSG00000023041	ZDHHC6	ENSEEEP00000040453	ENSEEEG00000019159	ZDHHC6
ENSP00000020926	ENSG00000019505	SYT13	ENSEEEP00000028256	ENSEEEG00000013585	SYT13
ENSP00000366161	ENSG00000107372	ZFAND5	ENSEEEP00000029029	ENSEEEG00000013925	zfand5a
ENSP00000616913	ENSG00000143951	WDPCP	ENSEEEP00000010058	ENSEEEG00000005103	
ENSP00000352065	ENSG00000137501	SYTL2	ENSEEEP00000031905	ENSEEEG00000015233	sytl2a
ENSP00000488929	ENSG00000181982	CCDC149	ENSEEEP00000012733	ENSEEEG00000006401	ccdc149a
ENSP00000608612	ENSG00000136280	CCM2	ENSEEEP00000019423	ENSEEEG00000009518	CCM2
ENSP00000252100	ENSG00000113119	TMCO6	ENSEEEP00000034729	ENSEEEG00000016511	TMCO6
ENSP00000257860	ENSG00000135406	PRPH	ENSEEEP00000049897	ENSEEEG00000023454	PRPH
ENSP00000463188	ENSG00000221926	TRIM16	ENSEEEP00000048512	ENSEEEG00000022829	
ENSP00000269886	ENSG00000141985	SH3GL1	ENSEEEP00000040491	ENSEEEG00000019175	sh3gl1b
ENSP00000323867	ENSG00000181929	PRKAG1	ENSEEEP00000004840	ENSEEEG00000002461	prkag1
ENSP00000559045	ENSG00000137100	DCTN3	ENSEEEP00000048681	ENSEEEG00000022905	dctn3
ENSP00000438284	ENSG00000112541	PDE10A	ENSEEEP00000059804	ENSEEEG00000010281	PDE10A
ENSP00000381970	ENSG00000145723	GIN1	ENSEEEP00000030415	ENSEEEG00000014573	zgc:113436
ENSP00000410267	ENSG00000135898	GPR55	ENSEEEP00000003076	ENSEEEG00000001746	GPR55
ENSP00000012049	ENSG00000011478	QPCTL	ENSEEEP00000005765	ENSEEEG00000003045	qpctlb
ENSP00000454913	ENSG00000260286	ARMH2	ENSEEEP00000055740	ENSEEEG00000028728	
ENSP00000361800	ENSG00000119333	DYNC2I2	ENSEEEP00000044444	ENSEEEG00000020999	wdr34
ENSP00000512861	ENSG00000026103	FAS	ENSEEEP00000060730	ENSEEEG00000027247	CD40
ENSP00000285873	ENSG00000082516	GEMIN5	ENSEEEP00000040732	ENSEEEG00000019305	GEMIN5
ENSP00000264344	ENSG00000138640	FAM13A	ENSEEEP00000026977	ENSEEEG00000012943	FAM13A
ENSP00000604558	ENSG00000146223	RPL7L1	ENSEEEP00000054365	ENSEEEG00000026631	RPL7L1
ENSP00000510559	ENSG00000165684	SNAPC4	ENSEEEP00000028574	ENSEEEG00000013724	SNAPC4
ENSP00000673538	ENSG00000164300	SERINC5	ENSEEEP00000027783	ENSEEEG00000013377	SERINC5
ENSP00000541313	ENSG00000188732	FAM221A	ENSEEEP00000016916	ENSEEEG00000008384	FAM221A
ENSP00000313172	ENSG00000112276	POPDC1	ENSEEEP00000061087	ENSEEEG00000025638	BVES
ENSP00000357300	ENSG00000146374	RSPO3	ENSEEEP00000052514	ENSEEEG00000024597	RSPO3
ENSP00000540647	ENSG00000156345	CDK20	ENSEEEP00000006720	ENSEEEG00000003560	CDK20
ENSP00000304286	ENSG00000168269	FOXI1	ENSEEEP00000005197	ENSEEEG00000002710	foxi3b
ENSP00000515098	ENSG00000102898	NUTF2	ENSEEEP00000048407	ENSEEEG00000022785	NUTF2
ENSP00000544850	ENSG00000099804	CDC34	ENSEEEP00000055149	ENSEEEG00000027695	cdc34a
ENSP00000446184	ENSG00000052749	RRP12	ENSEEEP00000005510	ENSEEEG00000001993	RRP12
ENSP00000558489	ENSG00000214941	ZSWIM7	ENSEEEP00000064006	ENSEEEG00000025779	ZSWIM7
ENSP00000713079	ENSG00000164209	SLC25A46	ENSEEEP00000031184	ENSEEEG00000014940	SLC25A46
ENSP00000327557	ENSG00000183760	ACP7	ENSEEEP00000046454	ENSEEEG00000021865	ACP7
ENSP00000521755	ENSG00000158428	CATIP	ENSEEEP00000047708	ENSEEEG00000022457	CATIP
ENSP00000344903	ENSG00000198517	MAFK	ENSEEEP00000000562	ENSEEEG00000000410	MAFK
ENSP00000495373	ENSG00000109265	CRACD	ENSEEEP00000040619	ENSEEEG00000019246	CRACD
ENSP00000594211	ENSG00000087263	OGFOD1	ENSEEEP00000034927	ENSEEEG00000016581	OGFOD1
ENSP00000321874	ENSG00000179913	B3GNT3	ENSEEEP00000053604	ENSEEEG00000028170	B3GNT3
ENSP00000436759	ENSG00000118363	SPCS2	ENSEEEP00000056566	ENSEEEG00000025655	SPCS2
ENSP00000292433	ENSG00000160888	IER2	ENSEEEP00000015928	ENSEEEG00000007881	ier2a
ENSP00000587117	ENSG00000163481	RNF25	ENSEEEP00000028650	ENSEEEG00000013770	RNF25
ENSP00000331827	ENSG00000185361	TNFAIP8L1	ENSEEEP00000021264	ENSEEEG00000010364	TNFAIP8L1
ENSP00000504875	ENSG00000131142	CCL25	ENSEEEP00000030342	ENSEEEG00000014547	ccl25b
ENSP00000403663	ENSG00000221838	AP4M1	ENSEEEP00000045480	ENSEEEG00000021416	AP4M1
ENSP00000582305	ENSG00000168000	BSCL2	ENSEEEP00000006934	ENSEEEG00000003655	BSCL2
ENSP00000603355	ENSG00000152413	HOMER1	ENSEEEP00000062348	ENSEEEG00000002782	HOMER1
ENSP00000526820	ENSG00000042286	AIFM2	ENSEEEP00000009284	ENSEEEG00000004763	AIFM2
ENSP00000508148	ENSG00000163703	CRELD1	ENSEEEP00000044414	ENSEEEG00000020978	creld1b
ENSP00000357341	ENSG00000111912	NCOA7	ENSEEEP00000044403	ENSEEEG00000020948	NCOA7
ENSP00000602059	ENSG00000007545	CRAMP1	ENSEEEP00000033509	ENSEEEG00000015931	CRAMP1
ENSP00000734584	ENSG00000197451	HNRNPAB	ENSEEEP00000004254	ENSEEEG00000002245	hnrnpaba
ENSP00000259008	ENSG00000136492	BRIP1	ENSEEEP00000001746	ENSEEEG00000001117	BRIP1
ENSP00000318066	ENSG00000001561	ENPP4	ENSEEEP00000020437	ENSEEEG00000009974	ENPP4
ENSP00000753979	ENSG00000100804	PSMB5	ENSEEEP00000040952	ENSEEEG00000019394	PSMB5
ENSP00000478061	ENSG00000277443	MARCKS	ENSEEEP00000013938	ENSEEEG00000006927	marcksa
ENSP00000502632	ENSG00000070061	ELP1	ENSEEEP00000049126	ENSEEEG00000022903	ELP1
ENSP00000261842	ENSG00000081014	AP4E1	ENSEEEP00000021453	ENSEEEG00000010452	
ENSP00000690768	ENSG00000095485	CWF19L1	ENSEEEP00000039020	ENSEEEG00000018510	CWF19L1
ENSP00000354566	ENSG00000198851	CD3E	ENSEEEP00000041199	ENSEEEG00000019498	
ENSP00000639649	ENSG00000170190	SLC16A5	ENSEEEP00000017410	ENSEEEG00000008612	slc16a5a
ENSP00000265896	ENSG00000104549	SQLE	ENSEEEP00000008114	ENSEEEG00000004226	sqlea
ENSP00000304553	ENSG00000168303	MPLKIP	ENSEEEP00000064263	ENSEEEG00000028337	MPLKIP
ENSP00000703982	ENSG00000170549	IRX1	ENSEEEP00000051283	ENSEEEG00000024062	irx1a
ENSP00000219313	ENSG00000103035	PSMD7	ENSEEEP00000056440	ENSEEEG00000025363	PSMD7
ENSP00000431150	ENSG00000119707	RBM25	ENSEEEP00000026431	ENSEEEG00000012786	rbm25b
ENSP00000682534	ENSG00000074317	SNCB	ENSEEEP00000062415	ENSEEEG00000027222	SNCB
ENSP00000297142	ENSG00000164600	NEUROD6	ENSEEEP00000020225	ENSEEEG00000009875	neurod6a
ENSP00000277632	ENSG00000148481	MINDY3	ENSEEEP00000057827	ENSEEEG00000024970	MINDY3
ENSP00000557833	ENSG00000147649	MTDH	ENSEEEP00000052734	ENSEEEG00000011534	mtdhb
ENSP00000314036	ENSG00000026652	AGPAT4	ENSEEEP00000051486	ENSEEEG00000024172	AGPAT4
ENSP00000533437	ENSG00000105393	BABAM1	ENSEEEP00000030328	ENSEEEG00000014540	babam1
ENSP00000258770	ENSG00000136270	TBRG4	ENSEEEP00000040488	ENSEEEG00000019177	TBRG4
ENSP00000437357	ENSG00000121351	IAPP	ENSEEEP00000031634	ENSEEEG00000015127	IAPP
ENSP00000444080	ENSG00000178882	RFLNA	ENSEEEP00000055650	ENSEEEG00000027355	RFLNA
ENSP00000337998	ENSG00000167566	NCKAP5L	ENSEEEP00000049829	ENSEEEG00000023416	NCKAP5L
ENSP00000637642	ENSG00000137275	RIPK1	ENSEEEP00000051488	ENSEEEG00000024174	ripk1l
ENSP00000301904	ENSG00000168077	SCARA3	ENSEEEP00000036755	ENSEEEG00000017447	SCARA3
ENSP00000300574	ENSG00000167193	CRK	ENSEEEP00000007678	ENSEEEG00000004019	CRK
ENSP00000220913	ENSG00000104472	CHRAC1	ENSEEEP00000046772	ENSEEEG00000022025	CHRAC1
ENSP00000789372	ENSG00000198546	ZNF511	ENSEEEP00000004954	ENSEEEG00000002580	ZNF511
ENSP00000537904	ENSG00000137547	MRPL15	ENSEEEP00000002706	ENSEEEG00000001566	MRPL15
ENSP00000361383	ENSG00000126878	AIF1L	ENSEEEP00000014069	ENSEEEG00000006994	AIF1L
ENSP00000775921	ENSG00000100564	PIGH	ENSEEEP00000027633	ENSEEEG00000013310	PIGH
ENSP00000256496	ENSG00000134108	ARL8B	ENSEEEP00000012316	ENSEEEG00000006128	arl8ba
ENSP00000307833	ENSG00000167196	FBXO22	ENSEEEP00000035334	ENSEEEG00000016826	FBXO22
ENSP00000405854	ENSG00000211448	DIO2	ENSEEEP00000058859	ENSEEEG00000024936	dio2
ENSP00000245680	ENSG00000115084	SLC35F5	ENSEEEP00000040322	ENSEEEG00000019095	SLC35F5
ENSP00000639997	ENSG00000113569	NUP155	ENSEEEP00000019605	ENSEEEG00000009580	NUP155
ENSP00000506349	ENSG00000178974	FBXO34	ENSEEEP00000056787	ENSEEEG00000025660	fbxo34
ENSP00000401878	ENSG00000163376	KBTBD8	ENSEEEP00000023519	ENSEEEG00000011407	KBTBD8
ENSP00000303153	ENSG00000169436	COL22A1	ENSEEEP00000055780	ENSEEEG00000026848	COL22A1
ENSP00000508274	ENSG00000139973	SYT16	ENSEEEP00000024321	ENSEEEG00000011792	
ENSP00000555377	ENSG00000070269	TMEM260	ENSEEEP00000012716	ENSEEEG00000006388	
ENSP00000275216	ENSG00000146399	TAAR1	ENSEEEP00000052843	ENSEEEG00000028154	TAAR1
ENSP00000250003	ENSG00000129152	MYOD1	ENSEEEP00000014922	ENSEEEG00000007431	MYOD1
ENSP00000598443	ENSG00000104064	GABPB1	ENSEEEP00000048143	ENSEEEG00000022667	GABPB1
ENSP00000565910	ENSG00000112379	ARFGEF3	ENSEEEP00000045305	ENSEEEG00000021384	ARFGEF3
ENSP00000659935	ENSG00000172663	TMEM134	ENSEEEP00000045861	ENSEEEG00000021617	tmem134
ENSP00000367952	ENSG00000165623	UCMA	ENSEEEP00000015075	ENSEEEG00000007503	ucmaa
ENSP00000299432	ENSG00000166343	MSS51	ENSEEEP00000009173	ENSEEEG00000004718	mss51
ENSP00000435373	ENSG00000107443	CCNJ	ENSEEEP00000043777	ENSEEEG00000020693	CCNJL
ENSP00000333836	ENSG00000182263	FIGN	ENSEEEP00000060638	ENSEEEG00000026274	FIGN
ENSP00000371554	ENSG00000109610	SOD3	ENSEEEP00000018551	ENSEEEG00000009115	sod3b
ENSP00000263960	ENSG00000115520	COQ10B	ENSEEEP00000062784	ENSEEEG00000026254	COQ10B
ENSP00000533194	ENSG00000269858	EGLN2	ENSEEEP00000019761	ENSEEEG00000009672	EGLN2
ENSP00000516199	ENSG00000151532	VTI1A	ENSEEEP00000040461	ENSEEEG00000019163	VTI1A
ENSP00000646165	ENSG00000114520	SNX4	ENSEEEP00000023121	ENSEEEG00000011127	SNX4
ENSP00000343230	ENSG00000173918	C1QTNF1	ENSEEEP00000017864	ENSEEEG00000008817	C1QTNF1
ENSP00000372059	ENSG00000206013	IFITM5	ENSEEEP00000000663	ENSEEEG00000000470	IFITM5
ENSP00000563219	ENSG00000130348	QRSL1	ENSEEEP00000044329	ENSEEEG00000020873	QRSL1
ENSP00000554999	ENSG00000125633	CCDC93	ENSEEEP00000040928	ENSEEEG00000019079	CCDC93
ENSP00000239367	ENSG00000120256	LRP11	ENSEEEP00000047382	ENSEEEG00000022303	LRP11
ENSP00000466665	ENSG00000130165	ELOF1	ENSEEEP00000039009	ENSEEEG00000018512	ELOF1
ENSP00000603923	ENSG00000145494	NDUFS6	ENSEEEP00000037729	ENSEEEG00000017934	NDUFS6
ENSP00000358001	ENSG00000138162	TACC2	ENSEEEP00000047541	ENSEEEG00000022378	NASP
ENSP00000406885	ENSG00000163900	TMEM41A	ENSEEEP00000043591	ENSEEEG00000020605	tmem41aa
ENSP00000786799	ENSG00000120915	EPHX2	ENSEEEP00000020474	ENSEEEG00000009997	EPHX2
ENSP00000464197	ENSG00000171595	DNAI2	ENSEEEP00000033636	ENSEEEG00000015918	dnai2b
ENSP00000555495	ENSG00000122787	AKR1D1	ENSEEEP00000058878	ENSEEEG00000020936	AKR1D1
ENSP00000392667	ENSG00000145012	LPP	ENSEEEP00000010991	ENSEEEG00000005566	LPP
ENSP00000554700	ENSG00000113600	C9	ENSEEEP00000039234	ENSEEEG00000018607	C9
ENSP00000585191	ENSG00000175931	UBE2O	ENSEEEP00000063989	ENSEEEG00000025627	UBE2O
ENSP00000507501	ENSG00000176438	SYNE3	ENSEEEP00000027393	ENSEEEG00000013214	SYNE3
ENSP00000542485	ENSG00000103569	AQP9	ENSEEEP00000038164	ENSEEEG00000018122	aqp9b
ENSP00000520767	ENSG00000145287	PLAC8	ENSEEEP00000023094	ENSEEEG00000011203	plac8.2
ENSP00000504874	ENSG00000129646	QRICH2	ENSEEEP00000047458	ENSEEEG00000022329	
ENSP00000533136	ENSG00000169344	UMOD	ENSEEEP00000023498	ENSEEEG00000029057	ATRNL1
ENSP00000568751	ENSG00000168890	TMEM150A	ENSEEEP00000036856	ENSEEEG00000017499	tmem150aa
ENSP00000330631	ENSG00000185924	RTN4RL1	ENSEEEP00000001047	ENSEEEG00000000702	rtn4rl1b
ENSP00000478702	ENSG00000137502	RAB30	ENSEEEP00000052897	ENSEEEG00000025278	RAB30
ENSP00000771766	ENSG00000131876	SNRPA1	ENSEEEP00000032152	ENSEEEG00000015333	SNRPA1
ENSP00000414237	ENSG00000108506	INTS2	ENSEEEP00000061233	ENSEEEG00000001393	INTS2
ENSP00000565516	ENSG00000122550	KLHL7	ENSEEEP00000025205	ENSEEEG00000012222	KLHL7
ENSP00000216487	ENSG00000100599	RIN3	ENSEEEP00000049398	ENSEEEG00000023214	RIN3
ENSP00000474725	ENSG00000109670	FBXW7	ENSEEEP00000056947	ENSEEEG00000007693	FBXW7
ENSP00000289422	ENSG00000158458	NRG2	ENSEEEP00000062212	ENSEEEG00000014139	nrg2b
ENSP00000659575	ENSG00000139190	VAMP1	ENSEEEP00000017017	ENSEEEG00000008434	vamp2
ENSP00000509610	ENSG00000144647	POMGNT2	ENSEEEP00000024258	ENSEEEG00000011760	POMGNT2
ENSP00000484580	ENSG00000184203	PPP1R2	ENSEEEP00000026679	ENSEEEG00000012889	ppp1r2
ENSP00000497588	ENSG00000112245	PTP4A1	ENSEEEP00000031124	ENSEEEG00000014879	PTP4A1
ENSP00000468608	ENSG00000011600	TYROBP	ENSEEEP00000034251	ENSEEEG00000016314	tyrobp
ENSP00000386413	ENSG00000187123	LYPD6	ENSEEEP00000048260	ENSEEEG00000022726	LYPD6
ENSP00000757465	ENSG00000183513	COA5	ENSEEEP00000007084	ENSEEEG00000003742	COA5
ENSP00000364515	ENSG00000204347	BTBD17	ENSEEEP00000044479	ENSEEEG00000021016	btbd17b
ENSP00000563511	ENSG00000132581	SDF2	ENSEEEP00000052928	ENSEEEG00000025203	SDF2
ENSP00000377545	ENSG00000145861	C1QTNF2	ENSEEEP00000003962	ENSEEEG00000002122	C1QTNF2
ENSP00000378401	ENSG00000152377	SPOCK1	ENSEEEP00000030574	ENSEEEG00000014635	SPOCK1
ENSP00000457694	ENSG00000206053	JPT2	ENSEEEP00000055924	ENSEEEG00000027868	JPT2
ENSP00000574348	ENSG00000153086	ACMSD	ENSEEEP00000048229	ENSEEEG00000022707	ACMSD
ENSP00000638856	ENSG00000150776	NKAPD1	ENSEEEP00000034627	ENSEEEG00000016470	zgc:162339
ENSP00000368688	ENSG00000186687	LYRM7	ENSEEEP00000053435	ENSEEEG00000026352	LYRM7
ENSP00000429721	ENSG00000178125	PPP1R42	ENSEEEP00000020275	ENSEEEG00000009900	PPP1R42
ENSP00000386374	ENSG00000213999	MEF2B	ENSEEEP00000047702	ENSEEEG00000022455	MEF2B
ENSP00000506356	ENSG00000168209	DDIT4	ENSEEEP00000058844	ENSEEEG00000026960	DDIT4
ENSP00000362103	ENSG00000185668	POU3F1	ENSEEEP00000014867	ENSEEEG00000007400	pou3f1
ENSP00000652392	ENSG00000119711	ALDH6A1	ENSEEEP00000035437	ENSEEEG00000016870	ALDH6A1
ENSP00000302543	ENSG00000171604	CXXC5	ENSEEEP00000029839	ENSEEEG00000014300	cxxc5b
ENSP00000379696	ENSG00000171033	PKIA	ENSEEEP00000018407	ENSEEEG00000009044	PKIA
ENSP00000577640	ENSG00000062725	APPBP2	ENSEEEP00000052497	ENSEEEG00000024588	APPBP2
ENSP00000780736	ENSG00000090487	SPG21	ENSEEEP00000032293	ENSEEEG00000015398	SPG21
ENSP00000577480	ENSG00000123600	METTL8	ENSEEEP00000038801	ENSEEEG00000018407	METTL8
ENSP00000332407	ENSG00000184860	SDR42E1	ENSEEEP00000003790	ENSEEEG00000002041	SDR42E1
ENSP00000261374	ENSG00000122254	HS3ST2	ENSEEEP00000001170	ENSEEEG00000000792	HS3ST2
ENSP00000424870	ENSG00000153037	SRP19	ENSEEEP00000018712	ENSEEEG00000009204	SRP19
ENSP00000459901	ENSG00000166260	COX11	ENSEEEP00000017838	ENSEEEG00000008809	COX11
ENSP00000636701	ENSG00000205060	SLC35B4	ENSEEEP00000008550	ENSEEEG00000004434	SLC35B4
ENSP00000441365	ENSG00000155254	MARVELD1	ENSEEEP00000005756	ENSEEEG00000003037	MARVELD1
ENSP00000274496	ENSG00000145817	YIPF5	ENSEEEP00000060740	ENSEEEG00000026665	YIPF5
ENSP00000627436	ENSG00000138080	EMILIN1	ENSEEEP00000027784	ENSEEEG00000013380	emilin1b
ENSP00000573205	ENSG00000103316	CRYM	ENSEEEP00000031985	ENSEEEG00000015263	CRYM
ENSP00000304360	ENSG00000186532	SMYD4	ENSEEEP00000036359	ENSEEEG00000017289	SMYD4
ENSP00000599868	ENSG00000151657	KIN	ENSEEEP00000032219	ENSEEEG00000015366	KIN
ENSP00000305503	ENSG00000213024	NUP62	ENSEEEP00000016680	ENSEEEG00000008236	nup62l
ENSP00000450439	ENSG00000183379	SYNDIG1L	ENSEEEP00000027502	ENSEEEG00000013264	SYNDIG1L
ENSP00000391713	ENSG00000166170	BAG5	ENSEEEP00000009733	ENSEEEG00000004951	BAG5
ENSP00000545893	ENSG00000113318	MSH3	ENSEEEP00000028558	ENSEEEG00000013708	MSH3
ENSP00000573383	ENSG00000100604	CHGA	ENSEEEP00000024447	ENSEEEG00000011857	tpm4b
ENSP00000497351	ENSG00000261609	GAN	ENSEEEP00000056820	ENSEEEG00000010506	GAN
ENSP00000503932	ENSG00000168615	ADAM9	ENSEEEP00000023826	ENSEEEG00000011023	ADAM9
ENSP00000415998	ENSG00000211584	SLC48A1	ENSEEEP00000060361	ENSEEEG00000024701	slc48a1a
ENSP00000698364	ENSG00000174099	MSRB3	ENSEEEP00000037437	ENSEEEG00000017802	MSRB3
ENSP00000612876	ENSG00000148343	MIGA2	ENSEEEP00000059279	ENSEEEG00000006437	MIGA2
ENSP00000298130	ENSG00000165389	SPTSSA	ENSEEEP00000009262	ENSEEEG00000004752	SPTSSA
ENSP00000429374	ENSG00000008988	RPS20	ENSEEEP00000003252	ENSEEEG00000001822	RPS20
ENSP00000261708	ENSG00000108651	UTP6	ENSEEEP00000012206	ENSEEEG00000006094	UTP6
ENSP00000364526	ENSG00000165757	JCAD	ENSEEEP00000054547	ENSEEEG00000028408	
ENSP00000346986	ENSG00000095787	WAC	ENSEEEP00000049217	ENSEEEG00000023126	waca
ENSP00000297375	ENSG00000164778	EN2	ENSEEEP00000019454	ENSEEEG00000009533	en2a
ENSP00000300213	ENSG00000166946	CCNDBP1	ENSEEEP00000053238	ENSEEEG00000017589	ccndbp1
ENSP00000618448	ENSG00000149929	HIRIP3	ENSEEEP00000005423	ENSEEEG00000002844	HIRIP3
ENSP00000203629	ENSG00000089692	LAG3	ENSEEEP00000044931	ENSEEEG00000021209	pkp3b
ENSP00000364260	ENSG00000136932	TRMO	ENSEEEP00000048044	ENSEEEG00000022638	TRMO
ENSP00000381089	ENSG00000175782	SLC35E3	ENSEEEP00000052374	ENSEEEG00000024536	SLC35E3
ENSP00000349156	ENSG00000196470	SIAH1	ENSEEEP00000062592	ENSEEEG00000028080	SIAH1
ENSP00000638576	ENSG00000112414	ADGRG6	ENSEEEP00000052573	ENSEEEG00000024625	adgrg6
ENSP00000366995	ENSG00000070601	FRMPD1	ENSEEEP00000007184	ENSEEEG00000003776	EPS15
ENSP00000354842	ENSG00000198846	TOX	ENSEEEP00000045168	ENSEEEG00000021323	TOX
ENSP00000343635	ENSG00000140950	MEAK7	ENSEEEP00000022505	ENSEEEG00000010921	MEAK7
ENSP00000521093	ENSG00000198791	CNOT7	ENSEEEP00000042568	ENSEEEG00000020101	CNOT7
ENSP00000635277	ENSG00000166839	ANKDD1A	ENSEEEP00000032288	ENSEEEG00000015397	ANKDD1A
ENSP00000415078	ENSG00000105298	CACTIN	ENSEEEP00000006998	ENSEEEG00000003687	CACTIN
ENSP00000384801	ENSG00000126773	PCNX4	ENSEEEP00000009454	ENSEEEG00000004825	PCNX4
ENSP00000551413	ENSG00000165533	TTC8	ENSEEEP00000016096	ENSEEEG00000007880	TTC8
ENSP00000260988	ENSG00000182187	CRYGB	ENSEEEP00000013795	ENSEEEG00000006865	
ENSP00000244217	ENSG00000124370	MCEE	ENSEEEP00000038967	ENSEEEG00000018489	MCEE
ENSP00000309124	ENSG00000173391	OLR1	ENSEEEP00000055605	ENSEEEG00000025648	
ENSP00000634286	ENSG00000011243	AKAP8L	ENSEEEP00000058700	ENSEEEG00000029012	AKAP8L
ENSP00000788958	ENSG00000103507	BCKDK	ENSEEEP00000008649	ENSEEEG00000004484	BCKDK
ENSP00000640373	ENSG00000114988	LMAN2L	ENSEEEP00000042498	ENSEEEG00000020071	lman2la
ENSP00000641779	ENSG00000146457	WTAP	ENSEEEP00000019785	ENSEEEG00000009684	WTAP
ENSP00000360811	ENSG00000107187	LHX3	ENSEEEP00000032802	ENSEEEG00000015623	LHX3
ENSP00000305494	ENSG00000171763	AFG2B	ENSEEEP00000049000	ENSEEEG00000023028	SPATA5L1
ENSP00000540633	ENSG00000148356	LRSAM1	ENSEEEP00000032055	ENSEEEG00000015206	LRSAM1
ENSP00000351345	ENSG00000196711	ALKAL1	ENSEEEP00000040531	ENSEEEG00000019198	ALKAL1
ENSP00000578807	ENSG00000168803	MAPDA	ENSEEEP00000046572	ENSEEEG00000021931	ADAL
ENSP00000591614	ENSG00000155561	NUP205	ENSEEEP00000006398	ENSEEEG00000001464	NUP205
ENSP00000300692	ENSG00000167286	CD3D	ENSEEEP00000041203	ENSEEEG00000019499	
ENSP00000773696	ENSG00000137691	CFAP300	ENSEEEP00000008118	ENSEEEG00000004234	CFAP300
ENSP00000530102	ENSG00000206113	CFAP99	ENSEEEP00000012482	ENSEEEG00000006268	CFAP99
ENSP00000787798	ENSG00000014824	SLC30A9	ENSEEEP00000046551	ENSEEEG00000021791	SLC30A9
ENSP00000606511	ENSG00000197299	BLM	ENSEEEP00000035037	ENSEEEG00000016662	BLM
ENSP00000507955	ENSG00000167470	MIDN	ENSEEEP00000059224	ENSEEEG00000025001	MIDN
ENSP00000222339	ENSG00000105732	ZNF574	ENSEEEP00000007189	ENSEEEG00000003789	ZNF526
ENSP00000302232	ENSG00000166199	ALKBH3	ENSEEEP00000039272	ENSEEEG00000018659	ALKBH3
ENSP00000316109	ENSG00000164252	AGGF1	ENSEEEP00000052539	ENSEEEG00000024610	aggf1
ENSP00000402756	ENSG00000184162	NR2C2AP	ENSEEEP00000047695	ENSEEEG00000022450	NR2C2AP
ENSP00000534473	ENSG00000140740	UQCRC2	ENSEEEP00000031821	ENSEEEG00000014524	uqcrc2b
ENSP00000636445	ENSG00000122068	FYTTD1	ENSEEEP00000035939	ENSEEEG00000017091	FYTTD1
ENSP00000436926	ENSG00000170322	NFRKB	ENSEEEP00000010229	ENSEEEG00000005184	NFRKB
ENSP00000504750	ENSG00000164182	NDUFAF2	ENSEEEP00000024192	ENSEEEG00000011732	NDUFAF2
ENSP00000314173	ENSG00000177570	SAMD12	ENSEEEP00000039085	ENSEEEG00000018557	si:ch211-231f6.6
ENSP00000571973	ENSG00000134363	FST	ENSEEEP00000024198	ENSEEEG00000011733	fstb
ENSP00000707177	ENSG00000197858	GPAA1	ENSEEEP00000023433	ENSEEEG00000011270	GPAA1
ENSP00000222726	ENSG00000106004	HOXA5	ENSEEEP00000002611	ENSEEEG00000001507	hoxa5a
ENSP00000301962	ENSG00000106346	USP42	ENSEEEP00000057966	ENSEEEG00000027293	USP42
ENSP00000328570	ENSG00000182512	GLRX5	ENSEEEP00000022051	ENSEEEG00000010713	GLRX5
ENSP00000580255	ENSG00000184178	SCFD2	ENSEEEP00000039990	ENSEEEG00000018961	SCFD2
ENSP00000230256	ENSG00000112494	UNC93A	ENSEEEP00000030310	ENSEEEG00000014528	UNC93A
ENSP00000574206	ENSG00000133687	TMTC1	ENSEEEP00000008563	ENSEEEG00000004440	TMTC1
ENSP00000244426	ENSG00000112146	FBXO9	ENSEEEP00000045290	ENSEEEG00000021367	FBXO9
ENSP00000261893	ENSG00000103642	LACTB	ENSEEEP00000031656	ENSEEEG00000015129	LACTB
ENSP00000434511	ENSG00000211450	SELENOH	ENSEEEP00000032172	ENSEEEG00000015345	
ENSP00000732276	ENSG00000167770	OTUB1	ENSEEEP00000056491	ENSEEEG00000026013	otub1b
ENSP00000221459	ENSG00000104863	LIN7B	ENSEEEP00000002126	ENSEEEG00000001296	LIN7B
ENSP00000626818	ENSG00000138592	USP8	ENSEEEP00000048145	ENSEEEG00000022668	USP8
ENSP00000259963	ENSG00000137414	FAM8A1	ENSEEEP00000031525	ENSEEEG00000015082	fam8a1a
ENSP00000593045	ENSG00000164362	TERT	ENSEEEP00000035184	ENSEEEG00000016694	TERT
ENSP00000389175	ENSG00000168237	GLYCTK	ENSEEEP00000064252	ENSEEEG00000025609	GLYCTK
ENSP00000337838	ENSG00000115310	RTN4	ENSEEEP00000009444	ENSEEEG00000004826	rtn4b
ENSP00000388446	ENSG00000189056	RELN	ENSEEEP00000021922	ENSEEEG00000010646	RELN
ENSP00000324901	ENSG00000174628	IQCK	ENSEEEP00000037568	ENSEEEG00000017869	IQCK
ENSP00000368152	ENSG00000239382	ALKBH6	ENSEEEP00000046649	ENSEEEG00000021967	ALKBH6
ENSP00000329357	ENSG00000185591	SP1	ENSEEEP00000051717	ENSEEEG00000024284	SP1
ENSP00000601423	ENSG00000164091	WDR82	ENSEEEP00000012010	ENSEEEG00000006055	wdr82
ENSP00000507342	ENSG00000154153	RETREG1	ENSEEEP00000000838	ENSEEEG00000000523	RETREG1
ENSP00000314407	ENSG00000178538	CA8	ENSEEEP00000045171	ENSEEEG00000021324	CA8
ENSP00000714541	ENSG00000148120	AOPEP	ENSEEEP00000025176	ENSEEEG00000012206	AOPEP
ENSP00000295268	ENSG00000163116	STPG2	ENSEEEP00000016194	ENSEEEG00000008020	STPG2
ENSP00000354213	ENSG00000125430	HS3ST3B1	ENSEEEP00000000806	ENSEEEG00000000551	hs3st3b1b
ENSP00000599360	ENSG00000091490	SEL1L3	ENSEEEP00000006329	ENSEEEG00000003366	si:dkey-24p1.6
ENSP00000302657	ENSG00000168792	ABHD15	ENSEEEP00000063897	ENSEEEG00000028345	abhd15a
ENSP00000265801	ENSG00000061337	LZTS1	ENSEEEP00000050739	ENSEEEG00000023839	LZTS1
ENSP00000425253	ENSG00000146083	RNF44	ENSEEEP00000026199	ENSEEEG00000012665	rnf165b
ENSP00000597132	ENSG00000141580	WDR45B	ENSEEEP00000015160	ENSEEEG00000007545	WDR45B
ENSP00000632359	ENSG00000078053	AMPH	ENSEEEP00000048896	ENSEEEG00000022993	AMPH
ENSP00000629504	ENSG00000103051	COG4	ENSEEEP00000035032	ENSEEEG00000016631	COG4
ENSP00000363899	ENSG00000136783	NIPSNAP3A	ENSEEEP00000049161	ENSEEEG00000023099	nipsnap3a
ENSP00000331907	ENSG00000134815	DHX34	ENSEEEP00000042489	ENSEEEG00000020064	DHX34
ENSP00000301645	ENSG00000167910	CYP7A1	ENSEEEP00000045167	ENSEEEG00000021322	CYP7A1
ENSP00000535142	ENSG00000165417	GTF2A1	ENSEEEP00000021294	ENSEEEG00000010374	GTF2A1
ENSP00000428858	ENSG00000253457	SMIM18	ENSEEEP00000017630	ENSEEEG00000008705	SMIM18
ENSP00000573521	ENSG00000156469	MTERF3	ENSEEEP00000018162	ENSEEEG00000008933	MTERF3
ENSP00000280560	ENSG00000150967	ABCB9	ENSEEEP00000030417	ENSEEEG00000014574	ABCB9
ENSP00000502249	ENSG00000106211	HSPB1	ENSEEEP00000000138	ENSEEEG00000000101	HSPB1
ENSP00000613519	ENSG00000183828	NUDT14	ENSEEEP00000059515	ENSEEEG00000025512	NUDT14
ENSP00000398798	ENSG00000115568	ZNF142	ENSEEEP00000028325	ENSEEEG00000013617	znf142
ENSP00000413029	ENSG00000136197	C7orf25	ENSEEEP00000046084	ENSEEEG00000021718	C7orf25
ENSP00000400821	ENSG00000138823	MTTP	ENSEEEP00000037211	ENSEEEG00000017690	
ENSP00000311816	ENSG00000084093	REST	ENSEEEP00000055318	ENSEEEG00000024947	REST
ENSP00000250498	ENSG00000129562	DAD1	ENSEEEP00000043680	ENSEEEG00000020643	DAD1
ENSP00000385525	ENSG00000173960	UBXN2A	ENSEEEP00000025825	ENSEEEG00000012517	UBXN2A
ENSP00000469474	ENSG00000267909	CCDC177	ENSEEEP00000010476	ENSEEEG00000005301	mbd3b
ENSP00000538419	ENSG00000119650	IFT43	ENSEEEP00000043968	ENSEEEG00000020767	IFT43
ENSP00000633391	ENSG00000205403	CFI	ENSEEEP00000008918	ENSEEEG00000004589	cfi
ENSP00000374240	ENSG00000168779	SHOX2	ENSEEEP00000022327	ENSEEEG00000010837	SHOX2
ENSP00000599589	ENSG00000104312	RIPK2	ENSEEEP00000028736	ENSEEEG00000013808	RIPK2
ENSP00000594420	ENSG00000006634	DBF4	ENSEEEP00000007945	ENSEEEG00000004145	dbf4
ENSP00000270642	ENSG00000142549	IGLON5	ENSEEEP00000043568	ENSEEEG00000020588	IGLON5
ENSP00000387278	ENSG00000082126	MPP4	ENSEEEP00000018757	ENSEEEG00000009199	mpp4b
ENSP00000462339	ENSG00000198933	TBKBP1	ENSEEEP00000064091	ENSEEEG00000006353	TBKBP1
ENSP00000595937	ENSG00000140395	SKIC8	ENSEEEP00000038889	ENSEEEG00000018343	WDR61
ENSP00000565135	ENSG00000166971	AKTIP	ENSEEEP00000058518	ENSEEEG00000026451	AKTIP
ENSP00000400803	ENSG00000214954	LRRC69	ENSEEEP00000056507	ENSEEEG00000008909	lrrc69
ENSP00000360398	ENSG00000153291	SLC25A27	ENSEEEP00000059658	ENSEEEG00000024636	SLC25A27
ENSP00000261367	ENSG00000064692	SNCAIP	ENSEEEP00000015884	ENSEEEG00000007851	SNCAIP
ENSP00000250559	ENSG00000127314	RAP1B	ENSEEEP00000004047	ENSEEEG00000002151	rap1ab
ENSP00000310873	ENSG00000173085	COQ2	ENSEEEP00000046839	ENSEEEG00000022050	COQ2
ENSP00000790124	ENSG00000167543	TP53I13	ENSEEEP00000000987	ENSEEEG00000000672	si:dkey-54n8.2
ENSP00000428785	ENSG00000164953	TMEM67	ENSEEEP00000055569	ENSEEEG00000026004	TMEM67
ENSP00000767067	ENSG00000042753	AP2S1	ENSEEEP00000043671	ENSEEEG00000020640	AP2S1
ENSP00000356033	ENSG00000164691	TAGAP	ENSEEEP00000034194	ENSEEEG00000016285	tagapa
ENSP00000426654	ENSG00000053900	ANAPC4	ENSEEEP00000043742	ENSEEEG00000020673	ANAPC4
ENSP00000500708	ENSG00000146143	PRIM2	ENSEEEP00000008213	ENSEEEG00000004278	PRIM2
ENSP00000510415	ENSG00000127838	PNKD	ENSEEEP00000047710	ENSEEEG00000022459	pnkd
ENSP00000456218	ENSG00000103356	EARS2	ENSEEEP00000057029	ENSEEEG00000016576	EARS2
ENSP00000699872	ENSG00000146409	SLC18B1	ENSEEEP00000001863	ENSEEEG00000001173	SLC18B1
ENSP00000251143	ENSG00000103544	VPS35L	ENSEEEP00000053047	ENSEEEG00000021193	VPS35L
ENSP00000260952	ENSG00000138381	ASNSD1	ENSEEEP00000055170	ENSEEEG00000025159	asdurf
ENSP00000792602	ENSG00000147419	CCDC25	ENSEEEP00000036764	ENSEEEG00000017448	CCDC25
ENSP00000332208	ENSG00000185002	RFX6	ENSEEEP00000015056	ENSEEEG00000007485	RFX6
ENSP00000496368	ENSG00000124786	SLC35B3	ENSEEEP00000033541	ENSEEEG00000015943	SLC35B3
ENSP00000641294	ENSG00000162927	PUS10	ENSEEEP00000035906	ENSEEEG00000017062	PUS10
ENSP00000329918	ENSG00000183496	MEX3B	ENSEEEP00000052866	ENSEEEG00000026091	MEX3B
ENSP00000565105	ENSG00000173581	CCDC106	ENSEEEP00000059642	ENSEEEG00000019671	ccdc106a
ENSP00000273286	ENSG00000144771	LRTM1	ENSEEEP00000013969	ENSEEEG00000006944	LRTM1
ENSP00000800456	ENSG00000114391	RPL24	ENSEEEP00000054772	ENSEEEG00000028107	RPL24
ENSP00000564424	ENSG00000140497	SCAMP2	ENSEEEP00000038738	ENSEEEG00000018382	scamp2l
ENSP00000607397	ENSG00000165630	PRPF18	ENSEEEP00000014823	ENSEEEG00000007379	prpf18
ENSP00000380354	ENSG00000141255	SPATA22	ENSEEEP00000010495	ENSEEEG00000005314	SPATA22
ENSP00000571121	ENSG00000103707	MTFMT	ENSEEEP00000037481	ENSEEEG00000017817	MTFMT
ENSP00000390011	ENSG00000142544	CTU1	ENSEEEP00000011774	ENSEEEG00000005926	ctu1
ENSP00000568381	ENSG00000185049	NELFA	ENSEEEP00000012141	ENSEEEG00000006120	NELFA
ENSP00000229955	ENSG00000112218	GPR63	ENSEEEP00000010864	ENSEEEG00000005497	GPR63
ENSP00000610961	ENSG00000106605	BLVRA	ENSEEEP00000037435	ENSEEEG00000017803	BLVRA
ENSP00000413632	ENSG00000178460	MCMDC2	ENSEEEP00000020282	ENSEEEG00000009906	MCMDC2
ENSP00000710147	ENSG00000175318	GRAMD2A	ENSEEEP00000038743	ENSEEEG00000018385	gramd2aa
ENSP00000259512	ENSG00000136986	DERL1	ENSEEEP00000033689	ENSEEEG00000016028	DERL1
ENSP00000258111	ENSG00000135643	KCNMB4	ENSEEEP00000043209	ENSEEEG00000020408	KCNMB4
ENSP00000447127	ENSG00000139343	SNRPF	ENSEEEP00000035315	ENSEEEG00000016812	SNRPF
ENSP00000576313	ENSG00000119943	PYROXD2	ENSEEEP00000006295	ENSEEEG00000003301	PYROXD2
ENSP00000326052	ENSG00000178449	COX14	ENSEEEP00000050264	ENSEEEG00000023638	COX14
ENSP00000500157	ENSG00000198056	PRIM1	ENSEEEP00000013599	ENSEEEG00000006796	prim1
ENSP00000410007	ENSG00000177051	FBXO46	ENSEEEP00000038388	ENSEEEG00000018228	FBXO46
ENSP00000609187	ENSG00000005194	CIAPIN1	ENSEEEP00000034470	ENSEEEG00000016409	CIAPIN1
ENSP00000256495	ENSG00000134107	BHLHE40	ENSEEEP00000012641	ENSEEEG00000006346	BHLHE40
ENSP00000724624	ENSG00000112592	TBP	ENSEEEP00000005112	ENSEEEG00000002646	TBP
ENSP00000331745	ENSG00000184344	GDF3	ENSEEEP00000019796	ENSEEEG00000009688	GDF3
ENSP00000554902	ENSG00000172661	WASHC2C	ENSEEEP00000017495	ENSEEEG00000008655	washc2c
ENSP00000448780	ENSG00000139168	ZCRB1	ENSEEEP00000051446	ENSEEEG00000024149	ZCRB1
ENSP00000588008	ENSG00000128829	EIF2AK4	ENSEEEP00000053284	ENSEEEG00000002488	EIF2AK4
ENSP00000256078	ENSG00000133703	KRAS	ENSEEEP00000061018	ENSEEEG00000028570	KRAS
ENSP00000600344	ENSG00000112237	CCNC	ENSEEEP00000059099	ENSEEEG00000024059	CCNC
ENSP00000381666	ENSG00000151233	GXYLT1	ENSEEEP00000041935	ENSEEEG00000019820	GXYLT1
ENSP00000781439	ENSG00000106327	TFR2	ENSEEEP00000013341	ENSEEEG00000006682	TFR2
ENSP00000728715	ENSG00000103187	COTL1	ENSEEEP00000022507	ENSEEEG00000010923	COTL1
ENSP00000558538	ENSG00000089693	MLF2	ENSEEEP00000015269	ENSEEEG00000007593	MLF2
ENSP00000793554	ENSG00000205629	LCMT1	ENSEEEP00000018864	ENSEEEG00000009258	LCMT1
ENSP00000427862	ENSG00000156467	UQCRB	ENSEEEP00000054634	ENSEEEG00000008932	UQCRB
ENSP00000323913	ENSG00000147573	TRIM55	ENSEEEP00000021664	ENSEEEG00000010535	trim55b
ENSP00000581501	ENSG00000131469	RPL27	ENSEEEP00000062637	ENSEEEG00000006193	RPL27
ENSP00000793260	ENSG00000166734	GOLM2	ENSEEEP00000038494	ENSEEEG00000018277	casc4
ENSP00000501290	ENSG00000187555	USP7	ENSEEEP00000045158	ENSEEEG00000020925	USP7
ENSP00000619186	ENSG00000170876	TMEM43	ENSEEEP00000061394	ENSEEEG00000026740	TMEM43
ENSP00000293414	ENSG00000161664	ASB16	ENSEEEP00000057272	ENSEEEG00000027385	ASB16
ENSP00000598990	ENSG00000105677	TMEM147	ENSEEEP00000011388	ENSEEEG00000005755	TMEM147
ENSP00000478589	ENSG00000204815	ODAD4	ENSEEEP00000025938	ENSEEEG00000012568	ttc25
ENSP00000736780	ENSG00000125386	FAM193A	ENSEEEP00000037076	ENSEEEG00000017605	FAM193A
ENSP00000789420	ENSG00000170222	ADPRM	ENSEEEP00000014732	ENSEEEG00000007328	ADPRM
ENSP00000457180	ENSG00000140511	HAPLN3	ENSEEEP00000039558	ENSEEEG00000018780	HAPLN3
ENSP00000268711	ENSG00000141026	MED9	ENSEEEP00000005089	ENSEEEG00000002655	MED9
ENSP00000387209	ENSG00000174007	CEP19	ENSEEEP00000051826	ENSEEEG00000024326	CEP19
ENSP00000567212	ENSG00000173163	COMMD1	ENSEEEP00000036169	ENSEEEG00000017203	COMMD1
ENSP00000798234	ENSG00000128928	IVD	ENSEEEP00000035822	ENSEEEG00000017032	IVD
ENSP00000573867	ENSG00000120159	CAAP1	ENSEEEP00000022974	ENSEEEG00000011150	CAAP1
ENSP00000526796	ENSG00000167283	ATP5MG	ENSEEEP00000060610	ENSEEEG00000027649	atp5l
ENSP00000219139	ENSG00000125149	PHAF1	ENSEEEP00000021239	ENSEEEG00000010348	PHAF1
ENSP00000332812	ENSG00000183134	PTGDR2	ENSEEEP00000055790	ENSEEEG00000025080	PTGDR2
ENSP00000436649	ENSG00000168061	SAC3D1	ENSEEEP00000024836	ENSEEEG00000012033	si:zfos-452g4.1
ENSP00000302599	ENSG00000172461	FUT9	ENSEEEP00000027419	ENSEEEG00000013228	fut9a
ENSP00000266534	ENSG00000139173	TMEM117	ENSEEEP00000041854	ENSEEEG00000019786	TMEM117
ENSP00000380746	ENSG00000127585	FBXL16	ENSEEEP00000042891	ENSEEEG00000020236	FBXL16
ENSP00000525607	ENSG00000051108	HERPUD1	ENSEEEP00000047584	ENSEEEG00000022401	HERPUD1
ENSP00000507809	ENSG00000175224	ATG13	ENSEEEP00000019111	ENSEEEG00000009375	ATG13
ENSP00000449341	ENSG00000111481	COPZ1	ENSEEEP00000043176	ENSEEEG00000020386	COPZ1
ENSP00000697975	ENSG00000087008	ACOX3	ENSEEEP00000042025	ENSEEEG00000019745	ACOX3
ENSP00000614385	ENSG00000135052	GOLM1	ENSEEEP00000007832	ENSEEEG00000004095	golm1
ENSP00000515246	ENSG00000129460	NGDN	ENSEEEP00000007602	ENSEEEG00000003972	NGDN
ENSP00000640667	ENSG00000205363	INSYN1	ENSEEEP00000034180	ENSEEEG00000016276	INSYN1
ENSP00000662320	ENSG00000169609	C15orf40	ENSEEEP00000045656	ENSEEEG00000021534	zgc:193812
ENSP00000789780	ENSG00000161036	LRWD1	ENSEEEP00000008631	ENSEEEG00000004478	LRWD1
ENSP00000599641	ENSG00000174928	C3orf33	ENSEEEP00000020623	ENSEEEG00000010059	C3orf33
ENSP00000250092	ENSG00000129226	CD68	ENSEEEP00000035291	ENSEEEG00000016799	si:ch211-212k18.7
ENSP00000408697	ENSG00000189233	NUGGC	ENSEEEP00000010566	ENSEEEG00000005362	
ENSP00000298875	ENSG00000165934	CPSF2	ENSEEEP00000018855	ENSEEEG00000009248	CPSF2
ENSP00000377789	ENSG00000171992	SYNPO	ENSEEEP00000013377	ENSEEEG00000006705	
ENSP00000572545	ENSG00000003147	ICA1	ENSEEEP00000010725	ENSEEEG00000005408	ICA1
ENSP00000418661	ENSG00000187024	PTRH1	ENSEEEP00000047526	ENSEEEG00000022371	PTRH1
ENSP00000639952	ENSG00000170584	NUDCD2	ENSEEEP00000055421	ENSEEEG00000025208	NUDCD2
ENSP00000607170	ENSG00000078674	PCM1	ENSEEEP00000049083	ENSEEEG00000023061	PCM1
ENSP00000367787	ENSG00000005156	LIG3	ENSEEEP00000008580	ENSEEEG00000004349	LIG3
ENSP00000266671	ENSG00000139289	PHLDA1	ENSEEEP00000021064	ENSEEEG00000010273	PHLDA1
ENSP00000377854	ENSG00000106852	LHX6	ENSEEEP00000024100	ENSEEEG00000011687	LHX6
ENSP00000282185	ENSG00000152348	ATG10	ENSEEEP00000045114	ENSEEEG00000021305	ATG10
ENSP00000621932	ENSG00000063761	ADCK1	ENSEEEP00000047141	ENSEEEG00000022188	ADCK1
ENSP00000516144	ENSG00000163681	SLMAP	ENSEEEP00000026505	ENSEEEG00000012362	slmapa
ENSP00000618687	ENSG00000122733	PHF24	ENSEEEP00000029110	ENSEEEG00000013968	PHF24
ENSP00000370115	ENSG00000021355	SERPINB1	ENSEEEP00000022637	ENSEEEG00000010889	serpinb1l2
ENSP00000582612	ENSG00000197324	LRP10	ENSEEEP00000011857	ENSEEEG00000005973	LRP10
ENSP00000490540	ENSG00000151131	NOPCHAP1	ENSEEEP00000008922	ENSEEEG00000004606	si:dkey-48p11.3
ENSP00000593876	ENSG00000111880	RNGTT	ENSEEEP00000011925	ENSEEEG00000006007	RNGTT
ENSP00000491846	ENSG00000283740	TAF11L11	ENSEEEP00000022587	ENSEEEG00000010968	TAF11
ENSP00000297540	ENSG00000164902	PHAX	ENSEEEP00000060692	ENSEEEG00000025852	PHAX
ENSP00000442770	ENSG00000111231	GPN3	ENSEEEP00000007167	ENSEEEG00000003781	GPN3
ENSP00000359219	ENSG00000107821	KAZALD1	ENSEEEP00000060248	ENSEEEG00000008426	kazald3
ENSP00000712610	ENSG00000135446	CDK4	ENSEEEP00000032522	ENSEEEG00000015505	CDK4
ENSP00000640100	ENSG00000178078	STAP2	ENSEEEP00000015081	ENSEEEG00000007508	stap2a
ENSP00000356057	ENSG00000146433	TMEM181	ENSEEEP00000012942	ENSEEEG00000006501	TMEM181
ENSP00000498917	ENSG00000148604	RGR	ENSEEEP00000001383	ENSEEEG00000000914	rgra
ENSP00000420939	ENSG00000250722	SELENOP	ENSEEEP00000043434	ENSEEEG00000020532	
ENSP00000630744	ENSG00000126749	EMG1	ENSEEEP00000041633	ENSEEEG00000019695	EMG1
ENSP00000358265	ENSG00000186231	KLHL32	ENSEEEP00000020247	ENSEEEG00000009885	KLHL32
ENSP00000314518	ENSG00000176018	LYSMD3	ENSEEEP00000062533	ENSEEEG00000025243	LYSMD3
ENSP00000588575	ENSG00000013810	TACC3	ENSEEEP00000009527	ENSEEEG00000004873	TACC3
ENSP00000348462	ENSG00000013561	RNF14	ENSEEEP00000020458	ENSEEEG00000009986	RNF14
ENSP00000670932	ENSG00000137364	TPMT	ENSEEEP00000015896	ENSEEEG00000007860	tpmt.1
ENSP00000532535	ENSG00000123154	WDR83	ENSEEEP00000052195	ENSEEEG00000024472	WDR83
ENSP00000507687	ENSG00000173064	HECTD4	ENSEEEP00000060203	ENSEEEG00000028303	HECTD4
ENSP00000763200	ENSG00000137876	RSL24D1	ENSEEEP00000042297	ENSEEEG00000019976	rsl24d1
ENSP00000417764	ENSG00000119523	ALG2	ENSEEEP00000040141	ENSEEEG00000019037	ALG2
ENSP00000794628	ENSG00000167136	ENDOG	ENSEEEP00000044504	ENSEEEG00000021025	ENDOG
ENSP00000774178	ENSG00000173267	SNCG	ENSEEEP00000036215	ENSEEEG00000017222	sncgb
ENSP00000603030	ENSG00000180376	CCDC66	ENSEEEP00000021020	ENSEEEG00000010250	IHO1
ENSP00000656096	ENSG00000120533	ENY2	ENSEEEP00000034116	ENSEEEG00000016239	ENY2
ENSP00000321684	ENSG00000005102	MEOX1	ENSEEEP00000023950	ENSEEEG00000011632	MEOX1
ENSP00000416558	ENSG00000106336	FBXO24	ENSEEEP00000040854	ENSEEEG00000019353	
ENSP00000490393	ENSG00000167302	TEPSIN	ENSEEEP00000011690	ENSEEEG00000005885	TEPSIN
ENSP00000360540	ENSG00000138180	CEP55	ENSEEEP00000057230	ENSEEEG00000024835	cep55l
ENSP00000358854	ENSG00000148835	TAF5	ENSEEEP00000043399	ENSEEEG00000020507	TAF5
ENSP00000444198	ENSG00000164442	CITED2	ENSEEEP00000052580	ENSEEEG00000024628	CITED2
ENSP00000533098	ENSG00000171772	SYCE1	ENSEEEP00000016376	ENSEEEG00000008110	si:ch211-199g17.9
ENSP00000556704	ENSG00000124664	SPDEF	ENSEEEP00000053255	ENSEEEG00000007181	SPDEF
ENSP00000427695	ENSG00000141232	TOB1	ENSEEEP00000063179	ENSEEEG00000027011	tob1a
ENSP00000369291	ENSG00000165046	LETM2	ENSEEEP00000028053	ENSEEEG00000013500	LETM2
ENSP00000409976	ENSG00000108381	ASPA	ENSEEEP00000010538	ENSEEEG00000005343	ASPA
ENSP00000380713	ENSG00000099849	RASSF7	ENSEEEP00000040604	ENSEEEG00000019235	rassf7b
ENSP00000379902	ENSG00000106460	TMEM106B	ENSEEEP00000031886	ENSEEEG00000015229	tmem106bb
ENSP00000795012	ENSG00000163075	CFAP221	ENSEEEP00000024795	ENSEEEG00000012008	
ENSP00000393577	ENSG00000118503	TNFAIP3	ENSEEEP00000059820	ENSEEEG00000008986	TNFAIP3
ENSP00000561705	ENSG00000137804	NUSAP1	ENSEEEP00000048719	ENSEEEG00000022921	nusap1
ENSP00000555122	ENSG00000153989	NUS1	ENSEEEP00000015025	ENSEEEG00000007478	NUS1
ENSP00000386141	ENSG00000221947	XKR9	ENSEEEP00000036371	ENSEEEG00000017296	XKR9
ENSP00000534088	ENSG00000132470	ITGB4	ENSEEEP00000035449	ENSEEEG00000016876	itgb4
ENSP00000351686	ENSG00000170325	PRDM10	ENSEEEP00000040337	ENSEEEG00000018841	PRDM10
ENSP00000604213	ENSG00000124496	TRERF1	ENSEEEP00000052920	ENSEEEG00000010335	
ENSP00000605351	ENSG00000158457	TSPAN33	ENSEEEP00000029540	ENSEEEG00000014143	tspan33a
ENSP00000255262	ENSG00000132911	NMUR2	ENSEEEP00000027719	ENSEEEG00000013329	nmur3
ENSP00000640625	ENSG00000160746	ANO10	ENSEEEP00000054199	ENSEEEG00000011770	ano10a
ENSP00000454404	ENSG00000166822	TMEM170A	ENSEEEP00000061096	ENSEEEG00000025462	tmem170a
ENSP00000428140	ENSG00000123643	SLC36A1	ENSEEEP00000030350	ENSEEEG00000014375	SLC36A1
ENSP00000550123	ENSG00000167964	RAB26	ENSEEEP00000002596	ENSEEEG00000001498	RAB26
ENSP00000401639	ENSG00000146733	PSPH	ENSEEEP00000033574	ENSEEEG00000015971	psph
ENSP00000475189	ENSG00000272031	ANKRD34A	ENSEEEP00000057865	ENSEEEG00000029034	ANKRD34A
ENSP00000442478	ENSG00000067221	STOML1	ENSEEEP00000003193	ENSEEEG00000001797	STOML1
ENSP00000284031	ENSG00000153904	DDAH1	ENSEEEP00000030081	ENSEEEG00000014417	DDAH1
ENSP00000267377	ENSG00000139874	SSTR1	ENSEEEP00000008278	ENSEEEG00000004331	sstr1a
ENSP00000616407	ENSG00000171798	KNDC1	ENSEEEP00000058205	ENSEEEG00000026537	
ENSP00000295079	ENSG00000162972	MAIP1	ENSEEEP00000003005	ENSEEEG00000001708	MAIP1
ENSP00000451920	ENSG00000197045	GMFB	ENSEEEP00000060640	ENSEEEG00000028152	GMFB
ENSP00000512714	ENSG00000162624	LHX8	ENSEEEP00000023252	ENSEEEG00000011274	lhx8a
ENSP00000393388	ENSG00000143977	SNRPG	ENSEEEP00000063963	ENSEEEG00000027179	snrpg
ENSP00000378767	ENSG00000196735	HLA-DQA1	ENSEEEP00000055275	ENSEEEG00000011900	zgc:123107
ENSP00000348596	ENSG00000198301	SDAD1	ENSEEEP00000034541	ENSEEEG00000016408	SDAD1
ENSP00000261167	ENSG00000084463	WBP11	ENSEEEP00000009641	ENSEEEG00000004915	WBP11
ENSP00000788399	ENSG00000129151	BBOX1	ENSEEEP00000044549	ENSEEEG00000021039	BBOX1
ENSP00000381631	ENSG00000177994	CIMIP6	ENSEEEP00000006683	ENSEEEG00000003543	
ENSP00000532107	ENSG00000171307	ZDHHC16	ENSEEEP00000006784	ENSEEEG00000003577	zdhhc16b
ENSP00000258888	ENSG00000136383	ALPK3	ENSEEEP00000034618	ENSEEEG00000016465	MAP3K19
ENSP00000555532	ENSG00000078668	VDAC3	ENSEEEP00000005019	ENSEEEG00000002561	zgc:56235
ENSP00000640378	ENSG00000137776	SLTM	ENSEEEP00000038350	ENSEEEG00000018219	SLTM
ENSP00000333845	ENSG00000183644	HOATZ	ENSEEEP00000059936	ENSEEEG00000026268	si:dkey-27p23.3
ENSP00000539342	ENSG00000177666	PNPLA2	ENSEEEP00000007311	ENSEEEG00000003840	PNPLA2
ENSP00000705466	ENSG00000111325	OGFOD2	ENSEEEP00000030414	ENSEEEG00000014572	OGFOD2
ENSP00000561750	ENSG00000164144	ARFIP1	ENSEEEP00000058147	ENSEEEG00000024185	ARFIP1
ENSP00000637580	ENSG00000137497	NUMA1	ENSEEEP00000058439	ENSEEEG00000025485	
ENSP00000302578	ENSG00000168672	LRATD2	ENSEEEP00000034250	ENSEEEG00000016312	LRATD2
ENSP00000767429	ENSG00000130311	DDA1	ENSEEEP00000059697	ENSEEEG00000025717	dda1
ENSP00000449144	ENSG00000184752	NDUFA12	ENSEEEP00000013674	ENSEEEG00000006826	NDUFA12
ENSP00000309772	ENSG00000106034	CPED1	ENSEEEP00000044689	ENSEEEG00000021103	cped1
ENSP00000615329	ENSG00000171453	POLR1C	ENSEEEP00000047437	ENSEEEG00000022323	POLR1C
ENSP00000794252	ENSG00000139725	RHOF	ENSEEEP00000044767	ENSEEEG00000021133	rhof
ENSP00000632084	ENSG00000151135	TMEM263	ENSEEEP00000058028	ENSEEEG00000028503	TMEM263
ENSP00000462192	ENSG00000180304	OAZ2	ENSEEEP00000037786	ENSEEEG00000017961	oaz2a
ENSP00000544844	ENSG00000004838	ZMYND10	ENSEEEP00000051749	ENSEEEG00000024302	ZMYND10
ENSP00000256151	ENSG00000133773	CCDC59	ENSEEEP00000064579	ENSEEEG00000023643	CCDC59
ENSP00000476312	ENSG00000180535	BHLHA15	ENSEEEP00000059310	ENSEEEG00000026902	BHLHA15
ENSP00000722854	ENSG00000111678	C12orf57	ENSEEEP00000016179	ENSEEEG00000008015	C12orf57
ENSP00000608430	ENSG00000126267	COX6B1	ENSEEEP00000051061	ENSEEEG00000023973	cox6b1
ENSP00000361970	ENSG00000196683	TOMM7	ENSEEEP00000011006	ENSEEEG00000005572	TOMM7
ENSP00000357069	ENSG00000143315	PIGM	ENSEEEP00000043408	ENSEEEG00000020517	PIGM
ENSP00000266643	ENSG00000139266	MARCHF9	ENSEEEP00000003098	ENSEEEG00000001755	march9
ENSP00000571202	ENSG00000131375	CAPN7	ENSEEEP00000049068	ENSEEEG00000023054	CAPN7
ENSP00000523872	ENSG00000182196	ARL6IP4	ENSEEEP00000020120	ENSEEEG00000009829	ARL6IP4
ENSP00000248071	ENSG00000127528	KLF2	ENSEEEP00000050782	ENSEEEG00000023858	klf2b
ENSP00000586164	ENSG00000174799	CEP135	ENSEEEP00000040626	ENSEEEG00000019248	CEP135
ENSP00000490441	ENSG00000096093	EFHC1	ENSEEEP00000044894	ENSEEEG00000021188	EFHC1
ENSP00000365773	ENSG00000135069	PSAT1	ENSEEEP00000049691	ENSEEEG00000023348	PSAT1
ENSP00000634062	ENSG00000104774	MAN2B1	ENSEEEP00000045042	ENSEEEG00000021044	man2b1
ENSP00000629637	ENSG00000157796	WDR19	ENSEEEP00000032343	ENSEEEG00000015272	WDR19
ENSP00000655540	ENSG00000100445	SDR39U1	ENSEEEP00000027173	ENSEEEG00000013113	SDR39U1
ENSP00000710055	ENSG00000120162	MOB3B	ENSEEEP00000047316	ENSEEEG00000022274	MOB3B
ENSP00000609496	ENSG00000112305	SMAP1	ENSEEEP00000000995	ENSEEEG00000000678	SMAP1
ENSP00000592200	ENSG00000106692	FKTN	ENSEEEP00000047443	ENSEEEG00000022324	fktn
ENSP00000494558	ENSG00000165730	STOX1	ENSEEEP00000030850	ENSEEEG00000014758	STOX1
ENSP00000395328	ENSG00000166292	TMEM100	ENSEEEP00000054449	ENSEEEG00000025271	TMEM100
ENSP00000238651	ENSG00000119673	ACOT2	ENSEEEP00000028108	ENSEEEG00000013527	acot21
ENSP00000366582	ENSG00000204767	INSYN2B	ENSEEEP00000021009	ENSEEEG00000010247	
ENSP00000540567	ENSG00000197746	PSAP	ENSEEEP00000055086	ENSEEEG00000010803	PSAP
ENSP00000421965	ENSG00000164244	PRRC1	ENSEEEP00000033026	ENSEEEG00000015726	PRRC1
ENSP00000427095	ENSG00000109586	GALNT7	ENSEEEP00000059827	ENSEEEG00000017423	GALNT7
ENSP00000434045	ENSG00000119714	GPR68	ENSEEEP00000046274	ENSEEEG00000021794	GPR68
ENSP00000720214	ENSG00000114062	UBE3A	ENSEEEP00000039289	ENSEEEG00000018565	UBE3A
ENSP00000306245	ENSG00000170345	FOS	ENSEEEP00000017315	ENSEEEG00000008561	fosab
ENSP00000285419	ENSG00000155099	PIP4P2	ENSEEEP00000001384	ENSEEEG00000000915	PIP4P2
ENSP00000641354	ENSG00000099797	TECR	ENSEEEP00000045101	ENSEEEG00000021296	tecrb
ENSP00000778713	ENSG00000104760	FGL1	ENSEEEP00000042597	ENSEEEG00000020113	FGL1
ENSP00000604265	ENSG00000159593	NAE1	ENSEEEP00000025824	ENSEEEG00000012511	NAE1
ENSP00000664335	ENSG00000161955	TNFSF13	ENSEEEP00000002707	ENSEEEG00000001565	TNFSF13
ENSP00000597764	ENSG00000108039	XPNPEP1	ENSEEEP00000020644	ENSEEEG00000009495	XPNPEP1
ENSP00000554196	ENSG00000133636	NTS	ENSEEEP00000011805	ENSEEEG00000005944	
ENSP00000420618	ENSG00000110680	CALCA	ENSEEEP00000003250	ENSEEEG00000001829	
ENSP00000542221	ENSG00000186470	BTN3A2	ENSEEEP00000000406	ENSEEEG00000000304	
ENSP00000330240	ENSG00000109881	CCDC34	ENSEEEP00000040255	ENSEEEG00000019084	zgc:153293
ENSP00000760525	ENSG00000167862	MRPL58	ENSEEEP00000015202	ENSEEEG00000007562	MRPL58
ENSP00000611421	ENSG00000154518	ATP5MC3	ENSEEEP00000046523	ENSEEEG00000021912	atp5mc3b
ENSP00000563460	ENSG00000213221	DNLZ	ENSEEEP00000040015	ENSEEEG00000018977	DNLZ
ENSP00000263610	ENSG00000125492	BARHL1	ENSEEEP00000007368	ENSEEEG00000003868	barhl1b
ENSP00000321346	ENSG00000175764	TTLL11	ENSEEEP00000014050	ENSEEEG00000006984	TTLL11
ENSP00000581512	ENSG00000137818	RPLP1	ENSEEEP00000062230	ENSEEEG00000013353	rplp1
ENSP00000380747	ENSG00000146842	TMEM209	ENSEEEP00000054071	ENSEEEG00000001759	TMEM209
ENSP00000544584	ENSG00000137500	CCDC90B	ENSEEEP00000008147	ENSEEEG00000004246	CCDC90B
ENSP00000360850	ENSG00000122140	MRPS2	ENSEEEP00000010891	ENSEEEG00000005511	MRPS2
ENSP00000594356	ENSG00000165084	C8orf34	ENSEEEP00000013640	ENSEEEG00000006814	C8orf34
ENSP00000534890	ENSG00000130203	APOE	ENSEEEP00000013154	ENSEEEG00000006610	apoea
ENSP00000444425	ENSG00000111452	ADGRD1	ENSEEEP00000000435	ENSEEEG00000000319	ADGRD1
ENSP00000766018	ENSG00000115738	ID2	ENSEEEP00000035234	ENSEEEG00000016762	id2a
ENSP00000353794	ENSG00000197361	FBXL22	ENSEEEP00000002493	ENSEEEG00000001456	FBXL22
ENSP00000446058	ENSG00000105251	SHD	ENSEEEP00000005450	ENSEEEG00000002859	shdb
ENSP00000366528	ENSG00000181778	TMEM252	ENSEEEP00000024203	ENSEEEG00000011735	
ENSP00000311429	ENSG00000174442	ZWILCH	ENSEEEP00000007622	ENSEEEG00000003978	ZWILCH
ENSP00000412302	ENSG00000071655	MBD3	ENSEEEP00000062467	ENSEEEG00000025408	mbd3a
ENSP00000538951	ENSG00000197265	GTF2E2	ENSEEEP00000017628	ENSEEEG00000008704	GTF2E2
ENSP00000320184	ENSG00000181610	MRPS23	ENSEEEP00000017621	ENSEEEG00000008701	MRPS23
ENSP00000523983	ENSG00000106399	RPA3	ENSEEEP00000054252	ENSEEEG00000025441	RPA3
ENSP00000752749	ENSG00000115875	SRSF7	ENSEEEP00000001980	ENSEEEG00000001233	srsf7b
ENSP00000531994	ENSG00000128585	MKLN1	ENSEEEP00000050752	ENSEEEG00000023840	MKLN1
ENSP00000484492	ENSG00000176731	RBIS	ENSEEEP00000033522	ENSEEEG00000015940	si:ch211-282b22.1
ENSP00000361518	ENSG00000204052	LRRC73	ENSEEEP00000026294	ENSEEEG00000012721	LRRC73
ENSP00000341346	ENSG00000167858	TEKT1	ENSEEEP00000042985	ENSEEEG00000020291	TEKT1
ENSP00000264025	ENSG00000110400	NECTIN1	ENSEEEP00000055303	ENSEEEG00000018107	NECTIN1
ENSP00000378464	ENSG00000213578	CPLX3	ENSEEEP00000007269	ENSEEEG00000003820	cplx3a
ENSP00000267260	ENSG00000139767	SRRM4	ENSEEEP00000023761	ENSEEEG00000011509	SRRM4
ENSP00000458101	ENSG00000102900	NUP93	ENSEEEP00000047776	ENSEEEG00000022482	NUP93
ENSP00000416673	ENSG00000229474	PATL2	ENSEEEP00000047937	ENSEEEG00000022575	PATL2
ENSP00000583145	ENSG00000136295	TTYH3	ENSEEEP00000000055	ENSEEEG00000000025	ttyh3a
ENSP00000319796	ENSG00000184716	SERINC4	ENSEEEP00000061313	ENSEEEG00000019279	SERINC4
ENSP00000579565	ENSG00000160972	PPP1R16A	ENSEEEP00000037706	ENSEEEG00000017925	PPP1R16A
ENSP00000371475	ENSG00000067369	TP53BP1	ENSEEEP00000060910	ENSEEEG00000029054	TP53BP1
ENSP00000377696	ENSG00000114021	NIT2	ENSEEEP00000009996	ENSEEEG00000005080	NIT2
ENSP00000712347	ENSG00000213551	DNAJC9	ENSEEEP00000037829	ENSEEEG00000028245	DNAJC9
ENSP00000363753	ENSG00000119328	ABITRAM	ENSEEEP00000039159	ENSEEEG00000018610	ABITRAM
ENSP00000314080	ENSG00000177374	HIC1	ENSEEEP00000001012	ENSEEEG00000000688	HIC1
ENSP00000493302	ENSG00000108439	PNPO	ENSEEEP00000012620	ENSEEEG00000006316	PNPO
ENSP00000616287	ENSG00000137168	PPIL1	ENSEEEP00000020047	ENSEEEG00000009805	PPIL1
ENSP00000698000	ENSG00000136279	DBNL	ENSEEEP00000026023	ENSEEEG00000012602	dbnlb
ENSP00000531088	ENSG00000080608	PUM3	ENSEEEP00000041353	ENSEEEG00000019487	PUM3
ENSP00000767629	ENSG00000163832	ELP6	ENSEEEP00000020321	ENSEEEG00000009917	ELP6
ENSP00000605849	ENSG00000149308	NPAT	ENSEEEP00000061628	ENSEEEG00000000225	NPAT
ENSP00000369081	ENSG00000239264	TXNDC5	ENSEEEP00000033594	ENSEEEG00000015974	TXNDC5
ENSP00000376941	ENSG00000153094	BCL2L11	ENSEEEP00000046201	ENSEEEG00000021764	BCL2L11
ENSP00000601962	ENSG00000108424	KPNB1	ENSEEEP00000034987	ENSEEEG00000016639	KPNB1
ENSP00000298223	ENSG00000165457	FOLR2	ENSEEEP00000008058	ENSEEEG00000004204	folr
ENSP00000360560	ENSG00000146221	DRC5	ENSEEEP00000028708	ENSEEEG00000013792	TCTE1
ENSP00000221452	ENSG00000104856	RELB	ENSEEEP00000061174	ENSEEEG00000027158	RELB
ENSP00000528715	ENSG00000124587	PEX6	ENSEEEP00000050924	ENSEEEG00000023921	PEX6
ENSP00000453273	ENSG00000137821	LRRC49	ENSEEEP00000056080	ENSEEEG00000002348	
ENSP00000536608	ENSG00000163811	WDR43	ENSEEEP00000042291	ENSEEEG00000019967	wdr43
ENSP00000469035	ENSG00000105669	COPE	ENSEEEP00000023899	ENSEEEG00000011546	COPE
ENSP00000380793	ENSG00000214160	ALG3	ENSEEEP00000061378	ENSEEEG00000007242	ALG3
ENSP00000520549	ENSG00000164941	INTS8	ENSEEEP00000047036	ENSEEEG00000022138	INTS8
ENSP00000434190	ENSG00000149792	MRPL49	ENSEEEP00000021173	ENSEEEG00000010323	MRPL49
ENSP00000387303	ENSG00000156414	TDRD9	ENSEEEP00000009511	ENSEEEG00000004853	TDRD9
ENSP00000286353	ENSG00000155893	PXYLP1	ENSEEEP00000037148	ENSEEEG00000017644	PXYLP1
ENSP00000264607	ENSG00000065802	ASB1	ENSEEEP00000025437	ENSEEEG00000012334	ASB1
ENSP00000791667	ENSG00000104765	BNIP3L	ENSEEEP00000057869	ENSEEEG00000028292	bnip3la
ENSP00000306817	ENSG00000171174	RBKS	ENSEEEP00000012314	ENSEEEG00000006179	RBKS
ENSP00000789182	ENSG00000197070	ARRDC1	ENSEEEP00000031681	ENSEEEG00000015138	arrdc1b
ENSP00000495986	ENSG00000121075	TBX4	ENSEEEP00000055189	ENSEEEG00000001126	TBX4
ENSP00000380437	ENSG00000092096	SLC22A17	ENSEEEP00000050484	ENSEEEG00000023736	SLC22A17
ENSP00000630673	ENSG00000164169	PRMT9	ENSEEEP00000020889	ENSEEEG00000010189	PRMT9
ENSP00000263038	ENSG00000107537	PHYH	ENSEEEP00000015071	ENSEEEG00000007499	PHYH
ENSP00000515158	ENSG00000175895	PLEKHF2	ENSEEEP00000049044	ENSEEEG00000023044	PLEKHF2
ENSP00000342518	ENSG00000151812	SLC35F4	ENSEEEP00000035606	ENSEEEG00000016958	SLC35F4
ENSP00000784703	ENSG00000034239	CLXN	ENSEEEP00000043688	ENSEEEG00000020653	EFCAB1
ENSP00000352271	ENSG00000196584	XRCC2	ENSEEEP00000039680	ENSEEEG00000018823	XRCC2
ENSP00000427888	ENSG00000249853	HS3ST5	ENSEEEP00000011701	ENSEEEG00000005891	HS3ST5
ENSP00000545058	ENSG00000105887	MTPN	ENSEEEP00000003416	ENSEEEG00000001906	MTPN
ENSP00000520503	ENSG00000120868	APAF1	ENSEEEP00000056605	ENSEEEG00000025015	APAF1
ENSP00000345659	ENSG00000168748	CA7	ENSEEEP00000039328	ENSEEEG00000018563	CA7
ENSP00000614083	ENSG00000146809	ASB15	ENSEEEP00000037847	ENSEEEG00000017991	asb15a
ENSP00000638973	ENSG00000135324	MRAP2	ENSEEEP00000049097	ENSEEEG00000023071	mrap2a
ENSP00000429015	ENSG00000186106	ANKRD46	ENSEEEP00000021115	ENSEEEG00000010299	ankrd46b
ENSP00000219551	ENSG00000103269	RHBDL1	ENSEEEP00000006697	ENSEEEG00000003550	RHBDL1
ENSP00000363360	ENSG00000148153	INIP	ENSEEEP00000064299	ENSEEEG00000026008	INIP
ENSP00000267812	ENSG00000140259	MFAP1	ENSEEEP00000040678	ENSEEEG00000019273	MFAP1
ENSP00000471454	ENSG00000104983	CCDC61	ENSEEEP00000005760	ENSEEEG00000003041	CCDC61
ENSP00000732837	ENSG00000119927	GPAM	ENSEEEP00000040357	ENSEEEG00000018943	GPAM
ENSP00000263985	ENSG00000059691	GATB	ENSEEEP00000015582	ENSEEEG00000007705	GATB
ENSP00000253968	ENSG00000131668	BARX1	ENSEEEP00000032014	ENSEEEG00000015277	BARX1
ENSP00000779818	ENSG00000063854	HAGH	ENSEEEP00000057012	ENSEEEG00000004550	HAGH
ENSP00000353739	ENSG00000168300	PCMTD1	ENSEEEP00000022485	ENSEEEG00000010913	PCMTD1
ENSP00000621394	ENSG00000042493	CAPG	ENSEEEP00000035389	ENSEEEG00000016823	capgb
ENSP00000328397	ENSG00000182853	VMO1	ENSEEEP00000059709	ENSEEEG00000011140	vmo1a
ENSP00000357474	ENSG00000111860	CEP85L	ENSEEEP00000059626	ENSEEEG00000028960	CEP85L
ENSP00000679450	ENSG00000128891	CCDC32	ENSEEEP00000035776	ENSEEEG00000017027	CCDC32
ENSP00000379430	ENSG00000156170	NDUFAF6	ENSEEEP00000049041	ENSEEEG00000023043	NDUFAF6
ENSP00000293695	ENSG00000161860	SYCE2	ENSEEEP00000039418	ENSEEEG00000018722	SYCE2
ENSP00000378576	ENSG00000114378	HYAL1	ENSEEEP00000014402	ENSEEEG00000007170	HYAL1
ENSP00000548755	ENSG00000137561	TTPA	ENSEEEP00000017272	ENSEEEG00000008537	TTPA
ENSP00000437237	ENSG00000165233	CARD19	ENSEEEP00000000365	ENSEEEG00000000271	card19
ENSP00000349547	ENSG00000068028	RASSF1	ENSEEEP00000051747	ENSEEEG00000024301	RASSF1
ENSP00000428489	ENSG00000168078	PBK	ENSEEEP00000036770	ENSEEEG00000017454	PBK
ENSP00000627870	ENSG00000147872	PLIN2	ENSEEEP00000038898	ENSEEEG00000018453	PLIN2
ENSP00000301633	ENSG00000089685	BIRC5	ENSEEEP00000048439	ENSEEEG00000022796	BIRC5
ENSP00000426768	ENSG00000171643	S100Z	ENSEEEP00000058254	ENSEEEG00000026523	S100Z
ENSP00000494836	ENSG00000163682	RPL9	ENSEEEP00000013731	ENSEEEG00000006842	rpl9
ENSP00000489742	ENSG00000113749	HRH2	ENSEEEP00000019060	ENSEEEG00000009359	hrh2a
ENSP00000328625	ENSG00000174004	NRROS	ENSEEEP00000033512	ENSEEEG00000015934	NRROS
ENSP00000341483	ENSG00000031823	RANBP3	ENSEEEP00000048196	ENSEEEG00000022692	ranbp3b
ENSP00000409544	ENSG00000189143	CLDN4	ENSEEEP00000010728	ENSEEEG00000005431	cldnb
ENSP00000297151	ENSG00000164609	SLU7	ENSEEEP00000003975	ENSEEEG00000002125	SLU7
ENSP00000534495	ENSG00000172817	CYP7B1	ENSEEEP00000025852	ENSEEEG00000012461	CYP7B1
ENSP00000630336	ENSG00000104324	CPQ	ENSEEEP00000062584	ENSEEEG00000010075	gcdhb
ENSP00000620039	ENSG00000219545	UMAD1	ENSEEEP00000060495	ENSEEEG00000025937	UMAD1
ENSP00000575344	ENSG00000140025	EFCAB11	ENSEEEP00000011286	ENSEEEG00000005721	EFCAB11
ENSP00000390204	ENSG00000188175	HEPACAM2	ENSEEEP00000043699	ENSEEEG00000020662	HEPACAM2
ENSP00000489837	ENSG00000259417	CTXND1	ENSEEEP00000029734	ENSEEEG00000014245	
ENSP00000296786	ENSG00000164332	UBLCP1	ENSEEEP00000040698	ENSEEEG00000019281	UBLCP1
ENSP00000627983	ENSG00000140557	ST8SIA2	ENSEEEP00000036442	ENSEEEG00000017325	st8sia2
ENSP00000429726	ENSG00000182183	SHISAL2A	ENSEEEP00000022997	ENSEEEG00000011165	SHISAL2A
ENSP00000769528	ENSG00000111245	MYL2	ENSEEEP00000039580	ENSEEEG00000018784	MYL2
ENSP00000398401	ENSG00000234545	FAM133B	ENSEEEP00000061255	ENSEEEG00000028164	FAM133B
ENSP00000505214	ENSG00000100749	VRK1	ENSEEEP00000046936	ENSEEEG00000022060	VRK1
ENSP00000356104	ENSG00000162877	PM20D1	ENSEEEP00000012909	ENSEEEG00000006484	pm20d1.2
ENSP00000796480	ENSG00000140297	GCNT3	ENSEEEP00000001137	ENSEEEG00000000760	gcnt3
ENSP00000354483	ENSG00000198842	STYXL2	ENSEEEP00000024632	ENSEEEG00000011939	dusp27
ENSP00000386759	ENSG00000181555	SETD2	ENSEEEP00000027597	ENSEEEG00000013290	SETD2
ENSP00000265164	ENSG00000138794	CASP6	ENSEEEP00000062733	ENSEEEG00000009081	CASP6
ENSP00000302768	ENSG00000172239	PAIP1	ENSEEEP00000015973	ENSEEEG00000007904	PAIP1
ENSP00000708476	ENSG00000047249	ATP6V1H	ENSEEEP00000020572	ENSEEEG00000010035	ATP6V1H
ENSP00000368632	ENSG00000107485	GATA3	ENSEEEP00000032262	ENSEEEG00000015389	GATA3
ENSP00000794583	ENSG00000131013	PPIL4	ENSEEEP00000055536	ENSEEEG00000003763	PPIL4
ENSP00000254231	ENSG00000131914	LIN28A	ENSEEEP00000051160	ENSEEEG00000024019	LIN28A
ENSP00000627395	ENSG00000164074	ABHD18	ENSEEEP00000041509	ENSEEEG00000019635	ABHD18
ENSP00000490026	ENSG00000198954	KIFBP	ENSEEEP00000008267	ENSEEEG00000004328	KIFBP
ENSP00000561089	ENSG00000122687	MRM2	ENSEEEP00000000364	ENSEEEG00000000264	mrm2
ENSP00000368872	ENSG00000188487	INSC	ENSEEEP00000003254	ENSEEEG00000001830	INSC
ENSP00000627657	ENSG00000183696	UPP1	ENSEEEP00000064149	ENSEEEG00000013284	UPP1
ENSP00000304501	ENSG00000170425	ADORA2B	ENSEEEP00000056741	ENSEEEG00000027889	ADORA2B
ENSP00000544050	ENSG00000198015	MRPL42	ENSEEEP00000062811	ENSEEEG00000008265	mrpl42
ENSP00000628498	ENSG00000165886	UBTD1	ENSEEEP00000006709	ENSEEEG00000003553	ubtd1b
ENSP00000358293	ENSG00000165813	CCDC186	ENSEEEP00000012291	ENSEEEG00000006181	ccdc186
ENSP00000300557	ENSG00000167183	PRR15L	ENSEEEP00000012578	ENSEEEG00000006315	prr15lb
ENSP00000508579	ENSG00000138606	SHF	ENSEEEP00000034144	ENSEEEG00000016257	SHF
ENSP00000636782	ENSG00000124279	FASTKD3	ENSEEEP00000002476	ENSEEEG00000001450	FASTKD3
ENSP00000313199	ENSG00000138668	HNRNPD	ENSEEEP00000005799	ENSEEEG00000003071	HNRNPD
ENSP00000459943	ENSG00000185722	ANKFY1	ENSEEEP00000056502	ENSEEEG00000014016	ANKFY1
ENSP00000636783	ENSG00000122912	SLC25A16	ENSEEEP00000058704	ENSEEEG00000024770	SLC25A16
ENSP00000550878	ENSG00000090447	TFAP4	ENSEEEP00000058927	ENSEEEG00000027907	TFAP4
ENSP00000592814	ENSG00000113643	RARS1	ENSEEEP00000040703	ENSEEEG00000019288	RARS1
ENSP00000286574	ENSG00000156076	WIF1	ENSEEEP00000037482	ENSEEEG00000017819	WIF1
ENSP00000527376	ENSG00000047579	DTNBP1	ENSEEEP00000033716	ENSEEEG00000016057	dtnbp1a
ENSP00000615757	ENSG00000138002	IFT172	ENSEEEP00000040670	ENSEEEG00000019225	IFT172
ENSP00000297613	ENSG00000164967	RPP25L	ENSEEEP00000020468	ENSEEEG00000009995	RPP25L
ENSP00000567264	ENSG00000126883	NUP214	ENSEEEP00000032769	ENSEEEG00000015615	NUP214
ENSP00000458350	ENSG00000185298	CCDC137	ENSEEEP00000044476	ENSEEEG00000021015	zmp:0000000624
ENSP00000398665	ENSG00000170011	MYRIP	ENSEEEP00000015875	ENSEEEG00000007847	myrip
ENSP00000304941	ENSG00000168778	TCTN2	ENSEEEP00000018854	ENSEEEG00000009247	tctn2
ENSP00000737076	ENSG00000126215	XRCC3	ENSEEEP00000016330	ENSEEEG00000008076	XRCC3
ENSP00000309595	ENSG00000107815	TWNK	ENSEEEP00000011278	ENSEEEG00000005713	twnk
ENSP00000561167	ENSG00000135372	NAT10	ENSEEEP00000022126	ENSEEEG00000010747	NAT10
ENSP00000596776	ENSG00000133597	ADCK2	ENSEEEP00000037526	ENSEEEG00000017842	ADCK2
ENSP00000731954	ENSG00000149948	HMGA2	ENSEEEP00000037429	ENSEEEG00000017800	HMGA2
ENSP00000523309	ENSG00000147439	BIN3	ENSEEEP00000001895	ENSEEEG00000001190	BIN3
ENSP00000343477	ENSG00000020633	RUNX3	ENSEEEP00000061453	ENSEEEG00000013776	RUNX3
ENSP00000242208	ENSG00000122641	INHBA	ENSEEEP00000010420	ENSEEEG00000005273	inhbaa
ENSP00000411010	ENSG00000067334	DNTTIP2	ENSEEEP00000063229	ENSEEEG00000025653	DNTTIP2
ENSP00000652751	ENSG00000122678	POLM	ENSEEEP00000045534	ENSEEEG00000021486	POLM
ENSP00000590214	ENSG00000065000	AP3D1	ENSEEEP00000029021	ENSEEEG00000013917	AP3D1
ENSP00000597246	ENSG00000127184	COX7C	ENSEEEP00000045465	ENSEEEG00000021458	COX7C
ENSP00000684906	ENSG00000006744	ELAC2	ENSEEEP00000064077	ENSEEEG00000019386	ELAC2
ENSP00000417122	ENSG00000163689	CFAP20DC	ENSEEEP00000044820	ENSEEEG00000021157	
ENSP00000365522	ENSG00000165118	QNG1	ENSEEEP00000003643	ENSEEEG00000001984	C9orf64
ENSP00000659867	ENSG00000172426	RSPH9	ENSEEEP00000051327	ENSEEEG00000024082	RSPH9
ENSP00000398410	ENSG00000155666	KDM8	ENSEEEP00000001161	ENSEEEG00000000781	KDM8
ENSP00000276925	ENSG00000147883	CDKN2B	ENSEEEP00000028020	ENSEEEG00000013484	CDKN2B
ENSP00000224356	ENSG00000095596	CYP26A1	ENSEEEP00000032233	ENSEEEG00000015370	CYP26A1
ENSP00000741586	ENSG00000169180	XPO6	ENSEEEP00000038571	ENSEEEG00000017932	XPO6
ENSP00000311486	ENSG00000174206	KICS2	ENSEEEP00000008602	ENSEEEG00000004455	KICS2
ENSP00000418381	ENSG00000144815	NXPE3	ENSEEEP00000010615	ENSEEEG00000005379	NXPE3
ENSP00000378965	ENSG00000172164	SNTB1	ENSEEEP00000026928	ENSEEEG00000012999	SNTB1
ENSP00000403293	ENSG00000156509	FBXO43	ENSEEEP00000014998	ENSEEEG00000007468	FBXO43
ENSP00000521412	ENSG00000166326	TRIM44	ENSEEEP00000023288	ENSEEEG00000011290	TRIM44
ENSP00000390181	ENSG00000080345	RIF1	ENSEEEP00000008598	ENSEEEG00000004453	RIF1
ENSP00000360793	ENSG00000138182	KIF20B	ENSEEEP00000031064	ENSEEEG00000014869	kif20bb
ENSP00000548558	ENSG00000165495	PKNOX2	ENSEEEP00000027065	ENSEEEG00000013067	PKNOX2
ENSP00000502161	ENSG00000198707	CEP290	ENSEEEP00000016069	ENSEEEG00000007958	CEP290
ENSP00000784365	ENSG00000119421	NDUFA8	ENSEEEP00000024092	ENSEEEG00000011679	NDUFA8
ENSP00000339067	ENSG00000174721	FGFBP3	ENSEEEP00000047100	ENSEEEG00000022173	fgfbp3
ENSP00000323046	ENSG00000107371	EXOSC3	ENSEEEP00000030911	ENSEEEG00000014793	EXOSC3
ENSP00000617260	ENSG00000078070	MCCC1	ENSEEEP00000025660	ENSEEEG00000011984	MCCC1
ENSP00000583493	ENSG00000188921	HACD4	ENSEEEP00000059954	ENSEEEG00000027018	HACD4
ENSP00000456480	ENSG00000048471	SNX29	ENSEEEP00000021010	ENSEEEG00000010199	SNX29
ENSP00000368341	ENSG00000112183	RBM24	ENSEEEP00000058071	ENSEEEG00000025973	rbm24a
ENSP00000358718	ENSG00000120051	CFAP58	ENSEEEP00000050089	ENSEEEG00000023560	CFAP58
ENSP00000337501	ENSG00000053702	NRIP2	ENSEEEP00000058753	ENSEEEG00000028191	NRIP2
ENSP00000424123	ENSG00000164181	ELOVL7	ENSEEEP00000024039	ENSEEEG00000011663	elovl7a
ENSP00000350686	ENSG00000176915	ANKLE2	ENSEEEP00000019762	ENSEEEG00000009577	ANKLE2
ENSP00000359899	ENSG00000137252	HCRTR2	ENSEEEP00000017077	ENSEEEG00000008468	HCRTR2
ENSP00000374280	ENSG00000137815	RTF1	ENSEEEP00000048730	ENSEEEG00000022928	RTF1
ENSP00000401678	ENSG00000141052	MYOCD	ENSEEEP00000053500	ENSEEEG00000027014	MYOCD
ENSP00000590301	ENSG00000104133	SPG11	ENSEEEP00000041026	ENSEEEG00000019427	SPG11
ENSP00000373948	ENSG00000105792	CFAP69	ENSEEEP00000048844	ENSEEEG00000022972	
ENSP00000264824	ENSG00000104903	LYL1	ENSEEEP00000009524	ENSEEEG00000004871	lyl1
ENSP00000354590	ENSG00000198818	SFT2D1	ENSEEEP00000061797	ENSEEEG00000029163	SFT2D1
ENSP00000440985	ENSG00000010278	CD9	ENSEEEP00000057237	ENSEEEG00000006919	cd9a
ENSP00000355506	ENSG00000174371	EXO1	ENSEEEP00000019719	ENSEEEG00000009642	exo1
ENSP00000371294	ENSG00000040531	CTNS	ENSEEEP00000030343	ENSEEEG00000014548	CTNS
ENSP00000384088	ENSG00000164654	MIOS	ENSEEEP00000010766	ENSEEEG00000005450	MIOS
ENSP00000594055	ENSG00000135097	MSI1	ENSEEEP00000050742	ENSEEEG00000023841	MSI1
ENSP00000636393	ENSG00000151116	UEVLD	ENSEEEP00000049223	ENSEEEG00000023131	UEVLD
ENSP00000791757	ENSG00000123240	OPTN	ENSEEEP00000010347	ENSEEEG00000005239	OPTN
ENSP00000343339	ENSG00000187848	P2RX2	ENSEEEP00000017960	ENSEEEG00000008852	P2RX2
ENSP00000356951	ENSG00000188931	CFAP126	ENSEEEP00000013470	ENSEEEG00000006737	CFAP126
ENSP00000638733	ENSG00000079689	SCGN	ENSEEEP00000007052	ENSEEEG00000003658	SCGN
ENSP00000345868	ENSG00000189433	GJB4	ENSEEEP00000042305	ENSEEEG00000019979	cx34.4
ENSP00000320566	ENSG00000071243	ING3	ENSEEEP00000064014	ENSEEEG00000021101	ING3
ENSP00000435355	ENSG00000164411	GJB7	ENSEEEP00000007917	ENSEEEG00000004133	cx28.8
ENSP00000298310	ENSG00000165525	NEMF	ENSEEEP00000013618	ENSEEEG00000006791	NEMF
ENSP00000342162	ENSG00000188051	TMEM221	ENSEEEP00000057105	ENSEEEG00000028958	si:ch211-125m10.6
ENSP00000309644	ENSG00000145919	BOD1	ENSEEEP00000006871	ENSEEEG00000003630	bod1
ENSP00000635377	ENSG00000164463	CREBRF	ENSEEEP00000029621	ENSEEEG00000014166	CREBRF
ENSP00000361653	ENSG00000198815	FOXJ3	ENSEEEP00000059247	ENSEEEG00000024161	FOXJ3
ENSP00000419712	ENSG00000187616	MYMK	ENSEEEP00000047300	ENSEEEG00000022264	MYMK
ENSP00000562252	ENSG00000196937	FAM3C	ENSEEEP00000019944	ENSEEEG00000009755	FAM3C
ENSP00000341952	ENSG00000103253	HAGHL	ENSEEEP00000009042	ENSEEEG00000004657	HAGHL
ENSP00000532639	ENSG00000164253	WDR41	ENSEEEP00000052548	ENSEEEG00000024613	WDR41
ENSP00000298048	ENSG00000165304	MELK	ENSEEEP00000024088	ENSEEEG00000011683	MELK
ENSP00000355580	ENSG00000135750	KCNK1	ENSEEEP00000051353	ENSEEEG00000024098	kcnk1b
ENSP00000502327	ENSG00000104381	GDAP1	ENSEEEP00000020376	ENSEEEG00000009947	GDAP1
ENSP00000551439	ENSG00000166068	SPRED1	ENSEEEP00000015811	ENSEEEG00000007819	SPRED1
ENSP00000381150	ENSG00000214309	MBLAC1	ENSEEEP00000024394	ENSEEEG00000011827	MBLAC1
ENSP00000290649	ENSG00000159461	AMFR	ENSEEEP00000008475	ENSEEEG00000004421	amfra
ENSP00000260563	ENSG00000137996	RTCA	ENSEEEP00000032142	ENSEEEG00000015293	RTCA
ENSP00000553265	ENSG00000005020	SKAP2	ENSEEEP00000030771	ENSEEEG00000014726	SKAP2
ENSP00000267622	ENSG00000100815	TRIP11	ENSEEEP00000048803	ENSEEEG00000022934	TRIP11
ENSP00000316176	ENSG00000177889	UBE2N	ENSEEEP00000060592	ENSEEEG00000006953	ube2na
ENSP00000539778	ENSG00000129295	DNAAF11	ENSEEEP00000038501	ENSEEEG00000018276	lrrc6
ENSP00000362466	ENSG00000072080	SPP2	ENSEEEP00000016734	ENSEEEG00000008294	SPP2
ENSP00000173527	ENSG00000066583	ISOC1	ENSEEEP00000036806	ENSEEEG00000017469	ISOC1
ENSP00000794516	ENSG00000062485	CS	ENSEEEP00000057580	ENSEEEG00000024425	CS
ENSP00000574643	ENSG00000183258	DDX41	ENSEEEP00000041538	ENSEEEG00000019640	DDX41
ENSP00000578100	ENSG00000168090	COPS6	ENSEEEP00000062908	ENSEEEG00000019949	COPS6
ENSP00000368737	ENSG00000205269	TMEM170B	ENSEEEP00000056182	ENSEEEG00000025903	TMEM100
ENSP00000330433	ENSG00000184277	TM2D3	ENSEEEP00000004523	ENSEEEG00000002356	TM2D3
ENSP00000293771	ENSG00000161914	ZNF653	ENSEEEP00000038994	ENSEEEG00000018501	ZNF653
ENSP00000264001	ENSG00000217555	CKLF	ENSEEEP00000043501	ENSEEEG00000020568	CKLF
ENSP00000298352	ENSG00000165553	NGB	ENSEEEP00000035597	ENSEEEG00000016953	NGB
ENSP00000502526	ENSG00000185942	NKAIN3	ENSEEEP00000061439	ENSEEEG00000027452	NKAIN4
ENSP00000451131	ENSG00000139865	TTC6	ENSEEEP00000008276	ENSEEEG00000004324	ogt.1
ENSP00000773948	ENSG00000205423	CNEP1R1	ENSEEEP00000039405	ENSEEEG00000018718	CNEP1R1
ENSP00000563634	ENSG00000123219	CENPK	ENSEEEP00000028125	ENSEEEG00000013537	cenpk
ENSP00000567749	ENSG00000115484	CCT4	ENSEEEP00000035927	ENSEEEG00000017085	CCT4
ENSP00000581829	ENSG00000092203	TOX4	ENSEEEP00000000753	ENSEEEG00000000510	tox4b
ENSP00000673478	ENSG00000109084	TMEM97	ENSEEEP00000052488	ENSEEEG00000024584	TMEM97
ENSP00000250340	ENSG00000105472	CLEC11A	ENSEEEP00000056473	ENSEEEG00000026707	
ENSP00000599777	ENSG00000105662	CRTC1	ENSEEEP00000046387	ENSEEEG00000021840	crtc1b
ENSP00000520721	ENSG00000185787	MORF4L1	ENSEEEP00000021054	ENSEEEG00000009806	MORF4L1
ENSP00000606617	ENSG00000181788	SIAH2	ENSEEEP00000055353	ENSEEEG00000026150	siah2l
ENSP00000305107	ENSG00000171115	GIMAP8	ENSEEEP00000029788	ENSEEEG00000014267	
ENSP00000799811	ENSG00000154582	ELOC	ENSEEEP00000050880	ENSEEEG00000023901	elocb
ENSP00000498228	ENSG00000127252	PLAAT1	ENSEEEP00000006368	ENSEEEG00000003385	PLAAT1
ENSP00000539614	ENSG00000119574	ZBTB45	ENSEEEP00000002888	ENSEEEG00000001650	ZBTB45
ENSP00000387100	ENSG00000176058	TPRN	ENSEEEP00000020704	ENSEEEG00000010100	tprn
ENSP00000519256	ENSG00000167985	SDHAF2	ENSEEEP00000056807	ENSEEEG00000025786	SDHAF2
ENSP00000479255	ENSG00000176087	SLC35A4	ENSEEEP00000030864	ENSEEEG00000014769	SLC35A4
ENSP00000323816	ENSG00000063438	AHRR	ENSEEEP00000043425	ENSEEEG00000020520	ahrrb
ENSP00000385118	ENSG00000184838	PRR16	ENSEEEP00000015872	ENSEEEG00000007843	PRR16
ENSP00000575633	ENSG00000107020	PLGRKT	ENSEEEP00000062570	ENSEEEG00000026065	PLGRKT
ENSP00000784181	ENSG00000182934	SRPRA	ENSEEEP00000043809	ENSEEEG00000020705	SRPRA
ENSP00000356113	ENSG00000158715	SLC45A3	ENSEEEP00000015242	ENSEEEG00000007585	zgc:77158
ENSP00000354688	ENSG00000119979	DENND10	ENSEEEP00000009767	ENSEEEG00000004967	dennd10
ENSP00000296266	ENSG00000163913	IFT122	ENSEEEP00000002482	ENSEEEG00000000912	IFT122
ENSP00000345477	ENSG00000157350	ST3GAL2	ENSEEEP00000030643	ENSEEEG00000014681	ST3GAL2
ENSP00000282670	ENSG00000152760	DYNLT5	ENSEEEP00000021164	ENSEEEG00000010319	tctex1d1
ENSP00000544750	ENSG00000174567	GOLT1A	ENSEEEP00000036457	ENSEEEG00000017330	GOLT1A
ENSP00000585716	ENSG00000150768	DLAT	ENSEEEP00000008826	ENSEEEG00000004425	DLAT
ENSP00000602965	ENSG00000142937	RPS8	ENSEEEP00000015967	ENSEEEG00000007884	rps8a
ENSP00000558092	ENSG00000138686	BBS7	ENSEEEP00000032393	ENSEEEG00000015443	BBS7
ENSP00000705516	ENSG00000148735	PLEKHS1	ENSEEEP00000012302	ENSEEEG00000006187	
ENSP00000332062	ENSG00000167208	SNX20	ENSEEEP00000008033	ENSEEEG00000004192	SNX20
ENSP00000493462	ENSG00000061987	MON2	ENSEEEP00000061885	ENSEEEG00000019092	MON2
ENSP00000320543	ENSG00000072134	EPN2	ENSEEEP00000010966	ENSEEEG00000005562	EPN2
ENSP00000631445	ENSG00000203867	RBM20	ENSEEEP00000057855	ENSEEEG00000027542	
ENSP00000422708	ENSG00000173221	GLRX	ENSEEEP00000031392	ENSEEEG00000015018	GLRX
ENSP00000554756	ENSG00000025796	SEC63	ENSEEEP00000023956	ENSEEEG00000011637	SEC63
ENSP00000320180	ENSG00000106128	GHRHR	ENSEEEP00000059561	ENSEEEG00000001307	crhr1
ENSP00000546113	ENSG00000213585	VDAC1	ENSEEEP00000047082	ENSEEEG00000022153	vdac1
ENSP00000350785	ENSG00000196730	DAPK1	ENSEEEP00000006632	ENSEEEG00000003337	DAPK1
ENSP00000782902	ENSG00000121988	ZRANB3	ENSEEEP00000000296	ENSEEEG00000000150	ZRANB3
ENSP00000306324	ENSG00000171813	PWWP2B	ENSEEEP00000036499	ENSEEEG00000017346	PWWP2B
ENSP00000585104	ENSG00000166197	NOLC1	ENSEEEP00000022237	ENSEEEG00000010798	NOLC1
ENSP00000512444	ENSG00000134086	VHL	ENSEEEP00000020123	ENSEEEG00000009827	vhl
ENSP00000550139	ENSG00000067560	RHOA	ENSEEEP00000062116	ENSEEEG00000020863	rhoab
ENSP00000624454	ENSG00000146535	GNA12	ENSEEEP00000053349	ENSEEEG00000026258	gna12a
ENSP00000698922	ENSG00000103043	VAC14	ENSEEEP00000015841	ENSEEEG00000007831	VAC14
ENSP00000297293	ENSG00000164715	LMTK2	ENSEEEP00000008916	ENSEEEG00000004602	LMTK2
ENSP00000382091	ENSG00000091542	ALKBH5	ENSEEEP00000039133	ENSEEEG00000018588	ALKBH5
ENSP00000633492	ENSG00000186074	CD300LF	ENSEEEP00000062362	ENSEEEG00000025364	
ENSP00000620119	ENSG00000106366	SERPINE1	ENSEEEP00000024365	ENSEEEG00000011813	SERPINE1
ENSP00000569968	ENSG00000179387	ELMOD2	ENSEEEP00000055744	ENSEEEG00000016368	elmod2
ENSP00000751003	ENSG00000128534	LSM8	ENSEEEP00000008362	ENSEEEG00000004363	LSM8
ENSP00000677211	ENSG00000164347	GFM2	ENSEEEP00000014074	ENSEEEG00000006995	GFM2
ENSP00000399233	ENSG00000093144	ECHDC1	ENSEEEP00000048693	ENSEEEG00000022911	ECHDC1
ENSP00000303928	ENSG00000170871	KIAA0232	ENSEEEP00000020864	ENSEEEG00000010174	zgc:158564
ENSP00000648332	ENSG00000095906	NUBP2	ENSEEEP00000009200	ENSEEEG00000004728	NUBP2
ENSP00000423190	ENSG00000109576	AADAT	ENSEEEP00000034776	ENSEEEG00000016510	AADAT
ENSP00000480703	ENSG00000076351	SLC46A1	ENSEEEP00000019127	ENSEEEG00000009381	SLC46A1
ENSP00000339467	ENSG00000177105	RHOG	ENSEEEP00000011472	ENSEEEG00000027093	rhogb
ENSP00000493790	ENSG00000131951	LRRC9	ENSEEEP00000009482	ENSEEEG00000004840	LRRC9
ENSP00000614819	ENSG00000122180	MYOG	ENSEEEP00000038977	ENSEEEG00000018490	MYOG
ENSP00000789892	ENSG00000177697	CD151	ENSEEEP00000002222	ENSEEEG00000001353	cd151l
ENSP00000355512	ENSG00000054277	OPN3	ENSEEEP00000009023	ENSEEEG00000004651	opn3
ENSP00000515615	ENSG00000136238	RAC1	ENSEEEP00000032046	ENSEEEG00000015268	RAC1
ENSP00000295379	ENSG00000163217	BMP10	ENSEEEP00000050350	ENSEEEG00000023675	BMP10
ENSP00000646717	ENSG00000140968	IRF8	ENSEEEP00000036060	ENSEEEG00000017148	IRF8
ENSP00000272223	ENSG00000143867	OSR1	ENSEEEP00000054022	ENSEEEG00000027617	OSR1
ENSP00000543903	ENSG00000124532	MRS2	ENSEEEP00000020653	ENSEEEG00000010025	MRS2
ENSP00000638476	ENSG00000142871	CCN1	ENSEEEP00000030079	ENSEEEG00000014415	CCN1
ENSP00000788530	ENSG00000185619	PCGF3	ENSEEEP00000017164	ENSEEEG00000008503	PCGF3
ENSP00000411012	ENSG00000035681	NSMAF	ENSEEEP00000003337	ENSEEEG00000001865	NSMAF
ENSP00000381821	ENSG00000090238	YPEL3	ENSEEEP00000057135	ENSEEEG00000028895	YPEL3
ENSP00000760827	ENSG00000138138	ATAD1	ENSEEEP00000021357	ENSEEEG00000010403	atad1b
ENSP00000440167	ENSG00000146955	RAB19	ENSEEEP00000064118	ENSEEEG00000028964	RAB19
ENSP00000257940	ENSG00000135482	ZC3H10	ENSEEEP00000004759	ENSEEEG00000002490	ZC3H10
ENSP00000296657	ENSG00000164236	ANKRD33B	ENSEEEP00000018429	ENSEEEG00000009055	ankrd33ba
ENSP00000337443	ENSG00000167693	NXN	ENSEEEP00000003298	ENSEEEG00000001856	NXN
ENSP00000580016	ENSG00000145708	CRHBP	ENSEEEP00000052535	ENSEEEG00000024609	CRHBP
ENSP00000591450	ENSG00000157823	AP3S2	ENSEEEP00000058313	ENSEEEG00000018344	AP3S2
ENSP00000357425	ENSG00000172594	SMPDL3A	ENSEEEP00000036932	ENSEEEG00000017538	SMPDL3A
ENSP00000388920	ENSG00000182552	RWDD4	ENSEEEP00000040833	ENSEEEG00000019343	rwdd
ENSP00000520490	ENSG00000293600		ENSEEEP00000057612	ENSEEEG00000027728	si:ch73-42p12.2
ENSP00000470252	ENSG00000196235	SUPT5H	ENSEEEP00000052413	ENSEEEG00000024554	SUPT5H
ENSP00000648586	ENSG00000137656	BUD13	ENSEEEP00000008103	ENSEEEG00000004223	BUD13
ENSP00000368468	ENSG00000050393	MCUR1	ENSEEEP00000052604	ENSEEEG00000024645	MCUR1
ENSP00000328818	ENSG00000183484	GPR132	ENSEEEP00000035522	ENSEEEG00000016918	gpr132a
ENSP00000613369	ENSG00000167799	NUDT8	ENSEEEP00000050399	ENSEEEG00000023699	nudt8
ENSP00000759146	ENSG00000108963	DPH1	ENSEEEP00000001043	ENSEEEG00000000694	DPH1
ENSP00000261249	ENSG00000126814	TRMT5	ENSEEEP00000049292	ENSEEEG00000023168	TRMT5
ENSP00000376374	ENSG00000151500	THYN1	ENSEEEP00000023697	ENSEEEG00000011478	THYN1
ENSP00000363015	ENSG00000117748	RPA2	ENSEEEP00000044225	ENSEEEG00000020892	RPA2
ENSP00000765471	ENSG00000106153	CHCHD2	ENSEEEP00000033559	ENSEEEG00000015966	CHCHD2
ENSP00000244769	ENSG00000124788	ATXN1	ENSEEEP00000031522	ENSEEEG00000015079	atxn1a
ENSP00000507772	ENSG00000135709	KIAA0513	ENSEEEP00000021232	ENSEEEG00000010345	zgc:91860
ENSP00000692272	ENSG00000205476	CCDC85C	ENSEEEP00000040553	ENSEEEG00000019211	ccdc85cb
ENSP00000523469	ENSG00000189157	FAM47E	ENSEEEP00000047621	ENSEEEG00000022414	zgc:158260
ENSP00000713872	ENSG00000119638	NEK9	ENSEEEP00000062252	ENSEEEG00000024816	NEK9
ENSP00000352540	ENSG00000213853	EMP2	ENSEEEP00000045218	ENSEEEG00000021347	EMP2
ENSP00000297157	ENSG00000164610	RP9	ENSEEEP00000012575	ENSEEEG00000006312	rp9
ENSP00000610327	ENSG00000166788	SAAL1	ENSEEEP00000024694	ENSEEEG00000011958	SAAL1
ENSP00000633076	ENSG00000128050	PAICS	ENSEEEP00000040581	ENSEEEG00000019166	paics
ENSP00000361180	ENSG00000148308	GTF3C5	ENSEEEP00000007151	ENSEEEG00000003758	GTF3C5
ENSP00000240651	ENSG00000121350	PYROXD1	ENSEEEP00000031629	ENSEEEG00000015108	PYROXD1
ENSP00000673234	ENSG00000004142	POLDIP2	ENSEEEP00000007729	ENSEEEG00000004030	POLDIP2
ENSP00000282728	ENSG00000152804	HHEX	ENSEEEP00000020607	ENSEEEG00000010054	HHEX
ENSP00000532077	ENSG00000113194	FAF2	ENSEEEP00000026215	ENSEEEG00000012669	FAF2
ENSP00000446093	ENSG00000130640	TUBGCP2	ENSEEEP00000032090	ENSEEEG00000015300	TUBGCP2
ENSP00000271375	ENSG00000213064	SFT2D2	ENSEEEP00000022572	ENSEEEG00000010963	sft2d2b
ENSP00000770712	ENSG00000198755	RPL10A	ENSEEEP00000014603	ENSEEEG00000007214	RPL10A
ENSP00000789605	ENSG00000198732	SMOC1	ENSEEEP00000010483	ENSEEEG00000005304	smoc1
ENSP00000394178	ENSG00000170417	TMEM182	ENSEEEP00000005082	ENSEEEG00000002652	tmem182a
ENSP00000521941	ENSG00000185324	CDK10	ENSEEEP00000055517	ENSEEEG00000021316	CDK10
ENSP00000356202	ENSG00000112031	MTRF1L	ENSEEEP00000046036	ENSEEEG00000021688	MTRF1L
ENSP00000233331	ENSG00000115274	INO80B	ENSEEEP00000034788	ENSEEEG00000016542	ino80b
ENSP00000533186	ENSG00000134262	AP4B1	ENSEEEP00000054692	ENSEEEG00000010957	AP4B1
ENSP00000336655	ENSG00000266173	STRADA	ENSEEEP00000002033	ENSEEEG00000001262	STRADA
ENSP00000374529	ENSG00000090061	CCNK	ENSEEEP00000040558	ENSEEEG00000019212	CCNK
ENSP00000463027	ENSG00000266412	NCOA4	ENSEEEP00000026255	ENSEEEG00000012695	NCOA4
ENSP00000484644	ENSG00000128965	CHAC1	ENSEEEP00000027508	ENSEEEG00000013267	CHAC1
ENSP00000543503	ENSG00000196405	EVL	ENSEEEP00000034300	ENSEEEG00000016335	evlb
ENSP00000290271	ENSG00000159167	STC1	ENSEEEP00000001953	ENSEEEG00000001220	STC1
ENSP00000763905	ENSG00000168081	PNOC	ENSEEEP00000011867	ENSEEEG00000005975	pnoca
ENSP00000315017	ENSG00000169288	MRPL1	ENSEEEP00000001476	ENSEEEG00000000955	MRPL1
ENSP00000681830	ENSG00000014164	ZC3H3	ENSEEEP00000022993	ENSEEEG00000011163	ZC3H3
ENSP00000516340	ENSG00000008282	SYPL1	ENSEEEP00000043063	ENSEEEG00000020327	SYPL1
ENSP00000593924	ENSG00000146350	TBC1D32	ENSEEEP00000014897	ENSEEEG00000007421	TBC1D32
ENSP00000227163	ENSG00000066336	SPI1	ENSEEEP00000006258	ENSEEEG00000003334	spi1b
ENSP00000394770	ENSG00000164309	CMYA5	ENSEEEP00000057226	ENSEEEG00000013394	UBE2O
ENSP00000384420	ENSG00000149131	SERPING1	ENSEEEP00000014145	ENSEEEG00000007024	SERPING1
ENSP00000355866	ENSG00000143507	DUSP10	ENSEEEP00000044154	ENSEEEG00000020864	DUSP10
ENSP00000559726	ENSG00000102575	ACP5	ENSEEEP00000022709	ENSEEEG00000011018	acp5a
ENSP00000640838	ENSG00000135521	LTV1	ENSEEEP00000035817	ENSEEEG00000017049	ltv1
ENSP00000387262	ENSG00000132305	IMMT	ENSEEEP00000019352	ENSEEEG00000009482	IMMT
ENSP00000769843	ENSG00000249915	PDCD6	ENSEEEP00000033399	ENSEEEG00000015864	PDCD6
ENSP00000546867	ENSG00000100916	BRMS1L	ENSEEEP00000056616	ENSEEEG00000013354	brms1la
ENSP00000378803	ENSG00000137819	PAQR5	ENSEEEP00000017912	ENSEEEG00000008824	paqr5b
ENSP00000307449	ENSG00000103154	NECAB2	ENSEEEP00000047022	ENSEEEG00000022137	NECAB2
ENSP00000630166	ENSG00000148795	CYP17A1	ENSEEEP00000001421	ENSEEEG00000000866	CYP17A1
ENSP00000428361	ENSG00000165066	NKX6-3	ENSEEEP00000014675	ENSEEEG00000007302	nkx6.3
ENSP00000297579	ENSG00000164934	DCAF13	ENSEEEP00000008400	ENSEEEG00000004383	DCAF13
ENSP00000234626	ENSG00000097046	CDC7	ENSEEEP00000023593	ENSEEEG00000011427	CDC7
ENSP00000313933	ENSG00000112624	BICRAL	ENSEEEP00000011694	ENSEEEG00000005888	BICRAL
ENSP00000632168	ENSG00000058091	CDK14	ENSEEEP00000043871	ENSEEEG00000020734	CDK14
ENSP00000356214	ENSG00000120279	MYCT1	ENSEEEP00000028449	ENSEEEG00000013679	myct1a
ENSP00000558451	ENSG00000166391	MOGAT2	ENSEEEP00000028928	ENSEEEG00000013843	MOGAT2
ENSP00000606466	ENSG00000136933	RABEPK	ENSEEEP00000033301	ENSEEEG00000015828	RABEPK
ENSP00000536769	ENSG00000165644	COMTD1	ENSEEEP00000051593	ENSEEEG00000024227	COMTD1
ENSP00000299427	ENSG00000166340	TPP1	ENSEEEP00000034292	ENSEEEG00000015948	TPP1
ENSP00000495686	ENSG00000001084	GCLC	ENSEEEP00000059570	ENSEEEG00000021342	GCLC
ENSP00000602115	ENSG00000160949	TONSL	ENSEEEP00000044614	ENSEEEG00000021045	TONSL
ENSP00000322316	ENSG00000167186	COQ7	ENSEEEP00000046559	ENSEEEG00000021928	COQ7
ENSP00000403151	ENSG00000214688	C10orf105	ENSEEEP00000039446	ENSEEEG00000018734	si:ch211-106f21.1
ENSP00000799709	ENSG00000165152	PGAP4	ENSEEEP00000013767	ENSEEEG00000006857	PGAP4
ENSP00000356780	ENSG00000117477	CCDC181	ENSEEEP00000040505	ENSEEEG00000019187	ccdc181
ENSP00000416951	ENSG00000158545	ZC3H18	ENSEEEP00000021036	ENSEEEG00000010263	ZC3H18
ENSP00000537449	ENSG00000108828	VAT1	ENSEEEP00000047885	ENSEEEG00000022544	VAT1
ENSP00000287380	ENSG00000156787	TBC1D31	ENSEEEP00000034198	ENSEEEG00000016286	TBC1D31
ENSP00000360320	ENSG00000162398	CIMAP2	ENSEEEP00000049526	ENSEEEG00000023287	si:ch211-93n23.7
ENSP00000598228	ENSG00000136888	ATP6V1G1	ENSEEEP00000053031	ENSEEEG00000025417	ATP6V1G1
ENSP00000424372	ENSG00000123552	USP45	ENSEEEP00000024811	ENSEEEG00000012017	USP45
ENSP00000583073	ENSG00000256525	POLG2	ENSEEEP00000007735	ENSEEEG00000028881	POLG2
ENSP00000649331	ENSG00000139990	DCAF5	ENSEEEP00000013981	ENSEEEG00000006949	DCAF5
ENSP00000395605	ENSG00000103202	NME4	ENSEEEP00000062433	ENSEEEG00000018346	NME4
ENSP00000503853	ENSG00000130816	DNMT1	ENSEEEP00000042018	ENSEEEG00000019242	DNMT1
ENSP00000294702	ENSG00000162676	GFI1	ENSEEEP00000023623	ENSEEEG00000011445	GFI1
ENSP00000311219	ENSG00000213186	TRIM59	ENSEEEP00000025721	ENSEEEG00000012464	TRIM59
ENSP00000620636	ENSG00000107672	NSMCE4A	ENSEEEP00000047528	ENSEEEG00000022372	NSMCE4A
ENSP00000551965	ENSG00000113391	ARB2A	ENSEEEP00000030179	ENSEEEG00000014470	FAM172A
ENSP00000452037	ENSG00000119661	DNAL1	ENSEEEP00000007347	ENSEEEG00000003859	
ENSP00000309640	ENSG00000173950	XXYLT1	ENSEEEP00000050494	ENSEEEG00000023742	XXYLT1
ENSP00000354461	ENSG00000198324	PHETA1	ENSEEEP00000019486	ENSEEEG00000009554	si:ch211-193c2.2
ENSP00000265440	ENSG00000105967	TFEC	ENSEEEP00000019304	ENSEEEG00000009453	TFEC
ENSP00000413496	ENSG00000114279	FGF12	ENSEEEP00000062106	ENSEEEG00000011237	fgf12a
ENSP00000450749	ENSG00000050130	JKAMP	ENSEEEP00000027351	ENSEEEG00000013199	JKAMP
ENSP00000418001	ENSG00000175066	GK5	ENSEEEP00000032998	ENSEEEG00000015711	GK5
ENSP00000514016	ENSG00000145949	MYLK4	ENSEEEP00000000266	ENSEEEG00000000190	mylk4a
ENSP00000794112	ENSG00000129691	ASH2L	ENSEEEP00000045343	ENSEEEG00000021385	ASH2L
ENSP00000370748	ENSG00000067064	IDI1	ENSEEEP00000061069	ENSEEEG00000026052	IDI1
ENSP00000540971	ENSG00000131148	EMC8	ENSEEEP00000036073	ENSEEEG00000017157	EMC8
ENSP00000286307	ENSG00000155858	LSM11	ENSEEEP00000035552	ENSEEEG00000016936	LSM11
ENSP00000616773	ENSG00000133661	SFTPD	ENSEEEP00000026913	ENSEEEG00000012991	hbl4
ENSP00000421669	ENSG00000164338	UTP15	ENSEEEP00000013899	ENSEEEG00000006901	UTP15
ENSP00000362994	ENSG00000056558	TRAF1	ENSEEEP00000044627	ENSEEEG00000021072	TRAF1
ENSP00000500264	ENSG00000106633	GCK	ENSEEEP00000049790	ENSEEEG00000023397	GCK
ENSP00000573769	ENSG00000183783	KCTD8	ENSEEEP00000033823	ENSEEEG00000016100	KCTD8
ENSP00000378145	ENSG00000005059	MCUB	ENSEEEP00000029056	ENSEEEG00000013939	MCUB
ENSP00000559096	ENSG00000196284	SUPT3H	ENSEEEP00000020308	ENSEEEG00000009846	SUPT3H
ENSP00000379353	ENSG00000111728	ST8SIA1	ENSEEEP00000014515	ENSEEEG00000007223	ST8SIA1
ENSP00000216446	ENSG00000100558	PLEK2	ENSEEEP00000048834	ENSEEEG00000022966	PLEK2
ENSP00000580716	ENSG00000041880	PARP3	ENSEEEP00000052158	ENSEEEG00000024451	PARP3
ENSP00000377823	ENSG00000103034	NDRG4	ENSEEEP00000029011	ENSEEEG00000013921	ndrg4
ENSP00000356655	ENSG00000203734	ECT2L	ENSEEEP00000049378	ENSEEEG00000023206	ect2l
ENSP00000488055	ENSG00000033030	ZCCHC8	ENSEEEP00000049544	ENSEEEG00000023278	ZCCHC8
ENSP00000523375	ENSG00000164849	GPR146	ENSEEEP00000001874	ENSEEEG00000001178	GPR146
ENSP00000593291	ENSG00000175985	PLEKHD1	ENSEEEP00000010471	ENSEEEG00000005296	PLEKHD1
ENSP00000377055	ENSG00000137509	PRCP	ENSEEEP00000063928	ENSEEEG00000018111	PRCP
ENSP00000681731	ENSG00000151893	CACUL1	ENSEEEP00000035298	ENSEEEG00000016802	CACUL1
ENSP00000206474	ENSG00000092036	HAUS4	ENSEEEP00000016119	ENSEEEG00000007976	haus4
ENSP00000569805	ENSG00000164896	FASTK	ENSEEEP00000030887	ENSEEEG00000014783	FASTK
ENSP00000510753	ENSG00000118873	RAB3GAP2	ENSEEEP00000043726	ENSEEEG00000019717	RAB3GAP2
ENSP00000370377	ENSG00000107959	PITRM1	ENSEEEP00000038454	ENSEEEG00000017590	PITRM1
ENSP00000529802	ENSG00000010626	LRRC23	ENSEEEP00000013721	ENSEEEG00000006839	LRRC23
ENSP00000496942	ENSG00000171135	JAGN1	ENSEEEP00000016662	ENSEEEG00000008251	jagn1a
ENSP00000799810	ENSG00000136521	NDUFB5	ENSEEEP00000033103	ENSEEEG00000015751	ndufb5
ENSP00000596165	ENSG00000167113	COQ4	ENSEEEP00000042606	ENSEEEG00000020118	COQ4
ENSP00000497078	ENSG00000138069	RAB1A	ENSEEEP00000005041	ENSEEEG00000002621	rab1aa
ENSP00000348129	ENSG00000166359	WDR88	ENSEEEP00000038118	ENSEEEG00000018110	WDR88
ENSP00000596126	ENSG00000105176	URI1	ENSEEEP00000025979	ENSEEEG00000012587	URI1
ENSP00000632054	ENSG00000145244	CORIN	ENSEEEP00000056631	ENSEEEG00000025805	CORIN
ENSP00000332592	ENSG00000144451	SPAG16	ENSEEEP00000052849	ENSEEEG00000026899	
ENSP00000536765	ENSG00000130193	THEM6	ENSEEEP00000059278	ENSEEEG00000026626	THEM6
ENSP00000542827	ENSG00000142186	SCYL1	ENSEEEP00000027875	ENSEEEG00000013412	SCYL1
ENSP00000352329	ENSG00000113578	FGF1	ENSEEEP00000011245	ENSEEEG00000005696	fgf1b
ENSP00000698836	ENSG00000155096	AZIN1	ENSEEEP00000030290	ENSEEEG00000014521	azin1b
ENSP00000295628	ENSG00000163428	LRRC58	ENSEEEP00000058244	ENSEEEG00000025589	lrrc58a
ENSP00000337839	ENSG00000147905	ZCCHC7	ENSEEEP00000055882	ENSEEEG00000025556	
ENSP00000361160	ENSG00000107771	CCSER2	ENSEEEP00000063020	ENSEEEG00000024811	ccser2b
ENSP00000524345	ENSG00000070367	EXOC5	ENSEEEP00000060913	ENSEEEG00000006405	EXOC5
ENSP00000354919	ENSG00000197415	VEPH1	ENSEEEP00000033371	ENSEEEG00000015853	VEPH1
ENSP00000524642	ENSG00000158710	TAGLN2	ENSEEEP00000028680	ENSEEEG00000013780	TAGLN3
ENSP00000526602	ENSG00000167874	TMEM88	ENSEEEP00000063021	ENSEEEG00000028167	tmem88b
ENSP00000766267	ENSG00000105246	EBI3	ENSEEEP00000038052	ENSEEEG00000018074	EBI3
ENSP00000641362	ENSG00000198894	CIPC	ENSEEEP00000053935	ENSEEEG00000025854	cipca
ENSP00000360296	ENSG00000162407	PLPP3	ENSEEEP00000055470	ENSEEEG00000028084	plpp3
ENSP00000425107	ENSG00000145782	ATG12	ENSEEEP00000026567	ENSEEEG00000012852	ATG12
ENSP00000328079	ENSG00000185798	WDR53	ENSEEEP00000062296	ENSEEEG00000025382	WDR53
ENSP00000342630	ENSG00000091831	ESR1	ENSEEEP00000028337	ENSEEEG00000013622	ESR1
ENSP00000623751	ENSG00000108679	LGALS3BP	ENSEEEP00000047325	ENSEEEG00000022278	zgc:112492
ENSP00000272091	ENSG00000143751	SDE2	ENSEEEP00000052194	ENSEEEG00000024471	SDE2
ENSP00000341268	ENSG00000102871	TRADD	ENSEEEP00000062805	ENSEEEG00000027997	TRADD
ENSP00000252102	ENSG00000131495	NDUFA2	ENSEEEP00000028124	ENSEEEG00000013532	NDUFA2
ENSP00000795884	ENSG00000180834	MAP6D1	ENSEEEP00000028548	ENSEEEG00000013715	MAP6D1
ENSP00000628142	ENSG00000103121	CMC2	ENSEEEP00000036100	ENSEEEG00000017172	CMC2
ENSP00000572472	ENSG00000137274	BPHL	ENSEEEP00000044327	ENSEEEG00000020944	BPHL
ENSP00000307786	ENSG00000172115	CYCS	ENSEEEP00000046547	ENSEEEG00000021918	cycsb
ENSP00000343867	ENSG00000148187	MRRF	ENSEEEP00000024103	ENSEEEG00000011693	MRRF
ENSP00000588408	ENSG00000105948	IFT56	ENSEEEP00000041710	ENSEEEG00000019733	TTC26
ENSP00000638645	ENSG00000198836	OPA1	ENSEEEP00000014122	ENSEEEG00000005403	OPA1
ENSP00000379836	ENSG00000145740	SLC30A5	ENSEEEP00000020799	ENSEEEG00000010139	SLC30A5
ENSP00000515947	ENSG00000131773	KHDRBS3	ENSEEEP00000044421	ENSEEEG00000020981	KHDRBS3
ENSP00000295297	ENSG00000163145	C1QTNF7	ENSEEEP00000002214	ENSEEEG00000001350	C1QTNF7
ENSP00000376384	ENSG00000197177	ADGRA1	ENSEEEP00000012702	ENSEEEG00000006379	ADGRA1
ENSP00000588268	ENSG00000165689	ENTR1	ENSEEEP00000028567	ENSEEEG00000013723	entr1
ENSP00000627822	ENSG00000165996	HACD1	ENSEEEP00000020367	ENSEEEG00000009939	HACD1
ENSP00000468733	ENSG00000105518	TMEM205	ENSEEEP00000039004	ENSEEEG00000018511	TMEM205
ENSP00000571111	ENSG00000119777	TMEM214	ENSEEEP00000043793	ENSEEEG00000020691	TMEM214
ENSP00000707420	ENSG00000134020	PEBP4	ENSEEEP00000001905	ENSEEEG00000001195	PEBP4
ENSP00000384966	ENSG00000184903	IMMP2L	ENSEEEP00000045984	ENSEEEG00000021665	IMMP2L
ENSP00000548260	ENSG00000146729	NIPSNAP2	ENSEEEP00000040611	ENSEEEG00000019233	NIPSNAP2
ENSP00000356179	ENSG00000058673	ZC3H11A	ENSEEEP00000032514	ENSEEEG00000015502	zc3h11a
ENSP00000616379	ENSG00000107130	NCS1	ENSEEEP00000033947	ENSEEEG00000016162	ncs1a
ENSP00000314776	ENSG00000176055	MBLAC2	ENSEEEP00000046607	ENSEEEG00000021942	MBLAC2
ENSP00000166345	ENSG00000071539	TRIP13	ENSEEEP00000021479	ENSEEEG00000010432	TRIP13
ENSP00000793960	ENSG00000137413	TAF8	ENSEEEP00000004542	ENSEEEG00000002368	TAF8
ENSP00000438863	ENSG00000065600	PACC1	ENSEEEP00000034199	ENSEEEG00000016289	PACC1
ENSP00000726912	ENSG00000014919	COX15	ENSEEEP00000028248	ENSEEEG00000013570	cox15
ENSP00000522833	ENSG00000134697	GNL2	ENSEEEP00000014782	ENSEEEG00000006870	GNL2
ENSP00000454360	ENSG00000169682	SPNS1	ENSEEEP00000005462	ENSEEEG00000002863	SPNS1
ENSP00000581783	ENSG00000253729	PRKDC	ENSEEEP00000052660	ENSEEEG00000024659	PRKDC
ENSP00000378221	ENSG00000138785	INTS12	ENSEEEP00000048090	ENSEEEG00000022648	INTS12
ENSP00000516492	ENSG00000140092	FBLN5	ENSEEEP00000048823	ENSEEEG00000022964	FBLN5
ENSP00000278175	ENSG00000148926	ADM	ENSEEEP00000031289	ENSEEEG00000014983	adma
ENSP00000569489	ENSG00000213281	NRAS	ENSEEEP00000044709	ENSEEEG00000021105	NRAS
ENSP00000569383	ENSG00000112695	COX7A2	ENSEEEP00000019030	ENSEEEG00000009342	COX7A2
ENSP00000306330	ENSG00000170027	YWHAG	ENSEEEP00000000193	ENSEEEG00000000139	ywhag1
ENSP00000263370	ENSG00000086544	ITPKC	ENSEEEP00000062128	ENSEEEG00000026026	itpkcb
ENSP00000588564	ENSG00000011426	ANLN	ENSEEEP00000030590	ENSEEEG00000014564	ANLN
ENSP00000263468	ENSG00000110318	CEP126	ENSEEEP00000057802	ENSEEEG00000026481	
ENSP00000593330	ENSG00000229833	PET100	ENSEEEP00000044126	ENSEEEG00000020854	PET100
ENSP00000640252	ENSG00000167930	FAM234A	ENSEEEP00000061238	ENSEEEG00000023970	FAM234A
ENSP00000630196	ENSG00000112419	PHACTR2	ENSEEEP00000007492	ENSEEEG00000003919	PHACTR2
ENSP00000313332	ENSG00000131943	C19orf12	ENSEEEP00000022522	ENSEEEG00000010933	C19orf12
ENSP00000687239	ENSG00000165424	ZCCHC24	ENSEEEP00000000172	ENSEEEG00000000131	ZCCHC24
ENSP00000263776	ENSG00000110455	ACCS	ENSEEEP00000038576	ENSEEEG00000018272	
ENSP00000296677	ENSG00000164251	F2RL1	ENSEEEP00000022321	ENSEEEG00000010834	f2rl1.1
ENSP00000464443	ENSG00000109083	IFT20	ENSEEEP00000052486	ENSEEEG00000024583	IFT20
ENSP00000409007	ENSG00000168621	GDNF	ENSEEEP00000019828	ENSEEEG00000009703	gdnfa
ENSP00000368127	ENSG00000205129	CFAP96	ENSEEEP00000022832	ENSEEEG00000011078	C4orf47
ENSP00000337439	ENSG00000165617	DACT1	ENSEEEP00000008209	ENSEEEG00000004288	DACT1
ENSP00000629168	ENSG00000151304	SRFBP1	ENSEEEP00000057315	ENSEEEG00000024825	SRFBP1
ENSP00000455444	ENSG00000261787	TCF24	ENSEEEP00000020279	ENSEEEG00000009903	TCF24
ENSP00000737529	ENSG00000161654	LSM12	ENSEEEP00000007797	ENSEEEG00000004079	lsm12b
ENSP00000497648	ENSG00000104738	MCM4	ENSEEEP00000063760	ENSEEEG00000010819	MCM4
ENSP00000670394	ENSG00000177225	GATD1	ENSEEEP00000061230	ENSEEEG00000025634	GATD1
ENSP00000337226	ENSG00000170779	CDCA4	ENSEEEP00000055562	ENSEEEG00000028641	CDCA4
ENSP00000301396	ENSG00000141456	PELP1	ENSEEEP00000024176	ENSEEEG00000011728	AP1G2
ENSP00000447488	ENSG00000111052	LIN7A	ENSEEEP00000052172	ENSEEEG00000024462	LIN7A
ENSP00000357917	ENSG00000213190	MLLT11	ENSEEEP00000050842	ENSEEEG00000023881	MLLT11
ENSP00000564676	ENSG00000135678	CPM	ENSEEEP00000052378	ENSEEEG00000024539	CPM
ENSP00000431706	ENSG00000166323	C11orf65	ENSEEEP00000028509	ENSEEEG00000013696	
ENSP00000421927	ENSG00000168310	IRF2	ENSEEEP00000033337	ENSEEEG00000015844	IRF2
ENSP00000419370	ENSG00000156928	MALSU1	ENSEEEP00000008902	ENSEEEG00000004597	si:zfos-1192g2.3
ENSP00000379889	ENSG00000171243	SOSTDC1	ENSEEEP00000032168	ENSEEEG00000015344	sostdc1b
ENSP00000379897	ENSG00000122644	ARL4A	ENSEEEP00000032163	ENSEEEG00000015340	arl4ab
ENSP00000605128	ENSG00000108578	BLMH	ENSEEEP00000046733	ENSEEEG00000021947	BLMH
ENSP00000294309	ENSG00000162341	TPCN2	ENSEEEP00000055927	ENSEEEG00000018286	tpcn2
ENSP00000506793	ENSG00000155906	RMND1	ENSEEEP00000001580	ENSEEEG00000000911	RMND1
ENSP00000573662	ENSG00000197157	SND1	ENSEEEP00000053514	ENSEEEG00000011898	SND1
ENSP00000566975	ENSG00000183431	SF3A3	ENSEEEP00000028346	ENSEEEG00000013624	SF3A3
ENSP00000607768	ENSG00000068383	INPP5A	ENSEEEP00000062040	ENSEEEG00000017276	INPP5A
ENSP00000587218	ENSG00000164066	INTU	ENSEEEP00000034791	ENSEEEG00000016545	INTU
ENSP00000553788	ENSG00000161800	RACGAP1	ENSEEEP00000052088	ENSEEEG00000024429	RACGAP1
ENSP00000356632	ENSG00000146386	ABRACL	ENSEEEP00000059868	ENSEEEG00000024634	abracl
ENSP00000429225	ENSG00000113312	TTC1	ENSEEEP00000043766	ENSEEEG00000020689	TTC1
ENSP00000686934	ENSG00000130300	PLVAP	ENSEEEP00000038733	ENSEEEG00000018381	plvapa
ENSP00000256367	ENSG00000133985	TTC9	ENSEEEP00000000820	ENSEEEG00000000554	TTC9
ENSP00000295824	ENSG00000163576	EFHB	ENSEEEP00000004986	ENSEEEG00000002592	EFHB
ENSP00000519019	ENSG00000021574	SPAST	ENSEEEP00000036698	ENSEEEG00000017258	SPAST
ENSP00000518551	ENSG00000180488	MIGA1	ENSEEEP00000026246	ENSEEEG00000012685	MIGA1
ENSP00000553635	ENSG00000002834	LASP1	ENSEEEP00000042927	ENSEEEG00000020255	LASP1
ENSP00000534154	ENSG00000145192	AHSG	ENSEEEP00000035944	ENSEEEG00000017094	ahsg2
ENSP00000435444	ENSG00000167994	RAB3IL1	ENSEEEP00000037656	ENSEEEG00000017878	NDE1
ENSP00000265351	ENSG00000124571	XPO5	ENSEEEP00000014467	ENSEEEG00000007165	XPO5
ENSP00000491193	ENSG00000243335	KCTD7	ENSEEEP00000044961	ENSEEEG00000021219	KCTD7
ENSP00000397240	ENSG00000163923	RPL39L	ENSEEEP00000030214	ENSEEEG00000014481	rpl39
ENSP00000501025	ENSG00000185670	ZBTB3	ENSEEEP00000035550	ENSEEEG00000016935	ZBTB3
ENSP00000329214	ENSG00000184005	ST6GALNAC3	ENSEEEP00000023934	ENSEEEG00000011617	st6galnac3
ENSP00000542188	ENSG00000165478	HEPACAM	ENSEEEP00000010080	ENSEEEG00000005112	HEPACAM
ENSP00000418757	ENSG00000163659	TIPARP	ENSEEEP00000033023	ENSEEEG00000015727	TIPARP
ENSP00000432386	ENSG00000110060	PUS3	ENSEEEP00000001582	ENSEEEG00000001012	PUS3
ENSP00000587393	ENSG00000104859	CLASRP	ENSEEEP00000033350	ENSEEEG00000015845	CLASRP
ENSP00000346564	ENSG00000175274	TP53I11	ENSEEEP00000022660	ENSEEEG00000011005	tp53i11b
ENSP00000248706	ENSG00000128045	RASL11B	ENSEEEP00000052691	ENSEEEG00000026477	RASL11B
ENSP00000427006	ENSG00000109133	TMEM33	ENSEEEP00000032380	ENSEEEG00000015437	TMEM33
ENSP00000233826	ENSG00000115474	KCNJ13	ENSEEEP00000000592	ENSEEEG00000000426	KCNJ13
ENSP00000361850	ENSG00000122861	PLAU	ENSEEEP00000050502	ENSEEEG00000023745	plaua
ENSP00000263753	ENSG00000129810	SGO1	ENSEEEP00000025599	ENSEEEG00000012420	SGO1
ENSP00000376366	ENSG00000112290	WASF1	ENSEEEP00000044515	ENSEEEG00000021029	WASF1
ENSP00000512004	ENSG00000138750	NUP54	ENSEEEP00000034396	ENSEEEG00000016279	NUP54
ENSP00000484686	ENSG00000084207	GSTP1	ENSEEEP00000048172	ENSEEEG00000022676	GSTP1
ENSP00000450482	ENSG00000168398	BDKRB2	ENSEEEP00000019431	ENSEEEG00000009522	BDKRB2
ENSP00000586038	ENSG00000172780	RAB43	ENSEEEP00000016483	ENSEEEG00000008168	RAB43
ENSP00000523585	ENSG00000162227	TAF6L	ENSEEEP00000042393	ENSEEEG00000020018	TAF6L
ENSP00000578243	ENSG00000100532	CGRRF1	ENSEEEP00000022337	ENSEEEG00000010840	CGRRF1
ENSP00000226067	ENSG00000108924	HLF	ENSEEEP00000017841	ENSEEEG00000008811	hlfb
ENSP00000531933	ENSG00000066557	LRRC40	ENSEEEP00000032056	ENSEEEG00000015284	LRRC40
ENSP00000762419	ENSG00000254901	BORCS8	ENSEEEP00000047698	ENSEEEG00000022453	BORCS8
ENSP00000328412	ENSG00000185527	PDE6G	ENSEEEP00000000210	ENSEEEG00000000153	pde6gb
ENSP00000326846	ENSG00000179476	DORIP1	ENSEEEP00000029487	ENSEEEG00000014123	C14orf28
ENSP00000587902	ENSG00000115446	UNC50	ENSEEEP00000006390	ENSEEEG00000003390	UNC50
ENSP00000386452	ENSG00000180336	MEIOC	ENSEEEP00000032906	ENSEEEG00000015662	
ENSP00000574226	ENSG00000106511	MEOX2	ENSEEEP00000056970	ENSEEEG00000026381	meox2a
ENSP00000463042	ENSG00000136450	SRSF1	ENSEEEP00000040707	ENSEEEG00000019292	srsf1b
ENSP00000355954	ENSG00000162772	ATF3	ENSEEEP00000050052	ENSEEEG00000023538	ATF3
ENSP00000767346	ENSG00000110700	RPS13	ENSEEEP00000041678	ENSEEEG00000019716	RPS13
ENSP00000355124	ENSG00000171345	KRT19	ENSEEEP00000031148	ENSEEEG00000014922	si:ch211-156l18.7
ENSP00000310623	ENSG00000136003	ISCU	ENSEEEP00000049451	ENSEEEG00000023242	ISCU
ENSP00000350331	ENSG00000196372	ASB13	ENSEEEP00000044695	ENSEEEG00000021104	asb13b
ENSP00000686903	ENSG00000108641	B9D1	ENSEEEP00000010963	ENSEEEG00000005553	B9D1
ENSP00000521083	ENSG00000127588	GNG13	ENSEEEP00000012617	ENSEEEG00000006329	GNG13
ENSP00000301452	ENSG00000167769	ACER1	ENSEEEP00000034535	ENSEEEG00000016429	ACER1
ENSP00000542108	ENSG00000135164	DMTF1	ENSEEEP00000008257	ENSEEEG00000004314	DMTF1
ENSP00000618375	ENSG00000152463	OLAH	ENSEEEP00000014721	ENSEEEG00000007323	olah
ENSP00000425561	ENSG00000151247	EIF4E	ENSEEEP00000014566	ENSEEEG00000007244	eif4ea
ENSP00000578294	ENSG00000172482	AGXT	ENSEEEP00000010266	ENSEEEG00000005025	agxta
ENSP00000793694	ENSG00000064652	SNX24	ENSEEEP00000063302	ENSEEEG00000029135	SNX24
ENSP00000593509	ENSG00000135108	FBXO21	ENSEEEP00000019587	ENSEEEG00000009594	FBXO21
ENSP00000638376	ENSG00000173442	EHBP1L1	ENSEEEP00000042410	ENSEEEG00000020023	ehbp1l1a
ENSP00000357981	ENSG00000163131	CTSS	ENSEEEP00000000183	ENSEEEG00000000099	ctss2.1
ENSP00000350699	ENSG00000164022	AIMP1	ENSEEEP00000001130	ENSEEEG00000000758	aimp1a
ENSP00000588699	ENSG00000174705	SH3PXD2B	ENSEEEP00000014238	ENSEEEG00000007056	SH3PXD2B
ENSP00000340292	ENSG00000185559	DLK1	ENSEEEP00000009872	ENSEEEG00000005020	DLK1
ENSP00000665190	ENSG00000178927	CYBC1	ENSEEEP00000033697	ENSEEEG00000016042	CYBC1
ENSP00000339324	ENSG00000188725	SMIM15	ENSEEEP00000024197	ENSEEEG00000011734	SMIM15
ENSP00000357393	ENSG00000143590	EFNA3	ENSEEEP00000035532	ENSEEEG00000016924	efna3b
ENSP00000560344	ENSG00000129083	COPB1	ENSEEEP00000041655	ENSEEEG00000019708	COPB1
ENSP00000298097	ENSG00000165355	FBXO33	ENSEEEP00000062297	ENSEEEG00000027864	FBXO33
ENSP00000726858	ENSG00000154813	DPH3	ENSEEEP00000064216	ENSEEEG00000026387	DPH3
ENSP00000562577	ENSG00000105771	SMG9	ENSEEEP00000037229	ENSEEEG00000017695	SMG9
ENSP00000294008	ENSG00000188827	SLX4	ENSEEEP00000019307	ENSEEEG00000009456	
ENSP00000553484	ENSG00000136770	DNAJC1	ENSEEEP00000026593	ENSEEEG00000012858	DNAJC1
ENSP00000492737	ENSG00000138760	SCARB2	ENSEEEP00000060683	ENSEEEG00000011132	scarb2c
ENSP00000542099	ENSG00000111057	KRT18	ENSEEEP00000051833	ENSEEEG00000024330	krt18a.1
ENSP00000348020	ENSG00000119684	MLH3	ENSEEEP00000041330	ENSEEEG00000019562	MLH3
ENSP00000265295	ENSG00000040275	SPDL1	ENSEEEP00000030769	ENSEEEG00000014725	SPDL1
ENSP00000582149	ENSG00000130254	SAFB2	ENSEEEP00000032971	ENSEEEG00000015699	SAFB
ENSP00000584297	ENSG00000272325	NUDT3	ENSEEEP00000063467	ENSEEEG00000025714	nudt3b
ENSP00000498253	ENSG00000133030	MPRIP	ENSEEEP00000054410	ENSEEEG00000010825	MPRIP
ENSP00000566448	ENSG00000057704	TMCC3	ENSEEEP00000013673	ENSEEEG00000006825	TMCC3
ENSP00000414398	ENSG00000090520	DNAJB11	ENSEEEP00000040722	ENSEEEG00000019291	dnajb11
ENSP00000263657	ENSG00000115946	PNO1	ENSEEEP00000018311	ENSEEEG00000008995	PNO1
ENSP00000652982	ENSG00000086200	IPO11	ENSEEEP00000037957	ENSEEEG00000018026	IPO11
ENSP00000655830	ENSG00000168952	STXBP6	ENSEEEP00000018758	ENSEEEG00000009211	STXBP6
ENSP00000314806	ENSG00000176302	FOXR1	ENSEEEP00000009694	ENSEEEG00000004944	FOXR1
ENSP00000257934	ENSG00000135476	ESPL1	ENSEEEP00000027935	ENSEEEG00000013446	ESPL1
ENSP00000345412	ENSG00000149532	CPSF7	ENSEEEP00000001993	ENSEEEG00000001243	CPSF7
ENSP00000386940	ENSG00000150540	HNMT	ENSEEEP00000015193	ENSEEEG00000007572	HNMT
ENSP00000359727	ENSG00000112208	BAG2	ENSEEEP00000055812	ENSEEEG00000008982	BAG2
ENSP00000564984	ENSG00000157978	LDLRAP1	ENSEEEP00000028533	ENSEEEG00000013704	ldlrap1b
ENSP00000592489	ENSG00000112658	SRF	ENSEEEP00000036505	ENSEEEG00000017352	srfb
ENSP00000562662	ENSG00000009765	IYD	ENSEEEP00000004114	ENSEEEG00000002187	IYD
ENSP00000416583	ENSG00000023697	DERA	ENSEEEP00000037414	ENSEEEG00000017787	DERA
ENSP00000557238	ENSG00000124767	GLO1	ENSEEEP00000023766	ENSEEEG00000011516	GLO1
ENSP00000501597	ENSG00000106477	CEP41	ENSEEEP00000015479	ENSEEEG00000007676	CEP41
ENSP00000355996	ENSG00000123689	G0S2	ENSEEEP00000003844	ENSEEEG00000002057	G0S2
ENSP00000443292	ENSG00000139438	FAM222A	ENSEEEP00000054269	ENSEEEG00000025136	FAM222A
ENSP00000426504	ENSG00000172262	ZNF131	ENSEEEP00000043436	ENSEEEG00000020533	ZNF131
ENSP00000359474	ENSG00000143032	BARHL2	ENSEEEP00000001253	ENSEEEG00000000852	BARHL2
ENSP00000304643	ENSG00000169885	CALML6	ENSEEEP00000013418	ENSEEEG00000006721	CALML6
ENSP00000459626	ENSG00000186260	MRTFB	ENSEEEP00000020901	ENSEEEG00000010192	mrtfba
ENSP00000229332	ENSG00000111729	CLEC4A	ENSEEEP00000050746	ENSEEEG00000023844	asgrl1
ENSP00000789368	ENSG00000164120	HPGD	ENSEEEP00000036661	ENSEEEG00000017405	HPGD
ENSP00000265734	ENSG00000105810	CDK6	ENSEEEP00000043693	ENSEEEG00000020659	CDK6
ENSP00000438762	ENSG00000184154	LRRC51	ENSEEEP00000002988	ENSEEEG00000001702	LRRC51
ENSP00000562632	ENSG00000196975	ANXA4	ENSEEEP00000027834	ENSEEEG00000013281	ANXA4
ENSP00000281623	ENSG00000151876	FBXO4	ENSEEEP00000043427	ENSEEEG00000020525	FBXO4
ENSP00000526740	ENSG00000141002	TCF25	ENSEEEP00000035814	ENSEEEG00000016702	TCF25
ENSP00000593514	ENSG00000172590	MRPL52	ENSEEEP00000011778	ENSEEEG00000005930	MRPL52
ENSP00000552156	ENSG00000177030	DEAF1	ENSEEEP00000020425	ENSEEEG00000009969	DEAF1
ENSP00000698781	ENSG00000151743	AMN1	ENSEEEP00000039483	ENSEEEG00000018752	AMN1
ENSP00000359976	ENSG00000116761	CTH	ENSEEEP00000010376	ENSEEEG00000005093	cthl
ENSP00000362962	ENSG00000119397	CNTRL	ENSEEEP00000051313	ENSEEEG00000024080	DRC3
ENSP00000430493	ENSG00000155508	CNOT8	ENSEEEP00000040736	ENSEEEG00000019307	CNOT8
ENSP00000264553	ENSG00000197540	GZMM	ENSEEEP00000047772	ENSEEEG00000022487	si:dkey-78l4.13
ENSP00000359410	ENSG00000172031	EPHX4	ENSEEEP00000002410	ENSEEEG00000001411	EPHX4
ENSP00000383023	ENSG00000215375	MYL5	ENSEEEP00000030273	ENSEEEG00000014516	MYL5
ENSP00000434435	ENSG00000166801	FAM111A	ENSEEEP00000063288	ENSEEEG00000025017	fam111.2
ENSP00000324741	ENSG00000146826	TRAPPC14	ENSEEEP00000053582	ENSEEEG00000026652	map11
ENSP00000319817	ENSG00000125741	OPA3	ENSEEEP00000062878	ENSEEEG00000026288	OPA3
ENSP00000263181	ENSG00000121621	KIF18A	ENSEEEP00000036663	ENSEEEG00000017404	KIF18A
ENSP00000323880	ENSG00000129654	FOXJ1	ENSEEEP00000047466	ENSEEEG00000022334	foxj1a
ENSP00000390084	ENSG00000188803	SHISA6	ENSEEEP00000057209	ENSEEEG00000027332	SHISA6
ENSP00000378917	ENSG00000168488	ATXN2L	ENSEEEP00000005445	ENSEEEG00000002857	ATXN2L
ENSP00000349541	ENSG00000177469	CAVIN1	ENSEEEP00000042703	ENSEEEG00000020151	cavin1b
ENSP00000609022	ENSG00000159784	FAM131B	ENSEEEP00000015795	ENSEEEG00000007815	fam131ba
ENSP00000258975	ENSG00000136463	TACO1	ENSEEEP00000048456	ENSEEEG00000022806	TACO1
ENSP00000718161	ENSG00000073584	SMARCE1	ENSEEEP00000004536	ENSEEEG00000002366	SMARCE1
ENSP00000497131	ENSG00000105825	TFPI2	ENSEEEP00000044905	ENSEEEG00000021198	TFPI2
ENSP00000625011	ENSG00000060140	STYK1	ENSEEEP00000051084	ENSEEEG00000023989	styk1b
ENSP00000798045	ENSG00000180233	ZNRF2	ENSEEEP00000058996	ENSEEEG00000028552	znrf2b
ENSP00000369419	ENSG00000127954	STEAP4	ENSEEEP00000040500	ENSEEEG00000019184	steap4
ENSP00000408367	ENSG00000168802	CHTF8	ENSEEEP00000021030	ENSEEEG00000010259	CHTF8
ENSP00000792670	ENSG00000164649	CDCA7L	ENSEEEP00000011000	ENSEEEG00000005570	cdca7b
ENSP00000354218	ENSG00000104881	PPP1R13L	ENSEEEP00000030450	ENSEEEG00000014588	PPP1R13L
ENSP00000273861	ENSG00000145248	SLC10A4	ENSEEEP00000043720	ENSEEEG00000020666	SLC10A4
ENSP00000507590	ENSG00000123415	SMUG1	ENSEEEP00000054178	ENSEEEG00000027786	SMUG1
ENSP00000511999	ENSG00000155530	LRGUK	ENSEEEP00000021988	ENSEEEG00000010678	lrguk
ENSP00000548375	ENSG00000254772	EEF1G	ENSEEEP00000035445	ENSEEEG00000016854	eef1g
ENSP00000441549	ENSG00000168813	ZNF507	ENSEEEP00000042835	ENSEEEG00000020208	ZNF507
ENSP00000425497	ENSG00000173610	UGT2A1	ENSEEEP00000013947	ENSEEEG00000028391	
ENSP00000233057	ENSG00000055332	EIF2AK2	ENSEEEP00000008821	ENSEEEG00000004560	EIF2AK2
ENSP00000365523	ENSG00000141034	GID4	ENSEEEP00000040454	ENSEEEG00000019161	GID4
ENSP00000621308	ENSG00000109680	TBC1D19	ENSEEEP00000041429	ENSEEEG00000019589	TBC1D19
ENSP00000230792	ENSG00000112874	NUDT12	ENSEEEP00000018710	ENSEEEG00000009197	NUDT12
ENSP00000603845	ENSG00000106077	ABHD11	ENSEEEP00000010722	ENSEEEG00000005427	ABHD11
ENSP00000274787	ENSG00000146066	HIGD2A	ENSEEEP00000056105	ENSEEEG00000028969	higd2a
ENSP00000305973	ENSG00000198353	HOXC4	ENSEEEP00000043135	ENSEEEG00000020368	hoxc4a
ENSP00000559069	ENSG00000204852	TCTN1	ENSEEEP00000051640	ENSEEEG00000024248	TCTN1
ENSP00000791478	ENSG00000163634	THOC7	ENSEEEP00000016426	ENSEEEG00000008054	THOC7
ENSP00000599976	ENSG00000006704	GTF2IRD1	ENSEEEP00000008667	ENSEEEG00000004501	GTF2IRD1
ENSP00000525045	ENSG00000182271	TMIGD1	ENSEEEP00000040843	ENSEEEG00000019349	tmigd1
ENSP00000378857	ENSG00000178252	WDR6	ENSEEEP00000045624	ENSEEEG00000021523	WDR6
ENSP00000585411	ENSG00000130511	SSBP4	ENSEEEP00000055301	ENSEEEG00000025084	SSBP4
ENSP00000323516	ENSG00000181408	UTS2R	ENSEEEP00000004320	ENSEEEG00000002277	UTS2R
ENSP00000326110	ENSG00000181751	MACIR	ENSEEEP00000042056	ENSEEEG00000019868	MACIR
ENSP00000442793	ENSG00000166546	BEAN1	ENSEEEP00000056898	ENSEEEG00000020582	BEAN1
ENSP00000532633	ENSG00000172273	HINFP	ENSEEEP00000029827	ENSEEEG00000014290	HINFP
ENSP00000792104	ENSG00000103241	FOXF1	ENSEEEP00000036052	ENSEEEG00000017147	FOXF1
ENSP00000338258	ENSG00000179604	CDC42EP4	ENSEEEP00000059812	ENSEEEG00000027339	cdc42ep4a
ENSP00000633756	ENSG00000154099	DNAAF1	ENSEEEP00000035054	ENSEEEG00000016668	DNAAF1
ENSP00000333283	ENSG00000185504	FAAP100	ENSEEEP00000017433	ENSEEEG00000008625	FAAP100
ENSP00000260810	ENSG00000163781	TOPBP1	ENSEEEP00000014847	ENSEEEG00000007392	TOPBP1
ENSP00000238558	ENSG00000133937	GSC	ENSEEEP00000063055	ENSEEEG00000025098	gsc
ENSP00000605874	ENSG00000042088	TDP1	ENSEEEP00000011766	ENSEEEG00000005727	TDP1
ENSP00000622654	ENSG00000076984	MAP2K7	ENSEEEP00000041293	ENSEEEG00000019536	MAP2K7
ENSP00000509273	ENSG00000108061	SHOC2	ENSEEEP00000063162	ENSEEEG00000028598	SHOC2
ENSP00000340330	ENSG00000172977	KAT5	ENSEEEP00000061524	ENSEEEG00000026157	kat5b
ENSP00000581158	ENSG00000164161	HHIP	ENSEEEP00000016958	ENSEEEG00000008403	HHIP
ENSP00000387051	ENSG00000152102	FAM168B	ENSEEEP00000020926	ENSEEEG00000010202	FAM168B
ENSP00000669326	ENSG00000122008	POLK	ENSEEEP00000007972	ENSEEEG00000004160	POLK
ENSP00000320898	ENSG00000163961	RNF168	ENSEEEP00000050408	ENSEEEG00000023705	RNF168
ENSP00000439467	ENSG00000071994	PDCD2	ENSEEEP00000005136	ENSEEEG00000002677	PDCD2
ENSP00000549677	ENSG00000151461	UPF2	ENSEEEP00000003412	ENSEEEG00000001903	UPF2
ENSP00000579921	ENSG00000161996	WDR90	ENSEEEP00000010148	ENSEEEG00000005146	
ENSP00000564290	ENSG00000055813	CCDC85A	ENSEEEP00000039180	ENSEEEG00000018623	CCDC85A
ENSP00000265840	ENSG00000110675	ELMOD1	ENSEEEP00000005894	ENSEEEG00000003127	ELMOD1
ENSP00000230048	ENSG00000112304	ACOT13	ENSEEEP00000053825	ENSEEEG00000028817	ACOT13
ENSP00000357131	ENSG00000146376	ARHGAP18	ENSEEEP00000010032	ENSEEEG00000004811	ARHGAP18
ENSP00000299596	ENSG00000166471	TMEM41B	ENSEEEP00000062918	ENSEEEG00000027922	TMEM41B
ENSP00000346335	ENSG00000119720	NRDE2	ENSEEEP00000028196	ENSEEEG00000013567	NRDE2
ENSP00000499062	ENSG00000153879	CEBPG	ENSEEEP00000058679	ENSEEEG00000027842	CEBPG
ENSP00000387204	ENSG00000116030	SUMO1	ENSEEEP00000022676	ENSEEEG00000011009	SUMO1
ENSP00000329452	ENSG00000183032	SLC25A21	ENSEEEP00000061403	ENSEEEG00000021266	SLC25A21
ENSP00000584156	ENSG00000137692	DCUN1D5	ENSEEEP00000050144	ENSEEEG00000023587	DCUN1D5
ENSP00000564093	ENSG00000165819	METTL3	ENSEEEP00000001113	ENSEEEG00000000744	METTL3
ENSP00000709637	ENSG00000135070	ISCA1	ENSEEEP00000049703	ENSEEEG00000023368	ISCA1
ENSP00000312356	ENSG00000174173	TRMT10C	ENSEEEP00000027217	ENSEEEG00000013134	TRMT10C
ENSP00000377492	ENSG00000072571	HMMR	ENSEEEP00000032577	ENSEEEG00000015530	HMMR
ENSP00000378289	ENSG00000166317	SYNPO2L	ENSEEEP00000060613	ENSEEEG00000026215	synpo2la
ENSP00000544855	ENSG00000114120	SLC25A36	ENSEEEP00000055194	ENSEEEG00000025153	SLC25A36
ENSP00000327889	ENSG00000185085	INTS5	ENSEEEP00000048031	ENSEEEG00000022627	INTS5
ENSP00000576901	ENSG00000163743	RCHY1	ENSEEEP00000002558	ENSEEEG00000001474	RCHY1
ENSP00000263736	ENSG00000068784	SRBD1	ENSEEEP00000021354	ENSEEEG00000010406	SRBD1
ENSP00000351509	ENSG00000151348	EXT2	ENSEEEP00000042010	ENSEEEG00000019846	EXT2
ENSP00000484185	ENSG00000166321	NUDT13	ENSEEEP00000058057	ENSEEEG00000017975	NUDT13
ENSP00000666146	ENSG00000141012	GALNS	ENSEEEP00000041398	ENSEEEG00000019581	GALNS
ENSP00000243786	ENSG00000123999	INHA	ENSEEEP00000049469	ENSEEEG00000023253	INHA
ENSP00000722192	ENSG00000122986	HVCN1	ENSEEEP00000051639	ENSEEEG00000024247	HVCN1
ENSP00000590865	ENSG00000138175	ARL3	ENSEEEP00000058440	ENSEEEG00000028237	arl3a
ENSP00000511611	ENSG00000038274	MAT2B	ENSEEEP00000038477	ENSEEEG00000018271	MAT2B
ENSP00000330918	ENSG00000184207	PGP	ENSEEEP00000018568	ENSEEEG00000009129	PGP
ENSP00000640152	ENSG00000137055	PLAA	ENSEEEP00000053257	ENSEEEG00000019650	PLAA
ENSP00000290823	ENSG00000159618	ADGRG5	ENSEEEP00000037852	ENSEEEG00000017995	ADGRG3
ENSP00000296438	ENSG00000164049	FBXW12	ENSEEEP00000018272	ENSEEEG00000008977	zgc:171857
ENSP00000449535	ENSG00000111058	ACSS3	ENSEEEP00000061318	ENSEEEG00000024463	ACSS3
ENSP00000742623	ENSG00000100522	GNPNAT1	ENSEEEP00000026101	ENSEEEG00000012638	GNPNAT1
ENSP00000299759	ENSG00000166592	RRAD	ENSEEEP00000039341	ENSEEEG00000018685	RRAD
ENSP00000612985	ENSG00000163754	GYG1	ENSEEEP00000038884	ENSEEEG00000018417	gyg1b
ENSP00000787786	ENSG00000184182	UBE2F	ENSEEEP00000058414	ENSEEEG00000012916	ube2f
ENSP00000264771	ENSG00000127419	TMEM175	ENSEEEP00000000668	ENSEEEG00000000465	TMEM175
ENSP00000054950	ENSG00000049449	RCN1	ENSEEEP00000060348	ENSEEEG00000028727	rcn1
ENSP00000384411	ENSG00000175768	TOMM5	ENSEEEP00000029979	ENSEEEG00000014367	tomm5
ENSP00000531380	ENSG00000172375	C2CD2L	ENSEEEP00000029831	ENSEEEG00000014295	C2CD2L
ENSP00000777313	ENSG00000136240	KDELR2	ENSEEEP00000008734	ENSEEEG00000004529	kdelr2b
ENSP00000528039	ENSG00000103091	WDR59	ENSEEEP00000034745	ENSEEEG00000016513	WDR59
ENSP00000626359	ENSG00000107438	PDLIM1	ENSEEEP00000035887	ENSEEEG00000017072	PDLIM1
ENSP00000625397	ENSG00000107295	SH3GL2	ENSEEEP00000000487	ENSEEEG00000022634	sh3gl2a
ENSP00000624463	ENSG00000108771	DHX58	ENSEEEP00000016761	ENSEEEG00000007964	DHX58
ENSP00000345555	ENSG00000188316	ENO4	ENSEEEP00000046054	ENSEEEG00000021701	ENO4
ENSP00000337513	ENSG00000213523	SRA1	ENSEEEP00000049630	ENSEEEG00000023338	SRA1
ENSP00000346959	ENSG00000139974	SLC38A6	ENSEEEP00000049288	ENSEEEG00000023167	SLC38A6
ENSP00000516709	ENSG00000220201	ZGLP1	ENSEEEP00000009528	ENSEEEG00000004874	zglp1
ENSP00000440504	ENSG00000165185	KIAA1958	ENSEEEP00000023043	ENSEEEG00000011184	si:ch211-126i22.5
ENSP00000327758	ENSG00000183072	NKX2-5	ENSEEEP00000026633	ENSEEEG00000012882	nkx2.5
ENSP00000493623	ENSG00000082074	FYB1	ENSEEEP00000028101	ENSEEEG00000013525	fybb
ENSP00000362869	ENSG00000185681	MORN5	ENSEEEP00000024094	ENSEEEG00000011685	MORN5
ENSP00000419194	ENSG00000215183	MSMP	ENSEEEP00000062656	ENSEEEG00000026886	MSMP
ENSP00000576800	ENSG00000075399	VPS9D1	ENSEEEP00000058264	ENSEEEG00000027667	vps9d1
ENSP00000752475	ENSG00000137135	ARHGEF39	ENSEEEP00000037383	ENSEEEG00000017773	ARHGEF39
ENSP00000420588	ENSG00000108064	TFAM	ENSEEEP00000003585	ENSEEEG00000001963	TFAM
ENSP00000618492	ENSG00000177685	CRACR2B	ENSEEEP00000037747	ENSEEEG00000017943	CRACR2B
ENSP00000371169	ENSG00000120158	RCL1	ENSEEEP00000039948	ENSEEEG00000018935	RCL1
ENSP00000360431	ENSG00000138193	PLCE1	ENSEEEP00000038434	ENSEEEG00000018256	plce1
ENSP00000329287	ENSG00000184602	SNN	ENSEEEP00000055152	ENSEEEG00000027949	SNN
ENSP00000438677	ENSG00000166428	PLD4	ENSEEEP00000045459	ENSEEEG00000021440	PLD4
ENSP00000797030	ENSG00000102910	LONP2	ENSEEEP00000030579	ENSEEEG00000014648	LONP2
ENSP00000597491	ENSG00000110025	SNX15	ENSEEEP00000004102	ENSEEEG00000002178	SNX15
ENSP00000534531	ENSG00000108479	GALK1	ENSEEEP00000011269	ENSEEEG00000005712	GALK1
ENSP00000322238	ENSG00000179933	C14orf119	ENSEEEP00000040865	ENSEEEG00000019361	C14orf119
ENSP00000555353	ENSG00000165695	AK8	ENSEEEP00000051293	ENSEEEG00000024066	AK8
ENSP00000434286	ENSG00000175390	EIF3F	ENSEEEP00000025001	ENSEEEG00000012037	EIF3F
ENSP00000521502	ENSG00000130713	EXOSC2	ENSEEEP00000010714	ENSEEEG00000005420	EXOSC2
ENSP00000521133	ENSG00000189079	ARID2	ENSEEEP00000055502	ENSEEEG00000007126	ARID2
ENSP00000516604	ENSG00000110514	MADD	ENSEEEP00000044509	ENSEEEG00000020444	MADD
ENSP00000361278	ENSG00000170788	DYDC1	ENSEEEP00000055717	ENSEEEG00000016102	AKT1S1
ENSP00000357575	ENSG00000171811	CFAP46	ENSEEEP00000035468	ENSEEEG00000016882	
ENSP00000243878	ENSG00000124074	ENKD1	ENSEEEP00000004855	ENSEEEG00000002537	ENKD1
ENSP00000489189	ENSG00000107262	BAG1	ENSEEEP00000018303	ENSEEEG00000008992	BAG1
ENSP00000258106	ENSG00000135638	EMX1	ENSEEEP00000000115	ENSEEEG00000000081	EMX1
ENSP00000283875	ENSG00000153767	GTF2E1	ENSEEEP00000039207	ENSEEEG00000018634	GTF2E1
ENSP00000455265	ENSG00000103168	TAF1C	ENSEEEP00000007789	ENSEEEG00000004074	wu:fj64h06
ENSP00000355177	ENSG00000198853	RUSC2	ENSEEEP00000034335	ENSEEEG00000016333	RUSC2
ENSP00000754736	ENSG00000126870	DYNC2I1	ENSEEEP00000026998	ENSEEEG00000013035	pld7
ENSP00000796982	ENSG00000084764	MAPRE3	ENSEEEP00000003646	ENSEEEG00000001988	mapre3a
ENSP00000331152	ENSG00000119950	MXI1	ENSEEEP00000020688	ENSEEEG00000010088	MXI1
ENSP00000377971	ENSG00000160117	ANKLE1	ENSEEEP00000062837	ENSEEEG00000025572	
ENSP00000327675	ENSG00000185028	LRRC14B	ENSEEEP00000018158	ENSEEEG00000008931	LRRC14B
ENSP00000547985	ENSG00000113719	ERGIC1	ENSEEEP00000017761	ENSEEEG00000008765	ERGIC1
ENSP00000362485	ENSG00000136895	GARNL3	ENSEEEP00000014058	ENSEEEG00000006987	GARNL3
ENSP00000395595	ENSG00000106013	ANKRD7	ENSEEEP00000016750	ENSEEEG00000008305	si:ch211-272n13.3
ENSP00000588661	ENSG00000164615	CAMLG	ENSEEEP00000003016	ENSEEEG00000001712	CAMLG
ENSP00000357798	ENSG00000154485	MMP21	ENSEEEP00000007970	ENSEEEG00000004159	mmp21
ENSP00000534487	ENSG00000165629	ATP5F1C	ENSEEEP00000032239	ENSEEEG00000015374	ATP5F1C
ENSP00000558527	ENSG00000115282	TTC31	ENSEEEP00000006177	ENSEEEG00000003295	zgc:123010
ENSP00000297991	ENSG00000165272	AQP3	ENSEEEP00000007968	ENSEEEG00000004158	aqp3a
ENSP00000548533	ENSG00000122735	DNAI1	ENSEEEP00000008194	ENSEEEG00000004241	DNAI1
ENSP00000719801	ENSG00000076928	ARHGEF1	ENSEEEP00000043095	ENSEEEG00000020280	mre11a
ENSP00000341819	ENSG00000188730	VWC2	ENSEEEP00000010234	ENSEEEG00000005186	VWC2
ENSP00000223836	ENSG00000106992	AK1	ENSEEEP00000032863	ENSEEEG00000015642	AK1
ENSP00000567039	ENSG00000106603	COA1	ENSEEEP00000056097	ENSEEEG00000025562	rpl37
ENSP00000625750	ENSG00000182010	RTKN2	ENSEEEP00000012478	ENSEEEG00000006266	rtkn2a
ENSP00000324510	ENSG00000007516	BAIAP3	ENSEEEP00000057166	ENSEEEG00000001094	baiap3
ENSP00000594769	ENSG00000141569	TRIM65	ENSEEEP00000048502	ENSEEEG00000022823	TRIM65
ENSP00000582443	ENSG00000175826	CTDNEP1	ENSEEEP00000034015	ENSEEEG00000016202	ctdnep1a
ENSP00000384513	ENSG00000138075	ABCG5	ENSEEEP00000015327	ENSEEEG00000007617	ABCG5
ENSP00000720584	ENSG00000198467	TPM2	ENSEEEP00000063832	ENSEEEG00000020339	tpm2
ENSP00000560256	ENSG00000145730	PAM	ENSEEEP00000063192	ENSEEEG00000019915	PAM
ENSP00000243501	ENSG00000123739	PLA2G12A	ENSEEEP00000018483	ENSEEEG00000009080	PLA2G12A
ENSP00000636061	ENSG00000011143	MKS1	ENSEEEP00000054058	ENSEEEG00000021090	MKS1
ENSP00000725287	ENSG00000163644	PPM1K	ENSEEEP00000044354	ENSEEEG00000020951	PPM1K
ENSP00000772895	ENSG00000197756	RPL37A	ENSEEEP00000002593	ENSEEEG00000001471	RPL37A
ENSP00000641085	ENSG00000224982	TMEM233	ENSEEEP00000050743	ENSEEEG00000023842	TMEM233
ENSP00000508995	ENSG00000009307	CSDE1	ENSEEEP00000049649	ENSEEEG00000023042	CSDE1
ENSP00000311733	ENSG00000174600	CMKLR1	ENSEEEP00000037075	ENSEEEG00000017608	fpr1
ENSP00000548578	ENSG00000139428	MMAB	ENSEEEP00000031950	ENSEEEG00000015245	MMAB
ENSP00000264498	ENSG00000138685	FGF2	ENSEEEP00000053466	ENSEEEG00000028387	FGF2
ENSP00000378418	ENSG00000217236	SP9	ENSEEEP00000009668	ENSEEEG00000004927	SP9
ENSP00000319118	ENSG00000180613	GSX2	ENSEEEP00000041468	ENSEEEG00000019610	GSX2
ENSP00000628746	ENSG00000108878	CACNG1	ENSEEEP00000008893	ENSEEEG00000004590	cacng1b
ENSP00000695464	ENSG00000002919	SNX11	ENSEEEP00000060107	ENSEEEG00000025147	snx11
ENSP00000583334	ENSG00000138399	FASTKD1	ENSEEEP00000054075	ENSEEEG00000018549	fastkd1
ENSP00000206380	ENSG00000091947	TMEM101	ENSEEEP00000007788	ENSEEEG00000004075	TMEM101
ENSP00000508312	ENSG00000188729	OSTN	ENSEEEP00000003224	ENSEEEG00000001814	OSTN
ENSP00000280187	ENSG00000150625	GPM6A	ENSEEEP00000012737	ENSEEEG00000006389	gpm6aa
ENSP00000344242	ENSG00000128606	LRRC17	ENSEEEP00000019981	ENSEEEG00000009769	LRRC17
ENSP00000353735	ENSG00000197579	TOPORS	ENSEEEP00000037056	ENSEEEG00000017598	
ENSP00000363255	ENSG00000138835	RGS3	ENSEEEP00000051392	ENSEEEG00000024117	rgs3b
ENSP00000266659	ENSG00000139278	GLIPR1	ENSEEEP00000042913	ENSEEEG00000020247	GLIPR1
ENSP00000534629	ENSG00000109775	UFSP2	ENSEEEP00000004290	ENSEEEG00000002266	UFSP2
ENSP00000302898	ENSG00000105146	AURKC	ENSEEEP00000017479	ENSEEEG00000008649	AURKB
ENSP00000609726	ENSG00000061794	MRPS35	ENSEEEP00000056628	ENSEEEG00000026061	MRPS35
ENSP00000537539	ENSG00000087076	HSD17B14	ENSEEEP00000004305	ENSEEEG00000002258	HSD17B14
ENSP00000479679	ENSG00000135253	KCP	ENSEEEP00000060726	ENSEEEG00000015536	NOTCH3
ENSP00000778218	ENSG00000103089	FA2H	ENSEEEP00000034926	ENSEEEG00000016613	FA2H
ENSP00000332413	ENSG00000127325	BEST3	ENSEEEP00000043185	ENSEEEG00000020390	BEST3
ENSP00000370460	ENSG00000153015	CWC27	ENSEEEP00000023100	ENSEEEG00000011208	CWC27
ENSP00000505728	ENSG00000079432	CIC	ENSEEEP00000007185	ENSEEEG00000003788	cicb
ENSP00000796004	ENSG00000170275	CRTAP	ENSEEEP00000062376	ENSEEEG00000013913	CRTAP
ENSP00000557800	ENSG00000175336	APOF	ENSEEEP00000009336	ENSEEEG00000004791	APOF
ENSP00000555165	ENSG00000089053	ANAPC5	ENSEEEP00000001428	ENSEEEG00000000935	ANAPC5
ENSP00000694229	ENSG00000144802	NFKBIZ	ENSEEEP00000024524	ENSEEEG00000011887	NFKBIZ
ENSP00000558228	ENSG00000183207	RUVBL2	ENSEEEP00000028948	ENSEEEG00000013830	RUVBL2
ENSP00000605846	ENSG00000160446	ZDHHC12	ENSEEEP00000031537	ENSEEEG00000015088	zdhhc12a
ENSP00000329684	ENSG00000182687	GALR2	ENSEEEP00000021831	ENSEEEG00000010608	galr2a
ENSP00000285013	ENSG00000154760	SLFN13	ENSEEEP00000034382	ENSEEEG00000016366	
ENSP00000549648	ENSG00000197150	ABCB8	ENSEEEP00000001545	ENSEEEG00000000996	ABCB8
ENSP00000490375	ENSG00000261210	CLEC19A	ENSEEEP00000028862	ENSEEEG00000013863	CLEC19A
ENSP00000351475	ENSG00000115687	PASK	ENSEEEP00000063893	ENSEEEG00000026225	PLEKHM1
ENSP00000289805	ENSG00000158792	SPATA2L	ENSEEEP00000025984	ENSEEEG00000012589	
ENSP00000373206	ENSG00000163378	EOGT	ENSEEEP00000023693	ENSEEEG00000011470	EOGT
ENSP00000367356	ENSG00000148468	FAM171A1	ENSEEEP00000054361	ENSEEEG00000003277	FAM171A1
ENSP00000713456	ENSG00000159069	FBXW5	ENSEEEP00000042658	ENSEEEG00000020136	FBXW5
ENSP00000426976	ENSG00000243678	NME2	ENSEEEP00000034949	ENSEEEG00000016628	
ENSP00000496918	ENSG00000183346	CABCOCO1	ENSEEEP00000000184	ENSEEEG00000000141	otub1b
ENSP00000618838	ENSG00000165832	TRUB1	ENSEEEP00000012257	ENSEEEG00000006168	TRUB1
ENSP00000521172	ENSG00000197562	RAB40C	ENSEEEP00000055347	ENSEEEG00000028941	RAB40C
ENSP00000518810	ENSG00000162009	SSTR5	ENSEEEP00000037541	ENSEEEG00000017857	SSTR5
ENSP00000310182	ENSG00000174749	FAM241A	ENSEEEP00000045811	ENSEEEG00000021596	FAM241A
ENSP00000301455	ENSG00000167772	ANGPTL4	ENSEEEP00000036906	ENSEEEG00000017528	ANGPTL4
ENSP00000327994	ENSG00000146755	TRIM50	ENSEEEP00000049964	ENSEEEG00000023488	TRIM50
ENSP00000273480	ENSG00000114125	RNF7	ENSEEEP00000052961	ENSEEEG00000026482	RNF7
ENSP00000307280	ENSG00000168530	MYL1	ENSEEEP00000038407	ENSEEEG00000018243	MYL1
ENSP00000521437	ENSG00000150712	MTMR12	ENSEEEP00000048589	ENSEEEG00000022864	MTMR12
ENSP00000379217	ENSG00000103353	UBFD1	ENSEEEP00000001099	ENSEEEG00000000733	UBFD1
ENSP00000626070	ENSG00000177728	TMEM94	ENSEEEP00000034545	ENSEEEG00000016077	TMEM94
ENSP00000222224	ENSG00000105617	LENG1	ENSEEEP00000051096	ENSEEEG00000023994	LENG1
ENSP00000529843	ENSG00000105479	ODAD1	ENSEEEP00000049797	ENSEEEG00000023407	ccdc114
ENSP00000614511	ENSG00000115750	TAF1B	ENSEEEP00000020958	ENSEEEG00000010218	TAF1B
ENSP00000219782	ENSG00000103495	MAZ	ENSEEEP00000008172	ENSEEEG00000004260	maza
ENSP00000556022	ENSG00000196814	MVB12B	ENSEEEP00000041295	ENSEEEG00000019541	mvb12ba
ENSP00000454370	ENSG00000240204	SMKR1	ENSEEEP00000001906	ENSEEEG00000001196	SMKR1
ENSP00000497271	ENSG00000115267	IFIH1	ENSEEEP00000050306	ENSEEEG00000023642	IFIH1
ENSP00000614332	ENSG00000148225	WDR31	ENSEEEP00000019507	ENSEEEG00000009565	WDR31
ENSP00000303522	ENSG00000115353	TACR1	ENSEEEP00000044245	ENSEEEG00000020903	tacr1b
ENSP00000326879	ENSG00000082213	C5orf22	ENSEEEP00000000478	ENSEEEG00000000342	C5orf22
ENSP00000410245	ENSG00000137266	SLC22A23	ENSEEEP00000044321	ENSEEEG00000020940	SLC22A23
ENSP00000396123	ENSG00000139160	ETFBKMT	ENSEEEP00000053889	ENSEEEG00000025745	etfbkmt
ENSP00000587170	ENSG00000131732	ZCCHC9	ENSEEEP00000005813	ENSEEEG00000003082	ZCCHC9
ENSP00000199448	ENSG00000086289	EPDR1	ENSEEEP00000050119	ENSEEEG00000023577	EPDR1
ENSP00000448665	ENSG00000175197	DDIT3	ENSEEEP00000055719	ENSEEEG00000021651	DDIT3
ENSP00000559488	ENSG00000106537	TSPAN13	ENSEEEP00000037637	ENSEEEG00000017907	tspan13b
ENSP00000386125	ENSG00000140691	ARMC5	ENSEEEP00000028902	ENSEEEG00000013873	ARMC5
ENSP00000386651	ENSG00000180398	MCFD2	ENSEEEP00000021393	ENSEEEG00000010425	MCFD2
ENSP00000384701	ENSG00000170419	VSTM2A	ENSEEEP00000015392	ENSEEEG00000007643	VSTM2A
ENSP00000480195	ENSG00000172179	PRL	ENSEEEP00000033906	ENSEEEG00000016146	PRL
ENSP00000429690	ENSG00000113732	ATP6V0E1	ENSEEEP00000024823	ENSEEEG00000012025	atpv0e2
ENSP00000318821	ENSG00000179562	GCC1	ENSEEEP00000019414	ENSEEEG00000009511	GCC1
ENSP00000576874	ENSG00000126522	ASL	ENSEEEP00000011244	ENSEEEG00000005564	asl
ENSP00000296632	ENSG00000164211	STARD4	ENSEEEP00000028362	ENSEEEG00000013637	STARD4
ENSP00000230122	ENSG00000112365	ZBTB24	ENSEEEP00000000116	ENSEEEG00000000080	GZF1
ENSP00000343464	ENSG00000187821	HELT	ENSEEEP00000003034	ENSEEEG00000001719	helt
ENSP00000580359	ENSG00000115363	EVA1A	ENSEEEP00000044881	ENSEEEG00000021183	EVA1A
ENSP00000628753	ENSG00000107951	MTPAP	ENSEEEP00000049208	ENSEEEG00000023122	MTPAP
ENSP00000348931	ENSG00000164434	FABP7	ENSEEEP00000026050	ENSEEEG00000012613	fabp7a
ENSP00000742167	ENSG00000221829	FANCG	ENSEEEP00000047492	ENSEEEG00000022348	FANCG
ENSP00000416534	ENSG00000145833	DDX46	ENSEEEP00000002788	ENSEEEG00000001161	DDX46
ENSP00000380024	ENSG00000111653	ING4	ENSEEEP00000015794	ENSEEEG00000007813	ING4
ENSP00000355631	ENSG00000115507	OTX1	ENSEEEP00000010055	ENSEEEG00000005101	OTX1
ENSP00000506866	ENSG00000172893	DHCR7	ENSEEEP00000037857	ENSEEEG00000017999	DHCR7
ENSP00000259748	ENSG00000137218	FRS3	ENSEEEP00000020049	ENSEEEG00000009807	FRS3
ENSP00000406197	ENSG00000170915	PAQR8	ENSEEEP00000013478	ENSEEEG00000006743	paqr7b
ENSP00000346160	ENSG00000162999	DUSP19	ENSEEEP00000012063	ENSEEEG00000006090	dusp19a
ENSP00000605202	ENSG00000047188	YTHDC2	ENSEEEP00000036038	ENSEEEG00000017008	YTHDC2
ENSP00000576841	ENSG00000129347	KRI1	ENSEEEP00000016216	ENSEEEG00000008024	KRI1
ENSP00000344942	ENSG00000175970	UNC119B	ENSEEEP00000050766	ENSEEEG00000023851	unc119.1
ENSP00000497413	ENSG00000179941	BBS10	ENSEEEP00000014224	ENSEEEG00000007068	bbs10
ENSP00000262225	ENSG00000086598	TMED2	ENSEEEP00000049571	ENSEEEG00000023308	TMED2
ENSP00000776356	ENSG00000163683	SMIM14	ENSEEEP00000013858	ENSEEEG00000006892	SMIM14
ENSP00000736151	ENSG00000168374	ARF4	ENSEEEP00000014272	ENSEEEG00000007086	ARF5
ENSP00000435576	ENSG00000148950	IMMP1L	ENSEEEP00000051590	ENSEEEG00000024223	IMMP1L
ENSP00000738794	ENSG00000055950	MRPL43	ENSEEEP00000011279	ENSEEEG00000005715	MRPL43
ENSP00000636696	ENSG00000163002	NUP35	ENSEEEP00000045540	ENSEEEG00000021491	NUP35
ENSP00000465204	ENSG00000176563	CNTD1	ENSEEEP00000008159	ENSEEEG00000004251	CNTD1
ENSP00000259938	ENSG00000137392	CLPS	ENSEEEP00000016632	ENSEEEG00000008234	CLPS
ENSP00000358207	ENSG00000148704	VAX1	ENSEEEP00000046184	ENSEEEG00000021760	VAX1
ENSP00000311032	ENSG00000164305	CASP3	ENSEEEP00000003573	ENSEEEG00000001896	casp3a
ENSP00000537050	ENSG00000155629	PIK3AP1	ENSEEEP00000008264	ENSEEEG00000004325	PIK3AP1
ENSP00000449747	ENSG00000139620	KANSL2	ENSEEEP00000041324	ENSEEEG00000019529	KANSL2
ENSP00000369145	ENSG00000137074	APTX	ENSEEEP00000008552	ENSEEEG00000004436	APTX
ENSP00000572533	ENSG00000130005	GAMT	ENSEEEP00000030231	ENSEEEG00000014494	GAMT
ENSP00000498116	ENSG00000105880	DLX5	ENSEEEP00000046748	ENSEEEG00000022016	dlx5a
ENSP00000507497	ENSG00000174776	WDR49	ENSEEEP00000032092	ENSEEEG00000015308	FBXW8
ENSP00000537732	ENSG00000127328	RAB3IP	ENSEEEP00000057575	ENSEEEG00000020398	rab3ip
ENSP00000378176	ENSG00000164023	SGMS2	ENSEEEP00000023496	ENSEEEG00000011393	sgms2a
ENSP00000253669	ENSG00000131351	HAUS8	ENSEEEP00000024840	ENSEEEG00000012034	si:ch211-153a8.4
ENSP00000546411	ENSG00000029725	RABEP1	ENSEEEP00000009566	ENSEEEG00000004821	RABEP1
ENSP00000605435	ENSG00000106355	LSM5	ENSEEEP00000042959	ENSEEEG00000020277	LSM5
ENSP00000423505	ENSG00000137473	TTC29	ENSEEEP00000005827	ENSEEEG00000003073	TTC29
ENSP00000258200	ENSG00000135722	FBXL8	ENSEEEP00000034856	ENSEEEG00000016579	Fbxl8
ENSP00000354952	ENSG00000033327	GAB2	ENSEEEP00000043632	ENSEEEG00000020625	GAB2
ENSP00000569864	ENSG00000138777	PPA2	ENSEEEP00000048093	ENSEEEG00000022651	PPA2
ENSP00000408628	ENSG00000155660	PDIA4	ENSEEEP00000035214	ENSEEEG00000016745	PDIA4
ENSP00000219315	ENSG00000103037	SETD6	ENSEEEP00000013164	ENSEEEG00000006612	SETD6
ENSP00000605905	ENSG00000062822	POLD1	ENSEEEP00000002245	ENSEEEG00000000632	POLD1
ENSP00000543387	ENSG00000156374	PCGF6	ENSEEEP00000047435	ENSEEEG00000022322	pcgf6
ENSP00000454977	ENSG00000187741	FANCA	ENSEEEP00000063084	ENSEEEG00000028122	FANCA
ENSP00000552145	ENSG00000094916	CBX5	ENSEEEP00000059106	ENSEEEG00000028519	CBX5
ENSP00000251241	ENSG00000108406	DHX40	ENSEEEP00000003460	ENSEEEG00000001927	DHX40
ENSP00000620981	ENSG00000166250	CLMP	ENSEEEP00000022954	ENSEEEG00000011141	clmpa
ENSP00000602775	ENSG00000151465	CDC123	ENSEEEP00000029577	ENSEEEG00000014161	CDC123
ENSP00000269582	ENSG00000141744	PNMT	ENSEEEP00000047857	ENSEEEG00000022527	
ENSP00000596398	ENSG00000198522	GPN1	ENSEEEP00000027777	ENSEEEG00000013375	GPN1
ENSP00000363553	ENSG00000198121	LPAR1	ENSEEEP00000056477	ENSEEEG00000027059	LPAR1
ENSP00000552215	ENSG00000103148	NPRL3	ENSEEEP00000002717	ENSEEEG00000001387	NPRL3
ENSP00000721046	ENSG00000163110	PDLIM5	ENSEEEP00000019831	ENSEEEG00000009704	pdlim5b
ENSP00000451211	ENSG00000139350	NEDD1	ENSEEEP00000045685	ENSEEEG00000021542	NEDD1
ENSP00000269394	ENSG00000141579	ZNF750	ENSEEEP00000060883	ENSEEEG00000020510	ZNF750
ENSP00000599693	ENSG00000108370	RGS9	ENSEEEP00000053858	ENSEEEG00000011513	rgs9b
ENSP00000601972	ENSG00000112312	GMNN	ENSEEEP00000063850	ENSEEEG00000026809	GMNN
ENSP00000598113	ENSG00000011523	CEP68	ENSEEEP00000005026	ENSEEEG00000002615	CEP68
ENSP00000577433	ENSG00000148218	ALAD	ENSEEEP00000053397	ENSEEEG00000020138	ALAD
ENSP00000773308	ENSG00000112539	C6orf118	ENSEEEP00000021252	ENSEEEG00000010358	
ENSP00000790087	ENSG00000148450	MSRB2	ENSEEEP00000035161	ENSEEEG00000016732	MSRB2
ENSP00000791987	ENSG00000112357	PEX7	ENSEEEP00000036864	ENSEEEG00000017466	PEX7
ENSP00000630633	ENSG00000111731	C2CD5	ENSEEEP00000032720	ENSEEEG00000015592	C2CD5
ENSP00000431355	ENSG00000176102	CSTF3	ENSEEEP00000002604	ENSEEEG00000001218	CSTF3
ENSP00000595624	ENSG00000065518	NDUFB4	ENSEEEP00000018448	ENSEEEG00000009065	NDUFB4
ENSP00000640423	ENSG00000108094	CUL2	ENSEEEP00000012200	ENSEEEG00000005706	CUL2
ENSP00000385609	ENSG00000115762	PLEKHB2	ENSEEEP00000036122	ENSEEEG00000029080	PLEKHB2
ENSP00000256497	ENSG00000134109	EDEM1	ENSEEEP00000012367	ENSEEEG00000006203	EDEM1
ENSP00000531021	ENSG00000019144	PHLDB1	ENSEEEP00000030383	ENSEEEG00000014556	klc1a
ENSP00000432799	ENSG00000145050	MANF	ENSEEEP00000020935	ENSEEEG00000010208	MANF
ENSP00000795039	ENSG00000116667	C1orf21	ENSEEEP00000056431	ENSEEEG00000027203	zgc:55943
ENSP00000570426	ENSG00000176248	ANAPC2	ENSEEEP00000020731	ENSEEEG00000010109	ANAPC2
ENSP00000557983	ENSG00000155393	HEATR3	ENSEEEP00000003151	ENSEEEG00000001774	HEATR3
ENSP00000365253	ENSG00000162494	LRRC38	ENSEEEP00000027639	ENSEEEG00000013314	LRRC38
ENSP00000352447	ENSG00000182795	C1orf116	ENSEEEP00000024978	ENSEEEG00000012113	mapta
ENSP00000463411	ENSG00000141295	SCRN2	ENSEEEP00000024716	ENSEEEG00000011964	SCRN2
ENSP00000423046	ENSG00000163885	CFAP100	ENSEEEP00000005405	ENSEEEG00000002828	CFAP100
ENSP00000357384	ENSG00000179085	DPM3	ENSEEEP00000013255	ENSEEEG00000006645	dpm3
ENSP00000398236	ENSG00000176040	TMPRSS7	ENSEEEP00000062272	ENSEEEG00000028653	
ENSP00000387077	ENSG00000150556	LYPD6B	ENSEEEP00000055339	ENSEEEG00000022725	LYPD6B
ENSP00000761748	ENSG00000161920	MED11	ENSEEEP00000053682	ENSEEEG00000028682	MED11
ENSP00000362469	ENSG00000136856	SLC2A8	ENSEEEP00000047279	ENSEEEG00000022252	SLC2A8
ENSP00000611540	ENSG00000169129	AFAP1L2	ENSEEEP00000012264	ENSEEEG00000006174	AFAP1L2
ENSP00000384048	ENSG00000157212	PAXIP1	ENSEEEP00000001523	ENSEEEG00000000981	PAXIP1
ENSP00000576745	ENSG00000160124	MIX23	ENSEEEP00000060645	ENSEEEG00000025361	ccdc58
ENSP00000603330	ENSG00000176208	ATAD5	ENSEEEP00000062849	ENSEEEG00000005820	atad5a
ENSP00000520925	ENSG00000164180	TMEM161B	ENSEEEP00000046553	ENSEEEG00000021905	TMEM161B
ENSP00000302251	ENSG00000168505	GBX2	ENSEEEP00000038851	ENSEEEG00000018425	GBX2
ENSP00000225972	ENSG00000108829	LRRC59	ENSEEEP00000042176	ENSEEEG00000019923	LRRC59
ENSP00000356130	ENSG00000133059	DSTYK	ENSEEEP00000060140	ENSEEEG00000022000	DSTYK
ENSP00000233948	ENSG00000115596	WNT6	ENSEEEP00000011991	ENSEEEG00000006046	wnt6b
ENSP00000375776	ENSG00000181027	FKRP	ENSEEEP00000019409	ENSEEEG00000009507	FKRP
ENSP00000385089	ENSG00000181458	TMEM45A	ENSEEEP00000010539	ENSEEEG00000005344	TMEM45A
ENSP00000321804	ENSG00000162073	PAQR4	ENSEEEP00000013130	ENSEEEG00000006604	paqr4a
ENSP00000606856	ENSG00000138346	DNA2	ENSEEEP00000009013	ENSEEEG00000004648	dna2
ENSP00000320359	ENSG00000128581	IFT22	ENSEEEP00000028762	ENSEEEG00000013821	IFT22
ENSP00000698425	ENSG00000167397	VKORC1	ENSEEEP00000042470	ENSEEEG00000020052	VKORC1
ENSP00000566483	ENSG00000163453	IGFBP7	ENSEEEP00000058158	ENSEEEG00000028650	IGFBP7
ENSP00000682977	ENSG00000120805	ARL1	ENSEEEP00000003486	ENSEEEG00000001931	ARL1
ENSP00000789084	ENSG00000164466	SFXN1	ENSEEEP00000060711	ENSEEEG00000014787	SFXN1
ENSP00000599998	ENSG00000156931	VPS8	ENSEEEP00000019165	ENSEEEG00000009096	VPS8
ENSP00000325377	ENSG00000136709	WDR33	ENSEEEP00000023013	ENSEEEG00000011175	WDR33
ENSP00000262764	ENSG00000087157	PGS1	ENSEEEP00000011675	ENSEEEG00000005868	PGS1
ENSP00000506026	ENSG00000171631	P2RY6	ENSEEEP00000060001	ENSEEEG00000025481	P2RY6
ENSP00000354583	ENSG00000198948	MFAP3L	ENSEEEP00000034713	ENSEEEG00000016503	MFAP3L
ENSP00000570040	ENSG00000165660	ABRAXAS2	ENSEEEP00000054005	ENSEEEG00000017110	ABRAXAS2
ENSP00000792982	ENSG00000086065	CHMP5	ENSEEEP00000002481	ENSEEEG00000001452	CHMP5
ENSP00000296795	ENSG00000164342	TLR3	ENSEEEP00000004236	ENSEEEG00000002214	TLR3
ENSP00000362207	ENSG00000122863	CHST3	ENSEEEP00000042947	ENSEEEG00000020268	chst3b
ENSP00000285947	ENSG00000155542	SETD9	ENSEEEP00000045141	ENSEEEG00000021310	SETD9
ENSP00000763463	ENSG00000110492	MDK	ENSEEEP00000020498	ENSEEEG00000010009	mdka
ENSP00000745620	ENSG00000107897	ACBD5	ENSEEEP00000007878	ENSEEEG00000004115	acbd5a
ENSP00000767072	ENSG00000164106	SCRG1	ENSEEEP00000036675	ENSEEEG00000017412	SCRG1
ENSP00000726252	ENSG00000115461	IGFBP5	ENSEEEP00000023594	ENSEEEG00000011435	igfbp5b
ENSP00000259455	ENSG00000136928	GABBR2	ENSEEEP00000054217	ENSEEEG00000018619	GABBR2
ENSP00000608666	ENSG00000113460	BRIX1	ENSEEEP00000034161	ENSEEEG00000016262	bxdc2
ENSP00000792870	ENSG00000168884	TNIP2	ENSEEEP00000054221	ENSEEEG00000027193	TNIP2
ENSP00000424628	ENSG00000134987	WDR36	ENSEEEP00000031304	ENSEEEG00000014953	WDR36
ENSP00000455566	ENSG00000125170	DOK4	ENSEEEP00000057344	ENSEEEG00000016669	DOK4
ENSP00000412215	ENSG00000164123	SPMIP2	ENSEEEP00000032491	ENSEEEG00000015491	C4orf45
ENSP00000515216	ENSG00000168412	MTNR1A	ENSEEEP00000043244	ENSEEEG00000020424	mtnr1ab
ENSP00000377396	ENSG00000164125	GASK1B	ENSEEEP00000026597	ENSEEEG00000012861	GASK1B
ENSP00000548478	ENSG00000122741	DCAF10	ENSEEEP00000031065	ENSEEEG00000014868	wdr32
ENSP00000491067	ENSG00000089818	NECAP1	ENSEEEP00000026296	ENSEEEG00000012713	NECAP1
ENSP00000593730	ENSG00000128567	PODXL	ENSEEEP00000050757	ENSEEEG00000023847	PODXL
ENSP00000280734	ENSG00000151117	TMEM86A	ENSEEEP00000063840	ENSEEEG00000027527	TMEM86A
ENSP00000359583	ENSG00000172987	HPSE2	ENSEEEP00000006334	ENSEEEG00000003368	HPSE2
ENSP00000303575	ENSG00000170502	NUDT9	ENSEEEP00000002737	ENSEEEG00000001578	NUDT9
ENSP00000339340	ENSG00000188997	KCTD21	ENSEEEP00000000505	ENSEEEG00000000374	KCTD11
ENSP00000376781	ENSG00000197859	ADAMTSL2	ENSEEEP00000047303	ENSEEEG00000022266	ADAMTSL2
ENSP00000429763	ENSG00000188916	INSYN2A	ENSEEEP00000049757	ENSEEEG00000023384	INSYN2A
ENSP00000549729	ENSG00000086189	DIMT1	ENSEEEP00000022355	ENSEEEG00000010844	dimt1l
ENSP00000358896	ENSG00000214435	AS3MT	ENSEEEP00000027860	ENSEEEG00000013414	AS3MT
ENSP00000380178	ENSG00000132388	UBE2G1	ENSEEEP00000029188	ENSEEEG00000013985	ube2g1a
ENSP00000228515	ENSG00000110925	CSRNP2	ENSEEEP00000000069	ENSEEEG00000000039	CSRNP2
ENSP00000600275	ENSG00000165055	METTL2B	ENSEEEP00000017264	ENSEEEG00000008525	mettl2a
ENSP00000544161	ENSG00000213977	TAX1BP3	ENSEEEP00000030335	ENSEEEG00000014543	TAX1BP3
ENSP00000367595	ENSG00000158109	TPRG1L	ENSEEEP00000002011	ENSEEEG00000001250	TPRG1L
ENSP00000219252	ENSG00000102978	POLR2C	ENSEEEP00000034478	ENSEEEG00000016412	POLR2C
ENSP00000550795	ENSG00000122679	RAMP3	ENSEEEP00000043447	ENSEEEG00000020537	RAMP3
ENSP00000424541	ENSG00000151612	ZNF827	ENSEEEP00000035972	ENSEEEG00000017111	RUBCNL
ENSP00000683606	ENSG00000050628	PTGER3	ENSEEEP00000060783	ENSEEEG00000005259	PTGER3
ENSP00000362170	ENSG00000171169	NAIF1	ENSEEEP00000030964	ENSEEEG00000014811	NAIF1
ENSP00000602272	ENSG00000132382	MYBBP1A	ENSEEEP00000059560	ENSEEEG00000008299	MYBBP1A
ENSP00000320650	ENSG00000059769	DNAJC25	ENSEEEP00000039953	ENSEEEG00000018945	DNAJC25
ENSP00000545391	ENSG00000146215	CRIP3	ENSEEEP00000061704	ENSEEEG00000005590	CRIP3
ENSP00000631791	ENSG00000187609	EXD3	ENSEEEP00000022161	ENSEEEG00000010758	exd3
ENSP00000646151	ENSG00000065485	PDIA5	ENSEEEP00000039776	ENSEEEG00000018531	PDIA5
ENSP00000466342	ENSG00000142252	GEMIN7	ENSEEEP00000048413	ENSEEEG00000022788	GEMIN7
ENSP00000239587	ENSG00000120440	TTLL2	ENSEEEP00000030314	ENSEEEG00000014531	PPEF1
ENSP00000514596	ENSG00000071127	WDR1	ENSEEEP00000054468	ENSEEEG00000008614	WDR1
ENSP00000342557	ENSG00000104951	IL4I1	ENSEEEP00000034628	ENSEEEG00000016471	si:dkey-40g16.6
ENSP00000416289	ENSG00000184465	WDR27	ENSEEEP00000018141	ENSEEEG00000008923	WDR27
ENSP00000422634	ENSG00000152495	CAMK4	ENSEEEP00000031345	ENSEEEG00000014999	CAMK4
ENSP00000483260	ENSG00000174748	RPL15	ENSEEEP00000062775	ENSEEEG00000025669	rpl15
ENSP00000239938	ENSG00000120738	EGR1	ENSEEEP00000056497	ENSEEEG00000025317	EGR1
ENSP00000262138	ENSG00000075461	CACNG4	ENSEEEP00000008895	ENSEEEG00000004591	cacng4b
ENSP00000591062	ENSG00000155324	GRAMD2B	ENSEEEP00000032760	ENSEEEG00000015608	GRAMD2B
ENSP00000549402	ENSG00000167861	HID1	ENSEEEP00000048487	ENSEEEG00000022805	HID1
ENSP00000263864	ENSG00000118640	VAMP8	ENSEEEP00000054729	ENSEEEG00000025466	VAMP8
ENSP00000394751	ENSG00000074706	IPCEF1	ENSEEEP00000047797	ENSEEEG00000022497	Ipcef1
ENSP00000498292	ENSG00000164056	SPRY1	ENSEEEP00000009480	ENSEEEG00000004834	SPRY1
ENSP00000483273	ENSG00000164975	SNAPC3	ENSEEEP00000045855	ENSEEEG00000021613	SNAPC3
ENSP00000296468	ENSG00000164073	MFSD8	ENSEEEP00000035415	ENSEEEG00000016857	MFSD8
ENSP00000336587	ENSG00000109089	CDR2L	ENSEEEP00000047179	ENSEEEG00000022208	CDR2L
ENSP00000388841	ENSG00000170298	LGALS9B	ENSEEEP00000024768	ENSEEEG00000011996	lgals9l3
ENSP00000263268	ENSG00000118242	MREG	ENSEEEP00000050828	ENSEEEG00000023871	zgc:91968
ENSP00000325376	ENSG00000099783	HNRNPM	ENSEEEP00000035104	ENSEEEG00000016654	HNRNPM
ENSP00000330442	ENSG00000163803	PLB1	ENSEEEP00000015102	ENSEEEG00000007526	
ENSP00000383456	ENSG00000188959	C9orf152	ENSEEEP00000005599	ENSEEEG00000002946	
ENSP00000497283	ENSG00000152661	GJA1	ENSEEEP00000014881	ENSEEEG00000007407	cx43
ENSP00000230381	ENSG00000112619	PRPH2	ENSEEEP00000011699	ENSEEEG00000005890	prph2a
ENSP00000363397	ENSG00000148154	UGCG	ENSEEEP00000022167	ENSEEEG00000010771	UGCG
ENSP00000566863	ENSG00000114439	BBX	ENSEEEP00000018820	ENSEEEG00000009246	BBX
ENSP00000654335	ENSG00000107223	EDF1	ENSEEEP00000035293	ENSEEEG00000016797	EDF1
ENSP00000583841	ENSG00000064545	TMEM161A	ENSEEEP00000047716	ENSEEEG00000022458	TMEM161A
ENSP00000285298	ENSG00000239789	MRPS17	ENSEEEP00000038280	ENSEEEG00000018196	mrps17
ENSP00000669559	ENSG00000165264	NDUFB6	ENSEEEP00000037057	ENSEEEG00000017600	NDUFB6
ENSP00000294053	ENSG00000162129	CLPB	ENSEEEP00000008741	ENSEEEG00000004229	CLPB
ENSP00000629308	ENSG00000105793	GTPBP10	ENSEEEP00000010351	ENSEEEG00000005241	GTPBP10
ENSP00000516078	ENSG00000213066	CEP43	ENSEEEP00000019886	ENSEEEG00000009727	fgfr1op
ENSP00000580996	ENSG00000151552	QDPR	ENSEEEP00000017622	ENSEEEG00000008700	zgc:171517
ENSP00000373715	ENSG00000172795	DCP2	ENSEEEP00000043019	ENSEEEG00000020309	DCP2
ENSP00000402033	ENSG00000133401	PDZD2	ENSEEEP00000048595	ENSEEEG00000022867	PDZD2
ENSP00000501457	ENSG00000157703	SVOPL	ENSEEEP00000058496	ENSEEEG00000027501	svopl
ENSP00000446819	ENSG00000118432	CNR1	ENSEEEP00000011934	ENSEEEG00000006016	CNR1
ENSP00000538923	ENSG00000186994	KANK3	ENSEEEP00000007561	ENSEEEG00000003948	KANK3
ENSP00000655027	ENSG00000171564	FGB	ENSEEEP00000025021	ENSEEEG00000012138	FGB
ENSP00000565518	ENSG00000004660	CAMKK1	ENSEEEP00000056535	ENSEEEG00000005437	camkk1a
ENSP00000613269	ENSG00000083099	LYRM2	ENSEEEP00000047354	ENSEEEG00000022293	LYRM2
ENSP00000292174	ENSG00000160683	CXCR5	ENSEEEP00000038224	ENSEEEG00000018175	CXCR5
ENSP00000382815	ENSG00000183354	BRD10	ENSEEEP00000022049	ENSEEEG00000010711	KIAA2026
ENSP00000367214	ENSG00000204928	GRXCR2	ENSEEEP00000011610	ENSEEEG00000005843	GRXCR2
ENSP00000365920	ENSG00000187210	GCNT1	ENSEEEP00000064642	ENSEEEG00000026391	GCNT1
ENSP00000339834	ENSG00000168566	SNRNP48	ENSEEEP00000049051	ENSEEEG00000023048	SNRNP48
ENSP00000523707	ENSG00000112308	C6orf62	ENSEEEP00000054528	ENSEEEG00000027296	C6orf62
ENSP00000491256	ENSG00000214654	B3GALT9	ENSEEEP00000025482	ENSEEEG00000012368	B3GALT9
ENSP00000544354	ENSG00000163902	RPN1	ENSEEEP00000010048	ENSEEEG00000028537	RPN1
ENSP00000601312	ENSG00000214736	TOMM6	ENSEEEP00000020061	ENSEEEG00000009810	TOMM6
ENSP00000378198	ENSG00000145348	TBCK	ENSEEEP00000001091	ENSEEEG00000000707	TBCK
ENSP00000618982	ENSG00000152620	NADK2	ENSEEEP00000005965	ENSEEEG00000003171	NADK2
ENSP00000502603	ENSG00000169064	ZBBX	ENSEEEP00000032087	ENSEEEG00000015307	
ENSP00000450687	ENSG00000173976	RAX2	ENSEEEP00000060764	ENSEEEG00000025345	rx3
ENSP00000691708	ENSG00000130725	UBE2M	ENSEEEP00000034984	ENSEEEG00000016636	UBE2M
ENSP00000614926	ENSG00000072364	AFF4	ENSEEEP00000044192	ENSEEEG00000020881	AFF4
ENSP00000358861	ENSG00000135338	LCA5	ENSEEEP00000000151	ENSEEEG00000000112	LCA5
ENSP00000674753	ENSG00000146576	INTS15	ENSEEEP00000025543	ENSEEEG00000012391	ints15
ENSP00000520807	ENSG00000104904	OAZ1	ENSEEEP00000025373	ENSEEEG00000012313	oaz1a
ENSP00000300976	ENSG00000167487	KLHL26	ENSEEEP00000046388	ENSEEEG00000021842	KLHL26
ENSP00000569033	ENSG00000132376	INPP5K	ENSEEEP00000042978	ENSEEEG00000020203	inpp5ka
ENSP00000582222	ENSG00000103460	TOX3	ENSEEEP00000064459	ENSEEEG00000023201	TOX3
ENSP00000337289	ENSG00000031691	CENPQ	ENSEEEP00000043170	ENSEEEG00000020387	MRPL10
ENSP00000288025	ENSG00000157315	TMED6	ENSEEEP00000046150	ENSEEEG00000021747	tmed6
ENSP00000368450	ENSG00000112149	CD83	ENSEEEP00000049046	ENSEEEG00000023046	CD83
ENSP00000265070	ENSG00000113384	GOLPH3	ENSEEEP00000059442	ENSEEEG00000027107	GOLPH3
ENSP00000514756	ENSG00000239697	TNFSF12	ENSEEEP00000000796	ENSEEEG00000000546	tnfsf12
ENSP00000521390	ENSG00000116824	CD2	ENSEEEP00000024402	ENSEEEG00000011833	
ENSP00000641553	ENSG00000173692	PSMD1	ENSEEEP00000029516	ENSEEEG00000014126	PSMD1
ENSP00000738208	ENSG00000144713	RPL32	ENSEEEP00000049564	ENSEEEG00000023305	RPL32
ENSP00000461388	ENSG00000262664	OVCA2	ENSEEEP00000036365	ENSEEEG00000017293	OVCA2
ENSP00000284142	ENSG00000154007	ASB17	ENSEEEP00000015451	ENSEEEG00000007667	ASB17
ENSP00000407010	ENSG00000146410	MTFR2	ENSEEEP00000009852	ENSEEEG00000005015	MTFR2
ENSP00000478795	ENSG00000028839	TBPL1	ENSEEEP00000014104	ENSEEEG00000007006	TBPL1
ENSP00000494576	ENSG00000181585	TMIE	ENSEEEP00000051432	ENSEEEG00000024138	TMIE
ENSP00000666376	ENSG00000137204	SLC22A7	ENSEEEP00000010954	ENSEEEG00000005555	slc22a7b.1
ENSP00000350314	ENSG00000197580	BCO2	ENSEEEP00000030939	ENSEEEG00000014676	bco2a
ENSP00000328230	ENSG00000185897	FFAR3	ENSEEEP00000043552	ENSEEEG00000020585	si:ch73-90p23.1
ENSP00000283027	ENSG00000103274	NUBP1	ENSEEEP00000045226	ENSEEEG00000021349	NUBP1
ENSP00000552697	ENSG00000106258	CYP3A5	ENSEEEP00000000023	ENSEEEG00000000016	cyp3a65
ENSP00000785031	ENSG00000095713	CRTAC1	ENSEEEP00000005824	ENSEEEG00000003086	crtac1b
ENSP00000226105	ENSG00000108961	RANGRF	ENSEEEP00000053363	ENSEEEG00000025739	RANGRF
ENSP00000495110	ENSG00000103197	TSC2	ENSEEEP00000038585	ENSEEEG00000014271	tsc2
ENSP00000356857	ENSG00000118526	TCF21	ENSEEEP00000034429	ENSEEEG00000016390	TCF21
ENSP00000718009	ENSG00000019582	CD74	ENSEEEP00000055587	ENSEEEG00000014768	cd74a
ENSP00000638445	ENSG00000135842	NIBAN1	ENSEEEP00000041731	ENSEEEG00000019737	niban1b
ENSP00000397113	ENSG00000169814	BTD	ENSEEEP00000028164	ENSEEEG00000013555	BTD
ENSP00000327599	ENSG00000182566	CLEC4G	ENSEEEP00000016110	ENSEEEG00000007971	FCER2
ENSP00000547483	ENSG00000165733	BMS1	ENSEEEP00000010955	ENSEEEG00000005542	BMS1
ENSP00000367102	ENSG00000197901	SLC22A6	ENSEEEP00000028485	ENSEEEG00000013690	oatx
ENSP00000602837	ENSG00000028277	POU2F2	ENSEEEP00000044636	ENSEEEG00000021076	pou2f2a
ENSP00000537048	ENSG00000076043	REXO2	ENSEEEP00000022952	ENSEEEG00000011138	smfn
ENSP00000380074	ENSG00000177058	SLC38A9	ENSEEEP00000044402	ENSEEEG00000020946	SLC38A9
ENSP00000619735	ENSG00000181396	OGFOD3	ENSEEEP00000031520	ENSEEEG00000015078	uts2r2
ENSP00000601430	ENSG00000130764	LRRC47	ENSEEEP00000001251	ENSEEEG00000000853	LRRC47
ENSP00000341947	ENSG00000189308	LIN54	ENSEEEP00000023070	ENSEEEG00000011191	LIN54
ENSP00000275015	ENSG00000146232	NFKBIE	ENSEEEP00000028703	ENSEEEG00000013789	NFKBIE
ENSP00000365388	ENSG00000148459	PDSS1	ENSEEEP00000007838	ENSEEEG00000004094	PDSS1
ENSP00000512098	ENSG00000157131	C8A	ENSEEEP00000002049	ENSEEEG00000001264	C8A
ENSP00000330512	ENSG00000153046	CDYL	ENSEEEP00000016003	ENSEEEG00000007922	cdyl
ENSP00000628259	ENSG00000115657	ABCB6	ENSEEEP00000006607	ENSEEEG00000002950	abcb6a
ENSP00000281437	ENSG00000043039	BARX2	ENSEEEP00000012927	ENSEEEG00000006495	BARX2
ENSP00000642280	ENSG00000177479	ARIH2	ENSEEEP00000044705	ENSEEEG00000020950	ARIH2
ENSP00000507575	ENSG00000019485	PRDM11	ENSEEEP00000022858	ENSEEEG00000011093	PRDM11
ENSP00000375653	ENSG00000142405	NLRP12	ENSEEEP00000063306	ENSEEEG00000025885	
ENSP00000610924	ENSG00000188690	UROS	ENSEEEP00000007973	ENSEEEG00000004161	UROS
ENSP00000365931	ENSG00000167182	SP2	ENSEEEP00000036037	ENSEEEG00000017137	SP2
ENSP00000606307	ENSG00000112742	TTK	ENSEEEP00000048679	ENSEEEG00000022901	TTK
ENSP00000280325	ENSG00000150750	POU2AF2	ENSEEEP00000030396	ENSEEEG00000014561	zgc:158412
ENSP00000413498	ENSG00000106078	COBL	ENSEEEP00000062098	ENSEEEG00000003414	COBL
ENSP00000436260	ENSG00000214063	TSPAN4	ENSEEEP00000002210	ENSEEEG00000001346	tspan4a
ENSP00000377969	ENSG00000125651	GTF2F1	ENSEEEP00000015715	ENSEEEG00000007782	GTF2F1
ENSP00000526363	ENSG00000138821	SLC39A8	ENSEEEP00000063558	ENSEEEG00000019633	SLC39A8
ENSP00000305595	ENSG00000170340	B3GNT2	ENSEEEP00000036170	ENSEEEG00000017205	b3gnt2a
ENSP00000646120	ENSG00000131507	NDFIP1	ENSEEEP00000020477	ENSEEEG00000010001	ndfip1l
ENSP00000559003	ENSG00000069122	ADGRF5	ENSEEEP00000062399	ENSEEEG00000028228	si:dkey-259j3.5
ENSP00000258091	ENSG00000135624	CCT7	ENSEEEP00000062823	ENSEEEG00000008955	CCT7
ENSP00000525852	ENSG00000145604	SKP2	ENSEEEP00000005980	ENSEEEG00000003175	SKP2
ENSP00000377311	ENSG00000267673	FDX2	ENSEEEP00000063646	ENSEEEG00000028980	fdx2
ENSP00000277540	ENSG00000148399	DPH7	ENSEEEP00000019042	ENSEEEG00000009349	DPH7
ENSP00000586897	ENSG00000105700	KXD1	ENSEEEP00000046638	ENSEEEG00000021960	KXD1
ENSP00000613338	ENSG00000128563	PRKRIP1	ENSEEEP00000009283	ENSEEEG00000004760	PRKRIP1
ENSP00000327168	ENSG00000131188	PRR7	ENSEEEP00000044086	ENSEEEG00000020837	PRR7
ENSP00000315212	ENSG00000063978	RNF4	ENSEEEP00000056964	ENSEEEG00000017243	RNF4
ENSP00000500993	ENSG00000011451	WIZ	ENSEEEP00000039572	ENSEEEG00000018788	si:ch211-194b1.1
ENSP00000256178	ENSG00000133800	LYVE1	ENSEEEP00000031299	ENSEEEG00000014987	lyve1a
ENSP00000350359	ENSG00000146592	CREB5	ENSEEEP00000030699	ENSEEEG00000014694	creb5b
ENSP00000263461	ENSG00000120008	WDR11	ENSEEEP00000045345	ENSEEEG00000021398	WDR11
ENSP00000269298	ENSG00000141504	SAT2	ENSEEEP00000014773	ENSEEEG00000007348	sat2b
ENSP00000624212	ENSG00000167986	DDB1	ENSEEEP00000002205	ENSEEEG00000001345	DDB1
ENSP00000411145	ENSG00000128610	FEZF1	ENSEEEP00000040749	ENSEEEG00000019314	FEZF1
ENSP00000384497	ENSG00000106018	VIPR2	ENSEEEP00000034356	ENSEEEG00000016349	VIPR2
ENSP00000520519	ENSG00000125656	CLPP	ENSEEEP00000008439	ENSEEEG00000004404	CLPP
ENSP00000619741	ENSG00000145388	METTL14	ENSEEEP00000046810	ENSEEEG00000022039	METTL14
ENSP00000605376	ENSG00000141741	MIEN1	ENSEEEP00000003425	ENSEEEG00000001911	selenow2a
ENSP00000250615	ENSG00000129673	AANAT	ENSEEEP00000062786	ENSEEEG00000024899	aanat1
ENSP00000530431	ENSG00000086062	B4GALT1	ENSEEEP00000063653	ENSEEEG00000028060	b4galt1l
ENSP00000684226	ENSG00000244045	VMA12	ENSEEEP00000052592	ENSEEEG00000024635	TMEM199
ENSP00000425347	ENSG00000198498	TMA16	ENSEEEP00000018669	ENSEEEG00000009183	TMA16
ENSP00000790109	ENSG00000108349	CASC3	ENSEEEP00000007669	ENSEEEG00000004011	CASC3
ENSP00000342581	ENSG00000136811	ODF2	ENSEEEP00000032478	ENSEEEG00000015485	odf2a
ENSP00000668116	ENSG00000159733	ZFYVE28	ENSEEEP00000012488	ENSEEEG00000006270	TAFA3
ENSP00000539160	ENSG00000169189	NSMCE1	ENSEEEP00000001157	ENSEEEG00000000777	NSMCE1
ENSP00000296980	ENSG00000164485	IL22RA2	ENSEEEP00000008177	ENSEEEG00000004258	il22ra2
ENSP00000426991	ENSG00000124818	OPN5	ENSEEEP00000026786	ENSEEEG00000012930	OPN5
ENSP00000444565	ENSG00000168591	TMUB2	ENSEEEP00000002153	ENSEEEG00000001315	TMUB2
ENSP00000544079	ENSG00000156711	MAPK13	ENSEEEP00000047588	ENSEEEG00000022296	mapk13
ENSP00000705793	ENSG00000105373	NOP53	ENSEEEP00000032317	ENSEEEG00000015409	NOP53
ENSP00000353098	ENSG00000197771	MCMBP	ENSEEEP00000035750	ENSEEEG00000017012	MCMBP
ENSP00000577168	ENSG00000153066	TXNDC11	ENSEEEP00000063851	ENSEEEG00000016568	TXNDC11
ENSP00000222990	ENSG00000106266	SNX8	ENSEEEP00000000257	ENSEEEG00000000030	snx8a
ENSP00000523339	ENSG00000167112	TRUB2	ENSEEEP00000018036	ENSEEEG00000008881	TRUB2
ENSP00000361310	ENSG00000170734	POLH	ENSEEEP00000018380	ENSEEEG00000009024	POLH
ENSP00000362392	ENSG00000160401	CFAP157	ENSEEEP00000047521	ENSEEEG00000022366	CFAP157
ENSP00000366945	ENSG00000122696	SLC25A51	ENSEEEP00000062664	ENSEEEG00000026616	slc25a51b
ENSP00000623052	ENSG00000180198	RCC1	ENSEEEP00000013524	ENSEEEG00000006762	RCC1
ENSP00000696711	ENSG00000067955	CBFB	ENSEEEP00000057876	ENSEEEG00000022950	CBFB
ENSP00000563452	ENSG00000125485	DDX31	ENSEEEP00000051299	ENSEEEG00000024070	DDX31
ENSP00000455442	ENSG00000185290	NUPR2	ENSEEEP00000062290	ENSEEEG00000025255	nupr1b
ENSP00000499386	ENSG00000146857	STRA8	ENSEEEP00000044209	ENSEEEG00000020883	ATG10
ENSP00000609248	ENSG00000076650	GPATCH1	ENSEEEP00000038257	ENSEEEG00000018121	GPATCH1
ENSP00000573833	ENSG00000197712	FAM114A1	ENSEEEP00000008241	ENSEEEG00000004307	FAM114A1
ENSP00000553455	ENSG00000169223	LMAN2	ENSEEEP00000030587	ENSEEEG00000014650	LMAN2
ENSP00000632720	ENSG00000186439	TRDN	ENSEEEP00000036924	ENSEEEG00000017535	
ENSP00000556171	ENSG00000115944	COX7A2L	ENSEEEP00000035672	ENSEEEG00000016987	COX7A2L
ENSP00000326445	ENSG00000178343	SHISA3	ENSEEEP00000056833	ENSEEEG00000026200	SHISA3
ENSP00000274711	ENSG00000146006	LRRTM2	ENSEEEP00000053138	ENSEEEG00000014815	LRRTM2
ENSP00000565985	ENSG00000148090	AUH	ENSEEEP00000041889	ENSEEEG00000019785	AUH
ENSP00000470262	ENSG00000181029	TRAPPC5	ENSEEEP00000041442	ENSEEEG00000019598	TRAPPC5
ENSP00000263620	ENSG00000116017	ARID3A	ENSEEEP00000046042	ENSEEEG00000021693	ARID3A
ENSP00000666904	ENSG00000213672	NCKIPSD	ENSEEEP00000047221	ENSEEEG00000022194	NCKIPSD
ENSP00000775230	ENSG00000142534	RPS11	ENSEEEP00000006837	ENSEEEG00000003606	RPS11
ENSP00000158771	ENSG00000072849	DERL2	ENSEEEP00000009655	ENSEEEG00000004916	DERL2
ENSP00000350874	ENSG00000197006	METTL9	ENSEEEP00000056267	ENSEEEG00000028034	METTL9
ENSP00000379629	ENSG00000111276	CDKN1B	ENSEEEP00000062461	ENSEEEG00000025958	cdkn1bb
ENSP00000576243	ENSG00000035928	RFC1	ENSEEEP00000013643	ENSEEEG00000006584	RFC1
ENSP00000600742	ENSG00000136021	SCYL2	ENSEEEP00000055631	ENSEEEG00000007217	SCYL2
ENSP00000369965	ENSG00000145741	BTF3	ENSEEEP00000031077	ENSEEEG00000014862	btf3
ENSP00000314484	ENSG00000162039	MEIOB	ENSEEEP00000018543	ENSEEEG00000009107	msrb1b
ENSP00000684045	ENSG00000157800	SLC37A3	ENSEEEP00000044103	ENSEEEG00000020839	SLC37A3
ENSP00000527405	ENSG00000134996	OSTF1	ENSEEEP00000005084	ENSEEEG00000002628	OSTF1
ENSP00000584303	ENSG00000172366	MCRIP2	ENSEEEP00000019312	ENSEEEG00000009459	si:dkey-44g23.5
ENSP00000574492	ENSG00000084092	NOA1	ENSEEEP00000033493	ENSEEEG00000015923	NOA1
ENSP00000618520	ENSG00000170242	USP47	ENSEEEP00000062134	ENSEEEG00000016329	USP47
ENSP00000368452	ENSG00000164978	NUDT2	ENSEEEP00000031398	ENSEEEG00000015024	NUDT2
ENSP00000598432	ENSG00000145216	FIP1L1	ENSEEEP00000051139	ENSEEEG00000024010	fip1l1b
ENSP00000377176	ENSG00000042317	SPATA7	ENSEEEP00000019398	ENSEEEG00000009501	SPATA7
ENSP00000593275	ENSG00000107290	SETX	ENSEEEP00000058726	ENSEEEG00000006433	SETX
ENSP00000453934	ENSG00000105419	MEIS3	ENSEEEP00000033093	ENSEEEG00000015746	MEIS3
ENSP00000450461	ENSG00000258890	CEP95	ENSEEEP00000010449	ENSEEEG00000005283	CEP95
ENSP00000285871	ENSG00000135205	CCDC146	ENSEEEP00000019992	ENSEEEG00000009773	SHTN1
ENSP00000565532	ENSG00000168118	RAB4A	ENSEEEP00000005229	ENSEEEG00000002685	RAB4A
ENSP00000505346	ENSG00000124523	SIRT5	ENSEEEP00000049559	ENSEEEG00000023292	SIRT5
ENSP00000411177	ENSG00000082515	MRPL22	ENSEEEP00000040726	ENSEEEG00000019302	MRPL22
ENSP00000395590	ENSG00000068079	IFI35	ENSEEEP00000004381	ENSEEEG00000002299	IFI35
ENSP00000626524	ENSG00000106400	ZNHIT1	ENSEEEP00000022860	ENSEEEG00000011094	ZNHIT1
ENSP00000563294	ENSG00000187790	FANCM	ENSEEEP00000037636	ENSEEEG00000017906	AGO3
ENSP00000507741	ENSG00000137094	DNAJB5	ENSEEEP00000047070	ENSEEEG00000022155	DNAJB5
ENSP00000554626	ENSG00000074755	ZZEF1	ENSEEEP00000029468	ENSEEEG00000014110	ZZEF1
ENSP00000378365	ENSG00000006606	CCL26	ENSEEEP00000064125	ENSEEEG00000027036	CCL20
ENSP00000288607	ENSG00000157778	PSMG3	ENSEEEP00000000385	ENSEEEG00000000281	PSMG3
ENSP00000349961	ENSG00000113810	SMC4	ENSEEEP00000025974	ENSEEEG00000012495	SMC4
ENSP00000620138	ENSG00000096088	PGC	ENSEEEP00000014459	ENSEEEG00000007202	PGC
ENSP00000476650	ENSG00000175854	SWI5	ENSEEEP00000022081	ENSEEEG00000010727	SWI5
ENSP00000487231	ENSG00000064419	TNPO3	ENSEEEP00000019156	ENSEEEG00000009397	TNPO3
ENSP00000351536	ENSG00000165661	QSOX2	ENSEEEP00000057990	ENSEEEG00000024127	QSOX2
ENSP00000312773	ENSG00000168256	NKIRAS2	ENSEEEP00000058977	ENSEEEG00000025600	nkiras2
ENSP00000472919	ENSG00000268964	ERVV-2	ENSEEEP00000055005	ENSEEEG00000025633	gpr37b
ENSP00000513305	ENSG00000141564	RPTOR	ENSEEEP00000011821	ENSEEEG00000004779	RPTOR
ENSP00000456920	ENSG00000103175	WFDC1	ENSEEEP00000031072	ENSEEEG00000014843	WFDC1
ENSP00000336762	ENSG00000214274	ANG	ENSEEEP00000063463	ENSEEEG00000024819	
ENSP00000762590	ENSG00000221983	UBA52	ENSEEEP00000048836	ENSEEEG00000022967	uba52
ENSP00000436049	ENSG00000149100	EIF3M	ENSEEEP00000000996	ENSEEEG00000000668	EIF3M
ENSP00000300651	ENSG00000125686	MED1	ENSEEEP00000062715	ENSEEEG00000022536	MED1
ENSP00000792651	ENSG00000162065	TBC1D24	ENSEEEP00000009177	ENSEEEG00000004719	tbc1d24
ENSP00000642190	ENSG00000114670	NEK11	ENSEEEP00000020416	ENSEEEG00000009964	FAM107A
ENSP00000588539	ENSG00000162664	ZNF326	ENSEEEP00000025867	ENSEEEG00000012535	PHF13
ENSP00000356433	ENSG00000111962	UST	ENSEEEP00000057798	ENSEEEG00000011584	usta
ENSP00000321106	ENSG00000006128	TAC1	ENSEEEP00000024429	ENSEEEG00000011851	TAC1
ENSP00000420357	ENSG00000111832	RWDD1	ENSEEEP00000020259	ENSEEEG00000009890	RWDD1
ENSP00000364683	ENSG00000095739	BAMBI	ENSEEEP00000049212	ENSEEEG00000023125	bambia
ENSP00000224337	ENSG00000095585	BLNK	ENSEEEP00000012639	ENSEEEG00000006344	BLNK
ENSP00000384488	ENSG00000011105	TSPAN9	ENSEEEP00000058536	ENSEEEG00000026508	tspan9a
ENSP00000386787	ENSG00000121210	TMEM131L	ENSEEEP00000015476	ENSEEEG00000007674	NPHS1
ENSP00000547429	ENSG00000078401	EDN1	ENSEEEP00000002117	ENSEEEG00000001300	EDN1
ENSP00000347213	ENSG00000054179	ENTPD2	ENSEEEP00000006754	ENSEEEG00000003554	entpd2b
ENSP00000576073	ENSG00000171148	TADA3	ENSEEEP00000007828	ENSEEEG00000004092	tada3l
ENSP00000626751	ENSG00000065308	TRAM2	ENSEEEP00000044907	ENSEEEG00000021195	TRAM2
ENSP00000377665	ENSG00000165219	GAPVD1	ENSEEEP00000059947	ENSEEEG00000014113	GAPVD1
ENSP00000228741	ENSG00000111145	ELK3	ENSEEEP00000019998	ENSEEEG00000009776	ELK3
ENSP00000455026	ENSG00000007376	RPUSD1	ENSEEEP00000012604	ENSEEEG00000006324	RPUSD1
ENSP00000286918	ENSG00000156381	ANKRD9	ENSEEEP00000004717	ENSEEEG00000002469	ANKRD9
ENSP00000511693	ENSG00000149262	INTS4	ENSEEEP00000050018	ENSEEEG00000023515	INTS4
ENSP00000297071	ENSG00000164548	TRA2A	ENSEEEP00000016919	ENSEEEG00000008388	TRA2A
ENSP00000481920	ENSG00000133997	MED6	ENSEEEP00000060704	ENSEEEG00000000536	MED6
ENSP00000296129	ENSG00000163814	CDCP1	ENSEEEP00000048990	ENSEEEG00000023023	cdcp1a
ENSP00000423623	ENSG00000154277	UCHL1	ENSEEEP00000016068	ENSEEEG00000007960	UCHL1
ENSP00000326240	ENSG00000085274	MYNN	ENSEEEP00000056563	ENSEEEG00000029061	MYNN
ENSP00000689795	ENSG00000113068	PFDN1	ENSEEEP00000045066	ENSEEEG00000021271	PFDN1
ENSP00000414558	ENSG00000100439	ABHD4	ENSEEEP00000043663	ENSEEEG00000020641	abhd4
ENSP00000522839	ENSG00000139180	NDUFA9	ENSEEEP00000015262	ENSEEEG00000007590	ndufa9a
ENSP00000350865	ENSG00000173253	DMRT2	ENSEEEP00000005780	ENSEEEG00000003032	dmrt2a
ENSP00000532211	ENSG00000168404	MLKL	ENSEEEP00000046152	ENSEEEG00000021751	MLKL
ENSP00000452750	ENSG00000238227	TMEM250	ENSEEEP00000032790	ENSEEEG00000015622	TMEM250
ENSP00000287814	ENSG00000157150	TIMP4	ENSEEEP00000030628	ENSEEEG00000014670	TIMP4
ENSP00000387334	ENSG00000160703	NLRX1	ENSEEEP00000019537	ENSEEEG00000009573	NLRX1
ENSP00000613227	ENSG00000138772	ANXA3	ENSEEEP00000064460	ENSEEEG00000011695	anxa3b
ENSP00000364405	ENSG00000165244	ZNF367	ENSEEEP00000020175	ENSEEEG00000009851	ZNF367
ENSP00000455041	ENSG00000170537	TMC7	ENSEEEP00000002892	ENSEEEG00000001653	TMC7
ENSP00000361125	ENSG00000112715	VEGFA	ENSEEEP00000051329	ENSEEEG00000024087	vegfab
ENSP00000777929	ENSG00000119509	INVS	ENSEEEP00000057542	ENSEEEG00000028196	INVS
ENSP00000592515	ENSG00000164587	RPS14	ENSEEEP00000040525	ENSEEEG00000019195	RPS14
ENSP00000447253	ENSG00000182050	MGAT4C	ENSEEEP00000011802	ENSEEEG00000005941	mgat4c
ENSP00000710976	ENSG00000036530	CYP46A1	ENSEEEP00000015538	ENSEEEG00000024904	cyp46a1.4
ENSP00000613340	ENSG00000104872	PIH1D1	ENSEEEP00000033934	ENSEEEG00000016156	BMT2
ENSP00000347896	ENSG00000166987	MBD6	ENSEEEP00000045953	ENSEEEG00000021652	MBD6
ENSP00000263073	ENSG00000070366	SMG6	ENSEEEP00000036372	ENSEEEG00000017297	SMG6
ENSP00000582530	ENSG00000198931	APRT	ENSEEEP00000053979	ENSEEEG00000027823	APRT
ENSP00000566207	ENSG00000176973	FAM89B	ENSEEEP00000058547	ENSEEEG00000026689	FAM89B
ENSP00000308369	ENSG00000174106	LEMD3	ENSEEEP00000037470	ENSEEEG00000017804	LEMD3
ENSP00000350249	ENSG00000128513	POT1	ENSEEEP00000018754	ENSEEEG00000009215	POT1
ENSP00000245457	ENSG00000125384	PTGER2	ENSEEEP00000026462	ENSEEEG00000012800	ptger2a
ENSP00000590522	ENSG00000164104	HMGB2	ENSEEEP00000053756	ENSEEEG00000024994	hmgb2a
ENSP00000376708	ENSG00000165816	VWA2	ENSEEEP00000012267	ENSEEEG00000006177	VWA2
ENSP00000551848	ENSG00000250799	PRODH2	ENSEEEP00000039879	ENSEEEG00000018910	zgc:92040
ENSP00000646109	ENSG00000022976	ZNF839	ENSEEEP00000035920	ENSEEEG00000017084	ZNF839
ENSP00000397818	ENSG00000125454	SLC25A19	ENSEEEP00000040441	ENSEEEG00000019156	SLC25A19
ENSP00000790300	ENSG00000007541	PIGQ	ENSEEEP00000045450	ENSEEEG00000021407	PIGQ
ENSP00000724897	ENSG00000196177	ACADSB	ENSEEEP00000043097	ENSEEEG00000020313	ACADSB
ENSP00000368017	ENSG00000133858	ZFC3H1	ENSEEEP00000043337	ENSEEEG00000020468	
ENSP00000559698	ENSG00000272047	GTF2H5	ENSEEEP00000028668	ENSEEEG00000013773	GTF2H5
ENSP00000608268	ENSG00000132570	PCBD2	ENSEEEP00000060415	ENSEEEG00000028112	PCBD2
ENSP00000318650	ENSG00000180875	GREM2	ENSEEEP00000021820	ENSEEEG00000010609	grem2b
ENSP00000555163	ENSG00000197498	RPF2	ENSEEEP00000003166	ENSEEEG00000001787	RPF2
ENSP00000516322	ENSG00000145365	TIFA	ENSEEEP00000061599	ENSEEEG00000025514	si:ch211-15b10.6
ENSP00000797983	ENSG00000119705	SLIRP	ENSEEEP00000047137	ENSEEEG00000022186	SLIRP
ENSP00000070846	ENSG00000057294	PKP2	ENSEEEP00000046962	ENSEEEG00000022106	PKP2
ENSP00000370839	ENSG00000163069	SGCB	ENSEEEP00000040010	ENSEEEG00000018973	SGCB
ENSP00000789383	ENSG00000172425	TTC36	ENSEEEP00000000118	ENSEEEG00000000082	TTC36
ENSP00000287641	ENSG00000157005	SST	ENSEEEP00000031197	ENSEEEG00000014946	sst1.1
ENSP00000521154	ENSG00000161031	PGLYRP2	ENSEEEP00000039673	ENSEEEG00000018792	pglyrp6
ENSP00000264993	ENSG00000091527	CDV3	ENSEEEP00000064590	ENSEEEG00000028742	CDV3
ENSP00000260283	ENSG00000137727	ARHGAP20	ENSEEEP00000063497	ENSEEEG00000029109	
ENSP00000610937	ENSG00000250317	SMIM20	ENSEEEP00000041539	ENSEEEG00000019643	SMIM20
ENSP00000723859	ENSG00000162896	PIGR	ENSEEEP00000024390	ENSEEEG00000011823	si:ch211-264f5.2
ENSP00000529296	ENSG00000140043	PTGR2	ENSEEEP00000010789	ENSEEEG00000005463	ptgr2
ENSP00000417158	ENSG00000153446	C16orf89	ENSEEEP00000042531	ENSEEEG00000020081	C16orf89
ENSP00000342434	ENSG00000009954	BAZ1B	ENSEEEP00000061310	ENSEEEG00000025683	BAZ1B
ENSP00000529576	ENSG00000111707	SUDS3	ENSEEEP00000023750	ENSEEEG00000011505	SUDS3
ENSP00000294117	ENSG00000162188	GNG3	ENSEEEP00000006931	ENSEEEG00000003654	GNG3
ENSP00000651581	ENSG00000120742	SERP1	ENSEEEP00000050179	ENSEEEG00000023601	SERP1
ENSP00000548194	ENSG00000160799	CCDC12	ENSEEEP00000027804	ENSEEEG00000013389	CCDC12
ENSP00000457287	ENSG00000196118	CFAP119	ENSEEEP00000011763	ENSEEEG00000005919	si:ch73-81k8.2
ENSP00000593449	ENSG00000139370	SLC15A4	ENSEEEP00000015427	ENSEEEG00000007657	SLC15A4
ENSP00000385957	ENSG00000187715	KBTBD12	ENSEEEP00000019767	ENSEEEG00000009673	KBTBD12
ENSP00000587084	ENSG00000138035	PNPT1	ENSEEEP00000025438	ENSEEEG00000012329	PNPT1
ENSP00000446100	ENSG00000153815	CMIP	ENSEEEP00000021585	ENSEEEG00000010510	CMIP
ENSP00000606243	ENSG00000069849	ATP1B3	ENSEEEP00000033233	ENSEEEG00000015741	atp1b3b
ENSP00000317027	ENSG00000176928	GCNT4	ENSEEEP00000028596	ENSEEEG00000013737	gcnt4a
ENSP00000601361	ENSG00000100442	FKBP3	ENSEEEP00000025044	ENSEEEG00000012153	FKBP3
ENSP00000348089	ENSG00000225830	ERCC6	ENSEEEP00000002957	ENSEEEG00000001686	ERCC6
ENSP00000331640	ENSG00000184857	TMEM186	ENSEEEP00000019328	ENSEEEG00000009467	TMEM186
ENSP00000792941	ENSG00000111652	COPS7A	ENSEEEP00000025424	ENSEEEG00000012336	COPS7A
ENSP00000456908	ENSG00000174177	CTU2	ENSEEEP00000041613	ENSEEEG00000019678	CTU2
ENSP00000498075	ENSG00000140022	STON2	ENSEEEP00000011283	ENSEEEG00000005718	ston2
ENSP00000508241	ENSG00000163946	TASOR	ENSEEEP00000011887	ENSEEEG00000005986	tasorb
ENSP00000503738	ENSG00000141279	NPEPPS	ENSEEEP00000008463	ENSEEEG00000003661	NPEPPS
ENSP00000689496	ENSG00000106086	PLEKHA8	ENSEEEP00000030664	ENSEEEG00000014685	plekha8
ENSP00000782797	ENSG00000164124	TMEM144	ENSEEEP00000031935	ENSEEEG00000015130	tmem144a
ENSP00000331879	ENSG00000185238	PRMT3	ENSEEEP00000051550	ENSEEEG00000024202	PRMT3
ENSP00000264246	ENSG00000121594	CD80	ENSEEEP00000046433	ENSEEEG00000021863	
ENSP00000385905	ENSG00000213918	DNASE1	ENSEEEP00000043543	ENSEEEG00000020580	dnase1
ENSP00000373244	ENSG00000114646	CSPG5	ENSEEEP00000023902	ENSEEEG00000011600	cspg5a
ENSP00000265056	ENSG00000073111	MCM2	ENSEEEP00000063975	ENSEEEG00000023589	MCM2
ENSP00000259874	ENSG00000137331	IER3	ENSEEEP00000019496	ENSEEEG00000009561	zgc:158343
ENSP00000503676	ENSG00000174080	CTSF	ENSEEEP00000029515	ENSEEEG00000014133	CTSF
ENSP00000231512	ENSG00000113583	C5orf15	ENSEEEP00000047086	ENSEEEG00000022165	C5orf15
ENSP00000320413	ENSG00000112210	RAB23	ENSEEEP00000018284	ENSEEEG00000008983	RAB23
ENSP00000373477	ENSG00000211445	GPX3	ENSEEEP00000013424	ENSEEEG00000006718	GPX3
ENSP00000797258	ENSG00000164818	DNAAF5	ENSEEEP00000044461	ENSEEEG00000021009	DNAAF5
ENSP00000346964	ENSG00000164318	EGFLAM	ENSEEEP00000033848	ENSEEEG00000016101	EGFLAM
ENSP00000306894	ENSG00000244405	ETV5	ENSEEEP00000010424	ENSEEEG00000005207	etv5a
ENSP00000590333	ENSG00000168887	C2orf68	ENSEEEP00000008864	ENSEEEG00000004574	C2orf68
ENSP00000396936	ENSG00000224383	PRR29	ENSEEEP00000018659	ENSEEEG00000009174	
ENSP00000527629	ENSG00000127884	ECHS1	ENSEEEP00000004974	ENSEEEG00000002588	ECHS1
ENSP00000626872	ENSG00000159210	SNF8	ENSEEEP00000023836	ENSEEEG00000011564	SNF8
ENSP00000773758	ENSG00000034713	GABARAPL2	ENSEEEP00000012456	ENSEEEG00000006251	GABARAPL2
ENSP00000545168	ENSG00000119004	CYP20A1	ENSEEEP00000018603	ENSEEEG00000009120	CYP20A1
ENSP00000499972	ENSG00000173214	SLC60A2	ENSEEEP00000003147	ENSEEEG00000001783	MFSD4B
ENSP00000540701	ENSG00000134057	CCNB1	ENSEEEP00000020772	ENSEEEG00000010134	CCNB1
ENSP00000280979	ENSG00000151320	AKAP6	ENSEEEP00000053490	ENSEEEG00000020970	AKAP6
ENSP00000275053	ENSG00000146263	MMS22L	ENSEEEP00000020239	ENSEEEG00000009874	MMS22L
ENSP00000221403	ENSG00000104808	DHDH	ENSEEEP00000034065	ENSEEEG00000016225	DHDH
ENSP00000434515	ENSG00000134802	SLC43A3	ENSEEEP00000036319	ENSEEEG00000017260	slc43a3b
ENSP00000253079	ENSG00000130783	CCDC62	ENSEEEP00000045902	ENSEEEG00000021637	BICDL1
ENSP00000264639	ENSG00000108344	PSMD3	ENSEEEP00000035759	ENSEEEG00000016673	PSMD3
ENSP00000566535	ENSG00000116095	PLEKHA3	ENSEEEP00000009994	ENSEEEG00000005081	PLEKHA3
ENSP00000601358	ENSG00000213339	QTRT1	ENSEEEP00000014727	ENSEEEG00000007318	QTRT1
ENSP00000568593	ENSG00000065427	KARS1	ENSEEEP00000030784	ENSEEEG00000014203	KARS1
ENSP00000404676	ENSG00000164219	PGGT1B	ENSEEEP00000015708	ENSEEEG00000007780	PGGT1B
ENSP00000351742	ENSG00000112561	TFEB	ENSEEEP00000055047	ENSEEEG00000018574	TFEB
ENSP00000767804	ENSG00000197728	RPS26	ENSEEEP00000056043	ENSEEEG00000002358	RPS26
ENSP00000428177	ENSG00000037241	RPL26L1	ENSEEEP00000017214	ENSEEEG00000008516	RPL26
ENSP00000226413	ENSG00000109163	GNRHR	ENSEEEP00000046776	ENSEEEG00000022028	gnrhr1
ENSP00000598570	ENSG00000173926	MARCHF3	ENSEEEP00000033006	ENSEEEG00000015714	MARCHF3
ENSP00000770227	ENSG00000084072	PPIE	ENSEEEP00000050589	ENSEEEG00000023789	PPIE
ENSP00000318234	ENSG00000160963	COL26A1	ENSEEEP00000051866	ENSEEEG00000024343	PIK3IP1
ENSP00000505357	ENSG00000138688	BLTP1	ENSEEEP00000045887	ENSEEEG00000021629	si:ch211-233a24.2
ENSP00000797206	ENSG00000077009	NMRK2	ENSEEEP00000000282	ENSEEEG00000000205	NMRK2
ENSP00000400224	ENSG00000166220	TBATA	ENSEEEP00000016444	ENSEEEG00000008144	KATNBL1
ENSP00000497550	ENSG00000164530	PI16	ENSEEEP00000024980	ENSEEEG00000012114	
ENSP00000419545	ENSG00000133574	GIMAP4	ENSEEEP00000060432	ENSEEEG00000027843	
ENSP00000539998	ENSG00000106144	CASP2	ENSEEEP00000041606	ENSEEEG00000019681	CASP2
ENSP00000792543	ENSG00000112200	ZNF451	ENSEEEP00000059140	ENSEEEG00000008981	ZNF451
ENSP00000201586	ENSG00000088002	SULT2B1	ENSEEEP00000011391	ENSEEEG00000005760	sult2st3
ENSP00000557914	ENSG00000149503	INCENP	ENSEEEP00000060435	ENSEEEG00000026141	
ENSP00000256362	ENSG00000133980	VRTN	ENSEEEP00000025381	ENSEEEG00000012318	VRTN
ENSP00000610069	ENSG00000169567	HINT1	ENSEEEP00000036790	ENSEEEG00000017465	HINT1
ENSP00000352639	ENSG00000142615	CELA2A	ENSEEEP00000027487	ENSEEEG00000013255	ela2l
ENSP00000377384	ENSG00000131470	PSMC3IP	ENSEEEP00000010477	ENSEEEG00000005290	PSMC3IP
ENSP00000346173	ENSG00000105379	ETFB	ENSEEEP00000063712	ENSEEEG00000024927	ETFB
ENSP00000477760	ENSG00000166295	ANAPC16	ENSEEEP00000033669	ENSEEEG00000016023	ANAPC16
ENSP00000514068	ENSG00000106628	POLD2	ENSEEEP00000040348	ENSEEEG00000019116	POLD2
ENSP00000622435	ENSG00000152784	PRDM8	ENSEEEP00000001126	ENSEEEG00000000753	prdm8b
ENSP00000264668	ENSG00000124275	MTRR	ENSEEEP00000002465	ENSEEEG00000001441	MTRR
ENSP00000333591	ENSG00000182747	SLC35D3	ENSEEEP00000036775	ENSEEEG00000017457	SLC35D3
ENSP00000410186	ENSG00000155085	AK9	ENSEEEP00000027149	ENSEEEG00000013102	
ENSP00000559145	ENSG00000118777	ABCG2	ENSEEEP00000002111	ENSEEEG00000001286	abcg2a
ENSP00000513085	ENSG00000152457	DCLRE1C	ENSEEEP00000008266	ENSEEEG00000004327	DCLRE1C
ENSP00000550368	ENSG00000133246	PRAM1	ENSEEEP00000046370	ENSEEEG00000021827	
ENSP00000376417	ENSG00000118690	ARMC2	ENSEEEP00000058387	ENSEEEG00000011609	ARMC2
ENSP00000450899	ENSG00000100612	DHRS7	ENSEEEP00000009440	ENSEEEG00000004824	dhrs7
ENSP00000483888	ENSG00000183648	NDUFB1	ENSEEEP00000018860	ENSEEEG00000009259	NDUFB1
ENSP00000309163	ENSG00000173653	RCE1	ENSEEEP00000042442	ENSEEEG00000020036	rce1a
ENSP00000296525	ENSG00000164122	ASB5	ENSEEEP00000036513	ENSEEEG00000017358	asb5b
ENSP00000372445	ENSG00000165792	METTL17	ENSEEEP00000027166	ENSEEEG00000013108	METTL17
ENSP00000307911	ENSG00000175040	CHST2	ENSEEEP00000007923	ENSEEEG00000004136	chst2b
ENSP00000401053	ENSG00000182247	UBE2E2	ENSEEEP00000004869	ENSEEEG00000002544	UBE2E2
ENSP00000601643	ENSG00000149922	TBX6	ENSEEEP00000039882	ENSEEEG00000018911	TBX6
ENSP00000570079	ENSG00000154144	TBRG1	ENSEEEP00000048593	ENSEEEG00000022862	TBRG1
ENSP00000554465	ENSG00000105778	AVL9	ENSEEEP00000026677	ENSEEEG00000012810	AVL9
ENSP00000348161	ENSG00000173890	GPR160	ENSEEEP00000041070	ENSEEEG00000019442	si:dkeyp-100a1.6
ENSP00000659850	ENSG00000206503	HLA-A	ENSEEEP00000000109	ENSEEEG00000000070	
ENSP00000252729	ENSG00000130433	CACNG6	ENSEEEP00000061302	ENSEEEG00000025416	cacng6b
ENSP00000480827	ENSG00000196542	SPTSSB	ENSEEEP00000025594	ENSEEEG00000012414	SPTSSB
ENSP00000593690	ENSG00000173226	IQCB1	ENSEEEP00000022575	ENSEEEG00000010965	IQCB1
ENSP00000328551	ENSG00000157869	RAB28	ENSEEEP00000060674	ENSEEEG00000025772	RAB28
ENSP00000451852	ENSG00000100528	CNIH1	ENSEEEP00000014000	ENSEEEG00000006963	CNIH1
ENSP00000531123	ENSG00000144401	METTL21A	ENSEEEP00000025795	ENSEEEG00000012504	METTL21A
ENSP00000378890	ENSG00000131979	GCH1	ENSEEEP00000026111	ENSEEEG00000012647	GCH1
ENSP00000389870	ENSG00000064195	DLX3	ENSEEEP00000038797	ENSEEEG00000018403	dlx3b
ENSP00000630591	ENSG00000174827	PDZK1	ENSEEEP00000002282	ENSEEEG00000001371	PDZK1
ENSP00000591690	ENSG00000100650	SRSF5	ENSEEEP00000055010	ENSEEEG00000013524	srsf5b
ENSP00000626105	ENSG00000187098	MITF	ENSEEEP00000001828	ENSEEEG00000001154	mitfb
ENSP00000555054	ENSG00000213593	TMX2	ENSEEEP00000007348	ENSEEEG00000003860	tmx2b
ENSP00000644392	ENSG00000107562	CXCL12	ENSEEEP00000002955	ENSEEEG00000001685	cxcl12a
ENSP00000556345	ENSG00000135972	MRPS9	ENSEEEP00000039185	ENSEEEG00000018498	MRPS9
ENSP00000314608	ENSG00000178502	KLHL11	ENSEEEP00000035858	ENSEEEG00000017059	KLHL11
ENSP00000354201	ENSG00000159202	UBE2Z	ENSEEEP00000007645	ENSEEEG00000003995	UBE2Z
ENSP00000521731	ENSG00000146909	NOM1	ENSEEEP00000026933	ENSEEEG00000013002	NOM1
ENSP00000515295	ENSG00000133884	DPF2	ENSEEEP00000029592	ENSEEEG00000014163	dpf2l
ENSP00000413575	ENSG00000005469	CROT	ENSEEEP00000006559	ENSEEEG00000003461	CROT
ENSP00000403310	ENSG00000184209	SNRNP35	ENSEEEP00000045938	ENSEEEG00000021648	SNRNP35
ENSP00000578908	ENSG00000162959	MEMO1	ENSEEEP00000053787	ENSEEEG00000027489	MEMO1
ENSP00000565725	ENSG00000120647	CCDC77	ENSEEEP00000040269	ENSEEEG00000019089	CCDC77
ENSP00000533403	ENSG00000105137	SYDE1	ENSEEEP00000033821	ENSEEEG00000016099	SYDE1
ENSP00000622528	ENSG00000133195	SLC39A11	ENSEEEP00000005309	ENSEEEG00000002771	SLC39A11
ENSP00000794092	ENSG00000015171	ZMYND11	ENSEEEP00000034528	ENSEEEG00000016363	ZMYND11
ENSP00000543703	ENSG00000176485	PLAAT3	ENSEEEP00000045867	ENSEEEG00000021610	
ENSP00000251268	ENSG00000105429	MEGF8	ENSEEEP00000042884	ENSEEEG00000020231	megf8
ENSP00000451180	ENSG00000119655	NPC2	ENSEEEP00000053677	ENSEEEG00000027945	NPC2
ENSP00000623833	ENSG00000169727	GPS1	ENSEEEP00000034214	ENSEEEG00000016227	GPS1
ENSP00000467490	ENSG00000099860	GADD45B	ENSEEEP00000051381	ENSEEEG00000024113	gadd45ba
ENSP00000342032	ENSG00000172331	BPGM	ENSEEEP00000046458	ENSEEEG00000021875	BPGM
ENSP00000577895	ENSG00000109814	UGDH	ENSEEEP00000013856	ENSEEEG00000006889	UGDH
ENSP00000261386	ENSG00000006007	GDE1	ENSEEEP00000019321	ENSEEEG00000009463	GDE1
ENSP00000636771	ENSG00000136536	MARCHF7	ENSEEEP00000059988	ENSEEEG00000021995	MARCHF7
ENSP00000550468	ENSG00000151491	EPS8	ENSEEEP00000027257	ENSEEEG00000013152	eps8a
ENSP00000539976	ENSG00000006453	BAIAP2L1	ENSEEEP00000008971	ENSEEEG00000004610	baiap2l1b
ENSP00000257836	ENSG00000135378	PRRG4	ENSEEEP00000000952	ENSEEEG00000000645	PRRG4
ENSP00000274507	ENSG00000145826	LECT2	ENSEEEP00000012812	ENSEEEG00000006436	lect2.1
ENSP00000436578	ENSG00000150433	TMEM218	ENSEEEP00000018252	ENSEEEG00000008968	TMEM218
ENSP00000525529	ENSG00000133606	MKRN1	ENSEEEP00000062148	ENSEEEG00000017755	MKRN1
ENSP00000308948	ENSG00000049883	PTCD2	ENSEEEP00000029615	ENSEEEG00000014188	PTCD2
ENSP00000413064	ENSG00000185818	NAT8L	ENSEEEP00000012125	ENSEEEG00000006116	NAT8L
ENSP00000717513	ENSG00000163297	ANTXR2	ENSEEEP00000001155	ENSEEEG00000000764	antxr2a
ENSP00000603936	ENSG00000105974	CAV1	ENSEEEP00000064632	ENSEEEG00000027897	CAV1
ENSP00000275428	ENSG00000006625	GGCT	ENSEEEP00000043465	ENSEEEG00000020546	ggctb
ENSP00000379201	ENSG00000100483	VCPKMT	ENSEEEP00000044808	ENSEEEG00000021150	VCPKMT
ENSP00000790691	ENSG00000153551	CMTM7	ENSEEEP00000061179	ENSEEEG00000026646	CMTM7
ENSP00000426119	ENSG00000182809	CRIP2	ENSEEEP00000010863	ENSEEEG00000005488	CRIP2
ENSP00000636382	ENSG00000106245	BUD31	ENSEEEP00000056144	ENSEEEG00000026967	BUD31
ENSP00000731790	ENSG00000174775	HRAS	ENSEEEP00000049180	ENSEEEG00000023109	HRAS
ENSP00000386557	ENSG00000310576	FAM174C	ENSEEEP00000051592	ENSEEEG00000024226	si:ch211-262i1.6
ENSP00000346508	ENSG00000197461	PDGFA	ENSEEEP00000044475	ENSEEEG00000021013	PDGFA
ENSP00000797632	ENSG00000173452	TMEM196	ENSEEEP00000010901	ENSEEEG00000005518	tmem196b
ENSP00000796690	ENSG00000091140	DLD	ENSEEEP00000018723	ENSEEEG00000009082	dldh
ENSP00000634976	ENSG00000119699	TGFB3	ENSEEEP00000043965	ENSEEEG00000020765	TGFB3
ENSP00000628257	ENSG00000172782	FADS6	ENSEEEP00000020724	ENSEEEG00000010114	FADS6
ENSP00000280258	ENSG00000150687	PRSS23	ENSEEEP00000024588	ENSEEEG00000011921	PRSS23
ENSP00000357844	ENSG00000112394	SLC16A10	ENSEEEP00000055021	ENSEEEG00000001785	SLC16A10
ENSP00000553360	ENSG00000140105	WARS1	ENSEEEP00000037627	ENSEEEG00000017897	WARS1
ENSP00000342699	ENSG00000163001	CFAP36	ENSEEEP00000025399	ENSEEEG00000012326	CFAP36
ENSP00000356940	ENSG00000079931	MOXD1	ENSEEEP00000008827	ENSEEEG00000004561	MOXD1
ENSP00000441434	ENSG00000166741	NNMT	ENSEEEP00000060724	ENSEEEG00000025402	zgc:64002
ENSP00000313490	ENSG00000178921	PFAS	ENSEEEP00000027796	ENSEEEG00000012917	PFAS
ENSP00000280614	ENSG00000151014	NOCT	ENSEEEP00000003954	ENSEEEG00000002119	nocta
ENSP00000622042	ENSG00000157510	AFAP1L1	ENSEEEP00000014929	ENSEEEG00000007435	afap1l1b
ENSP00000322524	ENSG00000179958	DCTPP1	ENSEEEP00000015502	ENSEEEG00000007696	DCTPP1
ENSP00000795783	ENSG00000118579	MED28	ENSEEEP00000020594	ENSEEEG00000010047	MED28
ENSP00000522549	ENSG00000124795	DEK	ENSEEEP00000049026	ENSEEEG00000023033	DEK
ENSP00000595863	ENSG00000089280	FUS	ENSEEEP00000028787	ENSEEEG00000013831	FUS
ENSP00000571005	ENSG00000075975	MKRN2	ENSEEEP00000055532	ENSEEEG00000014624	MKRN2
ENSP00000570350	ENSG00000153814	JAZF1	ENSEEEP00000030703	ENSEEEG00000014697	jazf1b
ENSP00000544126	ENSG00000144848	ATG3	ENSEEEP00000012469	ENSEEEG00000006247	ATG3
ENSP00000560232	ENSG00000134285	FKBP11	ENSEEEP00000004539	ENSEEEG00000002369	FKBP11
ENSP00000289359	ENSG00000158411	MITD1	ENSEEEP00000007105	ENSEEEG00000003750	MITD1
ENSP00000794493	ENSG00000132463	GRSF1	ENSEEEP00000003189	ENSEEEG00000001796	GRSF1
ENSP00000569071	ENSG00000091073	DTX2	ENSEEEP00000062953	ENSEEEG00000025933	DTX2
ENSP00000274605	ENSG00000145911	N4BP3	ENSEEEP00000007324	ENSEEEG00000003846	N4BP3
ENSP00000589498	ENSG00000079313	REXO1	ENSEEEP00000062598	ENSEEEG00000006048	REXO1
ENSP00000627188	ENSG00000115207	GTF3C2	ENSEEEP00000042148	ENSEEEG00000019910	GTF3C2
ENSP00000589601	ENSG00000107833	NPM3	ENSEEEP00000035575	ENSEEEG00000016942	NPM3
ENSP00000376227	ENSG00000145014	TMEM44	ENSEEEP00000024055	ENSEEEG00000011668	TMEM44
ENSP00000527248	ENSG00000126091	ST3GAL3	ENSEEEP00000025083	ENSEEEG00000012110	st3gal3b
ENSP00000566250	ENSG00000173269	MMRN2	ENSEEEP00000011461	ENSEEEG00000005790	mmrn2a
ENSP00000490600	ENSG00000178177	LCORL	ENSEEEP00000060917	ENSEEEG00000027165	
ENSP00000305480	ENSG00000168496	FEN1	ENSEEEP00000032875	ENSEEEG00000015649	FEN1
ENSP00000265007	ENSG00000039600	SOX30	ENSEEEP00000029904	ENSEEEG00000014318	
ENSP00000434631	ENSG00000148985	PGAP2	ENSEEEP00000011470	ENSEEEG00000005796	PGAP2
ENSP00000769151	ENSG00000145781	COMMD10	ENSEEEP00000015737	ENSEEEG00000007793	COMMD10
ENSP00000356213	ENSG00000146469	VIP	ENSEEEP00000046056	ENSEEEG00000021696	VIP
ENSP00000253332	ENSG00000131016	AKAP12	ENSEEEP00000028320	ENSEEEG00000013613	akap12b
ENSP00000417960	ENSG00000284862	CCDC39	ENSEEEP00000028713	ENSEEEG00000013795	CCDC39
ENSP00000571679	ENSG00000168246	UBTD2	ENSEEEP00000040685	ENSEEEG00000019276	UBTD2
ENSP00000420200	ENSG00000144843	ADPRH	ENSEEEP00000048191	ENSEEEG00000022690	ADPRH
ENSP00000385215	ENSG00000135315	CEP162	ENSEEEP00000049095	ENSEEEG00000023070	CEP162
ENSP00000799759	ENSG00000108786	HSD17B1	ENSEEEP00000000331	ENSEEEG00000000239	HSD17B1
ENSP00000556209	ENSG00000100519	PSMC6	ENSEEEP00000022726	ENSEEEG00000010861	PSMC6
ENSP00000531864	ENSG00000198858	R3HDM4	ENSEEEP00000046328	ENSEEEG00000021810	R3HDM4
ENSP00000260585	ENSG00000138018	SELENOI	ENSEEEP00000004113	ENSEEEG00000002133	SELENOI
ENSP00000578087	ENSG00000093183	SEC22C	ENSEEEP00000041231	ENSEEEG00000019511	SEC22C
ENSP00000355185	ENSG00000198924	DCLRE1A	ENSEEEP00000012300	ENSEEEG00000006186	DCLRE1A
ENSP00000800711	ENSG00000110958	PTGES3	ENSEEEP00000043696	ENSEEEG00000020661	ptges3b
ENSP00000377114	ENSG00000144182	LIPT1	ENSEEEP00000041184	ENSEEEG00000019489	LIPT1
ENSP00000526595	ENSG00000170312	CDK1	ENSEEEP00000002444	ENSEEEG00000001429	CDK1
ENSP00000371201	ENSG00000179299	NSUN7	ENSEEEP00000009600	ENSEEEG00000004902	NSUN7
ENSP00000353796	ENSG00000144031	ANKRD53	ENSEEEP00000057789	ENSEEEG00000025122	si:ch211-1o7.2
ENSP00000548255	ENSG00000105671	DDX49	ENSEEEP00000063257	ENSEEEG00000021843	DDX49
ENSP00000002596	ENSG00000002587	HS3ST1	ENSEEEP00000012683	ENSEEEG00000006367	HS3ST1
ENSP00000261024	ENSG00000138449	SLC40A1	ENSEEEP00000049416	ENSEEEG00000023227	SLC40A1
ENSP00000298159	ENSG00000165410	CFL2	ENSEEEP00000008385	ENSEEEG00000004375	CFL2
ENSP00000785242	ENSG00000112339	HBS1L	ENSEEEP00000014963	ENSEEEG00000007425	HBS1L
ENSP00000476267	ENSG00000205084	TMEM231	ENSEEEP00000012526	ENSEEEG00000006262	TMEM231
ENSP00000423602	ENSG00000070190	DAPP1	ENSEEEP00000052898	ENSEEEG00000028301	DAPP1
ENSP00000651144	ENSG00000133935	ERG28	ENSEEEP00000043954	ENSEEEG00000020760	pmp22b
ENSP00000379092	ENSG00000174808	BTC	ENSEEEP00000030270	ENSEEEG00000014515	BTC
ENSP00000358742	ENSG00000156384	SFR1	ENSEEEP00000004360	ENSEEEG00000002293	SFR1
ENSP00000455356	ENSG00000180209	MYL11	ENSEEEP00000048328	ENSEEEG00000022708	mylpfb
ENSP00000585737	ENSG00000138660	AP1AR	ENSEEEP00000033686	ENSEEEG00000016033	AP1AR
ENSP00000343925	ENSG00000140009	ESR2	ENSEEEP00000010786	ENSEEEG00000005464	esr2a
ENSP00000414670	ENSG00000163380	LMOD3	ENSEEEP00000052345	ENSEEEG00000024529	LMOD3
ENSP00000403524	ENSG00000089234	BRAP	ENSEEEP00000022272	ENSEEEG00000010807	BRAP
ENSP00000569258	ENSG00000140632	GLYR1	ENSEEEP00000035236	ENSEEEG00000016485	GLYR1
ENSP00000794671	ENSG00000197448	GSTK1	ENSEEEP00000051090	ENSEEEG00000023990	gstk4
ENSP00000425952	ENSG00000138796	HADH	ENSEEEP00000023502	ENSEEEG00000011398	HADH
ENSP00000487041	ENSG00000082438	COBLL1	ENSEEEP00000018237	ENSEEEG00000008959	
ENSP00000706945	ENSG00000197345	MRPL21	ENSEEEP00000007435	ENSEEEG00000003906	MRPL21
ENSP00000569323	ENSG00000130811	EIF3G	ENSEEEP00000042282	ENSEEEG00000019968	EIF3G
ENSP00000619471	ENSG00000157036	EXOG	ENSEEEP00000014884	ENSEEEG00000007409	EXOG
ENSP00000361064	ENSG00000107789	MINPP1	ENSEEEP00000021292	ENSEEEG00000010376	minpp1b
ENSP00000499950	ENSG00000118096	IFT46	ENSEEEP00000031860	ENSEEEG00000015214	IFT46
ENSP00000541407	ENSG00000027847	B4GALT7	ENSEEEP00000030571	ENSEEEG00000014644	B4GALT7
ENSP00000547176	ENSG00000148832	PAOX	ENSEEEP00000000140	ENSEEEG00000000102	si:dkey-275b16.2
ENSP00000759688	ENSG00000113838	TBCCD1	ENSEEEP00000039219	ENSEEEG00000018638	TBCCD1
ENSP00000529545	ENSG00000151470	C4orf33	ENSEEEP00000043909	ENSEEEG00000020749	C4orf33
ENSP00000369341	ENSG00000175449	RFESD	ENSEEEP00000031397	ENSEEEG00000015023	RFESD
ENSP00000670977	ENSG00000072952	IRAG1	ENSEEEP00000031300	ENSEEEG00000014988	mrvi1
ENSP00000503283	ENSG00000181163	NPM1	ENSEEEP00000002287	ENSEEEG00000001373	npm1a
ENSP00000258711	ENSG00000136213	CHST12	ENSEEEP00000000045	ENSEEEG00000000021	chst12a
ENSP00000622487	ENSG00000160991	ORAI2	ENSEEEP00000055134	ENSEEEG00000025403	ORAI2
ENSP00000514637	ENSG00000122512	PMS2	ENSEEEP00000021207	ENSEEEG00000010197	PMS2
ENSP00000639355	ENSG00000150051	MKX	ENSEEEP00000028122	ENSEEEG00000013531	mkxa
ENSP00000444306	ENSG00000115839	RAB3GAP1	ENSEEEP00000048366	ENSEEEG00000022744	RAB3GAP1
ENSP00000393879	ENSG00000124302	CHST8	ENSEEEP00000004081	ENSEEEG00000002171	CHST8
ENSP00000362142	ENSG00000112559	MDFI	ENSEEEP00000060461	ENSEEEG00000025322	MDFI
ENSP00000545581	ENSG00000166228	PCBD1	ENSEEEP00000035878	ENSEEEG00000017069	PCBD1
ENSP00000544158	ENSG00000089220	PEBP1	ENSEEEP00000063053	ENSEEEG00000028693	pebp1
ENSP00000295522	ENSG00000163347	CLDN1	ENSEEEP00000051633	ENSEEEG00000024243	CLDN1
ENSP00000589606	ENSG00000107968	MAP3K8	ENSEEEP00000049209	ENSEEEG00000023124	MAP3K8
ENSP00000301073	ENSG00000171443	ZNF524	ENSEEEP00000026531	ENSEEEG00000012832	
ENSP00000615253	ENSG00000131381	RBSN	ENSEEEP00000001159	ENSEEEG00000000780	RBSN
ENSP00000345152	ENSG00000188735	TMEM120B	ENSEEEP00000036927	ENSEEEG00000017495	TMEM120A
ENSP00000263384	ENSG00000105058	FAM32A	ENSEEEP00000032961	ENSEEEG00000015694	FAM32A
ENSP00000347754	ENSG00000166736	HTR3A	ENSEEEP00000008883	ENSEEEG00000004581	HTR3A
ENSP00000523324	ENSG00000077327	SPAG6	ENSEEEP00000041322	ENSEEEG00000019557	SPAG6
ENSP00000324810	ENSG00000141971	MVB12A	ENSEEEP00000043192	ENSEEEG00000020395	mvb12a
ENSP00000607807	ENSG00000137460	FHDC1	ENSEEEP00000051498	ENSEEEG00000024184	FHDC1
ENSP00000796704	ENSG00000164118	CEP44	ENSEEEP00000036667	ENSEEEG00000017409	cep44
ENSP00000532487	ENSG00000134308	YWHAQ	ENSEEEP00000020953	ENSEEEG00000010207	ywhaqa
ENSP00000796495	ENSG00000024862	CCDC28A	ENSEEEP00000049382	ENSEEEG00000023207	CCDC28A
ENSP00000365534	ENSG00000185875	THNSL1	ENSEEEP00000001836	ENSEEEG00000001162	THNSL1
ENSP00000674025	ENSG00000167642	SPINT2	ENSEEEP00000052424	ENSEEEG00000024557	SPINT2
ENSP00000574412	ENSG00000265354	TIMM23	ENSEEEP00000011707	ENSEEEG00000005894	timm23a
ENSP00000611746	ENSG00000164081	TEX264	ENSEEEP00000020196	ENSEEEG00000009860	TEX264
ENSP00000375986	ENSG00000085511	MAP3K4	ENSEEEP00000051468	ENSEEEG00000024112	MAP3K4
ENSP00000556615	ENSG00000157895	C12orf43	ENSEEEP00000050765	ENSEEEG00000023850	zgc:162025
ENSP00000363226	ENSG00000178645	C10orf53	ENSEEEP00000048289	ENSEEEG00000022741	C10orf53
ENSP00000389182	ENSG00000148688	RPP30	ENSEEEP00000031068	ENSEEEG00000014870	RPP30
ENSP00000274054	ENSG00000145414	NAF1	ENSEEEP00000041241	ENSEEEG00000019518	naf1
ENSP00000292330	ENSG00000160813	PPP1R35	ENSEEEP00000012982	ENSEEEG00000006526	PPP1R35
ENSP00000648437	ENSG00000168297	PXK	ENSEEEP00000015822	ENSEEEG00000007812	PXK
ENSP00000325266	ENSG00000162222	TTC9C	ENSEEEP00000047966	ENSEEEG00000022598	TTC9C
ENSP00000266743	ENSG00000139351	SYCP3	ENSEEEP00000045708	ENSEEEG00000021546	SYCP3
ENSP00000311360	ENSG00000172613	RAD9A	ENSEEEP00000031965	ENSEEEG00000015252	RAD9A
ENSP00000528730	ENSG00000146411	SLC2A12	ENSEEEP00000014106	ENSEEEG00000007007	slc2a12
ENSP00000472420	ENSG00000161671	EMC10	ENSEEEP00000002793	ENSEEEG00000001604	EMC10
ENSP00000531265	ENSG00000109180	OCIAD1	ENSEEEP00000040096	ENSEEEG00000019012	OCIAD1
ENSP00000246868	ENSG00000126524	SBDS	ENSEEEP00000028909	ENSEEEG00000013878	SBDS
ENSP00000597959	ENSG00000248712	DRC12	ENSEEEP00000019718	ENSEEEG00000009648	CCDC153
ENSP00000256953	ENSG00000134533	RERG	ENSEEEP00000027088	ENSEEEG00000013078	RERG
ENSP00000490116	ENSG00000196233	LCOR	ENSEEEP00000009973	ENSEEEG00000005074	
ENSP00000671211	ENSG00000184232	OAF	ENSEEEP00000053536	ENSEEEG00000027512	oafa
ENSP00000242108	ENSG00000122547	EEPD1	ENSEEEP00000001470	ENSEEEG00000000952	EEPD1
ENSP00000616839	ENSG00000145996	CDKAL1	ENSEEEP00000059377	ENSEEEG00000006021	CDKAL1
ENSP00000545014	ENSG00000166226	CCT2	ENSEEEP00000043689	ENSEEEG00000020259	CCT2
ENSP00000248594	ENSG00000127947	PTPN12	ENSEEEP00000041988	ENSEEEG00000019842	ptpn12
ENSP00000619287	ENSG00000122958	VPS26A	ENSEEEP00000008379	ENSEEEG00000004333	VPS26A
ENSP00000442778	ENSG00000256060	TRAPPC2B	ENSEEEP00000058850	ENSEEEG00000027220	trappc2
ENSP00000368758	ENSG00000205279	CTXN3	ENSEEEP00000041190	ENSEEEG00000019492	CTXN3
ENSP00000340914	ENSG00000213023	SYT3	ENSEEEP00000057691	ENSEEEG00000004802	SYT3
ENSP00000791792	ENSG00000142039	CCDC97	ENSEEEP00000010847	ENSEEEG00000005491	CCDC97
ENSP00000503835	ENSG00000099284	MACROH2A2	ENSEEEP00000008952	ENSEEEG00000004618	MACROH2A2
ENSP00000371594	ENSG00000176533	GNG7	ENSEEEP00000058795	ENSEEEG00000028135	GNG7
ENSP00000574912	ENSG00000095574	IKZF5	ENSEEEP00000062240	ENSEEEG00000026191	IKZF5
ENSP00000521863	ENSG00000109062	NHERF1	ENSEEEP00000047405	ENSEEEG00000022310	slc9a3r1b
ENSP00000798251	ENSG00000105819	PMPCB	ENSEEEP00000046887	ENSEEEG00000021722	PMPCB
ENSP00000467350	ENSG00000062716	VMP1	ENSEEEP00000006312	ENSEEEG00000003353	VMP1
ENSP00000502513	ENSG00000106105	GARS1	ENSEEEP00000041313	ENSEEEG00000019534	gars1
ENSP00000385966	ENSG00000144120	TMEM177	ENSEEEP00000040097	ENSEEEG00000019013	TMEM177
ENSP00000261234	ENSG00000118600	RXYLT1	ENSEEEP00000022526	ENSEEEG00000010935	rxylt1
ENSP00000355464	ENSG00000153207	AHCTF1	ENSEEEP00000059076	ENSEEEG00000013427	AHCTF1
ENSP00000159087	ENSG00000074855	ANO8	ENSEEEP00000030315	ENSEEEG00000014532	ano8b
ENSP00000360216	ENSG00000107447	DNTT	ENSEEEP00000012665	ENSEEEG00000006348	DNTT
ENSP00000362285	ENSG00000198246	SLC29A3	ENSEEEP00000060396	ENSEEEG00000025097	SLC29A3
ENSP00000512562	ENSG00000115392	FANCL	ENSEEEP00000034734	ENSEEEG00000016481	FANCL
ENSP00000223026	ENSG00000106302	HYAL4	ENSEEEP00000037815	ENSEEEG00000017967	HYAL4
ENSP00000679639	ENSG00000130159	ECSIT	ENSEEEP00000035121	ENSEEEG00000016711	ECSIT
ENSP00000358972	ENSG00000107872	FBXL15	ENSEEEP00000016038	ENSEEEG00000007946	FBXL15
ENSP00000316809	ENSG00000174238	PITPNA	ENSEEEP00000036444	ENSEEEG00000017323	pitpnab
ENSP00000793888	ENSG00000136738	STAM	ENSEEEP00000013427	ENSEEEG00000006712	STAM
ENSP00000595644	ENSG00000111247	RAD51AP1	ENSEEEP00000064068	ENSEEEG00000026514	RAD51AP1
ENSP00000463683	ENSG00000125445	MRPS7	ENSEEEP00000040442	ENSEEEG00000019157	MRPS7
ENSP00000279206	ENSG00000149761	NUDT22	ENSEEEP00000030913	ENSEEEG00000014796	NUDT22
ENSP00000493146	ENSG00000131238	PPT1	ENSEEEP00000017173	ENSEEEG00000008453	PPT1
ENSP00000616021	ENSG00000009335	UBE3C	ENSEEEP00000026969	ENSEEEG00000013011	UBE3C
ENSP00000262815	ENSG00000129933	MAU2	ENSEEEP00000050236	ENSEEEG00000023625	MAU2
ENSP00000607037	ENSG00000184575	XPOT	ENSEEEP00000003369	ENSEEEG00000000992	XPOT
ENSP00000362036	ENSG00000182180	MRPS16	ENSEEEP00000029167	ENSEEEG00000013989	MRPS16
ENSP00000300093	ENSG00000166851	PLK1	ENSEEEP00000034891	ENSEEEG00000016588	PLK1
ENSP00000367623	ENSG00000187522	HSPA14	ENSEEEP00000008292	ENSEEEG00000004330	HSPA14
ENSP00000632690	ENSG00000102921	N4BP1	ENSEEEP00000030570	ENSEEEG00000014642	N4BP1
ENSP00000493041	ENSG00000078328	RBFOX1	ENSEEEP00000043106	ENSEEEG00000020330	RBFOX1
ENSP00000377601	ENSG00000119969	HELLS	ENSEEEP00000008906	ENSEEEG00000004554	HELLS
ENSP00000329697	ENSG00000141934	PLPP2	ENSEEEP00000005427	ENSEEEG00000002849	plpp2b
ENSP00000285848	ENSG00000155463	OXA1L	ENSEEEP00000042513	ENSEEEG00000020019	OXA1L
ENSP00000418910	ENSG00000198843	SELENOT	ENSEEEP00000023776	ENSEEEG00000011524	selenot1a
ENSP00000222823	ENSG00000106100	NOD1	ENSEEEP00000043841	ENSEEEG00000020563	NOD1
ENSP00000634615	ENSG00000150753	CCT5	ENSEEEP00000064626	ENSEEEG00000001432	CCT5
ENSP00000281722	ENSG00000151962	RBM46	ENSEEEP00000025005	ENSEEEG00000012127	RBM46
ENSP00000471557	ENSG00000077348	EXOSC5	ENSEEEP00000030449	ENSEEEG00000014587	EXOSC5
ENSP00000391447	ENSG00000143970	ASXL2	ENSEEEP00000006019	ENSEEEG00000003206	ASXL2
ENSP00000496698	ENSG00000173809	TDRD12	ENSEEEP00000039586	ENSEEEG00000018791	TDRD12
ENSP00000573594	ENSG00000100462	PRMT5	ENSEEEP00000040929	ENSEEEG00000019382	PRMT5
ENSP00000360436	ENSG00000112796	ENPP5	ENSEEEP00000059650	ENSEEEG00000026639	ENPP5
ENSP00000254322	ENSG00000132002	DNAJB1	ENSEEEP00000053017	ENSEEEG00000027996	dnajb1b
ENSP00000297283	ENSG00000164708	PGAM2	ENSEEEP00000030500	ENSEEEG00000014613	PGAM2
ENSP00000442682	ENSG00000105963	ADAP1	ENSEEEP00000058080	ENSEEEG00000000513	ADAP1
ENSP00000567953	ENSG00000105696	TMEM59L	ENSEEEP00000005496	ENSEEEG00000002877	TMEM59L
ENSP00000531281	ENSG00000110063	DCPS	ENSEEEP00000022761	ENSEEEG00000011037	DCPS
ENSP00000172229	ENSG00000064300	NGFR	ENSEEEP00000048577	ENSEEEG00000022859	ngfrb
ENSP00000753746	ENSG00000115268	RPS15	ENSEEEP00000030274	ENSEEEG00000014512	rps15
ENSP00000561160	ENSG00000171612	SLC25A33	ENSEEEP00000062766	ENSEEEG00000022838	SLC25A33
ENSP00000275072	ENSG00000146281	PM20D2	ENSEEEP00000011903	ENSEEEG00000006000	PM20D2
ENSP00000456226	ENSG00000167371	PRRT2	ENSEEEP00000055838	ENSEEEG00000018235	prrt2
ENSP00000356133	ENSG00000171217	CLDN20	ENSEEEP00000053313	ENSEEEG00000027234	CLDN20
ENSP00000287152	ENSG00000164627	KIF6	ENSEEEP00000012102	ENSEEEG00000006086	KIF6
ENSP00000166139	ENSG00000070404	FSTL3	ENSEEEP00000047753	ENSEEEG00000022476	FSTL3
ENSP00000334538	ENSG00000153914	SREK1	ENSEEEP00000057572	ENSEEEG00000028259	SREK1
ENSP00000772689	ENSG00000137288	UQCC2	ENSEEEP00000020058	ENSEEEG00000009809	UQCC2
ENSP00000318867	ENSG00000180432	CYP8B1	ENSEEEP00000061295	ENSEEEG00000025250	CYP8B1
ENSP00000515873	ENSG00000182504	CEP97	ENSEEEP00000024514	ENSEEEG00000011885	CEP97
ENSP00000697508	ENSG00000186318	BACE1	ENSEEEP00000004851	ENSEEEG00000002508	BACE1
ENSP00000423716	ENSG00000145354	CISD2	ENSEEEP00000038342	ENSEEEG00000018214	CISD2
ENSP00000084795	ENSG00000063177	RPL18	ENSEEEP00000044946	ENSEEEG00000021210	rpl18
ENSP00000346065	ENSG00000180113	TDRD6	ENSEEEP00000013063	ENSEEEG00000006575	TDRD6
ENSP00000556953	ENSG00000183826	BTBD9	ENSEEEP00000015085	ENSEEEG00000007507	BTBD9
ENSP00000373360	ENSG00000175182	FAM131A	ENSEEEP00000000179	ENSEEEG00000000136	zgc:165508
ENSP00000451857	ENSG00000151445	VIPAS39	ENSEEEP00000019217	ENSEEEG00000009420	VIPAS39
ENSP00000352527	ENSG00000164626	KCNK5	ENSEEEP00000012034	ENSEEEG00000006066	kcnk5a
ENSP00000477133	ENSG00000111850	SMIM8	ENSEEEP00000064053	ENSEEEG00000025743	smim8
ENSP00000300303	ENSG00000167011	NAT16	ENSEEEP00000024337	ENSEEEG00000011798	nat16
ENSP00000513805	ENSG00000185811	IKZF1	ENSEEEP00000010198	ENSEEEG00000005094	IKZF1
ENSP00000744270	ENSG00000142230	SAE1	ENSEEEP00000052481	ENSEEEG00000024580	SAE1
ENSP00000290953	ENSG00000159723	AGRP	ENSEEEP00000045491	ENSEEEG00000021464	AGRP
ENSP00000587255	ENSG00000111206	FOXM1	ENSEEEP00000051222	ENSEEEG00000024042	FOXM1
ENSP00000219334	ENSG00000103056	SMPD3	ENSEEEP00000028996	ENSEEEG00000013897	SMPD3
ENSP00000422319	ENSG00000015479	MATR3	ENSEEEP00000029809	ENSEEEG00000014280	matr3l1.1
ENSP00000490618	ENSG00000055208	TAB2	ENSEEEP00000007008	ENSEEEG00000003695	TAB2
ENSP00000356954	ENSG00000118523	CCN2	ENSEEEP00000064078	ENSEEEG00000022319	ccn2a
ENSP00000239374	ENSG00000120262	CCDC170	ENSEEEP00000001651	ENSEEEG00000001058	CCDC170
ENSP00000399709	ENSG00000167995	BEST1	ENSEEEP00000037575	ENSEEEG00000017874	BEST1
ENSP00000508250	ENSG00000259803	SLC22A31	ENSEEEP00000040946	ENSEEEG00000019391	slc22a31
ENSP00000356489	ENSG00000112425	EPM2A	ENSEEEP00000006075	ENSEEEG00000003244	EPM2A
ENSP00000362195	ENSG00000119535	CSF3R	ENSEEEP00000050966	ENSEEEG00000023938	CSF3R
ENSP00000325868	ENSG00000177947	CIMAP1A	ENSEEEP00000014341	ENSEEEG00000007128	ODF3B
ENSP00000633723	ENSG00000168818	STX18	ENSEEEP00000042736	ENSEEEG00000020160	STX18
ENSP00000227266	ENSG00000109861	CTSC	ENSEEEP00000061497	ENSEEEG00000028201	CTSC
ENSP00000369636	ENSG00000168994	PXDC1	ENSEEEP00000016272	ENSEEEG00000008047	pxdc1b
ENSP00000382356	ENSG00000215018	COL28A1	ENSEEEP00000058572	ENSEEEG00000018611	col28a2a
ENSP00000373404	ENSG00000112651	MRPL2	ENSEEEP00000014033	ENSEEEG00000006972	mrpl2
ENSP00000376582	ENSG00000111785	RIC8B	ENSEEEP00000008036	ENSEEEG00000004195	RIC8B
ENSP00000607867	ENSG00000125952	MAX	ENSEEEP00000064373	ENSEEEG00000013517	MAX
ENSP00000711645	ENSG00000134575	ACP2	ENSEEEP00000013506	ENSEEEG00000006752	ACP2
ENSP00000389176	ENSG00000106392	C1GALT1	ENSEEEP00000009333	ENSEEEG00000004789	c1galt1lb
ENSP00000357079	ENSG00000213085	CFAP45	ENSEEEP00000048573	ENSEEEG00000022860	CFAP45
ENSP00000257789	ENSG00000135336	ORC3	ENSEEEP00000019380	ENSEEEG00000009493	ORC3
ENSP00000469819	ENSG00000130513	GDF15	ENSEEEP00000060994	ENSEEEG00000025304	
ENSP00000400713	ENSG00000283632	EXOC3L2	ENSEEEP00000052426	ENSEEEG00000024559	exoc3l2b
ENSP00000682274	ENSG00000171503	ETFDH	ENSEEEP00000032537	ENSEEEG00000015499	ETFDH
ENSP00000544261	ENSG00000206561	COLQ	ENSEEEP00000053863	ENSEEEG00000014684	COLQ
ENSP00000538883	ENSG00000166183	ASPG	ENSEEEP00000044826	ENSEEEG00000021154	ASPG
ENSP00000249330	ENSG00000128564	VGF	ENSEEEP00000024340	ENSEEEG00000011800	vgf
ENSP00000787230	ENSG00000105388	CEACAM5	ENSEEEP00000007281	ENSEEEG00000003822	ADGRG6
ENSP00000315474	ENSG00000179144	GIMAP7	ENSEEEP00000029109	ENSEEEG00000013967	zgc:153642
ENSP00000606817	ENSG00000165916	PSMC3	ENSEEEP00000060023	ENSEEEG00000013580	PSMC3
ENSP00000228820	ENSG00000111224	PARP11	ENSEEEP00000031580	ENSEEEG00000015103	PARP11
ENSP00000543104	ENSG00000240583	AQP1	ENSEEEP00000023671	ENSEEEG00000011469	aqp1a.1
ENSP00000320416	ENSG00000176428	VPS37D	ENSEEEP00000009285	ENSEEEG00000004767	si:ch211-284f22.3
ENSP00000342015	ENSG00000240230	COX19	ENSEEEP00000042937	ENSEEEG00000020261	COX19
ENSP00000792009	ENSG00000022840	RNF10	ENSEEEP00000014174	ENSEEEG00000007040	RNF10
ENSP00000476603	ENSG00000185477	GPRIN3	ENSEEEP00000034379	ENSEEEG00000016367	si:dkeyp-123h10.2
ENSP00000340979	ENSG00000145428	RNF175	ENSEEEP00000025115	ENSEEEG00000012176	rnf175
ENSP00000316490	ENSG00000163950	SLBP	ENSEEEP00000056768	ENSEEEG00000028496	fndc4a
ENSP00000522096	ENSG00000132485	ZRANB2	ENSEEEP00000010393	ENSEEEG00000005261	ZRANB2
ENSP00000237642	ENSG00000118804	STBD1	ENSEEEP00000053155	ENSEEEG00000026598	STBD1
ENSP00000794774	ENSG00000132563	REEP2	ENSEEEP00000030860	ENSEEEG00000014767	REEP2
ENSP00000304355	ENSG00000169193	CCDC126	ENSEEEP00000016918	ENSEEEG00000008387	CCDC126
ENSP00000354830	ENSG00000145358	DDIT4L	ENSEEEP00000041665	ENSEEEG00000019713	DDIT4L
ENSP00000357008	ENSG00000158764	ITLN2	ENSEEEP00000043836	ENSEEEG00000020720	ITLN1
ENSP00000337732	ENSG00000105784	RUNDC3B	ENSEEEP00000007930	ENSEEEG00000004142	RUNDC3B
ENSP00000672831	ENSG00000134480	CCNH	ENSEEEP00000046493	ENSEEEG00000021903	CCNH
ENSP00000578197	ENSG00000135537	AFG1L	ENSEEEP00000035513	ENSEEEG00000016903	afg1la
ENSP00000390190	ENSG00000163492	CCDC141	ENSEEEP00000009950	ENSEEEG00000005064	
ENSP00000431287	ENSG00000214756	CSKMT	ENSEEEP00000049679	ENSEEEG00000023361	cskmt
ENSP00000593676	ENSG00000166902	MRPL16	ENSEEEP00000027223	ENSEEEG00000013137	MRPL16
ENSP00000272418	ENSG00000144029	MRPS5	ENSEEEP00000059773	ENSEEEG00000001769	MRPS5
ENSP00000443228	ENSG00000180537	RNF182	ENSEEEP00000014741	ENSEEEG00000007334	RNF182
ENSP00000530909	ENSG00000166135	HIF1AN	ENSEEEP00000001192	ENSEEEG00000000796	HIF1AN
ENSP00000494337	ENSG00000112077	RHAG	ENSEEEP00000016335	ENSEEEG00000008059	RHAG
ENSP00000794126	ENSG00000111269	CREBL2	ENSEEEP00000033165	ENSEEEG00000015775	CREBL2
ENSP00000796201	ENSG00000079257	LXN	ENSEEEP00000025634	ENSEEEG00000012438	LXN
ENSP00000600151	ENSG00000167272	POP5	ENSEEEP00000014168	ENSEEEG00000007039	POP5
ENSP00000498164	ENSG00000145191	EIF2B5	ENSEEEP00000004467	ENSEEEG00000002322	EIF2B5
ENSP00000497597	ENSG00000047056	WDR37	ENSEEEP00000054311	ENSEEEG00000018466	WDR37
ENSP00000471149	ENSG00000178980	SELENOW	ENSEEEP00000009877	ENSEEEG00000005021	selenow1
ENSP00000544562	ENSG00000170348	TMED10	ENSEEEP00000017330	ENSEEEG00000008564	TMED10
ENSP00000418037	ENSG00000128604	IRF5	ENSEEEP00000019175	ENSEEEG00000009399	IRF5
ENSP00000311687	ENSG00000172548	NIPAL4	ENSEEEP00000038284	ENSEEEG00000018191	NIPAL4
ENSP00000429020	ENSG00000157570	TSPAN18	ENSEEEP00000022654	ENSEEEG00000011000	tspan18b
ENSP00000526553	ENSG00000135506	OS9	ENSEEEP00000009328	ENSEEEG00000004788	OS9
ENSP00000468051	ENSG00000179115	FARSA	ENSEEEP00000039443	ENSEEEG00000018724	FARSA
ENSP00000539744	ENSG00000150527	MIA2	ENSEEEP00000027417	ENSEEEG00000013225	mia2
ENSP00000524077	ENSG00000138207	RBP4	ENSEEEP00000038403	ENSEEEG00000018239	RBP4
ENSP00000357507	ENSG00000143612	LTAP1	ENSEEEP00000015373	ENSEEEG00000007634	C1orf43
ENSP00000648210	ENSG00000106615	RHEB	ENSEEEP00000058636	ENSEEEG00000025398	RHEB
ENSP00000363019	ENSG00000072401	UBE2D1	ENSEEEP00000003589	ENSEEEG00000001966	ube2d1b
ENSP00000306015	ENSG00000172403	SYNPO2	ENSEEEP00000003965	ENSEEEG00000002124	SYNPO2
ENSP00000604905	ENSG00000091732	ZC3HC1	ENSEEEP00000002829	ENSEEEG00000001621	ZC3HC1
ENSP00000684738	ENSG00000152795	HNRNPDL	ENSEEEP00000005794	ENSEEEG00000003047	HNRNPDL
ENSP00000635004	ENSG00000138308	PLA2G12B	ENSEEEP00000021257	ENSEEEG00000010360	PLA2G12B
ENSP00000558792	ENSG00000120594	PLXDC2	ENSEEEP00000002667	ENSEEEG00000001539	PLXDC2
ENSP00000384551	ENSG00000122584	NXPH1	ENSEEEP00000048776	ENSEEEG00000022946	NXPH1
ENSP00000603107	ENSG00000168040	FADD	ENSEEEP00000038543	ENSEEEG00000018298	FADD
ENSP00000570105	ENSG00000109917	ZPR1	ENSEEEP00000029743	ENSEEEG00000014249	ZPR1
ENSP00000473370	ENSG00000269964	MEI4	ENSEEEP00000053555	ENSEEEG00000012174	MEI4
ENSP00000494515	ENSG00000090013	BLVRB	ENSEEEP00000027016	ENSEEEG00000013046	BLVRB
ENSP00000623459	ENSG00000151806	GUF1	ENSEEEP00000033646	ENSEEEG00000015858	GUF1
ENSP00000570334	ENSG00000167670	CHAF1A	ENSEEEP00000058255	ENSEEEG00000013900	CHAF1A
ENSP00000358016	ENSG00000146285	SCML4	ENSEEEP00000029462	ENSEEEG00000014109	SCML4
ENSP00000566733	ENSG00000019102	VSIG2	ENSEEEP00000023500	ENSEEEG00000011397	VSIG2
ENSP00000598348	ENSG00000136243	NUP42	ENSEEEP00000035084	ENSEEEG00000016686	NUP42
ENSP00000475727	ENSG00000145979	TBC1D7	ENSEEEP00000044312	ENSEEEG00000020937	TBC1D7
ENSP00000377520	ENSG00000173227	SYT12	ENSEEEP00000000260	ENSEEEG00000000194	SYT12
ENSP00000510335	ENSG00000104885	DOT1L	ENSEEEP00000025388	ENSEEEG00000012320	DOT1L
ENSP00000410944	ENSG00000164746	C7orf57	ENSEEEP00000000142	ENSEEEG00000000105	si:dkey-276j7.1
ENSP00000274712	ENSG00000146007	ZMAT2	ENSEEEP00000014940	ENSEEEG00000007442	ZMAT2
ENSP00000436199	ENSG00000177042	TMEM80	ENSEEEP00000029499	ENSEEEG00000014128	TMEM80
ENSP00000376553	ENSG00000183160	TMEM119	ENSEEEP00000039556	ENSEEEG00000018783	tmem119b
ENSP00000409346	ENSG00000114737	CISH	ENSEEEP00000011997	ENSEEEG00000006051	CISH
ENSP00000688123	ENSG00000129103	SUMF2	ENSEEEP00000010642	ENSEEEG00000005351	SUMF2
ENSP00000386558	ENSG00000177951	BET1L	ENSEEEP00000022850	ENSEEEG00000011087	BET1L
ENSP00000545695	ENSG00000164031	DNAJB14	ENSEEEP00000018623	ENSEEEG00000009154	DNAJB14
ENSP00000623960	ENSG00000072954	TMEM38A	ENSEEEP00000046380	ENSEEEG00000021834	TMEM38A
ENSP00000299882	ENSG00000166682	TMPRSS5	ENSEEEP00000035255	ENSEEEG00000016766	tmprss5
ENSP00000608695	ENSG00000108395	TRIM37	ENSEEEP00000044948	ENSEEEG00000021211	TRIM37
ENSP00000411960	ENSG00000133835	HSD17B4	ENSEEEP00000015842	ENSEEEG00000007800	HSD17B4
ENSP00000314505	ENSG00000111877	MCM9	ENSEEEP00000015015	ENSEEEG00000007472	MCM9
ENSP00000439056	ENSG00000249115	HAUS5	ENSEEEP00000037223	ENSEEEG00000017696	HAUS5
ENSP00000418070	ENSG00000177707	NECTIN3	ENSEEEP00000007006	ENSEEEG00000003693	nectin3b
ENSP00000648658	ENSG00000206527	HACD2	ENSEEEP00000061370	ENSEEEG00000015154	HACD2
ENSP00000615909	ENSG00000107829	FBXW4	ENSEEEP00000059041	ENSEEEG00000000785	fbxw4
ENSP00000512689	ENSG00000120278	PLEKHG1	ENSEEEP00000045112	ENSEEEG00000021303	PLEKHG1
ENSP00000481657	ENSG00000177853	ZNF518A	ENSEEEP00000010962	ENSEEEG00000005557	si:ch211-214e3.5
ENSP00000551023	ENSG00000178425	NT5DC1	ENSEEEP00000010868	ENSEEEG00000005502	NT5DC1
ENSP00000320757	ENSG00000180061	TMEM150B	ENSEEEP00000007300	ENSEEEG00000003830	zgc:123244
ENSP00000315743	ENSG00000138764	CCNG2	ENSEEEP00000060558	ENSEEEG00000028458	CCNG2
ENSP00000305725	ENSG00000171310	CHST11	ENSEEEP00000008702	ENSEEEG00000004517	CHST11
ENSP00000229395	ENSG00000111790	FGFR1OP2	ENSEEEP00000045985	ENSEEEG00000021667	FGFR1OP2
ENSP00000415203	ENSG00000174227	PIGG	ENSEEEP00000055826	ENSEEEG00000015532	PIGG
ENSP00000626891	ENSG00000110660	SLC35F2	ENSEEEP00000052649	ENSEEEG00000024662	slc35f2l
ENSP00000626430	ENSG00000096060	FKBP5	ENSEEEP00000018007	ENSEEEG00000008866	FKBP5
ENSP00000701689	ENSG00000274523	RCC1L	ENSEEEP00000008615	ENSEEEG00000004464	RCC1L
ENSP00000500633	ENSG00000139163	ETNK1	ENSEEEP00000059657	ENSEEEG00000010739	ETNK1
ENSP00000607131	ENSG00000164576	SAP30L	ENSEEEP00000061254	ENSEEEG00000026014	SAP30L
ENSP00000403910	ENSG00000105341	DMAC2	ENSEEEP00000032325	ENSEEEG00000015412	dmac2
ENSP00000625997	ENSG00000140044	JDP2	ENSEEEP00000061428	ENSEEEG00000026493	jdp2a
ENSP00000571611	ENSG00000135929	CYP27A1	ENSEEEP00000037888	ENSEEEG00000018003	METTL13
ENSP00000222718	ENSG00000105996	HOXA2	ENSEEEP00000030767	ENSEEEG00000014724	hoxa2b
ENSP00000527963	ENSG00000156026	MCU	ENSEEEP00000021272	ENSEEEG00000010365	MCU
ENSP00000248598	ENSG00000127951	FGL2	ENSEEEP00000060043	ENSEEEG00000027522	fgl2a
ENSP00000392906	ENSG00000090924	PLEKHG2	ENSEEEP00000052423	ENSEEEG00000024556	PLEKHG2
ENSP00000319192	ENSG00000164543	STK17A	ENSEEEP00000015412	ENSEEEG00000007648	STK17A
ENSP00000305654	ENSG00000171928	TVP23B	ENSEEEP00000020719	ENSEEEG00000010106	tvp23b
ENSP00000318373	ENSG00000163795	ZNF513	ENSEEEP00000020462	ENSEEEG00000009991	znf513b
ENSP00000357915	ENSG00000004809	SLC22A16	ENSEEEP00000023867	ENSEEEG00000011581	SLC22A16
ENSP00000440001	ENSG00000168003	SLC3A2	ENSEEEP00000000777	ENSEEEG00000000533	slc3a2a
ENSP00000381302	ENSG00000203805	PLPP4	ENSEEEP00000045319	ENSEEEG00000021391	PLPP4
ENSP00000358400	ENSG00000112159	MDN1	ENSEEEP00000008965	ENSEEEG00000004626	MDN1
ENSP00000543938	ENSG00000015676	NUDCD3	ENSEEEP00000045573	ENSEEEG00000021502	NUDCD3
ENSP00000359634	ENSG00000155265	GOLGA7B	ENSEEEP00000012835	ENSEEEG00000006428	golga7ba
ENSP00000554493	ENSG00000116005	PCYOX1	ENSEEEP00000036234	ENSEEEG00000017230	PCYOX1
ENSP00000616310	ENSG00000141698	NT5C3B	ENSEEEP00000050928	ENSEEEG00000023920	NT5C3B
ENSP00000474090	ENSG00000007001	UPP2	ENSEEEP00000043423	ENSEEEG00000020521	UPP2
ENSP00000621989	ENSG00000164880	INTS1	ENSEEEP00000000770	ENSEEEG00000000479	INTS1
ENSP00000357581	ENSG00000148826	NKX6-2	ENSEEEP00000036310	ENSEEEG00000017267	nkx6.2
ENSP00000564785	ENSG00000164414	SLC35A1	ENSEEEP00000051307	ENSEEEG00000024075	SLC35A1
ENSP00000349640	ENSG00000187778	MCRS1	ENSEEEP00000049966	ENSEEEG00000023486	MCRS1
ENSP00000278070	ENSG00000148840	PPRC1	ENSEEEP00000033859	ENSEEEG00000016123	pprc1
ENSP00000302846	ENSG00000171522	PTGER4	ENSEEEP00000029608	ENSEEEG00000014183	ptger4b
ENSP00000688898	ENSG00000165917	RAPSN	ENSEEEP00000022746	ENSEEEG00000011031	RAPSN
ENSP00000386738	ENSG00000176407	KCMF1	ENSEEEP00000031348	ENSEEEG00000015005	KCMF1
ENSP00000679008	ENSG00000142494	SLC47A1	ENSEEEP00000040853	ENSEEEG00000019351	slc47a2.1
ENSP00000714659	ENSG00000129521	EGLN3	ENSEEEP00000009264	ENSEEEG00000004756	csnk1db
ENSP00000434729	ENSG00000117410	ATP6V0B	ENSEEEP00000033611	ENSEEEG00000015978	ATP6V0B
ENSP00000579027	ENSG00000001629	ANKIB1	ENSEEEP00000026968	ENSEEEG00000013010	ankib1b
ENSP00000288937	ENSG00000158042	MRPL17	ENSEEEP00000043274	ENSEEEG00000020440	MRPL17
ENSP00000287078	ENSG00000156521	TYSND1	ENSEEEP00000001066	ENSEEEG00000000712	TYSND1
ENSP00000610467	ENSG00000134825	TMEM258	ENSEEEP00000037760	ENSEEEG00000017951	TMEM258
ENSP00000335304	ENSG00000119689	DLST	ENSEEEP00000044541	ENSEEEG00000020867	DLST
ENSP00000450962	ENSG00000170370	EMX2	ENSEEEP00000044621	ENSEEEG00000021069	EMX2
ENSP00000371875	ENSG00000109705	NKX3-2	ENSEEEP00000017470	ENSEEEG00000008645	NKX3-2
ENSP00000349576	ENSG00000129187	DCTD	ENSEEEP00000018601	ENSEEEG00000009144	DCTD
ENSP00000618729	ENSG00000104852	SNRNP70	ENSEEEP00000002109	ENSEEEG00000001295	SNRNP70
ENSP00000326806	ENSG00000114503	NCBP2	ENSEEEP00000050812	ENSEEEG00000023866	NCBP2
ENSP00000498469	ENSG00000113356	POLR3G	ENSEEEP00000046610	ENSEEEG00000021943	polr3g
ENSP00000431781	ENSG00000166002	SMCO4	ENSEEEP00000000153	ENSEEEG00000000116	SMCO4
ENSP00000772824	ENSG00000124701	APOBEC2	ENSEEEP00000011808	ENSEEEG00000005947	apobec2b
ENSP00000419877	ENSG00000272573	MUSTN1	ENSEEEP00000007954	ENSEEEG00000004150	mustn1b
ENSP00000476480	ENSG00000122643	NT5C3A	ENSEEEP00000057784	ENSEEEG00000012644	NT5C3A
ENSP00000801040	ENSG00000205981	DNAJC19	ENSEEEP00000029001	ENSEEEG00000013910	DNAJC19
ENSP00000613752	ENSG00000152944	MED21	ENSEEEP00000045994	ENSEEEG00000021673	MED21
ENSP00000257818	ENSG00000135363	LMO2	ENSEEEP00000022648	ENSEEEG00000010997	LMO2
ENSP00000514102	ENSG00000108021	TASOR2	ENSEEEP00000044649	ENSEEEG00000021082	TASOR2
ENSP00000280190	ENSG00000150627	WDR17	ENSEEEP00000036524	ENSEEEG00000017360	WDR17
ENSP00000529822	ENSG00000113269	RNF130	ENSEEEP00000012804	ENSEEEG00000006432	RNF130
ENSP00000575231	ENSG00000136451	VEZF1	ENSEEEP00000024711	ENSEEEG00000011961	vezf1b
ENSP00000589560	ENSG00000129534	MIS18BP1	ENSEEEP00000000320	ENSEEEG00000000235	MIS18BP1
ENSP00000537749	ENSG00000168827	GFM1	ENSEEEP00000027034	ENSEEEG00000012450	gfm1
ENSP00000414321	ENSG00000138326	RPS24	ENSEEEP00000000645	ENSEEEG00000000294	rps24
ENSP00000426964	ENSG00000250067	YJEFN3	ENSEEEP00000062638	ENSEEEG00000022466	NAXE
ENSP00000296411	ENSG00000164024	METAP1	ENSEEEP00000033193	ENSEEEG00000015779	METAP1
ENSP00000695345	ENSG00000135931	ARMC9	ENSEEEP00000026454	ENSEEEG00000012797	ARMC9
ENSP00000239926	ENSG00000120729	MYOT	ENSEEEP00000048446	ENSEEEG00000022799	
ENSP00000760766	ENSG00000079332	SAR1A	ENSEEEP00000064165	ENSEEEG00000024306	SAR1B
ENSP00000447053	ENSG00000108774	RAB5C	ENSEEEP00000014091	ENSEEEG00000006989	rab5c
ENSP00000612451	ENSG00000178028	DMAP1	ENSEEEP00000040556	ENSEEEG00000019208	DMAP1
ENSP00000296333	ENSG00000163964	PIGX	ENSEEEP00000051824	ENSEEEG00000024325	PIGX
ENSP00000450758	ENSG00000186469	GNG2	ENSEEEP00000062000	ENSEEEG00000026325	GNG2
ENSP00000392907	ENSG00000144674	GOLGA4	ENSEEEP00000046327	ENSEEEG00000021806	GOLGA4
ENSP00000358714	ENSG00000146250	PRSS35	ENSEEEP00000021514	ENSEEEG00000010486	PRSS35
ENSP00000250448	ENSG00000129514	FOXA1	ENSEEEP00000008256	ENSEEEG00000004320	FOXA1
ENSP00000225688	ENSG00000108551	RASD1	ENSEEEP00000005086	ENSEEEG00000002645	RASD1
ENSP00000526496	ENSG00000162836	ACP6	ENSEEEP00000050348	ENSEEEG00000023673	ACP6
ENSP00000344967	ENSG00000187678	SPRY4	ENSEEEP00000011238	ENSEEEG00000005695	SPRY4
ENSP00000630561	ENSG00000135299	ANKRD6	ENSEEEP00000047352	ENSEEEG00000022292	ankrd6b
ENSP00000589949	ENSG00000153140	CETN3	ENSEEEP00000004279	ENSEEEG00000002260	CETN3
ENSP00000269289	ENSG00000141497	ZMYND15	ENSEEEP00000040857	ENSEEEG00000019354	
ENSP00000293362	ENSG00000131467	PSME3	ENSEEEP00000023931	ENSEEEG00000011614	PSME3
ENSP00000557201	ENSG00000133943	DGLUCY	ENSEEEP00000046280	ENSEEEG00000021795	DGLUCY
ENSP00000554923	ENSG00000169570	DTWD2	ENSEEEP00000028369	ENSEEEG00000013640	DTWD2
ENSP00000365687	ENSG00000168267	PTF1A	ENSEEEP00000001494	ENSEEEG00000000965	PTF1A
ENSP00000763853	ENSG00000123144	TRIR	ENSEEEP00000050797	ENSEEEG00000023863	TRIR
ENSP00000364691	ENSG00000058453	CROCC	ENSEEEP00000064547	ENSEEEG00000022169	ccdc88b
ENSP00000358815	ENSG00000214357	NEURL1B	ENSEEEP00000017723	ENSEEEG00000008759	NEURL1B
ENSP00000231004	ENSG00000113083	LOX	ENSEEEP00000036349	ENSEEEG00000017279	loxa
ENSP00000265394	ENSG00000106066	CPVL	ENSEEEP00000058373	ENSEEEG00000014691	CPVL
ENSP00000560044	ENSG00000131435	PDLIM4	ENSEEEP00000049980	ENSEEEG00000023496	PDLIM4
ENSP00000474529	ENSG00000270765	GAS2L2	ENSEEEP00000008782	ENSEEEG00000004545	gas2l2
ENSP00000531334	ENSG00000142484	TM4SF5	ENSEEEP00000001101	ENSEEEG00000000738	TM4SF5
ENSP00000796336	ENSG00000131771	PPP1R1B	ENSEEEP00000050785	ENSEEEG00000023860	ppp1r1b
ENSP00000338532	ENSG00000189319	FAM53B	ENSEEEP00000007915	ENSEEEG00000004131	FAM53B
ENSP00000411459	ENSG00000214944	ARHGEF28	ENSEEEP00000031100	ENSEEEG00000014886	arhgef28a
ENSP00000251864	ENSG00000095627	TDRD1	ENSEEEP00000060134	ENSEEEG00000006178	TDRD1
ENSP00000625918	ENSG00000144061	NPHP1	ENSEEEP00000003110	ENSEEEG00000001765	NPHP1
ENSP00000266712	ENSG00000139324	TMTC3	ENSEEEP00000016076	ENSEEEG00000007962	TMTC3
ENSP00000501296	ENSG00000042781	USH2A	ENSEEEP00000044043	ENSEEEG00000020807	USH2A
ENSP00000376808	ENSG00000166266	CUL5	ENSEEEP00000003439	ENSEEEG00000001913	CUL5
ENSP00000257749	ENSG00000112182	BACH2	ENSEEEP00000008956	ENSEEEG00000004619	bach2b
ENSP00000417378	ENSG00000128524	ATP6V1F	ENSEEEP00000019185	ENSEEEG00000009402	ATP6V1F
ENSP00000356820	ENSG00000143158	MPC2	ENSEEEP00000010616	ENSEEEG00000005381	MPC2
ENSP00000222462	ENSG00000002745	WNT16	ENSEEEP00000044713	ENSEEEG00000021107	WNT16
ENSP00000778449	ENSG00000074201	CLNS1A	ENSEEEP00000050029	ENSEEEG00000023523	CLNS1A
ENSP00000360532	ENSG00000096401	CDC5L	ENSEEEP00000020150	ENSEEEG00000009839	CDC5L
ENSP00000366654	ENSG00000131686	CA6	ENSEEEP00000030788	ENSEEEG00000014732	CA6
ENSP00000512829	ENSG00000135549	PKIB	ENSEEEP00000036935	ENSEEEG00000017540	pkib
ENSP00000548397	ENSG00000114446	IFT57	ENSEEEP00000025924	ENSEEEG00000012559	IFT57
ENSP00000361646	ENSG00000066185	ZMYND12	ENSEEEP00000003287	ENSEEEG00000001849	ZMYND12
ENSP00000581492	ENSG00000116922	AIRIM	ENSEEEP00000011762	ENSEEEG00000005918	c19h1orf109
ENSP00000516712	ENSG00000136603	SKIL	ENSEEEP00000034206	ENSEEEG00000016292	skila
ENSP00000621320	ENSG00000137693	YAP1	ENSEEEP00000033178	ENSEEEG00000015782	YAP1
ENSP00000788189	ENSG00000120833	SOCS2	ENSEEEP00000053404	ENSEEEG00000025046	SOCS2
ENSP00000265299	ENSG00000106125	MINDY4	ENSEEEP00000040524	ENSEEEG00000019196	si:dkey-30h22.11
ENSP00000323780	ENSG00000176095	IP6K1	ENSEEEP00000021016	ENSEEEG00000010249	IP6K1
ENSP00000266397	ENSG00000139055	ERP27	ENSEEEP00000009514	ENSEEEG00000004861	
ENSP00000350549	ENSG00000188620	HMX3	ENSEEEP00000043112	ENSEEEG00000020353	HMX3
ENSP00000348043	ENSG00000172731	LRRC20	ENSEEEP00000059139	ENSEEEG00000024403	lrrc20
ENSP00000416959	ENSG00000136527	TRA2B	ENSEEEP00000010168	ENSEEEG00000005158	tra2b
ENSP00000358081	ENSG00000151929	BAG3	ENSEEEP00000035736	ENSEEEG00000017009	BAG3
ENSP00000470652	ENSG00000127526	SLC35E1	ENSEEEP00000061508	ENSEEEG00000024810	SLC35E1
ENSP00000398568	ENSG00000180644	PRF1	ENSEEEP00000013131	ENSEEEG00000006605	prf1.1
ENSP00000414721	ENSG00000166272	WBP1L	ENSEEEP00000061627	ENSEEEG00000028402	wbp1la
ENSP00000006777	ENSG00000005486	RHBDD2	ENSEEEP00000036419	ENSEEEG00000017317	RHBDD2
ENSP00000397598	ENSG00000174611	KY	ENSEEEP00000030997	ENSEEEG00000014834	KY
ENSP00000548876	ENSG00000136235	GPNMB	ENSEEEP00000017276	ENSEEEG00000008540	GPNMB
ENSP00000586379	ENSG00000072274	TFRC	ENSEEEP00000013951	ENSEEEG00000006925	tfr1a
ENSP00000792746	ENSG00000112562	SMOC2	ENSEEEP00000039430	ENSEEEG00000018726	SMOC2
ENSP00000433406	ENSG00000172409	CLP1	ENSEEEP00000032167	ENSEEEG00000015342	CLP1
ENSP00000545513	ENSG00000163430	FSTL1	ENSEEEP00000041093	ENSEEEG00000019448	fstl1b
ENSP00000512516	ENSG00000111732	AICDA	ENSEEEP00000026277	ENSEEEG00000012708	AICDA
ENSP00000358515	ENSG00000163393	SLC22A15	ENSEEEP00000061194	ENSEEEG00000025351	SLC22A15
ENSP00000386229	ENSG00000169220	RGS14	ENSEEEP00000040286	ENSEEEG00000019100	rgs14a
ENSP00000356194	ENSG00000091844	RGS17	ENSEEEP00000061527	ENSEEEG00000026283	RGS19
ENSP00000633062	ENSG00000148572	NRBF2	ENSEEEP00000061384	ENSEEEG00000027126	nrbf2b
ENSP00000422166	ENSG00000130396	AFDN	ENSEEEP00000030280	ENSEEEG00000014513	afdna
ENSP00000480443	ENSG00000167733	HSD11B1L	ENSEEEP00000047795	ENSEEEG00000022493	hsd11b1la
ENSP00000358596	ENSG00000138166	DUSP5	ENSEEEP00000020690	ENSEEEG00000010089	DUSP5
ENSP00000424007	ENSG00000253251	SHLD3	ENSEEEP00000060732	ENSEEEG00000026220	zgc:101664
ENSP00000574841	ENSG00000002016	RAD52	ENSEEEP00000046727	ENSEEEG00000022005	RAD52
ENSP00000407613	ENSG00000206562	METTL6	ENSEEEP00000049078	ENSEEEG00000023057	METTL6
ENSP00000230990	ENSG00000113070	HBEGF	ENSEEEP00000003987	ENSEEEG00000002132	hbegfa
ENSP00000292566	ENSG00000160993	ALKBH4	ENSEEEP00000008626	ENSEEEG00000004476	ALKBH4
ENSP00000478479	ENSG00000099246	RAB18	ENSEEEP00000057633	ENSEEEG00000029077	rab18b
ENSP00000568666	ENSG00000127990	SGCE	ENSEEEP00000046285	ENSEEEG00000021730	SGCE
ENSP00000663764	ENSG00000178149	DALRD3	ENSEEEP00000045608	ENSEEEG00000021519	DALRD3
ENSP00000623390	ENSG00000112110	MRPL18	ENSEEEP00000029995	ENSEEEG00000014379	MRPL18
ENSP00000331369	ENSG00000163170	BOLA3	ENSEEEP00000035097	ENSEEEG00000016696	BOLA3
ENSP00000378396	ENSG00000198242	RPL23A	ENSEEEP00000056226	ENSEEEG00000005541	rpl23a
ENSP00000420716	ENSG00000198520	ARMH1	ENSEEEP00000027724	ENSEEEG00000013349	ARMH1
ENSP00000711533	ENSG00000189292	ALKAL2	ENSEEEP00000033454	ENSEEEG00000015904	alkal2b
ENSP00000242994	ENSG00000123307	NEUROD4	ENSEEEP00000030883	ENSEEEG00000014780	NEUROD4
ENSP00000368648	ENSG00000152683	SLC30A6	ENSEEEP00000052934	ENSEEEG00000006454	SLC30A6
ENSP00000455385	ENSG00000225526	MKRN2OS	ENSEEEP00000030535	ENSEEEG00000014625	mkrn2os.1
ENSP00000231228	ENSG00000113302	IL12B	ENSEEEP00000004468	ENSEEEG00000002321	il12ba
ENSP00000465099	ENSG00000117877	POLR1G	ENSEEEP00000046584	ENSEEEG00000021938	cd3eap
ENSP00000262904	ENSG00000112242	E2F3	ENSEEEP00000001789	ENSEEEG00000001138	E2F3
ENSP00000579040	ENSG00000153071	DAB2	ENSEEEP00000033046	ENSEEEG00000015732	DAB2
ENSP00000358283	ENSG00000014123	UFL1	ENSEEEP00000010858	ENSEEEG00000005485	UFL1
ENSP00000307023	ENSG00000172059	KLF11	ENSEEEP00000036641	ENSEEEG00000017396	klf11b
ENSP00000254122	ENSG00000131808	FSHB	ENSEEEP00000054050	ENSEEEG00000003338	FSHB
ENSP00000544496	ENSG00000168936	TMEM129	ENSEEEP00000022775	ENSEEEG00000011044	TMEM129
ENSP00000221561	ENSG00000104964	TLE5	ENSEEEP00000064231	ENSEEEG00000026117	TLE5
ENSP00000264228	ENSG00000128039	SRD5A3	ENSEEEP00000040653	ENSEEEG00000019266	srd5a3
ENSP00000295448	ENSG00000163281	GNPDA2	ENSEEEP00000054059	ENSEEEG00000026290	GNPDA2
ENSP00000535271	ENSG00000167987	VPS37C	ENSEEEP00000005218	ENSEEEG00000002723	VPS37C
ENSP00000216629	ENSG00000100739	BDKRB1	ENSEEEP00000019430	ENSEEEG00000009516	BDKRB1
ENSP00000341504	ENSG00000172992	DCAKD	ENSEEEP00000016498	ENSEEEG00000008176	DCAKD
ENSP00000558549	ENSG00000145715	RASA1	ENSEEEP00000046367	ENSEEEG00000021475	rasa1a
ENSP00000306884	ENSG00000169248	CXCL11	ENSEEEP00000001593	ENSEEEG00000001017	cxcl11.1
ENSP00000610371	ENSG00000137522	RNF121	ENSEEEP00000043600	ENSEEEG00000020609	RNF121
ENSP00000556580	ENSG00000133641	RLIG1	ENSEEEP00000016059	ENSEEEG00000007955	C12orf29
ENSP00000226193	ENSG00000109047	RCVRN	ENSEEEP00000040304	ENSEEEG00000019106	rcvrna
ENSP00000334100	ENSG00000182473	EXOC7	ENSEEEP00000020667	ENSEEEG00000009139	exoc7
ENSP00000322570	ENSG00000177084	POLE	ENSEEEP00000053847	ENSEEEG00000008844	POLE
ENSP00000404251	ENSG00000144560	VGLL4	ENSEEEP00000063284	ENSEEEG00000028706	vgll4b
ENSP00000576510	ENSG00000149564	ESAM	ENSEEEP00000023491	ENSEEEG00000011389	esamb
ENSP00000562790	ENSG00000092020	PPP2R3C	ENSEEEP00000027477	ENSEEEG00000013235	PPP2R3C
ENSP00000262643	ENSG00000105173	CCNE1	ENSEEEP00000025804	ENSEEEG00000012489	CCNE1
ENSP00000273588	ENSG00000145020	AMT	ENSEEEP00000000845	ENSEEEG00000000290	amt
ENSP00000582661	ENSG00000037757	MRI1	ENSEEEP00000009472	ENSEEEG00000004835	MRI1
ENSP00000548227	ENSG00000149218	ENDOD1	ENSEEEP00000001188	ENSEEEG00000000806	
ENSP00000424865	ENSG00000013375	PGM3	ENSEEEP00000051259	ENSEEEG00000024054	PGM3
ENSP00000307369	ENSG00000169291	SHE	ENSEEEP00000023158	ENSEEEG00000011228	SHE
ENSP00000230053	ENSG00000112309	B3GAT2	ENSEEEP00000000990	ENSEEEG00000000673	B3GAT2
ENSP00000575023	ENSG00000078967	UBE2D4	ENSEEEP00000026457	ENSEEEG00000012605	ube2d4
ENSP00000798544	ENSG00000183726	TMEM50A	ENSEEEP00000057475	ENSEEEG00000013717	TMEM50A
ENSP00000566279	ENSG00000111845	PAK1IP1	ENSEEEP00000016868	ENSEEEG00000008357	PAK1IP1
ENSP00000376753	ENSG00000123159	GIPC1	ENSEEEP00000032076	ENSEEEG00000015301	GIPC1
ENSP00000743492	ENSG00000184990	SIVA1	ENSEEEP00000046130	ENSEEEG00000021737	siva1
ENSP00000519360	ENSG00000105607	GCDH	ENSEEEP00000039407	ENSEEEG00000018663	gcdhb
ENSP00000797871	ENSG00000106244	PDAP1	ENSEEEP00000010423	ENSEEEG00000005272	pdap1b
ENSP00000516406	ENSG00000176165	FOXG1	ENSEEEP00000004693	ENSEEEG00000002450	foxg1a
ENSP00000228284	ENSG00000075856	SART3	ENSEEEP00000049448	ENSEEEG00000023238	SART3
ENSP00000442057	ENSG00000100865	CINP	ENSEEEP00000035916	ENSEEEG00000017083	CINP
ENSP00000327197	ENSG00000119231	SENP5	ENSEEEP00000050817	ENSEEEG00000023867	SENP5
ENSP00000362273	ENSG00000116863	ADPRS	ENSEEEP00000035912	ENSEEEG00000017082	adprhl2
ENSP00000792052	ENSG00000205659	LIN52	ENSEEEP00000035947	ENSEEEG00000017095	LIN52
ENSP00000274063	ENSG00000145423	SFRP2	ENSEEEP00000051502	ENSEEEG00000024186	SFRP2
ENSP00000338807	ENSG00000168826	ZBTB49	ENSEEEP00000045856	ENSEEEG00000021614	ZBTB49
ENSP00000366434	ENSG00000087206	UIMC1	ENSEEEP00000044108	ENSEEEG00000020842	uimc1
ENSP00000586319	ENSG00000144827	ABHD10	ENSEEEP00000028679	ENSEEEG00000013779	tagln3b
ENSP00000320794	ENSG00000176542	USF3	ENSEEEP00000047167	ENSEEEG00000022198	USF3
ENSP00000538432	ENSG00000100580	TMED8	ENSEEEP00000053521	ENSEEEG00000027346	TMED8
ENSP00000260818	ENSG00000138246	DNAJC13	ENSEEEP00000018314	ENSEEEG00000008133	DNAJC13
ENSP00000222329	ENSG00000105722	ERF	ENSEEEP00000062951	ENSEEEG00000021074	ERF
ENSP00000554087	ENSG00000109805	NCAPG	ENSEEEP00000028348	ENSEEEG00000013614	NCAPG
ENSP00000599684	ENSG00000183763	TRAIP	ENSEEEP00000012542	ENSEEEG00000006280	TRAIP
ENSP00000565973	ENSG00000132837	DMGDH	ENSEEEP00000006503	ENSEEEG00000003103	DMGDH
ENSP00000377386	ENSG00000123329	ARHGAP9	ENSEEEP00000045777	ENSEEEG00000021582	ARHGAP9
ENSP00000679480	ENSG00000249242	TMEM150C	ENSEEEP00000005753	ENSEEEG00000003036	TMEM150C
ENSP00000636948	ENSG00000168724	DNAJC21	ENSEEEP00000028381	ENSEEEG00000013649	DNAJC21
ENSP00000376389	ENSG00000172794	RAB37	ENSEEEP00000037598	ENSEEEG00000017888	RAB37
ENSP00000501466	ENSG00000120458	MSANTD2	ENSEEEP00000018332	ENSEEEG00000009004	MSANTD2
ENSP00000623317	ENSG00000073050	XRCC1	ENSEEEP00000030213	ENSEEEG00000014482	XRCC1
ENSP00000340753	ENSG00000121577	POPDC2	ENSEEEP00000063094	ENSEEEG00000028509	pla1a
ENSP00000788044	ENSG00000197548	ATG7	ENSEEEP00000003806	ENSEEEG00000002036	ATG7
ENSP00000497060	ENSG00000145832	SLC25A48	ENSEEEP00000029829	ENSEEEG00000014291	SLC25A48
ENSP00000505779	ENSG00000168066	SF1	ENSEEEP00000011866	ENSEEEG00000005974	SF1
ENSP00000509174	ENSG00000179846	NKPD1	ENSEEEP00000026779	ENSEEEG00000012924	nkpd1
ENSP00000509788	ENSG00000031003	FAM13B	ENSEEEP00000029635	ENSEEEG00000014184	FAM13B
ENSP00000661567	ENSG00000117859	OSBPL9	ENSEEEP00000013171	ENSEEEG00000006606	OSBPL9
ENSP00000197268	ENSG00000084444	FAM234B	ENSEEEP00000020715	ENSEEEG00000010107	fam234b
ENSP00000280701	ENSG00000151093	OXSM	ENSEEEP00000011112	ENSEEEG00000005637	OXSM
ENSP00000521213	ENSG00000196151	WDSUB1	ENSEEEP00000064240	ENSEEEG00000008158	WDSUB1
ENSP00000368190	ENSG00000161270	NPHS1	ENSEEEP00000037025	ENSEEEG00000017583	NPHS1
ENSP00000684602	ENSG00000145293	ENOPH1	ENSEEEP00000005757	ENSEEEG00000003039	ENOPH1
ENSP00000415516	ENSG00000184937	WT1	ENSEEEP00000014619	ENSEEEG00000007256	wt1a
ENSP00000237853	ENSG00000118985	ELL2	ENSEEEP00000062257	ENSEEEG00000015017	ELL2
ENSP00000619858	ENSG00000164053	ATRIP	ENSEEEP00000016462	ENSEEEG00000008151	ATRIP
ENSP00000798489	ENSG00000173542	MOB1B	ENSEEEP00000003214	ENSEEEG00000001798	mob1ba
ENSP00000394352	ENSG00000150764	DIXDC1	ENSEEEP00000035235	ENSEEEG00000016764	dixdc1a
ENSP00000532652	ENSG00000143891	GALM	ENSEEEP00000006482	ENSEEEG00000003433	GALM
ENSP00000025399	ENSG00000023734	STRAP	ENSEEEP00000022094	ENSEEEG00000010738	STRAP
ENSP00000465432	ENSG00000104979	C19orf53	ENSEEEP00000056222	ENSEEEG00000028944	zgc:136864
ENSP00000278947	ENSG00000149575	SCN2B	ENSEEEP00000018619	ENSEEEG00000009155	SCN2B
ENSP00000628770	ENSG00000172399	MYOZ2	ENSEEEP00000009100	ENSEEEG00000004687	myoz2b
ENSP00000248244	ENSG00000127666	TICAM1	ENSEEEP00000012774	ENSEEEG00000006419	ticam1
ENSP00000525734	ENSG00000188505	NCCRP1	ENSEEEP00000042984	ENSEEEG00000020289	ATG10
ENSP00000227348	ENSG00000109943	CRTAM	ENSEEEP00000027341	ENSEEEG00000013193	CRTAM
ENSP00000226299	ENSG00000002549	LAP3	ENSEEEP00000016521	ENSEEEG00000008009	LAP3
ENSP00000425040	ENSG00000184305	CCSER1	ENSEEEP00000015704	ENSEEEG00000007776	CCSER1
ENSP00000511946	ENSG00000115761	NOL10	ENSEEEP00000018738	ENSEEEG00000008867	NOL10
ENSP00000340578	ENSG00000169435	RASSF6	ENSEEEP00000004929	ENSEEEG00000002570	RASSF6
ENSP00000370812	ENSG00000164283	ESM1	ENSEEEP00000034767	ENSEEEG00000016532	ESM1
ENSP00000296589	ENSG00000164175	SLC45A2	ENSEEEP00000030263	ENSEEEG00000014510	SLC45A2
ENSP00000522166	ENSG00000111144	LTA4H	ENSEEEP00000019971	ENSEEEG00000009489	LTA4H
ENSP00000294119	ENSG00000162191	UBXN1	ENSEEEP00000047994	ENSEEEG00000022609	UBXN1
ENSP00000613565	ENSG00000133247	KMT5C	ENSEEEP00000012992	ENSEEEG00000006536	KMT5C
ENSP00000679784	ENSG00000117533	VAMP4	ENSEEEP00000024522	ENSEEEG00000011891	VAMP4
ENSP00000642142	ENSG00000115526	CHST10	ENSEEEP00000039775	ENSEEEG00000018858	CHST10
ENSP00000664128	ENSG00000181513	ACBD4	ENSEEEP00000031934	ENSEEEG00000015240	ACBD4
ENSP00000471735	ENSG00000008382	MPND	ENSEEEP00000040494	ENSEEEG00000019179	MPND
ENSP00000261796	ENSG00000127743	IL17B	ENSEEEP00000017215	ENSEEEG00000008517	IL17B
ENSP00000313385	ENSG00000181826	RELL1	ENSEEEP00000040831	ENSEEEG00000019342	RELL1
ENSP00000776916	ENSG00000094880	CDC23	ENSEEEP00000001791	ENSEEEG00000000994	CDC23
ENSP00000538634	ENSG00000013288	MAN2B2	ENSEEEP00000042083	ENSEEEG00000019876	MAN2B2
ENSP00000598501	ENSG00000130695	CEP85	ENSEEEP00000023784	ENSEEEG00000011530	CEP85
ENSP00000773996	ENSG00000125743	SNRPD2	ENSEEEP00000031750	ENSEEEG00000015163	SNRPD2
ENSP00000794761	ENSG00000082068	WDR70	ENSEEEP00000019817	ENSEEEG00000009637	WDR70
ENSP00000330190	ENSG00000184271	POU6F1	ENSEEEP00000052101	ENSEEEG00000024439	POU6F1
ENSP00000437738	ENSG00000061936	SFSWAP	ENSEEEP00000054645	ENSEEEG00000015095	SFSWAP
ENSP00000633808	ENSG00000144366	GULP1	ENSEEEP00000009642	ENSEEEG00000004914	gulp1a
ENSP00000602557	ENSG00000130332	LSM7	ENSEEEP00000024349	ENSEEEG00000011778	LSM7
ENSP00000372316	ENSG00000130997	POLN	ENSEEEP00000012124	ENSEEEG00000006113	POLN
ENSP00000793837	ENSG00000081791	DELE1	ENSEEEP00000009594	ENSEEEG00000004899	TTC23
ENSP00000591821	ENSG00000149548	CCDC15	ENSEEEP00000010077	ENSEEEG00000005109	CCDC15
ENSP00000546380	ENSG00000168743	NPNT	ENSEEEP00000058907	ENSEEEG00000011370	npnta
ENSP00000643176	ENSG00000110917	MLEC	ENSEEEP00000050768	ENSEEEG00000023852	MLEC
ENSP00000261267	ENSG00000090382	LYZ	ENSEEEP00000042033	ENSEEEG00000019823	LYZ
ENSP00000237837	ENSG00000118972	FGF23	ENSEEEP00000051201	ENSEEEG00000024031	FGF23
ENSP00000266604	ENSG00000139233	LLPH	ENSEEEP00000052181	ENSEEEG00000024465	LLPH
ENSP00000350552	ENSG00000111783	RFX4	ENSEEEP00000008049	ENSEEEG00000004198	rfx4
ENSP00000419475	ENSG00000114744	COMMD2	ENSEEEP00000050921	ENSEEEG00000023917	COMMD2
ENSP00000261507	ENSG00000052802	MSMO1	ENSEEEP00000016705	ENSEEEG00000008279	MSMO1
ENSP00000395772	ENSG00000163938	GNL3	ENSEEEP00000010154	ENSEEEG00000005150	GNL3
ENSP00000253801	ENSG00000131482	G6PC1	ENSEEEP00000005191	ENSEEEG00000002705	g6pca.2
ENSP00000642136	ENSG00000143498	TAF1A	ENSEEEP00000044149	ENSEEEG00000020862	TAF1A
ENSP00000623798	ENSG00000113648	MACROH2A1	ENSEEEP00000007044	ENSEEEG00000003719	MACROH2A1
ENSP00000307701	ENSG00000168785	TSPAN5	ENSEEEP00000056138	ENSEEEG00000025632	tspan5a
ENSP00000498248	ENSG00000213516	RBMXL1	ENSEEEP00000052047	ENSEEEG00000024418	rbmx
ENSP00000179259	ENSG00000078237	TIGAR	ENSEEEP00000051204	ENSEEEG00000024034	tigarb
ENSP00000737044	ENSG00000079387	SENP1	ENSEEEP00000054035	ENSEEEG00000024718	gdf10b
ENSP00000345917	ENSG00000145220	LYAR	ENSEEEP00000045859	ENSEEEG00000021616	LYAR
ENSP00000514924	ENSG00000099341	PSMD8	ENSEEEP00000042497	ENSEEEG00000020067	PSMD8
ENSP00000691984	ENSG00000164111	ANXA5	ENSEEEP00000016985	ENSEEEG00000007984	anxa5b
ENSP00000320797	ENSG00000108423	TUBD1	ENSEEEP00000006317	ENSEEEG00000003361	TUBD1
ENSP00000586098	ENSG00000069248	NUP133	ENSEEEP00000038461	ENSEEEG00000017641	ATP13A2
ENSP00000315357	ENSG00000177917	ARL6IP6	ENSEEEP00000041790	ENSEEEG00000019762	arl6ip6
ENSP00000299886	ENSG00000166685	COG1	ENSEEEP00000034597	ENSEEEG00000016455	COG1
ENSP00000305877	ENSG00000171596	NMUR1	ENSEEEP00000006875	ENSEEEG00000003626	nmur1a
ENSP00000618606	ENSG00000185909	KLHDC8B	ENSEEEP00000011872	ENSEEEG00000005963	KLHDC8B
ENSP00000630104	ENSG00000105290	APLP1	ENSEEEP00000037092	ENSEEEG00000017609	APLP1
ENSP00000544926	ENSG00000161204	ABCF3	ENSEEEP00000041102	ENSEEEG00000019403	ABCF3
ENSP00000354053	ENSG00000120820	GLT8D2	ENSEEEP00000038055	ENSEEEG00000018061	GLT8D2
ENSP00000355955	ENSG00000117691	NENF	ENSEEEP00000059530	ENSEEEG00000026664	NENF
ENSP00000286317	ENSG00000155868	MED7	ENSEEEP00000022034	ENSEEEG00000010701	MED7
ENSP00000627168	ENSG00000123095	BHLHE41	ENSEEEP00000045913	ENSEEEG00000021643	BHLHE41
ENSP00000394114	ENSG00000137747	TMPRSS13	ENSEEEP00000037381	ENSEEEG00000017771	tmprss13b
ENSP00000341564	ENSG00000188582	PAQR9	ENSEEEP00000053233	ENSEEEG00000026292	GPR182
ENSP00000568718	ENSG00000090512	FETUB	ENSEEEP00000050847	ENSEEEG00000023884	si:ch211-284e20.8
ENSP00000539820	ENSG00000120860	WASHC3	ENSEEEP00000059782	ENSEEEG00000028806	WASHC3
ENSP00000322469	ENSG00000179021	C3orf38	ENSEEEP00000025019	ENSEEEG00000012137	si:ch211-261p9.4
ENSP00000371212	ENSG00000163694	RBM47	ENSEEEP00000016536	ENSEEEG00000008197	RBM47
ENSP00000488530	ENSG00000113966	ARL6	ENSEEEP00000059783	ENSEEEG00000026732	ARL6
ENSP00000588421	ENSG00000105404	RABAC1	ENSEEEP00000007159	ENSEEEG00000003779	RABAC1
ENSP00000334153	ENSG00000131378	RFTN1	ENSEEEP00000005660	ENSEEEG00000002981	RFTN1
ENSP00000347486	ENSG00000139714	MORN3	ENSEEEP00000029689	ENSEEEG00000014223	MORN3
ENSP00000013807	ENSG00000012061	ERCC1	ENSEEEP00000040762	ENSEEEG00000019317	ERCC1
ENSP00000596771	ENSG00000166881	NEMP1	ENSEEEP00000009837	ENSEEEG00000005008	NEMP1
ENSP00000561544	ENSG00000197798	FAM118B	ENSEEEP00000043808	ENSEEEG00000020703	FAM118B
ENSP00000386088	ENSG00000115970	THADA	ENSEEEP00000022083	ENSEEEG00000010728	THADA
ENSP00000355541	ENSG00000119285	HEATR1	ENSEEEP00000033216	ENSEEEG00000015178	HEATR1
ENSP00000411898	ENSG00000182585	EPGN	ENSEEEP00000039812	ENSEEEG00000018876	
ENSP00000040584	ENSG00000037965	HOXC8	ENSEEEP00000043121	ENSEEEG00000020360	hoxc8a
ENSP00000703732	ENSG00000180354	MTURN	ENSEEEP00000028157	ENSEEEG00000013552	MTURN
ENSP00000274569	ENSG00000145882	PCYOX1L	ENSEEEP00000029645	ENSEEEG00000014195	PCYOX1L
ENSP00000307183	ENSG00000168556	ING2	ENSEEEP00000018553	ENSEEEG00000009116	ING2
ENSP00000264596	ENSG00000109674	NEIL3	ENSEEEP00000012751	ENSEEEG00000006410	NEIL3
ENSP00000618614	ENSG00000198074	AKR1B10	ENSEEEP00000061446	ENSEEEG00000010622	akr1b1.1
ENSP00000296513	ENSG00000164113	ADAD1	ENSEEEP00000017221	ENSEEEG00000008521	ADAD1
ENSP00000538354	ENSG00000142784	WDTC1	ENSEEEP00000029628	ENSEEEG00000014181	WDTC1
ENSP00000311513	ENSG00000048649	RSF1	ENSEEEP00000019153	ENSEEEG00000009395	rsf1b.1
ENSP00000575309	ENSG00000039537	C6	ENSEEEP00000014872	ENSEEEG00000007260	C6
ENSP00000633484	ENSG00000004766	VPS50	ENSEEEP00000044761	ENSEEEG00000020678	VPS50
ENSP00000529458	ENSG00000163159	VPS72	ENSEEEP00000045418	ENSEEEG00000021441	vps72b
ENSP00000549750	ENSG00000105186	ANKRD27	ENSEEEP00000039715	ENSEEEG00000018831	ANKRD27
ENSP00000644569	ENSG00000197111	PCBP2	ENSEEEP00000029932	ENSEEEG00000014220	pcbp2
ENSP00000684296	ENSG00000118855	MFSD1	ENSEEEP00000025632	ENSEEEG00000012431	MFSD1
ENSP00000644203	ENSG00000187546	AGMO	ENSEEEP00000002708	ENSEEEG00000001564	AGMO
ENSP00000223324	ENSG00000106591	MRPL32	ENSEEEP00000008096	ENSEEEG00000004216	MRPL32
ENSP00000357904	ENSG00000163155	LYSMD1	ENSEEEP00000045398	ENSEEEG00000021428	LYSMD1
ENSP00000349785	ENSG00000197769	MAP1LC3C	ENSEEEP00000056373	ENSEEEG00000027778	MAP1LC3C
ENSP00000419266	ENSG00000106038	EVX1	ENSEEEP00000002598	ENSEEEG00000001499	EVX1
ENSP00000380150	ENSG00000198286	CARD11	ENSEEEP00000000036	ENSEEEG00000000018	CARD11
ENSP00000630055	ENSG00000074416	MGLL	ENSEEEP00000045632	ENSEEEG00000021528	MGLL
ENSP00000700926	ENSG00000008311	AASS	ENSEEEP00000040717	ENSEEEG00000019065	AASS
ENSP00000352544	ENSG00000145920	CPLX2	ENSEEEP00000029826	ENSEEEG00000014289	CPLX2
ENSP00000265074	ENSG00000113389	NPR3	ENSEEEP00000048536	ENSEEEG00000022824	NPR3
ENSP00000272746	ENSG00000115935	WIPF1	ENSEEEP00000060975	ENSEEEG00000027455	
ENSP00000430100	ENSG00000094755	GABRP	ENSEEEP00000044069	ENSEEEG00000020829	gabrb2a
ENSP00000273550	ENSG00000167996	FTH1	ENSEEEP00000034661	ENSEEEG00000016476	FTH1
ENSP00000592254	ENSG00000187118	CMC1	ENSEEEP00000029573	ENSEEEG00000014168	CMC1
ENSP00000629664	ENSG00000121289	CEP89	ENSEEEP00000037459	ENSEEEG00000017811	CEP89
ENSP00000283109	ENSG00000058729	RIOK2	ENSEEEP00000046933	ENSEEEG00000022089	RIOK2
ENSP00000696228	ENSG00000171824	EXOSC10	ENSEEEP00000041080	ENSEEEG00000019443	EXOSC10
ENSP00000534926	ENSG00000167771	RCOR2	ENSEEEP00000049637	ENSEEEG00000023349	RCOR2
ENSP00000545938	ENSG00000016391	CHDH	ENSEEEP00000002813	ENSEEEG00000001615	CHDH
ENSP00000610902	ENSG00000145912	NHP2	ENSEEEP00000014933	ENSEEEG00000007437	NHP2
ENSP00000085219	ENSG00000012124	CD22	ENSEEEP00000002645	ENSEEEG00000001527	si:dkey-24p1.1
ENSP00000659053	ENSG00000198624	CCDC69	ENSEEEP00000030567	ENSEEEG00000014641	ccdc69
ENSP00000562303	ENSG00000185475	TMEM179B	ENSEEEP00000010543	ENSEEEG00000005346	TMEM179B
ENSP00000562937	ENSG00000149182	ARFGAP2	ENSEEEP00000033168	ENSEEEG00000015744	ARFGAP2
ENSP00000550110	ENSG00000144840	RABL3	ENSEEEP00000040725	ENSEEEG00000019301	RABL3
ENSP00000238875	ENSG00000119862	LGALSL	ENSEEEP00000004983	ENSEEEG00000002594	lgalslb
ENSP00000307235	ENSG00000172071	EIF2AK3	ENSEEEP00000043454	ENSEEEG00000020458	EIF2AK3
ENSP00000707103	ENSG00000237190	CDKN2AIPNL	ENSEEEP00000051773	ENSEEEG00000024309	CDKN2AIPNL
ENSP00000597638	ENSG00000179029	TMEM107	ENSEEEP00000017480	ENSEEEG00000008651	tmem107
ENSP00000637141	ENSG00000152409	JMY	ENSEEEP00000005577	ENSEEEG00000002927	JMY
ENSP00000727919	ENSG00000173818	ENDOV	ENSEEEP00000009146	ENSEEEG00000004708	ENDOV
ENSP00000373312	ENSG00000157020	SEC13	ENSEEEP00000049575	ENSEEEG00000023311	SEC13
ENSP00000495557	ENSG00000177807	KCNJ10	ENSEEEP00000027227	ENSEEEG00000013138	kcnj10a
ENSP00000499133	ENSG00000185129	PURA	ENSEEEP00000045245	ENSEEEG00000021354	puraa
ENSP00000792842	ENSG00000126453	BCL2L12	ENSEEEP00000028621	ENSEEEG00000013751	si:ch73-248e21.1
ENSP00000231668	ENSG00000113734	BNIP1	ENSEEEP00000055294	ENSEEEG00000026385	bnip1b
ENSP00000597025	ENSG00000106608	URGCP	ENSEEEP00000057646	ENSEEEG00000028285	si:dkey-85k7.12
ENSP00000479598	ENSG00000171792	RHNO1	ENSEEEP00000063142	ENSEEEG00000025087	si:ch73-352p4.5
ENSP00000323074	ENSG00000108557	RAI1	ENSEEEP00000030098	ENSEEEG00000014425	RAI1
ENSP00000410926	ENSG00000185621	LMLN	ENSEEEP00000022870	ENSEEEG00000011105	LMLN
ENSP00000553048	ENSG00000050426	LETMD1	ENSEEEP00000009713	ENSEEEG00000004945	LETMD1
ENSP00000584462	ENSG00000010244	ZNF207	ENSEEEP00000058757	ENSEEEG00000004566	znf207a
ENSP00000551184	ENSG00000010270	STARD3NL	ENSEEEP00000050116	ENSEEEG00000023573	STARD3NL
ENSP00000797785	ENSG00000158985	CDC42SE2	ENSEEEP00000041377	ENSEEEG00000019579	CDC42SE2
ENSP00000694201	ENSG00000169228	RAB24	ENSEEEP00000053281	ENSEEEG00000029044	RAB24
ENSP00000311899	ENSG00000123977	DAW1	ENSEEEP00000026687	ENSEEEG00000012787	DAW1
ENSP00000557155	ENSG00000105499	PLA2G4C	ENSEEEP00000059533	ENSEEEG00000026016	
ENSP00000263409	ENSG00000113594	LIFR	ENSEEEP00000016029	ENSEEEG00000007940	lifra
ENSP00000534842	ENSG00000169919	GUSB	ENSEEEP00000003755	ENSEEEG00000002023	GUSB
ENSP00000332103	ENSG00000183011	NAA38	ENSEEEP00000054376	ENSEEEG00000025760	NAA38
ENSP00000656921	ENSG00000138434	ITPRID2	ENSEEEP00000061970	ENSEEEG00000024886	
ENSP00000386156	ENSG00000170473	PYM1	ENSEEEP00000023452	ENSEEEG00000011371	PYM1
ENSP00000586208	ENSG00000129197	RPAIN	ENSEEEP00000050543	ENSEEEG00000023771	RPAIN
ENSP00000606696	ENSG00000111752	PHC1	ENSEEEP00000054546	ENSEEEG00000023987	PHC1
ENSP00000321326	ENSG00000181104	F2R	ENSEEEP00000013823	ENSEEEG00000006874	F2R
ENSP00000424328	ENSG00000112996	MRPS30	ENSEEEP00000047557	ENSEEEG00000022389	MRPS30
ENSP00000735780	ENSG00000039560	RAI14	ENSEEEP00000030251	ENSEEEG00000014500	RAI14
ENSP00000537293	ENSG00000170293	CMTM8	ENSEEEP00000026189	ENSEEEG00000012660	cmtm8a
ENSP00000760409	ENSG00000198258	UBL5	ENSEEEP00000029741	ENSEEEG00000014250	UBL5
ENSP00000751709	ENSG00000180773	SLC36A4	ENSEEEP00000047085	ENSEEEG00000022164	SLC36A4
ENSP00000540291	ENSG00000006015	REX1BD	ENSEEEP00000005470	ENSEEEG00000002872	REX1BD
ENSP00000561689	ENSG00000143217	NECTIN4	ENSEEEP00000035073	ENSEEEG00000016678	nectin4b
ENSP00000705051	ENSG00000167311	ART5	ENSEEEP00000009075	ENSEEEG00000004677	si:ch211-145b13.6
ENSP00000601034	ENSG00000109118	PHF12	ENSEEEP00000058738	ENSEEEG00000027029	phf12a
ENSP00000581406	ENSG00000110344	UBE4A	ENSEEEP00000019611	ENSEEEG00000009606	UBE4A
ENSP00000724262	ENSG00000108666	C17orf75	ENSEEEP00000020180	ENSEEEG00000009856	C17orf75
ENSP00000601566	ENSG00000162636	EEIG2	ENSEEEP00000004552	ENSEEEG00000002374	fam102bb
ENSP00000378356	ENSG00000112984	KIF20A	ENSEEEP00000001513	ENSEEEG00000000982	KIF20A
ENSP00000295092	ENSG00000162981	LRATD1	ENSEEEP00000000402	ENSEEEG00000000302	LRATD1
ENSP00000327647	ENSG00000169372	CRADD	ENSEEEP00000062020	ENSEEEG00000028445	CRADD
ENSP00000240316	ENSG00000121058	COIL	ENSEEEP00000010326	ENSEEEG00000005233	COIL
ENSP00000618025	ENSG00000157637	SLC38A10	ENSEEEP00000011687	ENSEEEG00000005883	SLC38A10
ENSP00000797900	ENSG00000124356	STAMBP	ENSEEEP00000026500	ENSEEEG00000012823	stambpb
ENSP00000339802	ENSG00000189127	ANKRD34B	ENSEEEP00000035987	ENSEEEG00000017121	ankrd34bb
ENSP00000586003	ENSG00000121653	MAPK8IP1	ENSEEEP00000007526	ENSEEEG00000003934	MAPK8IP1
ENSP00000525906	ENSG00000143369	ECM1	ENSEEEP00000041531	ENSEEEG00000019642	ecm1b
ENSP00000353785	ENSG00000171368	TPPP	ENSEEEP00000055641	ENSEEEG00000024702	TPPP
ENSP00000509891	ENSG00000178105	DDX10	ENSEEEP00000009697	ENSEEEG00000004683	DDX10
ENSP00000306397	ENSG00000169021	UQCRFS1	ENSEEEP00000000289	ENSEEEG00000000214	UQCRFS1
ENSP00000424495	ENSG00000113761	ZNF346	ENSEEEP00000061463	ENSEEEG00000024955	ZNF346
ENSP00000368591	ENSG00000162571	TTLL10	ENSEEEP00000030141	ENSEEEG00000014451	
ENSP00000776554	ENSG00000142546	NOSIP	ENSEEEP00000028599	ENSEEEG00000013735	NOSIP
ENSP00000795601	ENSG00000113328	CCNG1	ENSEEEP00000048403	ENSEEEG00000022784	CCNG1
ENSP00000300650	ENSG00000167257	RNF214	ENSEEEP00000037337	ENSEEEG00000017749	rnf214
ENSP00000678995	ENSG00000028310	BRD9	ENSEEEP00000021392	ENSEEEG00000010419	BRD9
ENSP00000638448	ENSG00000108405	P2RX1	ENSEEEP00000010835	ENSEEEG00000005457	P2RX1
ENSP00000310729	ENSG00000122557	HERPUD2	ENSEEEP00000024557	ENSEEEG00000011907	HERPUD2
ENSP00000466613	ENSG00000092931	MFSD11	ENSEEEP00000047450	ENSEEEG00000022325	MFSD11
ENSP00000417841	ENSG00000185055	EFCAB10	ENSEEEP00000018739	ENSEEEG00000009210	si:dkey-42p14.3
ENSP00000505402	ENSG00000169379	ARL13B	ENSEEEP00000027321	ENSEEEG00000013181	ARL13B
ENSP00000351100	ENSG00000120314	WDR55	ENSEEEP00000000300	ENSEEEG00000000218	WDR55
ENSP00000551099	ENSG00000143224	PPOX	ENSEEEP00000023887	ENSEEEG00000011580	PPOX
ENSP00000523713	ENSG00000115365	LANCL1	ENSEEEP00000040489	ENSEEEG00000019176	LANCL1
ENSP00000423152	ENSG00000171421	MRPL36	ENSEEEP00000037734	ENSEEEG00000017936	mrpl36
ENSP00000426387	ENSG00000177311	ZBTB38	ENSEEEP00000062915	ENSEEEG00000003266	zbtb38
ENSP00000432463	ENSG00000146067	FAM193B	ENSEEEP00000062160	ENSEEEG00000019639	FAM193B
ENSP00000376952	ENSG00000154920	EME1	ENSEEEP00000051609	ENSEEEG00000024234	EME1
ENSP00000225873	ENSG00000108733	PEX12	ENSEEEP00000008727	ENSEEEG00000004526	PEX12
ENSP00000223023	ENSG00000106299	WASL	ENSEEEP00000058122	ENSEEEG00000017988	wasla
ENSP00000376794	ENSG00000168917	SLC35G2	ENSEEEP00000038902	ENSEEEG00000018456	slc35g2b
ENSP00000628748	ENSG00000138468	SENP7	ENSEEEP00000059595	ENSEEEG00000008260	senp7
ENSP00000476236	ENSG00000272391	POM121C	ENSEEEP00000036953	ENSEEEG00000017551	pom121
ENSP00000501934	ENSG00000196704	AMZ2	ENSEEEP00000023787	ENSEEEG00000011533	AMZ2
ENSP00000272928	ENSG00000144476	ACKR3	ENSEEEP00000038872	ENSEEEG00000018437	ackr3b
ENSP00000788211	ENSG00000115956	PLEK	ENSEEEP00000060720	ENSEEEG00000008997	PLEK
ENSP00000353089	ENSG00000161547	SRSF2	ENSEEEP00000042191	ENSEEEG00000019929	srsf2a
ENSP00000351922	ENSG00000127914	AKAP9	ENSEEEP00000012889	ENSEEEG00000006479	akap9
ENSP00000296695	ENSG00000164266	SPINK1	ENSEEEP00000058241	ENSEEEG00000025139	spink2.1
ENSP00000433825	ENSG00000054118	THRAP3	ENSEEEP00000045026	ENSEEEG00000021253	thrap3b
ENSP00000561091	ENSG00000137491	SLCO2B1	ENSEEEP00000040898	ENSEEEG00000019371	SLCO2B1
ENSP00000429366	ENSG00000177556	ATOX1	ENSEEEP00000029970	ENSEEEG00000014358	atox1
ENSP00000566832	ENSG00000129596	CDO1	ENSEEEP00000015731	ENSEEEG00000007791	CDO1
ENSP00000615503	ENSG00000106635	BCL7B	ENSEEEP00000062156	ENSEEEG00000022850	bcl7bb
ENSP00000776774	ENSG00000108861	DUSP3	ENSEEEP00000023945	ENSEEEG00000011628	DUSP3
ENSP00000583003	ENSG00000161682	FAM171A2	ENSEEEP00000016501	ENSEEEG00000008178	fam171a2b
ENSP00000742324	ENSG00000182158	CREB3L2	ENSEEEP00000043169	ENSEEEG00000020384	CREB3L2
ENSP00000296921	ENSG00000164438	TLX3	ENSEEEP00000002283	ENSEEEG00000001370	tlx3b
ENSP00000585359	ENSG00000110713	NUP98	ENSEEEP00000040966	ENSEEEG00000019383	NUP98
ENSP00000545342	ENSG00000184371	CSF1	ENSEEEP00000036466	ENSEEEG00000017334	
ENSP00000367936	ENSG00000164405	UQCRQ	ENSEEEP00000031142	ENSEEEG00000014916	UQCRQ
ENSP00000379640	ENSG00000105997	HOXA3	ENSEEEP00000002614	ENSEEEG00000001510	hoxa4a
ENSP00000608872	ENSG00000170085	SIMC1	ENSEEEP00000061735	ENSEEEG00000000822	si:ch211-199b20.3
ENSP00000252723	ENSG00000130427	EPO	ENSEEEP00000032640	ENSEEEG00000015543	epoa
ENSP00000481032	ENSG00000142765	SYTL1	ENSEEEP00000029257	ENSEEEG00000014023	SYTL1
ENSP00000326200	ENSG00000066422	ZBTB11	ENSEEEP00000011601	ENSEEEG00000005836	ZBTB11
ENSP00000515478	ENSG00000173706	HEG1	ENSEEEP00000023150	ENSEEEG00000011225	HEG1
ENSP00000596970	ENSG00000143320	CRABP2	ENSEEEP00000026866	ENSEEEG00000012971	crabp2a
ENSP00000393333	ENSG00000006638	TBXA2R	ENSEEEP00000025087	ENSEEEG00000012163	TBXA2R
ENSP00000591188	ENSG00000176390	CRLF3	ENSEEEP00000061684	ENSEEEG00000006489	CRLF3
ENSP00000294889	ENSG00000162817	C1orf115	ENSEEEP00000033455	ENSEEEG00000015905	c13h1orf115
ENSP00000527533	ENSG00000183077	AFMID	ENSEEEP00000046253	ENSEEEG00000021787	AFMID
ENSP00000254260	ENSG00000131941	RHPN2	ENSEEEP00000037923	ENSEEEG00000017830	RHPN2
ENSP00000550184	ENSG00000105755	ETHE1	ENSEEEP00000060428	ENSEEEG00000014478	ETHE1
ENSP00000514321	ENSG00000116044	NFE2L2	ENSEEEP00000062289	ENSEEEG00000026803	nfe2l2a
ENSP00000587066	ENSG00000099625	CBARP	ENSEEEP00000047736	ENSEEEG00000022472	CBARP
ENSP00000464814	ENSG00000068120	COASY	ENSEEEP00000001568	ENSEEEG00000001007	COASY
ENSP00000513301	ENSG00000083454	P2RX5	ENSEEEP00000011865	ENSEEEG00000005972	p2rx5
ENSP00000248572	ENSG00000127928	GNGT1	ENSEEEP00000044911	ENSEEEG00000021199	GNGT1
ENSP00000709597	ENSG00000205356	TECPR1	ENSEEEP00000008923	ENSEEEG00000004604	tecpr1b
ENSP00000547514	ENSG00000126432	PRDX5	ENSEEEP00000039728	ENSEEEG00000029060	tmem176
ENSP00000335397	ENSG00000186907	RTN4RL2	ENSEEEP00000007358	ENSEEEG00000003864	rtn4rl2a
ENSP00000363250	ENSG00000142751	GPN2	ENSEEEP00000013771	ENSEEEG00000006860	GPN2
ENSP00000464231	ENSG00000125434	SLC25A35	ENSEEEP00000039132	ENSEEEG00000018586	SLC25A35
ENSP00000534567	ENSG00000110057	UNC93B1	ENSEEEP00000007382	ENSEEEG00000003871	UNC93B1
ENSP00000332448	ENSG00000213638	ADAT3	ENSEEEP00000049397	ENSEEEG00000023213	adat3
ENSP00000557487	ENSG00000171962	DRC3	ENSEEEP00000040460	ENSEEEG00000019162	DRC3
ENSP00000359679	ENSG00000174021	GNG5	ENSEEEP00000023757	ENSEEEG00000011508	gng5
ENSP00000433681	ENSG00000151503	NCAPD3	ENSEEEP00000061826	ENSEEEG00000015434	NCAPD3
ENSP00000270502	ENSG00000142444	TIMM29	ENSEEEP00000008830	ENSEEEG00000004562	TIMM29
ENSP00000328083	ENSG00000183111	ARHGEF37	ENSEEEP00000029685	ENSEEEG00000014219	ARHGEF37
ENSP00000622976	ENSG00000093167	LRRFIP2	ENSEEEP00000016180	ENSEEEG00000008003	LRRFIP2
ENSP00000427401	ENSG00000153006	SREK1IP1	ENSEEEP00000023096	ENSEEEG00000011206	SREK1IP1
ENSP00000374152	ENSG00000135632	SMYD5	ENSEEEP00000030992	ENSEEEG00000014800	SMYD5
ENSP00000598125	ENSG00000135093	USP30	ENSEEEP00000043581	ENSEEEG00000020592	USP30
ENSP00000612709	ENSG00000166263	STXBP4	ENSEEEP00000017839	ENSEEEG00000008810	ACTB
ENSP00000692518	ENSG00000105258	POLR2I	ENSEEEP00000053276	ENSEEEG00000015160	POLR2I
ENSP00000521394	ENSG00000205765	RIMOC1	ENSEEEP00000005001	ENSEEEG00000002603	C5orf51
ENSP00000253233	ENSG00000130921	MTRFR	ENSEEEP00000020659	ENSEEEG00000010077	MTRFR
ENSP00000572974	ENSG00000037474	NSUN2	ENSEEEP00000038890	ENSEEEG00000018419	NSUN2
ENSP00000241051	ENSG00000121690	DEPDC7	ENSEEEP00000002693	ENSEEEG00000001558	depdc7a
ENSP00000516165	ENSG00000182446	NPLOC4	ENSEEEP00000001782	ENSEEEG00000000454	NPLOC4
ENSP00000376611	ENSG00000139372	TDG	ENSEEEP00000043882	ENSEEEG00000020741	tdg.1
ENSP00000270631	ENSG00000142538	PTH2	ENSEEEP00000061729	ENSEEEG00000027443	pth2
ENSP00000528083	ENSG00000137507	LRRC32	ENSEEEP00000025643	ENSEEEG00000012441	LRRC32
ENSP00000480157	ENSG00000276231	PIK3R6	ENSEEEP00000043828	ENSEEEG00000020715	PIK3R6
ENSP00000292090	ENSG00000160606	TLCD1	ENSEEEP00000007129	ENSEEEG00000003765	TLCD1
ENSP00000268933	ENSG00000049283	EPN3	ENSEEEP00000028742	ENSEEEG00000013812	epn3a
ENSP00000463159	ENSG00000160392	C19orf47	ENSEEEP00000033325	ENSEEEG00000015836	C19orf47
ENSP00000674388	ENSG00000167740	CYB5D2	ENSEEEP00000055408	ENSEEEG00000028182	CYB5D2
ENSP00000587221	ENSG00000108106	UBE2S	ENSEEEP00000026540	ENSEEEG00000012839	UBE2S
ENSP00000606826	ENSG00000094804	CDC6	ENSEEEP00000036001	ENSEEEG00000017128	CDC6
ENSP00000632936	ENSG00000067113	PLPP1	ENSEEEP00000041328	ENSEEEG00000019553	plpp1a
ENSP00000501355	ENSG00000173928	SWSAP1	ENSEEEP00000038997	ENSEEEG00000018503	SWSAP1
ENSP00000253237	ENSG00000105447	GRWD1	ENSEEEP00000026565	ENSEEEG00000012850	GRWD1
ENSP00000433427	ENSG00000185305	ARL15	ENSEEEP00000024180	ENSEEEG00000011729	APOM
ENSP00000725987	ENSG00000002822	MAD1L1	ENSEEEP00000025702	ENSEEEG00000012405	MAD1L1
ENSP00000424798	ENSG00000177034	MTX3	ENSEEEP00000027810	ENSEEEG00000013390	MTX3
ENSP00000205948	ENSG00000091583	APOH	ENSEEEP00000056303	ENSEEEG00000005660	APOH
ENSP00000462159	ENSG00000109101	FOXN1	ENSEEEP00000019125	ENSEEEG00000009380	FOXN1
ENSP00000321706	ENSG00000179409	GEMIN4	ENSEEEP00000059937	ENSEEEG00000029019	GEMIN4
ENSP00000664594	ENSG00000163431	LMOD1	ENSEEEP00000052842	ENSEEEG00000025944	lmod1a
ENSP00000264711	ENSG00000115137	DNAJC27	ENSEEEP00000041911	ENSEEEG00000019806	DNAJC27
ENSP00000494186	ENSG00000105928	GSDME	ENSEEEP00000031193	ENSEEEG00000014945	gsdmeb
ENSP00000442400	ENSG00000157992	KRTCAP3	ENSEEEP00000041117	ENSEEEG00000019455	KRTCAP3
ENSP00000531372	ENSG00000039650	PNKP	ENSEEEP00000050356	ENSEEEG00000023660	PNKP
ENSP00000430514	ENSG00000106536	POU6F2	ENSEEEP00000015227	ENSEEEG00000007579	POU6F2
ENSP00000375909	ENSG00000153820	SPHKAP	ENSEEEP00000026410	ENSEEEG00000012782	sphkap
ENSP00000296777	ENSG00000164326	CARTPT	ENSEEEP00000045649	ENSEEEG00000021530	cart2
ENSP00000528371	ENSG00000049541	RFC2	ENSEEEP00000010158	ENSEEEG00000005052	RFC2
ENSP00000793069	ENSG00000153574	RPIA	ENSEEEP00000043298	ENSEEEG00000020452	RPIA
ENSP00000644977	ENSG00000113140	SPARC	ENSEEEP00000029964	ENSEEEG00000014307	SPARC
ENSP00000636822	ENSG00000087502	ERGIC2	ENSEEEP00000046647	ENSEEEG00000021964	ERGIC2
ENSP00000504151	ENSG00000185359	HGS	ENSEEEP00000030647	ENSEEEG00000013851	HGS
ENSP00000417003	ENSG00000178385	PLEKHM3	ENSEEEP00000063526	ENSEEEG00000026408	PLEKHM3
ENSP00000376172	ENSG00000003436	TFPI	ENSEEEP00000009637	ENSEEEG00000004911	tfpia
ENSP00000503801	ENSG00000150773	PIH1D2	ENSEEEP00000035241	ENSEEEG00000025551	pih1d2
ENSP00000585919	ENSG00000089154	GCN1	ENSEEEP00000011755	ENSEEEG00000003834	GCN1
ENSP00000507696	ENSG00000141556	TBCD	ENSEEEP00000038255	ENSEEEG00000017425	TBCD
ENSP00000265140	ENSG00000133302	SLF1	ENSEEEP00000030169	ENSEEEG00000014464	SLF1
ENSP00000348132	ENSG00000196335	STK31	ENSEEEP00000031802	ENSEEEG00000015186	STK31
ENSP00000284274	ENSG00000154124	OTULIN	ENSEEEP00000015233	ENSEEEG00000007581	otulina
ENSP00000270538	ENSG00000104980	TIMM44	ENSEEEP00000012746	ENSEEEG00000006225	TIMM44
ENSP00000790245	ENSG00000162869	PPP1R21	ENSEEEP00000009452	ENSEEEG00000004827	PPP1R21
ENSP00000538865	ENSG00000129625	REEP5	ENSEEEP00000042996	ENSEEEG00000020293	REEP5
ENSP00000399902	ENSG00000106367	AP1S1	ENSEEEP00000024359	ENSEEEG00000011803	AP1S1
ENSP00000263593	ENSG00000110013	SIAE	ENSEEEP00000033357	ENSEEEG00000015854	SIAE
ENSP00000750116	ENSG00000184863	RBM33	ENSEEEP00000019456	ENSEEEG00000009538	CREB5
ENSP00000537007	ENSG00000113360	DROSHA	ENSEEEP00000049191	ENSEEEG00000023008	DROSHA
ENSP00000526718	ENSG00000106554	CHCHD3	ENSEEEP00000001716	ENSEEEG00000001097	chchd3a
ENSP00000520510	ENSG00000146834	MEPCE	ENSEEEP00000005334	ENSEEEG00000002788	MEPCE
ENSP00000387099	ENSG00000142102	PGGHG	ENSEEEP00000020421	ENSEEEG00000009955	PGGHG
ENSP00000797666	ENSG00000114999	TTL	ENSEEEP00000064198	ENSEEEG00000025385	TTL
ENSP00000624763	ENSG00000111684	LPCAT3	ENSEEEP00000025784	ENSEEEG00000012498	LPCAT3
ENSP00000258400	ENSG00000135914	HTR2B	ENSEEEP00000029557	ENSEEEG00000014149	HTR2B
ENSP00000386227	ENSG00000171444	MCC	ENSEEEP00000039931	ENSEEEG00000018925	MCC
ENSP00000262662	ENSG00000123080	CDKN2C	ENSEEEP00000001660	ENSEEEG00000001064	CDKN2C
ENSP00000580017	ENSG00000185633	COXFA4L2	ENSEEEP00000029954	ENSEEEG00000014349	ndufa4l2a
ENSP00000422338	ENSG00000150756	ATPSCKMT	ENSEEEP00000059295	ENSEEEG00000025987	atpsckmt
ENSP00000483403	ENSG00000112964	GHR	ENSEEEP00000043432	ENSEEEG00000020529	ghra
ENSP00000282091	ENSG00000152266	PTH	ENSEEEP00000015861	ENSEEEG00000007839	pth1a
ENSP00000312436	ENSG00000123405	NFE2	ENSEEEP00000057131	ENSEEEG00000024905	NFE2
ENSP00000447947	ENSG00000123352	SPATS2	ENSEEEP00000023448	ENSEEEG00000011368	SPATS2
ENSP00000626552	ENSG00000198952	SMG5	ENSEEEP00000054499	ENSEEEG00000020049	SMG5
ENSP00000269385	ENSG00000141570	CBX8	ENSEEEP00000055944	ENSEEEG00000025747	cbx8b
ENSP00000596636	ENSG00000113621	TXNDC15	ENSEEEP00000011882	ENSEEEG00000005982	TXNDC15
ENSP00000272452	ENSG00000198075	SULT1C4	ENSEEEP00000048175	ENSEEEG00000022677	sult1st6
ENSP00000432097	ENSG00000162139	NEU3	ENSEEEP00000005816	ENSEEEG00000003083	neu3.1
ENSP00000612000	ENSG00000068697	LAPTM4A	ENSEEEP00000030000	ENSEEEG00000014382	LAPTM4A
ENSP00000585375	ENSG00000105821	DNAJC2	ENSEEEP00000064628	ENSEEEG00000022102	DNAJC2
ENSP00000431164	ENSG00000172367	NHERF4	ENSEEEP00000019540	ENSEEEG00000009579	pdzd3a
ENSP00000789825	ENSG00000158552	ZFAND2B	ENSEEEP00000000862	ENSEEEG00000000588	ZFAND2A
ENSP00000302289	ENSG00000170571	EMB	ENSEEEP00000047555	ENSEEEG00000022387	sytl2a
ENSP00000312379	ENSG00000005483	KMT2E	ENSEEEP00000053970	ENSEEEG00000024476	KMT2E
ENSP00000467556	ENSG00000186566	GPATCH8	ENSEEEP00000057818	ENSEEEG00000003600	GPATCH8
ENSP00000608791	ENSG00000115942	ORC2	ENSEEEP00000046331	ENSEEEG00000021798	ORC2
ENSP00000563354	ENSG00000126581	BECN1	ENSEEEP00000047561	ENSEEEG00000022381	BECN1
ENSP00000508389	ENSG00000131844	MCCC2	ENSEEEP00000033040	ENSEEEG00000015725	MCCC2
ENSP00000638955	ENSG00000165915	SLC39A13	ENSEEEP00000006257	ENSEEEG00000003333	SLC39A13
ENSP00000639834	ENSG00000163382	NAXE	ENSEEEP00000050833	ENSEEEG00000023873	NAXE
ENSP00000323889	ENSG00000121060	TRIM25	ENSEEEP00000012070	ENSEEEG00000006091	TRIM25
ENSP00000346378	ENSG00000113108	APBB3	ENSEEEP00000062172	ENSEEEG00000027891	APBB3
ENSP00000716074	ENSG00000144357	UBR3	ENSEEEP00000051851	ENSEEEG00000024324	UBR3
ENSP00000248600	ENSG00000127952	STYXL1	ENSEEEP00000036937	ENSEEEG00000017541	STYXL1
ENSP00000592130	ENSG00000214114	MYCBP	ENSEEEP00000000993	ENSEEEG00000000670	mycbp
ENSP00000266754	ENSG00000139354	GAS2L3	ENSEEEP00000058389	ENSEEEG00000027671	GAS2L3
ENSP00000304713	ENSG00000170903	MSANTD4	ENSEEEP00000003035	ENSEEEG00000001713	MSANTD4
ENSP00000489959	ENSG00000157211	CDCP2	ENSEEEP00000023562	ENSEEEG00000011422	CDCP2
ENSP00000563551	ENSG00000141524	TMC6	ENSEEEP00000046167	ENSEEEG00000021714	TMC6
ENSP00000627804	ENSG00000076706	MCAM	ENSEEEP00000009667	ENSEEEG00000004926	mcama
ENSP00000355064	ENSG00000198892	SHISA4	ENSEEEP00000019551	ENSEEEG00000009584	SHISA4
ENSP00000541726	ENSG00000115806	GORASP2	ENSEEEP00000009737	ENSEEEG00000004956	GORASP2
ENSP00000385151	ENSG00000164850	GPER1	ENSEEEP00000001875	ENSEEEG00000001179	GPER1
ENSP00000223215	ENSG00000106484	MEST	ENSEEEP00000022878	ENSEEEG00000011050	MEST
ENSP00000416660	ENSG00000135956	TMEM127	ENSEEEP00000020825	ENSEEEG00000010153	TMEM127
ENSP00000542958	ENSG00000215217	CFAP90	ENSEEEP00000039061	ENSEEEG00000018542	C5orf49
ENSP00000637077	ENSG00000080371	RAB21	ENSEEEP00000043344	ENSEEEG00000020472	RAB21
ENSP00000593556	ENSG00000120800	UTP20	ENSEEEP00000003470	ENSEEEG00000001926	UTP20
ENSP00000342011	ENSG00000152422	XRCC4	ENSEEEP00000045135	ENSEEEG00000021308	XRCC4
ENSP00000528573	ENSG00000086232	EIF2AK1	ENSEEEP00000021213	ENSEEEG00000010339	EIF2AK1
ENSP00000632849	ENSG00000170271	FAXDC2	ENSEEEP00000007048	ENSEEEG00000003725	FAXDC2
ENSP00000405926	ENSG00000134970	TMED7	ENSEEEP00000015727	ENSEEEG00000007790	TMED7
ENSP00000307853	ENSG00000172732	MUS81	ENSEEEP00000042551	ENSEEEG00000020092	MUS81
ENSP00000296684	ENSG00000164258	NDUFS4	ENSEEEP00000000200	ENSEEEG00000000166	NDUFS4
ENSP00000524491	ENSG00000145545	SRD5A1	ENSEEEP00000039022	ENSEEEG00000018461	SRD5A1
ENSP00000549821	ENSG00000243943	ZNF512	ENSEEEP00000049462	ENSEEEG00000023208	ZNF512
ENSP00000787287	ENSG00000169230	PRELID1	ENSEEEP00000019339	ENSEEEG00000009476	prelid1a
ENSP00000229390	ENSG00000111786	SRSF9	ENSEEEP00000025221	ENSEEEG00000012236	SRSF9
ENSP00000266673	ENSG00000139291	TMEM19	ENSEEEP00000064245	ENSEEEG00000020675	tmem19
ENSP00000529900	ENSG00000143947	RPS27A	ENSEEEP00000009424	ENSEEEG00000004818	RPS27A
ENSP00000426067	ENSG00000151881	TMEM267	ENSEEEP00000004923	ENSEEEG00000002566	TMEM267
ENSP00000269346	ENSG00000141540	TTYH2	ENSEEEP00000058106	ENSEEEG00000012076	TTYH2
ENSP00000538607	ENSG00000134352	IL6ST	ENSEEEP00000062060	ENSEEEG00000025681	il6st
ENSP00000633177	ENSG00000164828	SUN1	ENSEEEP00000037574	ENSEEEG00000017872	SUN1
ENSP00000174618	ENSG00000070444	MNT	ENSEEEP00000040063	ENSEEEG00000018993	mntb
ENSP00000528697	ENSG00000168393	DTYMK	ENSEEEP00000009856	ENSEEEG00000005017	DTYMK
ENSP00000765042	ENSG00000213465	ARL2	ENSEEEP00000049631	ENSEEEG00000023339	arl2
ENSP00000396673	ENSG00000108592	FTSJ3	ENSEEEP00000025063	ENSEEEG00000012159	FTSJ3
ENSP00000246657	ENSG00000126353	CCR7	ENSEEEP00000046548	ENSEEEG00000021923	CCR7
ENSP00000238892	ENSG00000119878	CRIPT	ENSEEEP00000035668	ENSEEEG00000016984	CRIPT
ENSP00000548637	ENSG00000085117	CD82	ENSEEEP00000022657	ENSEEEG00000011003	cd82b
ENSP00000713005	ENSG00000116871	MAP7D1	ENSEEEP00000013357	ENSEEEG00000006695	map7d1b
ENSP00000262633	ENSG00000126254	RBM42	ENSEEEP00000016780	ENSEEEG00000008319	RBM42
ENSP00000578061	ENSG00000133706	LARS1	ENSEEEP00000013802	ENSEEEG00000005877	lars1b
ENSP00000363748	ENSG00000179546	HTR1D	ENSEEEP00000057591	ENSEEEG00000026307	HTR1B
ENSP00000634208	ENSG00000162604	TM2D1	ENSEEEP00000036113	ENSEEEG00000017176	TM2D1
ENSP00000531477	ENSG00000167654	ATCAY	ENSEEEP00000021249	ENSEEEG00000010356	prune2
ENSP00000319141	ENSG00000071967	CYBRD1	ENSEEEP00000056092	ENSEEEG00000024704	CYBRD1
ENSP00000279281	ENSG00000149823	VPS51	ENSEEEP00000021168	ENSEEEG00000010246	VPS51
ENSP00000312770	ENSG00000178074	C2orf69	ENSEEEP00000002890	ENSEEEG00000001652	C2orf69
ENSP00000085068	ENSG00000063241	ISOC2	ENSEEEP00000026322	ENSEEEG00000012743	ISOC2
ENSP00000354762	ENSG00000183978	COA3	ENSEEEP00000008161	ENSEEEG00000004253	coa3a
ENSP00000682642	ENSG00000256269	HMBS	ENSEEEP00000014921	ENSEEEG00000007388	hmbsb
ENSP00000333018	ENSG00000183891	TTC32	ENSEEEP00000030004	ENSEEEG00000014386	TTC32
ENSP00000676578	ENSG00000162729	IGSF8	ENSEEEP00000017872	ENSEEEG00000008823	IGSF8
ENSP00000260643	ENSG00000138073	PREB	ENSEEEP00000014875	ENSEEEG00000007405	PREB
ENSP00000744163	ENSG00000108469	RECQL5	ENSEEEP00000037591	ENSEEEG00000017881	RECQL5
ENSP00000568708	ENSG00000187510	PLEKHG7	ENSEEEP00000014507	ENSEEEG00000007219	plekhg7
ENSP00000582493	ENSG00000105193	RPS16	ENSEEEP00000029973	ENSEEEG00000014359	RPS16
ENSP00000384886	ENSG00000216490	IFI30	ENSEEEP00000009291	ENSEEEG00000004771	IFI30
ENSP00000260502	ENSG00000137936	BCAR3	ENSEEEP00000003208	ENSEEEG00000001806	BCAR3
ENSP00000367755	ENSG00000143919	CAMKMT	ENSEEEP00000014775	ENSEEEG00000007353	camkmt
ENSP00000263433	ENSG00000125503	PPP1R12C	ENSEEEP00000053223	ENSEEEG00000018970	PPP1R12C
ENSP00000566199	ENSG00000115053	NCL	ENSEEEP00000026458	ENSEEEG00000012801	ncl
ENSP00000712376	ENSG00000149231	CCDC82	ENSEEEP00000040578	ENSEEEG00000019220	CCDC82
ENSP00000439937	ENSG00000051128	HOMER3	ENSEEEP00000063688	ENSEEEG00000022969	homer3a
ENSP00000343674	ENSG00000188886	ASTL	ENSEEEP00000060685	ENSEEEG00000025824	
ENSP00000366474	ENSG00000178585	CTNNBIP1	ENSEEEP00000063755	ENSEEEG00000027660	CTNNBIP1
ENSP00000546222	ENSG00000164197	RNF180	ENSEEEP00000014913	ENSEEEG00000007426	RNF180
ENSP00000791931	ENSG00000243147	MRPL33	ENSEEEP00000012317	ENSEEEG00000006195	MRPL33
ENSP00000585129	ENSG00000167491	GATAD2A	ENSEEEP00000058809	ENSEEEG00000022463	GATAD2A
ENSP00000797020	ENSG00000115350	POLE4	ENSEEEP00000030341	ENSEEEG00000014546	POLE4
ENSP00000396127	ENSG00000132341	RAN	ENSEEEP00000031951	ENSEEEG00000015230	ran
ENSP00000467585	ENSG00000167925	GHDC	ENSEEEP00000037572	ENSEEEG00000017867	GHDC
ENSP00000382423	ENSG00000095015	MAP3K1	ENSEEEP00000061039	ENSEEEG00000020908	MAP3K1
ENSP00000236137	ENSG00000117479	SLC19A2	ENSEEEP00000038556	ENSEEEG00000018301	SLC19A2
ENSP00000471511	ENSG00000105698	USF2	ENSEEEP00000054267	ENSEEEG00000027050	USF2
ENSP00000604803	ENSG00000125319	HROB	ENSEEEP00000006844	ENSEEEG00000003613	si:dkey-260c8.8
ENSP00000504722	ENSG00000145907	G3BP1	ENSEEEP00000029848	ENSEEEG00000014297	G3BP1
ENSP00000789971	ENSG00000166579	NDEL1	ENSEEEP00000040181	ENSEEEG00000019058	ndel1b
ENSP00000494667	ENSG00000284844	TOMT	ENSEEEP00000008056	ENSEEEG00000004202	tomt
ENSP00000545719	ENSG00000134780	DAGLA	ENSEEEP00000002000	ENSEEEG00000001245	DAGLA
ENSP00000331209	ENSG00000182919	C11orf54	ENSEEEP00000010533	ENSEEEG00000005323	C11orf54
ENSP00000337065	ENSG00000145824	CXCL14	ENSEEEP00000029653	ENSEEEG00000014199	CXCL14
ENSP00000005386	ENSG00000005175	RPAP3	ENSEEEP00000011117	ENSEEEG00000005627	RPAP3
ENSP00000538462	ENSG00000161526	SAP30BP	ENSEEEP00000057684	ENSEEEG00000016844	SAP30BP
ENSP00000595877	ENSG00000076924	XAB2	ENSEEEP00000044740	ENSEEEG00000021116	XAB2
ENSP00000606264	ENSG00000197860	SGTB	ENSEEEP00000023368	ENSEEEG00000011322	SGTB
ENSP00000334437	ENSG00000186364	NUDT17	ENSEEEP00000053533	ENSEEEG00000028568	NUDT17
ENSP00000258385	ENSG00000135902	CHRND	ENSEEEP00000047122	ENSEEEG00000022123	CHRND
ENSP00000231198	ENSG00000113272	THG1L	ENSEEEP00000049164	ENSEEEG00000023101	THG1L
ENSP00000543156	ENSG00000157184	CPT2	ENSEEEP00000013509	ENSEEEG00000006753	CPT2
ENSP00000524476	ENSG00000115317	HTRA2	ENSEEEP00000031127	ENSEEEG00000014890	si:dkey-84o3.6
ENSP00000497374	ENSG00000213625	LEPROT	ENSEEEP00000021441	ENSEEEG00000010449	LEPROT
ENSP00000272852	ENSG00000144410	CPO	ENSEEEP00000041058	ENSEEEG00000019441	CPO
ENSP00000362135	ENSG00000196449	YRDC	ENSEEEP00000051156	ENSEEEG00000024017	YRDC
ENSP00000437403	ENSG00000110900	TSPAN11	ENSEEEP00000050286	ENSEEEG00000023650	TSPAN11
ENSP00000712332	ENSG00000150977	RILPL2	ENSEEEP00000020671	ENSEEEG00000010083	RILPL2
ENSP00000363257	ENSG00000204160	ZDHHC18	ENSEEEP00000015510	ENSEEEG00000007702	zdhhc18b
ENSP00000763881	ENSG00000145029	NICN1	ENSEEEP00000020942	ENSEEEG00000010213	NICN1
ENSP00000776695	ENSG00000135447	PPP1R1A	ENSEEEP00000051572	ENSEEEG00000024215	PPP1R1A
ENSP00000293662	ENSG00000161835	TAMALIN	ENSEEEP00000009682	ENSEEEG00000004935	grasp
ENSP00000712351	ENSG00000090266	NDUFB2	ENSEEEP00000052216	ENSEEEG00000024480	NDUFB2
ENSP00000329466	ENSG00000187531	SIRT7	ENSEEEP00000006393	ENSEEEG00000003393	SIRT7
ENSP00000580795	ENSG00000168938	PPIC	ENSEEEP00000016173	ENSEEEG00000008000	PPIC
ENSP00000520996	ENSG00000186897	C1QL4	ENSEEEP00000030875	ENSEEEG00000014775	c1ql4a
ENSP00000545173	ENSG00000116120	FARSB	ENSEEEP00000000785	ENSEEEG00000000468	FARSB
ENSP00000338990	ENSG00000123395	ATG101	ENSEEEP00000028962	ENSEEEG00000013894	ATG101
ENSP00000265038	ENSG00000049167	ERCC8	ENSEEEP00000024178	ENSEEEG00000011665	ERCC8
ENSP00000481593	ENSG00000255154	HTD2	ENSEEEP00000015781	ENSEEEG00000007808	HTD2
ENSP00000446479	ENSG00000198855	FICD	ENSEEEP00000054558	ENSEEEG00000024952	FICD
ENSP00000524518	ENSG00000114771	AADAC	ENSEEEP00000051816	ENSEEEG00000024322	AADAC
ENSP00000338034	ENSG00000176422	SPRYD4	ENSEEEP00000013537	ENSEEEG00000006766	SPRYD4
ENSP00000334974	ENSG00000187068	C3orf70	ENSEEEP00000019370	ENSEEEG00000009491	C3orf70
ENSP00000503768	ENSG00000173540	GMPPB	ENSEEEP00000021006	ENSEEEG00000010244	GMPPB
ENSP00000252674	ENSG00000130382	MLLT1	ENSEEEP00000042642	ENSEEEG00000020134	mllt1b
ENSP00000509001	ENSG00000123094	RASSF8	ENSEEEP00000042907	ENSEEEG00000020243	rassf8b
ENSP00000611493	ENSG00000197043	ANXA6	ENSEEEP00000020438	ENSEEEG00000006868	ANXA6
ENSP00000313877	ENSG00000123297	TSFM	ENSEEEP00000021568	ENSEEEG00000010502	TSFM
ENSP00000611755	ENSG00000163060	TEKT4	ENSEEEP00000012689	ENSEEEG00000006370	tekt4
ENSP00000617182	ENSG00000172292	CERS6	ENSEEEP00000050100	ENSEEEG00000023565	CERS6
ENSP00000512273	ENSG00000214511	HIGD1C	ENSEEEP00000030464	ENSEEEG00000014598	HIGD1A
ENSP00000347032	ENSG00000166908	PIP4K2C	ENSEEEP00000001556	ENSEEEG00000000379	pip4k2ca
ENSP00000621847	ENSG00000127980	PEX1	ENSEEEP00000043683	ENSEEEG00000020649	PEX1
ENSP00000300101	ENSG00000166860	ZBTB39	ENSEEEP00000001562	ENSEEEG00000001004	ZBTB39
ENSP00000538503	ENSG00000111011	RSRC2	ENSEEEP00000049551	ENSEEEG00000023298	RSRC2
ENSP00000592087	ENSG00000177879	AP3S1	ENSEEEP00000015734	ENSEEEG00000007792	AP3S1
ENSP00000502271	ENSG00000153827	TRIP12	ENSEEEP00000005856	ENSEEEG00000000974	TRIP12
ENSP00000380157	ENSG00000164172	MOCS2	ENSEEEP00000024204	ENSEEEG00000011737	MOCS2
ENSP00000712381	ENSG00000180891	CUEDC1	ENSEEEP00000024738	ENSEEEG00000011981	cuedc1b
ENSP00000512322	ENSG00000196465	MYL6B	ENSEEEP00000030880	ENSEEEG00000014777	zgc:153867
ENSP00000303058	ENSG00000168944	CEP120	ENSEEEP00000016620	ENSEEEG00000008086	CEP120
ENSP00000309439	ENSG00000170689	HOXB9	ENSEEEP00000007614	ENSEEEG00000003980	hoxb9a
ENSP00000461252	ENSG00000167842	MIS12	ENSEEEP00000009660	ENSEEEG00000004923	MIS12
ENSP00000302586	ENSG00000170852	KBTBD2	ENSEEEP00000026714	ENSEEEG00000012899	KBTBD2
ENSP00000561123	ENSG00000164885	CDK5	ENSEEEP00000001553	ENSEEEG00000001000	CDK5
ENSP00000640210	ENSG00000177885	GRB2	ENSEEEP00000060388	ENSEEEG00000028535	grb2b
ENSP00000523355	ENSG00000110074	FOXRED1	ENSEEEP00000022757	ENSEEEG00000011029	FOXRED1
ENSP00000592314	ENSG00000164611	PTTG1	ENSEEEP00000005189	ENSEEEG00000002706	PTTG1
ENSP00000549663	ENSG00000205309	NT5M	ENSEEEP00000005131	ENSEEEG00000002661	NT5M
ENSP00000582288	ENSG00000006530	AGK	ENSEEEP00000045647	ENSEEEG00000021526	AGK
ENSP00000545790	ENSG00000197170	PSMD12	ENSEEEP00000040039	ENSEEEG00000018979	PSMD12
ENSP00000528943	ENSG00000110801	PSMD9	ENSEEEP00000049605	ENSEEEG00000023324	psmd9
ENSP00000309463	ENSG00000175536	LIPT2	ENSEEEP00000049937	ENSEEEG00000023477	LIPT2
ENSP00000477310	ENSG00000264364	DYNLL2	ENSEEEP00000057567	ENSEEEG00000026935	dynll1
ENSP00000414886	ENSG00000182132	KCNIP1	ENSEEEP00000019051	ENSEEEG00000009353	KCNIP1
ENSP00000334910	ENSG00000186642	PDE2A	ENSEEEP00000008812	ENSEEEG00000004552	PDE2A
ENSP00000247026	ENSG00000126653	NSRP1	ENSEEEP00000058033	ENSEEEG00000027160	NSRP1
ENSP00000523257	ENSG00000113492	AGXT2	ENSEEEP00000028405	ENSEEEG00000013651	AGXT2
ENSP00000309336	ENSG00000172789	HOXC5	ENSEEEP00000043130	ENSEEEG00000020367	hoxc5a
ENSP00000386790	ENSG00000122574	WIPF3	ENSEEEP00000002572	ENSEEEG00000001483	WIPF3
ENSP00000354501	ENSG00000198839	ZNF277	ENSEEEP00000045659	ENSEEEG00000021450	ZNF277
ENSP00000380911	ENSG00000173588	CEP83	ENSEEEP00000019977	ENSEEEG00000009760	CEP83
ENSP00000334140	ENSG00000128607	KLHDC10	ENSEEEP00000029359	ENSEEEG00000014047	KLHDC10
ENSP00000637815	ENSG00000160917	CPSF4	ENSEEEP00000010417	ENSEEEG00000005271	CPSF4
ENSP00000349687	ENSG00000196743	GM2A	ENSEEEP00000030565	ENSEEEG00000014640	GM2A
ENSP00000572311	ENSG00000113593	PPWD1	ENSEEEP00000023110	ENSEEEG00000011211	PPWD1
ENSP00000667146	ENSG00000129255	MPDU1	ENSEEEP00000024405	ENSEEEG00000011830	mpdu1b
ENSP00000267017	ENSG00000139574	NPFF	ENSEEEP00000051569	ENSEEEG00000024213	npffl
ENSP00000265981	ENSG00000110315	RNF141	ENSEEEP00000059136	ENSEEEG00000009468	RNF141
ENSP00000229270	ENSG00000111669	TPI1	ENSEEEP00000025802	ENSEEEG00000012502	tpi1b
ENSP00000331087	ENSG00000184281	TSSC4	ENSEEEP00000006210	ENSEEEG00000003314	
ENSP00000278949	ENSG00000160588	MPZL3	ENSEEEP00000041194	ENSEEEG00000019496	mpzl3
ENSP00000708389	ENSG00000177192	PUS1	ENSEEEP00000031576	ENSEEEG00000015102	PUS1
ENSP00000274382	ENSG00000145721	LIX1	ENSEEEP00000051460	ENSEEEG00000024160	LIX1
ENSP00000377549	ENSG00000170231	FABP6	ENSEEEP00000043776	ENSEEEG00000020692	FABP6
ENSP00000631523	ENSG00000106609	TMEM248	ENSEEEP00000008591	ENSEEEG00000004451	TMEM248
ENSP00000490811	ENSG00000164904	ALDH7A1	ENSEEEP00000032883	ENSEEEG00000015619	ALDH7A1
ENSP00000574725	ENSG00000110955	ATP5F1B	ENSEEEP00000011070	ENSEEEG00000005607	ATP5F1B
ENSP00000543735	ENSG00000143367	TUFT1	ENSEEEP00000062082	ENSEEEG00000007636	tuft1a
ENSP00000533333	ENSG00000135365	PHF21A	ENSEEEP00000022941	ENSEEEG00000011100	phf21ab
ENSP00000617102	ENSG00000131370	SH3BP5	ENSEEEP00000049074	ENSEEEG00000023055	sh3bp5b
ENSP00000751440	ENSG00000117862	TXNDC12	ENSEEEP00000023791	ENSEEEG00000011539	TXNDC12
ENSP00000243056	ENSG00000123364	HOXC13	ENSEEEP00000043100	ENSEEEG00000020346	hoxc13a
ENSP00000361048	ENSG00000171357	LURAP1	ENSEEEP00000031975	ENSEEEG00000015261	LURAP1
ENSP00000558263	ENSG00000186063	AIDA	ENSEEEP00000044112	ENSEEEG00000020843	AIDA
ENSP00000349356	ENSG00000132436	FIGNL1	ENSEEEP00000010011	ENSEEEG00000005088	FIGNL1
ENSP00000800993	ENSG00000106080	FKBP14	ENSEEEP00000030668	ENSEEEG00000014686	FKBP14
ENSP00000232217	ENSG00000114113	RBP2	ENSEEEP00000015969	ENSEEEG00000007895	rbp2a
ENSP00000357305	ENSG00000143622	RIT1	ENSEEEP00000057102	ENSEEEG00000027677	RIT1
ENSP00000560522	ENSG00000106009	BRAT1	ENSEEEP00000024454	ENSEEEG00000011860	BRAT1
ENSP00000639348	ENSG00000198677	SKIC3	ENSEEEP00000030031	ENSEEEG00000014395	TTC37
ENSP00000659311	ENSG00000265808	SEC22B	ENSEEEP00000035147	ENSEEEG00000016726	sec22bb
ENSP00000701207	ENSG00000070081	NUCB2	ENSEEEP00000041979	ENSEEEG00000019726	nucb2a
ENSP00000356251	ENSG00000170075	GPR37L1	ENSEEEP00000013722	ENSEEEG00000006840	gpr37l1b
ENSP00000005257	ENSG00000006451	RALA	ENSEEEP00000055216	ENSEEEG00000025612	ralaa
ENSP00000285814	ENSG00000155438	NIFK	ENSEEEP00000024138	ENSEEEG00000011706	NIFK
ENSP00000303709	ENSG00000170142	UBE2E1	ENSEEEP00000014892	ENSEEEG00000007414	UBE2E1
ENSP00000566455	ENSG00000177156	TALDO1	ENSEEEP00000002216	ENSEEEG00000001349	TALDO1
ENSP00000402581	ENSG00000179152	TCAIM	ENSEEEP00000025903	ENSEEEG00000012547	TCAIM
ENSP00000337044	ENSG00000181904	C5orf24	ENSEEEP00000063638	ENSEEEG00000027550	si:ch1073-44g3.1
ENSP00000296782	ENSG00000164327	RICTOR	ENSEEEP00000005722	ENSEEEG00000002994	rictorb
ENSP00000791777	ENSG00000139154	AEBP2	ENSEEEP00000002575	ENSEEEG00000001484	AEBP2
ENSP00000155840	ENSG00000053918	KCNQ1	ENSEEEP00000039495	ENSEEEG00000018760	KCNQ1
ENSP00000335255	ENSG00000187151	ANGPTL5	ENSEEEP00000008115	ENSEEEG00000004233	ANGPTL5
ENSP00000443459	ENSG00000060982	BCAT1	ENSEEEP00000004365	ENSEEEG00000002274	BCAT2
ENSP00000309142	ENSG00000174840	PDE12	ENSEEEP00000021961	ENSEEEG00000010672	PDE12
ENSP00000781447	ENSG00000110080	ST3GAL4	ENSEEEP00000043816	ENSEEEG00000020707	st3gal4
ENSP00000691628	ENSG00000089060	SLC8B1	ENSEEEP00000012233	ENSEEEG00000006165	SLC8B1
ENSP00000605529	ENSG00000143207	COP1	ENSEEEP00000058144	ENSEEEG00000004994	COP1
ENSP00000343171	ENSG00000188674	C2orf80	ENSEEEP00000011166	ENSEEEG00000005664	
ENSP00000370671	ENSG00000087448	KLHL42	ENSEEEP00000039030	ENSEEEG00000018526	KLHL42
ENSP00000413224	ENSG00000067182	TNFRSF1A	ENSEEEP00000044926	ENSEEEG00000021206	TNFRSF1A
ENSP00000413152	ENSG00000079150	FKBP7	ENSEEEP00000009658	ENSEEEG00000004922	FKBP7
ENSP00000581119	ENSG00000115204	MPV17	ENSEEEP00000042141	ENSEEEG00000019906	MPV17
ENSP00000632788	ENSG00000154803	FLCN	ENSEEEP00000026554	ENSEEEG00000012845	FLCN
ENSP00000295746	ENSG00000163507	CIP2A	ENSEEEP00000011260	ENSEEEG00000005705	CIP2A
ENSP00000731791	ENSG00000142961	MOB3C	ENSEEEP00000009199	ENSEEEG00000004729	MOB3C
ENSP00000631684	ENSG00000151414	NEK7	ENSEEEP00000058734	ENSEEEG00000000459	NEK7
ENSP00000506390	ENSG00000134321	RSAD2	ENSEEEP00000037009	ENSEEEG00000017569	RSAD2
ENSP00000778962	ENSG00000110931	CAMKK2	ENSEEEP00000053840	ENSEEEG00000018022	si:ch73-62l21.1
ENSP00000502952	ENSG00000085982	USP40	ENSEEEP00000000378	ENSEEEG00000000263	USP40
ENSP00000580865	ENSG00000130768	SMPDL3B	ENSEEEP00000044229	ENSEEEG00000020896	SMPDL3B
ENSP00000312673	ENSG00000259384	GH1	ENSEEEP00000022735	ENSEEEG00000011022	gh1
ENSP00000392985	ENSG00000109854	HTATIP2	ENSEEEP00000051557	ENSEEEG00000024208	HTATIP2
ENSP00000438455	ENSG00000150779	TIMM8B	ENSEEEP00000030615	ENSEEEG00000014664	TIMM8B
ENSP00000417132	ENSG00000163930	BAP1	ENSEEEP00000005278	ENSEEEG00000002755	BAP1
ENSP00000548034	ENSG00000175213	ZNF408	ENSEEEP00000024983	ENSEEEG00000012116	ZNF408
ENSP00000612703	ENSG00000135974	C2orf49	ENSEEEP00000000637	ENSEEEG00000000453	C2orf49
ENSP00000332809	ENSG00000179270	PCARE	ENSEEEP00000057002	ENSEEEG00000027231	
ENSP00000631283	ENSG00000197121	PGAP1	ENSEEEP00000003002	ENSEEEG00000001675	PGAP1
ENSP00000379267	ENSG00000109911	ELP4	ENSEEEP00000059478	ENSEEEG00000024228	ELP4
ENSP00000758266	ENSG00000189159	JPT1	ENSEEEP00000001573	ENSEEEG00000001009	jpt1b
ENSP00000310301	ENSG00000172845	SP3	ENSEEEP00000009661	ENSEEEG00000004924	sp3a
ENSP00000596299	ENSG00000167792	NDUFV1	ENSEEEP00000015457	ENSEEEG00000007653	NDUFV1
ENSP00000264444	ENSG00000059728	MXD1	ENSEEEP00000059556	ENSEEEG00000028096	mxd1
ENSP00000650110	ENSG00000141542	RAB40B	ENSEEEP00000017837	ENSEEEG00000008808	RAB40B
ENSP00000232766	ENSG00000114648	KLHL18	ENSEEEP00000033600	ENSEEEG00000015981	KLHL18
ENSP00000499396	ENSG00000006695	COX10	ENSEEEP00000000799	ENSEEEG00000000543	COX10
ENSP00000312672	ENSG00000181264	TLCD5	ENSEEEP00000033683	ENSEEEG00000016032	tlcd5a
ENSP00000521684	ENSG00000129158	SERGEF	ENSEEEP00000024586	ENSEEEG00000011920	SERGEF
ENSP00000393183	ENSG00000145041	DCAF1	ENSEEEP00000014476	ENSEEEG00000007205	DCAF1
ENSP00000462046	ENSG00000233670	PIRT	ENSEEEP00000061127	ENSEEEG00000028864	
ENSP00000436127	ENSG00000069702	TGFBR3	ENSEEEP00000001223	ENSEEEG00000000815	TGFBR3
ENSP00000375855	ENSG00000116703	PDC	ENSEEEP00000040715	ENSEEEG00000019297	pdca
ENSP00000747867	ENSG00000175832	ETV4	ENSEEEP00000023952	ENSEEEG00000011636	ETV4
ENSP00000586541	ENSG00000174547	MRPL11	ENSEEEP00000058517	ENSEEEG00000020002	MRPL11
ENSP00000544943	ENSG00000065548	ZC3H15	ENSEEEP00000023327	ENSEEEG00000011268	ZC3H15
ENSP00000305675	ENSG00000168497	CAVIN2	ENSEEEP00000052711	ENSEEEG00000027174	cavin2b
ENSP00000762580	ENSG00000108587	GOSR1	ENSEEEP00000052627	ENSEEEG00000024653	GOSR1
ENSP00000442982	ENSG00000144230	GPR17	ENSEEEP00000010926	ENSEEEG00000005535	GPR17
ENSP00000307077	ENSG00000171806	METTL18	ENSEEEP00000057614	ENSEEEG00000024714	METTL18
ENSP00000543227	ENSG00000115041	KCNIP3	ENSEEEP00000059622	ENSEEEG00000026889	KCNIP3
ENSP00000733095	ENSG00000188807	TMEM201	ENSEEEP00000048537	ENSEEEG00000022837	TMEM201
ENSP00000601875	ENSG00000074582	BCS1L	ENSEEEP00000028328	ENSEEEG00000013618	BCS1L
ENSP00000633880	ENSG00000137714	FDX1	ENSEEEP00000024497	ENSEEEG00000011875	FDX1
ENSP00000376257	ENSG00000170633	RNF34	ENSEEEP00000029677	ENSEEEG00000014215	rnf34b
ENSP00000469471	ENSG00000149311	ATM	ENSEEEP00000032310	ENSEEEG00000015390	ATM
ENSP00000225504	ENSG00000213246	SUPT4H1	ENSEEEP00000000532	ENSEEEG00000000394	SUPT4H1
ENSP00000273308	ENSG00000257727	CNPY2	ENSEEEP00000049987	ENSEEEG00000023498	cnpy2
ENSP00000464171	ENSG00000068489	PRR11	ENSEEEP00000053622	ENSEEEG00000028685	evla
ENSP00000603901	ENSG00000143106	PSMA5	ENSEEEP00000019858	ENSEEEG00000009714	PSMA5
ENSP00000499135	ENSG00000173486	FKBP2	ENSEEEP00000004166	ENSEEEG00000002208	FKBP2
ENSP00000442291	ENSG00000160051	IQCC	ENSEEEP00000048707	ENSEEEG00000022917	iqcc
ENSP00000792993	ENSG00000152137	HSPB8	ENSEEEP00000023763	ENSEEEG00000011515	HSPB8
ENSP00000402758	ENSG00000185664	PMEL	ENSEEEP00000018377	ENSEEEG00000009020	pmela
ENSP00000292180	ENSG00000160688	FLAD1	ENSEEEP00000023526	ENSEEEG00000011410	FLAD1
ENSP00000439606	ENSG00000166333	ILK	ENSEEEP00000025639	ENSEEEG00000012435	ILK
ENSP00000494433	ENSG00000018510	AGPS	ENSEEEP00000023029	ENSEEEG00000010447	AGPS
ENSP00000527808	ENSG00000167281	RBFOX3	ENSEEEP00000035961	ENSEEEG00000017107	RBFOX3
ENSP00000513913	ENSG00000186141	POLR3C	ENSEEEP00000026858	ENSEEEG00000012964	POLR3C
ENSP00000575487	ENSG00000196850	PPTC7	ENSEEEP00000058540	ENSEEEG00000028506	pptc7a
ENSP00000445162	ENSG00000111358	GTF2H3	ENSEEEP00000049601	ENSEEEG00000023319	GTF2H3
ENSP00000303515	ENSG00000169718	DUS1L	ENSEEEP00000034061	ENSEEEG00000016224	DUS1L
ENSP00000400669	ENSG00000166578	DRC10	ENSEEEP00000054450	ENSEEEG00000025108	IQCD
ENSP00000498999	ENSG00000174989	FBXW8	ENSEEEP00000019612	ENSEEEG00000009607	FBXW8
ENSP00000327533	ENSG00000185674	LYG2	ENSEEEP00000035679	ENSEEEG00000016991	lygl2
ENSP00000295727	ENSG00000163497	FEV	ENSEEEP00000011649	ENSEEEG00000005856	FEV
ENSP00000296130	ENSG00000163815	CLEC3B	ENSEEEP00000048991	ENSEEEG00000023024	clec3ba
ENSP00000587195	ENSG00000111670	GNPTAB	ENSEEEP00000038991	ENSEEEG00000018468	THOP1
ENSP00000607553	ENSG00000163389	POGLUT1	ENSEEEP00000045848	ENSEEEG00000021608	POGLUT1
ENSP00000301037	ENSG00000167524	RSKR	ENSEEEP00000040835	ENSEEEG00000019344	rskrb
ENSP00000440850	ENSG00000185480	PARPBP	ENSEEEP00000028940	ENSEEEG00000013885	PARPBP
ENSP00000376919	ENSG00000108848	LUC7L3	ENSEEEP00000016332	ENSEEEG00000008078	LUC7L3
ENSP00000374268	ENSG00000172986	GXYLT2	ENSEEEP00000008337	ENSEEEG00000004348	GXYLT2
ENSP00000446428	ENSG00000149716	LTO1	ENSEEEP00000038526	ENSEEEG00000018288	LTO1
ENSP00000313437	ENSG00000123342	MMP19	ENSEEEP00000018357	ENSEEEG00000009012	MMP19
ENSP00000532299	ENSG00000116459	ATP5PB	ENSEEEP00000029206	ENSEEEG00000013996	ATP5PB
ENSP00000363873	ENSG00000204237	OXLD1	ENSEEEP00000058508	ENSEEEG00000025109	OXLD1
ENSP00000548503	ENSG00000162882	HAAO	ENSEEEP00000022138	ENSEEEG00000010732	HAAO
ENSP00000360327	ENSG00000162396	PARS2	ENSEEEP00000031969	ENSEEEG00000015254	PARS2
ENSP00000632156	ENSG00000102189	EEA1	ENSEEEP00000014407	ENSEEEG00000006978	EEA1
ENSP00000512232	ENSG00000119844	AFTPH	ENSEEEP00000053469	ENSEEEG00000026433	aftpha
ENSP00000629934	ENSG00000135127	BICDL1	ENSEEEP00000057872	ENSEEEG00000027805	BICDL1
ENSP00000419005	ENSG00000117597	UTP25	ENSEEEP00000049273	ENSEEEG00000023159	UTP25
ENSP00000635082	ENSG00000004700	RECQL	ENSEEEP00000029189	ENSEEEG00000013926	RECQL
ENSP00000556666	ENSG00000125457	MIF4GD	ENSEEEP00000059176	ENSEEEG00000027386	mif4gda
ENSP00000344779	ENSG00000144468	RHBDD1	ENSEEEP00000031177	ENSEEEG00000014935	RHBDD1
ENSP00000543698	ENSG00000178307	TMEM11	ENSEEEP00000060729	ENSEEEG00000029004	TMEM11
ENSP00000633784	ENSG00000136048	DRAM1	ENSEEEP00000038995	ENSEEEG00000018502	DRAM1
ENSP00000735262	ENSG00000114767	RRP9	ENSEEEP00000020191	ENSEEEG00000009740	RRP9
ENSP00000598656	ENSG00000072609	CHFR	ENSEEEP00000019400	ENSEEEG00000009484	CHFR
ENSP00000700636	ENSG00000175467	SART1	ENSEEEP00000003968	ENSEEEG00000002033	SART1
ENSP00000355759	ENSG00000143799	PARP1	ENSEEEP00000030075	ENSEEEG00000014396	PARP1
ENSP00000535585	ENSG00000055483	USP36	ENSEEEP00000047330	ENSEEEG00000022281	USP36
ENSP00000782306	ENSG00000149557	FEZ1	ENSEEEP00000018338	ENSEEEG00000009007	FEZ1
ENSP00000603640	ENSG00000161513	FDXR	ENSEEEP00000056721	ENSEEEG00000022820	FDXR
ENSP00000262345	ENSG00000081985	IL12RB2	ENSEEEP00000014283	ENSEEEG00000007104	IL12RB2
ENSP00000433071	ENSG00000173914	RBM4B	ENSEEEP00000011873	ENSEEEG00000005976	rbm4.1
ENSP00000677560	ENSG00000121680	PEX16	ENSEEEP00000033073	ENSEEEG00000015735	PEX16
ENSP00000798957	ENSG00000144681	STAC	ENSEEEP00000042257	ENSEEEG00000019959	STAC
ENSP00000566138	ENSG00000114455	HHLA2	ENSEEEP00000011259	ENSEEEG00000005704	hhla2b.2
ENSP00000296318	ENSG00000144730	IL17RD	ENSEEEP00000021875	ENSEEEG00000010627	IL17RD
ENSP00000571458	ENSG00000169733	RFNG	ENSEEEP00000007345	ENSEEEG00000003798	RFNG
ENSP00000330341	ENSG00000184557	SOCS3	ENSEEEP00000011676	ENSEEEG00000005873	socs3b
ENSP00000311005	ENSG00000166484	MAPK7	ENSEEEP00000042726	ENSEEEG00000020076	MAPK7
ENSP00000759155	ENSG00000125450	NUP85	ENSEEEP00000001447	ENSEEEG00000000945	NUP85
ENSP00000796016	ENSG00000157837	SPPL3	ENSEEEP00000057546	ENSEEEG00000028250	SPPL3
ENSP00000377275	ENSG00000173230	GOLGB1	ENSEEEP00000052186	ENSEEEG00000024467	GOLGB1
ENSP00000790709	ENSG00000170855	TRIAP1	ENSEEEP00000025219	ENSEEEG00000012234	TRIAP1
ENSP00000745487	ENSG00000177425	PAWR	ENSEEEP00000061555	ENSEEEG00000024987	PAWR
ENSP00000431983	ENSG00000169550	MUC15	ENSEEEP00000044554	ENSEEEG00000021043	si:ch211-98n17.5
ENSP00000603881	ENSG00000130413	STK33	ENSEEEP00000053484	ENSEEEG00000014239	STK33
ENSP00000543101	ENSG00000198265	HELZ	ENSEEEP00000008888	ENSEEEG00000004054	HELZ
ENSP00000622588	ENSG00000114631	PODXL2	ENSEEEP00000052810	ENSEEEG00000026151	
ENSP00000480032	ENSG00000083937	CHMP2B	ENSEEEP00000011427	ENSEEEG00000005772	chmp2ba
ENSP00000495778	ENSG00000011198	ABHD5	ENSEEEP00000024304	ENSEEEG00000011782	ABHD5
ENSP00000555802	ENSG00000144659	SLC25A38	ENSEEEP00000063491	ENSEEEG00000026624	slc25a38b
ENSP00000492384	ENSG00000266826	IGBP1C	ENSEEEP00000012334	ENSEEEG00000006208	igbp1
ENSP00000633488	ENSG00000108784	NAGLU	ENSEEEP00000001566	ENSEEEG00000001002	NAGLU
ENSP00000664917	ENSG00000078808	SDF4	ENSEEEP00000041249	ENSEEEG00000019525	SDF4
ENSP00000334592	ENSG00000186104	CYP2R1	ENSEEEP00000041658	ENSEEEG00000019710	CYP2R1
ENSP00000354376	ENSG00000132698	RAB25	ENSEEEP00000021583	ENSEEEG00000010509	rab25b
ENSP00000360899	ENSG00000162373	BEND5	ENSEEEP00000055848	ENSEEEG00000025293	
ENSP00000575449	ENSG00000151948	GLT1D1	ENSEEEP00000015430	ENSEEEG00000007659	GLT1D1
ENSP00000622008	ENSG00000121064	SCPEP1	ENSEEEP00000010460	ENSEEEG00000005238	SCPEP1
ENSP00000633667	ENSG00000162852	CNST	ENSEEEP00000028179	ENSEEEG00000013561	cnsta
ENSP00000589943	ENSG00000166483	WEE1	ENSEEEP00000020313	ENSEEEG00000009783	WEE1
ENSP00000637134	ENSG00000089159	PXN	ENSEEEP00000053302	ENSEEEG00000026785	pxnb
ENSP00000367263	ENSG00000124942	AHNAK	ENSEEEP00000060081	ENSEEEG00000027474	PRX
ENSP00000290295	ENSG00000159184	HOXB13	ENSEEEP00000007623	ENSEEEG00000003985	hoxb13a
ENSP00000260197	ENSG00000137642	SORL1	ENSEEEP00000035203	ENSEEEG00000016484	SORL1
ENSP00000317177	ENSG00000179598	PLD6	ENSEEEP00000016690	ENSEEEG00000008274	PLD6
ENSP00000226225	ENSG00000109079	TNFAIP1	ENSEEEP00000052404	ENSEEEG00000024548	TNFAIP1
ENSP00000573896	ENSG00000114395	CYB561D2	ENSEEEP00000005327	ENSEEEG00000002784	CYB561D2
ENSP00000601343	ENSG00000213123	DYNLT2B	ENSEEEP00000054129	ENSEEEG00000025093	tctex1d2
ENSP00000781290	ENSG00000116791	CRYZ	ENSEEEP00000023262	ENSEEEG00000011278	CRYZ
ENSP00000541266	ENSG00000175110	MRPS22	ENSEEEP00000015984	ENSEEEG00000007903	MRPS22
ENSP00000539287	ENSG00000135362	PRR5L	ENSEEEP00000036074	ENSEEEG00000017158	si:ch211-147k10.5
ENSP00000511565	ENSG00000176155	CCDC57	ENSEEEP00000060494	ENSEEEG00000026471	CCDC57
ENSP00000351631	ENSG00000077458	FAM76B	ENSEEEP00000020563	ENSEEEG00000010037	FAM76B
ENSP00000303706	ENSG00000164045	CDC25A	ENSEEEP00000000097	ENSEEEG00000000068	CDC25B
ENSP00000738634	ENSG00000166889	PATL1	ENSEEEP00000039522	ENSEEEG00000018767	PATL1
ENSP00000313318	ENSG00000181830	SLC35C1	ENSEEEP00000007520	ENSEEEG00000003933	SLC35C1
ENSP00000233025	ENSG00000114902	SPCS1	ENSEEEP00000010195	ENSEEEG00000005177	spcs1
ENSP00000562975	ENSG00000133316	WDR74	ENSEEEP00000021181	ENSEEEG00000010328	WDR74
ENSP00000522558	ENSG00000173905	GOLIM4	ENSEEEP00000032120	ENSEEEG00000015323	FAM107A
ENSP00000544387	ENSG00000117601	SERPINC1	ENSEEEP00000032202	ENSEEEG00000015359	SERPINC1
ENSP00000397373	ENSG00000163536	SERPINI1	ENSEEEP00000032116	ENSEEEG00000015319	SERPINI1
ENSP00000299178	ENSG00000166148	AVPR1A	ENSEEEP00000040997	ENSEEEG00000019388	AVPR1A
ENSP00000263671	ENSG00000054938	CHRDL2	ENSEEEP00000005814	ENSEEEG00000003081	CHRDL2
ENSP00000539172	ENSG00000167780	SOAT2	ENSEEEP00000017875	ENSEEEG00000008825	SOAT2
ENSP00000511835	ENSG00000137513	NARS2	ENSEEEP00000043627	ENSEEEG00000020621	NARS2
ENSP00000618641	ENSG00000166986	MARS1	ENSEEEP00000056450	ENSEEEG00000021584	MARS1
ENSP00000308000	ENSG00000149016	TUT1	ENSEEEP00000049358	ENSEEEG00000023196	tut1
ENSP00000294485	ENSG00000162490	DRAXIN	ENSEEEP00000027557	ENSEEEG00000013282	DRAXIN
ENSP00000799373	ENSG00000198168	SVIP	ENSEEEP00000003305	ENSEEEG00000001860	svip
ENSP00000432816	ENSG00000134940	ACRV1	ENSEEEP00000000383	ENSEEEG00000000280	DESI2
ENSP00000689548	ENSG00000167100	SAMD14	ENSEEEP00000057582	ENSEEEG00000025520	SAMD14
ENSP00000719782	ENSG00000149547	EI24	ENSEEEP00000022636	ENSEEEG00000010972	EI24
ENSP00000516261	ENSG00000087111	PIGS	ENSEEEP00000040711	ENSEEEG00000019293	PIGS
ENSP00000417261	ENSG00000175697	GPR156	ENSEEEP00000041081	ENSEEEG00000019446	GPR156
ENSP00000419975	ENSG00000114757	PEX5L	ENSEEEP00000032542	ENSEEEG00000015519	PEX5L
ENSP00000581732	ENSG00000118961	LDAH	ENSEEEP00000033462	ENSEEEG00000015908	LDAH
ENSP00000733981	ENSG00000167085	PHB1	ENSEEEP00000033538	ENSEEEG00000015951	PHB
ENSP00000638602	ENSG00000187634	SAMD11	ENSEEEP00000053551	ENSEEEG00000015006	SAMD11
ENSP00000686762	ENSG00000065911	MTHFD2	ENSEEEP00000020118	ENSEEEG00000009823	mthfd2
ENSP00000250863	ENSG00000092345	DAZL	ENSEEEP00000017282	ENSEEEG00000008546	DAZL
ENSP00000635965	ENSG00000170248	PDCD6IP	ENSEEEP00000015634	ENSEEEG00000007746	pdcd6ip
ENSP00000305416	ENSG00000170989	S1PR1	ENSEEEP00000032187	ENSEEEG00000015352	S1PR1
ENSP00000247843	ENSG00000127337	YEATS4	ENSEEEP00000020197	ENSEEEG00000009857	YEATS4
ENSP00000225388	ENSG00000108256	NUFIP2	ENSEEEP00000035116	ENSEEEG00000016707	NUFIP2
ENSP00000361311	ENSG00000126106	TMEM53	ENSEEEP00000033768	ENSEEEG00000016084	TMEM53
ENSP00000561067	ENSG00000169683	LRRC45	ENSEEEP00000007186	ENSEEEG00000003778	LRRC45
ENSP00000350369	ENSG00000197063	MAFG	ENSEEEP00000007532	ENSEEEG00000003938	mafgb
ENSP00000282032	ENSG00000152219	ARL14EP	ENSEEEP00000006260	ENSEEEG00000003336	ARL14EP
ENSP00000701845	ENSG00000108559	NUP88	ENSEEEP00000009410	ENSEEEG00000004778	NUP88
ENSP00000717145	ENSG00000149541	B3GAT3	ENSEEEP00000049632	ENSEEEG00000023346	B3GAT3
ENSP00000344431	ENSG00000187726	DNAJB13	ENSEEEP00000019140	ENSEEEG00000009387	DNAJB13
ENSP00000786485	ENSG00000176894	PXMP2	ENSEEEP00000043589	ENSEEEG00000020600	pxmp2
ENSP00000312814	ENSG00000180901	KCTD2	ENSEEEP00000059547	ENSEEEG00000029106	KCTD2
ENSP00000794102	ENSG00000004139	SARM1	ENSEEEP00000019136	ENSEEEG00000009383	SARM1
ENSP00000573614	ENSG00000110887	DAO	ENSEEEP00000049501	ENSEEEG00000023269	DAO
ENSP00000360247	ENSG00000134716	CYP2J2	ENSEEEP00000058335	ENSEEEG00000018872	cyp2p6
ENSP00000389745	ENSG00000162144	CYB561A3	ENSEEEP00000049404	ENSEEEG00000023219	CYB561A3
ENSP00000673904	ENSG00000109072	VTN	ENSEEEP00000040316	ENSEEEG00000019111	vtnb
ENSP00000599742	ENSG00000125691	RPL23	ENSEEEP00000012535	ENSEEEG00000006287	RPL23
ENSP00000400892	ENSG00000135426	TESPA1	ENSEEEP00000044609	ENSEEEG00000021066	tespa1
ENSP00000294312	ENSG00000162344	FGF19	ENSEEEP00000038532	ENSEEEG00000018290	FGF19
ENSP00000462963	ENSG00000172171	TEFM	ENSEEEP00000012396	ENSEEEG00000006230	TEFM
ENSP00000602594	ENSG00000141499	WRAP53	ENSEEEP00000032716	ENSEEEG00000015571	WRAP53
ENSP00000501352	ENSG00000151490	PTPRO	ENSEEEP00000027220	ENSEEEG00000013081	PTPRO
ENSP00000419184	ENSG00000185420	SMYD3	ENSEEEP00000028183	ENSEEEG00000013563	SMYD3
ENSP00000773605	ENSG00000067533	RRP15	ENSEEEP00000014869	ENSEEEG00000007402	RRP15
ENSP00000377470	ENSG00000173786	CNP	ENSEEEP00000058865	ENSEEEG00000025380	CNP
ENSP00000383851	ENSG00000162522	NHSL3	ENSEEEP00000009553	ENSEEEG00000004885	PRR36
ENSP00000225609	ENSG00000108474	PIGL	ENSEEEP00000011845	ENSEEEG00000005966	PIGL
ENSP00000538622	ENSG00000130762	ARHGEF16	ENSEEEP00000041047	ENSEEEG00000019436	ARHGEF16
ENSP00000268717	ENSG00000141030	COPS3	ENSEEEP00000058709	ENSEEEG00000002690	COPS3
ENSP00000348440	ENSG00000139531	SUOX	ENSEEEP00000049945	ENSEEEG00000023481	SUOX
ENSP00000360664	ENSG00000134717	BTF3L4	ENSEEEP00000009186	ENSEEEG00000004723	BTF3L4
ENSP00000495855	ENSG00000204311	PJVK	ENSEEEP00000046686	ENSEEEG00000021988	PJVK
ENSP00000328928	ENSG00000182742	HOXB4	ENSEEEP00000007597	ENSEEEG00000003963	hoxb4a
ENSP00000350198	ENSG00000180616	SSTR2	ENSEEEP00000002512	ENSEEEG00000001461	
ENSP00000269397	ENSG00000141582	CBX4	ENSEEEP00000012037	ENSEEEG00000006068	CBX4
ENSP00000544394	ENSG00000181523	SGSH	ENSEEEP00000026360	ENSEEEG00000012768	SGSH
ENSP00000335321	ENSG00000115524	SF3B1	ENSEEEP00000040586	ENSEEEG00000019216	SF3B1
ENSP00000433022	ENSG00000185187	SIGIRR	ENSEEEP00000003204	ENSEEEG00000001803	SIGIRR
ENSP00000300098	ENSG00000166856	ACKR5	ENSEEEP00000032698	ENSEEEG00000015586	GPR182
ENSP00000184956	ENSG00000068097	HEATR6	ENSEEEP00000040647	ENSEEEG00000019241	HEATR6
ENSP00000318770	ENSG00000178301	AQP11	ENSEEEP00000050030	ENSEEEG00000023526	AQP11
ENSP00000356674	ENSG00000185278	ZBTB37	ENSEEEP00000032188	ENSEEEG00000015354	ZBTB37
ENSP00000357199	ENSG00000143303	METTL25B	ENSEEEP00000030694	ENSEEEG00000014692	rrnad1
ENSP00000311837	ENSG00000172554	SNTG2	ENSEEEP00000019451	ENSEEEG00000009531	sntg2
ENSP00000264027	ENSG00000109929	SC5D	ENSEEEP00000008973	ENSEEEG00000004630	SC5D
ENSP00000713280	ENSG00000115129	TP53I3	ENSEEEP00000021348	ENSEEEG00000010400	tp53i3
ENSP00000504984	ENSG00000182173	TSEN54	ENSEEEP00000047469	ENSEEEG00000022336	TSEN54
ENSP00000553974	ENSG00000160838	LRRC71	ENSEEEP00000013675	ENSEEEG00000006827	si:ch211-81a5.5
ENSP00000442688	ENSG00000182544	SLC61A1	ENSEEEP00000041428	ENSEEEG00000019591	MFSD5
ENSP00000446830	ENSG00000178401	DNAJC22	ENSEEEP00000018991	ENSEEEG00000009307	DNAJC22
ENSP00000270812	ENSG00000142684	ZNF593	ENSEEEP00000042247	ENSEEEG00000019954	ZNF593
ENSP00000363533	ENSG00000138400	MDH1B	ENSEEEP00000006629	ENSEEEG00000003513	MDH1B
ENSP00000309338	ENSG00000175505	CLCF1	ENSEEEP00000032001	ENSEEEG00000015273	CLCF1
ENSP00000359042	ENSG00000134186	PRPF38B	ENSEEEP00000030981	ENSEEEG00000014823	PRPF38B
ENSP00000573180	ENSG00000138386	NAB1	ENSEEEP00000049828	ENSEEEG00000023415	nab1b
ENSP00000531887	ENSG00000110851	PRDM4	ENSEEEP00000021825	ENSEEEG00000010611	PRDM4
ENSP00000606427	ENSG00000167881	SRP68	ENSEEEP00000007734	ENSEEEG00000003888	SRP68
ENSP00000560945	ENSG00000158769	F11R	ENSEEEP00000031034	ENSEEEG00000014851	f11r.1
ENSP00000535231	ENSG00000111602	TIMELESS	ENSEEEP00000018340	ENSEEEG00000009006	TIMELESS
ENSP00000309429	ENSG00000174165	ZDHHC24	ENSEEEP00000052871	ENSEEEG00000025544	ZDHHC24
ENSP00000407193	ENSG00000141337	ARSG	ENSEEEP00000023812	ENSEEEG00000011549	ARSG
ENSP00000359130	ENSG00000162695	SLC30A7	ENSEEEP00000032171	ENSEEEG00000015343	SLC30A7
ENSP00000370648	ENSG00000240857	RDH14	ENSEEEP00000049267	ENSEEEG00000023153	rdh14a
ENSP00000672142	ENSG00000131748	STARD3	ENSEEEP00000050820	ENSEEEG00000023862	STARD3
ENSP00000721992	ENSG00000115239	ASB3	ENSEEEP00000034587	ENSEEEG00000016446	ASB3
ENSP00000415885	ENSG00000137760	ALKBH8	ENSEEEP00000023850	ENSEEEG00000011574	ALKBH8
ENSP00000243189	ENSG00000117616	RSRP1	ENSEEEP00000028564	ENSEEEG00000013721	RSRP1
ENSP00000378040	ENSG00000002330	BAD	ENSEEEP00000049620	ENSEEEG00000023330	badb
ENSP00000599793	ENSG00000111361	EIF2B1	ENSEEEP00000049594	ENSEEEG00000023312	EIF2B1
ENSP00000227135	ENSG00000064199	SPA17	ENSEEEP00000054492	ENSEEEG00000025979	SPA17
ENSP00000414303	ENSG00000176697	BDNF	ENSEEEP00000054224	ENSEEEG00000017408	BDNF
ENSP00000435667	ENSG00000176148	TCP11L1	ENSEEEP00000014632	ENSEEEG00000007269	TCP11L1
ENSP00000310723	ENSG00000174243	DDX23	ENSEEEP00000052258	ENSEEEG00000024505	DDX23
ENSP00000622522	ENSG00000144895	EIF2A	ENSEEEP00000058297	ENSEEEG00000023596	EIF2A
ENSP00000299424	ENSG00000166337	TAF10	ENSEEEP00000058454	ENSEEEG00000027572	TAF10
ENSP00000412237	ENSG00000136634	IL10	ENSEEEP00000037779	ENSEEEG00000017960	IL10
ENSP00000292782	ENSG00000043093	DCUN1D1	ENSEEEP00000028706	ENSEEEG00000013769	DCUN1D1
ENSP00000509850	ENSG00000137707	BTG4	ENSEEEP00000039228	ENSEEEG00000018642	BTG4
ENSP00000340939	ENSG00000066405	CLDN18	ENSEEEP00000044983	ENSEEEG00000021236	CLDN18
ENSP00000529637	ENSG00000172890	NADSYN1	ENSEEEP00000038481	ENSEEEG00000018007	NADSYN1
ENSP00000287652	ENSG00000157014	TATDN2	ENSEEEP00000020124	ENSEEEG00000009830	tatdn2
ENSP00000416658	ENSG00000172113	NME6	ENSEEEP00000051002	ENSEEEG00000023952	NME6
ENSP00000498847	ENSG00000172667	ZMAT3	ENSEEEP00000050598	ENSEEEG00000023792	ZMAT3
ENSP00000482180	ENSG00000188070	ZFTA	ENSEEEP00000035120	ENSEEEG00000016710	si:dkey-106g10.7
ENSP00000609829	ENSG00000129235	TXNDC17	ENSEEEP00000003304	ENSEEEG00000001859	TXNDC17
ENSP00000454303	ENSG00000254470	AP5B1	ENSEEEP00000061229	ENSEEEG00000026183	AP5B1
ENSP00000534227	ENSG00000108591	DRG2	ENSEEEP00000010732	ENSEEEG00000005422	DRG2
ENSP00000433623	ENSG00000175104	TRAF6	ENSEEEP00000039538	ENSEEEG00000018776	TRAF6
ENSP00000431140	ENSG00000223953	C1QTNF5	ENSEEEP00000057242	ENSEEEG00000009636	C1QTNF5
ENSP00000415327	ENSG00000110497	AMBRA1	ENSEEEP00000023652	ENSEEEG00000011455	ambra1b
ENSP00000585625	ENSG00000138376	BARD1	ENSEEEP00000049245	ENSEEEG00000023142	bard1
ENSP00000399751	ENSG00000186001	LRCH3	ENSEEEP00000002187	ENSEEEG00000001339	LRCH3
ENSP00000301587	ENSG00000167863	ATP5PD	ENSEEEP00000041185	ENSEEEG00000019491	ATP5PD
ENSP00000537321	ENSG00000184047	DIABLO	ENSEEEP00000007009	ENSEEEG00000003696	diabloa
ENSP00000239151	ENSG00000120075	HOXB5	ENSEEEP00000007599	ENSEEEG00000003969	hoxb5a
ENSP00000263092	ENSG00000127804	METTL16	ENSEEEP00000052653	ENSEEEG00000024664	METTL16
ENSP00000714933	ENSG00000187109	NAP1L1	ENSEEEP00000020991	ENSEEEG00000009988	NAP1L1
ENSP00000314193	ENSG00000115368	WDR75	ENSEEEP00000049427	ENSEEEG00000023230	WDR75
ENSP00000301831	ENSG00000168038	ULK4	ENSEEEP00000064476	ENSEEEG00000010276	ULK4
ENSP00000330391	ENSG00000163209	SPRR3	ENSEEEP00000052246	ENSEEEG00000024496	
ENSP00000270776	ENSG00000142657	PGD	ENSEEEP00000048218	ENSEEEG00000022626	PGD
ENSP00000281772	ENSG00000144445	KANSL1L	ENSEEEP00000038399	ENSEEEG00000018236	KANSL1L
ENSP00000584353	ENSG00000162878	PKDCC	ENSEEEP00000022190	ENSEEEG00000010780	pkdcca
ENSP00000309432	ENSG00000141699	RETREG3	ENSEEEP00000010497	ENSEEEG00000005308	RETREG3
ENSP00000685239	ENSG00000023572	GLRX2	ENSEEEP00000025169	ENSEEEG00000012199	GLRX2
ENSP00000538940	ENSG00000109111	SUPT6H	ENSEEEP00000010852	ENSEEEG00000005492	SUPT6H
ENSP00000440191	ENSG00000116133	DHCR24	ENSEEEP00000049524	ENSEEEG00000023284	DHCR24
ENSP00000620203	ENSG00000143028	SYPL2	ENSEEEP00000062397	ENSEEEG00000024877	sypl2b
ENSP00000232975	ENSG00000114854	TNNC1	ENSEEEP00000013513	ENSEEEG00000006742	tnnc1b
ENSP00000355428	ENSG00000175137	SH3BP5L	ENSEEEP00000017644	ENSEEEG00000008710	gtf2h4
ENSP00000518403	ENSG00000154175	ABI3BP	ENSEEEP00000047281	ENSEEEG00000022251	abi3bpb
ENSP00000053867	ENSG00000030582	GRN	ENSEEEP00000001586	ENSEEEG00000001016	grnb
ENSP00000360170	ENSG00000132855	ANGPTL3	ENSEEEP00000022613	ENSEEEG00000010983	ANGPTL3
ENSP00000294742	ENSG00000162704	ARPC5	ENSEEEP00000063041	ENSEEEG00000028043	arpc5b
ENSP00000310406	ENSG00000174791	RIN1	ENSEEEP00000003711	ENSEEEG00000002010	rin1a
ENSP00000606999	ENSG00000180423	HARBI1	ENSEEEP00000042486	ENSEEEG00000020062	si:dkey-197c15.6
ENSP00000325958	ENSG00000110536	PTPMT1	ENSEEEP00000036954	ENSEEEG00000017553	PTPMT1
ENSP00000518873	ENSG00000120832	MTERF2	ENSEEEP00000005993	ENSEEEG00000003184	mterf2
ENSP00000574973	ENSG00000004478	FKBP4	ENSEEEP00000032735	ENSEEEG00000015599	FKBP4
ENSP00000361642	ENSG00000127125	PPCS	ENSEEEP00000054939	ENSEEEG00000027989	PPCS
ENSP00000423861	ENSG00000180806	HOXC9	ENSEEEP00000043114	ENSEEEG00000020358	hoxc9a
ENSP00000547120	ENSG00000115289	PCGF1	ENSEEEP00000033703	ENSEEEG00000016039	PCGF1
ENSP00000330393	ENSG00000116678	LEPR	ENSEEEP00000041944	ENSEEEG00000019797	LEPR
ENSP00000331411	ENSG00000144152	FBLN7	ENSEEEP00000046281	ENSEEEG00000021785	FBLN7
ENSP00000755358	ENSG00000110107	PRPF19	ENSEEEP00000050651	ENSEEEG00000023811	PRPF19
ENSP00000486361	ENSG00000155368	DBI	ENSEEEP00000057807	ENSEEEG00000028732	DBI
ENSP00000571302	ENSG00000115234	SNX17	ENSEEEP00000051025	ENSEEEG00000023956	SNX17
ENSP00000225728	ENSG00000108590	MED31	ENSEEEP00000040860	ENSEEEG00000019355	MED31
ENSP00000538777	ENSG00000108523	RNF167	ENSEEEP00000032153	ENSEEEG00000015294	RNF167
ENSP00000525931	ENSG00000121858	TNFSF10	ENSEEEP00000053470	ENSEEEG00000027422	TNFSF10
ENSP00000518920	ENSG00000135837	CEP350	ENSEEEP00000054622	ENSEEEG00000025464	march7
ENSP00000442304	ENSG00000178752	ERFE	ENSEEEP00000041248	ENSEEEG00000019524	C1QTNF12
ENSP00000356793	ENSG00000143185	XCL2	ENSEEEP00000014792	ENSEEEG00000007365	cxcl32b.1
ENSP00000416227	ENSG00000156603	MED19	ENSEEEP00000032019	ENSEEEG00000015276	med19a
ENSP00000611969	ENSG00000162873	KLHDC8A	ENSEEEP00000053627	ENSEEEG00000012611	KLHDC8A
ENSP00000475986	ENSG00000170634	ACYP2	ENSEEEP00000053953	ENSEEEG00000026814	ACYP2
ENSP00000272430	ENSG00000114993	RTKN	ENSEEEP00000007952	ENSEEEG00000004147	RTKN
ENSP00000497952	ENSG00000110079	MS4A4A	ENSEEEP00000011363	ENSEEEG00000005748	
ENSP00000302321	ENSG00000130414	NDUFA10	ENSEEEP00000048125	ENSEEEG00000022660	NDUFA10
ENSP00000318999	ENSG00000176029	C11orf16	ENSEEEP00000020394	ENSEEEG00000009954	si:dkey-8l13.5
ENSP00000343081	ENSG00000129317	PUS7L	ENSEEEP00000051450	ENSEEEG00000024155	PUS7L
ENSP00000384369	ENSG00000169519	METTL15	ENSEEEP00000006272	ENSEEEG00000003341	METTL15
ENSP00000354855	ENSG00000082641	NFE2L1	ENSEEEP00000011915	ENSEEEG00000006006	NFE2L1
ENSP00000639964	ENSG00000122970	IFT81	ENSEEEP00000042678	ENSEEEG00000020145	IFT81
ENSP00000478104	ENSG00000048707	VPS13D	ENSEEEP00000017240	ENSEEEG00000008527	VPS13D
ENSP00000376241	ENSG00000171302	CANT1	ENSEEEP00000058713	ENSEEEG00000027254	cant1a
ENSP00000654072	ENSG00000175581	MRPL48	ENSEEEP00000019129	ENSEEEG00000009382	MRPL48
ENSP00000644840	ENSG00000150787	PTS	ENSEEEP00000014671	ENSEEEG00000007297	PTS
ENSP00000295083	ENSG00000162976	SLC66A3	ENSEEEP00000049227	ENSEEEG00000023133	SLC66A3
ENSP00000334379	ENSG00000168014	C2CD3	ENSEEEP00000007078	ENSEEEG00000003738	C2CD3
ENSP00000391200	ENSG00000171163	ZNF692	ENSEEEP00000059010	ENSEEEG00000025712	
ENSP00000619463	ENSG00000070526	ST6GALNAC1	ENSEEEP00000042194	ENSEEEG00000019932	st6galnac1.1
ENSP00000435633	ENSG00000110651	CD81	ENSEEEP00000006200	ENSEEEG00000003307	cd81a
ENSP00000754007	ENSG00000110786	PTPN5	ENSEEEP00000012204	ENSEEEG00000006152	PTPN5
ENSP00000758515	ENSG00000129195	PIMREG	ENSEEEP00000040842	ENSEEEG00000019348	
ENSP00000417548	ENSG00000170946	DNAJC24	ENSEEEP00000014508	ENSEEEG00000007220	DNAJC24
ENSP00000431391	ENSG00000166181	API5	ENSEEEP00000036070	ENSEEEG00000017156	API5
ENSP00000358064	ENSG00000163125	RPRD2	ENSEEEP00000051279	ENSEEEG00000024060	rprd2b
ENSP00000596987	ENSG00000128654	MTX2	ENSEEEP00000046533	ENSEEEG00000021916	MTX2
ENSP00000468592	ENSG00000141376	BCAS3	ENSEEEP00000039779	ENSEEEG00000018785	BCAS3
ENSP00000534521	ENSG00000138463	SLC49A4	ENSEEEP00000038946	ENSEEEG00000018477	SLC49A4
ENSP00000654002	ENSG00000114626	ABTB1	ENSEEEP00000001366	ENSEEEG00000000901	ABTB1
ENSP00000367193	ENSG00000204923	FBXO48	ENSEEEP00000061758	ENSEEEG00000025800	FBXO48
ENSP00000279249	ENSG00000149798	CDC42EP2	ENSEEEP00000055539	ENSEEEG00000025253	CDC42EP2
ENSP00000572884	ENSG00000159352	PSMD4	ENSEEEP00000013140	ENSEEEG00000006589	psmd4a
ENSP00000664990	ENSG00000177830	CHID1	ENSEEEP00000040996	ENSEEEG00000019412	CHID1
ENSP00000554791	ENSG00000163872	YEATS2	ENSEEEP00000063665	ENSEEEG00000028338	YEATS2
ENSP00000522117	ENSG00000132383	RPA1	ENSEEEP00000001444	ENSEEEG00000000741	RPA1
ENSP00000286424	ENSG00000155957	TMBIM4	ENSEEEP00000061223	ENSEEEG00000026862	tmbim4
ENSP00000656840	ENSG00000116586	LAMTOR2	ENSEEEP00000061644	ENSEEEG00000026486	LAMTOR2
ENSP00000577037	ENSG00000161653	NAGS	ENSEEEP00000007703	ENSEEEG00000004036	NAGS
ENSP00000272645	ENSG00000144231	POLR2D	ENSEEEP00000060228	ENSEEEG00000026922	POLR2D
ENSP00000568225	ENSG00000088205	DDX18	ENSEEEP00000040196	ENSEEEG00000019022	DDX18
ENSP00000379880	ENSG00000179796	LRRC3B	ENSEEEP00000025196	ENSEEEG00000012217	LRRC3B
ENSP00000384597	ENSG00000242441	GTF2A1L	ENSEEEP00000059151	ENSEEEG00000028263	dtnbp1b
ENSP00000313681	ENSG00000176170	SPHK1	ENSEEEP00000022534	ENSEEEG00000010939	SPHK1
ENSP00000792924	ENSG00000089022	MAPKAPK5	ENSEEEP00000046902	ENSEEEG00000022058	MAPKAPK5
ENSP00000581166	ENSG00000127463	EMC1	ENSEEEP00000017031	ENSEEEG00000007943	EMC1
ENSP00000484664	ENSG00000182612	TSPAN10	ENSEEEP00000047317	ENSEEEG00000022246	TSPAN10
ENSP00000228837	ENSG00000111241	FGF6	ENSEEEP00000056926	ENSEEEG00000025480	FGF6
ENSP00000617329	ENSG00000149582	TMEM25	ENSEEEP00000041206	ENSEEEG00000019500	TMEM25
ENSP00000600482	ENSG00000108384	RAD51C	ENSEEEP00000004238	ENSEEEG00000002237	RAD51C
ENSP00000261745	ENSG00000111300	NAA25	ENSEEEP00000022248	ENSEEEG00000010778	NAA25
ENSP00000310572	ENSG00000087191	PSMC5	ENSEEEP00000049345	ENSEEEG00000023161	PSMC5
ENSP00000673410	ENSG00000158019	BABAM2	ENSEEEP00000012270	ENSEEEG00000006175	BABAM2
ENSP00000448385	ENSG00000166153	DEPDC4	ENSEEEP00000014497	ENSEEEG00000007216	DEPDC4
ENSP00000518252	ENSG00000163605	PPP4R2	ENSEEEP00000017709	ENSEEEG00000008746	ppp4r2a
ENSP00000595445	ENSG00000010292	NCAPD2	ENSEEEP00000028643	ENSEEEG00000013763	NCAPD2
ENSP00000414678	ENSG00000141562	NARF	ENSEEEP00000033715	ENSEEEG00000016043	NARF
ENSP00000317902	ENSG00000166037	CEP57	ENSEEEP00000056354	ENSEEEG00000004555	CEP57
ENSP00000338207	ENSG00000166407	LMO1	ENSEEEP00000029719	ENSEEEG00000014227	LMO1
ENSP00000548167	ENSG00000149313	AASDHPPT	ENSEEEP00000003011	ENSEEEG00000001711	AASDHPPT
ENSP00000578015	ENSG00000075239	ACAT1	ENSEEEP00000022497	ENSEEEG00000010918	ACAT1
ENSP00000441130	ENSG00000170043	TRAPPC1	ENSEEEP00000005067	ENSEEEG00000002640	TRAPPC1
ENSP00000512713	ENSG00000116560	SFPQ	ENSEEEP00000018127	ENSEEEG00000008914	SFPQ
ENSP00000467630	ENSG00000180329	CCDC43	ENSEEEP00000032907	ENSEEEG00000015663	CCDC43
ENSP00000576631	ENSG00000108309	RUNDC3A	ENSEEEP00000058195	ENSEEEG00000001933	rundc3aa
ENSP00000606255	ENSG00000020922	MRE11	ENSEEEP00000052927	ENSEEEG00000012047	mre11a
ENSP00000520598	ENSG00000198270	TMEM116	ENSEEEP00000046490	ENSEEEG00000021901	si:ch211-157p22.10
ENSP00000800446	ENSG00000176108	CHMP6	ENSEEEP00000060686	ENSEEEG00000025675	chmp6b
ENSP00000413645	ENSG00000173065	FAM222B	ENSEEEP00000056850	ENSEEEG00000023725	FAM222B
ENSP00000592164	ENSG00000204624	DISP3	ENSEEEP00000001870	ENSEEEG00000001175	DISP3
ENSP00000204726	ENSG00000090615	GOLGA3	ENSEEEP00000053783	ENSEEEG00000009696	GOLGA3
ENSP00000544720	ENSG00000004487	KDM1A	ENSEEEP00000016581	ENSEEEG00000008207	KDM1A
ENSP00000340776	ENSG00000181378	CFAP65	ENSEEEP00000063010	ENSEEEG00000018205	
ENSP00000300738	ENSG00000167325	RRM1	ENSEEEP00000012288	ENSEEEG00000005807	RRM1
ENSP00000591907	ENSG00000068745	IP6K2	ENSEEEP00000052025	ENSEEEG00000024410	ip6k2a
ENSP00000499674	ENSG00000114982	KANSL3	ENSEEEP00000045499	ENSEEEG00000021463	KANSL3
ENSP00000295694	ENSG00000163472	TMEM79	ENSEEEP00000005574	ENSEEEG00000002932	tmem79a
ENSP00000298317	ENSG00000165526	RPUSD4	ENSEEEP00000004213	ENSEEEG00000002227	RPUSD4
ENSP00000479773	ENSG00000243710	CFAP57	ENSEEEP00000022988	ENSEEEG00000011160	CFAP57
ENSP00000508500	ENSG00000165494	PCF11	ENSEEEP00000008141	ENSEEEG00000004244	PCF11
ENSP00000318486	ENSG00000176749	CDK5R1	ENSEEEP00000031504	ENSEEEG00000015069	cdk5r1b
ENSP00000616594	ENSG00000163785	RYK	ENSEEEP00000010639	ENSEEEG00000005386	RYK
ENSP00000480853	ENSG00000111237	VPS29	ENSEEEP00000007162	ENSEEEG00000003777	VPS29
ENSP00000309836	ENSG00000244607	CCDC13	ENSEEEP00000055467	ENSEEEG00000025444	ccdc13
ENSP00000776787	ENSG00000137648	TMPRSS4	ENSEEEP00000018634	ENSEEEG00000009158	tmprss4a
ENSP00000368547	ENSG00000171055	FEZ2	ENSEEEP00000051292	ENSEEEG00000024065	si:ch211-57i17.1
ENSP00000356156	ENSG00000158615	PPP1R15B	ENSEEEP00000036331	ENSEEEG00000017278	aftpha
ENSP00000391668	ENSG00000014914	MTMR11	ENSEEEP00000033630	ENSEEEG00000016002	MTMR11
ENSP00000554530	ENSG00000132329	RAMP1	ENSEEEP00000040084	ENSEEEG00000019006	RAMP1
ENSP00000406705	ENSG00000196639	HRH1	ENSEEEP00000003812	ENSEEEG00000002046	HRH1
ENSP00000572139	ENSG00000115457	IGFBP2	ENSEEEP00000049461	ENSEEEG00000023248	igfbp2a
ENSP00000530131	ENSG00000174640	SLCO2A1	ENSEEEP00000010656	ENSEEEG00000005392	SLCO2A1
ENSP00000388598	ENSG00000144559	TAMM41	ENSEEEP00000030632	ENSEEEG00000014672	TAMM41
ENSP00000711732	ENSG00000175203	DCTN2	ENSEEEP00000018199	ENSEEEG00000008944	DCTN2
ENSP00000370745	ENSG00000079785	DDX1	ENSEEEP00000043668	ENSEEEG00000020636	DDX1
ENSP00000521696	ENSG00000175582	RAB6A	ENSEEEP00000019126	ENSEEEG00000009370	rab6a
ENSP00000611285	ENSG00000144746	ARL6IP5	ENSEEEP00000018132	ENSEEEG00000008919	arl6ip5b
ENSP00000376963	ENSG00000180881	CAPS2	ENSEEEP00000014213	ENSEEEG00000007060	
ENSP00000324651	ENSG00000144868	TMEM108	ENSEEEP00000014854	ENSEEEG00000007395	TMEM108
ENSP00000790674	ENSG00000254986	DPP3	ENSEEEP00000062762	ENSEEEG00000002020	DPP3
ENSP00000791812	ENSG00000111445	RFC5	ENSEEEP00000020285	ENSEEEG00000009898	RFC5
ENSP00000296327	ENSG00000163959	SLC51A	ENSEEEP00000041136	ENSEEEG00000019456	SLC51A
ENSP00000418401	ENSG00000144867	SRPRB	ENSEEEP00000051862	ENSEEEG00000024341	SRPRB
ENSP00000240922	ENSG00000121579	NAA50	ENSEEEP00000047157	ENSEEEG00000022195	NAA50
ENSP00000376432	ENSG00000151704	KCNJ1	ENSEEEP00000022766	ENSEEEG00000011038	kcnj1b
ENSP00000518233	ENSG00000139546	TARBP2	ENSEEEP00000044607	ENSEEEG00000021065	TARBP2
ENSP00000794582	ENSG00000163686	ABHD6	ENSEEEP00000027698	ENSEEEG00000013341	abhd6a
ENSP00000281961	ENSG00000152154	TMEM178A	ENSEEEP00000063476	ENSEEEG00000027848	tmem178
ENSP00000289371	ENSG00000158417	EIF5B	ENSEEEP00000041107	ENSEEEG00000019327	EIF5B
ENSP00000418575	ENSG00000183662	TAFA1	ENSEEEP00000023663	ENSEEEG00000011454	TAFA1
ENSP00000599607	ENSG00000177600	RPLP2	ENSEEEP00000004515	ENSEEEG00000002351	RPLP2
ENSP00000402140	ENSG00000163072	NOSTRIN	ENSEEEP00000050102	ENSEEEG00000023567	NOSTRIN
ENSP00000624184	ENSG00000135473	PAN2	ENSEEEP00000009807	ENSEEEG00000004991	PAN2
ENSP00000265983	ENSG00000110169	HPX	ENSEEEP00000045733	ENSEEEG00000021439	hpxa
ENSP00000601012	ENSG00000067704	IARS2	ENSEEEP00000044145	ENSEEEG00000020831	IARS2
ENSP00000285021	ENSG00000154767	XPC	ENSEEEP00000044328	ENSEEEG00000020943	XPC
ENSP00000386895	ENSG00000124019	FAM124B	ENSEEEP00000063942	ENSEEEG00000028230	FAM124B
ENSP00000344829	ENSG00000115828	QPCT	ENSEEEP00000047791	ENSEEEG00000022415	QPCT
ENSP00000330389	ENSG00000184924	PTRHD1	ENSEEEP00000062173	ENSEEEG00000027697	PTRHD1
ENSP00000568219	ENSG00000132300	PTCD3	ENSEEEP00000020059	ENSEEEG00000009506	ptcd3
ENSP00000428459	ENSG00000253304	TMEM200B	ENSEEEP00000017368	ENSEEEG00000008584	TMEM200B
ENSP00000386597	ENSG00000172269	DPAGT1	ENSEEEP00000029830	ENSEEEG00000014292	DPAGT1
ENSP00000376332	ENSG00000135119	RNFT2	ENSEEEP00000019637	ENSEEEG00000009614	RNFT2
ENSP00000261318	ENSG00000111412	SPRING1	ENSEEEP00000019641	ENSEEEG00000009618	SPRING1
ENSP00000328004	ENSG00000015153	YAF2	ENSEEEP00000057380	ENSEEEG00000026735	YAF2
ENSP00000295927	ENSG00000163661	PTX3	ENSEEEP00000053963	ENSEEEG00000028165	ptx3a
ENSP00000264952	ENSG00000114124	GRK7	ENSEEEP00000033247	ENSEEEG00000015807	grk7a
ENSP00000419124	ENSG00000168309	FAM107A	ENSEEEP00000010236	ENSEEEG00000005190	FAM107A
ENSP00000795595	ENSG00000139722	VPS37B	ENSEEEP00000061786	ENSEEEG00000025038	VPS37B
ENSP00000379513	ENSG00000008394	MGST1	ENSEEEP00000037408	ENSEEEG00000017786	mgst1.2
ENSP00000601248	ENSG00000076242	MLH1	ENSEEEP00000016195	ENSEEEG00000008018	MLH1
ENSP00000379658	ENSG00000139083	ETV6	ENSEEEP00000011142	ENSEEEG00000005654	ETV6
ENSP00000299162	ENSG00000139445	FOXN4	ENSEEEP00000006620	ENSEEEG00000003508	FOXN4
ENSP00000386994	ENSG00000125611	CHCHD5	ENSEEEP00000043151	ENSEEEG00000020374	CHCHD5
ENSP00000475224	ENSG00000286053	ASDURF	ENSEEEP00000049413	ENSEEEG00000023225	
ENSP00000334785	ENSG00000088992	TESC	ENSEEEP00000039350	ENSEEEG00000018691	tescb
ENSP00000706189	ENSG00000136643	RPS6KC1	ENSEEEP00000053549	ENSEEEG00000004391	RPS6KC1
ENSP00000581418	ENSG00000144354	CDCA7	ENSEEEP00000009656	ENSEEEG00000004921	cdca7a
ENSP00000229214	ENSG00000111615	KRR1	ENSEEEP00000042918	ENSEEEG00000020250	KRR1
ENSP00000267015	ENSG00000139572	GPR84	ENSEEEP00000017546	ENSEEEG00000008677	GPR84
ENSP00000398536	ENSG00000114686	MRPL3	ENSEEEP00000002286	ENSEEEG00000001320	MRPL3
ENSP00000381436	ENSG00000206538	VGLL3	ENSEEEP00000011430	ENSEEEG00000005773	VGLL3
ENSP00000548386	ENSG00000186132	C2orf76	ENSEEEP00000053075	ENSEEEG00000027514	C2orf76
ENSP00000475168	ENSG00000157916	RER1	ENSEEEP00000001977	ENSEEEG00000001229	RER1
ENSP00000343741	ENSG00000175054	ATR	ENSEEEP00000033278	ENSEEEG00000015815	ATR
ENSP00000513252	ENSG00000204334	ERICH2	ENSEEEP00000009783	ENSEEEG00000004978	erich2
ENSP00000407602	ENSG00000047849	MAP4	ENSEEEP00000055500	ENSEEEG00000023358	MAP1B
ENSP00000258383	ENSG00000135900	MRPL44	ENSEEEP00000007996	ENSEEEG00000004179	MRPL44
ENSP00000308591	ENSG00000175229	GAL3ST3	ENSEEEP00000033086	ENSEEEG00000015742	gal3st3
ENSP00000194530	ENSG00000082146	STRADB	ENSEEEP00000006348	ENSEEEG00000003378	STRADB
ENSP00000366006	ENSG00000120942	UBIAD1	ENSEEEP00000003575	ENSEEEG00000001958	UBIAD1
ENSP00000574318	ENSG00000137752	CASP1	ENSEEEP00000023819	ENSEEEG00000011556	caspa
ENSP00000294728	ENSG00000162692	VCAM1	ENSEEEP00000062124	ENSEEEG00000027277	
ENSP00000401749	ENSG00000149380	P4HA3	ENSEEEP00000007066	ENSEEEG00000003723	P4HA3
ENSP00000355623	ENSG00000119280	C1orf198	ENSEEEP00000008418	ENSEEEG00000004392	C1orf198
ENSP00000387195	ENSG00000178662	CSRNP3	ENSEEEP00000039172	ENSEEEG00000018616	CSRNP3
ENSP00000359222	ENSG00000152078	TLCD4	ENSEEEP00000037182	ENSEEEG00000017670	tlcd4a
ENSP00000192314	ENSG00000154252	GAL3ST2	ENSEEEP00000000621	ENSEEEG00000000433	GAL3ST2
ENSP00000359295	ENSG00000117505	DR1	ENSEEEP00000004192	ENSEEEG00000002215	DR1
ENSP00000296218	ENSG00000163879	DNALI1	ENSEEEP00000013775	ENSEEEG00000006863	DNALI1
ENSP00000496061	ENSG00000163864	NMNAT3	ENSEEEP00000048311	ENSEEEG00000022753	NMNAT1
ENSP00000752933	ENSG00000187049	TMEM216	ENSEEEP00000029790	ENSEEEG00000014270	TMEM216
ENSP00000509253	ENSG00000114023	FAM162A	ENSEEEP00000041799	ENSEEEG00000019770	FAM162A
ENSP00000411355	ENSG00000081237	PTPRC	ENSEEEP00000018305	ENSEEEG00000008788	PTPRC
ENSP00000266014	ENSG00000016864	GLT8D1	ENSEEEP00000056967	ENSEEEG00000005159	GLT8D1
ENSP00000557425	ENSG00000151715	TMEM45B	ENSEEEP00000010217	ENSEEEG00000005166	TMEM45B
ENSP00000559948	ENSG00000165912	PACSIN3	ENSEEEP00000038562	ENSEEEG00000018299	PACSIN3
ENSP00000358120	ENSG00000023902	PLEKHO1	ENSEEEP00000049098	ENSEEEG00000023074	plekho1b
ENSP00000351328	ENSG00000164002	EXO5	ENSEEEP00000052639	ENSEEEG00000024658	EXO5
ENSP00000523298	ENSG00000177963	RIC8A	ENSEEEP00000043213	ENSEEEG00000020388	RIC8A
ENSP00000484431	ENSG00000117091	CD48	ENSEEEP00000056253	ENSEEEG00000025075	
ENSP00000794719	ENSG00000087884	AAMDC	ENSEEEP00000054568	ENSEEEG00000027261	AAMDC
ENSP00000791867	ENSG00000144677	CTDSPL	ENSEEEP00000041337	ENSEEEG00000019558	ctdspla
ENSP00000573586	ENSG00000050165	DKK3	ENSEEEP00000034276	ENSEEEG00000016323	dkk3a
ENSP00000541024	ENSG00000184432	COPB2	ENSEEEP00000038377	ENSEEEG00000017791	COPB2
ENSP00000345079	ENSG00000159176	CSRP1	ENSEEEP00000014262	ENSEEEG00000007092	csrp1a
ENSP00000497932	ENSG00000160710	ADAR	ENSEEEP00000059443	ENSEEEG00000011947	ADAR
ENSP00000264717	ENSG00000084734	GCKR	ENSEEEP00000020454	ENSEEEG00000009984	gckr
ENSP00000295959	ENSG00000163684	RPP14	ENSEEEP00000063151	ENSEEEG00000026702	RPP14
ENSP00000435489	ENSG00000162241	SLC25A45	ENSEEEP00000035699	ENSEEEG00000016997	SLC25A45
ENSP00000418813	ENSG00000113811	SELENOK	ENSEEEP00000002806	ENSEEEG00000001610	SELENOK
ENSP00000418695	ENSG00000163636	PSMD6	ENSEEEP00000016268	ENSEEEG00000008045	PSMD6
ENSP00000377735	ENSG00000080822	CLDND1	ENSEEEP00000037271	ENSEEEG00000017713	cldnd1a
ENSP00000361060	ENSG00000085998	POMGNT1	ENSEEEP00000018428	ENSEEEG00000008842	POMGNT1
ENSP00000423933	ENSG00000138050	THUMPD2	ENSEEEP00000016482	ENSEEEG00000008167	THUMPD2
ENSP00000236980	ENSG00000118246	FASTKD2	ENSEEEP00000006637	ENSEEEG00000003518	FASTKD2
ENSP00000532930	ENSG00000163818	LZTFL1	ENSEEEP00000016291	ENSEEEG00000008058	LZTFL1
ENSP00000585164	ENSG00000144554	FANCD2	ENSEEEP00000060908	ENSEEEG00000024447	FANCD2
ENSP00000364699	ENSG00000204370	SDHD	ENSEEEP00000056213	ENSEEEG00000026227	sdhdb
ENSP00000418690	ENSG00000152904	GGPS1	ENSEEEP00000019017	ENSEEEG00000009330	GGPS1
ENSP00000551205	ENSG00000163444	TMEM183A	ENSEEEP00000039100	ENSEEEG00000018570	TMEM183A
ENSP00000513706	ENSG00000072756	TRNT1	ENSEEEP00000007833	ENSEEEG00000004093	TRNT1
ENSP00000373354	ENSG00000170364	SETMAR	ENSEEEP00000020205	ENSEEEG00000009866	setmar
ENSP00000556554	ENSG00000196660	SLC30A10	ENSEEEP00000024105	ENSEEEG00000011694	SLC30A10
ENSP00000379047	ENSG00000164051	CCDC51	ENSEEEP00000050252	ENSEEEG00000023629	CCDC51
ENSP00000290663	ENSG00000159479	MED8	ENSEEEP00000061015	ENSEEEG00000008607	MED8
ENSP00000563898	ENSG00000173409	ARV1	ENSEEEP00000008436	ENSEEEG00000004401	ARV1
ENSP00000712733	ENSG00000174606	ANGEL2	ENSEEEP00000053936	ENSEEEG00000023512	angel2
ENSP00000355896	ENSG00000092969	TGFB2	ENSEEEP00000014870	ENSEEEG00000007403	TGFB2
ENSP00000641638	ENSG00000034971	MYOC	ENSEEEP00000024521	ENSEEEG00000011890	MYOC
ENSP00000501561	ENSG00000181722	ZBTB20	ENSEEEP00000056237	ENSEEEG00000028252	ZBTB20
ENSP00000308727	ENSG00000173705	SUSD5	ENSEEEP00000029000	ENSEEEG00000013911	SUSD5
ENSP00000341940	ENSG00000182533	CAV3	ENSEEEP00000061098	ENSEEEG00000027286	CAV3
ENSP00000341422	ENSG00000178467	P4HTM	ENSEEEP00000060095	ENSEEEG00000026843	P4HTM
ENSP00000376272	ENSG00000163918	RFC4	ENSEEEP00000002918	ENSEEEG00000001660	RFC4
ENSP00000234195	ENSG00000115841	RMDN2	ENSEEEP00000009034	ENSEEEG00000004655	RMDN2
ENSP00000314807	ENSG00000196083	IL1RAP	ENSEEEP00000046437	ENSEEEG00000021864	
ENSP00000568318	ENSG00000211460	TSN	ENSEEEP00000025314	ENSEEEG00000012274	TSN
ENSP00000387216	ENSG00000221823	PPP3R1	ENSEEEP00000063765	ENSEEEG00000028649	ppp3r1b
ENSP00000238831	ENSG00000119820	YIPF4	ENSEEEP00000019695	ENSEEEG00000009641	YIPF4
ENSP00000358149	ENSG00000178096	BOLA1	ENSEEEP00000033637	ENSEEEG00000016007	BOLA1
ENSP00000360065	ENSG00000152763	DNAI4	ENSEEEP00000031966	ENSEEEG00000015253	wdr78
ENSP00000380054	ENSG00000144597	EAF1	ENSEEEP00000016558	ENSEEEG00000008203	EAF1
ENSP00000360913	ENSG00000132122	SPATA6	ENSEEEP00000003068	ENSEEEG00000001740	SPATA6
ENSP00000295414	ENSG00000163249	CCNYL1	ENSEEEP00000040050	ENSEEEG00000018984	ccnyl1
ENSP00000530038	ENSG00000163848	ZNF148	ENSEEEP00000023141	ENSEEEG00000011219	ZNF148
ENSP00000344235	ENSG00000188542	DUSP28	ENSEEEP00000062912	ENSEEEG00000027953	dusp28
ENSP00000315137	ENSG00000163082	SGPP2	ENSEEEP00000000794	ENSEEEG00000000542	SGPP2
ENSP00000537298	ENSG00000196872	CRACDL	ENSEEEP00000043174	ENSEEEG00000020389	
ENSP00000596011	ENSG00000143971	ETAA1	ENSEEEP00000022373	ENSEEEG00000010867	etaa1b
ENSP00000390595	ENSG00000198369	SPRED2	ENSEEEP00000031682	ENSEEEG00000015133	spred2b
ENSP00000378568	ENSG00000116754	SRSF11	ENSEEEP00000006389	ENSEEEG00000003391	SRSF11
ENSP00000258105	ENSG00000204822	MRPL53	ENSEEEP00000031528	ENSEEEG00000015084	mrpl53
ENSP00000612490	ENSG00000138029	HADHB	ENSEEEP00000059098	ENSEEEG00000001287	HADHB
ENSP00000577182	ENSG00000114383	TUSC2	ENSEEEP00000005335	ENSEEEG00000002790	tusc2b
ENSP00000417559	ENSG00000169251	NMD3	ENSEEEP00000025609	ENSEEEG00000012422	NMD3
ENSP00000290541	ENSG00000159377	PSMB4	ENSEEEP00000029274	ENSEEEG00000014026	PSMB4
ENSP00000415536	ENSG00000163882	POLR2H	ENSEEEP00000026444	ENSEEEG00000012795	POLR2H
ENSP00000362807	ENSG00000162517	PEF1	ENSEEEP00000032819	ENSEEEG00000015634	PEF1
ENSP00000491030	ENSG00000151967	SCHIP1	ENSEEEP00000057871	ENSEEEG00000012624	schip1
ENSP00000358320	ENSG00000121851	POLR3GL	ENSEEEP00000047480	ENSEEEG00000022342	polr3gla
ENSP00000232905	ENSG00000114784	EIF1B	ENSEEEP00000020220	ENSEEEG00000009871	EIF1B
ENSP00000325978	ENSG00000114248	LRRC31	ENSEEEP00000063000	ENSEEEG00000027042	LRRC31
ENSP00000569302	ENSG00000152492	CCDC50	ENSEEEP00000048302	ENSEEEG00000022747	ccdc187
ENSP00000284320	ENSG00000154174	TOMM70	ENSEEEP00000057393	ENSEEEG00000005859	tomm70a
ENSP00000328287	ENSG00000164068	RNF123	ENSEEEP00000020983	ENSEEEG00000010227	RNF123
ENSP00000534382	ENSG00000032389	EIPR1	ENSEEEP00000017745	ENSEEEG00000008763	EIPR1
ENSP00000530409	ENSG00000168883	USP39	ENSEEEP00000009182	ENSEEEG00000004583	USP39
ENSP00000518857	ENSG00000116212	LRRC42	ENSEEEP00000016570	ENSEEEG00000008211	LRRC42
ENSP00000355968	ENSG00000170385	SLC30A1	ENSEEEP00000006029	ENSEEEG00000003208	slc30a1b
ENSP00000418232	ENSG00000010322	NISCH	ENSEEEP00000016297	ENSEEEG00000008053	NISCH
ENSP00000639523	ENSG00000154783	FGD5	ENSEEEP00000062737	ENSEEEG00000026050	fgd5a
ENSP00000792234	ENSG00000162368	CMPK1	ENSEEEP00000021157	ENSEEEG00000010315	CMPK1
ENSP00000360281	ENSG00000021852	C8B	ENSEEEP00000002028	ENSEEEG00000001143	C8B
ENSP00000319006	ENSG00000177352	CCDC71	ENSEEEP00000015881	ENSEEEG00000007849	si:dkeyp-87e7.4
ENSP00000582580	ENSG00000163512	AZI2	ENSEEEP00000029575	ENSEEEG00000014169	AZI2
ENSP00000336750	ENSG00000119760	SUPT7L	ENSEEEP00000012322	ENSEEEG00000006198	SUPT7L
ENSP00000258302	ENSG00000135824	RGS8	ENSEEEP00000053089	ENSEEEG00000007073	RGS8
ENSP00000777847	ENSG00000144040	SFXN5	ENSEEEP00000047962	ENSEEEG00000022594	sfxn5b
ENSP00000406052	ENSG00000162782	TDRD5	ENSEEEP00000035634	ENSEEEG00000016967	tdrd5
ENSP00000574580	ENSG00000088543	C3orf18	ENSEEEP00000013419	ENSEEEG00000006722	C3orf18
ENSP00000414635	ENSG00000171757	LRRC34	ENSEEEP00000046912	ENSEEEG00000022083	LRRC34
ENSP00000618226	ENSG00000144747	TMF1	ENSEEEP00000023842	ENSEEEG00000011481	TMF1
ENSP00000481680	ENSG00000144362	PHOSPHO2	ENSEEEP00000009799	ENSEEEG00000004987	PHOSPHO2
ENSP00000377428	ENSG00000206530	CFAP44	ENSEEEP00000047172	ENSEEEG00000022202	
ENSP00000635162	ENSG00000138036	DYNC2LI1	ENSEEEP00000015332	ENSEEEG00000007621	DYNC2LI1
ENSP00000694761	ENSG00000143409	MINDY1	ENSEEEP00000050844	ENSEEEG00000023882	MINDY1
ENSP00000627178	ENSG00000153093	ACOXL	ENSEEEP00000046216	ENSEEEG00000021767	ACOXL
ENSP00000323076	ENSG00000178057	NDUFAF3	ENSEEEP00000047232	ENSEEEG00000022233	NDUFAF3
ENSP00000444081	ENSG00000138068	SULT6B1	ENSEEEP00000012860	ENSEEEG00000006457	SULT6B1
ENSP00000319464	ENSG00000178772	CPN2	ENSEEEP00000051632	ENSEEEG00000024242	zgc:153913
ENSP00000370997	ENSG00000150873	CIMIP5	ENSEEEP00000048854	ENSEEEG00000022977	si:dkey-18j18.3
ENSP00000792136	ENSG00000168874	ATOH8	ENSEEEP00000022774	ENSEEEG00000011043	ATOH8
ENSP00000385887	ENSG00000144504	ANKMY1	ENSEEEP00000034890	ENSEEEG00000016596	ankmy1
ENSP00000364240	ENSG00000162543	UBXN10	ENSEEEP00000003282	ENSEEEG00000001848	UBXN10
ENSP00000478645	ENSG00000163596	ICA1L	ENSEEEP00000047759	ENSEEEG00000022479	ical1
ENSP00000580632	ENSG00000082996	RNF13	ENSEEEP00000058474	ENSEEEG00000003638	RNF13
ENSP00000264254	ENSG00000115539	PDCL3	ENSEEEP00000005385	ENSEEEG00000002819	PDCL3
ENSP00000608520	ENSG00000071082	RPL31	ENSEEEP00000013055	ENSEEEG00000006570	RPL31
ENSP00000504065	ENSG00000158864	NDUFS2	ENSEEEP00000013170	ENSEEEG00000006464	NDUFS2
ENSP00000498719	ENSG00000215717	TMEM167B	ENSEEEP00000014151	ENSEEEG00000007027	TMEM167B
ENSP00000545916	ENSG00000169599	NFU1	ENSEEEP00000010831	ENSEEEG00000005486	NFU1
ENSP00000618036	ENSG00000116918	TSNAX	ENSEEEP00000046461	ENSEEEG00000021878	tsnax
ENSP00000778510	ENSG00000144339	TMEFF2	ENSEEEP00000002876	ENSEEEG00000001626	tmeff2a
ENSP00000588183	ENSG00000163666	HESX1	ENSEEEP00000021880	ENSEEEG00000010630	HESX1
ENSP00000624613	ENSG00000196455	PIK3R4	ENSEEEP00000049058	ENSEEEG00000023049	PIK3R4
ENSP00000552590	ENSG00000114107	CEP70	ENSEEEP00000044067	ENSEEEG00000020827	CEP70
ENSP00000677880	ENSG00000134330	IAH1	ENSEEEP00000035579	ENSEEEG00000016945	IAH1
ENSP00000362965	ENSG00000169403	PTAFR	ENSEEEP00000013299	ENSEEEG00000006662	ptafr
ENSP00000380605	ENSG00000150551	LYPD1	ENSEEEP00000034803	ENSEEEG00000016555	LYPD1
ENSP00000626732	ENSG00000085760	MTIF2	ENSEEEP00000011792	ENSEEEG00000005929	MTIF2
ENSP00000789703	ENSG00000172936	MYD88	ENSEEEP00000022749	ENSEEEG00000011032	MYD88
ENSP00000419465	ENSG00000018408	WWTR1	ENSEEEP00000055895	ENSEEEG00000025193	WWTR1
ENSP00000347224	ENSG00000159592	GPBP1L1	ENSEEEP00000022414	ENSEEEG00000010882	GPBP1L1
ENSP00000565796	ENSG00000221955	SLC12A8	ENSEEEP00000023144	ENSEEEG00000011224	SLC12A8
ENSP00000758391	ENSG00000151665	PIGF	ENSEEEP00000035669	ENSEEEG00000016985	PIGF
ENSP00000413017	ENSG00000160050	CCDC28B	ENSEEEP00000048708	ENSEEEG00000022918	CCDC28B
ENSP00000359160	ENSG00000122435	TRMT13	ENSEEEP00000032042	ENSEEEG00000015286	TRMT13
ENSP00000311684	ENSG00000072195	SPEG	ENSEEEP00000043464	ENSEEEG00000020543	spegb
ENSP00000544164	ENSG00000144837	PLA1A	ENSEEEP00000018963	ENSEEEG00000009299	pla1a
ENSP00000577403	ENSG00000163687	DNASE1L3	ENSEEEP00000027691	ENSEEEG00000013340	DNASE1L3
ENSP00000310332	ENSG00000174013	FBXO45	ENSEEEP00000061804	ENSEEEG00000028872	FBXO45
ENSP00000551724	ENSG00000174891	RSRC1	ENSEEEP00000060476	ENSEEEG00000026232	RSRC1
ENSP00000548354	ENSG00000144320	LNPK	ENSEEEP00000046524	ENSEEEG00000021914	LNPK
ENSP00000624095	ENSG00000174151	CYB561D1	ENSEEEP00000019841	ENSEEEG00000009710	CYB561D1
ENSP00000294454	ENSG00000162461	SLC25A34	ENSEEEP00000047121	ENSEEEG00000022181	SLC25A34
ENSP00000624353	ENSG00000163468	CCT3	ENSEEEP00000058607	ENSEEEG00000016899	CCT3
ENSP00000362936	ENSG00000180098	TRNAU1AP	ENSEEEP00000015997	ENSEEEG00000007920	trnau1apb
ENSP00000355827	ENSG00000143756	FBXO28	ENSEEEP00000055851	ENSEEEG00000028644	FBXO28
ENSP00000768801	ENSG00000170860	LSM3	ENSEEEP00000050120	ENSEEEG00000023576	LSM3
ENSP00000611443	ENSG00000197885	NKIRAS1	ENSEEEP00000048467	ENSEEEG00000022812	NKIRAS1
ENSP00000307004	ENSG00000169621	APLF	ENSEEEP00000062379	ENSEEEG00000025194	zgc:165656
ENSP00000564991	ENSG00000175105	ZNF654	ENSEEEP00000027317	ENSEEEG00000013179	znf654
ENSP00000527661	ENSG00000132323	ILKAP	ENSEEEP00000060094	ENSEEEG00000022049	ILKAP
ENSP00000569539	ENSG00000176261	ZBTB8OS	ENSEEEP00000059327	ENSEEEG00000012215	ZBTB8OS
ENSP00000419413	ENSG00000114098	ARMC8	ENSEEEP00000039279	ENSEEEG00000018647	ARMC8
ENSP00000356096	ENSG00000196550	FAM72A	ENSEEEP00000062456	ENSEEEG00000026441	FAM72B
ENSP00000684551	ENSG00000122176	FMOD	ENSEEEP00000037771	ENSEEEG00000017956	fmoda
ENSP00000592658	ENSG00000132768	DPH2	ENSEEEP00000052606	ENSEEEG00000024646	DPH2
ENSP00000566928	ENSG00000151353	TMEM18	ENSEEEP00000006650	ENSEEEG00000003529	TMEM18
ENSP00000554024	ENSG00000144021	CIAO1	ENSEEEP00000020834	ENSEEEG00000010156	CIAO1
ENSP00000272164	ENSG00000143816	WNT9A	ENSEEEP00000038669	ENSEEEG00000018353	WNT9A
ENSP00000420161	ENSG00000121578	B4GALT4	ENSEEEP00000032693	ENSEEEG00000015583	B4GALT4
ENSP00000308976	ENSG00000174453	VWC2L	ENSEEEP00000049243	ENSEEEG00000023140	VWC2L
ENSP00000379739	ENSG00000197429	IPP	ENSEEEP00000004892	ENSEEEG00000002551	IPP
ENSP00000428067	ENSG00000163635	ATXN7	ENSEEEP00000016276	ENSEEEG00000008049	ATXN7
ENSP00000608021	ENSG00000136522	MRPL47	ENSEEEP00000033106	ENSEEEG00000015753	MRPL47
ENSP00000578342	ENSG00000138030	KHK	ENSEEEP00000027809	ENSEEEG00000013382	KHK
ENSP00000561132	ENSG00000116977	LGALS8	ENSEEEP00000032398	ENSEEEG00000015448	lgals8a
ENSP00000795572	ENSG00000115364	MRPL19	ENSEEEP00000064567	ENSEEEG00000025782	MRPL19
ENSP00000421842	ENSG00000129055	ANAPC13	ENSEEEP00000058741	ENSEEEG00000027087	ANAPC13
ENSP00000236959	ENSG00000138363	ATIC	ENSEEEP00000041648	ENSEEEG00000019658	atic
ENSP00000761403	ENSG00000182004	SNRPE	ENSEEEP00000026278	ENSEEEG00000012703	SNRPE
ENSP00000753935	ENSG00000213337	ANKRD39	ENSEEEP00000001375	ENSEEEG00000000908	ANKRD39
ENSP00000263341	ENSG00000125538	IL1B	ENSEEEP00000044701	ENSEEEG00000021108	IL1B
ENSP00000516056	ENSG00000178104	PDE4DIP	ENSEEEP00000057618	ENSEEEG00000027507	si:ch211-242b18.1
ENSP00000417222	ENSG00000153002	CPB1	ENSEEEP00000038815	ENSEEEG00000018415	CPB1
ENSP00000326933	ENSG00000179833	SERTAD2	ENSEEEP00000004988	ENSEEEG00000002596	sertad2b
ENSP00000234111	ENSG00000115758	ODC1	ENSEEEP00000018879	ENSEEEG00000009262	ODC1
ENSP00000775656	ENSG00000125037	EMC3	ENSEEEP00000063416	ENSEEEG00000024412	EMC3
ENSP00000306561	ENSG00000114026	OGG1	ENSEEEP00000000611	ENSEEEG00000000432	OGG1
ENSP00000547993	ENSG00000115947	ORC4	ENSEEEP00000020499	ENSEEEG00000010007	ORC4
ENSP00000339524	ENSG00000169598	DFFB	ENSEEEP00000001228	ENSEEEG00000000834	dffb
ENSP00000315914	ENSG00000008226	DLEC1	ENSEEEP00000061781	ENSEEEG00000019747	pald1a
ENSP00000399679	ENSG00000116690	PRG4	ENSEEEP00000025294	ENSEEEG00000012269	prg4b
ENSP00000709972	ENSG00000175193	PARL	ENSEEEP00000057255	ENSEEEG00000021876	parla
ENSP00000272163	ENSG00000143815	LBR	ENSEEEP00000027176	ENSEEEG00000013109	LBR
ENSP00000559723	ENSG00000084693	AGBL5	ENSEEEP00000043761	ENSEEEG00000020687	AGBL5
ENSP00000326305	ENSG00000178537	SLC25A20	ENSEEEP00000047148	ENSEEEG00000022189	SLC25A20
ENSP00000516727	ENSG00000145016	RUBCN	ENSEEEP00000006878	ENSEEEG00000003632	RUBCN
ENSP00000386371	ENSG00000135960	EDAR	ENSEEEP00000025624	ENSEEEG00000012432	EDAR
ENSP00000404384	ENSG00000144455	SUMF1	ENSEEEP00000021533	ENSEEEG00000010490	SUMF1
ENSP00000588166	ENSG00000095002	MSH2	ENSEEEP00000035660	ENSEEEG00000016977	MSH2
ENSP00000784071	ENSG00000114904	NEK4	ENSEEEP00000010208	ENSEEEG00000005180	NEK4
ENSP00000528290	ENSG00000142892	PIGK	ENSEEEP00000023946	ENSEEEG00000011623	PIGK
ENSP00000507186	ENSG00000088727	KIF9	ENSEEEP00000052599	ENSEEEG00000024642	KIF9
ENSP00000462099	ENSG00000266094	RASSF5	ENSEEEP00000037969	ENSEEEG00000018034	RASSF5
ENSP00000308549	ENSG00000163485	ADORA1	ENSEEEP00000013959	ENSEEEG00000006939	adora1a
ENSP00000263686	ENSG00000174175	SELP	ENSEEEP00000025228	ENSEEEG00000012238	SELP
ENSP00000264255	ENSG00000115514	TXNDC9	ENSEEEP00000007114	ENSEEEG00000003753	TXNDC9
ENSP00000373073	ENSG00000159650	UROC1	ENSEEEP00000063540	ENSEEEG00000010375	UROC1
ENSP00000249501	ENSG00000128710	HOXD10	ENSEEEP00000021322	ENSEEEG00000010388	hoxd10a
ENSP00000607821	ENSG00000163975	MELTF	ENSEEEP00000032069	ENSEEEG00000015295	MELTF
ENSP00000339723	ENSG00000138433	CIRSR	ENSEEEP00000055487	ENSEEEG00000025844	CIR1
ENSP00000534009	ENSG00000117448	AKR1A1	ENSEEEP00000022869	ENSEEEG00000010899	akr1a1b
ENSP00000726026	ENSG00000226124	FTCDNL1	ENSEEEP00000002887	ENSEEEG00000001651	zgc:153901
ENSP00000336528	ENSG00000144852	NR1I2	ENSEEEP00000041060	ENSEEEG00000019417	nr1i2
ENSP00000560094	ENSG00000115307	AUP1	ENSEEEP00000033798	ENSEEEG00000016094	AUP1
ENSP00000356405	ENSG00000134371	CDC73	ENSEEEP00000063553	ENSEEEG00000009502	CDC73
ENSP00000720017	ENSG00000162576	MXRA8	ENSEEEP00000016450	ENSEEEG00000008148	mxra8a
ENSP00000534057	ENSG00000272886	DCP1A	ENSEEEP00000064381	ENSEEEG00000024910	DCP1A
ENSP00000603310	ENSG00000170577	SIX2	ENSEEEP00000014765	ENSEEEG00000007340	six2a
ENSP00000263946	ENSG00000081277	PKP1	ENSEEEP00000014474	ENSEEEG00000007206	pkp1b
ENSP00000391456	ENSG00000138078	PREPL	ENSEEEP00000014780	ENSEEEG00000007357	ANGEL1
ENSP00000358312	ENSG00000131779	PEX11B	ENSEEEP00000064399	ENSEEEG00000024703	PEX11B
ENSP00000350256	ENSG00000173585	CCR9	ENSEEEP00000016283	ENSEEEG00000008055	ccr9b
ENSP00000506896	ENSG00000182923	CEP63	ENSEEEP00000010808	ENSEEEG00000005474	CEP63
ENSP00000493871	ENSG00000204406	MBD5	ENSEEEP00000020547	ENSEEEG00000010030	MBD5
ENSP00000522443	ENSG00000070785	EIF2B3	ENSEEEP00000022382	ENSEEEG00000010870	EIF2B3
ENSP00000417806	ENSG00000168273	UQCC5	ENSEEEP00000011961	ENSEEEG00000006033	SMIM4
ENSP00000295981	ENSG00000163702	IL17RC	ENSEEEP00000053884	ENSEEEG00000025825	
ENSP00000612855	ENSG00000121486	TRMT1L	ENSEEEP00000010112	ENSEEEG00000005125	TRMT1L
ENSP00000721317	ENSG00000160097	FNDC5	ENSEEEP00000037812	ENSEEEG00000017970	fndc5b
ENSP00000790980	ENSG00000173660	UQCRH	ENSEEEP00000059211	ENSEEEG00000006274	uqcrh
ENSP00000615217	ENSG00000115211	EIF2B4	ENSEEEP00000051007	ENSEEEG00000023953	EIF2B4
ENSP00000359935	ENSG00000254685	FPGT	ENSEEEP00000027782	ENSEEEG00000013379	FPGT
ENSP00000696449	ENSG00000143774	GUK1	ENSEEEP00000059332	ENSEEEG00000025734	guk1a
ENSP00000256722	ENSG00000134326	CMPK2	ENSEEEP00000059803	ENSEEEG00000025505	CMPK2
ENSP00000322170	ENSG00000176732	PFN4	ENSEEEP00000008680	ENSEEEG00000004507	si:ch211-175f11.5
ENSP00000512418	ENSG00000131374	TBC1D5	ENSEEEP00000001434	ENSEEEG00000000932	TBC1D5
ENSP00000365767	ENSG00000177000	MTHFR	ENSEEEP00000006129	ENSEEEG00000003273	MTHFR
ENSP00000526609	ENSG00000177674	AGTRAP	ENSEEEP00000027558	ENSEEEG00000013283	AGTRAP
ENSP00000616994	ENSG00000158014	SLC30A2	ENSEEEP00000055960	ENSEEEG00000019909	SLC30A2
ENSP00000599043	ENSG00000163655	GMPS	ENSEEEP00000021613	ENSEEEG00000010080	GMPS
ENSP00000272065	ENSG00000143727	ACP1	ENSEEEP00000012075	ENSEEEG00000006088	ACP1
ENSP00000531716	ENSG00000155636	RBM45	ENSEEEP00000023077	ENSEEEG00000011198	RBM45
ENSP00000249887	ENSG00000129048	ACKR4	ENSEEEP00000016270	ENSEEEG00000008046	ackr4b
ENSP00000582159	ENSG00000134077	THUMPD3	ENSEEEP00000051759	ENSEEEG00000024304	THUMPD3
ENSP00000261015	ENSG00000138442	WDR12	ENSEEEP00000022641	ENSEEEG00000010992	WDR12
ENSP00000362127	ENSG00000188786	MTF1	ENSEEEP00000051153	ENSEEEG00000024015	MTF1
ENSP00000367398	ENSG00000131697	NPHP4	ENSEEEP00000044135	ENSEEEG00000020704	
ENSP00000428585	ENSG00000163866	SMIM12	ENSEEEP00000032817	ENSEEEG00000015632	SMIM12
ENSP00000366641	ENSG00000142583	SLC2A5	ENSEEEP00000030935	ENSEEEG00000014734	SLC2A5
ENSP00000360323	ENSG00000006555	TTC22	ENSEEEP00000031974	ENSEEEG00000015259	TTC22
ENSP00000787231	ENSG00000162496	DHRS3	ENSEEEP00000017231	ENSEEEG00000008526	dhrs3a
ENSP00000563284	ENSG00000154380	ENAH	ENSEEEP00000053907	ENSEEEG00000013106	ENAH
ENSP00000653490	ENSG00000135637	CCDC142	ENSEEEP00000017716	ENSEEEG00000008754	CCDC142
ENSP00000291416	ENSG00000116525	TRIM62	ENSEEEP00000057486	ENSEEEG00000023399	trim62.1
ENSP00000551517	ENSG00000115380	EFEMP1	ENSEEEP00000014302	ENSEEEG00000006965	EFEMP1
ENSP00000766661	ENSG00000178796	RIIAD1	ENSEEEP00000025463	ENSEEEG00000012356	
ENSP00000361895	ENSG00000168389	MFSD2A	ENSEEEP00000009545	ENSEEEG00000004880	MFSD2A
ENSP00000607361	ENSG00000072135	PTPN18	ENSEEEP00000000527	ENSEEEG00000000380	ptpn18
ENSP00000522979	ENSG00000158714	SLAMF8	ENSEEEP00000062341	ENSEEEG00000028048	
ENSP00000368834	ENSG00000119801	YPEL5	ENSEEEP00000015100	ENSEEEG00000007523	YPEL5
ENSP00000776319	ENSG00000132031	MATN3	ENSEEEP00000030001	ENSEEEG00000014383	matn3a
ENSP00000703944	ENSG00000143156	NME7	ENSEEEP00000033429	ENSEEEG00000015806	NME7
ENSP00000304133	ENSG00000171951	SCG2	ENSEEEP00000062028	ENSEEEG00000026501	scg2b
ENSP00000788384	ENSG00000153823	PID1	ENSEEEP00000026408	ENSEEEG00000012781	PID1
ENSP00000619617	ENSG00000163541	SUCLG1	ENSEEEP00000038338	ENSEEEG00000018209	SUCLG1
ENSP00000665965	ENSG00000144579	CTDSP1	ENSEEEP00000043477	ENSEEEG00000020551	CTDSP1
ENSP00000302037	ENSG00000168958	MFF	ENSEEEP00000023227	ENSEEEG00000011261	MFF
ENSP00000498498	ENSG00000158966	CACHD1	ENSEEEP00000064562	ENSEEEG00000006142	CACHD1
ENSP00000355969	ENSG00000198570	RD3	ENSEEEP00000016349	ENSEEEG00000008088	RD3
ENSP00000550089	ENSG00000158716	DUSP23	ENSEEEP00000021203	ENSEEEG00000010336	dusp23b
ENSP00000495867	ENSG00000117523	PRRC2C	ENSEEEP00000056130	ENSEEEG00000011889	PRRC2C
ENSP00000562192	ENSG00000169972	PUSL1	ENSEEEP00000014210	ENSEEEG00000007058	PUSL1
ENSP00000563495	ENSG00000159348	CYB5R1	ENSEEEP00000016604	ENSEEEG00000008213	CYB5R1
ENSP00000295709	ENSG00000163482	STK36	ENSEEEP00000030391	ENSEEEG00000014559	STK36
ENSP00000685419	ENSG00000143952	VPS54	ENSEEEP00000010430	ENSEEEG00000005024	VPS54
ENSP00000318176	ENSG00000180228	PRKRA	ENSEEEP00000023201	ENSEEEG00000011243	prkra
ENSP00000623624	ENSG00000143196	DPT	ENSEEEP00000011596	ENSEEEG00000005835	DPT
ENSP00000356574	ENSG00000116260	QSOX1	ENSEEEP00000055448	ENSEEEG00000025338	QSOX1
ENSP00000585561	ENSG00000143314	MRPL24	ENSEEEP00000050850	ENSEEEG00000023886	MRPL24
ENSP00000338019	ENSG00000135924	DNAJB2	ENSEEEP00000064138	ENSEEEG00000026749	DNAJB2
ENSP00000344411	ENSG00000169962	TAS1R3	ENSEEEP00000049825	ENSEEEG00000023408	TAS1R3
ENSP00000362695	ENSG00000160055	TMEM234	ENSEEEP00000048702	ENSEEEG00000022915	TMEM234
ENSP00000591163	ENSG00000064933	PMS1	ENSEEEP00000049387	ENSEEEG00000023210	PMS1
ENSP00000636232	ENSG00000174950	CD164L2	ENSEEEP00000031610	ENSEEEG00000015119	
ENSP00000463650	ENSG00000265491	RNF115	ENSEEEP00000026850	ENSEEEG00000012963	RNF115
ENSP00000708322	ENSG00000265972	TXNIP	ENSEEEP00000047476	ENSEEEG00000022340	txnipa
ENSP00000354568	ENSG00000137948	BRDT	ENSEEEP00000001191	ENSEEEG00000000807	BRDT
ENSP00000294409	ENSG00000162419	GMEB1	ENSEEEP00000028615	ENSEEEG00000013747	GMEB1
ENSP00000362179	ENSG00000163874	ZC3H12A	ENSEEEP00000032936	ENSEEEG00000015680	ZC3H12A
ENSP00000547287	ENSG00000163586	FABP1	ENSEEEP00000020328	ENSEEEG00000009913	fabp1b.1
ENSP00000618182	ENSG00000115241	PPM1G	ENSEEEP00000031592	ENSEEEG00000015107	PPM1G
ENSP00000499741	ENSG00000118194	TNNT2	ENSEEEP00000057861	ENSEEEG00000023714	tnnt2a
ENSP00000308893	ENSG00000162804	SNED1	ENSEEEP00000055572	ENSEEEG00000005384	SNED1
ENSP00000370214	ENSG00000138092	CENPO	ENSEEEP00000021349	ENSEEEG00000010401	CENPO
ENSP00000368898	ENSG00000163806	SPDYA	ENSEEEP00000042265	ENSEEEG00000019962	SPDYA
ENSP00000549913	ENSG00000142669	SH3BGRL3	ENSEEEP00000017349	ENSEEEG00000008574	SH3BGRL3
ENSP00000355992	ENSG00000009790	TRAF3IP3	ENSEEEP00000033743	ENSEEEG00000016068	
ENSP00000586289	ENSG00000182134	TDRKH	ENSEEEP00000033723	ENSEEEG00000016061	TDRKH
ENSP00000553575	ENSG00000154305	MIA3	ENSEEEP00000044127	ENSEEEG00000020855	MIA3
ENSP00000577930	ENSG00000011007	ELOA	ENSEEEP00000018111	ENSEEEG00000008905	eloa
ENSP00000234454	ENSG00000116096	SPR	ENSEEEP00000010726	ENSEEEG00000005425	spra
ENSP00000233710	ENSG00000115361	ACADL	ENSEEEP00000038609	ENSEEEG00000018326	acadl
ENSP00000245787	ENSG00000125629	INSIG2	ENSEEEP00000041024	ENSEEEG00000019419	INSIG2
ENSP00000554785	ENSG00000005436	GCFC2	ENSEEEP00000004158	ENSEEEG00000002205	GCFC2
ENSP00000360275	ENSG00000173406	DAB1	ENSEEEP00000059050	ENSEEEG00000021955	dab1a
ENSP00000237247	ENSG00000118473	SGIP1	ENSEEEP00000031961	ENSEEEG00000015250	SGIP1
ENSP00000540943	ENSG00000198929	NOS1AP	ENSEEEP00000014246	ENSEEEG00000007081	nos1apa
ENSP00000544954	ENSG00000162971	TYW5	ENSEEEP00000003032	ENSEEEG00000001710	tyw5
ENSP00000358778	ENSG00000121931	LRIF1	ENSEEEP00000048969	ENSEEEG00000023015	lrif1
ENSP00000564973	ENSG00000126088	UROD	ENSEEEP00000046308	ENSEEEG00000021745	UROD
ENSP00000699198	ENSG00000175707	KDF1	ENSEEEP00000063838	ENSEEEG00000027409	kdf1a
ENSP00000384006	ENSG00000138380	CARF	ENSEEEP00000040236	ENSEEEG00000019076	CARF
ENSP00000354643	ENSG00000211452	DIO1	ENSEEEP00000053664	ENSEEEG00000025761	DIO1
ENSP00000254227	ENSG00000131910	NR0B2	ENSEEEP00000029661	ENSEEEG00000014208	nr0b2a
ENSP00000354488	ENSG00000159173	TNNI1	ENSEEEP00000064003	ENSEEEG00000007212	tnni1a
ENSP00000304895	ENSG00000169047	IRS1	ENSEEEP00000031175	ENSEEEG00000014933	IRS1
ENSP00000799032	ENSG00000184731	FAM110C	ENSEEEP00000012085	ENSEEEG00000006096	fam110c
ENSP00000595826	ENSG00000187147	RNF220	ENSEEEP00000004591	ENSEEEG00000002395	RNF220
ENSP00000342876	ENSG00000030419	IKZF2	ENSEEEP00000054236	ENSEEEG00000023138	IKZF2
ENSP00000362942	ENSG00000204138	PHACTR4	ENSEEEP00000029445	ENSEEEG00000014097	phactr4a
ENSP00000305204	ENSG00000169607	CKAP2L	ENSEEEP00000019003	ENSEEEG00000009319	CKAP2L
ENSP00000544549	ENSG00000172005	MAL	ENSEEEP00000003114	ENSEEEG00000001767	malb
ENSP00000529499	ENSG00000136718	IMP4	ENSEEEP00000019417	ENSEEEG00000009363	IMP4
ENSP00000272732	ENSG00000144306	SCRN3	ENSEEEP00000009675	ENSEEEG00000004932	SCRN3
ENSP00000386884	ENSG00000121966	CXCR4	ENSEEEP00000047755	ENSEEEG00000022477	cxcr4a
ENSP00000378195	ENSG00000119737	GPR75	ENSEEEP00000017910	ENSEEEG00000008837	GPR75
ENSP00000545201	ENSG00000126107	HECTD3	ENSEEEP00000015921	ENSEEEG00000007753	HECTD3
ENSP00000302548	ENSG00000170166	HOXD4	ENSEEEP00000021326	ENSEEEG00000010390	hoxd4a
ENSP00000701171	ENSG00000117222	RBBP5	ENSEEEP00000032931	ENSEEEG00000015235	RBBP5
ENSP00000392678	ENSG00000174574	AKIRIN1	ENSEEEP00000060273	ENSEEEG00000010473	AKIRIN1
ENSP00000584146	ENSG00000183155	RABIF	ENSEEEP00000060673	ENSEEEG00000027718	RABIF
ENSP00000383118	ENSG00000070831	CDC42	ENSEEEP00000012720	ENSEEEG00000006360	CDC42
ENSP00000319341	ENSG00000181817	LSM10	ENSEEEP00000045020	ENSEEEG00000021247	oscp1a
ENSP00000362424	ENSG00000204104	TRAF3IP1	ENSEEEP00000025445	ENSEEEG00000012347	TRAF3IP1
ENSP00000366430	ENSG00000162441	LZIC	ENSEEEP00000048313	ENSEEEG00000022754	LZIC
ENSP00000401834	ENSG00000119013	NDUFB3	ENSEEEP00000015092	ENSEEEG00000007518	NDUFB3
ENSP00000364261	ENSG00000169914	OTUD3	ENSEEEP00000029579	ENSEEEG00000014171	OTUD3
ENSP00000235090	ENSG00000116455	WDR77	ENSEEEP00000025155	ENSEEEG00000012193	WDR77
ENSP00000673079	ENSG00000142634	EFHD2	ENSEEEP00000055560	ENSEEEG00000026372	EFHD2
ENSP00000552701	ENSG00000277893	SRD5A2	ENSEEEP00000036726	ENSEEEG00000017437	srd5a2a
ENSP00000492098	ENSG00000115525	ST3GAL5	ENSEEEP00000050650	ENSEEEG00000023810	ST3GAL5
ENSP00000500814	ENSG00000158887	MPZ	ENSEEEP00000057674	ENSEEEG00000014705	CAPZA2
ENSP00000404131	ENSG00000163235	TGFA	ENSEEEP00000018044	ENSEEEG00000008883	TGFA
ENSP00000351273	ENSG00000064012	CASP8	ENSEEEP00000042113	ENSEEEG00000019890	CASP8
ENSP00000477563	ENSG00000153029	MR1	ENSEEEP00000005627	ENSEEEG00000027817	
ENSP00000322730	ENSG00000135916	ITM2C	ENSEEEP00000003073	ENSEEEG00000001744	itm2cb
ENSP00000598098	ENSG00000150938	CRIM1	ENSEEEP00000046295	ENSEEEG00000021801	CRIM1
ENSP00000544510	ENSG00000118263	KLF7	ENSEEEP00000040075	ENSEEEG00000018997	klf7b
ENSP00000238044	ENSG00000119147	ECRG4	ENSEEEP00000063008	ENSEEEG00000028936	ecrg4a
ENSP00000567178	ENSG00000118960	HS1BP3	ENSEEEP00000018932	ENSEEEG00000009284	HS1BP3
ENSP00000370171	ENSG00000115138	POMC	ENSEEEP00000041905	ENSEEEG00000019801	pomca
ENSP00000641524	ENSG00000115641	FHL2	ENSEEEP00000000692	ENSEEEG00000000471	FHL2
ENSP00000355556	ENSG00000168243	GNG4	ENSEEEP00000019005	ENSEEEG00000009317	GNG4
ENSP00000476499	ENSG00000273274	ZBTB8B	ENSEEEP00000031451	ENSEEEG00000015046	zbtb8b
ENSP00000365679	ENSG00000011021	CLCN6	ENSEEEP00000005978	ENSEEEG00000002452	CLCN6
ENSP00000502380	ENSG00000134259	NGF	ENSEEEP00000030529	ENSEEEG00000014623	ngfb
ENSP00000356701	ENSG00000135845	PIGC	ENSEEEP00000024545	ENSEEEG00000011904	PIGC
ENSP00000565210	ENSG00000143363	PRUNE1	ENSEEEP00000062250	ENSEEEG00000025759	prune
ENSP00000770725	ENSG00000158062	UBXN11	ENSEEEP00000023777	ENSEEEG00000011525	UBXN11
ENSP00000264151	ENSG00000128694	OSGEPL1	ENSEEEP00000049400	ENSEEEG00000023216	OSGEPL1
ENSP00000579833	ENSG00000162366	PDZK1IP1	ENSEEEP00000061128	ENSEEEG00000025822	PDZK1IP1
ENSP00000460964	ENSG00000123472	ATPAF1	ENSEEEP00000035994	ENSEEEG00000017125	ATPAF1
ENSP00000263857	ENSG00000068654	POLR1A	ENSEEEP00000020153	ENSEEEG00000009840	POLR1A
ENSP00000387156	ENSG00000115661	STK16	ENSEEEP00000041769	ENSEEEG00000019753	STK16
ENSP00000381577	ENSG00000115464	USP34	ENSEEEP00000062070	ENSEEEG00000017138	USP34
ENSP00000526250	ENSG00000116670	MAD2L2	ENSEEEP00000001265	ENSEEEG00000000859	MAD2L2
ENSP00000496757	ENSG00000171863	RPS7	ENSEEEP00000019933	ENSEEEG00000009739	RPS7
ENSP00000408683	ENSG00000138398	PPIG	ENSEEEP00000009809	ENSEEEG00000004993	PPIG
ENSP00000406286	ENSG00000160685	ZBTB7B	ENSEEEP00000008909	ENSEEEG00000004599	ZBTB7B
ENSP00000608627	ENSG00000169016	E2F6	ENSEEEP00000020094	ENSEEEG00000009819	si:ch211-195d17.2
ENSP00000403888	ENSG00000162946	DISC1	ENSEEEP00000046452	ENSEEEG00000021873	roraa
ENSP00000263991	ENSG00000115504	EHBP1	ENSEEEP00000010047	ENSEEEG00000005099	EHBP1
ENSP00000512715	ENSG00000097096	SYDE2	ENSEEEP00000004890	ENSEEEG00000002553	RETREG3
ENSP00000624499	ENSG00000144381	HSPD1	ENSEEEP00000040664	ENSEEEG00000019252	hspd1
ENSP00000513813	ENSG00000136631	VPS45	ENSEEEP00000029699	ENSEEEG00000014207	VPS45
ENSP00000498687	ENSG00000286095	SPEGNB	ENSEEEP00000043471	ENSEEEG00000020549	SPEGNB
ENSP00000255030	ENSG00000132693	CRP	ENSEEEP00000051033	ENSEEEG00000023960	crp1
ENSP00000385158	ENSG00000170264	FAM161A	ENSEEEP00000061846	ENSEEEG00000025670	CCDC148
ENSP00000322175	ENSG00000162433	AK4	ENSEEEP00000041547	ENSEEEG00000019653	ak4
ENSP00000575081	ENSG00000066248	NGEF	ENSEEEP00000036875	ENSEEEG00000017507	NGEF
ENSP00000553919	ENSG00000115718	PROC	ENSEEEP00000023022	ENSEEEG00000011178	F7
ENSP00000343742	ENSG00000162819	BROX	ENSEEEP00000044091	ENSEEEG00000020836	BROX
ENSP00000410992	ENSG00000115275	MOGS	ENSEEEP00000024934	ENSEEEG00000012091	MOGS
ENSP00000355141	ENSG00000162430	SELENON	ENSEEEP00000042249	ENSEEEG00000019955	selenon
ENSP00000523645	ENSG00000176720	BOK	ENSEEEP00000053080	ENSEEEG00000027754	boka
ENSP00000360270	ENSG00000162600	OMA1	ENSEEEP00000024741	ENSEEEG00000011973	OMA1
ENSP00000722352	ENSG00000068912	ERLEC1	ENSEEEP00000017905	ENSEEEG00000008834	ERLEC1
ENSP00000264703	ENSG00000115226	FNDC4	ENSEEEP00000008987	ENSEEEG00000004638	fndc4a
ENSP00000331867	ENSG00000173662	TAS1R1	ENSEEEP00000017128	ENSEEEG00000008474	TAS1R1
ENSP00000522902	ENSG00000125703	ATG4C	ENSEEEP00000022589	ENSEEEG00000010970	ATG4C
ENSP00000560750	ENSG00000035115	SH3YL1	ENSEEEP00000033451	ENSEEEG00000015903	SH3YL1
ENSP00000537324	ENSG00000084652	TXLNA	ENSEEEP00000018140	ENSEEEG00000008835	TXLNA
ENSP00000393596	ENSG00000115760	BIRC6	ENSEEEP00000025922	ENSEEEG00000011971	BIRC6
ENSP00000581836	ENSG00000078618	NRDC	ENSEEEP00000035978	ENSEEEG00000016978	Nrd1
ENSP00000512655	ENSG00000163599	CTLA4	ENSEEEP00000058426	ENSEEEG00000024675	CD28
ENSP00000341159	ENSG00000188452	CERKL	ENSEEEP00000012042	ENSEEEG00000006060	CERKL
ENSP00000260956	ENSG00000138385	SSB	ENSEEEP00000009794	ENSEEEG00000004982	SSB
ENSP00000576527	ENSG00000075884	ARHGAP15	ENSEEEP00000021409	ENSEEEG00000010433	ARHGAP15
ENSP00000386874	ENSG00000188010	MORN2	ENSEEEP00000062023	ENSEEEG00000025984	MORN2
ENSP00000258381	ENSG00000135899	SP110	ENSEEEP00000028733	ENSEEEG00000013806	
ENSP00000544416	ENSG00000019169	MARCO	ENSEEEP00000041037	ENSEEEG00000019434	marco
ENSP00000529713	ENSG00000121644	DESI2	ENSEEEP00000037014	ENSEEEG00000017573	DESI2
ENSP00000560108	ENSG00000123684	LPGAT1	ENSEEEP00000032572	ENSEEEG00000015526	LPGAT1
ENSP00000498608	ENSG00000138395	CDK15	ENSEEEP00000022687	ENSEEEG00000011014	CDK15
ENSP00000380494	ENSG00000116990	MYCL	ENSEEEP00000032470	ENSEEEG00000015478	myclb
ENSP00000638304	ENSG00000115966	ATF2	ENSEEEP00000021262	ENSEEEG00000010355	ATF2
ENSP00000264198	ENSG00000090432	MUL1	ENSEEEP00000003316	ENSEEEG00000001870	mul1b
ENSP00000777510	ENSG00000143013	LMO4	ENSEEEP00000027102	ENSEEEG00000013086	lmo4b
ENSP00000611981	ENSG00000116750	UCHL5	ENSEEEP00000025186	ENSEEEG00000012204	UCHL5
ENSP00000009105	ENSG00000008118	CAMK1G	ENSEEEP00000003836	ENSEEEG00000002019	camk1gb
ENSP00000244230	ENSG00000124383	MPHOSPH10	ENSEEEP00000038960	ENSEEEG00000018436	MPHOSPH10
ENSP00000403039	ENSG00000127483	HP1BP3	ENSEEEP00000026307	ENSEEEG00000012732	HP1BP3
ENSP00000295148	ENSG00000163026	WDCP	ENSEEEP00000025833	ENSEEEG00000012523	WDCP
ENSP00000485216	ENSG00000175701	MTLN	ENSEEEP00000003109	ENSEEEG00000001764	MTLN
ENSP00000507233	ENSG00000151687	ANKAR	ENSEEEP00000049405	ENSEEEG00000023220	ankar
ENSP00000386893	ENSG00000240344	PPIL3	ENSEEEP00000000256	ENSEEEG00000000172	PPIL3
ENSP00000287482	ENSG00000156876	SASS6	ENSEEEP00000024563	ENSEEEG00000011815	SASS6
ENSP00000744947	ENSG00000143368	SF3B4	ENSEEEP00000050840	ENSEEEG00000023878	SF3B4
ENSP00000323424	ENSG00000143319	ISG20L2	ENSEEEP00000030702	ENSEEEG00000014696	ISG20L2
ENSP00000627832	ENSG00000162998	FRZB	ENSEEEP00000013229	ENSEEEG00000006629	FRZB
ENSP00000507939	ENSG00000138095	LRPPRC	ENSEEEP00000015006	ENSEEEG00000007376	LRPPRC
ENSP00000598885	ENSG00000144224	UBXN4	ENSEEEP00000048284	ENSEEEG00000022738	UBXN4
ENSP00000497576	ENSG00000198715	GLMP	ENSEEEP00000005575	ENSEEEG00000002933	GLMP
ENSP00000657725	ENSG00000198130	HIBCH	ENSEEEP00000049344	ENSEEEG00000023166	HIBCH
ENSP00000735747	ENSG00000119782	FKBP1B	ENSEEEP00000025835	ENSEEEG00000012524	fkbp1aa
ENSP00000586272	ENSG00000160691	SHC1	ENSEEEP00000023489	ENSEEEG00000011241	SHC1
ENSP00000631601	ENSG00000115233	PSMD14	ENSEEEP00000030381	ENSEEEG00000014366	PSMD14
ENSP00000799266	ENSG00000132313	MRPL35	ENSEEEP00000012568	ENSEEEG00000006309	MRPL35
ENSP00000548808	ENSG00000158828	PINK1	ENSEEEP00000003966	ENSEEEG00000002120	PINK1
ENSP00000351671	ENSG00000115009	CCL20	ENSEEEP00000018816	ENSEEEG00000009245	ccl19b
ENSP00000321330	ENSG00000151692	RNF144A	ENSEEEP00000064504	ENSEEEG00000025189	rnf144aa
ENSP00000552361	ENSG00000116649	SRM	ENSEEEP00000047997	ENSEEEG00000022611	SRM
ENSP00000597824	ENSG00000143294	PRCC	ENSEEEP00000062774	ENSEEEG00000024778	PRCC
ENSP00000413150	ENSG00000239887	C1orf226	ENSEEEP00000014247	ENSEEEG00000007084	FAM219A
ENSP00000356652	ENSG00000116161	CACYBP	ENSEEEP00000009569	ENSEEEG00000004889	CACYBP
ENSP00000368678	ENSG00000188157	AGRN	ENSEEEP00000030384	ENSEEEG00000014468	AGRN
ENSP00000289753	ENSG00000158748	HTR6	ENSEEEP00000029533	ENSEEEG00000014144	HTR6
ENSP00000428746	ENSG00000176092	CRYBG2	ENSEEEP00000025597	ENSEEEG00000012416	crybg2
ENSP00000600413	ENSG00000122481	RWDD3	ENSEEEP00000037190	ENSEEEG00000017675	RWDD3
ENSP00000591984	ENSG00000163041	H3-3A	ENSEEEP00000001901	ENSEEEG00000001181	h3f3a
ENSP00000568638	ENSG00000115816	CEBPZ	ENSEEEP00000019661	ENSEEEG00000009629	CEBPZ
ENSP00000386766	ENSG00000196950	SLC39A10	ENSEEEP00000061242	ENSEEEG00000001624	SLC39A10
ENSP00000356737	ENSG00000120370	GORAB	ENSEEEP00000052965	ENSEEEG00000028722	
ENSP00000556181	ENSG00000239305	RNF103	ENSEEEP00000019346	ENSEEEG00000009479	RNF103
ENSP00000272217	ENSG00000143862	ARL8A	ENSEEEP00000064629	ENSEEEG00000015207	arl3l2
ENSP00000407034	ENSG00000117450	PRDX1	ENSEEEP00000023107	ENSEEEG00000011207	PRDX1
ENSP00000238823	ENSG00000119812	FAM98A	ENSEEEP00000025024	ENSEEEG00000012139	FAM98A
ENSP00000603650	ENSG00000143771	CNIH4	ENSEEEP00000052516	ENSEEEG00000024599	CNIH4
ENSP00000576144	ENSG00000084733	RAB10	ENSEEEP00000010771	ENSEEEG00000005448	RAB10
ENSP00000625206	ENSG00000143486	EIF2D	ENSEEEP00000003690	ENSEEEG00000002008	EIF2D
ENSP00000387159	ENSG00000163273	NPPC	ENSEEEP00000026464	ENSEEEG00000012804	NPPC
ENSP00000490802	ENSG00000235118	FAM237A	ENSEEEP00000023206	ENSEEEG00000011251	FAM237A
ENSP00000649759	ENSG00000162980	ARL5A	ENSEEEP00000025309	ENSEEEG00000012271	ARL5A
ENSP00000343890	ENSG00000224051	CPTP	ENSEEEP00000003280	ENSEEEG00000001847	CPTP
ENSP00000501117	ENSG00000078018	MAP2	ENSEEEP00000038405	ENSEEEG00000018242	
ENSP00000294360	ENSG00000162384	CZIB	ENSEEEP00000023012	ENSEEEG00000011169	CZIB
ENSP00000508649	ENSG00000169507	SLC38A11	ENSEEEP00000037100	ENSEEEG00000017618	SLC38A11
ENSP00000677337	ENSG00000198860	TSEN15	ENSEEEP00000061554	ENSEEEG00000028390	TSEN15
ENSP00000598606	ENSG00000116874	WARS2	ENSEEEP00000018989	ENSEEEG00000009310	WARS2
ENSP00000374443	ENSG00000143669	LYST	ENSEEEP00000018832	ENSEEEG00000008135	LYST
ENSP00000639455	ENSG00000157181	ODR4	ENSEEEP00000040710	ENSEEEG00000019296	ODR4
ENSP00000592661	ENSG00000169679	BUB1	ENSEEEP00000051405	ENSEEEG00000024118	bub1
ENSP00000258436	ENSG00000135953	SLC67A2	ENSEEEP00000005085	ENSEEEG00000002653	MFSD9
ENSP00000286186	ENSG00000003400	CASP10	ENSEEEP00000023204	ENSEEEG00000011250	CASP10
ENSP00000520902	ENSG00000128699	ORMDL1	ENSEEEP00000063216	ENSEEEG00000025803	ORMDL1
ENSP00000552873	ENSG00000119203	CPSF3	ENSEEEP00000020892	ENSEEEG00000010171	CPSF3
ENSP00000618612	ENSG00000203666	DRC8	ENSEEEP00000028188	ENSEEEG00000013566	EFCAB2
ENSP00000613557	ENSG00000153832	FBXO36	ENSEEEP00000059991	ENSEEEG00000028346	fbxo36b
ENSP00000358421	ENSG00000203857	HSD3B1	ENSEEEP00000018976	ENSEEEG00000009303	hsd3b1
ENSP00000502548	ENSG00000116198	CEP104	ENSEEEP00000001243	ENSEEEG00000000848	CEP104
ENSP00000587663	ENSG00000196290	NIF3L1	ENSEEEP00000039904	ENSEEEG00000018916	NIF3L1
ENSP00000593364	ENSG00000116288	PARK7	ENSEEEP00000028442	ENSEEEG00000013675	PARK7
ENSP00000579749	ENSG00000121964	QTMAN	ENSEEEP00000021404	ENSEEEG00000010431	GTDC1
ENSP00000349805	ENSG00000197852	INKA2	ENSEEEP00000027481	ENSEEEG00000013252	INKA2
ENSP00000357304	ENSG00000132680	KHDC4	ENSEEEP00000008905	ENSEEEG00000004598	KHDC4
ENSP00000656382	ENSG00000162910	MRPL55	ENSEEEP00000003202	ENSEEEG00000001802	zgc:171480
ENSP00000690573	ENSG00000205221	VIT	ENSEEEP00000013892	ENSEEEG00000006904	VIT
ENSP00000318977	ENSG00000178295	GEN1	ENSEEEP00000043756	ENSEEEG00000020683	PHF19
ENSP00000589500	ENSG00000055044	NOP58	ENSEEEP00000022669	ENSEEEG00000011002	NOP58
ENSP00000558110	ENSG00000197273	GUCA2A	ENSEEEP00000027723	ENSEEEG00000013348	GUCA2A
ENSP00000258281	ENSG00000135801	TAF5L	ENSEEEP00000061402	ENSEEEG00000027876	TAF5L
ENSP00000006526	ENSG00000005448	WDR54	ENSEEEP00000007963	ENSEEEG00000004155	WDR54
ENSP00000573131	ENSG00000143167	GPA33	ENSEEEP00000024610	ENSEEEG00000011929	GPA33
ENSP00000355902	ENSG00000092978	GPATCH2	ENSEEEP00000053968	ENSEEEG00000026092	serbp1b
ENSP00000356529	ENSG00000143333	RGS16	ENSEEEP00000037169	ENSEEEG00000017661	rgs5b
ENSP00000601183	ENSG00000116830	TTF2	ENSEEEP00000043966	ENSEEEG00000020766	TTF2
ENSP00000579335	ENSG00000028116	VRK2	ENSEEEP00000034644	ENSEEEG00000016477	VRK2
ENSP00000498042	ENSG00000118655	DCLRE1B	ENSEEEP00000054454	ENSEEEG00000008244	dclre1b
ENSP00000509836	ENSG00000060642	PIGV	ENSEEEP00000013758	ENSEEEG00000006850	PIGV
ENSP00000484182	ENSG00000143570	SLC39A1	ENSEEEP00000056331	ENSEEEG00000027626	SLC39A1
ENSP00000601480	ENSG00000174842	GLMN	ENSEEEP00000023613	ENSEEEG00000011443	glmna
ENSP00000288710	ENSG00000157856	DRC1	ENSEEEP00000043988	ENSEEEG00000020781	DRC1
ENSP00000579857	ENSG00000115020	PIKFYVE	ENSEEEP00000006400	ENSEEEG00000002340	PIKFYVE
ENSP00000383840	ENSG00000132763	MMACHC	ENSEEEP00000026286	ENSEEEG00000012715	MMACHC
ENSP00000356853	ENSG00000143179	UCK2	ENSEEEP00000013479	ENSEEEG00000006732	uck2a
ENSP00000574685	ENSG00000116489	CAPZA1	ENSEEEP00000052223	ENSEEEG00000024482	capza1a
ENSP00000318264	ENSG00000115459	ELMOD3	ENSEEEP00000039965	ENSEEEG00000018950	
ENSP00000613017	ENSG00000121481	RNF2	ENSEEEP00000041729	ENSEEEG00000019736	RNF2
ENSP00000590411	ENSG00000162735	PEX19	ENSEEEP00000013228	ENSEEEG00000006628	pex19
ENSP00000474487	ENSG00000271601	LIX1L	ENSEEEP00000047381	ENSEEEG00000022301	LIX1L
ENSP00000573058	ENSG00000204859	ZBTB48	ENSEEEP00000041239	ENSEEEG00000019516	ZBTB48
ENSP00000574030	ENSG00000115652	UXS1	ENSEEEP00000001773	ENSEEEG00000000651	UXS1
ENSP00000442837	ENSG00000127074	RGS13	ENSEEEP00000025194	ENSEEEG00000012216	RGS13
ENSP00000460924	ENSG00000242485	MRPL20	ENSEEEP00000047071	ENSEEEG00000022156	MRPL20
ENSP00000590102	ENSG00000162928	PEX13	ENSEEEP00000009815	ENSEEEG00000004983	PEX13
ENSP00000572665	ENSG00000168397	ATG4B	ENSEEEP00000063680	ENSEEEG00000004904	ATG4B
ENSP00000355536	ENSG00000116984	MTR	ENSEEEP00000033763	ENSEEEG00000015234	MTR
ENSP00000355870	ENSG00000136630	HLX	ENSEEEP00000044158	ENSEEEG00000020865	hlx1
ENSP00000356404	ENSG00000162630	B3GALT2	ENSEEEP00000025167	ENSEEEG00000012198	B3GALT2
ENSP00000634616	ENSG00000135925	WNT10A	ENSEEEP00000011949	ENSEEEG00000005863	WNT10A
ENSP00000785511	ENSG00000171103	TRMT61B	ENSEEEP00000042270	ENSEEEG00000019965	TRMT61B
ENSP00000375946	ENSG00000163499	CRYBA2	ENSEEEP00000011642	ENSEEEG00000005855	cryba2b
ENSP00000355167	ENSG00000143452	HORMAD1	ENSEEEP00000045423	ENSEEEG00000021444	HORMAD1
ENSP00000497569	ENSG00000117593	DARS2	ENSEEEP00000022005	ENSEEEG00000010563	DARS2
ENSP00000621691	ENSG00000180902	D2HGDH	ENSEEEP00000056258	ENSEEEG00000018093	D2HGDH
ENSP00000519481	ENSG00000156966	B3GNT7	ENSEEEP00000026456	ENSEEEG00000012799	B3GNT7
ENSP00000295049	ENSG00000162944	RFTN2	ENSEEEP00000040696	ENSEEEG00000019284	RFTN2
ENSP00000688704	ENSG00000135930	EIF4E2	ENSEEEP00000016945	ENSEEEG00000008399	EIF4E2
ENSP00000244221	ENSG00000124374	PAIP2B	ENSEEEP00000018216	ENSEEEG00000008952	PAIP2B
ENSP00000572852	ENSG00000075426	FOSL2	ENSEEEP00000012260	ENSEEEG00000006171	FOSL2
ENSP00000403683	ENSG00000173559	NABP1	ENSEEEP00000002886	ENSEEEG00000001649	nabp1a
ENSP00000508876	ENSG00000197780	TAF13	ENSEEEP00000015519	ENSEEEG00000007708	TAF13
ENSP00000495619	ENSG00000163161	ERCC3	ENSEEEP00000022616	ENSEEEG00000010980	ERCC3
ENSP00000581959	ENSG00000189339	SLC35E2B	ENSEEEP00000003461	ENSEEEG00000001928	SLC35E2B
ENSP00000359157	ENSG00000122477	LRRC39	ENSEEEP00000032044	ENSEEEG00000015287	LRRC39
ENSP00000794658	ENSG00000127837	AAMP	ENSEEEP00000049419	ENSEEEG00000023229	AAMP
ENSP00000741560	ENSG00000116809	ZBTB17	ENSEEEP00000029976	ENSEEEG00000014362	ZBTB17
ENSP00000604718	ENSG00000018699	TTC27	ENSEEEP00000058522	ENSEEEG00000011936	TTC27
ENSP00000559827	ENSG00000151689	INPP1	ENSEEEP00000063561	ENSEEEG00000028018	si:ch211-160o17.2
ENSP00000538515	ENSG00000160783	PMF1	ENSEEEP00000032026	ENSEEEG00000015281	si:dkey-6i22.5
ENSP00000332875	ENSG00000173557	CIMIP2C	ENSEEEP00000019337	ENSEEEG00000009474	FAM166C
ENSP00000501211	ENSG00000144406	UNC80	ENSEEEP00000038545	ENSEEEG00000018295	UNC80
ENSP00000604308	ENSG00000168288	MMADHC	ENSEEEP00000048261	ENSEEEG00000022727	MMADHC
ENSP00000356988	ENSG00000158793	NIT1	ENSEEEP00000033114	ENSEEEG00000015757	NIT1
ENSP00000547572	ENSG00000162391	FAM151A	ENSEEEP00000023272	ENSEEEG00000011283	FAM151A
ENSP00000714466	ENSG00000115592	PRKAG3	ENSEEEP00000040109	ENSEEEG00000018996	prkag3b
ENSP00000667683	ENSG00000137944	KYAT3	ENSEEEP00000026684	ENSEEEG00000012550	KYAT3
ENSP00000709777	ENSG00000122085	MTERF4	ENSEEEP00000012989	ENSEEEG00000006535	MTERF4
ENSP00000642005	ENSG00000136732	GYPC	ENSEEEP00000059315	ENSEEEG00000028953	GYPC
ENSP00000623461	ENSG00000115561	CHMP3	ENSEEEP00000058220	ENSEEEG00000028622	chmp3
ENSP00000395249	ENSG00000144567	RETREG2	ENSEEEP00000006626	ENSEEEG00000003511	retreg2
ENSP00000568577	ENSG00000144485	HES6	ENSEEEP00000024850	ENSEEEG00000012040	her13
ENSP00000572227	ENSG00000132196	HSD17B7	ENSEEEP00000014279	ENSEEEG00000007099	HSD17B7
ENSP00000346340	ENSG00000198612	COPS8	ENSEEEP00000045525	ENSEEEG00000021481	COPS8
ENSP00000648449	ENSG00000183386	FHL3	ENSEEEP00000064050	ENSEEEG00000027895	fhl3a
ENSP00000304147	ENSG00000172428	COPS9	ENSEEEP00000046923	ENSEEEG00000022092	COPS9
ENSP00000364986	ENSG00000116771	AGMAT	ENSEEEP00000061764	ENSEEEG00000002126	AGMAT
ENSP00000541420	ENSG00000023909	GCLM	ENSEEEP00000003071	ENSEEEG00000001742	GCLM
ENSP00000533943	ENSG00000125459	MSTO1	ENSEEEP00000005573	ENSEEEG00000002931	MSTO1
ENSP00000389087	ENSG00000124357	NAGK	ENSEEEP00000018214	ENSEEEG00000008950	NAGK
ENSP00000380254	ENSG00000218739	CEBPZOS	ENSEEEP00000019657	ENSEEEG00000009627	CEBPZOS
ENSP00000799638	ENSG00000126698	DNAJC8	ENSEEEP00000025719	ENSEEEG00000012426	DNAJC8
ENSP00000691305	ENSG00000134686	PHC2	ENSEEEP00000052154	ENSEEEG00000024448	phc2b
ENSP00000629750	ENSG00000182827	ACBD3	ENSEEEP00000019871	ENSEEEG00000009692	ACBD3
ENSP00000561323	ENSG00000189409	MMP23B	ENSEEEP00000003567	ENSEEEG00000001951	MMP23B
ENSP00000596612	ENSG00000239779	WBP1	ENSEEEP00000037071	ENSEEEG00000017606	si:ch73-290k24.6
ENSP00000567351	ENSG00000168758	SEMA4C	ENSEEEP00000056615	ENSEEEG00000026464	SEMA4C
ENSP00000361803	ENSG00000084070	SMAP2	ENSEEEP00000048883	ENSEEEG00000022987	SMAP2
ENSP00000500930	ENSG00000117598	PLPPR5	ENSEEEP00000024125	ENSEEEG00000011701	plppr5a
ENSP00000536292	ENSG00000131778	CHD1L	ENSEEEP00000010485	ENSEEEG00000005270	CHD1L
ENSP00000522143	ENSG00000115919	KYNU	ENSEEEP00000007605	ENSEEEG00000003940	KYNU
ENSP00000355273	ENSG00000144057	ST6GAL2	ENSEEEP00000060231	ENSEEEG00000026001	st6gal2a
ENSP00000272907	ENSG00000144460	NYAP2	ENSEEEP00000031174	ENSEEEG00000014932	nyap2a
ENSP00000263655	ENSG00000119865	CNRIP1	ENSEEEP00000035321	ENSEEEG00000016817	cnrip1a
ENSP00000480549	ENSG00000163171	CDC42EP3	ENSEEEP00000009032	ENSEEEG00000004654	CDC42EP3
ENSP00000323837	ENSG00000163798	SLC4A1AP	ENSEEEP00000062318	ENSEEEG00000006197	SLC4A1AP
ENSP00000315702	ENSG00000115540	MOB4	ENSEEEP00000022403	ENSEEEG00000010877	mob4
ENSP00000539570	ENSG00000143819	EPHX1	ENSEEEP00000060696	ENSEEEG00000001176	ephx5
ENSP00000280295	ENSG00000150722	PPP1R1C	ENSEEEP00000012059	ENSEEEG00000006087	PPP1R1C
ENSP00000557883	ENSG00000213699	SLC35F6	ENSEEEP00000029993	ENSEEEG00000014376	SLC35F6
ENSP00000238738	ENSG00000119729	RHOQ	ENSEEEP00000035670	ENSEEEG00000016986	RHOQ
ENSP00000385703	ENSG00000213626	LBH	ENSEEEP00000061031	ENSEEEG00000028893	LBH
ENSP00000444136	ENSG00000125630	POLR1B	ENSEEEP00000009191	ENSEEEG00000004702	POLR1B
ENSP00000258399	ENSG00000135913	USP37	ENSEEEP00000027600	ENSEEEG00000013261	USP37
ENSP00000425166	ENSG00000142686	C1orf216	ENSEEEP00000059933	ENSEEEG00000028979	
ENSP00000361845	ENSG00000084073	ZMPSTE24	ENSEEEP00000001067	ENSEEEG00000000711	ZMPSTE24
ENSP00000384304	ENSG00000197223	C1D	ENSEEEP00000057628	ENSEEEG00000025224	C1D
ENSP00000560734	ENSG00000003402	CFLAR	ENSEEEP00000015094	ENSEEEG00000007519	
ENSP00000595836	ENSG00000163006	CCDC138	ENSEEEP00000022301	ENSEEEG00000010792	
ENSP00000234198	ENSG00000115844	DLX2	ENSEEEP00000039597	ENSEEEG00000018798	DLX2
ENSP00000505425	ENSG00000125618	PAX8	ENSEEEP00000042569	ENSEEEG00000020078	PAX8
ENSP00000625733	ENSG00000134375	TIMM17A	ENSEEEP00000019559	ENSEEEG00000009589	TIMM17A
ENSP00000366729	ENSG00000049249	TNFRSF9	ENSEEEP00000053481	ENSEEEG00000028947	CD40
ENSP00000539926	ENSG00000144535	DIS3L2	ENSEEEP00000004794	ENSEEEG00000002383	dis3l2
ENSP00000155926	ENSG00000071575	TRIB2	ENSEEEP00000025816	ENSEEEG00000012514	TRIB2
ENSP00000260649	ENSG00000138079	SLC3A1	ENSEEEP00000014793	ENSEEEG00000007360	SLC3A1
ENSP00000604534	ENSG00000243725	TTC4	ENSEEEP00000031972	ENSEEEG00000015256	TTC4
ENSP00000551902	ENSG00000120333	MRPS14	ENSEEEP00000009570	ENSEEEG00000004890	MRPS14
ENSP00000707416	ENSG00000143162	CREG1	ENSEEEP00000024635	ENSEEEG00000011942	CREG1
ENSP00000506139	ENSG00000118217	ATF6	ENSEEEP00000004577	ENSEEEG00000002388	ATF6
ENSP00000602182	ENSG00000173726	TOMM20	ENSEEEP00000063926	ENSEEEG00000029129	tomm20b
ENSP00000355966	ENSG00000117650	NEK2	ENSEEEP00000016416	ENSEEEG00000008096	NEK2
ENSP00000344468	ENSG00000162512	SDC3	ENSEEEP00000038235	ENSEEEG00000018180	SDC3
ENSP00000756769	ENSG00000117362	APH1A	ENSEEEP00000063898	ENSEEEG00000028818	APH1B
ENSP00000498104	ENSG00000142867	BCL10	ENSEEEP00000000158	ENSEEEG00000000122	BCL10
ENSP00000364814	ENSG00000185519	FAM131C	ENSEEEP00000029958	ENSEEEG00000014352	FAM131C
ENSP00000376456	ENSG00000172318	B3GALT1	ENSEEEP00000050094	ENSEEEG00000023561	B3GALT1
ENSP00000626702	ENSG00000162607	USP1	ENSEEEP00000022615	ENSEEEG00000010984	USP1
ENSP00000552856	ENSG00000115128	SF3B6	ENSEEEP00000013060	ENSEEEG00000006573	SF3B6
ENSP00000585946	ENSG00000162458	FBLIM1	ENSEEEP00000047128	ENSEEEG00000022182	FBLIM1
ENSP00000569058	ENSG00000187957	DNER	ENSEEEP00000026400	ENSEEEG00000012780	DNER
ENSP00000295702	ENSG00000163479	SSR2	ENSEEEP00000037304	ENSEEEG00000017722	SSR2
ENSP00000002125	ENSG00000003509	NDUFAF7	ENSEEEP00000019697	ENSEEEG00000009632	NDUFAF7
ENSP00000574860	ENSG00000158825	CDA	ENSEEEP00000011729	ENSEEEG00000005907	cdab
ENSP00000764929	ENSG00000115271	GCA	ENSEEEP00000041481	ENSEEEG00000019619	GCA
ENSP00000507013	ENSG00000142694	EVA1B	ENSEEEP00000063613	ENSEEEG00000025041	eva1ba
ENSP00000417185	ENSG00000179403	VWA1	ENSEEEP00000029576	ENSEEEG00000014170	VWA1
ENSP00000702463	ENSG00000127054	INTS11	ENSEEEP00000003271	ENSEEEG00000001818	INTS11
ENSP00000617523	ENSG00000079246	XRCC5	ENSEEEP00000044133	ENSEEEG00000020811	FANCB
ENSP00000387662	ENSG00000115263	GCG	ENSEEEP00000026309	ENSEEEG00000012725	gcga
ENSP00000393562	ENSG00000162951	LRRTM1	ENSEEEP00000038569	ENSEEEG00000018307	LRRTM1
ENSP00000260653	ENSG00000138083	SIX3	ENSEEEP00000014769	ENSEEEG00000007345	six3a
ENSP00000386380	ENSG00000115594	IL1R1	ENSEEEP00000003061	ENSEEEG00000001737	zmp:0000000936
ENSP00000295321	ENSG00000163166	IWS1	ENSEEEP00000050851	ENSEEEG00000023885	AATF
ENSP00000715106	ENSG00000143793	C1orf35	ENSEEEP00000004904	ENSEEEG00000002558	C1orf35
ENSP00000240423	ENSG00000121152	NCAPH	ENSEEEP00000030301	ENSEEEG00000014525	NCAPH
ENSP00000719049	ENSG00000162623	TYW3	ENSEEEP00000023257	ENSEEEG00000011277	TYW3
ENSP00000752544	ENSG00000143748	NVL	ENSEEEP00000011063	ENSEEEG00000005606	NVL
ENSP00000489897	ENSG00000143469	SYT14	ENSEEEP00000049275	ENSEEEG00000023160	syt14a
ENSP00000391998	ENSG00000117407	ARTN	ENSEEEP00000024949	ENSEEEG00000012104	artna
ENSP00000592258	ENSG00000041988	THAP3	ENSEEEP00000048320	ENSEEEG00000022756	THAP3
ENSP00000545253	ENSG00000158435	CNOT11	ENSEEEP00000013050	ENSEEEG00000006569	CNOT11
ENSP00000256644	ENSG00000134248	LAMTOR5	ENSEEEP00000034419	ENSEEEG00000016385	lamtor5
ENSP00000362058	ENSG00000168653	NDUFS5	ENSEEEP00000030612	ENSEEEG00000014661	NDUFS5
ENSP00000782386	ENSG00000143418	CERS2	ENSEEEP00000063803	ENSEEEG00000014283	cers3a
ENSP00000264161	ENSG00000115866	DARS1	ENSEEEP00000015653	ENSEEEG00000007587	DARS1
ENSP00000387056	ENSG00000138382	METTL5	ENSEEEP00000038794	ENSEEEG00000018402	METTL5
ENSP00000430698	ENSG00000179921	GPBAR1	ENSEEEP00000015090	ENSEEEG00000007514	gpbar1
ENSP00000552756	ENSG00000158869	FCER1G	ENSEEEP00000062820	ENSEEEG00000028748	FCER1G
ENSP00000394033	ENSG00000082482	KCNK2	ENSEEEP00000055840	ENSEEEG00000018080	KCNK2
ENSP00000386389	ENSG00000168427	KLHL30	ENSEEEP00000010610	ENSEEEG00000005378	KLHL30
ENSP00000508725	ENSG00000143153	ATP1B1	ENSEEEP00000057988	ENSEEEG00000026828	atp1b1a
ENSP00000597971	ENSG00000136628	EPRS1	ENSEEEP00000047386	ENSEEEG00000021877	EPRS1
ENSP00000621209	ENSG00000115648	MLPH	ENSEEEP00000038881	ENSEEEG00000018443	mlpha
ENSP00000600394	ENSG00000117122	MFAP2	ENSEEEP00000047090	ENSEEEG00000022163	MFAP2
ENSP00000376141	ENSG00000151690	MFSD6	ENSEEEP00000026082	ENSEEEG00000012612	mfsd6a
ENSP00000544524	ENSG00000115649	CNPPD1	ENSEEEP00000006618	ENSEEEG00000003507	CNPPD1
ENSP00000351539	ENSG00000179456	ZBTB18	ENSEEEP00000054796	ENSEEEG00000026981	ZBTB18
ENSP00000356999	ENSG00000158773	USF1	ENSEEEP00000019514	ENSEEEG00000009548	USF1
ENSP00000692554	ENSG00000157911	PEX10	ENSEEEP00000006130	ENSEEEG00000003275	PEX10
ENSP00000603828	ENSG00000156171	DRAM2	ENSEEEP00000063715	ENSEEEG00000026447	dram2b
ENSP00000263174	ENSG00000099260	PALMD	ENSEEEP00000024134	ENSEEEG00000011703	PALMD
ENSP00000551167	ENSG00000187736	NHEJ1	ENSEEEP00000012435	ENSEEEG00000006244	NHEJ1
ENSP00000604374	ENSG00000198793	MTOR	ENSEEEP00000045364	ENSEEEG00000019515	MTOR
ENSP00000547207	ENSG00000117480	FAAH	ENSEEEP00000009906	ENSEEEG00000005038	FAAH
ENSP00000356430	ENSG00000150681	RGS18	ENSEEEP00000037419	ENSEEEG00000017792	RGS18
ENSP00000614236	ENSG00000143643	TTC13	ENSEEEP00000008428	ENSEEEG00000004395	TTC13
ENSP00000234739	ENSG00000116128	BCL9	ENSEEEP00000050066	ENSEEEG00000023546	BCL9
ENSP00000508276	ENSG00000142609	CFAP74	ENSEEEP00000002910	ENSEEEG00000001662	
ENSP00000549099	ENSG00000143375	CGN	ENSEEEP00000012977	ENSEEEG00000006524	cgnb
ENSP00000348394	ENSG00000020129	NCDN	ENSEEEP00000015174	ENSEEEG00000007567	NCDN
ENSP00000258243	ENSG00000135763	URB2	ENSEEEP00000034607	ENSEEEG00000016462	URB2
ENSP00000351899	ENSG00000134258	VTCN1	ENSEEEP00000019320	ENSEEEG00000009461	VTCN1
ENSP00000551393	ENSG00000162642	C1orf52	ENSEEEP00000056651	ENSEEEG00000027138	C1orf52
ENSP00000498282	ENSG00000162399	BSND	ENSEEEP00000049520	ENSEEEG00000023283	BSND
ENSP00000540321	ENSG00000162408	NOL9	ENSEEEP00000041235	ENSEEEG00000019514	NOL9
ENSP00000606865	ENSG00000177954	RPS27	ENSEEEP00000010549	ENSEEEG00000005260	RPS27
ENSP00000328729	ENSG00000183291	SELENOF	ENSEEEP00000045161	ENSEEEG00000029087	SELENOF
ENSP00000597858	ENSG00000143033	MTF2	ENSEEEP00000024010	ENSEEEG00000011642	MTF2
ENSP00000263440	ENSG00000088035	ALG6	ENSEEEP00000039596	ENSEEEG00000018763	ALG6
ENSP00000601590	ENSG00000081721	DUSP12	ENSEEEP00000039374	ENSEEEG00000018703	DUSP12
ENSP00000556319	ENSG00000116752	BCAS2	ENSEEEP00000046302	ENSEEEG00000021803	BCAS2
ENSP00000730003	ENSG00000142676	RPL11	ENSEEEP00000018108	ENSEEEG00000008901	rpl11
ENSP00000714680	ENSG00000169218	RSPO1	ENSEEEP00000014858	ENSEEEG00000007397	RSPO1
ENSP00000356906	ENSG00000198574	SH2D1B	ENSEEEP00000053955	ENSEEEG00000025443	si:ch73-264p11.1
ENSP00000363371	ENSG00000142675	CNKSR1	ENSEEEP00000010506	ENSEEEG00000005312	CNKSR1
ENSP00000308179	ENSG00000065183	WDR3	ENSEEEP00000062474	ENSEEEG00000009325	WDR3
ENSP00000308583	ENSG00000175279	CENPS	ENSEEEP00000044880	ENSEEEG00000021182	cenps
ENSP00000256649	ENSG00000134253	TRIM45	ENSEEEP00000060959	ENSEEEG00000009458	TRIM45
ENSP00000580070	ENSG00000004455	AK2	ENSEEEP00000030604	ENSEEEG00000014657	AK2
ENSP00000412292	ENSG00000024526	DEPDC1	ENSEEEP00000013306	ENSEEEG00000006652	depdc1a
ENSP00000358753	ENSG00000173947	CIMAP3	ENSEEEP00000004532	ENSEEEG00000002365	si:ch211-66i15.4
ENSP00000360623	ENSG00000085840	ORC1	ENSEEEP00000017916	ENSEEEG00000008802	ORC1
ENSP00000477802	ENSG00000157330	CFAP107	ENSEEEP00000027629	ENSEEEG00000013307	si:ch211-226m7.4
ENSP00000349052	ENSG00000116885	OSCP1	ENSEEEP00000050956	ENSEEEG00000023929	OSCP1
ENSP00000420296	ENSG00000189334	S100A14	ENSEEEP00000053930	ENSEEEG00000025636	s100v2
ENSP00000624082	ENSG00000162618	ADGRL4	ENSEEEP00000047162	ENSEEEG00000022196	ADGRL4
ENSP00000429775	ENSG00000179178	TMEM125	ENSEEEP00000015286	ENSEEEG00000007601	TMEM125
ENSP00000548307	ENSG00000143653	SCCPDH	ENSEEEP00000028175	ENSEEEG00000013472	sccpdha.1
ENSP00000789714	ENSG00000198771	RCSD1	ENSEEEP00000062178	ENSEEEG00000025052	dub
ENSP00000360718	ENSG00000169213	RAB3B	ENSEEEP00000035993	ENSEEEG00000017124	RAB3B
ENSP00000359401	ENSG00000203910	C1orf146	ENSEEEP00000011980	ENSEEEG00000006041	C1orf146
ENSP00000670314	ENSG00000058799	YIPF1	ENSEEEP00000016569	ENSEEEG00000008210	YIPF1
ENSP00000642028	ENSG00000143553	SNAPIN	ENSEEEP00000001486	ENSEEEG00000000960	SNAPIN
ENSP00000514800	ENSG00000198821	CD247	ENSEEEP00000024634	ENSEEEG00000011941	CD247
ENSP00000272190	ENSG00000143839	REN	ENSEEEP00000004260	ENSEEEG00000002172	REN
ENSP00000721751	ENSG00000121900	TMEM54	ENSEEEP00000050636	ENSEEEG00000023804	tmem54a
ENSP00000624621	ENSG00000143318	CASQ1	ENSEEEP00000050410	ENSEEEG00000023698	CASQ2
ENSP00000361915	ENSG00000116985	BMP8B	ENSEEEP00000034516	ENSEEEG00000016421	bmp8a
ENSP00000755693	ENSG00000160087	UBE2J2	ENSEEEP00000055297	ENSEEEG00000026792	UBE2J2
ENSP00000367086	ENSG00000097021	ACOT7	ENSEEEP00000007803	ENSEEEG00000004085	ACOT7
ENSP00000596216	ENSG00000198700	IPO9	ENSEEEP00000019501	ENSEEEG00000009328	IPO9
ENSP00000518176	ENSG00000169174	PCSK9	ENSEEEP00000049508	ENSEEEG00000023199	PCSK9
ENSP00000360382	ENSG00000116205	TCEANC2	ENSEEEP00000023567	ENSEEEG00000011425	TCEANC2
ENSP00000534953	ENSG00000188783	PRELP	ENSEEEP00000037774	ENSEEEG00000017958	PRELP
ENSP00000362464	ENSG00000188910	GJB3	ENSEEEP00000042308	ENSEEEG00000019981	cx35.4
ENSP00000752089	ENSG00000168275	COA6	ENSEEEP00000043126	ENSEEEG00000020365	coa6
ENSP00000671588	ENSG00000265241	RBM8A	ENSEEEP00000033625	ENSEEEG00000016000	RBM8A
ENSP00000361600	ENSG00000177868	SVBP	ENSEEEP00000054500	ENSEEEG00000026068	SVBP
ENSP00000378524	ENSG00000162620	LRRIQ3	ENSEEEP00000027781	ENSEEEG00000013378	LRRIQ3
ENSP00000762789	ENSG00000053372	MRTO4	ENSEEEP00000028387	ENSEEEG00000013650	MRTO4
ENSP00000576125	ENSG00000134684	YARS1	ENSEEEP00000032457	ENSEEEG00000015470	YARS1
ENSP00000703201	ENSG00000142973	CYP4B1	ENSEEEP00000044161	ENSEEEG00000020817	cyp4t8
ENSP00000356590	ENSG00000162779	AXDND1	ENSEEEP00000035640	ENSEEEG00000016970	AXDND1
ENSP00000359688	ENSG00000117133	RPF1	ENSEEEP00000048152	ENSEEEG00000022652	RPF1
ENSP00000638878	ENSG00000188976	NOC2L	ENSEEEP00000031219	ENSEEEG00000014583	NOC2L
ENSP00000239461	ENSG00000116132	PRRX1	ENSEEEP00000041746	ENSEEEG00000019743	prrx1a
ENSP00000782013	ENSG00000117525	F3	ENSEEEP00000035714	ENSEEEG00000017002	F3
ENSP00000480635	ENSG00000175087	PDIK1L	ENSEEEP00000052805	ENSEEEG00000025592	PDIK1L
ENSP00000357901	ENSG00000163156	SCNM1	ENSEEEP00000045401	ENSEEEG00000021430	SCNM1
ENSP00000769206	ENSG00000160752	FDPS	ENSEEEP00000026602	ENSEEEG00000012857	FDPS
ENSP00000505301	ENSG00000143502	SUSD4	ENSEEEP00000047816	ENSEEEG00000022508	SUSD4
ENSP00000359705	ENSG00000203943	SAMD13	ENSEEEP00000048077	ENSEEEG00000022643	SAMD13
ENSP00000361095	ENSG00000159596	TMEM69	ENSEEEP00000022404	ENSEEEG00000010880	TMEM69
ENSP00000348527	ENSG00000120334	CENPL	ENSEEEP00000022019	ENSEEEG00000010694	CENPL
ENSP00000260505	ENSG00000137941	TTLL7	ENSEEEP00000047235	ENSEEEG00000022235	TTLL7
ENSP00000507327	ENSG00000159527	PGLYRP3	ENSEEEP00000031735	ENSEEEG00000015161	pglyrp5
ENSP00000356807	ENSG00000143155	TIPRL	ENSEEEP00000025968	ENSEEEG00000012580	TIPRL
ENSP00000368007	ENSG00000205090	TMEM240	ENSEEEP00000029585	ENSEEEG00000014173	tmem240a
ENSP00000364798	ENSG00000184677	ZBTB40	ENSEEEP00000019838	ENSEEEG00000009709	zbtb40
ENSP00000397261	ENSG00000143416	SELENBP1	ENSEEEP00000058593	ENSEEEG00000023080	SELENBP1
ENSP00000473980	ENSG00000116221	MRPL37	ENSEEEP00000023546	ENSEEEG00000011418	MRPL37
ENSP00000362222	ENSG00000196182	STK40	ENSEEEP00000059042	ENSEEEG00000023925	STK40
ENSP00000569525	ENSG00000183814	LIN9	ENSEEEP00000030015	ENSEEEG00000014389	LIN9
ENSP00000330221	ENSG00000171621	SPSB1	ENSEEEP00000030966	ENSEEEG00000014812	SPSB1
ENSP00000580143	ENSG00000000457	SCYL3	ENSEEEP00000059126	ENSEEEG00000012267	SCYL3
ENSP00000271277	ENSG00000143079	CTTNBP2NL	ENSEEEP00000003990	ENSEEEG00000002128	cttnbp2nlb
ENSP00000410452	ENSG00000117632	STMN1	ENSEEEP00000013485	ENSEEEG00000006744	stmn1b
ENSP00000395389	ENSG00000171517	LPAR3	ENSEEEP00000008478	ENSEEEG00000004417	LPAR3
ENSP00000550838	ENSG00000036549	ZZZ3	ENSEEEP00000023966	ENSEEEG00000011639	ZZZ3
ENSP00000330460	ENSG00000118197	DDX59	ENSEEEP00000008446	ENSEEEG00000004409	DDX59
ENSP00000747451	ENSG00000159445	THEM4	ENSEEEP00000041566	ENSEEEG00000019660	THEM4
ENSP00000295050	ENSG00000010072	SPRTN	ENSEEEP00000008438	ENSEEEG00000004403	SPRTN
ENSP00000539330	ENSG00000164008	C1orf50	ENSEEEP00000060393	ENSEEEG00000028330	c20h1orf50
ENSP00000362609	ENSG00000160062	ZBTB8A	ENSEEEP00000042322	ENSEEEG00000019989	ZBTB8A
ENSP00000420270	ENSG00000152332	UHMK1	ENSEEEP00000014253	ENSEEEG00000007085	UHMK1
ENSP00000602606	ENSG00000085999	RAD54L	ENSEEEP00000012481	ENSEEEG00000006263	RAD54L
ENSP00000559783	ENSG00000117543	DPH5	ENSEEEP00000059104	ENSEEEG00000015348	DPH5
ENSP00000544203	ENSG00000132773	TOE1	ENSEEEP00000053764	ENSEEEG00000021732	TOE1
ENSP00000604461	ENSG00000077152	UBE2T	ENSEEEP00000023354	ENSEEEG00000011314	UBE2T
ENSP00000362566	ENSG00000121905	HPCA	ENSEEEP00000031429	ENSEEEG00000015019	HPCA
ENSP00000720901	ENSG00000117308	GALE	ENSEEEP00000042492	ENSEEEG00000019995	GALE
ENSP00000314223	ENSG00000181656	GPR88	ENSEEEP00000032147	ENSEEEG00000015335	GPR88
ENSP00000613825	ENSG00000186283	TOR3A	ENSEEEP00000013119	ENSEEEG00000006594	TOR3A
ENSP00000580918	ENSG00000152382	TADA1	ENSEEEP00000051638	ENSEEEG00000024246	TADA1
ENSP00000505063	ENSG00000135744	AGT	ENSEEEP00000007486	ENSEEEG00000003917	AGT
ENSP00000354645	ENSG00000198746	GPATCH3	ENSEEEP00000018925	ENSEEEG00000009282	GPATCH3
ENSP00000549522	ENSG00000134748	PRPF38A	ENSEEEP00000017920	ENSEEEG00000008841	PRPF38A
ENSP00000505384	ENSG00000066279	ASPM	ENSEEEP00000016846	ENSEEEG00000008349	SFI1
ENSP00000636305	ENSG00000197965	MPZL1	ENSEEEP00000025646	ENSEEEG00000012443	mpzl1l
ENSP00000355944	ENSG00000117697	NSL1	ENSEEEP00000050047	ENSEEEG00000023536	NSL1
ENSP00000294428	ENSG00000162437	RAVER2	ENSEEEP00000012197	ENSEEEG00000006149	RAVER2
ENSP00000503706	ENSG00000084623	EIF3I	ENSEEEP00000017887	ENSEEEG00000008829	EIF3I
ENSP00000766853	ENSG00000266472	MRPS21	ENSEEEP00000054465	ENSEEEG00000025943	MRPS21
ENSP00000607569	ENSG00000064703	DDX20	ENSEEEP00000003999	ENSEEEG00000002137	DDX20
ENSP00000525951	ENSG00000168679	SLC16A4	ENSEEEP00000042558	ENSEEEG00000020097	SLC16A4
ENSP00000368644	ENSG00000131591	C1orf159	ENSEEEP00000057653	ENSEEEG00000025527	si:ch211-157b11.12
ENSP00000645328	ENSG00000162885	B3GALNT2	ENSEEEP00000019010	ENSEEEG00000009323	B3GALNT2
ENSP00000354891	ENSG00000143340	FAM163A	ENSEEEP00000035632	ENSEEEG00000016965	FAM163A
ENSP00000634575	ENSG00000150337	FCGR1A	ENSEEEP00000025583	ENSEEEG00000012411	
ENSP00000407560	ENSG00000160785	SLC25A44	ENSEEEP00000044583	ENSEEEG00000021048	slc25a44b
ENSP00000359699	ENSG00000137976	DNASE2B	ENSEEEP00000048079	ENSEEEG00000022645	DNASE2B
ENSP00000368719	ENSG00000187583	PLEKHN1	ENSEEEP00000030406	ENSEEEG00000014568	PLEKHN1
ENSP00000548197	ENSG00000185946	RNPC3	ENSEEEP00000027750	ENSEEEG00000013361	RNPC3
ENSP00000610410	ENSG00000163344	PMVK	ENSEEEP00000016556	ENSEEEG00000008202	PMVK
ENSP00000359454	ENSG00000162669	HFM1	ENSEEEP00000044990	ENSEEEG00000021237	hfm1
ENSP00000407323	ENSG00000117395	EBNA1BP2	ENSEEEP00000059839	ENSEEEG00000011159	EBNA1BP2
ENSP00000659694	ENSG00000154027	AK5	ENSEEEP00000023953	ENSEEEG00000011634	AK5
ENSP00000506754	ENSG00000173212	MAB21L3	ENSEEEP00000055237	ENSEEEG00000021697	
ENSP00000356311	ENSG00000163362	INAVA	ENSEEEP00000016514	ENSEEEG00000008183	inavab
ENSP00000490161	ENSG00000189195	BTBD8	ENSEEEP00000057451	ENSEEEG00000026836	
ENSP00000389639	ENSG00000065978	YBX1	ENSEEEP00000041050	ENSEEEG00000019438	ybx1
ENSP00000360905	ENSG00000186094	AGBL4	ENSEEEP00000003065	ENSEEEG00000001732	AGBL4
ENSP00000359799	ENSG00000162616	DNAJB4	ENSEEEP00000023793	ENSEEEG00000011542	DNAJB4
ENSP00000355672	ENSG00000181873	IBA57	ENSEEEP00000058411	ENSEEEG00000028559	iba57
ENSP00000430918	ENSG00000253313	C1orf210	ENSEEEP00000017363	ENSEEEG00000008580	
ENSP00000533750	ENSG00000117151	CTBS	ENSEEEP00000054518	ENSEEEG00000024772	CTBS
ENSP00000571571	ENSG00000116704	SLC35D1	ENSEEEP00000014304	ENSEEEG00000007111	slc35d1a
ENSP00000533076	ENSG00000163534	FCRL1	ENSEEEP00000056916	ENSEEEG00000024867	si:dkey-93h22.7
ENSP00000355586	ENSG00000135778	NTPCR	ENSEEEP00000046363	ENSEEEG00000021825	NTPCR
ENSP00000507211	ENSG00000162650	ATXN7L2	ENSEEEP00000019844	ENSEEEG00000009712	atxn7l2a
ENSP00000355900	ENSG00000162814	SPATA17	ENSEEEP00000008815	ENSEEEG00000004556	SPATA17
ENSP00000403476	ENSG00000214193	SH3D21	ENSEEEP00000013347	ENSEEEG00000006689	sh3d21
ENSP00000350266	ENSG00000162777	DENND2D	ENSEEEP00000035360	ENSEEEG00000016838	dennd2da
ENSP00000555087	ENSG00000155363	MOV10	ENSEEEP00000003835	ENSEEEG00000001881	mov10b.1
ENSP00000527621	ENSG00000081692	JMJD4	ENSEEEP00000038723	ENSEEEG00000018374	JMJD4
ENSP00000483276	ENSG00000186501	TMEM222	ENSEEEP00000063866	ENSEEEG00000027979	tmem222b
ENSP00000518236	ENSG00000160679	CHTOP	ENSEEEP00000001484	ENSEEEG00000000957	chtopa
ENSP00000356984	ENSG00000158796	DEDD	ENSEEEP00000014430	ENSEEEG00000007186	DEDD
ENSP00000599526	ENSG00000116251	RPL22	ENSEEEP00000017197	ENSEEEG00000008512	RPL22
ENSP00000408058	ENSG00000203740	NTMT2	ENSEEEP00000010276	ENSEEEG00000005199	mettl11b
ENSP00000356375	ENSG00000177888	ZBTB41	ENSEEEP00000035950	ENSEEEG00000017097	ZBTB41
ENSP00000575370	ENSG00000011009	LYPLA2	ENSEEEP00000018145	ENSEEEG00000008908	LYPLA2
ENSP00000678043	ENSG00000116729	WLS	ENSEEEP00000024903	ENSEEEG00000012066	WLS
ENSP00000294740	ENSG00000162702	ZNF281	ENSEEEP00000031267	ENSEEEG00000014976	znf281b
ENSP00000322087	ENSG00000177551	NHLH2	ENSEEEP00000045820	ENSEEEG00000028584	NHLH2
ENSP00000355492	ENSG00000179397	CATSPERE	ENSEEEP00000019033	ENSEEEG00000009345	LCAT
ENSP00000490182	ENSG00000143850	PLEKHA6	ENSEEEP00000036447	ENSEEEG00000017282	PLEKHA6
ENSP00000794554	ENSG00000116171	SCP2	ENSEEEP00000023067	ENSEEEG00000011176	scp2a
ENSP00000356584	ENSG00000169905	TOR1AIP2	ENSEEEP00000013328	ENSEEEG00000006677	zgc:112962
ENSP00000526588	ENSG00000123091	RNF11	ENSEEEP00000062331	ENSEEEG00000026629	rnf11b
ENSP00000577614	ENSG00000158850	B4GALT3	ENSEEEP00000013471	ENSEEEG00000006738	B4GALT3
ENSP00000271843	ENSG00000143543	JTB	ENSEEEP00000053918	ENSEEEG00000026277	jtb
ENSP00000588186	ENSG00000090273	NUDC	ENSEEEP00000017320	ENSEEEG00000008562	NUDC
ENSP00000535407	ENSG00000026751	SLAMF7	ENSEEEP00000028055	ENSEEEG00000013501	
ENSP00000551676	ENSG00000117009	KMO	ENSEEEP00000009017	ENSEEEG00000004650	KMO
ENSP00000627415	ENSG00000116786	PLEKHM2	ENSEEEP00000030066	ENSEEEG00000014408	PLEKHM2
ENSP00000333938	ENSG00000162614	NEXN	ENSEEEP00000040520	ENSEEEG00000019193	NEXN
ENSP00000355629	ENSG00000135775	COG2	ENSEEEP00000007479	ENSEEEG00000003914	COG2
ENSP00000587958	ENSG00000143493	INTS7	ENSEEEP00000032550	ENSEEEG00000015509	INTS7
ENSP00000786716	ENSG00000117472	TSPAN1	ENSEEEP00000016687	ENSEEEG00000008271	tspan34
ENSP00000587203	ENSG00000117155	SSX2IP	ENSEEEP00000008504	ENSEEEG00000004426	ssx2ipb
ENSP00000781756	ENSG00000244038	DDOST	ENSEEEP00000030047	ENSEEEG00000014371	DDOST
ENSP00000558064	ENSG00000052723	SIKE1	ENSEEEP00000063581	ENSEEEG00000025025	SIKE1
ENSP00000764835	ENSG00000173207	CKS1B	ENSEEEP00000013242	ENSEEEG00000006634	CKS1B
ENSP00000607080	ENSG00000230124	ACBD6	ENSEEEP00000056313	ENSEEEG00000026295	ACBD6
ENSP00000363520	ENSG00000001461	NIPAL3	ENSEEEP00000010474	ENSEEEG00000005300	NIPAL3
ENSP00000532848	ENSG00000060688	SNRNP40	ENSEEEP00000039229	ENSEEEG00000018626	SNRNP40
ENSP00000361935	ENSG00000116983	HPCAL4	ENSEEEP00000032483	ENSEEEG00000027266	HPCAL4
ENSP00000359172	ENSG00000117620	SLC35A3	ENSEEEP00000035129	ENSEEEG00000016715	slc35a3a
ENSP00000497590	ENSG00000189266	PNRC2	ENSEEEP00000059128	ENSEEEG00000027243	PNRC2
ENSP00000499873	ENSG00000159658	EFCAB14	ENSEEEP00000036798	ENSEEEG00000017471	EFCAB14
ENSP00000356115	ENSG00000174514	SLC60A1	ENSEEEP00000023066	ENSEEEG00000011196	mfsd4aa
ENSP00000545275	ENSG00000117560	FASLG	ENSEEEP00000036817	ENSEEEG00000017479	FASLG
ENSP00000539141	ENSG00000116898	MRPS15	ENSEEEP00000050964	ENSEEEG00000023936	MRPS15
ENSP00000356982	ENSG00000143222	UFC1	ENSEEEP00000038914	ENSEEEG00000018464	UFC1
ENSP00000385458	ENSG00000187554	TLR5	ENSEEEP00000044053	ENSEEEG00000020818	TLR5
ENSP00000762577	ENSG00000169241	SLC50A1	ENSEEEP00000035534	ENSEEEG00000016927	SLC50A1
ENSP00000518552	ENSG00000132781	MUTYH	ENSEEEP00000027737	ENSEEEG00000013352	MUTYH
ENSP00000356065	ENSG00000162891	IL20	ENSEEEP00000037777	ENSEEEG00000017959	il19l
ENSP00000366702	ENSG00000116285	ERRFI1	ENSEEEP00000029170	ENSEEEG00000013991	errfi1a
ENSP00000565784	ENSG00000178922	HYI	ENSEEEP00000010167	ENSEEEG00000005157	HYI
ENSP00000358495	ENSG00000143061	IGSF3	ENSEEEP00000057127	ENSEEEG00000020768	IGSF3
ENSP00000359787	ENSG00000137959	IFI44L	ENSEEEP00000035118	ENSEEEG00000016708	si:ch211-197g15.9
ENSP00000357055	ENSG00000162734	PEA15	ENSEEEP00000043087	ENSEEEG00000020337	PEA15
ENSP00000341682	ENSG00000174502	SLC26A9	ENSEEEP00000004484	ENSEEEG00000002331	SLC26A9
ENSP00000713245	ENSG00000163875	MEAF6	ENSEEEP00000045033	ENSEEEG00000021256	MEAF6
ENSP00000366876	ENSG00000116273	PHF13	ENSEEEP00000053676	ENSEEEG00000026706	PHF13
ENSP00000366015	ENSG00000171819	ANGPTL7	ENSEEEP00000045441	ENSEEEG00000021451	ANGPTL7
ENSP00000615000	ENSG00000116237	ICMT	ENSEEEP00000017170	ENSEEEG00000008506	ICMT
ENSP00000628504	ENSG00000121310	ECHDC2	ENSEEEP00000017123	ENSEEEG00000008477	ECHDC2
ENSP00000344816	ENSG00000160058	BSDC1	ENSEEEP00000024289	ENSEEEG00000011777	BSDC1
ENSP00000702676	ENSG00000001460	STPG1	ENSEEEP00000045030	ENSEEEG00000021255	STPG1
ENSP00000386226	ENSG00000188739	RBM34	ENSEEEP00000002341	ENSEEEG00000001390	RBM34
ENSP00000752916	ENSG00000196505	GDAP2	ENSEEEP00000019061	ENSEEEG00000009358	GDAP2
ENSP00000366886	ENSG00000162413	KLHL21	ENSEEEP00000064508	ENSEEEG00000025764	KLHL21
ENSP00000549123	ENSG00000117174	ZNHIT6	ENSEEEP00000030077	ENSEEEG00000014414	ZNHIT6
ENSP00000363827	ENSG00000142798	HSPG2	ENSEEEP00000057795	ENSEEEG00000019486	HSPG2
ENSP00000290167	ENSG00000162552	WNT4	ENSEEEP00000012767	ENSEEEG00000006413	WNT4
ENSP00000536766	ENSG00000179902	CFAP276	ENSEEEP00000014609	ENSEEEG00000007263	si:ch211-163l21.7
ENSP00000594456	ENSG00000171960	PPIH	ENSEEEP00000041061	ENSEEEG00000019439	PPIH
ENSP00000356587	ENSG00000116218	NPHS2	ENSEEEP00000035636	ENSEEEG00000016969	NPHS2
ENSP00000785688	ENSG00000157064	NMNAT2	ENSEEEP00000009053	ENSEEEG00000004665	NMNAT2
ENSP00000440896	ENSG00000180287	PLD5	ENSEEEP00000025362	ENSEEEG00000012273	PLD5
ENSP00000356860	ENSG00000143198	MGST3	ENSEEEP00000026282	ENSEEEG00000012712	mgst3a
ENSP00000508915	ENSG00000116698	SMG7	ENSEEEP00000009005	ENSEEEG00000004370	SMG7
ENSP00000586852	ENSG00000162813	BPNT1	ENSEEEP00000016171	ENSEEEG00000008011	BPNT1
ENSP00000636347	ENSG00000133055	MYBPH	ENSEEEP00000059842	ENSEEEG00000007321	mybpha
ENSP00000295314	ENSG00000163157	TMOD4	ENSEEEP00000045416	ENSEEEG00000021435	TMOD4
ENSP00000782518	ENSG00000116353	MECR	ENSEEEP00000051192	ENSEEEG00000024027	MECR
ENSP00000295542	ENSG00000163357	DCST1	ENSEEEP00000032225	ENSEEEG00000015369	
ENSP00000483628	ENSG00000158711	ELK4	ENSEEEP00000023064	ENSEEEG00000011193	ELK4
ENSP00000431949	ENSG00000090686	USP48	ENSEEEP00000051538	ENSEEEG00000024198	USP48
ENSP00000357687	ENSG00000160678	S100A1	ENSEEEP00000062940	ENSEEEG00000026165	S100A1
ENSP00000559864	ENSG00000143842	SOX13	ENSEEEP00000026266	ENSEEEG00000012701	SOX13
ENSP00000598856	ENSG00000118193	KIF14	ENSEEEP00000008443	ENSEEEG00000004400	KIF14
ENSP00000356840	ENSG00000143190	POU2F1	ENSEEEP00000010116	ENSEEEG00000005130	pou2f1b
ENSP00000616354	ENSG00000116701	NCF2	ENSEEEP00000052613	ENSEEEG00000024649	NCF2
ENSP00000598641	ENSG00000133226	SRRM1	ENSEEEP00000044398	ENSEEEG00000020974	
ENSP00000534646	ENSG00000116209	TMEM59	ENSEEEP00000016572	ENSEEEG00000008212	TMEM59
ENSP00000354920	ENSG00000010165	METTL13	ENSEEEP00000024530	ENSEEEG00000011895	METTL13
ENSP00000357360	ENSG00000173171	MTX1	ENSEEEP00000032204	ENSEEEG00000015362	mtx1a
ENSP00000563990	ENSG00000143252	SDHC	ENSEEEP00000029055	ENSEEEG00000013940	SDHC
ENSP00000356989	ENSG00000143256	PFDN2	ENSEEEP00000033113	ENSEEEG00000015756	PFDN2
ENSP00000287474	ENSG00000156869	FRRS1	ENSEEEP00000024210	ENSEEEG00000011711	frrs1b
ENSP00000586312	ENSG00000084628	NKAIN1	ENSEEEP00000039178	ENSEEEG00000018617	NKAIN1
ENSP00000524398	ENSG00000143401	ANP32E	ENSEEEP00000029711	ENSEEEG00000014231	ANP32E
ENSP00000271331	ENSG00000143125	PROK1	ENSEEEP00000034418	ENSEEEG00000016384	PROK1
ENSP00000666586	ENSG00000135823	STX6	ENSEEEP00000036120	ENSEEEG00000017182	STX6
ENSP00000463851	ENSG00000265107	GJA5	ENSEEEP00000059995	ENSEEEG00000026722	gja5a
ENSP00000492435	ENSG00000187730	GABRD	ENSEEEP00000002913	ENSEEEG00000001664	GABRD
ENSP00000581729	ENSG00000143621	ILF2	ENSEEEP00000032774	ENSEEEG00000015493	ILF2
ENSP00000322273	ENSG00000116774	OLFML3	ENSEEEP00000016510	ENSEEEG00000008180	olfml3b
ENSP00000506515	ENSG00000143740	SNAP47	ENSEEEP00000038719	ENSEEEG00000018373	SNAP47
ENSP00000246151	ENSG00000057757	PITHD1	ENSEEEP00000018114	ENSEEEG00000008906	PITHD1
ENSP00000617520	ENSG00000162520	SYNC	ENSEEEP00000053757	ENSEEEG00000015468	SYNC
ENSP00000572805	ENSG00000092850	TEKT2	ENSEEEP00000014736	ENSEEEG00000007327	TEKT2
ENSP00000594032	ENSG00000132780	NASP	ENSEEEP00000022421	ENSEEEG00000010887	NASP
ENSP00000364938	ENSG00000162460	TMEM82	ENSEEEP00000029942	ENSEEEG00000014341	TMEM82
ENSP00000383752	ENSG00000116747	RO60	ENSEEEP00000019429	ENSEEEG00000009508	RO60
ENSP00000767051	ENSG00000162444	RBP7	ENSEEEP00000044884	ENSEEEG00000021185	rbp7b
ENSP00000556603	ENSG00000162694	EXTL2	ENSEEEP00000058594	ENSEEEG00000026733	EXTL2
ENSP00000355752	ENSG00000203685	STUM	ENSEEEP00000049812	ENSEEEG00000023411	STUM
ENSP00000516434	ENSG00000173673	HES3	ENSEEEP00000007792	ENSEEEG00000004077	her3
ENSP00000712633	ENSG00000116685	KIAA2013	ENSEEEP00000004607	ENSEEEG00000002406	si:dkeyp-104h9.5
ENSP00000322609	ENSG00000178965	ERICH3	ENSEEEP00000027788	ENSEEEG00000013383	cdyl
ENSP00000559040	ENSG00000198758	EPS8L3	ENSEEEP00000029200	ENSEEEG00000013995	eps8l3b
ENSP00000773432	ENSG00000162851	TFB2M	ENSEEEP00000028181	ENSEEEG00000013562	TFB2M
ENSP00000360429	ENSG00000081870	IFT25	ENSEEEP00000033014	ENSEEEG00000015723	zgc:158640
ENSP00000294543	ENSG00000162542	TMCO4	ENSEEEP00000029571	ENSEEEG00000014159	TMCO4
ENSP00000579558	ENSG00000117500	TMED5	ENSEEEP00000063382	ENSEEEG00000027998	TMED5
ENSP00000442439	ENSG00000185155	MIXL1	ENSEEEP00000030007	ENSEEEG00000014388	MIXL1
ENSP00000359048	ENSG00000162639	HENMT1	ENSEEEP00000004546	ENSEEEG00000002337	HENMT1
ENSP00000608557	ENSG00000116663	FBXO6	ENSEEEP00000014088	ENSEEEG00000006996	si:dkey-147f3.4
ENSP00000435088	ENSG00000143575	HAX1	ENSEEEP00000013014	ENSEEEG00000006556	HAX1
ENSP00000493382	ENSG00000092621	PHGDH	ENSEEEP00000039053	ENSEEEG00000018538	PHGDH
ENSP00000289248	ENSG00000158315	RHBDL2	ENSEEEP00000021492	ENSEEEG00000010472	RHBDL2
ENSP00000308450	ENSG00000117399	CDC20	ENSEEEP00000026999	ENSEEEG00000013030	CDC20
ENSP00000528569	ENSG00000160712	IL6R	ENSEEEP00000016879	ENSEEEG00000008367	IL6R
ENSP00000549557	ENSG00000135838	NPL	ENSEEEP00000035153	ENSEEEG00000016727	NPL
ENSP00000562163	ENSG00000117305	HMGCL	ENSEEEP00000042317	ENSEEEG00000019983	HMGCL
ENSP00000367065	ENSG00000069812	HES2	ENSEEEP00000007808	ENSEEEG00000004087	HES2
ENSP00000366203	ENSG00000175262	CIROZ	ENSEEEP00000058683	ENSEEEG00000026293	
ENSP00000542876	ENSG00000134202	GSTM3	ENSEEEP00000029184	ENSEEEG00000013994	gstm.1
ENSP00000500453	ENSG00000130939	UBE4B	ENSEEEP00000048301	ENSEEEG00000022728	UBE4B
ENSP00000310696	ENSG00000117411	B4GALT2	ENSEEEP00000033614	ENSEEEG00000015992	B4GALT2
ENSP00000296215	ENSG00000163877	SNIP1	ENSEEEP00000013773	ENSEEEG00000006862	SNIP1
ENSP00000340988	ENSG00000187942	LDLRAD2	ENSEEEP00000051522	ENSEEEG00000024193	ldlrad2
ENSP00000357801	ENSG00000197747	S100A10	ENSEEEP00000013321	ENSEEEG00000006673	s100a10a
ENSP00000613809	ENSG00000031698	SARS1	ENSEEEP00000052036	ENSEEEG00000024415	SARS1
ENSP00000436538	ENSG00000169504	CLIC4	ENSEEEP00000044385	ENSEEEG00000020959	CLIC4
ENSP00000362991	ENSG00000158156	XKR8	ENSEEEP00000051062	ENSEEEG00000023974	xkr8.3
ENSP00000362334	ENSG00000126067	PSMB2	ENSEEEP00000015168	ENSEEEG00000007564	PSMB2
ENSP00000312995	ENSG00000092853	CLSPN	ENSEEEP00000015165	ENSEEEG00000007558	CLSPN
ENSP00000627772	ENSG00000122484	RPAP2	ENSEEEP00000023620	ENSEEEG00000011444	RPAP2
ENSP00000580218	ENSG00000143353	LYPLAL1	ENSEEEP00000014871	ENSEEEG00000007404	LYPLAL1
ENSP00000589095	ENSG00000117682	DHDDS	ENSEEEP00000037151	ENSEEEG00000017647	DHDDS
ENSP00000665367	ENSG00000116691	MIIP	ENSEEEP00000049781	ENSEEEG00000023401	MIIP
ENSP00000311677	ENSG00000117751	PPP1R8	ENSEEEP00000060175	ENSEEEG00000029022	ppp1r8a
ENSP00000355609	ENSG00000143633	FSAF1	ENSEEEP00000008461	ENSEEEG00000004416	zgc:194224
ENSP00000583656	ENSG00000162736	NCSTN	ENSEEEP00000035237	ENSEEEG00000016695	NCSTN
ENSP00000358012	ENSG00000143420	ENSA	ENSEEEP00000057268	ENSEEEG00000028334	ensaa
ENSP00000417583	ENSG00000117069	ST6GALNAC5	ENSEEEP00000023935	ENSEEEG00000011618	st6galnac5a
ENSP00000359531	ENSG00000137947	GTF2B	ENSEEEP00000045046	ENSEEEG00000021249	GTF2B
ENSP00000502859	ENSG00000143384	MCL1	ENSEEEP00000045419	ENSEEEG00000021442	mcl1b
ENSP00000644631	ENSG00000134198	TSPAN2	ENSEEEP00000053623	ENSEEEG00000025754	tspan2b
ENSP00000750195	ENSG00000163463	KRTCAP2	ENSEEEP00000024403	ENSEEEG00000011834	KRTCAP2
ENSP00000341803	ENSG00000188396	DYNLT4	ENSEEEP00000009401	ENSEEEG00000004807	
ENSP00000529666	ENSG00000117640	MTFR1L	ENSEEEP00000042252	ENSEEEG00000019958	MTFR1L
ENSP00000358880	ENSG00000181754	AMIGO1	ENSEEEP00000029149	ENSEEEG00000013983	AMIGO1
ENSP00000357869	ENSG00000143393	PI4KB	ENSEEEP00000049138	ENSEEEG00000023086	PI4KB
ENSP00000581899	ENSG00000143228	NUF2	ENSEEEP00000016477	ENSEEEG00000008163	NUF2
ENSP00000270708	ENSG00000116213	WRAP73	ENSEEEP00000001998	ENSEEEG00000001241	WRAP73
ENSP00000289749	ENSG00000158747	NBL1	ENSEEEP00000064467	ENSEEEG00000027836	NBL1
ENSP00000355880	ENSG00000117791	MTARC2	ENSEEEP00000047843	ENSEEEG00000022517	marc1
ENSP00000449584	ENSG00000132906	CASP9	ENSEEEP00000050572	ENSEEEG00000023785	CASP9
ENSP00000357048	ENSG00000122218	COPA	ENSEEEP00000013279	ENSEEEG00000006635	COPA
ENSP00000356520	ENSG00000135829	DHX9	ENSEEEP00000009170	ENSEEEG00000004706	DHX9
ENSP00000358091	ENSG00000159208	CIART	ENSEEEP00000059758	ENSEEEG00000025676	CIART
ENSP00000356301	ENSG00000116857	TMEM9	ENSEEEP00000029448	ENSEEEG00000014098	TMEM9
ENSP00000359794	ENSG00000122420	PTGFR	ENSEEEP00000009176	ENSEEEG00000004721	PTGFR
ENSP00000356879	ENSG00000143248	RGS5	ENSEEEP00000014240	ENSEEEG00000007076	rgs5a
ENSP00000536661	ENSG00000160049	DFFA	ENSEEEP00000048003	ENSEEEG00000022617	DFFA
ENSP00000356110	ENSG00000069275	NUCKS1	ENSEEEP00000055230	ENSEEEG00000011185	nucks1a
ENSP00000366221	ENSG00000130940	CASZ1	ENSEEEP00000058964	ENSEEEG00000022620	CASZ1
ENSP00000540414	ENSG00000159423	ALDH4A1	ENSEEEP00000028278	ENSEEEG00000013371	ALDH4A1
ENSP00000576057	ENSG00000117625	RCOR3	ENSEEEP00000056081	ENSEEEG00000023926	RCOR3
ENSP00000540867	ENSG00000117153	KLHL12	ENSEEEP00000004130	ENSEEEG00000002191	KLHL12
ENSP00000263733	ENSG00000116199	FAM20B	ENSEEEP00000010319	ENSEEEG00000005225	FAM20B
ENSP00000379212	ENSG00000174348	PODN	ENSEEEP00000053440	ENSEEEG00000005938	PODN
ENSP00000559926	ENSG00000135766	EGLN1	ENSEEEP00000051253	ENSEEEG00000024055	egln1b
ENSP00000359224	ENSG00000172339	ALG14	ENSEEEP00000023343	ENSEEEG00000011310	ALG14
ENSP00000357823	ENSG00000143436	MRPL9	ENSEEEP00000050854	ENSEEEG00000023888	MRPL9
ENSP00000383820	ENSG00000198160	MIER1	ENSEEEP00000004811	ENSEEEG00000002510	mier1b
ENSP00000367890	ENSG00000008130	NADK	ENSEEEP00000056179	ENSEEEG00000001700	nadka
ENSP00000569476	ENSG00000117475	BLZF1	ENSEEEP00000027216	ENSEEEG00000013133	BLZF1
ENSP00000559845	ENSG00000077585	GPR137B	ENSEEEP00000060485	ENSEEEG00000001266	gpr137bb
ENSP00000321810	ENSG00000043514	TRIT1	ENSEEEP00000032474	ENSEEEG00000015481	TRIT1
ENSP00000367432	ENSG00000196581	AJAP1	ENSEEEP00000044138	ENSEEEG00000020856	AJAP1
ENSP00000406026	ENSG00000189410	SH2D5	ENSEEEP00000026304	ENSEEEG00000012730	SH2D5
ENSP00000543923	ENSG00000070759	TESK2	ENSEEEP00000053662	ENSEEEG00000021729	TESK2
ENSP00000360593	ENSG00000162377	COA7	ENSEEEP00000017045	ENSEEEG00000008450	COA7
ENSP00000605214	ENSG00000137955	RABGGTB	ENSEEEP00000015619	ENSEEEG00000007672	RABGGTB
ENSP00000353132	ENSG00000197587	DMBX1	ENSEEEP00000024914	ENSEEEG00000012081	dmbx1a
ENSP00000700738	ENSG00000077549	CAPZB	ENSEEEP00000056044	ENSEEEG00000022063	UBE2Q1
ENSP00000605071	ENSG00000117614	SYF2	ENSEEEP00000028662	ENSEEEG00000013722	SYF2
ENSP00000576310	ENSG00000121774	KHDRBS1	ENSEEEP00000018236	ENSEEEG00000008958	khdrbs1b
ENSP00000366628	ENSG00000180758	GPR157	ENSEEEP00000030963	ENSEEEG00000014809	GPR157
ENSP00000376899	ENSG00000134247	PTGFRN	ENSEEEP00000043976	ENSEEEG00000020772	
ENSP00000272117	ENSG00000143772	ITPKB	ENSEEEP00000049798	ENSEEEG00000023395	ITPKB
ENSP00000512144	ENSG00000159189	C1QC	ENSEEEP00000008105	ENSEEEG00000004225	C1QC
ENSP00000355648	ENSG00000154429	CCSAP	ENSEEEP00000005231	ENSEEEG00000002736	ccsapb
ENSP00000361769	ENSG00000117016	RIMS3	ENSEEEP00000024398	ENSEEEG00000011832	RIMS3
ENSP00000362105	ENSG00000183520	UTP11	ENSEEEP00000014863	ENSEEEG00000007399	UTP11
ENSP00000506973	ENSG00000142621	FHAD1	ENSEEEP00000028720	ENSEEEG00000013800	FHAD1
ENSP00000399370	ENSG00000142700	DMRTA2	ENSEEEP00000002626	ENSEEEG00000001514	DMRTA2
ENSP00000622118	ENSG00000185104	FAF1	ENSEEEP00000002532	ENSEEEG00000001084	FAF1
ENSP00000389945	ENSG00000188859	FAM78B	ENSEEEP00000021154	ENSEEEG00000010314	fam78ba
ENSP00000546399	ENSG00000188641	DPYD	ENSEEEP00000024113	ENSEEEG00000011391	dpyda.3
ENSP00000335076	ENSG00000186197	EDARADD	ENSEEEP00000053702	ENSEEEG00000025549	EDARADD
ENSP00000783374	ENSG00000143195	ILDR2	ENSEEEP00000010120	ENSEEEG00000005134	ILDR2
ENSP00000644139	ENSG00000169242	EFNA1	ENSEEEP00000035533	ENSEEEG00000016926	efna1b
ENSP00000315379	ENSG00000117360	PRPF3	ENSEEEP00000024461	ENSEEEG00000011861	PRPF3
ENSP00000626649	ENSG00000040487	SLC66A1	ENSEEEP00000047322	ENSEEEG00000022275	SLC66A1
ENSP00000350364	ENSG00000172260	NEGR1	ENSEEEP00000010395	ENSEEEG00000005262	NEGR1
ENSP00000774851	ENSG00000091483	FH	ENSEEEP00000020701	ENSEEEG00000010063	FH
ENSP00000607809	ENSG00000158292	GPR153	ENSEEEP00000007795	ENSEEEG00000004080	GPR153
ENSP00000365182	ENSG00000171729	TMEM51	ENSEEEP00000051474	ENSEEEG00000024165	tmem51b
ENSP00000531546	ENSG00000186510	CLCNKA	ENSEEEP00000029968	ENSEEEG00000014356	clcnk
ENSP00000357315	ENSG00000116580	GON4L	ENSEEEP00000035316	ENSEEEG00000016810	gon4l
ENSP00000496314	ENSG00000235169	SMIM1	ENSEEEP00000001259	ENSEEEG00000000855	SMIM1
ENSP00000294811	ENSG00000162757	C1orf74	ENSEEEP00000063571	ENSEEEG00000027939	zgc:112163
ENSP00000477602	ENSG00000066322	ELOVL1	ENSEEEP00000009197	ENSEEEG00000004727	elovl1b
ENSP00000679073	ENSG00000134690	CDCA8	ENSEEEP00000011757	ENSEEEG00000005916	CDCA8
ENSP00000510282	ENSG00000120656	TAF12	ENSEEEP00000057849	ENSEEEG00000006728	TAF12
ENSP00000489255	ENSG00000198198	SZT2	ENSEEEP00000017399	ENSEEEG00000008606	
ENSP00000548914	ENSG00000132676	DAP3	ENSEEEP00000026649	ENSEEEG00000012878	DAP3
ENSP00000312617	ENSG00000066136	NFYC	ENSEEEP00000029748	ENSEEEG00000014242	NFYC
ENSP00000558200	ENSG00000118454	ANKRD13C	ENSEEEP00000006375	ENSEEEG00000003387	ANKRD13C
ENSP00000501566	ENSG00000121940	CLCC1	ENSEEEP00000008452	ENSEEEG00000004412	ALOX5
ENSP00000766911	ENSG00000121766	ZCCHC17	ENSEEEP00000039230	ENSEEEG00000018644	ZCCHC17
ENSP00000483313	ENSG00000158195	WASF2	ENSEEEP00000031613	ENSEEEG00000015122	WASF2
ENSP00000429657	ENSG00000169641	LUZP1	ENSEEEP00000013305	ENSEEEG00000006663	LUZP1
ENSP00000357596	ENSG00000143578	CREB3L4	ENSEEEP00000010544	ENSEEEG00000005333	creb3l4
ENSP00000360951	ENSG00000162367	TAL1	ENSEEEP00000036117	ENSEEEG00000017181	TAL1
ENSP00000473348	ENSG00000049239	H6PD	ENSEEEP00000044887	ENSEEEG00000021187	H6PD
ENSP00000357906	ENSG00000163154	TNFAIP8L2	ENSEEEP00000045396	ENSEEEG00000021426	tnfaip8l2b
ENSP00000742896	ENSG00000058804	NDC1	ENSEEEP00000016484	ENSEEEG00000007930	NDC1
ENSP00000360262	ENSG00000172456	FGGY	ENSEEEP00000021935	ENSEEEG00000010602	FGGY
ENSP00000480514	ENSG00000143183	TMCO1	ENSEEEP00000013451	ENSEEEG00000006730	TMCO1
ENSP00000631101	ENSG00000117758	STX12	ENSEEEP00000017361	ENSEEEG00000008578	STX12
ENSP00000356150	ENSG00000198625	MDM4	ENSEEEP00000038953	ENSEEEG00000018483	MDM4
ENSP00000271588	ENSG00000143341	HMCN1	ENSEEEP00000044012	ENSEEEG00000020792	
ENSP00000348384	ENSG00000196878	LAMB3	ENSEEEP00000025149	ENSEEEG00000012191	
ENSP00000355486	ENSG00000203667	COX20	ENSEEEP00000052788	ENSEEEG00000026048	COX20
ENSP00000491203	ENSG00000120948	TARDBP	ENSEEEP00000063560	ENSEEEG00000021159	TARDBP
ENSP00000405083	ENSG00000143387	CTSK	ENSEEEP00000000212	ENSEEEG00000000158	CTSK
ENSP00000646014	ENSG00000143742	SRP9	ENSEEEP00000053304	ENSEEEG00000028752	SRP9
ENSP00000359871	ENSG00000117054	ACADM	ENSEEEP00000015631	ENSEEEG00000007745	ACADM
ENSP00000355785	ENSG00000143768	LEFTY2	ENSEEEP00000011098	ENSEEEG00000005622	lft1
ENSP00000364912	ENSG00000065526	SPEN	ENSEEEP00000047129	ENSEEEG00000022183	SPEN
ENSP00000414022	ENSG00000187642	PERM1	ENSEEEP00000061536	ENSEEEG00000026811	DLC1
ENSP00000304401	ENSG00000171790	SLFNL1	ENSEEEP00000063678	ENSEEEG00000027924	
ENSP00000605687	ENSG00000143476	DTL	ENSEEEP00000032505	ENSEEEG00000015496	DTL
ENSP00000360944	ENSG00000123473	STIL	ENSEEEP00000032435	ENSEEEG00000015467	STIL
ENSP00000519325	ENSG00000117118	SDHB	ENSEEEP00000047076	ENSEEEG00000022160	SDHB
ENSP00000793394	ENSG00000162627	SNX7	ENSEEEP00000024118	ENSEEEG00000011700	SNX7
ENSP00000490186	ENSG00000187017	ESPN	ENSEEEP00000007831	ENSEEEG00000004089	ESPN
ENSP00000527746	ENSG00000159214	CCDC24	ENSEEEP00000033619	ENSEEEG00000015996	
ENSP00000243440	ENSG00000123685	BATF3	ENSEEEP00000050050	ENSEEEG00000026566	BATF3
ENSP00000294664	ENSG00000162643	DNAI3	ENSEEEP00000004895	ENSEEEG00000002555	DNAI3
ENSP00000418734	ENSG00000162601	MYSM1	ENSEEEP00000024722	ENSEEEG00000011969	mysm1
ENSP00000429216	ENSG00000253368	TRNP1	ENSEEEP00000001565	ENSEEEG00000001006	si:ch211-160f23.7
ENSP00000342676	ENSG00000175756	AURKAIP1	ENSEEEP00000048545	ENSEEEG00000022840	AURKAIP1
ENSP00000364870	ENSG00000173641	HSPB7	ENSEEEP00000029972	ENSEEEG00000014360	HSPB7
ENSP00000375733	ENSG00000177614	PGBD5	ENSEEEP00000007460	ENSEEEG00000003912	PGBD5
ENSP00000531836	ENSG00000142910	TINAGL1	ENSEEEP00000046782	ENSEEEG00000022030	TINAGL1
ENSP00000040877	ENSG00000059588	TARBP1	ENSEEEP00000051347	ENSEEEG00000024095	si:dkey-85a20.4
ENSP00000360034	ENSG00000142864	SERBP1	ENSEEEP00000060526	ENSEEEG00000002520	serbp1b
ENSP00000359469	ENSG00000122482	ZNF644	ENSEEEP00000045008	ENSEEEG00000021240	znf644a
ENSP00000512133	ENSG00000173372	C1QA	ENSEEEP00000008106	ENSEEEG00000004227	C1QA
ENSP00000296387	ENSG00000164007	CLDN19	ENSEEEP00000022392	ENSEEEG00000010876	CLDN19
ENSP00000620545	ENSG00000203705	TATDN3	ENSEEEP00000021293	ENSEEEG00000010354	TATDN3
ENSP00000357206	ENSG00000132688	NES	ENSEEEP00000058877	ENSEEEG00000026539	NES
